# File generated by ImageToStl.com - Free Image and 3D model conversion tools

o obj1
v 0.065534 0.51142699 -0.021736
v 0.063359 0.500081 -0.024722
v 0.060453 0.501715 -0.025968
v 0.069765 0.49890399 -0.022802
v 0.070811 0.51002097 -0.019327
v 0.064761 0.519692 -0.026316
v 0.068456 0.52248102 -0.021266
v 0.062521 0.51439101 -0.026592
v 0.062602 0.51123202 -0.025055
v 0.057421 0.50247997 -0.025754
v 0.058558 0.50121701 -0.024118
v 0.059027 0.499616 -0.021786
v 0.061256 0.50024098 -0.023456
v 0.062855 0.50031698 -0.023507
v 0.060582 0.510445 -0.027327
v 0.056846 0.50940901 -0.027624
v 0.054089 0.50199097 -0.026122
v 0.053838 0.50239998 -0.024642
v 0.056052 0.50238001 -0.025717
v 0.072758 0.498577 -0.021778
v 0.064678 0.49928501 -0.022092
v 0.065353 0.49811199 -0.020658
v 0.066263 0.49871701 -0.021548
v 0.068098 0.499414 -0.022209
v 0.069938 0.49937099 -0.021807
v 0.07541 0.49876699 -0.019417
v 0.073183 0.51019597 -0.017924
v 0.073282 0.51996702 -0.017122
v 0.068213 0.52713799 -0.023703
v 0.068962 0.52829701 -0.028122
v 0.063187 0.518363 -0.032121
v 0.066164 0.52341902 -0.03461
v 0.072892 0.53169698 -0.023683
v 0.073001 0.53094298 -0.017404
v 0.074852 0.528651 -0.013827
v 0.069404 0.53014803 -0.02289
v 0.061176 0.51503199 -0.03102
v 0.057561 0.49840501 -0.025875
v 0.057902 0.49878901 -0.024344
v 0.056183 0.49829701 -0.02584
v 0.058466 0.498108 -0.021586
v 0.057977 0.49836701 -0.02249
v 0.061508 0.498063 -0.024157
v 0.063347 0.49802199 -0.023764
v 0.064308 0.49755999 -0.022194
v 0.057471 0.51309001 -0.029571
v 0.051735 0.51102 -0.027565
v 0.052461 0.51521301 -0.028433
v 0.050811 0.50394797 -0.026317
v 0.049843 0.50244701 -0.022759
v 0.048696 0.50376397 -0.024633
v 0.050688 0.50231898 -0.023799
v 0.052893 0.50235099 -0.025102
v 0.053785 0.49957499 -0.025714
v 0.07067 0.49933001 -0.020878
v 0.064582 0.49691799 -0.020633
v 0.066105 0.49707201 -0.022122
v 0.068077 0.496786 -0.023001
v 0.069713 0.49665001 -0.022121
v 0.070725 0.49667299 -0.020453
v 0.076345 0.51036698 -0.01462
v 0.079291 0.49974799 -0.016694
v 0.070725 0.49757501 -0.017593
v 0.07216 0.498804 -0.018127
v 0.073574 0.49973401 -0.018483
v 0.075981 0.50080299 -0.017634
v 0.075926 0.51916701 -0.013748
v 0.072164 0.53368199 -0.031031
v 0.060908 0.51690799 -0.038171
v 0.063171 0.518071 -0.03997
v 0.065715 0.52306801 -0.041964
v 0.068007 0.53119302 -0.040618
v 0.076992 0.532314 -0.020566
v 0.074961 0.53615803 -0.02528
v 0.07803 0.536789 -0.013003
v 0.076138 0.539841 -0.014237
v 0.076577 0.53558201 -0.020112
v 0.075383 0.52160698 -0.011168
v 0.076229 0.52731103 -0.011968
v 0.079536 0.53479898 -0.011773
v 0.058378 0.51693302 -0.034648
v 0.057375 0.494378 -0.023779
v 0.058095 0.49404401 -0.022661
v 0.056236 0.495296 -0.024997
v 0.054217 0.49579701 -0.025058
v 0.059624 0.49380201 -0.023504
v 0.060453 0.49263099 -0.023292
v 0.062569 0.49339399 -0.023223
v 0.064231 0.49275801 -0.02124
v 0.063498 0.49279001 -0.022171
v 0.053652 0.520702 -0.030747
v 0.04263 0.50742602 -0.024109
v 0.043155 0.50732899 -0.021396
v 0.046048 0.51026702 -0.022375
v 0.047611 0.51310498 -0.02672
v 0.048114 0.51697701 -0.027157
v 0.048386 0.52087301 -0.027578
v 0.046101 0.50564802 -0.024862
v 0.047839 0.50508302 -0.025541
v 0.048942 0.50089002 -0.02451
v 0.04963 0.50002599 -0.023252
v 0.048255 0.50176197 -0.025757
v 0.0511 0.49974799 -0.025077
v 0.051085 0.49676499 -0.025454
v 0.070348 0.496297 -0.01857
v 0.065571 0.493016 -0.021971
v 0.067328 0.49234399 -0.022184
v 0.06921 0.49282899 -0.021914
v 0.070443 0.49283099 -0.020269
v 0.070955 0.492769 -0.019087
v 0.080338 0.49915701 -0.013459
v 0.078231 0.50989997 -0.008952
v 0.076715 0.49966499 -0.015218
v 0.076511 0.50067598 -0.016217
v 0.073255 0.49610201 -0.019221
v 0.070629 0.49631 -0.017602
v 0.075601 0.49678901 -0.018929
v 0.077029 0.49692601 -0.017992
v 0.073577 0.534612 -0.031387
v 0.069764 0.53291398 -0.040096
v 0.061326 0.51901501 -0.045541
v 0.06183 0.524324 -0.047865
v 0.059233 0.51744699 -0.044312
v 0.057089 0.51779503 -0.042445
v 0.067942 0.53300202 -0.04414
v 0.065609 0.53406101 -0.046496
v 0.0716 0.53816998 -0.03182
v 0.074051 0.54033703 -0.02292
v 0.075869 0.538607 -0.020672
v 0.075076 0.53617603 -0.031556
v 0.08221 0.540025 -0.00963
v 0.081135 0.54221803 -0.010303
v 0.077574 0.54230702 -0.01233
v 0.078151 0.54279703 -0.014305
v 0.074983 0.52791101 -0.010575
v 0.07438 0.52248299 -0.009968
v 0.078266 0.53487003 -0.010249
v 0.078604 0.51775301 -0.008808
v 0.082368 0.539262 -0.008046
v 0.055951 0.52185601 -0.035961
v 0.056682 0.52106398 -0.042
v 0.059161 0.49245399 -0.021819
v 0.057695 0.49452299 -0.022296
v 0.055087 0.493727 -0.023089
v 0.053295 0.49495199 -0.024217
v 0.050773 0.495076 -0.024574
v 0.063154 0.49295199 -0.020417
v 0.061199 0.49184901 -0.021301
v 0.063809 0.492989 -0.020926
v 0.065108 0.49166799 -0.020286
v 0.049147 0.52794403 -0.027603
v 0.05206 0.52988303 -0.030974
v 0.054185 0.533135 -0.03404
v 0.041919 0.50516403 -0.021625
v 0.043 0.50565702 -0.023274
v 0.040843 0.50680703 -0.022696
v 0.044149 0.51127899 -0.02509
v 0.040657 0.50809199 -0.024425
v 0.039764 0.50920099 -0.024837
v 0.040674 0.50870198 -0.024251
v 0.045203 0.51587999 -0.026147
v 0.045127 0.52074498 -0.025608
v 0.044822 0.52560902 -0.024739
v 0.046431 0.50245899 -0.026753
v 0.041622 0.50321901 -0.024209
v 0.044198 0.50258398 -0.026144
v 0.050074 0.49803701 -0.024899
v 0.049575 0.49924001 -0.023173
v 0.048344 0.499594 -0.025242
v 0.046917 0.49945599 -0.026178
v 0.049973 0.49841699 -0.02312
v 0.049588 0.49610701 -0.022845
v 0.067862 0.491478 -0.019703
v 0.070549 0.492603 -0.018127
v 0.070983 0.49260899 -0.018383
v 0.072973 0.49225801 -0.019028
v 0.082359 0.49990201 -0.010956
v 0.07848 0.49988601 -0.012573
v 0.077142 0.49757999 -0.012994
v 0.076632 0.49759799 -0.013937
v 0.076424 0.49826699 -0.014528
v 0.079277 0.50057602 -0.011486
v 0.079677 0.51670802 -0.004681
v 0.080197 0.510759 -0.003501
v 0.083321 0.49839801 -0.008146
v 0.077152 0.49658301 -0.015386
v 0.074495 0.49097499 -0.018629
v 0.076613 0.49092799 -0.017272
v 0.075636 0.49039999 -0.017819
v 0.077407 0.491328 -0.016006
v 0.070546 0.535815 -0.039075
v 0.068725 0.538302 -0.042374
v 0.053487 0.52449399 -0.05454
v 0.055304 0.51782101 -0.049665
v 0.054611 0.51656002 -0.048201
v 0.054248 0.53738898 -0.054336
v 0.05736 0.54096502 -0.052509
v 0.050616 0.53627598 -0.056598
v 0.053403 0.51844698 -0.047999
v 0.059155 0.544025 -0.04706
v 0.05766 0.54470301 -0.052237
v 0.069943 0.53860199 -0.037496
v 0.06915 0.53924298 -0.02343
v 0.068634 0.53781402 -0.030516
v 0.066126 0.538194 -0.035964
v 0.075106 0.54407799 -0.017323
v 0.070032 0.54313803 -0.017305
v 0.083568 0.54476798 -0.008274
v 0.084144 0.54176003 -0.007977
v 0.081814 0.54914802 -0.007708
v 0.081566 0.54786098 -0.009022
v 0.083609 0.54155803 -0.006508
v 0.078168 0.54707801 -0.011714
v 0.075992 0.54738301 -0.014242
v 0.04262 0.51900601 -0.010439
v 0.041204 0.52498603 -0.011335
v 0.038482 0.53120297 -0.01139
v 0.042734 0.51632601 -0.008814
v 0.036022 0.53443301 -0.010867
v 0.04346 0.51419997 -0.005385
v 0.037329 0.53860003 -0.00957
v 0.037224 0.54101598 -0.006632
v 0.057407 0.52835602 -0.042954
v 0.048558 0.52100497 -0.052373
v 0.058738 0.49473199 -0.020352
v 0.060582 0.49393901 -0.018888
v 0.056949 0.49520999 -0.020427
v 0.055821 0.49498099 -0.019938
v 0.053994 0.49527299 -0.02029
v 0.053104 0.49606201 -0.021057
v 0.049656 0.49608099 -0.021636
v 0.063373 0.494977 -0.019279
v 0.061695 0.493523 -0.018781
v 0.064673 0.49365601 -0.018639
v 0.066236 0.49284801 -0.018135
v 0.049896 0.534724 -0.027447
v 0.044929 0.53050601 -0.024033
v 0.045727 0.53508502 -0.02276
v 0.050722 0.53908497 -0.026818
v 0.057102 0.539258 -0.038979
v 0.05747 0.53744602 -0.045942
v 0.0497 0.54170799 -0.032316
v 0.040847 0.503667 -0.022378
v 0.040659 0.504228 -0.022494
v 0.039919 0.50466698 -0.024077
v 0.042376 0.514965 -0.023501
v 0.041227 0.51087803 -0.023395
v 0.037624 0.51023799 -0.023805
v 0.04255 0.51912999 -0.021962
v 0.038983 0.50566798 -0.025776
v 0.037408 0.50617498 -0.026093
v 0.035433 0.50611901 -0.024805
v 0.042244 0.52330601 -0.020698
v 0.042087 0.52748799 -0.019438
v 0.042634 0.53166902 -0.017818
v 0.045053 0.49891701 -0.026211
v 0.042971 0.50108403 -0.025675
v 0.04083 0.50177598 -0.024225
v 0.048305 0.49835801 -0.024279
v 0.046224 0.498193 -0.024705
v 0.044344 0.49810401 -0.025622
v 0.04869 0.49818599 -0.021409
v 0.048655 0.49730399 -0.020862
v 0.069474 0.49314299 -0.01773
v 0.069927 0.49304399 -0.017521
v 0.071612 0.490659 -0.016869
v 0.071999 0.49188399 -0.015663
v 0.080068 0.50057101 -0.009576
v 0.077722 0.4966 -0.013461
v 0.079163 0.49742299 -0.013351
v 0.077014 0.496131 -0.013289
v 0.076923 0.495565 -0.014131
v 0.081122 0.49778801 -0.011413
v 0.084922 0.51599997 0
v 0.081092 0.51983702 0
v 0.039807 0.51448202 0
v 0.084971 0.49979901 -0.005003
v 0.084861 0.49918801 -0.002202
v 0.082437 0.505355 -0.001063
v 0.080445 0.49840599 -0.008095
v 0.081536 0.499798 -0.006875
v 0.0824 0.50046498 -0.004589
v 0.080925 0.498202 -0.007429
v 0.077769 0.49195001 -0.014426
v 0.073598 0.489568 -0.01645
v 0.074886 0.490347 -0.014886
v 0.075642 0.49089599 -0.014315
v 0.076874 0.49199101 -0.014141
v 0.06735 0.54093999 -0.042019
v 0.060252 0.54496002 -0.044968
v 0.050189 0.52038401 -0.055004
v 0.048602 0.51949698 -0.053664
v 0.044209 0.530384 -0.0612
v 0.041284 0.52725101 -0.060509
v 0.047134 0.536861 -0.058525
v 0.050257 0.53584802 -0.054488
v 0.054231 0.538791 -0.052579
v 0.055773 0.541179 -0.052638
v 0.055429 0.54517299 -0.052046
v 0.04628 0.53599101 -0.056475
v 0.058956 0.55487299 -0.04818
v 0.059657 0.55561203 -0.051758
v 0.059674 0.55419499 -0.046645
v 0.057577 0.55578399 -0.052612
v 0.064933 0.54087597 -0.040465
v 0.061905 0.54236299 -0.025346
v 0.060053 0.54366499 -0.024298
v 0.061459 0.540806 -0.027092
v 0.054726 0.54656798 -0.022912
v 0.058193 0.54098499 -0.029182
v 0.070399 0.54541099 -0.013927
v 0.049628 0.54754603 -0.022075
v 0.086225 0.54419303 -0.006182
v 0.085642 0.54656899 -0.005891
v 0.083685 0.55181402 -0.005608
v 0.085911 0.54399902 -0.004979
v 0.081263 0.55662298 -0.005137
v 0.080493 0.55553198 -0.006171
v 0.077717 0.55424702 -0.009243
v 0.086981 0.54624701 -0.002419
v 0.075533 0.551171 -0.011494
v 0.070927 0.54967397 -0.010394
v 0.037634 0.52293801 -0.011511
v 0.040458 0.520899 -0.010933
v 0.036426 0.519068 -0.011972
v 0.035374 0.529158 -0.011641
v 0.040062 0.51696199 -0.010374
v 0.041443 0.51395702 -0.011206
v 0.032262 0.53418797 -0.010787
v 0.043342 0.51221901 -0.00837
v 0.03386 0.537404 -0.009514
v 0.046141 0.516936 -0.009832
v 0.04555 0.515414 -0.006199
v 0.043235 0.51477098 -0.002096
v 0.034132 0.53952098 -0.00683
v 0.036871 0.53756899 -0.003203
v 0.039041 0.53440702 -0.001993
v 0.08707 0.546682 0
v 0.080734 0.540874 0
v 0.048856 0.53515702 -0.054083
v 0.040384 0.52659398 -0.05939
v 0.040779 0.52775598 -0.057949
v 0.058284 0.49333301 -0.018438
v 0.059207 0.49313399 -0.018029
v 0.060223 0.49345699 -0.016539
v 0.061593 0.493954 -0.017231
v 0.056208 0.49619499 -0.018726
v 0.055437 0.495002 -0.018701
v 0.053774 0.49420199 -0.018797
v 0.052153 0.49387801 -0.018796
v 0.050587 0.494331 -0.018876
v 0.048696 0.496342 -0.018869
v 0.063151 0.49350101 -0.017142
v 0.064321 0.49277601 -0.015635
v 0.066136 0.49218401 -0.015106
v 0.067434 0.491965 -0.015934
v 0.068587 0.49278599 -0.01679
v 0.046523 0.54006398 -0.021458
v 0.04334 0.535896 -0.016771
v 0.043296 0.5402 -0.018091
v 0.046579 0.54248601 -0.024778
v 0.05511 0.54562598 -0.042444
v 0.055737 0.54597098 -0.047754
v 0.054132 0.53957599 -0.051445
v 0.049127 0.54478198 -0.034339
v 0.046644 0.54052103 -0.030009
v 0.039772 0.501876 -0.022944
v 0.039514 0.50205702 -0.023623
v 0.038753 0.502249 -0.025257
v 0.039446 0.512164 -0.022196
v 0.0374 0.50870103 -0.02293
v 0.035334 0.50648397 -0.021643
v 0.036273 0.5104 -0.022003
v 0.037122 0.50622398 -0.017992
v 0.03376 0.50631398 -0.0225
v 0.040989 0.51574999 -0.02103
v 0.037654 0.50331098 -0.025968
v 0.035887 0.50402498 -0.025986
v 0.003418 0.50481403 -0.031688
v 0.002855 0.50440001 -0.032967
v 0.004282 0.50457901 -0.032262
v 0.003479 0.50429398 -0.033993
v 0.004415 0.50434297 -0.033533
v 0.033989 0.504942 -0.0245
v 0.041632 0.51947403 -0.019434
v 0.041389 0.52329099 -0.017788
v 0.041232 0.52712703 -0.016344
v 0.042705 0.50022501 -0.025114
v 0.041164 0.500229 -0.02432
v 0.040075 0.50013298 -0.023317
v 0.047485 0.49802601 -0.022359
v 0.046377 0.49803799 -0.021831
v 0.045558 0.49910301 -0.021576
v 0.045095 0.49885699 -0.021358
v 0.043783 0.49987799 -0.02182
v 0.048063 0.497991 -0.020206
v 0.046367 0.49665099 -0.020163
v 0.049132 0.49764499 -0.016912
v 0.047943 0.498476 -0.018884
v 0.069558 0.49377099 -0.017115
v 0.069748 0.494506 -0.014777
v 0.072941 0.491579 -0.014789
v 0.070322 0.495159 -0.013449
v 0.081346 0.49667099 -0.009948
v 0.0811 0.49042901 -0.013913
v 0.079506 0.49103999 -0.014687
v 0.082107 0.48975399 -0.011412
v 0.077758 0.49165899 -0.014246
v 0.082478 0.49032399 -0.009605
v 0.083211 0.50580102 0
v 0.082437 0.505355 0.001063
v 0.080197 0.510759 0.003501
v 0.079677 0.51670802 0.004681
v 0.040591 0.51980603 -0.000822
v 0.071651 0.52350599 0
v 0.040591 0.51980603 0.000822
v 0.04346 0.51419997 0.005385
v 0.041497 0.51359701 0
v 0.045636 0.51384401 -0.002628
v 0.038753 0.53186101 0
v 0.04084 0.52311897 -0.000822
v 0.039485 0.52947998 -0.000823
v 0.040529 0.52526098 -0.000822
v 0.043235 0.51477098 0.002096
v 0.045636 0.51384401 0.002628
v 0.082462 0.49974099 -0.002547
v 0.084857 0.49739701 0
v 0.082199 0.49818301 -0.001154
v 0.079842 0.49641201 -0.007994
v 0.080418 0.49513099 -0.008283
v 0.083476 0.49786699 -0.00614
v 0.083855 0.49810401 -0.003922
v 0.082795 0.49600399 -0.007714
v 0.074097 0.49164999 -0.014583
v 0.075032 0.49169001 -0.014125
v 0.076243 0.49254599 -0.013999
v 0.077941 0.49039999 -0.013298
v 0.077179 0.49154499 -0.012301
v 0.058284 0.54450703 -0.043034
v 0.057989 0.55409098 -0.044163
v 0.037152 0.530828 -0.061789
v 0.036501 0.53004098 -0.060219
v 0.042565 0.53769499 -0.059866
v 0.033335 0.53535199 -0.062886
v 0.033582 0.53248602 -0.062752
v 0.040924 0.53608 -0.058666
v 0.043755 0.53575999 -0.056417
v 0.056654 0.55583203 -0.048913
v 0.065058 0.564569 -0.048913
v 0.06257 0.56561798 -0.050058
v 0.060255 0.56512499 -0.050062
v 0.065272 0.562455 -0.046447
v 0.063279 0.56245202 -0.045387
v 0.058934 0.56470799 -0.048627
v 0.050531 0.543899 -0.028295
v 0.045474 0.55072302 -0.021061
v 0.044963 0.54898202 -0.02499
v 0.087472 0.54752201 -0.002925
v 0.087079 0.54911602 -0.002801
v 0.084867 0.55334002 -0.002229
v 0.083223 0.55535799 -0.002651
v 0.079159 0.56475401 -0.002633
v 0.080767 0.56415898 -0.004885
v 0.07711 0.557724 -0.008498
v 0.077022 0.564623 -0.007305
v 0.073396 0.561818 -0.011145
v 0.087801 0.54775298 0
v 0.070517 0.56096202 -0.012657
v 0.04374 0.55571198 -0.019005
v 0.033669 0.52218401 -0.012338
v 0.032089 0.51837301 -0.012918
v 0.031885 0.52847499 -0.011979
v 0.034907 0.51441401 -0.012827
v 0.031439 0.51296097 -0.012812
v 0.037513 0.51533097 -0.011442
v 0.028645 0.53363699 -0.011808
v 0.039464 0.51169401 -0.01225
v 0.043066 0.511841 -0.011812
v 0.030467 0.53613502 -0.010225
v 0.044591 0.51859301 -0.012395
v 0.030856 0.53868002 -0.00727
v 0.047265 0.51564801 -0.013132
v 0.047944 0.51658797 -0.009821
v 0.050651 0.51495898 -0.007963
v 0.034098 0.53584802 -0.00262
v 0.032996 0.53003299 0
v 0.036073 0.53064197 0
v 0.087472 0.54752201 0.002925
v 0.086981 0.54624701 0.002419
v 0.037224 0.54101598 0.006632
v 0.073508 0.53259599 0
v 0.039041 0.53440702 0.001993
v 0.036882 0.530568 -0.058181
v 0.059148 0.49639001 -0.015408
v 0.060508 0.49655101 -0.015671
v 0.057552 0.496656 -0.015765
v 0.05657 0.496829 -0.017154
v 0.056101 0.49737701 -0.018237
v 0.062483 0.496658 -0.017188
v 0.063197 0.49562901 -0.015247
v 0.055374 0.49661699 -0.017875
v 0.054064 0.49654299 -0.016858
v 0.050766 0.49716699 -0.015623
v 0.064862 0.495334 -0.013672
v 0.066926 0.49561301 -0.013701
v 0.068719 0.495886 -0.014697
v 0.06924 0.49487001 -0.016146
v 0.042423 0.54307199 -0.021455
v 0.041069 0.53120703 -0.01457
v 0.040443 0.53517002 -0.013085
v 0.041416 0.54138398 -0.024625
v 0.051267 0.55593997 -0.039658
v 0.045123 0.55130398 -0.037438
v 0.045799 0.53891599 -0.033342
v 0.042694 0.54245698 -0.035395
v 0.041361 0.53791201 -0.027881
v 0.040261 0.50161898 -0.02205
v 0.038758 0.501508 -0.024194
v 0.037597 0.50218099 -0.025472
v 0.038154 0.51683599 -0.021142
v 0.037185 0.51353002 -0.022199
v 0.035723 0.51040798 -0.023037
v 0.034438 0.508358 -0.021624
v 0.035966 0.50993901 -0.01884
v 0.037419 0.50963801 -0.017879
v 0.032889 0.50345099 -0.02184
v 0.039896 0.509058 -0.017077
v 0.036541 0.51060802 -0.016406
v 0.033969 0.5036 -0.023071
v 0.038549 0.52011901 -0.019611
v 0.035964 0.50156498 -0.025282
v 0.034714 0.50296801 -0.025188
v 0.004694 0.50440001 -0.032805
v 0.004139 0.516675 -0.034858
v 0.002932 0.51747 -0.033187
v 0.000124 0.51798397 -0.035147
v -0.001205 0.51945502 -0.036492
v 0.001166 0.51834399 -0.03731
v 0.00272 0.51758999 -0.037043
v 0.038668 0.52351499 -0.018356
v 0.038515 0.52705598 -0.017211
v 0.0379 0.53055799 -0.016866
v 0.041719 0.499549 -0.021562
v 0.040513 0.50178099 -0.021778
v 0.045672 0.496472 -0.020171
v 0.044555 0.49653599 -0.019871
v 0.04301 0.497237 -0.019901
v 0.041116 0.49994701 -0.020726
v 0.041714 0.498851 -0.020729
v 0.047085 0.49835601 -0.017895
v 0.045756 0.498337 -0.017115
v 0.051451 0.503223 -0.015615
v 0.049289 0.502774 -0.017073
v 0.048394 0.50281602 -0.016788
v 0.069892 0.49784499 -0.012635
v 0.071547 0.495213 -0.012033
v 0.072688 0.49813399 -0.011965
v 0.082149 0.491133 -0.008456
v 0.081749 0.49161199 -0.008091
v 0.079304 0.48986399 -0.012738
v 0.080304 0.489535 -0.010654
v 0.080589 0.491189 -0.00789
v 0.080163 0.489831 -0.009609
v 0.084861 0.49918801 0.002202
v 0.084971 0.49979901 0.005003
v 0.078231 0.50989997 0.008952
v 0.083321 0.49839801 0.008146
v 0.078604 0.51775301 0.008808
v 0.042734 0.51632601 0.008814
v 0.04084 0.52311897 0.000822
v 0.040529 0.52526098 0.000822
v 0.039485 0.52947998 0.000823
v 0.046141 0.516936 0.009832
v 0.043342 0.51221901 0.00837
v 0.04555 0.515414 0.006199
v 0.041443 0.51395702 0.011206
v 0.043167 0.51266497 0
v 0.047402 0.51312101 -0.002612
v 0.051634 0.51401001 -0.007076
v 0.047402 0.51312101 0.002612
v 0.036871 0.53756899 0.003203
v 0.050651 0.51495898 0.007963
v 0.051634 0.51401001 0.007076
v 0.08363 0.49628299 -0.001368
v 0.0819 0.49678701 0
v 0.082199 0.49818301 0.001154
v 0.082462 0.49974099 0.002547
v 0.082674 0.49489999 0
v 0.083069 0.49057999 -0.007631
v 0.083883 0.48957801 0
v 0.084111 0.48930001 -0.003562
v 0.083264 0.48962301 -0.00687
v 0.083781 0.48920599 -0.005273
v 0.072873 0.49488699 -0.012396
v 0.07506 0.493922 -0.012687
v 0.075146 0.494894 -0.01249
v 0.078402 0.49125299 -0.010458
v 0.075007 0.49548399 -0.011633
v 0.043443 0.55547303 -0.02243
v 0.033399 0.53115398 -0.060108
v 0.0335 0.53166598 -0.059028
v 0.026695 0.53227103 -0.059346
v 0.026349 0.53372997 -0.063407
v 0.026938 0.531596 -0.062178
v 0.028808 0.53030002 -0.059603
v 0.055956 0.56442702 -0.044671
v 0.052702 0.56204998 -0.042592
v 0.067094 0.57216901 -0.047425
v 0.069151 0.56797397 -0.045707
v 0.064648 0.577838 -0.047069
v 0.059433 0.57389599 -0.048035
v 0.069244 0.57996303 -0.042549
v 0.068773 0.56520599 -0.044559
v 0.05407 0.56996101 -0.04664
v 0.064597 0.56691098 -0.04428
v 0.043317 0.56179601 -0.026034
v 0.087408 0.54935598 0
v 0.085042 0.55367202 0
v 0.083629 0.55558902 0
v 0.081225 0.56128198 0
v 0.080915 0.56933999 -0.005275
v 0.080871 0.56980699 -0.002743
v 0.079488 0.56484699 0
v 0.081222 0.57013798 0
v 0.07337 0.56581402 -0.012989
v 0.077809 0.56790799 -0.00982
v 0.069426 0.56539398 -0.013639
v 0.087079 0.54911602 0.002801
v 0.04385 0.55902398 -0.017598
v 0.04378 0.562038 -0.017285
v 0.029777 0.52095097 -0.012469
v 0.029334 0.51602602 -0.013713
v 0.02841 0.52757198 -0.012801
v 0.030145 0.51290601 -0.014186
v 0.02497 0.53288603 -0.012746
v 0.034285 0.50917399 -0.013372
v 0.031807 0.50916201 -0.013986
v 0.037052 0.50916702 -0.011848
v 0.027037 0.53494 -0.01097
v 0.041014 0.51017702 -0.014009
v 0.042825 0.515324 -0.013635
v 0.0276 0.53757399 -0.007329
v 0.04542 0.51195502 -0.014231
v 0.031025 0.53461897 -0.001703
v 0.049221 0.51591802 -0.010387
v 0.04863 0.51332301 -0.013333
v 0.050784 0.51456797 -0.011204
v 0.029958 0.53190398 0
v 0.034098 0.53584802 0.00262
v 0.031025 0.53461897 0.001703
v 0.086225 0.54419303 0.006182
v 0.085911 0.54399902 0.004979
v 0.085642 0.54656899 0.005891
v 0.083609 0.54155803 0.006508
v 0.037329 0.53860003 0.00957
v 0.034132 0.53952098 0.00683
v 0.03386 0.537404 0.009514
v 0.082368 0.539262 0.008046
v 0.062158 0.50054502 -0.01613
v 0.06197 0.501055 -0.016017
v 0.059834 0.502446 -0.015399
v 0.056299 0.50259697 -0.017653
v 0.055194 0.50295103 -0.017534
v 0.063263 0.50019097 -0.01625
v 0.065107 0.50172698 -0.013815
v 0.067335 0.50091499 -0.013598
v 0.068397 0.50006503 -0.013818
v 0.07013 0.498862 -0.013891
v 0.040372 0.537139 -0.014879
v 0.036854 0.53356999 -0.018698
v 0.036196 0.53532797 -0.021953
v 0.040589 0.53707802 -0.019224
v 0.049288 0.56150597 -0.041834
v 0.039916 0.55324 -0.043391
v 0.042578 0.55974698 -0.045317
v 0.040504 0.54521102 -0.038365
v 0.038305 0.54750901 -0.041876
v 0.041163 0.53544497 -0.031188
v 0.037957 0.53424698 -0.033446
v 0.040065 0.53512299 -0.024002
v 0.037699 0.50159901 -0.022914
v 0.037117 0.50223398 -0.02203
v 0.034152 0.51747 -0.021376
v 0.032716 0.51409101 -0.021258
v 0.032852 0.511751 -0.020052
v 0.036394 0.51338297 -0.019256
v 0.037135 0.51307601 -0.016088
v 0.034771 0.51095903 -0.014603
v 0.040301 0.50775599 -0.016081
v 0.034344 0.50438398 -0.017578
v -0.024071 0.517766 -0.007464
v -0.021074 0.51936698 -0.007634
v -0.026581 0.51722902 -0.005194
v -0.028077 0.51680899 0
v -0.000852 0.523278 0
v 0.042427 0.51126897 -0.015182
v 0.042572 0.50919998 -0.015562
v 0.034437 0.50295401 -0.018118
v 0.03524 0.50339001 -0.020495
v 0.036298 0.50330001 -0.021775
v 0.037742 0.509018 -0.014024
v 0.034554 0.521137 -0.02082
v 0.002597 0.52783197 -0.041665
v 0.002257 0.52168202 -0.038098
v -0.000183 0.52045298 -0.033394
v 0.003475 0.51978999 -0.032806
v -0.003316 0.52350199 -0.038325
v -0.001646 0.52200103 -0.036216
v -0.000974 0.522053 -0.039316
v 0.034454 0.52487803 -0.020327
v 0.034069 0.52860701 -0.020337
v 0.033437 0.53219002 -0.021198
v 0.040087 0.50132501 -0.020637
v 0.038353 0.50018698 -0.021528
v 0.042678 0.50008398 -0.017602
v 0.040834 0.50192797 -0.020304
v 0.046476 0.50388998 -0.015996
v 0.045523 0.50389302 -0.016683
v 0.043667 0.50439602 -0.017967
v 0.053961 0.50179601 -0.015411
v 0.05157 0.50203502 -0.01485
v 0.056353 0.50206 -0.01604
v 0.049136 0.50253701 -0.01469
v 0.073195 0.49718899 -0.012349
v 0.07357 0.49779299 -0.012072
v 0.075958 0.49694699 -0.011538
v 0.081242 0.489831 -0.006742
v 0.080137 0.49128699 -0.00809
v 0.080485 0.491276 -0.005922
v 0.081536 0.499798 0.006875
v 0.0824 0.50046498 0.004589
v 0.076345 0.51036698 0.01462
v 0.080338 0.49915701 0.013459
v 0.075926 0.51916701 0.013748
v 0.075383 0.52160698 0.011168
v 0.082359 0.49990201 0.010956
v 0.080068 0.50057101 0.009576
v 0.080445 0.49840599 0.008095
v 0.080925 0.498202 0.007429
v 0.07438 0.52248299 0.009968
v 0.04262 0.51900601 0.010439
v 0.040062 0.51696199 0.010374
v 0.047944 0.51658797 0.009821
v 0.044591 0.51859301 0.012395
v 0.047265 0.51564801 0.013132
v 0.043066 0.511841 0.011812
v 0.039464 0.51169401 0.01225
v 0.037513 0.51533097 0.011442
v 0.044949 0.51183802 0
v 0.050306 0.51263201 -0.003075
v 0.052766 0.51316297 -0.006525
v 0.050306 0.51263201 0.003075
v 0.052608 0.51335001 -0.010966
v 0.052766 0.51316297 0.006525
v 0.030856 0.53868002 0.00727
v 0.049221 0.51591802 0.010387
v 0.050784 0.51456797 0.011204
v 0.052608 0.51335001 0.010966
v 0.083583 0.49166501 0
v 0.08375 0.49086601 0
v 0.08363 0.49628299 0.001368
v 0.083855 0.49810401 0.003922
v 0.083476 0.49786699 0.00614
v 0.081875 0.489081 -0.002536
v 0.082004 0.489438 0
v 0.084111 0.48930001 0.003562
v 0.081875 0.489081 0.002536
v 0.08177 0.48930901 -0.004678
v 0.074553 0.497578 -0.010453
v 0.075027 0.496676 -0.008954
v 0.076252 0.49673 -0.007538
v 0.074912 0.49790901 -0.008694
v 0.028857 0.53038102 -0.05886
v 0.021596 0.53417301 -0.059466
v 0.019742 0.53612202 -0.062635
v 0.023704 0.53213298 -0.054276
v 0.023616 0.52835 -0.056505
v 0.017893 0.53457898 -0.057042
v 0.02074 0.53406399 -0.051285
v 0.016999 0.53292102 -0.060245
v 0.02078 0.53017098 -0.059895
v 0.013107 0.53548098 -0.059827
v 0.014672 0.53677303 -0.060591
v 0.04808 0.56716102 -0.046335
v 0.042336 0.56605703 -0.049538
v 0.07102 0.574884 -0.042161
v 0.073079 0.57103199 -0.04086
v 0.073244 0.58185399 -0.037356
v 0.072607 0.56973702 -0.039403
v 0.064074 0.58646703 -0.046079
v 0.058852 0.58640099 -0.049855
v 0.068677 0.58676201 -0.041448
v 0.053065 0.585154 -0.05232
v 0.072645 0.58828402 -0.036485
v 0.067074 0.57268202 -0.040506
v 0.047623 0.58214998 -0.054143
v 0.043456 0.56687599 -0.024715
v 0.043958 0.56394899 -0.023006
v 0.044533 0.56671202 -0.017719
v 0.084867 0.55334002 0.002229
v 0.083223 0.55535799 0.002651
v 0.079159 0.56475401 0.002633
v 0.081633 0.57264102 -0.009
v 0.081827 0.57358098 -0.002979
v 0.078751 0.57014602 -0.012318
v 0.081725 0.57395899 0
v 0.080871 0.56980699 0.002743
v 0.081827 0.57358098 0.002979
v 0.074827 0.56867802 -0.01514
v 0.070113 0.56945503 -0.015021
v 0.083685 0.55181402 0.005608
v 0.071755 0.57255799 -0.018337
v 0.032811 0.51965302 -0.014737
v 0.027969 0.521119 -0.014824
v 0.027181 0.52979201 -0.01511
v 0.032771 0.51471502 -0.014618
v 0.035687 0.51604301 -0.014933
v 0.021679 0.53364098 -0.014623
v 0.023504 0.53484797 -0.011249
v 0.02446 0.53612602 -0.006753
v 0.028672 0.53305 5.7E-05
v 0.026617 0.53297299 0
v 0.038649 0.50891101 -0.016084
v 0.043267 0.505593 -0.017142
v 0.050403 0.512523 -0.013006
v 0.052158 0.51159602 -0.012887
v 0.028672 0.53305 -5.7E-05
v 0.0276 0.53757399 0.007329
v 0.02446 0.53612602 0.006753
v 0.084144 0.54176003 0.007977
v 0.083568 0.54476798 0.008274
v 0.081814 0.54914802 0.007708
v 0.08221 0.540025 0.00963
v 0.032262 0.53418797 0.010787
v 0.036022 0.53443301 0.010867
v 0.028645 0.53363699 0.011808
v 0.030467 0.53613502 0.010225
v 0.078266 0.53487003 0.010249
v 0.079536 0.53479898 0.011773
v 0.038482 0.53120297 0.01139
v 0.065699 0.50039703 -0.014828
v 0.063394 0.50062603 -0.015387
v 0.061035 0.50111902 -0.015625
v 0.058736 0.50194001 -0.016265
v 0.067879 0.499881 -0.013713
v 0.070251 0.49976301 -0.013095
v 0.072422 0.499506 -0.012116
v 0.036557 0.53406799 -0.025182
v 0.032139 0.53479898 -0.02322
v 0.029269 0.53587902 -0.024959
v 0.034578 0.53559899 -0.027514
v 0.036652 0.56545597 -0.052845
v 0.035826 0.55895197 -0.050804
v 0.035106 0.554353 -0.049292
v 0.035175 0.54865301 -0.045095
v 0.030561 0.56414998 -0.05527
v 0.035833 0.53590101 -0.036476
v 0.034596 0.53874397 -0.039397
v 0.038651 0.53283799 -0.027245
v 0.03886 0.53669798 -0.027666
v 0.03296 0.53741401 -0.030191
v 0.037292 0.499935 -0.01984
v 0.036028 0.50070202 -0.01914
v 0.030998 0.51845801 -0.020484
v 0.029155 0.517488 -0.020875
v 0.036709 0.51793402 -0.01836
v 0.03406 0.51752102 -0.019922
v 0.038504 0.51756799 -0.015946
v 0.036654 0.504179 -0.016741
v -0.002844 0.52153701 -0.002782
v 0.002034 0.51999599 -0.004336
v 0.001153 0.516801 -0.005623
v 0.003578 0.52192301 -0.001701
v 0.002023 0.52224803 0
v 0.002034 0.51999599 0.004336
v -0.002844 0.52153701 0.002782
v 0.001153 0.516801 0.005623
v 0.003578 0.52192301 0.001701
v -0.030513 0.51752299 0
v -0.030201 0.51462102 -0.002234
v -0.028814 0.51427501 -0.005657
v -0.026567 0.51541501 -0.007833
v -0.030201 0.51462102 0.002234
v -0.028814 0.51427501 0.005657
v -0.026567 0.51541501 0.007833
v -0.026581 0.51722902 0.005194
v -0.023605 0.51678097 -0.009361
v -0.020606 0.51726699 -0.011005
v -0.017269 0.51825202 -0.011203
v -0.017956 0.52009302 -0.008072
v 0.035248 0.501899 -0.01837
v 0.031013 0.52078998 -0.021112
v 0.004454 0.53007799 -0.047383
v 0.006797 0.53135198 -0.050151
v 0.003777 0.53097397 -0.042873
v 0.008951 0.53396702 -0.052254
v 0.005685 0.52092999 -0.034409
v 0.00269 0.52669901 -0.045997
v 0.001871 0.52467799 -0.040102
v -0.005 0.52577001 -0.034667
v -0.002362 0.52573901 -0.032812
v 0.000281 0.524409 -0.031502
v -0.007135 0.523637 -0.035844
v -0.008642 0.52040601 -0.035961
v -0.006558 0.52222502 -0.038575
v -0.003323 0.52077198 -0.041287
v -0.010019 0.51750302 -0.035116
v 0.00083 0.52288198 -0.045482
v -0.001288 0.519508 -0.045143
v 0.031242 0.52401102 -0.02079
v 0.030167 0.52721399 -0.021363
v 0.029145 0.53024602 -0.022478
v 0.039942 0.50127 -0.019186
v 0.041936 0.50600201 -0.01853
v 0.047009 0.50384998 -0.014904
v 0.045023 0.50497103 -0.01612
v 0.056728 0.50788999 -0.012995
v 0.058699 0.50752598 -0.013254
v 0.060535 0.50696301 -0.013666
v 0.055014 0.50872898 -0.012869
v 0.061927 0.505597 -0.01424
v 0.053714 0.510324 -0.012876
v 0.074336 0.499347 -0.010392
v 0.077253 0.49637601 -0.01196
v 0.0769 0.496591 -0.010435
v 0.075748 0.49884599 -0.008392
v 0.080158 0.49242699 -0.005182
v 0.078623 0.494515 -0.006879
v 0.078046 0.49584699 -0.006819
v 0.077838 0.495067 -0.005515
v 0.082795 0.49600399 0.007714
v 0.07541 0.49876699 0.019417
v 0.079291 0.49974799 0.016694
v 0.073183 0.51019597 0.017924
v 0.073282 0.51996702 0.017122
v 0.076715 0.49966499 0.015218
v 0.076511 0.50067598 0.016217
v 0.077142 0.49757999 0.012994
v 0.07848 0.49988601 0.012573
v 0.076632 0.49759799 0.013937
v 0.076424 0.49826699 0.014528
v 0.079277 0.50057602 0.011486
v 0.074852 0.528651 0.013827
v 0.076229 0.52731103 0.011968
v 0.074983 0.52791101 0.010575
v 0.081122 0.49778801 0.011413
v 0.081346 0.49667099 0.009948
v 0.079163 0.49742299 0.013351
v 0.079842 0.49641201 0.007994
v 0.080418 0.49513099 0.008283
v 0.041204 0.52498603 0.011335
v 0.040458 0.520899 0.010933
v 0.036426 0.519068 0.011972
v 0.04542 0.51195502 0.014231
v 0.042825 0.515324 0.013635
v 0.04863 0.51332301 0.013333
v 0.041014 0.51017702 0.014009
v 0.037052 0.50916702 0.011848
v 0.034907 0.51441401 0.012827
v 0.052885 0.51119798 -0.003729
v 0.046748 0.51196802 0
v 0.05407 0.51241601 -0.006388
v 0.052885 0.51119798 0.003729
v 0.054376 0.51200902 -0.010948
v 0.05407 0.51241601 0.006388
v 0.054376 0.51200902 0.010948
v 0.027037 0.53494 0.01097
v 0.050403 0.512523 0.013006
v 0.052158 0.51159602 0.012887
v 0.053714 0.510324 0.012876
v 0.083264 0.48962301 0.00687
v 0.083781 0.48920599 0.005273
v 0.083069 0.49057999 0.007631
v 0.080564 0.49249399 -0.002263
v 0.080836 0.49145699 0
v 0.080564 0.49249399 0.002263
v 0.080463 0.49198201 -0.003342
v 0.08177 0.48930901 0.004678
v 0.080463 0.49198201 0.003342
v 0.080028 0.49301699 -0.004326
v 0.075918 0.49827701 -0.007443
v 0.076593 0.497114 -0.006007
v 0.076368 0.49788699 -0.007054
v 0.077268 0.49687001 -0.008448
v 0.078653 0.496519 -0.007601
v 0.018631 0.52785301 -0.054418
v 0.021252 0.52918398 -0.051427
v 0.022226 0.53242803 -0.048773
v 0.015738 0.52977699 -0.056788
v 0.012973 0.54075301 -0.055796
v 0.016527 0.53811598 -0.053819
v 0.022049 0.53848499 -0.049967
v 0.02448 0.53573698 -0.047551
v 0.020384 0.543387 -0.053129
v 0.012673 0.53232199 -0.056918
v 0.009066 0.53343701 -0.055139
v 0.008847 0.53716099 -0.059639
v 0.005433 0.53396201 -0.053137
v 0.009049 0.54038697 -0.060086
v 0.042189 0.57883698 -0.0555
v 0.03633 0.57689703 -0.057145
v 0.076357 0.578035 -0.032736
v 0.076411 0.574983 -0.031665
v 0.076744 0.58303201 -0.031591
v 0.075634 0.57309097 -0.030807
v 0.075831 0.59042197 -0.031098
v 0.070646 0.57545298 -0.02962
v 0.052193 0.59481603 -0.053178
v 0.057406 0.59610701 -0.049913
v 0.062343 0.59748501 -0.046189
v 0.066884 0.59946197 -0.04216
v 0.070909 0.599976 -0.037243
v 0.046803 0.59299898 -0.055854
v 0.07367 0.60128498 -0.03164
v 0.041402 0.59094101 -0.058398
v 0.072146 0.57467401 -0.022304
v 0.044218 0.57027102 -0.019547
v 0.081263 0.55662298 0.005137
v 0.080767 0.56415898 0.004885
v 0.080915 0.56933999 0.005275
v 0.080493 0.55553198 0.006171
v 0.081463 0.57818198 -0.015396
v 0.079182 0.57384098 -0.017655
v 0.081732 0.58509803 -0.019053
v 0.082681 0.58334702 -0.012539
v 0.082691 0.57916701 -0.006931
v 0.082589 0.579557 0
v 0.076763 0.57248199 -0.018324
v 0.082691 0.57916701 0.006931
v 0.081633 0.57264102 0.009
v 0.082681 0.58334702 0.012539
v 0.07709 0.57381999 -0.022199
v 0.031786 0.52473801 -0.015082
v 0.036082 0.52304 -0.014545
v 0.024985 0.53222698 -0.017023
v 0.018818 0.53617799 -0.015604
v 0.019498 0.53477299 -0.011343
v 0.02119 0.53657597 -0.006557
v 0.024093 0.53520799 0
v 0.025919 0.533566 -0.002382
v 0.037462 0.502823 -0.016816
v 0.03941 0.50199401 -0.017548
v 0.025919 0.533566 0.002382
v 0.02119 0.53657597 0.006557
v 0.023504 0.53484797 0.011249
v 0.019498 0.53477299 0.011343
v 0.081135 0.54221803 0.010303
v 0.081566 0.54786098 0.009022
v 0.077574 0.54230702 0.01233
v 0.07803 0.536789 0.013003
v 0.035374 0.529158 0.011641
v 0.031885 0.52847499 0.011979
v 0.02497 0.53288603 0.012746
v 0.02841 0.52757198 0.012801
v 0.037634 0.52293801 0.011511
v 0.065332 0.50391197 -0.013806
v 0.066947 0.50337797 -0.012811
v 0.068563 0.50349998 -0.011682
v 0.063693 0.50477999 -0.01445
v 0.070374 0.503286 -0.01095
v 0.07192 0.50274801 -0.010055
v 0.072746 0.50247103 -0.008193
v 0.02735 0.536704 -0.027886
v 0.028675 0.53362697 -0.022887
v 0.026825 0.53514099 -0.025181
v 0.025536 0.53627902 -0.03082
v 0.030598 0.57486498 -0.059216
v 0.029121 0.55788201 -0.055122
v 0.030423 0.55198002 -0.05226
v 0.03266 0.54739201 -0.048663
v 0.024801 0.56301701 -0.058461
v 0.032567 0.54127097 -0.042408
v 0.024965 0.57258397 -0.06134
v 0.037222 0.53681201 -0.031258
v 0.03442 0.53609502 -0.034061
v 0.03159 0.53697002 -0.033161
v 0.02987 0.53658301 -0.036224
v 0.023565 0.53474897 -0.033435
v 0.028383 0.52519202 -0.02067
v 0.036152 0.52633297 -0.017035
v 0.033035 0.52598101 -0.020109
v 0.001865 0.51996797 -0.008839
v -0.000838 0.517851 -0.01028
v 0.002613 0.522654 -0.007226
v -0.003851 0.51769501 -0.002835
v -0.001934 0.515288 -0.006706
v -0.003698 0.51664799 -0.011386
v 0.002089 0.52585202 -0.005232
v 0.004809 0.5244 0
v 0.005368 0.52500403 -0.001921
v 0.005368 0.52500403 0.001921
v -0.000838 0.517851 0.01028
v -0.001934 0.515288 0.006706
v -0.003698 0.51664799 0.011386
v 0.001865 0.51996797 0.008839
v -0.003851 0.51769501 0.002835
v 0.039896 0.509058 0.017077
v -0.006354 0.51713598 0.004485
v -0.009205 0.516536 0.006495
v -0.011926 0.51686299 0.00815
v 0.037419 0.50963801 0.017879
v 0.040301 0.50775599 0.016081
v 0.002613 0.522654 0.007226
v 0.002089 0.52585202 0.005232
v -0.029934 0.51300699 -0.00871
v -0.031656 0.512793 -0.005709
v -0.027342 0.51327997 -0.011036
v -0.032786 0.51495701 0
v -0.032958 0.51381499 -0.002444
v -0.024613 0.51437002 -0.013131
v -0.032958 0.51381499 0.002444
v -0.031656 0.512793 0.005709
v -0.029934 0.51300699 0.00871
v -0.027342 0.51327997 0.011036
v -0.024071 0.517766 0.007464
v -0.023605 0.51678097 0.009361
v -0.024613 0.51437002 0.013131
v -0.022946 0.51748598 -0.013696
v -0.020454 0.51946598 -0.013697
v -0.016792 0.51931602 -0.013961
v -0.013854 0.517851 -0.011209
v -0.014811 0.518843 -0.009001
v 0.001174 0.52860999 -0.04326
v 0.004069 0.53167802 -0.045808
v 0.003404 0.533499 -0.049198
v 0.012508 0.53542298 -0.052268
v 0.00531 0.53374398 -0.04449
v 0.004739 0.524607 -0.03481
v -0.000694 0.52592498 -0.045247
v -0.007604 0.523027 -0.031837
v -0.011012 0.51965702 -0.03203
v -0.004352 0.526281 -0.031545
v -0.001672 0.52963901 -0.030735
v 0.00089 0.53340602 -0.029759
v -0.008667 0.519171 -0.038488
v -0.004637 0.51735401 -0.040976
v -0.012836 0.51591003 -0.034783
v -0.002636 0.51578802 -0.044154
v -0.014533 0.51681399 -0.033009
v -0.001514 0.52314001 -0.048907
v -0.003411 0.51982802 -0.05053
v 0.025701 0.52524 -0.023039
v 0.024111 0.52988499 -0.022654
v 0.05624 0.51085001 -0.01124
v 0.058245 0.51001 -0.011318
v 0.060251 0.50940698 -0.010787
v 0.06234 0.50897902 -0.010562
v 0.06428 0.50805998 -0.010167
v 0.073855 0.50160903 -0.006723
v 0.077109 0.498225 -0.006324
v 0.074708 0.50078899 -0.005123
v 0.077124 0.495895 -0.00312
v 0.076258 0.49727499 -0.004254
v 0.07683 0.49758601 -0.002518
v 0.081749 0.49161199 0.008091
v 0.072758 0.498577 0.021778
v 0.070811 0.51002097 0.019327
v 0.07067 0.49933001 0.020878
v 0.070725 0.49757501 0.017593
v 0.07216 0.498804 0.018127
v 0.073574 0.49973401 0.018483
v 0.075981 0.50080299 0.017634
v 0.068456 0.52248102 0.021266
v 0.073001 0.53094298 0.017404
v 0.077029 0.49692601 0.017992
v 0.077152 0.49658301 0.015386
v 0.075601 0.49678901 0.018929
v 0.077014 0.496131 0.013289
v 0.077722 0.4966 0.013461
v 0.076923 0.495565 0.014131
v 0.082478 0.49032399 0.009605
v 0.082107 0.48975399 0.011412
v 0.0811 0.49042901 0.013913
v 0.082149 0.491133 0.008456
v 0.079506 0.49103999 0.014687
v 0.033669 0.52218401 0.012338
v 0.032089 0.51837301 0.012918
v 0.031439 0.51296097 0.012812
v 0.042427 0.51126897 0.015182
v 0.042572 0.50919998 0.015562
v 0.038649 0.50891101 0.016084
v 0.043267 0.505593 0.017142
v 0.034285 0.50917399 0.013372
v 0.037742 0.509018 0.014024
v 0.056312 0.51093102 -0.0032
v 0.048521 0.512954 0
v 0.055483 0.51180297 -0.006417
v 0.056936 0.511379 -0.006356
v 0.056312 0.51093102 0.0032
v 0.055483 0.51180297 0.006417
v 0.056936 0.511379 0.006356
v 0.05624 0.51085001 0.01124
v 0.055014 0.50872898 0.012869
v 0.056728 0.50788999 0.012995
v 0.021679 0.53364098 0.014623
v 0.045023 0.50497103 0.01612
v 0.047009 0.50384998 0.014904
v 0.049136 0.50253701 0.01469
v 0.081242 0.489831 0.006742
v 0.080589 0.491189 0.00789
v 0.079716 0.494661 0
v 0.078582 0.495175 -0.000657
v 0.078582 0.495175 0.000657
v 0.077124 0.495895 0.00312
v 0.080028 0.49301699 0.004326
v 0.080158 0.49242699 0.005182
v 0.080485 0.491276 0.005922
v 0.079977 0.49579 -0.007328
v 0.07739 0.497879 -0.003839
v 0.079383 0.49613401 -0.006255
v 0.078568 0.49649999 -0.005168
v 0.018533 0.53037298 -0.051044
v 0.021612 0.52969497 -0.048907
v 0.024091 0.53175497 -0.046816
v 0.026449 0.53485698 -0.045392
v 0.028972 0.53742999 -0.043755
v 0.015585 0.53306901 -0.05185
v 0.004428 0.54661202 -0.061525
v 0.008159 0.54589897 -0.059157
v 0.016204 0.54832101 -0.057048
v 0.027456 0.53915203 -0.047594
v 0.02528 0.54183298 -0.05009
v 0.030823 0.53851002 -0.040434
v 0.024871 0.54919702 -0.054059
v 0.021852 0.55352199 -0.056936
v 0.029055 0.544442 -0.049647
v 0.004642 0.53683299 -0.058331
v 0.002758 0.53596097 -0.054188
v 0.001188 0.53577203 -0.049785
v 0.005155 0.54004699 -0.059993
v 0.002216 0.53771901 -0.060601
v 0.000994 0.54384398 -0.062203
v 0.035954 0.58898997 -0.060849
v 0.030202 0.58753002 -0.062764
v 0.080144 0.57975 -0.020611
v 0.078396 0.57558501 -0.02164
v 0.079567 0.58505702 -0.02566
v 0.078016 0.59270197 -0.025259
v 0.075543 0.603517 -0.025732
v 0.052979 0.601915 -0.051667
v 0.04793 0.60085601 -0.054784
v 0.057932 0.60290998 -0.048346
v 0.062914 0.60336798 -0.044973
v 0.067384 0.60374397 -0.040831
v 0.070997 0.60492897 -0.036067
v 0.073538 0.60678297 -0.030719
v 0.042681 0.59985298 -0.05755
v 0.075408 0.607651 -0.024844
v 0.037353 0.59842402 -0.06004
v 0.077022 0.564623 0.007305
v 0.077809 0.56790799 0.00982
v 0.078751 0.57014602 0.012318
v 0.07711 0.557724 0.008498
v 0.078168 0.54707801 0.011714
v 0.077717 0.55424702 0.009243
v 0.07998 0.59142399 -0.012176
v 0.079498 0.59264302 -0.018783
v 0.080922 0.587753 -0.006577
v 0.081093 0.58766299 0
v 0.080922 0.587753 0.006577
v 0.07998 0.59142399 0.012176
v 0.081463 0.57818198 0.015396
v 0.079182 0.57384098 0.017655
v 0.081732 0.58509803 0.019053
v 0.079498 0.59264302 0.018783
v 0.033327 0.52890497 -0.014628
v 0.022179 0.53426498 -0.019061
v 0.016998 0.53618002 -0.017154
v 0.017271 0.53700602 -0.011434
v 0.017872 0.53783101 -0.006829
v 0.022863 0.53516603 -0.002495
v 0.020911 0.536017 0
v 0.022863 0.53516603 0.002495
v 0.017872 0.53783101 0.006829
v 0.017271 0.53700602 0.011434
v 0.018818 0.53617799 0.015604
v 0.016998 0.53618002 0.017154
v 0.076138 0.539841 0.014237
v 0.078151 0.54279703 0.014305
v 0.029777 0.52095097 0.012469
v 0.027969 0.521119 0.014824
v 0.027181 0.52979201 0.01511
v 0.066167 0.50779003 -0.009174
v 0.067998 0.508026 -0.008318
v 0.068432 0.507631 -0.006264
v 0.068674 0.506962 -0.004296
v 0.024629 0.53583002 -0.027435
v 0.022799 0.53408802 -0.023281
v 0.021405 0.53653002 -0.027597
v 0.024199 0.58663201 -0.064214
v 0.018824 0.56093901 -0.060615
v 0.030309 0.53940302 -0.045155
v 0.019023 0.57120299 -0.063278
v 0.032626 0.536731 -0.037402
v 0.018106 0.58615202 -0.065443
v 0.027866 0.53689402 -0.038876
v 0.025919 0.53431898 -0.040387
v 0.021508 0.53282303 -0.035658
v 0.018812 0.53078401 -0.036475
v 0.020343 0.53382701 -0.028839
v 0.028477 0.53213102 -0.018492
v 0.024597 0.53152698 -0.019963
v 0.031963 0.53224099 -0.016671
v 0.001148 0.52142501 -0.012712
v -0.00183 0.520509 -0.01547
v 0.0009 0.52452701 -0.011301
v 0.002446 0.52712297 -0.010007
v 0.00471 0.53004903 -0.010193
v -0.005193 0.51506001 -0.00743
v -0.006354 0.51713598 -0.004485
v -0.00696 0.51672399 -0.012523
v -0.004921 0.51958299 -0.01718
v 0.006065 0.533081 -0.008113
v 0.004852 0.52735698 -0.005765
v 0.00781 0.52765298 -0.002022
v 0.007744 0.52609801 0
v 0.00781 0.52765298 0.002022
v 0.004852 0.52735698 0.005765
v 0.001148 0.52142501 0.012712
v -0.00183 0.520509 0.01547
v 0.0009 0.52452701 0.011301
v -0.004921 0.51958299 0.01718
v -0.00696 0.51672399 0.012523
v -0.005193 0.51506001 0.00743
v 0.002446 0.52712297 0.010007
v 0.037122 0.50622398 0.017992
v 0.035966 0.50993901 0.01884
v 0.036541 0.51060802 0.016406
v 0.036273 0.5104 0.022003
v 0.034344 0.50438398 0.017578
v 0.032889 0.50345099 0.02184
v 0.03376 0.50631398 0.0225
v 0.036654 0.504179 0.016741
v -0.014811 0.518843 0.009001
v -0.013854 0.517851 0.011209
v -0.011146 0.51704502 0.010061
v -0.008526 0.51542598 0.007914
v 0.00471 0.53004903 0.010193
v 0.006065 0.533081 0.008113
v -0.030117 0.51471198 -0.011115
v -0.033185 0.51376098 -0.009331
v -0.027444 0.51638001 -0.013304
v -0.02504 0.51893002 -0.014677
v -0.022297 0.52149397 -0.014148
v -0.035751 0.51493198 -0.000981
v -0.033388 0.51541197 0
v -0.035751 0.51493198 0.000981
v -0.036698 0.51418197 -0.00821
v -0.030117 0.51471198 0.011115
v -0.033185 0.51376098 0.009331
v -0.027444 0.51638001 0.013304
v -0.036698 0.51418197 0.00821
v -0.02504 0.51893002 0.014677
v -0.022297 0.52149397 0.014148
v -0.020606 0.51726699 0.011005
v -0.021074 0.51936698 0.007634
v -0.022946 0.51748598 0.013696
v -0.019117 0.52316302 -0.013187
v -0.018026 0.52329397 -0.016496
v -0.015509 0.52155501 -0.018212
v -0.012146 0.52006501 -0.017893
v -0.013479 0.51866698 -0.013971
v -0.011146 0.51704502 -0.010061
v -0.011926 0.51686299 -0.00815
v -0.00056 0.53629202 -0.042595
v -0.001974 0.53362501 -0.046938
v -7.6E-05 0.53696698 -0.045121
v 0.008175 0.53483301 -0.045912
v 0.00332 0.52773398 -0.036036
v 0.003246 0.53067201 -0.038276
v 0.004501 0.53363001 -0.040032
v 0.004972 0.53133899 -0.032621
v 0.004897 0.53021699 -0.028428
v -0.002857 0.530563 -0.05037
v -0.003956 0.52739602 -0.053847
v -0.011073 0.51932299 -0.029541
v -0.014042 0.51736599 -0.031569
v -0.017711 0.51513398 -0.031908
v -0.008167 0.517061 -0.027416
v -0.004427 0.51836997 -0.026287
v -0.010445 0.51583898 -0.037732
v -0.007146 0.51528698 -0.040194
v -0.015733 0.51458198 -0.035241
v -0.002858 0.51175898 -0.043071
v -0.003552 0.515679 -0.049485
v -0.018653 0.51618701 -0.03578
v -0.018638 0.51365697 -0.036066
v -0.005869 0.52330798 -0.055751
v -0.006438 0.51861501 -0.055394
v 0.021293 0.53373998 -0.021623
v 0.018269 0.53557003 -0.023233
v 0.058378 0.51104498 -0.006421
v 0.059828 0.510764 -0.006612
v 0.061362 0.51060802 -0.006595
v 0.062863 0.51053202 -0.006082
v 0.075284 0.50091302 -0.003161
v 0.069267 0.50706398 -0.002124
v 0.07758 0.49748999 -0.001352
v 0.080119 0.49629399 -0.001625
v 0.078653 0.49636999 -0.003502
v 0.069765 0.49890399 0.022802
v 0.068098 0.499414 0.022209
v 0.069938 0.49937099 0.021807
v 0.065534 0.51142699 0.021736
v 0.070725 0.49667299 0.020453
v 0.070348 0.496297 0.01857
v 0.069713 0.49665001 0.022121
v 0.073255 0.49610201 0.019221
v 0.070629 0.49631 0.017602
v 0.072892 0.53169698 0.023683
v 0.068213 0.52713799 0.023703
v 0.064761 0.519692 0.026316
v 0.069404 0.53014803 0.02289
v 0.076577 0.53558201 0.020112
v 0.076992 0.532314 0.020566
v 0.077407 0.491328 0.016006
v 0.076613 0.49092799 0.017272
v 0.074495 0.49097499 0.018629
v 0.075636 0.49039999 0.017819
v 0.077769 0.49195001 0.014426
v 0.072973 0.49225801 0.019028
v 0.077758 0.49165899 0.014246
v 0.080163 0.489831 0.009609
v 0.080304 0.489535 0.010654
v 0.079304 0.48986399 0.012738
v 0.077941 0.49039999 0.013298
v 0.029334 0.51602602 0.013713
v 0.030145 0.51290601 0.014186
v 0.031807 0.50916201 0.013986
v 0.037462 0.502823 0.016816
v 0.03941 0.50199401 0.017548
v 0.041936 0.50600201 0.01853
v 0.039942 0.50127 0.019186
v 0.058844 0.51075399 -0.002605
v 0.050285 0.51301003 0
v 0.058844 0.51075399 0.002605
v 0.058378 0.51104498 0.006421
v 0.059828 0.510764 0.006612
v 0.058245 0.51001 0.011318
v 0.060251 0.50940698 0.010787
v 0.058699 0.50752598 0.013254
v 0.05157 0.50203502 0.01485
v 0.053961 0.50179601 0.015411
v 0.024985 0.53222698 0.017023
v 0.043667 0.50439602 0.017967
v 0.045523 0.50389302 0.016683
v 0.046476 0.50388998 0.015996
v 0.048394 0.50281602 0.016788
v 0.080137 0.49128699 0.00809
v 0.079657 0.49696401 0
v 0.07758 0.49748999 0.001352
v 0.077838 0.495067 0.005515
v 0.07683 0.49758601 0.002518
v 0.076258 0.49727499 0.004254
v 0.078623 0.494515 0.006879
v 0.078634 0.49753401 -0.001762
v 0.076227 0.50134999 -0.001447
v 0.010794 0.53711301 -0.046246
v 0.013732 0.53720701 -0.045839
v 0.015633 0.53392601 -0.045223
v 0.017998 0.53158301 -0.044552
v 0.021191 0.53094101 -0.043979
v 0.023667 0.53207499 -0.041857
v -0.005381 0.55065 -0.064942
v 0.00103 0.55201 -0.063452
v 0.00694 0.55496699 -0.062439
v 0.012821 0.55815297 -0.06182
v -0.001787 0.53438598 -0.05844
v -0.004123 0.53255302 -0.057026
v -0.006601 0.53857797 -0.064431
v -0.002742 0.53549302 -0.060604
v -0.010901 0.55362099 -0.066746
v 0.031933 0.59705502 -0.062243
v 0.026287 0.597251 -0.064086
v 0.076791 0.60463899 -0.019488
v 0.076076 0.60818899 -0.018685
v 0.041524 0.61003298 -0.054822
v 0.046693 0.60994202 -0.052326
v 0.051719 0.61006302 -0.049549
v 0.056544 0.61038798 -0.0464
v 0.061237 0.61088997 -0.043075
v 0.065606 0.61139399 -0.039275
v 0.068989 0.612836 -0.034702
v 0.071494 0.61366099 -0.02943
v 0.073099 0.613446 -0.023691
v 0.036389 0.60979003 -0.057367
v 0.073866 0.61322802 -0.017775
v 0.030938 0.60929 -0.058805
v 0.073396 0.561818 0.011145
v 0.07337 0.56581402 0.012989
v 0.074827 0.56867802 0.01514
v 0.076763 0.57248199 0.018324
v 0.075533 0.551171 0.011494
v 0.075992 0.54738301 0.014242
v 0.075106 0.54407799 0.017323
v 0.077225 0.60439301 -0.012971
v 0.077531 0.603894 -0.006495
v 0.07774 0.60408902 0
v 0.077531 0.603894 0.006495
v 0.077225 0.60439301 0.012971
v 0.076791 0.60463899 0.019488
v 0.080144 0.57975 0.020611
v 0.078396 0.57558501 0.02164
v 0.07709 0.57381999 0.022199
v 0.079567 0.58505702 0.02566
v 0.078016 0.59270197 0.025259
v 0.075543 0.603517 0.025732
v 0.019068 0.53592598 -0.019088
v 0.01719 0.54123098 -0.010448
v 0.015238 0.53560698 -0.014499
v 0.014836 0.53672302 -0.007029
v 0.019469 0.535339 -0.002285
v 0.017392 0.53541303 0
v 0.019469 0.535339 0.002285
v 0.014836 0.53672302 0.007029
v 0.01719 0.54123098 0.010448
v 0.022179 0.53426498 0.019061
v 0.019068 0.53592598 0.019088
v 0.015238 0.53560698 0.014499
v 0.075869 0.538607 0.020672
v 0.032811 0.51965302 0.014737
v 0.031786 0.52473801 0.015082
v 0.036082 0.52304 0.014545
v 0.063663 0.51011598 -0.004966
v 0.063961 0.50959098 -0.003475
v 0.064594 0.50951499 -0.002054
v 0.065025 0.50935602 -0.000565
v 0.020215 0.53876001 -0.02334
v 0.01801 0.54089999 -0.025175
v 0.020479 0.59755898 -0.065491
v 0.012945 0.57067102 -0.0652
v 0.012029 0.58554101 -0.066577
v 0.01467 0.59677798 -0.066633
v 0.015607 0.530922 -0.037427
v 0.013698 0.53379399 -0.038654
v 0.018681 0.53281897 -0.031287
v 0.015761 0.53119498 -0.032163
v 0.015292 0.53545099 -0.018951
v 0.017022 0.53875297 -0.019734
v -0.002713 0.52472299 -0.01593
v -0.004517 0.52792501 -0.01367
v -0.001309 0.52813101 -0.01511
v 0.001306 0.53099102 -0.014553
v 0.002514 0.53461802 -0.012987
v 0.005695 0.53568798 -0.011019
v 0.008351 0.53833002 -0.010619
v -0.009205 0.516536 -0.006495
v -0.008526 0.51542598 -0.007914
v -0.010273 0.51756197 -0.013463
v -0.008452 0.51940298 -0.017954
v -0.004414 0.52165997 -0.017717
v 0.008581 0.53575802 -0.007002
v 0.010248 0.541978 -0.010325
v 0.007439 0.52967 -0.006481
v 0.010773 0.52950799 -0.002094
v 0.010518 0.527933 0
v 0.010773 0.52950799 0.002094
v 0.007439 0.52967 0.006481
v 0.008581 0.53575802 0.007002
v 0.001306 0.53099102 0.014553
v -0.001309 0.52813101 0.01511
v -0.004517 0.52792501 0.01367
v -0.002713 0.52472299 0.01593
v 0.002514 0.53461802 0.012987
v -0.008452 0.51940298 0.017954
v -0.004414 0.52165997 0.017717
v -0.010273 0.51756197 0.013463
v 0.005695 0.53568798 0.011019
v 0.034771 0.51095903 0.014603
v 0.041227 0.51087803 0.023395
v 0.035334 0.50648397 0.021643
v 0.034438 0.508358 0.021624
v 0.037135 0.51307601 0.016088
v 0.037624 0.51023799 0.023805
v 0.034437 0.50295401 0.018118
v 0.033989 0.504942 0.0245
v 0.033969 0.5036 0.023071
v 0.03524 0.50339001 0.020495
v 0.036298 0.50330001 0.021775
v 0.035433 0.50611901 0.024805
v 0.035248 0.501899 0.01837
v 0.036028 0.50070202 0.01914
v -0.020454 0.51946598 0.013697
v -0.017269 0.51825202 0.011203
v -0.016792 0.51931602 0.013961
v -0.013479 0.51866698 0.013971
v -0.017956 0.52009302 0.008072
v 0.008351 0.53833002 0.010619
v 0.010248 0.541978 0.010325
v -0.033019 0.515567 -0.015922
v -0.03659 0.51473999 -0.014703
v -0.029565 0.51692402 -0.016928
v -0.026229 0.51886702 -0.016983
v -0.023254 0.52123898 -0.015856
v -0.020413 0.523664 -0.016619
v -0.036648 0.51582599 0
v -0.040181 0.51555997 -0.007803
v -0.039042 0.515679 -0.001908
v -0.0398 0.51714599 0
v -0.040181 0.51555997 0.007803
v -0.039042 0.515679 0.001908
v -0.040303 0.51459801 -0.013712
v -0.029565 0.51692402 0.016928
v -0.033019 0.515567 0.015922
v -0.026229 0.51886702 0.016983
v -0.03659 0.51473999 0.014703
v -0.023254 0.52123898 0.015856
v -0.040303 0.51459801 0.013712
v -0.020413 0.523664 0.016619
v -0.019117 0.52316302 0.013187
v -0.018618 0.52181298 -0.019974
v -0.015519 0.52066398 -0.020053
v -0.011653 0.52081299 -0.019961
v -0.007964 0.52065998 -0.018968
v -0.007573 0.53127497 -0.059819
v 0.00555 0.536928 -0.040717
v 0.005286 0.53395998 -0.035503
v 0.008115 0.52942502 -0.029045
v 0.007514 0.53344202 -0.035249
v -0.004732 0.52860802 -0.027183
v -0.002613 0.52896303 -0.025881
v -0.003753 0.52313399 -0.026101
v -0.010749 0.52792799 -0.059161
v -0.011507 0.52354097 -0.058582
v -0.018424 0.51903898 -0.025459
v -0.022187 0.51814002 -0.024387
v -0.021691 0.51419699 -0.031168
v -0.022368 0.51608801 -0.035962
v -0.025529 0.51696903 -0.023325
v -0.014989 0.519481 -0.02519
v -0.012406 0.51955098 -0.022565
v -0.009096 0.52035898 -0.021141
v -0.01288 0.51363701 -0.037104
v -0.010574 0.51500601 -0.039999
v -0.004107 0.50774997 -0.042707
v -0.002743 0.51182902 -0.047557
v -0.005739 0.51410198 -0.053542
v -0.021677 0.51379198 -0.037007
v -0.016306 0.51279002 -0.03738
v -0.008803 0.51489699 -0.055618
v -0.009341 0.517465 -0.05652
v -0.01031 0.52031797 -0.057345
v 0.012828 0.53487599 -0.016782
v 0.009174 0.53394002 -0.016563
v 0.014786 0.53512299 -0.025681
v 0.00626 0.53246301 -0.015777
v 0.068956 0.50693202 0
v 0.065106 0.50948 0
v 0.07746 0.50213301 0
v 0.079901 0.49790701 0
v 0.063359 0.500081 0.024722
v 0.062855 0.50031698 0.023507
v 0.064678 0.49928501 0.022092
v 0.065353 0.49811199 0.020658
v 0.066263 0.49871701 0.021548
v 0.068077 0.496786 0.023001
v 0.066105 0.49707201 0.022122
v 0.060453 0.501715 0.025968
v 0.062521 0.51439101 0.026592
v 0.062602 0.51123202 0.025055
v 0.070443 0.49283099 0.020269
v 0.070955 0.492769 0.019087
v 0.06921 0.49282899 0.021914
v 0.067328 0.49234399 0.022184
v 0.074961 0.53615803 0.02528
v 0.072164 0.53368199 0.031031
v 0.068962 0.52829701 0.028122
v 0.063187 0.518363 0.032121
v 0.066164 0.52341902 0.03461
v 0.074886 0.490347 0.014886
v 0.075642 0.49089599 0.014315
v 0.073598 0.489568 0.01645
v 0.076874 0.49199101 0.014141
v 0.070549 0.492603 0.018127
v 0.070983 0.49260899 0.018383
v 0.071612 0.490659 0.016869
v 0.078402 0.49125299 0.010458
v 0.077179 0.49154499 0.012301
v 0.076243 0.49254599 0.013999
v 0.032771 0.51471502 0.014618
v 0.035687 0.51604301 0.014933
v 0.037292 0.499935 0.01984
v 0.040087 0.50132501 0.020637
v 0.040834 0.50192797 0.020304
v 0.038353 0.50018698 0.021528
v 0.042678 0.50008398 0.017602
v 0.059385 0.51092899 -0.001375
v 0.052106 0.51275301 0
v 0.059385 0.51092899 0.001375
v 0.061362 0.51060802 0.006595
v 0.062863 0.51053202 0.006082
v 0.063663 0.51011598 0.004966
v 0.063961 0.50959098 0.003475
v 0.06234 0.50897902 0.010562
v 0.06428 0.50805998 0.010167
v 0.060535 0.50696301 0.013666
v 0.061927 0.505597 0.01424
v 0.056353 0.50206 0.01604
v 0.051451 0.503223 0.015615
v 0.049289 0.502774 0.017073
v 0.055194 0.50295103 0.017534
v 0.033327 0.52890497 0.014628
v 0.045756 0.498337 0.017115
v 0.047085 0.49835601 0.017895
v 0.047943 0.498476 0.018884
v 0.078046 0.49584699 0.006819
v 0.076252 0.49673 0.007538
v 0.075027 0.496676 0.008954
v 0.080119 0.49629399 0.001625
v 0.078653 0.49636999 0.003502
v 0.079383 0.49613401 0.006255
v 0.079977 0.49579 0.007328
v 0.076593 0.497114 0.006007
v 0.009001 0.53719199 -0.040066
v 0.012107 0.53705901 -0.039336
v -0.004869 0.56511903 -0.068556
v 0.000791 0.56809902 -0.068096
v 0.006926 0.56951803 -0.066843
v -0.011111 0.56509501 -0.0685
v -0.009099 0.53934503 -0.065384
v -0.015606 0.55862999 -0.068016
v -0.017109 0.56746 -0.068383
v 0.025955 0.60930598 -0.06002
v 0.020686 0.60996997 -0.062099
v 0.076386 0.60799497 -0.012436
v 0.074292 0.61309201 -0.011824
v 0.040183 0.62217599 -0.048688
v 0.032475 0.62198102 -0.051806
v 0.04632 0.62212402 -0.044817
v 0.054089 0.62364697 -0.038505
v 0.059564 0.62491202 -0.032141
v 0.062173 0.62557101 -0.027247
v 0.064945 0.62506402 -0.021873
v 0.067891 0.62340897 -0.016015
v 0.028284 0.62209803 -0.05356
v 0.069045 0.62298298 -0.011284
v 0.024585 0.62190199 -0.054173
v 0.069426 0.56539398 0.013639
v 0.070517 0.56096202 0.012657
v 0.070927 0.54967397 0.010394
v 0.070113 0.56945503 0.015021
v 0.071755 0.57255799 0.018337
v 0.072146 0.57467401 0.022304
v 0.070399 0.54541099 0.013927
v 0.070032 0.54313803 0.017305
v 0.074051 0.54033703 0.02292
v 0.06915 0.53924298 0.02343
v 0.07672 0.60817897 -0.006207
v 0.076969 0.60872102 0
v 0.07672 0.60817897 0.006207
v 0.076386 0.60799497 0.012436
v 0.076076 0.60818899 0.018685
v 0.075408 0.607651 0.024844
v 0.075634 0.57309097 0.030807
v 0.076411 0.574983 0.031665
v 0.076357 0.578035 0.032736
v 0.076744 0.58303201 0.031591
v 0.070646 0.57545298 0.02962
v 0.075831 0.59042197 0.031098
v 0.07367 0.60128498 0.03164
v 0.073538 0.60678297 0.030719
v 0.015261 0.53976297 -0.013765
v 0.014132 0.54003602 -0.009357
v 0.012415 0.53391898 -0.006192
v 0.01639 0.53367001 -0.002628
v 0.014457 0.53396398 0
v 0.01639 0.53367001 0.002628
v 0.012415 0.53391898 0.006192
v 0.014132 0.54003602 0.009357
v 0.015261 0.53976297 0.013765
v 0.031963 0.53224099 0.016671
v 0.028477 0.53213102 0.018492
v 0.017022 0.53875297 0.019734
v 0.038504 0.51756799 0.015946
v 0.036152 0.52633297 0.017035
v 0.036709 0.51793402 0.01836
v 0.059665 0.51094502 -0.000416
v 0.060247 0.51125199 0
v 0.011063 0.53665203 -0.027147
v 0.016968 0.53658003 -0.026976
v 0.015016 0.61059201 -0.062708
v 0.006075 0.58412099 -0.067679
v 0.008939 0.59555 -0.067802
v 0.009373 0.612607 -0.063525
v 0.013143 0.53150499 -0.033074
v 0.010554 0.53311002 -0.034123
v 0.015283 0.532323 -0.028078
v 0.013968 0.54289597 -0.011758
v -0.0056 0.52165997 -0.021719
v -0.003356 0.52410799 -0.021318
v -0.002516 0.528193 -0.019592
v -0.001657 0.532157 -0.018816
v 0.00122 0.53139901 -0.020279
v 0.004071 0.53082699 -0.018944
v 0.011246 0.53836101 -0.007709
v 0.0102 0.531371 -0.005287
v 0.013717 0.53134602 -0.00253
v 0.01223 0.53120899 0
v 0.013717 0.53134602 0.00253
v 0.0102 0.531371 0.005287
v 0.011246 0.53836101 0.007709
v 0.013968 0.54289597 0.011758
v -0.001657 0.532157 0.018816
v 0.00122 0.53139901 0.020279
v 0.004071 0.53082699 0.018944
v -0.002516 0.528193 0.019592
v -0.0056 0.52165997 0.021719
v -0.003356 0.52410799 0.021318
v 0.00626 0.53246301 0.015777
v -0.007964 0.52065998 0.018968
v -0.009096 0.52035898 0.021141
v -0.012146 0.52006501 0.017893
v 0.009174 0.53394002 0.016563
v 0.042376 0.514965 0.023501
v 0.044149 0.51127899 0.02509
v 0.040657 0.50809199 0.024425
v 0.0374 0.50870103 0.02293
v 0.035723 0.51040798 0.023037
v 0.036394 0.51338297 0.019256
v 0.039764 0.50920099 0.024837
v 0.037408 0.50617498 0.026093
v 0.003479 0.50429398 0.033993
v 0.002855 0.50440001 0.032967
v 0.004415 0.50434297 0.033533
v 0.003418 0.50481403 0.031688
v 0.004694 0.50440001 0.032805
v 0.035887 0.50402498 0.025986
v 0.034714 0.50296801 0.025188
v 0.035964 0.50156498 0.025282
v 0.037117 0.50223398 0.02203
v 0.037654 0.50331098 0.025968
v -0.018026 0.52329397 0.016496
v -0.015509 0.52155501 0.018212
v 0.012828 0.53487599 0.016782
v 0.015292 0.53545099 0.018951
v -0.039359 0.51549399 -0.020188
v -0.042837 0.51650798 -0.02022
v -0.035798 0.51487601 -0.020782
v -0.032246 0.51505202 -0.021559
v -0.02879 0.515845 -0.0224
v -0.04346 0.51740998 -0.008068
v -0.042262 0.51691598 -0.00222
v -0.042951 0.51846498 0
v -0.043602 0.51656997 -0.014452
v -0.042262 0.51691598 0.00222
v -0.043602 0.51656997 0.014452
v -0.04346 0.51740998 0.008068
v -0.046204 0.51776201 -0.02088
v -0.032246 0.51505202 0.021559
v -0.035798 0.51487601 0.020782
v -0.02879 0.515845 0.0224
v -0.039359 0.51549399 0.020188
v -0.025529 0.51696903 0.023325
v -0.042837 0.51650798 0.02022
v -0.022187 0.51814002 0.024387
v -0.046204 0.51776201 0.02088
v -0.018424 0.51903898 0.025459
v -0.018618 0.52181298 0.019974
v 0.008787 0.53281599 -0.029907
v -0.000133 0.531443 -0.025545
v -0.016294 0.53440303 -0.061238
v -0.018488 0.52734798 -0.058228
v -0.015121 0.523265 -0.057749
v -0.012425 0.51955402 -0.057414
v -0.025688 0.51554602 -0.03254
v -0.025678 0.513147 -0.030638
v -0.026492 0.517654 -0.037915
v -0.02411 0.51574802 -0.038214
v -0.013829 0.51500702 -0.040585
v -0.0078 0.50765502 -0.042244
v -0.003079 0.50769502 -0.046372
v -0.005811 0.50447601 -0.045959
v -0.011 0.50747699 -0.041917
v -0.005319 0.50985998 -0.050767
v -0.008687 0.51112002 -0.052505
v -0.008413 0.51303101 -0.054315
v -0.019594 0.51228702 -0.03819
v -0.017001 0.51487398 -0.041702
v -0.011404 0.51713598 -0.056262
v -0.010866 0.51456499 -0.055351
v -0.009994 0.51283997 -0.0538
v 0.069267 0.50706398 0.002124
v 0.065025 0.50935602 0.000565
v 0.076227 0.50134999 0.001447
v 0.059665 0.51094502 0.000416
v 0.078634 0.49753401 0.001762
v 0.057421 0.50247997 0.025754
v 0.058558 0.50121701 0.024118
v 0.059027 0.499616 0.021786
v 0.061256 0.50024098 0.023456
v 0.063347 0.49802199 0.023764
v 0.064308 0.49755999 0.022194
v 0.061508 0.498063 0.024157
v 0.064582 0.49691799 0.020633
v 0.065571 0.493016 0.021971
v 0.060582 0.510445 0.027327
v 0.056846 0.50940901 0.027624
v 0.054089 0.50199097 0.026122
v 0.053838 0.50239998 0.024642
v 0.056052 0.50238001 0.025717
v 0.061176 0.51503199 0.03102
v 0.067862 0.491478 0.019703
v 0.065108 0.49166799 0.020286
v 0.0716 0.53816998 0.03182
v 0.075076 0.53617603 0.031556
v 0.073577 0.534612 0.031387
v 0.068007 0.53119302 0.040618
v 0.069764 0.53291398 0.040096
v 0.063171 0.518071 0.03997
v 0.065715 0.52306801 0.041964
v 0.060908 0.51690799 0.038171
v 0.074097 0.49164999 0.014583
v 0.075032 0.49169001 0.014125
v 0.072941 0.491579 0.014789
v 0.071999 0.49188399 0.015663
v 0.069927 0.49304399 0.017521
v 0.069474 0.49314299 0.01773
v 0.075007 0.49548399 0.011633
v 0.075146 0.494894 0.01249
v 0.07506 0.493922 0.012687
v 0.072873 0.49488699 0.012396
v 0.037699 0.50159901 0.022914
v 0.041116 0.49994701 0.020726
v 0.040513 0.50178099 0.021778
v 0.041719 0.499549 0.021562
v 0.041714 0.498851 0.020729
v 0.04301 0.497237 0.019901
v 0.044555 0.49653599 0.019871
v 0.054021 0.51268703 0
v 0.064594 0.50951499 0.002054
v 0.066167 0.50779003 0.009174
v 0.067998 0.508026 0.008318
v 0.068432 0.507631 0.006264
v 0.068674 0.506962 0.004296
v 0.063693 0.50477999 0.01445
v 0.065332 0.50391197 0.013806
v 0.066947 0.50337797 0.012811
v 0.058736 0.50194001 0.016265
v 0.061035 0.50111902 0.015625
v 0.056299 0.50259697 0.017653
v 0.054064 0.49654299 0.016858
v 0.050766 0.49716699 0.015623
v 0.049132 0.49764499 0.016912
v 0.056101 0.49737701 0.018237
v 0.055374 0.49661699 0.017875
v 0.033035 0.52598101 0.020109
v 0.045672 0.496472 0.020171
v 0.046367 0.49665099 0.020163
v 0.048063 0.497991 0.020206
v 0.048655 0.49730399 0.020862
v 0.076368 0.49788699 0.007054
v 0.075918 0.49827701 0.007443
v 0.074912 0.49790901 0.008694
v 0.074553 0.497578 0.010453
v 0.07739 0.497879 0.003839
v 0.078568 0.49649999 0.005168
v 0.078653 0.496519 0.007601
v -0.012242 0.58176202 -0.069624
v -0.005983 0.582156 -0.069417
v 0.000143 0.58257699 -0.068688
v -0.018415 0.581626 -0.069144
v -0.019208 0.540829 -0.061002
v -0.021552 0.56176299 -0.067189
v -0.014516 0.54378402 -0.066432
v -0.023058 0.57002801 -0.06791
v -0.024113 0.58413303 -0.068178
v 0.020948 0.62248403 -0.054868
v 0.014746 0.62269402 -0.05603
v 0.074332 0.61404002 -0.005927
v 0.069762 0.62325001 -0.00712
v 0.033996 0.63297999 -0.039865
v 0.040102 0.632743 -0.03628
v 0.027929 0.63329899 -0.042715
v 0.04674 0.63272601 -0.031695
v 0.052771 0.63241601 -0.025439
v 0.057742 0.63315302 -0.015273
v 0.059444 0.63355303 -0.009916
v 0.060485 0.63361198 0
v 0.021876 0.632873 -0.044494
v 0.04385 0.55902398 0.017598
v 0.04374 0.55571198 0.019005
v 0.045474 0.55072302 0.021061
v 0.04378 0.562038 0.017285
v 0.049628 0.54754603 0.022075
v 0.044533 0.56671202 0.017719
v 0.044218 0.57027102 0.019547
v 0.043958 0.56394899 0.023006
v 0.054726 0.54656798 0.022912
v 0.060053 0.54366499 0.024298
v 0.067774 0.53781402 0.030516
v 0.061905 0.54236299 0.025346
v 0.074434 0.61436802 0
v 0.074332 0.61404002 0.005927
v 0.074292 0.61309201 0.011824
v 0.073866 0.61322802 0.017775
v 0.073099 0.613446 0.023691
v 0.071494 0.61366099 0.02943
v 0.072607 0.56973702 0.039403
v 0.073079 0.57103199 0.04086
v 0.067074 0.57268202 0.040506
v 0.07102 0.574884 0.042161
v 0.073244 0.58185399 0.037356
v 0.072645 0.58828402 0.036485
v 0.043456 0.56687599 0.024715
v 0.070909 0.599976 0.037243
v 0.070997 0.60492897 0.036067
v 0.068989 0.612836 0.034702
v 0.028383 0.52519202 0.02067
v 0.024597 0.53152698 0.019963
v 0.025701 0.52524 0.023039
v 0.032852 0.511751 0.020052
v 0.03406 0.51752102 0.019922
v 0.032716 0.51409101 0.021258
v 0.056031 0.51276201 0
v 0.00886 0.534356 -0.024716
v 0.006059 0.53220803 -0.02259
v 0.001535 0.62246501 -0.056995
v 0.003116 0.59492999 -0.068829
v -0.000378 0.612486 -0.064488
v 0.011904 0.52912402 -0.030313
v 0.002226 0.53031701 -0.022822
v 0.00886 0.534356 0.024716
v 0.011063 0.53665203 0.027147
v 0.002226 0.53031701 0.022822
v 0.006059 0.53220803 0.02259
v 0.014786 0.53512299 0.025681
v -0.000133 0.531443 0.025545
v -0.002613 0.52896303 0.025881
v -0.004732 0.52860802 0.027183
v 0.018269 0.53557003 0.023233
v -0.003753 0.52313399 0.026101
v -0.012406 0.51955098 0.022565
v -0.011653 0.52081299 0.019961
v 0.021293 0.53373998 0.021623
v 0.047611 0.51310498 0.02672
v 0.046048 0.51026702 0.022375
v 0.043155 0.50732899 0.021396
v 0.040674 0.50870198 0.024251
v 0.045203 0.51587999 0.026147
v 0.04255 0.51912999 0.021962
v 0.048114 0.51697701 0.027157
v 0.039446 0.512164 0.022196
v 0.037185 0.51353002 0.022199
v 0.038983 0.50566798 0.025776
v 0.038753 0.502249 0.025257
v 0.004139 0.516675 0.034858
v 0.004282 0.50457901 0.032262
v 0.00272 0.51758999 0.037043
v 0.001166 0.51834399 0.03731
v -0.001205 0.51945502 0.036492
v 0.000124 0.51798397 0.035147
v 0.002932 0.51747 0.033187
v 0.037597 0.50218099 0.025472
v 0.038758 0.501508 0.024194
v -0.015519 0.52066398 0.020053
v -0.037592 0.515459 -0.029829
v -0.03365 0.51410598 -0.030082
v -0.029665 0.51297599 -0.030308
v -0.046815 0.51889598 -0.008732
v -0.045506 0.51770103 -0.002756
v -0.045958 0.51844603 -0.00035
v -0.046885 0.51820099 -0.015908
v -0.046277 0.51862901 0
v -0.045506 0.51770103 0.002756
v -0.045958 0.51844603 0.00035
v -0.049596 0.51947802 -0.020916
v -0.046815 0.51889598 0.008732
v -0.049596 0.51947802 0.020916
v -0.046885 0.51820099 0.015908
v -0.041373 0.517138 -0.029599
v -0.021691 0.51419699 0.031168
v -0.025678 0.513147 0.030638
v -0.029665 0.51297599 0.030308
v -0.03365 0.51410598 0.030082
v -0.017711 0.51513398 0.031908
v -0.037592 0.515459 0.029829
v -0.014042 0.51736599 0.031569
v -0.041373 0.517138 0.029599
v -0.014989 0.519481 0.02519
v -0.004427 0.51836997 0.026287
v -0.008167 0.517061 0.027416
v -0.011073 0.51932299 0.029541
v -0.017841 0.53365701 -0.059383
v -0.024103 0.53444803 -0.058468
v -0.021339 0.52226001 -0.055559
v -0.024547 0.52576399 -0.056045
v -0.027716 0.52927399 -0.056394
v -0.018071 0.51881701 -0.05528
v -0.015172 0.51515299 -0.054547
v -0.03008 0.515971 -0.031355
v -0.02943 0.51799399 -0.036546
v -0.022349 0.51374698 -0.039594
v -0.02522 0.515535 -0.04071
v -0.006886 0.50702399 -0.048254
v -0.014376 0.50794101 -0.04367
v -0.009337 0.505777 -0.046717
v -0.020262 0.51522899 -0.042254
v -0.01047 0.50820601 -0.050528
v -0.012217 0.51133001 -0.053561
v 0.075284 0.50091302 0.003161
v 0.074708 0.50078899 0.005123
v 0.057902 0.49878901 0.024344
v 0.058466 0.498108 0.021586
v 0.057977 0.49836701 0.02249
v 0.057561 0.49840501 0.025875
v 0.056183 0.49829701 0.02584
v 0.062569 0.49339399 0.023223
v 0.064231 0.49275801 0.02124
v 0.063498 0.49279001 0.022171
v 0.060453 0.49263099 0.023292
v 0.059624 0.49380201 0.023504
v 0.063809 0.492989 0.020926
v 0.057471 0.51309001 0.029571
v 0.051735 0.51102 0.027565
v 0.052461 0.51521301 0.028433
v 0.050811 0.50394797 0.026317
v 0.049843 0.50244701 0.022759
v 0.048696 0.50376397 0.024633
v 0.050688 0.50231898 0.023799
v 0.052893 0.50235099 0.025102
v 0.053785 0.49957499 0.025714
v 0.058378 0.51693302 0.034648
v 0.066236 0.49284801 0.018135
v 0.064673 0.49365601 0.018639
v 0.063373 0.494977 0.019279
v 0.070546 0.535815 0.039075
v 0.069943 0.53860199 0.037496
v 0.066126 0.538194 0.035964
v 0.067942 0.53300202 0.04414
v 0.068725 0.538302 0.042374
v 0.061326 0.51901501 0.045541
v 0.06183 0.524324 0.047865
v 0.059233 0.51744699 0.044312
v 0.065609 0.53406101 0.046496
v 0.057089 0.51779503 0.042445
v 0.070322 0.495159 0.013449
v 0.071547 0.495213 0.012033
v 0.069748 0.494506 0.014777
v 0.069558 0.49377099 0.017115
v 0.068587 0.49278599 0.01679
v 0.067434 0.491965 0.015934
v 0.07357 0.49779299 0.012072
v 0.072688 0.49813399 0.011965
v 0.040261 0.50161898 0.02205
v 0.043783 0.49987799 0.02182
v 0.042705 0.50022501 0.025114
v 0.041164 0.500229 0.02432
v 0.040075 0.50013298 0.023317
v 0.045095 0.49885699 0.021358
v 0.045558 0.49910301 0.021576
v 0.046377 0.49803799 0.021831
v 0.068563 0.50349998 0.011682
v 0.070374 0.503286 0.01095
v 0.07192 0.50274801 0.010055
v 0.072746 0.50247103 0.008193
v 0.073855 0.50160903 0.006723
v 0.063394 0.50062603 0.015387
v 0.065699 0.50039703 0.014828
v 0.067879 0.499881 0.013713
v 0.059834 0.502446 0.015399
v 0.05657 0.496829 0.017154
v 0.057552 0.496656 0.015765
v 0.059148 0.49639001 0.015408
v 0.053774 0.49420199 0.018797
v 0.052153 0.49387801 0.018796
v 0.050587 0.494331 0.018876
v 0.048696 0.496342 0.018869
v 0.056208 0.49619499 0.018726
v 0.058284 0.49333301 0.018438
v 0.055437 0.495002 0.018701
v 0.030998 0.51845801 0.020484
v 0.031013 0.52078998 0.021112
v 0.031242 0.52401102 0.02079
v 0.00089 0.53340602 0.029759
v 0.047485 0.49802601 0.022359
v 0.04869 0.49818599 0.021409
v 0.049588 0.49610701 0.022845
v 0.049656 0.49608099 0.021636
v 0.077268 0.49687001 0.008448
v 0.0769 0.496591 0.010435
v 0.077253 0.49637601 0.01196
v 0.075958 0.49694699 0.011538
v 0.077109 0.498225 0.006324
v -0.011334 0.59595299 -0.069729
v -0.01702 0.59783697 -0.069104
v -0.002823 0.59505498 -0.069556
v -0.022806 0.599356 -0.068304
v -0.030939 0.54069197 -0.058833
v -0.023811 0.546947 -0.061976
v -0.032097 0.54405701 -0.059553
v -0.027718 0.53760701 -0.05815
v -0.0279 0.56121099 -0.065365
v -0.029165 0.57053298 -0.066257
v -0.029851 0.58629203 -0.066696
v -0.028584 0.59986699 -0.067028
v 0.016418 0.63334101 -0.044896
v 0.008544 0.63285202 -0.046612
v 0.069928 0.623402 0
v 0.023452 0.64210302 -0.02927
v 0.029257 0.64161199 -0.026693
v 0.034751 0.64182699 -0.022501
v 0.017671 0.64208001 -0.030738
v 0.039879 0.64200699 -0.016834
v 0.042867 0.64188403 -0.012118
v 0.044269 0.64237499 -0.008186
v 0.045253 0.64240497 0
v 0.069762 0.62325001 0.00712
v 0.059444 0.63355303 0.009916
v 0.069045 0.62298298 0.011284
v 0.044269 0.64237499 0.008186
v 0.043317 0.56179601 0.026034
v 0.043443 0.55547303 0.02243
v 0.044963 0.54898202 0.02499
v 0.050531 0.543899 0.028295
v 0.058193 0.54098499 0.029182
v 0.061459 0.540806 0.027092
v 0.067891 0.62340897 0.016015
v 0.064945 0.62506402 0.021873
v 0.062173 0.62557101 0.027247
v 0.068773 0.56520599 0.044559
v 0.069151 0.56797397 0.045707
v 0.064597 0.56691098 0.04428
v 0.067094 0.57216901 0.047425
v 0.069244 0.57996303 0.042549
v 0.068677 0.58676201 0.041448
v 0.066884 0.59946197 0.04216
v 0.067384 0.60374397 0.040831
v 0.065606 0.61139399 0.039275
v 0.059564 0.62491202 0.032141
v 0.029145 0.53024602 0.022478
v 0.030167 0.52721399 0.021363
v 0.024111 0.52988499 0.022654
v 0.028675 0.53362697 0.022887
v 0.038154 0.51683599 0.021142
v 0.029155 0.517488 0.020875
v 0.034152 0.51747 0.021376
v -0.006607 0.623115 -0.056758
v -0.006021 0.61190701 -0.065052
v -0.004978 0.63332802 -0.045961
v 0.016968 0.53658003 0.026976
v 0.015283 0.532323 0.028078
v 0.011904 0.52912402 0.030313
v 0.01801 0.54089999 0.025175
v 0.020215 0.53876001 0.02334
v 0.008787 0.53281599 0.029907
v 0.008115 0.52942502 0.029045
v 0.004897 0.53021699 0.028428
v 0.022799 0.53408802 0.023281
v 0.04263 0.50742602 0.024109
v 0.040843 0.50680703 0.022696
v 0.040659 0.504228 0.022494
v 0.039919 0.50466698 0.024077
v 0.045127 0.52074498 0.025608
v 0.042244 0.52330601 0.020698
v 0.048386 0.52087301 0.027578
v 0.040989 0.51574999 0.02103
v 0.053652 0.520702 0.030747
v 0.039514 0.50205702 0.023623
v 0.039772 0.501876 0.022944
v 0.002597 0.52783197 0.041665
v 0.002257 0.52168202 0.038098
v -0.000974 0.522053 0.039316
v -0.003316 0.52350199 0.038325
v -0.001646 0.52200103 0.036216
v -0.000183 0.52045298 0.033394
v 0.003475 0.51978999 0.032806
v -0.03868 0.51881802 -0.032108
v -0.034478 0.51718003 -0.031455
v -0.050409 0.51950699 -0.009685
v -0.048856 0.51822501 -0.003454
v -0.049275 0.51933098 -0.000845
v -0.050467 0.51935703 -0.01678
v -0.049635 0.518911 0
v -0.052791 0.521375 -0.02096
v -0.049275 0.51933098 0.000845
v -0.048856 0.51822501 0.003454
v -0.050409 0.51950699 0.009685
v -0.04491 0.51946098 -0.029459
v -0.050467 0.51935703 0.01678
v -0.04491 0.51946098 0.029459
v -0.052791 0.521375 0.02096
v -0.042803 0.52067697 -0.033039
v -0.022368 0.51608801 0.035962
v -0.018653 0.51618701 0.03578
v -0.025688 0.51554602 0.03254
v -0.03008 0.515971 0.031355
v -0.034478 0.51718003 0.031455
v -0.03868 0.51881802 0.032108
v -0.014533 0.51681399 0.033009
v -0.011012 0.51965702 0.03203
v -0.007604 0.523027 0.031837
v -0.042803 0.52067697 0.033039
v -0.001672 0.52963901 0.030735
v -0.004352 0.526281 0.031545
v -0.030996 0.53265297 -0.055972
v -0.030457 0.52348 -0.052654
v -0.033398 0.52649099 -0.052693
v -0.028303 0.52011698 -0.051249
v -0.035548 0.530128 -0.051811
v -0.038808 0.53263497 -0.051251
v -0.026265 0.51656002 -0.04969
v -0.023504 0.51363498 -0.048578
v -0.032491 0.518031 -0.035792
v -0.035437 0.51899803 -0.035455
v -0.028281 0.51712602 -0.041146
v -0.026948 0.51460701 -0.042668
v -0.023674 0.51494002 -0.042391
v -0.013079 0.50714999 -0.047505
v -0.017704 0.509031 -0.045388
v -0.016453 0.50946999 -0.047744
v -0.019938 0.51172799 -0.047993
v 0.075748 0.49884599 0.008392
v 0.057375 0.494378 0.023779
v 0.058095 0.49404401 0.022661
v 0.056236 0.495296 0.024997
v 0.054217 0.49579701 0.025058
v 0.063154 0.49295199 0.020417
v 0.061199 0.49184901 0.021301
v 0.059161 0.49245399 0.021819
v 0.057695 0.49452299 0.022296
v 0.046101 0.50564802 0.024862
v 0.047839 0.50508302 0.025541
v 0.0511 0.49974799 0.025077
v 0.04963 0.50002599 0.023252
v 0.048942 0.50089002 0.02451
v 0.048255 0.50176197 0.025757
v 0.051085 0.49676499 0.025454
v 0.055951 0.52185601 0.035961
v 0.056682 0.52106398 0.042
v 0.063151 0.49350101 0.017142
v 0.064321 0.49277601 0.015635
v 0.066136 0.49218401 0.015106
v 0.061695 0.493523 0.018781
v 0.061593 0.493954 0.017231
v 0.06735 0.54093999 0.042019
v 0.064933 0.54087597 0.040465
v 0.059155 0.544025 0.04706
v 0.060252 0.54496002 0.044968
v 0.054248 0.53738898 0.054336
v 0.05736 0.54096502 0.052509
v 0.053487 0.52449399 0.05454
v 0.055304 0.51782101 0.049665
v 0.050616 0.53627598 0.056598
v 0.054611 0.51656002 0.048201
v 0.053403 0.51844698 0.047999
v 0.05766 0.54470301 0.052237
v 0.069892 0.49784499 0.012635
v 0.06924 0.49487001 0.016146
v 0.068719 0.495886 0.014697
v 0.073195 0.49718899 0.012349
v 0.044344 0.49810401 0.025622
v 0.04083 0.50177598 0.024225
v 0.042971 0.50108403 0.025675
v 0.045053 0.49891701 0.026211
v 0.046224 0.498193 0.024705
v 0.070251 0.49976301 0.013095
v 0.072422 0.499506 0.012116
v 0.074336 0.499347 0.010392
v 0.06197 0.501055 0.016017
v 0.062158 0.50054502 0.01613
v 0.065107 0.50172698 0.013815
v 0.063263 0.50019097 0.01625
v 0.067335 0.50091499 0.013598
v 0.060508 0.49655101 0.015671
v 0.059207 0.49313399 0.018029
v 0.060223 0.49345699 0.016539
v 0.053104 0.49606201 0.021057
v 0.053994 0.49527299 0.02029
v 0.055821 0.49498099 0.019938
v 0.056949 0.49520999 0.020427
v 0.058738 0.49473199 0.020352
v 0.060582 0.49393901 0.018888
v 0.034554 0.521137 0.02082
v 0.034454 0.52487803 0.020327
v 0.034069 0.52860701 0.020337
v 0.033437 0.53219002 0.021198
v -0.002362 0.52573901 0.032812
v 0.000281 0.524409 0.031502
v 0.004739 0.524607 0.03481
v 0.004972 0.53133899 0.032621
v 0.048305 0.49835801 0.024279
v 0.049973 0.49841699 0.02312
v 0.050773 0.495076 0.024574
v 0.053295 0.49495199 0.024217
v -0.017268 0.61340302 -0.064048
v -0.022936 0.613401 -0.063508
v -0.01164 0.612508 -0.064722
v -0.02853 0.61306 -0.062513
v -0.032806 0.55725902 -0.06283
v -0.037176 0.53987801 -0.055338
v -0.041899 0.54304802 -0.054484
v -0.034189 0.53614199 -0.055481
v -0.03701 0.55250299 -0.059856
v -0.034652 0.56813198 -0.063842
v -0.0357 0.58598 -0.064484
v -0.034249 0.59930402 -0.065148
v -0.034029 0.61259198 -0.061039
v 0.010403 0.64244002 -0.030837
v -0.003313 0.64182401 -0.03211
v 0.01585 0.64701903 -0.017474
v 0.02011 0.64723098 -0.014926
v 0.023724 0.64735699 -0.011651
v 0.027059 0.64747697 -0.009332
v 0.029247 0.64741099 -0.006755
v 0.01024 0.64654702 -0.01928
v 0.030836 0.64739001 0
v 0.057742 0.63315302 0.015273
v 0.042867 0.64188403 0.012118
v 0.029247 0.64741099 0.006755
v 0.063279 0.56245202 0.045387
v 0.057989 0.55409098 0.044163
v 0.058284 0.54450703 0.043034
v 0.052771 0.63241601 0.025439
v 0.06257 0.56561798 0.050058
v 0.065058 0.564569 0.048913
v 0.065272 0.562455 0.046447
v 0.064648 0.577838 0.047069
v 0.064074 0.58646703 0.046079
v 0.062343 0.59748501 0.046189
v 0.062914 0.60336798 0.044973
v 0.061237 0.61088997 0.043075
v 0.054089 0.62364697 0.038505
v 0.04674 0.63272601 0.031695
v 0.032139 0.53479898 0.02322
v 0.026825 0.53514099 0.025181
v 0.029269 0.53587902 0.024959
v 0.02735 0.536704 0.027886
v 0.041632 0.51947403 0.019434
v 0.038549 0.52011901 0.019611
v 0.038668 0.52351499 0.018356
v -0.016713 0.62400299 -0.055423
v -0.013687 0.63415498 -0.043959
v -0.010322 0.642012 -0.031527
v 0.018681 0.53281897 0.031287
v 0.015761 0.53119498 0.032163
v 0.013143 0.53150499 0.033074
v 0.010554 0.53311002 0.034123
v 0.021405 0.53653002 0.027597
v 0.020343 0.53382701 0.028839
v 0.024629 0.53583002 0.027435
v 0.007514 0.53344202 0.035249
v 0.043 0.50565702 0.023274
v 0.041919 0.50516403 0.021625
v 0.040847 0.503667 0.022378
v 0.044822 0.52560902 0.024739
v 0.042087 0.52748799 0.019438
v 0.049147 0.52794403 0.027603
v 0.05206 0.52988303 0.030974
v 0.054185 0.533135 0.03404
v 0.006797 0.53135198 0.050151
v 0.004454 0.53007799 0.047383
v 0.003777 0.53097397 0.042873
v 0.008951 0.53396702 0.052254
v 0.005685 0.52092999 0.034409
v 0.001871 0.52467799 0.040102
v 0.00269 0.52669901 0.045997
v 0.00083 0.52288198 0.045482
v -0.001288 0.519508 0.045143
v -0.003323 0.52077198 0.041287
v -0.006558 0.52222502 0.038575
v -0.008642 0.52040601 0.035961
v -0.010019 0.51750302 0.035116
v -0.007135 0.523637 0.035844
v -0.005 0.52577001 0.034667
v -0.038313 0.52054 -0.035461
v -0.04125 0.521788 -0.035793
v -0.052147 0.51929402 -0.003725
v -0.053876 0.520307 -0.010633
v -0.052498 0.52057499 -0.001136
v -0.053972 0.52094299 -0.017272
v -0.052901 0.51982898 0
v -0.055175 0.52275699 -0.023486
v -0.052498 0.52057499 0.001136
v -0.04817 0.52225602 -0.029397
v -0.052147 0.51929402 0.003725
v -0.053876 0.520307 0.010633
v -0.053972 0.52094299 0.017272
v -0.046754 0.52290201 -0.033837
v -0.055175 0.52275699 0.023486
v -0.04817 0.52225602 0.029397
v -0.046754 0.52290201 0.033837
v -0.044169 0.52299303 -0.036248
v -0.021677 0.51379198 0.037007
v -0.018638 0.51365697 0.036066
v -0.026492 0.517654 0.037915
v -0.02411 0.51574802 0.038214
v -0.02943 0.51799399 0.036546
v -0.032491 0.518031 0.035792
v -0.035437 0.51899803 0.035455
v -0.038313 0.52054 0.035461
v -0.04125 0.521788 0.035793
v -0.012836 0.51591003 0.034783
v -0.015733 0.51458198 0.035241
v -0.044169 0.52299303 0.036248
v -0.04126 0.53553402 -0.0494
v -0.037415 0.52655399 -0.048175
v -0.04003 0.52961099 -0.048288
v -0.035115 0.52319902 -0.048032
v -0.032724 0.51995403 -0.047722
v -0.030547 0.51675099 -0.04657
v -0.042689 0.532381 -0.047414
v -0.044824 0.53512698 -0.045532
v -0.02807 0.51381201 -0.045394
v -0.024845 0.511545 -0.045173
v -0.03131 0.51889199 -0.041181
v -0.034473 0.52034003 -0.041307
v -0.029595 0.51664603 -0.043425
v -0.021272 0.510261 -0.045853
v 0.055087 0.493727 0.023089
v 0.046431 0.50245899 0.026753
v 0.041622 0.50321901 0.024209
v 0.044198 0.50258398 0.026144
v 0.050074 0.49803701 0.024899
v 0.049575 0.49924001 0.023173
v 0.048344 0.499594 0.025242
v 0.046917 0.49945599 0.026178
v 0.057407 0.52835602 0.042954
v 0.048558 0.52100497 0.052373
v 0.064862 0.495334 0.013672
v 0.063197 0.49562901 0.015247
v 0.062483 0.496658 0.017188
v 0.066926 0.49561301 0.013701
v 0.058956 0.55487299 0.04818
v 0.059657 0.55561203 0.051758
v 0.059674 0.55419499 0.046645
v 0.055429 0.54517299 0.052046
v 0.055773 0.541179 0.052638
v 0.054231 0.538791 0.052579
v 0.050257 0.53584802 0.054488
v 0.050189 0.52038401 0.055004
v 0.044209 0.530384 0.0612
v 0.041284 0.52725101 0.060509
v 0.047134 0.536861 0.058525
v 0.048602 0.51949698 0.053664
v 0.04628 0.53599101 0.056475
v 0.057577 0.55578399 0.052612
v 0.068397 0.50006503 0.013818
v 0.07013 0.498862 0.013891
v 0.038515 0.52705598 0.017211
v 0.0379 0.53055799 0.016866
v 0.036854 0.53356999 0.018698
v 0.036196 0.53532797 0.021953
v 0.00531 0.53374398 0.04449
v 0.00332 0.52773398 0.036036
v 0.003246 0.53067201 0.038276
v 0.004501 0.53363001 0.040032
v 0.00555 0.536928 0.040717
v 0.005286 0.53395998 0.035503
v -0.024166 0.62417603 -0.054585
v -0.031933 0.624708 -0.051716
v -0.039397 0.56452602 -0.061088
v -0.047938 0.54256999 -0.047996
v -0.044724 0.53749001 -0.048694
v -0.041951 0.54939699 -0.056607
v -0.044174 0.56159902 -0.057708
v -0.040714 0.58310199 -0.061898
v -0.039796 0.59813702 -0.063151
v -0.039385 0.611875 -0.059172
v -0.039787 0.62391102 -0.048629
v -0.00108 0.64670002 -0.019518
v -0.007902 0.64631599 -0.018822
v 0.017556 0.64885902 -0.005965
v 0.012915 0.64902002 -0.007682
v 0.00061 0.64904302 -0.009121
v 0.020896 0.64857203 0
v 0.039879 0.64200699 0.016834
v 0.034751 0.64182699 0.022501
v 0.027059 0.64747697 0.009332
v 0.060255 0.56512499 0.050062
v 0.059433 0.57389599 0.048035
v 0.058852 0.58640099 0.049855
v 0.057406 0.59610701 0.049913
v 0.057932 0.60290998 0.048346
v 0.056544 0.61038798 0.0464
v 0.04632 0.62212402 0.044817
v 0.051719 0.61006302 0.049549
v 0.040102 0.632743 0.03628
v 0.036557 0.53406799 0.025182
v 0.025536 0.53627902 0.03082
v 0.034578 0.53559899 0.027514
v 0.03296 0.53741401 0.030191
v 0.041389 0.52329099 0.017788
v 0.042634 0.53166902 0.017818
v 0.041232 0.52712703 0.016344
v -0.021121 0.634233 -0.042663
v -0.020648 0.64176399 -0.028472
v -0.015598 0.646222 -0.01779
v 0.018812 0.53078401 0.036475
v 0.015607 0.530922 0.037427
v 0.021508 0.53282303 0.035658
v 0.013698 0.53379399 0.038654
v 0.012107 0.53705901 0.039336
v 0.009001 0.53719199 0.040066
v 0.023565 0.53474897 0.033435
v 0.044929 0.53050601 0.024033
v 0.049896 0.534724 0.027447
v 0.045727 0.53508502 0.02276
v 0.050722 0.53908497 0.026818
v 0.057102 0.539258 0.038979
v 0.05747 0.53744602 0.045942
v 0.0497 0.54170799 0.032316
v 0.003404 0.533499 0.049198
v 0.004069 0.53167802 0.045808
v 0.005433 0.53396201 0.053137
v 0.001174 0.52860999 0.04326
v 0.012508 0.53542298 0.052268
v 0.009066 0.53343701 0.055139
v -0.000694 0.52592498 0.045247
v -0.001514 0.52314001 0.048907
v -0.003411 0.51982802 0.05053
v -0.002636 0.51578802 0.044154
v -0.004637 0.51735401 0.040976
v -0.008667 0.519171 0.038488
v -0.04066 0.52342498 -0.040565
v -0.037591 0.52183402 -0.041085
v -0.054972 0.52132601 -0.003728
v -0.056731 0.522618 -0.011234
v -0.055573 0.52226597 -0.001343
v -0.05683 0.52358598 -0.018199
v -0.056004 0.521281 0
v -0.057249 0.52555603 -0.024487
v -0.055573 0.52226597 0.001343
v -0.051287 0.52519399 -0.029593
v -0.054972 0.52132601 0.003728
v -0.050307 0.52588701 -0.033937
v -0.056731 0.522618 0.011234
v -0.05683 0.52358598 0.018199
v -0.057249 0.52555603 0.024487
v -0.046952 0.52455997 -0.036649
v -0.051287 0.52519399 0.029593
v -0.050307 0.52588701 0.033937
v -0.046952 0.52455997 0.036649
v -0.043897 0.52472401 -0.040432
v -0.016306 0.51279002 0.03738
v -0.01288 0.51363701 0.037104
v -0.010445 0.51583898 0.037732
v -0.019594 0.51228702 0.03819
v -0.022349 0.51374698 0.039594
v -0.02522 0.515535 0.04071
v -0.028281 0.51712602 0.041146
v -0.03131 0.51889199 0.041181
v -0.034473 0.52034003 0.041307
v -0.037591 0.52183402 0.041085
v -0.04066 0.52342498 0.040565
v -0.043897 0.52472401 0.040432
v -0.048448 0.53655398 -0.044842
v -0.045865 0.52891201 -0.043905
v -0.048711 0.53048599 -0.042938
v -0.042866 0.52745903 -0.044842
v -0.040014 0.52559 -0.045483
v -0.03733 0.52345198 -0.045314
v -0.034749 0.52121198 -0.044543
v -0.032158 0.519005 -0.043985
v -0.051006 0.532911 -0.042096
v -0.052842 0.53603899 -0.041353
v 0.048856 0.53515702 0.054083
v 0.040384 0.52659398 0.05939
v 0.040779 0.52775598 0.057949
v 0.055737 0.54597098 0.047754
v 0.056654 0.55583203 0.048913
v 0.054132 0.53957599 0.051445
v 0.043755 0.53575999 0.056417
v 0.037152 0.530828 0.061789
v 0.042565 0.53769499 0.059866
v 0.033335 0.53535199 0.062886
v 0.033582 0.53248602 0.062752
v 0.036501 0.53004098 0.060219
v 0.040924 0.53608 0.058666
v 0.058934 0.56470799 0.048627
v 0.041069 0.53120703 0.01457
v 0.040443 0.53517002 0.013085
v 0.040372 0.537139 0.014879
v 0.040589 0.53707802 0.019224
v 0.015585 0.53306901 0.05185
v 0.008175 0.53483301 0.045912
v 0.010794 0.53711301 0.046246
v 0.013732 0.53720701 0.045839
v -0.030391 0.63354897 -0.04047
v -0.039327 0.63135302 -0.038594
v -0.045257 0.57916403 -0.059544
v -0.05106 0.54233098 -0.046458
v -0.047614 0.54853898 -0.052942
v -0.049231 0.55986398 -0.054063
v -0.049677 0.575414 -0.056817
v -0.043756 0.59583497 -0.060744
v -0.04445 0.61079901 -0.056663
v -0.047509 0.62177199 -0.045345
v -0.049147 0.609752 -0.05344
v -0.005645 0.64848202 -0.010191
v -0.015454 0.64802802 -0.009873
v -0.00767 0.65056503 0
v 0.017556 0.64885902 0.005965
v 0.023724 0.64735699 0.011651
v 0.029257 0.64161199 0.026693
v 0.02011 0.64723098 0.014926
v 0.033996 0.63297999 0.039865
v 0.05407 0.56996101 0.04664
v 0.055956 0.56442702 0.044671
v 0.053065 0.585154 0.05232
v 0.052193 0.59481603 0.053178
v 0.052979 0.601915 0.051667
v 0.04793 0.60085601 0.054784
v 0.046693 0.60994202 0.052326
v 0.040183 0.62217599 0.048688
v 0.040065 0.53512299 0.024002
v 0.03159 0.53697002 0.033161
v 0.038651 0.53283799 0.027245
v 0.03886 0.53669798 0.027666
v 0.04334 0.535896 0.016771
v 0.043296 0.5402 0.018091
v -0.028571 0.64099199 -0.026593
v -0.025129 0.64547902 -0.016326
v -0.021353 0.64739299 -0.00854
v 0.027866 0.53689402 0.038876
v 0.025919 0.53431898 0.040387
v 0.02987 0.53658301 0.036224
v 0.023667 0.53207499 0.041857
v 0.021191 0.53094101 0.043979
v 0.017998 0.53158301 0.044552
v 0.015633 0.53392601 0.045223
v 0.046523 0.54006398 0.021458
v 0.046579 0.54248601 0.024778
v 0.05511 0.54562598 0.042444
v 0.049127 0.54478198 0.034339
v 0.046644 0.54052103 0.030009
v -7.6E-05 0.53696698 0.045121
v -0.00056 0.53629202 0.042595
v 0.002758 0.53596097 0.054188
v 0.001188 0.53577203 0.049785
v 0.008847 0.53716099 0.059639
v 0.004642 0.53683299 0.058331
v 0.013107 0.53548098 0.059827
v -0.001974 0.53362501 0.046938
v 0.012673 0.53232199 0.056918
v 0.016999 0.53292102 0.060245
v -0.002857 0.530563 0.05037
v -0.003956 0.52739602 0.053847
v -0.005869 0.52330798 0.055751
v -0.003552 0.515679 0.049485
v -0.002858 0.51175898 0.043071
v -0.006438 0.51861501 0.055394
v -0.007146 0.51528698 0.040194
v -0.059365 0.525518 -0.011275
v -0.057586 0.52376699 -0.003799
v -0.058587 0.52409101 -0.001265
v -0.059727 0.52635002 -0.018527
v -0.058769 0.523404 0
v -0.059722 0.52860999 -0.024042
v -0.058587 0.52409101 0.001265
v -0.054551 0.52783102 -0.030294
v -0.057586 0.52376699 0.003799
v -0.059365 0.525518 0.011275
v -0.053728 0.52914602 -0.033583
v -0.05217 0.52850002 -0.036959
v -0.049613 0.52643299 -0.036923
v -0.057695 0.53077602 -0.030371
v -0.059727 0.52635002 0.018527
v -0.059722 0.52860999 0.024042
v -0.054551 0.52783102 0.030294
v -0.047133 0.52601498 -0.040531
v -0.053728 0.52914602 0.033583
v -0.05217 0.52850002 0.036959
v -0.049613 0.52643299 0.036923
v -0.057695 0.53077602 0.030371
v -0.047133 0.52601498 0.040531
v -0.010574 0.51500601 0.039999
v -0.013829 0.51500702 0.040585
v -0.017001 0.51487398 0.041702
v -0.020262 0.51522899 0.042254
v -0.023674 0.51494002 0.042391
v -0.026948 0.51460701 0.042668
v -0.029595 0.51664603 0.043425
v -0.032158 0.519005 0.043985
v -0.034749 0.52121198 0.044543
v -0.03733 0.52345198 0.045314
v -0.040014 0.52559 0.045483
v -0.042866 0.52745903 0.044842
v -0.055666 0.54178703 -0.042727
v -0.054385 0.533768 -0.039695
v -0.052272 0.53078598 -0.039898
v -0.049947 0.52801102 -0.040352
v -0.056331 0.53687 -0.039818
v -0.057439 0.54031497 -0.039795
v 0.036882 0.530568 0.058181
v 0.051267 0.55593997 0.039658
v 0.052702 0.56204998 0.042592
v 0.033399 0.53115398 0.060108
v 0.0335 0.53166598 0.059028
v 0.026695 0.53227103 0.059346
v 0.026349 0.53372997 0.063407
v 0.026938 0.531596 0.062178
v 0.028808 0.53030002 0.059603
v 0.042423 0.54307199 0.021455
v 0.041416 0.54138398 0.024625
v 0.041361 0.53791201 0.027881
v 0.041163 0.53544497 0.031188
v 0.018533 0.53037298 0.051044
v 0.015738 0.52977699 0.056788
v 0.021612 0.52969497 0.048907
v 0.024091 0.53175497 0.046816
v -0.035321 0.63983899 -0.023626
v -0.045714 0.630835 -0.034054
v -0.05224 0.62011802 -0.042326
v -0.039623 0.63899797 -0.022162
v -0.048073 0.59275502 -0.057823
v -0.052632 0.54917997 -0.048429
v -0.054601 0.55972302 -0.050494
v -0.054117 0.57272202 -0.053086
v -0.052224 0.59004998 -0.054323
v -0.053462 0.60877699 -0.049632
v -0.032188 0.64596701 0
v -0.029865 0.64621502 -0.004536
v -0.029865 0.64621502 0.004536
v -0.021353 0.64739299 0.00854
v -0.015454 0.64802802 0.009873
v -0.005645 0.64848202 0.010191
v 0.00061 0.64904302 0.009121
v 0.012915 0.64902002 0.007682
v 0.01585 0.64701903 0.017474
v 0.023452 0.64210302 0.02927
v 0.027929 0.63329899 0.042715
v 0.032475 0.62198102 0.051806
v 0.028284 0.62209803 0.05356
v 0.04808 0.56716102 0.046335
v 0.047623 0.58214998 0.054143
v 0.046803 0.59299898 0.055854
v 0.042681 0.59985298 0.05755
v 0.041524 0.61003298 0.054822
v 0.041402 0.59094101 0.058398
v 0.036389 0.60979003 0.057367
v 0.037957 0.53424698 0.033446
v 0.037222 0.53681201 0.031258
v 0.035833 0.53590101 0.036476
v 0.034596 0.53874397 0.039397
v -0.032482 0.64466202 -0.012287
v 0.032626 0.536731 0.037402
v 0.03442 0.53609502 0.034061
v 0.030823 0.53851002 0.040434
v 0.028972 0.53742999 0.043755
v 0.026449 0.53485698 0.045392
v 0.045123 0.55130398 0.037438
v 0.045799 0.53891599 0.033342
v 0.042694 0.54245698 0.035395
v -0.004123 0.53255302 0.057026
v -0.001787 0.53438598 0.05844
v 0.002216 0.53771901 0.060601
v 0.009049 0.54038697 0.060086
v 0.014672 0.53677303 0.060591
v 0.005155 0.54004699 0.059993
v 0.019742 0.53612202 0.062635
v -0.007573 0.53127497 0.059819
v 0.02078 0.53017098 0.059895
v -0.010749 0.52792799 0.059161
v -0.011507 0.52354097 0.058582
v -0.01031 0.52031797 0.057345
v -0.004107 0.50774997 0.042707
v -0.002743 0.51182902 0.047557
v -0.005739 0.51410198 0.053542
v -0.008803 0.51489699 0.055618
v -0.009341 0.517465 0.05652
v -0.062135 0.52815503 -0.011042
v -0.060453 0.52580303 -0.004033
v -0.061595 0.52585202 -0.000767
v -0.062197 0.529544 -0.018268
v -0.061471 0.52558798 0
v -0.062197 0.53136301 -0.023402
v -0.061595 0.52585202 0.000767
v -0.060453 0.52580303 0.004033
v -0.062135 0.52815503 0.011042
v -0.062197 0.529544 0.018268
v -0.054519 0.53081399 -0.036759
v -0.057265 0.53218901 -0.033132
v -0.063761 0.53610998 -0.028455
v -0.061049 0.53302801 -0.028959
v -0.064371 0.53441799 -0.022462
v -0.062197 0.53136301 0.023402
v -0.063761 0.53610998 0.028455
v -0.061049 0.53302801 0.028959
v -0.057265 0.53218901 0.033132
v -0.054519 0.53081399 0.036759
v -0.049947 0.52801102 0.040352
v -0.052272 0.53078598 0.039898
v -0.064371 0.53441799 0.022462
v -0.045865 0.52891201 0.043905
v -0.0078 0.50765502 0.042244
v -0.011 0.50747699 0.041917
v -0.014376 0.50794101 0.04367
v -0.017704 0.509031 0.045388
v -0.021272 0.510261 0.045853
v -0.024845 0.511545 0.045173
v -0.02807 0.51381201 0.045394
v -0.030547 0.51675099 0.04657
v -0.032724 0.51995403 0.047722
v -0.035115 0.52319902 0.048032
v -0.037415 0.52655399 0.048175
v -0.04003 0.52961099 0.048288
v -0.057183 0.55043399 -0.043522
v -0.056447 0.53353101 -0.036651
v -0.057988 0.53661698 -0.036639
v -0.058434 0.53969097 -0.036472
v -0.062459 0.55103499 -0.03939
v 0.049288 0.56150597 0.041834
v 0.042336 0.56605703 0.049538
v 0.028857 0.53038102 0.05886
v 0.021596 0.53417301 0.059466
v 0.023704 0.53213298 0.054276
v 0.023616 0.52835 0.056505
v 0.017893 0.53457898 0.057042
v 0.02074 0.53406399 0.051285
v 0.040504 0.54521102 0.038365
v 0.018631 0.52785301 0.054418
v 0.021252 0.52918398 0.051427
v 0.022226 0.53242803 0.048773
v -0.038764 0.643013 -0.008474
v -0.052909 0.62822402 -0.028935
v -0.058167 0.617154 -0.03855
v -0.044293 0.63766497 -0.018352
v -0.05765 0.60679102 -0.046136
v -0.059569 0.56000698 -0.046335
v -0.058665 0.57152498 -0.048787
v -0.056459 0.588898 -0.050263
v -0.042317 0.64147401 0
v -0.042106 0.641698 -0.005443
v -0.042106 0.641698 0.005443
v -0.032482 0.64466202 0.012287
v -0.025129 0.64547902 0.016326
v -0.038764 0.643013 0.008474
v -0.015598 0.646222 0.01779
v -0.007902 0.64631599 0.018822
v -0.00108 0.64670002 0.019518
v 0.01024 0.64654702 0.01928
v 0.010403 0.64244002 0.030837
v 0.017671 0.64208001 0.030738
v 0.021876 0.632873 0.044494
v 0.024585 0.62190199 0.054173
v 0.020948 0.62248403 0.054868
v 0.030938 0.60929 0.058805
v 0.025955 0.60930598 0.06002
v 0.042189 0.57883698 0.0555
v 0.037353 0.59842402 0.06004
v 0.035954 0.58898997 0.060849
v 0.03633 0.57689703 0.057145
v 0.031933 0.59705502 0.062243
v 0.038305 0.54750901 0.041876
v 0.032567 0.54127097 0.042408
v 0.035175 0.54865301 0.045095
v 0.03266 0.54739201 0.048663
v 0.030309 0.53940302 0.045155
v 0.027456 0.53915203 0.047594
v 0.02448 0.53573698 0.047551
v 0.039916 0.55324 0.043391
v 0.042578 0.55974698 0.045317
v -0.002742 0.53549302 0.060604
v -0.006601 0.53857797 0.064431
v 0.000994 0.54384398 0.062203
v 0.012973 0.54075301 0.055796
v 0.004428 0.54661202 0.061525
v -0.009099 0.53934503 0.065384
v -0.016294 0.53440303 0.061238
v -0.018488 0.52734798 0.058228
v -0.015121 0.523265 0.057749
v -0.012425 0.51955402 0.057414
v -0.011404 0.51713598 0.056262
v -0.003079 0.50769502 0.046372
v -0.005319 0.50985998 0.050767
v -0.005811 0.50447601 0.045959
v -0.008687 0.51112002 0.052505
v -0.008413 0.51303101 0.054315
v -0.010866 0.51456499 0.055351
v -0.009994 0.51283997 0.0538
v -0.065039 0.53061402 -0.01108
v -0.063427 0.52761698 -0.003875
v -0.064582 0.52765697 -0.000325
v -0.064499 0.53289801 -0.018084
v -0.064507 0.52709299 0
v -0.064582 0.52765697 0.000325
v -0.063427 0.52761698 0.003875
v -0.065039 0.53061402 0.01108
v -0.064499 0.53289801 0.018084
v -0.0606 0.535429 -0.032459
v -0.066168 0.53983402 -0.028724
v -0.067024 0.53705299 -0.02179
v -0.06998 0.53930402 -0.021234
v -0.067482 0.53556699 -0.018139
v -0.067024 0.53705299 0.02179
v -0.066168 0.53983402 0.028724
v -0.0606 0.535429 0.032459
v -0.056447 0.53353101 0.036651
v -0.06998 0.53930402 0.021234
v -0.054385 0.533768 0.039695
v -0.048711 0.53048599 0.042938
v -0.051006 0.532911 0.042096
v -0.067482 0.53556699 0.018139
v -0.042689 0.532381 0.047414
v -0.009337 0.505777 0.046717
v -0.013079 0.50714999 0.047505
v -0.016453 0.50946999 0.047744
v -0.019938 0.51172799 0.047993
v -0.023504 0.51363498 0.048578
v -0.026265 0.51656002 0.04969
v -0.028303 0.52011698 0.051249
v -0.030457 0.52348 0.052654
v -0.033398 0.52649099 0.052693
v -0.035548 0.530128 0.051811
v -0.038808 0.53263497 0.051251
v -0.063984 0.56061202 -0.041568
v -0.066038 0.544945 -0.03312
v -0.063668 0.53895199 -0.031538
v -0.067952 0.55130601 -0.0355
v -0.068221 0.56068301 -0.036596
v 0.036652 0.56545597 0.052845
v 0.022049 0.53848499 0.049967
v 0.020384 0.543387 0.053129
v 0.016527 0.53811598 0.053819
v -0.04822 0.63664103 -0.01401
v -0.05857 0.62462002 -0.023607
v -0.062869 0.61418098 -0.033121
v -0.061558 0.60410702 -0.042674
v -0.064773 0.60222602 -0.038102
v -0.060486 0.58925003 -0.045746
v -0.062903 0.57157803 -0.044025
v -0.049547 0.63647997 -0.00912
v -0.049767 0.63615 0
v -0.049547 0.63647997 0.00912
v -0.04822 0.63664103 0.01401
v -0.044293 0.63766497 0.018352
v -0.039623 0.63899797 0.022162
v -0.035321 0.63983899 0.023626
v -0.028571 0.64099199 0.026593
v -0.020648 0.64176399 0.028472
v -0.010322 0.642012 0.031527
v -0.003313 0.64182401 0.03211
v 0.008544 0.63285202 0.046612
v -0.004978 0.63332802 0.045961
v 0.016418 0.63334101 0.044896
v 0.014746 0.62269402 0.05603
v 0.020686 0.60996997 0.062099
v 0.015016 0.61059201 0.062708
v 0.020479 0.59755898 0.065491
v 0.026287 0.597251 0.064086
v 0.030202 0.58753002 0.062764
v 0.030598 0.57486498 0.059216
v 0.030561 0.56414998 0.05527
v 0.024199 0.58663201 0.064214
v 0.035106 0.554353 0.049292
v 0.029055 0.544442 0.049647
v 0.030423 0.55198002 0.05226
v 0.024871 0.54919702 0.054059
v 0.02528 0.54183298 0.05009
v 0.035826 0.55895197 0.050804
v -0.005381 0.55065 0.064942
v -0.010901 0.55362099 0.066746
v 0.00103 0.55201 0.063452
v -0.015606 0.55862999 0.068016
v 0.008159 0.54589897 0.059157
v 0.016204 0.54832101 0.057048
v 0.00694 0.55496699 0.062439
v -0.019208 0.540829 0.061002
v -0.021552 0.56176299 0.067189
v -0.014516 0.54378402 0.066432
v -0.017841 0.53365701 0.059383
v -0.024103 0.53444803 0.058468
v -0.021339 0.52226001 0.055559
v -0.024547 0.52576399 0.056045
v -0.027716 0.52927399 0.056394
v -0.018071 0.51881701 0.05528
v -0.015172 0.51515299 0.054547
v -0.006886 0.50702399 0.048254
v -0.01047 0.50820601 0.050528
v -0.012217 0.51133001 0.053561
v -0.066436 0.52933902 -0.003426
v -0.068045 0.53294402 -0.011327
v -0.067652 0.52936399 0
v -0.067668 0.52848798 0
v -0.066436 0.52933902 0.003426
v -0.068045 0.53294402 0.011327
v -0.069329 0.54263002 -0.027866
v -0.073122 0.541224 -0.020697
v -0.073938 0.54009098 -0.017486
v -0.07068 0.537925 -0.017992
v -0.071123 0.53515297 -0.011457
v -0.07068 0.537925 0.017992
v -0.063668 0.53895199 0.031538
v -0.069329 0.54263002 0.027866
v -0.057988 0.53661698 0.036639
v -0.073122 0.541224 0.020697
v -0.056331 0.53687 0.039818
v -0.073938 0.54009098 0.017486
v -0.052842 0.53603899 0.041353
v -0.044824 0.53512698 0.045532
v -0.048448 0.53655398 0.044842
v -0.071123 0.53515297 0.011457
v -0.04126 0.53553402 0.0494
v -0.030996 0.53265297 0.055972
v -0.034189 0.53614199 0.055481
v -0.066681 0.57209301 -0.038878
v -0.071278 0.54694098 -0.027859
v -0.072274 0.55233502 -0.030448
v -0.072132 0.56075102 -0.031352
v -0.070157 0.57230002 -0.033493
v 0.021852 0.55352199 0.056936
v -0.06077 0.62354201 -0.013025
v -0.068792 0.60881197 -0.022062
v -0.067146 0.61027598 -0.027175
v -0.067527 0.60029399 -0.033187
v -0.063984 0.58945501 -0.040749
v -0.067145 0.588247 -0.03566
v -0.059521 0.62472999 0
v -0.06077 0.62354201 0.013025
v -0.05857 0.62462002 0.023607
v -0.052909 0.62822402 0.028935
v -0.045714 0.630835 0.034054
v -0.039327 0.63135302 0.038594
v -0.030391 0.63354897 0.04047
v -0.021121 0.634233 0.042663
v -0.013687 0.63415498 0.043959
v -0.006607 0.623115 0.056758
v -0.016713 0.62400299 0.055423
v 0.001535 0.62246501 0.056995
v 0.009373 0.612607 0.063525
v 0.008939 0.59555 0.067802
v 0.01467 0.59677798 0.066633
v 0.018106 0.58615202 0.065443
v 0.012029 0.58554101 0.066577
v 0.024965 0.57258397 0.06134
v 0.024801 0.56301701 0.058461
v 0.029121 0.55788201 0.055122
v 0.019023 0.57120299 0.063278
v -0.017109 0.56746 0.068383
v -0.011111 0.56509501 0.0685
v -0.004869 0.56511903 0.068556
v 0.000791 0.56809902 0.068096
v 0.006926 0.56951803 0.066843
v -0.023058 0.57002801 0.06791
v 0.012821 0.55815297 0.06182
v 0.018824 0.56093901 0.060615
v 0.012945 0.57067102 0.0652
v -0.023811 0.546947 0.061976
v -0.030939 0.54069197 0.058833
v -0.032097 0.54405701 0.059553
v -0.027718 0.53760701 0.05815
v -0.0279 0.56121099 0.065365
v -0.029165 0.57053298 0.066257
v -0.069476 0.53101802 -0.003195
v -0.070927 0.53046203 0
v -0.069476 0.53101802 0.003195
v -0.075095 0.54494399 -0.020323
v -0.075704 0.54320699 -0.016767
v -0.074266 0.53725302 -0.011487
v -0.076718 0.54014802 -0.010546
v -0.072547 0.532664 -0.003264
v -0.074266 0.53725302 0.011487
v -0.066038 0.544945 0.03312
v -0.071278 0.54694098 0.027859
v -0.058434 0.53969097 0.036472
v -0.075095 0.54494399 0.020323
v -0.057439 0.54031497 0.039795
v -0.075704 0.54320699 0.016767
v -0.055666 0.54178703 0.042727
v -0.076718 0.54014802 0.010546
v -0.05106 0.54233098 0.046458
v -0.044724 0.53749001 0.048694
v -0.047938 0.54256999 0.047996
v -0.072547 0.532664 0.003264
v -0.037176 0.53987801 0.055338
v -0.075906 0.55429697 -0.024851
v -0.075751 0.56159902 -0.025917
v -0.073667 0.572357 -0.028078
v -0.069432 0.58701903 -0.030072
v -0.068555 0.61084199 -0.004858
v -0.069087 0.60986102 -0.012827
v -0.068755 0.60955501 -0.0185
v -0.068229 0.59795898 -0.028299
v -0.071858 0.592457 -0.017719
v -0.07036 0.59573799 -0.023191
v -0.068368 0.60978299 0
v -0.068555 0.61084199 0.004858
v -0.069087 0.60986102 0.012827
v -0.068755 0.60955501 0.0185
v -0.068792 0.60881197 0.022062
v -0.067146 0.61027598 0.027175
v -0.062869 0.61418098 0.033121
v -0.058167 0.617154 0.03855
v -0.05224 0.62011802 0.042326
v -0.047509 0.62177199 0.045345
v -0.039787 0.62391102 0.048629
v -0.031933 0.624708 0.051716
v -0.024166 0.62417603 0.054585
v -0.022936 0.613401 0.063508
v -0.02853 0.61306 0.062513
v -0.017268 0.61340302 0.064048
v -0.01164 0.612508 0.064722
v -0.006021 0.61190701 0.065052
v -0.000378 0.612486 0.064488
v 0.003116 0.59492999 0.068829
v 0.006075 0.58412099 0.067679
v 0.000143 0.58257699 0.068688
v -0.018415 0.581626 0.069144
v -0.012242 0.58176202 0.069624
v -0.005983 0.582156 0.069417
v -0.024113 0.58413303 0.068178
v -0.029851 0.58629203 0.066696
v -0.041899 0.54304802 0.054484
v -0.03701 0.55250299 0.059856
v -0.032806 0.55725902 0.06283
v -0.034652 0.56813198 0.063842
v -0.0357 0.58598 0.064484
v -0.074355 0.53037 0
v -0.078971 0.55562598 -0.018886
v -0.080219 0.55343199 -0.012526
v -0.075408 0.53609103 -0.002195
v -0.080075 0.54868197 -0.007082
v -0.074717 0.53446698 0
v -0.075408 0.53609103 0.002195
v -0.067952 0.55130601 0.0355
v -0.072274 0.55233502 0.030448
v -0.062459 0.55103499 0.03939
v -0.075906 0.55429697 0.024851
v -0.057183 0.55043399 0.043522
v -0.078971 0.55562598 0.018886
v -0.052632 0.54917997 0.048429
v -0.080219 0.55343199 0.012526
v -0.047614 0.54853898 0.052942
v -0.080075 0.54868197 0.007082
v -0.041951 0.54939699 0.056607
v -0.079016 0.56234002 -0.020235
v -0.076215 0.57217801 -0.022198
v -0.071385 0.58660799 -0.024185
v -0.073485 0.591187 -0.005988
v -0.072717 0.59148598 -0.011889
v -0.071816 0.59085 0
v -0.072961 0.58522499 -0.018304
v -0.07404 0.585379 -0.012275
v -0.073485 0.59268701 0.005988
v -0.072717 0.592987 0.011889
v -0.071858 0.59396201 0.017719
v -0.07036 0.59573799 0.023191
v -0.068229 0.59795898 0.028299
v -0.067527 0.60029399 0.033187
v -0.064773 0.60222602 0.038102
v -0.061558 0.60410702 0.042674
v -0.05765 0.60679102 0.046136
v -0.053462 0.60877699 0.049632
v -0.049147 0.609752 0.05344
v -0.04445 0.61079901 0.056663
v -0.039385 0.611875 0.059172
v -0.034029 0.61259198 0.061039
v -0.034249 0.59930402 0.065148
v -0.028584 0.59986699 0.067028
v -0.022806 0.599356 0.068304
v -0.01702 0.59783697 0.069104
v -0.011334 0.59595299 0.069729
v -0.002823 0.59505498 0.069556
v -0.044174 0.56159902 0.057708
v -0.039397 0.56452602 0.061088
v -0.040714 0.58310199 0.061898
v -0.039796 0.59813702 0.063151
v -0.080761 0.561459 -0.013917
v -0.081237 0.55856699 -0.007802
v -0.079177 0.543441 -0.002251
v -0.080868 0.55397201 -0.002923
v -0.076598 0.53731698 0
v -0.079177 0.543441 0.002251
v -0.072132 0.56075102 0.031352
v -0.075751 0.56159902 0.025917
v -0.068221 0.56068301 0.036596
v -0.063984 0.56061202 0.041568
v -0.059569 0.56000698 0.046335
v -0.079016 0.56234002 0.020235
v -0.054601 0.55972302 0.050494
v -0.080761 0.561459 0.013917
v -0.049231 0.55986398 0.054063
v -0.081237 0.55856699 0.007802
v -0.080868 0.55397201 0.002923
v -0.077876 0.57140201 -0.015958
v -0.075104 0.58661002 -0.00624
v -0.075409 0.58681601 0
v -0.075104 0.58661002 0.00624
v -0.079723 0.56972998 -0.009942
v -0.080559 0.56687403 -0.003977
v -0.07404 0.585379 0.012275
v -0.072961 0.58522499 0.018304
v -0.071385 0.58660799 0.024185
v -0.069432 0.58701903 0.030072
v -0.067145 0.588247 0.03566
v -0.063984 0.58945501 0.040749
v -0.060486 0.58925003 0.045746
v -0.056459 0.588898 0.050263
v -0.052224 0.59004998 0.054323
v -0.048073 0.59275502 0.057823
v -0.043756 0.59583497 0.060744
v -0.045257 0.57916403 0.059544
v -0.049677 0.575414 0.056817
v -0.079421 0.54774201 0
v -0.080908 0.56161898 0
v -0.073667 0.572357 0.028078
v -0.070157 0.57230002 0.033493
v -0.066681 0.57209301 0.038878
v -0.076215 0.57217801 0.022198
v -0.062903 0.57157803 0.044025
v -0.058665 0.57152498 0.048787
v -0.054117 0.57272202 0.053086
v -0.077876 0.57140201 0.015958
v -0.079723 0.56972998 0.009942
v -0.080559 0.56687403 0.003977
v 0.078105 0.48430201 -0.000223
v 0.077957 0.48571399 -0.000149
v 0.077837 0.484961 0.00047
v 0.077866 0.486287 0.00047
v 0.078846 0.48473799 -0.001626
v 0.078458 0.48359001 -0.000965
v 0.073751 0.480746 -5.5E-05
v 0.076902 0.482216 0.00047
v 0.079141 0.48949999 0.00047
v 0.080817 0.488258 -0.00057
v 0.080911 0.48894501 -0.002335
v 0.078105 0.48430201 0.001123
v 0.077957 0.48571399 0.001049
v 0.080817 0.488258 0.00147
v 0.073751 0.480746 0.000955
v 0.078758 0.48424301 -0.002755
v 0.078404 0.48575801 -0.002657
v 0.077254 0.48096699 -0.00207
v 0.077243 0.48204899 -0.003811
v 0.071709 0.47657901 0.00047
v 0.072001 0.47558799 -0.00067
v 0.072001 0.47558799 0.00157
v 0.071899 0.47591799 -0.002878
v 0.081916 0.49453899 0.000471
v 0.082068 0.494764 -0.000172
v 0.082067 0.494275 -0.00243
v 0.082068 0.494764 0.001072
v 0.080077 0.49175501 -0.003462
v 0.077969 0.48731199 -0.003438
v 0.080293 0.49434301 -0.003146
v 0.078846 0.48473799 0.002526
v 0.078458 0.48359001 0.001865
v 0.080911 0.48894501 0.003235
v 0.082067 0.494275 0.00333
v 0.077254 0.48096699 0.00297
v 0.071899 0.47591799 0.003778
v 0.077905 0.48492801 -0.003979
v 0.071649 0.47715801 -0.003683
v 0.077009 0.481352 -0.005383
v 0.073378 0.478787 -0.004788
v 0.078446 0.48413399 -0.004964
v 0.072938 0.47122699 -0.00237
v 0.073101 0.47057 0.00047
v 0.072938 0.47122699 0.00327
v 0.072288 0.47163299 -0.006073
v 0.080788 0.494849 -0.000937
v 0.080727 0.49463701 -0.002727
v 0.081233 0.49416 0.000471
v 0.080788 0.494849 0.001837
v 0.081061 0.49416101 0.000286
v 0.080727 0.49463701 0.003627
v 0.078387 0.48630399 -0.00464
v 0.079951 0.48913699 -0.004914
v 0.079919 0.49548 -0.004394
v 0.078906 0.491312 -0.003364
v 0.079698 0.49225101 -0.002091
v 0.078332 0.49302801 -0.004345
v 0.078404 0.48575801 0.003557
v 0.078758 0.48424301 0.003655
v 0.077243 0.48204899 0.004711
v 0.080077 0.49175501 0.004362
v 0.077969 0.48731199 0.004338
v 0.080293 0.49434301 0.004046
v 0.071649 0.47715801 0.004583
v 0.072288 0.47163299 0.006973
v 0.071535 0.47615299 -0.005505
v 0.078556 0.48434401 -0.006753
v 0.076741 0.48122099 -0.007148
v 0.071591 0.47611701 -0.006852
v 0.071436 0.47649199 -0.007714
v 0.078538 0.48542801 -0.006487
v 0.073432 0.46810099 -0.003325
v 0.073894 0.46786901 0.00047
v 0.073432 0.46810099 0.004225
v 0.072273 0.468606 -0.007154
v 0.072273 0.468606 0.008054
v 0.070907 0.46925199 -0.010817
v 0.071207 0.472532 -0.009547
v 0.080141 0.49172601 0.00047
v 0.080007 0.491786 -0.0001
v 0.079698 0.49225101 0.002991
v 0.080007 0.491786 0.001
v 0.078906 0.491312 0.004264
v 0.079904 0.48891801 -0.006486
v 0.080395 0.49259099 -0.00592
v 0.079945 0.49595699 -0.005942
v 0.074291 0.48805299 -0.00595
v 0.076599 0.48772499 -0.00396
v 0.076325 0.49149299 -0.00511
v 0.077555 0.49070099 -0.002137
v 0.076079 0.48744401 -0.003242
v 0.078711 0.49164 -0.002211
v 0.07751 0.493646 -0.007368
v 0.076042 0.49186999 -0.006851
v 0.079247 0.49578199 -0.006997
v 0.077905 0.48492801 0.004879
v 0.077009 0.481352 0.006283
v 0.073378 0.478787 0.005688
v 0.078446 0.48413399 0.005864
v 0.078387 0.48630399 0.00554
v 0.079951 0.48913699 0.005814
v 0.079919 0.49548 0.005294
v 0.078332 0.49302801 0.005245
v 0.070907 0.46925199 0.011717
v 0.071207 0.472532 0.010447
v 0.071591 0.47611701 0.007752
v 0.071535 0.47615299 0.006405
v 0.071436 0.47649199 0.008614
v 0.077997 0.48408201 -0.008494
v 0.077959 0.486242 -0.007952
v 0.076211 0.481747 -0.009308
v 0.070836 0.476879 -0.009406
v 0.079169 0.48875901 -0.007977
v 0.073678 0.46581399 -0.00331
v 0.074211 0.46572801 0.000471
v 0.072535 0.46604899 -0.007095
v 0.073678 0.46581399 0.00421
v 0.072535 0.46604899 0.007995
v 0.071047 0.466452 -0.010712
v 0.071047 0.466452 0.011612
v 0.068591 0.47291601 -0.013003
v 0.068142 0.46982801 -0.014517
v 0.068551 0.46733201 -0.013999
v 0.070525 0.47627699 -0.010727
v 0.069938 0.47611701 -0.012443
v 0.075023 0.48662499 -0.001162
v 0.077244 0.48686799 0.00047
v 0.076632 0.48940799 -0.000985
v 0.078122 0.490935 -0.000397
v 0.075023 0.48662499 0.002062
v 0.076632 0.48940799 0.001885
v 0.078122 0.490935 0.001297
v 0.078711 0.49164 0.003111
v 0.077555 0.49070099 0.003037
v 0.074291 0.48805299 0.00685
v 0.076325 0.49149299 0.00601
v 0.076599 0.48772499 0.00486
v 0.076079 0.48744401 0.004142
v 0.079704 0.493141 -0.007612
v 0.0743 0.485643 -0.003814
v 0.073587 0.48625901 -0.005724
v 0.074334 0.48803201 -0.007513
v 0.072686 0.48644099 -0.007641
v 0.073934 0.485286 -0.003563
v 0.073936 0.48528501 -0.001557
v 0.075815 0.491723 -0.008182
v 0.078038 0.494627 -0.008714
v 0.078663 0.49434701 -0.00857
v 0.07461 0.48897099 -0.008399
v 0.078556 0.48434401 0.007653
v 0.076741 0.48122099 0.008048
v 0.078538 0.48542801 0.007387
v 0.079904 0.48891801 0.007386
v 0.080395 0.49259099 0.00682
v 0.079945 0.49595699 0.006842
v 0.07751 0.493646 0.008268
v 0.076042 0.49186999 0.007751
v 0.079247 0.49578199 0.007897
v 0.069583 0.46982801 0.015417
v 0.070032 0.47291601 0.013903
v 0.070836 0.476879 0.010306
v 0.070525 0.47627699 0.011627
v 0.069938 0.47611701 0.013343
v 0.069993 0.46733201 0.014899
v 0.076211 0.481747 0.010208
v 0.077685 0.48477399 -0.009332
v 0.077097 0.48800701 -0.00891
v 0.072029 0.480822 -0.011048
v 0.077168 0.48422799 -0.011758
v 0.077216 0.48446801 -0.010186
v 0.078356 0.49204901 -0.008643
v 0.073282 0.46248299 -0.003931
v 0.073351 0.463512 0.000471
v 0.07256 0.46265301 -0.008211
v 0.073282 0.46248299 0.004831
v 0.070873 0.46218199 -0.011834
v 0.07256 0.46265301 0.009111
v 0.070873 0.46218199 0.012734
v 0.068801 0.46446899 -0.014852
v 0.068801 0.46446899 0.015752
v 0.067178 0.47322199 -0.016508
v 0.066828 0.47204 -0.018303
v 0.066956 0.46874499 -0.017333
v 0.068807 0.47684601 -0.014949
v 0.066484 0.465857 -0.017757
v 0.071539 0.48054701 -0.012346
v 0.070765 0.48067099 -0.013377
v 0.074115 0.48519599 0.000469
v 0.073936 0.48528501 0.002457
v 0.073934 0.485286 0.004463
v 0.072686 0.48644099 0.008541
v 0.074334 0.48803201 0.008413
v 0.073587 0.48625901 0.006624
v 0.0743 0.485643 0.004714
v 0.071087 0.48409 -0.006416
v 0.07188 0.482995 -0.00325
v 0.072244 0.48665899 -0.008036
v 0.072034 0.48194101 0.000468
v 0.074271 0.491927 -0.009575
v 0.072632 0.48860899 -0.009333
v 0.076438 0.49387899 -0.009036
v 0.078133 0.49677101 -0.009744
v 0.079199 0.49434599 -0.010191
v 0.078535 0.49586201 -0.011173
v 0.072133 0.48671401 -0.00914
v 0.077997 0.48408201 0.009394
v 0.077959 0.486242 0.008852
v 0.079169 0.48875901 0.008877
v 0.079704 0.493141 0.008512
v 0.075815 0.491723 0.009082
v 0.07461 0.48897099 0.009299
v 0.078038 0.494627 0.009614
v 0.078663 0.49434701 0.00947
v 0.068619 0.47322199 0.017408
v 0.06827 0.47204 0.019203
v 0.068807 0.47684601 0.015849
v 0.068398 0.46874499 0.018233
v 0.072029 0.480822 0.011948
v 0.071539 0.48054701 0.013246
v 0.070765 0.48067099 0.014277
v 0.067926 0.465857 0.018657
v 0.077168 0.48422799 0.012658
v 0.077216 0.48446801 0.011086
v 0.077685 0.48477399 0.010232
v 0.077044 0.48642999 -0.010088
v 0.079156 0.49047199 -0.010362
v 0.077087 0.48587099 -0.011911
v 0.075673 0.48496699 -0.014481
v 0.075674 0.486031 -0.013997
v 0.072231 0.460159 0.00047
v 0.072562 0.46018401 -0.004106
v 0.071638 0.45955399 -0.008735
v 0.072562 0.46018401 0.005006
v 0.069742 0.45991501 -0.012722
v 0.071638 0.45955399 0.009635
v 0.066973 0.46086201 -0.015816
v 0.069742 0.45991501 0.013622
v 0.066973 0.46086201 0.016716
v 0.064431 0.462257 -0.019001
v 0.064431 0.462257 0.019901
v 0.064971 0.470808 -0.019957
v 0.063986 0.47294101 -0.018804
v 0.065417 0.474498 -0.019304
v 0.067142 0.48065901 -0.018145
v 0.064074 0.467002 -0.020587
v 0.07305 0.482243 -0.014778
v 0.071776 0.48367399 -0.015937
v 0.061909 0.46450999 -0.021842
v 0.07188 0.482995 0.00415
v 0.071087 0.48409 0.007316
v 0.072244 0.48665899 0.008936
v 0.062073 0.470496 -0.004544
v 0.061626 0.47294199 -0.007475
v 0.061163 0.47619799 -0.009998
v 0.069694 0.48519099 -0.009418
v 0.061853 0.46989799 0.000466
v 0.062073 0.470496 0.005444
v 0.072584 0.491956 -0.011419
v 0.071739 0.488787 -0.011251
v 0.073883 0.494537 -0.01233
v 0.070648 0.48717299 -0.010758
v 0.07688 0.497334 -0.012057
v 0.077601 0.49749899 -0.010775
v 0.079201 0.49142101 -0.011442
v 0.077638 0.49650499 -0.01284
v 0.077097 0.48800701 0.00981
v 0.078356 0.49204901 0.009543
v 0.072632 0.48860899 0.010233
v 0.072133 0.48671401 0.01004
v 0.074271 0.491927 0.010475
v 0.076438 0.49387899 0.009936
v 0.078133 0.49677101 0.010644
v 0.079199 0.49434599 0.011091
v 0.078535 0.49586201 0.012073
v 0.065417 0.474498 0.020204
v 0.063986 0.47294101 0.019704
v 0.067142 0.48065901 0.019045
v 0.066412 0.470808 0.020857
v 0.07305 0.482243 0.015678
v 0.071776 0.48367399 0.016837
v 0.064074 0.467002 0.021487
v 0.075673 0.48496699 0.015381
v 0.061909 0.46450999 0.022742
v 0.077044 0.48642999 0.010988
v 0.077087 0.48587099 0.012811
v 0.075674 0.486031 0.014897
v 0.078607 0.48852301 -0.011733
v 0.076743 0.48936 -0.013972
v 0.073707 0.486476 -0.015567
v 0.073133 0.489438 -0.01404
v 0.072773 0.48853999 -0.016056
v 0.070499 0.45821801 -0.004958
v 0.070639 0.458224 0.00047
v 0.069156 0.458235 -0.009765
v 0.070499 0.45821801 0.005858
v 0.067061 0.45866799 -0.014055
v 0.069156 0.458235 0.010665
v 0.064485 0.45998499 -0.017698
v 0.067061 0.45866799 0.014955
v 0.061566 0.461465 -0.02085
v 0.064485 0.45998499 0.018598
v 0.061566 0.461465 0.02175
v 0.058492 0.463175 -0.02351
v 0.058492 0.463175 0.02441
v 0.062927 0.47298601 -0.022335
v 0.062531 0.473961 -0.020556
v 0.061639 0.468283 -0.023377
v 0.064986 0.47712001 -0.020918
v 0.067531 0.48255399 -0.020915
v 0.070481 0.484577 -0.017555
v 0.067638 0.48545399 -0.019688
v 0.059289 0.46625099 -0.024803
v 0.072566 0.487039 -0.016766
v 0.055593 0.46523201 -0.026381
v 0.061626 0.47294199 0.008375
v 0.061163 0.47619799 0.010898
v 0.069694 0.48519099 0.010318
v 0.06203 0.46709299 -0.003638
v 0.061255 0.46843401 -0.007346
v 0.060369 0.470337 -0.01047
v 0.062139 0.46567601 0.000466
v 0.060482 0.47983101 -0.01212
v 0.067766 0.486137 -0.012149
v 0.069557 0.48744801 -0.012644
v 0.059367 0.473423 -0.012791
v 0.06203 0.46709299 0.004538
v 0.061255 0.46843401 0.008246
v 0.070842 0.489757 -0.013796
v 0.073095 0.49416199 -0.013385
v 0.072978 0.49299699 -0.014095
v 0.074506 0.494257 -0.014192
v 0.078044 0.49266899 -0.013504
v 0.074475 0.49257401 -0.014266
v 0.079156 0.49047199 0.011262
v 0.070648 0.48717299 0.011658
v 0.071739 0.488787 0.012151
v 0.072584 0.491956 0.012319
v 0.073883 0.494537 0.01323
v 0.07688 0.497334 0.012957
v 0.077601 0.49749899 0.011675
v 0.079201 0.49142101 0.012342
v 0.077638 0.49650499 0.01374
v 0.064986 0.47712001 0.021818
v 0.062531 0.473961 0.021456
v 0.067531 0.48255399 0.021815
v 0.062927 0.47298601 0.023235
v 0.070481 0.484577 0.018455
v 0.067638 0.48545399 0.020588
v 0.061639 0.468283 0.024277
v 0.072566 0.487039 0.017666
v 0.073707 0.486476 0.016467
v 0.059289 0.46625099 0.025703
v 0.055593 0.46523201 0.027281
v 0.078607 0.48852301 0.012633
v 0.076743 0.48936 0.014872
v 0.073133 0.489438 0.01494
v 0.072773 0.48853999 0.016956
v 0.074314 0.491669 -0.016297
v 0.072249 0.48665801 -0.018097
v 0.072299 0.487973 -0.018047
v 0.073825 0.491649 -0.018264
v 0.069078 0.457683 -0.004734
v 0.069223 0.45779201 0.000469
v 0.067864 0.457865 -0.009569
v 0.069078 0.457683 0.005634
v 0.06556 0.45836601 -0.013724
v 0.067864 0.457865 0.010469
v 0.062606 0.45921901 -0.017077
v 0.06556 0.45836601 0.014624
v 0.059505 0.460489 -0.020063
v 0.062606 0.45921901 0.017977
v 0.056366 0.46251699 -0.022553
v 0.059505 0.460489 0.020963
v 0.056366 0.46251699 0.023453
v 0.052081 0.46518701 -0.024957
v 0.052081 0.46518701 0.025857
v 0.060576 0.47213799 -0.025017
v 0.061603 0.47554401 -0.024438
v 0.059174 0.46913001 -0.026041
v 0.062901 0.478212 -0.023573
v 0.05655 0.467971 -0.027587
v 0.064062 0.48400399 -0.024087
v 0.064327 0.486552 -0.022442
v 0.070206 0.48739299 -0.019198
v 0.069132 0.487923 -0.019737
v 0.067916 0.48772201 -0.020969
v 0.051396 0.46754801 -0.028942
v 0.04812 0.46703199 -0.02709
v 0.060369 0.470337 0.01137
v 0.059367 0.473423 0.013691
v 0.060482 0.47983101 0.01302
v 0.067766 0.486137 0.013049
v 0.069557 0.48744801 0.013544
v 0.065355 0.46004501 -0.004668
v 0.064275 0.46027401 -0.008895
v 0.062046 0.46139401 -0.012042
v 0.065667 0.45929101 0.000468
v 0.059475 0.463117 -0.014553
v 0.065355 0.46004501 0.005568
v 0.065311 0.486871 -0.014469
v 0.060656 0.481572 -0.014703
v 0.068681 0.487881 -0.013215
v 0.066552 0.48866901 -0.015203
v 0.057526 0.47617 -0.014956
v 0.069586 0.48903799 -0.013699
v 0.056842 0.46478701 -0.01689
v 0.064275 0.46027401 0.009795
v 0.062046 0.46139401 0.012942
v 0.07099 0.494867 -0.013141
v 0.071417 0.495644 -0.014487
v 0.071755 0.49549299 -0.015196
v 0.069786 0.49224299 -0.013359
v 0.074356 0.495543 -0.016126
v 0.072098 0.496317 -0.015422
v 0.074711 0.49416599 -0.016224
v 0.070842 0.489757 0.014696
v 0.073095 0.49416199 0.014285
v 0.072978 0.49299699 0.014995
v 0.074506 0.494257 0.015092
v 0.078044 0.49266899 0.014404
v 0.074475 0.49257401 0.015166
v 0.061603 0.47554401 0.025338
v 0.062901 0.478212 0.024473
v 0.064062 0.48400399 0.024987
v 0.060576 0.47213799 0.025917
v 0.064327 0.486552 0.023342
v 0.059174 0.46913001 0.026941
v 0.070206 0.48739299 0.020098
v 0.072249 0.48665801 0.018997
v 0.069132 0.487923 0.020637
v 0.067916 0.48772201 0.021869
v 0.05655 0.467971 0.028487
v 0.072299 0.487973 0.018947
v 0.051396 0.46754801 0.029842
v 0.04812 0.46703199 0.02799
v 0.074314 0.491669 0.017197
v 0.073825 0.491649 0.019164
v 0.074574 0.49374801 -0.017796
v 0.070394 0.488913 -0.018705
v 0.072215 0.49261099 -0.018956
v 0.07214 0.49507999 -0.018607
v 0.067745 0.45794299 0.000469
v 0.067977 0.45726901 -0.004657
v 0.067239 0.45713401 -0.009571
v 0.067977 0.45726901 0.005557
v 0.064343 0.45802301 -0.012851
v 0.067239 0.45713401 0.010471
v 0.061402 0.45919999 -0.015896
v 0.064343 0.45802301 0.013751
v 0.058358 0.46060401 -0.018754
v 0.061402 0.45919999 0.016796
v 0.055719 0.462771 -0.021789
v 0.058358 0.46060401 0.019654
v 0.051631 0.46494001 -0.024448
v 0.055719 0.462771 0.022689
v 0.051631 0.46494001 0.025348
v 0.047798 0.467325 -0.026661
v 0.047798 0.467325 0.027561
v 0.059181 0.47614199 -0.027219
v 0.058275 0.473324 -0.027753
v 0.056748 0.47092801 -0.028605
v 0.060451 0.478892 -0.026367
v 0.052651 0.46971899 -0.03004
v 0.047449 0.470036 -0.030949
v 0.060943 0.48446801 -0.027106
v 0.060941 0.48742199 -0.024969
v 0.057634 0.480012 -0.02861
v 0.063781 0.489764 -0.023592
v 0.064764 0.489553 -0.022811
v 0.066334 0.48824 -0.021677
v 0.068718 0.49054301 -0.0178
v 0.067686 0.48945001 -0.020645
v 0.066496 0.48976299 -0.02141
v 0.044167 0.46959999 -0.02911
v 0.043974 0.46981201 -0.028744
v 0.059475 0.463117 0.015453
v 0.056842 0.46478701 0.01779
v 0.057526 0.47617 0.015856
v 0.060656 0.481572 0.015603
v 0.065311 0.486871 0.015369
v 0.068681 0.487881 0.014115
v 0.066552 0.48866901 0.016103
v 0.069586 0.48903799 0.014599
v 0.062452 0.487562 -0.016249
v 0.05732 0.48109499 -0.016506
v 0.065193 0.489604 -0.015468
v 0.062941 0.489113 -0.016158
v 0.066133 0.48887599 -0.015372
v 0.054094 0.476551 -0.016831
v 0.067531 0.49059099 -0.015663
v 0.053315 0.46693 -0.019253
v 0.068154 0.49345601 -0.015155
v 0.068858 0.49557501 -0.015129
v 0.070232 0.49544701 -0.015494
v 0.071384 0.49687701 -0.017332
v 0.073619 0.49587399 -0.017383
v 0.069786 0.49224299 0.014259
v 0.07099 0.494867 0.014041
v 0.071417 0.495644 0.015387
v 0.071755 0.49549299 0.016096
v 0.074356 0.495543 0.017026
v 0.072098 0.496317 0.016322
v 0.074711 0.49416599 0.017124
v 0.059181 0.47614199 0.028119
v 0.060451 0.478892 0.027267
v 0.058275 0.473324 0.028653
v 0.060943 0.48446801 0.028006
v 0.060941 0.48742199 0.025869
v 0.057634 0.480012 0.02951
v 0.056748 0.47092801 0.029505
v 0.063781 0.489764 0.024492
v 0.064764 0.489553 0.023711
v 0.066334 0.48824 0.022577
v 0.052651 0.46971899 0.03094
v 0.070394 0.488913 0.019605
v 0.068718 0.49054301 0.0187
v 0.067686 0.48945001 0.021545
v 0.066496 0.48976299 0.02231
v 0.047449 0.470036 0.031849
v 0.072215 0.49261099 0.019856
v 0.044167 0.46959999 0.03001
v 0.043974 0.46981201 0.029644
v 0.074574 0.49374801 0.018696
v 0.07214 0.49507999 0.019507
v 0.069724 0.49396899 -0.018194
v 0.069062 0.49548399 -0.017161
v 0.050087 0.46781799 -0.021805
v 0.053315 0.46693 0.020153
v 0.046862 0.46967399 -0.024113
v 0.050087 0.46781799 0.022705
v 0.046862 0.46967399 0.025013
v 0.043615 0.472 -0.026072
v 0.043615 0.472 0.026972
v 0.056744 0.478297 -0.029734
v 0.055991 0.475036 -0.030186
v 0.053636 0.47336501 -0.03141
v 0.048864 0.47173101 -0.032047
v 0.043366 0.472462 -0.032733
v 0.040262 0.47223699 -0.031175
v 0.057078 0.48611301 -0.030222
v 0.057757 0.48872101 -0.027278
v 0.057453 0.48179901 -0.030616
v 0.059434 0.49057201 -0.025804
v 0.061332 0.48963401 -0.025137
v 0.063127 0.48954901 -0.024204
v 0.053719 0.480252 -0.03177
v 0.062553 0.49144599 -0.021163
v 0.064552 0.49099699 -0.021383
v 0.069101 0.49376899 -0.020596
v 0.068888 0.495812 -0.019813
v 0.067579 0.49396399 -0.02178
v 0.06603 0.49441001 -0.022044
v 0.040079 0.47232601 -0.030649
v 0.040365 0.474087 -0.02812
v 0.054094 0.476551 0.017731
v 0.05732 0.48109499 0.017406
v 0.062452 0.487562 0.017149
v 0.065193 0.489604 0.016368
v 0.062941 0.489113 0.017058
v 0.066133 0.48887599 0.016272
v 0.067531 0.49059099 0.016563
v 0.068154 0.49345601 0.016055
v 0.059336 0.48824301 -0.017569
v 0.051308 0.47950399 -0.017446
v 0.060146 0.48995501 -0.017857
v 0.061463 0.48930499 -0.016899
v 0.050719 0.47566199 -0.01869
v 0.066706 0.49180001 -0.016427
v 0.067156 0.49157801 -0.016033
v 0.062034 0.49090001 -0.01756
v 0.063396 0.490228 -0.016158
v 0.068567 0.495226 -0.016234
v 0.068858 0.49557501 0.016029
v 0.070232 0.49544701 0.016394
v 0.071384 0.49687701 0.018232
v 0.073619 0.49587399 0.018283
v 0.056744 0.478297 0.030634
v 0.055991 0.475036 0.031086
v 0.053636 0.47336501 0.03231
v 0.057078 0.48611301 0.031122
v 0.057757 0.48872101 0.028178
v 0.059434 0.49057201 0.026704
v 0.061332 0.48963401 0.026037
v 0.063127 0.48954901 0.025104
v 0.057453 0.48179901 0.031516
v 0.053719 0.480252 0.03267
v 0.048864 0.47173101 0.032947
v 0.064552 0.49099699 0.022283
v 0.062553 0.49144599 0.022063
v 0.043366 0.472462 0.033633
v 0.069724 0.49396899 0.019094
v 0.069101 0.49376899 0.021496
v 0.068888 0.495812 0.020713
v 0.067579 0.49396399 0.02268
v 0.06603 0.49441001 0.022944
v 0.040262 0.47223699 0.032075
v 0.040079 0.47232601 0.031549
v 0.040365 0.474087 0.02902
v 0.069062 0.49548399 0.018061
v 0.06683 0.497464 -0.018632
v 0.068182 0.49734601 -0.019223
v 0.066737 0.496288 -0.017118
v 0.066533 0.49661899 -0.015965
v 0.047563 0.47553501 -0.021061
v 0.050719 0.47566199 0.01959
v 0.044477 0.476511 -0.023392
v 0.047563 0.47553501 0.021961
v 0.044477 0.476511 0.024292
v 0.041392 0.478439 -0.025097
v 0.041392 0.478439 0.025997
v 0.052668 0.477292 -0.032525
v 0.050566 0.47556001 -0.033688
v 0.044947 0.473483 -0.033924
v 0.039266 0.47437599 -0.03484
v 0.03649 0.47449499 -0.033795
v 0.03615 0.47447899 -0.032725
v 0.053306 0.49091899 -0.028974
v 0.053076 0.48889199 -0.032159
v 0.054629 0.483789 -0.032585
v 0.051922 0.486054 -0.034348
v 0.057169 0.49115199 -0.026221
v 0.055485 0.49198401 -0.026685
v 0.053088 0.48207301 -0.033897
v 0.059262 0.49226999 -0.024819
v 0.061404 0.49093801 -0.02487
v 0.057373 0.492127 -0.025752
v 0.062529 0.49092001 -0.023647
v 0.04947 0.47887301 -0.034538
v 0.063969 0.49509501 -0.021364
v 0.063788 0.494937 -0.024258
v 0.063599 0.49647999 -0.0235
v 0.067547 0.496903 -0.020746
v 0.066205 0.49774501 -0.018785
v 0.065396 0.49713001 -0.021187
v 0.063887 0.49707901 -0.021266
v 0.037122 0.47660699 -0.029858
v 0.040363 0.480993 -0.026436
v 0.051308 0.47950399 0.018346
v 0.059336 0.48824301 0.018469
v 0.060146 0.48995501 0.018757
v 0.061463 0.48930499 0.017799
v 0.062034 0.49090001 0.01846
v 0.063396 0.490228 0.017058
v 0.066706 0.49180001 0.017327
v 0.067156 0.49157801 0.016933
v 0.068567 0.495226 0.017134
v 0.056113 0.48885801 -0.018623
v 0.047818 0.47871801 -0.01891
v 0.056102 0.49007499 -0.019231
v 0.057609 0.48986799 -0.018274
v 0.060845 0.49121299 -0.018316
v 0.058756 0.491707 -0.018982
v 0.066848 0.495998 -0.015127
v 0.062715 0.49541801 -0.016752
v 0.064587 0.49432799 -0.015424
v 0.063303 0.49685201 -0.019202
v 0.052668 0.477292 0.033425
v 0.050566 0.47556001 0.034588
v 0.044947 0.473483 0.034824
v 0.053306 0.49091899 0.029874
v 0.053076 0.48889199 0.033059
v 0.057169 0.49115199 0.027121
v 0.055485 0.49198401 0.027585
v 0.054629 0.483789 0.033485
v 0.051922 0.486054 0.035248
v 0.062529 0.49092001 0.024547
v 0.061404 0.49093801 0.02577
v 0.059262 0.49226999 0.025719
v 0.057373 0.492127 0.026652
v 0.053088 0.48207301 0.034797
v 0.04947 0.47887301 0.035438
v 0.039266 0.47437599 0.03574
v 0.063969 0.49509501 0.022264
v 0.063788 0.494937 0.025158
v 0.063599 0.49647999 0.0244
v 0.03649 0.47449499 0.034695
v 0.06683 0.497464 0.019532
v 0.068182 0.49734601 0.020123
v 0.067547 0.496903 0.021646
v 0.066205 0.49774501 0.019685
v 0.065396 0.49713001 0.022087
v 0.063887 0.49707901 0.022166
v 0.03615 0.47447899 0.033625
v 0.037122 0.47660699 0.030758
v 0.040363 0.480993 0.027336
v 0.066737 0.496288 0.018018
v 0.066533 0.49661899 0.016865
v 0.06573 0.49698001 -0.017874
v 0.065276 0.49718401 -0.016253
v 0.044511 0.47963601 -0.020101
v 0.047818 0.47871801 0.01981
v 0.043895 0.482685 -0.020993
v 0.044511 0.47963601 0.021001
v 0.043895 0.482685 0.021893
v 0.040894 0.48515999 -0.022183
v 0.040894 0.48515999 0.023083
v 0.046709 0.47648701 -0.035268
v 0.041115 0.47590801 -0.035415
v 0.035349 0.47689599 -0.036892
v 0.03287 0.47715399 -0.036475
v 0.032268 0.47706801 -0.034593
v 0.033872 0.47909799 -0.031596
v 0.049123 0.493523 -0.033804
v 0.050339 0.49346 -0.029687
v 0.049377 0.48890799 -0.035567
v 0.052805 0.49278 -0.02728
v 0.051708 0.49332201 -0.028044
v 0.053519 0.49269101 -0.027135
v 0.050302 0.484667 -0.035819
v 0.047337 0.48768601 -0.03679
v 0.055448 0.493341 -0.025508
v 0.054647 0.49373701 -0.025411
v 0.04629 0.48081499 -0.036253
v 0.062421 0.494333 -0.025265
v 0.060942 0.49499699 -0.025755
v 0.058266 0.49522001 -0.026372
v 0.056274 0.496115 -0.025902
v 0.043524 0.479206 -0.036523
v 0.062479 0.49747199 -0.024231
v 0.062924 0.497022 -0.022958
v 0.062026 0.497426 -0.023738
v 0.0645 0.49753201 -0.019961
v 0.064134 0.496479 -0.019083
v 0.062925 0.496782 -0.020065
v 0.037607 0.48394799 -0.027688
v 0.038323 0.48803201 -0.023507
v 0.056113 0.48885801 0.019523
v 0.056102 0.49007499 0.020131
v 0.057609 0.48986799 0.019174
v 0.058756 0.491707 0.019882
v 0.060845 0.49121299 0.019216
v 0.063303 0.49685201 0.020102
v 0.062715 0.49541801 0.017652
v 0.064587 0.49432799 0.016324
v 0.066848 0.495998 0.016027
v 0.052837 0.48945999 -0.019469
v 0.054601 0.490816 -0.019938
v 0.056813 0.492403 -0.019206
v 0.055688 0.492421 -0.02043
v 0.05996 0.49397001 -0.017878
v 0.058194 0.49452299 -0.018343
v 0.063885 0.49707901 -0.017235
v 0.061784 0.498272 -0.018764
v 0.060667 0.498285 -0.019989
v 0.046709 0.47648701 0.036168
v 0.041115 0.47590801 0.036315
v 0.035349 0.47689599 0.037792
v 0.049123 0.493523 0.034704
v 0.050339 0.49346 0.030587
v 0.052805 0.49278 0.02818
v 0.051708 0.49332201 0.028944
v 0.053519 0.49269101 0.028035
v 0.049377 0.48890799 0.036467
v 0.055448 0.493341 0.026408
v 0.054647 0.49373701 0.026311
v 0.050302 0.484667 0.036719
v 0.047337 0.48768601 0.03769
v 0.062421 0.494333 0.026165
v 0.060942 0.49499699 0.026655
v 0.058266 0.49522001 0.027272
v 0.056274 0.496115 0.026802
v 0.04629 0.48081499 0.037153
v 0.043524 0.479206 0.037423
v 0.03287 0.47715399 0.037375
v 0.062479 0.49747199 0.025131
v 0.062924 0.497022 0.023858
v 0.062026 0.497426 0.024638
v 0.032268 0.47706801 0.035493
v 0.06573 0.49698001 0.018774
v 0.0645 0.49753201 0.020861
v 0.064134 0.496479 0.019983
v 0.062925 0.496782 0.020965
v 0.033872 0.47909799 0.032496
v 0.037607 0.48394799 0.028588
v 0.038323 0.48803201 0.024407
v 0.065276 0.49718401 0.017153
v 0.049532 0.49011499 -0.020152
v 0.052837 0.48945999 0.020369
v 0.046242 0.490848 -0.020918
v 0.049532 0.49011499 0.021052
v 0.046242 0.490848 0.021818
v 0.043067 0.49178401 -0.021933
v 0.043067 0.49178401 0.022833
v 0.037432 0.478452 -0.037114
v 0.031481 0.47896299 -0.039383
v 0.028822 0.479283 -0.038636
v 0.028485 0.47917101 -0.037036
v 0.030592 0.481507 -0.033398
v 0.033528 0.48736 -0.028691
v 0.045291 0.49783099 -0.031453
v 0.045738 0.498137 -0.034839
v 0.047063 0.49223799 -0.03628
v 0.046537 0.49667701 -0.029391
v 0.048031 0.495401 -0.028925
v 0.049739 0.49455801 -0.028235
v 0.043786 0.489811 -0.037648
v 0.052667 0.49391299 -0.026101
v 0.051548 0.49446601 -0.027083
v 0.049554 0.494385 -0.027105
v 0.05335 0.494652 -0.025022
v 0.044994 0.483044 -0.036942
v 0.041614 0.48527199 -0.038279
v 0.055607 0.496654 -0.025361
v 0.054128 0.496838 -0.024086
v 0.041766 0.48105901 -0.037743
v 0.060752 0.49702901 -0.024745
v 0.059135 0.49750599 -0.025678
v 0.056979 0.49750501 -0.025241
v 0.03386 0.480791 -0.039268
v 0.060237 0.497989 -0.02443
v 0.060764 0.49677399 -0.021634
v 0.058814 0.49691999 -0.022099
v 0.057359 0.49708501 -0.022614
v 0.036243 0.49118 -0.025197
v 0.040178 0.49318999 -0.023222
v 0.054601 0.490816 0.020838
v 0.056813 0.492403 0.020106
v 0.055688 0.492421 0.02133
v 0.058194 0.49452299 0.019243
v 0.05996 0.49397001 0.018778
v 0.061784 0.498272 0.019664
v 0.060667 0.498285 0.020889
v 0.063885 0.49707901 0.018135
v 0.050954 0.492881 -0.020602
v 0.05302 0.49239799 -0.020162
v 0.05462 0.49348599 -0.020727
v 0.056655 0.49570301 -0.019252
v 0.054626 0.497583 -0.020749
v 0.058623 0.49798399 -0.019576
v 0.05667 0.49861199 -0.019791
v 0.037432 0.478452 0.038014
v 0.031481 0.47896299 0.040283
v 0.028822 0.479283 0.039536
v 0.045291 0.49783099 0.032353
v 0.045738 0.498137 0.035739
v 0.046537 0.49667701 0.030291
v 0.048031 0.495401 0.029825
v 0.049739 0.49455801 0.029135
v 0.047063 0.49223799 0.03718
v 0.052667 0.49391299 0.027001
v 0.05335 0.494652 0.025922
v 0.051548 0.49446601 0.027983
v 0.049554 0.494385 0.028005
v 0.043786 0.489811 0.038548
v 0.055607 0.496654 0.026261
v 0.054128 0.496838 0.024986
v 0.044994 0.483044 0.037842
v 0.041614 0.48527199 0.039179
v 0.060752 0.49702901 0.025645
v 0.059135 0.49750599 0.026578
v 0.056979 0.49750501 0.026141
v 0.041766 0.48105901 0.038643
v 0.03386 0.480791 0.040168
v 0.028485 0.47917101 0.037936
v 0.060237 0.497989 0.02533
v 0.060764 0.49677399 0.022534
v 0.058814 0.49691999 0.022999
v 0.057359 0.49708501 0.023514
v 0.030592 0.481507 0.034298
v 0.033528 0.48736 0.029591
v 0.036243 0.49118 0.026097
v 0.040178 0.49318999 0.024122
v 0.048263 0.49340799 -0.020309
v 0.050954 0.492881 0.021502
v 0.05302 0.49239799 0.021062
v 0.043003 0.49546799 -0.022158
v 0.045774 0.493572 -0.021169
v 0.048263 0.49340799 0.021209
v 0.043003 0.49546799 0.023058
v 0.045774 0.493572 0.022069
v 0.027643 0.48103899 -0.041632
v 0.024691 0.480802 -0.040897
v 0.024562 0.481089 -0.039417
v 0.027293 0.48389 -0.035219
v 0.031317 0.49085 -0.030014
v 0.032368 0.49337399 -0.027689
v 0.041091 0.50230998 -0.032631
v 0.043315 0.50255102 -0.03531
v 0.045119 0.49590099 -0.036566
v 0.043704 0.499823 -0.036644
v 0.04269 0.49937901 -0.029789
v 0.040281 0.50164402 -0.031019
v 0.045236 0.497583 -0.029002
v 0.040058 0.491519 -0.038881
v 0.045482 0.49665901 -0.025932
v 0.044768 0.49727601 -0.02785
v 0.047423 0.49516299 -0.027087
v 0.038233 0.48739901 -0.039701
v 0.053635 0.49680999 -0.026053
v 0.052244 0.49670601 -0.027035
v 0.050428 0.497522 -0.026815
v 0.04823 0.49801901 -0.02657
v 0.037984 0.48282599 -0.039302
v 0.032697 0.48492399 -0.040882
v 0.055481 0.49792799 -0.02507
v 0.056989 0.498469 -0.024749
v 0.054585 0.49833 -0.023844
v 0.053154 0.49971101 -0.024535
v 0.030161 0.48282 -0.04139
v 0.058294 0.498622 -0.024654
v 0.023529 0.48324299 -0.043368
v 0.057078 0.498678 -0.020726
v 0.054761 0.49777201 -0.02232
v 0.037385 0.494773 -0.024635
v 0.039017 0.49663401 -0.022596
v 0.040558 0.49614799 -0.022332
v 0.05462 0.49348599 0.021627
v 0.054626 0.497583 0.021649
v 0.056655 0.49570301 0.020152
v 0.05667 0.49861199 0.020691
v 0.058623 0.49798399 0.020476
v 0.051254 0.49461001 -0.019892
v 0.048502 0.49570501 -0.020018
v 0.051988 0.496663 -0.018764
v 0.053207 0.49821901 -0.01857
v 0.053059 0.499015 -0.020754
v 0.027643 0.48103899 0.042532
v 0.024691 0.480802 0.041797
v 0.024562 0.481089 0.040317
v 0.041091 0.50230998 0.033531
v 0.043315 0.50255102 0.03621
v 0.04269 0.49937901 0.030689
v 0.040281 0.50164402 0.031919
v 0.045236 0.497583 0.029902
v 0.045119 0.49590099 0.037466
v 0.043704 0.499823 0.037544
v 0.047423 0.49516299 0.027987
v 0.045482 0.49665901 0.026832
v 0.044768 0.49727601 0.02875
v 0.040058 0.491519 0.039781
v 0.053635 0.49680999 0.026953
v 0.052244 0.49670601 0.027935
v 0.050428 0.497522 0.027715
v 0.04823 0.49801901 0.02747
v 0.038233 0.48739901 0.040601
v 0.055481 0.49792799 0.02597
v 0.056989 0.498469 0.025649
v 0.054585 0.49833 0.024744
v 0.053154 0.49971101 0.025435
v 0.037984 0.48282599 0.040202
v 0.032697 0.48492399 0.041782
v 0.058294 0.498622 0.025554
v 0.030161 0.48282 0.04229
v 0.023529 0.48324299 0.044268
v 0.027293 0.48389 0.036119
v 0.057078 0.498678 0.021626
v 0.054761 0.49777201 0.02322
v 0.031317 0.49085 0.030914
v 0.032368 0.49337399 0.028589
v 0.037385 0.494773 0.025535
v 0.039017 0.49663401 0.023496
v 0.040558 0.49614799 0.023232
v 0.046281 0.49546301 -0.021371
v 0.048502 0.49570501 0.020918
v 0.051254 0.49461001 0.020792
v 0.041127 0.496932 -0.022357
v 0.044536 0.49712601 -0.023133
v 0.046281 0.49546301 0.022271
v 0.041127 0.496932 0.023257
v 0.044536 0.49712601 0.024033
v 0.020415 0.48309499 -0.042339
v 0.020443 0.48356399 -0.040792
v 0.024184 0.48690099 -0.036407
v 0.02872 0.49206299 -0.032744
v 0.029833 0.49509999 -0.030294
v 0.033029 0.49609801 -0.026409
v 0.041081 0.50794703 -0.03553
v 0.037737 0.508259 -0.033842
v 0.042035 0.50808299 -0.037031
v 0.042842 0.50394303 -0.036729
v 0.038407 0.50417298 -0.030725
v 0.037522 0.506751 -0.032536
v 0.037454 0.49472001 -0.040034
v 0.033737 0.49854901 -0.041107
v 0.039107 0.500884 -0.030034
v 0.037586 0.501899 -0.029839
v 0.042309 0.49902901 -0.029765
v 0.033443 0.49013999 -0.040932
v 0.045994 0.49878299 -0.025641
v 0.045391 0.50002301 -0.02709
v 0.042595 0.50127798 -0.028538
v 0.029309 0.487524 -0.04202
v 0.052074 0.49921799 -0.025566
v 0.050884 0.49926299 -0.025444
v 0.048804 0.500925 -0.024481
v 0.046179 0.49991801 -0.024262
v 0.026073 0.484263 -0.043354
v 0.02244 0.48667401 -0.044593
v 0.052707 0.49991199 -0.022914
v 0.051656 0.49989399 -0.023477
v 0.019157 0.48537999 -0.044512
v 0.016732 0.48660299 -0.043331
v 0.051982 0.49853 -0.021786
v 0.03736 0.49718899 -0.023973
v 0.039326 0.49996299 -0.021152
v 0.041817 0.49980801 -0.020292
v 0.051988 0.496663 0.019664
v 0.053207 0.49821901 0.01947
v 0.053059 0.499015 0.021654
v 0.048936 0.49697199 -0.018865
v 0.050323 0.498546 -0.019382
v 0.050118 0.49838901 -0.020486
v 0.020415 0.48309499 0.043239
v 0.020443 0.48356399 0.041692
v 0.024184 0.48690099 0.037307
v 0.041081 0.50794703 0.03643
v 0.037737 0.508259 0.034742
v 0.038407 0.50417298 0.031625
v 0.037522 0.506751 0.033436
v 0.042035 0.50808299 0.037931
v 0.042842 0.50394303 0.037629
v 0.042309 0.49902901 0.030665
v 0.039107 0.500884 0.030934
v 0.037586 0.501899 0.030739
v 0.037454 0.49472001 0.040934
v 0.033737 0.49854901 0.042007
v 0.045994 0.49878299 0.026541
v 0.045391 0.50002301 0.02799
v 0.042595 0.50127798 0.029438
v 0.033443 0.49013999 0.041832
v 0.052074 0.49921799 0.026466
v 0.050884 0.49926299 0.026344
v 0.048804 0.500925 0.025381
v 0.046179 0.49991801 0.025162
v 0.029309 0.487524 0.04292
v 0.052707 0.49991199 0.023814
v 0.051656 0.49989399 0.024377
v 0.026073 0.484263 0.044254
v 0.02244 0.48667401 0.045493
v 0.019157 0.48537999 0.045412
v 0.016732 0.48660299 0.044231
v 0.02872 0.49206299 0.033644
v 0.051982 0.49853 0.022686
v 0.029833 0.49509999 0.031194
v 0.033029 0.49609801 0.027309
v 0.03736 0.49718899 0.024873
v 0.039326 0.49996299 0.022052
v 0.041817 0.49980801 0.021192
v 0.046845 0.498889 -0.019015
v 0.048936 0.49697199 0.019765
v 0.044932 0.49877 -0.022181
v 0.046845 0.498889 0.019915
v 0.044932 0.49877 0.023081
v 0.016973 0.48726299 -0.041534
v 0.021329 0.49056399 -0.036787
v 0.026189 0.49432901 -0.03477
v 0.027802 0.49763501 -0.032469
v 0.031386 0.49778301 -0.028961
v 0.034522 0.50367498 -0.028787
v 0.038741 0.51498902 -0.036121
v 0.040563 0.51596701 -0.036485
v 0.041406 0.51221699 -0.037459
v 0.036756 0.50927103 -0.033253
v 0.036678 0.51172501 -0.034033
v 0.032845 0.50293499 -0.041958
v 0.035666 0.50725901 -0.041544
v 0.034159 0.50059098 -0.027267
v 0.034066 0.506854 -0.031066
v 0.033615 0.50975698 -0.032467
v 0.030967 0.49350199 -0.042027
v 0.029821 0.49768201 -0.043217
v 0.040224 0.50259101 -0.028688
v 0.038225 0.50300002 -0.028468
v 0.026745 0.49109399 -0.042841
v 0.045377 0.50124598 -0.025687
v 0.043071 0.50253099 -0.027183
v 0.04079 0.503555 -0.027584
v 0.020046 0.49133 -0.044645
v 0.050781 0.500287 -0.02404
v 0.048871 0.50089502 -0.02382
v 0.045863 0.50005901 -0.023334
v 0.044685 0.50253499 -0.023992
v 0.044143 0.5018 -0.023751
v 0.016075 0.48974699 -0.044369
v 0.014544 0.49503899 -0.044054
v 0.05016 0.49836999 -0.022058
v 0.014505 0.491611 -0.043457
v 0.014485 0.492035 -0.042025
v 0.037573 0.49922499 -0.023021
v 0.038042 0.501863 -0.021794
v 0.040236 0.501118 -0.021152
v 0.042817 0.50117701 -0.020292
v 0.050323 0.498546 0.020282
v 0.050118 0.49838901 0.021386
v 0.048176 0.50047803 -0.019967
v 0.04869 0.50024801 -0.020927
v 0.048483 0.499612 -0.022272
v 0.016973 0.48726299 0.042434
v 0.021329 0.49056399 0.037687
v 0.026189 0.49432901 0.03567
v 0.038741 0.51498902 0.037021
v 0.040563 0.51596701 0.037385
v 0.036756 0.50927103 0.034153
v 0.036678 0.51172501 0.034933
v 0.041406 0.51221699 0.038359
v 0.034522 0.50367498 0.029687
v 0.034066 0.506854 0.031966
v 0.033615 0.50975698 0.033367
v 0.034159 0.50059098 0.028167
v 0.032845 0.50293499 0.042858
v 0.035666 0.50725901 0.042444
v 0.040224 0.50259101 0.029588
v 0.038225 0.50300002 0.029368
v 0.030967 0.49350199 0.042927
v 0.029821 0.49768201 0.044117
v 0.045377 0.50124598 0.026587
v 0.043071 0.50253099 0.028083
v 0.04079 0.503555 0.028484
v 0.026745 0.49109399 0.043741
v 0.050781 0.500287 0.02494
v 0.048871 0.50089502 0.02472
v 0.045863 0.50005901 0.024234
v 0.044685 0.50253499 0.024892
v 0.044143 0.5018 0.024651
v 0.020046 0.49133 0.045545
v 0.05016 0.49836999 0.022958
v 0.016075 0.48974699 0.045269
v 0.014544 0.49503899 0.044954
v 0.014505 0.491611 0.044357
v 0.014485 0.492035 0.042925
v 0.027802 0.49763501 0.033369
v 0.031386 0.49778301 0.029861
v 0.037573 0.49922499 0.023921
v 0.038042 0.501863 0.022694
v 0.040236 0.501118 0.022052
v 0.042817 0.50117701 0.021192
v 0.042439 0.501836 -0.02179
v 0.042858 0.50042999 -0.023234
v 0.048176 0.50047803 0.020867
v 0.042439 0.501836 0.02269
v 0.042858 0.50042999 0.024134
v 0.04869 0.50024801 0.021827
v 0.048483 0.499612 0.023172
v 0.019754 0.494966 -0.037353
v 0.024664 0.49838001 -0.035286
v 0.026587 0.501405 -0.03388
v 0.030508 0.500848 -0.030747
v 0.031286 0.50427097 -0.032001
v 0.042267 0.52343702 -0.037466
v 0.039469 0.52186501 -0.037029
v 0.041524 0.51642901 -0.037695
v 0.042024 0.52064902 -0.037858
v 0.036344 0.51617301 -0.035611
v 0.037119 0.51900703 -0.03669
v 0.036182 0.514386 -0.03499
v 0.037052 0.51154703 -0.041171
v 0.033538 0.51167202 -0.033498
v 0.033323 0.51392001 -0.034721
v 0.028489 0.50185698 -0.044103
v 0.029897 0.506405 -0.044688
v 0.036091 0.50225103 -0.025153
v 0.030608 0.507541 -0.033522
v 0.030169 0.51078898 -0.035241
v 0.025911 0.49570999 -0.044135
v 0.02504 0.50035101 -0.044871
v 0.03808 0.50428301 -0.026379
v 0.018424 0.49657199 -0.0445
v 0.042043 0.50299197 -0.025271
v 0.040703 0.50408298 -0.026204
v 0.014595 0.50065601 -0.04421
v 0.040724 0.50065899 -0.023457
v 0.013313 0.49709201 -0.043617
v 0.012939 0.50274199 -0.043521
v 0.012804 0.497201 -0.041934
v 0.018915 0.49978101 -0.037566
v 0.038041 0.50259298 -0.02243
v 0.039695 0.50136101 -0.024439
v 0.019754 0.494966 0.038253
v 0.024664 0.49838001 0.036186
v 0.026587 0.501405 0.03478
v 0.042267 0.52343702 0.038366
v 0.039469 0.52186501 0.037929
v 0.036344 0.51617301 0.036511
v 0.037119 0.51900703 0.03759
v 0.036182 0.514386 0.03589
v 0.041524 0.51642901 0.038595
v 0.042024 0.52064902 0.038758
v 0.033538 0.51167202 0.034398
v 0.033323 0.51392001 0.035621
v 0.037052 0.51154703 0.042071
v 0.031286 0.50427097 0.032901
v 0.030508 0.500848 0.031647
v 0.030608 0.507541 0.034422
v 0.030169 0.51078898 0.036141
v 0.036091 0.50225103 0.026053
v 0.028489 0.50185698 0.045003
v 0.029897 0.506405 0.045588
v 0.03808 0.50428301 0.027279
v 0.025911 0.49570999 0.045035
v 0.02504 0.50035101 0.045771
v 0.042043 0.50299197 0.026171
v 0.040703 0.50408298 0.027104
v 0.018424 0.49657199 0.0454
v 0.040724 0.50065899 0.024357
v 0.014595 0.50065601 0.04511
v 0.013313 0.49709201 0.044517
v 0.012939 0.50274199 0.044421
v 0.012804 0.497201 0.042834
v 0.018915 0.49978101 0.038466
v 0.038041 0.50259298 0.02333
v 0.039695 0.50136101 0.025339
v 0.023657 0.50266099 -0.035863
v 0.026161 0.50516403 -0.034555
v 0.025527 0.50934798 -0.035254
v 0.041075 0.527771 -0.037616
v 0.043982 0.53008997 -0.037593
v 0.043586 0.52890003 -0.038339
v 0.042673 0.52481103 -0.038066
v 0.037838 0.52213299 -0.037302
v 0.039523 0.52639502 -0.037745
v 0.038376 0.51586199 -0.040572
v 0.03894 0.52014899 -0.040867
v 0.033342 0.51765501 -0.037033
v 0.033153 0.515607 -0.035752
v 0.03358 0.51915199 -0.038113
v 0.029754 0.51092303 -0.04479
v 0.029835 0.51412803 -0.03683
v 0.025653 0.50501001 -0.045713
v 0.024736 0.50970399 -0.046229
v 0.036591 0.50324398 -0.02471
v 0.02546 0.51321399 -0.036932
v 0.025144 0.51704103 -0.038904
v 0.018822 0.50154901 -0.044983
v 0.021607 0.50644302 -0.045964
v 0.037874 0.50364602 -0.025719
v 0.017267 0.50579798 -0.045123
v 0.039869 0.50371897 -0.025688
v 0.013556 0.50837499 -0.04382
v 0.012562 0.50272697 -0.041674
v 0.013029 0.508268 -0.041673
v 0.018517 0.50432599 -0.03734
v 0.024748 0.50637901 -0.038
v 0.038399 0.50243199 -0.024929
v 0.023657 0.50266099 0.036763
v 0.026161 0.50516403 0.035455
v 0.041075 0.527771 0.038516
v 0.043982 0.53008997 0.038493
v 0.037838 0.52213299 0.038202
v 0.039523 0.52639502 0.038645
v 0.043586 0.52890003 0.039239
v 0.042673 0.52481103 0.038966
v 0.033153 0.515607 0.036652
v 0.033342 0.51765501 0.037933
v 0.03358 0.51915199 0.039013
v 0.038376 0.51586199 0.041472
v 0.03894 0.52014899 0.041767
v 0.029835 0.51412803 0.03773
v 0.029754 0.51092303 0.04569
v 0.025527 0.50934798 0.036154
v 0.02546 0.51321399 0.037832
v 0.025144 0.51704103 0.039804
v 0.036591 0.50324398 0.02561
v 0.025653 0.50501001 0.046613
v 0.024736 0.50970399 0.047129
v 0.037874 0.50364602 0.026619
v 0.018822 0.50154901 0.045883
v 0.021607 0.50644302 0.046864
v 0.039869 0.50371897 0.026588
v 0.017267 0.50579798 0.046023
v 0.013556 0.50837499 0.04472
v 0.012562 0.50272697 0.042574
v 0.013029 0.508268 0.042573
v 0.018517 0.50432599 0.03824
v 0.024748 0.50637901 0.0389
v 0.038399 0.50243199 0.025829
v 0.023379 0.51011801 -0.038991
v 0.042927 0.53382802 -0.03867
v 0.044479 0.53386301 -0.038157
v 0.044765 0.53292 -0.038673
v 0.04098 0.53451502 -0.038894
v 0.038799 0.52461702 -0.041822
v 0.039651 0.52901202 -0.041443
v 0.033725 0.52095801 -0.038942
v 0.034325 0.523341 -0.040022
v 0.029711 0.51541001 -0.04457
v 0.029849 0.51996702 -0.044747
v 0.0293 0.51725203 -0.038631
v 0.028671 0.52010298 -0.040797
v 0.024178 0.514489 -0.04632
v 0.023815 0.52048898 -0.040733
v 0.021697 0.51167399 -0.046573
v 0.020576 0.51676899 -0.046945
v 0.021245 0.513861 -0.039614
v 0.019065 0.517452 -0.040631
v 0.017736 0.51124299 -0.046195
v 0.016081 0.51652998 -0.046569
v 0.013597 0.51395297 -0.044767
v 0.01234 0.51356602 -0.042907
v 0.016573 0.50849402 -0.038424
v 0.014502 0.51247901 -0.040258
v 0.042927 0.53382802 0.03957
v 0.044479 0.53386301 0.039057
v 0.04098 0.53451502 0.039794
v 0.044765 0.53292 0.039573
v 0.033725 0.52095801 0.039842
v 0.034325 0.523341 0.040922
v 0.038799 0.52461702 0.042722
v 0.039651 0.52901202 0.042343
v 0.0293 0.51725203 0.039531
v 0.028671 0.52010298 0.041697
v 0.029711 0.51541001 0.04547
v 0.029849 0.51996702 0.045647
v 0.023815 0.52048898 0.041633
v 0.024178 0.514489 0.04722
v 0.023379 0.51011801 0.039891
v 0.021245 0.513861 0.040514
v 0.019065 0.517452 0.041531
v 0.021697 0.51167399 0.047473
v 0.020576 0.51676899 0.047845
v 0.017736 0.51124299 0.047095
v 0.016081 0.51652998 0.047469
v 0.013597 0.51395297 0.045667
v 0.01234 0.51356602 0.043807
v 0.016573 0.50849402 0.039324
v 0.014502 0.51247901 0.041158
v 0.045447 0.53820598 -0.038744
v 0.045389 0.53715903 -0.039679
v 0.043984 0.53838998 -0.039258
v 0.042239 0.53898799 -0.039506
v 0.042059 0.53478402 -0.041008
v 0.038309 0.53423101 -0.039754
v 0.029836 0.52448201 -0.044442
v 0.035322 0.53302801 -0.044194
v 0.028399 0.523022 -0.042991
v 0.031526 0.52472299 -0.043485
v 0.026679 0.52577698 -0.044519
v 0.024702 0.51936197 -0.046389
v 0.023529 0.52384198 -0.045848
v 0.021284 0.52315599 -0.042536
v 0.019423 0.526591 -0.04401
v 0.018671 0.52160901 -0.047621
v 0.017493 0.52146798 -0.041441
v 0.015015 0.52188802 -0.047615
v 0.014158 0.52724099 -0.04913
v 0.012718 0.51652402 -0.042141
v 0.012149 0.52123398 -0.0428
v 0.012825 0.51947498 -0.045671
v 0.012534 0.524647 -0.047688
v 0.011585 0.51885003 -0.044201
v 0.043984 0.53838998 0.040158
v 0.042239 0.53898799 0.040406
v 0.045447 0.53820598 0.039644
v 0.045389 0.53715903 0.040579
v 0.038309 0.53423101 0.040654
v 0.042059 0.53478402 0.041908
v 0.028399 0.523022 0.043891
v 0.031526 0.52472299 0.044385
v 0.026679 0.52577698 0.045419
v 0.029836 0.52448201 0.045342
v 0.035322 0.53302801 0.045094
v 0.021284 0.52315599 0.043436
v 0.019423 0.526591 0.04491
v 0.024702 0.51936197 0.047289
v 0.023529 0.52384198 0.046748
v 0.017493 0.52146798 0.042341
v 0.018671 0.52160901 0.048521
v 0.012718 0.51652402 0.043041
v 0.012149 0.52123398 0.0437
v 0.015015 0.52188802 0.048515
v 0.014158 0.52724099 0.05003
v 0.012825 0.51947498 0.046571
v 0.012534 0.524647 0.048588
v 0.011585 0.51885003 0.045101
v 0.044966 0.54058498 -0.040613
v 0.044923 0.54140699 -0.039677
v 0.043464 0.541601 -0.04019
v 0.041032 0.53984898 -0.042253
v 0.041694 0.54166198 -0.040907
v 0.029935 0.52925402 -0.045602
v 0.033593 0.53307998 -0.044466
v 0.037309 0.540084 -0.043434
v 0.026356 0.52780402 -0.045969
v 0.023437 0.527906 -0.046119
v 0.017098 0.52996999 -0.044717
v 0.018295 0.52670097 -0.048106
v 0.020256 0.52894902 -0.047542
v 0.015441 0.52529699 -0.041886
v 0.014604 0.529324 -0.040918
v 0.015267 0.53167701 -0.051397
v 0.011727 0.52604902 -0.042133
v 0.012356 0.53004801 -0.04922
v 0.012274 0.53475899 -0.052086
v 0.010396 0.52421999 -0.044622
v 0.008781 0.52939898 -0.044217
v 0.041694 0.54166198 0.041807
v 0.043464 0.541601 0.04109
v 0.044923 0.54140699 0.040577
v 0.044966 0.54058498 0.041513
v 0.041032 0.53984898 0.043153
v 0.029935 0.52925402 0.046502
v 0.033593 0.53307998 0.045366
v 0.037309 0.540084 0.044334
v 0.017098 0.52996999 0.045617
v 0.026356 0.52780402 0.046869
v 0.023437 0.527906 0.047019
v 0.015441 0.52529699 0.042786
v 0.014604 0.529324 0.041818
v 0.018295 0.52670097 0.049006
v 0.020256 0.52894902 0.048442
v 0.011727 0.52604902 0.043033
v 0.015267 0.53167701 0.052297
v 0.010396 0.52421999 0.045522
v 0.008781 0.52939898 0.045117
v 0.012356 0.53004801 0.05012
v 0.012274 0.53475899 0.052986
v 0.043022 0.54288501 -0.042108
v 0.039277 0.54313099 -0.043507
v 0.020176 0.52978998 -0.04705
v 0.015209 0.53760099 -0.045558
v 0.01607 0.53476101 -0.049115
v 0.016399 0.53325897 -0.051446
v 0.011214 0.53046 -0.04031
v 0.014221 0.53433299 -0.038657
v 0.010491 0.53644902 -0.038194
v 0.016426 0.53378397 -0.052994
v 0.007918 0.53422898 -0.041828
v 0.012444 0.53950602 -0.052576
v 0.009826 0.53864598 -0.048994
v 0.00769 0.53783298 -0.043672
v 0.039277 0.54313099 0.044407
v 0.043022 0.54288501 0.043008
v 0.01607 0.53476101 0.050015
v 0.015209 0.53760099 0.046458
v 0.020176 0.52978998 0.04795
v 0.011214 0.53046 0.04121
v 0.014221 0.53433299 0.039557
v 0.010491 0.53644902 0.039094
v 0.016399 0.53325897 0.052346
v 0.007918 0.53422898 0.042728
v 0.016426 0.53378397 0.053894
v 0.012444 0.53950602 0.053476
v 0.009826 0.53864598 0.049894
v 0.00769 0.53783298 0.044572
v 0.015788 0.53999501 -0.046855
v 0.014726 0.53998101 -0.043395
v 0.01322 0.535366 -0.038294
v 0.016607 0.53878897 -0.050121
v 0.007187 0.53700501 -0.040971
v 0.007744 0.53994697 -0.040236
v 0.009961 0.53991699 -0.037997
v 0.012676 0.53857702 -0.037437
v 0.014643 0.54002303 -0.052327
v 0.011058 0.54099101 -0.048801
v 0.013661 0.54184699 -0.048351
v 0.009306 0.541318 -0.04414
v 0.016607 0.53878897 0.051021
v 0.015788 0.53999501 0.047755
v 0.014726 0.53998101 0.044295
v 0.01322 0.535366 0.039194
v 0.007187 0.53700501 0.041871
v 0.007744 0.53994697 0.041136
v 0.009961 0.53991699 0.038897
v 0.012676 0.53857702 0.038337
v 0.014643 0.54002303 0.053227
v 0.011058 0.54099101 0.049701
v 0.013661 0.54184699 0.049251
v 0.009306 0.541318 0.04504
v 0.01171 0.54200798 -0.042787
v 0.01171 0.54200798 0.043687
v -0.00440064 0.5060485 0.03680988
v -0.00241397 0.50401139 0.03689077
v -0.00117458 0.50511718 0.03321344
v -0.00430212 0.5070191 0.03403788
v -0.00674303 0.50444889 0.03670448
v -0.00511579 0.50233126 0.03591584
v -0.00718763 0.50574976 0.03435697
v -0.00625232 0.50339603 0.03379958
v 7.806E-05 0.49935976 0.03465334
v -0.0004739 0.50142229 0.0365293
v -0.00337004 0.50061965 0.03492935
v -0.00215412 0.49918288 0.03311063
v 0.0010402 0.50093842 0.03268333
v 0.00095136 0.50316525 0.03367873
v -0.00045919 0.50044125 0.03114794
v 0.00227405 0.50405234 0.03023979
v 0.00137934 0.50539583 0.03007331
v 0.00080345 0.50455236 0.0293725
v -0.00183793 0.50496268 0.03068358
v -0.00507722 0.50680143 0.03035257
v -0.00205374 0.50253105 0.03026469
v -0.00378504 0.50062466 0.03128652
v -0.00566662 0.50186378 0.02903753
v -0.00490227 0.50403458 0.02893389
v 0.00071828 0.50315773 0.02891178
v 0.00121643 0.50173867 0.02898318
v -0.00810362 0.50730783 0.03148163
v -0.00766412 0.5070051 0.02717578
v -0.00949022 0.50754225 0.02779423
v -0.00717677 0.50511646 0.0267386
v 0.00121053 0.50151294 0.02194731
v 0.00271975 0.50253779 0.02335768
v 0.00125303 0.50469398 0.02386458
v -0.00109958 0.50472862 0.0226396
v 0.00071242 0.49857315 0.02075387
v 0.00492932 0.50010794 0.01745621
v 0.00631038 0.50380021 0.01884381
v 0.00561113 0.50376302 0.02292947
v 0.00313845 0.51015949 0.02346789
v 0.00595113 0.50743294 0.02311982
v 0.0074067 0.50912589 0.01865066
v 0.00386779 0.51191217 0.0180486
v -0.00508744 0.50807822 0.02225224
v -0.00120639 0.50814021 0.02263523
v -0.00064463 0.51130664 0.02205003
v -0.00436052 0.51156962 0.02161806
v -0.00446595 0.5044561 0.02226526
v -0.00729805 0.50613856 0.02407972
v -0.00743989 0.50378424 0.02386462
v -0.00810365 0.50954735 0.02205937
v -0.0084297 0.50771475 0.02431331
v -0.00777534 0.51259303 0.0219132
v -0.00735278 0.50342959 0.0266648
v -0.0089424 0.50325626 0.02738556
v -0.01018304 0.50381142 0.02434629
v -0.01196847 0.50401807 0.02120763
v -0.00843482 0.50184065 0.02171124
v -0.00398991 0.5013513 0.0222966
v -0.00767299 0.49968266 0.02158499
v -0.00434012 0.49861711 0.02187602
v -0.01049366 0.50153267 0.01748599
v -0.00957627 0.49864584 0.02011388
v -0.01074672 0.51261306 0.02192605
v -0.01061095 0.50946015 0.02150046
v -0.01021712 0.5078696 0.02451003
v -0.01344407 0.50717592 0.02235334
v -0.0110596 0.50596482 0.02462883
v -0.01160979 0.5119586 0.01875841
v -0.01368927 0.50903666 0.01902573
v -0.01714011 0.50796133 0.01840342
v -0.01762057 0.50597709 0.02060482
v -0.01608983 0.50350398 0.01940969
v -0.00768285 0.51411718 0.01973565
v -0.01096316 0.51397693 0.01993642
v -0.0080339 0.51349628 0.01750315
v -0.00810014 0.5127483 0.01520411
v -0.01090717 0.51173425 0.01586353
v -0.01313536 0.50957221 0.0162977
v 0.00824633 0.50953561 0.01410073
v 0.00637059 0.51268655 0.01355928
v 0.00385427 0.51086253 0.01308244
v 0.00158538 0.51064849 0.01477619
v -0.00179764 0.51084971 0.01610525
v -0.00068906 0.51189387 0.01896349
v -0.01176594 0.50409973 0.01770748
v -0.01043841 0.50567919 0.01464197
v -0.00761035 0.50348485 0.01222958
v -0.00727589 0.5008536 0.01645017
v -0.0078804 0.49947363 0.01854263
v 0.00688403 0.50928658 0.00860078
v 0.00361447 0.50939548 0.01005386
v 0.0004153 0.50907248 0.01143601
v -0.00519501 0.50160724 0.01313107
v -0.00908457 0.50822538 0.01279818
v -0.00564078 0.50635219 0.01087644
v 0.00929298 0.508564 0.00944983
v 0.0105657 0.50694495 0.00492523
v 0.00882654 0.50771201 0.00435392
v 0.00767932 0.50591838 0.00435787
v 0.00613194 0.50616246 0.00723259
v 0.00313319 0.50658357 0.00790788
v -0.03003738 0.50342047 0.0001691
v -0.0279669 0.50270391 0.00555217
v -0.02955242 0.5050956 0.00627792
v -0.03192948 0.50475383 0.00323766
v -0.02989764 0.50337708 -0.00614202
v -0.02705315 0.50202388 -0.00404972
v -0.02685378 0.50212514 0.00076697
v -0.02547055 0.50206065 0.00511615
v -0.02934241 0.50821358 0.00543437
v -0.03081584 0.50807953 0.00154682
v -0.03112255 0.50782722 -0.00315558
v 0.00542264 0.50746143 -0.01039426
v 0.00754414 0.50595701 -0.0070702
v 0.00896981 0.50725657 -0.00705962
v 0.00781888 0.50860876 -0.01059104
v 0.00493712 0.50396806 -0.00963679
v 0.00660919 0.50368071 -0.00687819
v 0.00226039 0.50747007 -0.01177771
v 0.00162676 0.50486904 -0.00947809
v 0.00502513 0.50957513 -0.01436699
v 0.00269794 0.50893348 -0.01520546
v 0.00706163 0.5105828 -0.01395042
v 0.003476 0.49858692 -0.01030806
v 0.0064315 0.49918872 -0.00707201
v 0.00636543 0.50109971 -0.00676662
v 0.00407106 0.50132203 -0.00913151
v 0.00068924 0.50171918 -0.00919175
v -0.00022853 0.49949089 -0.01103792
v -0.00063797 0.49837348 -0.01347645
v 0.00173302 0.49713832 -0.01414346
v 0.00585308 0.49846309 -0.01152775
v 0.00778684 0.49853504 -0.00777273
v 0.00445446 0.49777412 -0.01544057
v -0.00617453 0.5056898 -0.0122185
v -0.00543952 0.5073961 -0.0124164
v -0.00848006 0.5097571 -0.01338018
v -0.00949536 0.50672066 -0.01371297
v -0.00393656 0.50304186 -0.01038832
v -0.00211251 0.50564694 -0.01107011
v -0.00875638 0.50265545 -0.01209625
v -0.01240428 0.50462645 -0.01578392
v -0.01107759 0.50043648 -0.01548922
v -0.01176734 0.50954705 -0.01610982
v -0.01408332 0.50843841 -0.01542039
v -0.01697846 0.50807214 -0.01396813
v -0.01536536 0.50522566 -0.01472016
v 0.00654576 0.51146674 -0.01624874
v 0.00489341 0.51097316 -0.01721012
v 0.00782625 0.50837541 -0.0145202
v 0.0074718 0.51007611 -0.01717992
v 0.00582848 0.51080334 -0.01930784
v 0.0067263 0.50871885 -0.01994972
v 0.0068626 0.50728488 -0.01793867
v 0.00502446 0.50247788 -0.01973615
v 0.00582952 0.50652683 -0.02196695
v 0.00321493 0.50864398 -0.02108261
v 0.00277847 0.51032323 -0.01809384
v -0.00036317 0.5083136 -0.02119245
v -0.00012697 0.50957918 -0.0187517
v -0.0111641 0.49841398 -0.01870973
v -0.01189784 0.50067079 -0.02011708
v -0.007625 0.49875444 -0.02286455
v -0.00786472 0.49635378 -0.02052066
v -0.00775108 0.49838054 -0.0175494
v 0.00575615 0.50166607 -0.01554812
v 0.00222597 0.49752697 -0.01898357
v 0.00712168 0.50553697 -0.01500741
v -0.00192424 0.49681869 -0.02160579
v 0.00219757 0.49989083 -0.02386543
v 0.00391806 0.50365573 -0.02509408
v -0.000219 0.50032991 -0.02461628
v -4.9E-06 0.50001365 -0.02734762
v 0.0016845 0.49972549 -0.02760971
v -0.00311808 0.49921724 -0.02336378
v -0.00046518 0.49638176 -0.01703788
v -0.00382127 0.49660444 -0.01842177
v -0.01478385 0.50332439 -0.01858623
v -0.01413724 0.5030672 -0.02256859
v -0.01078247 0.50126237 -0.02354665
v -0.00684191 0.50238764 -0.02406611
v -0.01263208 0.50971138 -0.01922562
v -0.01067367 0.51188439 -0.0190447
v -0.01059344 0.51230395 -0.02102632
v -0.01170383 0.51076394 -0.02105174
v -0.0113643 0.50969011 -0.02269148
v -0.01402042 0.50810313 -0.02149931
v -0.01094575 0.50665784 -0.02436405
v -0.01462554 0.5057525 -0.02412891
v -0.00935773 0.50993645 -0.0237753
v -0.00793719 0.50747806 -0.02403447
v -0.01097191 0.5125199 -0.02292078
v -0.00848824 0.51195878 -0.02319871
v -0.00817871 0.51288593 -0.02114358
v -0.00841182 0.51236659 -0.01874347
v 0.00121781 0.50547785 -0.02504606
v 0.00209498 0.50184941 -0.02825539
v 0.00084591 0.50319892 -0.02825992
v 6.747E-05 0.50175452 -0.02774852
v -0.00039392 0.50246501 -0.02520523
v -0.00281717 0.50248015 -0.02378179
v -0.00150615 0.50596535 -0.0235065
v -0.00973685 0.50096089 -0.02657766
v -0.00872892 0.50361657 -0.02631252
v -0.00471223 0.50630885 -0.02357418
v -0.01015621 0.50479805 -0.02743469
v -0.0060581 0.51036346 -0.02261375
v -0.01215002 0.50396717 -0.02797769
v -0.01171267 0.50168425 -0.02722321
v -0.01917431 0.50344568 -0.01837179
v -0.01996459 0.50541192 -0.02046499
v -0.01807704 0.50766587 -0.01917704
v -0.00247147 0.49861124 -0.03184258
v -0.00083151 0.49964213 -0.03035036
v -0.00101313 0.50111544 -0.03066633
v -0.00368072 0.50144798 -0.03221348
v -0.00239813 0.49677926 -0.03449737
v -3.091E-05 0.49901423 -0.03111122
v -0.00516724 0.49789605 -0.03247007
v -0.0003552 0.50197971 -0.03157376
v -0.00234267 0.50152862 -0.03485838
v -0.00492335 0.50263441 -0.03775816
v -0.00601641 0.50416243 -0.03481236
v -0.00826281 0.50444609 -0.03130084
v -0.00723781 0.50235766 -0.03020008
v -0.00781595 0.49972633 -0.02991016
v -0.00782599 0.50131541 -0.03778721
v -0.00811831 0.50182897 -0.03504151
v -0.00646168 0.49800992 -0.0378275
v -0.00786468 0.49886367 -0.0344699
v -0.00549811 0.49665457 0.02091214
v 0.00663024 0.50173616 0.01339061
v 0.00765904 0.50562119 0.01394114
v -0.00474979 0.49958834 0.01676941
v -0.00548466 0.49820516 0.01915137
v -0.01354761 0.50575703 0.01467693
v -0.01261233 0.50752431 0.01331019
v -0.01273861 0.50926352 0.01404887
v -0.01010425 0.51068902 0.01364162
v -0.00826498 0.51225334 0.01316176
v -0.0057227 0.51132798 0.01442292
v -0.00665353 0.51091665 0.01198999
v 0.0048127 0.49904338 0.00808778
v 0.00174148 0.49979764 0.00905929
v 0.00186823 0.50123072 0.00709504
v 0.0049241 0.50112993 0.006656
v 0.00359255 0.49822354 0.01200821
v 0.00122598 0.4991889 0.01183986
v 0.00694964 0.49965146 0.00904205
v 0.00580996 0.49870726 0.01272973
v 0.00688789 0.50118476 0.00432924
v 0.00694591 0.49949721 0.00473287
v 0.00849423 0.49955311 0.00542106
v -0.00860544 0.51179355 -0.01666218
v -0.00703547 0.51035124 -0.01550694
v -0.00639615 0.51091224 -0.01797268
v -0.01059464 0.51162815 -0.01599617
v -0.00356587 0.50876683 -0.02159202
v -0.00381338 0.50021333 -0.01220675
v -0.00265837 0.49817035 -0.01506611
v -0.0045676 0.49805126 -0.01647687
v -0.00683047 0.49987704 -0.01440981
v -0.00252213 0.498532 0.01677944
v -0.00302595 0.50024009 0.0140748
v -0.00075068 0.49883628 0.01464821
v -0.00183899 0.49735579 0.01820914
v 0.00128104 0.49759907 0.01542058
v -0.00111517 0.50012714 0.01203778
v -0.00172423 0.5009771 0.01050528
v -0.00254891 0.50216264 0.00842893
v -0.0016609 0.50477558 0.00819191
v 0.00250881 0.50375819 0.00691961
v -0.00053088 0.50697351 0.00901289
v 0.00549014 0.50341958 0.00670414
v 0.00713692 0.50351548 0.00432445
v 0.00792028 0.50577694 0.00053386
v 0.00766993 0.5033707 0.00066764
v 0.00729088 0.50081223 0.00078415
v 0.00748781 0.49851635 0.00106464
v 0.00752515 0.503371 -0.00319314
v 0.00708148 0.50071019 -0.00307063
v 0.00716692 0.49824417 -0.00312973
v 0.00945072 0.49766335 -0.00351453
v 0.00976729 0.49813735 0.00139146
v 0.0116509 0.50007492 0.00143662
v 0.00945946 0.50169474 0.00561001
v 0.01134257 0.49953073 -0.00389739
v 0.01151108 0.50243378 -0.00378323
v 0.01200273 0.50295383 0.00101811
v 0.0088436 0.50053197 -0.00810189
v 0.0094862 0.50328583 -0.00791987
v 0.00990212 0.50570434 -0.00756258
v 0.01123339 0.5050838 -0.00358786
v 0.00693927 0.50108355 -0.01190117
v 0.00794516 0.50434202 -0.01169922
v 0.00872459 0.50691694 -0.01129767
v 0.00967198 0.50660342 -0.00334282
v 0.00968116 0.50680268 0.00041274
v 0.01153661 0.50553095 0.00055736
v 0.01022175 0.50449848 0.00541221
v 0.00862017 0.50563323 0.00967536
v 0.00774936 0.50224912 0.00950637
v 0.0078567 0.50579488 -0.00326063
v -0.00398832 0.50861824 0.01085655
v -0.00285584 0.50981355 0.01304249
v -0.00515842 0.51203907 0.01712587
v -0.00447227 0.51265806 0.01951617
v 0.00375405 0.49707013 0.01653091
v -0.00056706 0.49622494 0.01946171
v -0.00321159 0.51018471 -0.01951999
v -0.00588884 0.51142162 -0.02047554
v -0.00377621 0.5095607 -0.01693546
v -0.0044794 0.50877976 -0.01416879
v -0.00122176 0.50748372 -0.01306277
v -0.00052379 0.50854069 -0.016097
v -0.01582881 0.50837135 0.01356965
v -0.01634597 0.50844848 0.01576604
v -0.01568724 0.50693429 0.01253506
v -0.01862531 0.50662202 0.01082724
v -0.0188764 0.50825387 0.01206353
v -0.01665541 0.50523818 0.01357074
v -0.01951025 0.504502 0.01140001
v -0.02193866 0.50404465 0.00844744
v -0.02131689 0.50665712 0.00855646
v -0.01811805 0.50377309 0.01526143
v -0.02118567 0.50292605 0.01252312
v -0.02360975 0.50221026 0.00900597
v -0.02378644 0.50409287 0.0051025
v -0.02342536 0.50247949 0.0135715
v -0.02597087 0.50248462 0.00968143
v -0.02426774 0.50518978 0.01348576
v -0.02700291 0.5052225 0.00982921
v -0.02439164 0.50809586 0.01310092
v -0.02699082 0.50825042 0.00920894
v -0.0227558 0.50925112 0.01145627
v -0.0251145 0.50992656 0.00776369
v -0.02706194 0.51008195 0.00394573
v -0.02809452 0.51036108 7.486E-05
v -0.02305564 0.5097577 0.00635188
v -0.02442685 0.5101878 0.00273399
v -0.0248675 0.50990891 -0.00083647
v -0.02408294 0.50974542 -0.0045548
v -0.02749781 0.50999331 -0.00412155
v -0.02437435 0.50715554 0.00204085
v -0.02456448 0.50687939 -0.00167709
v -0.02357944 0.50648612 -0.00550156
v -0.02163304 0.50596255 -0.00931507
v -0.02248924 0.50876248 -0.00834269
v -0.02495974 0.50390869 -0.00260302
v -0.02367667 0.50351501 -0.00678208
v -0.02135288 0.50325376 -0.01106286
v -0.01851058 0.50390583 -0.01529199
v -0.01844799 0.50550228 -0.01223195
v -0.02551248 0.50216466 -0.00888898
v -0.02279655 0.50288242 -0.01372093
v -0.02709801 0.50396436 -0.01117491
v -0.02370199 0.5047546 -0.01580048
v -0.02574029 0.50716811 -0.01203663
v -0.02241841 0.50778085 -0.01621259
v -0.02282558 0.50881702 -0.01194849
v -0.0195257 0.5083304 -0.01506977
v -0.01597151 0.50833118 -0.0174724
v -0.02014188 0.50788558 -0.01164302
v -0.02562609 0.5092634 -0.00822041
v -0.02882642 0.50718814 -0.00768972
v -0.02490077 0.50421607 0.00139409
v -0.02315258 0.50698382 0.00550274
v -0.02140866 0.50878 0.00967916
v -0.01975207 0.50829393 0.01412533
v -0.0208653 0.50760931 0.01618902
v -0.02124267 0.50523114 0.01723638
v -0.02005122 0.50266182 0.01697524
v -0.0147793 0.50431037 0.01694044
v -0.00391952 0.49995396 -0.0393158
v -0.00132641 0.49934432 -0.03595819
v 0.00030867 0.50044 -0.03174875
v -0.0097478 0.50012559 -0.03119496
v -0.00986188 0.50280166 -0.03185642
v 0.00137085 0.50734043 0.0240184
v 0.00201249 0.50401688 0.02620866
v 0.00208938 0.50571173 0.02657888
v 0.00292068 0.50689304 0.0269119
v 0.00397265 0.50532758 0.02667733
v 0.00391143 0.50325137 0.02634007
v 0.00219883 0.50238138 0.0297449
v 0.00246307 0.5022428 0.02593382
v -0.0096426 0.50528979 0.02780168
v -0.00687194 0.50256729 0.03035908
v -0.0077387 0.50462872 0.03109902
v -0.00484298 0.50155318 0.032915
v 0.00468282 0.48670888 -0.0052026
v 0.00626072 0.48669145 -0.00372517
v 0.00646527 0.4839929 -0.00474928
v 0.00435846 0.4850114 -0.00633653
v 0.00200861 0.48651293 -0.0076451
v 0.00312879 0.48843417 -0.00569181
v 0.00470657 0.48978272 -0.00357411
v 0.0047369 0.48637682 0.00290226
v 0.00428067 0.48435009 0.00423636
v 0.00658461 0.48357034 0.00179466
v 0.00639232 0.48653474 0.00102456
v 0.00345288 0.48831055 0.00323164
v 0.00215113 0.48617795 0.00573711
v 0.0052709 0.48989543 0.00062159
v 0.00305363 0.49798563 0.0005875
v 0.00326189 0.49559662 0.00083884
v 0.00334882 0.49561661 -0.00293135
v 0.00272069 0.49785146 -0.00346
v 0.00239638 0.49990147 -0.00223357
v 0.00258135 0.50003368 -0.00051243
v 0.0017232 0.50047612 0.00096197
v 0.00220096 0.49892277 0.00253777
v 0.00196233 0.50255048 -0.00449352
v 0.00230085 0.50370663 -0.00341505
v 0.00237679 0.50146878 -0.00344166
v 0.00129023 0.50156045 -0.0043932
v 0.00182671 0.50201344 0.00087331
v 0.00273568 0.50198609 -0.00021965
v 0.00200518 0.50458747 0.00059402
v 0.00069845 0.50384837 0.0022758
v 0.00050349 0.50111496 0.00271765
v 0.0024029 0.49661642 -0.00717571
v 0.00203448 0.49775061 -0.00759743
v 0.00183761 0.49873087 -0.00524393
v 0.00243208 0.49492288 -0.00656237
v 0.00168682 0.500067 -0.00384824
v 0.00241216 0.49274349 0.01570173
v 0.00343538 0.49547571 0.01163778
v 0.00250604 0.49720585 0.01214061
v 0.00259593 0.49503925 0.01617311
v 0.00242697 0.49125424 0.01397586
v 0.00323206 0.49344006 0.01100371
v 0.00065741 0.48972058 0.01787882
v 0.00088762 0.48863754 0.01615039
v 0.00081236 0.5043208 -0.00526672
v 0.00018325 0.50202775 -0.00518085
v 0.00113619 0.50642633 -0.00347118
v -0.00136447 0.50181723 -0.00554571
v -0.00126966 0.5050894 -0.0054027
v 0.00158783 0.49866733 -0.00843431
v 0.00080378 0.49929997 -0.00890527
v 0.00018384 0.49920887 -0.00766653
v 0.00096069 0.49851689 -0.00746202
v 0.00201197 0.49709612 -0.01104923
v 0.00125477 0.49791881 -0.01174724
v 0.0010044 0.49936712 -0.00612758
v 0.00029066 0.50862527 0.00049744
v -0.0005066 0.50934857 0.00127715
v -0.0002724 0.50735658 0.00212826
v 0.00062074 0.50720739 0.00084367
v 0.00141098 0.50709921 -0.00106948
v 0.00066915 0.50900644 -0.00092497
v -0.00056134 0.51022929 -0.0006414
v 0.00015546 0.50739831 -0.00443438
v 0.00039634 0.50865448 -0.00300282
v -0.00125007 0.50852978 -0.00488082
v -0.00071357 0.50999165 -0.00313006
v -0.00207671 0.50709778 0.00287369
v -0.00158571 0.50375444 0.0030677
v -0.00132313 0.50074255 0.0037236
v 0.00148106 0.48200274 -0.006507
v 0.00228372 0.48182809 -0.00462828
v -0.00076523 0.4826546 -0.00521444
v -0.00109307 0.48251545 -0.00756159
v -0.00130477 0.48276007 -0.01007217
v 0.00240143 0.48128393 -0.0073063
v 0.00405985 0.48101655 -0.00485118
v 0.00082066 0.49219403 -0.01873757
v 0.00127626 0.49095398 -0.01635484
v 0.00014349 0.48862246 -0.01770696
v -0.00065818 0.4893491 -0.01970213
v 0.00243396 0.49480852 -0.01512672
v 0.00230345 0.49344197 -0.01407888
v 5.866E-05 0.4941687 -0.01886735
v 0.00143383 0.49610806 -0.01572742
v -0.00348699 0.48972183 -0.02024637
v -0.00242991 0.49191821 -0.0207244
v -0.00253454 0.49342188 -0.02021847
v 0.00129124 0.48214585 0.00288831
v 0.00207178 0.48169473 0.00082496
v 0.00391916 0.48078805 0.0013183
v 0.00224539 0.48157626 0.00401536
v -0.00067006 0.48272929 0.0056298
v -0.00087357 0.48278216 0.00346837
v -0.00067848 0.48274836 0.00060957
v -0.00231678 0.51133215 0.00010053
v -0.00397586 0.51137453 -0.00069621
v -0.00442825 0.51137924 1.747E-05
v -0.00429968 0.51139992 0.00125378
v -0.00214174 0.50967532 0.00217025
v -0.0044469 0.50974685 0.00266714
v -0.00141157 0.49937981 -0.00793117
v -0.00101507 0.49957651 -0.00678743
v 0.00012056 0.49973321 -0.00668016
v -0.00075932 0.49952996 -0.00961003
v -0.0035758 0.49842724 -0.00821558
v -0.0022925 0.49860442 -0.00640691
v 8.713E-05 0.50066423 -0.00582041
v -0.00101985 0.50027877 -0.00613034
v -0.00194298 0.50019431 -0.00560296
v -0.00292618 0.49990883 -0.00584573
v -0.00314046 0.50230366 -0.00540854
v -0.00163587 0.49933642 -0.00588899
v -0.00075492 0.48714927 0.01229454
v -0.00173598 0.48650187 0.01228928
v -0.00156121 0.48534036 0.01058919
v -0.0002334 0.48697922 0.01014378
v 1.493E-05 0.48741081 0.01449438
v -0.00142451 0.48647505 0.01401502
v 0.00099355 0.48920208 0.0121589
v -0.00300224 0.51113719 -0.00331991
v -0.00431171 0.51148057 -0.00197246
v -0.00602998 0.51082647 -0.00367568
v -0.00589125 0.5114823 -0.00261604
v -0.00583997 0.51121438 -0.00136846
v -0.00212113 0.49499395 0.01794827
v -0.00501 0.4949961 0.01766984
v -0.00484403 0.49422082 0.01952142
v -0.00116683 0.49451622 0.01886895
v -0.00164573 0.49605197 0.01542004
v -0.00498253 0.49593621 0.01530351
v 0.00100897 0.49588498 0.01585126
v -0.0003748 0.48346445 0.00808907
v 0.00077383 0.48292324 0.00671747
v 0.00134754 0.48429075 0.00662188
v -0.00011148 0.48528907 0.00799098
v -0.00112029 0.48734626 -0.01511696
v -0.00093306 0.48562673 -0.01251937
v -0.00239528 0.48514929 -0.01267072
v -0.00259784 0.4866617 -0.01441286
v 0.00047129 0.48900777 -0.0138376
v 4.955E-05 0.48668674 -0.01142269
v -0.00292632 0.4857482 -0.01620155
v -0.00174518 0.48551682 -0.01716501
v -0.00102298 0.49494606 -0.01787319
v -0.00285381 0.49437732 -0.01869037
v -0.00045965 0.49634823 -0.01555758
v -0.00258822 0.4958263 -0.01598323
v -0.00552505 0.51131082 -0.000352
v -0.00190764 0.49885604 0.00650931
v -0.00117275 0.49920174 0.00477541
v -0.00219707 0.49803713 0.00500945
v -0.00249471 0.4979161 0.00641287
v -0.00351097 0.49791053 0.00678275
v -0.00436199 0.49845949 0.00707338
v -0.00351612 0.49912226 0.00922749
v -0.00049252 0.49932146 0.0086429
v -0.00287281 0.49740937 0.00531667
v -0.00307849 0.49906507 0.00417702
v -0.00363619 0.49769941 0.00511248
v -0.00383492 0.49736837 0.00623682
v -0.00298427 0.49714899 0.00626229
v -0.00645573 0.51121724 0.00046594
v -0.00343501 0.49981529 -0.00884907
v -0.00535833 0.49913812 -0.00953392
v -0.00134724 0.48321944 0.00711474
v 0.00327918 0.48139292 0.00470642
v -0.0035703 0.48359716 0.00582265
v -0.00352569 0.48329589 0.00341427
v -0.00291223 0.48337805 0.00756967
v -0.00496905 0.49749538 0.00610441
v -0.00439394 0.49998423 0.00357097
v -0.00467815 0.49820995 0.00474438
v -0.00190356 0.48361114 0.00884579
v -0.00402577 0.48302856 -0.00804333
v -0.00469313 0.48379031 -0.01009936
v 0.00042892 0.48371705 -0.00989757
v -0.00223848 0.49045625 0.01858583
v -0.00088746 0.49224654 0.01911
v -0.00479984 0.49237636 0.02007816
v -0.0051246 0.49189302 0.01881181
v -0.00560788 0.49154052 0.0165815
v -0.00383104 0.48971856 0.0176058
v -0.002874 0.48747468 0.01885444
v -0.00184187 0.48761728 0.01951087
v -0.00401738 0.498593 -0.00670168
v -0.004202 0.49989098 -0.00579171
v -0.00557856 0.49746737 -0.00790919
v -0.00528669 0.49940386 -0.00554536
v -0.00457138 0.48621556 -0.01248384
v -0.00598548 0.49104074 -0.02025786
v -0.0057575 0.49203938 -0.02109381
v -0.00307675 0.4870286 -0.02070972
v -0.00416975 0.48648703 -0.01988567
v -0.00491679 0.48868373 -0.0191895
v -0.00647452 0.49004757 -0.01897872
v -0.00349911 0.48482299 0.01040021
v -0.00354404 0.48649213 0.01245256
v -0.0010464 0.48436165 0.00900036
v -0.00552056 0.48629561 0.01212833
v -0.00580575 0.48530313 0.01105669
v -0.00471203 0.48432243 0.0087277
v -0.00739992 0.4975808 0.00812264
v -0.00670186 0.49828017 0.01028596
v -0.00621803 0.49727371 0.00588871
v -0.00424795 0.48859739 0.01317036
v -0.00583657 0.48819789 0.01266546
v -0.00272351 0.48660246 0.01431304
v -0.00347983 0.48794881 0.01482415
v -0.00422367 0.48756737 -0.01412964
v -0.00650789 0.48890567 -0.01272331
v -0.00621167 0.48952547 -0.01414429
v -0.00671469 0.48623347 -0.01248267
v -0.00773955 0.48795098 -0.01274675
v -0.0068476 0.48530436 -0.01072855
v -0.00538977 0.48443222 0.00728161
v -0.00650876 0.48380569 0.0061294
v -0.0052713 0.48342925 0.00520051
v -0.00561463 0.48318854 0.00336747
v -0.00787711 0.49809322 -0.01013082
v -0.00961119 0.49659526 -0.01039873
v -0.00708818 0.49686047 -0.0068132
v -0.00488977 0.48663175 -0.01595577
v -0.00706936 0.48873559 -0.01522809
v -0.00736892 0.48846671 -0.0163338
v -0.00575724 0.48698169 -0.01681691
v -0.00529234 0.48493904 -0.01819185
v -0.00457677 0.48424274 -0.0179178
v -0.00573481 0.48249543 -0.00742392
v -0.00655184 0.48255002 -0.00812832
v -0.00780858 0.48334554 -0.00877631
v -0.00557967 0.48424312 0.02127614
v -0.00351219 0.48521122 0.02038272
v -0.00380863 0.48494327 0.0195134
v -0.00552798 0.48420647 0.01996876
v -0.0075007 0.48507237 0.01918987
v -0.00798362 0.4850755 0.02016999
v -0.00683611 0.48329508 0.02242862
v -0.00570159 0.48226762 0.02366115
v -0.00420973 0.48352796 0.02298158
v -0.00268664 0.48505577 0.02108463
v -0.00682105 0.49946234 -0.00199223
v -0.00734397 0.50176036 -0.00159495
v -0.00689874 0.50166452 -0.00375361
v -0.00645942 0.49903336 -0.00416022
v -0.00657385 0.49904406 0.0007343
v -0.00706393 0.50207275 0.00069956
v -0.0074032 0.49763918 -0.00200721
v -0.00566826 0.49851099 -0.01177839
v -0.00850422 0.49723923 -0.01302288
v -0.00691819 0.49551699 0.00544971
v -0.00818335 0.49537659 0.00773886
v -0.00727141 0.48338306 0.00374229
v -0.00438297 0.48010412 0.02315748
v -0.00485753 0.48090407 0.0239909
v -0.00633412 0.48002824 0.02295526
v -0.00527007 0.47982234 0.02196496
v -0.00281261 0.4812324 0.02227955
v -0.00304735 0.48243031 0.02330816
v -0.00367817 0.48084846 0.02097624
v -0.00694369 0.49037644 -0.00284365
v -0.00656308 0.49282646 -0.00188297
v -0.00802321 0.49172404 -0.00414596
v -0.00792309 0.48967859 -0.00488015
v -0.00742846 0.48810351 -0.00172174
v -0.00755806 0.48941952 0.00126688
v -0.00523579 0.48187205 0.01910354
v -0.00538257 0.48310372 0.01882218
v -0.00345466 0.48355803 0.01824355
v -0.00290858 0.48293993 0.01822933
v -0.00660856 0.48077565 0.0201038
v -0.00847643 0.4824388 0.01848205
v -0.00764942 0.48271745 0.01779965
v -0.00732974 0.48359826 0.01797483
v -0.00554124 0.48122454 -0.01974025
v -0.00411651 0.48078871 -0.02101526
v -0.00263541 0.48319232 -0.0189999
v -0.0036233 0.48331884 -0.01801115
v -0.00594788 0.48278123 -0.01875342
v -0.00605533 0.47991329 -0.02173866
v -0.00527324 0.47934929 -0.02280046
v -0.00776628 0.48257309 -0.01862783
v -0.00803806 0.48101446 -0.01969044
v -0.00718406 0.47950852 -0.02223429
v -0.00402848 0.48283425 -0.00560186
v -0.00630553 0.48242417 -0.00538997
v -0.00763717 0.48244569 -0.00526384
v -0.00724099 0.49627015 0.00283715
v -0.00738113 0.4948858 0.0001886
v -0.00807768 0.49238464 0.0014608
v -0.00812729 0.49288246 0.00319938
v -0.00565148 0.49768394 0.00400064
v -0.00769695 0.49314603 0.00532481
v -0.00815884 0.49522594 -0.00514933
v -0.00796882 0.48462963 -0.00831673
v -0.0075423 0.48614159 -0.01038805
v -0.00941657 0.48571801 -0.01180369
v -0.00895415 0.48517725 -0.01259605
v -0.00608228 0.47933307 -0.02493522
v -0.00512077 0.48013464 -0.02406962
v -0.00651224 0.47849968 -0.02412203
v -0.00779534 0.47872582 -0.02467078
v -0.00706811 0.47978619 -0.02532296
v -0.00588845 0.48105222 -0.0246998
v -0.00838498 0.50407034 -0.00128354
v -0.00871614 0.50466824 0.00015627
v -0.00954504 0.50681025 -0.0017566
v -0.00854922 0.5045833 -0.00317361
v -0.00663987 0.48122922 0.02321097
v -0.00734278 0.48214978 0.02186567
v -0.0074017 0.48114553 0.02108922
v -0.00822776 0.49234089 -0.00658202
v -0.00805119 0.48917446 0.00355638
v -0.00648429 0.48364925 -0.02256383
v -0.00557116 0.48334339 -0.02330757
v -0.00715179 0.48180634 -0.02453027
v -0.00864683 0.48307917 -0.02297488
v -0.00524718 0.48426849 -0.02117505
v -0.00390767 0.48485106 -0.02164632
v -0.00759824 0.48363954 -0.02191815
v -0.00790106 0.48518884 -0.00168848
v -0.00821629 0.48591632 0.00117737
v -0.00814829 0.48602548 0.0036703
v -0.00759042 0.48481974 0.00612708
v -0.00681112 0.48521566 0.00783084
v -0.00788439 0.48682961 0.00763898
v -0.00785573 0.48642179 0.0059768
v -0.0081641 0.4843294 0.00383915
v -0.0081571 0.49014676 -0.01448283
v -0.00880568 0.49046651 -0.01329257
v -0.01064621 0.49004456 -0.0148182
v -0.00921744 0.48998305 -0.01562928
v -0.00898189 0.48904729 -0.01310181
v -0.00946118 0.48704466 -0.01377155
v -0.01025795 0.48842743 -0.01433334
v -0.00961134 0.48352376 -0.01756872
v -0.01037914 0.48278439 -0.01806444
v -0.01113797 0.48208207 -0.01930031
v -0.00920203 0.48044768 -0.02075765
v -0.00816973 0.47940254 -0.02283137
v -0.008666 0.47993311 -0.02317031
v -0.00985376 0.48068428 -0.02182557
v -0.00879346 0.47989959 -0.02422953
v -0.0098184 0.48119444 -0.02267434
v -0.01030688 0.48366773 0.01344968
v -0.00843369 0.48470321 0.01431471
v -0.00871418 0.48378745 0.01609182
v -0.01071271 0.48343447 0.01622928
v -0.00799537 0.48499539 0.01213084
v -0.00734765 0.48576483 0.01295387
v -0.01189599 0.4838219 0.01153029
v -0.00895905 0.48510435 0.01096886
v -0.00983609 0.48516834 0.02021537
v -0.00871798 0.48442718 0.02079349
v -0.00985515 0.48656803 0.01913892
v -0.01082829 0.48437262 0.02044059
v -0.00905044 0.48359632 0.02026409
v -0.01200543 0.4862515 0.02020539
v -0.00897333 0.48287067 0.01970855
v -0.01135041 0.48391524 0.01934758
v -0.01034688 0.48449296 -0.01575412
v -0.00883347 0.48582354 -0.01346027
v -0.01121578 0.48380831 -0.01434768
v -0.01208814 0.48278359 -0.01610097
v -0.0114847 0.48330089 -0.01718188
v -0.0097179 0.48430958 -0.01812563
v -0.01053657 0.48577452 -0.01635965
v -0.01080522 0.49272308 0.01849604
v -0.00907231 0.49323118 0.01990196
v -0.00870155 0.49407786 0.01864769
v -0.01131473 0.49397311 0.01726942
v -0.01056402 0.49152607 0.01775971
v -0.00818299 0.49240303 0.01895398
v -0.01227988 0.49190897 0.01725405
v -0.01110391 0.48582277 -0.01797403
v -0.00992645 0.48495421 -0.01910036
v -0.01037304 0.4850021 -0.02037673
v -0.01184003 0.48694664 -0.0188132
v -0.01141377 0.4874616 -0.01641718
v -0.01168105 0.48427561 -0.01293978
v -0.01342522 0.48213729 -0.01317371
v -0.01238708 0.4813644 -0.01432954
v -0.01246628 0.48162192 -0.01548604
v -0.0102953 0.48887035 0.01772337
v -0.01157996 0.4889535 0.01800511
v -0.01370687 0.48902497 0.01775095
v -0.01489663 0.48576778 0.01980095
v -0.01267304 0.48292273 0.02202497
v -0.01307616 0.48245111 0.02103186
v -0.01271742 0.48327509 0.01878128
v -0.01299585 0.48237497 0.01594392
v -0.01277518 0.49026722 -0.0191256
v -0.00929892 0.49111989 -0.01990342
v -0.00922089 0.49047434 -0.01906298
v -0.01192926 0.4896155 -0.01896572
v -0.01294838 0.49210161 -0.01926216
v -0.00938126 0.49208105 -0.02090571
v -0.01435923 0.49013662 -0.01849685
v -0.01610493 0.4898971 -0.01750549
v -0.01523147 0.49257612 -0.01718984
v -0.01408976 0.49230695 -0.0183244
v -0.01382947 0.47980329 -0.01642884
v -0.01332536 0.48118055 -0.0175492
v -0.01289065 0.49408665 0.01558905
v -0.01239583 0.49491599 0.01387336
v -0.01394337 0.4935717 0.01289985
v -0.01407729 0.49229231 0.01548635
v -0.01062053 0.49501806 0.0154103
v -0.01197308 0.48444089 -0.02128469
v -0.01194787 0.4827905 -0.02187228
v -0.01380059 0.48233834 -0.02150244
v -0.01459028 0.48377657 -0.02121237
v -0.01267031 0.48709682 -0.0198985
v -0.01421131 0.4871237 -0.01998931
v -0.01300652 0.48152325 0.01375937
v -0.01359602 0.48132837 0.01407327
v -0.01478388 0.47953293 0.01361726
v -0.01532867 0.47989771 0.01171213
v -0.01299242 0.4941332 -0.01657653
v -0.01417811 0.49377054 -0.01675422
v -0.01329742 0.49526438 -0.01399893
v -0.01158572 0.49538526 -0.01505215
v -0.01027833 0.49482951 -0.01646563
v -0.01242399 0.49389145 -0.01741968
v -0.01334183 0.49342513 -0.01798888
v -0.01065953 0.49630743 0.01073122
v -0.01038993 0.49456629 0.01015007
v -0.01333805 0.49286017 0.01186283
v -0.01582495 0.49021831 0.01236489
v -0.01627182 0.49035469 0.01344468
v -0.01628068 0.48920161 0.01570805
v -0.0151567 0.49418354 -0.01402664
v -0.01670993 0.49117002 -0.0153763
v -0.01614028 0.49103734 -0.01393034
v -0.01352584 0.49356532 -0.01257276
v -0.01482311 0.48007521 -0.02175757
v -0.0158311 0.48072493 -0.02225724
v -0.01716029 0.48064619 -0.02150953
v -0.01700144 0.48376 -0.02039063
v -0.01491996 0.4885121 -0.01898388
v -0.01646366 0.48814216 -0.01851306
v -0.01982036 0.48697469 -0.01698525
v -0.01958908 0.48839062 -0.01608936
v -0.0146213 0.47989386 0.01945494
v -0.0135376 0.48178539 0.01937518
v -0.01480776 0.47947305 0.02056389
v -0.01632626 0.47696918 0.01761844
v -0.01534299 0.47868162 0.01713293
v -0.01398581 0.48070139 0.01642338
v -0.01746066 0.4861013 0.01743215
v -0.01927881 0.48767832 0.01379471
v -0.01964098 0.48539791 0.01503457
v -0.01894876 0.48861295 0.01256868
v -0.01613287 0.47957575 -0.01315342
v -0.0147519 0.48350644 -0.01268322
v -0.01730658 0.48200309 -0.01230159
v -0.01977869 0.481121 -0.01072885
v -0.01889883 0.47893798 -0.01144891
v -0.01898291 0.47751889 -0.01250361
v -0.01707177 0.47628686 -0.01500143
v -0.01424672 0.47881886 -0.01469142
v -0.01592094 0.47657409 -0.01702781
v -0.01567427 0.47796351 0.01432544
v -0.01734314 0.47672498 0.01239578
v -0.01728504 0.47919896 0.01089401
v -0.01849155 0.47854424 0.00910386
v -0.01836834 0.4804959 0.0083298
v -0.01557331 0.48123696 0.01033282
v -0.01954542 0.47669294 0.01008193
v -0.0166311 0.47509378 -0.01855531
v -0.01610007 0.47597259 -0.01945349
v -0.01798341 0.47573665 -0.01602444
v -0.01730811 0.47402671 -0.01941686
v -0.01646809 0.4752501 -0.02132834
v -0.01956261 0.47700554 -0.01345568
v -0.01833437 0.48357788 0.01832244
v -0.01989275 0.48257104 0.01617184
v -0.01769703 0.48217642 0.02053534
v -0.01938529 0.47952738 0.01756827
v -0.0172284 0.47582999 0.01826612
v -0.01881788 0.47614738 0.01368693
v -0.02068908 0.47582421 0.01082448
v -0.01850193 0.47837856 -0.02177458
v -0.01767091 0.47818759 -0.02250907
v -0.01831433 0.47632867 -0.02185017
v -0.01924939 0.4773564 -0.02129439
v -0.01877521 0.47998437 -0.02054002
v -0.01972817 0.47873938 -0.01940493
v -0.01930675 0.47646415 -0.02054337
v -0.01881951 0.47546175 -0.02019292
v -0.01991643 0.4773958 -0.01843886
v -0.02004414 0.48263368 -0.01820907
v -0.02091703 0.48028588 -0.01706704
v -0.02349635 0.48077548 -0.01443212
v -0.02299765 0.48287755 -0.0146487
v -0.02570905 0.47554871 0.00397046
v -0.02403685 0.47619611 0.00297268
v -0.02189068 0.47594166 0.00670934
v -0.0230928 0.47485963 0.00770727
v -0.02639591 0.47544387 0.00019493
v -0.02493736 0.47634557 -0.00180997
v -0.0238359 0.47785333 -0.00155416
v -0.02311165 0.47744846 0.00271608
v -0.02729782 0.47520572 -0.00183492
v -0.02569801 0.47634754 -0.00436158
v -0.02683789 0.47691822 -0.0060597
v -0.02448541 0.4768298 -0.00920157
v -0.02378748 0.47663867 -0.00774249
v -0.0272573 0.47708061 -0.00855506
v -0.02513907 0.47726485 -0.0106599
v -0.02903591 0.4762089 -0.00531451
v -0.0295106 0.47671139 -0.00679584
v -0.02925088 0.47616664 -0.00374426
v -0.03057873 0.47492599 -0.00314269
v -0.0311289 0.4753302 -0.00418221
v -0.02822297 0.47653672 -0.00257136
v -0.02961877 0.48481733 0.00063724
v -0.0278117 0.48523107 0.00021405
v -0.02803583 0.48540261 -0.00275038
v -0.02993183 0.48437753 -0.00312289
v -0.03277689 0.48161602 -0.00156049
v -0.03320698 0.48263621 -0.00011254
v -0.03296681 0.48239172 0.00116883
v -0.02972941 0.48408979 0.00256747
v -0.02957358 0.47448289 6.636E-05
v -0.02799211 0.47554505 0.00096791
v -0.02828078 0.47490552 0.00274394
v -0.03089458 0.473544 0.00201905
v -0.03013531 0.47473383 -0.00171234
v -0.03194583 0.47834772 0.00320457
v -0.0286593 0.47980133 0.00481493
v -0.02929545 0.48291451 0.00329878
v -0.03231415 0.48113155 0.00193663
v -0.03471887 0.47852954 0.00223848
v -0.03640964 0.47672305 0.00264738
v -0.03443449 0.47600922 0.00333676
v -0.03308904 0.47429234 0.00429416
v -0.03038946 0.47583643 0.00493653
v -0.02788608 0.47677317 0.00645414
v -0.03578087 0.48007774 0.00197447
v -0.03308814 0.47296491 -0.00142136
v -0.03303343 0.47320712 0.00021527
v -0.03267102 0.47308972 -0.00272403
v -0.03455684 0.47103918 -0.00212354
v -0.03457715 0.47122824 -0.00304694
v -0.03375227 0.47735971 -0.00357719
v -0.03231267 0.47904742 -0.00373622
v -0.03229268 0.47852439 -0.00449915
v -0.0334587 0.4771443 -0.00416544
v -0.03797575 0.47727659 0.00219167
v -0.03395825 0.47172573 0.00136175
v -0.03155906 0.472332 0.0034683
v -0.03417743 0.47095853 0.00271074
v -0.0362943 0.4697372 0.00106925
v -0.03631655 0.47083139 0.0007727
v -0.03532473 0.47167131 0.00101165
v -0.03643126 0.46884903 0.00223363
v -0.03536792 0.47257844 0.00048483
v -0.03312314 0.4763405 -0.00469475
v -0.03389683 0.47497109 -0.00372694
v -0.03318458 0.47711179 -0.00461718
v -0.03511143 0.47517982 -0.00322942
v -0.03571555 0.46970874 -0.00178212
v -0.03579036 0.46920621 -0.00261913
v -0.0353023 0.47102156 -0.00133891
v -0.03702149 0.47158086 0.0006482
v -0.03631872 0.47079515 -0.00073935
v -0.03524565 0.4724161 -0.00078454
v -0.03707439 0.47164702 -0.00019608
v -0.03866182 0.4708634 -0.00023134
v -0.03689353 0.46972755 -0.0009397
v -0.03785159 0.4700368 0.00058537
v -0.03626845 0.47416064 0.00328817
v -0.03808388 0.47389257 0.00265819
v -0.03590349 0.47254768 0.00389764
v -0.03813788 0.4712269 0.00319906
v -0.03824412 0.47078568 0.00027994
v -0.03862424 0.46901897 0.00131481
v -0.03950152 0.47087428 0.00083164
v -0.03912197 0.47364256 0.00062643
v -0.03924153 0.47343144 -0.00079712
v -0.03915325 0.47334301 -0.00218178
v -0.03952521 0.47038728 -0.00173487
v -0.03778859 0.46897462 -0.00225653
v -0.03869336 0.46959606 0.00253839
v -0.03723271 0.4697153 0.0031671
v -0.03941347 0.47103205 0.00225863
v -0.00815538 0.4957208 0.01534202
v -0.00911458 0.49638376 0.01348593
v -0.0083897 0.49489239 0.01711827
v -0.00569253 0.49731332 0.01236155
v -0.00231903 0.49769011 0.01209799
v -0.0100199 0.49666896 0.01205657
v 0.00083343 0.49761882 0.0119969
v 0.00163796 0.49861065 0.00843334
v 0.00282051 0.49707529 0.00823418
v 0.00254754 0.49761796 0.00538201
v 0.00070751 0.49840912 0.00600713
v 0.00070477 0.49932784 0.00390554
v 0.00313554 0.49625292 0.00497125
v 0.00313829 0.49522132 0.0079549
v 0.00244481 0.49290857 0.00702376
v 0.00272726 0.49397409 0.00427259
v 0.00199335 0.49091452 0.00979083
v 0.00090675 0.48897186 0.00800352
v 0.00166334 0.49136174 0.00600768
v 0.00088724 0.48766258 0.00653363
v 0.00218203 0.49083066 0.0039741
v -0.03914088 0.47387695 0.00189934
v -0.03848819 0.47725552 0.00060236
v -0.03689992 0.48076537 0.00107145
v -0.0367052 0.48037484 -0.0003455
v -0.0385357 0.47715238 -0.00110399
v -0.03575726 0.47956902 -0.00156849
v -0.03770803 0.47680372 -0.00238595
v -0.0343583 0.47800407 -0.00268539
v -0.03604525 0.47575593 -0.00285899
v -0.03779779 0.47299206 -0.00278644
v -0.03667711 0.47262254 -0.00312237
v -0.03724943 0.4717218 -0.00319475
v -0.03850152 0.47111177 -0.00301475
v -0.03502602 0.47189865 -0.00328878
v -0.03329844 0.47374907 -0.00337702
v -0.0358703 0.47232679 -0.00331182
v -0.03588786 0.46988571 -0.00363757
v -0.03185591 0.47602135 -0.00496002
v -0.03250477 0.48004788 -0.00308134
v -0.03500122 0.47134134 0.00372705
v -0.03242457 0.472673 0.0046204
v -0.02875675 0.47322261 0.00438207
v -0.02966623 0.47369027 0.00554519
v -0.02620741 0.47398275 0.00597123
v -0.02725857 0.47471556 0.00707721
v -0.02410605 0.47472042 0.00888444
v -0.02506558 0.47579694 0.00941006
v -0.02585747 0.47771695 0.00874129
v -0.02273686 0.47682899 0.01153424
v -0.02383082 0.47867051 0.01136797
v -0.02412328 0.48152885 0.01013962
v -0.02636081 0.48087913 0.00726484
v -0.02414794 0.48440254 0.0089426
v -0.02651939 0.48384649 0.00583717
v -0.02412679 0.48614025 0.00823647
v -0.02664133 0.48547274 0.00511114
v -0.02380214 0.48696968 0.00761912
v -0.02651654 0.4864397 0.00428881
v -0.02316121 0.48707005 0.00688844
v -0.0256211 0.48662958 0.00342691
v -0.02268838 0.48629105 0.00643324
v -0.0248795 0.48593637 0.00302448
v -0.02644459 0.48504078 -0.00016377
v -0.02652344 0.48515615 -0.00293797
v -0.02409163 0.48463508 0.00291999
v -0.02531714 0.48399013 -0.00038314
v -0.02527716 0.48429397 -0.00338769
v -0.02411943 0.48492917 -0.00677338
v -0.02507558 0.48632026 -0.0064053
v -0.02436333 0.48179421 -0.00074977
v -0.02411985 0.48235989 -0.00410839
v -0.02301368 0.48313677 -0.00731202
v -0.0211787 0.48375708 -0.01012507
v -0.02227236 0.4856694 -0.00980657
v -0.02296685 0.48005861 -0.00498355
v -0.02163585 0.48055959 -0.00814282
v -0.02290346 0.47817743 -0.00585546
v -0.02116299 0.4784534 -0.00906296
v -0.0232357 0.47698784 -0.00653933
v -0.02121981 0.47723585 -0.00983151
v -0.02168776 0.47665769 -0.01075071
v -0.02226708 0.47683734 -0.01179785
v -0.02008822 0.47698271 -0.0143109
v -0.01877954 0.47589472 -0.01680368
v -0.02276685 0.47758678 -0.01284357
v -0.02060816 0.4775368 -0.01509346
v -0.0194836 0.47634789 -0.01758214
v -0.01842435 0.47465619 -0.01976366
v -0.02080367 0.47877878 -0.01596803
v -0.02318978 0.47904724 -0.01361032
v -0.02544956 0.4787285 -0.0112305
v -0.02552115 0.48092043 -0.01147205
v -0.02750954 0.47856942 -0.00910324
v -0.02789259 0.48040161 -0.00926245
v -0.02805297 0.48201084 -0.00871886
v -0.02558414 0.48275965 -0.01162478
v -0.02508164 0.48535684 -0.01079986
v -0.02539406 0.48401985 -0.01123774
v -0.02781101 0.48303682 -0.00805563
v -0.02766989 0.48418149 -0.00744422
v -0.0271373 0.48578706 -0.00687727
v -0.02469517 0.48633316 -0.01047077
v -0.02238105 0.48723471 -0.01360655
v -0.02263656 0.48613274 -0.01402389
v -0.02397343 0.48717773 -0.01010242
v -0.02178371 0.48801142 -0.01289878
v -0.01927284 0.48923361 -0.01484221
v -0.02091264 0.48772228 -0.01223023
v -0.0186041 0.48902324 -0.01375623
v -0.02006754 0.48675686 -0.01188272
v -0.0176752 0.4880318 -0.01298307
v -0.01513041 0.48990291 -0.01289477
v -0.01224127 0.49145174 -0.01184382
v -0.01630091 0.48593968 -0.0126417
v -0.01369212 0.48760366 -0.01243023
v -0.0110603 0.48910588 -0.01148621
v -0.00898324 0.48970056 -0.00981853
v -0.00936669 0.49260089 -0.00982208
v -0.01248033 0.4853394 -0.01227379
v -0.01007476 0.48683637 -0.01136878
v -0.00832886 0.4873803 -0.00996373
v -0.00818503 0.48662204 -0.00794973
v -0.00823286 0.48953196 -0.00736653
v -0.0080982 0.48718426 -0.00486826
v -0.00849638 0.48467258 -0.00493061
v -0.00862693 0.48313925 -0.00509472
v -0.00812235 0.48351085 -0.00180792
v -0.00838135 0.48396 0.00110034
v -0.00740852 0.4824996 -0.00190242
v -0.00753203 0.48284116 0.00107833
v -0.00606379 0.48218703 -0.00212717
v -0.00605921 0.48266113 0.00092416
v -0.00381796 0.48264602 -0.00245691
v -0.00369006 0.48287526 0.00063518
v -0.00061827 0.48251772 -0.00236533
v 0.00253117 0.48167545 -0.00198017
v 0.00451464 0.48104784 -0.00188484
v 0.00545282 0.4810181 -0.00533312
v 0.00576101 0.4810605 -0.00189077
v 0.00528282 0.48066887 0.00164016
v 0.0065999 0.48186046 -0.0018695
v 0.0062258 0.48171389 0.00193132
v 0.00392209 0.48266426 0.00494454
v 0.00673116 0.48338777 -0.00171398
v 0.00617754 0.48227152 -0.0054903
v 0.00644975 0.48619092 -0.00151358
v 0.00562612 0.49002975 -0.00168092
v 0.00284666 0.49248734 -0.00476938
v 0.00412721 0.49332124 -0.00216519
v 0.00382989 0.49293205 0.00062758
v 0.00160591 0.49088272 -0.00734373
v 0.00168346 0.49342525 -0.00973008
v 0.00087705 0.48865518 -0.00958076
v 0.00131529 0.49123362 -0.01215916
v 0.00198546 0.49558699 -0.01077481
v 0.00104274 0.48469368 -0.00920625
v 0.00408099 0.48312688 -0.00762499
v 0.00348657 0.4818911 -0.00803584
v -0.00948351 0.49513549 -0.00999603
v -0.01888222 0.48464441 -0.01205137
v -0.02305559 0.48679006 -0.00966927
v -0.02635672 0.487066 -0.00655643
v -0.0299532 0.48232371 -0.0044246
v -0.03008185 0.4811458 -0.00534029
v -0.03018978 0.48024264 -0.00605499
v -0.03054092 0.47915903 -0.00718855
v -0.03244254 0.4779774 -0.00538868
v -0.03001931 0.47790173 -0.00730033
v -0.03217115 0.47694331 -0.00559899
v -0.01740118 0.47543591 -0.02203301
v -0.01649447 0.47771251 -0.02289384
v -0.01544172 0.47733867 -0.0221476
v -0.01526224 0.47756743 -0.02022452
v -0.01420227 0.47961673 -0.02062593
v -0.01413001 0.47979468 -0.01920327
v -0.01517081 0.47781661 -0.01828182
v -0.01331246 0.48154852 -0.02087104
v -0.01298681 0.48146322 -0.0198871
v -0.01240898 0.4821257 -0.01848985
v -0.01190605 0.48198825 -0.02144698
v -0.01163981 0.48173508 -0.02051028
v -0.00961426 0.48190251 -0.02304936
v -0.00827625 0.48072565 -0.02486121
v -0.02349299 0.47959012 -0.00122226
v -0.02310422 0.48205918 0.00270497
v -0.02253546 0.47958723 0.00250732
v -0.02137817 0.48224106 0.00583295
v -0.02077056 0.47967866 0.00566293
v -0.02124016 0.47736192 0.00621324
v -0.01892553 0.48260966 0.00825867
v -0.02221841 0.48498768 0.0061108
v -0.01976427 0.48541036 0.00848405
v -0.01699291 0.48613966 0.00999705
v -0.01594815 0.48339984 0.00994471
v -0.01400572 0.48740003 0.01054118
v -0.01284232 0.48499516 0.01066929
v -0.01125764 0.48885772 0.00998193
v -0.01014017 0.48637146 0.0100636
v -0.00925145 0.48970515 0.00884522
v -0.00841966 0.48702356 0.00904526
v -0.0068435 0.48545769 0.00963067
v -0.00811101 0.48976347 0.00743448
v -0.00982402 0.49293944 0.0095323
v -0.00821427 0.4932411 0.0073759
v -0.00798227 0.48949227 0.0056649
v -0.01241894 0.491485 0.01065999
v -0.01507482 0.4893533 0.01126372
v -0.01780749 0.48779637 0.01067032
v -0.01842583 0.48858976 0.01150439
v -0.02081005 0.48767796 0.00952359
v -0.02138388 0.48761976 0.01040649
v -0.02028325 0.48688281 0.00891719
v -0.02174122 0.48680341 0.01126533
v -0.02191567 0.48496839 0.01213722
v -0.02183319 0.48196411 0.01319259
v -0.02147318 0.47905052 0.01427408
v -0.02075428 0.47723001 0.0143203
v -0.01916322 0.47745383 0.01818818
v -0.01997584 0.47631413 0.01410118
v -0.01851211 0.47623634 0.01844275
v -0.01623933 0.47962666 0.02258868
v -0.01721738 0.48079067 0.02207837
v -0.01346845 0.48394829 0.022299
v -0.01455894 0.48410916 0.02175486
v -0.01507842 0.47912067 0.0216847
v -0.02178274 0.47592485 0.0113489
v -0.01261515 0.49314645 -0.01892891
v -0.00914348 0.49292496 -0.02008676
v -0.01187792 0.49369428 -0.0180497
v -0.00882729 0.49369562 -0.01893583
v -0.00557194 0.49394152 -0.01897596
v -0.00565477 0.49313003 -0.02049358
v -0.0082918 0.49458024 -0.017507
v -0.00543534 0.49520883 -0.01660156
v -0.00822969 0.49576178 -0.01514123
v -0.00538079 0.49700832 -0.01378667
v -0.00242903 0.49792242 -0.01291911
v -0.00016459 0.49810392 -0.01217581
v -0.00301458 0.49925166 -0.01072718
v -0.00990418 0.49453104 -0.01720501
v -0.01150507 0.48910859 -0.01830196
v -0.00934652 0.48955572 -0.01797249
v -0.0093985 0.48932153 -0.0166606
v -0.01130732 0.48933417 -0.01657743
v -0.00701206 0.48911688 -0.01750715
v -0.00550845 0.48775098 -0.01780052
v -0.00488013 0.48572221 -0.01895001
v -0.00561536 0.4841716 -0.01990327
v -0.00590688 0.48359507 -0.01915024
v -0.00746988 0.48390651 -0.02021524
v -0.00756902 0.4834722 -0.01908208
v -0.00957278 0.49097595 0.01740826
v -0.00790699 0.49208897 0.01801934
v -0.00960679 0.48841029 0.01667855
v -0.00882477 0.4903748 0.01605932
v -0.00764631 0.49178311 0.015962
v -0.00845478 0.48925596 0.013946
v -0.00696571 0.49046069 0.01358109
v -0.00528562 0.49063799 0.01455564
v -0.00390241 0.48920858 0.01605101
v -0.00316425 0.48691499 0.01788821
v -0.00288767 0.48610476 0.01700207
v -0.00371498 0.48431167 0.01875324
v -0.00255431 0.4852089 0.01631638
v -0.00160459 0.48479158 0.01617623
v -0.00085757 0.48544574 0.01698058
v -0.00200299 0.48292345 0.01904043
v -0.00042907 0.48626587 0.01808694
v -0.00137891 0.48346496 0.02014297
v -0.00056185 0.48700285 0.01927421
v -0.00177517 0.48433077 0.02096098
v -0.00543796 0.48373061 0.01921621
v -0.0073326 0.48443288 0.01853211
v -0.00872147 0.48580909 0.01701184
v -0.00908595 0.48658213 0.01793656
v -0.00838658 0.48481002 0.01635373
v -0.00852085 0.48598281 0.0146979
v -0.0091563 0.48735785 0.01539484
v -0.00767514 0.48728374 0.0132351
v -0.00482796 0.49349892 0.02077015
v -0.00027686 0.49365669 0.01983538
v -0.00293091 0.48428029 -0.02129719
v -0.0045341 0.48250782 -0.02310515
v -0.0016394 0.48670971 -0.02029305
v -0.00116078 0.48605913 -0.01887435
v -0.0023959 0.48359269 -0.02029788
v -0.0039234 0.48155412 -0.02221643
v -0.00855674 0.50820851 -0.00370753
v -0.00757501 0.50536472 -0.00487138
v -0.0059666 0.50191677 -0.00504789
v -0.00568291 0.50571132 -0.00583596
v -0.00473823 0.5021652 -0.00553713
v -0.00347619 0.50563085 -0.00563841
v -0.00351478 0.50872362 -0.00512668
v -0.00640607 0.50868481 -0.00508616
v -0.00787001 0.51057971 -0.00181796
v -0.00883288 0.50860971 4.747E-05
v -0.00698821 0.5094403 0.00200261
v -0.00805558 0.5059092 0.00187728
v -0.0063609 0.50660241 0.00336811
v -0.0042869 0.50687116 0.0036039
v -0.00633703 0.50266439 0.00236528
v -0.00507623 0.50313991 0.00319974
v -0.00356942 0.50318176 0.0032148
v -0.00550135 0.49977291 0.00258696
v 0.0008941 0.50043112 -0.00499296
v 0.00239863 0.50453186 -0.00129654
v 0.00287917 0.50192618 -0.00179165
v -0.03726902 0.47044167 -0.00350761
v -0.03575178 0.47111198 -0.00339156
v -0.03652105 0.47145134 -0.00339293
v -0.01670825 0.48615465 -0.01945927
v -0.01996431 0.48493829 -0.01765705
v -0.02284221 0.4844791 -0.01440035
v -0.00494925 0.44836348 -0.01201821
v -0.0088647 0.45073417 -0.01255776
v -0.0084483 0.45002478 -0.01024081
v -0.00662719 0.4490886 -0.00995723
v -0.00762282 0.44700229 -0.0083677
v -0.00506571 0.44553712 -0.00874372
v -0.00659926 0.44367734 -0.00977614
v -0.00641048 0.4456712 -0.01169429
v -0.00754983 0.44509131 -0.01336319
v -0.00660088 0.44718331 -0.0146863
v -0.00633673 0.44083223 -0.00668074
v -0.00750978 0.43754217 -0.00546882
v -0.00972116 0.43780744 -0.00852648
v -0.00958564 0.44053423 -0.00959852
v -0.00573566 0.44352061 -0.00575
v -0.00886292 0.44230384 -0.01198594
v -0.01035284 0.44857806 -0.0088783
v -0.01002961 0.44232079 0.01263283
v -0.00736068 0.44288272 0.00947375
v -0.00667831 0.44567847 0.01083692
v -0.0075943 0.44664934 0.01318078
v -0.00859208 0.43692589 0.00948321
v -0.00893764 0.43948796 0.00922036
v -0.01069312 0.43903264 0.01122793
v -0.00958129 0.43563312 0.01102058
v -0.00783318 0.43554735 0.00723569
v -0.00759795 0.4386 0.00619279
v -0.00901325 0.43334076 0.00812014
v -0.00664159 0.44534355 0.00793513
v -0.00646993 0.44742307 0.00982674
v -0.00874398 0.43511495 -0.00855747
v -0.01085154 0.434221 -0.00773637
v -0.01325823 0.43637115 -0.00961801
v -0.00751878 0.43434009 -0.0054046
v -0.00926391 0.43253952 -0.00476196
v -0.01262765 0.44112661 -0.01150573
v -0.01053431 0.44180426 -0.0135508
v -0.00982565 0.4483481 0.0143471
v -0.00841759 0.45050192 0.01302461
v -0.01004352 0.45146471 0.01265275
v -0.01083091 0.44955367 0.01320231
v -0.0066848 0.45034665 0.0113802
v -0.00940292 0.45219886 0.01067085
v -0.01194976 0.43500283 -0.00591184
v -0.01131255 0.43435562 -0.00351982
v -0.01392841 0.4359746 -0.00311736
v -0.01405239 0.43591973 -0.0063239
v -0.01089124 0.44137511 0.01608624
v -0.01249474 0.44155425 0.01620928
v -0.01357866 0.44149515 0.01368904
v -0.0091374 0.44340971 0.01723232
v -0.0139724 0.43781394 0.01124726
v -0.01178704 0.43564951 0.01017922
v -0.01155114 0.43463016 0.00748453
v -0.01437705 0.43637991 0.00746968
v -0.00842995 0.44990343 0.01010832
v -0.00972242 0.4504914 0.01014469
v -0.00844225 0.44853407 0.0090812
v -0.01053796 0.44942546 0.00935343
v -0.01329199 0.44963714 -0.01094645
v -0.01164219 0.4512445 0.00992386
v -0.01244622 0.45129034 0.01191354
v -0.01883699 0.43904218 0.00991975
v -0.01719467 0.43736055 0.0072998
v -0.01259742 0.44880635 0.01280571
v -0.01225978 0.44561452 0.01357361
v -0.01540339 0.4392418 -0.01907738
v -0.01255382 0.4391917 -0.01749578
v -0.01280952 0.43988457 -0.01887292
v -0.01647868 0.4389762 -0.01890597
v -0.02015828 0.43812832 -0.01894251
v -0.01884279 0.43519881 -0.02054594
v -0.01428439 0.43669021 -0.01887445
v -0.01121637 0.43835184 -0.0169783
v -0.01247777 0.43880093 -0.02008027
v -0.01630343 0.43741137 -0.02057481
v -0.01663881 0.44338733 -0.01674834
v -0.01759543 0.44127941 -0.01634417
v -0.0166456 0.43989459 -0.02279582
v -0.01692319 0.43880796 -0.02546026
v -0.01828719 0.44271496 -0.02359802
v -0.0168477 0.44241706 -0.02133919
v -0.01688054 0.43949649 0.02029535
v -0.01307598 0.44147554 0.01941574
v -0.01350706 0.44040883 0.01856057
v -0.01674135 0.44012639 0.01999766
v -0.01622646 0.43784952 0.02133679
v -0.01178874 0.44098747 0.02062489
v -0.01819375 0.44211337 0.01883875
v -0.01675389 0.4434022 0.02010871
v -0.01443126 0.44947132 -0.00701005
v -0.01132948 0.44773734 -0.00601742
v -0.01376019 0.44596687 -0.01284593
v -0.01637949 0.44614074 -0.01441525
v -0.01631681 0.4472819 -0.011991
v -0.00992443 0.4459807 -0.01293663
v -0.01676107 0.44624165 -0.00868391
v -0.01260985 0.43851984 0.01833718
v -0.01732467 0.43506342 0.02048191
v -0.01736558 0.43910065 0.02372569
v -0.0174341 0.44118118 0.0229057
v -0.01924761 0.44111201 0.02395099
v -0.01774455 0.43839771 0.02612572
v -0.01523913 0.44954211 0.00967143
v -0.01324167 0.45011753 0.00783347
v -0.01921638 0.44541004 -0.02166118
v -0.01694343 0.44644403 -0.02133712
v -0.01402112 0.44970149 -0.02033723
v -0.01622872 0.44651932 -0.01948279
v -0.01694061 0.44831765 -0.01651858
v -0.01872212 0.44274187 0.01344768
v -0.02090197 0.44497323 0.01081327
v -0.01881336 0.44301119 0.00901083
v -0.01628849 0.44931555 -0.02333432
v -0.01275579 0.4530752 -0.02139864
v -0.0198138 0.44796357 -0.02272469
v -0.01926001 0.43797523 -0.02318677
v -0.01650433 0.43544763 -0.02155622
v -0.01716251 0.45016518 -0.0218783
v -0.01551281 0.45270544 -0.0209528
v -0.01945077 0.4497332 -0.02144978
v -0.01870027 0.45061377 -0.02011348
v -0.0177564 0.44846341 -0.01351721
v -0.01909346 0.44679409 -0.01142819
v -0.02036998 0.44281596 -0.01185265
v -0.01827171 0.44217053 -0.00829199
v -0.01698447 0.4449797 0.01929057
v -0.01842035 0.44332275 0.01689564
v -0.01636893 0.44784719 0.02119773
v -0.01756879 0.44346696 0.02164362
v -0.01742545 0.44780755 0.01676744
v -0.0194197 0.4374353 0.02406433
v -0.02010833 0.43951681 0.02216375
v -0.01549526 0.45212841 0.01799548
v -0.01545326 0.45162001 0.02181264
v -0.01756895 0.44891909 0.01328665
v -0.01751023 0.45196995 0.01411318
v -0.01726167 0.43953252 -0.01038693
v -0.01934884 0.43851304 -0.00873358
v -0.01959706 0.43935341 -0.00671273
v -0.02050493 0.44046843 -0.02185284
v -0.01930534 0.43705803 -0.00831124
v -0.01973424 0.43691683 -0.00631657
v -0.01702934 0.43684956 -0.00897999
v -0.01700112 0.43673289 -0.00630042
v -0.01950898 0.45249128 -0.01946444
v -0.01693721 0.45364863 -0.01839303
v -0.02247169 0.44969505 -0.02038049
v -0.01922178 0.44949886 0.02253251
v -0.01618176 0.4543153 0.02178124
v -0.02015334 0.45135134 0.02206732
v -0.02170851 0.4465014 0.02238151
v -0.02385963 0.44952208 0.02197128
v -0.01599644 0.45512941 0.01857881
v -0.01918979 0.45329142 0.01920733
v -0.02253884 0.44342259 -0.02071038
v -0.02315404 0.4469738 -0.02100959
v -0.02214646 0.44583422 0.01701989
v -0.02308166 0.44468188 0.01361097
v -0.02392012 0.445741 0.01102494
v -0.02121226 0.44287655 0.01980087
v -0.02100668 0.44325 0.02178233
v -0.01911486 0.45396888 -0.01651472
v -0.02326116 0.45141056 -0.01702434
v -0.02325617 0.45263612 -0.01536788
v -0.01956946 0.4539721 -0.01433366
v -0.01441213 0.45477292 -0.0171506
v -0.02063915 0.44272667 -0.01693421
v -0.02376211 0.44419721 -0.01178553
v -0.02566228 0.4418813 -0.01611997
v -0.0270344 0.44488561 0.02285547
v -0.02573854 0.44174823 0.02209374
v -0.02581799 0.44261989 0.01985968
v -0.0276172 0.44835687 0.02014684
v -0.02174711 0.4495604 -0.01091058
v -0.01799145 0.45144665 -0.01353522
v -0.02444703 0.45124123 -0.01129054
v -0.02041581 0.44942784 0.01108494
v -0.01814132 0.44716191 0.00957783
v -0.02362199 0.449195 0.00951248
v -0.02332644 0.45258412 0.00858289
v -0.02051957 0.45381337 0.01071795
v -0.02683226 0.44317538 -0.02117893
v -0.02639231 0.44699976 -0.02009968
v -0.02527538 0.45036575 -0.00698525
v -0.02617569 0.44645625 -0.00822069
v -0.02923748 0.44130206 -0.0092512
v -0.02775275 0.43954068 -0.01256589
v -0.02528629 0.44949019 -0.01875717
v -0.02800409 0.45032084 -0.01816
v -0.02621832 0.45237678 -0.01729413
v -0.02668827 0.4525407 -0.0158138
v -0.02710965 0.44974151 -0.01346129
v -0.02894977 0.44893515 -0.00757839
v -0.03056979 0.44392255 -0.01983531
v -0.02943614 0.44716078 -0.01916725
v -0.02895968 0.44071117 -0.01985554
v -0.03185155 0.44011718 -0.02061063
v -0.02904285 0.45055288 -0.01576849
v -0.02870818 0.44063219 -0.01629799
v -0.0323235 0.4383013 -0.01708725
v -0.02869704 0.44078764 0.01971155
v -0.03065825 0.43927571 0.02160097
v -0.03193764 0.4403109 0.0172839
v -0.02969754 0.44065222 0.01698776
v -0.02673674 0.44270316 0.0169218
v -0.03085065 0.438227 -0.01362076
v -0.03162071 0.44102937 -0.01212132
v -0.03233712 0.4423472 -0.01644122
v -0.0261133 0.44905916 0.01880664
v -0.02358712 0.44988009 0.01911403
v -0.02300014 0.45195261 0.01682676
v -0.02690983 0.44980833 0.01723096
v -0.02879858 0.4501906 0.01790187
v -0.02807041 0.4482578 0.01257125
v -0.02484635 0.45189577 0.01461058
v -0.02250838 0.45322067 0.01279405
v -0.02489374 0.45239967 0.01029397
v -0.02708607 0.45161903 0.00765403
v -0.02952319 0.44755411 0.00896954
v -0.02979138 0.44854739 0.0161884
v -0.02774337 0.45000991 0.01577855
v -0.03028581 0.44769123 0.01890472
v -0.03050784 0.44409513 0.02050508
v -0.02877536 0.44295356 0.00899894
v -0.02746575 0.44178769 0.01321901
v -0.03015786 0.43978298 0.01326126
v -0.03104175 0.44014835 0.00923839
v -0.03319136 0.44141766 0.00560155
v -0.03186789 0.44463226 0.00424808
v -0.03130965 0.44397622 0.01687552
v -0.03065659 0.44394693 0.0131784
v -0.03154697 0.44333255 -0.00513845
v -0.0298836 0.44674787 -0.00422304
v -0.03131412 0.44783673 -0.00014958
v -0.0325987 0.44575781 -0.00015939
v -0.03438443 0.44242138 -0.00357998
v -0.0343802 0.44133216 -0.00670649
v -0.03193495 0.44201687 -0.00876567
v -0.03467054 0.44405574 -0.00013623
v -0.0325469 0.44918787 0.00281677
v -0.03070473 0.45000675 0.00508998
v -0.02794209 0.45131034 0.00356893
v -0.03165711 0.44995427 -0.00020665
v -0.03546842 0.44760224 0.00323747
v -0.03209121 0.44749022 0.0062778
v -0.03660755 0.44866151 -0.00071236
v -0.03440119 0.44362652 0.00254479
v -0.03623287 0.44142467 0.00278529
v -0.03700681 0.44268817 -0.00023147
v -0.03403151 0.4484207 -0.00307411
v -0.03194566 0.44837296 -0.00487883
v -0.03484161 0.44491756 -0.00513754
v -0.03803835 0.44548473 -0.00345087
v -0.02803668 0.45086831 -0.00376347
v -0.03664412 0.44176629 -0.00260884
v -0.03940057 0.44091174 -0.00190218
v -0.03716411 0.44096845 -0.00482942
v -0.03998568 0.4406442 0.0017093
v -0.04322266 0.44103554 0.00129254
v -0.04273255 0.440952 -0.00133713
v -0.04896231 0.44059741 -0.00095224
v -0.04576664 0.44138145 -0.00103413
v -0.04635046 0.44133902 0.00106941
v -0.04964593 0.44083783 0.00100825
v -0.04861064 0.44110617 -0.00289227
v -0.04521609 0.44318101 -0.00275819
v -0.05164884 0.43981451 -0.00088767
v -0.05217474 0.4389174 -0.00263368
v -0.05296307 0.44057608 0.00068125
v -0.05476218 0.43938607 -0.00070278
v -0.05749547 0.44036177 0.00134015
v -0.05656543 0.43828702 0.00118657
v -0.05383501 0.43916017 0.00271231
v -0.05485799 0.44173375 0.00193613
v -0.0555267 0.44216421 -0.00047383
v -0.05798044 0.44036826 -0.00031104
v -0.05822893 0.43828478 -0.00090903
v -0.0557337 0.44006172 -0.00214198
v -0.05206369 0.44388664 -1.617E-05
v -0.05230383 0.44206238 -0.00221496
v -0.04851431 0.44540307 0.00058447
v -0.04871755 0.44401708 -0.00188193
v -0.04475658 0.44725975 0.00127456
v -0.04500866 0.44640443 -0.00171753
v -0.04027664 0.44767764 0.00193066
v -0.04083598 0.44803235 -0.00135418
v -0.04171292 0.44437441 -0.00226913
v -0.04026356 0.44444236 0.00334197
v -0.03676624 0.4442746 0.00499423
v -0.04398352 0.44474843 0.0029495
v -0.04374272 0.4417935 0.00306979
v -0.04063316 0.44116077 0.0039344
v -0.04777376 0.44427678 0.0030449
v -0.04696288 0.44191095 0.0026713
v -0.05133875 0.44298956 0.00256098
v -0.05028468 0.44066608 0.0030585
v -0.03738917 0.44121441 0.00523025
v -0.03431911 0.44165409 0.00718316
v -0.03334387 0.44425443 0.00704858
v -0.03200446 0.44120872 0.00987577
v -0.03095841 0.44394907 0.00971711
v -0.03185414 0.44074625 0.0133664
v -0.03174645 0.44509828 -0.00735013
v -0.02942164 0.44534966 -0.01013297
v -0.02967951 0.44564942 -0.01299697
v -0.03066956 0.44647661 -0.01607304
v -0.02981574 0.4476468 0.00375543
v -0.02586419 0.45154721 0.00642058
v -0.0262462 0.44844913 0.00704896
v -0.02012092 0.45372033 0.01569582
v -0.01747527 0.45547146 0.01405049
v -0.01502952 0.4513438 -0.01677677
v -0.01703699 0.43688911 -0.00309075
v -0.01994676 0.43689543 -0.00312079
v -0.01714929 0.43713361 0.00046431
v -0.02021435 0.43709683 0.00058452
v -0.01933008 0.4399749 0.00063785
v -0.01932784 0.43968067 -0.00323024
v -0.01743647 0.44326481 0.00062444
v -0.01763957 0.44276246 -0.00359194
v -0.01598407 0.4467108 0.00054236
v -0.01633674 0.44624427 -0.00365707
v -0.01397778 0.44866744 0.00054041
v -0.01426277 0.44871202 -0.00308077
v -0.0110989 0.44743755 0.00076385
v -0.01120767 0.44736239 -0.00262145
v -0.00784848 0.44576022 0.00110765
v -0.00787605 0.4455376 -0.00225765
v -0.008192 0.44556686 -0.00556511
v -0.00513736 0.44339213 -0.00208532
v -0.00505198 0.44361001 0.00164627
v -0.00466654 0.44052342 0.00221129
v -0.00459893 0.44018251 -0.00192229
v -0.00615421 0.43729883 0.0027711
v -0.00613335 0.43694717 -0.00134105
v -0.00699751 0.43409693 0.00354073
v -0.00684154 0.43372855 -0.00094257
v -0.00852393 0.43181327 0.00407487
v -0.00856259 0.43185061 -0.00052335
v -0.01091164 0.43398982 0.00378869
v -0.01080235 0.4339757 -1.153E-05
v -0.01402551 0.43590975 0.00382831
v -0.01389741 0.43580931 0.00030927
v -0.01732921 0.43717018 0.00416384
v -0.00567752 0.44148827 0.00587884
v -0.00584789 0.44423619 0.00501781
v -0.00842286 0.44597366 0.00431563
v -0.00864642 0.44697645 0.00709631
v -0.011255 0.44770455 0.00410565
v -0.01106399 0.44859248 0.0071045
v -0.01376284 0.44926023 0.00418338
v -0.01595693 0.44803467 0.00467708
v -0.01753207 0.44454044 0.00491289
v -0.01931714 0.44089592 0.00485708
v -0.0204495 0.4375197 0.00492152
v -0.01604027 0.4371672 0.02164187
v -0.01069766 0.43934011 0.02038699
v -0.00974656 0.44511804 0.01831588
v -0.01152444 0.44372541 0.01698104
v -0.01569781 0.4460229 0.01393192
v -0.01546332 0.44832438 0.01218468
v -0.01302743 0.43504936 -0.01951871
v -0.00963393 0.44141442 -0.01938949
v -0.00953357 0.43949988 -0.01852144
v -0.00735186 0.44512662 -0.01810203
v -0.00824573 0.44284183 -0.01618298
v -0.00973269 0.44094273 -0.01510492
v -0.01100923 0.44076884 -0.01560266
v -0.0107315 0.44176802 -0.01751737
v -0.00931494 0.44394115 -0.01550968
v -0.01532291 0.44271436 -0.01320686
v -0.01764698 0.44051072 -0.01323528
v -0.00455164 0.44865388 0.00518581
v -0.00653288 0.45004234 0.00612835
v -0.00703324 0.4496972 0.00278823
v -0.00437763 0.44818646 0.00244334
v -0.00240333 0.44956177 0.0061373
v -0.00459132 0.45162645 0.00835644
v -0.00185185 0.44893748 0.00235535
v -0.00348228 0.45390275 0.0073257
v -0.00187138 0.4530496 0.00528105
v -0.00153211 0.45640096 0.00492836
v -0.00392015 0.45693228 0.0080475
v -0.00741877 0.45485401 0.01020244
v -0.00456004 0.45902732 0.01007116
v -0.00589592 0.45806146 0.01229807
v -0.00346565 0.46202117 0.01024421
v -0.0049972 0.46079236 0.01274266
v -0.00222148 0.46022469 0.00790572
v -0.00411254 0.45424747 -0.008104
v -0.00197747 0.45332932 -0.00580932
v -0.0025077 0.44986546 -0.00627519
v -0.00531414 0.4518398 -0.00904441
v -0.00456429 0.45705706 -0.00890101
v -0.0016496 0.45666149 -0.00577002
v -0.00843003 0.45403627 -0.01084632
v -0.00675742 0.44974074 -0.00327862
v -0.00517261 0.44927141 -0.00465996
v -0.00425747 0.4483639 -0.00121517
v -0.00692452 0.44935483 -0.00067478
v -0.00983375 0.45048764 -0.00071681
v -0.00898185 0.45025122 -0.00417624
v -0.00755772 0.45042142 -0.00702137
v -0.00257866 0.46050438 -0.00901498
v -0.00092506 0.45956683 -0.0059628
v -0.0038278 0.4642539 -0.0091356
v -0.0032026 0.46320501 -0.01103712
v -0.00588578 0.46489131 -0.01159243
v -0.00600998 0.46556264 -0.00922914
v -0.00397657 0.46227574 -0.00782774
v -0.00671466 0.4634532 -0.00767356
v -0.00350212 0.46403888 0.00814089
v -0.00379063 0.46205392 0.00670464
v -0.0066412 0.46320295 0.00624576
v -0.00592752 0.46533796 0.00836506
v -0.00577257 0.4649336 0.01150751
v -0.00565593 0.45963168 -0.01324301
v -0.00696922 0.46067694 -0.01421879
v -0.00655063 0.46238422 -0.01267211
v -0.00477591 0.46108148 -0.0119886
v -0.00759908 0.45840138 0.01348764
v -0.00943094 0.45817912 0.01257479
v -0.00590372 0.45891917 -0.01716445
v -0.00679682 0.45932284 -0.01717551
v -0.00734018 0.45776829 -0.01652442
v -0.0074509 0.45816493 -0.01422624
v -0.0098412 0.46751672 0.01018361
v -0.01177494 0.46473923 0.01100892
v -0.00927278 0.46211508 0.01255408
v -0.00701604 0.46081617 0.01357784
v -0.0054091 0.46254012 0.01372161
v -0.00652442 0.46028543 0.0159025
v -0.00509875 0.46188989 0.01670715
v -0.00881007 0.4562794 -0.01850347
v -0.0082364 0.45744002 -0.01935967
v -0.01095058 0.45755816 -0.0205646
v -0.01055895 0.45770469 -0.01877183
v -0.01150392 0.45569777 -0.01862301
v -0.01040768 0.45318541 -0.01978007
v -0.00971731 0.45393693 0.01997885
v -0.01067254 0.45667613 0.01879948
v -0.00772471 0.45762336 0.01768041
v -0.00707927 0.4557924 0.01720045
v -0.01133912 0.45444602 0.02268135
v -0.01230158 0.456837 0.02132514
v -0.01330405 0.45523816 -0.02081304
v -0.01211551 0.45293453 -0.02250394
v -0.00815583 0.45292756 -0.0218629
v -0.00718957 0.45529553 -0.01891129
v -0.00981136 0.45880395 0.01990293
v -0.00783927 0.45930707 0.01822315
v -0.0099031 0.45686808 0.02236016
v -0.010967 0.45910096 0.02223491
v -0.01236006 0.45805585 0.02333568
v -0.00982757 0.45585522 0.02414387
v -0.00843557 0.45697021 0.02093353
v -0.01213968 0.4621124 0.01477719
v -0.0131608 0.45717105 0.01401426
v -0.01085109 0.4555763 -0.0238141
v -0.01221996 0.45811954 -0.02324545
v -0.00946212 0.45529276 -0.02144103
v -0.01247075 0.45157081 -0.02470667
v -0.01345866 0.45608586 -0.02323975
v -0.01190207 0.45452029 0.0104059
v -0.01427394 0.45536602 0.00877972
v -0.01547028 0.45276347 0.00720076
v -0.01311736 0.4512673 0.00769355
v -0.0094605 0.45112824 0.00721759
v -0.01517483 0.4572944 0.01103608
v -0.00660867 0.45689675 -0.02027326
v -0.01541615 0.46088594 -0.0221991
v -0.0132888 0.4607527 -0.02043539
v -0.01235951 0.46004075 -0.01841512
v -0.0103031 0.46144843 -0.01326229
v -0.01051413 0.45620215 -0.01252377
v -0.01268816 0.45658594 -0.01429805
v -0.01173018 0.46032578 -0.01497076
v -0.01388098 0.46198583 -0.01197846
v -0.01290931 0.46356237 -0.01053576
v -0.01176155 0.46053013 0.01924895
v -0.01283348 0.46095809 0.02139785
v -0.01242468 0.45276085 -0.01073773
v -0.01434596 0.4511801 -0.00858601
v -0.0152588 0.45309705 -0.00834204
v -0.01389058 0.45443517 -0.01067233
v -0.01085761 0.45083112 -0.00818181
v -0.00843157 0.46673346 0.00825466
v -0.00937682 0.464688 0.0061573
v -0.01195431 0.46557233 0.00645463
v -0.00850494 0.46674898 -0.00933594
v -0.00955894 0.46491954 -0.00788251
v -0.00921563 0.4655278 -0.01169489
v -0.01204493 0.46626925 -0.0088138
v -0.01539785 0.45309097 0.00360138
v -0.01356735 0.4510535 0.00345081
v -0.01015198 0.45080408 0.00323504
v -0.01217992 0.4579868 -0.01720902
v -0.01326854 0.46423721 -0.02074824
v -0.01382964 0.46342051 -0.0170091
v -0.01424043 0.45625168 -0.01729241
v -0.01494646 0.45605427 -0.01264961
v -0.01804252 0.45690602 -0.01465681
v -0.01388929 0.46322364 0.01171786
v -0.01679103 0.46397728 0.01204662
v -0.0141667 0.46523458 0.01542784
v -0.01310684 0.46398109 0.01774957
v -0.01206531 0.4611541 0.01715486
v -0.01357825 0.45767164 -0.00414884
v -0.01389533 0.45867354 -0.00618649
v -0.01464196 0.45626765 -0.00830478
v -0.01488815 0.454656 -0.00551878
v -0.01312275 0.4599914 -0.00091512
v -0.01336552 0.46126133 -0.00422165
v -0.01411612 0.45615327 -0.0007401
v -0.01231941 0.46608555 0.01830019
v -0.0128977 0.46783805 0.01732067
v -0.01239503 0.46917582 0.01996119
v -0.01208451 0.46625775 0.02011765
v -0.01296568 0.46360114 0.01959825
v -0.01388246 0.45729718 0.00474122
v -0.01311323 0.46118346 0.00348272
v -0.01457009 0.46029726 0.00928199
v -0.01340878 0.46329993 0.00738257
v -0.01520517 0.45268208 -0.00083886
v -0.0148804 0.4572829 0.02050527
v -0.01554554 0.45922193 0.02227887
v -0.01970502 0.45373729 0.02377601
v -0.01905311 0.45562792 0.02084512
v -0.0121494 0.45748097 0.01830503
v -0.01527321 0.45565861 -0.02148501
v -0.01691562 0.45629078 -0.02185664
v -0.01693888 0.4548862 -0.02074845
v -0.01843077 0.45439854 -0.02311681
v -0.01537876 0.45141891 -0.00487154
v -0.01759592 0.45761949 0.01188506
v -0.01734265 0.46038893 0.01103581
v -0.01451181 0.4599154 -0.00965258
v -0.01756613 0.45958889 -0.01150498
v -0.01818973 0.45744234 -0.01194014
v -0.01543444 0.45744693 -0.01076017
v -0.0137609 0.46337825 0.02129759
v -0.01527008 0.46292537 0.0225267
v -0.01822755 0.46210963 0.02320553
v -0.01974035 0.45889243 0.02227987
v -0.01426149 0.46492532 0.02342243
v -0.01286409 0.46580952 0.02233725
v -0.01310177 0.46864381 0.02318156
v -0.01627069 0.46479583 0.02430329
v -0.02115237 0.45607191 0.02309395
v -0.01471865 0.46393773 -0.02300579
v -0.01641816 0.46457639 -0.02360531
v -0.01343918 0.46766147 -0.02097107
v -0.01848369 0.46144179 -0.02318653
v -0.01651992 0.46668479 0.02304649
v -0.01550151 0.46778595 0.02160644
v -0.01986973 0.46372336 0.0221833
v -0.01771152 0.46637377 0.02022886
v -0.02176149 0.45633081 -0.0111021
v -0.02341807 0.45551312 -0.01325297
v -0.02463874 0.45351574 -0.01606941
v -0.02001318 0.4552429 -0.01780812
v -0.01475462 0.46839017 0.01986119
v -0.01580695 0.46752685 0.01824419
v -0.01686221 0.46596134 -0.02248775
v -0.01625434 0.46646875 -0.02033473
v -0.01980125 0.46313021 -0.02200083
v -0.01814355 0.46518907 -0.02053942
v -0.02211837 0.45082816 -0.02216882
v -0.02018568 0.45202103 -0.021517
v -0.02250347 0.45247832 -0.01953928
v -0.02332602 0.45110679 -0.02104897
v -0.02380192 0.45238468 -0.02298648
v -0.02063898 0.45297143 -0.02364937
v -0.01944566 0.46434993 -0.01911802
v -0.0167005 0.465718 -0.01754879
v -0.02217348 0.46129903 -0.02117684
v -0.0225631 0.46003318 0.02087975
v -0.02399828 0.45534092 0.02253072
v -0.0230493 0.45221865 0.02284558
v -0.02209635 0.45506248 -0.02248738
v -0.02093535 0.45642433 -0.02207664
v -0.02505878 0.45581311 -0.02013429
v -0.02356016 0.45867887 -0.01938032
v -0.02594467 0.45467401 0.0195962
v -0.02367635 0.45292366 0.0198475
v -0.02538794 0.45507541 -0.00899781
v -0.02813842 0.4525167 -0.01020169
v -0.02556649 0.45231974 -0.01889891
v -0.02571842 0.45045415 -0.02159354
v -0.02381975 0.45454553 0.01202696
v -0.02036763 0.45600006 0.01390061
v -0.01997611 0.45590958 0.01735607
v -0.0234468 0.45436862 0.01660427
v -0.02282102 0.45596531 0.00922157
v -0.0202039 0.45693463 0.01117
v -0.02683892 0.45456082 0.01577739
v -0.02576761 0.45586786 0.01189077
v -0.01987089 0.46477073 0.0184105
v -0.02149254 0.46324691 0.01608139
v -0.02472462 0.45864964 0.01803742
v -0.02544108 0.45833138 -0.01551278
v -0.02326659 0.46149582 -0.01464887
v -0.02128913 0.46287015 -0.01718719
v -0.02608945 0.45625165 -0.01603657
v -0.03485186 0.4513948 0.00235877
v -0.03322359 0.45417449 0.00170149
v -0.03036626 0.45440429 0.00419495
v -0.03103456 0.45171818 0.00516561
v -0.03555796 0.45271951 0.00457288
v -0.03938729 0.4518936 0.00326128
v -0.03917409 0.45052814 0.00158976
v -0.03923643 0.45134929 -0.00090556
v -0.03596951 0.45168617 -0.00075663
v -0.03447074 0.45401725 -0.00093324
v -0.03470097 0.46020994 0.00194592
v -0.03188987 0.46306491 0.0011734
v -0.03232815 0.46320513 -0.0017492
v -0.0352624 0.46099803 -0.00266564
v -0.03095382 0.46021163 0.00457237
v -0.02967054 0.46234405 0.00351276
v -0.03527403 0.45616579 0.00380054
v -0.03170403 0.45693526 0.00561297
v -0.03596238 0.45143801 -0.0024499
v -0.0388426 0.45058897 -0.0034343
v -0.03325869 0.45310894 -0.00348905
v -0.03482648 0.45144391 -0.00522139
v -0.03210285 0.46164247 -0.00583008
v -0.03278945 0.45894137 -0.00729304
v -0.03615512 0.45811763 -0.00518696
v -0.03960767 0.45695725 -0.00325957
v -0.03936819 0.45903328 -0.00135495
v -0.03066739 0.46304867 -0.0041347
v -0.0459221 0.456337 0.00138139
v -0.04308411 0.45709705 0.00141592
v -0.04332561 0.45826298 -0.00053492
v -0.04706739 0.45777586 0.00023967
v -0.04660057 0.45412296 0.0019511
v -0.04317995 0.45427111 0.00237633
v -0.04902706 0.45533377 0.00133205
v -0.04688752 0.45663822 -0.00157218
v -0.04354532 0.45649445 -0.00217926
v -0.04399569 0.45470953 -0.00281645
v -0.04857948 0.4545579 -0.00176224
v -0.04400935 0.45288336 -0.00293203
v -0.04358794 0.45053402 -0.00305864
v -0.04729186 0.45080578 -0.0026989
v -0.04782581 0.45251149 -0.00251869
v -0.04978309 0.45059842 -0.00231382
v -0.0468567 0.45078707 -0.00073229
v -0.04914676 0.4501408 -0.00058386
v -0.05156954 0.45017362 -0.00090977
v -0.05013888 0.44941163 0.00135282
v -0.05035992 0.45223179 0.00232697
v -0.05116294 0.45240456 -0.00109563
v -0.04681747 0.4498519 0.00139946
v -0.04691584 0.45158273 0.00230237
v -0.04307459 0.45005822 0.00125949
v -0.04324951 0.4514887 0.0026267
v -0.03922907 0.45502961 0.00286636
v -0.03915944 0.45820332 0.00141996
v -0.0431677 0.45129663 -0.00089148
v -0.03966765 0.45310491 -0.0041792
v -0.03979154 0.45516089 -0.00404851
v -0.03607044 0.45592135 -0.00573453
v -0.03577916 0.45375952 -0.00580301
v -0.03278509 0.45669994 -0.00782779
v -0.03243626 0.45456663 -0.00793231
v -0.03140981 0.452169 -0.00752074
v -0.02929105 0.45543826 -0.01013245
v -0.02990332 0.45347154 -0.00628938
v -0.02465711 0.45807406 -0.0082803
v -0.02912023 0.45686063 -0.0060294
v -0.03213929 0.45702538 -0.0037499
v -0.03388266 0.45738447 -0.00119618
v -0.0273618 0.46120563 -0.00626728
v -0.03110181 0.46035674 -0.00384539
v -0.03291363 0.46059117 -0.00142578
v -0.03209748 0.46057573 0.00116117
v -0.03262613 0.45743474 0.00132775
v -0.02977914 0.45751324 0.00346113
v -0.02821087 0.4615218 0.00310803
v -0.02538606 0.46181691 0.0054948
v -0.0256326 0.45878729 0.00587404
v -0.02597134 0.4635517 0.00602221
v -0.02350646 0.46404055 0.00871176
v -0.02261407 0.46235499 0.00782373
v -0.02691107 0.46147308 0.00716394
v -0.02457441 0.46180898 0.01009842
v -0.02293543 0.46231139 0.01327933
v -0.02132615 0.46433392 0.01135721
v -0.02757027 0.45851067 0.00809097
v -0.0253327 0.45881224 0.01112762
v -0.02456476 0.45931742 0.01490126
v -0.02760497 0.45549354 0.00848856
v -0.03181167 0.45373264 0.00607592
v -0.02671705 0.45316941 0.00794054
v -0.0259189 0.4556756 0.00666848
v -0.02281785 0.45925203 0.00821684
v -0.02025869 0.45992368 0.0103081
v -0.02004416 0.46295249 0.01004572
v -0.01927794 0.46515092 0.01383187
v -0.01719545 0.46628079 0.01615678
v -0.02686854 0.46395025 -0.0064448
v -0.02428693 0.46126556 -0.008546
v -0.02389651 0.46388906 -0.00879751
v -0.02486914 0.46313962 -0.01051762
v -0.02905481 0.46166965 -0.00799105
v -0.02578235 0.4609803 -0.01188933
v -0.02959598 0.45927876 -0.00922193
v -0.02738377 0.45775369 -0.01236811
v -0.02961896 0.45736822 -0.00978103
v -0.02740093 0.45576903 -0.01295294
v -0.02185636 0.46331808 -0.01288249
v -0.02081351 0.46386361 -0.01112172
v -0.01725858 0.46537808 -0.0131498
v -0.01894487 0.46433008 -0.01502031
v -0.0140087 0.46724445 -0.01661244
v -0.01627673 0.46277457 -0.01242954
v -0.02071053 0.46170199 -0.01062312
v -0.02126324 0.45885137 -0.01051782
v -0.01718703 0.45709714 0.01448296
v -0.01643673 0.45737866 0.01747018
v -0.01979939 0.4587006 -0.02212995
v -0.01366891 0.46255964 -0.00731684
v -0.01211925 0.46337804 -0.00320961
v -0.01256976 0.46459448 -0.0059697
v -0.00952432 0.46328652 -0.00288685
v -0.01001168 0.46342897 -0.00572442
v -0.0062488 0.46161628 -0.00252239
v -0.00682559 0.46175587 -0.0054194
v -0.0024141 0.46075574 -0.00239668
v -0.00343222 0.46078402 -0.00540945
v 0.00063491 0.45950136 -0.00252198
v -0.00219497 0.46090102 0.00088128
v 0.00068869 0.45947596 0.00137135
v -0.00033199 0.45603582 0.001534
v -7.444E-05 0.456072 -0.00218696
v -0.00118724 0.45232573 0.0018905
v -0.00097131 0.45237499 -0.00194916
v -0.0017488 0.4490892 -0.00182152
v -0.00057369 0.45954534 0.0049498
v -0.00290275 0.46114033 0.00404349
v -0.00589508 0.46195728 0.00046679
v -0.00639461 0.46196654 0.00348591
v -0.00920667 0.46336964 0.00011966
v -0.00956122 0.46346629 0.00319051
v -0.01176524 0.46291587 -0.00021985
v -0.01207805 0.46375102 0.0029296
v -0.01227172 0.45061979 -0.00470224
v -0.01304135 0.45099881 -0.00083447
v -0.0132164 0.45799401 0.01688816
v -0.00678534 0.45745182 -0.01648814
v -0.00644239 0.45745915 -0.01391995
v -0.00618575 0.45934427 0.0195442
v -0.00738058 0.45471987 0.02154275
v -0.00564441 0.45709264 0.01857182
v -0.00543249 0.45958224 0.01567079
v -0.00600061 0.45763791 0.0150602
v -0.00679757 0.45851141 0.0154117
v -0.00843207 0.45748135 -0.01306582
v -0.00711386 0.4567672 -0.01182896
v -0.00842674 0.46071804 -0.0129401
v -0.00808319 0.46279877 -0.01270903
v -0.00429012 0.45992079 -0.01057554
v -0.00544325 0.45844972 -0.01070165
v -0.04984445 0.45198274 -0.00238456
v -0.02270154 0.40846467 0.01217587
v -0.02234944 0.40661994 0.00919656
v -0.02162918 0.40979993 0.00808551
v -0.02376886 0.41205183 0.01180806
v -0.0250024 0.40746075 0.01323833
v -0.02454782 0.40481412 0.00978955
v -0.02341319 0.4109441 -0.0095342
v -0.02123851 0.41395983 -0.0085378
v -0.01908194 0.41197571 -0.0049331
v -0.02101549 0.40903521 -0.00481599
v -0.022137 0.40547892 -0.00483823
v -0.02338664 0.40589741 -0.00946255
v -0.02766084 0.40705082 -0.01070404
v -0.0273346 0.41072762 -0.01096587
v -0.02611952 0.41489631 -0.01211218
v -0.02387522 0.41686583 -0.01059054
v -0.02809522 0.41368675 -0.01247607
v -0.02536199 0.40503612 -0.00732519
v -0.02433777 0.4042356 -0.00420956
v -0.02682199 0.40600258 -0.00353795
v -0.02746499 0.40658453 -0.00725547
v -0.02376014 0.42111564 0.01369862
v -0.02385677 0.42268389 0.0134317
v -0.02602421 0.42295831 0.01280855
v -0.02592642 0.42037541 0.01452554
v -0.02136228 0.42088225 0.01275498
v -0.02202332 0.42410451 0.01257285
v -0.02343784 0.41777042 0.01338348
v -0.02314052 0.42297855 0.0117597
v -0.0230142 0.42088687 0.01109349
v -0.0249101 0.42175758 0.01020898
v -0.02420902 0.42338738 0.01124035
v -0.02431914 0.42531142 0.01133334
v -0.0239309 0.42228267 -0.00993698
v -0.02415197 0.42184728 -0.01127198
v -0.02760618 0.42267382 -0.00994864
v -0.02554864 0.42292729 -0.00873806
v -0.02314722 0.42025894 -0.00905754
v -0.02160438 0.41967696 -0.01082741
v -0.02456657 0.4210788 -0.00804757
v -0.02647826 0.41562754 0.01796242
v -0.02565736 0.41418192 0.01561876
v -0.02480947 0.41550955 0.01432185
v -0.02644152 0.41759968 0.0161326
v -0.02697457 0.41744351 -0.01352852
v -0.02594797 0.41947001 -0.01211958
v -0.02829218 0.4151409 -0.01497377
v -0.0271747 0.41486418 -0.01556079
v -0.02753046 0.416006 -0.01568937
v -0.02689826 0.42348483 0.00966497
v -0.02472794 0.42014265 -0.00635452
v -0.02225386 0.41818669 -0.0070389
v -0.02675478 0.42254192 -0.0065346
v -0.02807578 0.41440886 0.01639991
v -0.02942932 0.41744852 0.01546043
v -0.02948317 0.41749549 -0.01304394
v -0.03113758 0.41504392 -0.01152474
v -0.0293919 0.42041963 -0.01148574
v -0.03170551 0.41902223 -0.01406867
v -0.03150891 0.4211024 -0.01274523
v -0.0343745 0.41738686 -0.01376534
v -0.03003773 0.42051342 0.01351541
v -0.02878662 0.42139897 0.01135119
v -0.03224783 0.42430663 0.01504384
v -0.03145524 0.42153606 0.01807462
v -0.0322223 0.41781512 0.0173275
v -0.03075292 0.41412869 0.0138543
v -0.02801551 0.4119246 0.013841
v -0.0290509 0.42196187 0.02802365
v -0.03043829 0.42272192 0.03078133
v -0.03070281 0.41797087 0.02942708
v -0.02976488 0.41937602 0.02677376
v -0.02911503 0.42384449 0.025929
v -0.03085009 0.42675555 0.02715101
v -0.03008892 0.42086875 0.02425607
v -0.03005512 0.42138341 0.00882292
v -0.02998703 0.42119205 0.00703944
v -0.03161235 0.41824698 0.00739684
v -0.03190096 0.41951805 0.01011447
v -0.02695075 0.42263582 0.00731444
v -0.02981805 0.41716444 0.02496924
v -0.03041475 0.41588014 0.0264023
v -0.030683 0.41765863 0.02265436
v -0.03308575 0.41509828 0.01246448
v -0.03425844 0.41222778 0.00987139
v -0.03142895 0.41015011 0.01207424
v -0.02834134 0.40839055 0.0128855
v -0.03188297 0.42085785 -0.01013836
v -0.03051051 0.4215517 -0.0076431
v -0.03359006 0.42229706 -0.01108749
v -0.03062905 0.41185629 -0.00935885
v -0.03409659 0.41320181 -0.00661409
v -0.03347853 0.41574448 -0.00931427
v -0.03497113 0.41735905 -0.01087441
v -0.02971846 0.42348278 -0.02497596
v -0.03000791 0.42520827 -0.02287501
v -0.03065971 0.42253336 -0.02123985
v -0.03014011 0.42078227 -0.02416225
v -0.03104148 0.42411545 -0.02732512
v -0.03199323 0.42638898 -0.02405559
v -0.03063172 0.41946259 -0.02757126
v -0.03365773 0.41905612 -0.0098336
v -0.03231651 0.41811311 -0.00788734
v -0.03173905 0.41699842 -0.0048409
v -0.03000311 0.4206543 -0.00392125
v -0.03200335 0.41708842 0.02551454
v -0.03080533 0.41628164 0.0237985
v -0.02962282 0.41445646 0.0248503
v -0.02945161 0.42795402 -0.02030679
v -0.03112082 0.4299812 -0.0189164
v -0.03140418 0.42935532 -0.01583203
v -0.02955082 0.42730698 -0.01593614
v -0.03071621 0.42495799 -0.0164751
v -0.03065506 0.42409062 -0.01866039
v -0.03270543 0.42945984 -0.02257431
v -0.03343657 0.42958224 -0.02024416
v -0.03089453 0.41798997 -0.02210164
v -0.03164482 0.41986981 -0.01962324
v -0.03281088 0.41762185 -0.02081558
v -0.03103274 0.41559929 -0.02134792
v -0.0296772 0.41598332 -0.02108834
v -0.03460788 0.41935772 -0.01904693
v -0.03287157 0.40986061 0.00841809
v -0.03062616 0.40876037 0.00902218
v -0.0326756 0.40947127 0.00501111
v -0.02961733 0.40777707 0.0047297
v -0.03470039 0.41153875 0.00507713
v -0.03229412 0.40983552 -0.00572788
v -0.02995 0.40874717 -0.00653945
v -0.02950242 0.40778583 -0.00304888
v -0.03227545 0.40949735 -0.00287107
v -0.03439804 0.41083574 -0.00260265
v -0.03395614 0.41042328 -0.00641929
v -0.03108498 0.40920198 -0.00896558
v -0.03005152 0.42823642 0.02297676
v -0.02787737 0.4291327 0.02427042
v -0.02815267 0.42936298 0.01974222
v -0.0305283 0.42868567 0.02020517
v -0.0314495 0.42734867 0.02381351
v -0.03362478 0.4270879 0.02126002
v -0.03006422 0.42654073 0.01638639
v -0.02988571 0.4300088 0.01576346
v -0.02917822 0.42586753 0.01930144
v -0.03290042 0.42839843 0.01420949
v -0.03231794 0.42529991 -0.01348017
v -0.03196813 0.4231056 -0.01475545
v -0.03225698 0.42088121 -0.01674685
v -0.03259162 0.41733247 -0.02423034
v -0.03056631 0.41628003 -0.02513094
v -0.02891973 0.41399285 -0.02283167
v -0.03321078 0.42025217 -0.02265769
v -0.03082091 0.42191732 0.021598
v -0.03210535 0.4190397 0.02059764
v -0.02888276 0.42524484 0.02295831
v -0.0344509 0.41874748 -0.01630577
v -0.03346068 0.41669965 0.01082862
v -0.03303423 0.41518426 0.00822741
v -0.03446615 0.42074212 0.01223741
v -0.03499551 0.42401528 0.01231332
v -0.03559798 0.42694137 0.01259139
v -0.0358685 0.41999456 -0.0105828
v -0.03316517 0.41344941 -0.00226752
v -0.03119807 0.41672754 -0.00159139
v -0.03143122 0.42866465 0.01750551
v -0.03342123 0.42738473 0.01683562
v -0.0343238 0.42439795 0.02548603
v -0.03300373 0.42213112 0.02855762
v -0.03281068 0.41937661 -0.02625227
v -0.03318592 0.42244855 -0.02525103
v -0.03424356 0.42074266 0.02515014
v -0.03330526 0.4190172 0.02797749
v -0.03501737 0.41810715 0.01577933
v -0.03867035 0.41894916 0.01571665
v -0.03850998 0.41864109 0.01282534
v -0.03567054 0.41833112 0.01254173
v -0.03455292 0.41977853 0.02057462
v -0.0388226 0.42017052 0.01895803
v -0.03765361 0.41846162 -0.01360499
v -0.03800685 0.41966975 -0.01600131
v -0.03715739 0.41857895 -0.01153696
v -0.03655043 0.42596352 0.01583494
v -0.0369587 0.42526835 0.01957336
v -0.03700511 0.4238708 0.02251165
v -0.03300698 0.4186452 0.0237351
v -0.03598845 0.42130715 0.02250298
v -0.03921827 0.42072698 0.02141299
v -0.03843494 0.41999409 -0.01845382
v -0.03922306 0.42189422 -0.01912085
v -0.03590298 0.42261288 -0.02076272
v -0.03609978 0.42831162 -0.02199387
v -0.03514448 0.42866942 -0.02019699
v -0.03348836 0.42808121 -0.01668258
v -0.0353536 0.42717439 -0.01771188
v -0.03805546 0.42075807 0.01135449
v -0.03748919 0.42355004 0.01032516
v -0.03447484 0.42539829 -0.02322206
v -0.04000071 0.42374688 -0.01723905
v -0.03721533 0.42577204 -0.01892306
v -0.03791678 0.42501715 -0.01570939
v -0.03645265 0.42578503 -0.01456538
v -0.04077636 0.4238154 -0.01367966
v -0.03860515 0.42456025 -0.01135692
v -0.04021854 0.4245187 0.01480942
v -0.04018624 0.42402899 0.01912342
v -0.04371715 0.42193809 0.01670513
v -0.04326342 0.42217344 0.01995757
v -0.03807328 0.42605805 0.01106604
v -0.04239984 0.42439234 0.01116583
v -0.0444804 0.42156285 0.01324173
v -0.04375226 0.41817635 0.02095266
v -0.04178939 0.4195357 0.02103103
v -0.04256735 0.42114976 0.02234651
v -0.04527902 0.41848183 0.02260757
v -0.04678281 0.41654313 0.0192259
v -0.04445891 0.41695261 0.01872095
v -0.04191978 0.41875312 0.01846715
v -0.04450589 0.41755265 -0.01794166
v -0.04189513 0.41910017 -0.01823384
v -0.0416057 0.41840711 -0.01582854
v -0.04489192 0.41657379 -0.01570304
v -0.04780761 0.41585085 -0.01602826
v -0.04614623 0.41834021 -0.01868218
v -0.04277915 0.4205792 -0.01972164
v -0.0449762 0.41540715 -0.00860525
v -0.04887625 0.41700381 -0.00372343
v -0.05077248 0.41455591 -0.00609094
v -0.0485552 0.41458797 -0.00928209
v -0.04261122 0.41926295 -0.00673839
v -0.04523065 0.41947895 -0.00338554
v -0.04051799 0.4178445 -0.01068256
v -0.03900939 0.41995636 -0.00921109
v -0.04470121 0.41540051 -0.01267689
v -0.04116975 0.41757619 -0.01319771
v -0.04794323 0.4144181 -0.01270152
v -0.04524971 0.41578448 0.01041325
v -0.04158096 0.41744983 0.01203518
v -0.04195694 0.41740364 0.01541729
v -0.04493509 0.4153977 0.01521929
v -0.04734774 0.41547695 0.01527245
v -0.04810132 0.4154495 0.01148043
v -0.05007944 0.41494286 0.00786062
v -0.04796342 0.41723841 0.00599492
v -0.04518883 0.41999671 0.0206518
v -0.04591401 0.4191258 0.01806392
v -0.04434844 0.42548403 0.0033293
v -0.04274131 0.42498225 0.00313602
v -0.04286472 0.42507264 -0.00019183
v -0.04612866 0.42538992 -0.00056388
v -0.04449274 0.42519134 0.00729905
v -0.04193357 0.42512986 0.00617242
v -0.04740824 0.42516774 0.00478987
v -0.04563163 0.41945332 -0.01706959
v -0.04665746 0.4183304 -0.01506648
v -0.04429702 0.42129719 -0.01437494
v -0.04343947 0.42169908 -0.01722794
v -0.04234193 0.42469195 -0.00347627
v -0.04393319 0.42576921 -0.00490034
v -0.04562703 0.42361894 -0.00681733
v -0.04858954 0.42391035 -0.00447165
v -0.05120861 0.42522365 0.00021626
v -0.05158981 0.4245733 0.00389881
v -0.05214914 0.42360228 -0.00273158
v -0.04578456 0.41956162 0.00050081
v -0.04899757 0.41791445 0.00155382
v -0.05244786 0.4159812 0.00384798
v -0.0528823 0.41631776 -0.00107682
v -0.0536461 0.41491973 -0.00382942
v -0.05638501 0.41546243 0.0035856
v -0.05627585 0.41611329 0.00012358
v -0.07302051 0.41698933 0.00313989
v -0.07051539 0.41767034 0.00298143
v -0.07115534 0.42006439 0.00223688
v -0.07473013 0.41831619 0.00247451
v -0.07718524 0.41503868 0.00269168
v -0.07359557 0.4150674 0.00354878
v -0.07028104 0.41538242 0.0036849
v -0.07422009 0.41190976 -0.00037314
v -0.07693209 0.41246238 0.00122571
v -0.07781102 0.41192874 -0.00069644
v -0.07599197 0.41151655 -0.00128835
v -0.07379329 0.41193905 0.00229316
v -0.07653285 0.4117195 0.00291513
v -0.07567627 0.41184753 -0.00301426
v -0.07318024 0.41268888 -0.00288143
v -0.07539 0.41399321 -0.0030094
v -0.0734328 0.41522747 -0.00249511
v -0.0777767 0.41187394 -0.00278352
v -0.07693411 0.41476855 -0.00275261
v -0.07450566 0.41759577 -0.00227835
v -0.07376885 0.41284704 0.00431178
v -0.07674411 0.41284472 0.00421977
v -0.07559251 0.41898113 -0.00027287
v -0.07784539 0.41512519 -0.00060944
v -0.07145527 0.42105106 -3.712E-05
v -0.07100825 0.41931379 -0.00189456
v -0.06742617 0.42150119 0.00020567
v -0.0672677 0.42004594 -0.00153892
v -0.0669338 0.41744483 -0.00222939
v -0.07041414 0.41651767 -0.00234467
v -0.06653777 0.41515872 -0.00266726
v -0.06989716 0.41394877 -0.00298761
v -0.0664558 0.41419208 -0.00093257
v -0.07000323 0.4131473 -0.00081576
v -0.06663235 0.41470489 0.00143764
v -0.07011516 0.41334984 0.00174045
v -0.06667452 0.41463098 0.00363397
v -0.07002981 0.41336304 0.00415868
v -0.06700939 0.41617686 0.00415328
v -0.06327491 0.41529012 0.00355162
v -0.06360907 0.41667658 0.00481806
v -0.06370668 0.41898307 0.00386462
v -0.06723739 0.41827276 0.00329523
v -0.06360035 0.42119953 0.00235795
v -0.06734653 0.42058891 0.00215867
v -0.06365892 0.42258421 0.00040894
v -0.05984225 0.42210662 0.00270661
v -0.05976975 0.42343357 0.00063319
v -0.05974455 0.42187083 -0.00128689
v -0.06355689 0.42107281 -0.00137868
v -0.05987321 0.41919404 -0.00222382
v -0.06341471 0.41849992 -0.00217947
v -0.06004722 0.41661158 -0.00278609
v -0.06323235 0.41604066 -0.00253501
v -0.05989543 0.41520688 -0.00142234
v -0.06309655 0.41485316 -0.00101412
v -0.05968767 0.4156166 0.00090123
v -0.0631311 0.41530195 0.00129531
v -0.05983688 0.41552529 0.00364328
v -0.05694744 0.41715533 0.00652603
v -0.06018553 0.41698307 0.00551826
v -0.05650498 0.42057323 0.00562586
v -0.0601078 0.41971669 0.00468167
v -0.05586319 0.42331934 0.00329606
v -0.05284289 0.42143434 0.00668274
v -0.05565387 0.42442387 0.0006823
v -0.05595631 0.42280412 -0.00167404
v -0.05320378 0.42033458 -0.00444223
v -0.05648522 0.41979012 -0.00313138
v -0.05374387 0.41705769 -0.00478102
v -0.05687774 0.41685238 -0.00358368
v -0.05674161 0.41504031 -0.00239415
v -0.0501655 0.4207578 -0.00630263
v -0.05086645 0.41728222 -0.00666301
v -0.04746342 0.4208371 -0.00851315
v -0.04875976 0.4174234 -0.00930166
v -0.04552996 0.42089075 -0.01129039
v -0.04743174 0.4175351 -0.01216236
v -0.04324033 0.42349702 -0.00986371
v -0.04143774 0.4252651 -0.00806319
v -0.04007877 0.4253749 -0.00629734
v -0.03743169 0.42581517 -0.00964978
v -0.04036286 0.42232478 -0.00589837
v -0.03675024 0.42351443 -0.0091339
v -0.032736 0.4277389 -0.01169111
v -0.03475248 0.42714196 -0.01307589
v -0.04254806 0.4220939 -0.00295202
v -0.04344956 0.42232198 0.00017123
v -0.04300547 0.42231673 0.00332327
v -0.04532921 0.41966233 0.00432931
v -0.04347202 0.41951236 0.0076348
v -0.04166064 0.42236912 0.00606825
v -0.03967779 0.42291251 0.00830318
v -0.04077151 0.420035 0.00975818
v -0.04011599 0.42584896 0.00875771
v -0.05383331 0.41753316 0.00780597
v -0.05070718 0.41798651 0.00930164
v -0.04924862 0.42188632 0.00792637
v -0.04807696 0.41830045 0.01161677
v -0.04645992 0.42188394 0.01023508
v -0.04644362 0.41838321 0.01460886
v -0.0398204 0.42277843 0.02154299
v -0.03287418 0.413728 0.00132593
v -0.03108863 0.41694611 0.00158406
v -0.02875361 0.42097265 0.00175299
v -0.02877055 0.42082581 -0.00105274
v -0.02649308 0.4216913 0.0019337
v -0.02644872 0.42168823 -0.0007878
v -0.02661123 0.42205259 -0.00360013
v -0.02400177 0.41920295 -0.00072138
v -0.02429391 0.41950533 -0.0036224
v -0.02031731 0.41681218 -0.00076154
v -0.02097923 0.41728571 -0.00408615
v -0.01676305 0.41489002 -0.00091828
v -0.01825976 0.41519499 -0.00506579
v -0.01991 0.41689155 -0.00846495
v -0.01763764 0.41129047 -0.00063152
v -0.0171923 0.41503167 0.00346336
v -0.01812818 0.41146132 0.00385058
v -0.0202653 0.40847644 0.00418061
v -0.01957072 0.40818062 -0.00036987
v -0.0214456 0.40520948 0.00489134
v -0.02094187 0.40492526 -6.603E-05
v -0.02376498 0.40391392 0.00512531
v -0.02344425 0.40403366 0.00029546
v -0.02662637 0.40590352 0.00489532
v -0.02616887 0.4057956 0.00061772
v -0.02928175 0.40736902 0.00078051
v -0.03232667 0.40920296 0.00092602
v -0.03434778 0.41105539 0.00106528
v -0.03285634 0.41424072 0.00482425
v -0.03111133 0.4174287 0.00462158
v -0.02883486 0.42143762 0.0045274
v -0.02669498 0.4221431 0.00465378
v -0.02507092 0.42016506 0.00793449
v -0.02457036 0.41948944 0.00511185
v -0.02410213 0.41921279 0.00219689
v -0.02137697 0.41746825 0.0058925
v -0.02050282 0.41694587 0.00263619
v -0.01865871 0.41585213 0.0072421
v -0.02250164 0.41851994 0.00890995
v -0.02053409 0.41746286 0.01035003
v -0.0217037 0.41481453 0.01081102
v -0.01970012 0.412552 0.00763585
v -0.02747377 0.4067837 0.00925001
v -0.02831439 0.41549754 -0.0185948
v -0.02758225 0.41418546 -0.01900797
v -0.02878844 0.41481018 -0.01850559
v -0.02571709 0.41111854 0.01408993
v -0.02558377 0.41252142 0.01469943
v -0.026238 0.4134298 0.01627694
v -0.02713051 0.4131164 0.01643232
v -0.02747577 0.41408303 0.01828875
v -0.02658821 0.41389018 0.0182558
v -0.0268617 0.41388917 0.02000818
v -0.02788684 0.41446829 0.01995554
v -0.02691697 0.41544849 0.01952299
v -0.02772577 0.41479415 0.01862054
v -0.02925738 0.41589856 0.0238741
v -0.02948722 0.41610005 0.02298133
v -0.02763896 0.4140484 0.02161614
v -0.02746366 0.41511655 0.02100443
v -0.02845888 0.41515762 0.0225176
v -0.02862686 0.41418055 0.02329173
v -0.02856935 0.41485712 0.02149299
v -0.02959643 0.41540802 0.02283382
v -0.02811472 0.41542816 0.0202399
v -0.02845064 0.41530401 0.02188826
v -0.02512687 0.4129191 0.01405509
v -0.01344636 0.43286914 -0.01240691
v -0.01430931 0.43319386 -0.00978999
v -0.01432518 0.43070081 -0.00811364
v -0.01256673 0.42996627 -0.00954439
v -0.01446744 0.42773858 -0.01076361
v -0.01425166 0.43013459 -0.01329063
v -0.01504931 0.43617338 -0.01208931
v -0.01492772 0.43554199 -0.01021727
v -0.0162215 0.43054405 -0.01370298
v -0.01716251 0.43297493 -0.0125594
v -0.01191733 0.42828381 -0.00654728
v -0.01242339 0.42594737 -0.0072873
v -0.01428489 0.42311308 -0.00748049
v -0.01613038 0.42440489 -0.0105186
v -0.01598258 0.42394713 -0.01397373
v -0.01459592 0.42643565 -0.01461396
v -0.01383085 0.42882487 -0.01595991
v -0.014633 0.42619151 0.01253738
v -0.01429967 0.42466003 0.01040712
v -0.01231081 0.42724466 0.01014336
v -0.01263414 0.42955899 0.01310174
v -0.01576387 0.42409283 0.01464851
v -0.01525913 0.42171615 0.01176008
v -0.01430118 0.42774111 0.01528924
v -0.01596631 0.42271346 0.02050327
v -0.01583923 0.42399326 0.02197247
v -0.01913551 0.42268944 0.02266492
v -0.0186027 0.42090032 0.02117642
v -0.01527701 0.42472616 0.01772965
v -0.01438508 0.42690337 0.01927065
v -0.01690106 0.42234299 0.01737487
v -0.01753321 0.4211036 -0.01811901
v -0.01781645 0.42107353 -0.02018852
v -0.01652911 0.42373946 -0.01678449
v -0.01714285 0.42226517 -0.01594874
v -0.01846068 0.42103183 -0.01559044
v -0.01884341 0.42093459 -0.01786979
v -0.02050572 0.42160922 -0.01972261
v -0.01513239 0.43333226 0.0108328
v -0.01336856 0.43290678 0.0112887
v -0.01306218 0.43071473 0.00918468
v -0.01546644 0.43211886 0.00919992
v -0.01713693 0.43578672 0.01167739
v -0.01430928 0.43576491 0.01230389
v -0.01783735 0.434286 0.00959116
v -0.01827243 0.42349494 -0.02039899
v -0.01596026 0.42565253 -0.01780286
v -0.01812017 0.43574533 -0.01096135
v -0.01731021 0.43548048 -0.00864672
v -0.0161335 0.43328506 -0.0085454
v -0.01325531 0.4364875 0.01436885
v -0.01147735 0.43249434 0.01189866
v -0.01752889 0.43540138 0.0139955
v -0.02212546 0.42419684 0.02399617
v -0.0224924 0.4229421 0.02351603
v -0.02163145 0.42361575 0.0220623
v -0.01914609 0.4228085 0.02030945
v -0.0177342 0.42290157 0.01738184
v -0.01825556 0.42035693 0.01221575
v -0.01565316 0.41774097 0.00833338
v -0.01366489 0.41950813 0.00841148
v -0.01834699 0.42377365 0.01528798
v -0.01893657 0.42011338 0.00957159
v -0.01743856 0.41932485 0.00710035
v -0.02124131 0.42337975 0.01160916
v -0.02080226 0.4217248 0.00904762
v -0.02127742 0.42659575 0.01380824
v -0.01972615 0.42125064 0.00615088
v -0.01707438 0.4268114 0.01609479
v -0.01950899 0.42821303 0.015075
v -0.01861636 0.41996503 -0.00610823
v -0.01741349 0.41954371 -0.00363475
v -0.0200096 0.4212136 -0.00346784
v -0.02080658 0.42167112 -0.00645824
v -0.01771897 0.41895044 -0.00769992
v -0.0155192 0.41761518 -0.00427529
v -0.0216349 0.42194277 -0.00960931
v -0.01831175 0.4338901 -0.00641286
v -0.01654738 0.43192977 -0.00699081
v -0.01848784 0.42218858 -0.01144794
v -0.0154932 0.41979313 -0.00854747
v -0.01862911 0.42140085 -0.01314103
v -0.02073752 0.425495 -0.01278692
v -0.0195415 0.42338952 -0.0136699
v -0.02332436 0.42518258 -0.01125689
v -0.01746934 0.4315401 0.01466549
v -0.01365668 0.43301365 0.0155614
v -0.01542559 0.42949247 0.01667118
v -0.01312647 0.43065327 0.01725994
v -0.02065559 0.43297452 0.01369444
v -0.02108448 0.43153793 0.015225
v -0.02252292 0.42777467 0.01590477
v -0.01773789 0.4298794 -0.01313133
v -0.01586841 0.42863297 -0.01563006
v -0.01753186 0.42728549 -0.01444608
v -0.01988776 0.4316628 -0.01205437
v -0.01978626 0.42862141 -0.01289356
v -0.0229204 0.42270505 -0.00593427
v -0.02446125 0.42279467 -0.00733175
v -0.024466 0.42588121 -0.00830368
v -0.01993406 0.43527326 -0.00812431
v -0.02024134 0.43501008 -0.00623769
v -0.02108118 0.43363523 -0.0094847
v -0.02165522 0.43316138 -0.00657536
v -0.02047551 0.43478963 0.01039671
v -0.01814282 0.43318635 0.0069499
v -0.02037049 0.43491545 0.00732792
v -0.02017156 0.43414244 0.0125252
v -0.02179568 0.43228495 0.00764497
v -0.0228396 0.43208009 0.01095315
v -0.02432001 0.42683238 0.01466842
v -0.02513618 0.42886692 0.01327745
v -0.02384502 0.42758605 0.01221519
v -0.02431212 0.42431295 0.01026299
v -0.02272496 0.42553192 0.02292752
v -0.02308694 0.42732751 0.02414721
v -0.02290586 0.42686397 0.02600546
v -0.02010257 0.42374304 0.0220481
v -0.02081739 0.42410478 0.02168404
v -0.02256992 0.42535341 0.02189118
v -0.02353009 0.42826289 0.02186099
v -0.0232129 0.42939422 0.02354291
v -0.02339039 0.42699677 0.02049446
v -0.02390706 0.42579168 0.02387979
v -0.02348617 0.42519641 0.02228968
v -0.02252204 0.42279997 0.00843313
v -0.02226293 0.42262787 0.00575419
v -0.024839 0.42323348 0.00592879
v -0.02414354 0.42924753 0.02455086
v -0.02460378 0.42286298 -0.02082295
v -0.02107003 0.42268714 -0.01952995
v -0.02387383 0.42365429 -0.01880922
v -0.02590512 0.42592454 -0.0229409
v -0.02378465 0.42493421 -0.02486608
v -0.02229588 0.4223038 -0.02258054
v -0.02405591 0.4276861 -0.02255525
v -0.02349867 0.42862028 -0.02448498
v -0.02434693 0.43080112 -0.0219055
v -0.02519196 0.4287051 -0.0199848
v -0.02380517 0.42557412 -0.02048766
v -0.02347359 0.42544264 -0.02259832
v -0.0243048 0.42938599 0.0110252
v -0.02486681 0.42673001 0.00868386
v -0.0227863 0.42248395 -0.00345046
v -0.02535893 0.42292655 -0.00386028
v -0.02403426 0.42831177 -0.00738074
v -0.02548584 0.4297629 -0.00994302
v -0.02631414 0.42809597 -0.01109232
v -0.02666603 0.42650518 -0.01321665
v -0.02381954 0.43081778 0.01957296
v -0.02330602 0.43189919 0.02251369
v -0.02391727 0.43414566 0.01832736
v -0.02324944 0.43464458 0.02165643
v -0.02391189 0.42840919 0.01864448
v -0.0235562 0.42932791 0.00909132
v -0.0228379 0.42956483 0.00732395
v -0.02381977 0.42750001 0.00696471
v -0.02304081 0.43429655 0.01507055
v -0.02341859 0.43065631 0.01653317
v -0.02366475 0.4319033 -0.00993506
v -0.02297206 0.43075895 -0.00683684
v -0.02297503 0.43128669 -0.01227522
v -0.02529652 0.43143761 -0.01327501
v -0.02540932 0.43363574 -0.01112773
v -0.02875424 0.42992532 -0.01064419
v -0.02235062 0.42963701 0.00473542
v -0.02372587 0.42702824 0.00482387
v -0.02548166 0.42504472 0.00532995
v -0.02523989 0.43150955 -0.01772525
v -0.02537842 0.4294039 -0.01515278
v -0.02540471 0.42694837 -0.01681353
v -0.02474631 0.43294215 -0.02004657
v -0.02358123 0.42492867 -0.0188828
v -0.02351165 0.42832604 0.01690524
v -0.02580148 0.42835987 0.01566488
v -0.02591526 0.42956376 0.01874731
v -0.02923161 0.43031073 0.01846255
v -0.02940512 0.42935809 0.0158463
v -0.0303457 0.42960942 0.01381689
v -0.02723768 0.42866033 0.01355477
v -0.02370623 0.42791918 -0.01292884
v -0.02419335 0.42596912 -0.01376368
v -0.02595459 0.42557421 -0.01667062
v -0.02390609 0.44147214 0.02359063
v -0.02284825 0.44002682 0.0232683
v -0.02255824 0.44012666 0.02083419
v -0.02404213 0.44164765 0.02102089
v -0.02611096 0.43970767 0.02407612
v -0.02433426 0.43788627 0.02345682
v -0.02310178 0.43753132 0.02104763
v -0.02314194 0.43938687 -0.01408145
v -0.02388136 0.44140649 -0.01297768
v -0.02529631 0.43830997 -0.01103987
v -0.02461986 0.43687952 -0.01311813
v -0.02479375 0.43454412 -0.0157497
v -0.02340582 0.43847069 -0.01598867
v -0.02494457 0.44124442 -0.01564308
v -0.02535406 0.42831635 -0.02373615
v -0.02594755 0.43022847 -0.02204495
v -0.0270477 0.42869774 -0.02068379
v -0.02449051 0.43570229 -0.01928574
v -0.0241839 0.43926018 -0.01944607
v -0.03004525 0.42847773 -0.01190006
v -0.03087842 0.42924732 -0.0139211
v -0.02932493 0.43355462 -0.00940725
v -0.02574706 0.43125415 0.02359631
v -0.02598855 0.43455711 0.02433882
v -0.029216 0.43247893 0.0245454
v -0.02865889 0.43053654 0.0236562
v -0.02670628 0.42985839 0.0216145
v -0.02514233 0.42796478 0.02285431
v -0.02921455 0.43088406 0.02124046
v -0.02823946 0.43009841 -0.01665664
v -0.02704008 0.42682609 -0.01855828
v -0.032014 0.43087587 -0.01649766
v -0.02816709 0.43662822 0.02376764
v -0.03068078 0.43428171 0.023819
v -0.02726779 0.43828514 0.01567782
v -0.02650738 0.43930635 0.01805675
v -0.02465872 0.44072318 0.01731483
v -0.02546102 0.44012168 0.01470085
v -0.02965707 0.43659043 0.01300903
v -0.02919119 0.43667555 0.01583694
v -0.02851631 0.43782163 -0.01073388
v -0.02965986 0.43639022 -0.00790548
v -0.03198253 0.42915034 -0.00985833
v -0.02808538 0.43425274 0.01271302
v -0.02797678 0.43116131 0.01315472
v -0.03090139 0.43159127 0.01211773
v -0.03075216 0.43405676 0.01047598
v -0.02836491 0.43695518 0.01158968
v -0.02436905 0.43959191 0.01404866
v -0.02429931 0.43716478 0.01483795
v -0.03085534 0.43624902 0.00950284
v -0.02906743 0.43167308 -0.01944676
v -0.02665515 0.43274003 -0.02087444
v -0.03324805 0.43137962 -0.01909245
v -0.0308724 0.43523288 -0.02041994
v -0.0268668 0.43553174 -0.02095159
v -0.03518452 0.43360513 -0.01835419
v -0.02800113 0.43976361 -0.01798462
v -0.02796646 0.43932021 -0.01620053
v -0.02625888 0.44084722 -0.01843504
v -0.02785592 0.44028884 -0.02016051
v -0.0296888 0.43917426 -0.01945489
v -0.0314537 0.43746477 -0.01719625
v -0.02701281 0.43870062 -0.02146302
v -0.02954721 0.43795243 -0.02131057
v -0.03235691 0.4367803 0.01036419
v -0.03243838 0.4348568 0.01366472
v -0.03210194 0.43514559 0.01635648
v -0.03403559 0.43489546 0.01108521
v -0.03222206 0.43609494 0.01918033
v -0.02887994 0.43745098 0.01867187
v -0.0349166 0.43231708 0.01418992
v -0.03435665 0.43247008 0.01682967
v -0.03252343 0.42809498 0.02369191
v -0.03090241 0.42929986 0.02365126
v -0.03137736 0.43042898 0.02539994
v -0.03351335 0.42793673 0.0256213
v -0.03604549 0.42691427 0.02341342
v -0.03387937 0.42798007 0.02210659
v -0.03176192 0.4294827 0.02140196
v -0.03378762 0.43513998 -0.01620422
v -0.03390644 0.43482634 -0.01414279
v -0.03134633 0.43692589 -0.01393859
v -0.03476582 0.43298757 0.01957777
v -0.0339242 0.43044931 0.00986281
v -0.03311846 0.42848781 0.01322397
v -0.0354608 0.42669997 0.0132064
v -0.03655998 0.42793003 0.01030009
v -0.03306155 0.43347973 0.00806007
v -0.03623227 0.43121713 0.00615477
v -0.03495227 0.43375036 0.00516105
v -0.0382498 0.42873964 0.00736142
v -0.03431343 0.43001145 0.02453462
v -0.03311252 0.43213806 0.02441017
v -0.03443711 0.43275458 0.02225271
v -0.03543084 0.42969915 0.02269277
v -0.03267577 0.42829072 0.01621711
v -0.03520189 0.42691639 0.01644912
v -0.03776723 0.42637873 0.01394771
v -0.03852919 0.42688292 0.0113622
v -0.03711367 0.42664215 0.01690214
v -0.03591524 0.42692983 -0.00862028
v -0.0333858 0.43143556 -0.00691698
v -0.03605613 0.43107963 -0.00436667
v -0.03815756 0.42773244 -0.00557075
v -0.03966431 0.42887834 -0.00767815
v -0.03837007 0.42807561 -0.00984192
v -0.03654438 0.42558593 -0.01249711
v -0.03342517 0.42795539 -0.0122261
v -0.0377374 0.42791337 -0.01258824
v -0.0361755 0.43225962 -0.01481386
v -0.03440659 0.42970654 -0.01684156
v -0.03417555 0.42870611 -0.01474301
v -0.0367171 0.42696491 -0.01586896
v -0.03568332 0.42931366 -0.01822197
v -0.03726304 0.4304775 -0.01833773
v -0.03741764 0.42884791 -0.01558167
v -0.03908424 0.43676534 -0.0020302
v -0.03696904 0.43715194 -0.00137753
v -0.03656077 0.43671513 -0.00440421
v -0.03955648 0.43426543 -0.0053025
v -0.04083865 0.43643057 0.00141458
v -0.0369209 0.43752435 0.00179772
v -0.04290857 0.43432593 -0.00356583
v -0.04053482 0.42989299 0.00367117
v -0.0400777 0.42702806 0.0091592
v -0.04193434 0.4272365 0.00710442
v -0.04431745 0.42715144 0.00575914
v -0.04360997 0.42895189 0.00260489
v -0.03761643 0.43190384 0.00249627
v -0.03834355 0.43564701 0.00572035
v -0.03603343 0.43669221 0.004951
v -0.04278535 0.43331042 0.00488863
v -0.04031171 0.43303078 0.00711973
v -0.04042141 0.42952034 -0.00234661
v -0.03766803 0.43191716 -0.00133774
v -0.04351979 0.42838851 -0.00157836
v -0.04156204 0.42985144 -0.00607413
v -0.04403194 0.42981955 -0.00475818
v -0.06501354 0.43097368 0.00097246
v -0.06393614 0.43003589 0.00288137
v -0.06134292 0.43081498 0.00247109
v -0.06170908 0.43182868 0.00068954
v -0.06770523 0.42920971 -0.00021559
v -0.0678254 0.42853779 0.00217621
v -0.0664629 0.42996207 0.00234993
v -0.06589197 0.42954287 0.00362675
v -0.06528847 0.42818391 0.00389167
v -0.06357434 0.4281745 0.00352626
v -0.06721731 0.42837501 0.00383371
v -0.06623934 0.42673001 0.00396098
v -0.06372117 0.4260956 0.0034588
v -0.06679768 0.42953175 -0.00225009
v -0.06437363 0.43018186 -0.00163928
v -0.06427787 0.42766598 -0.00258804
v -0.06687423 0.42747465 -0.00292951
v -0.06755018 0.42618248 -0.00096187
v -0.06713459 0.42599636 0.0019444
v -0.06445664 0.42586246 -0.00113679
v -0.0642149 0.4255482 0.00133177
v -0.06112961 0.42838642 -0.00198224
v -0.06104548 0.42633897 -0.0012422
v -0.06098244 0.42613837 0.00081426
v -0.06080693 0.42683154 0.00267165
v -0.05781657 0.42731136 -0.00124767
v -0.05781701 0.427176 0.0007055
v -0.05784982 0.42756945 0.00259117
v -0.05804895 0.42978671 0.00298211
v -0.06091724 0.42884195 0.00327433
v -0.05487413 0.42823175 0.00080357
v -0.05500983 0.42818594 0.0027814
v -0.05513166 0.43038464 0.00290081
v -0.05539813 0.43276203 0.00225912
v -0.05847193 0.43186808 0.00228882
v -0.05235977 0.42835867 0.00311007
v -0.05221134 0.43059054 0.00307598
v -0.05204767 0.43338639 0.00223088
v -0.05218617 0.43534178 0.00054868
v -0.05570594 0.43416464 0.0005341
v -0.04940856 0.43031842 0.00383588
v -0.04870962 0.43339822 0.00256239
v -0.0485184 0.43584085 0.00061383
v -0.04882083 0.43377143 -0.00164332
v -0.05211823 0.43335229 -0.00125669
v -0.045594 0.43322277 0.00341981
v -0.04501778 0.43588358 0.0008785
v -0.04576867 0.43403426 -0.00238007
v -0.0465074 0.43003464 -0.00342093
v -0.04921387 0.43030021 -0.00254567
v -0.0492245 0.42821178 -0.00125988
v -0.05204122 0.4285554 -0.00119719
v -0.05210896 0.43047515 -0.00193195
v -0.04633477 0.42799699 -0.0012813
v -0.04627471 0.42850509 0.00207181
v -0.04913851 0.42875662 0.00149924
v -0.0498085 0.42787474 0.00385858
v -0.05201307 0.42886835 0.00105914
v -0.04710884 0.42716348 0.00486793
v -0.04678474 0.43000925 0.00516546
v -0.04426701 0.42998761 0.00660988
v -0.04199932 0.42995292 0.00827314
v -0.03987977 0.42972103 0.01005754
v -0.0380649 0.43266347 0.00940557
v -0.03618549 0.43510696 0.00852712
v -0.03794362 0.42945451 0.01196806
v -0.03621928 0.43247879 0.0117672
v -0.03667856 0.42923009 0.01427816
v -0.03614598 0.42932713 0.0169884
v -0.03675518 0.42684379 0.01999286
v -0.03604229 0.42967033 0.01987405
v -0.03480736 0.42762864 0.01941057
v -0.03270107 0.42940602 0.01893955
v -0.03448723 0.43672299 0.00779429
v -0.03304965 0.43568119 0.0073553
v -0.03428595 0.43593037 0.00463605
v -0.03604621 0.43431708 0.00198703
v -0.03506115 0.43653271 0.00171348
v -0.03604703 0.43434596 -0.00101738
v -0.03530593 0.43655708 -0.00096377
v -0.03463235 0.43414348 -0.00354676
v -0.03474369 0.43637881 -0.00346862
v -0.03249093 0.43483862 -0.005817
v -0.03309304 0.43730789 -0.00579734
v -0.03511257 0.43560889 -0.00677986
v -0.03750976 0.43258372 -0.00750064
v -0.03157116 0.43632579 -0.00868274
v -0.03392079 0.43465561 -0.0092222
v -0.03646656 0.43177986 -0.00972926
v -0.03376403 0.43452242 -0.01177409
v -0.03613946 0.43152529 -0.01217422
v -0.03106936 0.43615586 -0.01145159
v -0.02808326 0.43846959 -0.01346647
v -0.05484318 0.42815039 -0.00122934
v -0.05806711 0.42938748 -0.00176189
v -0.05508102 0.43015128 -0.00179077
v -0.05849669 0.43171239 -0.00119945
v -0.05540827 0.43257675 -0.00117839
v -0.05880817 0.43291113 0.00056832
v -0.0614407 0.43071261 -0.00127951
v -0.03173773 0.43543211 0.0217518
v -0.02866732 0.43735269 0.02142219
v -0.02639753 0.43977353 0.021324
v -0.02351224 0.4396497 0.01719007
v -0.02366409 0.43705541 0.0177187
v -0.02518889 0.43098998 0.01240243
v -0.02460489 0.43332756 0.01279958
v -0.02476859 0.4270688 0.02102451
v -0.02135587 0.42358994 -0.01945194
v -0.02153283 0.42387259 -0.02034556
v -0.01938649 0.42358589 -0.01846652
v -0.01904601 0.4241206 -0.01934667
v -0.02174277 0.42334589 -0.02153004
v -0.01853771 0.42461228 -0.01643217
v -0.01752967 0.42578211 -0.0171992
v -0.01909157 0.42239329 -0.01822538
v -0.01899254 0.4226898 -0.01592338
v -0.02547606 0.42472595 0.00224328
v -0.02491214 0.42277813 0.00246731
v -0.02396519 0.42696041 0.00203409
v -0.0241126 0.42697686 -0.00091636
v -0.02560814 0.42473513 -0.00074067
v -0.02249961 0.42973012 0.00189322
v -0.02259467 0.42977965 -0.00097724
v -0.02270089 0.43002552 -0.0038513
v -0.0242396 0.42729968 -0.00405957
v -0.02124709 0.43253896 0.00173223
v -0.02137319 0.43265647 -0.00102915
v -0.02145512 0.43285191 -0.00378279
v -0.01986318 0.43460551 -0.00110231
v -0.02011688 0.43501633 -0.00363285
v -0.0181444 0.43272573 -0.00139155
v -0.01846112 0.43309259 -0.00396686
v -0.01559596 0.43086171 -0.00186528
v -0.01619047 0.43112406 -0.00454235
v -0.01274807 0.4290266 -0.00254491
v -0.01380253 0.42934391 -0.0054737
v -0.01016016 0.42775458 -0.00343679
v -0.01222621 0.4290657 0.00055992
v -0.00933157 0.42762175 0.00026691
v -0.00979651 0.42478928 7.833E-05
v -0.01063255 0.42505202 -0.00382835
v -0.01147889 0.42174137 -3.449E-05
v -0.01238245 0.42211416 -0.00399895
v -0.01260826 0.41862807 -0.00019976
v -0.01340086 0.41888422 -0.00452157
v -0.01449668 0.41703033 -0.00022283
v -0.01236608 0.41857144 0.00424403
v -0.01435154 0.41713265 0.00406597
v -0.01641698 0.41903055 0.00358534
v -0.0164795 0.41918868 -0.00016111
v -0.01911749 0.42097181 0.00302552
v -0.01923125 0.42103961 -0.00024986
v -0.02212796 0.42235383 0.00262212
v -0.02231973 0.42228198 -0.00040743
v -0.02500643 0.42288083 -0.00055877
v -0.02591797 0.42495763 -0.00416087
v -0.01141698 0.42177349 0.00404191
v -0.01323983 0.42291439 0.00743049
v -0.01006161 0.42477152 0.004003
v -0.01144204 0.42563325 0.00735891
v -0.0099362 0.42743045 0.00390324
v -0.01078145 0.42802936 0.00701169
v -0.01145957 0.42932689 0.00959464
v -0.01282304 0.42968926 0.00650547
v -0.01249689 0.42908099 0.00361978
v -0.01541883 0.43101138 0.00373101
v -0.01559559 0.43134651 0.00655609
v -0.01803047 0.43285033 0.0040508
v -0.01794124 0.43275228 0.00126926
v -0.01976136 0.43460295 0.00153087
v -0.01992662 0.43458861 0.00429261
v -0.01530137 0.43090573 0.0009117
v -0.02126177 0.43243641 0.00460515
v -0.01760224 0.42458436 0.02101614
v -0.01866145 0.42402789 0.02023533
v -0.01618535 0.42652744 0.01867861
v -0.01710243 0.42457145 0.01773999
v -0.02181431 0.43328154 0.01304781
v -0.0021463 0.46473372 0.00153787
v -0.00099973 0.46428019 0.00254391
v -0.0033534 0.46533045 0.00506787
v -0.00402018 0.46527234 0.00250956
v -0.00191922 0.46466845 -0.00083002
v -8.501E-05 0.46355796 -0.000891
v -0.00420099 0.46541509 -0.00060953
v -0.00222094 0.46467742 -0.0030801
v -0.00116411 0.46416643 -0.00405558
v -0.00427745 0.46528697 -0.00353141
v -0.00381491 0.46545032 -0.00578564
v -0.00083023 0.47745711 0.00698304
v 0.00083935 0.47692284 0.00817903
v 0.00177458 0.47510687 0.00563895
v -0.00032632 0.4765017 0.00503743
v -0.0033085 0.47776711 0.00493932
v -0.00319305 0.47893888 0.00769372
v -0.00137057 0.47860664 0.00970212
v -0.00253879 0.47476253 0.01811466
v -0.00317239 0.47203183 0.01691828
v -0.00303629 0.47407034 0.01536794
v -0.00211156 0.47738779 0.01567976
v -0.00529761 0.47228587 0.01703793
v -0.00461335 0.47335044 0.01585874
v -0.00338434 0.47559157 0.01331096
v -0.00335852 0.47962695 0.01268395
v -0.00457603 0.47411272 0.0141175
v -0.00296861 0.47774446 -0.00726597
v -0.00248846 0.47704512 -0.00542688
v 2.31E-05 0.47621119 -0.00617822
v -0.00134833 0.47787708 -0.0085093
v -0.00405446 0.48010245 -0.0100897
v -0.00474344 0.47900283 -0.00750071
v -0.00495674 0.47841153 -0.0052415
v -0.00621118 0.48040432 0.00698766
v -0.00552682 0.48145613 0.00842259
v -0.00400241 0.48042935 0.00943477
v -0.00245056 0.47943237 0.0110272
v -0.00570261 0.48068929 0.01068113
v -0.00010651 0.47666526 -0.00986738
v -0.00283513 0.4779959 -0.0116337
v -0.00329418 0.47573611 0.01191152
v -0.00801832 0.47827542 0.01171795
v -0.00561947 0.47722054 0.01287498
v -0.00567164 0.47329339 0.01231989
v -0.00707142 0.47118229 0.01112968
v -0.00587145 0.47054046 0.01045795
v -0.00447516 0.47219026 0.01099948
v -0.00400939 0.46941519 0.00874482
v -0.00292359 0.47131082 0.00848455
v -0.00727996 0.46927258 0.02443775
v -0.00616533 0.46666107 0.02361605
v -0.00513981 0.46848264 0.02092816
v -0.00535833 0.47094378 0.0213378
v -0.00878131 0.46806967 0.02325532
v -0.00797344 0.46655422 0.02266619
v -0.00789769 0.46891081 0.01992237
v -0.00806486 0.46923441 -0.01075206
v -0.0049431 0.46839428 -0.00963626
v -0.00642636 0.46688104 -0.00882067
v -0.01041252 0.46748468 -0.00938912
v -0.00648796 0.47112086 0.01789409
v -0.01021712 0.4712545 0.01772867
v -0.00888086 0.4726035 0.01744252
v -0.00401754 0.47039992 0.01848191
v -0.00445493 0.47628328 0.01519061
v -0.00657791 0.46766409 -0.02496692
v -0.00518793 0.46928534 -0.02240011
v -0.00771353 0.46871501 -0.02095404
v -0.00824503 0.46666235 -0.02384681
v -0.0096293 0.46795464 -0.02475066
v -0.00794078 0.4700059 -0.02566004
v -0.00594063 0.47148815 -0.02300112
v -0.01036337 0.46962628 -0.02300448
v -0.00895575 0.47034574 0.0213691
v -0.01051565 0.47222018 0.01995309
v -0.0050783 0.47099569 -0.01829478
v -0.00599703 0.4723337 -0.01860227
v -0.00956034 0.47104213 -0.01913776
v -0.00357676 0.47190449 -0.01959301
v -0.01307409 0.47066882 -0.02166302
v -0.00812731 0.47304237 -0.02147961
v -0.00555424 0.47436243 -0.02011863
v -0.00392319 0.47389409 -0.02077266
v -0.00835598 0.47275385 -0.01970031
v -0.00603499 0.47347379 -0.01908799
v -0.01123495 0.4748635 -0.01985219
v -0.00990507 0.47370869 -0.01867344
v -0.0101671 0.4718183 -0.02412417
v -0.00897047 0.4698382 0.00944475
v -0.01029326 0.4708485 0.00845438
v -0.01189188 0.46792459 0.00683638
v -0.00960501 0.46675822 0.00670561
v -0.00647846 0.4661679 0.00613895
v -0.00570125 0.46818012 0.0084656
v -0.00890736 0.47196993 0.02289296
v -0.00672087 0.48014483 -0.00713995
v -0.00800354 0.48101386 -0.00813017
v -0.00741229 0.47979552 -0.00521085
v -0.00981717 0.4802863 -0.00538836
v -0.00866991 0.4731423 0.01874648
v -0.01029561 0.47542873 0.01743408
v -0.01013727 0.47488403 0.01925626
v -0.00852529 0.47699279 -0.01324188
v -0.01136868 0.47617081 -0.01596441
v -0.01279286 0.47661191 -0.01322031
v -0.01107119 0.47731078 -0.01126955
v -0.01042237 0.4794355 -0.00908672
v -0.00660399 0.47976592 -0.0121279
v -0.00541952 0.47681791 -0.01443898
v -0.00564178 0.4751901 -0.01416217
v -0.00845636 0.47447374 -0.01354768
v -0.01034236 0.47332188 -0.01655396
v -0.01048115 0.47091666 0.01403903
v -0.00941082 0.47350287 0.01448054
v -0.01037997 0.47641152 0.01410478
v -0.0062207 0.47946224 0.0047344
v -0.00558025 0.47878912 0.00214234
v -0.00829097 0.4798744 0.00191495
v -0.00876197 0.48075473 0.00469107
v -0.00848002 0.48150918 0.00719501
v -0.01362647 0.47106451 0.0205735
v -0.01354072 0.47016054 0.01738164
v -0.01365236 0.46938494 0.01446878
v -0.01013961 0.47619539 0.00178258
v -0.00995423 0.47337154 0.00160526
v -0.01046863 0.47345063 0.00429507
v -0.01073314 0.47685611 0.00441168
v -0.01028987 0.471589 0.00134819
v -0.01102267 0.47014418 0.00297287
v -0.01151692 0.46967351 0.00606112
v -0.01072124 0.4719483 0.00698127
v -0.01161856 0.47094491 0.0114516
v -0.00836815 0.47132024 0.0118257
v -0.01430602 0.47011587 0.01189874
v -0.01130738 0.47848353 -0.00562818
v -0.01076393 0.47480547 -0.00501436
v -0.01000606 0.4740743 -0.00255677
v -0.01036618 0.47686893 -0.00278285
v -0.01038826 0.47216189 -0.00213901
v -0.01072125 0.47103027 -0.0036069
v -0.01081329 0.47010717 -0.00029938
v -0.01040789 0.47161502 -0.00037039
v -0.00988017 0.47342494 -0.00042596
v -0.01001657 0.4760083 -0.00044353
v -0.01111299 0.47492817 -0.00752764
v -0.01133733 0.47124577 -0.0064877
v -0.01204992 0.46872583 -0.00807891
v -0.01206742 0.46824273 -0.00603439
v -0.01113534 0.47100258 -0.00844802
v -0.01083823 0.46582195 -0.00648385
v -0.01269246 0.47334251 0.02279273
v -0.01044125 0.47313246 0.0214096
v -0.00982815 0.47433871 0.02087922
v -0.01220054 0.47539422 0.02160824
v -0.01243989 0.47762015 0.01561211
v -0.011789 0.47780526 0.01839294
v -0.01084483 0.47682038 0.01185588
v -0.01286583 0.47686973 0.0134475
v -0.009819 0.47916868 -0.00259204
v -0.01325103 0.47256538 -0.02282
v -0.01610364 0.47539294 -0.02216089
v -0.01361793 0.47713119 -0.01996306
v -0.01322326 0.47823554 -0.01707238
v -0.01313423 0.4706108 -0.01341928
v -0.01533982 0.46969506 -0.01298685
v -0.01561924 0.46788567 -0.01510834
v -0.01240174 0.47071379 -0.01554327
v -0.01198261 0.47151831 -0.0112864
v -0.01481462 0.47204959 -0.01149722
v -0.00924614 0.47134918 -0.01328177
v -0.01457429 0.47793961 -0.01415399
v -0.01154576 0.473961 0.00853022
v -0.01250987 0.47262958 0.00984759
v -0.01122351 0.47638029 0.00885471
v -0.01115703 0.47552615 0.00737774
v -0.01178565 0.47576293 0.00987729
v -0.01695917 0.46731764 -0.02340782
v -0.01763352 0.46916232 -0.02407722
v -0.01516208 0.47025654 0.02461466
v -0.01544282 0.46979985 0.02254461
v -0.01777602 0.46836144 0.02200673
v -0.01702525 0.46904072 0.01956341
v -0.01664405 0.46840614 0.01677065
v -0.01535787 0.46909502 -0.02082104
v -0.01672131 0.46846342 -0.02248594
v -0.01371177 0.4699527 -0.01842436
v -0.01347479 0.48029551 -0.01604357
v -0.01534639 0.48116547 -0.01708966
v -0.01540757 0.48068953 -0.01504092
v -0.01412023 0.4800176 -0.01485201
v -0.01359621 0.48047328 -0.01856945
v -0.01473384 0.47962233 -0.02042727
v -0.01671537 0.47959876 -0.01950519
v -0.0196586 0.46624717 0.02392765
v -0.01644857 0.47902182 -0.01425293
v -0.01679336 0.47536173 -0.01160913
v -0.01399001 0.47479257 -0.01131149
v -0.0195499 0.47054273 -0.02236264
v -0.01607642 0.47844586 -0.02209346
v -0.01789441 0.46751228 -0.02016768
v -0.01957916 0.46559334 -0.02177021
v -0.01998856 0.46499312 -0.02372429
v -0.01437033 0.48177254 0.01994649
v -0.01204982 0.48125446 0.0197044
v -0.01294205 0.48066571 0.01590829
v -0.0151558 0.48066404 0.01725124
v -0.01587895 0.47981435 0.02182658
v -0.01395335 0.47857711 0.02224635
v -0.01685114 0.47867566 0.01924713
v -0.01727268 0.47824934 -0.01621609
v -0.01850933 0.47742653 -0.02098218
v -0.02005387 0.47514558 -0.02093462
v -0.01564028 0.47640917 0.0112552
v -0.01810114 0.47553691 0.01005566
v -0.01889509 0.47736731 0.01150936
v -0.01662247 0.47908109 0.01373354
v -0.01515939 0.47255629 0.01034494
v -0.01759836 0.47223872 0.01005881
v -0.01818348 0.47717175 -0.01268615
v -0.01997035 0.47415242 -0.01023661
v -0.02019436 0.47126243 -0.00980758
v -0.01751282 0.47175565 -0.01109261
v -0.02031472 0.47608033 -0.01100359
v -0.01994184 0.46657225 0.01191204
v -0.01647879 0.46774951 0.01365696
v -0.01934516 0.46696442 0.01608953
v -0.02141441 0.46720207 0.01586714
v -0.02252619 0.46720231 0.01230668
v -0.01958388 0.46891984 0.00948154
v -0.01692655 0.46944508 0.01119568
v -0.01957802 0.46599799 -0.01355766
v -0.01818822 0.46870652 -0.01180743
v -0.02083546 0.46830216 -0.01003587
v -0.02208598 0.46620902 -0.01065852
v -0.01974841 0.46560717 -0.01697119
v -0.01666583 0.46760535 -0.01775214
v -0.02339915 0.46760279 -0.01130875
v -0.02259324 0.46699566 -0.01412584
v -0.02312832 0.46525556 -0.01657871
v -0.01840244 0.47711754 -0.01852843
v -0.02056314 0.46597388 0.020721
v -0.02200191 0.46481553 0.02163009
v -0.02236575 0.46552563 0.01866592
v -0.01942689 0.4675464 0.01895239
v -0.02119971 0.46431231 -0.02108221
v -0.02124565 0.4645341 -0.01920159
v -0.02264341 0.46324208 -0.02224832
v -0.02351092 0.46409163 -0.01938852
v -0.01826125 0.47680482 0.02061239
v -0.01921316 0.47574875 0.02267144
v -0.01813436 0.47698694 0.01655674
v -0.02136209 0.47367534 0.01876714
v -0.02089912 0.47250757 0.02152892
v -0.02137236 0.46827146 -0.02261464
v -0.02087502 0.46671823 -0.02381109
v -0.02288005 0.46556389 -0.0225392
v -0.02301558 0.46743912 -0.02067281
v -0.02188702 0.47159463 -0.02053582
v -0.02034288 0.47376281 -0.01708463
v -0.02188511 0.47295275 -0.01383605
v -0.02077435 0.47487381 -0.01249139
v -0.01887864 0.47603989 -0.01464456
v -0.02249699 0.46760854 0.02134881
v -0.0211709 0.469006 0.02240447
v -0.02193816 0.46993041 0.02044961
v -0.02268097 0.46817952 0.01930135
v -0.02265134 0.46646997 0.02164942
v -0.0205098 0.46794963 0.0234326
v -0.02290151 0.46680397 0.01884214
v -0.0222963 0.47081825 0.01855296
v -0.0216707 0.47071338 0.0163834
v -0.02128387 0.47361851 0.01544571
v -0.02999128 0.4759056 0.00207279
v -0.02594085 0.47590148 0.0053616
v -0.02434686 0.47691131 0.00441673
v -0.02617816 0.47724569 0.00143522
v -0.03404094 0.47463426 0.00107152
v -0.03380154 0.47234359 0.0029587
v -0.03076722 0.47306159 0.00439215
v -0.03088675 0.4756197 -0.00284965
v -0.03446257 0.47400445 -0.00186167
v -0.0277842 0.47658324 -0.00187962
v -0.03079987 0.46705019 -7.697E-05
v -0.02873637 0.46706122 0.00266393
v -0.02980404 0.46747476 0.00399879
v -0.03215122 0.46675923 0.00256634
v -0.033521 0.46554121 -0.00179821
v -0.03119001 0.46621019 -0.00479969
v -0.02961035 0.46696565 -0.00350421
v -0.02855679 0.46896738 -0.00332706
v -0.02921277 0.4693538 -0.00058353
v -0.0269277 0.46999869 0.00204462
v -0.02594 0.47679558 -0.00484451
v -0.02876497 0.47496635 -0.00603185
v -0.04545122 0.46608779 -0.00158218
v -0.04328707 0.46693936 -0.00188912
v -0.04336317 0.46401754 -0.0020315
v -0.04619595 0.46384245 -0.00153778
v -0.04662514 0.46754143 -0.0011199
v -0.04362422 0.46942368 -0.00108768
v -0.04855125 0.46451548 -0.00117034
v -0.04922189 0.46199575 -0.0008858
v -0.04671729 0.46172845 -0.00076676
v -0.0471997 0.46202886 0.00110801
v -0.04990495 0.46232259 0.00049266
v -0.04915957 0.46505123 0.00050378
v -0.04683623 0.46456385 0.00122273
v -0.04393124 0.46221507 0.00102152
v -0.04433459 0.46451336 0.00139834
v -0.04414338 0.46605533 0.00139921
v -0.04548061 0.46682662 0.0012497
v -0.04709171 0.46830657 0.00066946
v -0.04276751 0.46843368 0.00143385
v -0.04362943 0.47022724 0.00050718
v -0.03976139 0.46954715 0.00167209
v -0.04042105 0.47117269 0.00052578
v -0.04058351 0.47046468 -0.00111324
v -0.03741794 0.47275573 0.00071639
v -0.03762531 0.47201416 -0.00140062
v -0.03766271 0.46947917 -0.00278023
v -0.04048562 0.468081 -0.00230967
v -0.03731757 0.4662202 -0.00304898
v -0.04028438 0.46471667 -0.00251837
v -0.03684189 0.46371764 -0.00131431
v -0.04005628 0.46193054 -0.00125493
v -0.04356559 0.46181703 -0.00098144
v -0.04054787 0.46256086 0.00108895
v -0.03743853 0.46393558 0.00131597
v -0.0384725 0.46617252 0.0019584
v -0.04142312 0.46506602 0.001538
v -0.04201506 0.46684885 0.00161405
v -0.03916566 0.46793744 0.00212888
v -0.03631293 0.4690277 0.00274687
v -0.03681345 0.47087812 0.00209662
v -0.03344426 0.4699783 0.003469
v -0.03065205 0.47054267 0.00479905
v -0.02797044 0.47052729 0.0066013
v -0.02793504 0.47286519 0.00639848
v -0.02480662 0.47120491 0.00929689
v -0.02472757 0.47360101 0.00910441
v -0.02374273 0.47564161 0.00818198
v -0.02303739 0.47352841 0.01217751
v -0.02201406 0.47584128 0.01102111
v -0.02075565 0.47683972 0.00943104
v -0.02248187 0.47666267 0.00708189
v -0.02009556 0.47492731 0.00863826
v -0.02198474 0.4747178 0.00658889
v -0.02393834 0.47487774 0.00411451
v -0.02591013 0.47518948 0.0015248
v -0.02197325 0.47202331 0.00651782
v -0.02409437 0.47228831 0.00406289
v -0.02623923 0.47266924 0.00169466
v -0.02837797 0.47206086 -0.00095995
v -0.02657977 0.47529799 -0.00135771
v -0.02466949 0.46967494 0.00437343
v -0.02224509 0.46930739 0.00692774
v -0.02305295 0.46732315 0.00780741
v -0.0254078 0.4678022 0.00498492
v -0.02423844 0.46810323 0.00871545
v -0.02625451 0.46864727 0.00590974
v -0.02436111 0.46962699 0.00898236
v -0.02275437 0.46908125 0.01234107
v -0.02295486 0.47087181 0.01242629
v -0.02642878 0.46997809 0.00622399
v -0.0218135 0.46873039 0.01588951
v -0.01977411 0.47195548 0.00858503
v -0.02645967 0.4724254 -0.00362484
v -0.02568604 0.47489762 -0.00404416
v -0.02471154 0.47177398 -0.00589466
v -0.02417785 0.47427398 -0.00638312
v -0.02440942 0.47610426 -0.00725216
v -0.02233725 0.47387648 -0.00850256
v -0.02248945 0.47578639 -0.00928558
v -0.02338379 0.47518736 -0.01066614
v -0.026611 0.47453547 -0.00840955
v -0.02411708 0.47318777 -0.01164485
v -0.0274743 0.47233295 -0.00941409
v -0.02991024 0.47242194 -0.00738985
v -0.03232914 0.47214758 -0.00535243
v -0.02707211 0.46930501 -0.00924366
v -0.02958724 0.46925059 -0.00740253
v -0.03209569 0.46866453 -0.0056186
v -0.03464535 0.46761596 -0.00400373
v -0.03492574 0.47101337 -0.00375562
v -0.02893396 0.4667967 -0.0068565
v -0.02551412 0.46787608 -0.00904864
v -0.02438004 0.46671245 -0.00821058
v -0.02649712 0.46726528 -0.0059206
v -0.0233481 0.46865031 -0.00792769
v -0.02556419 0.46922722 -0.00571007
v -0.02258383 0.47127867 -0.00794569
v -0.02387173 0.470274 -0.01154092
v -0.02272854 0.4699719 -0.01427092
v -0.02312081 0.4684127 -0.01701856
v -0.01979116 0.47563046 0.01365323
v -0.03462724 0.46552467 0.00165329
v -0.01892039 0.47119051 0.02298467
v -0.01601528 0.47546411 0.02294365
v -0.0175267 0.47031412 0.02377992
v -0.01454761 0.47441757 0.02300673
v -0.01368389 0.47614411 0.02220211
v -0.01329224 0.47545683 0.01080801
v -0.01436147 0.4787246 0.01358408
v -0.01198391 0.47682115 0.02039286
v -0.0103815 0.478852 0.00171924
v -0.01139733 0.47991621 0.00462767
v -0.00756385 0.4791424 -0.0004371
v -0.00944549 0.47825822 -0.00044435
v -0.00743742 0.47933954 -0.00275461
v -0.00485453 0.47835374 -0.00036896
v -0.00474648 0.47817376 -0.00280485
v -0.00174891 0.47677457 -0.00037617
v -0.00182244 0.47664484 -0.00298084
v 0.00168927 0.47567156 -0.0004417
v 0.00121755 0.47551942 -0.00342517
v 0.00430764 0.47420073 -0.00047721
v 0.00336735 0.47415259 -0.00398753
v 0.00172014 0.47490597 -0.00709458
v 0.00248297 0.47110859 -0.00402011
v 0.00057134 0.47220606 -0.00708826
v -0.00156912 0.47381642 -0.00966026
v -0.00373036 0.47499079 -0.01177292
v -0.0007252 0.46929917 -0.00740608
v -0.00346409 0.47050151 -0.009756
v -0.00590724 0.47119886 -0.01235012
v 0.00162477 0.46825629 -0.00437945
v -0.00137221 0.46716076 -0.00815332
v 0.00140866 0.46619084 -0.005035
v 0.00091754 0.46394616 -0.00551632
v -0.00259152 0.46557379 -0.0080439
v -0.00730666 0.46588433 -0.00644694
v -0.00733377 0.46554053 -0.00354894
v -0.01029076 0.46556896 -0.00323865
v -0.0069751 0.46556079 -0.00033344
v -0.0095217 0.46595246 -6.322E-05
v -0.01084347 0.4676719 -0.00012916
v -0.01147914 0.46769175 -0.00314308
v -0.00947811 0.46638438 0.00318505
v -0.01158049 0.46745798 0.00307976
v -0.00675812 0.46595383 0.0030174
v 0.00237962 0.46584395 -0.00082719
v 0.00176995 0.46391916 -0.00091263
v 0.00151455 0.46643901 0.0034039
v 0.00101002 0.46434918 0.003709
v -0.00115211 0.46785051 0.0065452
v -0.00202785 0.46602929 0.00681174
v -0.00060083 0.46987012 0.00593762
v 0.00160856 0.46854043 0.00295033
v 0.00241272 0.47120807 0.00281974
v 0.00055301 0.47242182 0.00569416
v -0.00091298 0.47401461 0.00843821
v -0.00262711 0.47531846 0.01041791
v 0.00316643 0.47432005 0.00288131
v 0.000763 0.47582877 0.00245376
v 0.00364563 0.47075009 -0.00056161
v 0.00281586 0.46787998 -0.00069395
v -0.00254043 0.47710434 0.00229156
v -0.00452399 0.47553974 -0.01424074
v -0.00417358 0.4781549 -0.01433671
v -0.00495314 0.47331864 -0.01433602
v -0.00335063 0.47465467 -0.01696511
v -0.00269007 0.47700813 -0.01805932
v -0.00455292 0.47328171 -0.01640538
v -0.00572786 0.47388792 -0.01410375
v -0.005217 0.47349957 -0.01643402
v -0.00521518 0.47481406 -0.01686909
v -0.00488209 0.4762477 -0.017633
v -0.01166453 0.47432142 -0.00942432
v -0.00942964 0.47913602 0.00976306
v -0.00712108 0.47270992 0.01967229
v -0.0079793 0.47393143 0.01241491
v -0.0054411 0.47364765 0.01860553
v -0.00459205 0.47498995 0.01736363
v -0.00380822 0.47272384 0.01962725
v -0.01075987 0.47014704 -0.01014547
v -0.00966035 0.46999845 -0.01142116
v -0.03563752 0.4673363 0.00252387
v -0.03293638 0.46823379 0.00335325
v -0.03026626 0.46885461 0.00451545
v -0.0114062 0.47645107 0.01096734
v -0.01306621 0.47640368 0.01210912
v -0.01448143 0.47724101 0.01238152
v -0.01068857 0.47740945 0.0091642
v -0.01029109 0.47976252 0.00744552
v -0.01092145 0.47759825 0.00719346
v -0.00660367 0.46983439 0.00976025
v -0.00750941 0.47017509 0.01019709
v -0.00733961 0.48169285 0.00921063
f 1 2 3
f 1 4 2
f 1 5 4
f 1 6 7
f 7 5 1
f 6 1 8
f 1 9 8
f 3 9 1
f 10 3 11
f 2 11 3
f 11 2 12
f 12 2 13
f 13 2 14
f 14 2 4
f 15 9 3
f 16 15 3
f 3 17 16
f 18 17 19
f 3 19 17
f 19 3 10
f 5 20 4
f 14 4 21
f 21 4 22
f 22 4 23
f 23 4 24
f 24 4 25
f 20 25 4
f 5 26 20
f 5 27 26
f 7 28 5
f 27 5 28
f 6 29 7
f 6 30 29
f 8 31 6
f 32 6 31
f 32 30 6
f 7 33 34
f 7 34 28
f 35 28 34
f 7 29 36
f 33 7 36
f 15 8 9
f 15 37 8
f 31 8 37
f 10 11 38
f 39 38 11
f 40 19 38
f 10 38 19
f 11 12 39
f 41 42 12
f 39 12 42
f 43 41 13
f 13 41 12
f 44 43 14
f 13 14 43
f 14 21 44
f 45 44 21
f 16 46 15
f 37 15 46
f 16 17 47
f 48 46 47
f 16 47 46
f 49 47 17
f 17 50 49
f 51 49 50
f 52 50 53
f 17 53 50
f 53 17 18
f 40 54 19
f 18 19 54
f 18 54 53
f 25 20 55
f 55 20 26
f 21 22 45
f 56 45 22
f 23 57 22
f 56 22 57
f 58 57 24
f 24 57 23
f 25 59 24
f 58 24 59
f 59 25 60
f 55 60 25
f 61 62 26
f 27 61 26
f 55 26 63
f 63 26 64
f 64 26 65
f 65 26 66
f 62 66 26
f 27 28 61
f 67 61 28
f 28 35 67
f 29 30 36
f 30 33 36
f 30 68 33
f 32 68 30
f 37 69 31
f 70 31 69
f 31 70 32
f 71 32 70
f 32 72 68
f 71 72 32
f 33 73 34
f 73 33 74
f 33 68 74
f 35 34 75
f 34 76 75
f 77 76 34
f 73 77 34
f 67 35 78
f 79 78 35
f 79 35 80
f 75 80 35
f 46 81 37
f 69 37 81
f 39 42 82
f 83 82 42
f 82 84 39
f 38 39 84
f 38 84 40
f 54 40 85
f 84 85 40
f 41 43 86
f 87 86 43
f 86 83 41
f 42 41 83
f 87 43 88
f 44 88 43
f 44 45 88
f 45 89 88
f 90 88 89
f 45 56 89
f 46 91 81
f 46 48 91
f 49 92 47
f 93 94 92
f 47 92 94
f 94 95 47
f 47 95 48
f 96 48 95
f 91 48 97
f 96 97 48
f 98 92 49
f 98 49 99
f 99 49 51
f 51 50 100
f 101 100 50
f 100 102 51
f 99 51 102
f 103 101 52
f 50 52 101
f 54 103 53
f 52 53 103
f 85 104 54
f 103 54 104
f 55 63 60
f 105 60 63
f 56 57 106
f 57 58 106
f 107 106 58
f 56 106 89
f 59 108 58
f 107 58 108
f 108 59 109
f 60 109 59
f 60 105 109
f 110 109 105
f 61 111 62
f 111 61 112
f 61 67 112
f 111 113 62
f 114 62 113
f 66 62 114
f 115 116 64
f 63 64 116
f 116 105 63
f 117 115 65
f 64 65 115
f 66 117 65
f 117 66 118
f 114 118 66
f 67 78 112
f 68 119 74
f 72 120 68
f 119 68 120
f 70 121 71
f 122 71 121
f 69 123 70
f 121 70 123
f 81 124 69
f 69 124 123
f 71 125 72
f 71 122 125
f 126 125 122
f 125 120 72
f 77 73 74
f 127 128 74
f 128 129 74
f 129 77 74
f 130 127 74
f 119 130 74
f 80 75 131
f 132 131 75
f 132 75 133
f 76 133 75
f 76 134 133
f 134 76 129
f 77 129 76
f 135 136 79
f 79 136 78
f 135 79 137
f 79 80 137
f 78 138 112
f 78 136 138
f 137 80 139
f 131 139 80
f 91 140 81
f 81 140 124
f 141 124 140
f 86 142 83
f 142 143 83
f 83 144 82
f 143 144 83
f 82 144 84
f 144 145 84
f 85 84 145
f 146 104 145
f 145 104 85
f 147 148 88
f 148 87 88
f 148 142 87
f 87 142 86
f 88 90 147
f 149 147 90
f 106 150 89
f 150 149 89
f 89 149 90
f 97 151 91
f 152 91 151
f 91 152 140
f 153 140 152
f 154 92 155
f 92 154 156
f 156 93 92
f 155 92 98
f 95 94 157
f 158 157 94
f 158 94 93
f 159 158 160
f 93 160 158
f 160 93 156
f 96 95 161
f 157 161 95
f 97 96 162
f 161 162 96
f 151 97 163
f 97 162 163
f 102 164 99
f 98 99 164
f 165 155 166
f 155 98 166
f 164 166 98
f 167 168 101
f 100 101 168
f 101 103 167
f 104 167 103
f 168 169 100
f 102 100 169
f 164 102 170
f 170 102 169
f 171 104 172
f 146 172 104
f 168 167 171
f 104 171 167
f 116 110 105
f 108 173 107
f 173 150 107
f 106 107 150
f 173 108 174
f 109 174 108
f 175 174 110
f 109 110 174
f 110 115 176
f 116 115 110
f 175 110 176
f 177 111 112
f 178 179 111
f 179 180 111
f 180 181 111
f 181 113 111
f 182 111 177
f 178 111 182
f 138 183 112
f 183 184 112
f 184 185 112
f 185 177 112
f 118 114 186
f 186 114 181
f 113 181 114
f 117 187 115
f 176 115 187
f 118 188 117
f 117 188 187
f 189 187 188
f 186 190 118
f 188 118 190
f 120 191 119
f 130 119 191
f 125 192 120
f 191 120 192
f 193 122 194
f 121 194 122
f 121 123 194
f 195 194 123
f 122 196 126
f 197 126 196
f 122 193 196
f 198 196 193
f 123 124 195
f 199 195 124
f 141 199 124
f 200 192 126
f 125 126 192
f 126 197 200
f 201 200 197
f 130 191 127
f 202 127 191
f 128 127 203
f 204 203 127
f 202 205 127
f 205 204 127
f 128 206 129
f 206 128 207
f 203 207 128
f 129 206 134
f 208 209 132
f 131 132 209
f 132 210 208
f 133 211 132
f 210 132 211
f 131 209 139
f 212 139 209
f 211 133 213
f 134 213 133
f 206 214 134
f 213 134 214
f 215 136 216
f 135 216 136
f 137 217 135
f 216 135 217
f 138 136 218
f 215 218 136
f 139 219 137
f 217 137 219
f 183 138 220
f 218 220 138
f 139 221 219
f 221 139 222
f 212 222 139
f 153 223 140
f 140 223 141
f 223 224 141
f 199 141 224
f 225 142 226
f 148 226 142
f 142 225 143
f 143 225 227
f 144 143 228
f 227 228 143
f 145 144 229
f 228 229 144
f 229 230 145
f 231 146 230
f 145 230 146
f 146 231 172
f 149 232 147
f 232 233 147
f 148 147 233
f 233 226 148
f 232 149 234
f 150 234 149
f 173 235 150
f 235 234 150
f 236 152 151
f 163 237 151
f 151 237 236
f 238 236 237
f 152 236 153
f 239 153 236
f 153 240 223
f 241 223 240
f 240 153 242
f 153 239 242
f 165 243 155
f 154 155 243
f 156 154 244
f 243 244 154
f 244 245 156
f 160 156 245
f 246 157 247
f 158 247 157
f 158 159 248
f 158 248 247
f 157 246 161
f 249 161 246
f 245 250 160
f 251 159 250
f 160 250 159
f 159 251 248
f 252 248 251
f 161 249 162
f 162 249 253
f 162 253 163
f 254 163 253
f 163 254 237
f 255 237 254
f 166 164 256
f 170 256 164
f 165 166 257
f 256 257 166
f 257 258 165
f 243 165 258
f 169 168 259
f 171 259 168
f 260 170 259
f 169 259 170
f 170 260 256
f 261 256 260
f 262 259 172
f 172 259 171
f 172 231 262
f 263 262 231
f 264 235 173
f 173 174 264
f 265 264 174
f 187 174 176
f 175 176 174
f 266 174 187
f 267 265 266
f 174 266 265
f 185 268 177
f 268 182 177
f 269 178 270
f 182 270 178
f 271 179 269
f 178 269 179
f 179 271 180
f 272 180 271
f 272 186 180
f 181 180 186
f 270 182 273
f 268 273 182
f 183 274 184
f 275 274 183
f 183 220 275
f 276 275 220
f 184 277 185
f 278 277 279
f 184 279 277
f 184 274 279
f 280 268 185
f 185 277 281
f 282 281 277
f 281 283 185
f 185 283 280
f 190 186 284
f 272 284 186
f 266 187 285
f 189 285 187
f 188 190 286
f 287 286 190
f 285 189 286
f 188 286 189
f 288 287 190
f 284 288 190
f 191 192 202
f 289 202 192
f 290 289 200
f 192 200 289
f 193 194 291
f 291 194 292
f 195 292 194
f 193 291 293
f 294 293 291
f 193 293 198
f 198 293 295
f 224 292 199
f 199 292 195
f 198 296 196
f 297 196 296
f 196 297 197
f 197 297 298
f 299 201 298
f 197 298 201
f 295 300 198
f 296 198 300
f 200 201 301
f 302 301 201
f 290 200 303
f 301 303 200
f 299 304 201
f 201 304 302
f 205 202 305
f 289 305 202
f 204 306 203
f 203 306 307
f 205 308 204
f 306 204 308
f 203 307 207
f 309 207 307
f 305 310 205
f 308 205 310
f 214 206 311
f 207 311 206
f 207 309 311
f 312 311 309
f 209 208 313
f 314 313 208
f 208 210 314
f 315 314 210
f 209 313 212
f 313 316 212
f 210 317 315
f 317 210 318
f 210 211 318
f 213 319 211
f 318 211 319
f 222 212 320
f 316 320 212
f 214 321 213
f 319 213 321
f 311 322 214
f 322 321 214
f 216 323 324
f 325 324 323
f 323 216 326
f 217 326 216
f 327 215 324
f 216 324 215
f 328 218 327
f 218 215 327
f 217 219 326
f 326 219 329
f 220 218 330
f 328 330 218
f 329 219 331
f 221 331 219
f 332 333 330
f 220 330 333
f 220 333 334
f 220 334 276
f 222 335 221
f 221 335 331
f 335 222 336
f 336 222 337
f 320 338 222
f 338 339 222
f 339 337 222
f 224 223 340
f 241 340 223
f 292 224 341
f 342 341 224
f 342 224 340
f 225 226 343
f 344 343 226
f 344 226 345
f 345 226 346
f 226 233 346
f 343 347 225
f 227 225 347
f 348 228 347
f 227 347 228
f 349 229 348
f 228 348 229
f 350 230 349
f 229 349 230
f 231 230 351
f 350 351 230
f 351 352 231
f 263 231 352
f 232 353 233
f 346 233 353
f 232 234 353
f 353 234 354
f 355 354 235
f 234 235 354
f 235 264 356
f 357 356 264
f 355 235 356
f 358 239 238
f 236 238 239
f 237 255 238
f 359 238 255
f 238 359 358
f 358 359 360
f 242 239 361
f 358 361 239
f 240 362 241
f 363 241 362
f 363 364 241
f 241 364 340
f 362 240 365
f 242 365 240
f 361 366 242
f 242 366 365
f 243 258 367
f 244 243 367
f 245 244 368
f 367 368 244
f 250 245 369
f 368 369 245
f 249 246 370
f 371 370 246
f 246 247 371
f 372 371 247
f 247 373 372
f 374 372 373
f 375 373 248
f 373 247 248
f 248 252 375
f 253 249 376
f 249 370 376
f 251 250 377
f 250 369 377
f 252 251 378
f 251 377 378
f 379 380 381
f 380 382 381
f 382 383 381
f 252 381 383
f 252 378 384
f 375 252 384
f 376 385 253
f 254 253 385
f 385 386 254
f 255 254 386
f 386 387 255
f 359 255 387
f 261 388 256
f 257 256 388
f 258 257 389
f 388 389 257
f 367 258 390
f 389 390 258
f 260 259 391
f 262 391 259
f 391 392 260
f 261 260 393
f 260 392 393
f 393 394 261
f 388 261 395
f 394 395 261
f 262 263 396
f 397 391 396
f 262 396 391
f 352 398 263
f 398 399 263
f 396 263 399
f 357 264 400
f 265 400 264
f 267 401 265
f 400 265 401
f 285 267 266
f 402 267 285
f 403 401 402
f 267 402 401
f 268 280 273
f 404 273 280
f 405 406 270
f 269 270 406
f 270 273 405
f 407 405 273
f 406 408 269
f 271 269 408
f 272 271 284
f 408 284 271
f 409 407 404
f 273 404 407
f 274 410 279
f 411 410 274
f 411 274 412
f 412 274 413
f 413 274 275
f 414 415 276
f 275 276 415
f 415 276 416
f 413 275 417
f 276 417 275
f 276 334 418
f 419 418 334
f 276 420 414
f 414 420 421
f 422 423 420
f 421 420 423
f 276 418 424
f 425 424 418
f 277 278 282
f 426 282 278
f 279 427 278
f 279 410 427
f 427 428 278
f 426 278 428
f 280 429 404
f 430 404 429
f 429 280 283
f 281 282 431
f 431 282 432
f 426 432 282
f 433 283 431
f 283 281 431
f 433 430 283
f 429 283 430
f 408 288 284
f 285 286 402
f 434 402 286
f 435 287 436
f 288 436 287
f 434 286 435
f 435 286 287
f 408 437 288
f 437 438 288
f 436 288 438
f 439 305 290
f 289 290 305
f 303 440 290
f 439 290 440
f 292 341 291
f 294 291 341
f 294 441 293
f 441 294 442
f 341 442 294
f 443 295 293
f 444 443 293
f 445 444 441
f 293 441 444
f 446 300 443
f 443 300 295
f 297 364 298
f 298 364 299
f 297 296 364
f 364 296 340
f 296 300 340
f 447 340 300
f 299 363 304
f 448 304 363
f 299 364 363
f 446 447 300
f 301 302 449
f 450 449 302
f 304 451 302
f 450 302 451
f 449 452 301
f 303 301 452
f 440 303 453
f 452 453 303
f 448 454 304
f 304 454 451
f 305 439 310
f 455 310 439
f 310 307 308
f 306 308 307
f 455 309 310
f 309 307 310
f 455 312 309
f 311 312 322
f 456 322 312
f 456 312 457
f 455 457 312
f 313 314 458
f 459 458 314
f 314 315 459
f 460 459 315
f 458 320 313
f 316 313 320
f 315 317 460
f 461 460 317
f 462 317 463
f 318 463 317
f 462 461 317
f 319 464 318
f 318 464 463
f 465 463 464
f 466 464 321
f 464 319 321
f 458 467 320
f 467 338 320
f 322 468 321
f 466 321 468
f 322 456 468
f 469 468 456
f 323 470 325
f 471 325 470
f 323 326 470
f 472 470 326
f 325 471 473
f 474 473 471
f 475 325 473
f 324 325 327
f 475 327 325
f 476 472 329
f 329 472 326
f 477 328 475
f 327 475 328
f 330 328 478
f 477 478 328
f 476 329 479
f 329 331 479
f 330 480 332
f 478 480 330
f 479 331 481
f 335 481 331
f 480 482 332
f 483 332 482
f 333 332 484
f 483 484 332
f 333 484 334
f 334 484 419
f 336 485 335
f 481 335 485
f 486 485 487
f 336 487 485
f 336 337 487
f 420 487 337
f 339 420 337
f 488 489 467
f 467 489 338
f 490 338 489
f 490 339 338
f 339 491 420
f 490 492 339
f 492 420 339
f 340 447 342
f 442 341 493
f 342 493 341
f 342 447 493
f 446 493 447
f 344 345 494
f 494 345 495
f 496 343 494
f 344 494 343
f 496 497 343
f 498 347 497
f 343 497 347
f 499 495 346
f 345 346 495
f 499 346 500
f 353 500 346
f 347 501 348
f 349 348 501
f 498 501 347
f 501 502 349
f 350 349 502
f 503 351 502
f 350 502 351
f 351 503 352
f 398 352 503
f 504 500 354
f 353 354 500
f 505 504 355
f 354 355 504
f 506 355 507
f 356 507 355
f 506 505 355
f 400 507 357
f 357 507 356
f 360 508 358
f 508 361 358
f 387 509 359
f 360 359 509
f 509 510 360
f 508 360 510
f 508 511 361
f 366 361 511
f 448 363 362
f 448 362 512
f 365 512 362
f 513 512 365
f 366 514 365
f 514 515 365
f 513 365 515
f 511 516 366
f 514 366 516
f 367 390 517
f 369 368 518
f 518 368 367
f 367 517 518
f 377 369 519
f 518 519 369
f 520 376 521
f 370 521 376
f 521 370 522
f 522 370 371
f 522 371 523
f 372 523 371
f 374 524 372
f 523 372 524
f 374 373 525
f 373 375 525
f 526 525 375
f 374 527 524
f 528 524 527
f 527 374 525
f 375 384 526
f 529 526 384
f 376 520 385
f 530 385 520
f 378 377 531
f 519 531 377
f 531 532 378
f 378 532 384
f 381 533 534
f 535 379 534
f 381 534 379
f 536 380 535
f 379 535 380
f 536 537 380
f 537 538 380
f 382 380 538
f 538 539 382
f 383 382 539
f 539 534 383
f 533 383 534
f 532 529 384
f 385 530 386
f 540 386 530
f 387 386 541
f 540 541 386
f 509 387 542
f 541 542 387
f 395 543 388
f 543 389 388
f 543 544 389
f 390 389 544
f 390 544 517
f 391 397 392
f 545 392 397
f 393 392 546
f 545 546 392
f 394 393 546
f 546 547 394
f 395 394 547
f 548 543 549
f 395 549 543
f 549 395 547
f 397 396 550
f 399 550 396
f 551 545 550
f 397 550 545
f 552 553 503
f 398 503 553
f 398 553 399
f 550 399 554
f 553 554 399
f 401 507 400
f 403 555 401
f 555 507 401
f 403 402 556
f 434 556 402
f 557 555 556
f 403 556 555
f 404 430 558
f 559 558 430
f 404 558 409
f 405 407 560
f 561 560 407
f 405 560 406
f 406 560 437
f 408 406 437
f 562 563 409
f 407 409 563
f 563 561 407
f 558 562 409
f 427 410 411
f 564 411 565
f 412 565 411
f 564 427 411
f 566 412 413
f 566 567 412
f 567 565 412
f 566 413 568
f 413 417 568
f 569 568 417
f 414 421 415
f 491 415 423
f 421 423 415
f 570 415 416
f 571 415 570
f 572 415 571
f 415 572 420
f 415 571 491
f 573 574 575
f 417 575 574
f 417 574 569
f 576 569 574
f 424 575 417
f 418 419 577
f 578 577 419
f 579 578 484
f 419 484 578
f 418 577 425
f 580 425 577
f 423 422 491
f 420 491 422
f 581 487 492
f 420 492 487
f 491 572 571
f 420 491 572
f 425 582 424
f 583 582 580
f 425 580 582
f 424 582 575
f 584 432 428
f 426 428 432
f 428 427 585
f 427 564 586
f 587 586 564
f 585 427 586
f 588 584 585
f 428 585 584
f 430 433 559
f 589 559 433
f 590 591 584
f 432 584 591
f 432 591 431
f 431 591 592
f 593 592 591
f 431 592 433
f 589 433 592
f 435 594 434
f 434 594 556
f 436 595 435
f 594 435 595
f 436 438 595
f 596 595 438
f 560 438 437
f 561 597 560
f 560 597 438
f 597 598 438
f 596 438 598
f 439 440 455
f 457 455 440
f 453 599 440
f 440 599 457
f 445 441 600
f 442 600 441
f 493 601 442
f 600 442 601
f 446 443 444
f 446 444 493
f 601 493 444
f 601 444 602
f 603 602 444
f 444 445 603
f 445 604 603
f 604 445 605
f 600 605 445
f 448 512 606
f 607 606 512
f 606 454 448
f 608 609 450
f 449 450 609
f 610 450 611
f 451 611 450
f 612 608 610
f 450 610 608
f 452 449 613
f 609 613 449
f 611 451 614
f 614 451 606
f 454 606 451
f 613 615 452
f 453 452 615
f 599 453 616
f 616 453 615
f 469 456 599
f 456 457 599
f 458 459 467
f 617 467 459
f 459 460 617
f 618 617 460
f 461 619 460
f 618 460 619
f 619 461 620
f 462 620 461
f 463 621 462
f 622 462 621
f 465 621 463
f 462 623 620
f 624 623 622
f 462 622 623
f 466 465 464
f 466 625 465
f 625 626 465
f 626 621 465
f 627 625 468
f 625 466 468
f 488 467 628
f 617 628 467
f 627 468 629
f 469 629 468
f 616 630 599
f 469 599 629
f 630 629 599
f 470 631 471
f 632 471 631
f 631 470 633
f 472 633 470
f 471 632 474
f 632 634 474
f 635 633 476
f 472 476 633
f 636 474 637
f 637 474 634
f 474 636 473
f 473 636 638
f 638 477 473
f 475 473 477
f 479 639 476
f 635 476 639
f 478 477 640
f 638 640 477
f 640 641 478
f 641 480 478
f 639 479 642
f 481 642 479
f 643 482 641
f 480 641 482
f 485 644 481
f 642 481 644
f 645 482 646
f 643 646 482
f 482 645 483
f 645 484 483
f 645 647 484
f 579 484 647
f 486 648 485
f 644 485 648
f 486 487 649
f 581 649 487
f 486 649 648
f 650 648 649
f 488 651 489
f 652 489 651
f 651 488 653
f 628 653 488
f 490 489 654
f 652 654 489
f 490 655 656
f 656 655 657
f 656 581 490
f 490 581 492
f 655 490 658
f 654 658 490
f 499 659 495
f 660 495 659
f 661 494 660
f 495 660 494
f 662 496 661
f 494 661 496
f 496 662 497
f 497 662 498
f 662 663 498
f 501 498 663
f 500 664 499
f 659 499 664
f 665 664 504
f 664 500 504
f 501 663 502
f 663 552 502
f 503 502 552
f 665 504 666
f 505 666 504
f 506 667 505
f 666 505 667
f 506 507 555
f 506 555 667
f 668 667 555
f 511 508 669
f 510 669 508
f 510 509 670
f 542 670 509
f 510 670 669
f 671 669 670
f 516 511 672
f 669 672 511
f 607 512 673
f 513 673 512
f 513 674 673
f 675 673 674
f 515 676 513
f 513 676 674
f 677 674 676
f 515 514 678
f 678 514 516
f 678 679 515
f 676 515 679
f 678 516 680
f 672 680 516
f 544 681 517
f 681 518 517
f 518 681 519
f 519 681 531
f 682 531 681
f 683 530 520
f 520 521 684
f 685 684 521
f 684 683 520
f 522 686 521
f 521 686 685
f 522 523 686
f 687 686 523
f 688 687 524
f 523 524 687
f 637 688 528
f 528 688 524
f 689 525 690
f 526 690 525
f 691 692 693
f 693 692 694
f 694 692 695
f 692 527 695
f 689 696 697
f 525 696 689
f 527 697 696
f 527 689 697
f 689 527 525
f 690 526 698
f 698 526 699
f 700 699 529
f 526 529 699
f 696 701 527
f 528 527 701
f 701 636 528
f 637 528 636
f 532 700 529
f 683 702 530
f 540 530 702
f 532 531 700
f 682 700 531
f 703 535 534
f 704 703 534
f 539 704 534
f 705 536 706
f 535 706 536
f 706 535 703
f 707 537 708
f 536 708 537
f 708 536 705
f 538 537 709
f 707 709 537
f 709 704 538
f 539 538 704
f 702 710 540
f 541 540 710
f 710 711 541
f 542 541 711
f 542 711 670
f 712 670 711
f 713 544 548
f 543 548 544
f 714 681 544
f 713 714 544
f 545 551 546
f 715 547 551
f 546 551 547
f 547 715 549
f 715 716 549
f 548 549 716
f 548 716 713
f 717 551 554
f 550 554 551
f 717 718 551
f 551 718 715
f 719 715 718
f 720 721 552
f 553 552 721
f 722 720 663
f 720 552 663
f 554 553 721
f 717 554 723
f 721 723 554
f 555 557 724
f 668 555 724
f 556 594 557
f 725 557 594
f 557 725 724
f 724 725 726
f 559 589 558
f 727 562 589
f 558 589 562
f 563 597 561
f 562 728 563
f 727 729 562
f 728 562 729
f 728 597 563
f 567 730 565
f 731 565 730
f 565 731 564
f 587 564 731
f 566 732 733
f 566 734 732
f 566 735 734
f 566 568 735
f 566 736 567
f 566 733 736
f 567 737 738
f 736 737 567
f 730 567 739
f 567 738 739
f 568 740 735
f 568 569 740
f 741 740 569
f 576 742 569
f 569 742 741
f 575 582 573
f 743 573 582
f 744 573 745
f 743 745 573
f 573 744 574
f 574 746 576
f 747 576 746
f 574 744 746
f 747 748 576
f 742 576 748
f 577 578 749
f 749 578 750
f 578 579 750
f 750 579 751
f 577 749 580
f 749 752 580
f 647 753 579
f 753 751 579
f 580 752 583
f 752 754 583
f 581 656 649
f 755 649 656
f 756 582 757
f 583 757 582
f 743 582 756
f 757 583 758
f 758 583 754
f 588 759 584
f 759 760 584
f 590 584 760
f 588 585 761
f 586 761 585
f 761 586 762
f 587 762 586
f 730 763 731
f 763 762 731
f 587 731 762
f 588 761 759
f 759 761 760
f 590 760 761
f 592 727 589
f 591 590 764
f 764 590 765
f 590 761 766
f 762 766 761
f 766 767 590
f 767 765 590
f 764 768 591
f 591 768 593
f 727 592 768
f 592 593 768
f 725 594 596
f 595 596 594
f 769 725 598
f 596 598 725
f 598 597 770
f 728 771 597
f 597 771 770
f 772 769 770
f 598 770 769
f 601 773 600
f 600 773 605
f 773 601 602
f 602 603 774
f 775 774 603
f 776 777 602
f 773 602 777
f 602 774 776
f 774 778 776
f 779 776 778
f 780 603 781
f 604 781 603
f 782 783 780
f 783 775 780
f 603 780 775
f 781 604 777
f 605 777 604
f 773 777 605
f 784 614 607
f 606 607 614
f 785 784 673
f 673 784 607
f 608 786 609
f 787 609 786
f 788 786 612
f 608 612 786
f 613 609 789
f 789 609 787
f 790 610 791
f 791 610 611
f 610 790 612
f 792 612 790
f 791 611 793
f 614 793 611
f 612 792 788
f 794 788 792
f 789 795 613
f 615 613 795
f 793 614 796
f 796 614 784
f 795 797 615
f 616 615 797
f 797 798 616
f 799 630 798
f 616 798 630
f 628 617 800
f 618 800 617
f 801 800 619
f 618 619 800
f 619 620 801
f 802 801 620
f 620 623 802
f 803 804 621
f 622 621 804
f 621 626 803
f 803 626 805
f 806 624 804
f 622 804 624
f 624 807 623
f 802 623 807
f 806 808 624
f 807 624 808
f 625 809 626
f 626 809 805
f 809 625 810
f 627 810 625
f 810 627 630
f 629 630 627
f 653 628 811
f 800 811 628
f 630 799 810
f 810 799 812
f 632 631 813
f 813 631 814
f 631 633 814
f 815 814 633
f 632 813 816
f 817 816 813
f 632 816 634
f 818 815 635
f 633 635 815
f 637 634 688
f 688 634 816
f 639 819 635
f 635 819 818
f 636 701 638
f 640 638 701
f 819 639 820
f 820 639 642
f 640 696 641
f 701 696 640
f 641 696 643
f 696 643 697
f 820 642 821
f 644 821 642
f 644 648 821
f 822 821 648
f 823 824 646
f 825 646 824
f 825 647 646
f 645 646 647
f 647 825 753
f 826 753 825
f 650 827 648
f 822 648 827
f 649 755 650
f 828 650 755
f 829 827 828
f 650 828 827
f 830 654 651
f 651 654 652
f 830 651 831
f 653 831 651
f 831 653 832
f 811 832 653
f 833 658 830
f 654 830 658
f 834 657 835
f 655 835 657
f 835 655 658
f 836 837 834
f 834 837 657
f 837 755 657
f 656 657 755
f 838 658 839
f 833 839 658
f 658 838 835
f 840 835 838
f 664 841 659
f 661 660 842
f 660 659 842
f 841 842 659
f 842 843 661
f 843 844 661
f 662 661 844
f 844 722 662
f 663 662 722
f 665 841 664
f 845 841 665
f 846 845 666
f 665 666 845
f 724 847 668
f 667 668 847
f 669 671 672
f 848 672 671
f 670 712 671
f 849 671 712
f 671 849 848
f 850 848 849
f 672 848 680
f 851 680 848
f 673 675 785
f 852 785 675
f 675 674 853
f 854 853 674
f 854 674 855
f 677 855 674
f 856 852 853
f 675 853 852
f 677 676 857
f 857 676 679
f 855 677 858
f 858 677 857
f 679 678 859
f 680 859 678
f 859 860 679
f 857 679 860
f 680 851 859
f 861 859 851
f 862 682 714
f 681 714 682
f 862 863 682
f 700 682 863
f 864 683 865
f 702 683 864
f 683 684 865
f 866 867 685
f 867 684 685
f 684 867 865
f 864 865 867
f 868 866 686
f 685 686 866
f 868 686 817
f 687 817 686
f 688 816 687
f 816 817 687
f 823 689 869
f 869 689 690
f 689 823 697
f 869 690 698
f 695 870 871
f 870 872 871
f 871 873 695
f 874 695 873
f 695 875 876
f 876 875 877
f 875 695 878
f 874 878 695
f 879 880 694
f 881 694 880
f 882 693 881
f 694 881 693
f 879 694 883
f 884 883 694
f 885 884 886
f 694 886 884
f 693 882 691
f 887 691 882
f 888 692 887
f 691 887 692
f 889 890 888
f 692 888 890
f 698 699 891
f 891 869 698
f 891 699 863
f 700 863 699
f 710 702 892
f 864 892 702
f 703 893 894
f 703 894 895
f 896 895 894
f 706 703 897
f 895 897 703
f 898 703 899
f 898 893 703
f 899 703 704
f 704 898 899
f 704 709 898
f 900 705 901
f 705 706 901
f 897 902 706
f 901 706 902
f 903 708 900
f 705 900 708
f 904 707 903
f 903 707 708
f 905 906 707
f 709 707 906
f 707 904 905
f 907 905 904
f 908 709 909
f 906 909 709
f 709 908 898
f 711 710 910
f 892 910 710
f 910 911 711
f 712 711 911
f 849 712 912
f 911 912 712
f 716 913 713
f 862 714 913
f 714 713 913
f 715 719 716
f 914 716 719
f 716 914 913
f 723 915 717
f 718 717 915
f 719 718 915
f 914 719 916
f 915 916 719
f 721 720 917
f 917 720 918
f 720 722 918
f 919 918 722
f 723 721 920
f 917 920 721
f 921 919 844
f 722 844 919
f 915 723 922
f 920 922 723
f 726 923 724
f 847 724 923
f 725 769 726
f 924 726 769
f 924 925 726
f 923 726 926
f 925 926 726
f 727 768 729
f 927 729 768
f 729 928 728
f 929 771 928
f 728 928 771
f 930 928 927
f 729 927 928
f 931 763 739
f 739 763 730
f 932 933 732
f 932 732 934
f 933 733 732
f 934 732 935
f 734 935 732
f 733 933 936
f 937 936 933
f 733 938 939
f 733 940 938
f 733 941 940
f 733 936 941
f 736 733 942
f 942 733 939
f 734 735 943
f 944 943 735
f 734 943 935
f 945 944 740
f 944 735 740
f 736 942 737
f 737 946 738
f 947 738 946
f 948 946 942
f 737 942 946
f 738 947 949
f 950 949 947
f 739 738 949
f 931 739 950
f 949 950 739
f 741 951 740
f 945 740 951
f 742 952 741
f 951 741 952
f 952 742 953
f 748 953 742
f 743 756 745
f 954 955 745
f 744 745 955
f 756 956 745
f 954 745 956
f 957 746 955
f 955 746 744
f 746 957 747
f 958 747 957
f 958 959 747
f 748 747 959
f 959 953 748
f 960 961 750
f 749 750 961
f 750 751 960
f 962 960 751
f 963 752 961
f 749 961 752
f 753 964 751
f 962 751 964
f 752 963 754
f 965 754 963
f 753 826 964
f 964 826 922
f 758 754 966
f 965 966 754
f 967 828 837
f 755 837 828
f 968 956 757
f 756 757 956
f 757 758 968
f 969 968 758
f 758 966 969
f 969 966 970
f 762 763 766
f 763 971 766
f 972 766 971
f 763 931 971
f 973 971 931
f 974 764 975
f 765 975 764
f 976 975 767
f 765 767 975
f 768 764 977
f 974 977 764
f 767 766 978
f 766 972 978
f 978 979 767
f 976 767 979
f 977 980 768
f 980 927 768
f 772 925 769
f 924 769 925
f 981 772 771
f 770 771 772
f 929 982 771
f 771 982 983
f 983 981 771
f 925 772 984
f 772 981 984
f 985 984 981
f 783 778 775
f 774 775 778
f 986 777 987
f 776 987 777
f 988 776 779
f 987 776 988
f 777 986 781
f 989 781 986
f 778 783 990
f 991 778 990
f 779 778 991
f 992 993 779
f 779 993 988
f 994 992 991
f 779 991 992
f 781 989 780
f 995 780 989
f 780 995 782
f 996 782 995
f 782 996 997
f 998 997 996
f 999 783 997
f 782 997 783
f 783 999 990
f 785 1000 784
f 796 784 1000
f 785 852 1000
f 1001 1000 852
f 786 1002 787
f 1003 787 1002
f 1004 1002 788
f 786 788 1002
f 1005 789 1003
f 787 1003 789
f 1006 1004 794
f 794 1004 788
f 795 789 1007
f 1005 1007 789
f 793 1008 791
f 1009 791 1008
f 790 791 1010
f 791 1009 1010
f 1011 792 1010
f 790 1010 792
f 792 1011 794
f 1012 794 1011
f 1008 793 1013
f 796 1013 793
f 794 1012 1006
f 1006 1012 1014
f 795 1007 797
f 798 797 1007
f 1013 796 1015
f 1000 1015 796
f 1016 1017 1007
f 798 1007 1017
f 1017 799 798
f 1016 812 1017
f 799 1017 812
f 811 800 1018
f 801 1018 800
f 1018 801 802
f 1019 802 1020
f 807 1020 802
f 802 1019 1018
f 1021 1018 1019
f 1022 803 1023
f 805 1023 803
f 1024 1025 1022
f 803 1022 1025
f 804 803 1026
f 1025 1026 803
f 1026 1027 804
f 806 804 1027
f 809 1028 805
f 805 1028 1023
f 1029 808 1027
f 806 1027 808
f 1030 1020 808
f 807 808 1020
f 808 1029 1030
f 1031 1030 1029
f 1028 809 812
f 812 809 810
f 811 1018 832
f 812 1016 1028
f 1016 1032 1028
f 814 1033 813
f 1034 813 1033
f 814 815 1033
f 1035 1033 815
f 1034 868 813
f 817 813 868
f 815 818 1035
f 1036 1035 818
f 1036 818 1037
f 819 1037 818
f 1037 819 1038
f 820 1038 819
f 821 1038 820
f 1039 1040 822
f 1040 821 822
f 1040 1038 821
f 1041 823 869
f 823 1041 824
f 1041 1042 824
f 1039 822 1043
f 1043 822 827
f 824 1042 914
f 913 914 1042
f 826 825 916
f 825 824 916
f 824 914 916
f 916 915 826
f 922 826 915
f 829 1044 827
f 827 1044 1043
f 1045 829 967
f 829 828 967
f 1046 1044 1045
f 829 1045 1044
f 831 1047 830
f 833 830 1047
f 831 832 1047
f 1018 1021 832
f 832 1021 1048
f 1049 1047 1048
f 832 1048 1047
f 839 833 1050
f 1047 1050 833
f 840 1051 835
f 1051 834 835
f 836 834 1052
f 1052 834 1051
f 1053 836 1054
f 1052 1054 836
f 837 836 967
f 1053 967 836
f 945 838 944
f 944 838 839
f 944 839 943
f 1050 943 839
f 838 945 840
f 951 840 945
f 1055 1051 951
f 840 951 1051
f 842 841 1056
f 841 1057 1056
f 841 845 1057
f 1058 1057 845
f 843 842 1059
f 1059 842 1056
f 844 843 921
f 1059 921 843
f 845 846 1058
f 1060 1058 846
f 846 847 1060
f 1061 1060 847
f 847 923 1061
f 1062 1061 923
f 1063 851 850
f 850 851 848
f 1064 850 849
f 912 1064 849
f 1064 1065 850
f 1063 850 1065
f 851 1063 861
f 1066 861 1063
f 856 1067 852
f 1001 852 1067
f 1068 853 1069
f 854 1069 853
f 1069 854 1070
f 855 1070 854
f 1071 856 1068
f 853 1068 856
f 1070 855 1072
f 1072 855 858
f 1071 1073 856
f 1067 856 1073
f 858 857 1074
f 860 1074 857
f 1074 1075 858
f 1072 858 1075
f 859 861 860
f 1076 860 861
f 860 1076 1074
f 1077 1074 1076
f 861 1066 1076
f 1078 1076 1066
f 913 1042 862
f 1041 863 1042
f 1042 863 862
f 869 891 1041
f 863 1041 891
f 910 892 1079
f 1079 892 902
f 892 864 902
f 867 902 864
f 1080 1081 866
f 867 866 1081
f 868 1034 866
f 1080 866 1034
f 871 872 1082
f 1083 1082 872
f 1082 1084 871
f 873 871 1084
f 870 1085 872
f 1085 1086 872
f 872 1086 1083
f 1083 1086 1087
f 873 1084 1088
f 874 873 1089
f 1090 1089 873
f 1090 873 1088
f 874 1089 878
f 1091 878 1089
f 877 1092 1093
f 1092 1094 1093
f 875 1095 877
f 1092 877 1095
f 876 877 1096
f 1096 877 1093
f 876 1096 1097
f 1096 1098 1097
f 1098 1099 1097
f 1099 1100 1097
f 1101 1097 1102
f 1095 875 1103
f 878 1103 875
f 1104 1103 878
f 1104 878 1091
f 1105 881 1106
f 1106 881 880
f 1107 882 1105
f 881 1105 882
f 880 879 1108
f 1108 879 883
f 1108 1109 880
f 880 1109 1106
f 1110 887 1107
f 882 1107 887
f 1108 883 1111
f 1111 883 1112
f 1113 1112 884
f 884 1112 883
f 1114 1113 885
f 884 885 1113
f 886 1115 885
f 1116 885 1115
f 1117 1114 1116
f 885 1116 1114
f 1110 1118 887
f 888 887 1118
f 1118 1119 888
f 889 888 1119
f 1119 1120 889
f 1121 889 1120
f 890 889 1122
f 1122 889 1121
f 1123 1124 898
f 893 898 1124
f 893 1124 894
f 894 1124 1125
f 1125 998 894
f 896 894 998
f 998 996 896
f 1126 896 996
f 1126 1127 896
f 895 896 1127
f 1128 895 1127
f 897 895 1128
f 902 897 1128
f 1123 898 1129
f 908 1129 898
f 900 1130 903
f 1131 903 1130
f 1130 900 1132
f 901 1132 900
f 901 902 1133
f 1133 902 1134
f 1132 901 1133
f 902 1128 1134
f 904 903 1131
f 907 904 1131
f 1135 1136 905
f 906 905 1136
f 905 907 1135
f 1137 1135 907
f 909 906 1138
f 906 1136 1138
f 1131 1139 907
f 1137 907 1139
f 1140 909 1141
f 1141 909 1138
f 909 1140 908
f 1129 908 1140
f 1079 911 910
f 1142 912 1079
f 1079 912 911
f 1142 1143 912
f 1064 912 1143
f 917 1144 920
f 964 920 1144
f 918 1145 917
f 1144 917 1145
f 1145 918 1146
f 919 1146 918
f 1146 919 1147
f 919 921 1147
f 922 920 964
f 1147 921 1148
f 1059 1148 921
f 926 1149 923
f 1062 923 1149
f 1150 926 984
f 925 984 926
f 1150 1151 926
f 1149 926 1151
f 1152 930 980
f 927 980 930
f 930 1153 928
f 928 1153 929
f 1153 982 929
f 1154 1153 1152
f 1152 1153 930
f 950 1155 931
f 973 931 1155
f 1156 932 1157
f 932 934 1157
f 932 1156 1158
f 1159 932 1158
f 1160 932 1159
f 1161 932 1160
f 1161 1162 932
f 933 932 1162
f 937 933 1162
f 1163 1157 935
f 934 935 1157
f 1163 935 1164
f 943 1164 935
f 1165 1166 937
f 1166 941 937
f 936 937 941
f 1167 1165 1162
f 937 1162 1165
f 1168 1169 938
f 939 938 1169
f 938 940 1168
f 1170 1168 940
f 1169 948 939
f 942 939 948
f 1170 940 1166
f 941 1166 940
f 1050 1164 943
f 1171 947 1172
f 946 1172 947
f 948 1173 946
f 1172 946 1173
f 947 1174 950
f 1155 950 1174
f 1171 1174 947
f 1173 948 1175
f 1169 1175 948
f 951 952 1055
f 953 1055 952
f 1055 953 1176
f 1177 1176 953
f 953 959 1177
f 1178 1177 959
f 955 954 1179
f 1180 1179 954
f 955 1179 957
f 1181 956 1182
f 968 1182 956
f 1183 958 1184
f 957 1184 958
f 957 1179 1184
f 1178 959 1183
f 959 958 1183
f 1185 1186 960
f 1186 961 960
f 962 1187 960
f 960 1187 1185
f 1188 1185 1187
f 1189 963 1186
f 1186 963 961
f 1144 1187 964
f 964 1187 962
f 963 1190 965
f 963 1189 1190
f 1191 1190 1189
f 1192 966 1190
f 966 965 1190
f 966 1193 970
f 1194 1193 1192
f 966 1192 1193
f 967 1053 1045
f 1045 1053 1195
f 969 1196 968
f 968 1196 1182
f 1196 969 1197
f 970 1197 969
f 1197 970 1198
f 1193 1198 970
f 1199 978 971
f 971 978 972
f 973 1199 971
f 1174 973 1155
f 1199 973 1200
f 1174 1200 973
f 975 1201 974
f 1202 974 1201
f 975 976 1201
f 1203 1201 976
f 1152 977 1202
f 974 1202 977
f 1204 1203 979
f 976 979 1203
f 977 1152 980
f 978 1205 979
f 978 1206 1205
f 1199 1207 978
f 1206 978 1207
f 1205 1204 979
f 981 983 985
f 1153 1208 982
f 983 982 985
f 1208 985 982
f 984 985 1150
f 1209 1150 985
f 1210 985 1208
f 1210 1211 985
f 1209 985 1211
f 989 986 1212
f 1213 1212 986
f 1214 1213 987
f 986 987 1213
f 987 988 1214
f 988 1215 1214
f 988 993 1215
f 1216 1215 993
f 995 989 1217
f 1212 1217 989
f 999 1218 990
f 1218 1219 990
f 1219 1220 990
f 1220 994 990
f 994 991 990
f 993 992 1221
f 1222 1221 992
f 1222 992 994
f 993 1221 1216
f 1223 1216 1221
f 994 1220 1224
f 1225 1224 1220
f 1224 1226 994
f 1222 994 1226
f 996 995 1126
f 1217 1126 995
f 998 1227 997
f 1228 1227 998
f 1228 998 1229
f 1229 998 1125
f 999 997 1230
f 997 1227 1230
f 1231 1230 1227
f 1232 1218 1230
f 999 1230 1218
f 1001 1233 1000
f 1000 1233 1015
f 1067 1234 1001
f 1233 1001 1234
f 1235 1236 1002
f 1003 1002 1236
f 1235 1002 1237
f 1004 1237 1002
f 1005 1003 1032
f 1236 1032 1003
f 1004 1006 1237
f 1238 1237 1006
f 1007 1005 1016
f 1032 1016 1005
f 1006 1014 1238
f 1239 1238 1014
f 1240 1008 1241
f 1013 1241 1008
f 1008 1240 1009
f 1242 1009 1240
f 1009 1242 1010
f 1243 1010 1242
f 1010 1243 1011
f 1243 1244 1011
f 1245 1012 1244
f 1011 1244 1012
f 1246 1014 1245
f 1012 1245 1014
f 1241 1013 1247
f 1015 1247 1013
f 1014 1246 1239
f 1248 1239 1246
f 1247 1015 1249
f 1249 1015 1233
f 1019 1020 1250
f 1250 1020 1251
f 1020 1030 1251
f 1030 1252 1251
f 1021 1019 1253
f 1250 1253 1019
f 1254 1048 1255
f 1021 1255 1048
f 1021 1253 1255
f 1022 1023 1235
f 1236 1235 1023
f 1237 1024 1235
f 1022 1235 1024
f 1023 1028 1236
f 1032 1236 1028
f 1025 1024 1256
f 1256 1024 1257
f 1256 1258 1025
f 1026 1025 1258
f 1024 1237 1257
f 1238 1257 1237
f 1026 1258 1027
f 1259 1027 1258
f 1029 1027 1260
f 1259 1260 1027
f 1261 1031 1260
f 1029 1260 1031
f 1262 1263 1030
f 1252 1030 1263
f 1264 1262 1031
f 1030 1031 1262
f 1031 1261 1264
f 1264 1261 1265
f 1266 1080 1033
f 1034 1033 1080
f 1033 1035 1266
f 1267 1266 1035
f 1035 1036 1267
f 1267 1036 1268
f 1037 1269 1036
f 1036 1269 1268
f 1038 1270 1037
f 1269 1037 1270
f 1040 1271 1038
f 1038 1271 1270
f 1272 1271 1039
f 1040 1039 1271
f 1272 1039 1273
f 1043 1273 1039
f 1043 1044 1273
f 1044 1274 1273
f 1044 1046 1274
f 1275 1274 1046
f 1276 1046 1195
f 1045 1195 1046
f 1046 1276 1275
f 1275 1276 1277
f 1047 1049 1050
f 1278 1050 1049
f 1048 1254 1049
f 1279 1049 1254
f 1049 1279 1278
f 1050 1278 1164
f 1055 1176 1051
f 1052 1051 1176
f 1280 1054 1176
f 1052 1176 1054
f 1280 1281 1054
f 1282 1054 1281
f 1195 1053 1282
f 1054 1282 1053
f 1059 1056 1148
f 1283 1148 1057
f 1056 1057 1148
f 1057 1058 1283
f 1283 1058 1284
f 1060 1284 1058
f 1060 1061 1284
f 1284 1061 1285
f 1062 1285 1061
f 1285 1062 1286
f 1149 1286 1062
f 1065 1287 1063
f 1066 1063 1287
f 1143 1288 1064
f 1065 1064 1288
f 1065 1288 1287
f 1078 1066 1289
f 1289 1066 1287
f 1073 1290 1067
f 1234 1067 1290
f 1068 1069 1225
f 1224 1225 1069
f 1224 1069 1226
f 1070 1226 1069
f 1068 1225 1071
f 1291 1071 1225
f 1070 1072 1226
f 1292 1226 1072
f 1291 1293 1071
f 1293 1073 1071
f 1292 1072 1294
f 1072 1075 1294
f 1293 1295 1073
f 1290 1073 1295
f 1296 1075 1077
f 1074 1077 1075
f 1297 1294 1296
f 1075 1296 1294
f 1076 1078 1077
f 1298 1077 1078
f 1077 1298 1296
f 1299 1296 1298
f 1298 1078 1300
f 1289 1300 1078
f 1301 1302 1079
f 1142 1079 1302
f 1079 1081 1301
f 1303 1301 1081
f 1081 1080 1303
f 1266 1303 1080
f 1304 1083 1305
f 1087 1305 1083
f 1083 1304 1082
f 1082 1304 1306
f 1307 1084 1306
f 1306 1084 1082
f 1084 1307 1088
f 1308 1088 1307
f 1086 1085 1309
f 1310 1309 1085
f 1086 1309 1087
f 1311 1087 1309
f 1305 1087 1312
f 1311 1312 1087
f 1313 1314 1308
f 1088 1308 1314
f 1315 1090 1314
f 1314 1090 1088
f 1315 1316 1090
f 1090 1316 1089
f 1317 1091 1316
f 1316 1091 1089
f 1317 1318 1091
f 1091 1318 1104
f 1319 1320 1092
f 1094 1092 1320
f 1092 1095 1319
f 1095 1321 1319
f 1320 1322 1094
f 1323 1094 1322
f 1093 1094 1324
f 1323 1324 1094
f 1093 1324 1096
f 1098 1096 1324
f 1325 1321 1103
f 1321 1095 1103
f 1326 1327 1097
f 1328 1097 1327
f 1179 1097 1184
f 1328 1184 1097
f 1101 1326 1097
f 1180 1097 1179
f 1102 1097 1180
f 1101 1329 1326
f 1102 1330 1101
f 1331 1101 1330
f 1329 1101 1332
f 1331 1332 1101
f 1181 1333 1102
f 1333 1330 1102
f 1180 1181 1102
f 1334 1100 1335
f 1336 1335 1100
f 1336 1100 1337
f 1099 1337 1100
f 1098 1324 1099
f 1337 1099 1324
f 1103 1104 1325
f 1338 1325 1104
f 1339 1338 1318
f 1104 1318 1338
f 1340 1106 1341
f 1109 1341 1106
f 1342 1105 1340
f 1105 1106 1340
f 1105 1342 1107
f 1343 1107 1342
f 1107 1343 1110
f 1344 1110 1343
f 1109 1108 1345
f 1346 1345 1108
f 1111 1347 1108
f 1346 1108 1347
f 1341 1109 1348
f 1345 1348 1109
f 1110 1344 1118
f 1349 1350 1112
f 1111 1112 1350
f 1351 1349 1113
f 1113 1349 1112
f 1350 1352 1111
f 1347 1111 1352
f 1113 1114 1351
f 1353 1351 1114
f 1114 1117 1353
f 1354 1353 1117
f 1355 1116 1356
f 1115 1356 1116
f 1117 1116 1357
f 1355 1357 1116
f 1357 1354 1117
f 1118 1344 1358
f 1118 1358 1119
f 1119 1358 1359
f 1119 1359 1120
f 1120 1359 1360
f 1361 1362 1360
f 1120 1360 1362
f 1120 1362 1121
f 1121 1362 1363
f 1122 1121 1364
f 1363 1364 1121
f 1365 1123 1366
f 1123 1129 1366
f 1123 1365 1124
f 1125 1124 1367
f 1365 1367 1124
f 1125 1367 1229
f 1217 1368 1126
f 1127 1126 1368
f 1128 1127 1369
f 1369 1127 1370
f 1370 1127 1371
f 1368 1371 1127
f 1370 1372 1369
f 1372 1128 1369
f 1134 1128 1373
f 1372 1373 1128
f 1366 1129 1374
f 1375 1374 1140
f 1129 1140 1374
f 1376 1130 1133
f 1132 1133 1130
f 1377 1131 1376
f 1130 1376 1131
f 1378 1139 1377
f 1131 1377 1139
f 1376 1133 1379
f 1134 1379 1133
f 1134 1380 1379
f 1381 1382 1135
f 1136 1135 1382
f 1135 1137 1381
f 1137 1383 1381
f 1384 1138 1382
f 1136 1382 1138
f 1137 1139 1383
f 1141 1138 1385
f 1384 1385 1138
f 1139 1378 1386
f 1387 1139 1386
f 1383 1139 1387
f 1388 1141 1389
f 1385 1389 1141
f 1375 1140 1388
f 1141 1388 1140
f 1390 1143 1302
f 1142 1302 1143
f 1143 1390 1288
f 1391 1288 1390
f 1145 1188 1144
f 1187 1144 1188
f 1146 1392 1145
f 1188 1145 1392
f 1147 1393 1146
f 1146 1393 1392
f 1148 1394 1147
f 1393 1147 1394
f 1283 1395 1148
f 1394 1148 1395
f 1149 1151 1286
f 1150 1209 1151
f 1151 1209 1396
f 1286 1151 1397
f 1396 1397 1151
f 1202 1398 1152
f 1398 1154 1152
f 1154 1210 1153
f 1208 1153 1210
f 1399 1400 1398
f 1154 1398 1400
f 1401 1156 1157
f 1402 1403 1401
f 1156 1401 1403
f 1158 1156 1403
f 1401 1157 1404
f 1404 1157 1163
f 1158 1405 1159
f 1406 1159 1405
f 1407 1405 1403
f 1158 1403 1405
f 1408 1160 1409
f 1159 1409 1160
f 1159 1406 1409
f 1167 1161 1408
f 1160 1408 1161
f 1161 1167 1162
f 1164 1410 1163
f 1163 1411 1412
f 1413 1411 1163
f 1413 1163 1410
f 1163 1412 1404
f 1164 1278 1414
f 1164 1414 1415
f 1164 1415 1410
f 1166 1165 1416
f 1417 1416 1165
f 1165 1167 1417
f 1167 1418 1417
f 1419 1417 1418
f 1416 1420 1166
f 1170 1166 1420
f 1167 1408 1418
f 1421 1418 1408
f 1175 1169 1422
f 1168 1422 1169
f 1170 1420 1168
f 1422 1168 1420
f 1200 1171 1423
f 1172 1423 1171
f 1172 1424 1423
f 1173 1425 1172
f 1424 1172 1425
f 1171 1200 1174
f 1173 1175 1425
f 1425 1175 1426
f 1426 1175 1422
f 1176 1177 1280
f 1427 1280 1177
f 1177 1178 1427
f 1427 1178 1428
f 1183 1429 1178
f 1429 1428 1178
f 1333 1181 1430
f 1181 1182 1430
f 1430 1182 1431
f 1182 1432 1431
f 1433 1431 1432
f 1196 1432 1182
f 1184 1328 1183
f 1429 1183 1328
f 1434 1435 1185
f 1186 1185 1435
f 1188 1392 1185
f 1185 1392 1434
f 1393 1434 1392
f 1436 1189 1435
f 1186 1435 1189
f 1189 1437 1191
f 1189 1436 1437
f 1438 1437 1436
f 1439 1192 1191
f 1190 1191 1192
f 1440 1439 1437
f 1191 1437 1439
f 1441 1194 1439
f 1192 1439 1194
f 1198 1193 1442
f 1194 1442 1193
f 1442 1194 1443
f 1194 1441 1443
f 1282 1444 1195
f 1276 1195 1444
f 1432 1196 1445
f 1197 1445 1196
f 1197 1446 1445
f 1198 1447 1197
f 1446 1197 1447
f 1447 1198 1448
f 1442 1448 1198
f 1199 1200 1207
f 1449 1207 1200
f 1423 1449 1200
f 1398 1202 1450
f 1201 1450 1202
f 1451 1450 1203
f 1201 1203 1450
f 1204 1451 1203
f 1204 1205 1452
f 1206 1452 1205
f 1204 1453 1451
f 1453 1204 1454
f 1454 1204 1452
f 1452 1206 1455
f 1207 1455 1206
f 1449 1455 1207
f 1456 1457 1209
f 1396 1209 1457
f 1456 1209 1400
f 1400 1209 1211
f 1368 1217 1458
f 1212 1458 1217
f 1213 1459 1212
f 1458 1212 1459
f 1214 1460 1213
f 1459 1213 1460
f 1215 1461 1214
f 1460 1214 1461
f 1461 1215 1462
f 1216 1462 1215
f 1223 1463 1216
f 1462 1216 1463
f 1464 1465 1232
f 1218 1232 1465
f 1465 1466 1218
f 1219 1218 1466
f 1220 1219 1467
f 1466 1467 1219
f 1220 1467 1225
f 1291 1225 1467
f 1222 1226 1221
f 1292 1221 1226
f 1221 1292 1223
f 1294 1223 1292
f 1294 1297 1223
f 1463 1223 1297
f 1468 1231 1228
f 1227 1228 1231
f 1229 1469 1228
f 1468 1228 1469
f 1367 1469 1229
f 1470 1232 1231
f 1230 1231 1232
f 1231 1471 1470
f 1471 1231 1468
f 1232 1470 1464
f 1472 1464 1470
f 1234 1473 1233
f 1233 1473 1249
f 1290 1474 1234
f 1473 1234 1474
f 1257 1238 1475
f 1239 1475 1238
f 1239 1248 1475
f 1476 1475 1248
f 1247 1477 1241
f 1478 1241 1477
f 1241 1478 1240
f 1479 1240 1478
f 1240 1479 1242
f 1480 1242 1479
f 1242 1480 1243
f 1481 1243 1480
f 1243 1481 1244
f 1482 1244 1481
f 1244 1482 1245
f 1483 1245 1482
f 1245 1483 1246
f 1484 1246 1483
f 1246 1484 1248
f 1485 1248 1484
f 1249 1486 1247
f 1486 1477 1247
f 1248 1485 1476
f 1487 1476 1485
f 1473 1488 1249
f 1486 1249 1488
f 1489 1250 1490
f 1490 1250 1251
f 1253 1250 1489
f 1490 1251 1491
f 1491 1251 1252
f 1491 1252 1492
f 1492 1252 1263
f 1489 1493 1253
f 1253 1493 1255
f 1494 1254 1493
f 1255 1493 1254
f 1495 1279 1494
f 1254 1494 1279
f 1256 1257 1496
f 1475 1496 1257
f 1496 1497 1256
f 1258 1256 1497
f 1259 1258 1498
f 1497 1498 1258
f 1259 1498 1260
f 1499 1260 1498
f 1500 1261 1499
f 1260 1499 1261
f 1261 1500 1265
f 1501 1265 1500
f 1262 1502 1263
f 1503 1263 1502
f 1263 1503 1492
f 1504 1492 1503
f 1505 1502 1264
f 1262 1264 1502
f 1264 1265 1505
f 1506 1505 1265
f 1265 1501 1506
f 1507 1506 1501
f 1267 1303 1266
f 1268 1508 1267
f 1508 1303 1267
f 1509 1510 1268
f 1510 1508 1268
f 1269 1509 1268
f 1509 1269 1511
f 1511 1269 1270
f 1511 1270 1512
f 1271 1512 1270
f 1271 1272 1512
f 1512 1272 1513
f 1273 1514 1272
f 1272 1514 1513
f 1515 1514 1274
f 1273 1274 1514
f 1516 1515 1275
f 1515 1274 1275
f 1277 1516 1275
f 1444 1517 1276
f 1276 1517 1277
f 1517 1518 1277
f 1277 1519 1516
f 1277 1518 1519
f 1279 1520 1278
f 1414 1278 1520
f 1279 1495 1520
f 1427 1521 1280
f 1521 1281 1280
f 1281 1521 1522
f 1523 1522 1521
f 1281 1522 1282
f 1444 1282 1522
f 1284 1524 1283
f 1395 1283 1524
f 1284 1285 1524
f 1525 1524 1285
f 1285 1286 1525
f 1526 1525 1286
f 1286 1397 1526
f 1397 1527 1526
f 1528 1289 1288
f 1287 1288 1289
f 1391 1528 1288
f 1528 1529 1289
f 1529 1300 1289
f 1295 1530 1290
f 1290 1530 1474
f 1467 1531 1291
f 1293 1291 1531
f 1293 1531 1295
f 1532 1295 1531
f 1532 1533 1295
f 1530 1295 1533
f 1296 1299 1297
f 1534 1297 1299
f 1535 1463 1534
f 1534 1463 1297
f 1299 1298 1536
f 1300 1536 1298
f 1536 1537 1299
f 1299 1537 1534
f 1300 1529 1536
f 1538 1390 1302
f 1539 1302 1301
f 1538 1302 1539
f 1303 1508 1301
f 1539 1301 1508
f 1305 1540 1541
f 1305 1541 1542
f 1304 1305 1542
f 1312 1540 1305
f 1304 1542 1543
f 1306 1304 1543
f 1544 1307 1543
f 1307 1306 1543
f 1545 1308 1544
f 1307 1544 1308
f 1308 1545 1313
f 1546 1313 1545
f 1310 1547 1309
f 1548 1309 1547
f 1309 1548 1311
f 1548 1549 1311
f 1312 1311 1550
f 1549 1550 1311
f 1550 1551 1312
f 1540 1312 1551
f 1313 1546 1552
f 1553 1552 1546
f 1552 1554 1313
f 1313 1554 1314
f 1314 1554 1315
f 1315 1554 1555
f 1555 1556 1315
f 1316 1315 1556
f 1557 1317 1556
f 1316 1556 1317
f 1318 1317 1558
f 1317 1557 1558
f 1559 1339 1558
f 1558 1339 1318
f 1560 1561 1319
f 1561 1320 1319
f 1560 1319 1321
f 1562 1563 1320
f 1561 1562 1320
f 1320 1563 1322
f 1564 1560 1325
f 1325 1560 1321
f 1565 1322 1566
f 1563 1566 1322
f 1322 1565 1323
f 1567 1323 1565
f 1324 1323 1337
f 1337 1323 1567
f 1568 1564 1338
f 1325 1338 1564
f 1429 1328 1569
f 1328 1327 1569
f 1570 1571 1329
f 1326 1329 1571
f 1326 1571 1327
f 1572 1327 1571
f 1569 1327 1573
f 1572 1573 1327
f 1332 1574 1329
f 1329 1574 1570
f 1575 1331 1330
f 1575 1330 1333
f 1332 1331 1576
f 1577 1576 1331
f 1578 1331 1575
f 1579 1577 1578
f 1331 1578 1577
f 1332 1580 1574
f 1576 1580 1332
f 1333 1430 1581
f 1582 1581 1430
f 1575 1333 1581
f 1583 1584 1585
f 1335 1585 1584
f 1585 1335 1586
f 1335 1336 1586
f 1587 1334 1584
f 1584 1334 1335
f 1586 1336 1567
f 1337 1567 1336
f 1338 1339 1568
f 1588 1568 1339
f 1339 1559 1588
f 1589 1588 1559
f 1590 1341 1591
f 1348 1591 1341
f 1592 1340 1590
f 1590 1340 1341
f 1593 1342 1592
f 1340 1592 1342
f 1594 1343 1593
f 1342 1593 1343
f 1595 1344 1594
f 1344 1343 1594
f 1344 1595 1358
f 1345 1346 1596
f 1596 1346 1347
f 1597 1348 1598
f 1345 1598 1348
f 1599 1598 1596
f 1598 1345 1596
f 1600 1601 1352
f 1347 1352 1601
f 1599 1596 1601
f 1601 1596 1347
f 1591 1348 1602
f 1602 1348 1597
f 1603 1604 1349
f 1604 1350 1349
f 1605 1603 1351
f 1349 1351 1603
f 1604 1606 1350
f 1352 1350 1606
f 1607 1605 1353
f 1351 1353 1605
f 1606 1608 1352
f 1352 1608 1600
f 1609 1607 1354
f 1354 1607 1353
f 1610 1354 1357
f 1610 1609 1354
f 1584 1355 1587
f 1356 1587 1355
f 1357 1355 1583
f 1584 1583 1355
f 1583 1610 1357
f 1358 1595 1611
f 1358 1611 1359
f 1359 1611 1612
f 1613 1360 1612
f 1359 1612 1360
f 1360 1613 1361
f 1614 1361 1613
f 1361 1614 1550
f 1551 1550 1614
f 1550 1549 1361
f 1362 1361 1549
f 1362 1549 1363
f 1548 1363 1549
f 1363 1548 1364
f 1547 1364 1548
f 1366 1374 1469
f 1615 1469 1374
f 1366 1469 1365
f 1365 1469 1367
f 1371 1368 1616
f 1458 1616 1368
f 1372 1370 1371
f 1616 1617 1371
f 1372 1371 1617
f 1373 1372 1618
f 1619 1618 1372
f 1619 1372 1617
f 1620 1373 1621
f 1621 1373 1618
f 1620 1622 1373
f 1623 1615 1375
f 1374 1375 1615
f 1624 1623 1388
f 1375 1388 1623
f 1625 1377 1379
f 1377 1376 1379
f 1377 1625 1378
f 1626 1378 1625
f 1627 1628 1378
f 1386 1378 1628
f 1378 1626 1627
f 1627 1626 1629
f 1380 1630 1379
f 1625 1379 1630
f 1622 1631 1380
f 1630 1380 1631
f 1620 1632 1622
f 1631 1622 1632
f 1633 1634 1381
f 1382 1381 1634
f 1381 1383 1633
f 1387 1633 1383
f 1635 1384 1634
f 1382 1634 1384
f 1635 1636 1384
f 1385 1384 1636
f 1389 1385 1637
f 1636 1637 1385
f 1628 1638 1386
f 1387 1386 1638
f 1638 1639 1387
f 1633 1387 1639
f 1637 1640 1389
f 1641 1389 1640
f 1641 1642 1389
f 1389 1642 1388
f 1642 1624 1388
f 1390 1643 1391
f 1391 1643 1644
f 1643 1390 1538
f 1391 1644 1645
f 1645 1644 1646
f 1645 1528 1391
f 1393 1394 1434
f 1394 1395 1434
f 1395 1524 1434
f 1396 1457 1397
f 1397 1647 1527
f 1648 1527 1647
f 1397 1457 1647
f 1647 1457 1649
f 1450 1399 1398
f 1650 1456 1399
f 1400 1399 1456
f 1450 1650 1399
f 1651 1401 1404
f 1401 1651 1652
f 1653 1401 1652
f 1654 1401 1653
f 1655 1401 1654
f 1402 1401 1655
f 1403 1402 1407
f 1656 1407 1402
f 1656 1402 1657
f 1402 1655 1657
f 1658 1651 1404
f 1412 1659 1404
f 1404 1659 1660
f 1404 1660 1658
f 1405 1661 1406
f 1662 1406 1661
f 1663 1661 1407
f 1405 1407 1661
f 1406 1662 1409
f 1407 1656 1663
f 1664 1663 1656
f 1662 1408 1409
f 1421 1408 1662
f 1665 1410 1415
f 1665 1666 1410
f 1413 1410 1667
f 1410 1666 1667
f 1411 1667 1412
f 1413 1667 1411
f 1659 1412 1668
f 1669 1668 1412
f 1412 1667 1669
f 1665 1414 1520
f 1665 1415 1414
f 1417 1670 1416
f 1671 1416 1670
f 1672 1670 1419
f 1417 1419 1670
f 1416 1671 1673
f 1416 1673 1420
f 1418 1421 1674
f 1675 1674 1421
f 1676 1672 1418
f 1419 1418 1672
f 1418 1674 1676
f 1420 1673 1422
f 1421 1662 1675
f 1673 1426 1422
f 1423 1677 1449
f 1424 1677 1423
f 1424 1425 1677
f 1425 1678 1677
f 1426 1678 1425
f 1426 1673 1678
f 1679 1678 1673
f 1427 1680 1521
f 1681 1521 1680
f 1428 1680 1427
f 1429 1569 1428
f 1569 1680 1428
f 1430 1431 1582
f 1431 1682 1582
f 1682 1431 1433
f 1683 1433 1684
f 1682 1433 1685
f 1685 1433 1683
f 1433 1432 1684
f 1686 1684 1445
f 1432 1445 1684
f 1687 1688 1434
f 1435 1434 1688
f 1524 1525 1434
f 1687 1434 1525
f 1689 1436 1688
f 1435 1688 1436
f 1436 1690 1438
f 1436 1691 1690
f 1436 1692 1691
f 1692 1436 1693
f 1689 1693 1436
f 1694 1440 1438
f 1440 1437 1438
f 1695 1694 1690
f 1438 1690 1694
f 1439 1440 1441
f 1696 1441 1440
f 1440 1694 1696
f 1696 1694 1697
f 1443 1441 1698
f 1696 1698 1441
f 1443 1699 1442
f 1700 1442 1699
f 1442 1700 1448
f 1698 1701 1443
f 1443 1701 1699
f 1522 1702 1444
f 1517 1444 1702
f 1703 1686 1446
f 1445 1446 1686
f 1703 1446 1447
f 1447 1448 1703
f 1704 1703 1448
f 1704 1448 1705
f 1700 1705 1448
f 1706 1455 1707
f 1449 1707 1455
f 1449 1677 1707
f 1707 1677 1708
f 1451 1709 1450
f 1709 1650 1450
f 1709 1451 1710
f 1453 1710 1451
f 1455 1454 1452
f 1453 1454 1711
f 1712 1711 1454
f 1706 1454 1455
f 1706 1713 1454
f 1713 1712 1454
f 1650 1649 1456
f 1457 1456 1649
f 1616 1458 1714
f 1459 1714 1458
f 1460 1714 1459
f 1714 1460 1461
f 1714 1461 1715
f 1462 1715 1461
f 1463 1535 1462
f 1462 1535 1715
f 1464 1716 1465
f 1717 1465 1716
f 1718 1466 1717
f 1465 1717 1466
f 1719 1716 1472
f 1716 1464 1472
f 1531 1467 1718
f 1466 1718 1467
f 1471 1468 1469
f 1471 1469 1615
f 1470 1471 1615
f 1623 1720 1615
f 1615 1720 1470
f 1721 1472 1720
f 1470 1720 1472
f 1722 1719 1721
f 1472 1721 1719
f 1474 1723 1473
f 1488 1473 1723
f 1530 1724 1474
f 1723 1474 1724
f 1725 1496 1476
f 1475 1476 1496
f 1476 1487 1725
f 1726 1725 1487
f 1478 1477 1727
f 1727 1477 1728
f 1486 1728 1477
f 1727 1729 1478
f 1479 1478 1729
f 1730 1480 1729
f 1479 1729 1480
f 1481 1480 1730
f 1731 1482 1730
f 1481 1730 1482
f 1482 1731 1483
f 1732 1483 1731
f 1732 1484 1483
f 1732 1733 1484
f 1485 1484 1733
f 1733 1734 1485
f 1487 1485 1734
f 1486 1488 1728
f 1735 1728 1488
f 1726 1487 1736
f 1734 1736 1487
f 1488 1723 1735
f 1737 1735 1723
f 1738 1739 1490
f 1490 1739 1489
f 1740 1493 1739
f 1489 1739 1493
f 1491 1741 1490
f 1738 1490 1741
f 1492 1742 1491
f 1491 1742 1741
f 1742 1492 1743
f 1743 1492 1504
f 1744 1494 1740
f 1740 1494 1493
f 1494 1744 1495
f 1745 1495 1744
f 1520 1495 1746
f 1495 1745 1746
f 1747 1746 1745
f 1748 1497 1725
f 1496 1725 1497
f 1749 1498 1748
f 1497 1748 1498
f 1749 1750 1498
f 1499 1498 1750
f 1750 1751 1499
f 1500 1499 1751
f 1751 1752 1500
f 1501 1500 1752
f 1507 1501 1753
f 1752 1753 1501
f 1754 1504 1755
f 1503 1755 1504
f 1502 1756 1503
f 1755 1503 1756
f 1502 1505 1756
f 1757 1756 1505
f 1758 1743 1754
f 1504 1754 1743
f 1757 1505 1759
f 1506 1759 1505
f 1759 1506 1760
f 1507 1760 1506
f 1760 1507 1761
f 1753 1761 1507
f 1762 1539 1508
f 1510 1762 1508
f 1763 1762 1509
f 1510 1509 1762
f 1509 1511 1763
f 1764 1763 1511
f 1764 1511 1765
f 1512 1765 1511
f 1766 1765 1513
f 1512 1513 1765
f 1766 1513 1767
f 1514 1767 1513
f 1768 1767 1515
f 1514 1515 1767
f 1516 1769 1515
f 1768 1515 1769
f 1769 1516 1770
f 1519 1770 1516
f 1702 1771 1517
f 1517 1771 1518
f 1771 1772 1518
f 1773 1518 1772
f 1518 1773 1770
f 1518 1770 1519
f 1665 1520 1746
f 1523 1521 1774
f 1681 1774 1521
f 1702 1522 1775
f 1523 1775 1522
f 1774 1776 1523
f 1775 1523 1776
f 1525 1526 1687
f 1777 1687 1526
f 1526 1527 1777
f 1777 1527 1778
f 1648 1778 1527
f 1528 1645 1529
f 1779 1529 1645
f 1779 1780 1529
f 1529 1780 1536
f 1533 1781 1530
f 1530 1781 1724
f 1718 1782 1531
f 1532 1531 1782
f 1782 1783 1532
f 1533 1532 1783
f 1784 1781 1783
f 1533 1783 1781
f 1535 1534 1785
f 1537 1785 1534
f 1715 1535 1786
f 1535 1785 1786
f 1780 1787 1536
f 1536 1787 1537
f 1537 1787 1785
f 1553 1643 1788
f 1538 1788 1643
f 1539 1762 1538
f 1788 1538 1762
f 1789 1790 1551
f 1540 1551 1790
f 1540 1790 1791
f 1541 1540 1791
f 1541 1791 1542
f 1542 1791 1792
f 1542 1792 1543
f 1543 1792 1793
f 1543 1793 1794
f 1544 1543 1794
f 1545 1544 1646
f 1794 1646 1544
f 1546 1545 1644
f 1646 1644 1545
f 1644 1643 1546
f 1546 1643 1553
f 1551 1614 1789
f 1632 1789 1614
f 1788 1795 1553
f 1552 1553 1795
f 1554 1552 1796
f 1795 1796 1552
f 1797 1555 1796
f 1796 1555 1554
f 1797 1798 1555
f 1556 1555 1798
f 1799 1557 1798
f 1556 1798 1557
f 1799 1800 1557
f 1800 1558 1557
f 1558 1800 1559
f 1801 1559 1800
f 1802 1589 1801
f 1559 1801 1589
f 1561 1560 1803
f 1803 1560 1804
f 1805 1804 1560
f 1805 1560 1564
f 1803 1806 1561
f 1561 1806 1562
f 1806 1563 1562
f 1807 1566 1808
f 1563 1808 1566
f 1806 1808 1563
f 1568 1809 1564
f 1805 1564 1809
f 1566 1807 1810
f 1811 1810 1807
f 1812 1565 1810
f 1566 1810 1565
f 1565 1812 1567
f 1586 1567 1812
f 1588 1813 1568
f 1809 1568 1813
f 1569 1573 1680
f 1680 1573 1681
f 1814 1570 1815
f 1816 1815 1570
f 1814 1817 1570
f 1571 1570 1817
f 1570 1574 1816
f 1818 1572 1817
f 1571 1817 1572
f 1818 1819 1572
f 1573 1572 1819
f 1774 1681 1819
f 1573 1819 1681
f 1820 1574 1821
f 1580 1821 1574
f 1574 1820 1816
f 1581 1578 1575
f 1822 1823 1824
f 1823 1825 1824
f 1824 1825 1826
f 1576 1826 1825
f 1576 1827 1580
f 1576 1828 1827
f 1576 1577 1828
f 1577 1579 1828
f 1581 1582 1578
f 1579 1578 1582
f 1828 1579 1829
f 1830 1829 1579
f 1682 1830 1582
f 1579 1582 1830
f 1580 1827 1821
f 1821 1827 1831
f 1583 1585 1832
f 1585 1833 1832
f 1812 1833 1586
f 1585 1586 1833
f 1832 1610 1583
f 1813 1588 1834
f 1588 1589 1834
f 1589 1802 1834
f 1835 1834 1802
f 1591 1602 1836
f 1837 1836 1602
f 1590 1591 1838
f 1836 1838 1591
f 1592 1590 1839
f 1838 1839 1590
f 1839 1840 1592
f 1593 1592 1840
f 1840 1629 1593
f 1594 1593 1629
f 1629 1626 1594
f 1595 1594 1626
f 1625 1611 1626
f 1595 1626 1611
f 1841 1597 1842
f 1598 1842 1597
f 1843 1842 1599
f 1598 1599 1842
f 1844 1602 1841
f 1597 1841 1602
f 1843 1599 1845
f 1601 1845 1599
f 1846 1847 1608
f 1600 1608 1847
f 1847 1845 1600
f 1601 1600 1845
f 1602 1844 1837
f 1848 1837 1844
f 1603 1849 1604
f 1850 1604 1849
f 1849 1603 1851
f 1605 1851 1603
f 1604 1850 1606
f 1852 1606 1850
f 1851 1605 1853
f 1607 1853 1605
f 1606 1852 1608
f 1854 1608 1852
f 1853 1607 1855
f 1609 1855 1607
f 1608 1854 1846
f 1856 1846 1854
f 1857 1855 1858
f 1609 1858 1855
f 1858 1609 1610
f 1832 1858 1610
f 1630 1612 1625
f 1611 1625 1612
f 1613 1612 1631
f 1630 1631 1612
f 1631 1632 1613
f 1614 1613 1632
f 1616 1714 1617
f 1619 1617 1714
f 1786 1619 1715
f 1714 1715 1619
f 1618 1619 1859
f 1619 1786 1859
f 1859 1860 1618
f 1621 1618 1860
f 1621 1789 1620
f 1632 1620 1789
f 1860 1790 1621
f 1621 1790 1789
f 1720 1623 1861
f 1861 1623 1862
f 1862 1623 1863
f 1624 1863 1623
f 1863 1624 1864
f 1642 1864 1624
f 1628 1627 1865
f 1627 1866 1865
f 1865 1867 1628
f 1868 1628 1867
f 1868 1638 1628
f 1627 1839 1866
f 1838 1866 1839
f 1839 1627 1840
f 1840 1627 1629
f 1634 1633 1869
f 1869 1633 1639
f 1635 1634 1870
f 1870 1634 1869
f 1635 1871 1636
f 1871 1635 1872
f 1635 1870 1872
f 1873 1872 1870
f 1871 1874 1636
f 1637 1636 1874
f 1874 1875 1637
f 1876 1637 1875
f 1876 1640 1637
f 1639 1638 1877
f 1868 1877 1638
f 1869 1639 1878
f 1877 1878 1639
f 1879 1641 1880
f 1640 1880 1641
f 1880 1640 1881
f 1876 1881 1640
f 1864 1642 1879
f 1641 1879 1642
f 1645 1646 1779
f 1794 1779 1646
f 1882 1883 1647
f 1648 1647 1883
f 1882 1647 1884
f 1647 1649 1884
f 1885 1778 1883
f 1648 1883 1778
f 1650 1886 1649
f 1884 1649 1886
f 1650 1709 1886
f 1710 1886 1709
f 1887 1888 1658
f 1651 1658 1888
f 1889 1651 1888
f 1890 1651 1889
f 1652 1651 1890
f 1652 1891 1653
f 1892 1653 1891
f 1891 1652 1893
f 1890 1893 1652
f 1653 1892 1654
f 1894 1654 1892
f 1655 1654 1657
f 1894 1657 1654
f 1894 1895 1657
f 1657 1895 1656
f 1664 1656 1895
f 1658 1660 1896
f 1658 1896 1897
f 1897 1898 1658
f 1899 1900 1898
f 1658 1898 1900
f 1887 1658 1900
f 1660 1659 1896
f 1896 1659 1901
f 1668 1901 1659
f 1675 1662 1674
f 1661 1674 1662
f 1902 1674 1663
f 1661 1663 1674
f 1664 1902 1663
f 1902 1664 1903
f 1895 1903 1664
f 1665 1746 1904
f 1665 1904 1905
f 1665 1906 1666
f 1665 1905 1906
f 1667 1666 1669
f 1666 1907 1669
f 1907 1666 1908
f 1906 1908 1666
f 1668 1669 1909
f 1910 1909 1669
f 1669 1907 1910
f 1901 1668 1911
f 1909 1911 1668
f 1912 1913 1670
f 1913 1671 1670
f 1672 1914 1670
f 1912 1670 1914
f 1913 1679 1671
f 1673 1671 1679
f 1672 1915 1914
f 1676 1915 1672
f 1915 1676 1916
f 1674 1916 1676
f 1902 1917 1674
f 1916 1674 1917
f 1677 1678 1918
f 1919 1918 1678
f 1708 1677 1918
f 1679 1920 1678
f 1919 1678 1920
f 1679 1913 1920
f 1921 1920 1913
f 1682 1685 1830
f 1922 1830 1685
f 1683 1923 1924
f 1925 1924 1923
f 1924 1685 1683
f 1683 1684 1923
f 1686 1926 1684
f 1923 1684 1926
f 1924 1922 1685
f 1686 1703 1927
f 1928 1927 1703
f 1926 1686 1927
f 1777 1929 1687
f 1688 1687 1929
f 1885 1689 1929
f 1688 1929 1689
f 1693 1689 1930
f 1885 1930 1689
f 1931 1695 1691
f 1690 1691 1695
f 1932 1931 1692
f 1691 1692 1931
f 1932 1692 1933
f 1693 1933 1692
f 1933 1693 1934
f 1930 1934 1693
f 1694 1695 1697
f 1935 1697 1695
f 1695 1936 1935
f 1931 1937 1695
f 1936 1695 1937
f 1697 1938 1696
f 1698 1696 1938
f 1938 1697 1939
f 1935 1939 1697
f 1938 1940 1698
f 1701 1698 1940
f 1701 1941 1699
f 1942 1699 1941
f 1699 1942 1700
f 1943 1700 1942
f 1705 1700 1943
f 1940 1944 1701
f 1945 1701 1944
f 1941 1701 1945
f 1946 1771 1775
f 1702 1775 1771
f 1703 1704 1947
f 1948 1947 1704
f 1928 1703 1947
f 1948 1704 1949
f 1705 1949 1704
f 1943 1950 1705
f 1949 1705 1950
f 1706 1707 1713
f 1707 1951 1713
f 1707 1952 1951
f 1952 1707 1953
f 1708 1953 1707
f 1953 1708 1954
f 1918 1954 1708
f 1710 1955 1886
f 1956 1955 1710
f 1712 1957 1711
f 1711 1957 1956
f 1955 1956 1957
f 1951 1957 1713
f 1712 1713 1957
f 1958 1959 1719
f 1716 1719 1959
f 1960 1717 1959
f 1716 1959 1717
f 1717 1960 1718
f 1718 1960 1782
f 1961 1958 1722
f 1719 1722 1958
f 1962 1720 1861
f 1963 1721 1964
f 1720 1964 1721
f 1964 1720 1962
f 1965 1722 1963
f 1721 1963 1722
f 1722 1965 1961
f 1966 1961 1965
f 1723 1724 1737
f 1967 1737 1724
f 1967 1724 1968
f 1968 1724 1781
f 1969 1748 1726
f 1725 1726 1748
f 1726 1736 1969
f 1970 1969 1736
f 1728 1971 1727
f 1729 1727 1972
f 1972 1727 1971
f 1971 1728 1973
f 1735 1973 1728
f 1729 1972 1730
f 1974 1730 1972
f 1730 1974 1731
f 1975 1731 1974
f 1731 1975 1732
f 1976 1733 1975
f 1732 1975 1733
f 1733 1976 1734
f 1977 1734 1976
f 1734 1977 1736
f 1737 1973 1735
f 1978 1970 1977
f 1736 1977 1970
f 1973 1737 1979
f 1979 1737 1967
f 1738 1980 1739
f 1981 1739 1980
f 1740 1739 1982
f 1981 1982 1739
f 1741 1983 1738
f 1980 1738 1983
f 1744 1740 1984
f 1982 1984 1740
f 1983 1741 1985
f 1741 1742 1985
f 1743 1986 1742
f 1985 1742 1986
f 1743 1758 1986
f 1987 1986 1758
f 1745 1744 1988
f 1984 1988 1744
f 1747 1745 1989
f 1988 1989 1745
f 1746 1747 1904
f 1990 1904 1747
f 1990 1747 1991
f 1747 1989 1991
f 1748 1969 1749
f 1992 1749 1969
f 1750 1749 1993
f 1992 1993 1749
f 1993 1994 1750
f 1751 1750 1994
f 1752 1751 1995
f 1994 1995 1751
f 1753 1752 1996
f 1995 1996 1752
f 1761 1753 1997
f 1996 1997 1753
f 1754 1755 1998
f 1999 1998 1755
f 2000 1758 1998
f 1754 1998 1758
f 2001 1999 1756
f 1755 1756 1999
f 1757 2002 1756
f 2001 1756 2002
f 1759 2003 1757
f 2003 2002 1757
f 2000 2004 1758
f 1987 1758 2004
f 2003 1759 2005
f 1759 1760 2005
f 1761 2006 1760
f 2005 1760 2006
f 2006 1761 2007
f 1997 2007 1761
f 1762 1763 1788
f 1795 1788 1763
f 1763 1764 1795
f 1796 1795 1764
f 1796 1764 1797
f 1765 1797 1764
f 1765 1766 1797
f 1798 1797 1766
f 1767 1799 1766
f 1798 1766 1799
f 1800 1799 1768
f 1767 1768 1799
f 1769 1801 1768
f 1800 1768 1801
f 1770 1802 1769
f 1801 1769 1802
f 1773 1835 1770
f 1802 1770 1835
f 2008 1772 1946
f 1771 1946 1772
f 1772 2008 2009
f 2010 2009 2008
f 1772 2009 1773
f 1773 2009 1835
f 1774 1819 1776
f 2011 1776 1819
f 1775 1776 1946
f 2012 1946 1776
f 1776 2011 2012
f 2012 2011 2013
f 1778 2014 1777
f 1929 1777 2014
f 1778 1885 2014
f 1929 2014 1885
f 1793 2015 1794
f 1779 1794 2015
f 2015 1780 1779
f 1780 2015 1787
f 2016 1787 2015
f 2017 1968 1784
f 1784 1968 1781
f 1783 1782 2018
f 1960 2018 1782
f 2019 1784 2018
f 1783 2018 1784
f 2019 2017 1784
f 1787 2020 1785
f 1786 1785 2020
f 1786 2020 1859
f 1787 2016 2020
f 2021 2020 2016
f 1790 1860 1791
f 2021 1791 1860
f 1791 2021 1792
f 2016 1792 2021
f 1804 1805 2022
f 2023 2022 1805
f 1806 1803 2024
f 2025 2024 1803
f 2026 2023 1809
f 1805 1809 2023
f 1808 1806 2027
f 2024 2027 1806
f 2027 2028 1808
f 2028 1807 1808
f 2028 2029 1807
f 1811 1807 2029
f 2030 2026 1813
f 2026 1809 1813
f 2029 2031 1811
f 2032 1811 2031
f 2032 2033 1811
f 1810 1811 2033
f 1833 1812 2033
f 1810 2033 1812
f 2034 2030 1834
f 2030 1813 1834
f 2035 1815 2036
f 1816 2036 1815
f 2037 2036 1816
f 1820 2038 1816
f 2037 1816 2038
f 1815 2039 1814
f 2040 1814 2039
f 2041 2039 2035
f 1815 2035 2039
f 2040 2042 1814
f 1817 1814 2042
f 2043 1818 2042
f 2042 1818 1817
f 2043 1819 1818
f 2011 1819 2043
f 1821 1831 2044
f 2044 1831 2045
f 1821 2044 1820
f 2038 1820 2044
f 2046 1826 2047
f 2048 1824 2046
f 1826 2046 1824
f 2049 1822 2048
f 1824 2048 1822
f 2050 1823 2049
f 1822 2049 1823
f 2051 2052 1823
f 1825 1823 2052
f 1823 2050 2051
f 2052 2046 1825
f 2047 1825 2046
f 1827 1829 1831
f 2053 1831 1829
f 1827 1828 1829
f 2053 1829 1922
f 1830 1922 1829
f 1831 2053 2045
f 2054 2045 2053
f 2033 2055 1833
f 1832 1833 2055
f 2055 1858 1832
f 1835 2034 1834
f 2009 2034 1835
f 1848 2056 1837
f 2057 1837 2056
f 2058 1836 2057
f 1837 2057 1836
f 1866 1838 2058
f 2058 1838 1836
f 2059 1841 2060
f 1842 2060 1841
f 1842 1843 2060
f 2060 1843 2061
f 2062 1844 2059
f 1841 2059 1844
f 2061 1843 2063
f 1845 2064 1843
f 1843 2064 2065
f 2063 1843 2065
f 2066 1848 2062
f 1844 2062 1848
f 2067 2064 1847
f 1845 1847 2064
f 2068 2069 1856
f 1846 1856 2069
f 2069 2067 1846
f 1847 1846 2067
f 2066 2070 1848
f 2056 1848 2070
f 2071 2072 1849
f 1850 1849 2072
f 1851 2071 1849
f 2072 2073 1850
f 2073 1852 1850
f 1853 2071 1851
f 2073 2074 1852
f 1854 1852 2074
f 2075 2071 1855
f 1855 2071 1853
f 1856 1854 2076
f 2074 2076 1854
f 2077 2075 1857
f 1855 1857 2075
f 2068 1856 2078
f 2076 2078 1856
f 2079 1857 2055
f 1858 2055 1857
f 2080 2081 2079
f 1857 2079 2081
f 1857 2081 2077
f 2077 2081 2082
f 2020 2021 1859
f 1860 1859 2021
f 1962 1861 2083
f 2083 1861 1862
f 2083 1862 2084
f 1863 2085 1862
f 2086 1862 2085
f 1862 2086 2084
f 2084 2086 2087
f 1864 2088 1863
f 2085 1863 2088
f 2088 1864 2089
f 1879 2089 1864
f 2090 1865 2058
f 1866 2058 1865
f 2090 2091 1865
f 1867 1865 2091
f 2092 1867 2093
f 2091 2093 1867
f 1877 1868 2092
f 1867 2092 1868
f 1878 1873 1869
f 1869 1873 1870
f 1872 2094 1871
f 2094 1874 1871
f 2095 2096 1873
f 1872 1873 2096
f 2096 2094 1872
f 1873 1878 2095
f 2097 2095 1878
f 2094 1875 1874
f 1876 1875 1881
f 2094 2098 1875
f 2098 2099 1875
f 1881 1875 2099
f 1878 1877 2097
f 2092 2097 1877
f 2089 1880 2099
f 1881 2099 1880
f 1880 2089 1879
f 1934 1930 1882
f 1882 1930 1883
f 1882 1884 2100
f 1934 1882 2101
f 2100 2101 1882
f 1885 1883 1930
f 1886 1955 1884
f 2100 1884 1955
f 1888 2102 1889
f 2103 1889 2104
f 2102 2104 1889
f 1887 2105 1888
f 2102 1888 2105
f 2106 2105 1900
f 1887 1900 2105
f 1893 1890 2103
f 2103 1890 1889
f 1891 2107 1892
f 1892 2107 2108
f 2109 2108 2107
f 2110 2107 1893
f 1891 1893 2107
f 2108 1894 1892
f 2103 2111 1893
f 2110 1893 2111
f 2108 1895 1894
f 1895 2108 1903
f 1903 2108 2112
f 1897 1896 2113
f 1901 2113 1896
f 2114 1898 1897
f 2115 2114 2113
f 1897 2113 2114
f 1898 2114 2116
f 1898 2116 2117
f 2118 2117 2116
f 2119 2120 2117
f 1898 2117 2120
f 1899 1898 2120
f 2106 1900 2121
f 1899 2121 1900
f 2120 2121 1899
f 2113 1901 2122
f 1911 2122 1901
f 1902 1903 2123
f 2123 1903 2124
f 1902 2123 1917
f 2125 2124 2112
f 1903 2112 2124
f 1905 1904 2126
f 2127 2126 1904
f 2127 1904 2128
f 1990 2128 1904
f 1908 1906 2126
f 1905 2126 1906
f 1907 2129 1910
f 1907 1908 2129
f 2129 1908 2130
f 2126 2130 1908
f 1909 1910 2131
f 2132 2131 1910
f 1911 1909 2133
f 2131 2133 1909
f 1910 2129 2132
f 2134 2132 2129
f 2122 1911 2135
f 2135 1911 2133
f 2136 2137 1914
f 1912 1914 2137
f 1913 1912 1921
f 1912 2137 1921
f 2136 1914 2138
f 1915 2138 1914
f 1915 1916 2138
f 2139 2138 1916
f 2140 2139 1917
f 1916 1917 2139
f 2123 2141 1917
f 2140 1917 2141
f 1954 1918 2142
f 1919 2142 1918
f 2142 1919 1921
f 1920 1921 1919
f 2137 2143 1921
f 2142 1921 2143
f 2144 1922 1924
f 2053 1922 2054
f 2144 2054 1922
f 1923 1926 1925
f 2145 1925 1926
f 2145 2146 1925
f 1925 2146 2147
f 1925 2147 1924
f 2148 1924 2147
f 2144 1924 2148
f 1927 2145 1926
f 1928 2149 1927
f 2145 1927 2149
f 1928 2150 2149
f 2150 1928 2151
f 1947 2151 1928
f 1931 2152 1937
f 1931 1932 2152
f 2153 2152 1932
f 1932 2154 2153
f 1932 1933 2154
f 2155 2154 1933
f 1933 1934 2155
f 2156 2155 1934
f 1934 2101 2156
f 1939 1935 2157
f 1935 1936 2157
f 2157 1936 2158
f 2158 1936 1937
f 2158 1937 2159
f 2152 2159 1937
f 1939 2160 1938
f 1940 1938 2160
f 2160 1939 2157
f 1944 1940 2161
f 1940 2160 2162
f 2163 2162 2160
f 2161 1940 2162
f 1945 2164 1941
f 2165 1941 2164
f 1942 1941 2166
f 2165 2166 1941
f 2166 2167 1942
f 1943 1942 2167
f 1950 1943 2167
f 2168 1945 1944
f 1944 2161 2168
f 2169 2168 2161
f 2168 2170 1945
f 2164 1945 2170
f 2171 2172 2012
f 2012 2172 1946
f 2172 2173 1946
f 2174 1946 2173
f 2175 2151 1948
f 1947 1948 2151
f 1948 1949 2175
f 2176 2175 1949
f 1949 1950 2176
f 2177 2176 2178
f 1950 2178 2176
f 2166 2178 2167
f 1950 2167 2178
f 1957 1951 1952
f 1953 2179 1952
f 1957 1952 2179
f 1953 1954 2180
f 2181 2180 1954
f 2179 1953 2180
f 2142 2182 1954
f 2181 1954 2182
f 2183 2101 1955
f 2101 2100 1955
f 2179 2183 1957
f 1955 1957 2183
f 1958 1961 2184
f 2185 2184 1961
f 2186 1959 2184
f 1958 2184 1959
f 1959 2186 1960
f 2018 1960 2186
f 2187 2185 1966
f 1961 1966 2185
f 1962 2188 2189
f 2189 2188 2190
f 2188 1962 2191
f 1962 2084 2191
f 1962 2083 2084
f 1962 2189 1964
f 1964 2189 1963
f 2192 1963 2189
f 1963 2192 1965
f 2193 1965 2192
f 1965 2193 1966
f 2194 1966 2193
f 1966 2194 2187
f 2195 2187 2194
f 1968 2196 1967
f 1979 1967 2196
f 2017 2197 1968
f 2196 1968 2197
f 1970 2198 1969
f 1992 1969 2198
f 1970 1978 2198
f 1973 2199 1971
f 2200 1971 2199
f 1971 2200 1972
f 2200 2201 1972
f 1972 2201 1974
f 1973 1979 2199
f 2202 2199 1979
f 1975 1974 2203
f 2201 2203 1974
f 1976 1975 2204
f 2203 2204 1975
f 1977 1976 2205
f 2204 2205 1976
f 1978 1977 2206
f 1977 2205 2206
f 2198 1978 2207
f 1978 2208 2207
f 2209 2207 2208
f 1978 2206 2208
f 2208 2206 2210
f 2196 2202 1979
f 2211 2212 1983
f 1981 1980 2212
f 1983 2212 1980
f 1981 2212 1982
f 1982 2212 2213
f 1982 2213 1984
f 2214 1984 2213
f 1985 1987 1983
f 2211 1983 1987
f 1988 1984 2214
f 1987 1985 1986
f 2211 1987 2004
f 2214 2215 1988
f 1988 2215 1989
f 2215 2216 1989
f 1991 1989 2216
f 2128 1990 2216
f 1991 2216 1990
f 2207 1993 2198
f 1992 2198 1993
f 1994 1993 2209
f 2207 2209 1993
f 1994 2209 1995
f 2217 1995 2209
f 2218 1996 2217
f 1995 2217 1996
f 2219 1997 2218
f 1996 2218 1997
f 2007 1997 2219
f 2220 1998 2221
f 1998 1999 2221
f 1998 2220 2000
f 2222 2000 2220
f 2223 2221 2001
f 1999 2001 2221
f 2000 2222 2004
f 2211 2004 2222
f 2002 2224 2001
f 2223 2001 2224
f 2224 2002 2225
f 2003 2225 2002
f 2225 2003 2226
f 2005 2226 2003
f 2006 2227 2005
f 2226 2005 2227
f 2227 2006 2228
f 2007 2228 2006
f 2228 2007 2229
f 2219 2229 2007
f 2010 2008 2230
f 2230 2008 2231
f 2173 2231 2008
f 2034 2009 2232
f 2010 2232 2009
f 2010 2230 2232
f 2233 2232 2230
f 2234 2013 2043
f 2011 2043 2013
f 2013 2235 2012
f 2171 2012 2235
f 2234 2236 2013
f 2235 2013 2236
f 2017 2019 2237
f 2238 2237 2019
f 2197 2017 2239
f 2237 2239 2017
f 2018 2186 2019
f 2238 2019 2186
f 2240 2241 2022
f 2025 2022 2241
f 2023 2240 2022
f 2241 2242 2025
f 2024 2025 2242
f 2243 2240 2023
f 2244 2243 2026
f 2023 2026 2243
f 2242 2245 2024
f 2027 2024 2245
f 2030 2244 2026
f 2245 2246 2027
f 2028 2027 2246
f 2029 2028 2247
f 2247 2028 2246
f 2247 2031 2029
f 2248 2244 2030
f 2232 2248 2034
f 2030 2034 2248
f 2031 2080 2032
f 2079 2032 2080
f 2033 2032 2055
f 2079 2055 2032
f 2037 2249 2036
f 2114 2036 2249
f 2114 2035 2036
f 2114 2115 2035
f 2041 2035 2115
f 2249 2037 2250
f 2250 2037 2038
f 2251 2250 2252
f 2038 2252 2250
f 2038 2044 2252
f 2039 2253 2040
f 2253 2254 2040
f 2255 2253 2041
f 2039 2041 2253
f 2254 2256 2040
f 2040 2256 2042
f 2257 2255 2115
f 2041 2115 2255
f 2234 2043 2256
f 2042 2256 2043
f 2044 2045 2252
f 2258 2252 2045
f 2045 2054 2258
f 2054 2259 2258
f 2046 2052 2260
f 2046 2260 2261
f 2046 2261 2048
f 2262 2049 2261
f 2048 2261 2049
f 2049 2262 2050
f 2263 2050 2262
f 2263 2264 2050
f 2051 2050 2264
f 2265 2266 2051
f 2052 2051 2266
f 2265 2051 2264
f 2260 2052 2266
f 2054 2144 2259
f 2267 2268 2056
f 2057 2056 2268
f 2056 2070 2267
f 2268 2090 2057
f 2058 2057 2090
f 2269 2059 2270
f 2059 2060 2270
f 2271 2270 2061
f 2060 2061 2270
f 2272 2062 2269
f 2059 2269 2062
f 2273 2271 2063
f 2061 2063 2271
f 2274 2066 2272
f 2062 2272 2066
f 2273 2063 2275
f 2065 2275 2063
f 2275 2065 2276
f 2064 2276 2065
f 2277 2276 2067
f 2067 2276 2064
f 2070 2066 2278
f 2274 2278 2066
f 2279 2277 2069
f 2067 2069 2277
f 2078 2280 2068
f 2281 2068 2280
f 2281 2279 2068
f 2069 2068 2279
f 2278 2282 2070
f 2267 2070 2282
f 2071 2075 2283
f 2284 2283 2075
f 2283 2285 2071
f 2071 2285 2072
f 2286 2073 2285
f 2072 2285 2073
f 2287 2074 2286
f 2073 2286 2074
f 2288 2076 2287
f 2074 2287 2076
f 2075 2077 2289
f 2290 2289 2077
f 2284 2075 2289
f 2288 2078 2076
f 2077 2082 2290
f 2291 2290 2082
f 2280 2078 2292
f 2288 2292 2078
f 2081 2080 2174
f 2082 2081 2293
f 2174 2293 2081
f 2082 2293 2291
f 2294 2291 2293
f 2087 2295 2084
f 2191 2084 2295
f 2085 2296 2086
f 2297 2086 2296
f 2296 2085 2298
f 2088 2298 2085
f 2086 2297 2087
f 2299 2087 2297
f 2087 2299 2295
f 2300 2295 2299
f 2298 2088 2301
f 2089 2301 2088
f 2099 2302 2089
f 2301 2089 2302
f 2090 2268 2303
f 2304 2303 2268
f 2303 2091 2090
f 2093 2091 2305
f 2091 2303 2305
f 2305 2306 2093
f 2307 2093 2306
f 2097 2092 2307
f 2093 2307 2092
f 2308 2098 2096
f 2094 2096 2098
f 2309 2308 2095
f 2096 2095 2308
f 2095 2097 2309
f 2307 2309 2097
f 2098 2310 2099
f 2311 2099 2310
f 2310 2098 2308
f 2302 2099 2311
f 2183 2312 2101
f 2156 2101 2312
f 2102 2313 2104
f 2314 2104 2313
f 2313 2102 2315
f 2105 2315 2102
f 2111 2103 2314
f 2104 2314 2103
f 2106 2315 2105
f 2121 2316 2106
f 2315 2106 2316
f 2317 2107 2318
f 2318 2107 2110
f 2107 2317 2109
f 2112 2109 2317
f 2109 2112 2108
f 2110 2319 2318
f 2111 2319 2110
f 2111 2314 2319
f 2319 2314 2320
f 2317 2125 2112
f 2122 2257 2113
f 2257 2115 2113
f 2114 2249 2116
f 2116 2249 2321
f 2322 2116 2321
f 2118 2116 2322
f 2323 2119 2324
f 2117 2324 2119
f 2118 2325 2117
f 2324 2117 2325
f 2325 2118 2326
f 2322 2326 2118
f 2121 2120 2323
f 2119 2323 2120
f 2316 2121 2327
f 2323 2327 2121
f 2122 2328 2257
f 2122 2135 2328
f 2329 2328 2135
f 2330 2124 2125
f 2331 2124 2330
f 2332 2123 2331
f 2124 2331 2123
f 2141 2123 2332
f 2125 2317 2333
f 2318 2333 2317
f 2125 2333 2330
f 2334 2330 2333
f 2126 2127 2130
f 2335 2130 2127
f 2128 2336 2127
f 2335 2127 2336
f 2336 2128 2215
f 2216 2215 2128
f 2337 2134 2130
f 2129 2130 2134
f 2338 2337 2335
f 2130 2335 2337
f 2132 2134 2339
f 2340 2339 2134
f 2341 2342 2132
f 2131 2132 2342
f 2132 2339 2341
f 2343 2341 2339
f 2131 2342 2133
f 2344 2133 2342
f 2133 2344 2135
f 2345 2135 2344
f 2134 2337 2340
f 2346 2340 2337
f 2135 2345 2329
f 2143 2137 2347
f 2136 2347 2137
f 2138 2347 2136
f 2139 2348 2138
f 2138 2348 2347
f 2140 2348 2139
f 2141 2348 2140
f 2349 2348 2332
f 2141 2332 2348
f 2143 2350 2142
f 2142 2350 2182
f 2350 2143 2347
f 2144 2148 2259
f 2146 2145 2351
f 2149 2351 2145
f 2352 2147 2353
f 2146 2353 2147
f 2351 2354 2146
f 2353 2146 2354
f 2259 2148 2352
f 2147 2352 2148
f 2351 2149 2150
f 2351 2150 2355
f 2355 2150 2151
f 2355 2151 2175
f 2159 2152 2356
f 2153 2356 2152
f 2356 2153 2357
f 2154 2357 2153
f 2357 2154 2358
f 2155 2358 2154
f 2312 2358 2156
f 2155 2156 2358
f 2160 2157 2359
f 2359 2157 2360
f 2158 2360 2157
f 2361 2158 2159
f 2362 2158 2361
f 2360 2158 2362
f 2356 2363 2159
f 2361 2159 2363
f 2160 2359 2163
f 2364 2163 2359
f 2169 2161 2162
f 2365 2163 2366
f 2366 2163 2364
f 2162 2163 2169
f 2365 2169 2163
f 2165 2164 2367
f 2368 2367 2164
f 2164 2170 2368
f 2369 2368 2170
f 2178 2166 2367
f 2165 2367 2166
f 2170 2168 2369
f 2370 2369 2168
f 2169 2371 2168
f 2370 2168 2371
f 2371 2169 2372
f 2365 2372 2169
f 2235 2236 2171
f 2171 2236 2373
f 2374 2172 2373
f 2171 2373 2172
f 2375 2173 2374
f 2172 2374 2173
f 2173 2375 2231
f 2376 2231 2375
f 2377 2293 2378
f 2293 2174 2378
f 2174 2247 2379
f 2380 2379 2247
f 2174 2379 2378
f 2355 2175 2381
f 2176 2381 2175
f 2176 2177 2381
f 2381 2177 2382
f 2178 2367 2383
f 2384 2383 2367
f 2177 2178 2383
f 2382 2177 2327
f 2383 2327 2177
f 2183 2179 2312
f 2180 2312 2179
f 2182 2180 2181
f 2358 2312 2182
f 2180 2182 2312
f 2182 2350 2358
f 2357 2358 2350
f 2185 2187 2385
f 2386 2385 2187
f 2385 2387 2185
f 2184 2185 2387
f 2186 2184 2238
f 2387 2238 2184
f 2187 2195 2386
f 2388 2386 2195
f 2190 2389 2189
f 2192 2189 2389
f 2188 2390 2190
f 2190 2390 2391
f 2390 2188 2392
f 2191 2392 2188
f 2391 2393 2190
f 2389 2190 2393
f 2295 2392 2191
f 2193 2192 2394
f 2389 2394 2192
f 2194 2193 2395
f 2394 2395 2193
f 2395 2396 2194
f 2195 2194 2396
f 2396 2397 2195
f 2388 2195 2397
f 2197 2398 2196
f 2202 2196 2398
f 2398 2197 2399
f 2239 2399 2197
f 2202 2400 2199
f 2200 2199 2401
f 2401 2199 2400
f 2201 2200 2402
f 2401 2402 2200
f 2402 2403 2201
f 2201 2403 2203
f 2203 2403 2404
f 2398 2405 2202
f 2202 2405 2400
f 2203 2404 2204
f 2406 2205 2404
f 2204 2404 2205
f 2205 2406 2206
f 2206 2406 2210
f 2209 2208 2217
f 2218 2217 2407
f 2208 2407 2217
f 2208 2210 2407
f 2408 2407 2210
f 2406 2409 2210
f 2408 2210 2409
f 2212 2211 2410
f 2410 2211 2222
f 2410 2411 2212
f 2411 2213 2212
f 2412 2214 2411
f 2213 2411 2214
f 2336 2215 2412
f 2214 2412 2215
f 2407 2413 2218
f 2219 2218 2413
f 2219 2413 2229
f 2223 2414 2221
f 2415 2221 2414
f 2416 2220 2415
f 2221 2415 2220
f 2220 2416 2222
f 2410 2222 2416
f 2224 2417 2223
f 2414 2223 2417
f 2417 2224 2418
f 2225 2418 2224
f 2226 2419 2225
f 2418 2225 2419
f 2419 2226 2420
f 2420 2226 2227
f 2420 2227 2421
f 2228 2421 2227
f 2229 2422 2228
f 2421 2228 2422
f 2422 2229 2423
f 2413 2423 2229
f 2424 2230 2376
f 2231 2376 2230
f 2424 2233 2230
f 2232 2233 2248
f 2425 2248 2233
f 2233 2426 2425
f 2427 2425 2426
f 2424 2426 2233
f 2256 2428 2234
f 2429 2234 2428
f 2234 2429 2236
f 2236 2429 2373
f 2430 2373 2429
f 2237 2387 2431
f 2385 2431 2387
f 2387 2237 2238
f 2237 2431 2239
f 2432 2239 2431
f 2239 2432 2399
f 2433 2399 2432
f 2434 2241 2240
f 2434 2240 2243
f 2435 2241 2434
f 2436 2241 2435
f 2436 2242 2241
f 2245 2242 2437
f 2242 2436 2437
f 2244 2438 2243
f 2243 2438 2439
f 2434 2243 2439
f 2244 2248 2438
f 2440 2438 2248
f 2245 2441 2246
f 2245 2437 2441
f 2247 2246 2380
f 2441 2380 2246
f 2440 2248 2425
f 2442 2249 2443
f 2250 2443 2249
f 2321 2249 2442
f 2250 2251 2443
f 2444 2443 2251
f 2252 2258 2251
f 2259 2251 2258
f 2259 2444 2251
f 2253 2445 2254
f 2446 2254 2445
f 2447 2445 2255
f 2255 2445 2253
f 2256 2254 2428
f 2446 2428 2254
f 2255 2257 2447
f 2448 2447 2257
f 2257 2328 2448
f 2449 2448 2328
f 2259 2352 2444
f 2450 2451 2260
f 2260 2452 2450
f 2453 2450 2452
f 2266 2454 2260
f 2452 2260 2454
f 2455 2260 2456
f 2260 2451 2456
f 2261 2260 2455
f 2455 2456 2261
f 2456 2262 2261
f 2457 2458 2262
f 2459 2262 2458
f 2456 2457 2262
f 2460 2263 2459
f 2262 2459 2263
f 2263 2460 2461
f 2462 2461 2460
f 2461 2463 2263
f 2463 2264 2263
f 2463 2464 2264
f 2265 2264 2464
f 2464 2377 2265
f 2265 2377 2266
f 2454 2266 2378
f 2377 2378 2266
f 2267 2282 2465
f 2466 2465 2282
f 2268 2267 2304
f 2304 2267 2465
f 2270 2467 2269
f 2468 2269 2467
f 2469 2467 2271
f 2271 2467 2270
f 2470 2272 2468
f 2269 2468 2272
f 2471 2469 2273
f 2271 2273 2469
f 2272 2470 2274
f 2472 2274 2470
f 2471 2273 2473
f 2275 2473 2273
f 2472 2474 2274
f 2274 2474 2278
f 2473 2275 2475
f 2275 2276 2475
f 2276 2277 2475
f 2476 2475 2277
f 2477 2476 2279
f 2277 2279 2476
f 2474 2478 2278
f 2282 2278 2478
f 2279 2281 2477
f 2479 2477 2281
f 2479 2281 2480
f 2480 2281 2280
f 2480 2280 2481
f 2292 2481 2280
f 2478 2482 2282
f 2466 2282 2482
f 2283 2284 2483
f 2484 2483 2284
f 2284 2289 2484
f 2285 2283 2485
f 2486 2485 2283
f 2283 2483 2486
f 2286 2285 2487
f 2485 2487 2285
f 2286 2488 2287
f 2489 2287 2488
f 2286 2487 2488
f 2287 2489 2288
f 2288 2489 2490
f 2288 2490 2292
f 2491 2292 2490
f 2290 2462 2289
f 2492 2289 2462
f 2290 2461 2462
f 2290 2463 2461
f 2464 2463 2291
f 2290 2291 2463
f 2493 2289 2492
f 2484 2289 2493
f 2291 2294 2464
f 2377 2464 2294
f 2481 2292 2494
f 2491 2494 2292
f 2293 2377 2294
f 2295 2300 2392
f 2495 2392 2300
f 2297 2496 2299
f 2497 2299 2496
f 2496 2297 2498
f 2296 2498 2297
f 2298 2499 2296
f 2498 2296 2499
f 2301 2500 2298
f 2500 2499 2298
f 2501 2300 2497
f 2299 2497 2300
f 2502 2495 2501
f 2300 2501 2495
f 2302 2503 2301
f 2500 2301 2503
f 2311 2504 2302
f 2503 2302 2504
f 2505 2304 2506
f 2465 2506 2304
f 2305 2303 2505
f 2304 2505 2303
f 2306 2305 2507
f 2505 2507 2305
f 2507 2504 2306
f 2508 2306 2504
f 2306 2508 2307
f 2309 2307 2508
f 2308 2309 2310
f 2508 2310 2309
f 2310 2508 2311
f 2504 2311 2508
f 2315 2509 2313
f 2313 2509 2314
f 2314 2509 2320
f 2509 2315 2384
f 2316 2384 2315
f 2383 2384 2327
f 2384 2316 2327
f 2318 2372 2333
f 2371 2372 2319
f 2318 2319 2372
f 2319 2320 2371
f 2320 2370 2371
f 2509 2369 2320
f 2370 2320 2369
f 2326 2322 2510
f 2321 2510 2322
f 2511 2512 2442
f 2442 2512 2321
f 2510 2321 2512
f 2513 2324 2514
f 2325 2514 2324
f 2324 2513 2323
f 2327 2323 2513
f 2514 2325 2515
f 2326 2515 2325
f 2510 2516 2326
f 2326 2516 2515
f 2514 2382 2513
f 2327 2513 2382
f 2449 2328 2517
f 2328 2329 2517
f 2517 2329 2518
f 2345 2518 2329
f 2519 2331 2520
f 2330 2520 2331
f 2521 2520 2334
f 2330 2334 2520
f 2522 2332 2519
f 2331 2519 2332
f 2332 2522 2349
f 2334 2333 2372
f 2334 2372 2366
f 2521 2334 2364
f 2366 2364 2334
f 2412 2338 2336
f 2335 2336 2338
f 2337 2523 2346
f 2524 2346 2523
f 2338 2525 2337
f 2523 2337 2525
f 2525 2338 2411
f 2412 2411 2338
f 2526 2527 2346
f 2340 2346 2527
f 2339 2340 2528
f 2528 2340 2527
f 2343 2339 2529
f 2528 2529 2339
f 2530 2342 2341
f 2341 2531 2530
f 2532 2530 2531
f 2341 2343 2531
f 2531 2343 2533
f 2530 2534 2342
f 2344 2342 2534
f 2533 2343 2535
f 2529 2535 2343
f 2518 2345 2534
f 2345 2344 2534
f 2526 2346 2536
f 2346 2524 2536
f 2347 2348 2349
f 2349 2537 2347
f 2538 2347 2537
f 2350 2347 2538
f 2349 2522 2537
f 2363 2537 2522
f 2350 2538 2357
f 2537 2357 2538
f 2516 2354 2355
f 2351 2355 2354
f 2353 2511 2352
f 2444 2352 2511
f 2511 2353 2512
f 2354 2512 2353
f 2512 2354 2510
f 2516 2510 2354
f 2355 2381 2516
f 2515 2516 2381
f 2520 2521 2362
f 2360 2362 2521
f 2521 2364 2360
f 2359 2360 2364
f 2361 2363 2519
f 2522 2519 2363
f 2361 2519 2362
f 2362 2519 2520
f 2366 2372 2365
f 2384 2368 2509
f 2369 2509 2368
f 2384 2367 2368
f 2373 2430 2374
f 2539 2374 2430
f 2374 2539 2375
f 2540 2375 2539
f 2540 2541 2375
f 2376 2375 2541
f 2541 2542 2376
f 2424 2376 2542
f 2379 2454 2378
f 2543 2452 2379
f 2544 2543 2379
f 2379 2452 2454
f 2545 2544 2380
f 2380 2544 2379
f 2546 2545 2380
f 2547 2546 2548
f 2380 2548 2546
f 2548 2380 2441
f 2515 2381 2514
f 2382 2514 2381
f 2431 2386 2549
f 2388 2549 2386
f 2386 2431 2385
f 2549 2388 2550
f 2550 2388 2397
f 2394 2389 2551
f 2393 2551 2389
f 2552 2391 2553
f 2553 2391 2390
f 2392 2495 2390
f 2553 2390 2495
f 2552 2554 2391
f 2393 2391 2554
f 2554 2555 2393
f 2551 2393 2555
f 2395 2394 2556
f 2551 2556 2394
f 2396 2395 2557
f 2556 2557 2395
f 2557 2558 2396
f 2397 2396 2558
f 2559 2550 2558
f 2550 2397 2558
f 2399 2560 2398
f 2405 2398 2560
f 2433 2561 2399
f 2560 2399 2561
f 2562 2401 2563
f 2400 2563 2401
f 2564 2563 2405
f 2405 2563 2400
f 2402 2401 2562
f 2565 2403 2562
f 2562 2403 2402
f 2404 2403 2565
f 2406 2404 2565
f 2405 2560 2564
f 2565 2409 2406
f 2407 2408 2413
f 2566 2413 2408
f 2408 2409 2566
f 2567 2566 2568
f 2566 2409 2568
f 2565 2568 2409
f 2411 2410 2525
f 2416 2525 2410
f 2413 2566 2423
f 2567 2423 2566
f 2523 2415 2524
f 2414 2524 2415
f 2536 2524 2569
f 2414 2569 2524
f 2417 2570 2414
f 2569 2414 2570
f 2415 2523 2416
f 2525 2416 2523
f 2418 2571 2417
f 2571 2570 2417
f 2418 2419 2571
f 2571 2419 2572
f 2572 2419 2573
f 2420 2573 2419
f 2573 2420 2574
f 2421 2574 2420
f 2422 2574 2421
f 2422 2575 2574
f 2576 2574 2575
f 2575 2422 2577
f 2423 2577 2422
f 2423 2567 2577
f 2542 2578 2424
f 2426 2424 2578
f 2425 2427 2440
f 2579 2440 2427
f 2427 2426 2580
f 2580 2426 2578
f 2580 2581 2427
f 2579 2427 2581
f 2428 2446 2582
f 2583 2582 2446
f 2428 2582 2429
f 2430 2429 2582
f 2584 2539 2582
f 2430 2582 2539
f 2432 2431 2585
f 2549 2585 2431
f 2586 2433 2585
f 2432 2585 2433
f 2586 2587 2433
f 2561 2433 2587
f 2434 2588 2435
f 2588 2589 2435
f 2588 2434 2590
f 2439 2590 2434
f 2591 2436 2589
f 2435 2589 2436
f 2592 2437 2591
f 2591 2437 2436
f 2437 2592 2441
f 2593 2441 2592
f 2590 2439 2594
f 2438 2594 2439
f 2594 2438 2579
f 2579 2438 2440
f 2547 2548 2593
f 2441 2593 2548
f 2511 2442 2444
f 2443 2444 2442
f 2445 2595 2446
f 2583 2446 2595
f 2447 2595 2445
f 2447 2448 2596
f 2447 2596 2595
f 2597 2595 2596
f 2448 2449 2596
f 2598 2596 2449
f 2449 2517 2599
f 2600 2599 2517
f 2599 2601 2449
f 2449 2601 2598
f 2602 2603 2450
f 2602 2450 2604
f 2453 2604 2450
f 2450 2603 2451
f 2605 2456 2603
f 2451 2603 2456
f 2606 2453 2543
f 2452 2543 2453
f 2604 2453 2607
f 2606 2607 2453
f 2605 2608 2456
f 2457 2456 2608
f 2458 2457 2609
f 2608 2609 2457
f 2609 2610 2458
f 2610 2611 2458
f 2458 2611 2459
f 2459 2611 2612
f 2613 2460 2612
f 2459 2612 2460
f 2460 2613 2462
f 2492 2462 2613
f 2482 2614 2466
f 2466 2614 2615
f 2466 2615 2465
f 2506 2465 2615
f 2467 2616 2468
f 2617 2468 2616
f 2467 2469 2616
f 2618 2616 2469
f 2619 2470 2617
f 2468 2617 2470
f 2618 2469 2620
f 2471 2620 2469
f 2470 2619 2472
f 2621 2472 2619
f 2622 2620 2473
f 2471 2473 2620
f 2621 2623 2472
f 2623 2474 2472
f 2475 2624 2473
f 2622 2473 2624
f 2478 2474 2625
f 2623 2625 2474
f 2475 2476 2624
f 2626 2624 2476
f 2627 2626 2477
f 2476 2477 2626
f 2477 2479 2627
f 2628 2627 2479
f 2482 2478 2629
f 2629 2478 2625
f 2628 2479 2630
f 2630 2479 2480
f 2481 2631 2480
f 2630 2480 2631
f 2494 2632 2481
f 2632 2631 2481
f 2629 2633 2482
f 2614 2482 2633
f 2483 2484 2634
f 2635 2634 2484
f 2636 2635 2493
f 2484 2493 2635
f 2634 2637 2483
f 2486 2483 2637
f 2637 2638 2486
f 2485 2486 2638
f 2638 2639 2485
f 2487 2485 2639
f 2639 2640 2487
f 2487 2640 2488
f 2640 2641 2488
f 2489 2488 2641
f 2641 2642 2489
f 2490 2489 2642
f 2491 2490 2643
f 2642 2643 2490
f 2494 2491 2644
f 2491 2643 2644
f 2613 2636 2492
f 2492 2636 2493
f 2632 2494 2645
f 2644 2645 2494
f 2495 2502 2553
f 2502 2646 2553
f 2497 2647 2501
f 2648 2501 2647
f 2496 2649 2497
f 2497 2649 2647
f 2498 2650 2496
f 2649 2496 2650
f 2499 2651 2498
f 2650 2498 2651
f 2500 2652 2499
f 2651 2499 2652
f 2503 2653 2500
f 2652 2500 2653
f 2501 2648 2502
f 2654 2502 2648
f 2655 2646 2654
f 2502 2654 2646
f 2653 2503 2507
f 2507 2503 2504
f 2653 2506 2652
f 2615 2652 2506
f 2507 2505 2653
f 2506 2653 2505
f 2518 2656 2517
f 2600 2517 2656
f 2534 2657 2518
f 2658 2518 2657
f 2656 2518 2658
f 2526 2536 2659
f 2660 2659 2536
f 2659 2661 2526
f 2528 2527 2661
f 2527 2526 2661
f 2528 2661 2529
f 2529 2661 2656
f 2529 2656 2535
f 2662 2535 2656
f 2534 2530 2657
f 2532 2657 2530
f 2531 2663 2532
f 2531 2533 2664
f 2531 2664 2665
f 2666 2663 2665
f 2531 2665 2663
f 2663 2667 2532
f 2657 2532 2667
f 2668 2664 2535
f 2664 2533 2535
f 2535 2662 2668
f 2660 2536 2669
f 2536 2569 2669
f 2670 2540 2584
f 2539 2584 2540
f 2671 2541 2670
f 2540 2670 2541
f 2671 2672 2541
f 2542 2541 2672
f 2672 2673 2542
f 2578 2542 2673
f 2674 2606 2675
f 2543 2675 2606
f 2545 2543 2544
f 2545 2546 2543
f 2675 2543 2546
f 2546 2547 2675
f 2676 2675 2547
f 2547 2593 2676
f 2677 2676 2593
f 2678 2585 2550
f 2549 2550 2585
f 2678 2550 2679
f 2559 2679 2550
f 2555 2680 2551
f 2556 2551 2680
f 2553 2646 2552
f 2681 2552 2646
f 2554 2552 2682
f 2681 2682 2552
f 2682 2683 2554
f 2555 2554 2683
f 2683 2684 2555
f 2680 2555 2684
f 2557 2556 2685
f 2680 2685 2556
f 2558 2557 2686
f 2685 2686 2557
f 2686 2559 2558
f 2559 2686 2687
f 2688 2687 2686
f 2687 2679 2559
f 2561 2689 2560
f 2564 2560 2689
f 2689 2561 2690
f 2587 2690 2561
f 2564 2691 2563
f 2563 2691 2562
f 2562 2691 2565
f 2689 2691 2564
f 2565 2692 2568
f 2692 2693 2568
f 2565 2691 2692
f 2567 2693 2694
f 2695 2694 2693
f 2567 2568 2693
f 2696 2577 2694
f 2694 2577 2567
f 2570 2697 2569
f 2697 2698 2569
f 2669 2569 2698
f 2571 2699 2570
f 2697 2570 2699
f 2699 2571 2700
f 2572 2700 2571
f 2700 2572 2701
f 2573 2701 2572
f 2701 2573 2576
f 2574 2576 2573
f 2702 2701 2703
f 2576 2703 2701
f 2704 2703 2575
f 2576 2575 2703
f 2575 2577 2704
f 2704 2577 2696
f 2673 2705 2578
f 2580 2578 2705
f 2581 2706 2579
f 2594 2579 2706
f 2705 2707 2580
f 2581 2580 2707
f 2707 2708 2581
f 2706 2581 2708
f 2595 2597 2583
f 2709 2583 2597
f 2582 2583 2584
f 2709 2584 2583
f 2584 2709 2670
f 2710 2670 2709
f 2585 2678 2586
f 2711 2586 2678
f 2587 2586 2712
f 2711 2712 2586
f 2712 2713 2587
f 2587 2713 2690
f 2714 2715 2588
f 2589 2588 2715
f 2716 2714 2590
f 2588 2590 2714
f 2591 2589 2717
f 2589 2715 2717
f 2706 2716 2594
f 2590 2594 2716
f 2717 2718 2591
f 2718 2592 2591
f 2593 2592 2719
f 2718 2719 2592
f 2677 2593 2720
f 2719 2720 2593
f 2721 2597 2598
f 2596 2598 2597
f 2597 2721 2709
f 2709 2721 2710
f 2601 2722 2598
f 2721 2598 2722
f 2599 2600 2723
f 2659 2723 2600
f 2723 2724 2599
f 2601 2599 2724
f 2600 2661 2659
f 2656 2661 2600
f 2601 2725 2722
f 2724 2725 2601
f 2602 2726 2603
f 2727 2603 2726
f 2728 2729 2604
f 2604 2729 2602
f 2729 2726 2602
f 2603 2727 2605
f 2730 2731 2604
f 2732 2730 2607
f 2604 2607 2730
f 2604 2731 2728
f 2727 2733 2605
f 2605 2733 2608
f 2607 2606 2734
f 2674 2734 2606
f 2735 2732 2734
f 2607 2734 2732
f 2736 2608 2733
f 2737 2609 2736
f 2608 2736 2609
f 2737 2738 2609
f 2610 2609 2738
f 2610 2739 2611
f 2740 2611 2739
f 2738 2741 2610
f 2739 2610 2741
f 2740 2742 2611
f 2612 2611 2742
f 2636 2613 2742
f 2612 2742 2613
f 2651 2614 2650
f 2633 2650 2614
f 2652 2615 2651
f 2651 2615 2614
f 2743 2617 2744
f 2616 2744 2617
f 2745 2744 2618
f 2616 2618 2744
f 2746 2619 2743
f 2617 2743 2619
f 2620 2747 2618
f 2745 2618 2747
f 2748 2621 2746
f 2619 2746 2621
f 2620 2622 2747
f 2749 2747 2622
f 2623 2621 2750
f 2748 2750 2621
f 2749 2622 2751
f 2624 2751 2622
f 2623 2750 2625
f 2752 2751 2626
f 2624 2626 2751
f 2753 2754 2625
f 2754 2755 2625
f 2755 2629 2625
f 2756 2753 2750
f 2625 2750 2753
f 2757 2752 2627
f 2626 2627 2752
f 2758 2757 2628
f 2627 2628 2757
f 2630 2759 2628
f 2758 2628 2759
f 2755 2760 2629
f 2760 2633 2629
f 2631 2759 2630
f 2761 2631 2762
f 2762 2631 2763
f 2631 2632 2763
f 2764 2759 2761
f 2631 2761 2759
f 2763 2632 2765
f 2765 2632 2645
f 2760 2649 2633
f 2649 2650 2633
f 2766 2767 2635
f 2767 2634 2635
f 2635 2636 2766
f 2742 2766 2636
f 2767 2768 2634
f 2637 2634 2768
f 2768 2769 2637
f 2638 2637 2769
f 2769 2770 2638
f 2639 2638 2770
f 2640 2639 2771
f 2770 2771 2639
f 2771 2772 2640
f 2641 2640 2772
f 2772 2773 2641
f 2642 2641 2773
f 2773 2774 2642
f 2643 2642 2774
f 2774 2775 2643
f 2775 2644 2643
f 2775 2776 2644
f 2645 2644 2776
f 2765 2645 2777
f 2777 2645 2776
f 2778 2681 2655
f 2646 2655 2681
f 2779 2654 2780
f 2780 2654 2648
f 2780 2648 2781
f 2647 2781 2648
f 2781 2647 2760
f 2649 2760 2647
f 2782 2655 2779
f 2654 2779 2655
f 2655 2782 2778
f 2783 2778 2782
f 2658 2662 2656
f 2667 2784 2657
f 2658 2657 2784
f 2658 2784 2662
f 2668 2662 2784
f 2660 2785 2723
f 2724 2723 2785
f 2723 2659 2660
f 2660 2698 2785
f 2786 2785 2698
f 2660 2669 2698
f 2666 2787 2663
f 2667 2663 2787
f 2665 2664 2668
f 2668 2784 2665
f 2788 2665 2784
f 2788 2789 2665
f 2790 2665 2789
f 2665 2790 2666
f 2666 2790 2791
f 2791 2792 2666
f 2787 2666 2792
f 2784 2667 2788
f 2787 2788 2667
f 2670 2710 2671
f 2793 2671 2710
f 2794 2672 2793
f 2671 2793 2672
f 2795 2673 2794
f 2672 2794 2673
f 2796 2705 2795
f 2673 2795 2705
f 2675 2676 2674
f 2797 2674 2676
f 2734 2674 2798
f 2797 2798 2674
f 2799 2797 2677
f 2676 2677 2797
f 2800 2799 2720
f 2677 2720 2799
f 2679 2801 2678
f 2711 2678 2801
f 2679 2687 2802
f 2803 2802 2687
f 2679 2802 2801
f 2804 2801 2802
f 2685 2680 2805
f 2684 2805 2680
f 2682 2681 2806
f 2681 2778 2806
f 2682 2806 2683
f 2807 2683 2806
f 2807 2808 2683
f 2684 2683 2808
f 2808 2809 2684
f 2805 2684 2809
f 2686 2685 2688
f 2805 2688 2685
f 2688 2810 2687
f 2803 2687 2810
f 2809 2810 2805
f 2688 2805 2810
f 2690 2691 2689
f 2713 2691 2690
f 2811 2691 2812
f 2812 2691 2713
f 2813 2691 2811
f 2814 2691 2813
f 2815 2691 2814
f 2816 2691 2815
f 2817 2691 2816
f 2818 2691 2817
f 2692 2691 2818
f 2692 2695 2693
f 2692 2818 2695
f 2819 2695 2818
f 2694 2695 2820
f 2820 2695 2819
f 2821 2696 2820
f 2694 2820 2696
f 2696 2821 2822
f 2823 2822 2821
f 2704 2696 2822
f 2824 2786 2697
f 2698 2697 2786
f 2699 2825 2697
f 2825 2824 2697
f 2700 2826 2699
f 2825 2699 2826
f 2701 2702 2700
f 2826 2700 2702
f 2827 2702 2828
f 2703 2828 2702
f 2704 2828 2703
f 2702 2827 2826
f 2829 2826 2827
f 2704 2822 2828
f 2830 2828 2822
f 2831 2707 2796
f 2705 2796 2707
f 2708 2832 2706
f 2716 2706 2832
f 2707 2831 2708
f 2833 2708 2831
f 2834 2832 2833
f 2708 2833 2832
f 2710 2721 2793
f 2793 2721 2722
f 2835 2712 2801
f 2711 2801 2712
f 2812 2713 2835
f 2712 2835 2713
f 2715 2714 2836
f 2837 2836 2714
f 2714 2716 2837
f 2832 2837 2716
f 2836 2838 2715
f 2717 2715 2838
f 2838 2839 2717
f 2718 2717 2839
f 2719 2718 2840
f 2839 2840 2718
f 2840 2800 2719
f 2720 2719 2800
f 2793 2722 2794
f 2725 2794 2722
f 2724 2785 2841
f 2724 2842 2725
f 2842 2724 2843
f 2841 2843 2724
f 2794 2725 2795
f 2842 2795 2725
f 2729 2844 2726
f 2726 2844 2727
f 2727 2844 2733
f 2729 2728 2844
f 2845 2844 2728
f 2845 2728 2846
f 2731 2846 2728
f 2847 2730 2848
f 2732 2848 2730
f 2847 2849 2730
f 2730 2849 2731
f 2846 2731 2849
f 2732 2735 2848
f 2848 2735 2850
f 2790 2850 2735
f 2733 2844 2736
f 2851 2736 2844
f 2852 2735 2798
f 2734 2798 2735
f 2735 2852 2790
f 2791 2790 2852
f 2853 2737 2851
f 2736 2851 2737
f 2854 2738 2853
f 2737 2853 2738
f 2741 2738 2855
f 2855 2738 2854
f 2856 2740 2857
f 2739 2857 2740
f 2741 2858 2739
f 2857 2739 2858
f 2856 2766 2740
f 2742 2740 2766
f 2858 2741 2859
f 2860 2859 2741
f 2741 2855 2860
f 2861 2743 2862
f 2744 2862 2743
f 2863 2862 2745
f 2744 2745 2862
f 2864 2746 2861
f 2743 2861 2746
f 2747 2865 2745
f 2863 2745 2865
f 2746 2864 2748
f 2866 2748 2864
f 2747 2749 2865
f 2867 2865 2749
f 2750 2748 2756
f 2866 2756 2748
f 2867 2749 2868
f 2751 2868 2749
f 2869 2868 2752
f 2751 2752 2868
f 2870 2869 2757
f 2752 2757 2869
f 2781 2754 2780
f 2871 2780 2754
f 2754 2781 2755
f 2755 2781 2760
f 2754 2753 2871
f 2871 2753 2872
f 2873 2872 2874
f 2753 2874 2872
f 2874 2753 2756
f 2875 2874 2866
f 2756 2866 2874
f 2757 2758 2870
f 2876 2870 2758
f 2759 2764 2758
f 2876 2758 2764
f 2877 2878 2879
f 2761 2879 2878
f 2764 2761 2878
f 2762 2880 2761
f 2880 2879 2761
f 2762 2763 2881
f 2763 2765 2881
f 2881 2882 2762
f 2880 2762 2882
f 2883 2876 2878
f 2764 2878 2876
f 2881 2765 2884
f 2777 2884 2765
f 2856 2885 2766
f 2885 2767 2766
f 2768 2767 2886
f 2767 2885 2886
f 2886 2887 2768
f 2769 2768 2887
f 2887 2888 2769
f 2770 2769 2888
f 2771 2770 2889
f 2888 2889 2770
f 2772 2771 2890
f 2889 2890 2771
f 2773 2772 2891
f 2772 2890 2891
f 2891 2892 2773
f 2774 2773 2892
f 2892 2893 2774
f 2775 2774 2893
f 2893 2894 2775
f 2776 2775 2894
f 2894 2895 2776
f 2777 2776 2895
f 2895 2896 2777
f 2896 2884 2777
f 2806 2778 2897
f 2783 2897 2778
f 2779 2898 2782
f 2899 2782 2898
f 2780 2871 2779
f 2779 2871 2898
f 2782 2899 2783
f 2900 2783 2899
f 2897 2783 2901
f 2900 2901 2783
f 2786 2902 2785
f 2841 2785 2902
f 2903 2902 2824
f 2824 2902 2786
f 2788 2787 2904
f 2787 2792 2904
f 2789 2788 2904
f 2789 2905 2790
f 2850 2790 2905
f 2906 2789 2907
f 2904 2907 2789
f 2789 2906 2905
f 2905 2906 2908
f 2909 2908 2906
f 2852 2907 2791
f 2792 2791 2907
f 2792 2907 2904
f 2843 2796 2842
f 2842 2796 2795
f 2796 2843 2831
f 2910 2831 2843
f 2798 2797 2911
f 2799 2911 2797
f 2907 2852 2911
f 2798 2911 2852
f 2800 2912 2799
f 2911 2799 2912
f 2912 2800 2913
f 2913 2800 2840
f 2914 2835 2804
f 2801 2804 2835
f 2802 2803 2915
f 2916 2915 2803
f 2915 2917 2802
f 2804 2802 2917
f 2803 2810 2916
f 2918 2916 2810
f 2917 2914 2804
f 2806 2897 2807
f 2919 2807 2897
f 2919 2920 2807
f 2808 2807 2920
f 2920 2921 2808
f 2809 2808 2921
f 2921 2918 2809
f 2809 2918 2810
f 2922 2811 2923
f 2812 2923 2811
f 2922 2924 2811
f 2813 2811 2924
f 2835 2914 2812
f 2914 2923 2812
f 2813 2925 2814
f 2926 2814 2925
f 2813 2927 2925
f 2813 2924 2927
f 2926 2928 2814
f 2928 2815 2814
f 2816 2815 2929
f 2928 2929 2815
f 2929 2930 2816
f 2817 2816 2930
f 2817 2931 2818
f 2931 2819 2818
f 2817 2930 2931
f 2932 2933 2931
f 2933 2819 2931
f 2820 2819 2933
f 2821 2820 2934
f 2933 2934 2820
f 2821 2934 2935
f 2935 2934 2936
f 2823 2821 2935
f 2937 2823 2938
f 2935 2938 2823
f 2830 2822 2937
f 2823 2937 2822
f 2903 2824 2939
f 2825 2939 2824
f 2826 2829 2825
f 2939 2825 2829
f 2940 2827 2830
f 2830 2827 2828
f 2827 2940 2829
f 2829 2940 2941
f 2942 2939 2941
f 2941 2939 2829
f 2943 2940 2937
f 2830 2937 2940
f 2944 2833 2910
f 2833 2831 2910
f 2832 2834 2837
f 2945 2837 2834
f 2946 2834 2944
f 2944 2834 2833
f 2947 2945 2946
f 2946 2945 2834
f 2948 2836 2945
f 2945 2836 2837
f 2949 2838 2948
f 2836 2948 2838
f 2950 2839 2949
f 2838 2949 2839
f 2913 2840 2950
f 2839 2950 2840
f 2841 2902 2951
f 2952 2951 2902
f 2841 2910 2843
f 2841 2951 2910
f 2944 2910 2951
f 2844 2845 2953
f 2851 2844 2953
f 2845 2846 2953
f 2954 2846 2955
f 2849 2955 2846
f 2954 2953 2846
f 2848 2850 2908
f 2905 2908 2850
f 2956 2848 2908
f 2956 2847 2848
f 2956 2957 2847
f 2955 2849 2957
f 2847 2957 2849
f 2851 2953 2954
f 2853 2851 2958
f 2851 2954 2958
f 2959 2853 2958
f 2960 2853 2959
f 2960 2961 2853
f 2854 2853 2961
f 2961 2962 2854
f 2855 2854 2962
f 2962 2963 2855
f 2860 2855 2963
f 2857 2964 2856
f 2964 2857 2965
f 2858 2965 2857
f 2966 2856 2964
f 2856 2966 2885
f 2886 2885 2966
f 2965 2858 2967
f 2968 2967 2858
f 2858 2859 2968
f 2963 2969 2860
f 2859 2860 2969
f 2969 2970 2859
f 2968 2859 2970
f 2971 2861 2972
f 2862 2972 2861
f 2973 2972 2863
f 2862 2863 2972
f 2974 2864 2971
f 2971 2864 2861
f 2865 2975 2863
f 2975 2973 2863
f 2864 2974 2866
f 2866 2974 2875
f 2865 2867 2975
f 2975 2867 2976
f 2976 2867 2977
f 2868 2977 2867
f 2978 2977 2869
f 2868 2869 2977
f 2979 2978 2870
f 2978 2869 2870
f 2870 2876 2979
f 2876 2883 2979
f 2871 2872 2898
f 2980 2898 2872
f 2981 2980 2873
f 2872 2873 2980
f 2873 2982 2981
f 2983 2981 2982
f 2874 2875 2873
f 2982 2873 2875
f 2974 2984 2875
f 2982 2875 2984
f 2878 2877 2883
f 2985 2883 2877
f 2986 2877 2987
f 2879 2987 2877
f 2880 2988 2879
f 2987 2879 2988
f 2877 2986 2985
f 2989 2985 2986
f 2882 2990 2880
f 2880 2990 2988
f 2882 2881 2991
f 2884 2991 2881
f 2990 2882 2992
f 2882 2991 2992
f 2979 2883 2993
f 2985 2993 2883
f 2896 2994 2884
f 2991 2884 2994
f 2887 2886 2995
f 2966 2995 2886
f 2888 2887 2996
f 2995 2996 2887
f 2996 2997 2888
f 2889 2888 2997
f 2997 2998 2889
f 2890 2889 2998
f 2998 2999 2890
f 2891 2890 2999
f 2999 3000 2891
f 2892 2891 3000
f 3000 3001 2892
f 2892 3001 2893
f 3001 3002 2893
f 2894 2893 3002
f 2895 2894 3003
f 3002 3003 2894
f 3003 3004 2895
f 2896 2895 3004
f 2994 2896 3005
f 3004 3005 2896
f 2897 2901 2919
f 2919 2901 3006
f 3007 2900 3008
f 2899 3008 2900
f 2898 2980 2899
f 3008 2899 2980
f 2900 3007 2901
f 2901 3007 3009
f 2901 3009 3006
f 3006 3009 3010
f 2902 2903 2952
f 3011 2952 2903
f 2903 2939 3011
f 2942 3011 2939
f 2911 2912 2907
f 2906 2907 2912
f 2909 2906 2913
f 2913 2906 2912
f 3012 2909 2950
f 2909 2913 2950
f 3013 3014 3012
f 2909 3012 3014
f 3014 2908 2909
f 2956 2908 3014
f 2917 3015 2914
f 2923 2914 3015
f 2915 2916 3016
f 3017 3016 2916
f 3016 3015 2915
f 2917 2915 3015
f 2916 3018 3017
f 3019 3017 3018
f 3018 2916 2918
f 2921 3020 2918
f 3018 2918 3020
f 3006 3021 2919
f 2920 2919 3021
f 3021 3020 2920
f 2921 2920 3020
f 3022 3023 2923
f 2922 2923 3023
f 3022 2923 3015
f 3024 2924 3023
f 2922 3023 2924
f 3025 2924 3024
f 3026 2927 3025
f 2924 3025 2927
f 2927 3027 2925
f 3028 2925 3027
f 2925 3028 2926
f 3029 2926 3028
f 2928 2926 3030
f 3029 3030 2926
f 3027 2927 3026
f 3030 3031 2928
f 2929 2928 3031
f 3031 3032 2929
f 2930 2929 3032
f 3032 2932 2930
f 2931 2930 2932
f 2932 3032 3033
f 3034 3033 3032
f 3033 3035 2932
f 2933 2932 3035
f 2934 2933 3035
f 3036 2936 3035
f 2934 3035 2936
f 2936 3036 3037
f 3036 3038 3037
f 2938 2935 3037
f 2936 3037 2935
f 3039 3040 3037
f 2938 3037 3040
f 3040 2943 2938
f 2937 2938 2943
f 3041 2941 2943
f 2943 2941 2940
f 3042 2942 3041
f 2941 3041 2942
f 3043 3011 3042
f 2942 3042 3011
f 3044 3041 3040
f 2943 3040 3041
f 3045 2946 2951
f 2944 2951 2946
f 2947 3046 2945
f 2948 2945 3046
f 3047 2947 3045
f 2946 3045 2947
f 3048 3046 3047
f 2947 3047 3046
f 3049 2949 3046
f 2948 3046 2949
f 2950 2949 3012
f 3049 3012 2949
f 2952 3050 2951
f 3045 2951 3050
f 3043 3050 3011
f 2952 3011 3050
f 2955 3051 2954
f 3052 2954 3051
f 3051 2955 3053
f 2957 3053 2955
f 3054 2958 3052
f 2954 3052 2958
f 2956 3055 2957
f 2956 3056 3055
f 2956 3013 3056
f 2956 3014 3013
f 3053 2957 3057
f 3055 3057 2957
f 2959 2958 3058
f 3059 3060 3054
f 2958 3054 3060
f 3058 2958 3060
f 3061 2959 3058
f 2960 2959 3061
f 3062 2960 3061
f 2961 2960 3063
f 3064 3063 2960
f 2960 3062 3064
f 3064 3062 3065
f 2962 2961 3066
f 3063 3066 2961
f 3066 3067 2962
f 2963 2962 3067
f 2963 3067 2969
f 2966 2964 3068
f 3068 2964 2965
f 2965 2967 3068
f 2966 3068 2995
f 2970 2967 2968
f 2967 3069 3068
f 3069 2967 3070
f 2970 3070 2967
f 3067 3070 2969
f 2970 2969 3070
f 2972 3071 2971
f 3072 2971 3071
f 2972 2973 3071
f 3073 3071 2973
f 2984 2974 3072
f 2971 3072 2974
f 3073 2973 3074
f 2975 3074 2973
f 3073 3074 2976
f 2975 2976 3074
f 2977 3075 2976
f 3073 2976 3075
f 2977 2978 3075
f 3076 3075 2978
f 2993 3076 2979
f 2978 2979 3076
f 2980 2981 3008
f 3077 3008 2981
f 2981 2983 3077
f 3078 3077 2983
f 3079 3078 3080
f 3080 3078 2983
f 2984 3080 2982
f 2983 2982 3080
f 3080 2984 3081
f 3072 3081 2984
f 2993 2985 3082
f 2989 3082 2985
f 2987 3083 2986
f 3084 2986 3083
f 2988 3085 2987
f 3083 2987 3085
f 2986 3084 2989
f 3086 2989 3084
f 2990 3087 2988
f 3085 2988 3087
f 3088 3082 3086
f 3086 3082 2989
f 3087 2990 3089
f 2992 3089 2990
f 2994 3090 2991
f 2992 2991 3090
f 3089 2992 3091
f 3090 3091 2992
f 3082 3092 2993
f 3076 2993 3092
f 3090 2994 3093
f 3005 3093 2994
f 2996 2995 3069
f 3068 3069 2995
f 2996 3069 2997
f 3069 3070 2997
f 2998 2997 3070
f 2998 3070 2999
f 3070 3067 2999
f 3000 2999 3067
f 3001 3000 3066
f 3067 3066 3000
f 3002 3001 3063
f 3066 3063 3001
f 3063 3064 3002
f 3003 3002 3064
f 3064 3065 3003
f 3004 3003 3065
f 3065 3094 3004
f 3005 3004 3094
f 3094 3095 3005
f 3093 3005 3095
f 3010 3096 3006
f 3006 3096 3021
f 3008 3077 3007
f 3097 3007 3077
f 3007 3097 3009
f 3098 3009 3097
f 3009 3098 3010
f 3099 3010 3098
f 3099 3100 3010
f 3096 3010 3100
f 3013 3012 3049
f 3013 3048 3056
f 3101 3056 3048
f 3048 3013 3046
f 3049 3046 3013
f 3016 3102 3015
f 3022 3015 3102
f 3102 3016 3103
f 3104 3103 3016
f 3104 3016 3017
f 3017 3019 3104
f 3105 3104 3019
f 3020 3106 3018
f 3018 3106 3019
f 3107 3105 3106
f 3019 3106 3105
f 3096 3106 3021
f 3020 3021 3106
f 3102 3108 3022
f 3108 3023 3022
f 3109 3024 3108
f 3108 3024 3023
f 3110 3025 3109
f 3024 3109 3025
f 3110 3111 3025
f 3026 3025 3111
f 3111 3112 3026
f 3027 3026 3112
f 3113 3028 3112
f 3027 3112 3028
f 3113 3114 3028
f 3029 3028 3114
f 3115 3030 3114
f 3029 3114 3030
f 3030 3115 3031
f 3116 3031 3115
f 3034 3032 3116
f 3031 3116 3032
f 3117 3034 3118
f 3116 3118 3034
f 3033 3034 3119
f 3117 3119 3034
f 3119 3036 3033
f 3035 3033 3036
f 3119 3120 3036
f 3120 3038 3036
f 3120 3121 3038
f 3122 3038 3121
f 3122 3039 3038
f 3038 3039 3037
f 3123 3044 3039
f 3044 3040 3039
f 3124 3123 3122
f 3039 3122 3123
f 3125 3042 3044
f 3041 3044 3042
f 3126 3043 3125
f 3042 3125 3043
f 3126 3127 3043
f 3050 3043 3127
f 3128 3125 3123
f 3044 3123 3125
f 3127 3047 3050
f 3045 3050 3047
f 3127 3101 3047
f 3048 3047 3101
f 3129 3054 3130
f 3052 3130 3054
f 3130 3052 3131
f 3131 3052 3051
f 3051 3053 3131
f 3132 3131 3053
f 3133 3132 3057
f 3053 3057 3132
f 3134 3059 3129
f 3054 3129 3059
f 3056 3135 3055
f 3057 3055 3135
f 3056 3101 3135
f 3136 3135 3101
f 3137 3133 3135
f 3057 3135 3133
f 3058 3138 3139
f 3139 3138 3140
f 3141 3058 3139
f 3141 3062 3058
f 3062 3061 3058
f 3060 3138 3058
f 3060 3059 3138
f 3142 3138 3059
f 3059 3134 3142
f 3143 3142 3134
f 3065 3062 3094
f 3141 3094 3062
f 3081 3072 3144
f 3071 3144 3072
f 3071 3073 3144
f 3145 3144 3073
f 3075 3146 3073
f 3145 3073 3146
f 3092 3146 3076
f 3075 3076 3146
f 3077 3078 3097
f 3147 3097 3078
f 3147 3078 3148
f 3148 3078 3079
f 3149 3150 3079
f 3150 3148 3079
f 3079 3080 3149
f 3081 3149 3080
f 3149 3081 3151
f 3144 3151 3081
f 3088 3152 3082
f 3092 3082 3152
f 3083 3153 3084
f 3154 3084 3153
f 3153 3083 3155
f 3085 3155 3083
f 3084 3154 3086
f 3156 3086 3154
f 3087 3157 3085
f 3155 3085 3157
f 3156 3158 3086
f 3158 3088 3086
f 3089 3159 3087
f 3157 3087 3159
f 3152 3088 3160
f 3160 3088 3158
f 3159 3089 3161
f 3091 3161 3089
f 3093 3162 3090
f 3090 3162 3091
f 3162 3163 3091
f 3161 3091 3163
f 3152 3164 3092
f 3146 3092 3164
f 3095 3165 3093
f 3162 3093 3165
f 3141 3095 3094
f 3165 3095 3139
f 3141 3139 3095
f 3100 3107 3096
f 3106 3096 3107
f 3147 3166 3097
f 3097 3166 3098
f 3098 3166 3099
f 3099 3166 3167
f 3167 3168 3099
f 3100 3099 3168
f 3168 3169 3100
f 3100 3169 3107
f 3127 3126 3101
f 3136 3101 3126
f 3108 3102 3170
f 3171 3170 3102
f 3171 3102 3172
f 3172 3102 3103
f 3103 3104 3173
f 3173 3104 3105
f 3174 3172 3175
f 3103 3175 3172
f 3175 3103 3173
f 3169 3173 3107
f 3105 3107 3173
f 3176 3108 3170
f 3177 3108 3176
f 3108 3177 3109
f 3178 3109 3177
f 3179 3109 3178
f 3180 3109 3179
f 3109 3180 3110
f 3181 3110 3180
f 3182 3110 3181
f 3111 3110 3183
f 3182 3183 3110
f 3112 3111 3184
f 3183 3184 3111
f 3113 3112 3185
f 3184 3185 3112
f 3186 3113 3185
f 3114 3113 3187
f 3186 3187 3113
f 3114 3187 3115
f 3188 3115 3187
f 3116 3115 3118
f 3188 3118 3115
f 3118 3188 3189
f 3190 3189 3188
f 3191 3118 3189
f 3117 3118 3192
f 3191 3192 3118
f 3193 3117 3192
f 3119 3117 3194
f 3193 3194 3117
f 3120 3119 3194
f 3194 3195 3120
f 3121 3120 3195
f 3196 3124 3121
f 3122 3121 3124
f 3121 3195 3196
f 3197 3196 3195
f 3128 3123 3137
f 3124 3137 3123
f 3133 3137 3196
f 3124 3196 3137
f 3136 3126 3128
f 3128 3126 3125
f 3135 3136 3137
f 3128 3137 3136
f 3198 3129 3199
f 3130 3199 3129
f 3199 3130 3200
f 3131 3200 3130
f 3129 3198 3134
f 3201 3134 3198
f 3197 3200 3132
f 3131 3132 3200
f 3132 3133 3197
f 3133 3196 3197
f 3134 3201 3143
f 3202 3143 3201
f 3139 3140 3165
f 3140 3203 3165
f 3203 3140 3204
f 3205 3204 3140
f 3140 3138 3205
f 3142 3205 3138
f 3143 3206 3142
f 3205 3142 3206
f 3202 3207 3143
f 3206 3143 3207
f 3208 3151 3145
f 3144 3145 3151
f 3208 3145 3164
f 3146 3164 3145
f 3166 3147 3209
f 3148 3209 3147
f 3209 3148 3210
f 3150 3210 3148
f 3151 3211 3149
f 3150 3149 3211
f 3211 3212 3150
f 3210 3150 3212
f 3208 3213 3151
f 3213 3211 3151
f 3164 3152 3214
f 3160 3214 3152
f 3153 3215 3154
f 3216 3154 3215
f 3155 3217 3153
f 3153 3217 3215
f 3156 3154 3218
f 3154 3216 3218
f 3219 3217 3157
f 3155 3157 3217
f 3218 3220 3156
f 3158 3156 3220
f 3221 3219 3159
f 3157 3159 3219
f 3220 3222 3158
f 3160 3158 3222
f 3223 3221 3161
f 3161 3221 3159
f 3214 3160 3224
f 3222 3224 3160
f 3225 3223 3163
f 3161 3163 3223
f 3163 3162 3203
f 3203 3162 3165
f 3163 3203 3225
f 3204 3225 3203
f 3208 3164 3213
f 3213 3164 3214
f 3166 3209 3167
f 3226 3167 3209
f 3226 3227 3167
f 3168 3167 3227
f 3227 3228 3168
f 3169 3168 3228
f 3228 3175 3169
f 3173 3169 3175
f 3170 3171 3229
f 3230 3229 3171
f 3230 3171 3174
f 3172 3174 3171
f 3231 3176 3229
f 3170 3229 3176
f 3175 3228 3174
f 3232 3174 3228
f 3174 3232 3230
f 3233 3230 3232
f 3231 3234 3176
f 3234 3177 3176
f 3177 3234 3178
f 3235 3178 3234
f 3235 3236 3178
f 3179 3178 3236
f 3236 3237 3179
f 3180 3179 3237
f 3238 3180 3237
f 3180 3238 3181
f 3238 3239 3181
f 3182 3181 3240
f 3239 3240 3181
f 3183 3182 3241
f 3240 3241 3182
f 3242 3183 3241
f 3184 3183 3243
f 3242 3243 3183
f 3244 3185 3243
f 3184 3243 3185
f 3186 3185 3245
f 3244 3245 3185
f 3246 3186 3245
f 3186 3246 3187
f 3187 3246 3247
f 3188 3187 3190
f 3187 3247 3190
f 3248 3249 3247
f 3190 3247 3249
f 3250 3189 3249
f 3190 3249 3189
f 3251 3191 3250
f 3189 3250 3191
f 3191 3251 3192
f 3252 3192 3251
f 3253 3193 3252
f 3192 3252 3193
f 3195 3194 3253
f 3193 3253 3194
f 3200 3197 3253
f 3195 3253 3197
f 3199 3252 3198
f 3251 3198 3252
f 3253 3252 3200
f 3199 3200 3252
f 3250 3201 3251
f 3198 3251 3201
f 3201 3250 3202
f 3249 3202 3250
f 3207 3202 3248
f 3249 3248 3202
f 3225 3204 3254
f 3255 3254 3204
f 3206 3255 3205
f 3204 3205 3255
f 3207 3256 3206
f 3255 3206 3256
f 3248 3257 3207
f 3256 3207 3257
f 3210 3258 3209
f 3226 3209 3258
f 3258 3210 3259
f 3212 3259 3210
f 3212 3211 3260
f 3260 3211 3213
f 3259 3212 3261
f 3260 3261 3212
f 3260 3213 3262
f 3224 3263 3214
f 3263 3213 3214
f 3262 3213 3263
f 3216 3264 3218
f 3218 3264 3265
f 3215 3266 3216
f 3264 3216 3266
f 3217 3267 3215
f 3267 3266 3215
f 3219 3268 3217
f 3217 3268 3267
f 3218 3265 3220
f 3269 3220 3265
f 3221 3270 3219
f 3268 3219 3270
f 3222 3220 3271
f 3269 3271 3220
f 3223 3272 3221
f 3270 3221 3272
f 3271 3273 3222
f 3224 3222 3273
f 3223 3225 3272
f 3254 3272 3225
f 3273 3274 3224
f 3263 3224 3274
f 3258 3275 3226
f 3227 3226 3275
f 3275 3232 3227
f 3228 3227 3232
f 3233 3276 3230
f 3229 3230 3276
f 3231 3229 3277
f 3276 3277 3229
f 3234 3231 3278
f 3277 3278 3231
f 3232 3275 3233
f 3279 3233 3275
f 3233 3279 3276
f 3280 3276 3279
f 3281 3235 3278
f 3234 3278 3235
f 3236 3235 3282
f 3282 3235 3281
f 3282 3283 3236
f 3237 3236 3283
f 3283 3284 3237
f 3238 3237 3284
f 3284 3285 3238
f 3239 3238 3285
f 3285 3286 3239
f 3240 3239 3286
f 3287 3241 3286
f 3241 3240 3286
f 3288 3242 3287
f 3241 3287 3242
f 3288 3289 3242
f 3289 3243 3242
f 3289 3290 3243
f 3244 3243 3290
f 3245 3244 3291
f 3290 3291 3244
f 3246 3245 3257
f 3291 3257 3245
f 3257 3248 3246
f 3247 3246 3248
f 3254 3255 3292
f 3256 3292 3255
f 3272 3254 3293
f 3292 3293 3254
f 3257 3291 3256
f 3292 3256 3291
f 3275 3258 3279
f 3259 3279 3258
f 3279 3259 3280
f 3261 3280 3259
f 3261 3260 3294
f 3262 3294 3260
f 3280 3261 3295
f 3295 3261 3294
f 3274 3294 3263
f 3262 3263 3294
f 3265 3264 3296
f 3297 3296 3264
f 3264 3266 3297
f 3298 3297 3266
f 3269 3265 3299
f 3296 3299 3265
f 3266 3267 3298
f 3298 3267 3300
f 3267 3268 3300
f 3301 3300 3268
f 3268 3270 3301
f 3302 3301 3270
f 3271 3269 3303
f 3299 3303 3269
f 3270 3272 3302
f 3293 3302 3272
f 3303 3304 3271
f 3273 3271 3304
f 3304 3305 3273
f 3274 3273 3305
f 3305 3295 3274
f 3274 3295 3294
f 3276 3280 3277
f 3295 3277 3280
f 3278 3277 3305
f 3295 3305 3277
f 3281 3278 3304
f 3305 3304 3278
f 3282 3281 3303
f 3304 3303 3281
f 3303 3299 3282
f 3283 3282 3299
f 3299 3296 3283
f 3284 3283 3296
f 3296 3297 3284
f 3297 3285 3284
f 3297 3298 3285
f 3286 3285 3298
f 3298 3300 3286
f 3287 3286 3300
f 3300 3301 3287
f 3288 3287 3301
f 3301 3302 3288
f 3289 3288 3302
f 3302 3293 3289
f 3290 3289 3293
f 3291 3290 3292
f 3293 3292 3290
f 3306 3307 3308
f 3309 3308 3307
f 3307 3306 3310
f 3311 3310 3306
f 3312 3306 3313
f 3308 3313 3306
f 3311 3306 3312
f 3314 3309 3315
f 3307 3315 3309
f 3307 3310 3315
f 3316 3315 3310
f 3317 3308 3318
f 3309 3318 3308
f 3314 3319 3309
f 3318 3309 3319
f 3320 3313 3317
f 3317 3313 3308
f 3321 3322 3311
f 3322 3310 3311
f 3323 3324 3311
f 3321 3311 3324
f 3323 3311 3312
f 3322 3316 3310
f 3313 3325 3312
f 3326 3312 3325
f 3313 3320 3325
f 3327 3325 3320
f 3323 3312 3328
f 3326 3328 3312
f 3314 3315 3329
f 3330 3329 3315
f 3330 3315 3331
f 3316 3331 3315
f 3314 3329 3319
f 3332 3319 3329
f 3333 3316 3334
f 3322 3334 3316
f 3335 3331 3333
f 3316 3333 3331
f 3318 3336 3317
f 3337 3317 3336
f 3318 3319 3336
f 3336 3319 3338
f 3320 3317 3337
f 3332 3339 3319
f 3338 3319 3339
f 3340 3341 3320
f 3327 3320 3341
f 3320 3337 3340
f 3321 3342 3322
f 3334 3322 3342
f 3342 3321 3324
f 3324 3323 3343
f 3328 3343 3323
f 3344 3324 3345
f 3345 3324 3343
f 3344 3346 3324
f 3342 3324 3346
f 3347 3326 3348
f 3325 3348 3326
f 3326 3347 3328
f 3349 3348 3327
f 3325 3327 3348
f 3341 3349 3327
f 3347 3350 3328
f 3343 3328 3350
f 3330 3351 3329
f 3331 3352 3330
f 3352 3351 3330
f 3329 3351 3353
f 3329 3354 3332
f 3355 3354 3329
f 3335 3352 3331
f 3332 3356 3339
f 3332 3354 3356
f 3346 3357 3342
f 3334 3342 3357
f 3357 3358 3334
f 3358 3333 3334
f 3358 3359 3333
f 3359 3335 3333
f 3360 3361 3335
f 3352 3335 3361
f 3359 3362 3335
f 3360 3335 3362
f 3337 3336 3363
f 3336 3338 3363
f 3337 3363 3364
f 3340 3337 3365
f 3364 3365 3337
f 3366 3367 3338
f 3363 3338 3367
f 3368 3366 3339
f 3338 3339 3366
f 3339 3356 3368
f 3365 3369 3340
f 3341 3340 3369
f 3349 3341 3370
f 3370 3341 3369
f 3343 3350 3345
f 3345 3371 3344
f 3350 3371 3345
f 3346 3344 3372
f 3372 3344 3373
f 3344 3374 3373
f 3375 3373 3374
f 3371 3374 3344
f 3357 3346 3376
f 3372 3376 3346
f 3377 3347 3378
f 3348 3378 3347
f 3379 3378 3349
f 3349 3378 3348
f 3380 3350 3377
f 3347 3377 3350
f 3381 3379 3370
f 3349 3370 3379
f 3382 3383 3380
f 3350 3380 3383
f 3371 3350 3374
f 3350 3383 3374
f 3375 3374 3383
f 3353 3351 3355
f 3355 3351 3361
f 3351 3352 3361
f 3384 3353 3385
f 3353 3355 3385
f 3386 3353 3387
f 3387 3353 3355
f 3353 3354 3355
f 3386 3354 3353
f 3386 3356 3354
f 3385 3355 3361
f 3387 3355 3384
f 3388 3368 3386
f 3356 3386 3368
f 3376 3389 3357
f 3358 3357 3389
f 3389 3390 3358
f 3358 3390 3359
f 3391 3359 3390
f 3359 3391 3362
f 3392 3393 3394
f 3360 3394 3393
f 3360 3362 3394
f 3360 3393 3395
f 3396 3395 3393
f 3397 3360 3395
f 3361 3360 3397
f 3385 3361 3397
f 3362 3398 3394
f 3399 3394 3398
f 3362 3391 3398
f 3398 3391 3400
f 3364 3363 3401
f 3367 3401 3363
f 3365 3364 3401
f 3402 3403 3365
f 3369 3365 3403
f 3402 3365 3404
f 3401 3404 3365
f 3405 3367 3406
f 3366 3406 3367
f 3366 3407 3406
f 3366 3368 3407
f 3404 3401 3405
f 3401 3367 3405
f 3407 3368 3408
f 3408 3368 3388
f 3403 3370 3369
f 3409 3381 3410
f 3370 3410 3381
f 3411 3370 3412
f 3370 3411 3410
f 3413 3410 3411
f 3403 3412 3370
f 3414 3415 3372
f 3415 3376 3372
f 3416 3414 3373
f 3372 3373 3414
f 3373 3375 3416
f 3417 3416 3375
f 3375 3383 3417
f 3376 3415 3389
f 3418 3389 3415
f 3377 3378 3419
f 3420 3419 3378
f 3380 3377 3421
f 3421 3377 3419
f 3379 3422 3378
f 3420 3378 3422
f 3381 3423 3379
f 3423 3422 3379
f 3382 3380 3424
f 3421 3424 3380
f 3409 3425 3381
f 3423 3381 3425
f 3383 3382 3426
f 3382 3427 3426
f 3424 3428 3382
f 3427 3382 3428
f 3417 3383 3429
f 3383 3426 3429
f 3426 3430 3429
f 3431 3432 3433
f 3384 3433 3432
f 3384 3434 3433
f 3384 3385 3434
f 3435 3436 3432
f 3384 3432 3436
f 3436 3437 3384
f 3437 3387 3384
f 3385 3397 3434
f 3395 3434 3397
f 3438 3388 3386
f 3438 3386 3387
f 3387 3437 3438
f 3439 3438 3437
f 3440 3441 3442
f 3388 3442 3441
f 3441 3408 3388
f 3388 3439 3442
f 3443 3442 3439
f 3439 3388 3438
f 3390 3389 3444
f 3418 3444 3389
f 3390 3444 3391
f 3400 3391 3444
f 3393 3392 3445
f 3445 3392 3446
f 3396 3393 3445
f 3394 3399 3392
f 3399 3447 3392
f 3448 3446 3447
f 3392 3447 3446
f 3431 3433 3396
f 3395 3396 3433
f 3433 3434 3395
f 3396 3445 3449
f 3396 3449 3431
f 3450 3431 3449
f 3398 3451 3399
f 3398 3452 3451
f 3400 3453 3398
f 3452 3398 3453
f 3451 3454 3399
f 3399 3454 3447
f 3453 3400 3444
f 3404 3455 3402
f 3456 3402 3455
f 3402 3412 3403
f 3402 3456 3411
f 3413 3411 3456
f 3402 3411 3412
f 3405 3457 3404
f 3455 3404 3457
f 3457 3405 3458
f 3406 3458 3405
f 3458 3406 3459
f 3406 3407 3459
f 3459 3407 3460
f 3408 3460 3407
f 3408 3441 3461
f 3461 3441 3462
f 3408 3461 3460
f 3463 3460 3461
f 3464 3409 3465
f 3410 3465 3409
f 3466 3410 3413
f 3467 3410 3466
f 3410 3467 3465
f 3468 3465 3467
f 3425 3409 3469
f 3464 3469 3409
f 3456 3470 3413
f 3466 3413 3470
f 3414 3471 3415
f 3471 3472 3415
f 3471 3414 3416
f 3472 3418 3415
f 3473 3474 3416
f 3475 3416 3474
f 3475 3471 3416
f 3416 3417 3473
f 3473 3417 3429
f 3472 3476 3418
f 3444 3418 3476
f 3477 3419 3478
f 3478 3419 3420
f 3479 3421 3477
f 3477 3421 3419
f 3480 3478 3422
f 3420 3422 3478
f 3481 3424 3479
f 3421 3479 3424
f 3482 3480 3423
f 3422 3423 3480
f 3483 3482 3425
f 3423 3425 3482
f 3481 3484 3424
f 3428 3424 3484
f 3483 3425 3485
f 3469 3485 3425
f 3426 3427 3486
f 3487 3486 3427
f 3487 3427 3488
f 3428 3488 3427
f 3486 3489 3426
f 3430 3426 3489
f 3484 3490 3428
f 3488 3428 3490
f 3430 3491 3429
f 3473 3429 3491
f 3489 3492 3430
f 3491 3430 3492
f 3450 3493 3431
f 3432 3431 3493
f 3494 3435 3493
f 3432 3493 3435
f 3443 3435 3495
f 3494 3495 3435
f 3435 3443 3436
f 3436 3443 3439
f 3439 3437 3436
f 3496 3497 3498
f 3497 3440 3498
f 3441 3440 3462
f 3497 3462 3440
f 3442 3499 3440
f 3440 3499 3498
f 3499 3442 3443
f 3495 3499 3443
f 3476 3453 3444
f 3446 3500 3445
f 3500 3501 3445
f 3501 3449 3445
f 3448 3500 3446
f 3454 3502 3447
f 3448 3447 3502
f 3502 3500 3448
f 3449 3501 3450
f 3501 3503 3450
f 3493 3450 3503
f 3451 3504 3454
f 3454 3504 3505
f 3451 3506 3504
f 3451 3452 3506
f 3453 3507 3452
f 3452 3507 3506
f 3508 3453 3476
f 3453 3508 3507
f 3509 3507 3508
f 3454 3505 3502
f 3510 3502 3505
f 3470 3456 3511
f 3455 3511 3456
f 3511 3455 3512
f 3512 3455 3457
f 3457 3458 3512
f 3513 3512 3458
f 3459 3514 3458
f 3514 3513 3458
f 3459 3460 3514
f 3463 3514 3460
f 3515 3462 3516
f 3497 3516 3462
f 3462 3515 3461
f 3515 3517 3461
f 3463 3461 3518
f 3517 3518 3461
f 3514 3463 3518
f 3465 3519 3464
f 3464 3519 3520
f 3519 3465 3521
f 3468 3521 3465
f 3520 3522 3464
f 3464 3522 3469
f 3470 3523 3466
f 3523 3467 3466
f 3468 3467 3524
f 3523 3524 3467
f 3521 3468 3525
f 3524 3525 3468
f 3522 3526 3469
f 3485 3469 3526
f 3523 3470 3527
f 3528 3527 3470
f 3470 3529 3528
f 3470 3511 3529
f 3475 3530 3471
f 3472 3471 3530
f 3476 3472 3531
f 3530 3531 3472
f 3530 3475 3532
f 3474 3532 3475
f 3474 3533 3532
f 3534 3532 3533
f 3474 3491 3533
f 3492 3533 3491
f 3491 3474 3473
f 3508 3476 3531
f 3478 3535 3477
f 3536 3477 3535
f 3537 3479 3536
f 3477 3536 3479
f 3478 3480 3535
f 3538 3535 3480
f 3479 3537 3481
f 3539 3481 3537
f 3540 3538 3482
f 3480 3482 3538
f 3541 3484 3539
f 3481 3539 3484
f 3482 3483 3540
f 3483 3542 3540
f 3543 3542 3485
f 3483 3485 3542
f 3544 3490 3541
f 3484 3541 3490
f 3545 3543 3526
f 3485 3526 3543
f 3488 3546 3487
f 3547 3487 3546
f 3487 3547 3486
f 3547 3548 3486
f 3549 3489 3548
f 3489 3486 3548
f 3546 3488 3550
f 3550 3488 3490
f 3489 3549 3551
f 3551 3549 3552
f 3492 3489 3551
f 3490 3544 3550
f 3553 3550 3544
f 3551 3533 3492
f 3554 3494 3503
f 3493 3503 3494
f 3494 3554 3495
f 3555 3499 3554
f 3554 3499 3495
f 3516 3497 3556
f 3496 3556 3497
f 3496 3555 3556
f 3498 3555 3496
f 3499 3555 3498
f 3557 3501 3558
f 3500 3558 3501
f 3558 3500 3559
f 3560 3559 3500
f 3500 3502 3560
f 3510 3560 3502
f 3561 3503 3557
f 3501 3557 3503
f 3561 3562 3503
f 3554 3503 3562
f 3504 3563 3505
f 3564 3505 3563
f 3506 3565 3504
f 3563 3504 3565
f 3510 3505 3566
f 3505 3564 3566
f 3565 3506 3567
f 3506 3507 3567
f 3567 3507 3568
f 3568 3507 3509
f 3569 3508 3531
f 3509 3508 3569
f 3570 3509 3569
f 3570 3567 3509
f 3567 3568 3509
f 3566 3560 3510
f 3511 3512 3529
f 3571 3529 3512
f 3512 3513 3571
f 3571 3513 3572
f 3514 3572 3513
f 3514 3518 3572
f 3516 3556 3573
f 3574 3573 3556
f 3515 3516 3575
f 3573 3575 3516
f 3575 3576 3515
f 3576 3517 3515
f 3517 3577 3518
f 3576 3577 3517
f 3572 3518 3578
f 3518 3577 3578
f 3579 3578 3577
f 3519 3580 3581
f 3519 3581 3520
f 3582 3580 3521
f 3521 3580 3519
f 3522 3520 3583
f 3581 3583 3520
f 3521 3584 3582
f 3585 3582 3584
f 3584 3521 3525
f 3586 3526 3583
f 3522 3583 3526
f 3523 3527 3524
f 3527 3587 3524
f 3587 3525 3524
f 3525 3587 3584
f 3526 3586 3545
f 3588 3545 3586
f 3528 3529 3589
f 3571 3589 3529
f 3589 3590 3528
f 3527 3528 3590
f 3527 3590 3587
f 3591 3587 3590
f 3532 3592 3530
f 3592 3531 3530
f 3569 3531 3592
f 3592 3532 3593
f 3534 3593 3532
f 3594 3534 3533
f 3533 3551 3594
f 3552 3594 3551
f 3595 3593 3534
f 3534 3594 3595
f 3596 3595 3594
f 3597 3536 3598
f 3598 3536 3535
f 3536 3597 3537
f 3599 3537 3597
f 3600 3598 3538
f 3535 3538 3598
f 3537 3599 3539
f 3601 3539 3599
f 3538 3540 3600
f 3602 3600 3540
f 3539 3601 3541
f 3603 3541 3601
f 3540 3542 3602
f 3604 3602 3542
f 3541 3603 3544
f 3605 3544 3603
f 3542 3543 3604
f 3606 3604 3543
f 3543 3545 3606
f 3607 3606 3545
f 3608 3553 3605
f 3544 3605 3553
f 3609 3607 3588
f 3545 3588 3607
f 3546 3610 3547
f 3547 3610 3611
f 3610 3546 3612
f 3550 3612 3546
f 3613 3548 3611
f 3547 3611 3548
f 3614 3549 3613
f 3613 3549 3548
f 3549 3615 3552
f 3615 3549 3616
f 3614 3616 3549
f 3550 3553 3612
f 3612 3553 3617
f 3615 3618 3552
f 3552 3618 3594
f 3553 3608 3617
f 3617 3608 3619
f 3562 3620 3554
f 3555 3554 3620
f 3620 3621 3555
f 3622 3555 3621
f 3555 3622 3556
f 3574 3556 3622
f 3623 3557 3624
f 3558 3624 3557
f 3624 3558 3625
f 3558 3559 3625
f 3626 3561 3623
f 3557 3623 3561
f 3559 3560 3627
f 3628 3627 3560
f 3560 3566 3628
f 3629 3628 3566
f 3625 3559 3630
f 3559 3627 3630
f 3626 3631 3561
f 3562 3561 3631
f 3631 3632 3562
f 3620 3562 3632
f 3564 3563 3633
f 3563 3634 3633
f 3565 3634 3563
f 3633 3629 3564
f 3566 3564 3629
f 3565 3635 3634
f 3635 3565 3636
f 3567 3636 3565
f 3636 3567 3570
f 3592 3593 3569
f 3637 3569 3593
f 3637 3570 3569
f 3638 3570 3637
f 3638 3636 3570
f 3572 3639 3571
f 3589 3571 3639
f 3639 3572 3578
f 3574 3640 3573
f 3641 3573 3640
f 3574 3622 3640
f 3575 3573 3642
f 3641 3642 3573
f 3576 3575 3643
f 3642 3643 3575
f 3643 3644 3576
f 3576 3644 3577
f 3644 3645 3577
f 3579 3577 3645
f 3639 3578 3646
f 3646 3578 3579
f 3646 3579 3647
f 3579 3644 3647
f 3579 3645 3644
f 3648 3649 3580
f 3581 3580 3649
f 3650 3648 3582
f 3648 3580 3582
f 3583 3581 3651
f 3581 3649 3651
f 3585 3652 3582
f 3652 3653 3582
f 3650 3582 3653
f 3651 3654 3583
f 3586 3583 3654
f 3652 3585 3655
f 3656 3655 3585
f 3587 3656 3584
f 3585 3584 3656
f 3586 3654 3588
f 3654 3657 3588
f 3587 3591 3656
f 3588 3657 3609
f 3609 3657 3658
f 3590 3589 3659
f 3659 3589 3639
f 3659 3660 3590
f 3591 3590 3660
f 3591 3660 3661
f 3591 3661 3656
f 3656 3661 3662
f 3595 3638 3593
f 3638 3637 3593
f 3596 3594 3618
f 3638 3595 3663
f 3596 3663 3595
f 3664 3665 3618
f 3596 3618 3665
f 3665 3666 3596
f 3663 3596 3666
f 3597 3598 3667
f 3668 3667 3598
f 3597 3667 3599
f 3669 3599 3667
f 3600 3670 3598
f 3668 3598 3670
f 3671 3601 3669
f 3599 3669 3601
f 3600 3602 3670
f 3672 3670 3602
f 3673 3603 3671
f 3601 3671 3603
f 3674 3672 3604
f 3602 3604 3672
f 3675 3605 3673
f 3603 3673 3605
f 3676 3674 3606
f 3606 3674 3604
f 3605 3675 3608
f 3677 3608 3675
f 3678 3676 3607
f 3606 3607 3676
f 3607 3609 3678
f 3679 3678 3609
f 3680 3619 3677
f 3619 3608 3677
f 3681 3679 3658
f 3609 3658 3679
f 3682 3683 3610
f 3611 3610 3683
f 3684 3682 3612
f 3612 3682 3610
f 3611 3683 3613
f 3613 3683 3685
f 3612 3617 3684
f 3686 3684 3617
f 3687 3614 3685
f 3613 3685 3614
f 3616 3614 3688
f 3687 3688 3614
f 3616 3689 3615
f 3664 3615 3689
f 3664 3618 3615
f 3690 3689 3616
f 3690 3616 3691
f 3691 3616 3688
f 3617 3619 3686
f 3692 3686 3619
f 3693 3692 3680
f 3619 3680 3692
f 3632 3694 3620
f 3621 3620 3694
f 3694 3695 3621
f 3696 3621 3695
f 3621 3696 3622
f 3697 3622 3696
f 3622 3697 3640
f 3640 3697 3698
f 3699 3623 3700
f 3700 3623 3624
f 3700 3624 3701
f 3701 3624 3625
f 3702 3626 3699
f 3623 3699 3626
f 3701 3625 3703
f 3630 3703 3625
f 3702 3704 3626
f 3631 3626 3704
f 3628 3705 3627
f 3706 3627 3705
f 3628 3707 3705
f 3708 3705 3707
f 3707 3628 3629
f 3630 3627 3709
f 3706 3709 3627
f 3629 3710 3707
f 3629 3633 3710
f 3703 3630 3711
f 3709 3711 3630
f 3704 3712 3631
f 3632 3631 3712
f 3712 3713 3632
f 3694 3632 3713
f 3633 3634 3714
f 3634 3715 3714
f 3634 3716 3715
f 3634 3635 3716
f 3633 3717 3710
f 3633 3714 3717
f 3635 3636 3718
f 3719 3635 3718
f 3635 3719 3716
f 3718 3636 3638
f 3720 3638 3663
f 3638 3720 3718
f 3659 3639 3646
f 3721 3641 3698
f 3640 3698 3641
f 3641 3721 3642
f 3642 3721 3722
f 3642 3722 3643
f 3722 3723 3643
f 3723 3724 3643
f 3644 3643 3724
f 3647 3644 3724
f 3659 3646 3660
f 3725 3660 3646
f 3646 3647 3725
f 3725 3647 3726
f 3647 3724 3726
f 3649 3648 3727
f 3648 3728 3727
f 3729 3728 3650
f 3648 3650 3728
f 3730 3651 3727
f 3649 3727 3651
f 3653 3731 3650
f 3729 3650 3731
f 3732 3654 3730
f 3730 3654 3651
f 3653 3652 3733
f 3734 3733 3652
f 3652 3655 3734
f 3653 3733 3735
f 3736 3653 3735
f 3731 3653 3736
f 3654 3732 3657
f 3737 3657 3732
f 3655 3656 3662
f 3734 3655 3738
f 3662 3738 3655
f 3657 3737 3658
f 3739 3658 3737
f 3740 3681 3739
f 3658 3739 3681
f 3660 3726 3661
f 3660 3725 3726
f 3726 3741 3661
f 3662 3661 3741
f 3738 3662 3742
f 3741 3742 3662
f 3666 3743 3663
f 3663 3743 3720
f 3689 3744 3664
f 3744 3665 3664
f 3665 3744 3666
f 3745 3666 3744
f 3746 3743 3745
f 3666 3745 3743
f 3747 3748 3668
f 3667 3668 3748
f 3667 3748 3669
f 3749 3669 3748
f 3747 3668 3750
f 3670 3750 3668
f 3751 3671 3749
f 3669 3749 3671
f 3670 3672 3750
f 3750 3672 3752
f 3753 3673 3751
f 3751 3673 3671
f 3754 3752 3674
f 3672 3674 3752
f 3675 3673 3755
f 3753 3755 3673
f 3756 3754 3676
f 3674 3676 3754
f 3675 3755 3677
f 3757 3677 3755
f 3678 3758 3676
f 3756 3676 3758
f 3677 3757 3680
f 3757 3759 3680
f 3678 3679 3758
f 3760 3758 3679
f 3679 3681 3760
f 3760 3681 3761
f 3680 3759 3693
f 3762 3693 3759
f 3681 3740 3761
f 3763 3761 3740
f 3683 3682 3764
f 3765 3764 3682
f 3682 3684 3765
f 3766 3765 3684
f 3764 3767 3683
f 3683 3767 3685
f 3684 3686 3766
f 3768 3766 3686
f 3685 3767 3687
f 3769 3768 3692
f 3692 3768 3686
f 3770 3771 3687
f 3688 3687 3771
f 3772 3770 3767
f 3687 3767 3770
f 3771 3773 3688
f 3774 3688 3773
f 3774 3775 3688
f 3775 3691 3688
f 3690 3776 3689
f 3776 3744 3689
f 3777 3690 3691
f 3777 3776 3690
f 3691 3775 3777
f 3778 3777 3775
f 3692 3693 3769
f 3769 3693 3779
f 3693 3762 3779
f 3780 3779 3762
f 3713 3781 3694
f 3695 3694 3781
f 3781 3782 3695
f 3783 3695 3782
f 3695 3783 3696
f 3783 3784 3696
f 3697 3696 3785
f 3784 3785 3696
f 3697 3785 3786
f 3787 3786 3785
f 3698 3697 3786
f 3786 3788 3698
f 3788 3721 3698
f 3749 3700 3751
f 3701 3751 3700
f 3700 3749 3699
f 3699 3749 3748
f 3699 3748 3702
f 3702 3748 3747
f 3751 3701 3753
f 3703 3753 3701
f 3704 3702 3750
f 3702 3747 3750
f 3753 3703 3755
f 3711 3755 3703
f 3712 3704 3752
f 3752 3704 3750
f 3705 3789 3706
f 3789 3790 3706
f 3705 3791 3789
f 3789 3791 3792
f 3791 3705 3793
f 3708 3793 3705
f 3794 3709 3790
f 3706 3790 3709
f 3795 3708 3710
f 3710 3708 3707
f 3795 3793 3708
f 3711 3709 3796
f 3794 3796 3709
f 3710 3717 3795
f 3797 3795 3717
f 3796 3757 3711
f 3755 3711 3757
f 3752 3754 3712
f 3712 3754 3713
f 3754 3756 3713
f 3781 3713 3756
f 3714 3797 3717
f 3714 3798 3797
f 3715 3798 3714
f 3716 3799 3715
f 3798 3715 3799
f 3716 3800 3799
f 3719 3800 3716
f 3743 3801 3720
f 3718 3720 3801
f 3801 3719 3718
f 3800 3719 3801
f 3788 3802 3721
f 3802 3803 3721
f 3803 3722 3721
f 3803 3804 3722
f 3804 3805 3722
f 3805 3723 3722
f 3806 3724 3723
f 3806 3723 3807
f 3805 3807 3723
f 3726 3724 3806
f 3741 3726 3808
f 3806 3808 3726
f 3809 3727 3810
f 3810 3727 3728
f 3729 3810 3728
f 3727 3809 3730
f 3811 3730 3809
f 3812 3729 3813
f 3731 3813 3729
f 3814 3810 3812
f 3810 3729 3812
f 3730 3811 3732
f 3815 3732 3811
f 3813 3731 3816
f 3817 3816 3731
f 3731 3818 3817
f 3731 3736 3818
f 3732 3815 3737
f 3819 3737 3815
f 3734 3820 3733
f 3734 3738 3820
f 3733 3821 3735
f 3733 3820 3821
f 3736 3735 3822
f 3735 3821 3822
f 3736 3822 3818
f 3823 3818 3822
f 3824 3739 3819
f 3819 3739 3737
f 3738 3742 3820
f 3825 3820 3742
f 3739 3824 3740
f 3740 3824 3826
f 3740 3826 3763
f 3827 3763 3826
f 3742 3741 3828
f 3828 3741 3808
f 3829 3825 3828
f 3742 3828 3825
f 3746 3801 3743
f 3776 3745 3744
f 3746 3745 3830
f 3776 3830 3745
f 3746 3800 3801
f 3830 3831 3746
f 3831 3800 3746
f 3756 3758 3781
f 3782 3781 3758
f 3757 3796 3759
f 3832 3759 3796
f 3833 3782 3760
f 3758 3760 3782
f 3759 3832 3762
f 3834 3762 3832
f 3760 3761 3833
f 3835 3833 3761
f 3761 3763 3835
f 3836 3835 3763
f 3762 3834 3780
f 3834 3837 3780
f 3763 3827 3836
f 3836 3827 3838
f 3839 3764 3840
f 3765 3840 3764
f 3765 3766 3840
f 3841 3840 3766
f 3767 3764 3772
f 3839 3772 3764
f 3766 3768 3841
f 3842 3841 3768
f 3768 3769 3842
f 3843 3842 3769
f 3769 3779 3843
f 3779 3844 3843
f 3845 3846 3770
f 3771 3770 3846
f 3770 3772 3845
f 3845 3772 3847
f 3846 3848 3771
f 3849 3771 3848
f 3849 3850 3771
f 3850 3773 3771
f 3851 3847 3839
f 3772 3839 3847
f 3852 3853 3773
f 3853 3774 3773
f 3850 3852 3773
f 3853 3778 3774
f 3775 3774 3778
f 3854 3776 3777
f 3855 3776 3854
f 3855 3830 3776
f 3778 3856 3777
f 3856 3854 3777
f 3778 3853 3856
f 3853 3857 3856
f 3858 3844 3780
f 3779 3780 3844
f 3780 3837 3858
f 3859 3858 3837
f 3782 3833 3783
f 3860 3783 3833
f 3860 3861 3783
f 3784 3783 3861
f 3785 3784 3862
f 3862 3784 3861
f 3785 3862 3863
f 3864 3863 3862
f 3863 3865 3785
f 3787 3785 3865
f 3787 3865 3866
f 3866 3788 3787
f 3788 3786 3787
f 3788 3866 3802
f 3867 3802 3866
f 3789 3868 3790
f 3790 3868 3869
f 3870 3868 3871
f 3871 3868 3789
f 3871 3789 3792
f 3872 3794 3869
f 3790 3869 3794
f 3791 3873 3792
f 3793 3795 3791
f 3874 3791 3795
f 3874 3873 3791
f 3875 3871 3876
f 3792 3876 3871
f 3873 3876 3792
f 3832 3796 3872
f 3872 3796 3794
f 3877 3874 3797
f 3797 3874 3795
f 3798 3877 3797
f 3799 3877 3798
f 3800 3831 3799
f 3877 3799 3831
f 3802 3867 3803
f 3867 3878 3803
f 3803 3878 3804
f 3805 3804 3879
f 3878 3879 3804
f 3879 3880 3805
f 3805 3880 3807
f 3828 3808 3881
f 3806 3881 3808
f 3806 3807 3881
f 3881 3807 3880
f 3810 3814 3809
f 3882 3809 3814
f 3882 3883 3809
f 3811 3809 3883
f 3811 3883 3815
f 3884 3815 3883
f 3885 3812 3886
f 3813 3886 3812
f 3886 3813 3887
f 3888 3887 3813
f 3813 3889 3888
f 3813 3816 3889
f 3812 3885 3814
f 3814 3885 3890
f 3891 3882 3890
f 3814 3890 3882
f 3815 3884 3819
f 3892 3819 3884
f 3893 3817 3823
f 3818 3823 3817
f 3894 3816 3893
f 3817 3893 3816
f 3816 3894 3889
f 3819 3892 3824
f 3895 3824 3892
f 3820 3825 3821
f 3829 3896 3825
f 3821 3825 3896
f 3822 3821 3897
f 3897 3821 3898
f 3821 3896 3898
f 3822 3899 3823
f 3822 3897 3899
f 3823 3899 3893
f 3893 3899 3900
f 3824 3895 3826
f 3895 3901 3826
f 3902 3827 3901
f 3901 3827 3826
f 3827 3902 3838
f 3903 3838 3902
f 3828 3881 3829
f 3881 3880 3829
f 3829 3904 3896
f 3829 3880 3904
f 3830 3855 3905
f 3906 3905 3855
f 3905 3831 3830
f 3907 3831 3905
f 3908 3877 3907
f 3907 3877 3831
f 3834 3832 3909
f 3872 3909 3832
f 3835 3910 3833
f 3910 3860 3833
f 3834 3909 3837
f 3911 3837 3909
f 3836 3912 3835
f 3910 3835 3912
f 3836 3838 3912
f 3913 3912 3838
f 3837 3911 3859
f 3911 3914 3859
f 3838 3903 3913
f 3913 3903 3915
f 3840 3916 3839
f 3916 3851 3839
f 3840 3841 3916
f 3917 3916 3841
f 3841 3842 3917
f 3918 3917 3842
f 3842 3843 3918
f 3918 3843 3919
f 3843 3844 3919
f 3920 3919 3844
f 3920 3844 3921
f 3921 3844 3858
f 3846 3845 3922
f 3923 3922 3845
f 3845 3924 3923
f 3925 3923 3924
f 3847 3924 3845
f 3926 3848 3846
f 3922 3927 3846
f 3926 3846 3927
f 3847 3851 3924
f 3851 3928 3924
f 3929 3930 3848
f 3849 3848 3930
f 3929 3848 3931
f 3926 3931 3848
f 3850 3849 3932
f 3930 3932 3849
f 3932 3852 3850
f 3933 3928 3916
f 3851 3916 3928
f 3857 3853 3934
f 3852 3934 3853
f 3935 3852 3932
f 3852 3935 3934
f 3934 3935 3936
f 3937 3855 3856
f 3854 3856 3855
f 3855 3937 3906
f 3938 3906 3937
f 3939 3937 3857
f 3857 3937 3856
f 3857 3934 3939
f 3939 3934 3940
f 3936 3940 3934
f 3921 3858 3941
f 3859 3941 3858
f 3859 3914 3941
f 3942 3941 3914
f 3910 3943 3860
f 3861 3860 3943
f 3862 3861 3944
f 3944 3861 3943
f 3945 3946 3944
f 3944 3946 3862
f 3864 3862 3946
f 3947 3948 3946
f 3864 3946 3948
f 3864 3949 3863
f 3864 3948 3949
f 3865 3863 3866
f 3950 3866 3863
f 3863 3949 3950
f 3951 3867 3950
f 3950 3867 3866
f 3867 3951 3878
f 3868 3952 3869
f 3953 3869 3952
f 3954 3952 3955
f 3868 3955 3952
f 3955 3868 3870
f 3869 3953 3872
f 3909 3872 3953
f 3871 3875 3870
f 3875 3956 3870
f 3955 3870 3957
f 3956 3957 3870
f 3873 3958 3876
f 3874 3958 3873
f 3874 3877 3958
f 3959 3875 3960
f 3960 3875 3876
f 3958 3960 3876
f 3961 3956 3959
f 3875 3959 3956
f 3877 3908 3958
f 3878 3951 3879
f 3880 3879 3904
f 3951 3904 3879
f 3883 3882 3962
f 3962 3882 3891
f 3883 3962 3884
f 3963 3884 3962
f 3884 3963 3892
f 3964 3892 3963
f 3886 3965 3885
f 3966 3885 3965
f 3886 3887 3967
f 3965 3886 3968
f 3967 3968 3886
f 3885 3966 3969
f 3970 3969 3966
f 3885 3969 3890
f 3889 3971 3888
f 3972 3888 3971
f 3973 3887 3972
f 3888 3972 3887
f 3973 3974 3887
f 3967 3887 3974
f 3889 3894 3971
f 3890 3969 3891
f 3891 3969 3975
f 3976 3962 3975
f 3891 3975 3962
f 3892 3964 3895
f 3964 3977 3895
f 3900 3978 3893
f 3894 3893 3978
f 3971 3894 3979
f 3894 3978 3979
f 3980 3979 3978
f 3895 3977 3901
f 3981 3901 3977
f 3896 3982 3898
f 3983 3898 3982
f 3896 3904 3982
f 3984 3899 3898
f 3897 3898 3899
f 3898 3983 3984
f 3984 3983 3985
f 3986 3900 3984
f 3984 3900 3899
f 3900 3986 3978
f 3986 3987 3978
f 3980 3978 3987
f 3981 3988 3901
f 3902 3901 3988
f 3988 3989 3902
f 3903 3902 3989
f 3903 3989 3915
f 3990 3915 3989
f 3982 3904 3991
f 3992 3991 3951
f 3991 3904 3951
f 3938 3905 3906
f 3907 3905 3993
f 3905 3938 3993
f 3993 3994 3907
f 3908 3907 3994
f 3958 3908 3960
f 3908 3994 3960
f 3911 3909 3995
f 3995 3909 3953
f 3943 3910 3996
f 3912 3996 3910
f 3914 3911 3997
f 3995 3997 3911
f 3913 3998 3912
f 3998 3996 3912
f 3915 3999 3913
f 3998 3913 3999
f 4000 3942 3997
f 3914 3997 3942
f 4001 3999 3990
f 3915 3990 3999
f 4002 3933 3917
f 3916 3917 3933
f 4003 4002 3918
f 3917 3918 4002
f 3918 3919 4003
f 4004 4003 3919
f 3919 3920 4004
f 4005 4004 3920
f 4005 3920 4006
f 3921 4006 3920
f 4006 3921 4007
f 3941 4007 3921
f 4008 4009 3923
f 3923 4009 3922
f 4008 3923 4010
f 3925 4010 3923
f 3922 4009 4011
f 4012 4011 4009
f 4011 4013 3922
f 4013 3927 3922
f 3924 3928 3925
f 4014 3925 3928
f 4015 4010 4014
f 3925 4014 4010
f 4016 3931 3927
f 3931 3926 3927
f 4013 4017 3927
f 4017 4016 3927
f 4018 4014 3933
f 3928 3933 4014
f 3930 3929 4019
f 4020 4019 3929
f 4020 3929 4021
f 3931 4021 3929
f 3930 4019 3932
f 3935 3932 4019
f 3931 4016 4021
f 4022 4021 4016
f 3933 4002 4018
f 4023 4018 4002
f 4019 4024 3935
f 4024 3936 3935
f 4025 3940 3936
f 3936 4024 4025
f 4026 4025 4024
f 3937 3939 3938
f 4027 3938 3939
f 4027 4028 3938
f 3993 3938 4028
f 3939 3940 4027
f 4029 4027 3940
f 4025 4029 3940
f 4007 3941 4030
f 3942 4030 3941
f 3942 4000 4030
f 4031 4030 4000
f 3944 3943 4032
f 3996 4032 3943
f 4033 4034 4032
f 3944 4032 4034
f 3945 3944 4034
f 4034 4035 3945
f 4036 3945 4035
f 3946 3945 3947
f 4036 3947 3945
f 4037 4038 4036
f 3947 4036 4038
f 4038 4039 3947
f 4039 3948 3947
f 3948 4040 3949
f 3948 4039 4040
f 3949 4040 3950
f 4040 3951 3950
f 4040 3992 3951
f 3995 3953 4041
f 3952 4041 3953
f 4041 3952 4042
f 3954 4042 3952
f 3957 4043 3955
f 4043 3954 3955
f 3954 4043 4042
f 4044 4042 4043
f 3956 4045 3957
f 3956 3961 4045
f 4043 3957 4046
f 4045 4046 3957
f 3960 3994 3959
f 4047 3961 3959
f 3994 4047 3959
f 3961 4048 4045
f 4049 4048 4029
f 3961 4029 4048
f 4047 4029 3961
f 4050 3963 3976
f 3962 3976 3963
f 4051 3964 4050
f 3963 4050 3964
f 3964 4051 3977
f 4052 3977 4051
f 4053 3966 4054
f 4054 3966 3965
f 3965 4055 4054
f 4056 4054 4055
f 3965 4057 4055
f 3965 3968 4057
f 4053 4058 3966
f 3970 3966 4058
f 4059 3968 3974
f 3974 3968 3967
f 3968 4060 4057
f 3968 4059 4060
f 3969 3970 3975
f 4061 3975 3970
f 4062 4061 4058
f 3970 4058 4061
f 3972 3971 4063
f 3979 4063 3971
f 3972 4063 3973
f 4064 3973 4063
f 4064 4065 3973
f 3974 3973 4065
f 3974 4065 4059
f 4066 4059 4065
f 4067 3976 4061
f 3975 4061 3976
f 3976 4067 4050
f 4067 4068 4050
f 3977 4052 3981
f 4069 3981 4052
f 4063 3979 4070
f 3980 4070 3979
f 3980 3987 4071
f 3980 4071 4070
f 4072 4070 4071
f 4069 4073 3981
f 3988 3981 4073
f 3983 3982 3985
f 3991 4074 3982
f 3982 4074 3985
f 3984 3985 3986
f 4075 3986 3985
f 4075 3985 4076
f 4074 4076 3985
f 3986 4075 3987
f 4077 3987 4075
f 3987 4077 4071
f 4073 4078 3988
f 3989 3988 4078
f 4078 4079 3989
f 3990 3989 4079
f 3990 4079 4001
f 4080 4001 4079
f 4074 3991 4081
f 3992 4081 3991
f 4039 3992 4040
f 4039 4081 3992
f 4028 4047 3993
f 3994 3993 4047
f 4041 4082 3995
f 3997 3995 4082
f 3998 4083 3996
f 4032 3996 4083
f 4000 3997 4084
f 4082 4084 3997
f 4083 3998 4085
f 3999 4085 3998
f 4001 4086 3999
f 4085 3999 4086
f 4031 4000 4087
f 4084 4087 4000
f 4080 4088 4001
f 4086 4001 4088
f 4002 4003 4023
f 4023 4003 4089
f 4003 4004 4089
f 4090 4089 4004
f 4091 4090 4005
f 4004 4005 4090
f 4006 4092 4005
f 4091 4005 4092
f 4092 4006 4093
f 4007 4093 4006
f 4030 4094 4007
f 4093 4007 4094
f 4009 4008 4095
f 4096 4095 4008
f 4096 4008 4097
f 4097 4008 4010
f 4095 4098 4009
f 4099 4009 4098
f 4099 4100 4009
f 4100 4012 4009
f 4101 4097 4015
f 4010 4015 4097
f 4102 4011 4103
f 4012 4103 4011
f 4012 4100 4103
f 4104 4103 4100
f 4011 4102 4013
f 4105 4013 4102
f 4105 4017 4013
f 4015 4014 4106
f 4018 4106 4014
f 4106 4107 4015
f 4101 4015 4107
f 4017 4022 4016
f 4017 4108 4022
f 4105 4109 4017
f 4109 4108 4017
f 4110 4106 4023
f 4018 4023 4106
f 4024 4019 4111
f 4020 4111 4019
f 4021 4112 4020
f 4111 4020 4112
f 4112 4021 4113
f 4113 4021 4022
f 4108 4113 4022
f 4023 4089 4110
f 4114 4110 4089
f 4115 4026 4111
f 4024 4111 4026
f 4116 4029 4025
f 4025 4026 4116
f 4117 4116 4026
f 4026 4115 4117
f 4118 4117 4115
f 4029 4028 4027
f 4028 4029 4047
f 4029 4116 4049
f 4030 4031 4094
f 4094 4031 4119
f 4119 4031 4120
f 4087 4120 4031
f 4083 4121 4032
f 4121 4033 4032
f 4033 4121 4122
f 4123 4122 4121
f 4035 4034 4122
f 4034 4033 4122
f 4122 4124 4035
f 4125 4035 4124
f 4035 4125 4036
f 4125 4037 4036
f 4125 4126 4037
f 4127 4077 4126
f 4037 4126 4077
f 4038 4037 4128
f 4037 4077 4128
f 4038 4081 4039
f 4038 4128 4081
f 4082 4041 4129
f 4130 4129 4041
f 4130 4041 4042
f 4042 4044 4130
f 4131 4130 4044
f 4046 4132 4043
f 4044 4043 4132
f 4133 4131 4132
f 4044 4132 4131
f 4048 4134 4045
f 4046 4045 4134
f 4046 4135 4132
f 4046 4134 4135
f 4049 4134 4048
f 4134 4049 4117
f 4116 4117 4049
f 4050 4068 4051
f 4136 4051 4068
f 4051 4136 4052
f 4137 4052 4136
f 4138 4069 4137
f 4137 4069 4052
f 4054 4139 4053
f 4140 4053 4139
f 4139 4054 4141
f 4142 4141 4054
f 4054 4143 4142
f 4054 4056 4143
f 4144 4053 4140
f 4058 4053 4144
f 4055 4057 4145
f 4146 4145 4057
f 4145 4147 4055
f 4056 4055 4147
f 4056 4147 4143
f 4148 4143 4147
f 4057 4060 4146
f 4149 4062 4144
f 4058 4144 4062
f 4059 4066 4060
f 4066 4150 4060
f 4060 4151 4146
f 4060 4150 4151
f 4062 4152 4061
f 4152 4067 4061
f 4152 4062 4153
f 4149 4153 4062
f 4070 4154 4063
f 4064 4063 4154
f 4065 4064 4155
f 4154 4155 4064
f 4155 4156 4065
f 4065 4156 4066
f 4066 4156 4150
f 4157 4068 4152
f 4067 4152 4068
f 4068 4157 4136
f 4158 4136 4157
f 4073 4069 4159
f 4138 4159 4069
f 4160 4154 4072
f 4070 4072 4154
f 4071 4077 4161
f 4071 4161 4072
f 4162 4072 4161
f 4072 4162 4160
f 4163 4160 4162
f 4159 4164 4073
f 4078 4073 4164
f 4076 4074 4128
f 4081 4128 4074
f 4075 4076 4077
f 4128 4077 4076
f 4127 4161 4077
f 4079 4078 4165
f 4164 4165 4078
f 4079 4165 4080
f 4165 4166 4080
f 4166 4167 4080
f 4080 4167 4088
f 4084 4082 4168
f 4129 4168 4082
f 4085 4169 4083
f 4170 4083 4169
f 4121 4083 4170
f 4171 4087 4172
f 4084 4172 4087
f 4172 4084 4168
f 4086 4173 4085
f 4169 4085 4173
f 4174 4175 4088
f 4086 4088 4175
f 4173 4086 4175
f 4120 4087 4171
f 4174 4088 4167
f 4089 4090 4114
f 4114 4090 4176
f 4177 4176 4091
f 4090 4091 4176
f 4092 4178 4091
f 4177 4091 4178
f 4178 4092 4179
f 4093 4179 4092
f 4179 4093 4180
f 4094 4180 4093
f 4119 4181 4094
f 4180 4094 4181
f 4182 4095 4183
f 4096 4183 4095
f 4184 4096 4097
f 4184 4185 4096
f 4183 4096 4185
f 4095 4182 4186
f 4187 4186 4182
f 4186 4188 4095
f 4188 4098 4095
f 4189 4184 4101
f 4101 4184 4097
f 4098 4190 4099
f 4190 4098 4191
f 4188 4191 4098
f 4192 4104 4099
f 4104 4100 4099
f 4190 4192 4099
f 4107 4193 4101
f 4189 4101 4193
f 4194 4102 4195
f 4103 4195 4102
f 4104 4196 4103
f 4195 4103 4196
f 4109 4105 4194
f 4102 4194 4105
f 4104 4192 4196
f 4196 4192 4197
f 4198 4107 4110
f 4107 4106 4110
f 4107 4198 4193
f 4198 4199 4193
f 4108 4200 4113
f 4201 4113 4200
f 4109 4202 4108
f 4202 4200 4108
f 4203 4109 4194
f 4203 4202 4109
f 4204 4198 4114
f 4110 4114 4198
f 4205 4115 4112
f 4111 4112 4115
f 4112 4113 4205
f 4201 4205 4113
f 4114 4176 4204
f 4206 4204 4176
f 4205 4118 4115
f 4134 4117 4207
f 4207 4117 4118
f 4208 4118 4201
f 4205 4201 4118
f 4118 4208 4207
f 4120 4209 4119
f 4209 4181 4119
f 4209 4120 4210
f 4211 4210 4120
f 4120 4171 4211
f 4121 4170 4123
f 4212 4123 4170
f 4213 4214 4212
f 4123 4212 4214
f 4124 4122 4214
f 4123 4214 4122
f 4214 4215 4124
f 4215 4216 4124
f 4126 4125 4216
f 4124 4216 4125
f 4126 4216 4127
f 4216 4162 4127
f 4161 4127 4162
f 4129 4130 4217
f 4131 4217 4130
f 4218 4168 4217
f 4129 4217 4168
f 4131 4219 4217
f 4131 4133 4219
f 4135 4133 4132
f 4133 4220 4219
f 4133 4221 4220
f 4133 4208 4221
f 4207 4133 4135
f 4207 4208 4133
f 4134 4207 4135
f 4136 4158 4137
f 4222 4137 4158
f 4223 4138 4222
f 4137 4222 4138
f 4159 4138 4224
f 4223 4224 4138
f 4225 4226 4139
f 4140 4139 4226
f 4139 4227 4225
f 4228 4225 4227
f 4139 4229 4227
f 4139 4141 4229
f 4144 4140 4230
f 4230 4140 4231
f 4226 4231 4140
f 4232 4142 4148
f 4148 4142 4143
f 4142 4233 4141
f 4142 4232 4233
f 4233 4234 4141
f 4229 4141 4234
f 4235 4149 4230
f 4230 4149 4144
f 4151 4236 4146
f 4145 4146 4236
f 4236 4237 4145
f 4145 4237 4147
f 4148 4147 4238
f 4237 4238 4147
f 4148 4238 4232
f 4239 4232 4238
f 4153 4149 4240
f 4235 4240 4149
f 4150 4156 4241
f 4242 4241 4156
f 4150 4243 4151
f 4150 4241 4243
f 4236 4151 4244
f 4151 4243 4244
f 4245 4157 4153
f 4153 4157 4152
f 4153 4240 4245
f 4245 4240 4246
f 4247 4155 4160
f 4154 4160 4155
f 4155 4247 4156
f 4242 4156 4247
f 4248 4158 4245
f 4157 4245 4158
f 4158 4248 4222
f 4249 4222 4248
f 4224 4250 4159
f 4164 4159 4250
f 4160 4163 4247
f 4216 4251 4162
f 4162 4251 4163
f 4252 4242 4163
f 4247 4163 4242
f 4251 4252 4163
f 4250 4253 4164
f 4164 4253 4165
f 4166 4165 4254
f 4253 4254 4165
f 4167 4166 4255
f 4255 4166 4254
f 4255 4256 4167
f 4257 4167 4256
f 4257 4174 4167
f 4218 4258 4168
f 4172 4168 4258
f 4259 4260 4173
f 4169 4173 4260
f 4169 4260 4170
f 4212 4170 4260
f 4258 4171 4172
f 4171 4261 4211
f 4171 4262 4261
f 4258 4262 4171
f 4259 4173 4263
f 4175 4263 4173
f 4257 4264 4174
f 4264 4265 4174
f 4175 4174 4263
f 4174 4265 4263
f 4266 4206 4177
f 4176 4177 4206
f 4266 4177 4267
f 4178 4267 4177
f 4267 4178 4268
f 4179 4268 4178
f 4268 4179 4269
f 4180 4269 4179
f 4269 4180 4270
f 4180 4181 4270
f 4270 4181 4271
f 4209 4271 4181
f 4183 4272 4182
f 4273 4182 4272
f 4274 4272 4275
f 4183 4275 4272
f 4275 4183 4185
f 4187 4182 4276
f 4182 4273 4276
f 4277 4276 4273
f 4189 4278 4184
f 4185 4184 4278
f 4279 4275 4278
f 4185 4278 4275
f 4187 4280 4186
f 4276 4281 4187
f 4281 4280 4187
f 4186 4282 4188
f 4280 4282 4186
f 4282 4191 4188
f 4283 4278 4193
f 4189 4193 4278
f 4192 4190 4197
f 4284 4197 4190
f 4285 4284 4191
f 4190 4191 4284
f 4191 4282 4285
f 4286 4285 4282
f 4193 4199 4283
f 4199 4287 4283
f 4195 4288 4194
f 4194 4288 4203
f 4195 4196 4288
f 4289 4288 4196
f 4290 4289 4197
f 4196 4197 4289
f 4290 4197 4291
f 4284 4291 4197
f 4292 4199 4204
f 4198 4204 4199
f 4199 4292 4287
f 4293 4287 4292
f 4200 4208 4201
f 4202 4208 4200
f 4294 4202 4203
f 4294 4208 4202
f 4288 4295 4203
f 4294 4203 4295
f 4296 4292 4206
f 4206 4292 4204
f 4206 4266 4296
f 4296 4266 4297
f 4208 4294 4221
f 4298 4221 4294
f 4299 4209 4210
f 4209 4299 4271
f 4261 4210 4211
f 4210 4300 4299
f 4301 4300 4261
f 4210 4261 4300
f 4260 4302 4212
f 4302 4213 4212
f 4302 4303 4213
f 4303 4304 4213
f 4304 4252 4213
f 4214 4213 4215
f 4215 4213 4251
f 4213 4252 4251
f 4215 4251 4216
f 4219 4305 4217
f 4218 4217 4305
f 4218 4305 4258
f 4219 4220 4305
f 4220 4306 4305
f 4220 4221 4306
f 4221 4298 4306
f 4307 4306 4298
f 4308 4223 4249
f 4222 4249 4223
f 4308 4309 4223
f 4224 4223 4309
f 4309 4310 4224
f 4250 4224 4310
f 4226 4225 4311
f 4312 4311 4225
f 4228 4313 4225
f 4225 4313 4312
f 4314 4312 4313
f 4315 4316 4311
f 4226 4311 4316
f 4231 4226 4316
f 4229 4317 4227
f 4227 4318 4228
f 4227 4317 4318
f 4228 4319 4313
f 4228 4318 4319
f 4229 4234 4317
f 4235 4230 4320
f 4231 4320 4230
f 4321 4320 4316
f 4231 4316 4320
f 4232 4239 4233
f 4322 4233 4239
f 4323 4234 4322
f 4233 4322 4234
f 4234 4323 4317
f 4324 4317 4323
f 4325 4240 4320
f 4235 4320 4240
f 4237 4236 4326
f 4326 4236 4244
f 4237 4326 4238
f 4238 4326 4327
f 4328 4239 4327
f 4238 4327 4239
f 4328 4329 4239
f 4322 4239 4329
f 4240 4325 4246
f 4246 4325 4330
f 4242 4252 4241
f 4241 4252 4243
f 4244 4243 4331
f 4243 4252 4331
f 4326 4244 4332
f 4331 4332 4244
f 4333 4248 4246
f 4245 4246 4248
f 4246 4330 4333
f 4334 4333 4330
f 4335 4249 4333
f 4248 4333 4249
f 4249 4335 4308
f 4335 4336 4308
f 4310 4337 4250
f 4253 4250 4337
f 4252 4304 4331
f 4338 4331 4304
f 4337 4339 4253
f 4254 4253 4339
f 4339 4340 4254
f 4255 4254 4340
f 4256 4255 4341
f 4340 4341 4255
f 4341 4342 4256
f 4257 4256 4264
f 4343 4264 4342
f 4256 4342 4264
f 4344 4262 4258
f 4305 4344 4258
f 4263 4345 4259
f 4302 4260 4345
f 4259 4345 4260
f 4262 4301 4261
f 4262 4346 4301
f 4344 4346 4262
f 4263 4265 4347
f 4263 4347 4345
f 4264 4343 4265
f 4343 4348 4265
f 4265 4348 4347
f 4349 4297 4267
f 4266 4267 4297
f 4349 4267 4350
f 4268 4350 4267
f 4350 4268 4351
f 4269 4351 4268
f 4351 4269 4352
f 4269 4270 4352
f 4352 4270 4353
f 4271 4353 4270
f 4354 4353 4299
f 4271 4299 4353
f 4273 4272 4355
f 4356 4355 4272
f 4274 4357 4272
f 4356 4272 4357
f 4358 4277 4273
f 4355 4359 4273
f 4358 4273 4359
f 4279 4360 4275
f 4274 4275 4360
f 4357 4274 4361
f 4360 4361 4274
f 4354 4362 4276
f 4362 4281 4276
f 4354 4276 4363
f 4277 4363 4276
f 4364 4363 4358
f 4358 4363 4277
f 4279 4278 4365
f 4283 4365 4278
f 4365 4366 4279
f 4360 4279 4366
f 4282 4280 4286
f 4286 4280 4367
f 4367 4280 4368
f 4368 4280 4281
f 4362 4368 4281
f 4369 4365 4287
f 4287 4365 4283
f 4285 4370 4284
f 4291 4284 4370
f 4286 4371 4285
f 4370 4285 4371
f 4371 4286 4372
f 4286 4367 4372
f 4373 4369 4293
f 4287 4293 4369
f 4288 4289 4295
f 4374 4295 4289
f 4289 4290 4374
f 4375 4374 4290
f 4376 4375 4291
f 4290 4291 4375
f 4377 4291 4370
f 4378 4291 4377
f 4378 4376 4291
f 4379 4293 4296
f 4296 4293 4292
f 4380 4373 4379
f 4293 4379 4373
f 4381 4298 4295
f 4294 4295 4298
f 4374 4381 4295
f 4296 4297 4379
f 4379 4297 4382
f 4297 4349 4382
f 4383 4382 4349
f 4298 4381 4307
f 4300 4384 4299
f 4299 4384 4354
f 4300 4385 4384
f 4300 4386 4385
f 4387 4386 4301
f 4300 4301 4386
f 4346 4387 4301
f 4345 4303 4302
f 4345 4388 4303
f 4388 4304 4303
f 4304 4388 4338
f 4389 4338 4388
f 4305 4306 4344
f 4306 4390 4344
f 4306 4307 4390
f 4307 4391 4390
f 4307 4381 4391
f 4392 4391 4381
f 4393 4309 4336
f 4308 4336 4309
f 4393 4394 4309
f 4310 4309 4394
f 4394 4395 4310
f 4310 4395 4337
f 4312 4396 4311
f 4397 4311 4396
f 4312 4314 4398
f 4396 4312 4399
f 4398 4399 4312
f 4315 4311 4400
f 4397 4400 4311
f 4401 4402 4313
f 4314 4313 4402
f 4403 4398 4402
f 4402 4398 4314
f 4313 4404 4401
f 4313 4319 4404
f 4321 4316 4405
f 4315 4405 4316
f 4400 4406 4315
f 4405 4315 4406
f 4317 4324 4318
f 4318 4324 4407
f 4407 4408 4318
f 4318 4408 4319
f 4319 4408 4404
f 4321 4409 4320
f 4325 4320 4409
f 4409 4321 4410
f 4405 4410 4321
f 4323 4322 4411
f 4329 4411 4322
f 4324 4323 4412
f 4411 4412 4323
f 4412 4413 4324
f 4324 4413 4407
f 4414 4330 4409
f 4409 4330 4325
f 4326 4332 4327
f 4415 4327 4332
f 4327 4415 4328
f 4416 4328 4415
f 4417 4329 4416
f 4328 4416 4329
f 4411 4329 4418
f 4418 4329 4419
f 4329 4417 4419
f 4420 4334 4414
f 4330 4414 4334
f 4421 4332 4338
f 4331 4338 4332
f 4332 4421 4415
f 4422 4335 4334
f 4335 4333 4334
f 4423 4422 4420
f 4334 4420 4422
f 4335 4422 4336
f 4336 4422 4424
f 4336 4424 4393
f 4425 4393 4424
f 4395 4426 4337
f 4339 4337 4426
f 4389 4421 4338
f 4426 4427 4339
f 4340 4339 4427
f 4401 4341 4427
f 4340 4427 4341
f 4341 4428 4342
f 4401 4428 4341
f 4428 4429 4342
f 4429 4430 4342
f 4431 4343 4430
f 4342 4430 4343
f 4343 4431 4348
f 4390 4346 4344
f 4347 4388 4345
f 4346 4432 4387
f 4376 4433 4346
f 4432 4346 4433
f 4391 4346 4390
f 4346 4391 4376
f 4392 4376 4391
f 4347 4348 4434
f 4347 4434 4388
f 4431 4435 4348
f 4417 4348 4436
f 4435 4436 4348
f 4434 4348 4437
f 4348 4417 4437
f 4438 4437 4417
f 4349 4350 4383
f 4439 4383 4350
f 4350 4351 4439
f 4440 4439 4351
f 4351 4352 4440
f 4441 4440 4352
f 4441 4352 4442
f 4353 4442 4352
f 4442 4353 4354
f 4384 4362 4354
f 4363 4443 4354
f 4442 4354 4443
f 4444 4445 4356
f 4355 4356 4445
f 4446 4447 4356
f 4444 4356 4447
f 4446 4356 4357
f 4448 4355 4449
f 4445 4449 4355
f 4448 4450 4355
f 4450 4359 4355
f 4446 4357 4451
f 4361 4451 4357
f 4358 4359 4364
f 4452 4364 4359
f 4359 4450 4452
f 4453 4452 4450
f 4366 4454 4360
f 4361 4360 4454
f 4454 4455 4361
f 4451 4361 4455
f 4362 4456 4368
f 4384 4385 4362
f 4385 4456 4362
f 4443 4363 4457
f 4364 4457 4363
f 4457 4364 4458
f 4452 4458 4364
f 4369 4459 4365
f 4366 4365 4459
f 4459 4460 4366
f 4366 4460 4454
f 4461 4372 4368
f 4367 4368 4372
f 4456 4461 4368
f 4462 4459 4373
f 4369 4373 4459
f 4370 4371 4377
f 4463 4377 4371
f 4371 4372 4463
f 4463 4372 4464
f 4461 4464 4372
f 4465 4462 4380
f 4373 4380 4462
f 4381 4374 4392
f 4375 4392 4374
f 4376 4392 4375
f 4433 4376 4378
f 4466 4378 4463
f 4377 4463 4378
f 4466 4433 4378
f 4379 4382 4380
f 4467 4380 4382
f 4468 4465 4467
f 4380 4467 4465
f 4469 4467 4383
f 4382 4383 4467
f 4383 4439 4469
f 4470 4469 4439
f 4385 4471 4456
f 4386 4471 4385
f 4471 4386 4472
f 4466 4472 4386
f 4432 4386 4387
f 4432 4466 4386
f 4434 4389 4388
f 4434 4437 4389
f 4389 4437 4421
f 4421 4437 4438
f 4393 4425 4394
f 4473 4394 4425
f 4394 4473 4395
f 4474 4395 4473
f 4395 4474 4426
f 4475 4426 4474
f 4476 4397 4477
f 4477 4397 4396
f 4478 4479 4396
f 4477 4396 4479
f 4396 4480 4478
f 4396 4399 4480
f 4481 4397 4482
f 4476 4482 4397
f 4400 4397 4481
f 4398 4403 4399
f 4483 4399 4403
f 4399 4483 4480
f 4484 4480 4483
f 4481 4485 4400
f 4406 4400 4485
f 4401 4404 4428
f 4402 4401 4486
f 4487 4486 4401
f 4401 4427 4487
f 4486 4488 4402
f 4403 4402 4488
f 4488 4489 4403
f 4483 4403 4489
f 4408 4490 4404
f 4404 4429 4428
f 4404 4490 4429
f 4410 4405 4491
f 4406 4491 4405
f 4491 4406 4492
f 4485 4492 4406
f 4493 4408 4413
f 4407 4413 4408
f 4408 4493 4490
f 4414 4409 4494
f 4410 4494 4409
f 4494 4410 4495
f 4410 4491 4495
f 4411 4418 4412
f 4496 4412 4418
f 4412 4496 4413
f 4496 4497 4413
f 4413 4497 4493
f 4498 4420 4494
f 4414 4494 4420
f 4421 4438 4415
f 4416 4415 4438
f 4416 4438 4417
f 4419 4417 4436
f 4499 4496 4419
f 4418 4419 4496
f 4419 4436 4499
f 4500 4423 4498
f 4423 4420 4498
f 4422 4423 4424
f 4501 4424 4423
f 4502 4501 4500
f 4500 4501 4423
f 4503 4425 4501
f 4424 4501 4425
f 4425 4503 4473
f 4504 4473 4503
f 4475 4487 4426
f 4427 4426 4487
f 4490 4505 4429
f 4429 4505 4430
f 4505 4506 4430
f 4499 4430 4506
f 4431 4430 4435
f 4430 4499 4435
f 4433 4466 4432
f 4435 4499 4436
f 4439 4440 4470
f 4507 4470 4440
f 4508 4507 4441
f 4440 4441 4507
f 4508 4441 4443
f 4442 4443 4441
f 4509 4508 4457
f 4443 4457 4508
f 4445 4444 4510
f 4511 4510 4444
f 4512 4511 4513
f 4444 4513 4511
f 4513 4444 4447
f 4514 4445 4515
f 4510 4515 4445
f 4514 4449 4445
f 4447 4446 4516
f 4451 4516 4446
f 4516 4517 4447
f 4513 4447 4517
f 4449 4518 4448
f 4519 4448 4518
f 4514 4520 4449
f 4518 4449 4520
f 4453 4450 4519
f 4448 4519 4450
f 4455 4521 4451
f 4516 4451 4521
f 4453 4458 4452
f 4458 4453 4522
f 4519 4522 4453
f 4455 4454 4523
f 4523 4454 4460
f 4521 4455 4524
f 4523 4524 4455
f 4456 4525 4461
f 4471 4525 4456
f 4526 4509 4458
f 4457 4458 4509
f 4527 4526 4522
f 4458 4522 4526
f 4528 4460 4462
f 4459 4462 4460
f 4528 4529 4460
f 4523 4460 4529
f 4461 4530 4464
f 4525 4530 4461
f 4462 4465 4528
f 4531 4528 4465
f 4472 4463 4532
f 4464 4532 4463
f 4472 4466 4463
f 4530 4532 4464
f 4533 4531 4468
f 4465 4468 4531
f 4534 4468 4469
f 4468 4467 4469
f 4533 4468 4535
f 4534 4535 4468
f 4469 4470 4534
f 4536 4534 4470
f 4470 4507 4536
f 4536 4507 4537
f 4471 4472 4525
f 4538 4472 4532
f 4472 4538 4525
f 4473 4504 4474
f 4539 4474 4504
f 4540 4475 4539
f 4474 4539 4475
f 4540 4486 4475
f 4487 4475 4486
f 4477 4541 4476
f 4542 4476 4541
f 4543 4544 4477
f 4541 4477 4544
f 4477 4479 4543
f 4545 4546 4542
f 4476 4542 4546
f 4482 4476 4546
f 4484 4547 4480
f 4478 4480 4547
f 4479 4478 4548
f 4547 4548 4478
f 4543 4479 4549
f 4548 4549 4479
f 4482 4550 4481
f 4485 4481 4550
f 4550 4482 4551
f 4546 4551 4482
f 4483 4489 4484
f 4489 4552 4484
f 4547 4484 4552
f 4492 4485 4553
f 4550 4553 4485
f 4554 4488 4540
f 4486 4540 4488
f 4555 4489 4554
f 4488 4554 4489
f 4556 4552 4555
f 4489 4555 4552
f 4493 4557 4490
f 4490 4557 4505
f 4492 4558 4491
f 4558 4495 4491
f 4553 4559 4492
f 4558 4492 4559
f 4497 4560 4493
f 4493 4560 4557
f 4561 4498 4495
f 4494 4495 4498
f 4561 4495 4562
f 4558 4562 4495
f 4506 4563 4496
f 4497 4496 4563
f 4496 4499 4506
f 4497 4563 4560
f 4498 4561 4500
f 4561 4564 4500
f 4565 4502 4564
f 4564 4502 4500
f 4566 4503 4502
f 4502 4503 4501
f 4565 4567 4502
f 4566 4502 4567
f 4503 4566 4504
f 4568 4504 4566
f 4504 4568 4539
f 4539 4568 4569
f 4557 4506 4505
f 4563 4506 4570
f 4557 4570 4506
f 4509 4537 4508
f 4537 4507 4508
f 4526 4571 4509
f 4509 4571 4537
f 4510 4511 4572
f 4511 4573 4572
f 4512 4574 4511
f 4573 4511 4574
f 4572 4575 4510
f 4515 4510 4575
f 4517 4576 4513
f 4576 4512 4513
f 4574 4512 4577
f 4576 4577 4512
f 4520 4514 4578
f 4515 4578 4514
f 4575 4579 4515
f 4578 4515 4579
f 4521 4580 4516
f 4517 4516 4580
f 4576 4517 4581
f 4517 4580 4581
f 4520 4582 4518
f 4582 4522 4518
f 4519 4518 4522
f 4583 4582 4578
f 4578 4582 4520
f 4524 4584 4521
f 4580 4521 4584
f 4522 4582 4527
f 4585 4527 4582
f 4523 4529 4524
f 4586 4524 4529
f 4524 4586 4584
f 4587 4584 4586
f 4525 4538 4530
f 4527 4588 4526
f 4588 4571 4526
f 4585 4589 4527
f 4588 4527 4589
f 4528 4531 4529
f 4590 4529 4531
f 4529 4590 4586
f 4591 4586 4590
f 4530 4538 4532
f 4592 4590 4533
f 4531 4533 4590
f 4592 4533 4593
f 4593 4533 4535
f 4534 4536 4535
f 4594 4535 4536
f 4594 4595 4535
f 4593 4535 4595
f 4594 4536 4571
f 4571 4536 4537
f 4554 4540 4569
f 4569 4540 4539
f 4541 4596 4542
f 4542 4596 4597
f 4596 4541 4598
f 4544 4598 4541
f 4545 4542 4599
f 4597 4599 4542
f 4549 4600 4543
f 4544 4543 4600
f 4598 4544 4601
f 4600 4601 4544
f 4551 4546 4602
f 4602 4546 4545
f 4599 4603 4545
f 4602 4545 4603
f 4604 4548 4552
f 4547 4552 4548
f 4548 4604 4549
f 4605 4600 4604
f 4549 4604 4600
f 4553 4550 4606
f 4551 4606 4550
f 4602 4607 4551
f 4551 4607 4606
f 4552 4556 4604
f 4608 4604 4556
f 4559 4553 4609
f 4606 4609 4553
f 4555 4554 4610
f 4569 4610 4554
f 4556 4555 4611
f 4611 4555 4610
f 4608 4556 4612
f 4611 4612 4556
f 4560 4570 4557
f 4558 4559 4562
f 4613 4562 4559
f 4559 4609 4613
f 4614 4613 4609
f 4563 4570 4560
f 4561 4562 4564
f 4615 4564 4562
f 4562 4613 4615
f 4616 4615 4613
f 4617 4565 4615
f 4564 4615 4565
f 4617 4618 4565
f 4618 4567 4565
f 4566 4567 4568
f 4619 4568 4567
f 4619 4567 4620
f 4618 4620 4567
f 4619 4610 4568
f 4568 4610 4569
f 4595 4594 4588
f 4571 4588 4594
f 4621 4573 4622
f 4574 4622 4573
f 4572 4573 4623
f 4621 4623 4573
f 4572 4623 4575
f 4624 4575 4623
f 4622 4574 4625
f 4577 4625 4574
f 4579 4575 4626
f 4575 4624 4626
f 4581 4627 4576
f 4577 4576 4627
f 4625 4577 4628
f 4577 4627 4628
f 4629 4583 4579
f 4578 4579 4583
f 4630 4579 4626
f 4631 4629 4630
f 4630 4629 4579
f 4584 4632 4580
f 4581 4580 4632
f 4633 4627 4632
f 4581 4632 4627
f 4582 4583 4585
f 4634 4585 4583
f 4583 4629 4634
f 4635 4634 4629
f 4584 4587 4632
f 4636 4632 4587
f 4589 4585 4637
f 4634 4637 4585
f 4638 4587 4591
f 4586 4591 4587
f 4639 4636 4638
f 4587 4638 4636
f 4640 4595 4589
f 4588 4589 4595
f 4641 4640 4637
f 4589 4637 4640
f 4590 4592 4591
f 4642 4591 4592
f 4591 4642 4638
f 4643 4638 4642
f 4593 4644 4592
f 4642 4592 4644
f 4595 4640 4593
f 4644 4593 4640
f 4596 4598 4645
f 4646 4645 4598
f 4596 4645 4597
f 4647 4597 4645
f 4647 4648 4597
f 4599 4597 4648
f 4649 4598 4601
f 4649 4646 4598
f 4648 4650 4599
f 4603 4599 4650
f 4651 4601 4605
f 4600 4605 4601
f 4649 4601 4652
f 4653 4652 4651
f 4651 4652 4601
f 4607 4602 4654
f 4603 4654 4602
f 4655 4603 4650
f 4655 4654 4603
f 4604 4608 4605
f 4656 4605 4608
f 4605 4656 4651
f 4657 4651 4656
f 4609 4606 4658
f 4607 4658 4606
f 4659 4658 4654
f 4607 4654 4658
f 4612 4660 4608
f 4656 4608 4660
f 4609 4658 4614
f 4661 4614 4658
f 4620 4611 4619
f 4610 4619 4611
f 4662 4612 4620
f 4611 4620 4612
f 4663 4660 4662
f 4660 4612 4662
f 4664 4616 4614
f 4613 4614 4616
f 4665 4664 4661
f 4614 4661 4664
f 4615 4616 4617
f 4666 4617 4616
f 4616 4664 4666
f 4667 4666 4664
f 4618 4617 4668
f 4666 4668 4617
f 4620 4618 4662
f 4668 4662 4618
f 4622 4669 4621
f 4621 4669 4670
f 4621 4670 4623
f 4671 4623 4670
f 4625 4672 4622
f 4669 4622 4672
f 4673 4624 4671
f 4623 4671 4624
f 4624 4673 4626
f 4672 4625 4628
f 4674 4631 4626
f 4631 4630 4626
f 4675 4674 4626
f 4675 4626 4676
f 4626 4673 4676
f 4627 4674 4628
f 4675 4628 4674
f 4627 4633 4677
f 4678 4677 4633
f 4627 4677 4674
f 4676 4672 4628
f 4676 4628 4675
f 4629 4631 4635
f 4679 4635 4631
f 4674 4677 4631
f 4677 4678 4631
f 4679 4631 4678
f 4680 4633 4636
f 4632 4636 4633
f 4633 4680 4678
f 4680 4681 4678
f 4682 4637 4635
f 4634 4635 4637
f 4635 4679 4682
f 4683 4682 4679
f 4684 4680 4639
f 4636 4639 4680
f 4637 4682 4641
f 4641 4682 4685
f 4638 4643 4639
f 4686 4639 4643
f 4687 4684 4686
f 4686 4684 4639
f 4640 4641 4644
f 4688 4644 4641
f 4641 4685 4688
f 4688 4685 4689
f 4643 4642 4688
f 4644 4688 4642
f 4686 4643 4689
f 4688 4689 4643
f 4649 4690 4646
f 4690 4691 4646
f 4645 4646 4691
f 4647 4645 4692
f 4691 4692 4645
f 4648 4647 4693
f 4647 4692 4693
f 4650 4648 4694
f 4693 4694 4648
f 4649 4653 4695
f 4649 4652 4653
f 4649 4695 4696
f 4696 4697 4649
f 4649 4697 4690
f 4655 4650 4694
f 4651 4657 4653
f 4698 4653 4657
f 4653 4699 4695
f 4653 4700 4699
f 4700 4653 4698
f 4654 4655 4695
f 4696 4695 4655
f 4654 4699 4659
f 4700 4659 4699
f 4695 4699 4654
f 4655 4694 4697
f 4696 4655 4697
f 4701 4657 4660
f 4657 4656 4660
f 4657 4701 4698
f 4701 4702 4698
f 4703 4661 4659
f 4658 4659 4661
f 4659 4700 4703
f 4703 4700 4704
f 4660 4663 4701
f 4705 4701 4663
f 4706 4665 4703
f 4661 4703 4665
f 4662 4668 4663
f 4707 4663 4668
f 4663 4707 4705
f 4708 4705 4707
f 4664 4665 4667
f 4709 4667 4665
f 4710 4709 4706
f 4706 4709 4665
f 4667 4707 4666
f 4668 4666 4707
f 4709 4708 4667
f 4707 4667 4708
f 4669 4711 4670
f 4711 4671 4670
f 4711 4669 4672
f 4671 4711 4673
f 4676 4712 4672
f 4711 4672 4712
f 4676 4673 4712
f 4711 4712 4673
f 4678 4681 4713
f 4678 4713 4679
f 4714 4679 4715
f 4679 4713 4715
f 4714 4683 4679
f 4680 4684 4716
f 4716 4681 4680
f 4713 4681 4715
f 4681 4716 4715
f 4682 4683 4685
f 4717 4685 4683
f 4714 4718 4683
f 4683 4718 4717
f 4719 4717 4718
f 4716 4684 4720
f 4720 4684 4687
f 4685 4717 4689
f 4721 4689 4717
f 4721 4687 4689
f 4686 4689 4687
f 4687 4722 4720
f 4722 4687 4723
f 4687 4721 4723
f 4724 4723 4721
f 4697 4725 4690
f 4726 4690 4725
f 4690 4726 4691
f 4692 4691 4726
f 4692 4726 4693
f 4694 4693 4726
f 4697 4694 4725
f 4726 4725 4694
f 4727 4698 4728
f 4727 4729 4698
f 4698 4729 4700
f 4698 4702 4728
f 4729 4704 4700
f 4701 4705 4702
f 4730 4702 4705
f 4702 4731 4728
f 4702 4730 4731
f 4732 4731 4730
f 4733 4706 4703
f 4703 4704 4733
f 4727 4704 4729
f 4727 4733 4704
f 4705 4708 4730
f 4734 4730 4708
f 4735 4706 4733
f 4710 4706 4735
f 4734 4708 4710
f 4710 4708 4709
f 4735 4736 4710
f 4737 4710 4736
f 4710 4737 4734
f 4738 4734 4737
f 4739 4714 4715
f 4739 4740 4714
f 4740 4741 4714
f 4741 4718 4714
f 4716 4720 4715
f 4720 4742 4715
f 4742 4739 4715
f 4721 4717 4719
f 4719 4718 4741
f 4721 4719 4743
f 4719 4744 4743
f 4744 4719 4745
f 4746 4745 4719
f 4746 4719 4741
f 4742 4720 4747
f 4747 4720 4722
f 4724 4721 4743
f 4748 4749 4722
f 4747 4722 4749
f 4748 4722 4723
f 4724 4750 4723
f 4723 4750 4748
f 4750 4724 4743
f 4727 4735 4733
f 4727 4751 4735
f 4727 4752 4751
f 4727 4728 4752
f 4728 4753 4752
f 4728 4754 4753
f 4728 4731 4754
f 4732 4730 4734
f 4754 4731 4732
f 4755 4732 4734
f 4755 4756 4732
f 4757 4732 4756
f 4732 4757 4758
f 4754 4732 4758
f 4755 4734 4738
f 4759 4735 4751
f 4736 4735 4759
f 4760 4736 4761
f 4759 4761 4736
f 4737 4736 4760
f 4738 4737 4762
f 4737 4760 4762
f 4755 4738 4762
f 4763 4740 4749
f 4739 4749 4740
f 4747 4749 4742
f 4742 4749 4739
f 4746 4741 4740
f 4740 4763 4746
f 4745 4746 4763
f 4744 4750 4743
f 4745 4763 4744
f 4744 4763 4750
f 4763 4749 4750
f 4749 4748 4750
f 4759 4751 4761
f 4751 4752 4761
f 4764 4761 4753
f 4752 4753 4761
f 4753 4754 4758
f 4753 4758 4764
f 4757 4764 4758
f 4755 4762 4756
f 4757 4756 4764
f 4756 4762 4764
f 4764 4762 4761
f 4761 4762 4760
f 4765 4766 4767
f 4765 4767 4768
f 4765 4769 4770
f 4765 4770 4766
f 4765 4768 4771
f 4765 4771 4769
f 4769 4771 4772
f 4769 4772 4770
f 4773 4774 4775
f 4773 4775 4776
f 4773 4777 4778
f 4773 4778 4774
f 4773 4776 4779
f 4773 4779 4777
f 4767 4778 4780
f 4767 4780 4781
f 4767 4781 4782
f 4767 4782 4783
f 4767 4766 4774
f 4767 4774 4778
f 4767 4783 4784
f 4767 4784 4768
f 4785 4786 4787
f 4785 4787 4788
f 4785 4779 4776
f 4785 4776 4786
f 4785 4789 4790
f 4785 4790 4779
f 4784 4791 4771
f 4784 4771 4768
f 4784 4792 4793
f 4784 4793 4791
f 4784 4783 4785
f 4784 4785 4788
f 4784 4788 4794
f 4784 4794 4792
f 4795 4796 4797
f 4795 4797 4798
f 4795 4799 4800
f 4795 4800 4801
f 4795 4801 4802
f 4795 4802 4796
f 4803 4804 4805
f 4803 4805 4806
f 4807 4808 4809
f 4807 4809 4810
f 4807 4811 4798
f 4807 4798 4808
f 4807 4812 4813
f 4807 4813 4811
f 4807 4814 4815
f 4807 4815 4812
f 4807 4810 4816
f 4807 4816 4814
f 4813 4812 4794
f 4813 4794 4817
f 4813 4817 4818
f 4813 4818 4819
f 4813 4819 4820
f 4813 4820 4821
f 4813 4821 4822
f 4813 4822 4811
f 4821 4823 4824
f 4821 4824 4822
f 4821 4825 4826
f 4821 4826 4823
f 4814 4816 4827
f 4814 4827 4828
f 4814 4828 4829
f 4814 4829 4815
f 4830 4831 4829
f 4830 4829 4828
f 4830 4828 4832
f 4830 4832 4833
f 4830 4820 4819
f 4830 4819 4831
f 4830 4833 4834
f 4830 4834 4835
f 4830 4835 4836
f 4830 4836 4820
f 4827 4816 4837
f 4827 4837 4838
f 4827 4838 4832
f 4827 4832 4828
f 4832 4838 4837
f 4832 4837 4839
f 4832 4839 4840
f 4832 4840 4841
f 4832 4841 4842
f 4832 4842 4833
f 4806 4805 4843
f 4806 4843 4844
f 4806 4844 4845
f 4806 4845 4846
f 4806 4846 4847
f 4806 4847 4848
f 4825 4821 4820
f 4825 4820 4849
f 4825 4849 4850
f 4825 4850 4851
f 4825 4852 4853
f 4825 4853 4826
f 4845 4844 4854
f 4845 4854 4855
f 4845 4855 4856
f 4845 4856 4846
f 4851 4857 4852
f 4851 4852 4825
f 4851 4850 4858
f 4851 4858 4859
f 4854 4860 4861
f 4854 4861 4862
f 4854 4862 4863
f 4854 4863 4864
f 4854 4864 4865
f 4854 4865 4855
f 4866 4867 4868
f 4866 4868 4869
f 4866 4870 4871
f 4866 4871 4872
f 4866 4872 4873
f 4866 4873 4867
f 4869 4868 4874
f 4869 4874 4875
f 4869 4875 4876
f 4869 4876 4866
f 4877 4878 4879
f 4877 4879 4880
f 4877 4881 4882
f 4877 4882 4878
f 4877 4883 4884
f 4877 4884 4881
f 4877 4885 4886
f 4877 4886 4883
f 4877 4880 4887
f 4877 4887 4885
f 4888 4889 4890
f 4888 4890 4891
f 4888 4891 4892
f 4888 4892 4893
f 4888 4893 4894
f 4888 4894 4895
f 4888 4896 4897
f 4888 4897 4889
f 4888 4895 4898
f 4888 4898 4896
f 4899 4900 4901
f 4899 4901 4902
f 4903 4904 4900
f 4903 4900 4899
f 4899 4902 4905
f 4899 4905 4903
f 4906 4907 4905
f 4906 4905 4902
f 4906 4902 4908
f 4906 4908 4909
f 4906 4909 4910
f 4906 4910 4911
f 4912 4913 4885
f 4912 4885 4887
f 4912 4887 4914
f 4912 4914 4915
f 4912 4915 4916
f 4912 4916 4913
f 4917 4918 4919
f 4917 4919 4920
f 4917 4920 4921
f 4917 4921 4916
f 4917 4916 4915
f 4917 4915 4918
f 4921 4922 4913
f 4921 4913 4916
f 4921 4923 4924
f 4921 4924 4922
f 4925 4907 4906
f 4925 4906 4926
f 4925 4926 4927
f 4925 4927 4928
f 4925 4928 4929
f 4925 4929 4907
f 4919 4930 4898
f 4919 4898 4931
f 4919 4918 4932
f 4919 4932 4930
f 4919 4931 4933
f 4919 4933 4934
f 4919 4934 4935
f 4919 4935 4920
f 4934 4936 4937
f 4934 4937 4938
f 4934 4933 4939
f 4934 4939 4936
f 4933 4931 4940
f 4933 4940 4941
f 4933 4928 4927
f 4933 4927 4939
f 4926 4906 4911
f 4926 4911 4942
f 4926 4942 4943
f 4926 4943 4944
f 4926 4944 4945
f 4926 4945 4927
f 4946 4947 4948
f 4946 4948 4949
f 4950 4951 4946
f 4950 4946 4949
f 4950 4952 4953
f 4950 4953 4951
f 4950 4954 4955
f 4950 4955 4952
f 4950 4956 4957
f 4950 4957 4954
f 4950 4949 4948
f 4950 4948 4956
f 4948 4958 4957
f 4948 4957 4956
f 4948 4947 4959
f 4948 4959 4958
f 4960 4935 4961
f 4960 4961 4962
f 4960 4962 4963
f 4960 4963 4964
f 4960 4964 4965
f 4960 4965 4966
f 4960 4966 4923
f 4960 4923 4921
f 4960 4921 4920
f 4960 4920 4935
f 4945 4965 4939
f 4945 4939 4927
f 4945 4944 4967
f 4945 4967 4968
f 4945 4969 4966
f 4945 4966 4965
f 4945 4968 4955
f 4945 4955 4969
f 4968 4970 4952
f 4968 4952 4955
f 4954 4957 4971
f 4954 4971 4955
f 4943 4953 4972
f 4943 4972 4973
f 4943 4973 4967
f 4943 4967 4944
f 4953 4943 4974
f 4953 4974 4975
f 4953 4975 4976
f 4953 4976 4951
f 4953 4952 4970
f 4953 4970 4972
f 4977 4978 4979
f 4977 4979 4980
f 4981 4982 4978
f 4981 4978 4977
f 4977 4980 4983
f 4977 4983 4981
f 4980 4979 4984
f 4980 4984 4985
f 4980 4985 4986
f 4980 4986 4987
f 4980 4987 4988
f 4980 4988 4989
f 4980 4989 4990
f 4980 4990 4983
f 4991 4992 4987
f 4991 4987 4986
f 4991 4993 4994
f 4991 4994 4992
f 4823 4826 4995
f 4823 4995 4824
f 4801 4800 4996
f 4801 4996 4997
f 4801 4805 4804
f 4801 4804 4802
f 4801 4997 4843
f 4801 4843 4805
f 4853 4852 4998
f 4853 4998 4999
f 4853 4999 4995
f 4853 4995 4826
f 4858 4850 5000
f 4858 5000 5001
f 4858 5001 5002
f 4858 5002 5003
f 5004 4840 5005
f 5004 5005 5006
f 5004 5006 4858
f 5004 4858 5003
f 5004 5003 4841
f 5004 4841 4840
f 5007 5008 5009
f 5007 5009 5010
f 5007 5011 5012
f 5007 5012 5008
f 5007 5013 5014
f 5007 5014 5011
f 5007 5010 5015
f 5007 5015 5016
f 5007 5016 5017
f 5007 5017 5013
f 5018 5019 5020
f 5018 5020 4959
f 5018 4959 4947
f 5018 4947 5021
f 5018 5021 4901
f 5018 4901 5019
f 4955 4971 5022
f 4955 5022 4969
f 4894 4893 5023
f 4894 5023 5024
f 4894 5024 4940
f 4894 4940 4895
f 5025 4941 4940
f 5025 4940 5024
f 5025 5024 5023
f 5025 5023 5026
f 5025 5026 4929
f 5025 4929 4941
f 5027 4998 5028
f 5027 5028 5029
f 5027 5030 4999
f 5027 4999 4998
f 5027 5029 5031
f 5027 5031 5030
f 5032 5028 4857
f 5032 4857 5033
f 5032 5033 5008
f 5032 5008 5012
f 5032 5012 5029
f 5032 5029 5028
f 5033 4857 4851
f 5033 4851 5034
f 5033 5034 5009
f 5033 5009 5008
f 5034 4851 4859
f 5034 4859 5035
f 5034 5035 5036
f 5034 5036 5009
f 5036 5035 5037
f 5036 5037 4865
f 5036 4865 4864
f 5036 4864 5038
f 5036 5038 5010
f 5036 5010 5009
f 5038 4864 4863
f 5038 4863 5039
f 5038 5039 5015
f 5038 5015 5010
f 5039 4863 5040
f 5039 5040 5041
f 5039 5041 5042
f 5039 5042 5015
f 5042 5043 5016
f 5042 5016 5015
f 5042 5041 5044
f 5042 5044 5045
f 5042 5045 5046
f 5042 5046 5043
f 5046 5047 5048
f 5046 5048 5043
f 5046 5045 4890
f 5046 4890 4889
f 5046 4889 4897
f 5046 4897 5047
f 5048 5049 5050
f 5048 5050 5017
f 5048 5017 5016
f 5048 5016 5043
f 5048 5047 5051
f 5048 5051 5049
f 5051 5052 5053
f 5051 5053 5049
f 5051 5047 4897
f 5051 4897 5054
f 5051 5054 5055
f 5051 5055 5052
f 5055 5056 5057
f 5055 5057 5052
f 5055 5054 5058
f 5055 5058 5059
f 5055 5059 5060
f 5055 5060 5056
f 5060 4880 4879
f 5060 4879 5056
f 5060 5059 4932
f 5060 4932 4914
f 5060 4914 4887
f 5060 4887 4880
f 5059 5058 4930
f 5059 4930 4932
f 5058 5054 4897
f 5058 4897 4896
f 5058 4896 4898
f 5058 4898 4930
f 5057 5061 5062
f 5057 5062 5063
f 5057 5063 5053
f 5057 5053 5052
f 5057 5056 4879
f 5057 4879 5061
f 5063 5062 4862
f 5063 4862 4861
f 5063 4861 5064
f 5063 5064 5053
f 5064 4861 4860
f 5064 4860 5065
f 5064 5065 5066
f 5064 5066 5050
f 5064 5050 5049
f 5064 5049 5053
f 5066 5065 4997
f 5066 4997 4996
f 5066 4996 5014
f 5066 5014 5013
f 5066 5013 5017
f 5066 5017 5050
f 5065 4860 4843
f 5065 4843 4997
f 5062 5040 4863
f 5062 4863 4862
f 5062 5061 5067
f 5062 5067 5040
f 5067 5044 5041
f 5067 5041 5040
f 5067 5061 4879
f 5067 4879 4878
f 5067 4878 4882
f 5067 4882 5044
f 5045 5044 4882
f 5045 4882 4890
f 5037 5035 4859
f 5037 4859 5068
f 5037 5068 5069
f 5037 5069 4856
f 5037 4856 4855
f 5037 4855 4865
f 5069 5068 5006
f 5069 5006 5005
f 5069 5005 5070
f 5069 5070 4847
f 5069 4847 4846
f 5069 4846 4856
f 5070 5005 4840
f 5070 4840 4839
f 5070 4839 4837
f 5070 4837 5071
f 5070 5071 4848
f 5070 4848 4847
f 5071 4837 4816
f 5071 4816 4810
f 5071 4810 4809
f 5071 4809 4848
f 5068 4859 4858
f 5068 4858 5006
f 5031 5072 5073
f 5031 5073 5030
f 5031 5029 5012
f 5031 5012 5011
f 5031 5011 5014
f 5031 5014 5072
f 5073 4799 4824
f 5073 4824 4995
f 5073 4995 4999
f 5073 4999 5030
f 5073 5072 4800
f 5073 4800 4799
f 5072 5014 4996
f 5072 4996 4800
f 5028 4998 4852
f 5028 4852 4857
f 5026 5023 4903
f 5026 4903 4905
f 5026 4905 4907
f 5026 4907 4929
f 5023 4893 4892
f 5023 4892 4903
f 5022 5074 4924
f 5022 4924 4923
f 5022 4923 4966
f 5022 4966 4969
f 5022 4971 5075
f 5022 5075 5074
f 5075 5020 5076
f 5075 5076 5074
f 5075 4971 4957
f 5075 4957 4958
f 5075 4958 4959
f 5075 4959 5020
f 5076 5077 5078
f 5076 5078 5079
f 5076 5079 4924
f 5076 4924 5074
f 5076 5020 5019
f 5076 5019 5077
f 5079 5078 4883
f 5079 4883 4886
f 5079 4886 4922
f 5079 4922 4924
f 5078 4904 4884
f 5078 4884 4883
f 5078 5077 4900
f 5078 4900 4904
f 5077 5019 4901
f 5077 4901 4900
f 5021 4947 4946
f 5021 4946 4908
f 5021 4908 4902
f 5021 4902 4901
f 5003 5002 4842
f 5003 4842 4841
f 5002 5080 5081
f 5002 5081 4842
f 5002 5001 5082
f 5002 5082 5080
f 5082 5083 5084
f 5082 5084 5080
f 5082 5001 5000
f 5082 5000 5085
f 5082 5085 5086
f 5082 5086 5083
f 5086 5087 5088
f 5086 5088 5083
f 5086 5085 5089
f 5086 5089 5090
f 5086 5090 5091
f 5086 5091 5087
f 5091 4873 5092
f 5091 5092 5087
f 5091 5090 5093
f 5091 5093 5094
f 5091 5094 4867
f 5091 4867 4873
f 5094 5093 5095
f 5094 5095 5096
f 5094 5096 4868
f 5094 4868 4867
f 5096 5095 5097
f 5096 5097 5098
f 5096 5098 4874
f 5096 4874 4868
f 5098 5097 5099
f 5098 5099 5100
f 5098 5100 5101
f 5098 5101 4874
f 5101 5102 4875
f 5101 4875 4874
f 5101 5100 5103
f 5101 5103 5104
f 5101 5104 5105
f 5101 5105 5102
f 5105 5106 5107
f 5105 5107 5102
f 5105 5104 5108
f 5105 5108 5109
f 5105 5109 5110
f 5105 5110 5106
f 5110 5111 5112
f 5110 5112 5106
f 5110 5109 5113
f 5110 5113 5114
f 5110 5114 5115
f 5110 5115 5111
f 5115 5116 5117
f 5115 5117 5111
f 5115 5114 5118
f 5115 5118 5119
f 5115 5119 4974
f 5115 4974 5116
f 5119 5118 5120
f 5119 5120 5121
f 5119 5121 4975
f 5119 4975 4974
f 5121 5120 5122
f 5121 5122 5123
f 5121 5123 4976
f 5121 4976 4975
f 5123 5122 5124
f 5123 5124 5125
f 5123 5125 5126
f 5123 5126 4976
f 5126 4946 4951
f 5126 4951 4976
f 5126 5125 4910
f 5126 4910 4909
f 5126 4909 4908
f 5126 4908 4946
f 5125 5124 5127
f 5125 5127 4910
f 5127 5124 5128
f 5127 5128 5112
f 5127 5112 5111
f 5127 5111 5117
f 5127 5117 4911
f 5127 4911 4910
f 5128 5124 5122
f 5128 5122 5129
f 5128 5129 4876
f 5128 4876 5107
f 5128 5107 5106
f 5128 5106 5112
f 5129 5122 5120
f 5129 5120 4870
f 5129 4870 4866
f 5129 4866 4876
f 5120 5118 4871
f 5120 4871 4870
f 5118 5114 5113
f 5118 5113 4871
f 5117 5116 4942
f 5117 4942 4911
f 5116 4974 4943
f 5116 4943 4942
f 5113 5109 5108
f 5113 5108 5130
f 5113 5130 4872
f 5113 4872 4871
f 5130 5108 5131
f 5130 5131 5092
f 5130 5092 4873
f 5130 4873 4872
f 5131 5108 5104
f 5131 5104 5103
f 5131 5103 5132
f 5131 5132 5088
f 5131 5088 5087
f 5131 5087 5092
f 5132 5103 5100
f 5132 5100 5099
f 5132 5099 5133
f 5132 5133 5084
f 5132 5084 5083
f 5132 5083 5088
f 5133 5099 5097
f 5133 5097 5134
f 5133 5134 4834
f 5133 4834 5081
f 5133 5081 5080
f 5133 5080 5084
f 5134 5097 5095
f 5134 5095 5135
f 5134 5135 4835
f 5134 4835 4834
f 5135 5095 5093
f 5135 5093 5136
f 5135 5136 4836
f 5135 4836 4835
f 5136 5093 5090
f 5136 5090 5089
f 5136 5089 5137
f 5136 5137 4836
f 5137 5089 5085
f 5137 5085 5000
f 5137 5000 4850
f 5137 4850 4849
f 5137 4849 4820
f 5137 4820 4836
f 5107 4876 4875
f 5107 4875 5102
f 5081 4834 4833
f 5081 4833 4842
f 5138 4993 4991
f 5138 4991 4986
f 5138 4986 4985
f 5138 4985 5139
f 5138 5139 4981
f 5138 4981 4993
f 5139 4985 4984
f 5139 4984 5140
f 5139 5140 4982
f 5139 4982 4981
f 5140 4984 4962
f 5140 4962 4961
f 5140 4961 4938
f 5140 4938 4982
f 4994 5141 5142
f 4994 5142 4992
f 4994 4993 4981
f 4994 4981 4983
f 4994 4983 4990
f 4994 4990 5141
f 5142 4972 4970
f 5142 4970 4988
f 5142 4988 4987
f 5142 4987 4992
f 5142 5141 4973
f 5142 4973 4972
f 5141 4990 4967
f 5141 4967 4973
f 4990 4989 4968
f 4990 4968 4967
f 4989 4988 4970
f 4989 4970 4968
f 4984 4979 4963
f 4984 4963 4962
f 4982 4938 4937
f 4982 4937 4978
f 4979 4978 4937
f 4979 4937 4963
f 4965 4964 4936
f 4965 4936 4939
f 4964 4963 4937
f 4964 4937 4936
f 4961 4935 4934
f 4961 4934 4938
f 4933 4941 4929
f 4933 4929 4928
f 4940 4931 4898
f 4940 4898 4895
f 4932 4918 4915
f 4932 4915 4914
f 4922 4886 4885
f 4922 4885 4913
f 4904 4903 4892
f 4904 4892 4884
f 4892 4891 4881
f 4892 4881 4884
f 4891 4890 4882
f 4891 4882 4881
f 4860 4854 4844
f 4860 4844 4843
f 5143 4808 4798
f 5143 4798 4797
f 5143 4797 5144
f 5143 5144 5145
f 5143 5145 5146
f 5143 5146 4803
f 5146 5147 4804
f 5146 4804 4803
f 5146 5145 4782
f 5146 4782 4781
f 5146 4781 4780
f 5146 4780 5147
f 5147 5148 4802
f 5147 4802 4804
f 5147 4780 5149
f 5147 5149 5148
f 5149 4790 5150
f 5149 5150 5148
f 5149 4780 4778
f 5149 4778 4777
f 5149 4777 4779
f 5149 4779 4790
f 5150 5144 4797
f 5150 4797 4796
f 5150 4796 4802
f 5150 4802 5148
f 5150 4790 4789
f 5150 4789 5144
f 5145 5144 4789
f 5145 4789 4782
f 4831 4819 4818
f 4831 4818 5151
f 4831 5151 4793
f 4831 4793 4829
f 5151 4818 5152
f 5151 5152 5153
f 5151 5153 4791
f 5151 4791 4793
f 5153 5152 5154
f 5153 5154 4772
f 5153 4772 4771
f 5153 4771 4791
f 5154 4786 4776
f 5154 4776 4775
f 5154 4775 4770
f 5154 4770 4772
f 5154 5152 4787
f 5154 4787 4786
f 5152 4818 4817
f 5152 4817 4787
f 4829 4793 4792
f 4829 4792 4815
f 4824 4799 4795
f 4824 4795 4822
f 4822 4795 4798
f 4822 4798 4811
f 4817 4794 4788
f 4817 4788 4787
f 4815 4792 4794
f 4815 4794 4812
f 4789 4785 4783
f 4789 4783 4782
f 4775 4774 4766
f 4775 4766 4770
f 4809 4808 5143
f 4809 5143 4803
f 4848 4809 4803
f 4848 4803 4806
f 5155 5156 5157
f 5155 5157 5158
f 5155 5158 5159
f 5155 5159 5160
f 5155 5160 5161
f 5155 5161 5156
f 5162 5163 5164
f 5162 5164 5165
f 5162 5166 5167
f 5162 5167 5163
f 5162 5165 5168
f 5162 5168 5166
f 5169 5170 5171
f 5169 5171 5172
f 5169 5172 5173
f 5169 5173 5174
f 5169 5174 5175
f 5169 5175 5176
f 5177 5178 5179
f 5177 5179 5180
f 5181 5182 5183
f 5181 5183 5184
f 5181 5184 5185
f 5181 5185 5175
f 5181 5175 5174
f 5181 5174 5182
f 5172 5186 5187
f 5172 5187 5188
f 5172 5171 5189
f 5172 5189 5186
f 5172 5188 5190
f 5172 5190 5173
f 5191 5192 5193
f 5191 5193 5194
f 5191 5195 5196
f 5191 5196 5192
f 5191 5197 5198
f 5191 5198 5195
f 5199 5177 5180
f 5199 5180 5200
f 5199 5201 5178
f 5199 5178 5177
f 5199 5200 5202
f 5199 5202 5203
f 5204 5205 5206
f 5204 5206 5207
f 5208 5209 5205
f 5208 5205 5204
f 5204 5207 5187
f 5204 5187 5208
f 5207 5210 5188
f 5207 5188 5187
f 5211 5212 5213
f 5211 5213 5214
f 5211 5214 5215
f 5211 5215 5216
f 5211 5216 5217
f 5211 5217 5212
f 5218 5219 5201
f 5218 5201 5199
f 5218 5220 5221
f 5218 5221 5219
f 5218 5199 5203
f 5218 5203 5220
f 5184 5213 5222
f 5184 5222 5223
f 5184 5223 5224
f 5184 5224 5185
f 5184 5183 5214
f 5184 5214 5213
f 5225 5226 5227
f 5225 5227 5228
f 5225 5228 5229
f 5225 5229 5230
f 5225 5230 5231
f 5225 5231 5226
f 5232 5233 5234
f 5232 5234 5235
f 5232 5236 5237
f 5232 5237 5233
f 5232 5238 5239
f 5232 5239 5236
f 5232 5235 5240
f 5232 5240 5241
f 5232 5241 5242
f 5232 5242 5238
f 5243 5244 5245
f 5243 5245 5246
f 5243 5246 5247
f 5243 5247 5248
f 5243 5248 5249
f 5243 5249 5244
f 5250 5251 5252
f 5250 5252 5253
f 5250 5254 5212
f 5250 5212 5217
f 5250 5253 5255
f 5250 5255 5254
f 5256 5257 5258
f 5256 5258 5206
f 5256 5206 5205
f 5256 5205 5259
f 5256 5260 5261
f 5256 5261 5257
f 5202 5200 5262
f 5202 5262 5263
f 5202 5264 5265
f 5202 5265 5266
f 5202 5263 5267
f 5202 5267 5264
f 5268 5269 5270
f 5268 5270 5271
f 5272 5273 5269
f 5272 5269 5268
f 5268 5271 5274
f 5268 5274 5272
f 5264 5267 5261
f 5264 5261 5265
f 5267 5263 5257
f 5267 5257 5261
f 5250 5217 5221
f 5250 5221 5275
f 5276 5275 5277
f 5276 5277 5278
f 5251 5276 5278
f 5251 5278 5279
f 5280 5281 5282
f 5280 5282 5283
f 5280 5284 5285
f 5280 5285 5281
f 5280 5283 5286
f 5280 5286 5284
f 5287 5288 5289
f 5287 5289 5290
f 5291 5292 5293
f 5291 5293 5294
f 5291 5295 5296
f 5291 5296 5292
f 5291 5294 5297
f 5291 5297 5298
f 5299 5238 5242
f 5299 5242 5300
f 5299 5301 5239
f 5299 5239 5238
f 5299 5300 5302
f 5299 5302 5301
f 5251 5279 5303
f 5251 5303 5252
f 5304 5305 5306
f 5304 5306 5307
f 5304 5307 5308
f 5304 5308 5309
f 5304 5309 5310
f 5304 5310 5311
f 5312 5306 5313
f 5312 5313 5314
f 5312 5314 5315
f 5312 5315 5316
f 5312 5316 5307
f 5312 5307 5306
f 5252 5303 5317
f 5252 5317 5253
f 5318 5319 5260
f 5318 5260 5256
f 5247 5288 5287
f 5247 5287 5320
f 5247 5246 5321
f 5247 5321 5288
f 5247 5322 5323
f 5247 5323 5248
f 5247 5320 5324
f 5247 5324 5322
f 5308 5307 5316
f 5308 5316 5315
f 5308 5315 5325
f 5308 5325 5309
f 5313 5326 5327
f 5313 5327 5314
f 5313 5306 5305
f 5313 5305 5224
f 5320 5287 5328
f 5320 5328 5324
f 5229 5228 5329
f 5229 5329 5330
f 5229 5293 5292
f 5229 5292 5331
f 5332 5333 5334
f 5332 5334 5335
f 5332 5335 5336
f 5332 5336 5337
f 5332 5337 5338
f 5332 5338 5339
f 5340 5341 5265
f 5340 5265 5261
f 5342 5343 5341
f 5342 5341 5340
f 5229 5330 5344
f 5229 5344 5293
f 5240 5345 5346
f 5240 5346 5241
f 5240 5347 5348
f 5240 5348 5349
f 5240 5349 5350
f 5240 5350 5345
f 5351 5270 5269
f 5351 5269 5352
f 5351 5328 5353
f 5351 5353 5270
f 5351 5352 5354
f 5351 5354 5355
f 5351 5356 5324
f 5351 5324 5328
f 5309 5357 5358
f 5309 5358 5310
f 5309 5325 5359
f 5309 5359 5357
f 5352 5360 5361
f 5352 5361 5354
f 5352 5362 5363
f 5352 5363 5360
f 5344 5364 5294
f 5344 5294 5293
f 5344 5365 5366
f 5344 5366 5364
f 5344 5367 5368
f 5344 5368 5365
f 5344 5330 5369
f 5344 5369 5367
f 5322 5370 5371
f 5322 5371 5372
f 5322 5372 5373
f 5322 5373 5323
f 5322 5324 5356
f 5322 5356 5370
f 5342 5260 5319
f 5342 5319 5374
f 5342 5374 5375
f 5342 5375 5376
f 5377 5378 5379
f 5377 5379 5380
f 5377 5364 5366
f 5377 5366 5378
f 5377 5297 5294
f 5377 5294 5364
f 5377 5380 5381
f 5377 5381 5382
f 5330 5329 5383
f 5330 5383 5384
f 5330 5384 5385
f 5330 5385 5369
f 5386 5387 5388
f 5386 5388 5389
f 5386 5389 5390
f 5386 5390 5391
f 5386 5392 5393
f 5386 5393 5394
f 5386 5394 5395
f 5386 5395 5387
f 5396 5397 5398
f 5396 5398 5399
f 5400 5401 5397
f 5400 5397 5396
f 5396 5399 5402
f 5396 5402 5400
f 5374 5319 5403
f 5374 5403 5404
f 5357 5359 5405
f 5357 5405 5406
f 5372 5371 5407
f 5372 5407 5373
f 5408 5409 5410
f 5408 5410 5411
f 5408 5412 5413
f 5408 5413 5409
f 5408 5411 5414
f 5408 5414 5412
f 5415 5416 5417
f 5415 5417 5418
f 5415 5419 5420
f 5415 5420 5416
f 5421 5422 5423
f 5421 5423 5424
f 5421 5414 5411
f 5421 5411 5425
f 5421 5425 5426
f 5421 5426 5427
f 5421 5427 5428
f 5421 5428 5422
f 5429 5430 5431
f 5429 5431 5432
f 5429 5432 5382
f 5429 5382 5433
f 5429 5434 5435
f 5429 5435 5430
f 5429 5433 5436
f 5429 5436 5437
f 5429 5437 5438
f 5429 5438 5434
f 5383 5329 5439
f 5383 5439 5440
f 5383 5440 5441
f 5383 5441 5384
f 5442 5443 5444
f 5442 5444 5445
f 5442 5405 5359
f 5442 5359 5446
f 5442 5445 5447
f 5442 5447 5405
f 5416 5443 5402
f 5416 5402 5448
f 5416 5420 5444
f 5416 5444 5443
f 5369 5385 5449
f 5369 5449 5450
f 5369 5450 5451
f 5369 5451 5452
f 5453 5454 5435
f 5453 5435 5455
f 5453 5455 5456
f 5453 5456 5457
f 5453 5457 5458
f 5453 5458 5454
f 5459 5460 5461
f 5459 5461 5462
f 5459 5462 5398
f 5459 5398 5397
f 5459 5397 5401
f 5459 5401 5460
f 5463 5393 5392
f 5463 5392 5464
f 5463 5464 5465
f 5463 5465 5410
f 5463 5410 5409
f 5463 5409 5393
f 5448 5402 5399
f 5448 5399 5376
f 5448 5466 5417
f 5448 5417 5416
f 5444 5420 5467
f 5444 5467 5445
f 5434 5438 5455
f 5434 5455 5435
f 5468 5469 5470
f 5468 5470 5471
f 5472 5473 5469
f 5472 5469 5468
f 5468 5471 5474
f 5468 5474 5472
f 5420 5419 5475
f 5420 5475 5476
f 5420 5476 5477
f 5420 5477 5467
f 5478 5479 5480
f 5478 5480 5481
f 5478 5482 5407
f 5478 5407 5371
f 5478 5481 5477
f 5478 5477 5482
f 5478 5371 5370
f 5478 5370 5479
f 5483 5366 5365
f 5483 5365 5484
f 5483 5484 5485
f 5483 5485 5486
f 5483 5486 5378
f 5483 5378 5366
f 5487 5368 5488
f 5487 5488 5489
f 5487 5484 5365
f 5487 5365 5368
f 5487 5489 5485
f 5487 5485 5484
f 5437 5436 5490
f 5437 5490 5491
f 5437 5491 5492
f 5437 5492 5493
f 5437 5493 5494
f 5437 5494 5438
f 5495 5494 5493
f 5495 5493 5496
f 5495 5497 5456
f 5495 5456 5494
f 5495 5496 5498
f 5495 5498 5497
f 5499 5500 5501
f 5499 5501 5502
f 5499 5503 5504
f 5499 5504 5500
f 5499 5505 5506
f 5499 5506 5503
f 5507 5508 5391
f 5507 5391 5509
f 5510 5511 5508
f 5510 5508 5507
f 5507 5509 5512
f 5507 5512 5510
f 5502 5501 5427
f 5502 5427 5426
f 5502 5426 5513
f 5502 5513 5514
f 5515 5516 5452
f 5515 5452 5517
f 5515 5517 5518
f 5515 5518 5519
f 5515 5490 5520
f 5515 5520 5521
f 5515 5519 5491
f 5515 5491 5490
f 5522 5523 5524
f 5522 5524 5525
f 5526 5527 5523
f 5526 5523 5522
f 5522 5525 5528
f 5522 5528 5526
f 5529 5530 5531
f 5529 5531 5532
f 5521 5520 5530
f 5521 5530 5529
f 5529 5532 5533
f 5529 5533 5521
f 5517 5452 5451
f 5517 5451 5534
f 5517 5534 5535
f 5517 5535 5536
f 5517 5536 5537
f 5517 5537 5518
f 5512 5509 5538
f 5512 5538 5539
f 5512 5539 5540
f 5512 5540 5541
f 5514 5510 5542
f 5514 5542 5543
f 5514 5513 5511
f 5514 5511 5510
f 5514 5544 5545
f 5514 5545 5502
f 5546 5547 5548
f 5546 5548 5549
f 5546 5550 5551
f 5546 5551 5547
f 5552 5553 5554
f 5552 5554 5555
f 5537 5556 5557
f 5537 5557 5518
f 5558 5559 5560
f 5558 5560 5561
f 5558 5525 5562
f 5558 5562 5559
f 5558 5561 5528
f 5558 5528 5525
f 5563 5564 5565
f 5563 5565 5566
f 5563 5567 5532
f 5563 5532 5531
f 5563 5566 5568
f 5563 5568 5567
f 5569 5570 5571
f 5569 5571 5572
f 5502 5545 5570
f 5502 5570 5569
f 5569 5572 5499
f 5569 5499 5502
f 5573 5574 5575
f 5573 5575 5576
f 5573 5576 5577
f 5573 5577 5578
f 5573 5578 5579
f 5573 5579 5574
f 5560 5580 5581
f 5560 5581 5582
f 5560 5582 5583
f 5560 5583 5584
f 5560 5584 5585
f 5560 5585 5561
f 5586 5575 5574
f 5586 5574 5554
f 5586 5587 5588
f 5586 5588 5589
f 5586 5554 5553
f 5586 5553 5587
f 5566 5565 5590
f 5566 5590 5591
f 5566 5591 5592
f 5566 5592 5593
f 5553 5552 5594
f 5553 5594 5595
f 5553 5595 5596
f 5553 5596 5597
f 5598 5599 5543
f 5598 5543 5600
f 5598 5600 5601
f 5598 5601 5602
f 5598 5602 5603
f 5598 5603 5599
f 5585 5540 5528
f 5585 5528 5561
f 5585 5604 5541
f 5585 5541 5540
f 5585 5605 5606
f 5585 5606 5604
f 5585 5584 5607
f 5585 5607 5605
f 5608 5535 5609
f 5608 5609 5610
f 5608 5610 5611
f 5608 5611 5612
f 5608 5612 5613
f 5608 5613 5614
f 5608 5615 5536
f 5608 5536 5535
f 5608 5614 5616
f 5608 5616 5615
f 5617 5571 5603
f 5617 5603 5602
f 5617 5602 5601
f 5617 5601 5618
f 5617 5618 5572
f 5617 5572 5571
f 5619 5620 5621
f 5619 5621 5622
f 5618 5623 5620
f 5618 5620 5619
f 5619 5622 5572
f 5619 5572 5618
f 5624 5625 5616
f 5624 5616 5614
f 5624 5614 5626
f 5624 5626 5627
f 5624 5627 5628
f 5624 5628 5625
f 5614 5613 5629
f 5614 5629 5626
f 5630 5604 5606
f 5630 5606 5631
f 5630 5632 5541
f 5630 5541 5604
f 5630 5631 5633
f 5630 5633 5632
f 5618 5601 5634
f 5618 5634 5635
f 5618 5635 5636
f 5618 5636 5623
f 5637 5638 5639
f 5637 5639 5640
f 5637 5641 5592
f 5637 5592 5638
f 5637 5640 5642
f 5637 5642 5641
f 5643 5640 5639
f 5643 5639 5644
f 5643 5645 5642
f 5643 5642 5640
f 5646 5593 5592
f 5646 5592 5641
f 5646 5641 5642
f 5646 5642 5647
f 5646 5647 5648
f 5646 5648 5649
f 5650 5651 5652
f 5650 5652 5653
f 5650 5654 5655
f 5650 5655 5651
f 5655 5656 5657
f 5655 5657 5651
f 5655 5654 5658
f 5655 5658 5659
f 5660 5661 5662
f 5660 5662 5659
f 5660 5663 5664
f 5660 5664 5661
f 5660 5665 5666
f 5660 5666 5663
f 5667 5668 5669
f 5667 5669 5665
f 5667 5665 5660
f 5667 5660 5670
f 5671 5672 5673
f 5671 5673 5674
f 5671 5674 5675
f 5671 5675 5676
f 5671 5676 5677
f 5671 5677 5678
f 5679 5680 5681
f 5679 5681 5682
f 5679 5683 5670
f 5679 5670 5658
f 5684 5685 5686
f 5684 5686 5687
f 5684 5688 5689
f 5684 5689 5690
f 5684 5690 5691
f 5684 5691 5692
f 5684 5692 5693
f 5684 5693 5685
f 5684 5687 5694
f 5684 5694 5688
f 5695 5683 5679
f 5695 5679 5696
f 5695 5697 5668
f 5695 5668 5683
f 5695 5698 5699
f 5695 5699 5697
f 5700 5701 5702
f 5700 5702 5703
f 5688 5694 5704
f 5688 5704 5689
f 5705 5696 5679
f 5705 5679 5682
f 5705 5682 5706
f 5705 5706 5707
f 5705 5708 5709
f 5705 5709 5710
f 5705 5707 5711
f 5705 5711 5708
f 5705 5710 5712
f 5705 5712 5696
f 5713 5714 5703
f 5713 5703 5715
f 5703 5714 5716
f 5703 5716 5700
f 5717 5718 5698
f 5717 5698 5719
f 5710 5709 5720
f 5710 5720 5712
f 5721 5719 5722
f 5721 5722 5723
f 5721 5723 5724
f 5721 5724 5725
f 5721 5725 5717
f 5721 5717 5719
f 5709 5708 5726
f 5709 5726 5720
f 5727 5690 5689
f 5727 5689 5728
f 5727 5729 5691
f 5727 5691 5690
f 5727 5728 5730
f 5727 5730 5729
f 5731 5726 5732
f 5731 5732 5733
f 5723 5720 5726
f 5723 5726 5731
f 5731 5733 5724
f 5731 5724 5723
f 5724 5733 5734
f 5724 5734 5735
f 5724 5735 5736
f 5724 5736 5737
f 5724 5737 5738
f 5724 5738 5725
f 5739 5740 5730
f 5739 5730 5741
f 5739 5741 5733
f 5739 5733 5732
f 5739 5732 5711
f 5739 5711 5740
f 5742 5743 5562
f 5742 5562 5744
f 5742 5285 5745
f 5742 5745 5743
f 5742 5744 5281
f 5742 5281 5285
f 5745 5746 5310
f 5745 5310 5358
f 5745 5358 5747
f 5745 5747 5743
f 5745 5285 5284
f 5745 5284 5746
f 5747 5559 5562
f 5747 5562 5743
f 5747 5358 5357
f 5747 5357 5580
f 5747 5580 5560
f 5747 5560 5559
f 5746 5748 5311
f 5746 5311 5310
f 5746 5284 5286
f 5746 5286 5748
f 5748 5193 5749
f 5748 5749 5311
f 5748 5286 5194
f 5748 5194 5193
f 5749 5750 5751
f 5749 5751 5752
f 5749 5752 5304
f 5749 5304 5311
f 5749 5193 5192
f 5749 5192 5750
f 5752 5751 5176
f 5752 5176 5753
f 5752 5753 5305
f 5752 5305 5304
f 5753 5176 5175
f 5753 5175 5185
f 5753 5185 5224
f 5753 5224 5305
f 5751 5754 5169
f 5751 5169 5176
f 5751 5750 5755
f 5751 5755 5754
f 5755 5756 5757
f 5755 5757 5754
f 5755 5750 5192
f 5755 5192 5196
f 5755 5196 5758
f 5755 5758 5756
f 5758 5759 5760
f 5758 5760 5756
f 5758 5196 5195
f 5758 5195 5274
f 5758 5274 5271
f 5758 5271 5759
f 5759 5761 5762
f 5759 5762 5760
f 5759 5271 5290
f 5759 5290 5761
f 5761 5167 5166
f 5761 5166 5762
f 5761 5290 5289
f 5761 5289 5167
f 5754 5757 5170
f 5754 5170 5169
f 5744 5562 5525
f 5744 5525 5524
f 5744 5524 5282
f 5744 5282 5281
f 5741 5763 5734
f 5741 5734 5733
f 5741 5730 5728
f 5741 5728 5763
f 5763 5704 5764
f 5763 5764 5734
f 5763 5728 5689
f 5763 5689 5704
f 5764 5765 5766
f 5764 5766 5767
f 5764 5767 5735
f 5764 5735 5734
f 5764 5704 5694
f 5764 5694 5765
f 5767 5766 5768
f 5767 5768 5769
f 5767 5769 5736
f 5767 5736 5735
f 5769 5768 5770
f 5769 5770 5771
f 5769 5771 5772
f 5769 5772 5736
f 5772 5771 5716
f 5772 5716 5773
f 5772 5773 5774
f 5772 5774 5775
f 5772 5775 5737
f 5772 5737 5736
f 5776 5777 5697
f 5776 5697 5699
f 5776 5778 5714
f 5776 5714 5777
f 5779 5699 5698
f 5779 5698 5718
f 5777 5669 5668
f 5777 5668 5697
f 5777 5714 5780
f 5777 5780 5669
f 5768 5675 5781
f 5768 5781 5770
f 5768 5766 5676
f 5768 5676 5675
f 5766 5765 5677
f 5766 5677 5676
f 5765 5694 5687
f 5765 5687 5677
f 5740 5711 5707
f 5740 5707 5782
f 5740 5782 5729
f 5740 5729 5730
f 5782 5707 5706
f 5782 5706 5783
f 5782 5783 5691
f 5782 5691 5729
f 5783 5706 5784
f 5783 5784 5785
f 5783 5785 5692
f 5783 5692 5691
f 5785 5784 5786
f 5785 5786 5787
f 5785 5787 5693
f 5785 5693 5692
f 5787 5786 5788
f 5787 5788 5789
f 5787 5789 5790
f 5787 5790 5693
f 5790 5789 5791
f 5790 5791 5792
f 5790 5792 5793
f 5790 5793 5794
f 5790 5794 5685
f 5790 5685 5693
f 5794 5793 5795
f 5794 5795 5796
f 5794 5796 5686
f 5794 5686 5685
f 5796 5795 5797
f 5796 5797 5798
f 5796 5798 5678
f 5796 5678 5686
f 5798 5797 5799
f 5798 5799 5800
f 5798 5800 5671
f 5798 5671 5678
f 5800 5799 5801
f 5800 5801 5802
f 5800 5802 5672
f 5800 5672 5671
f 5802 5801 5803
f 5802 5803 5804
f 5802 5804 5805
f 5802 5805 5672
f 5805 5806 5673
f 5805 5673 5672
f 5805 5804 5807
f 5805 5807 5808
f 5805 5808 5809
f 5805 5809 5806
f 5809 5810 5811
f 5809 5811 5806
f 5809 5808 5812
f 5809 5812 5813
f 5809 5813 5814
f 5809 5814 5810
f 5814 5815 5816
f 5814 5816 5810
f 5814 5813 5817
f 5814 5817 5818
f 5814 5818 5611
f 5814 5611 5815
f 5818 5817 5819
f 5818 5819 5820
f 5818 5820 5612
f 5818 5612 5611
f 5820 5819 5821
f 5820 5821 5822
f 5820 5822 5613
f 5820 5613 5612
f 5822 5821 5662
f 5822 5662 5823
f 5822 5823 5629
f 5822 5629 5613
f 5823 5662 5661
f 5823 5661 5824
f 5823 5824 5825
f 5823 5825 5629
f 5825 5826 5626
f 5825 5626 5629
f 5825 5824 5827
f 5825 5827 5828
f 5825 5828 5829
f 5825 5829 5826
f 5829 5644 5830
f 5829 5830 5826
f 5829 5828 5831
f 5829 5831 5645
f 5829 5645 5643
f 5829 5643 5644
f 5831 5828 5827
f 5831 5827 5832
f 5831 5832 5648
f 5831 5648 5647
f 5831 5647 5642
f 5831 5642 5645
f 5832 5827 5664
f 5832 5664 5833
f 5832 5833 5834
f 5832 5834 5648
f 5834 5833 5835
f 5834 5835 5836
f 5834 5836 5837
f 5834 5837 5838
f 5834 5838 5649
f 5834 5649 5648
f 5839 5840 5841
f 5839 5841 5842
f 5839 5842 5843
f 5839 5843 5844
f 5839 5844 5845
f 5839 5845 5846
f 5845 5597 5596
f 5845 5596 5846
f 5845 5844 5847
f 5845 5847 5848
f 5845 5848 5849
f 5845 5849 5597
f 5849 5587 5553
f 5849 5553 5597
f 5849 5848 5850
f 5849 5850 5851
f 5849 5851 5588
f 5849 5588 5587
f 5851 5850 5852
f 5851 5852 5853
f 5851 5853 5854
f 5851 5854 5588
f 5854 5855 5589
f 5854 5589 5588
f 5854 5853 5856
f 5854 5856 5857
f 5854 5857 5858
f 5854 5858 5855
f 5858 5859 5860
f 5858 5860 5855
f 5858 5857 5861
f 5858 5861 5862
f 5858 5862 5863
f 5858 5863 5859
f 5863 5864 5865
f 5863 5865 5859
f 5863 5862 5451
f 5863 5451 5450
f 5863 5450 5449
f 5863 5449 5864
f 5865 5418 5417
f 5865 5417 5466
f 5865 5466 5860
f 5865 5860 5859
f 5865 5864 5866
f 5865 5866 5418
f 5866 5419 5415
f 5866 5415 5418
f 5866 5864 5449
f 5866 5449 5867
f 5866 5867 5475
f 5866 5475 5419
f 5867 5449 5385
f 5867 5385 5868
f 5867 5868 5869
f 5867 5869 5475
f 5869 5870 5476
f 5869 5476 5475
f 5869 5868 5441
f 5869 5441 5871
f 5869 5871 5872
f 5869 5872 5870
f 5872 5407 5482
f 5872 5482 5870
f 5872 5871 5873
f 5872 5873 5874
f 5872 5874 5373
f 5872 5373 5407
f 5874 5873 5875
f 5874 5875 5876
f 5874 5876 5323
f 5874 5323 5373
f 5876 5875 5877
f 5876 5877 5249
f 5876 5249 5248
f 5876 5248 5323
f 5877 5875 5439
f 5877 5439 5227
f 5877 5227 5226
f 5877 5226 5878
f 5877 5878 5244
f 5877 5244 5249
f 5878 5226 5231
f 5878 5231 5879
f 5878 5879 5245
f 5878 5245 5244
f 5879 5231 5880
f 5879 5880 5881
f 5879 5881 5882
f 5879 5882 5245
f 5882 5881 5883
f 5882 5883 5884
f 5882 5884 5885
f 5882 5885 5321
f 5882 5321 5246
f 5882 5246 5245
f 5885 5884 5164
f 5885 5164 5163
f 5885 5163 5167
f 5885 5167 5289
f 5885 5289 5288
f 5885 5288 5321
f 5884 5883 5886
f 5884 5886 5164
f 5886 5883 5887
f 5886 5887 5157
f 5886 5157 5156
f 5886 5156 5888
f 5886 5888 5165
f 5886 5165 5164
f 5888 5156 5161
f 5888 5161 5889
f 5888 5889 5168
f 5888 5168 5165
f 5889 5161 5890
f 5889 5890 5891
f 5889 5891 5892
f 5889 5892 5168
f 5891 5890 5189
f 5891 5189 5171
f 5891 5171 5170
f 5891 5170 5892
f 5890 5161 5160
f 5890 5160 5893
f 5890 5893 5894
f 5890 5894 5189
f 5894 5893 5895
f 5894 5895 5896
f 5894 5896 5237
f 5894 5237 5897
f 5894 5897 5186
f 5894 5186 5189
f 5897 5237 5236
f 5897 5236 5208
f 5897 5208 5187
f 5897 5187 5186
f 5896 5895 5296
f 5896 5296 5295
f 5896 5295 5233
f 5896 5233 5237
f 5895 5159 5898
f 5895 5898 5296
f 5895 5893 5160
f 5895 5160 5159
f 5898 5899 5900
f 5898 5900 5331
f 5898 5331 5292
f 5898 5292 5296
f 5898 5159 5158
f 5898 5158 5899
f 5900 5880 5231
f 5900 5231 5230
f 5900 5230 5229
f 5900 5229 5331
f 5900 5899 5887
f 5900 5887 5880
f 5899 5158 5157
f 5899 5157 5887
f 5887 5883 5881
f 5887 5881 5880
f 5875 5873 5440
f 5875 5440 5439
f 5873 5871 5441
f 5873 5441 5440
f 5870 5482 5477
f 5870 5477 5476
f 5868 5385 5384
f 5868 5384 5441
f 5862 5861 5534
f 5862 5534 5451
f 5861 5857 5856
f 5861 5856 5609
f 5861 5609 5535
f 5861 5535 5534
f 5860 5466 5448
f 5860 5448 5901
f 5860 5901 5589
f 5860 5589 5855
f 5901 5448 5376
f 5901 5376 5375
f 5901 5375 5586
f 5901 5586 5589
f 5856 5853 5852
f 5856 5852 5902
f 5856 5902 5610
f 5856 5610 5609
f 5902 5852 5816
f 5902 5816 5815
f 5902 5815 5611
f 5902 5611 5610
f 5852 5850 5903
f 5852 5903 5816
f 5903 5850 5848
f 5903 5848 5847
f 5903 5847 5904
f 5903 5904 5811
f 5903 5811 5810
f 5903 5810 5816
f 5904 5847 5844
f 5904 5844 5843
f 5904 5843 5674
f 5904 5674 5673
f 5904 5673 5806
f 5904 5806 5811
f 5843 5842 5905
f 5843 5905 5674
f 5905 5842 5841
f 5905 5841 5906
f 5905 5906 5701
f 5905 5701 5781
f 5905 5781 5675
f 5905 5675 5674
f 5907 5837 5836
f 5907 5836 5908
f 5907 5908 5909
f 5907 5909 5702
f 5908 5836 5835
f 5908 5835 5910
f 5908 5910 5911
f 5908 5911 5909
f 5910 5835 5663
f 5910 5663 5666
f 5910 5666 5780
f 5910 5780 5911
f 5835 5833 5664
f 5835 5664 5663
f 5830 5912 5628
f 5830 5628 5627
f 5830 5627 5626
f 5830 5626 5826
f 5830 5644 5639
f 5830 5639 5912
f 5912 5639 5638
f 5912 5638 5913
f 5912 5913 5914
f 5912 5914 5628
f 5914 5915 5625
f 5914 5625 5628
f 5914 5913 5591
f 5914 5591 5590
f 5914 5590 5916
f 5914 5916 5915
f 5916 5917 5918
f 5916 5918 5915
f 5916 5590 5565
f 5916 5565 5919
f 5916 5919 5920
f 5916 5920 5917
f 5920 5921 5557
f 5920 5557 5917
f 5920 5919 5922
f 5920 5922 5923
f 5920 5923 5492
f 5920 5492 5921
f 5923 5922 5498
f 5923 5498 5496
f 5923 5496 5493
f 5923 5493 5492
f 5922 5919 5565
f 5922 5565 5564
f 5922 5564 5924
f 5922 5924 5498
f 5924 5564 5563
f 5924 5563 5471
f 5924 5471 5470
f 5924 5470 5925
f 5924 5925 5497
f 5924 5497 5498
f 5925 5470 5458
f 5925 5458 5457
f 5925 5457 5456
f 5925 5456 5497
f 5921 5519 5518
f 5921 5518 5557
f 5921 5492 5491
f 5921 5491 5519
f 5918 5556 5615
f 5918 5615 5616
f 5918 5616 5625
f 5918 5625 5915
f 5918 5917 5557
f 5918 5557 5556
f 5913 5638 5592
f 5913 5592 5591
f 5827 5824 5661
f 5827 5661 5664
f 5821 5819 5656
f 5821 5656 5655
f 5821 5655 5659
f 5821 5659 5662
f 5819 5817 5926
f 5819 5926 5656
f 5926 5817 5813
f 5926 5813 5812
f 5926 5812 5927
f 5926 5927 5928
f 5926 5928 5657
f 5926 5657 5656
f 5928 5927 5929
f 5928 5929 5930
f 5928 5930 5931
f 5928 5931 5657
f 5931 5930 5621
f 5931 5621 5620
f 5931 5620 5623
f 5931 5623 5652
f 5931 5652 5651
f 5931 5651 5657
f 5930 5929 5932
f 5930 5932 5621
f 5932 5929 5933
f 5932 5933 5934
f 5932 5934 5935
f 5932 5935 5936
f 5932 5936 5622
f 5932 5622 5621
f 5936 5935 5937
f 5936 5937 5938
f 5936 5938 5505
f 5936 5505 5622
f 5938 5937 5939
f 5938 5939 5940
f 5938 5940 5506
f 5938 5506 5505
f 5940 5939 5941
f 5940 5941 5942
f 5940 5942 5943
f 5940 5943 5506
f 5942 5941 5944
f 5942 5944 5480
f 5942 5480 5479
f 5942 5479 5943
f 5944 5941 5945
f 5944 5945 5946
f 5944 5946 5447
f 5944 5447 5947
f 5944 5947 5481
f 5944 5481 5480
f 5947 5447 5445
f 5947 5445 5467
f 5947 5467 5477
f 5947 5477 5481
f 5946 5945 5581
f 5946 5581 5406
f 5946 5406 5405
f 5946 5405 5447
f 5945 5948 5582
f 5945 5582 5581
f 5945 5941 5939
f 5945 5939 5948
f 5948 5949 5583
f 5948 5583 5582
f 5948 5939 5937
f 5948 5937 5949
f 5949 5950 5951
f 5949 5951 5583
f 5949 5937 5935
f 5949 5935 5950
f 5951 5952 5953
f 5951 5953 5607
f 5951 5607 5584
f 5951 5584 5583
f 5951 5950 5954
f 5951 5954 5952
f 5954 5803 5801
f 5954 5801 5952
f 5954 5950 5935
f 5954 5935 5934
f 5954 5934 5933
f 5954 5933 5803
f 5953 5799 5797
f 5953 5797 5955
f 5953 5955 5605
f 5953 5605 5607
f 5953 5952 5801
f 5953 5801 5799
f 5955 5797 5795
f 5955 5795 5956
f 5955 5956 5606
f 5955 5606 5605
f 5956 5795 5793
f 5956 5793 5957
f 5956 5957 5631
f 5956 5631 5606
f 5957 5793 5792
f 5957 5792 5958
f 5957 5958 5633
f 5957 5633 5631
f 5958 5792 5791
f 5958 5791 5959
f 5958 5959 5960
f 5958 5960 5633
f 5960 5959 5961
f 5960 5961 5962
f 5960 5962 5963
f 5960 5963 5964
f 5960 5964 5632
f 5960 5632 5633
f 5964 5963 5965
f 5964 5965 5966
f 5964 5966 5541
f 5964 5541 5632
f 5963 5962 5634
f 5963 5634 5967
f 5963 5967 5542
f 5963 5542 5965
f 5967 5634 5601
f 5967 5601 5600
f 5967 5600 5543
f 5967 5543 5542
f 5962 5961 5635
f 5962 5635 5634
f 5961 5968 5636
f 5961 5636 5635
f 5961 5959 5791
f 5961 5791 5968
f 5968 5788 5653
f 5968 5653 5636
f 5968 5791 5789
f 5968 5789 5788
f 5933 5807 5804
f 5933 5804 5803
f 5933 5929 5927
f 5933 5927 5807
f 5927 5812 5808
f 5927 5808 5807
f 5788 5786 5650
f 5788 5650 5653
f 5786 5784 5681
f 5786 5681 5650
f 5784 5706 5682
f 5784 5682 5681
f 5738 5718 5717
f 5738 5717 5725
f 5732 5726 5708
f 5732 5708 5711
f 5723 5722 5712
f 5723 5712 5720
f 5722 5719 5698
f 5722 5698 5695
f 5722 5695 5696
f 5722 5696 5712
f 5780 5666 5665
f 5780 5665 5669
f 5687 5686 5678
f 5687 5678 5677
f 5683 5668 5667
f 5683 5667 5670
f 5670 5660 5659
f 5670 5659 5658
f 5680 5679 5658
f 5680 5658 5654
f 5680 5654 5650
f 5680 5650 5681
f 5653 5652 5623
f 5653 5623 5636
f 5622 5505 5499
f 5622 5499 5572
f 5615 5556 5537
f 5615 5537 5536
f 5603 5571 5570
f 5603 5570 5545
f 5603 5545 5544
f 5603 5544 5599
f 5586 5375 5374
f 5586 5374 5575
f 5581 5580 5357
f 5581 5357 5406
f 5969 5970 5551
f 5969 5551 5550
f 5579 5555 5554
f 5579 5554 5574
f 5969 5971 5972
f 5969 5972 5970
f 5972 5973 5974
f 5972 5974 5970
f 5972 5975 5976
f 5972 5976 5973
f 5976 5302 5300
f 5976 5300 5973
f 5976 5975 5977
f 5976 5977 5978
f 5976 5978 5979
f 5976 5979 5302
f 5979 5980 5301
f 5979 5301 5302
f 5979 5978 5403
f 5979 5403 5981
f 5979 5981 5259
f 5979 5259 5980
f 5981 5403 5319
f 5981 5319 5318
f 5981 5318 5256
f 5981 5256 5259
f 5980 5209 5239
f 5980 5239 5301
f 5980 5259 5205
f 5980 5205 5209
f 5978 5977 5404
f 5978 5404 5403
f 5977 5975 5982
f 5977 5982 5577
f 5977 5577 5576
f 5977 5576 5404
f 5974 5242 5241
f 5974 5241 5346
f 5974 5346 5551
f 5974 5551 5970
f 5974 5973 5300
f 5974 5300 5242
f 5576 5575 5374
f 5576 5374 5404
f 5568 5546 5549
f 5568 5549 5567
f 5567 5549 5983
f 5567 5983 5532
f 5983 5984 5985
f 5983 5985 5986
f 5983 5986 5533
f 5983 5533 5532
f 5983 5549 5548
f 5983 5548 5984
f 5986 5985 5486
f 5986 5486 5485
f 5986 5485 5489
f 5986 5489 5533
f 5985 5379 5378
f 5985 5378 5486
f 5985 5984 5987
f 5985 5987 5379
f 5987 5988 5380
f 5987 5380 5379
f 5987 5984 5548
f 5987 5548 5350
f 5987 5350 5349
f 5987 5349 5988
f 5988 5989 5381
f 5988 5381 5380
f 5988 5349 5348
f 5988 5348 5989
f 5989 5348 5472
f 5989 5472 5990
f 5989 5990 5991
f 5989 5991 5381
f 5991 5990 5992
f 5991 5992 5993
f 5991 5993 5436
f 5991 5436 5433
f 5991 5433 5382
f 5991 5382 5381
f 5993 5992 5530
f 5993 5530 5520
f 5993 5520 5490
f 5993 5490 5436
f 5992 5474 5531
f 5992 5531 5530
f 5992 5990 5472
f 5992 5472 5474
f 5563 5531 5474
f 5563 5474 5471
f 5551 5346 5345
f 5551 5345 5547
f 5548 5547 5345
f 5548 5345 5350
f 5965 5542 5510
f 5965 5510 5512
f 5544 5514 5543
f 5544 5543 5599
f 5540 5539 5526
f 5540 5526 5528
f 5539 5538 5994
f 5539 5994 5526
f 5994 5995 5527
f 5994 5527 5526
f 5994 5538 5996
f 5994 5996 5997
f 5994 5997 5998
f 5994 5998 5995
f 5998 5336 5335
f 5998 5335 5995
f 5998 5997 5999
f 5998 5999 6000
f 5998 6000 6001
f 5998 6001 5336
f 6001 6002 5337
f 6001 5337 5336
f 6001 6000 5361
f 6001 5361 5360
f 6001 5360 5363
f 6001 5363 6002
f 6002 6003 5338
f 6002 5338 5337
f 6002 5363 6004
f 6002 6004 6003
f 6004 6005 5388
f 6004 5388 6003
f 6004 5363 5362
f 6004 5362 6006
f 6004 6006 5423
f 6004 5423 6005
f 6006 5362 5273
f 6006 5273 6007
f 6006 6007 5424
f 6006 5424 5423
f 6007 5273 5272
f 6007 5272 6008
f 6007 6008 6009
f 6007 6009 5424
f 6009 5414 5421
f 6009 5421 5424
f 6009 6008 6010
f 6009 6010 6011
f 6009 6011 5412
f 6009 5412 5414
f 6011 6010 6012
f 6011 6012 6013
f 6011 6013 5413
f 6011 5413 5412
f 6013 6012 5339
f 6013 5339 5395
f 6013 5395 5394
f 6013 5394 5413
f 6012 6010 5198
f 6012 5198 5197
f 6012 5197 5332
f 6012 5332 5339
f 6010 6008 5272
f 6010 5272 5198
f 6005 6014 5389
f 6005 5389 5388
f 6005 5423 5422
f 6005 5422 6014
f 6014 6015 5390
f 6014 5390 5389
f 6014 5422 5428
f 6014 5428 6015
f 6015 6016 6017
f 6015 6017 5390
f 6015 5428 6018
f 6015 6018 6016
f 6018 6019 6020
f 6018 6020 6016
f 6018 5428 5427
f 6018 5427 5501
f 6018 5501 5500
f 6018 5500 6019
f 6020 5999 5997
f 6020 5997 5996
f 6020 5996 6017
f 6020 6017 6016
f 6020 6019 6021
f 6020 6021 5999
f 6021 5361 6000
f 6021 6000 5999
f 6021 6019 5500
f 6021 5500 5504
f 6021 5504 5354
f 6021 5354 5361
f 6017 5996 5538
f 6017 5538 5509
f 6017 5509 5391
f 6017 5391 5390
f 6003 5388 5387
f 6003 5387 5338
f 5995 5335 5334
f 5995 5334 5527
f 5533 5489 5488
f 5533 5488 5521
f 5527 5334 6022
f 5527 6022 5523
f 6022 6023 5283
f 6022 5283 5282
f 6022 5282 5524
f 6022 5524 5523
f 6022 5334 5333
f 6022 5333 6023
f 6023 5333 5191
f 6023 5191 5194
f 6023 5194 5286
f 6023 5286 5283
f 5521 5488 5516
f 5521 5516 5515
f 5516 5367 5369
f 5516 5369 5452
f 5516 5488 5368
f 5516 5368 5367
f 5513 5426 5425
f 5513 5425 5465
f 5513 5465 5464
f 5513 5464 5511
f 5511 5464 5392
f 5511 5392 5508
f 5508 5392 5386
f 5508 5386 5391
f 5506 5943 5355
f 5506 5355 5503
f 5504 5503 5355
f 5504 5355 5354
f 5494 5456 5455
f 5494 5455 5438
f 5473 6024 6025
f 5473 6025 5469
f 5473 5472 5348
f 5473 5348 5347
f 5473 5347 6026
f 5473 6026 6024
f 6026 6027 6028
f 6026 6028 6024
f 6026 5347 5240
f 6026 5240 5235
f 6026 5235 5234
f 6026 5234 6027
f 6028 5431 5430
f 6028 5430 6029
f 6028 6029 6025
f 6028 6025 6024
f 6028 6027 5298
f 6028 5298 5431
f 6029 5430 5435
f 6029 5435 5454
f 6029 5454 5458
f 6029 5458 6025
f 6027 5234 5291
f 6027 5291 5298
f 6025 5458 5470
f 6025 5470 5469
f 5465 5425 5411
f 5465 5411 5410
f 5462 5461 6030
f 5462 6030 6031
f 5462 6031 6032
f 5462 6032 5398
f 6032 6031 6033
f 6032 6033 6034
f 6032 6034 5341
f 6032 5341 5343
f 6032 5343 5399
f 6032 5399 5398
f 6034 6033 6035
f 6034 6035 5266
f 6034 5266 5265
f 6034 5265 5341
f 6035 6036 5220
f 6035 5220 5203
f 6035 5203 5202
f 6035 5202 5266
f 6035 6033 6037
f 6035 6037 6036
f 6037 5277 5275
f 6037 5275 6036
f 6037 6033 6031
f 6037 6031 6030
f 6037 6030 6038
f 6037 6038 5277
f 6036 5275 5221
f 6036 5221 5220
f 6030 5461 6039
f 6030 6039 6038
f 6039 6040 5317
f 6039 5317 6038
f 6039 5461 5460
f 6039 5460 6041
f 6039 6041 6042
f 6039 6042 6040
f 6042 6043 5255
f 6042 5255 6040
f 6042 6041 6044
f 6042 6044 6045
f 6042 6045 6046
f 6042 6046 6043
f 6046 5223 5222
f 6046 5222 6043
f 6046 6045 5326
f 6046 5326 5313
f 6046 5313 5224
f 6046 5224 5223
f 6045 6044 6047
f 6045 6047 5326
f 6047 6044 5401
f 6047 5401 5400
f 6047 5400 5442
f 6047 5442 5446
f 6047 5446 5327
f 6047 5327 5326
f 6044 6041 5460
f 6044 5460 5401
f 6043 5222 5254
f 6043 5254 5255
f 6040 5255 5253
f 6040 5253 5317
f 5446 5359 5325
f 5446 5325 5327
f 5443 5442 5400
f 5443 5400 5402
f 5439 5329 5228
f 5439 5228 5227
f 5432 5431 5298
f 5432 5298 5297
f 5432 5297 5377
f 5432 5377 5382
f 5413 5394 5393
f 5413 5393 5409
f 5399 5343 5342
f 5399 5342 5376
f 5395 5339 5338
f 5395 5338 5387
f 5362 5352 5269
f 5362 5269 5273
f 5356 5351 5355
f 5356 5355 5943
f 5356 5943 5479
f 5356 5479 5370
f 5333 5332 5197
f 5333 5197 5191
f 5327 5325 5315
f 5327 5315 5314
f 5295 5291 5234
f 5295 5234 5233
f 5290 5271 5270
f 5290 5270 5353
f 6038 5317 5303
f 6038 5303 5279
f 5278 5277 6038
f 5278 6038 5279
f 5272 5274 5195
f 5272 5195 5198
f 5263 5262 5258
f 5263 5258 5257
f 5262 5200 5180
f 5262 5180 6048
f 5262 6048 5210
f 5262 5210 5258
f 6048 5180 5179
f 6048 5179 5190
f 6048 5190 5188
f 6048 5188 5210
f 5258 5210 5207
f 5258 5207 5206
f 5254 5222 5213
f 5254 5213 5212
f 5239 5209 5208
f 5239 5208 5236
f 5221 5217 5216
f 5221 5216 5219
f 5219 5216 5215
f 5219 5215 5201
f 5215 5214 5183
f 5215 5183 6049
f 5215 6049 5178
f 5215 5178 5201
f 6049 5183 5182
f 6049 5182 6050
f 6049 6050 5179
f 6049 5179 5178
f 6050 5182 5174
f 6050 5174 5173
f 6050 5173 5190
f 6050 5190 5179
f 5892 5762 5166
f 5892 5166 5168
f 5290 5353 5328
f 5290 5328 5287
f 5512 5541 5966
f 5512 5966 5965
f 5261 5260 5342
f 5261 5342 5340
f 5762 5892 5170
f 5762 5170 5757
f 5756 5760 5762
f 5756 5762 5757
f 5738 5737 5775
f 5738 5775 6051
f 5779 5718 5738
f 5779 5738 6051
f 6052 5779 6051
f 6052 6051 6053
f 5276 5251 5250
f 5276 5250 5275
f 5579 5578 5971
f 5579 5971 5969
f 5969 5550 5555
f 5969 5555 5579
f 5546 5552 5555
f 5546 5555 5550
f 5595 5594 5568
f 5595 5568 6054
f 5596 5595 6054
f 5596 6054 6055
f 5846 5596 6055
f 5846 6055 6056
f 5839 5846 6056
f 5839 6056 5840
f 5594 5552 5546
f 5594 5546 5568
f 5972 5971 5982
f 5972 5982 5975
f 5578 5577 5982
f 5578 5982 5971
f 5773 5716 5714
f 5773 5714 5778
f 6053 5774 5773
f 6053 5773 5778
f 5776 6052 6053
f 5776 6053 5778
f 5699 5779 6052
f 5699 6052 5776
f 5775 5774 6053
f 5775 6053 6051
f 5566 5593 6054
f 5566 6054 5568
f 5646 6055 6054
f 5646 6054 5593
f 5646 5649 6056
f 5646 6056 6055
f 5838 5840 6056
f 5838 6056 5649
f 5838 5837 5841
f 5838 5841 5840
f 5906 5841 5837
f 5906 5837 5907
f 5701 5906 5907
f 5701 5907 5702
f 5700 5716 5771
f 5700 5771 5770
f 5770 5781 5701
f 5770 5701 5700
f 5715 5703 5702
f 5715 5702 5909
f 5911 5713 5715
f 5911 5715 5909
f 5911 5780 5714
f 5911 5714 5713
f 6057 6058 6059
f 6057 6059 6060
f 6057 6060 6061
f 6057 6061 6062
f 6057 6062 6063
f 6057 6063 6064
f 6057 6064 6065
f 6057 6065 6066
f 6067 6068 6069
f 6067 6069 6070
f 6067 6063 6062
f 6067 6062 6071
f 6067 6070 6072
f 6067 6072 6063
f 6064 6063 6072
f 6064 6072 6065
f 6060 6059 6073
f 6060 6073 6061
f 6074 6075 6076
f 6074 6076 6077
f 6078 6079 6080
f 6078 6080 6081
f 6078 6082 6083
f 6078 6083 6079
f 6078 6081 6084
f 6078 6084 6082
f 6076 6075 6085
f 6076 6085 6086
f 6075 6074 6080
f 6075 6080 6079
f 6087 6088 6089
f 6087 6089 6069
f 6087 6090 6091
f 6087 6091 6088
f 6087 6069 6068
f 6087 6068 6090
f 6072 6070 6092
f 6072 6092 6093
f 6094 6095 6096
f 6094 6096 6097
f 6098 6099 6096
f 6098 6096 6095
f 6095 6094 6077
f 6095 6077 6098
f 6100 6101 6102
f 6100 6102 6103
f 6100 6088 6091
f 6100 6091 6101
f 6100 6103 6089
f 6100 6089 6088
f 6074 6104 6105
f 6074 6105 6106
f 6074 6077 6107
f 6074 6107 6104
f 6074 6106 6108
f 6074 6108 6080
f 6109 6081 6080
f 6109 6080 6108
f 6109 6110 6084
f 6109 6084 6081
f 6109 6108 6111
f 6109 6111 6110
f 6112 6113 6099
f 6112 6099 6098
f 6112 6098 6086
f 6112 6086 6114
f 6112 6114 6115
f 6112 6115 6113
f 6059 6058 6116
f 6059 6116 6073
f 6096 6099 6117
f 6096 6117 6118
f 6113 6115 6117
f 6113 6117 6099
f 6108 6119 6120
f 6108 6120 6111
f 6121 6122 6094
f 6121 6094 6097
f 6123 6124 6125
f 6123 6125 6126
f 6123 6127 6128
f 6123 6128 6129
f 6123 6129 6130
f 6123 6130 6124
f 6126 6125 6131
f 6126 6131 6132
f 6126 6133 6134
f 6126 6134 6123
f 6135 6136 6137
f 6135 6137 6138
f 6139 6140 6141
f 6139 6141 6142
f 6139 6143 6144
f 6139 6144 6140
f 6139 6142 6145
f 6139 6145 6146
f 6116 6147 6148
f 6116 6148 6073
f 6116 6149 6150
f 6116 6150 6151
f 6116 6058 6152
f 6116 6152 6149
f 6116 6151 6153
f 6116 6153 6147
f 6142 6141 6154
f 6142 6154 6155
f 6156 6157 6158
f 6156 6158 6159
f 6160 6118 6117
f 6160 6117 6161
f 6138 6137 6162
f 6138 6162 6163
f 6163 6164 6165
f 6163 6165 6138
f 6133 6165 6166
f 6133 6166 6150
f 6133 6126 6138
f 6133 6138 6165
f 6119 6167 6168
f 6119 6168 6169
f 6163 6170 6171
f 6163 6171 6164
f 6163 6162 6172
f 6163 6172 6170
f 6173 6136 6174
f 6173 6174 6128
f 6175 6176 6171
f 6175 6171 6170
f 6175 6170 6172
f 6175 6172 6177
f 6175 6177 6178
f 6175 6178 6176
f 6153 6151 6179
f 6153 6179 6180
f 6153 6180 6181
f 6153 6181 6182
f 6183 6146 6145
f 6183 6145 6184
f 6185 6186 6146
f 6185 6146 6183
f 6183 6184 6187
f 6183 6187 6185
f 6188 6159 6158
f 6188 6158 6189
f 6187 6190 6191
f 6187 6191 6185
f 6187 6192 6193
f 6187 6193 6190
f 6182 6194 6195
f 6182 6195 6196
f 6173 6128 6127
f 6173 6127 6197
f 6198 6199 6196
f 6198 6196 6195
f 6198 6200 6201
f 6198 6201 6199
f 6178 6202 6203
f 6178 6203 6176
f 6178 6177 6204
f 6178 6204 6202
f 6205 6191 6206
f 6205 6206 6207
f 6205 6208 6185
f 6205 6185 6191
f 6205 6207 6209
f 6205 6209 6208
f 6206 6210 6211
f 6206 6211 6207
f 6162 6212 6213
f 6162 6213 6172
f 6162 6137 6197
f 6162 6197 6212
f 6167 6184 6214
f 6167 6214 6215
f 6167 6215 6216
f 6167 6216 6168
f 6217 6189 6158
f 6217 6158 6218
f 6217 6145 6142
f 6217 6142 6189
f 6217 6214 6184
f 6217 6184 6145
f 6219 6220 6221
f 6219 6221 6222
f 6219 6222 6223
f 6219 6223 6203
f 6219 6203 6202
f 6219 6202 6220
f 6224 6181 6225
f 6224 6225 6226
f 6224 6127 6123
f 6224 6123 6134
f 6218 6208 6227
f 6218 6227 6228
f 6218 6228 6229
f 6218 6229 6217
f 6208 6209 6230
f 6208 6230 6227
f 6208 6218 6186
f 6208 6186 6185
f 6231 6225 6181
f 6231 6181 6180
f 6231 6232 6222
f 6231 6222 6233
f 6231 6180 6179
f 6231 6179 6232
f 6234 6193 6192
f 6234 6192 6235
f 6234 6235 6169
f 6234 6169 6168
f 6234 6236 6237
f 6234 6237 6238
f 6234 6168 6216
f 6234 6216 6236
f 6212 6224 6226
f 6212 6226 6239
f 6212 6197 6127
f 6212 6127 6224
f 6212 6239 6240
f 6212 6240 6213
f 6225 6231 6241
f 6225 6241 6242
f 6225 6242 6243
f 6225 6243 6244
f 6220 6202 6204
f 6220 6204 6245
f 6220 6245 6246
f 6220 6246 6247
f 6220 6247 6248
f 6220 6248 6221
f 6233 6222 6221
f 6233 6221 6249
f 6233 6250 6241
f 6233 6241 6231
f 6239 6251 6252
f 6239 6252 6240
f 6239 6253 6254
f 6239 6254 6251
f 6248 6255 6249
f 6248 6249 6221
f 6248 6247 6246
f 6248 6246 6255
f 6253 6239 6226
f 6253 6226 6256
f 6253 6256 6257
f 6253 6257 6254
f 6258 6229 6228
f 6258 6228 6259
f 6258 6259 6260
f 6258 6260 6261
f 6258 6261 6262
f 6258 6262 6229
f 6263 6244 6243
f 6263 6243 6264
f 6263 6264 6265
f 6263 6265 6257
f 6263 6257 6256
f 6263 6256 6244
f 6266 6267 6268
f 6266 6268 6269
f 6266 6269 6270
f 6266 6270 6230
f 6266 6230 6209
f 6266 6209 6267
f 6271 6272 6273
f 6271 6273 6274
f 6271 6274 6275
f 6271 6275 6276
f 6271 6277 6278
f 6271 6278 6272
f 6230 6279 6280
f 6230 6280 6227
f 6281 6282 6283
f 6281 6283 6284
f 6281 6284 6285
f 6281 6285 6286
f 6281 6216 6215
f 6281 6215 6282
f 6270 6277 6279
f 6270 6279 6230
f 6254 6257 6265
f 6254 6265 6251
f 6279 6277 6287
f 6279 6287 6280
f 6277 6271 6288
f 6277 6288 6287
f 6289 6290 6291
f 6289 6291 6292
f 6289 6293 6294
f 6289 6294 6295
f 6289 6292 6296
f 6289 6296 6293
f 6297 6298 6299
f 6297 6299 6300
f 6301 6302 6298
f 6301 6298 6297
f 6297 6300 6303
f 6297 6303 6301
f 6304 6296 6292
f 6304 6292 6286
f 6305 6306 6296
f 6305 6296 6304
f 6304 6286 6285
f 6304 6285 6305
f 6307 6308 6309
f 6307 6309 6310
f 6300 6311 6308
f 6300 6308 6307
f 6307 6310 6303
f 6307 6303 6300
f 6312 6306 6313
f 6312 6313 6314
f 6313 6306 6305
f 6313 6305 6315
f 6313 6315 6316
f 6313 6316 6317
f 6318 6319 6320
f 6318 6320 6321
f 6318 6322 6323
f 6318 6323 6319
f 6318 6324 6325
f 6318 6325 6322
f 6318 6321 6326
f 6318 6326 6324
f 6324 6326 6327
f 6324 6327 6325
f 6328 6329 6330
f 6328 6330 6331
f 6328 6331 6332
f 6328 6332 6333
f 6328 6333 6334
f 6328 6334 6329
f 6334 6335 6327
f 6334 6327 6329
f 6333 6332 6335
f 6333 6335 6334
f 6335 6332 6336
f 6335 6336 6337
f 6335 6337 6325
f 6335 6325 6327
f 6337 6336 6338
f 6337 6338 6339
f 6337 6339 6322
f 6337 6322 6325
f 6339 6338 6340
f 6339 6340 6341
f 6339 6341 6323
f 6339 6323 6322
f 6341 6340 6342
f 6341 6342 6343
f 6341 6343 6344
f 6341 6344 6323
f 6344 6343 6303
f 6344 6303 6310
f 6344 6310 6313
f 6344 6313 6317
f 6344 6317 6319
f 6344 6319 6323
f 6343 6342 6301
f 6343 6301 6303
f 6342 6345 6346
f 6342 6346 6301
f 6342 6340 6347
f 6342 6347 6345
f 6347 6348 6349
f 6347 6349 6345
f 6347 6340 6338
f 6347 6338 6350
f 6347 6350 6351
f 6347 6351 6348
f 6351 6320 6316
f 6351 6316 6348
f 6351 6350 6352
f 6351 6352 6353
f 6351 6353 6321
f 6351 6321 6320
f 6353 6352 6331
f 6353 6331 6330
f 6353 6330 6326
f 6353 6326 6321
f 6352 6350 6338
f 6352 6338 6336
f 6352 6336 6332
f 6352 6332 6331
f 6349 6315 6305
f 6349 6305 6354
f 6349 6354 6346
f 6349 6346 6345
f 6349 6348 6316
f 6349 6316 6315
f 6354 6305 6285
f 6354 6285 6355
f 6354 6355 6356
f 6354 6356 6346
f 6356 6355 6357
f 6356 6357 6358
f 6356 6358 6276
f 6356 6276 6302
f 6356 6302 6301
f 6356 6301 6346
f 6358 6357 6359
f 6358 6359 6288
f 6358 6288 6271
f 6358 6271 6276
f 6359 6283 6261
f 6359 6261 6260
f 6359 6260 6287
f 6359 6287 6288
f 6359 6357 6284
f 6359 6284 6283
f 6357 6355 6285
f 6357 6285 6284
f 6330 6329 6327
f 6330 6327 6326
f 6320 6319 6317
f 6320 6317 6316
f 6314 6309 6360
f 6314 6360 6294
f 6314 6294 6293
f 6314 6293 6312
f 6314 6313 6310
f 6314 6310 6309
f 6360 6250 6233
f 6360 6233 6361
f 6360 6361 6295
f 6360 6295 6294
f 6360 6309 6308
f 6360 6308 6250
f 6361 6233 6249
f 6361 6249 6362
f 6361 6362 6264
f 6361 6264 6295
f 6362 6249 6255
f 6362 6255 6363
f 6362 6363 6265
f 6362 6265 6264
f 6363 6255 6246
f 6363 6246 6252
f 6363 6252 6251
f 6363 6251 6265
f 6312 6293 6296
f 6312 6296 6306
f 6311 6290 6242
f 6311 6242 6241
f 6311 6241 6250
f 6311 6250 6308
f 6311 6300 6291
f 6311 6291 6290
f 6302 6276 6275
f 6302 6275 6298
f 6300 6299 6364
f 6300 6364 6291
f 6364 6299 6365
f 6364 6365 6366
f 6364 6366 6281
f 6364 6281 6286
f 6364 6286 6292
f 6364 6292 6291
f 6366 6365 6237
f 6366 6237 6236
f 6366 6236 6216
f 6366 6216 6281
f 6365 6275 6274
f 6365 6274 6237
f 6365 6299 6298
f 6365 6298 6275
f 6295 6264 6243
f 6295 6243 6289
f 6290 6289 6243
f 6290 6243 6242
f 6287 6260 6259
f 6287 6259 6280
f 6283 6282 6262
f 6283 6262 6261
f 6282 6215 6214
f 6282 6214 6262
f 6280 6259 6228
f 6280 6228 6227
f 6278 6269 6268
f 6278 6268 6272
f 6278 6277 6270
f 6278 6270 6269
f 6274 6273 6238
f 6274 6238 6237
f 6273 6272 6268
f 6273 6268 6367
f 6273 6367 6368
f 6273 6368 6238
f 6368 6367 6211
f 6368 6211 6210
f 6368 6210 6190
f 6368 6190 6193
f 6368 6193 6234
f 6368 6234 6238
f 6367 6268 6267
f 6367 6267 6211
f 6267 6209 6207
f 6267 6207 6211
f 6262 6214 6217
f 6262 6217 6229
f 6256 6226 6225
f 6256 6225 6244
f 6252 6246 6245
f 6252 6245 6240
f 6245 6204 6213
f 6245 6213 6240
f 6232 6179 6166
f 6232 6166 6369
f 6232 6369 6223
f 6232 6223 6222
f 6369 6166 6165
f 6369 6165 6164
f 6369 6164 6171
f 6369 6171 6223
f 6223 6171 6176
f 6223 6176 6203
f 6218 6158 6157
f 6218 6157 6186
f 6213 6204 6177
f 6213 6177 6172
f 6210 6206 6191
f 6210 6191 6190
f 6201 6200 6089
f 6201 6089 6103
f 6201 6103 6102
f 6201 6102 6370
f 6201 6370 6371
f 6201 6371 6199
f 6371 6370 6372
f 6371 6372 6373
f 6371 6373 6374
f 6371 6374 6375
f 6371 6375 6196
f 6371 6196 6199
f 6375 6374 6376
f 6375 6376 6377
f 6375 6377 6182
f 6375 6182 6196
f 6377 6376 6378
f 6377 6378 6379
f 6377 6379 6153
f 6377 6153 6182
f 6379 6378 6380
f 6379 6380 6381
f 6379 6381 6147
f 6379 6147 6153
f 6381 6380 6382
f 6381 6382 6383
f 6381 6383 6148
f 6381 6148 6147
f 6383 6382 6384
f 6383 6384 6385
f 6383 6385 6386
f 6383 6386 6148
f 6386 6061 6073
f 6386 6073 6148
f 6386 6385 6387
f 6386 6387 6071
f 6386 6071 6062
f 6386 6062 6061
f 6387 6385 6384
f 6387 6384 6388
f 6387 6388 6389
f 6387 6389 6390
f 6387 6390 6067
f 6387 6067 6071
f 6390 6389 6391
f 6390 6391 6392
f 6390 6392 6068
f 6390 6068 6067
f 6392 6391 6393
f 6392 6393 6394
f 6392 6394 6090
f 6392 6090 6068
f 6394 6393 6395
f 6394 6395 6396
f 6394 6396 6091
f 6394 6091 6090
f 6396 6395 6397
f 6396 6397 6398
f 6396 6398 6101
f 6396 6101 6091
f 6398 6397 6399
f 6398 6399 6400
f 6398 6400 6102
f 6398 6102 6101
f 6400 6399 6401
f 6400 6401 6372
f 6400 6372 6370
f 6400 6370 6102
f 6399 6397 6110
f 6399 6110 6111
f 6399 6111 6120
f 6399 6120 6401
f 6397 6395 6084
f 6397 6084 6110
f 6395 6393 6082
f 6395 6082 6084
f 6393 6391 6083
f 6393 6083 6082
f 6391 6389 6402
f 6391 6402 6083
f 6402 6389 6388
f 6402 6388 6403
f 6402 6403 6085
f 6402 6085 6075
f 6402 6075 6079
f 6402 6079 6083
f 6403 6388 6384
f 6403 6384 6404
f 6403 6404 6405
f 6403 6405 6085
f 6405 6404 6406
f 6405 6406 6407
f 6405 6407 6115
f 6405 6115 6114
f 6405 6114 6086
f 6405 6086 6085
f 6407 6406 6408
f 6407 6408 6161
f 6407 6161 6117
f 6407 6117 6115
f 6408 6380 6378
f 6408 6378 6409
f 6408 6409 6160
f 6408 6160 6161
f 6408 6406 6382
f 6408 6382 6380
f 6406 6404 6384
f 6406 6384 6382
f 6378 6376 6410
f 6378 6410 6409
f 6376 6374 6411
f 6376 6411 6410
f 6411 6374 6373
f 6411 6373 6412
f 6411 6412 6119
f 6411 6119 6169
f 6411 6169 6235
f 6411 6235 6410
f 6373 6372 6401
f 6373 6401 6412
f 6189 6142 6155
f 6189 6155 6188
f 6188 6155 6413
f 6188 6413 6159
f 6413 6414 6144
f 6413 6144 6143
f 6413 6143 6156
f 6413 6156 6159
f 6413 6155 6154
f 6413 6154 6414
f 6414 6107 6415
f 6414 6415 6144
f 6414 6154 6104
f 6414 6104 6107
f 6415 6094 6122
f 6415 6122 6416
f 6415 6416 6140
f 6415 6140 6144
f 6415 6107 6077
f 6415 6077 6094
f 6416 6122 6106
f 6416 6106 6105
f 6416 6105 6141
f 6416 6141 6140
f 6186 6157 6139
f 6186 6139 6146
f 6187 6184 6167
f 6187 6167 6417
f 6187 6417 6418
f 6187 6418 6192
f 6179 6151 6150
f 6179 6150 6166
f 6174 6136 6135
f 6174 6135 6132
f 6174 6132 6131
f 6174 6131 6419
f 6174 6419 6129
f 6174 6129 6128
f 6419 6131 6420
f 6419 6420 6421
f 6419 6421 6130
f 6419 6130 6129
f 6421 6420 6422
f 6421 6422 6423
f 6421 6423 6424
f 6421 6424 6130
f 6424 6425 6124
f 6424 6124 6130
f 6424 6423 6065
f 6424 6065 6072
f 6424 6072 6093
f 6424 6093 6425
f 6425 6426 6125
f 6425 6125 6124
f 6425 6093 6427
f 6425 6427 6426
f 6426 6420 6131
f 6426 6131 6125
f 6426 6427 6422
f 6426 6422 6420
f 6423 6422 6066
f 6423 6066 6065
f 6157 6156 6143
f 6157 6143 6139
f 6154 6141 6105
f 6154 6105 6104
f 6150 6149 6428
f 6150 6428 6133
f 6149 6152 6092
f 6149 6092 6428
f 6428 6429 6134
f 6428 6134 6133
f 6429 6194 6182
f 6429 6182 6181
f 6429 6181 6224
f 6429 6224 6134
f 6138 6126 6132
f 6138 6132 6135
f 6160 6409 6410
f 6160 6410 6235
f 6418 6160 6235
f 6418 6235 6192
f 6120 6119 6412
f 6120 6412 6401
f 6167 6119 6108
f 6167 6108 6106
f 6122 6417 6167
f 6122 6167 6106
f 6093 6092 6152
f 6093 6152 6427
f 6066 6422 6427
f 6066 6427 6152
f 6066 6152 6058
f 6066 6058 6057
f 6200 6198 6195
f 6200 6195 6194
f 6092 6070 6069
f 6092 6069 6089
f 6194 6429 6428
f 6194 6428 6092
f 6089 6200 6194
f 6089 6194 6092
f 6197 6137 6136
f 6197 6136 6173
f 6418 6121 6118
f 6418 6118 6160
f 6418 6417 6122
f 6418 6122 6121
f 6098 6077 6076
f 6098 6076 6086
f 6097 6096 6118
f 6097 6118 6121
f 6430 6431 6432
f 6430 6432 6433
f 6430 6434 6435
f 6430 6435 6431
f 6430 6433 6436
f 6430 6436 6434
f 6437 6438 6439
f 6437 6439 6440
f 6437 6440 6441
f 6437 6441 6435
f 6437 6435 6434
f 6437 6434 6438
f 6442 6443 6441
f 6442 6441 6440
f 6444 6445 6443
f 6444 6443 6442
f 6442 6440 6446
f 6442 6446 6444
f 6447 6448 6449
f 6447 6449 6450
f 6447 6451 6452
f 6447 6452 6448
f 6447 6450 6453
f 6447 6453 6451
f 6454 6455 6456
f 6454 6456 6457
f 6454 6457 6458
f 6454 6458 6459
f 6454 6459 6460
f 6454 6460 6455
f 6451 6461 6462
f 6451 6462 6452
f 6463 6464 6465
f 6463 6465 6466
f 6463 6467 6461
f 6463 6461 6464
f 6463 6466 6468
f 6463 6468 6467
f 6469 6444 6446
f 6469 6446 6470
f 6469 6470 6471
f 6469 6471 6472
f 6469 6472 6473
f 6469 6473 6444
f 6474 6475 6476
f 6474 6476 6477
f 6443 6478 6479
f 6443 6479 6441
f 6475 6474 6480
f 6475 6480 6481
f 6475 6481 6482
f 6475 6482 6483
f 6473 6484 6485
f 6473 6485 6486
f 6487 6488 6473
f 6487 6473 6486
f 6487 6489 6490
f 6487 6490 6488
f 6491 6492 6493
f 6491 6493 6494
f 6491 6482 6481
f 6491 6481 6492
f 6491 6494 6495
f 6491 6495 6496
f 6497 6498 6499
f 6497 6499 6500
f 6497 6501 6502
f 6497 6502 6498
f 6496 6495 6503
f 6496 6503 6504
f 6496 6505 6506
f 6496 6506 6491
f 6498 6507 6508
f 6498 6508 6499
f 6509 6510 6511
f 6509 6511 6512
f 6509 6513 6507
f 6509 6507 6510
f 6479 6486 6514
f 6479 6514 6515
f 6479 6478 6487
f 6479 6487 6486
f 6516 6517 6493
f 6516 6493 6518
f 6516 6518 6505
f 6516 6505 6519
f 6516 6519 6520
f 6516 6520 6517
f 6521 6522 6523
f 6521 6523 6524
f 6521 6524 6525
f 6521 6525 6441
f 6521 6515 6526
f 6521 6526 6522
f 6493 6492 6527
f 6493 6527 6518
f 6493 6517 6528
f 6493 6528 6529
f 6493 6529 6530
f 6493 6530 6494
f 6531 6532 6533
f 6531 6533 6534
f 6531 6534 6535
f 6531 6535 6536
f 6507 6537 6538
f 6507 6538 6510
f 6539 6540 6541
f 6539 6541 6542
f 6453 6543 6540
f 6453 6540 6539
f 6539 6542 6532
f 6539 6532 6453
f 6544 6484 6473
f 6544 6473 6472
f 6544 6545 6546
f 6544 6546 6484
f 6544 6472 6471
f 6544 6471 6545
f 6504 6503 6520
f 6504 6520 6519
f 6547 6548 6468
f 6547 6468 6466
f 6547 6466 6465
f 6547 6465 6549
f 6547 6549 6550
f 6547 6550 6548
f 6524 6523 6551
f 6524 6551 6552
f 6524 6552 6553
f 6524 6553 6525
f 6530 6554 6495
f 6530 6495 6494
f 6530 6529 6555
f 6530 6555 6556
f 6557 6554 6534
f 6557 6534 6533
f 6557 6533 6558
f 6557 6558 6559
f 6557 6503 6495
f 6557 6495 6554
f 6514 6560 6561
f 6514 6561 6562
f 6514 6562 6563
f 6514 6563 6564
f 6565 6566 6567
f 6565 6567 6568
f 6569 6570 6566
f 6569 6566 6565
f 6565 6568 6571
f 6565 6571 6569
f 6572 6573 6574
f 6572 6574 6575
f 6572 6575 6576
f 6572 6576 6563
f 6572 6563 6562
f 6572 6562 6573
f 6577 6578 6569
f 6577 6569 6571
f 6577 6579 6580
f 6577 6580 6578
f 6577 6551 6523
f 6577 6523 6522
f 6577 6571 6581
f 6577 6581 6551
f 6582 6583 6584
f 6582 6584 6585
f 6582 6586 6498
f 6582 6498 6502
f 6587 6588 6520
f 6587 6520 6503
f 6589 6590 6588
f 6589 6588 6587
f 6587 6503 6557
f 6587 6557 6589
f 6541 6568 6567
f 6541 6567 6542
f 6541 6540 6591
f 6541 6591 6568
f 6579 6560 6485
f 6579 6485 6580
f 6579 6577 6522
f 6579 6522 6526
f 6579 6526 6592
f 6579 6592 6593
f 6594 6595 6596
f 6594 6596 6597
f 6594 6597 6567
f 6594 6567 6566
f 6583 6538 6598
f 6583 6598 6599
f 6583 6511 6510
f 6583 6510 6538
f 6583 6599 6600
f 6583 6600 6601
f 6602 6603 6604
f 6602 6604 6605
f 6602 6599 6598
f 6602 6598 6603
f 6602 6605 6600
f 6602 6600 6599
f 6583 6601 6606
f 6583 6606 6584
f 6607 6608 6609
f 6607 6609 6555
f 6607 6555 6529
f 6607 6529 6528
f 6607 6528 6610
f 6607 6610 6608
f 6611 6605 6604
f 6611 6604 6612
f 6611 6613 6600
f 6611 6600 6605
f 6611 6612 6614
f 6611 6614 6613
f 6559 6558 6597
f 6559 6597 6596
f 6559 6596 6615
f 6559 6615 6616
f 6559 6616 6617
f 6559 6617 6618
f 6559 6618 6589
f 6559 6589 6557
f 6619 6574 6573
f 6619 6573 6620
f 6619 6620 6614
f 6619 6614 6612
f 6621 6622 6609
f 6621 6609 6608
f 6621 6623 6624
f 6621 6624 6622
f 6621 6608 6610
f 6621 6610 6623
f 6625 6626 6627
f 6625 6627 6628
f 6625 6629 6630
f 6625 6630 6626
f 6624 6631 6632
f 6624 6632 6622
f 6624 6623 6633
f 6624 6633 6631
f 6606 6601 6634
f 6606 6634 6635
f 6606 6635 6636
f 6606 6636 6584
f 6637 6638 6590
f 6637 6590 6630
f 6637 6639 6640
f 6637 6640 6638
f 6637 6630 6629
f 6637 6629 6639
f 6636 6635 6641
f 6636 6641 6642
f 6636 6642 6585
f 6636 6585 6584
f 6616 6615 6643
f 6616 6643 6644
f 6628 6627 6645
f 6628 6645 6646
f 6628 6646 6629
f 6628 6629 6625
f 6647 6648 6649
f 6647 6649 6650
f 6647 6651 6652
f 6647 6652 6648
f 6647 6650 6653
f 6647 6653 6654
f 6634 6655 6656
f 6634 6656 6657
f 6634 6601 6600
f 6634 6600 6613
f 6634 6657 6641
f 6634 6641 6635
f 6646 6645 6639
f 6646 6639 6629
f 6658 6659 6660
f 6658 6660 6640
f 6639 6645 6617
f 6639 6617 6661
f 6662 6663 6664
f 6662 6664 6665
f 6662 6666 6667
f 6662 6667 6668
f 6662 6668 6669
f 6662 6669 6670
f 6662 6670 6671
f 6662 6671 6663
f 6672 6673 6674
f 6672 6674 6675
f 6672 6676 6677
f 6672 6677 6673
f 6672 6678 6679
f 6672 6679 6676
f 6680 6670 6669
f 6680 6669 6681
f 6682 6671 6670
f 6682 6670 6680
f 6680 6681 6683
f 6680 6683 6682
f 6675 6684 6685
f 6675 6685 6686
f 6675 6686 6687
f 6675 6687 6688
f 6675 6674 6689
f 6675 6689 6684
f 6690 6691 6692
f 6690 6692 6693
f 6690 6694 6695
f 6690 6695 6691
f 6690 6693 6696
f 6690 6696 6694
f 6697 6693 6692
f 6697 6692 6698
f 6697 6698 6699
f 6697 6699 6700
f 6697 6700 6696
f 6697 6696 6693
f 6701 6702 6703
f 6701 6703 6704
f 6705 6703 6706
f 6705 6706 6707
f 6708 6709 6710
f 6708 6710 6711
f 6710 6709 6712
f 6710 6712 6713
f 6710 6713 6694
f 6710 6694 6696
f 6710 6696 6700
f 6710 6700 6711
f 6713 6712 6714
f 6713 6714 6715
f 6713 6715 6695
f 6713 6695 6694
f 6715 6714 6668
f 6715 6668 6667
f 6715 6667 6716
f 6715 6716 6695
f 6716 6667 6666
f 6716 6666 6678
f 6716 6678 6672
f 6716 6672 6717
f 6716 6717 6691
f 6716 6691 6695
f 6717 6672 6675
f 6717 6675 6688
f 6717 6688 6692
f 6717 6692 6691
f 6714 6712 6706
f 6714 6706 6718
f 6714 6718 6669
f 6714 6669 6668
f 6718 6706 6703
f 6718 6703 6702
f 6718 6702 6681
f 6718 6681 6669
f 6712 6709 6707
f 6712 6707 6706
f 6702 6701 6719
f 6702 6719 6681
f 6720 6699 6698
f 6720 6698 6687
f 6720 6687 6686
f 6720 6686 6721
f 6719 6722 6683
f 6719 6683 6681
f 6721 6686 6685
f 6721 6685 6723
f 6722 6724 6725
f 6722 6725 6683
f 6725 6724 6726
f 6725 6726 6644
f 6725 6644 6643
f 6725 6643 6727
f 6725 6727 6682
f 6725 6682 6683
f 6727 6643 6728
f 6727 6728 6729
f 6727 6729 6730
f 6727 6730 6682
f 6730 6731 6671
f 6730 6671 6682
f 6730 6729 6732
f 6730 6732 6733
f 6730 6733 6734
f 6730 6734 6731
f 6734 6735 6736
f 6734 6736 6731
f 6734 6733 6689
f 6734 6689 6674
f 6734 6674 6673
f 6734 6673 6735
f 6736 6737 6664
f 6736 6664 6663
f 6736 6663 6671
f 6736 6671 6731
f 6736 6735 6738
f 6736 6738 6737
f 6738 6739 6740
f 6738 6740 6737
f 6738 6735 6673
f 6738 6673 6677
f 6738 6677 6741
f 6738 6741 6739
f 6741 6742 6743
f 6741 6743 6739
f 6741 6677 6676
f 6741 6676 6744
f 6741 6744 6745
f 6741 6745 6742
f 6745 6746 6747
f 6745 6747 6742
f 6745 6744 6748
f 6745 6748 6749
f 6745 6749 6750
f 6745 6750 6746
f 6750 6657 6656
f 6750 6656 6746
f 6750 6749 6654
f 6750 6654 6653
f 6750 6653 6641
f 6750 6641 6657
f 6749 6748 6751
f 6749 6751 6654
f 6751 6748 6679
f 6751 6679 6752
f 6751 6752 6665
f 6751 6665 6753
f 6751 6753 6647
f 6751 6647 6654
f 6753 6665 6664
f 6753 6664 6754
f 6753 6754 6651
f 6753 6651 6647
f 6754 6664 6737
f 6754 6737 6740
f 6754 6740 6755
f 6754 6755 6651
f 6755 6756 6652
f 6755 6652 6651
f 6755 6740 6739
f 6755 6739 6743
f 6755 6743 6757
f 6755 6757 6756
f 6752 6679 6678
f 6752 6678 6666
f 6752 6666 6662
f 6752 6662 6665
f 6748 6744 6676
f 6748 6676 6679
f 6747 6758 6561
f 6747 6561 6757
f 6747 6757 6743
f 6747 6743 6742
f 6747 6746 6656
f 6747 6656 6758
f 6758 6759 6562
f 6758 6562 6561
f 6758 6656 6655
f 6758 6655 6759
f 6759 6620 6573
f 6759 6573 6562
f 6759 6655 6614
f 6759 6614 6620
f 6733 6732 6760
f 6733 6760 6689
f 6760 6732 6761
f 6760 6761 6762
f 6760 6762 6763
f 6760 6763 6764
f 6760 6764 6684
f 6760 6684 6689
f 6764 6763 6765
f 6764 6765 6766
f 6764 6766 6685
f 6764 6685 6684
f 6766 6765 6767
f 6766 6767 6768
f 6766 6768 6723
f 6766 6723 6685
f 6767 6765 6659
f 6767 6659 6658
f 6769 6661 6617
f 6769 6617 6616
f 6769 6616 6644
f 6769 6644 6726
f 6765 6763 6770
f 6765 6770 6659
f 6770 6763 6762
f 6770 6762 6771
f 6770 6771 6772
f 6770 6772 6773
f 6770 6773 6660
f 6770 6660 6659
f 6773 6772 6774
f 6773 6774 6632
f 6773 6632 6631
f 6773 6631 6660
f 6774 6772 6775
f 6774 6775 6556
f 6774 6556 6555
f 6774 6555 6609
f 6774 6609 6622
f 6774 6622 6632
f 6772 6771 6776
f 6772 6776 6775
f 6771 6762 6761
f 6771 6761 6776
f 6761 6732 6729
f 6761 6729 6728
f 6761 6728 6777
f 6761 6777 6776
f 6728 6643 6615
f 6728 6615 6777
f 6698 6692 6688
f 6698 6688 6687
f 6660 6631 6633
f 6660 6633 6640
f 6655 6634 6613
f 6655 6613 6614
f 6653 6650 6642
f 6653 6642 6641
f 6652 6592 6778
f 6652 6778 6648
f 6652 6756 6593
f 6652 6593 6592
f 6650 6649 6585
f 6650 6585 6642
f 6649 6779 6582
f 6649 6582 6585
f 6649 6648 6778
f 6649 6778 6779
f 6645 6627 6618
f 6645 6618 6617
f 6640 6633 6780
f 6640 6780 6638
f 6633 6623 6610
f 6633 6610 6780
f 6630 6590 6589
f 6630 6589 6626
f 6627 6626 6589
f 6627 6589 6618
f 6619 6612 6604
f 6619 6604 6574
f 6615 6596 6595
f 6615 6595 6777
f 6604 6603 6575
f 6604 6575 6574
f 6603 6598 6576
f 6603 6576 6575
f 6598 6538 6537
f 6598 6537 6576
f 6597 6558 6542
f 6597 6542 6567
f 6595 6594 6535
f 6595 6535 6775
f 6595 6775 6776
f 6595 6776 6777
f 6594 6566 6570
f 6594 6570 6781
f 6594 6781 6536
f 6594 6536 6535
f 6781 6570 6782
f 6781 6782 6783
f 6781 6783 6550
f 6781 6550 6536
f 6783 6782 6784
f 6783 6784 6785
f 6783 6785 6548
f 6783 6548 6550
f 6785 6784 6786
f 6785 6786 6787
f 6785 6787 6468
f 6785 6468 6548
f 6787 6786 6788
f 6787 6788 6789
f 6787 6789 6467
f 6787 6467 6468
f 6789 6788 6790
f 6789 6790 6462
f 6789 6462 6461
f 6789 6461 6467
f 6790 6788 6791
f 6790 6791 6792
f 6790 6792 6793
f 6790 6793 6794
f 6790 6794 6452
f 6790 6452 6462
f 6794 6793 6795
f 6794 6795 6796
f 6794 6796 6448
f 6794 6448 6452
f 6796 6795 6436
f 6796 6436 6797
f 6796 6797 6449
f 6796 6449 6448
f 6797 6436 6433
f 6797 6433 6456
f 6797 6456 6455
f 6797 6455 6449
f 6795 6793 6439
f 6795 6439 6438
f 6795 6438 6434
f 6795 6434 6436
f 6793 6792 6798
f 6793 6798 6439
f 6798 6792 6791
f 6798 6791 6799
f 6798 6799 6470
f 6798 6470 6446
f 6798 6446 6440
f 6798 6440 6439
f 6799 6791 6800
f 6799 6800 6801
f 6799 6801 6471
f 6799 6471 6470
f 6801 6800 6802
f 6801 6802 6803
f 6801 6803 6545
f 6801 6545 6471
f 6803 6802 6804
f 6803 6804 6805
f 6803 6805 6546
f 6803 6546 6545
f 6805 6804 6569
f 6805 6569 6578
f 6805 6578 6580
f 6805 6580 6546
f 6804 6782 6570
f 6804 6570 6569
f 6804 6802 6784
f 6804 6784 6782
f 6802 6800 6786
f 6802 6786 6784
f 6800 6791 6788
f 6800 6788 6786
f 6592 6526 6515
f 6592 6515 6778
f 6593 6756 6757
f 6593 6757 6561
f 6593 6561 6560
f 6593 6560 6579
f 6591 6540 6543
f 6591 6543 6806
f 6591 6806 6807
f 6591 6807 6581
f 6591 6581 6571
f 6591 6571 6568
f 6807 6806 6459
f 6807 6459 6458
f 6807 6458 6553
f 6807 6553 6552
f 6807 6552 6551
f 6807 6551 6581
f 6806 6543 6460
f 6806 6460 6459
f 6582 6779 6808
f 6582 6808 6586
f 6580 6485 6484
f 6580 6484 6546
f 6576 6537 6564
f 6576 6564 6563
f 6560 6514 6486
f 6560 6486 6485
f 6558 6533 6532
f 6558 6532 6542
f 6556 6775 6535
f 6556 6535 6534
f 6556 6534 6554
f 6556 6554 6530
f 6553 6458 6457
f 6553 6457 6432
f 6553 6432 6431
f 6553 6431 6525
f 6808 6779 6778
f 6808 6778 6515
f 6808 6515 6514
f 6808 6514 6564
f 6550 6549 6531
f 6550 6531 6536
f 6543 6453 6450
f 6543 6450 6460
f 6527 6492 6481
f 6527 6481 6480
f 6527 6480 6809
f 6527 6809 6506
f 6527 6506 6505
f 6527 6505 6518
f 6809 6480 6474
f 6809 6474 6810
f 6809 6810 6483
f 6809 6483 6482
f 6809 6482 6491
f 6809 6491 6506
f 6525 6431 6435
f 6525 6435 6441
f 6513 6811 6508
f 6513 6508 6507
f 6513 6812 6813
f 6513 6813 6811
f 6813 6814 6490
f 6813 6490 6811
f 6813 6812 6497
f 6813 6497 6500
f 6813 6500 6815
f 6813 6815 6814
f 6815 6443 6445
f 6815 6445 6814
f 6815 6500 6499
f 6815 6499 6816
f 6815 6816 6478
f 6815 6478 6443
f 6816 6499 6508
f 6816 6508 6489
f 6816 6489 6487
f 6816 6487 6478
f 6814 6445 6488
f 6814 6488 6490
f 6811 6490 6489
f 6811 6489 6508
f 6512 6511 6502
f 6512 6502 6501
f 6586 6808 6564
f 6586 6564 6537
f 6586 6537 6507
f 6586 6507 6498
f 6488 6445 6444
f 6488 6444 6473
f 6460 6450 6449
f 6460 6449 6455
f 6457 6456 6433
f 6457 6433 6432
f 6515 6521 6441
f 6515 6441 6479
f 6528 6517 6520
f 6528 6520 6588
f 6588 6590 6638
f 6588 6638 6780
f 6588 6780 6610
f 6588 6610 6528
f 6496 6504 6519
f 6496 6519 6505
f 6582 6502 6511
f 6582 6511 6583
f 6532 6817 6818
f 6532 6818 6453
f 6532 6531 6819
f 6532 6819 6817
f 6549 6465 6476
f 6549 6476 6820
f 6477 6476 6465
f 6477 6465 6464
f 6461 6821 6477
f 6461 6477 6464
f 6453 6818 6822
f 6453 6822 6451
f 6451 6822 6821
f 6451 6821 6461
f 6549 6820 6819
f 6549 6819 6531
f 6475 6483 6817
f 6475 6817 6819
f 6810 6474 6822
f 6810 6822 6818
f 6810 6818 6817
f 6810 6817 6483
f 6477 6821 6822
f 6477 6822 6474
f 6476 6475 6819
f 6476 6819 6820
f 6501 6497 6812
f 6501 6812 6512
f 6512 6812 6513
f 6512 6513 6509
f 6661 6658 6640
f 6661 6640 6639
f 6769 6767 6658
f 6769 6658 6661
f 6768 6767 6769
f 6768 6769 6726
f 6723 6768 6726
f 6723 6726 6724
f 6722 6721 6723
f 6722 6723 6724
f 6719 6720 6721
f 6719 6721 6722
f 6719 6701 6699
f 6719 6699 6720
f 6711 6700 6704
f 6711 6704 6823
f 6700 6699 6701
f 6700 6701 6704
f 6708 6705 6707
f 6708 6707 6709
f 6705 6823 6704
f 6705 6704 6703
f 6711 6823 6705
f 6711 6705 6708
f 6824 6825 6826
f 6824 6826 6827
f 6824 6828 6829
f 6824 6829 6825
f 6830 6831 6832
f 6830 6832 6833
f 6830 6833 6834
f 6830 6834 6835
f 6830 6835 6836
f 6830 6836 6837
f 6830 6838 6839
f 6830 6839 6831
f 6830 6837 6840
f 6830 6840 6838
f 6841 6842 6843
f 6841 6843 6844
f 6841 6835 6834
f 6841 6834 6842
f 6841 6844 6836
f 6841 6836 6835
f 6845 6846 6847
f 6845 6847 6848
f 6849 6850 6846
f 6849 6846 6845
f 6845 6848 6851
f 6845 6851 6849
f 6852 6850 6849
f 6852 6849 6853
f 6852 6853 6854
f 6852 6854 6855
f 6852 6855 6856
f 6852 6856 6850
f 6846 6850 6856
f 6846 6856 6847
f 6857 6858 6859
f 6857 6859 6860
f 6857 6861 6862
f 6857 6862 6858
f 6857 6860 6863
f 6857 6863 6861
f 6864 6865 6866
f 6864 6866 6867
f 6838 6868 6869
f 6838 6869 6839
f 6838 6840 6870
f 6838 6870 6871
f 6838 6871 6872
f 6838 6872 6868
f 6855 6854 6873
f 6855 6873 6856
f 6863 6874 6875
f 6863 6875 6861
f 6863 6860 6876
f 6863 6876 6874
f 6877 6864 6867
f 6877 6867 6878
f 6870 6879 6868
f 6870 6868 6872
f 6870 6840 6880
f 6870 6880 6879
f 6879 6881 6869
f 6879 6869 6868
f 6879 6882 6883
f 6879 6883 6881
f 6879 6880 6884
f 6879 6884 6882
f 6885 6848 6847
f 6885 6847 6886
f 6885 6878 6867
f 6885 6867 6848
f 6885 6887 6888
f 6885 6888 6878
f 6878 6888 6889
f 6878 6889 6890
f 6878 6890 6891
f 6878 6891 6877
f 6892 6893 6894
f 6892 6894 6895
f 6892 6896 6897
f 6892 6897 6893
f 6892 6895 6898
f 6892 6898 6896
f 6899 6900 6901
f 6899 6901 6902
f 6873 6903 6900
f 6873 6900 6899
f 6899 6902 6886
f 6899 6886 6873
f 6904 6895 6894
f 6904 6894 6905
f 6904 6906 6898
f 6904 6898 6895
f 6890 6907 6908
f 6890 6908 6909
f 6890 6909 6910
f 6890 6910 6891
f 6881 6911 6912
f 6881 6912 6859
f 6881 6883 6913
f 6881 6913 6911
f 6880 6914 6915
f 6880 6915 6916
f 6880 6840 6837
f 6880 6837 6914
f 6880 6916 6917
f 6880 6917 6884
f 6918 6919 6920
f 6918 6920 6921
f 6918 6922 6923
f 6918 6923 6919
f 6918 6921 6924
f 6918 6924 6922
f 6912 6876 6860
f 6912 6860 6859
f 6912 6911 6925
f 6912 6925 6926
f 6912 6926 6927
f 6912 6927 6928
f 6905 6929 6930
f 6905 6930 6931
f 6932 6933 6934
f 6932 6934 6935
f 6932 6935 6936
f 6932 6936 6937
f 6932 6937 6920
f 6932 6920 6919
f 6932 6938 6939
f 6932 6939 6933
f 6932 6919 6923
f 6932 6923 6938
f 6940 6921 6920
f 6940 6920 6941
f 6940 6942 6943
f 6940 6943 6944
f 6940 6941 6945
f 6940 6945 6942
f 6946 6947 6909
f 6946 6909 6908
f 6946 6948 6949
f 6946 6949 6947
f 6946 6908 6950
f 6946 6950 6948
f 6951 6952 6953
f 6951 6953 6954
f 6951 6954 6955
f 6951 6955 6956
f 6951 6956 6957
f 6951 6957 6952
f 6958 6959 6960
f 6958 6960 6961
f 6958 6962 6897
f 6958 6897 6959
f 6958 6961 6963
f 6958 6963 6962
f 6964 6965 6960
f 6964 6960 6966
f 6964 6887 6967
f 6964 6967 6965
f 6964 6966 6888
f 6964 6888 6887
f 6936 6935 6968
f 6936 6968 6969
f 6936 6969 6970
f 6936 6970 6937
f 6943 6971 6972
f 6943 6972 6973
f 6943 6942 6974
f 6943 6974 6971
f 6888 6975 6976
f 6888 6976 6889
f 6966 6977 6975
f 6966 6975 6888
f 6970 6978 6945
f 6970 6945 6941
f 6970 6941 6920
f 6970 6920 6937
f 6908 6907 6979
f 6908 6979 6980
f 6887 6885 6981
f 6887 6981 6982
f 6887 6982 6983
f 6887 6983 6967
f 6913 6883 6969
f 6913 6969 6968
f 6913 6984 6925
f 6913 6925 6911
f 6915 6985 6986
f 6915 6986 6927
f 6915 6914 6957
f 6915 6957 6956
f 6915 6956 6955
f 6915 6955 6985
f 6987 6965 6967
f 6987 6967 6988
f 6987 6961 6960
f 6987 6960 6965
f 6987 6988 6963
f 6987 6963 6961
f 6897 6896 6977
f 6897 6977 6959
f 6897 6989 6990
f 6897 6990 6893
f 6897 6962 6963
f 6897 6963 6989
f 6991 6971 6974
f 6991 6974 6992
f 6991 6924 6972
f 6991 6972 6971
f 6990 6989 6993
f 6990 6993 6994
f 6990 6994 6894
f 6990 6894 6893
f 6995 6907 6890
f 6995 6890 6889
f 6995 6996 6997
f 6995 6997 6998
f 6995 6889 6976
f 6995 6976 6999
f 6995 6999 7000
f 6995 7000 6996
f 6995 6998 6979
f 6995 6979 6907
f 6884 7001 7002
f 6884 7002 6978
f 6884 6917 7003
f 6884 7003 7001
f 6884 6978 6970
f 6884 6970 6882
f 6963 6988 7004
f 6963 7004 7005
f 6963 7005 7006
f 6963 7006 6989
f 6999 7007 6993
f 6999 6993 7008
f 6999 7008 7009
f 6999 7009 7000
f 6999 6976 6906
f 6999 6906 7007
f 6945 6978 7002
f 6945 7002 7010
f 6945 7010 7011
f 6945 7011 7012
f 6939 6938 7013
f 6939 7013 7014
f 6939 7015 6934
f 6939 6934 6933
f 6939 7014 7016
f 6939 7016 7015
f 6989 7006 7008
f 6989 7008 6993
f 6981 7017 7018
f 6981 7018 6982
f 6998 6997 7017
f 6998 7017 6981
f 7012 7019 6992
f 7012 6992 6974
f 7012 7011 7020
f 7012 7020 7021
f 7012 7021 7013
f 7012 7013 7019
f 7022 7023 7016
f 7022 7016 7021
f 7024 7025 7023
f 7024 7023 7022
f 7022 7021 7020
f 7022 7020 7024
f 7026 7027 7005
f 7026 7005 7004
f 7026 7028 7029
f 7026 7029 7027
f 7026 7004 6983
f 7026 6983 7030
f 7026 7031 7032
f 7026 7032 7028
f 7033 7034 7035
f 7033 7035 7036
f 7033 7036 7037
f 7033 7037 7038
f 7033 7038 7039
f 7033 7039 7034
f 7040 7041 7042
f 7040 7042 7043
f 7040 7043 7044
f 7040 7044 7045
f 7040 7045 7046
f 7040 7046 7041
f 7047 7048 7049
f 7047 7049 7050
f 7047 7051 7052
f 7047 7052 7048
f 7047 7053 7054
f 7047 7054 7051
f 7047 7055 7056
f 7047 7056 7053
f 7047 7050 7057
f 7047 7057 7055
f 7058 7059 7060
f 7058 7060 7061
f 7058 7061 7062
f 7058 7062 7063
f 7058 7063 7064
f 7058 7064 7065
f 7066 7029 7028
f 7066 7028 7067
f 7066 7067 7037
f 7066 7037 7036
f 7066 7036 7035
f 7066 7035 7029
f 7068 7069 7070
f 7068 7070 7071
f 7072 7073 7069
f 7072 7069 7068
f 7068 7071 7074
f 7068 7074 7072
f 7075 7076 7077
f 7075 7077 7078
f 7075 7045 7044
f 7075 7044 7076
f 7075 7078 7046
f 7075 7046 7045
f 7071 7070 7079
f 7071 7079 7080
f 7071 7080 7081
f 7071 7081 7082
f 7071 7083 7084
f 7071 7084 7074
f 7071 7082 7085
f 7071 7085 7083
f 7048 7052 7086
f 7048 7086 7087
f 7048 7087 7088
f 7048 7088 7089
f 7048 7089 7090
f 7048 7090 7049
f 7088 7087 7065
f 7088 7065 7064
f 7088 7091 7092
f 7088 7092 7089
f 7093 7094 7095
f 7093 7095 7096
f 7093 7096 7097
f 7093 7097 7098
f 7093 7098 7099
f 7093 7099 7094
f 7100 7101 7102
f 7100 7102 7103
f 7100 7104 7105
f 7100 7105 7101
f 7100 7103 7106
f 7100 7106 7107
f 7108 7109 7107
f 7108 7107 7106
f 7108 7106 7110
f 7108 7110 7111
f 7108 7111 7112
f 7108 7112 7109
f 7103 7102 7110
f 7103 7110 7106
f 7105 7104 7113
f 7105 7113 7114
f 7105 7114 7097
f 7105 7097 7101
f 7114 7113 7098
f 7114 7098 7097
f 7097 7096 7115
f 7097 7115 7116
f 7097 7116 7102
f 7097 7102 7101
f 7110 7102 7116
f 7110 7116 7111
f 7116 7115 7112
f 7116 7112 7111
f 7115 7096 7095
f 7115 7095 7117
f 7115 7117 7118
f 7115 7118 7112
f 7118 7117 7119
f 7118 7119 7120
f 7118 7120 7121
f 7118 7121 7122
f 7118 7122 7109
f 7118 7109 7112
f 7122 7121 7123
f 7122 7123 7124
f 7122 7124 7107
f 7122 7107 7109
f 7124 7123 7125
f 7124 7125 7126
f 7124 7126 7100
f 7124 7100 7107
f 7126 7125 7127
f 7126 7127 7128
f 7126 7128 7104
f 7126 7104 7100
f 7128 7127 7129
f 7128 7129 7130
f 7128 7130 7113
f 7128 7113 7104
f 7130 7129 7131
f 7130 7131 7099
f 7130 7099 7098
f 7130 7098 7113
f 7131 7129 7132
f 7131 7132 7133
f 7131 7133 7134
f 7131 7134 7135
f 7131 7135 7094
f 7131 7094 7099
f 7135 7134 7136
f 7135 7136 7137
f 7135 7137 7095
f 7135 7095 7094
f 7137 7136 7138
f 7137 7138 7119
f 7137 7119 7117
f 7137 7117 7095
f 7138 7136 7139
f 7138 7139 7140
f 7138 7140 7141
f 7138 7141 7142
f 7138 7142 7120
f 7138 7120 7119
f 7142 7141 7143
f 7142 7143 7144
f 7142 7144 7121
f 7142 7121 7120
f 7144 7143 7145
f 7144 7145 7146
f 7144 7146 7123
f 7144 7123 7121
f 7146 7145 7147
f 7146 7147 7148
f 7146 7148 7125
f 7146 7125 7123
f 7148 7147 7149
f 7148 7149 7150
f 7148 7150 7127
f 7148 7127 7125
f 7150 7149 7151
f 7150 7151 7132
f 7150 7132 7129
f 7150 7129 7127
f 7151 7149 7092
f 7151 7092 7091
f 7151 7091 7152
f 7151 7152 7153
f 7151 7153 7133
f 7151 7133 7132
f 7153 7152 7154
f 7153 7154 7155
f 7153 7155 7134
f 7153 7134 7133
f 7155 7154 7156
f 7155 7156 7139
f 7155 7139 7136
f 7155 7136 7134
f 7156 7154 7157
f 7156 7157 7084
f 7156 7084 7083
f 7156 7083 7158
f 7156 7158 7140
f 7156 7140 7139
f 7158 7083 7085
f 7158 7085 7159
f 7158 7159 7141
f 7158 7141 7140
f 7159 7085 7160
f 7159 7160 7161
f 7159 7161 7143
f 7159 7143 7141
f 7161 7160 7162
f 7161 7162 7163
f 7161 7163 7145
f 7161 7145 7143
f 7163 7162 7090
f 7163 7090 7164
f 7163 7164 7147
f 7163 7147 7145
f 7164 7090 7089
f 7164 7089 7092
f 7164 7092 7149
f 7164 7149 7147
f 7162 7160 7165
f 7162 7165 7166
f 7162 7166 7049
f 7162 7049 7090
f 7166 7165 7167
f 7166 7167 7168
f 7166 7168 7050
f 7166 7050 7049
f 7168 7167 7169
f 7168 7169 7170
f 7168 7170 7057
f 7168 7057 7050
f 7170 7169 7077
f 7170 7077 7076
f 7170 7076 7044
f 7170 7044 7057
f 7169 7167 7081
f 7169 7081 7171
f 7169 7171 7024
f 7169 7024 7077
f 7171 7081 7080
f 7171 7080 7172
f 7171 7172 7025
f 7171 7025 7024
f 7172 7080 7079
f 7172 7079 7173
f 7172 7173 7174
f 7172 7174 7025
f 7174 7173 7175
f 7174 7175 7176
f 7174 7176 7177
f 7174 7177 7178
f 7174 7178 7023
f 7174 7023 7025
f 7178 7177 6934
f 7178 6934 7015
f 7178 7015 7016
f 7178 7016 7023
f 7175 7179 7052
f 7175 7052 7051
f 7175 7051 7054
f 7175 7054 7176
f 7175 7173 7079
f 7175 7079 7179
f 7179 7180 7086
f 7179 7086 7052
f 7179 7079 7070
f 7179 7070 7180
f 7180 7181 7182
f 7180 7182 7086
f 7180 7070 7069
f 7180 7069 7181
f 7182 7183 7058
f 7182 7058 7065
f 7182 7065 7087
f 7182 7087 7086
f 7182 7181 7184
f 7182 7184 7183
f 7184 7185 7186
f 7184 7186 7183
f 7184 7181 7069
f 7184 7069 7073
f 7184 7073 7187
f 7184 7187 7185
f 7187 7030 7018
f 7187 7018 7185
f 7187 7073 7072
f 7187 7072 7031
f 7187 7031 7026
f 7187 7026 7030
f 7186 7017 6997
f 7186 6997 7059
f 7186 7059 7058
f 7186 7058 7183
f 7186 7185 7018
f 7186 7018 7017
f 7167 7165 7082
f 7167 7082 7081
f 7165 7160 7085
f 7165 7085 7082
f 7157 7154 7152
f 7157 7152 7188
f 7157 7188 7189
f 7157 7189 7190
f 7157 7190 7074
f 7157 7074 7084
f 7190 7189 7191
f 7190 7191 7192
f 7190 7192 7072
f 7190 7072 7074
f 7192 7191 7193
f 7192 7193 7032
f 7192 7032 7031
f 7192 7031 7072
f 7193 7191 7063
f 7193 7063 7062
f 7193 7062 7037
f 7193 7037 7067
f 7193 7067 7028
f 7193 7028 7032
f 7191 7189 7064
f 7191 7064 7063
f 7189 7188 7088
f 7189 7088 7064
f 7188 7152 7091
f 7188 7091 7088
f 7078 7077 7024
f 7078 7024 7020
f 7078 7020 7011
f 7078 7011 7046
f 7062 7061 7038
f 7062 7038 7037
f 7061 7060 7039
f 7061 7039 7038
f 7060 6996 7000
f 7060 7000 7039
f 7060 7059 6997
f 7060 6997 6996
f 7057 7044 7043
f 7057 7043 7055
f 7056 7055 7043
f 7056 7043 7042
f 7056 7042 7002
f 7056 7002 7001
f 7056 7001 7003
f 7056 7003 7053
f 7053 7003 6984
f 7053 6984 7054
f 7046 7011 7010
f 7046 7010 7041
f 7042 7041 7010
f 7042 7010 7002
f 7039 7000 7009
f 7039 7009 7034
f 7035 7034 7009
f 7035 7009 7194
f 7035 7194 7027
f 7035 7027 7029
f 7194 7009 7008
f 7194 7008 7006
f 7194 7006 7005
f 7194 7005 7027
f 7030 6983 6982
f 7030 6982 7018
f 7021 7016 7014
f 7021 7014 7013
f 7019 7013 6938
f 7019 6938 6923
f 7019 6923 6922
f 7019 6922 6992
f 7012 6974 6942
f 7012 6942 6945
f 7004 6988 6967
f 7004 6967 6983
f 7003 6917 6925
f 7003 6925 6984
f 6998 6981 6902
f 6998 6902 6979
f 6994 6993 7007
f 6994 7007 6929
f 6994 6929 6905
f 6994 6905 6894
f 6992 6922 6924
f 6992 6924 6991
f 6986 6985 7195
f 6986 7195 7196
f 6986 7196 7197
f 6986 7197 7198
f 6986 7198 6928
f 6986 6928 6927
f 7198 7197 7199
f 7198 7199 7200
f 7198 7200 7201
f 7198 7201 6928
f 7201 6876 6912
f 7201 6912 6928
f 7201 7200 7202
f 7201 7202 7203
f 7201 7203 6874
f 7201 6874 6876
f 7203 7202 7204
f 7203 7204 7205
f 7203 7205 6875
f 7203 6875 6874
f 7205 7204 7206
f 7205 7206 7207
f 7205 7207 7208
f 7205 7208 6875
f 7208 6862 6861
f 7208 6861 6875
f 7208 7207 6832
f 7208 6832 6831
f 7208 6831 6839
f 7208 6839 6862
f 7207 7206 7209
f 7207 7209 6832
f 7209 7206 7210
f 7209 7210 7211
f 7209 7211 7212
f 7209 7212 7213
f 7209 7213 6833
f 7209 6833 6832
f 7213 7212 7214
f 7213 7214 7215
f 7213 7215 6834
f 7213 6834 6833
f 7215 7214 7216
f 7215 7216 7217
f 7215 7217 6842
f 7215 6842 6834
f 7217 7216 7218
f 7217 7218 7219
f 7217 7219 6843
f 7217 6843 6842
f 7219 7218 6949
f 7219 6949 7220
f 7219 7220 6953
f 7219 6953 6843
f 7220 6949 6948
f 7220 6948 7221
f 7220 7221 6954
f 7220 6954 6953
f 7221 6948 6950
f 7221 6950 7222
f 7221 7222 6955
f 7221 6955 6954
f 7222 6950 7223
f 7222 7223 7195
f 7222 7195 6985
f 7222 6985 6955
f 7223 6950 6908
f 7223 6908 6980
f 7223 6980 6901
f 7223 6901 7224
f 7223 7224 7196
f 7223 7196 7195
f 7224 6901 6900
f 7224 6900 7225
f 7224 7225 7197
f 7224 7197 7196
f 7225 6900 6903
f 7225 6903 7226
f 7225 7226 7199
f 7225 7199 7197
f 7226 6903 7227
f 7226 7227 7228
f 7226 7228 7229
f 7226 7229 7199
f 7229 7202 7200
f 7229 7200 7199
f 7229 7228 7230
f 7229 7230 7231
f 7229 7231 7204
f 7229 7204 7202
f 7231 7230 7232
f 7231 7232 7210
f 7231 7210 7206
f 7231 7206 7204
f 7232 7230 7233
f 7232 7233 7234
f 7232 7234 7235
f 7232 7235 7236
f 7232 7236 7211
f 7232 7211 7210
f 7236 7235 6827
f 7236 6827 6826
f 7236 6826 7212
f 7236 7212 7211
f 7235 7234 6849
f 7235 6849 6851
f 7235 6851 6866
f 7235 6866 6827
f 7234 7233 6853
f 7234 6853 6849
f 7233 7230 7228
f 7233 7228 7227
f 7233 7227 6854
f 7233 6854 6853
f 7227 6903 6873
f 7227 6873 6854
f 7218 7216 6829
f 7218 6829 7237
f 7218 7237 6947
f 7218 6947 6949
f 7237 6829 6828
f 7237 6828 6910
f 7237 6910 6909
f 7237 6909 6947
f 7216 7214 6825
f 7216 6825 6829
f 7214 7212 6826
f 7214 6826 6825
f 6913 6968 7177
f 6913 7177 7176
f 6913 7176 7054
f 6913 7054 6984
f 7177 6968 6935
f 7177 6935 6934
f 6981 6885 6886
f 6981 6886 6902
f 6980 6979 6902
f 6980 6902 6901
f 6977 6966 6960
f 6977 6960 6959
f 6977 6896 6898
f 6977 6898 6975
f 6976 6975 6898
f 6976 6898 6906
f 6973 6972 6940
f 6973 6940 6944
f 6973 6944 7238
f 6973 7238 7239
f 6973 7239 7240
f 6973 7240 6943
f 7240 7239 6871
f 7240 6871 6870
f 7240 6870 6872
f 7240 6872 7238
f 7240 7238 6944
f 7240 6944 6943
f 7239 7238 6872
f 7239 6872 6871
f 6972 6924 6921
f 6972 6921 6940
f 6970 6969 6883
f 6970 6883 6882
f 6957 6914 6837
f 6957 6837 6836
f 6957 6836 6844
f 6957 6844 6952
f 6953 6952 6844
f 6953 6844 6843
f 6927 6926 6916
f 6927 6916 6915
f 6926 6925 6917
f 6926 6917 6916
f 6910 6828 7241
f 6910 7241 6891
f 6886 6847 6856
f 6886 6856 6873
f 6881 6859 6858
f 6881 6858 6869
f 6869 6858 6862
f 6869 6862 6839
f 6867 6866 6851
f 6867 6851 6848
f 7241 6828 6824
f 7241 6824 6827
f 7241 7242 7243
f 7241 7243 7244
f 7245 7246 7247
f 7245 7247 7248
f 7246 6864 7249
f 7246 7249 7247
f 6864 6877 7250
f 6864 7250 7249
f 6931 7251 6904
f 6931 6904 6905
f 7251 7252 6906
f 7251 6906 6904
f 7253 7254 7255
f 7253 7255 7256
f 7257 7253 7256
f 7257 7256 7258
f 7254 7259 7260
f 7254 7260 7255
f 6930 6929 7007
f 6930 7007 6906
f 7252 7258 6930
f 7252 6930 6906
f 7260 7257 7258
f 7260 7258 7252
f 7250 7245 7248
f 7250 7248 7259
f 7258 7256 6931
f 7258 6931 6930
f 7256 7255 7251
f 7256 7251 6931
f 7255 7260 7252
f 7255 7252 7251
f 7259 7248 7257
f 7259 7257 7260
f 7248 7247 7253
f 7248 7253 7257
f 7247 7249 7254
f 7247 7254 7253
f 7249 7250 7259
f 7249 7259 7254
f 6877 7244 7245
f 6877 7245 7250
f 7244 7243 7246
f 7244 7246 7245
f 6877 6891 7241
f 6877 7241 7244
f 7243 6865 6864
f 7243 6864 7246
f 6865 7261 6827
f 6865 6827 6866
f 7241 6827 7261
f 7241 7261 7242
f 7242 7261 6865
f 7242 6865 7243
f 7262 7263 7264
f 7262 7264 7265
f 7262 7265 7266
f 7262 7266 7267
f 7262 7268 7269
f 7262 7269 7263
f 7262 7267 7270
f 7262 7270 7271
f 7266 7265 7272
f 7266 7272 7273
f 7266 7273 7274
f 7266 7274 7275
f 7266 7275 7276
f 7266 7276 7277
f 7266 7277 7278
f 7266 7278 7267
f 7279 7280 7281
f 7279 7281 7282
f 7283 7284 7280
f 7283 7280 7279
f 7279 7282 7285
f 7279 7285 7283
f 7286 7287 7288
f 7286 7288 7289
f 7286 7290 7291
f 7286 7291 7287
f 7286 7289 7292
f 7286 7292 7290
f 7293 7294 7295
f 7293 7295 7296
f 7293 7296 7297
f 7293 7297 7298
f 7293 7298 7299
f 7293 7299 7294
f 7300 7301 7302
f 7300 7302 7303
f 7300 7304 7305
f 7300 7305 7301
f 7300 7303 7306
f 7300 7306 7304
f 7294 7307 7308
f 7294 7308 7295
f 7269 7268 7309
f 7269 7309 7310
f 7269 7310 7311
f 7269 7311 7263
f 7305 7312 7313
f 7305 7313 7301
f 7305 7304 7314
f 7305 7314 7312
f 7289 7288 7315
f 7289 7315 7316
f 7289 7316 7317
f 7289 7317 7318
f 7289 7318 7319
f 7289 7319 7292
f 7320 7321 7322
f 7320 7322 7284
f 7320 7284 7283
f 7320 7283 7323
f 7320 7324 7325
f 7320 7325 7321
f 7320 7326 7327
f 7320 7327 7324
f 7320 7323 7328
f 7320 7328 7326
f 7268 7262 7271
f 7268 7271 7309
f 7324 7327 7329
f 7324 7329 7325
f 7323 7283 7292
f 7323 7292 7319
f 7323 7330 7331
f 7323 7331 7328
f 7332 7333 7334
f 7332 7334 7335
f 7332 7336 7337
f 7332 7337 7333
f 7332 7335 7338
f 7332 7338 7336
f 7311 7310 7339
f 7311 7339 7340
f 7311 7340 7264
f 7311 7264 7263
f 7341 7342 7336
f 7341 7336 7338
f 7341 7275 7274
f 7341 7274 7342
f 7341 7343 7276
f 7341 7276 7275
f 7341 7344 7345
f 7341 7345 7343
f 7341 7338 7346
f 7341 7346 7344
f 7347 7348 7312
f 7347 7312 7314
f 7347 7349 7350
f 7347 7350 7348
f 7347 7314 7351
f 7347 7351 7352
f 7347 7352 7353
f 7347 7353 7331
f 7347 7331 7330
f 7347 7330 7349
f 7354 7270 7355
f 7354 7355 7356
f 7357 7271 7270
f 7357 7270 7354
f 7354 7356 7358
f 7354 7358 7357
f 7344 7358 7356
f 7344 7356 7345
f 7338 7335 7359
f 7338 7359 7360
f 7338 7360 7361
f 7338 7361 7346
f 7362 7363 7339
f 7362 7339 7310
f 7364 7365 7363
f 7364 7363 7362
f 7362 7310 7309
f 7362 7309 7364
f 7366 7306 7367
f 7366 7367 7368
f 7314 7304 7369
f 7314 7369 7351
f 7366 7368 7370
f 7366 7370 7371
f 7328 7331 7353
f 7328 7353 7372
f 7328 7372 7373
f 7328 7373 7374
f 7328 7374 7375
f 7328 7375 7326
f 7376 7377 7378
f 7376 7378 7315
f 7376 7315 7288
f 7376 7288 7379
f 7376 7379 7380
f 7376 7380 7381
f 7376 7382 7383
f 7376 7383 7377
f 7376 7381 7384
f 7376 7384 7382
f 7316 7315 7378
f 7316 7378 7385
f 7316 7385 7386
f 7316 7386 7317
f 7387 7327 7326
f 7387 7326 7375
f 7387 7388 7329
f 7387 7329 7327
f 7387 7375 7389
f 7387 7389 7388
f 7377 7383 7390
f 7377 7390 7378
f 7391 7299 7392
f 7391 7392 7393
f 7391 7394 7395
f 7391 7395 7396
f 7391 7396 7294
f 7391 7294 7299
f 7397 7398 7399
f 7397 7399 7400
f 7397 7400 7401
f 7397 7401 7402
f 7397 7402 7395
f 7397 7395 7398
f 7375 7374 7403
f 7375 7403 7404
f 7359 7405 7406
f 7359 7406 7360
f 7361 7407 7408
f 7361 7408 7409
f 7361 7409 7410
f 7361 7410 7346
f 7411 7412 7383
f 7411 7383 7382
f 7411 7413 7414
f 7411 7414 7412
f 7411 7382 7384
f 7411 7384 7415
f 7416 7417 7418
f 7416 7418 7404
f 7371 7370 7417
f 7371 7417 7416
f 7416 7404 7403
f 7416 7403 7371
f 7351 7419 7420
f 7351 7420 7352
f 7421 7422 7365
f 7421 7365 7364
f 7421 7364 7357
f 7421 7357 7423
f 7421 7408 7407
f 7421 7407 7422
f 7421 7423 7424
f 7421 7424 7425
f 7421 7425 7426
f 7421 7426 7408
f 7418 7417 7427
f 7418 7427 7428
f 7418 7428 7429
f 7418 7429 7404
f 7400 7430 7431
f 7400 7431 7432
f 7400 7399 7433
f 7400 7433 7430
f 7400 7432 7434
f 7400 7434 7401
f 7372 7353 7435
f 7372 7435 7436
f 7436 7437 7438
f 7436 7438 7439
f 7436 7439 7440
f 7436 7440 7441
f 7432 7431 7442
f 7432 7442 7443
f 7432 7443 7410
f 7432 7410 7444
f 7445 7446 7447
f 7445 7447 7448
f 7445 7449 7450
f 7445 7450 7446
f 7446 7450 7451
f 7446 7451 7447
f 7452 7453 7454
f 7452 7454 7455
f 7452 7455 7456
f 7452 7456 7457
f 7452 7457 7458
f 7452 7458 7453
f 7459 7460 7399
f 7459 7399 7398
f 7459 7398 7395
f 7459 7395 7394
f 7459 7394 7461
f 7459 7461 7460
f 7456 7455 7425
f 7456 7425 7424
f 7456 7462 7463
f 7456 7463 7457
f 7456 7424 7431
f 7456 7431 7430
f 7456 7430 7433
f 7456 7433 7462
f 7410 7443 7344
f 7410 7344 7346
f 7410 7409 7464
f 7410 7464 7465
f 7425 7455 7454
f 7425 7454 7466
f 7467 7468 7469
f 7467 7469 7470
f 7467 7471 7472
f 7467 7472 7390
f 7467 7470 7473
f 7467 7473 7471
f 7410 7474 7475
f 7410 7475 7444
f 7410 7465 7476
f 7410 7476 7474
f 7468 7450 7449
f 7468 7449 7477
f 7468 7467 7412
f 7468 7412 7414
f 7468 7477 7478
f 7468 7478 7469
f 7479 7480 7481
f 7479 7481 7482
f 7479 7482 7483
f 7479 7483 7484
f 7466 7454 7485
f 7466 7485 7486
f 7466 7487 7426
f 7466 7426 7425
f 7488 7489 7490
f 7488 7490 7491
f 7488 7492 7493
f 7488 7493 7494
f 7488 7491 7495
f 7488 7495 7492
f 7496 7497 7460
f 7496 7460 7461
f 7496 7474 7476
f 7496 7476 7498
f 7496 7461 7475
f 7496 7475 7474
f 7496 7499 7500
f 7496 7500 7497
f 7496 7498 7501
f 7496 7501 7499
f 7502 7503 7458
f 7502 7458 7504
f 7502 7504 7505
f 7502 7505 7506
f 7502 7506 7507
f 7502 7507 7503
f 7505 7504 7463
f 7505 7463 7508
f 7505 7508 7509
f 7505 7509 7506
f 7509 7508 7500
f 7509 7500 7499
f 7509 7499 7507
f 7509 7507 7506
f 7483 7492 7495
f 7483 7495 7510
f 7483 7482 7493
f 7483 7493 7492
f 7483 7511 7512
f 7483 7512 7484
f 7483 7510 7513
f 7483 7513 7511
f 7512 7514 7515
f 7512 7515 7484
f 7512 7511 7516
f 7512 7516 7517
f 7518 7519 7520
f 7518 7520 7521
f 7518 7521 7522
f 7518 7522 7523
f 7518 7523 7524
f 7518 7524 7519
f 7507 7499 7501
f 7507 7501 7525
f 7507 7525 7526
f 7507 7526 7527
f 7512 7517 7528
f 7512 7528 7514
f 7529 7490 7440
f 7529 7440 7530
f 7529 7530 7531
f 7529 7531 7532
f 7529 7533 7491
f 7529 7491 7490
f 7529 7534 7535
f 7529 7535 7533
f 7529 7532 7536
f 7529 7536 7534
f 7537 7538 7539
f 7537 7539 7540
f 7537 7521 7520
f 7537 7520 7538
f 7537 7540 7522
f 7537 7522 7521
f 7531 7530 7541
f 7531 7541 7542
f 7531 7543 7544
f 7531 7544 7532
f 7531 7542 7545
f 7531 7545 7543
f 7546 7547 7548
f 7546 7548 7549
f 7546 7487 7466
f 7546 7466 7547
f 7546 7549 7550
f 7546 7550 7551
f 7546 7552 7553
f 7546 7553 7487
f 7546 7551 7554
f 7546 7554 7552
f 7525 7501 7555
f 7525 7555 7526
f 7556 7476 7465
f 7556 7465 7557
f 7556 7557 7558
f 7556 7558 7559
f 7556 7559 7498
f 7556 7498 7476
f 7560 7501 7498
f 7560 7498 7559
f 7560 7559 7558
f 7560 7558 7561
f 7560 7561 7555
f 7560 7555 7501
f 7562 7563 7564
f 7562 7564 7565
f 7566 7567 7563
f 7566 7563 7562
f 7562 7565 7568
f 7562 7568 7566
f 7569 7536 7570
f 7569 7570 7571
f 7569 7571 7572
f 7569 7572 7573
f 7569 7574 7534
f 7569 7534 7536
f 7566 7575 7576
f 7566 7576 7567
f 7566 7577 7578
f 7566 7578 7575
f 7579 7580 7574
f 7579 7574 7569
f 7579 7569 7573
f 7579 7573 7581
f 7579 7549 7548
f 7579 7548 7580
f 7579 7582 7550
f 7579 7550 7549
f 7579 7581 7583
f 7579 7583 7582
f 7584 7585 7586
f 7584 7586 7587
f 7584 7588 7589
f 7584 7589 7590
f 7584 7590 7591
f 7584 7591 7585
f 7592 7593 7585
f 7592 7585 7591
f 7592 7591 7594
f 7592 7594 7595
f 7592 7595 7596
f 7592 7596 7593
f 7597 7598 7599
f 7597 7599 7600
f 7597 7600 7601
f 7597 7601 7588
f 7597 7588 7584
f 7597 7584 7598
f 7590 7589 7594
f 7590 7594 7591
f 7594 7589 7602
f 7594 7602 7595
f 7600 7599 7603
f 7600 7603 7601
f 7603 7604 7602
f 7603 7602 7601
f 7603 7599 7605
f 7603 7605 7606
f 7603 7606 7607
f 7603 7607 7604
f 7607 7608 7596
f 7607 7596 7604
f 7607 7606 7609
f 7607 7609 7610
f 7607 7610 7611
f 7607 7611 7608
f 7611 7612 7613
f 7611 7613 7608
f 7611 7610 7614
f 7611 7614 7615
f 7611 7615 7616
f 7611 7616 7612
f 7616 7617 7618
f 7616 7618 7612
f 7616 7615 7619
f 7616 7619 7620
f 7616 7620 7621
f 7616 7621 7617
f 7621 7622 7623
f 7621 7623 7617
f 7621 7620 7624
f 7621 7624 7625
f 7621 7625 7626
f 7621 7626 7622
f 7626 7627 7628
f 7626 7628 7622
f 7626 7625 7629
f 7626 7629 7630
f 7626 7630 7631
f 7626 7631 7627
f 7631 7632 7633
f 7631 7633 7627
f 7631 7630 7566
f 7631 7566 7568
f 7631 7568 7583
f 7631 7583 7632
f 7633 7634 7635
f 7633 7635 7636
f 7633 7636 7628
f 7633 7628 7627
f 7633 7632 7637
f 7633 7637 7634
f 7637 7638 7639
f 7637 7639 7634
f 7637 7632 7583
f 7637 7583 7581
f 7637 7581 7573
f 7637 7573 7638
f 7639 7640 7619
f 7639 7619 7641
f 7639 7641 7635
f 7639 7635 7634
f 7639 7638 7642
f 7639 7642 7640
f 7642 7643 7624
f 7642 7624 7640
f 7642 7638 7573
f 7642 7573 7572
f 7642 7572 7644
f 7642 7644 7643
f 7644 7577 7629
f 7644 7629 7643
f 7644 7572 7571
f 7644 7571 7645
f 7644 7645 7578
f 7644 7578 7577
f 7645 7571 7570
f 7645 7570 7646
f 7645 7646 7647
f 7645 7647 7578
f 7647 7648 7575
f 7647 7575 7578
f 7647 7646 7649
f 7647 7649 7650
f 7647 7650 7513
f 7647 7513 7648
f 7650 7649 7651
f 7650 7651 7516
f 7650 7516 7511
f 7650 7511 7513
f 7651 7649 7544
f 7651 7544 7543
f 7651 7543 7545
f 7651 7545 7652
f 7651 7652 7517
f 7651 7517 7516
f 7652 7545 7653
f 7652 7653 7654
f 7652 7654 7528
f 7652 7528 7517
f 7654 7653 7522
f 7654 7522 7540
f 7654 7540 7539
f 7654 7539 7528
f 7653 7545 7542
f 7653 7542 7655
f 7653 7655 7523
f 7653 7523 7522
f 7655 7542 7541
f 7655 7541 7656
f 7655 7656 7524
f 7655 7524 7523
f 7656 7541 7439
f 7656 7439 7438
f 7656 7438 7473
f 7656 7473 7524
f 7649 7646 7570
f 7649 7570 7544
f 7648 7657 7576
f 7648 7576 7575
f 7648 7513 7510
f 7648 7510 7657
f 7657 7658 7659
f 7657 7659 7576
f 7657 7510 7495
f 7657 7495 7658
f 7659 7535 7660
f 7659 7660 7661
f 7659 7661 7567
f 7659 7567 7576
f 7659 7658 7533
f 7659 7533 7535
f 7661 7660 7662
f 7661 7662 7663
f 7661 7663 7563
f 7661 7563 7567
f 7663 7662 7664
f 7663 7664 7665
f 7663 7665 7564
f 7663 7564 7563
f 7665 7664 7666
f 7665 7666 7667
f 7665 7667 7668
f 7665 7668 7564
f 7668 7669 7565
f 7668 7565 7564
f 7668 7667 7670
f 7668 7670 7671
f 7668 7671 7672
f 7668 7672 7669
f 7672 7551 7550
f 7672 7550 7669
f 7672 7671 7673
f 7672 7673 7674
f 7672 7674 7554
f 7672 7554 7551
f 7674 7673 7526
f 7674 7526 7555
f 7674 7555 7561
f 7674 7561 7554
f 7673 7671 7670
f 7673 7670 7675
f 7673 7675 7527
f 7673 7527 7526
f 7675 7670 7486
f 7675 7486 7485
f 7675 7485 7676
f 7675 7676 7527
f 7676 7485 7454
f 7676 7454 7453
f 7676 7453 7458
f 7676 7458 7503
f 7676 7503 7507
f 7676 7507 7527
f 7670 7667 7666
f 7670 7666 7486
f 7669 7550 7582
f 7669 7582 7565
f 7666 7664 7548
f 7666 7548 7547
f 7666 7547 7466
f 7666 7466 7486
f 7664 7662 7580
f 7664 7580 7548
f 7662 7660 7574
f 7662 7574 7580
f 7660 7535 7534
f 7660 7534 7574
f 7658 7495 7491
f 7658 7491 7533
f 7643 7629 7625
f 7643 7625 7624
f 7641 7619 7615
f 7641 7615 7614
f 7641 7614 7677
f 7641 7677 7635
f 7677 7614 7610
f 7677 7610 7609
f 7677 7609 7678
f 7677 7678 7679
f 7677 7679 7636
f 7677 7636 7635
f 7679 7678 7680
f 7679 7680 7681
f 7679 7681 7628
f 7679 7628 7636
f 7681 7680 7682
f 7681 7682 7623
f 7681 7623 7622
f 7681 7622 7628
f 7682 7680 7683
f 7682 7683 7587
f 7682 7587 7586
f 7682 7586 7618
f 7682 7618 7617
f 7682 7617 7623
f 7683 7605 7599
f 7683 7599 7598
f 7683 7598 7584
f 7683 7584 7587
f 7683 7680 7678
f 7683 7678 7605
f 7678 7609 7606
f 7678 7606 7605
f 7640 7624 7620
f 7640 7620 7619
f 7630 7629 7577
f 7630 7577 7566
f 7618 7586 7613
f 7618 7613 7612
f 7613 7586 7585
f 7613 7585 7593
f 7613 7593 7596
f 7613 7596 7608
f 7604 7596 7595
f 7604 7595 7602
f 7602 7589 7588
f 7602 7588 7601
f 7583 7568 7565
f 7583 7565 7582
f 7570 7536 7532
f 7570 7532 7544
f 7561 7558 7552
f 7561 7552 7554
f 7558 7557 7553
f 7558 7553 7552
f 7557 7465 7464
f 7557 7464 7553
f 7553 7464 7426
f 7553 7426 7487
f 7541 7530 7440
f 7541 7440 7439
f 7539 7684 7514
f 7539 7514 7528
f 7539 7538 7478
f 7539 7478 7684
f 7684 7685 7515
f 7684 7515 7514
f 7684 7478 7477
f 7684 7477 7685
f 7685 7686 7480
f 7685 7480 7515
f 7685 7477 7449
f 7685 7449 7686
f 7686 7448 7481
f 7686 7481 7480
f 7686 7449 7445
f 7686 7445 7448
f 7538 7520 7469
f 7538 7469 7478
f 7524 7473 7470
f 7524 7470 7519
f 7520 7519 7470
f 7520 7470 7469
f 7515 7480 7479
f 7515 7479 7484
f 7508 7463 7462
f 7508 7462 7500
f 7504 7458 7457
f 7504 7457 7463
f 7500 7462 7433
f 7500 7433 7497
f 7497 7433 7399
f 7497 7399 7460
f 7493 7482 7481
f 7493 7481 7687
f 7493 7687 7688
f 7493 7688 7494
f 7687 7481 7448
f 7687 7448 7447
f 7687 7447 7451
f 7687 7451 7688
f 7490 7489 7441
f 7490 7441 7440
f 7689 7690 7371
f 7689 7371 7403
f 7689 7403 7374
f 7689 7374 7373
f 7468 7414 7451
f 7468 7451 7450
f 7475 7461 7394
f 7475 7394 7391
f 7475 7391 7393
f 7475 7393 7444
f 7473 7438 7437
f 7473 7437 7471
f 7472 7471 7437
f 7472 7437 7691
f 7472 7691 7386
f 7472 7386 7385
f 7472 7385 7378
f 7472 7378 7390
f 7691 7437 7415
f 7691 7415 7384
f 7691 7384 7381
f 7691 7381 7386
f 7467 7390 7383
f 7467 7383 7412
f 7464 7409 7408
f 7464 7408 7426
f 7451 7414 7413
f 7451 7413 7688
f 7444 7393 7434
f 7444 7434 7432
f 7443 7442 7358
f 7443 7358 7344
f 7442 7423 7357
f 7442 7357 7358
f 7442 7431 7424
f 7442 7424 7423
f 7434 7393 7392
f 7434 7392 7692
f 7434 7692 7693
f 7434 7693 7401
f 7693 7692 7694
f 7693 7694 7695
f 7693 7695 7307
f 7693 7307 7696
f 7693 7696 7402
f 7693 7402 7401
f 7696 7307 7294
f 7696 7294 7396
f 7696 7396 7395
f 7696 7395 7402
f 7695 7694 7697
f 7695 7697 7698
f 7695 7698 7308
f 7695 7308 7307
f 7698 7697 7356
f 7698 7356 7355
f 7698 7355 7278
f 7698 7278 7308
f 7697 7694 7699
f 7697 7699 7700
f 7697 7700 7345
f 7697 7345 7356
f 7700 7699 7298
f 7700 7298 7297
f 7700 7297 7343
f 7700 7343 7345
f 7699 7392 7299
f 7699 7299 7298
f 7699 7694 7692
f 7699 7692 7392
f 7429 7701 7702
f 7429 7702 7389
f 7429 7389 7375
f 7429 7375 7404
f 7429 7428 7703
f 7429 7703 7701
f 7703 7704 7705
f 7703 7705 7701
f 7703 7428 7427
f 7703 7427 7706
f 7703 7706 7707
f 7703 7707 7704
f 7707 7708 7709
f 7707 7709 7704
f 7707 7706 7710
f 7707 7710 7711
f 7707 7711 7712
f 7707 7712 7708
f 7712 7365 7422
f 7712 7422 7708
f 7712 7711 7713
f 7712 7713 7714
f 7712 7714 7363
f 7712 7363 7365
f 7714 7713 7715
f 7714 7715 7716
f 7714 7716 7339
f 7714 7339 7363
f 7716 7715 7717
f 7716 7717 7718
f 7716 7718 7340
f 7716 7340 7339
f 7718 7717 7719
f 7718 7719 7720
f 7718 7720 7264
f 7718 7264 7340
f 7720 7719 7721
f 7720 7721 7272
f 7720 7272 7265
f 7720 7265 7264
f 7721 7719 7722
f 7721 7722 7723
f 7721 7723 7724
f 7721 7724 7725
f 7721 7725 7273
f 7721 7273 7272
f 7725 7724 7726
f 7725 7726 7727
f 7725 7727 7274
f 7725 7274 7273
f 7727 7726 7728
f 7727 7728 7729
f 7727 7729 7342
f 7727 7342 7274
f 7729 7728 7730
f 7729 7730 7337
f 7729 7337 7336
f 7729 7336 7342
f 7730 7728 7731
f 7730 7731 7732
f 7730 7732 7733
f 7730 7733 7734
f 7730 7734 7333
f 7730 7333 7337
f 7734 7733 7735
f 7734 7735 7736
f 7734 7736 7334
f 7734 7334 7333
f 7736 7735 7737
f 7736 7737 7738
f 7736 7738 7405
f 7736 7405 7334
f 7738 7737 7702
f 7738 7702 7739
f 7738 7739 7406
f 7738 7406 7405
f 7739 7702 7701
f 7739 7701 7705
f 7739 7705 7740
f 7739 7740 7406
f 7740 7361 7360
f 7740 7360 7406
f 7740 7705 7704
f 7740 7704 7709
f 7740 7709 7407
f 7740 7407 7361
f 7737 7735 7329
f 7737 7329 7388
f 7737 7388 7389
f 7737 7389 7702
f 7735 7733 7325
f 7735 7325 7329
f 7733 7732 7321
f 7733 7321 7325
f 7732 7731 7322
f 7732 7322 7321
f 7731 7728 7726
f 7731 7726 7741
f 7731 7741 7742
f 7731 7742 7322
f 7742 7741 7743
f 7742 7743 7744
f 7742 7744 7281
f 7742 7281 7280
f 7742 7280 7284
f 7742 7284 7322
f 7744 7743 7745
f 7744 7745 7746
f 7744 7746 7747
f 7744 7747 7281
f 7747 7746 7748
f 7747 7748 7302
f 7747 7302 7301
f 7747 7301 7313
f 7747 7313 7282
f 7747 7282 7281
f 7748 7749 7750
f 7748 7750 7751
f 7748 7751 7303
f 7748 7303 7302
f 7748 7746 7745
f 7748 7745 7749
f 7751 7750 7752
f 7751 7752 7367
f 7751 7367 7306
f 7751 7306 7303
f 7752 7753 7754
f 7752 7754 7755
f 7752 7755 7368
f 7752 7368 7367
f 7752 7750 7756
f 7752 7756 7753
f 7756 7717 7715
f 7756 7715 7753
f 7756 7750 7749
f 7756 7749 7722
f 7756 7722 7719
f 7756 7719 7717
f 7755 7754 7710
f 7755 7710 7757
f 7755 7757 7370
f 7755 7370 7368
f 7757 7710 7706
f 7757 7706 7427
f 7757 7427 7417
f 7757 7417 7370
f 7754 7713 7711
f 7754 7711 7710
f 7754 7753 7715
f 7754 7715 7713
f 7749 7745 7723
f 7749 7723 7722
f 7745 7743 7724
f 7745 7724 7723
f 7743 7741 7726
f 7743 7726 7724
f 7709 7708 7422
f 7709 7422 7407
f 7435 7353 7352
f 7435 7352 7420
f 7405 7359 7335
f 7405 7335 7334
f 7386 7381 7380
f 7386 7380 7317
f 7380 7379 7758
f 7380 7758 7759
f 7380 7759 7318
f 7380 7318 7317
f 7759 7758 7760
f 7759 7760 7761
f 7759 7761 7319
f 7759 7319 7318
f 7761 7760 7349
f 7761 7349 7330
f 7761 7330 7323
f 7761 7323 7319
f 7760 7291 7350
f 7760 7350 7349
f 7760 7758 7287
f 7760 7287 7291
f 7758 7379 7288
f 7758 7288 7287
f 7364 7309 7271
f 7364 7271 7357
f 7355 7270 7267
f 7355 7267 7278
f 7350 7285 7282
f 7350 7282 7348
f 7350 7291 7290
f 7350 7290 7285
f 7348 7282 7313
f 7348 7313 7312
f 7343 7297 7296
f 7343 7296 7276
f 7308 7278 7277
f 7308 7277 7295
f 7296 7295 7277
f 7296 7277 7276
f 7292 7283 7285
f 7292 7285 7290
f 7372 7436 7441
f 7372 7441 7373
f 7489 7689 7373
f 7489 7373 7441
f 7489 7488 7690
f 7489 7690 7689
f 7419 7690 7488
f 7419 7488 7494
f 7419 7494 7688
f 7419 7688 7413
f 7420 7419 7413
f 7420 7413 7411
f 7415 7435 7420
f 7415 7420 7411
f 7436 7435 7415
f 7436 7415 7437
f 7419 7351 7369
f 7419 7369 7762
f 7304 7306 7366
f 7304 7366 7369
f 7419 7762 7371
f 7419 7371 7690
f 7762 7369 7366
f 7762 7366 7371
f 7763 7764 7765
f 7763 7765 7766
f 7763 7767 7768
f 7763 7768 7764
f 7763 7766 7769
f 7763 7769 7767
f 7770 7771 7768
f 7770 7768 7767
f 7770 7772 7773
f 7770 7773 7771
f 7770 7767 7769
f 7770 7769 7772
f 7774 7775 7776
f 7774 7776 7777
f 7774 7777 7778
f 7774 7778 7779
f 7774 7779 7780
f 7774 7780 7775
f 7781 7782 7783
f 7781 7783 7784
f 7783 7782 7785
f 7783 7785 7786
f 7783 7787 7788
f 7783 7788 7784
f 7783 7786 7789
f 7783 7789 7787
f 7790 7791 7792
f 7790 7792 7793
f 7790 7793 7794
f 7790 7794 7795
f 7790 7795 7796
f 7790 7796 7791
f 7779 7797 7798
f 7779 7798 7799
f 7788 7800 7799
f 7788 7799 7801
f 7794 7793 7802
f 7794 7802 7803
f 7788 7787 7804
f 7788 7804 7800
f 7788 7801 7805
f 7788 7805 7806
f 7807 7808 7809
f 7807 7809 7810
f 7809 7811 7812
f 7809 7812 7810
f 7813 7814 7815
f 7813 7815 7816
f 7814 7813 7817
f 7814 7817 7818
f 7814 7818 7819
f 7814 7819 7815
f 7820 7821 7822
f 7820 7822 7823
f 7824 7819 7825
f 7824 7825 7826
f 7827 7815 7819
f 7827 7819 7824
f 7807 7789 7828
f 7807 7828 7806
f 7829 7830 7831
f 7829 7831 7832
f 7829 7832 7833
f 7829 7833 7834
f 7829 7834 7835
f 7829 7835 7830
f 7832 7831 7836
f 7832 7836 7833
f 7818 7817 7837
f 7818 7837 7819
f 7819 7837 7838
f 7819 7838 7825
f 7831 7839 7840
f 7831 7840 7841
f 7831 7830 7842
f 7831 7842 7839
f 7831 7841 7843
f 7831 7843 7836
f 7844 7845 7846
f 7844 7846 7835
f 7844 7847 7848
f 7844 7848 7845
f 7844 7849 7850
f 7844 7850 7847
f 7844 7835 7834
f 7844 7834 7851
f 7852 7853 7854
f 7852 7854 7855
f 7852 7855 7856
f 7852 7856 7857
f 7817 7813 7858
f 7817 7858 7837
f 7859 7795 7794
f 7859 7794 7860
f 7859 7861 7796
f 7859 7796 7795
f 7859 7860 7862
f 7859 7862 7861
f 7863 7826 7864
f 7863 7864 7865
f 7841 7840 7848
f 7841 7848 7847
f 7866 7867 7868
f 7866 7868 7869
f 7866 7869 7870
f 7866 7870 7871
f 7866 7872 7873
f 7866 7873 7874
f 7866 7874 7875
f 7866 7875 7867
f 7826 7825 7876
f 7826 7876 7877
f 7826 7877 7878
f 7826 7878 7864
f 7833 7836 7851
f 7833 7851 7834
f 7879 7880 7881
f 7879 7881 7882
f 7879 7882 7883
f 7879 7883 7797
f 7825 7838 7884
f 7825 7884 7885
f 7825 7885 7886
f 7825 7886 7876
f 7887 7888 7889
f 7887 7889 7890
f 7889 7888 7891
f 7889 7891 7892
f 7889 7892 7893
f 7889 7893 7894
f 7876 7895 7852
f 7876 7852 7896
f 7876 7886 7897
f 7876 7897 7895
f 7893 7854 7853
f 7893 7853 7894
f 7898 7899 7900
f 7898 7900 7901
f 7902 7903 7904
f 7902 7904 7905
f 7900 7906 7907
f 7900 7907 7901
f 7899 7908 7909
f 7899 7909 7903
f 7910 7911 7909
f 7910 7909 7912
f 7910 7823 7913
f 7910 7913 7911
f 7870 7860 7794
f 7870 7794 7871
f 7870 7898 7862
f 7870 7862 7860
f 7914 7915 7916
f 7914 7916 7917
f 7884 7838 7915
f 7884 7915 7914
f 7878 7918 7919
f 7878 7919 7864
f 7920 7921 7918
f 7920 7918 7878
f 7922 7862 7898
f 7922 7898 7901
f 7849 7923 7924
f 7849 7924 7925
f 7849 7867 7875
f 7849 7875 7850
f 7849 7925 7926
f 7849 7926 7867
f 7927 7928 7929
f 7927 7929 7930
f 7931 7932 7928
f 7931 7928 7927
f 7927 7930 7933
f 7927 7933 7931
f 7867 7926 7934
f 7867 7934 7868
f 7935 7894 7853
f 7935 7853 7936
f 7937 7938 7935
f 7937 7935 7939
f 7923 7843 7940
f 7923 7940 7941
f 7851 7836 7843
f 7851 7843 7923
f 7884 7914 7942
f 7884 7942 7943
f 7884 7943 7944
f 7884 7944 7945
f 7884 7945 7946
f 7884 7946 7885
f 7843 7947 7948
f 7843 7948 7940
f 7841 7949 7947
f 7841 7947 7843
f 7950 7951 7952
f 7950 7952 7953
f 7950 7953 7934
f 7950 7934 7926
f 7954 7955 7956
f 7954 7956 7951
f 7926 7925 7955
f 7926 7955 7954
f 7954 7951 7950
f 7954 7950 7926
f 7943 7942 7957
f 7943 7957 7944
f 7953 7952 7958
f 7953 7958 7934
f 7934 7959 7960
f 7934 7960 7868
f 7924 7923 7941
f 7924 7941 7961
f 7924 7962 7955
f 7924 7955 7925
f 7948 7947 7963
f 7948 7963 7964
f 7948 7964 7965
f 7948 7965 7940
f 7966 7967 7968
f 7966 7968 7969
f 7966 7970 7971
f 7966 7971 7967
f 7966 7969 7972
f 7966 7972 7970
f 7952 7951 7973
f 7952 7973 7958
f 7962 7974 7956
f 7962 7956 7955
f 7962 7924 7975
f 7962 7975 7974
f 7976 7977 7978
f 7976 7978 7979
f 7980 7981 7977
f 7980 7977 7976
f 7959 7934 7958
f 7959 7958 7982
f 7959 7983 7984
f 7959 7984 7985
f 7959 7985 7932
f 7959 7932 7960
f 7959 7982 7986
f 7959 7986 7983
f 7987 7988 7946
f 7987 7946 7989
f 7987 7989 7990
f 7987 7990 7991
f 7987 7992 7993
f 7987 7993 7988
f 7994 7995 7996
f 7994 7996 7997
f 7994 7998 7999
f 7994 7999 7929
f 7994 7997 8000
f 7994 8000 8001
f 7994 8001 8002
f 7994 8002 7998
f 7974 7975 8003
f 7974 8003 7956
f 8004 7944 7957
f 8004 7957 8005
f 8004 8005 8006
f 8004 8006 8007
f 8004 8007 7945
f 8004 7945 7944
f 8008 7964 7963
f 8008 7963 8009
f 8008 8010 7965
f 8008 7965 7964
f 8008 8009 8011
f 8008 8011 8010
f 8012 8013 7970
f 8012 7970 7972
f 8012 7972 8014
f 8012 8014 8015
f 8012 8015 8016
f 8012 8016 8013
f 8017 7961 7941
f 8017 7941 8018
f 8017 8018 8019
f 8017 8019 8020
f 8017 8020 8021
f 8017 8021 7961
f 8022 8003 7975
f 8022 7975 8021
f 8022 8023 8024
f 8022 8024 8025
f 8022 8025 7973
f 8022 7973 8003
f 8026 8027 8028
f 8026 8028 8029
f 8026 8030 8031
f 8026 8031 8027
f 8026 8029 8032
f 8026 8032 8030
f 8033 8028 8016
f 8033 8016 8015
f 8034 8029 8028
f 8034 8028 8033
f 8033 8015 8035
f 8033 8035 8034
f 8036 8037 8038
f 8036 8038 8039
f 8036 8040 8041
f 8036 8041 8042
f 8036 8043 8044
f 8036 8044 8040
f 8036 8039 8045
f 8036 8045 8043
f 8046 8047 8048
f 8046 8048 8049
f 8046 8050 8051
f 8046 8051 8052
f 8046 8052 8053
f 8046 8053 8054
f 8046 8054 8055
f 8046 8055 8047
f 8043 8045 8056
f 8043 8056 8057
f 8058 8059 8060
f 8058 8060 8061
f 8058 8062 8063
f 8058 8063 8059
f 8058 8061 8064
f 8058 8064 8062
f 8065 8066 8067
f 8065 8067 8068
f 8065 8064 8061
f 8065 8061 8066
f 8065 8068 8069
f 8065 8069 8064
f 8068 8067 8070
f 8068 8070 8069
f 8070 8067 8071
f 8070 8071 8072
f 8070 8072 8073
f 8070 8073 8074
f 8070 8074 8075
f 8070 8075 8069
f 8075 8074 8076
f 8075 8076 8077
f 8075 8077 8063
f 8075 8063 8062
f 8075 8062 8064
f 8075 8064 8069
f 8077 8076 8078
f 8077 8078 8079
f 8077 8079 8080
f 8077 8080 8063
f 8080 8079 8081
f 8080 8081 8082
f 8080 8082 8083
f 8080 8083 8084
f 8080 8084 8059
f 8080 8059 8063
f 8084 8083 8085
f 8084 8085 8086
f 8084 8086 8060
f 8084 8060 8059
f 8086 8085 8087
f 8086 8087 8088
f 8086 8088 8089
f 8086 8089 8060
f 8089 8066 8061
f 8089 8061 8060
f 8089 8088 8090
f 8089 8090 8071
f 8089 8071 8067
f 8089 8067 8066
f 8090 8088 8087
f 8090 8087 8091
f 8090 8091 8092
f 8090 8092 8093
f 8090 8093 8072
f 8090 8072 8071
f 8094 8095 8078
f 8094 8078 8076
f 8094 8076 8074
f 8094 8074 8073
f 8095 8096 8097
f 8095 8097 8078
f 8097 8096 8098
f 8097 8098 8041
f 8097 8041 8040
f 8097 8040 8081
f 8097 8081 8079
f 8097 8079 8078
f 8098 8099 8042
f 8098 8042 8041
f 8099 8100 8101
f 8099 8101 8042
f 8101 8100 8102
f 8101 8102 8103
f 8101 8103 8104
f 8101 8104 8037
f 8101 8037 8036
f 8101 8036 8042
f 8104 8103 8105
f 8104 8105 8106
f 8104 8106 8107
f 8104 8107 8108
f 8104 8108 8038
f 8104 8038 8037
f 8108 8107 8109
f 8108 8109 8110
f 8108 8110 8111
f 8108 8111 8038
f 8111 8112 8039
f 8111 8039 8038
f 8111 8110 8113
f 8111 8113 8114
f 8111 8114 8115
f 8111 8115 8112
f 8115 8116 8117
f 8115 8117 8112
f 8115 8114 8118
f 8115 8118 8055
f 8115 8055 8054
f 8115 8054 8116
f 8118 8114 8113
f 8118 8113 8119
f 8118 8119 8120
f 8118 8120 8121
f 8118 8121 8047
f 8118 8047 8055
f 8121 8120 8122
f 8121 8122 8123
f 8121 8123 8048
f 8121 8048 8047
f 8122 8120 7987
f 8122 7987 7991
f 8124 8125 8126
f 8124 8126 8102
f 8124 8102 8100
f 8124 8100 8127
f 8126 8125 8128
f 8126 8128 8034
f 8126 8034 8035
f 8126 8035 8105
f 8126 8105 8103
f 8126 8103 8102
f 8120 8119 7992
f 8120 7992 7987
f 8119 8113 8129
f 8119 8129 7992
f 8129 8113 8110
f 8129 8110 8109
f 8129 8109 7977
f 8129 7977 7981
f 8129 7981 7993
f 8129 7993 7992
f 8117 8116 8130
f 8117 8130 8131
f 8117 8131 8056
f 8117 8056 8045
f 8117 8045 8039
f 8117 8039 8112
f 8131 8130 8132
f 8131 8132 8133
f 8131 8133 8134
f 8131 8134 8056
f 8134 8133 8135
f 8134 8135 8136
f 8134 8136 8137
f 8134 8137 8138
f 8134 8138 8057
f 8134 8057 8056
f 8138 8137 8139
f 8138 8139 8140
f 8138 8140 8141
f 8138 8141 8057
f 8141 8142 8043
f 8141 8043 8057
f 8141 8140 8143
f 8141 8143 8144
f 8141 8144 8145
f 8141 8145 8142
f 8145 8146 8147
f 8145 8147 8142
f 8145 8144 8148
f 8145 8148 8051
f 8145 8051 8050
f 8145 8050 8146
f 8148 8144 8143
f 8148 8143 8149
f 8148 8149 8150
f 8148 8150 8151
f 8148 8151 8052
f 8148 8052 8051
f 8151 8150 8152
f 8151 8152 8153
f 8151 8153 8053
f 8151 8053 8052
f 8153 8152 8154
f 8153 8154 8132
f 8153 8132 8130
f 8153 8130 8053
f 8154 8152 7996
f 8154 7996 7984
f 8154 7984 7983
f 8154 7983 8135
f 8154 8135 8133
f 8154 8133 8132
f 8152 8150 7997
f 8152 7997 7996
f 8150 8149 8000
f 8150 8000 7997
f 8149 8143 8155
f 8149 8155 8000
f 8155 8143 8140
f 8155 8140 8139
f 8155 8139 8023
f 8155 8023 8156
f 8155 8156 8001
f 8155 8001 8000
f 8156 8023 8022
f 8156 8022 8157
f 8156 8157 8002
f 8156 8002 8001
f 8157 8022 8021
f 8157 8021 8020
f 8157 8020 8011
f 8157 8011 8002
f 8147 8083 8082
f 8147 8082 8044
f 8147 8044 8043
f 8147 8043 8142
f 8147 8146 8085
f 8147 8085 8083
f 8146 8050 8087
f 8146 8087 8085
f 8139 8137 8024
f 8139 8024 8023
f 8137 8136 7986
f 8137 7986 8024
f 8136 8135 7983
f 8136 7983 7986
f 8130 8116 8054
f 8130 8054 8053
f 8109 8107 7978
f 8109 7978 7977
f 8107 8106 8158
f 8107 8158 7978
f 8158 8106 8105
f 8158 8105 8035
f 8158 8035 8015
f 8158 8015 8014
f 8158 8014 7979
f 8158 7979 7978
f 8082 8081 8040
f 8082 8040 8044
f 8159 8091 8087
f 8159 8087 8050
f 8159 8050 8046
f 8159 8046 8049
f 8034 8128 8032
f 8034 8032 8029
f 8028 8027 8160
f 8028 8160 8016
f 8160 8161 8013
f 8160 8013 8016
f 8160 8027 8031
f 8160 8031 8162
f 8163 8162 7942
f 8163 7942 7914
f 8161 7971 7970
f 8161 7970 8013
f 8163 7914 7917
f 8163 7917 8164
f 8025 8024 7986
f 8025 7986 7982
f 8025 7982 7958
f 8025 7958 7973
f 8021 7975 7924
f 8021 7924 7961
f 8019 8018 7965
f 8019 7965 8010
f 8019 8010 8011
f 8019 8011 8020
f 8018 7941 7940
f 8018 7940 7965
f 8014 7972 7969
f 8014 7969 7979
f 8011 8009 7998
f 8011 7998 8002
f 8009 7963 7999
f 8009 7999 7998
f 8007 8006 7990
f 8007 7990 7989
f 8007 7989 7946
f 8007 7946 7945
f 8003 7973 7951
f 8003 7951 7956
f 7999 7963 7947
f 7999 7947 7949
f 7999 7949 7930
f 7999 7930 7929
f 7996 7995 7985
f 7996 7985 7984
f 7995 7994 7929
f 7995 7929 7928
f 7995 7928 7932
f 7995 7932 7985
f 7993 7981 7980
f 7993 7980 7897
f 7993 7897 7886
f 7993 7886 7988
f 7988 7886 7885
f 7988 7885 7946
f 7980 7976 8165
f 7980 8165 7936
f 7980 7936 7895
f 7980 7895 7897
f 8166 7979 7969
f 8166 7969 7968
f 8166 7968 7918
f 8166 7918 7921
f 7971 8167 7919
f 7971 7919 7967
f 7968 7967 7919
f 7968 7919 7918
f 7936 7853 7852
f 7936 7852 7895
f 8168 7887 7890
f 8168 7890 8169
f 8168 7881 8170
f 8168 8170 8171
f 8170 8172 7922
f 8170 7922 8171
f 8170 7881 7880
f 8170 7880 8173
f 8170 8173 8174
f 8170 8174 8172
f 8174 7796 7861
f 8174 7861 8172
f 8174 8173 8175
f 8174 8175 8176
f 8174 8176 7791
f 8174 7791 7796
f 8176 8175 8177
f 8176 8177 8178
f 8176 8178 7792
f 8176 7792 7791
f 8178 8177 8179
f 8178 8179 8180
f 8178 8180 8181
f 8178 8181 7792
f 8181 7802 7793
f 8181 7793 7792
f 8181 8180 8182
f 8181 8182 8183
f 8181 8183 8184
f 8181 8184 7802
f 8184 8185 7803
f 8184 7803 7802
f 8184 8183 8186
f 8184 8186 8187
f 8184 8187 8188
f 8184 8188 8185
f 8186 8183 8182
f 8186 8182 8189
f 8190 8191 8192
f 8190 8192 8193
f 8190 8193 7822
f 8190 7822 7821
f 8193 8192 7771
f 8193 7771 7773
f 8193 7773 8194
f 8193 8194 7822
f 8194 7773 7772
f 8194 7772 8195
f 8194 8195 8196
f 8194 8196 7913
f 8194 7913 7823
f 8194 7823 7822
f 8196 8195 8197
f 8196 8197 8198
f 8196 8198 8199
f 8196 8199 8200
f 8196 8200 7911
f 8196 7911 7913
f 8200 8199 7904
f 8200 7904 7903
f 8200 7903 7909
f 8200 7909 7911
f 8199 8198 8201
f 8199 8201 8202
f 8199 8202 7892
f 8199 7892 7904
f 8202 8201 7855
f 8202 7855 7854
f 8202 7854 7893
f 8202 7893 7892
f 8201 8203 7856
f 8201 7856 7855
f 8201 8198 8197
f 8201 8197 8203
f 8203 7766 7765
f 8203 7765 7856
f 8203 8197 7769
f 8203 7769 7766
f 8197 8195 7772
f 8197 7772 7769
f 8192 8191 8204
f 8192 8204 8205
f 8192 8205 7768
f 8192 7768 7771
f 8205 8204 8206
f 8205 8206 8207
f 8205 8207 7764
f 8205 7764 7768
f 8207 8206 8208
f 8207 8208 8209
f 8207 8209 7765
f 8207 7765 7764
f 8209 8208 7811
f 8209 7811 7857
f 8209 7857 7856
f 8209 7856 7765
f 8210 8211 8212
f 8210 8212 8213
f 8210 8213 8214
f 8210 8214 7812
f 8214 8213 7776
f 8214 7776 7775
f 8214 7775 7780
f 8214 7780 8215
f 8214 8215 7810
f 8214 7810 7812
f 8213 8212 8216
f 8213 8216 7776
f 8216 8179 8177
f 8216 8177 8217
f 8216 8217 7777
f 8216 7777 7776
f 8216 8212 8218
f 8216 8218 8179
f 8218 8182 8180
f 8218 8180 8179
f 8218 8212 8211
f 8218 8211 8219
f 8218 8219 8189
f 8218 8189 8182
f 8217 8177 8175
f 8217 8175 8220
f 8217 8220 7778
f 8217 7778 7777
f 8220 8175 8173
f 8220 8173 7880
f 8220 7880 7879
f 8220 7879 7778
f 8185 8221 8222
f 8185 8222 7803
f 8185 8188 8223
f 8185 8223 8221
f 8221 8224 8225
f 8221 8225 8222
f 8221 8223 8226
f 8221 8226 8224
f 8226 7839 7842
f 8226 7842 8224
f 8226 8223 8227
f 8226 8227 8228
f 8226 8228 7840
f 8226 7840 7839
f 8228 8227 7873
f 8228 7873 8229
f 8228 8229 7848
f 8228 7848 7840
f 8229 7873 7872
f 8229 7872 8230
f 8229 8230 7845
f 8229 7845 7848
f 8230 7872 8222
f 8230 8222 8225
f 8230 8225 7846
f 8230 7846 7845
f 8225 8224 7842
f 8225 7842 7846
f 8172 7861 7862
f 8172 7862 7922
f 8171 7922 7901
f 8171 7901 7907
f 7932 7931 8231
f 7932 8231 7960
f 7923 7849 7844
f 7923 7844 7851
f 7920 7878 7805
f 7920 7805 8232
f 7919 8167 7865
f 7919 7865 7864
f 7915 7838 7837
f 7915 7837 7858
f 7916 8233 7863
f 7916 7863 7865
f 7930 7875 7874
f 7930 7874 7933
f 7879 7797 7779
f 7879 7779 7778
f 7876 7896 8234
f 7876 8234 7877
f 7869 7868 7960
f 7869 7960 8231
f 7870 7908 7899
f 7870 7899 7898
f 8235 8236 7786
f 8235 7786 7785
f 8235 8233 7816
f 8235 7816 8237
f 8235 8237 7781
f 8235 7781 8236
f 8236 7828 7789
f 8236 7789 7786
f 8236 7781 7784
f 8236 7784 7828
f 7858 7813 7816
f 7858 7816 8233
f 7875 7930 7949
f 7875 7949 7841
f 7850 7875 7841
f 7850 7841 7847
f 7846 7842 7830
f 7846 7830 7835
f 7828 7784 7788
f 7828 7788 7806
f 8227 7933 7874
f 8227 7874 7873
f 8238 8239 7820
f 8238 7820 7823
f 7912 8238 7823
f 7912 7823 7910
f 7816 7815 7827
f 7816 7827 8237
f 7806 7805 8234
f 7806 8234 7807
f 8234 7805 7878
f 8234 7878 7877
f 7807 7804 7787
f 7807 7787 7789
f 7871 7794 7803
f 7871 7803 8222
f 7871 8222 7872
f 7871 7872 7866
f 7782 7781 8237
f 7782 8237 7827
f 7785 7782 7827
f 7785 7827 7824
f 8235 7785 7824
f 8235 7824 8233
f 8233 7824 7826
f 8233 7826 7863
f 8093 8094 8073
f 8093 8073 8072
f 8093 8092 8095
f 8093 8095 8094
f 8096 8095 8092
f 8096 8092 8240
f 8098 8096 8240
f 8098 8240 8241
f 8099 8098 8241
f 8099 8241 8242
f 8100 8099 8242
f 8100 8242 8127
f 8092 8091 8159
f 8092 8159 8240
f 8241 8240 8159
f 8241 8159 8049
f 8242 8241 8049
f 8242 8049 8048
f 8127 8242 8048
f 8127 8048 8123
f 8122 8124 8127
f 8122 8127 8123
f 8122 7991 8125
f 8122 8125 8124
f 8128 8125 7991
f 8128 7991 7990
f 8032 8128 7990
f 8032 7990 8006
f 8030 8032 8006
f 8030 8006 8005
f 8031 8030 8005
f 8031 8005 7957
f 8162 8031 7957
f 8162 7957 7942
f 7917 7916 7865
f 7917 7865 8167
f 8161 8163 8164
f 8161 8164 7971
f 8160 8162 8163
f 8160 8163 8161
f 7971 8164 7917
f 7971 7917 8167
f 7916 7915 7858
f 7916 7858 8233
f 7921 7920 8243
f 7921 8243 8244
f 8245 8166 7921
f 8245 7921 8244
f 7976 7979 8166
f 7976 8166 8245
f 8243 8246 7937
f 8243 7937 7939
f 7976 8245 8244
f 7976 8244 8165
f 8223 8188 7933
f 8223 7933 8227
f 8231 7908 7870
f 8231 7870 7869
f 7909 7908 8231
f 7909 8231 7912
f 7931 8238 7912
f 7931 7912 8231
f 8168 8169 7882
f 8168 7882 7881
f 8168 8171 7907
f 8168 7907 7887
f 7888 7887 7907
f 7888 7907 7906
f 7905 7891 7888
f 7905 7888 7906
f 7900 7902 7905
f 7900 7905 7906
f 7899 7903 7902
f 7899 7902 7900
f 7892 7891 7905
f 7892 7905 7904
f 7882 8169 8247
f 7882 8247 7883
f 8248 8247 8169
f 8248 8169 7890
f 7938 8248 7890
f 7938 7890 7889
f 7935 7938 7889
f 7935 7889 7894
f 7935 7936 8165
f 7935 8165 7939
f 8243 7939 8165
f 8243 8165 8244
f 8248 8246 8232
f 8248 8232 8247
f 7937 8246 8248
f 7937 8248 7938
f 7931 7933 8239
f 7931 8239 8238
f 8188 8187 7821
f 8188 7821 7820
f 8186 8190 7821
f 8186 7821 8187
f 8186 8189 8191
f 8186 8191 8190
f 8204 8191 8189
f 8204 8189 8219
f 8206 8204 8219
f 8206 8219 8211
f 8208 8206 8211
f 8208 8211 8210
f 7811 8208 8210
f 7811 8210 7812
f 8239 7933 8188
f 8239 8188 7820
f 7809 8249 7857
f 7809 7857 7811
f 7852 8250 7808
f 7852 7808 7896
f 8249 8250 7852
f 8249 7852 7857
f 8249 7809 7808
f 8249 7808 8250
f 8215 7804 7807
f 8215 7807 7810
f 7800 7804 8215
f 7800 8215 7780
f 7808 7807 8234
f 7808 8234 7896
f 7799 7800 7780
f 7799 7780 7779
f 8251 7801 7799
f 8251 7799 7798
f 7805 7801 8251
f 7805 8251 8232
f 7798 7797 7883
f 7798 7883 8251
f 7883 8247 8232
f 7883 8232 8251
f 8243 7920 8232
f 8243 8232 8246
# Vertices: 8251, normals: 0, texture coordinates: 0, faces: 16533

