# File generated by ImageToStl.com - Free Image and 3D model conversion tools

o obj1
v -0.00440064 0.5060485 0.03680988
v -0.00241397 0.50401139 0.03689077
v -0.00117458 0.50511718 0.03321344
v -0.00430212 0.5070191 0.03403788
v -0.00674303 0.50444889 0.03670448
v -0.00511579 0.50233126 0.03591584
v -0.00718763 0.50574976 0.03435697
v -0.00625232 0.50339603 0.03379958
v 7.806E-05 0.49935976 0.03465334
v -0.0004739 0.50142229 0.0365293
v -0.00337004 0.50061965 0.03492935
v -0.00215412 0.49918288 0.03311063
v 0.0010402 0.50093842 0.03268333
v 0.00095136 0.50316525 0.03367873
v -0.00045919 0.50044125 0.03114794
v 0.00227405 0.50405234 0.03023979
v 0.00137934 0.50539583 0.03007331
v 0.00080345 0.50455236 0.0293725
v -0.00183793 0.50496268 0.03068358
v -0.00507722 0.50680143 0.03035257
v -0.00205374 0.50253105 0.03026469
v -0.00378504 0.50062466 0.03128652
v -0.00566662 0.50186378 0.02903753
v -0.00490227 0.50403458 0.02893389
v 0.00071828 0.50315773 0.02891178
v 0.00121643 0.50173867 0.02898318
v -0.00810362 0.50730783 0.03148163
v -0.00766412 0.5070051 0.02717578
v -0.00949022 0.50754225 0.02779423
v -0.00717677 0.50511646 0.0267386
v 0.00121053 0.50151294 0.02194731
v 0.00271975 0.50253779 0.02335768
v 0.00125303 0.50469398 0.02386458
v -0.00109958 0.50472862 0.0226396
v 0.00071242 0.49857315 0.02075387
v 0.00492932 0.50010794 0.01745621
v 0.00631038 0.50380021 0.01884381
v 0.00561113 0.50376302 0.02292947
v 0.00313845 0.51015949 0.02346789
v 0.00595113 0.50743294 0.02311982
v 0.0074067 0.50912589 0.01865066
v 0.00386779 0.51191217 0.0180486
v -0.00508744 0.50807822 0.02225224
v -0.00120639 0.50814021 0.02263523
v -0.00064463 0.51130664 0.02205003
v -0.00436052 0.51156962 0.02161806
v -0.00446595 0.5044561 0.02226526
v -0.00729805 0.50613856 0.02407972
v -0.00743989 0.50378424 0.02386462
v -0.00810365 0.50954735 0.02205937
v -0.0084297 0.50771475 0.02431331
v -0.00777534 0.51259303 0.0219132
v -0.00735278 0.50342959 0.0266648
v -0.0089424 0.50325626 0.02738556
v -0.01018304 0.50381142 0.02434629
v -0.01196847 0.50401807 0.02120763
v -0.00843482 0.50184065 0.02171124
v -0.00398991 0.5013513 0.0222966
v -0.00767299 0.49968266 0.02158499
v -0.00434012 0.49861711 0.02187602
v -0.01049366 0.50153267 0.01748599
v -0.00957627 0.49864584 0.02011388
v -0.01074672 0.51261306 0.02192605
v -0.01061095 0.50946015 0.02150046
v -0.01021712 0.5078696 0.02451003
v -0.01344407 0.50717592 0.02235334
v -0.0110596 0.50596482 0.02462883
v -0.01160979 0.5119586 0.01875841
v -0.01368927 0.50903666 0.01902573
v -0.01714011 0.50796133 0.01840342
v -0.01762057 0.50597709 0.02060482
v -0.01608983 0.50350398 0.01940969
v -0.00768285 0.51411718 0.01973565
v -0.01096316 0.51397693 0.01993642
v -0.0080339 0.51349628 0.01750315
v -0.00810014 0.5127483 0.01520411
v -0.01090717 0.51173425 0.01586353
v -0.01313536 0.50957221 0.0162977
v 0.00824633 0.50953561 0.01410073
v 0.00637059 0.51268655 0.01355928
v 0.00385427 0.51086253 0.01308244
v 0.00158538 0.51064849 0.01477619
v -0.00179764 0.51084971 0.01610525
v -0.00068906 0.51189387 0.01896349
v -0.01176594 0.50409973 0.01770748
v -0.01043841 0.50567919 0.01464197
v -0.00761035 0.50348485 0.01222958
v -0.00727589 0.5008536 0.01645017
v -0.0078804 0.49947363 0.01854263
v 0.00688403 0.50928658 0.00860078
v 0.00361447 0.50939548 0.01005386
v 0.0004153 0.50907248 0.01143601
v -0.00519501 0.50160724 0.01313107
v -0.00908457 0.50822538 0.01279818
v -0.00564078 0.50635219 0.01087644
v 0.00929298 0.508564 0.00944983
v 0.0105657 0.50694495 0.00492523
v 0.00882654 0.50771201 0.00435392
v 0.00767932 0.50591838 0.00435787
v 0.00613194 0.50616246 0.00723259
v 0.00313319 0.50658357 0.00790788
v -0.03003738 0.50342047 0.0001691
v -0.0279669 0.50270391 0.00555217
v -0.02955242 0.5050956 0.00627792
v -0.03192948 0.50475383 0.00323766
v -0.02989764 0.50337708 -0.00614202
v -0.02705315 0.50202388 -0.00404972
v -0.02685378 0.50212514 0.00076697
v -0.02547055 0.50206065 0.00511615
v -0.02934241 0.50821358 0.00543437
v -0.03081584 0.50807953 0.00154682
v -0.03112255 0.50782722 -0.00315558
v 0.00542264 0.50746143 -0.01039426
v 0.00754414 0.50595701 -0.0070702
v 0.00896981 0.50725657 -0.00705962
v 0.00781888 0.50860876 -0.01059104
v 0.00493712 0.50396806 -0.00963679
v 0.00660919 0.50368071 -0.00687819
v 0.00226039 0.50747007 -0.01177771
v 0.00162676 0.50486904 -0.00947809
v 0.00502513 0.50957513 -0.01436699
v 0.00269794 0.50893348 -0.01520546
v 0.00706163 0.5105828 -0.01395042
v 0.003476 0.49858692 -0.01030806
v 0.0064315 0.49918872 -0.00707201
v 0.00636543 0.50109971 -0.00676662
v 0.00407106 0.50132203 -0.00913151
v 0.00068924 0.50171918 -0.00919175
v -0.00022853 0.49949089 -0.01103792
v -0.00063797 0.49837348 -0.01347645
v 0.00173302 0.49713832 -0.01414346
v 0.00585308 0.49846309 -0.01152775
v 0.00778684 0.49853504 -0.00777273
v 0.00445446 0.49777412 -0.01544057
v -0.00617453 0.5056898 -0.0122185
v -0.00543952 0.5073961 -0.0124164
v -0.00848006 0.5097571 -0.01338018
v -0.00949536 0.50672066 -0.01371297
v -0.00393656 0.50304186 -0.01038832
v -0.00211251 0.50564694 -0.01107011
v -0.00875638 0.50265545 -0.01209625
v -0.01240428 0.50462645 -0.01578392
v -0.01107759 0.50043648 -0.01548922
v -0.01176734 0.50954705 -0.01610982
v -0.01408332 0.50843841 -0.01542039
v -0.01697846 0.50807214 -0.01396813
v -0.01536536 0.50522566 -0.01472016
v 0.00654576 0.51146674 -0.01624874
v 0.00489341 0.51097316 -0.01721012
v 0.00782625 0.50837541 -0.0145202
v 0.0074718 0.51007611 -0.01717992
v 0.00582848 0.51080334 -0.01930784
v 0.0067263 0.50871885 -0.01994972
v 0.0068626 0.50728488 -0.01793867
v 0.00502446 0.50247788 -0.01973615
v 0.00582952 0.50652683 -0.02196695
v 0.00321493 0.50864398 -0.02108261
v 0.00277847 0.51032323 -0.01809384
v -0.00036317 0.5083136 -0.02119245
v -0.00012697 0.50957918 -0.0187517
v -0.0111641 0.49841398 -0.01870973
v -0.01189784 0.50067079 -0.02011708
v -0.007625 0.49875444 -0.02286455
v -0.00786472 0.49635378 -0.02052066
v -0.00775108 0.49838054 -0.0175494
v 0.00575615 0.50166607 -0.01554812
v 0.00222597 0.49752697 -0.01898357
v 0.00712168 0.50553697 -0.01500741
v -0.00192424 0.49681869 -0.02160579
v 0.00219757 0.49989083 -0.02386543
v 0.00391806 0.50365573 -0.02509408
v -0.000219 0.50032991 -0.02461628
v -4.9E-06 0.50001365 -0.02734762
v 0.0016845 0.49972549 -0.02760971
v -0.00311808 0.49921724 -0.02336378
v -0.00046518 0.49638176 -0.01703788
v -0.00382127 0.49660444 -0.01842177
v -0.01478385 0.50332439 -0.01858623
v -0.01413724 0.5030672 -0.02256859
v -0.01078247 0.50126237 -0.02354665
v -0.00684191 0.50238764 -0.02406611
v -0.01263208 0.50971138 -0.01922562
v -0.01067367 0.51188439 -0.0190447
v -0.01059344 0.51230395 -0.02102632
v -0.01170383 0.51076394 -0.02105174
v -0.0113643 0.50969011 -0.02269148
v -0.01402042 0.50810313 -0.02149931
v -0.01094575 0.50665784 -0.02436405
v -0.01462554 0.5057525 -0.02412891
v -0.00935773 0.50993645 -0.0237753
v -0.00793719 0.50747806 -0.02403447
v -0.01097191 0.5125199 -0.02292078
v -0.00848824 0.51195878 -0.02319871
v -0.00817871 0.51288593 -0.02114358
v -0.00841182 0.51236659 -0.01874347
v 0.00121781 0.50547785 -0.02504606
v 0.00209498 0.50184941 -0.02825539
v 0.00084591 0.50319892 -0.02825992
v 6.747E-05 0.50175452 -0.02774852
v -0.00039392 0.50246501 -0.02520523
v -0.00281717 0.50248015 -0.02378179
v -0.00150615 0.50596535 -0.0235065
v -0.00973685 0.50096089 -0.02657766
v -0.00872892 0.50361657 -0.02631252
v -0.00471223 0.50630885 -0.02357418
v -0.01015621 0.50479805 -0.02743469
v -0.0060581 0.51036346 -0.02261375
v -0.01215002 0.50396717 -0.02797769
v -0.01171267 0.50168425 -0.02722321
v -0.01917431 0.50344568 -0.01837179
v -0.01996459 0.50541192 -0.02046499
v -0.01807704 0.50766587 -0.01917704
v -0.00247147 0.49861124 -0.03184258
v -0.00083151 0.49964213 -0.03035036
v -0.00101313 0.50111544 -0.03066633
v -0.00368072 0.50144798 -0.03221348
v -0.00239813 0.49677926 -0.03449737
v -3.091E-05 0.49901423 -0.03111122
v -0.00516724 0.49789605 -0.03247007
v -0.0003552 0.50197971 -0.03157376
v -0.00234267 0.50152862 -0.03485838
v -0.00492335 0.50263441 -0.03775816
v -0.00601641 0.50416243 -0.03481236
v -0.00826281 0.50444609 -0.03130084
v -0.00723781 0.50235766 -0.03020008
v -0.00781595 0.49972633 -0.02991016
v -0.00782599 0.50131541 -0.03778721
v -0.00811831 0.50182897 -0.03504151
v -0.00646168 0.49800992 -0.0378275
v -0.00786468 0.49886367 -0.0344699
v -0.00549811 0.49665457 0.02091214
v 0.00663024 0.50173616 0.01339061
v 0.00765904 0.50562119 0.01394114
v -0.00474979 0.49958834 0.01676941
v -0.00548466 0.49820516 0.01915137
v -0.01354761 0.50575703 0.01467693
v -0.01261233 0.50752431 0.01331019
v -0.01273861 0.50926352 0.01404887
v -0.01010425 0.51068902 0.01364162
v -0.00826498 0.51225334 0.01316176
v -0.0057227 0.51132798 0.01442292
v -0.00665353 0.51091665 0.01198999
v 0.0048127 0.49904338 0.00808778
v 0.00174148 0.49979764 0.00905929
v 0.00186823 0.50123072 0.00709504
v 0.0049241 0.50112993 0.006656
v 0.00359255 0.49822354 0.01200821
v 0.00122598 0.4991889 0.01183986
v 0.00694964 0.49965146 0.00904205
v 0.00580996 0.49870726 0.01272973
v 0.00688789 0.50118476 0.00432924
v 0.00694591 0.49949721 0.00473287
v 0.00849423 0.49955311 0.00542106
v -0.00860544 0.51179355 -0.01666218
v -0.00703547 0.51035124 -0.01550694
v -0.00639615 0.51091224 -0.01797268
v -0.01059464 0.51162815 -0.01599617
v -0.00356587 0.50876683 -0.02159202
v -0.00381338 0.50021333 -0.01220675
v -0.00265837 0.49817035 -0.01506611
v -0.0045676 0.49805126 -0.01647687
v -0.00683047 0.49987704 -0.01440981
v -0.00252213 0.498532 0.01677944
v -0.00302595 0.50024009 0.0140748
v -0.00075068 0.49883628 0.01464821
v -0.00183899 0.49735579 0.01820914
v 0.00128104 0.49759907 0.01542058
v -0.00111517 0.50012714 0.01203778
v -0.00172423 0.5009771 0.01050528
v -0.00254891 0.50216264 0.00842893
v -0.0016609 0.50477558 0.00819191
v 0.00250881 0.50375819 0.00691961
v -0.00053088 0.50697351 0.00901289
v 0.00549014 0.50341958 0.00670414
v 0.00713692 0.50351548 0.00432445
v 0.00792028 0.50577694 0.00053386
v 0.00766993 0.5033707 0.00066764
v 0.00729088 0.50081223 0.00078415
v 0.00748781 0.49851635 0.00106464
v 0.00752515 0.503371 -0.00319314
v 0.00708148 0.50071019 -0.00307063
v 0.00716692 0.49824417 -0.00312973
v 0.00945072 0.49766335 -0.00351453
v 0.00976729 0.49813735 0.00139146
v 0.0116509 0.50007492 0.00143662
v 0.00945946 0.50169474 0.00561001
v 0.01134257 0.49953073 -0.00389739
v 0.01151108 0.50243378 -0.00378323
v 0.01200273 0.50295383 0.00101811
v 0.0088436 0.50053197 -0.00810189
v 0.0094862 0.50328583 -0.00791987
v 0.00990212 0.50570434 -0.00756258
v 0.01123339 0.5050838 -0.00358786
v 0.00693927 0.50108355 -0.01190117
v 0.00794516 0.50434202 -0.01169922
v 0.00872459 0.50691694 -0.01129767
v 0.00967198 0.50660342 -0.00334282
v 0.00968116 0.50680268 0.00041274
v 0.01153661 0.50553095 0.00055736
v 0.01022175 0.50449848 0.00541221
v 0.00862017 0.50563323 0.00967536
v 0.00774936 0.50224912 0.00950637
v 0.0078567 0.50579488 -0.00326063
v -0.00398832 0.50861824 0.01085655
v -0.00285584 0.50981355 0.01304249
v -0.00515842 0.51203907 0.01712587
v -0.00447227 0.51265806 0.01951617
v 0.00375405 0.49707013 0.01653091
v -0.00056706 0.49622494 0.01946171
v -0.00321159 0.51018471 -0.01951999
v -0.00588884 0.51142162 -0.02047554
v -0.00377621 0.5095607 -0.01693546
v -0.0044794 0.50877976 -0.01416879
v -0.00122176 0.50748372 -0.01306277
v -0.00052379 0.50854069 -0.016097
v -0.01582881 0.50837135 0.01356965
v -0.01634597 0.50844848 0.01576604
v -0.01568724 0.50693429 0.01253506
v -0.01862531 0.50662202 0.01082724
v -0.0188764 0.50825387 0.01206353
v -0.01665541 0.50523818 0.01357074
v -0.01951025 0.504502 0.01140001
v -0.02193866 0.50404465 0.00844744
v -0.02131689 0.50665712 0.00855646
v -0.01811805 0.50377309 0.01526143
v -0.02118567 0.50292605 0.01252312
v -0.02360975 0.50221026 0.00900597
v -0.02378644 0.50409287 0.0051025
v -0.02342536 0.50247949 0.0135715
v -0.02597087 0.50248462 0.00968143
v -0.02426774 0.50518978 0.01348576
v -0.02700291 0.5052225 0.00982921
v -0.02439164 0.50809586 0.01310092
v -0.02699082 0.50825042 0.00920894
v -0.0227558 0.50925112 0.01145627
v -0.0251145 0.50992656 0.00776369
v -0.02706194 0.51008195 0.00394573
v -0.02809452 0.51036108 7.486E-05
v -0.02305564 0.5097577 0.00635188
v -0.02442685 0.5101878 0.00273399
v -0.0248675 0.50990891 -0.00083647
v -0.02408294 0.50974542 -0.0045548
v -0.02749781 0.50999331 -0.00412155
v -0.02437435 0.50715554 0.00204085
v -0.02456448 0.50687939 -0.00167709
v -0.02357944 0.50648612 -0.00550156
v -0.02163304 0.50596255 -0.00931507
v -0.02248924 0.50876248 -0.00834269
v -0.02495974 0.50390869 -0.00260302
v -0.02367667 0.50351501 -0.00678208
v -0.02135288 0.50325376 -0.01106286
v -0.01851058 0.50390583 -0.01529199
v -0.01844799 0.50550228 -0.01223195
v -0.02551248 0.50216466 -0.00888898
v -0.02279655 0.50288242 -0.01372093
v -0.02709801 0.50396436 -0.01117491
v -0.02370199 0.5047546 -0.01580048
v -0.02574029 0.50716811 -0.01203663
v -0.02241841 0.50778085 -0.01621259
v -0.02282558 0.50881702 -0.01194849
v -0.0195257 0.5083304 -0.01506977
v -0.01597151 0.50833118 -0.0174724
v -0.02014188 0.50788558 -0.01164302
v -0.02562609 0.5092634 -0.00822041
v -0.02882642 0.50718814 -0.00768972
v -0.02490077 0.50421607 0.00139409
v -0.02315258 0.50698382 0.00550274
v -0.02140866 0.50878 0.00967916
v -0.01975207 0.50829393 0.01412533
v -0.0208653 0.50760931 0.01618902
v -0.02124267 0.50523114 0.01723638
v -0.02005122 0.50266182 0.01697524
v -0.0147793 0.50431037 0.01694044
v -0.00391952 0.49995396 -0.0393158
v -0.00132641 0.49934432 -0.03595819
v 0.00030867 0.50044 -0.03174875
v -0.0097478 0.50012559 -0.03119496
v -0.00986188 0.50280166 -0.03185642
v 0.00137085 0.50734043 0.0240184
v 0.00201249 0.50401688 0.02620866
v 0.00208938 0.50571173 0.02657888
v 0.00292068 0.50689304 0.0269119
v 0.00397265 0.50532758 0.02667733
v 0.00391143 0.50325137 0.02634007
v 0.00219883 0.50238138 0.0297449
v 0.00246307 0.5022428 0.02593382
v -0.0096426 0.50528979 0.02780168
v -0.00687194 0.50256729 0.03035908
v -0.0077387 0.50462872 0.03109902
v -0.00484298 0.50155318 0.032915
v 0.00468282 0.48670888 -0.0052026
v 0.00626072 0.48669145 -0.00372517
v 0.00646527 0.4839929 -0.00474928
v 0.00435846 0.4850114 -0.00633653
v 0.00200861 0.48651293 -0.0076451
v 0.00312879 0.48843417 -0.00569181
v 0.00470657 0.48978272 -0.00357411
v 0.0047369 0.48637682 0.00290226
v 0.00428067 0.48435009 0.00423636
v 0.00658461 0.48357034 0.00179466
v 0.00639232 0.48653474 0.00102456
v 0.00345288 0.48831055 0.00323164
v 0.00215113 0.48617795 0.00573711
v 0.0052709 0.48989543 0.00062159
v 0.00305363 0.49798563 0.0005875
v 0.00326189 0.49559662 0.00083884
v 0.00334882 0.49561661 -0.00293135
v 0.00272069 0.49785146 -0.00346
v 0.00239638 0.49990147 -0.00223357
v 0.00258135 0.50003368 -0.00051243
v 0.0017232 0.50047612 0.00096197
v 0.00220096 0.49892277 0.00253777
v 0.00196233 0.50255048 -0.00449352
v 0.00230085 0.50370663 -0.00341505
v 0.00237679 0.50146878 -0.00344166
v 0.00129023 0.50156045 -0.0043932
v 0.00182671 0.50201344 0.00087331
v 0.00273568 0.50198609 -0.00021965
v 0.00200518 0.50458747 0.00059402
v 0.00069845 0.50384837 0.0022758
v 0.00050349 0.50111496 0.00271765
v 0.0024029 0.49661642 -0.00717571
v 0.00203448 0.49775061 -0.00759743
v 0.00183761 0.49873087 -0.00524393
v 0.00243208 0.49492288 -0.00656237
v 0.00168682 0.500067 -0.00384824
v 0.00241216 0.49274349 0.01570173
v 0.00343538 0.49547571 0.01163778
v 0.00250604 0.49720585 0.01214061
v 0.00259593 0.49503925 0.01617311
v 0.00242697 0.49125424 0.01397586
v 0.00323206 0.49344006 0.01100371
v 0.00065741 0.48972058 0.01787882
v 0.00088762 0.48863754 0.01615039
v 0.00081236 0.5043208 -0.00526672
v 0.00018325 0.50202775 -0.00518085
v 0.00113619 0.50642633 -0.00347118
v -0.00136447 0.50181723 -0.00554571
v -0.00126966 0.5050894 -0.0054027
v 0.00158783 0.49866733 -0.00843431
v 0.00080378 0.49929997 -0.00890527
v 0.00018384 0.49920887 -0.00766653
v 0.00096069 0.49851689 -0.00746202
v 0.00201197 0.49709612 -0.01104923
v 0.00125477 0.49791881 -0.01174724
v 0.0010044 0.49936712 -0.00612758
v 0.00029066 0.50862527 0.00049744
v -0.0005066 0.50934857 0.00127715
v -0.0002724 0.50735658 0.00212826
v 0.00062074 0.50720739 0.00084367
v 0.00141098 0.50709921 -0.00106948
v 0.00066915 0.50900644 -0.00092497
v -0.00056134 0.51022929 -0.0006414
v 0.00015546 0.50739831 -0.00443438
v 0.00039634 0.50865448 -0.00300282
v -0.00125007 0.50852978 -0.00488082
v -0.00071357 0.50999165 -0.00313006
v -0.00207671 0.50709778 0.00287369
v -0.00158571 0.50375444 0.0030677
v -0.00132313 0.50074255 0.0037236
v 0.00148106 0.48200274 -0.006507
v 0.00228372 0.48182809 -0.00462828
v -0.00076523 0.4826546 -0.00521444
v -0.00109307 0.48251545 -0.00756159
v -0.00130477 0.48276007 -0.01007217
v 0.00240143 0.48128393 -0.0073063
v 0.00405985 0.48101655 -0.00485118
v 0.00082066 0.49219403 -0.01873757
v 0.00127626 0.49095398 -0.01635484
v 0.00014349 0.48862246 -0.01770696
v -0.00065818 0.4893491 -0.01970213
v 0.00243396 0.49480852 -0.01512672
v 0.00230345 0.49344197 -0.01407888
v 5.866E-05 0.4941687 -0.01886735
v 0.00143383 0.49610806 -0.01572742
v -0.00348699 0.48972183 -0.02024637
v -0.00242991 0.49191821 -0.0207244
v -0.00253454 0.49342188 -0.02021847
v 0.00129124 0.48214585 0.00288831
v 0.00207178 0.48169473 0.00082496
v 0.00391916 0.48078805 0.0013183
v 0.00224539 0.48157626 0.00401536
v -0.00067006 0.48272929 0.0056298
v -0.00087357 0.48278216 0.00346837
v -0.00067848 0.48274836 0.00060957
v -0.00231678 0.51133215 0.00010053
v -0.00397586 0.51137453 -0.00069621
v -0.00442825 0.51137924 1.747E-05
v -0.00429968 0.51139992 0.00125378
v -0.00214174 0.50967532 0.00217025
v -0.0044469 0.50974685 0.00266714
v -0.00141157 0.49937981 -0.00793117
v -0.00101507 0.49957651 -0.00678743
v 0.00012056 0.49973321 -0.00668016
v -0.00075932 0.49952996 -0.00961003
v -0.0035758 0.49842724 -0.00821558
v -0.0022925 0.49860442 -0.00640691
v 8.713E-05 0.50066423 -0.00582041
v -0.00101985 0.50027877 -0.00613034
v -0.00194298 0.50019431 -0.00560296
v -0.00292618 0.49990883 -0.00584573
v -0.00314046 0.50230366 -0.00540854
v -0.00163587 0.49933642 -0.00588899
v -0.00075492 0.48714927 0.01229454
v -0.00173598 0.48650187 0.01228928
v -0.00156121 0.48534036 0.01058919
v -0.0002334 0.48697922 0.01014378
v 1.493E-05 0.48741081 0.01449438
v -0.00142451 0.48647505 0.01401502
v 0.00099355 0.48920208 0.0121589
v -0.00300224 0.51113719 -0.00331991
v -0.00431171 0.51148057 -0.00197246
v -0.00602998 0.51082647 -0.00367568
v -0.00589125 0.5114823 -0.00261604
v -0.00583997 0.51121438 -0.00136846
v -0.00212113 0.49499395 0.01794827
v -0.00501 0.4949961 0.01766984
v -0.00484403 0.49422082 0.01952142
v -0.00116683 0.49451622 0.01886895
v -0.00164573 0.49605197 0.01542004
v -0.00498253 0.49593621 0.01530351
v 0.00100897 0.49588498 0.01585126
v -0.0003748 0.48346445 0.00808907
v 0.00077383 0.48292324 0.00671747
v 0.00134754 0.48429075 0.00662188
v -0.00011148 0.48528907 0.00799098
v -0.00112029 0.48734626 -0.01511696
v -0.00093306 0.48562673 -0.01251937
v -0.00239528 0.48514929 -0.01267072
v -0.00259784 0.4866617 -0.01441286
v 0.00047129 0.48900777 -0.0138376
v 4.955E-05 0.48668674 -0.01142269
v -0.00292632 0.4857482 -0.01620155
v -0.00174518 0.48551682 -0.01716501
v -0.00102298 0.49494606 -0.01787319
v -0.00285381 0.49437732 -0.01869037
v -0.00045965 0.49634823 -0.01555758
v -0.00258822 0.4958263 -0.01598323
v -0.00552505 0.51131082 -0.000352
v -0.00190764 0.49885604 0.00650931
v -0.00117275 0.49920174 0.00477541
v -0.00219707 0.49803713 0.00500945
v -0.00249471 0.4979161 0.00641287
v -0.00351097 0.49791053 0.00678275
v -0.00436199 0.49845949 0.00707338
v -0.00351612 0.49912226 0.00922749
v -0.00049252 0.49932146 0.0086429
v -0.00287281 0.49740937 0.00531667
v -0.00307849 0.49906507 0.00417702
v -0.00363619 0.49769941 0.00511248
v -0.00383492 0.49736837 0.00623682
v -0.00298427 0.49714899 0.00626229
v -0.00645573 0.51121724 0.00046594
v -0.00343501 0.49981529 -0.00884907
v -0.00535833 0.49913812 -0.00953392
v -0.00134724 0.48321944 0.00711474
v 0.00327918 0.48139292 0.00470642
v -0.0035703 0.48359716 0.00582265
v -0.00352569 0.48329589 0.00341427
v -0.00291223 0.48337805 0.00756967
v -0.00496905 0.49749538 0.00610441
v -0.00439394 0.49998423 0.00357097
v -0.00467815 0.49820995 0.00474438
v -0.00190356 0.48361114 0.00884579
v -0.00402577 0.48302856 -0.00804333
v -0.00469313 0.48379031 -0.01009936
v 0.00042892 0.48371705 -0.00989757
v -0.00223848 0.49045625 0.01858583
v -0.00088746 0.49224654 0.01911
v -0.00479984 0.49237636 0.02007816
v -0.0051246 0.49189302 0.01881181
v -0.00560788 0.49154052 0.0165815
v -0.00383104 0.48971856 0.0176058
v -0.002874 0.48747468 0.01885444
v -0.00184187 0.48761728 0.01951087
v -0.00401738 0.498593 -0.00670168
v -0.004202 0.49989098 -0.00579171
v -0.00557856 0.49746737 -0.00790919
v -0.00528669 0.49940386 -0.00554536
v -0.00457138 0.48621556 -0.01248384
v -0.00598548 0.49104074 -0.02025786
v -0.0057575 0.49203938 -0.02109381
v -0.00307675 0.4870286 -0.02070972
v -0.00416975 0.48648703 -0.01988567
v -0.00491679 0.48868373 -0.0191895
v -0.00647452 0.49004757 -0.01897872
v -0.00349911 0.48482299 0.01040021
v -0.00354404 0.48649213 0.01245256
v -0.0010464 0.48436165 0.00900036
v -0.00552056 0.48629561 0.01212833
v -0.00580575 0.48530313 0.01105669
v -0.00471203 0.48432243 0.0087277
v -0.00739992 0.4975808 0.00812264
v -0.00670186 0.49828017 0.01028596
v -0.00621803 0.49727371 0.00588871
v -0.00424795 0.48859739 0.01317036
v -0.00583657 0.48819789 0.01266546
v -0.00272351 0.48660246 0.01431304
v -0.00347983 0.48794881 0.01482415
v -0.00422367 0.48756737 -0.01412964
v -0.00650789 0.48890567 -0.01272331
v -0.00621167 0.48952547 -0.01414429
v -0.00671469 0.48623347 -0.01248267
v -0.00773955 0.48795098 -0.01274675
v -0.0068476 0.48530436 -0.01072855
v -0.00538977 0.48443222 0.00728161
v -0.00650876 0.48380569 0.0061294
v -0.0052713 0.48342925 0.00520051
v -0.00561463 0.48318854 0.00336747
v -0.00787711 0.49809322 -0.01013082
v -0.00961119 0.49659526 -0.01039873
v -0.00708818 0.49686047 -0.0068132
v -0.00488977 0.48663175 -0.01595577
v -0.00706936 0.48873559 -0.01522809
v -0.00736892 0.48846671 -0.0163338
v -0.00575724 0.48698169 -0.01681691
v -0.00529234 0.48493904 -0.01819185
v -0.00457677 0.48424274 -0.0179178
v -0.00573481 0.48249543 -0.00742392
v -0.00655184 0.48255002 -0.00812832
v -0.00780858 0.48334554 -0.00877631
v -0.00557967 0.48424312 0.02127614
v -0.00351219 0.48521122 0.02038272
v -0.00380863 0.48494327 0.0195134
v -0.00552798 0.48420647 0.01996876
v -0.0075007 0.48507237 0.01918987
v -0.00798362 0.4850755 0.02016999
v -0.00683611 0.48329508 0.02242862
v -0.00570159 0.48226762 0.02366115
v -0.00420973 0.48352796 0.02298158
v -0.00268664 0.48505577 0.02108463
v -0.00682105 0.49946234 -0.00199223
v -0.00734397 0.50176036 -0.00159495
v -0.00689874 0.50166452 -0.00375361
v -0.00645942 0.49903336 -0.00416022
v -0.00657385 0.49904406 0.0007343
v -0.00706393 0.50207275 0.00069956
v -0.0074032 0.49763918 -0.00200721
v -0.00566826 0.49851099 -0.01177839
v -0.00850422 0.49723923 -0.01302288
v -0.00691819 0.49551699 0.00544971
v -0.00818335 0.49537659 0.00773886
v -0.00727141 0.48338306 0.00374229
v -0.00438297 0.48010412 0.02315748
v -0.00485753 0.48090407 0.0239909
v -0.00633412 0.48002824 0.02295526
v -0.00527007 0.47982234 0.02196496
v -0.00281261 0.4812324 0.02227955
v -0.00304735 0.48243031 0.02330816
v -0.00367817 0.48084846 0.02097624
v -0.00694369 0.49037644 -0.00284365
v -0.00656308 0.49282646 -0.00188297
v -0.00802321 0.49172404 -0.00414596
v -0.00792309 0.48967859 -0.00488015
v -0.00742846 0.48810351 -0.00172174
v -0.00755806 0.48941952 0.00126688
v -0.00523579 0.48187205 0.01910354
v -0.00538257 0.48310372 0.01882218
v -0.00345466 0.48355803 0.01824355
v -0.00290858 0.48293993 0.01822933
v -0.00660856 0.48077565 0.0201038
v -0.00847643 0.4824388 0.01848205
v -0.00764942 0.48271745 0.01779965
v -0.00732974 0.48359826 0.01797483
v -0.00554124 0.48122454 -0.01974025
v -0.00411651 0.48078871 -0.02101526
v -0.00263541 0.48319232 -0.0189999
v -0.0036233 0.48331884 -0.01801115
v -0.00594788 0.48278123 -0.01875342
v -0.00605533 0.47991329 -0.02173866
v -0.00527324 0.47934929 -0.02280046
v -0.00776628 0.48257309 -0.01862783
v -0.00803806 0.48101446 -0.01969044
v -0.00718406 0.47950852 -0.02223429
v -0.00402848 0.48283425 -0.00560186
v -0.00630553 0.48242417 -0.00538997
v -0.00763717 0.48244569 -0.00526384
v -0.00724099 0.49627015 0.00283715
v -0.00738113 0.4948858 0.0001886
v -0.00807768 0.49238464 0.0014608
v -0.00812729 0.49288246 0.00319938
v -0.00565148 0.49768394 0.00400064
v -0.00769695 0.49314603 0.00532481
v -0.00815884 0.49522594 -0.00514933
v -0.00796882 0.48462963 -0.00831673
v -0.0075423 0.48614159 -0.01038805
v -0.00941657 0.48571801 -0.01180369
v -0.00895415 0.48517725 -0.01259605
v -0.00608228 0.47933307 -0.02493522
v -0.00512077 0.48013464 -0.02406962
v -0.00651224 0.47849968 -0.02412203
v -0.00779534 0.47872582 -0.02467078
v -0.00706811 0.47978619 -0.02532296
v -0.00588845 0.48105222 -0.0246998
v -0.00838498 0.50407034 -0.00128354
v -0.00871614 0.50466824 0.00015627
v -0.00954504 0.50681025 -0.0017566
v -0.00854922 0.5045833 -0.00317361
v -0.00663987 0.48122922 0.02321097
v -0.00734278 0.48214978 0.02186567
v -0.0074017 0.48114553 0.02108922
v -0.00822776 0.49234089 -0.00658202
v -0.00805119 0.48917446 0.00355638
v -0.00648429 0.48364925 -0.02256383
v -0.00557116 0.48334339 -0.02330757
v -0.00715179 0.48180634 -0.02453027
v -0.00864683 0.48307917 -0.02297488
v -0.00524718 0.48426849 -0.02117505
v -0.00390767 0.48485106 -0.02164632
v -0.00759824 0.48363954 -0.02191815
v -0.00790106 0.48518884 -0.00168848
v -0.00821629 0.48591632 0.00117737
v -0.00814829 0.48602548 0.0036703
v -0.00759042 0.48481974 0.00612708
v -0.00681112 0.48521566 0.00783084
v -0.00788439 0.48682961 0.00763898
v -0.00785573 0.48642179 0.0059768
v -0.0081641 0.4843294 0.00383915
v -0.0081571 0.49014676 -0.01448283
v -0.00880568 0.49046651 -0.01329257
v -0.01064621 0.49004456 -0.0148182
v -0.00921744 0.48998305 -0.01562928
v -0.00898189 0.48904729 -0.01310181
v -0.00946118 0.48704466 -0.01377155
v -0.01025795 0.48842743 -0.01433334
v -0.00961134 0.48352376 -0.01756872
v -0.01037914 0.48278439 -0.01806444
v -0.01113797 0.48208207 -0.01930031
v -0.00920203 0.48044768 -0.02075765
v -0.00816973 0.47940254 -0.02283137
v -0.008666 0.47993311 -0.02317031
v -0.00985376 0.48068428 -0.02182557
v -0.00879346 0.47989959 -0.02422953
v -0.0098184 0.48119444 -0.02267434
v -0.01030688 0.48366773 0.01344968
v -0.00843369 0.48470321 0.01431471
v -0.00871418 0.48378745 0.01609182
v -0.01071271 0.48343447 0.01622928
v -0.00799537 0.48499539 0.01213084
v -0.00734765 0.48576483 0.01295387
v -0.01189599 0.4838219 0.01153029
v -0.00895905 0.48510435 0.01096886
v -0.00983609 0.48516834 0.02021537
v -0.00871798 0.48442718 0.02079349
v -0.00985515 0.48656803 0.01913892
v -0.01082829 0.48437262 0.02044059
v -0.00905044 0.48359632 0.02026409
v -0.01200543 0.4862515 0.02020539
v -0.00897333 0.48287067 0.01970855
v -0.01135041 0.48391524 0.01934758
v -0.01034688 0.48449296 -0.01575412
v -0.00883347 0.48582354 -0.01346027
v -0.01121578 0.48380831 -0.01434768
v -0.01208814 0.48278359 -0.01610097
v -0.0114847 0.48330089 -0.01718188
v -0.0097179 0.48430958 -0.01812563
v -0.01053657 0.48577452 -0.01635965
v -0.01080522 0.49272308 0.01849604
v -0.00907231 0.49323118 0.01990196
v -0.00870155 0.49407786 0.01864769
v -0.01131473 0.49397311 0.01726942
v -0.01056402 0.49152607 0.01775971
v -0.00818299 0.49240303 0.01895398
v -0.01227988 0.49190897 0.01725405
v -0.01110391 0.48582277 -0.01797403
v -0.00992645 0.48495421 -0.01910036
v -0.01037304 0.4850021 -0.02037673
v -0.01184003 0.48694664 -0.0188132
v -0.01141377 0.4874616 -0.01641718
v -0.01168105 0.48427561 -0.01293978
v -0.01342522 0.48213729 -0.01317371
v -0.01238708 0.4813644 -0.01432954
v -0.01246628 0.48162192 -0.01548604
v -0.0102953 0.48887035 0.01772337
v -0.01157996 0.4889535 0.01800511
v -0.01370687 0.48902497 0.01775095
v -0.01489663 0.48576778 0.01980095
v -0.01267304 0.48292273 0.02202497
v -0.01307616 0.48245111 0.02103186
v -0.01271742 0.48327509 0.01878128
v -0.01299585 0.48237497 0.01594392
v -0.01277518 0.49026722 -0.0191256
v -0.00929892 0.49111989 -0.01990342
v -0.00922089 0.49047434 -0.01906298
v -0.01192926 0.4896155 -0.01896572
v -0.01294838 0.49210161 -0.01926216
v -0.00938126 0.49208105 -0.02090571
v -0.01435923 0.49013662 -0.01849685
v -0.01610493 0.4898971 -0.01750549
v -0.01523147 0.49257612 -0.01718984
v -0.01408976 0.49230695 -0.0183244
v -0.01382947 0.47980329 -0.01642884
v -0.01332536 0.48118055 -0.0175492
v -0.01289065 0.49408665 0.01558905
v -0.01239583 0.49491599 0.01387336
v -0.01394337 0.4935717 0.01289985
v -0.01407729 0.49229231 0.01548635
v -0.01062053 0.49501806 0.0154103
v -0.01197308 0.48444089 -0.02128469
v -0.01194787 0.4827905 -0.02187228
v -0.01380059 0.48233834 -0.02150244
v -0.01459028 0.48377657 -0.02121237
v -0.01267031 0.48709682 -0.0198985
v -0.01421131 0.4871237 -0.01998931
v -0.01300652 0.48152325 0.01375937
v -0.01359602 0.48132837 0.01407327
v -0.01478388 0.47953293 0.01361726
v -0.01532867 0.47989771 0.01171213
v -0.01299242 0.4941332 -0.01657653
v -0.01417811 0.49377054 -0.01675422
v -0.01329742 0.49526438 -0.01399893
v -0.01158572 0.49538526 -0.01505215
v -0.01027833 0.49482951 -0.01646563
v -0.01242399 0.49389145 -0.01741968
v -0.01334183 0.49342513 -0.01798888
v -0.01065953 0.49630743 0.01073122
v -0.01038993 0.49456629 0.01015007
v -0.01333805 0.49286017 0.01186283
v -0.01582495 0.49021831 0.01236489
v -0.01627182 0.49035469 0.01344468
v -0.01628068 0.48920161 0.01570805
v -0.0151567 0.49418354 -0.01402664
v -0.01670993 0.49117002 -0.0153763
v -0.01614028 0.49103734 -0.01393034
v -0.01352584 0.49356532 -0.01257276
v -0.01482311 0.48007521 -0.02175757
v -0.0158311 0.48072493 -0.02225724
v -0.01716029 0.48064619 -0.02150953
v -0.01700144 0.48376 -0.02039063
v -0.01491996 0.4885121 -0.01898388
v -0.01646366 0.48814216 -0.01851306
v -0.01982036 0.48697469 -0.01698525
v -0.01958908 0.48839062 -0.01608936
v -0.0146213 0.47989386 0.01945494
v -0.0135376 0.48178539 0.01937518
v -0.01480776 0.47947305 0.02056389
v -0.01632626 0.47696918 0.01761844
v -0.01534299 0.47868162 0.01713293
v -0.01398581 0.48070139 0.01642338
v -0.01746066 0.4861013 0.01743215
v -0.01927881 0.48767832 0.01379471
v -0.01964098 0.48539791 0.01503457
v -0.01894876 0.48861295 0.01256868
v -0.01613287 0.47957575 -0.01315342
v -0.0147519 0.48350644 -0.01268322
v -0.01730658 0.48200309 -0.01230159
v -0.01977869 0.481121 -0.01072885
v -0.01889883 0.47893798 -0.01144891
v -0.01898291 0.47751889 -0.01250361
v -0.01707177 0.47628686 -0.01500143
v -0.01424672 0.47881886 -0.01469142
v -0.01592094 0.47657409 -0.01702781
v -0.01567427 0.47796351 0.01432544
v -0.01734314 0.47672498 0.01239578
v -0.01728504 0.47919896 0.01089401
v -0.01849155 0.47854424 0.00910386
v -0.01836834 0.4804959 0.0083298
v -0.01557331 0.48123696 0.01033282
v -0.01954542 0.47669294 0.01008193
v -0.0166311 0.47509378 -0.01855531
v -0.01610007 0.47597259 -0.01945349
v -0.01798341 0.47573665 -0.01602444
v -0.01730811 0.47402671 -0.01941686
v -0.01646809 0.4752501 -0.02132834
v -0.01956261 0.47700554 -0.01345568
v -0.01833437 0.48357788 0.01832244
v -0.01989275 0.48257104 0.01617184
v -0.01769703 0.48217642 0.02053534
v -0.01938529 0.47952738 0.01756827
v -0.0172284 0.47582999 0.01826612
v -0.01881788 0.47614738 0.01368693
v -0.02068908 0.47582421 0.01082448
v -0.01850193 0.47837856 -0.02177458
v -0.01767091 0.47818759 -0.02250907
v -0.01831433 0.47632867 -0.02185017
v -0.01924939 0.4773564 -0.02129439
v -0.01877521 0.47998437 -0.02054002
v -0.01972817 0.47873938 -0.01940493
v -0.01930675 0.47646415 -0.02054337
v -0.01881951 0.47546175 -0.02019292
v -0.01991643 0.4773958 -0.01843886
v -0.02004414 0.48263368 -0.01820907
v -0.02091703 0.48028588 -0.01706704
v -0.02349635 0.48077548 -0.01443212
v -0.02299765 0.48287755 -0.0146487
v -0.02570905 0.47554871 0.00397046
v -0.02403685 0.47619611 0.00297268
v -0.02189068 0.47594166 0.00670934
v -0.0230928 0.47485963 0.00770727
v -0.02639591 0.47544387 0.00019493
v -0.02493736 0.47634557 -0.00180997
v -0.0238359 0.47785333 -0.00155416
v -0.02311165 0.47744846 0.00271608
v -0.02729782 0.47520572 -0.00183492
v -0.02569801 0.47634754 -0.00436158
v -0.02683789 0.47691822 -0.0060597
v -0.02448541 0.4768298 -0.00920157
v -0.02378748 0.47663867 -0.00774249
v -0.0272573 0.47708061 -0.00855506
v -0.02513907 0.47726485 -0.0106599
v -0.02903591 0.4762089 -0.00531451
v -0.0295106 0.47671139 -0.00679584
v -0.02925088 0.47616664 -0.00374426
v -0.03057873 0.47492599 -0.00314269
v -0.0311289 0.4753302 -0.00418221
v -0.02822297 0.47653672 -0.00257136
v -0.02961877 0.48481733 0.00063724
v -0.0278117 0.48523107 0.00021405
v -0.02803583 0.48540261 -0.00275038
v -0.02993183 0.48437753 -0.00312289
v -0.03277689 0.48161602 -0.00156049
v -0.03320698 0.48263621 -0.00011254
v -0.03296681 0.48239172 0.00116883
v -0.02972941 0.48408979 0.00256747
v -0.02957358 0.47448289 6.636E-05
v -0.02799211 0.47554505 0.00096791
v -0.02828078 0.47490552 0.00274394
v -0.03089458 0.473544 0.00201905
v -0.03013531 0.47473383 -0.00171234
v -0.03194583 0.47834772 0.00320457
v -0.0286593 0.47980133 0.00481493
v -0.02929545 0.48291451 0.00329878
v -0.03231415 0.48113155 0.00193663
v -0.03471887 0.47852954 0.00223848
v -0.03640964 0.47672305 0.00264738
v -0.03443449 0.47600922 0.00333676
v -0.03308904 0.47429234 0.00429416
v -0.03038946 0.47583643 0.00493653
v -0.02788608 0.47677317 0.00645414
v -0.03578087 0.48007774 0.00197447
v -0.03308814 0.47296491 -0.00142136
v -0.03303343 0.47320712 0.00021527
v -0.03267102 0.47308972 -0.00272403
v -0.03455684 0.47103918 -0.00212354
v -0.03457715 0.47122824 -0.00304694
v -0.03375227 0.47735971 -0.00357719
v -0.03231267 0.47904742 -0.00373622
v -0.03229268 0.47852439 -0.00449915
v -0.0334587 0.4771443 -0.00416544
v -0.03797575 0.47727659 0.00219167
v -0.03395825 0.47172573 0.00136175
v -0.03155906 0.472332 0.0034683
v -0.03417743 0.47095853 0.00271074
v -0.0362943 0.4697372 0.00106925
v -0.03631655 0.47083139 0.0007727
v -0.03532473 0.47167131 0.00101165
v -0.03643126 0.46884903 0.00223363
v -0.03536792 0.47257844 0.00048483
v -0.03312314 0.4763405 -0.00469475
v -0.03389683 0.47497109 -0.00372694
v -0.03318458 0.47711179 -0.00461718
v -0.03511143 0.47517982 -0.00322942
v -0.03571555 0.46970874 -0.00178212
v -0.03579036 0.46920621 -0.00261913
v -0.0353023 0.47102156 -0.00133891
v -0.03702149 0.47158086 0.0006482
v -0.03631872 0.47079515 -0.00073935
v -0.03524565 0.4724161 -0.00078454
v -0.03707439 0.47164702 -0.00019608
v -0.03866182 0.4708634 -0.00023134
v -0.03689353 0.46972755 -0.0009397
v -0.03785159 0.4700368 0.00058537
v -0.03626845 0.47416064 0.00328817
v -0.03808388 0.47389257 0.00265819
v -0.03590349 0.47254768 0.00389764
v -0.03813788 0.4712269 0.00319906
v -0.03824412 0.47078568 0.00027994
v -0.03862424 0.46901897 0.00131481
v -0.03950152 0.47087428 0.00083164
v -0.03912197 0.47364256 0.00062643
v -0.03924153 0.47343144 -0.00079712
v -0.03915325 0.47334301 -0.00218178
v -0.03952521 0.47038728 -0.00173487
v -0.03778859 0.46897462 -0.00225653
v -0.03869336 0.46959606 0.00253839
v -0.03723271 0.4697153 0.0031671
v -0.03941347 0.47103205 0.00225863
v -0.00815538 0.4957208 0.01534202
v -0.00911458 0.49638376 0.01348593
v -0.0083897 0.49489239 0.01711827
v -0.00569253 0.49731332 0.01236155
v -0.00231903 0.49769011 0.01209799
v -0.0100199 0.49666896 0.01205657
v 0.00083343 0.49761882 0.0119969
v 0.00163796 0.49861065 0.00843334
v 0.00282051 0.49707529 0.00823418
v 0.00254754 0.49761796 0.00538201
v 0.00070751 0.49840912 0.00600713
v 0.00070477 0.49932784 0.00390554
v 0.00313554 0.49625292 0.00497125
v 0.00313829 0.49522132 0.0079549
v 0.00244481 0.49290857 0.00702376
v 0.00272726 0.49397409 0.00427259
v 0.00199335 0.49091452 0.00979083
v 0.00090675 0.48897186 0.00800352
v 0.00166334 0.49136174 0.00600768
v 0.00088724 0.48766258 0.00653363
v 0.00218203 0.49083066 0.0039741
v -0.03914088 0.47387695 0.00189934
v -0.03848819 0.47725552 0.00060236
v -0.03689992 0.48076537 0.00107145
v -0.0367052 0.48037484 -0.0003455
v -0.0385357 0.47715238 -0.00110399
v -0.03575726 0.47956902 -0.00156849
v -0.03770803 0.47680372 -0.00238595
v -0.0343583 0.47800407 -0.00268539
v -0.03604525 0.47575593 -0.00285899
v -0.03779779 0.47299206 -0.00278644
v -0.03667711 0.47262254 -0.00312237
v -0.03724943 0.4717218 -0.00319475
v -0.03850152 0.47111177 -0.00301475
v -0.03502602 0.47189865 -0.00328878
v -0.03329844 0.47374907 -0.00337702
v -0.0358703 0.47232679 -0.00331182
v -0.03588786 0.46988571 -0.00363757
v -0.03185591 0.47602135 -0.00496002
v -0.03250477 0.48004788 -0.00308134
v -0.03500122 0.47134134 0.00372705
v -0.03242457 0.472673 0.0046204
v -0.02875675 0.47322261 0.00438207
v -0.02966623 0.47369027 0.00554519
v -0.02620741 0.47398275 0.00597123
v -0.02725857 0.47471556 0.00707721
v -0.02410605 0.47472042 0.00888444
v -0.02506558 0.47579694 0.00941006
v -0.02585747 0.47771695 0.00874129
v -0.02273686 0.47682899 0.01153424
v -0.02383082 0.47867051 0.01136797
v -0.02412328 0.48152885 0.01013962
v -0.02636081 0.48087913 0.00726484
v -0.02414794 0.48440254 0.0089426
v -0.02651939 0.48384649 0.00583717
v -0.02412679 0.48614025 0.00823647
v -0.02664133 0.48547274 0.00511114
v -0.02380214 0.48696968 0.00761912
v -0.02651654 0.4864397 0.00428881
v -0.02316121 0.48707005 0.00688844
v -0.0256211 0.48662958 0.00342691
v -0.02268838 0.48629105 0.00643324
v -0.0248795 0.48593637 0.00302448
v -0.02644459 0.48504078 -0.00016377
v -0.02652344 0.48515615 -0.00293797
v -0.02409163 0.48463508 0.00291999
v -0.02531714 0.48399013 -0.00038314
v -0.02527716 0.48429397 -0.00338769
v -0.02411943 0.48492917 -0.00677338
v -0.02507558 0.48632026 -0.0064053
v -0.02436333 0.48179421 -0.00074977
v -0.02411985 0.48235989 -0.00410839
v -0.02301368 0.48313677 -0.00731202
v -0.0211787 0.48375708 -0.01012507
v -0.02227236 0.4856694 -0.00980657
v -0.02296685 0.48005861 -0.00498355
v -0.02163585 0.48055959 -0.00814282
v -0.02290346 0.47817743 -0.00585546
v -0.02116299 0.4784534 -0.00906296
v -0.0232357 0.47698784 -0.00653933
v -0.02121981 0.47723585 -0.00983151
v -0.02168776 0.47665769 -0.01075071
v -0.02226708 0.47683734 -0.01179785
v -0.02008822 0.47698271 -0.0143109
v -0.01877954 0.47589472 -0.01680368
v -0.02276685 0.47758678 -0.01284357
v -0.02060816 0.4775368 -0.01509346
v -0.0194836 0.47634789 -0.01758214
v -0.01842435 0.47465619 -0.01976366
v -0.02080367 0.47877878 -0.01596803
v -0.02318978 0.47904724 -0.01361032
v -0.02544956 0.4787285 -0.0112305
v -0.02552115 0.48092043 -0.01147205
v -0.02750954 0.47856942 -0.00910324
v -0.02789259 0.48040161 -0.00926245
v -0.02805297 0.48201084 -0.00871886
v -0.02558414 0.48275965 -0.01162478
v -0.02508164 0.48535684 -0.01079986
v -0.02539406 0.48401985 -0.01123774
v -0.02781101 0.48303682 -0.00805563
v -0.02766989 0.48418149 -0.00744422
v -0.0271373 0.48578706 -0.00687727
v -0.02469517 0.48633316 -0.01047077
v -0.02238105 0.48723471 -0.01360655
v -0.02263656 0.48613274 -0.01402389
v -0.02397343 0.48717773 -0.01010242
v -0.02178371 0.48801142 -0.01289878
v -0.01927284 0.48923361 -0.01484221
v -0.02091264 0.48772228 -0.01223023
v -0.0186041 0.48902324 -0.01375623
v -0.02006754 0.48675686 -0.01188272
v -0.0176752 0.4880318 -0.01298307
v -0.01513041 0.48990291 -0.01289477
v -0.01224127 0.49145174 -0.01184382
v -0.01630091 0.48593968 -0.0126417
v -0.01369212 0.48760366 -0.01243023
v -0.0110603 0.48910588 -0.01148621
v -0.00898324 0.48970056 -0.00981853
v -0.00936669 0.49260089 -0.00982208
v -0.01248033 0.4853394 -0.01227379
v -0.01007476 0.48683637 -0.01136878
v -0.00832886 0.4873803 -0.00996373
v -0.00818503 0.48662204 -0.00794973
v -0.00823286 0.48953196 -0.00736653
v -0.0080982 0.48718426 -0.00486826
v -0.00849638 0.48467258 -0.00493061
v -0.00862693 0.48313925 -0.00509472
v -0.00812235 0.48351085 -0.00180792
v -0.00838135 0.48396 0.00110034
v -0.00740852 0.4824996 -0.00190242
v -0.00753203 0.48284116 0.00107833
v -0.00606379 0.48218703 -0.00212717
v -0.00605921 0.48266113 0.00092416
v -0.00381796 0.48264602 -0.00245691
v -0.00369006 0.48287526 0.00063518
v -0.00061827 0.48251772 -0.00236533
v 0.00253117 0.48167545 -0.00198017
v 0.00451464 0.48104784 -0.00188484
v 0.00545282 0.4810181 -0.00533312
v 0.00576101 0.4810605 -0.00189077
v 0.00528282 0.48066887 0.00164016
v 0.0065999 0.48186046 -0.0018695
v 0.0062258 0.48171389 0.00193132
v 0.00392209 0.48266426 0.00494454
v 0.00673116 0.48338777 -0.00171398
v 0.00617754 0.48227152 -0.0054903
v 0.00644975 0.48619092 -0.00151358
v 0.00562612 0.49002975 -0.00168092
v 0.00284666 0.49248734 -0.00476938
v 0.00412721 0.49332124 -0.00216519
v 0.00382989 0.49293205 0.00062758
v 0.00160591 0.49088272 -0.00734373
v 0.00168346 0.49342525 -0.00973008
v 0.00087705 0.48865518 -0.00958076
v 0.00131529 0.49123362 -0.01215916
v 0.00198546 0.49558699 -0.01077481
v 0.00104274 0.48469368 -0.00920625
v 0.00408099 0.48312688 -0.00762499
v 0.00348657 0.4818911 -0.00803584
v -0.00948351 0.49513549 -0.00999603
v -0.01888222 0.48464441 -0.01205137
v -0.02305559 0.48679006 -0.00966927
v -0.02635672 0.487066 -0.00655643
v -0.0299532 0.48232371 -0.0044246
v -0.03008185 0.4811458 -0.00534029
v -0.03018978 0.48024264 -0.00605499
v -0.03054092 0.47915903 -0.00718855
v -0.03244254 0.4779774 -0.00538868
v -0.03001931 0.47790173 -0.00730033
v -0.03217115 0.47694331 -0.00559899
v -0.01740118 0.47543591 -0.02203301
v -0.01649447 0.47771251 -0.02289384
v -0.01544172 0.47733867 -0.0221476
v -0.01526224 0.47756743 -0.02022452
v -0.01420227 0.47961673 -0.02062593
v -0.01413001 0.47979468 -0.01920327
v -0.01517081 0.47781661 -0.01828182
v -0.01331246 0.48154852 -0.02087104
v -0.01298681 0.48146322 -0.0198871
v -0.01240898 0.4821257 -0.01848985
v -0.01190605 0.48198825 -0.02144698
v -0.01163981 0.48173508 -0.02051028
v -0.00961426 0.48190251 -0.02304936
v -0.00827625 0.48072565 -0.02486121
v -0.02349299 0.47959012 -0.00122226
v -0.02310422 0.48205918 0.00270497
v -0.02253546 0.47958723 0.00250732
v -0.02137817 0.48224106 0.00583295
v -0.02077056 0.47967866 0.00566293
v -0.02124016 0.47736192 0.00621324
v -0.01892553 0.48260966 0.00825867
v -0.02221841 0.48498768 0.0061108
v -0.01976427 0.48541036 0.00848405
v -0.01699291 0.48613966 0.00999705
v -0.01594815 0.48339984 0.00994471
v -0.01400572 0.48740003 0.01054118
v -0.01284232 0.48499516 0.01066929
v -0.01125764 0.48885772 0.00998193
v -0.01014017 0.48637146 0.0100636
v -0.00925145 0.48970515 0.00884522
v -0.00841966 0.48702356 0.00904526
v -0.0068435 0.48545769 0.00963067
v -0.00811101 0.48976347 0.00743448
v -0.00982402 0.49293944 0.0095323
v -0.00821427 0.4932411 0.0073759
v -0.00798227 0.48949227 0.0056649
v -0.01241894 0.491485 0.01065999
v -0.01507482 0.4893533 0.01126372
v -0.01780749 0.48779637 0.01067032
v -0.01842583 0.48858976 0.01150439
v -0.02081005 0.48767796 0.00952359
v -0.02138388 0.48761976 0.01040649
v -0.02028325 0.48688281 0.00891719
v -0.02174122 0.48680341 0.01126533
v -0.02191567 0.48496839 0.01213722
v -0.02183319 0.48196411 0.01319259
v -0.02147318 0.47905052 0.01427408
v -0.02075428 0.47723001 0.0143203
v -0.01916322 0.47745383 0.01818818
v -0.01997584 0.47631413 0.01410118
v -0.01851211 0.47623634 0.01844275
v -0.01623933 0.47962666 0.02258868
v -0.01721738 0.48079067 0.02207837
v -0.01346845 0.48394829 0.022299
v -0.01455894 0.48410916 0.02175486
v -0.01507842 0.47912067 0.0216847
v -0.02178274 0.47592485 0.0113489
v -0.01261515 0.49314645 -0.01892891
v -0.00914348 0.49292496 -0.02008676
v -0.01187792 0.49369428 -0.0180497
v -0.00882729 0.49369562 -0.01893583
v -0.00557194 0.49394152 -0.01897596
v -0.00565477 0.49313003 -0.02049358
v -0.0082918 0.49458024 -0.017507
v -0.00543534 0.49520883 -0.01660156
v -0.00822969 0.49576178 -0.01514123
v -0.00538079 0.49700832 -0.01378667
v -0.00242903 0.49792242 -0.01291911
v -0.00016459 0.49810392 -0.01217581
v -0.00301458 0.49925166 -0.01072718
v -0.00990418 0.49453104 -0.01720501
v -0.01150507 0.48910859 -0.01830196
v -0.00934652 0.48955572 -0.01797249
v -0.0093985 0.48932153 -0.0166606
v -0.01130732 0.48933417 -0.01657743
v -0.00701206 0.48911688 -0.01750715
v -0.00550845 0.48775098 -0.01780052
v -0.00488013 0.48572221 -0.01895001
v -0.00561536 0.4841716 -0.01990327
v -0.00590688 0.48359507 -0.01915024
v -0.00746988 0.48390651 -0.02021524
v -0.00756902 0.4834722 -0.01908208
v -0.00957278 0.49097595 0.01740826
v -0.00790699 0.49208897 0.01801934
v -0.00960679 0.48841029 0.01667855
v -0.00882477 0.4903748 0.01605932
v -0.00764631 0.49178311 0.015962
v -0.00845478 0.48925596 0.013946
v -0.00696571 0.49046069 0.01358109
v -0.00528562 0.49063799 0.01455564
v -0.00390241 0.48920858 0.01605101
v -0.00316425 0.48691499 0.01788821
v -0.00288767 0.48610476 0.01700207
v -0.00371498 0.48431167 0.01875324
v -0.00255431 0.4852089 0.01631638
v -0.00160459 0.48479158 0.01617623
v -0.00085757 0.48544574 0.01698058
v -0.00200299 0.48292345 0.01904043
v -0.00042907 0.48626587 0.01808694
v -0.00137891 0.48346496 0.02014297
v -0.00056185 0.48700285 0.01927421
v -0.00177517 0.48433077 0.02096098
v -0.00543796 0.48373061 0.01921621
v -0.0073326 0.48443288 0.01853211
v -0.00872147 0.48580909 0.01701184
v -0.00908595 0.48658213 0.01793656
v -0.00838658 0.48481002 0.01635373
v -0.00852085 0.48598281 0.0146979
v -0.0091563 0.48735785 0.01539484
v -0.00767514 0.48728374 0.0132351
v -0.00482796 0.49349892 0.02077015
v -0.00027686 0.49365669 0.01983538
v -0.00293091 0.48428029 -0.02129719
v -0.0045341 0.48250782 -0.02310515
v -0.0016394 0.48670971 -0.02029305
v -0.00116078 0.48605913 -0.01887435
v -0.0023959 0.48359269 -0.02029788
v -0.0039234 0.48155412 -0.02221643
v -0.00855674 0.50820851 -0.00370753
v -0.00757501 0.50536472 -0.00487138
v -0.0059666 0.50191677 -0.00504789
v -0.00568291 0.50571132 -0.00583596
v -0.00473823 0.5021652 -0.00553713
v -0.00347619 0.50563085 -0.00563841
v -0.00351478 0.50872362 -0.00512668
v -0.00640607 0.50868481 -0.00508616
v -0.00787001 0.51057971 -0.00181796
v -0.00883288 0.50860971 4.747E-05
v -0.00698821 0.5094403 0.00200261
v -0.00805558 0.5059092 0.00187728
v -0.0063609 0.50660241 0.00336811
v -0.0042869 0.50687116 0.0036039
v -0.00633703 0.50266439 0.00236528
v -0.00507623 0.50313991 0.00319974
v -0.00356942 0.50318176 0.0032148
v -0.00550135 0.49977291 0.00258696
v 0.0008941 0.50043112 -0.00499296
v 0.00239863 0.50453186 -0.00129654
v 0.00287917 0.50192618 -0.00179165
v -0.03726902 0.47044167 -0.00350761
v -0.03575178 0.47111198 -0.00339156
v -0.03652105 0.47145134 -0.00339293
v -0.01670825 0.48615465 -0.01945927
v -0.01996431 0.48493829 -0.01765705
v -0.02284221 0.4844791 -0.01440035
v -0.00494925 0.44836348 -0.01201821
v -0.0088647 0.45073417 -0.01255776
v -0.0084483 0.45002478 -0.01024081
v -0.00662719 0.4490886 -0.00995723
v -0.00762282 0.44700229 -0.0083677
v -0.00506571 0.44553712 -0.00874372
v -0.00659926 0.44367734 -0.00977614
v -0.00641048 0.4456712 -0.01169429
v -0.00754983 0.44509131 -0.01336319
v -0.00660088 0.44718331 -0.0146863
v -0.00633673 0.44083223 -0.00668074
v -0.00750978 0.43754217 -0.00546882
v -0.00972116 0.43780744 -0.00852648
v -0.00958564 0.44053423 -0.00959852
v -0.00573566 0.44352061 -0.00575
v -0.00886292 0.44230384 -0.01198594
v -0.01035284 0.44857806 -0.0088783
v -0.01002961 0.44232079 0.01263283
v -0.00736068 0.44288272 0.00947375
v -0.00667831 0.44567847 0.01083692
v -0.0075943 0.44664934 0.01318078
v -0.00859208 0.43692589 0.00948321
v -0.00893764 0.43948796 0.00922036
v -0.01069312 0.43903264 0.01122793
v -0.00958129 0.43563312 0.01102058
v -0.00783318 0.43554735 0.00723569
v -0.00759795 0.4386 0.00619279
v -0.00901325 0.43334076 0.00812014
v -0.00664159 0.44534355 0.00793513
v -0.00646993 0.44742307 0.00982674
v -0.00874398 0.43511495 -0.00855747
v -0.01085154 0.434221 -0.00773637
v -0.01325823 0.43637115 -0.00961801
v -0.00751878 0.43434009 -0.0054046
v -0.00926391 0.43253952 -0.00476196
v -0.01262765 0.44112661 -0.01150573
v -0.01053431 0.44180426 -0.0135508
v -0.00982565 0.4483481 0.0143471
v -0.00841759 0.45050192 0.01302461
v -0.01004352 0.45146471 0.01265275
v -0.01083091 0.44955367 0.01320231
v -0.0066848 0.45034665 0.0113802
v -0.00940292 0.45219886 0.01067085
v -0.01194976 0.43500283 -0.00591184
v -0.01131255 0.43435562 -0.00351982
v -0.01392841 0.4359746 -0.00311736
v -0.01405239 0.43591973 -0.0063239
v -0.01089124 0.44137511 0.01608624
v -0.01249474 0.44155425 0.01620928
v -0.01357866 0.44149515 0.01368904
v -0.0091374 0.44340971 0.01723232
v -0.0139724 0.43781394 0.01124726
v -0.01178704 0.43564951 0.01017922
v -0.01155114 0.43463016 0.00748453
v -0.01437705 0.43637991 0.00746968
v -0.00842995 0.44990343 0.01010832
v -0.00972242 0.4504914 0.01014469
v -0.00844225 0.44853407 0.0090812
v -0.01053796 0.44942546 0.00935343
v -0.01329199 0.44963714 -0.01094645
v -0.01164219 0.4512445 0.00992386
v -0.01244622 0.45129034 0.01191354
v -0.01883699 0.43904218 0.00991975
v -0.01719467 0.43736055 0.0072998
v -0.01259742 0.44880635 0.01280571
v -0.01225978 0.44561452 0.01357361
v -0.01540339 0.4392418 -0.01907738
v -0.01255382 0.4391917 -0.01749578
v -0.01280952 0.43988457 -0.01887292
v -0.01647868 0.4389762 -0.01890597
v -0.02015828 0.43812832 -0.01894251
v -0.01884279 0.43519881 -0.02054594
v -0.01428439 0.43669021 -0.01887445
v -0.01121637 0.43835184 -0.0169783
v -0.01247777 0.43880093 -0.02008027
v -0.01630343 0.43741137 -0.02057481
v -0.01663881 0.44338733 -0.01674834
v -0.01759543 0.44127941 -0.01634417
v -0.0166456 0.43989459 -0.02279582
v -0.01692319 0.43880796 -0.02546026
v -0.01828719 0.44271496 -0.02359802
v -0.0168477 0.44241706 -0.02133919
v -0.01688054 0.43949649 0.02029535
v -0.01307598 0.44147554 0.01941574
v -0.01350706 0.44040883 0.01856057
v -0.01674135 0.44012639 0.01999766
v -0.01622646 0.43784952 0.02133679
v -0.01178874 0.44098747 0.02062489
v -0.01819375 0.44211337 0.01883875
v -0.01675389 0.4434022 0.02010871
v -0.01443126 0.44947132 -0.00701005
v -0.01132948 0.44773734 -0.00601742
v -0.01376019 0.44596687 -0.01284593
v -0.01637949 0.44614074 -0.01441525
v -0.01631681 0.4472819 -0.011991
v -0.00992443 0.4459807 -0.01293663
v -0.01676107 0.44624165 -0.00868391
v -0.01260985 0.43851984 0.01833718
v -0.01732467 0.43506342 0.02048191
v -0.01736558 0.43910065 0.02372569
v -0.0174341 0.44118118 0.0229057
v -0.01924761 0.44111201 0.02395099
v -0.01774455 0.43839771 0.02612572
v -0.01523913 0.44954211 0.00967143
v -0.01324167 0.45011753 0.00783347
v -0.01921638 0.44541004 -0.02166118
v -0.01694343 0.44644403 -0.02133712
v -0.01402112 0.44970149 -0.02033723
v -0.01622872 0.44651932 -0.01948279
v -0.01694061 0.44831765 -0.01651858
v -0.01872212 0.44274187 0.01344768
v -0.02090197 0.44497323 0.01081327
v -0.01881336 0.44301119 0.00901083
v -0.01628849 0.44931555 -0.02333432
v -0.01275579 0.4530752 -0.02139864
v -0.0198138 0.44796357 -0.02272469
v -0.01926001 0.43797523 -0.02318677
v -0.01650433 0.43544763 -0.02155622
v -0.01716251 0.45016518 -0.0218783
v -0.01551281 0.45270544 -0.0209528
v -0.01945077 0.4497332 -0.02144978
v -0.01870027 0.45061377 -0.02011348
v -0.0177564 0.44846341 -0.01351721
v -0.01909346 0.44679409 -0.01142819
v -0.02036998 0.44281596 -0.01185265
v -0.01827171 0.44217053 -0.00829199
v -0.01698447 0.4449797 0.01929057
v -0.01842035 0.44332275 0.01689564
v -0.01636893 0.44784719 0.02119773
v -0.01756879 0.44346696 0.02164362
v -0.01742545 0.44780755 0.01676744
v -0.0194197 0.4374353 0.02406433
v -0.02010833 0.43951681 0.02216375
v -0.01549526 0.45212841 0.01799548
v -0.01545326 0.45162001 0.02181264
v -0.01756895 0.44891909 0.01328665
v -0.01751023 0.45196995 0.01411318
v -0.01726167 0.43953252 -0.01038693
v -0.01934884 0.43851304 -0.00873358
v -0.01959706 0.43935341 -0.00671273
v -0.02050493 0.44046843 -0.02185284
v -0.01930534 0.43705803 -0.00831124
v -0.01973424 0.43691683 -0.00631657
v -0.01702934 0.43684956 -0.00897999
v -0.01700112 0.43673289 -0.00630042
v -0.01950898 0.45249128 -0.01946444
v -0.01693721 0.45364863 -0.01839303
v -0.02247169 0.44969505 -0.02038049
v -0.01922178 0.44949886 0.02253251
v -0.01618176 0.4543153 0.02178124
v -0.02015334 0.45135134 0.02206732
v -0.02170851 0.4465014 0.02238151
v -0.02385963 0.44952208 0.02197128
v -0.01599644 0.45512941 0.01857881
v -0.01918979 0.45329142 0.01920733
v -0.02253884 0.44342259 -0.02071038
v -0.02315404 0.4469738 -0.02100959
v -0.02214646 0.44583422 0.01701989
v -0.02308166 0.44468188 0.01361097
v -0.02392012 0.445741 0.01102494
v -0.02121226 0.44287655 0.01980087
v -0.02100668 0.44325 0.02178233
v -0.01911486 0.45396888 -0.01651472
v -0.02326116 0.45141056 -0.01702434
v -0.02325617 0.45263612 -0.01536788
v -0.01956946 0.4539721 -0.01433366
v -0.01441213 0.45477292 -0.0171506
v -0.02063915 0.44272667 -0.01693421
v -0.02376211 0.44419721 -0.01178553
v -0.02566228 0.4418813 -0.01611997
v -0.0270344 0.44488561 0.02285547
v -0.02573854 0.44174823 0.02209374
v -0.02581799 0.44261989 0.01985968
v -0.0276172 0.44835687 0.02014684
v -0.02174711 0.4495604 -0.01091058
v -0.01799145 0.45144665 -0.01353522
v -0.02444703 0.45124123 -0.01129054
v -0.02041581 0.44942784 0.01108494
v -0.01814132 0.44716191 0.00957783
v -0.02362199 0.449195 0.00951248
v -0.02332644 0.45258412 0.00858289
v -0.02051957 0.45381337 0.01071795
v -0.02683226 0.44317538 -0.02117893
v -0.02639231 0.44699976 -0.02009968
v -0.02527538 0.45036575 -0.00698525
v -0.02617569 0.44645625 -0.00822069
v -0.02923748 0.44130206 -0.0092512
v -0.02775275 0.43954068 -0.01256589
v -0.02528629 0.44949019 -0.01875717
v -0.02800409 0.45032084 -0.01816
v -0.02621832 0.45237678 -0.01729413
v -0.02668827 0.4525407 -0.0158138
v -0.02710965 0.44974151 -0.01346129
v -0.02894977 0.44893515 -0.00757839
v -0.03056979 0.44392255 -0.01983531
v -0.02943614 0.44716078 -0.01916725
v -0.02895968 0.44071117 -0.01985554
v -0.03185155 0.44011718 -0.02061063
v -0.02904285 0.45055288 -0.01576849
v -0.02870818 0.44063219 -0.01629799
v -0.0323235 0.4383013 -0.01708725
v -0.02869704 0.44078764 0.01971155
v -0.03065825 0.43927571 0.02160097
v -0.03193764 0.4403109 0.0172839
v -0.02969754 0.44065222 0.01698776
v -0.02673674 0.44270316 0.0169218
v -0.03085065 0.438227 -0.01362076
v -0.03162071 0.44102937 -0.01212132
v -0.03233712 0.4423472 -0.01644122
v -0.0261133 0.44905916 0.01880664
v -0.02358712 0.44988009 0.01911403
v -0.02300014 0.45195261 0.01682676
v -0.02690983 0.44980833 0.01723096
v -0.02879858 0.4501906 0.01790187
v -0.02807041 0.4482578 0.01257125
v -0.02484635 0.45189577 0.01461058
v -0.02250838 0.45322067 0.01279405
v -0.02489374 0.45239967 0.01029397
v -0.02708607 0.45161903 0.00765403
v -0.02952319 0.44755411 0.00896954
v -0.02979138 0.44854739 0.0161884
v -0.02774337 0.45000991 0.01577855
v -0.03028581 0.44769123 0.01890472
v -0.03050784 0.44409513 0.02050508
v -0.02877536 0.44295356 0.00899894
v -0.02746575 0.44178769 0.01321901
v -0.03015786 0.43978298 0.01326126
v -0.03104175 0.44014835 0.00923839
v -0.03319136 0.44141766 0.00560155
v -0.03186789 0.44463226 0.00424808
v -0.03130965 0.44397622 0.01687552
v -0.03065659 0.44394693 0.0131784
v -0.03154697 0.44333255 -0.00513845
v -0.0298836 0.44674787 -0.00422304
v -0.03131412 0.44783673 -0.00014958
v -0.0325987 0.44575781 -0.00015939
v -0.03438443 0.44242138 -0.00357998
v -0.0343802 0.44133216 -0.00670649
v -0.03193495 0.44201687 -0.00876567
v -0.03467054 0.44405574 -0.00013623
v -0.0325469 0.44918787 0.00281677
v -0.03070473 0.45000675 0.00508998
v -0.02794209 0.45131034 0.00356893
v -0.03165711 0.44995427 -0.00020665
v -0.03546842 0.44760224 0.00323747
v -0.03209121 0.44749022 0.0062778
v -0.03660755 0.44866151 -0.00071236
v -0.03440119 0.44362652 0.00254479
v -0.03623287 0.44142467 0.00278529
v -0.03700681 0.44268817 -0.00023147
v -0.03403151 0.4484207 -0.00307411
v -0.03194566 0.44837296 -0.00487883
v -0.03484161 0.44491756 -0.00513754
v -0.03803835 0.44548473 -0.00345087
v -0.02803668 0.45086831 -0.00376347
v -0.03664412 0.44176629 -0.00260884
v -0.03940057 0.44091174 -0.00190218
v -0.03716411 0.44096845 -0.00482942
v -0.03998568 0.4406442 0.0017093
v -0.04322266 0.44103554 0.00129254
v -0.04273255 0.440952 -0.00133713
v -0.04896231 0.44059741 -0.00095224
v -0.04576664 0.44138145 -0.00103413
v -0.04635046 0.44133902 0.00106941
v -0.04964593 0.44083783 0.00100825
v -0.04861064 0.44110617 -0.00289227
v -0.04521609 0.44318101 -0.00275819
v -0.05164884 0.43981451 -0.00088767
v -0.05217474 0.4389174 -0.00263368
v -0.05296307 0.44057608 0.00068125
v -0.05476218 0.43938607 -0.00070278
v -0.05749547 0.44036177 0.00134015
v -0.05656543 0.43828702 0.00118657
v -0.05383501 0.43916017 0.00271231
v -0.05485799 0.44173375 0.00193613
v -0.0555267 0.44216421 -0.00047383
v -0.05798044 0.44036826 -0.00031104
v -0.05822893 0.43828478 -0.00090903
v -0.0557337 0.44006172 -0.00214198
v -0.05206369 0.44388664 -1.617E-05
v -0.05230383 0.44206238 -0.00221496
v -0.04851431 0.44540307 0.00058447
v -0.04871755 0.44401708 -0.00188193
v -0.04475658 0.44725975 0.00127456
v -0.04500866 0.44640443 -0.00171753
v -0.04027664 0.44767764 0.00193066
v -0.04083598 0.44803235 -0.00135418
v -0.04171292 0.44437441 -0.00226913
v -0.04026356 0.44444236 0.00334197
v -0.03676624 0.4442746 0.00499423
v -0.04398352 0.44474843 0.0029495
v -0.04374272 0.4417935 0.00306979
v -0.04063316 0.44116077 0.0039344
v -0.04777376 0.44427678 0.0030449
v -0.04696288 0.44191095 0.0026713
v -0.05133875 0.44298956 0.00256098
v -0.05028468 0.44066608 0.0030585
v -0.03738917 0.44121441 0.00523025
v -0.03431911 0.44165409 0.00718316
v -0.03334387 0.44425443 0.00704858
v -0.03200446 0.44120872 0.00987577
v -0.03095841 0.44394907 0.00971711
v -0.03185414 0.44074625 0.0133664
v -0.03174645 0.44509828 -0.00735013
v -0.02942164 0.44534966 -0.01013297
v -0.02967951 0.44564942 -0.01299697
v -0.03066956 0.44647661 -0.01607304
v -0.02981574 0.4476468 0.00375543
v -0.02586419 0.45154721 0.00642058
v -0.0262462 0.44844913 0.00704896
v -0.02012092 0.45372033 0.01569582
v -0.01747527 0.45547146 0.01405049
v -0.01502952 0.4513438 -0.01677677
v -0.01703699 0.43688911 -0.00309075
v -0.01994676 0.43689543 -0.00312079
v -0.01714929 0.43713361 0.00046431
v -0.02021435 0.43709683 0.00058452
v -0.01933008 0.4399749 0.00063785
v -0.01932784 0.43968067 -0.00323024
v -0.01743647 0.44326481 0.00062444
v -0.01763957 0.44276246 -0.00359194
v -0.01598407 0.4467108 0.00054236
v -0.01633674 0.44624427 -0.00365707
v -0.01397778 0.44866744 0.00054041
v -0.01426277 0.44871202 -0.00308077
v -0.0110989 0.44743755 0.00076385
v -0.01120767 0.44736239 -0.00262145
v -0.00784848 0.44576022 0.00110765
v -0.00787605 0.4455376 -0.00225765
v -0.008192 0.44556686 -0.00556511
v -0.00513736 0.44339213 -0.00208532
v -0.00505198 0.44361001 0.00164627
v -0.00466654 0.44052342 0.00221129
v -0.00459893 0.44018251 -0.00192229
v -0.00615421 0.43729883 0.0027711
v -0.00613335 0.43694717 -0.00134105
v -0.00699751 0.43409693 0.00354073
v -0.00684154 0.43372855 -0.00094257
v -0.00852393 0.43181327 0.00407487
v -0.00856259 0.43185061 -0.00052335
v -0.01091164 0.43398982 0.00378869
v -0.01080235 0.4339757 -1.153E-05
v -0.01402551 0.43590975 0.00382831
v -0.01389741 0.43580931 0.00030927
v -0.01732921 0.43717018 0.00416384
v -0.00567752 0.44148827 0.00587884
v -0.00584789 0.44423619 0.00501781
v -0.00842286 0.44597366 0.00431563
v -0.00864642 0.44697645 0.00709631
v -0.011255 0.44770455 0.00410565
v -0.01106399 0.44859248 0.0071045
v -0.01376284 0.44926023 0.00418338
v -0.01595693 0.44803467 0.00467708
v -0.01753207 0.44454044 0.00491289
v -0.01931714 0.44089592 0.00485708
v -0.0204495 0.4375197 0.00492152
v -0.01604027 0.4371672 0.02164187
v -0.01069766 0.43934011 0.02038699
v -0.00974656 0.44511804 0.01831588
v -0.01152444 0.44372541 0.01698104
v -0.01569781 0.4460229 0.01393192
v -0.01546332 0.44832438 0.01218468
v -0.01302743 0.43504936 -0.01951871
v -0.00963393 0.44141442 -0.01938949
v -0.00953357 0.43949988 -0.01852144
v -0.00735186 0.44512662 -0.01810203
v -0.00824573 0.44284183 -0.01618298
v -0.00973269 0.44094273 -0.01510492
v -0.01100923 0.44076884 -0.01560266
v -0.0107315 0.44176802 -0.01751737
v -0.00931494 0.44394115 -0.01550968
v -0.01532291 0.44271436 -0.01320686
v -0.01764698 0.44051072 -0.01323528
v -0.00455164 0.44865388 0.00518581
v -0.00653288 0.45004234 0.00612835
v -0.00703324 0.4496972 0.00278823
v -0.00437763 0.44818646 0.00244334
v -0.00240333 0.44956177 0.0061373
v -0.00459132 0.45162645 0.00835644
v -0.00185185 0.44893748 0.00235535
v -0.00348228 0.45390275 0.0073257
v -0.00187138 0.4530496 0.00528105
v -0.00153211 0.45640096 0.00492836
v -0.00392015 0.45693228 0.0080475
v -0.00741877 0.45485401 0.01020244
v -0.00456004 0.45902732 0.01007116
v -0.00589592 0.45806146 0.01229807
v -0.00346565 0.46202117 0.01024421
v -0.0049972 0.46079236 0.01274266
v -0.00222148 0.46022469 0.00790572
v -0.00411254 0.45424747 -0.008104
v -0.00197747 0.45332932 -0.00580932
v -0.0025077 0.44986546 -0.00627519
v -0.00531414 0.4518398 -0.00904441
v -0.00456429 0.45705706 -0.00890101
v -0.0016496 0.45666149 -0.00577002
v -0.00843003 0.45403627 -0.01084632
v -0.00675742 0.44974074 -0.00327862
v -0.00517261 0.44927141 -0.00465996
v -0.00425747 0.4483639 -0.00121517
v -0.00692452 0.44935483 -0.00067478
v -0.00983375 0.45048764 -0.00071681
v -0.00898185 0.45025122 -0.00417624
v -0.00755772 0.45042142 -0.00702137
v -0.00257866 0.46050438 -0.00901498
v -0.00092506 0.45956683 -0.0059628
v -0.0038278 0.4642539 -0.0091356
v -0.0032026 0.46320501 -0.01103712
v -0.00588578 0.46489131 -0.01159243
v -0.00600998 0.46556264 -0.00922914
v -0.00397657 0.46227574 -0.00782774
v -0.00671466 0.4634532 -0.00767356
v -0.00350212 0.46403888 0.00814089
v -0.00379063 0.46205392 0.00670464
v -0.0066412 0.46320295 0.00624576
v -0.00592752 0.46533796 0.00836506
v -0.00577257 0.4649336 0.01150751
v -0.00565593 0.45963168 -0.01324301
v -0.00696922 0.46067694 -0.01421879
v -0.00655063 0.46238422 -0.01267211
v -0.00477591 0.46108148 -0.0119886
v -0.00759908 0.45840138 0.01348764
v -0.00943094 0.45817912 0.01257479
v -0.00590372 0.45891917 -0.01716445
v -0.00679682 0.45932284 -0.01717551
v -0.00734018 0.45776829 -0.01652442
v -0.0074509 0.45816493 -0.01422624
v -0.0098412 0.46751672 0.01018361
v -0.01177494 0.46473923 0.01100892
v -0.00927278 0.46211508 0.01255408
v -0.00701604 0.46081617 0.01357784
v -0.0054091 0.46254012 0.01372161
v -0.00652442 0.46028543 0.0159025
v -0.00509875 0.46188989 0.01670715
v -0.00881007 0.4562794 -0.01850347
v -0.0082364 0.45744002 -0.01935967
v -0.01095058 0.45755816 -0.0205646
v -0.01055895 0.45770469 -0.01877183
v -0.01150392 0.45569777 -0.01862301
v -0.01040768 0.45318541 -0.01978007
v -0.00971731 0.45393693 0.01997885
v -0.01067254 0.45667613 0.01879948
v -0.00772471 0.45762336 0.01768041
v -0.00707927 0.4557924 0.01720045
v -0.01133912 0.45444602 0.02268135
v -0.01230158 0.456837 0.02132514
v -0.01330405 0.45523816 -0.02081304
v -0.01211551 0.45293453 -0.02250394
v -0.00815583 0.45292756 -0.0218629
v -0.00718957 0.45529553 -0.01891129
v -0.00981136 0.45880395 0.01990293
v -0.00783927 0.45930707 0.01822315
v -0.0099031 0.45686808 0.02236016
v -0.010967 0.45910096 0.02223491
v -0.01236006 0.45805585 0.02333568
v -0.00982757 0.45585522 0.02414387
v -0.00843557 0.45697021 0.02093353
v -0.01213968 0.4621124 0.01477719
v -0.0131608 0.45717105 0.01401426
v -0.01085109 0.4555763 -0.0238141
v -0.01221996 0.45811954 -0.02324545
v -0.00946212 0.45529276 -0.02144103
v -0.01247075 0.45157081 -0.02470667
v -0.01345866 0.45608586 -0.02323975
v -0.01190207 0.45452029 0.0104059
v -0.01427394 0.45536602 0.00877972
v -0.01547028 0.45276347 0.00720076
v -0.01311736 0.4512673 0.00769355
v -0.0094605 0.45112824 0.00721759
v -0.01517483 0.4572944 0.01103608
v -0.00660867 0.45689675 -0.02027326
v -0.01541615 0.46088594 -0.0221991
v -0.0132888 0.4607527 -0.02043539
v -0.01235951 0.46004075 -0.01841512
v -0.0103031 0.46144843 -0.01326229
v -0.01051413 0.45620215 -0.01252377
v -0.01268816 0.45658594 -0.01429805
v -0.01173018 0.46032578 -0.01497076
v -0.01388098 0.46198583 -0.01197846
v -0.01290931 0.46356237 -0.01053576
v -0.01176155 0.46053013 0.01924895
v -0.01283348 0.46095809 0.02139785
v -0.01242468 0.45276085 -0.01073773
v -0.01434596 0.4511801 -0.00858601
v -0.0152588 0.45309705 -0.00834204
v -0.01389058 0.45443517 -0.01067233
v -0.01085761 0.45083112 -0.00818181
v -0.00843157 0.46673346 0.00825466
v -0.00937682 0.464688 0.0061573
v -0.01195431 0.46557233 0.00645463
v -0.00850494 0.46674898 -0.00933594
v -0.00955894 0.46491954 -0.00788251
v -0.00921563 0.4655278 -0.01169489
v -0.01204493 0.46626925 -0.0088138
v -0.01539785 0.45309097 0.00360138
v -0.01356735 0.4510535 0.00345081
v -0.01015198 0.45080408 0.00323504
v -0.01217992 0.4579868 -0.01720902
v -0.01326854 0.46423721 -0.02074824
v -0.01382964 0.46342051 -0.0170091
v -0.01424043 0.45625168 -0.01729241
v -0.01494646 0.45605427 -0.01264961
v -0.01804252 0.45690602 -0.01465681
v -0.01388929 0.46322364 0.01171786
v -0.01679103 0.46397728 0.01204662
v -0.0141667 0.46523458 0.01542784
v -0.01310684 0.46398109 0.01774957
v -0.01206531 0.4611541 0.01715486
v -0.01357825 0.45767164 -0.00414884
v -0.01389533 0.45867354 -0.00618649
v -0.01464196 0.45626765 -0.00830478
v -0.01488815 0.454656 -0.00551878
v -0.01312275 0.4599914 -0.00091512
v -0.01336552 0.46126133 -0.00422165
v -0.01411612 0.45615327 -0.0007401
v -0.01231941 0.46608555 0.01830019
v -0.0128977 0.46783805 0.01732067
v -0.01239503 0.46917582 0.01996119
v -0.01208451 0.46625775 0.02011765
v -0.01296568 0.46360114 0.01959825
v -0.01388246 0.45729718 0.00474122
v -0.01311323 0.46118346 0.00348272
v -0.01457009 0.46029726 0.00928199
v -0.01340878 0.46329993 0.00738257
v -0.01520517 0.45268208 -0.00083886
v -0.0148804 0.4572829 0.02050527
v -0.01554554 0.45922193 0.02227887
v -0.01970502 0.45373729 0.02377601
v -0.01905311 0.45562792 0.02084512
v -0.0121494 0.45748097 0.01830503
v -0.01527321 0.45565861 -0.02148501
v -0.01691562 0.45629078 -0.02185664
v -0.01693888 0.4548862 -0.02074845
v -0.01843077 0.45439854 -0.02311681
v -0.01537876 0.45141891 -0.00487154
v -0.01759592 0.45761949 0.01188506
v -0.01734265 0.46038893 0.01103581
v -0.01451181 0.4599154 -0.00965258
v -0.01756613 0.45958889 -0.01150498
v -0.01818973 0.45744234 -0.01194014
v -0.01543444 0.45744693 -0.01076017
v -0.0137609 0.46337825 0.02129759
v -0.01527008 0.46292537 0.0225267
v -0.01822755 0.46210963 0.02320553
v -0.01974035 0.45889243 0.02227987
v -0.01426149 0.46492532 0.02342243
v -0.01286409 0.46580952 0.02233725
v -0.01310177 0.46864381 0.02318156
v -0.01627069 0.46479583 0.02430329
v -0.02115237 0.45607191 0.02309395
v -0.01471865 0.46393773 -0.02300579
v -0.01641816 0.46457639 -0.02360531
v -0.01343918 0.46766147 -0.02097107
v -0.01848369 0.46144179 -0.02318653
v -0.01651992 0.46668479 0.02304649
v -0.01550151 0.46778595 0.02160644
v -0.01986973 0.46372336 0.0221833
v -0.01771152 0.46637377 0.02022886
v -0.02176149 0.45633081 -0.0111021
v -0.02341807 0.45551312 -0.01325297
v -0.02463874 0.45351574 -0.01606941
v -0.02001318 0.4552429 -0.01780812
v -0.01475462 0.46839017 0.01986119
v -0.01580695 0.46752685 0.01824419
v -0.01686221 0.46596134 -0.02248775
v -0.01625434 0.46646875 -0.02033473
v -0.01980125 0.46313021 -0.02200083
v -0.01814355 0.46518907 -0.02053942
v -0.02211837 0.45082816 -0.02216882
v -0.02018568 0.45202103 -0.021517
v -0.02250347 0.45247832 -0.01953928
v -0.02332602 0.45110679 -0.02104897
v -0.02380192 0.45238468 -0.02298648
v -0.02063898 0.45297143 -0.02364937
v -0.01944566 0.46434993 -0.01911802
v -0.0167005 0.465718 -0.01754879
v -0.02217348 0.46129903 -0.02117684
v -0.0225631 0.46003318 0.02087975
v -0.02399828 0.45534092 0.02253072
v -0.0230493 0.45221865 0.02284558
v -0.02209635 0.45506248 -0.02248738
v -0.02093535 0.45642433 -0.02207664
v -0.02505878 0.45581311 -0.02013429
v -0.02356016 0.45867887 -0.01938032
v -0.02594467 0.45467401 0.0195962
v -0.02367635 0.45292366 0.0198475
v -0.02538794 0.45507541 -0.00899781
v -0.02813842 0.4525167 -0.01020169
v -0.02556649 0.45231974 -0.01889891
v -0.02571842 0.45045415 -0.02159354
v -0.02381975 0.45454553 0.01202696
v -0.02036763 0.45600006 0.01390061
v -0.01997611 0.45590958 0.01735607
v -0.0234468 0.45436862 0.01660427
v -0.02282102 0.45596531 0.00922157
v -0.0202039 0.45693463 0.01117
v -0.02683892 0.45456082 0.01577739
v -0.02576761 0.45586786 0.01189077
v -0.01987089 0.46477073 0.0184105
v -0.02149254 0.46324691 0.01608139
v -0.02472462 0.45864964 0.01803742
v -0.02544108 0.45833138 -0.01551278
v -0.02326659 0.46149582 -0.01464887
v -0.02128913 0.46287015 -0.01718719
v -0.02608945 0.45625165 -0.01603657
v -0.03485186 0.4513948 0.00235877
v -0.03322359 0.45417449 0.00170149
v -0.03036626 0.45440429 0.00419495
v -0.03103456 0.45171818 0.00516561
v -0.03555796 0.45271951 0.00457288
v -0.03938729 0.4518936 0.00326128
v -0.03917409 0.45052814 0.00158976
v -0.03923643 0.45134929 -0.00090556
v -0.03596951 0.45168617 -0.00075663
v -0.03447074 0.45401725 -0.00093324
v -0.03470097 0.46020994 0.00194592
v -0.03188987 0.46306491 0.0011734
v -0.03232815 0.46320513 -0.0017492
v -0.0352624 0.46099803 -0.00266564
v -0.03095382 0.46021163 0.00457237
v -0.02967054 0.46234405 0.00351276
v -0.03527403 0.45616579 0.00380054
v -0.03170403 0.45693526 0.00561297
v -0.03596238 0.45143801 -0.0024499
v -0.0388426 0.45058897 -0.0034343
v -0.03325869 0.45310894 -0.00348905
v -0.03482648 0.45144391 -0.00522139
v -0.03210285 0.46164247 -0.00583008
v -0.03278945 0.45894137 -0.00729304
v -0.03615512 0.45811763 -0.00518696
v -0.03960767 0.45695725 -0.00325957
v -0.03936819 0.45903328 -0.00135495
v -0.03066739 0.46304867 -0.0041347
v -0.0459221 0.456337 0.00138139
v -0.04308411 0.45709705 0.00141592
v -0.04332561 0.45826298 -0.00053492
v -0.04706739 0.45777586 0.00023967
v -0.04660057 0.45412296 0.0019511
v -0.04317995 0.45427111 0.00237633
v -0.04902706 0.45533377 0.00133205
v -0.04688752 0.45663822 -0.00157218
v -0.04354532 0.45649445 -0.00217926
v -0.04399569 0.45470953 -0.00281645
v -0.04857948 0.4545579 -0.00176224
v -0.04400935 0.45288336 -0.00293203
v -0.04358794 0.45053402 -0.00305864
v -0.04729186 0.45080578 -0.0026989
v -0.04782581 0.45251149 -0.00251869
v -0.04978309 0.45059842 -0.00231382
v -0.0468567 0.45078707 -0.00073229
v -0.04914676 0.4501408 -0.00058386
v -0.05156954 0.45017362 -0.00090977
v -0.05013888 0.44941163 0.00135282
v -0.05035992 0.45223179 0.00232697
v -0.05116294 0.45240456 -0.00109563
v -0.04681747 0.4498519 0.00139946
v -0.04691584 0.45158273 0.00230237
v -0.04307459 0.45005822 0.00125949
v -0.04324951 0.4514887 0.0026267
v -0.03922907 0.45502961 0.00286636
v -0.03915944 0.45820332 0.00141996
v -0.0431677 0.45129663 -0.00089148
v -0.03966765 0.45310491 -0.0041792
v -0.03979154 0.45516089 -0.00404851
v -0.03607044 0.45592135 -0.00573453
v -0.03577916 0.45375952 -0.00580301
v -0.03278509 0.45669994 -0.00782779
v -0.03243626 0.45456663 -0.00793231
v -0.03140981 0.452169 -0.00752074
v -0.02929105 0.45543826 -0.01013245
v -0.02990332 0.45347154 -0.00628938
v -0.02465711 0.45807406 -0.0082803
v -0.02912023 0.45686063 -0.0060294
v -0.03213929 0.45702538 -0.0037499
v -0.03388266 0.45738447 -0.00119618
v -0.0273618 0.46120563 -0.00626728
v -0.03110181 0.46035674 -0.00384539
v -0.03291363 0.46059117 -0.00142578
v -0.03209748 0.46057573 0.00116117
v -0.03262613 0.45743474 0.00132775
v -0.02977914 0.45751324 0.00346113
v -0.02821087 0.4615218 0.00310803
v -0.02538606 0.46181691 0.0054948
v -0.0256326 0.45878729 0.00587404
v -0.02597134 0.4635517 0.00602221
v -0.02350646 0.46404055 0.00871176
v -0.02261407 0.46235499 0.00782373
v -0.02691107 0.46147308 0.00716394
v -0.02457441 0.46180898 0.01009842
v -0.02293543 0.46231139 0.01327933
v -0.02132615 0.46433392 0.01135721
v -0.02757027 0.45851067 0.00809097
v -0.0253327 0.45881224 0.01112762
v -0.02456476 0.45931742 0.01490126
v -0.02760497 0.45549354 0.00848856
v -0.03181167 0.45373264 0.00607592
v -0.02671705 0.45316941 0.00794054
v -0.0259189 0.4556756 0.00666848
v -0.02281785 0.45925203 0.00821684
v -0.02025869 0.45992368 0.0103081
v -0.02004416 0.46295249 0.01004572
v -0.01927794 0.46515092 0.01383187
v -0.01719545 0.46628079 0.01615678
v -0.02686854 0.46395025 -0.0064448
v -0.02428693 0.46126556 -0.008546
v -0.02389651 0.46388906 -0.00879751
v -0.02486914 0.46313962 -0.01051762
v -0.02905481 0.46166965 -0.00799105
v -0.02578235 0.4609803 -0.01188933
v -0.02959598 0.45927876 -0.00922193
v -0.02738377 0.45775369 -0.01236811
v -0.02961896 0.45736822 -0.00978103
v -0.02740093 0.45576903 -0.01295294
v -0.02185636 0.46331808 -0.01288249
v -0.02081351 0.46386361 -0.01112172
v -0.01725858 0.46537808 -0.0131498
v -0.01894487 0.46433008 -0.01502031
v -0.0140087 0.46724445 -0.01661244
v -0.01627673 0.46277457 -0.01242954
v -0.02071053 0.46170199 -0.01062312
v -0.02126324 0.45885137 -0.01051782
v -0.01718703 0.45709714 0.01448296
v -0.01643673 0.45737866 0.01747018
v -0.01979939 0.4587006 -0.02212995
v -0.01366891 0.46255964 -0.00731684
v -0.01211925 0.46337804 -0.00320961
v -0.01256976 0.46459448 -0.0059697
v -0.00952432 0.46328652 -0.00288685
v -0.01001168 0.46342897 -0.00572442
v -0.0062488 0.46161628 -0.00252239
v -0.00682559 0.46175587 -0.0054194
v -0.0024141 0.46075574 -0.00239668
v -0.00343222 0.46078402 -0.00540945
v 0.00063491 0.45950136 -0.00252198
v -0.00219497 0.46090102 0.00088128
v 0.00068869 0.45947596 0.00137135
v -0.00033199 0.45603582 0.001534
v -7.444E-05 0.456072 -0.00218696
v -0.00118724 0.45232573 0.0018905
v -0.00097131 0.45237499 -0.00194916
v -0.0017488 0.4490892 -0.00182152
v -0.00057369 0.45954534 0.0049498
v -0.00290275 0.46114033 0.00404349
v -0.00589508 0.46195728 0.00046679
v -0.00639461 0.46196654 0.00348591
v -0.00920667 0.46336964 0.00011966
v -0.00956122 0.46346629 0.00319051
v -0.01176524 0.46291587 -0.00021985
v -0.01207805 0.46375102 0.0029296
v -0.01227172 0.45061979 -0.00470224
v -0.01304135 0.45099881 -0.00083447
v -0.0132164 0.45799401 0.01688816
v -0.00678534 0.45745182 -0.01648814
v -0.00644239 0.45745915 -0.01391995
v -0.00618575 0.45934427 0.0195442
v -0.00738058 0.45471987 0.02154275
v -0.00564441 0.45709264 0.01857182
v -0.00543249 0.45958224 0.01567079
v -0.00600061 0.45763791 0.0150602
v -0.00679757 0.45851141 0.0154117
v -0.00843207 0.45748135 -0.01306582
v -0.00711386 0.4567672 -0.01182896
v -0.00842674 0.46071804 -0.0129401
v -0.00808319 0.46279877 -0.01270903
v -0.00429012 0.45992079 -0.01057554
v -0.00544325 0.45844972 -0.01070165
v -0.04984445 0.45198274 -0.00238456
v -0.02270154 0.40846467 0.01217587
v -0.02234944 0.40661994 0.00919656
v -0.02162918 0.40979993 0.00808551
v -0.02376886 0.41205183 0.01180806
v -0.0250024 0.40746075 0.01323833
v -0.02454782 0.40481412 0.00978955
v -0.02341319 0.4109441 -0.0095342
v -0.02123851 0.41395983 -0.0085378
v -0.01908194 0.41197571 -0.0049331
v -0.02101549 0.40903521 -0.00481599
v -0.022137 0.40547892 -0.00483823
v -0.02338664 0.40589741 -0.00946255
v -0.02766084 0.40705082 -0.01070404
v -0.0273346 0.41072762 -0.01096587
v -0.02611952 0.41489631 -0.01211218
v -0.02387522 0.41686583 -0.01059054
v -0.02809522 0.41368675 -0.01247607
v -0.02536199 0.40503612 -0.00732519
v -0.02433777 0.4042356 -0.00420956
v -0.02682199 0.40600258 -0.00353795
v -0.02746499 0.40658453 -0.00725547
v -0.02376014 0.42111564 0.01369862
v -0.02385677 0.42268389 0.0134317
v -0.02602421 0.42295831 0.01280855
v -0.02592642 0.42037541 0.01452554
v -0.02136228 0.42088225 0.01275498
v -0.02202332 0.42410451 0.01257285
v -0.02343784 0.41777042 0.01338348
v -0.02314052 0.42297855 0.0117597
v -0.0230142 0.42088687 0.01109349
v -0.0249101 0.42175758 0.01020898
v -0.02420902 0.42338738 0.01124035
v -0.02431914 0.42531142 0.01133334
v -0.0239309 0.42228267 -0.00993698
v -0.02415197 0.42184728 -0.01127198
v -0.02760618 0.42267382 -0.00994864
v -0.02554864 0.42292729 -0.00873806
v -0.02314722 0.42025894 -0.00905754
v -0.02160438 0.41967696 -0.01082741
v -0.02456657 0.4210788 -0.00804757
v -0.02647826 0.41562754 0.01796242
v -0.02565736 0.41418192 0.01561876
v -0.02480947 0.41550955 0.01432185
v -0.02644152 0.41759968 0.0161326
v -0.02697457 0.41744351 -0.01352852
v -0.02594797 0.41947001 -0.01211958
v -0.02829218 0.4151409 -0.01497377
v -0.0271747 0.41486418 -0.01556079
v -0.02753046 0.416006 -0.01568937
v -0.02689826 0.42348483 0.00966497
v -0.02472794 0.42014265 -0.00635452
v -0.02225386 0.41818669 -0.0070389
v -0.02675478 0.42254192 -0.0065346
v -0.02807578 0.41440886 0.01639991
v -0.02942932 0.41744852 0.01546043
v -0.02948317 0.41749549 -0.01304394
v -0.03113758 0.41504392 -0.01152474
v -0.0293919 0.42041963 -0.01148574
v -0.03170551 0.41902223 -0.01406867
v -0.03150891 0.4211024 -0.01274523
v -0.0343745 0.41738686 -0.01376534
v -0.03003773 0.42051342 0.01351541
v -0.02878662 0.42139897 0.01135119
v -0.03224783 0.42430663 0.01504384
v -0.03145524 0.42153606 0.01807462
v -0.0322223 0.41781512 0.0173275
v -0.03075292 0.41412869 0.0138543
v -0.02801551 0.4119246 0.013841
v -0.0290509 0.42196187 0.02802365
v -0.03043829 0.42272192 0.03078133
v -0.03070281 0.41797087 0.02942708
v -0.02976488 0.41937602 0.02677376
v -0.02911503 0.42384449 0.025929
v -0.03085009 0.42675555 0.02715101
v -0.03008892 0.42086875 0.02425607
v -0.03005512 0.42138341 0.00882292
v -0.02998703 0.42119205 0.00703944
v -0.03161235 0.41824698 0.00739684
v -0.03190096 0.41951805 0.01011447
v -0.02695075 0.42263582 0.00731444
v -0.02981805 0.41716444 0.02496924
v -0.03041475 0.41588014 0.0264023
v -0.030683 0.41765863 0.02265436
v -0.03308575 0.41509828 0.01246448
v -0.03425844 0.41222778 0.00987139
v -0.03142895 0.41015011 0.01207424
v -0.02834134 0.40839055 0.0128855
v -0.03188297 0.42085785 -0.01013836
v -0.03051051 0.4215517 -0.0076431
v -0.03359006 0.42229706 -0.01108749
v -0.03062905 0.41185629 -0.00935885
v -0.03409659 0.41320181 -0.00661409
v -0.03347853 0.41574448 -0.00931427
v -0.03497113 0.41735905 -0.01087441
v -0.02971846 0.42348278 -0.02497596
v -0.03000791 0.42520827 -0.02287501
v -0.03065971 0.42253336 -0.02123985
v -0.03014011 0.42078227 -0.02416225
v -0.03104148 0.42411545 -0.02732512
v -0.03199323 0.42638898 -0.02405559
v -0.03063172 0.41946259 -0.02757126
v -0.03365773 0.41905612 -0.0098336
v -0.03231651 0.41811311 -0.00788734
v -0.03173905 0.41699842 -0.0048409
v -0.03000311 0.4206543 -0.00392125
v -0.03200335 0.41708842 0.02551454
v -0.03080533 0.41628164 0.0237985
v -0.02962282 0.41445646 0.0248503
v -0.02945161 0.42795402 -0.02030679
v -0.03112082 0.4299812 -0.0189164
v -0.03140418 0.42935532 -0.01583203
v -0.02955082 0.42730698 -0.01593614
v -0.03071621 0.42495799 -0.0164751
v -0.03065506 0.42409062 -0.01866039
v -0.03270543 0.42945984 -0.02257431
v -0.03343657 0.42958224 -0.02024416
v -0.03089453 0.41798997 -0.02210164
v -0.03164482 0.41986981 -0.01962324
v -0.03281088 0.41762185 -0.02081558
v -0.03103274 0.41559929 -0.02134792
v -0.0296772 0.41598332 -0.02108834
v -0.03460788 0.41935772 -0.01904693
v -0.03287157 0.40986061 0.00841809
v -0.03062616 0.40876037 0.00902218
v -0.0326756 0.40947127 0.00501111
v -0.02961733 0.40777707 0.0047297
v -0.03470039 0.41153875 0.00507713
v -0.03229412 0.40983552 -0.00572788
v -0.02995 0.40874717 -0.00653945
v -0.02950242 0.40778583 -0.00304888
v -0.03227545 0.40949735 -0.00287107
v -0.03439804 0.41083574 -0.00260265
v -0.03395614 0.41042328 -0.00641929
v -0.03108498 0.40920198 -0.00896558
v -0.03005152 0.42823642 0.02297676
v -0.02787737 0.4291327 0.02427042
v -0.02815267 0.42936298 0.01974222
v -0.0305283 0.42868567 0.02020517
v -0.0314495 0.42734867 0.02381351
v -0.03362478 0.4270879 0.02126002
v -0.03006422 0.42654073 0.01638639
v -0.02988571 0.4300088 0.01576346
v -0.02917822 0.42586753 0.01930144
v -0.03290042 0.42839843 0.01420949
v -0.03231794 0.42529991 -0.01348017
v -0.03196813 0.4231056 -0.01475545
v -0.03225698 0.42088121 -0.01674685
v -0.03259162 0.41733247 -0.02423034
v -0.03056631 0.41628003 -0.02513094
v -0.02891973 0.41399285 -0.02283167
v -0.03321078 0.42025217 -0.02265769
v -0.03082091 0.42191732 0.021598
v -0.03210535 0.4190397 0.02059764
v -0.02888276 0.42524484 0.02295831
v -0.0344509 0.41874748 -0.01630577
v -0.03346068 0.41669965 0.01082862
v -0.03303423 0.41518426 0.00822741
v -0.03446615 0.42074212 0.01223741
v -0.03499551 0.42401528 0.01231332
v -0.03559798 0.42694137 0.01259139
v -0.0358685 0.41999456 -0.0105828
v -0.03316517 0.41344941 -0.00226752
v -0.03119807 0.41672754 -0.00159139
v -0.03143122 0.42866465 0.01750551
v -0.03342123 0.42738473 0.01683562
v -0.0343238 0.42439795 0.02548603
v -0.03300373 0.42213112 0.02855762
v -0.03281068 0.41937661 -0.02625227
v -0.03318592 0.42244855 -0.02525103
v -0.03424356 0.42074266 0.02515014
v -0.03330526 0.4190172 0.02797749
v -0.03501737 0.41810715 0.01577933
v -0.03867035 0.41894916 0.01571665
v -0.03850998 0.41864109 0.01282534
v -0.03567054 0.41833112 0.01254173
v -0.03455292 0.41977853 0.02057462
v -0.0388226 0.42017052 0.01895803
v -0.03765361 0.41846162 -0.01360499
v -0.03800685 0.41966975 -0.01600131
v -0.03715739 0.41857895 -0.01153696
v -0.03655043 0.42596352 0.01583494
v -0.0369587 0.42526835 0.01957336
v -0.03700511 0.4238708 0.02251165
v -0.03300698 0.4186452 0.0237351
v -0.03598845 0.42130715 0.02250298
v -0.03921827 0.42072698 0.02141299
v -0.03843494 0.41999409 -0.01845382
v -0.03922306 0.42189422 -0.01912085
v -0.03590298 0.42261288 -0.02076272
v -0.03609978 0.42831162 -0.02199387
v -0.03514448 0.42866942 -0.02019699
v -0.03348836 0.42808121 -0.01668258
v -0.0353536 0.42717439 -0.01771188
v -0.03805546 0.42075807 0.01135449
v -0.03748919 0.42355004 0.01032516
v -0.03447484 0.42539829 -0.02322206
v -0.04000071 0.42374688 -0.01723905
v -0.03721533 0.42577204 -0.01892306
v -0.03791678 0.42501715 -0.01570939
v -0.03645265 0.42578503 -0.01456538
v -0.04077636 0.4238154 -0.01367966
v -0.03860515 0.42456025 -0.01135692
v -0.04021854 0.4245187 0.01480942
v -0.04018624 0.42402899 0.01912342
v -0.04371715 0.42193809 0.01670513
v -0.04326342 0.42217344 0.01995757
v -0.03807328 0.42605805 0.01106604
v -0.04239984 0.42439234 0.01116583
v -0.0444804 0.42156285 0.01324173
v -0.04375226 0.41817635 0.02095266
v -0.04178939 0.4195357 0.02103103
v -0.04256735 0.42114976 0.02234651
v -0.04527902 0.41848183 0.02260757
v -0.04678281 0.41654313 0.0192259
v -0.04445891 0.41695261 0.01872095
v -0.04191978 0.41875312 0.01846715
v -0.04450589 0.41755265 -0.01794166
v -0.04189513 0.41910017 -0.01823384
v -0.0416057 0.41840711 -0.01582854
v -0.04489192 0.41657379 -0.01570304
v -0.04780761 0.41585085 -0.01602826
v -0.04614623 0.41834021 -0.01868218
v -0.04277915 0.4205792 -0.01972164
v -0.0449762 0.41540715 -0.00860525
v -0.04887625 0.41700381 -0.00372343
v -0.05077248 0.41455591 -0.00609094
v -0.0485552 0.41458797 -0.00928209
v -0.04261122 0.41926295 -0.00673839
v -0.04523065 0.41947895 -0.00338554
v -0.04051799 0.4178445 -0.01068256
v -0.03900939 0.41995636 -0.00921109
v -0.04470121 0.41540051 -0.01267689
v -0.04116975 0.41757619 -0.01319771
v -0.04794323 0.4144181 -0.01270152
v -0.04524971 0.41578448 0.01041325
v -0.04158096 0.41744983 0.01203518
v -0.04195694 0.41740364 0.01541729
v -0.04493509 0.4153977 0.01521929
v -0.04734774 0.41547695 0.01527245
v -0.04810132 0.4154495 0.01148043
v -0.05007944 0.41494286 0.00786062
v -0.04796342 0.41723841 0.00599492
v -0.04518883 0.41999671 0.0206518
v -0.04591401 0.4191258 0.01806392
v -0.04434844 0.42548403 0.0033293
v -0.04274131 0.42498225 0.00313602
v -0.04286472 0.42507264 -0.00019183
v -0.04612866 0.42538992 -0.00056388
v -0.04449274 0.42519134 0.00729905
v -0.04193357 0.42512986 0.00617242
v -0.04740824 0.42516774 0.00478987
v -0.04563163 0.41945332 -0.01706959
v -0.04665746 0.4183304 -0.01506648
v -0.04429702 0.42129719 -0.01437494
v -0.04343947 0.42169908 -0.01722794
v -0.04234193 0.42469195 -0.00347627
v -0.04393319 0.42576921 -0.00490034
v -0.04562703 0.42361894 -0.00681733
v -0.04858954 0.42391035 -0.00447165
v -0.05120861 0.42522365 0.00021626
v -0.05158981 0.4245733 0.00389881
v -0.05214914 0.42360228 -0.00273158
v -0.04578456 0.41956162 0.00050081
v -0.04899757 0.41791445 0.00155382
v -0.05244786 0.4159812 0.00384798
v -0.0528823 0.41631776 -0.00107682
v -0.0536461 0.41491973 -0.00382942
v -0.05638501 0.41546243 0.0035856
v -0.05627585 0.41611329 0.00012358
v -0.07302051 0.41698933 0.00313989
v -0.07051539 0.41767034 0.00298143
v -0.07115534 0.42006439 0.00223688
v -0.07473013 0.41831619 0.00247451
v -0.07718524 0.41503868 0.00269168
v -0.07359557 0.4150674 0.00354878
v -0.07028104 0.41538242 0.0036849
v -0.07422009 0.41190976 -0.00037314
v -0.07693209 0.41246238 0.00122571
v -0.07781102 0.41192874 -0.00069644
v -0.07599197 0.41151655 -0.00128835
v -0.07379329 0.41193905 0.00229316
v -0.07653285 0.4117195 0.00291513
v -0.07567627 0.41184753 -0.00301426
v -0.07318024 0.41268888 -0.00288143
v -0.07539 0.41399321 -0.0030094
v -0.0734328 0.41522747 -0.00249511
v -0.0777767 0.41187394 -0.00278352
v -0.07693411 0.41476855 -0.00275261
v -0.07450566 0.41759577 -0.00227835
v -0.07376885 0.41284704 0.00431178
v -0.07674411 0.41284472 0.00421977
v -0.07559251 0.41898113 -0.00027287
v -0.07784539 0.41512519 -0.00060944
v -0.07145527 0.42105106 -3.712E-05
v -0.07100825 0.41931379 -0.00189456
v -0.06742617 0.42150119 0.00020567
v -0.0672677 0.42004594 -0.00153892
v -0.0669338 0.41744483 -0.00222939
v -0.07041414 0.41651767 -0.00234467
v -0.06653777 0.41515872 -0.00266726
v -0.06989716 0.41394877 -0.00298761
v -0.0664558 0.41419208 -0.00093257
v -0.07000323 0.4131473 -0.00081576
v -0.06663235 0.41470489 0.00143764
v -0.07011516 0.41334984 0.00174045
v -0.06667452 0.41463098 0.00363397
v -0.07002981 0.41336304 0.00415868
v -0.06700939 0.41617686 0.00415328
v -0.06327491 0.41529012 0.00355162
v -0.06360907 0.41667658 0.00481806
v -0.06370668 0.41898307 0.00386462
v -0.06723739 0.41827276 0.00329523
v -0.06360035 0.42119953 0.00235795
v -0.06734653 0.42058891 0.00215867
v -0.06365892 0.42258421 0.00040894
v -0.05984225 0.42210662 0.00270661
v -0.05976975 0.42343357 0.00063319
v -0.05974455 0.42187083 -0.00128689
v -0.06355689 0.42107281 -0.00137868
v -0.05987321 0.41919404 -0.00222382
v -0.06341471 0.41849992 -0.00217947
v -0.06004722 0.41661158 -0.00278609
v -0.06323235 0.41604066 -0.00253501
v -0.05989543 0.41520688 -0.00142234
v -0.06309655 0.41485316 -0.00101412
v -0.05968767 0.4156166 0.00090123
v -0.0631311 0.41530195 0.00129531
v -0.05983688 0.41552529 0.00364328
v -0.05694744 0.41715533 0.00652603
v -0.06018553 0.41698307 0.00551826
v -0.05650498 0.42057323 0.00562586
v -0.0601078 0.41971669 0.00468167
v -0.05586319 0.42331934 0.00329606
v -0.05284289 0.42143434 0.00668274
v -0.05565387 0.42442387 0.0006823
v -0.05595631 0.42280412 -0.00167404
v -0.05320378 0.42033458 -0.00444223
v -0.05648522 0.41979012 -0.00313138
v -0.05374387 0.41705769 -0.00478102
v -0.05687774 0.41685238 -0.00358368
v -0.05674161 0.41504031 -0.00239415
v -0.0501655 0.4207578 -0.00630263
v -0.05086645 0.41728222 -0.00666301
v -0.04746342 0.4208371 -0.00851315
v -0.04875976 0.4174234 -0.00930166
v -0.04552996 0.42089075 -0.01129039
v -0.04743174 0.4175351 -0.01216236
v -0.04324033 0.42349702 -0.00986371
v -0.04143774 0.4252651 -0.00806319
v -0.04007877 0.4253749 -0.00629734
v -0.03743169 0.42581517 -0.00964978
v -0.04036286 0.42232478 -0.00589837
v -0.03675024 0.42351443 -0.0091339
v -0.032736 0.4277389 -0.01169111
v -0.03475248 0.42714196 -0.01307589
v -0.04254806 0.4220939 -0.00295202
v -0.04344956 0.42232198 0.00017123
v -0.04300547 0.42231673 0.00332327
v -0.04532921 0.41966233 0.00432931
v -0.04347202 0.41951236 0.0076348
v -0.04166064 0.42236912 0.00606825
v -0.03967779 0.42291251 0.00830318
v -0.04077151 0.420035 0.00975818
v -0.04011599 0.42584896 0.00875771
v -0.05383331 0.41753316 0.00780597
v -0.05070718 0.41798651 0.00930164
v -0.04924862 0.42188632 0.00792637
v -0.04807696 0.41830045 0.01161677
v -0.04645992 0.42188394 0.01023508
v -0.04644362 0.41838321 0.01460886
v -0.0398204 0.42277843 0.02154299
v -0.03287418 0.413728 0.00132593
v -0.03108863 0.41694611 0.00158406
v -0.02875361 0.42097265 0.00175299
v -0.02877055 0.42082581 -0.00105274
v -0.02649308 0.4216913 0.0019337
v -0.02644872 0.42168823 -0.0007878
v -0.02661123 0.42205259 -0.00360013
v -0.02400177 0.41920295 -0.00072138
v -0.02429391 0.41950533 -0.0036224
v -0.02031731 0.41681218 -0.00076154
v -0.02097923 0.41728571 -0.00408615
v -0.01676305 0.41489002 -0.00091828
v -0.01825976 0.41519499 -0.00506579
v -0.01991 0.41689155 -0.00846495
v -0.01763764 0.41129047 -0.00063152
v -0.0171923 0.41503167 0.00346336
v -0.01812818 0.41146132 0.00385058
v -0.0202653 0.40847644 0.00418061
v -0.01957072 0.40818062 -0.00036987
v -0.0214456 0.40520948 0.00489134
v -0.02094187 0.40492526 -6.603E-05
v -0.02376498 0.40391392 0.00512531
v -0.02344425 0.40403366 0.00029546
v -0.02662637 0.40590352 0.00489532
v -0.02616887 0.4057956 0.00061772
v -0.02928175 0.40736902 0.00078051
v -0.03232667 0.40920296 0.00092602
v -0.03434778 0.41105539 0.00106528
v -0.03285634 0.41424072 0.00482425
v -0.03111133 0.4174287 0.00462158
v -0.02883486 0.42143762 0.0045274
v -0.02669498 0.4221431 0.00465378
v -0.02507092 0.42016506 0.00793449
v -0.02457036 0.41948944 0.00511185
v -0.02410213 0.41921279 0.00219689
v -0.02137697 0.41746825 0.0058925
v -0.02050282 0.41694587 0.00263619
v -0.01865871 0.41585213 0.0072421
v -0.02250164 0.41851994 0.00890995
v -0.02053409 0.41746286 0.01035003
v -0.0217037 0.41481453 0.01081102
v -0.01970012 0.412552 0.00763585
v -0.02747377 0.4067837 0.00925001
v -0.02831439 0.41549754 -0.0185948
v -0.02758225 0.41418546 -0.01900797
v -0.02878844 0.41481018 -0.01850559
v -0.02571709 0.41111854 0.01408993
v -0.02558377 0.41252142 0.01469943
v -0.026238 0.4134298 0.01627694
v -0.02713051 0.4131164 0.01643232
v -0.02747577 0.41408303 0.01828875
v -0.02658821 0.41389018 0.0182558
v -0.0268617 0.41388917 0.02000818
v -0.02788684 0.41446829 0.01995554
v -0.02691697 0.41544849 0.01952299
v -0.02772577 0.41479415 0.01862054
v -0.02925738 0.41589856 0.0238741
v -0.02948722 0.41610005 0.02298133
v -0.02763896 0.4140484 0.02161614
v -0.02746366 0.41511655 0.02100443
v -0.02845888 0.41515762 0.0225176
v -0.02862686 0.41418055 0.02329173
v -0.02856935 0.41485712 0.02149299
v -0.02959643 0.41540802 0.02283382
v -0.02811472 0.41542816 0.0202399
v -0.02845064 0.41530401 0.02188826
v -0.02512687 0.4129191 0.01405509
v -0.01344636 0.43286914 -0.01240691
v -0.01430931 0.43319386 -0.00978999
v -0.01432518 0.43070081 -0.00811364
v -0.01256673 0.42996627 -0.00954439
v -0.01446744 0.42773858 -0.01076361
v -0.01425166 0.43013459 -0.01329063
v -0.01504931 0.43617338 -0.01208931
v -0.01492772 0.43554199 -0.01021727
v -0.0162215 0.43054405 -0.01370298
v -0.01716251 0.43297493 -0.0125594
v -0.01191733 0.42828381 -0.00654728
v -0.01242339 0.42594737 -0.0072873
v -0.01428489 0.42311308 -0.00748049
v -0.01613038 0.42440489 -0.0105186
v -0.01598258 0.42394713 -0.01397373
v -0.01459592 0.42643565 -0.01461396
v -0.01383085 0.42882487 -0.01595991
v -0.014633 0.42619151 0.01253738
v -0.01429967 0.42466003 0.01040712
v -0.01231081 0.42724466 0.01014336
v -0.01263414 0.42955899 0.01310174
v -0.01576387 0.42409283 0.01464851
v -0.01525913 0.42171615 0.01176008
v -0.01430118 0.42774111 0.01528924
v -0.01596631 0.42271346 0.02050327
v -0.01583923 0.42399326 0.02197247
v -0.01913551 0.42268944 0.02266492
v -0.0186027 0.42090032 0.02117642
v -0.01527701 0.42472616 0.01772965
v -0.01438508 0.42690337 0.01927065
v -0.01690106 0.42234299 0.01737487
v -0.01753321 0.4211036 -0.01811901
v -0.01781645 0.42107353 -0.02018852
v -0.01652911 0.42373946 -0.01678449
v -0.01714285 0.42226517 -0.01594874
v -0.01846068 0.42103183 -0.01559044
v -0.01884341 0.42093459 -0.01786979
v -0.02050572 0.42160922 -0.01972261
v -0.01513239 0.43333226 0.0108328
v -0.01336856 0.43290678 0.0112887
v -0.01306218 0.43071473 0.00918468
v -0.01546644 0.43211886 0.00919992
v -0.01713693 0.43578672 0.01167739
v -0.01430928 0.43576491 0.01230389
v -0.01783735 0.434286 0.00959116
v -0.01827243 0.42349494 -0.02039899
v -0.01596026 0.42565253 -0.01780286
v -0.01812017 0.43574533 -0.01096135
v -0.01731021 0.43548048 -0.00864672
v -0.0161335 0.43328506 -0.0085454
v -0.01325531 0.4364875 0.01436885
v -0.01147735 0.43249434 0.01189866
v -0.01752889 0.43540138 0.0139955
v -0.02212546 0.42419684 0.02399617
v -0.0224924 0.4229421 0.02351603
v -0.02163145 0.42361575 0.0220623
v -0.01914609 0.4228085 0.02030945
v -0.0177342 0.42290157 0.01738184
v -0.01825556 0.42035693 0.01221575
v -0.01565316 0.41774097 0.00833338
v -0.01366489 0.41950813 0.00841148
v -0.01834699 0.42377365 0.01528798
v -0.01893657 0.42011338 0.00957159
v -0.01743856 0.41932485 0.00710035
v -0.02124131 0.42337975 0.01160916
v -0.02080226 0.4217248 0.00904762
v -0.02127742 0.42659575 0.01380824
v -0.01972615 0.42125064 0.00615088
v -0.01707438 0.4268114 0.01609479
v -0.01950899 0.42821303 0.015075
v -0.01861636 0.41996503 -0.00610823
v -0.01741349 0.41954371 -0.00363475
v -0.0200096 0.4212136 -0.00346784
v -0.02080658 0.42167112 -0.00645824
v -0.01771897 0.41895044 -0.00769992
v -0.0155192 0.41761518 -0.00427529
v -0.0216349 0.42194277 -0.00960931
v -0.01831175 0.4338901 -0.00641286
v -0.01654738 0.43192977 -0.00699081
v -0.01848784 0.42218858 -0.01144794
v -0.0154932 0.41979313 -0.00854747
v -0.01862911 0.42140085 -0.01314103
v -0.02073752 0.425495 -0.01278692
v -0.0195415 0.42338952 -0.0136699
v -0.02332436 0.42518258 -0.01125689
v -0.01746934 0.4315401 0.01466549
v -0.01365668 0.43301365 0.0155614
v -0.01542559 0.42949247 0.01667118
v -0.01312647 0.43065327 0.01725994
v -0.02065559 0.43297452 0.01369444
v -0.02108448 0.43153793 0.015225
v -0.02252292 0.42777467 0.01590477
v -0.01773789 0.4298794 -0.01313133
v -0.01586841 0.42863297 -0.01563006
v -0.01753186 0.42728549 -0.01444608
v -0.01988776 0.4316628 -0.01205437
v -0.01978626 0.42862141 -0.01289356
v -0.0229204 0.42270505 -0.00593427
v -0.02446125 0.42279467 -0.00733175
v -0.024466 0.42588121 -0.00830368
v -0.01993406 0.43527326 -0.00812431
v -0.02024134 0.43501008 -0.00623769
v -0.02108118 0.43363523 -0.0094847
v -0.02165522 0.43316138 -0.00657536
v -0.02047551 0.43478963 0.01039671
v -0.01814282 0.43318635 0.0069499
v -0.02037049 0.43491545 0.00732792
v -0.02017156 0.43414244 0.0125252
v -0.02179568 0.43228495 0.00764497
v -0.0228396 0.43208009 0.01095315
v -0.02432001 0.42683238 0.01466842
v -0.02513618 0.42886692 0.01327745
v -0.02384502 0.42758605 0.01221519
v -0.02431212 0.42431295 0.01026299
v -0.02272496 0.42553192 0.02292752
v -0.02308694 0.42732751 0.02414721
v -0.02290586 0.42686397 0.02600546
v -0.02010257 0.42374304 0.0220481
v -0.02081739 0.42410478 0.02168404
v -0.02256992 0.42535341 0.02189118
v -0.02353009 0.42826289 0.02186099
v -0.0232129 0.42939422 0.02354291
v -0.02339039 0.42699677 0.02049446
v -0.02390706 0.42579168 0.02387979
v -0.02348617 0.42519641 0.02228968
v -0.02252204 0.42279997 0.00843313
v -0.02226293 0.42262787 0.00575419
v -0.024839 0.42323348 0.00592879
v -0.02414354 0.42924753 0.02455086
v -0.02460378 0.42286298 -0.02082295
v -0.02107003 0.42268714 -0.01952995
v -0.02387383 0.42365429 -0.01880922
v -0.02590512 0.42592454 -0.0229409
v -0.02378465 0.42493421 -0.02486608
v -0.02229588 0.4223038 -0.02258054
v -0.02405591 0.4276861 -0.02255525
v -0.02349867 0.42862028 -0.02448498
v -0.02434693 0.43080112 -0.0219055
v -0.02519196 0.4287051 -0.0199848
v -0.02380517 0.42557412 -0.02048766
v -0.02347359 0.42544264 -0.02259832
v -0.0243048 0.42938599 0.0110252
v -0.02486681 0.42673001 0.00868386
v -0.0227863 0.42248395 -0.00345046
v -0.02535893 0.42292655 -0.00386028
v -0.02403426 0.42831177 -0.00738074
v -0.02548584 0.4297629 -0.00994302
v -0.02631414 0.42809597 -0.01109232
v -0.02666603 0.42650518 -0.01321665
v -0.02381954 0.43081778 0.01957296
v -0.02330602 0.43189919 0.02251369
v -0.02391727 0.43414566 0.01832736
v -0.02324944 0.43464458 0.02165643
v -0.02391189 0.42840919 0.01864448
v -0.0235562 0.42932791 0.00909132
v -0.0228379 0.42956483 0.00732395
v -0.02381977 0.42750001 0.00696471
v -0.02304081 0.43429655 0.01507055
v -0.02341859 0.43065631 0.01653317
v -0.02366475 0.4319033 -0.00993506
v -0.02297206 0.43075895 -0.00683684
v -0.02297503 0.43128669 -0.01227522
v -0.02529652 0.43143761 -0.01327501
v -0.02540932 0.43363574 -0.01112773
v -0.02875424 0.42992532 -0.01064419
v -0.02235062 0.42963701 0.00473542
v -0.02372587 0.42702824 0.00482387
v -0.02548166 0.42504472 0.00532995
v -0.02523989 0.43150955 -0.01772525
v -0.02537842 0.4294039 -0.01515278
v -0.02540471 0.42694837 -0.01681353
v -0.02474631 0.43294215 -0.02004657
v -0.02358123 0.42492867 -0.0188828
v -0.02351165 0.42832604 0.01690524
v -0.02580148 0.42835987 0.01566488
v -0.02591526 0.42956376 0.01874731
v -0.02923161 0.43031073 0.01846255
v -0.02940512 0.42935809 0.0158463
v -0.0303457 0.42960942 0.01381689
v -0.02723768 0.42866033 0.01355477
v -0.02370623 0.42791918 -0.01292884
v -0.02419335 0.42596912 -0.01376368
v -0.02595459 0.42557421 -0.01667062
v -0.02390609 0.44147214 0.02359063
v -0.02284825 0.44002682 0.0232683
v -0.02255824 0.44012666 0.02083419
v -0.02404213 0.44164765 0.02102089
v -0.02611096 0.43970767 0.02407612
v -0.02433426 0.43788627 0.02345682
v -0.02310178 0.43753132 0.02104763
v -0.02314194 0.43938687 -0.01408145
v -0.02388136 0.44140649 -0.01297768
v -0.02529631 0.43830997 -0.01103987
v -0.02461986 0.43687952 -0.01311813
v -0.02479375 0.43454412 -0.0157497
v -0.02340582 0.43847069 -0.01598867
v -0.02494457 0.44124442 -0.01564308
v -0.02535406 0.42831635 -0.02373615
v -0.02594755 0.43022847 -0.02204495
v -0.0270477 0.42869774 -0.02068379
v -0.02449051 0.43570229 -0.01928574
v -0.0241839 0.43926018 -0.01944607
v -0.03004525 0.42847773 -0.01190006
v -0.03087842 0.42924732 -0.0139211
v -0.02932493 0.43355462 -0.00940725
v -0.02574706 0.43125415 0.02359631
v -0.02598855 0.43455711 0.02433882
v -0.029216 0.43247893 0.0245454
v -0.02865889 0.43053654 0.0236562
v -0.02670628 0.42985839 0.0216145
v -0.02514233 0.42796478 0.02285431
v -0.02921455 0.43088406 0.02124046
v -0.02823946 0.43009841 -0.01665664
v -0.02704008 0.42682609 -0.01855828
v -0.032014 0.43087587 -0.01649766
v -0.02816709 0.43662822 0.02376764
v -0.03068078 0.43428171 0.023819
v -0.02726779 0.43828514 0.01567782
v -0.02650738 0.43930635 0.01805675
v -0.02465872 0.44072318 0.01731483
v -0.02546102 0.44012168 0.01470085
v -0.02965707 0.43659043 0.01300903
v -0.02919119 0.43667555 0.01583694
v -0.02851631 0.43782163 -0.01073388
v -0.02965986 0.43639022 -0.00790548
v -0.03198253 0.42915034 -0.00985833
v -0.02808538 0.43425274 0.01271302
v -0.02797678 0.43116131 0.01315472
v -0.03090139 0.43159127 0.01211773
v -0.03075216 0.43405676 0.01047598
v -0.02836491 0.43695518 0.01158968
v -0.02436905 0.43959191 0.01404866
v -0.02429931 0.43716478 0.01483795
v -0.03085534 0.43624902 0.00950284
v -0.02906743 0.43167308 -0.01944676
v -0.02665515 0.43274003 -0.02087444
v -0.03324805 0.43137962 -0.01909245
v -0.0308724 0.43523288 -0.02041994
v -0.0268668 0.43553174 -0.02095159
v -0.03518452 0.43360513 -0.01835419
v -0.02800113 0.43976361 -0.01798462
v -0.02796646 0.43932021 -0.01620053
v -0.02625888 0.44084722 -0.01843504
v -0.02785592 0.44028884 -0.02016051
v -0.0296888 0.43917426 -0.01945489
v -0.0314537 0.43746477 -0.01719625
v -0.02701281 0.43870062 -0.02146302
v -0.02954721 0.43795243 -0.02131057
v -0.03235691 0.4367803 0.01036419
v -0.03243838 0.4348568 0.01366472
v -0.03210194 0.43514559 0.01635648
v -0.03403559 0.43489546 0.01108521
v -0.03222206 0.43609494 0.01918033
v -0.02887994 0.43745098 0.01867187
v -0.0349166 0.43231708 0.01418992
v -0.03435665 0.43247008 0.01682967
v -0.03252343 0.42809498 0.02369191
v -0.03090241 0.42929986 0.02365126
v -0.03137736 0.43042898 0.02539994
v -0.03351335 0.42793673 0.0256213
v -0.03604549 0.42691427 0.02341342
v -0.03387937 0.42798007 0.02210659
v -0.03176192 0.4294827 0.02140196
v -0.03378762 0.43513998 -0.01620422
v -0.03390644 0.43482634 -0.01414279
v -0.03134633 0.43692589 -0.01393859
v -0.03476582 0.43298757 0.01957777
v -0.0339242 0.43044931 0.00986281
v -0.03311846 0.42848781 0.01322397
v -0.0354608 0.42669997 0.0132064
v -0.03655998 0.42793003 0.01030009
v -0.03306155 0.43347973 0.00806007
v -0.03623227 0.43121713 0.00615477
v -0.03495227 0.43375036 0.00516105
v -0.0382498 0.42873964 0.00736142
v -0.03431343 0.43001145 0.02453462
v -0.03311252 0.43213806 0.02441017
v -0.03443711 0.43275458 0.02225271
v -0.03543084 0.42969915 0.02269277
v -0.03267577 0.42829072 0.01621711
v -0.03520189 0.42691639 0.01644912
v -0.03776723 0.42637873 0.01394771
v -0.03852919 0.42688292 0.0113622
v -0.03711367 0.42664215 0.01690214
v -0.03591524 0.42692983 -0.00862028
v -0.0333858 0.43143556 -0.00691698
v -0.03605613 0.43107963 -0.00436667
v -0.03815756 0.42773244 -0.00557075
v -0.03966431 0.42887834 -0.00767815
v -0.03837007 0.42807561 -0.00984192
v -0.03654438 0.42558593 -0.01249711
v -0.03342517 0.42795539 -0.0122261
v -0.0377374 0.42791337 -0.01258824
v -0.0361755 0.43225962 -0.01481386
v -0.03440659 0.42970654 -0.01684156
v -0.03417555 0.42870611 -0.01474301
v -0.0367171 0.42696491 -0.01586896
v -0.03568332 0.42931366 -0.01822197
v -0.03726304 0.4304775 -0.01833773
v -0.03741764 0.42884791 -0.01558167
v -0.03908424 0.43676534 -0.0020302
v -0.03696904 0.43715194 -0.00137753
v -0.03656077 0.43671513 -0.00440421
v -0.03955648 0.43426543 -0.0053025
v -0.04083865 0.43643057 0.00141458
v -0.0369209 0.43752435 0.00179772
v -0.04290857 0.43432593 -0.00356583
v -0.04053482 0.42989299 0.00367117
v -0.0400777 0.42702806 0.0091592
v -0.04193434 0.4272365 0.00710442
v -0.04431745 0.42715144 0.00575914
v -0.04360997 0.42895189 0.00260489
v -0.03761643 0.43190384 0.00249627
v -0.03834355 0.43564701 0.00572035
v -0.03603343 0.43669221 0.004951
v -0.04278535 0.43331042 0.00488863
v -0.04031171 0.43303078 0.00711973
v -0.04042141 0.42952034 -0.00234661
v -0.03766803 0.43191716 -0.00133774
v -0.04351979 0.42838851 -0.00157836
v -0.04156204 0.42985144 -0.00607413
v -0.04403194 0.42981955 -0.00475818
v -0.06501354 0.43097368 0.00097246
v -0.06393614 0.43003589 0.00288137
v -0.06134292 0.43081498 0.00247109
v -0.06170908 0.43182868 0.00068954
v -0.06770523 0.42920971 -0.00021559
v -0.0678254 0.42853779 0.00217621
v -0.0664629 0.42996207 0.00234993
v -0.06589197 0.42954287 0.00362675
v -0.06528847 0.42818391 0.00389167
v -0.06357434 0.4281745 0.00352626
v -0.06721731 0.42837501 0.00383371
v -0.06623934 0.42673001 0.00396098
v -0.06372117 0.4260956 0.0034588
v -0.06679768 0.42953175 -0.00225009
v -0.06437363 0.43018186 -0.00163928
v -0.06427787 0.42766598 -0.00258804
v -0.06687423 0.42747465 -0.00292951
v -0.06755018 0.42618248 -0.00096187
v -0.06713459 0.42599636 0.0019444
v -0.06445664 0.42586246 -0.00113679
v -0.0642149 0.4255482 0.00133177
v -0.06112961 0.42838642 -0.00198224
v -0.06104548 0.42633897 -0.0012422
v -0.06098244 0.42613837 0.00081426
v -0.06080693 0.42683154 0.00267165
v -0.05781657 0.42731136 -0.00124767
v -0.05781701 0.427176 0.0007055
v -0.05784982 0.42756945 0.00259117
v -0.05804895 0.42978671 0.00298211
v -0.06091724 0.42884195 0.00327433
v -0.05487413 0.42823175 0.00080357
v -0.05500983 0.42818594 0.0027814
v -0.05513166 0.43038464 0.00290081
v -0.05539813 0.43276203 0.00225912
v -0.05847193 0.43186808 0.00228882
v -0.05235977 0.42835867 0.00311007
v -0.05221134 0.43059054 0.00307598
v -0.05204767 0.43338639 0.00223088
v -0.05218617 0.43534178 0.00054868
v -0.05570594 0.43416464 0.0005341
v -0.04940856 0.43031842 0.00383588
v -0.04870962 0.43339822 0.00256239
v -0.0485184 0.43584085 0.00061383
v -0.04882083 0.43377143 -0.00164332
v -0.05211823 0.43335229 -0.00125669
v -0.045594 0.43322277 0.00341981
v -0.04501778 0.43588358 0.0008785
v -0.04576867 0.43403426 -0.00238007
v -0.0465074 0.43003464 -0.00342093
v -0.04921387 0.43030021 -0.00254567
v -0.0492245 0.42821178 -0.00125988
v -0.05204122 0.4285554 -0.00119719
v -0.05210896 0.43047515 -0.00193195
v -0.04633477 0.42799699 -0.0012813
v -0.04627471 0.42850509 0.00207181
v -0.04913851 0.42875662 0.00149924
v -0.0498085 0.42787474 0.00385858
v -0.05201307 0.42886835 0.00105914
v -0.04710884 0.42716348 0.00486793
v -0.04678474 0.43000925 0.00516546
v -0.04426701 0.42998761 0.00660988
v -0.04199932 0.42995292 0.00827314
v -0.03987977 0.42972103 0.01005754
v -0.0380649 0.43266347 0.00940557
v -0.03618549 0.43510696 0.00852712
v -0.03794362 0.42945451 0.01196806
v -0.03621928 0.43247879 0.0117672
v -0.03667856 0.42923009 0.01427816
v -0.03614598 0.42932713 0.0169884
v -0.03675518 0.42684379 0.01999286
v -0.03604229 0.42967033 0.01987405
v -0.03480736 0.42762864 0.01941057
v -0.03270107 0.42940602 0.01893955
v -0.03448723 0.43672299 0.00779429
v -0.03304965 0.43568119 0.0073553
v -0.03428595 0.43593037 0.00463605
v -0.03604621 0.43431708 0.00198703
v -0.03506115 0.43653271 0.00171348
v -0.03604703 0.43434596 -0.00101738
v -0.03530593 0.43655708 -0.00096377
v -0.03463235 0.43414348 -0.00354676
v -0.03474369 0.43637881 -0.00346862
v -0.03249093 0.43483862 -0.005817
v -0.03309304 0.43730789 -0.00579734
v -0.03511257 0.43560889 -0.00677986
v -0.03750976 0.43258372 -0.00750064
v -0.03157116 0.43632579 -0.00868274
v -0.03392079 0.43465561 -0.0092222
v -0.03646656 0.43177986 -0.00972926
v -0.03376403 0.43452242 -0.01177409
v -0.03613946 0.43152529 -0.01217422
v -0.03106936 0.43615586 -0.01145159
v -0.02808326 0.43846959 -0.01346647
v -0.05484318 0.42815039 -0.00122934
v -0.05806711 0.42938748 -0.00176189
v -0.05508102 0.43015128 -0.00179077
v -0.05849669 0.43171239 -0.00119945
v -0.05540827 0.43257675 -0.00117839
v -0.05880817 0.43291113 0.00056832
v -0.0614407 0.43071261 -0.00127951
v -0.03173773 0.43543211 0.0217518
v -0.02866732 0.43735269 0.02142219
v -0.02639753 0.43977353 0.021324
v -0.02351224 0.4396497 0.01719007
v -0.02366409 0.43705541 0.0177187
v -0.02518889 0.43098998 0.01240243
v -0.02460489 0.43332756 0.01279958
v -0.02476859 0.4270688 0.02102451
v -0.02135587 0.42358994 -0.01945194
v -0.02153283 0.42387259 -0.02034556
v -0.01938649 0.42358589 -0.01846652
v -0.01904601 0.4241206 -0.01934667
v -0.02174277 0.42334589 -0.02153004
v -0.01853771 0.42461228 -0.01643217
v -0.01752967 0.42578211 -0.0171992
v -0.01909157 0.42239329 -0.01822538
v -0.01899254 0.4226898 -0.01592338
v -0.02547606 0.42472595 0.00224328
v -0.02491214 0.42277813 0.00246731
v -0.02396519 0.42696041 0.00203409
v -0.0241126 0.42697686 -0.00091636
v -0.02560814 0.42473513 -0.00074067
v -0.02249961 0.42973012 0.00189322
v -0.02259467 0.42977965 -0.00097724
v -0.02270089 0.43002552 -0.0038513
v -0.0242396 0.42729968 -0.00405957
v -0.02124709 0.43253896 0.00173223
v -0.02137319 0.43265647 -0.00102915
v -0.02145512 0.43285191 -0.00378279
v -0.01986318 0.43460551 -0.00110231
v -0.02011688 0.43501633 -0.00363285
v -0.0181444 0.43272573 -0.00139155
v -0.01846112 0.43309259 -0.00396686
v -0.01559596 0.43086171 -0.00186528
v -0.01619047 0.43112406 -0.00454235
v -0.01274807 0.4290266 -0.00254491
v -0.01380253 0.42934391 -0.0054737
v -0.01016016 0.42775458 -0.00343679
v -0.01222621 0.4290657 0.00055992
v -0.00933157 0.42762175 0.00026691
v -0.00979651 0.42478928 7.833E-05
v -0.01063255 0.42505202 -0.00382835
v -0.01147889 0.42174137 -3.449E-05
v -0.01238245 0.42211416 -0.00399895
v -0.01260826 0.41862807 -0.00019976
v -0.01340086 0.41888422 -0.00452157
v -0.01449668 0.41703033 -0.00022283
v -0.01236608 0.41857144 0.00424403
v -0.01435154 0.41713265 0.00406597
v -0.01641698 0.41903055 0.00358534
v -0.0164795 0.41918868 -0.00016111
v -0.01911749 0.42097181 0.00302552
v -0.01923125 0.42103961 -0.00024986
v -0.02212796 0.42235383 0.00262212
v -0.02231973 0.42228198 -0.00040743
v -0.02500643 0.42288083 -0.00055877
v -0.02591797 0.42495763 -0.00416087
v -0.01141698 0.42177349 0.00404191
v -0.01323983 0.42291439 0.00743049
v -0.01006161 0.42477152 0.004003
v -0.01144204 0.42563325 0.00735891
v -0.0099362 0.42743045 0.00390324
v -0.01078145 0.42802936 0.00701169
v -0.01145957 0.42932689 0.00959464
v -0.01282304 0.42968926 0.00650547
v -0.01249689 0.42908099 0.00361978
v -0.01541883 0.43101138 0.00373101
v -0.01559559 0.43134651 0.00655609
v -0.01803047 0.43285033 0.0040508
v -0.01794124 0.43275228 0.00126926
v -0.01976136 0.43460295 0.00153087
v -0.01992662 0.43458861 0.00429261
v -0.01530137 0.43090573 0.0009117
v -0.02126177 0.43243641 0.00460515
v -0.01760224 0.42458436 0.02101614
v -0.01866145 0.42402789 0.02023533
v -0.01618535 0.42652744 0.01867861
v -0.01710243 0.42457145 0.01773999
v -0.02181431 0.43328154 0.01304781
v -0.0021463 0.46473372 0.00153787
v -0.00099973 0.46428019 0.00254391
v -0.0033534 0.46533045 0.00506787
v -0.00402018 0.46527234 0.00250956
v -0.00191922 0.46466845 -0.00083002
v -8.501E-05 0.46355796 -0.000891
v -0.00420099 0.46541509 -0.00060953
v -0.00222094 0.46467742 -0.0030801
v -0.00116411 0.46416643 -0.00405558
v -0.00427745 0.46528697 -0.00353141
v -0.00381491 0.46545032 -0.00578564
v -0.00083023 0.47745711 0.00698304
v 0.00083935 0.47692284 0.00817903
v 0.00177458 0.47510687 0.00563895
v -0.00032632 0.4765017 0.00503743
v -0.0033085 0.47776711 0.00493932
v -0.00319305 0.47893888 0.00769372
v -0.00137057 0.47860664 0.00970212
v -0.00253879 0.47476253 0.01811466
v -0.00317239 0.47203183 0.01691828
v -0.00303629 0.47407034 0.01536794
v -0.00211156 0.47738779 0.01567976
v -0.00529761 0.47228587 0.01703793
v -0.00461335 0.47335044 0.01585874
v -0.00338434 0.47559157 0.01331096
v -0.00335852 0.47962695 0.01268395
v -0.00457603 0.47411272 0.0141175
v -0.00296861 0.47774446 -0.00726597
v -0.00248846 0.47704512 -0.00542688
v 2.31E-05 0.47621119 -0.00617822
v -0.00134833 0.47787708 -0.0085093
v -0.00405446 0.48010245 -0.0100897
v -0.00474344 0.47900283 -0.00750071
v -0.00495674 0.47841153 -0.0052415
v -0.00621118 0.48040432 0.00698766
v -0.00552682 0.48145613 0.00842259
v -0.00400241 0.48042935 0.00943477
v -0.00245056 0.47943237 0.0110272
v -0.00570261 0.48068929 0.01068113
v -0.00010651 0.47666526 -0.00986738
v -0.00283513 0.4779959 -0.0116337
v -0.00329418 0.47573611 0.01191152
v -0.00801832 0.47827542 0.01171795
v -0.00561947 0.47722054 0.01287498
v -0.00567164 0.47329339 0.01231989
v -0.00707142 0.47118229 0.01112968
v -0.00587145 0.47054046 0.01045795
v -0.00447516 0.47219026 0.01099948
v -0.00400939 0.46941519 0.00874482
v -0.00292359 0.47131082 0.00848455
v -0.00727996 0.46927258 0.02443775
v -0.00616533 0.46666107 0.02361605
v -0.00513981 0.46848264 0.02092816
v -0.00535833 0.47094378 0.0213378
v -0.00878131 0.46806967 0.02325532
v -0.00797344 0.46655422 0.02266619
v -0.00789769 0.46891081 0.01992237
v -0.00806486 0.46923441 -0.01075206
v -0.0049431 0.46839428 -0.00963626
v -0.00642636 0.46688104 -0.00882067
v -0.01041252 0.46748468 -0.00938912
v -0.00648796 0.47112086 0.01789409
v -0.01021712 0.4712545 0.01772867
v -0.00888086 0.4726035 0.01744252
v -0.00401754 0.47039992 0.01848191
v -0.00445493 0.47628328 0.01519061
v -0.00657791 0.46766409 -0.02496692
v -0.00518793 0.46928534 -0.02240011
v -0.00771353 0.46871501 -0.02095404
v -0.00824503 0.46666235 -0.02384681
v -0.0096293 0.46795464 -0.02475066
v -0.00794078 0.4700059 -0.02566004
v -0.00594063 0.47148815 -0.02300112
v -0.01036337 0.46962628 -0.02300448
v -0.00895575 0.47034574 0.0213691
v -0.01051565 0.47222018 0.01995309
v -0.0050783 0.47099569 -0.01829478
v -0.00599703 0.4723337 -0.01860227
v -0.00956034 0.47104213 -0.01913776
v -0.00357676 0.47190449 -0.01959301
v -0.01307409 0.47066882 -0.02166302
v -0.00812731 0.47304237 -0.02147961
v -0.00555424 0.47436243 -0.02011863
v -0.00392319 0.47389409 -0.02077266
v -0.00835598 0.47275385 -0.01970031
v -0.00603499 0.47347379 -0.01908799
v -0.01123495 0.4748635 -0.01985219
v -0.00990507 0.47370869 -0.01867344
v -0.0101671 0.4718183 -0.02412417
v -0.00897047 0.4698382 0.00944475
v -0.01029326 0.4708485 0.00845438
v -0.01189188 0.46792459 0.00683638
v -0.00960501 0.46675822 0.00670561
v -0.00647846 0.4661679 0.00613895
v -0.00570125 0.46818012 0.0084656
v -0.00890736 0.47196993 0.02289296
v -0.00672087 0.48014483 -0.00713995
v -0.00800354 0.48101386 -0.00813017
v -0.00741229 0.47979552 -0.00521085
v -0.00981717 0.4802863 -0.00538836
v -0.00866991 0.4731423 0.01874648
v -0.01029561 0.47542873 0.01743408
v -0.01013727 0.47488403 0.01925626
v -0.00852529 0.47699279 -0.01324188
v -0.01136868 0.47617081 -0.01596441
v -0.01279286 0.47661191 -0.01322031
v -0.01107119 0.47731078 -0.01126955
v -0.01042237 0.4794355 -0.00908672
v -0.00660399 0.47976592 -0.0121279
v -0.00541952 0.47681791 -0.01443898
v -0.00564178 0.4751901 -0.01416217
v -0.00845636 0.47447374 -0.01354768
v -0.01034236 0.47332188 -0.01655396
v -0.01048115 0.47091666 0.01403903
v -0.00941082 0.47350287 0.01448054
v -0.01037997 0.47641152 0.01410478
v -0.0062207 0.47946224 0.0047344
v -0.00558025 0.47878912 0.00214234
v -0.00829097 0.4798744 0.00191495
v -0.00876197 0.48075473 0.00469107
v -0.00848002 0.48150918 0.00719501
v -0.01362647 0.47106451 0.0205735
v -0.01354072 0.47016054 0.01738164
v -0.01365236 0.46938494 0.01446878
v -0.01013961 0.47619539 0.00178258
v -0.00995423 0.47337154 0.00160526
v -0.01046863 0.47345063 0.00429507
v -0.01073314 0.47685611 0.00441168
v -0.01028987 0.471589 0.00134819
v -0.01102267 0.47014418 0.00297287
v -0.01151692 0.46967351 0.00606112
v -0.01072124 0.4719483 0.00698127
v -0.01161856 0.47094491 0.0114516
v -0.00836815 0.47132024 0.0118257
v -0.01430602 0.47011587 0.01189874
v -0.01130738 0.47848353 -0.00562818
v -0.01076393 0.47480547 -0.00501436
v -0.01000606 0.4740743 -0.00255677
v -0.01036618 0.47686893 -0.00278285
v -0.01038826 0.47216189 -0.00213901
v -0.01072125 0.47103027 -0.0036069
v -0.01081329 0.47010717 -0.00029938
v -0.01040789 0.47161502 -0.00037039
v -0.00988017 0.47342494 -0.00042596
v -0.01001657 0.4760083 -0.00044353
v -0.01111299 0.47492817 -0.00752764
v -0.01133733 0.47124577 -0.0064877
v -0.01204992 0.46872583 -0.00807891
v -0.01206742 0.46824273 -0.00603439
v -0.01113534 0.47100258 -0.00844802
v -0.01083823 0.46582195 -0.00648385
v -0.01269246 0.47334251 0.02279273
v -0.01044125 0.47313246 0.0214096
v -0.00982815 0.47433871 0.02087922
v -0.01220054 0.47539422 0.02160824
v -0.01243989 0.47762015 0.01561211
v -0.011789 0.47780526 0.01839294
v -0.01084483 0.47682038 0.01185588
v -0.01286583 0.47686973 0.0134475
v -0.009819 0.47916868 -0.00259204
v -0.01325103 0.47256538 -0.02282
v -0.01610364 0.47539294 -0.02216089
v -0.01361793 0.47713119 -0.01996306
v -0.01322326 0.47823554 -0.01707238
v -0.01313423 0.4706108 -0.01341928
v -0.01533982 0.46969506 -0.01298685
v -0.01561924 0.46788567 -0.01510834
v -0.01240174 0.47071379 -0.01554327
v -0.01198261 0.47151831 -0.0112864
v -0.01481462 0.47204959 -0.01149722
v -0.00924614 0.47134918 -0.01328177
v -0.01457429 0.47793961 -0.01415399
v -0.01154576 0.473961 0.00853022
v -0.01250987 0.47262958 0.00984759
v -0.01122351 0.47638029 0.00885471
v -0.01115703 0.47552615 0.00737774
v -0.01178565 0.47576293 0.00987729
v -0.01695917 0.46731764 -0.02340782
v -0.01763352 0.46916232 -0.02407722
v -0.01516208 0.47025654 0.02461466
v -0.01544282 0.46979985 0.02254461
v -0.01777602 0.46836144 0.02200673
v -0.01702525 0.46904072 0.01956341
v -0.01664405 0.46840614 0.01677065
v -0.01535787 0.46909502 -0.02082104
v -0.01672131 0.46846342 -0.02248594
v -0.01371177 0.4699527 -0.01842436
v -0.01347479 0.48029551 -0.01604357
v -0.01534639 0.48116547 -0.01708966
v -0.01540757 0.48068953 -0.01504092
v -0.01412023 0.4800176 -0.01485201
v -0.01359621 0.48047328 -0.01856945
v -0.01473384 0.47962233 -0.02042727
v -0.01671537 0.47959876 -0.01950519
v -0.0196586 0.46624717 0.02392765
v -0.01644857 0.47902182 -0.01425293
v -0.01679336 0.47536173 -0.01160913
v -0.01399001 0.47479257 -0.01131149
v -0.0195499 0.47054273 -0.02236264
v -0.01607642 0.47844586 -0.02209346
v -0.01789441 0.46751228 -0.02016768
v -0.01957916 0.46559334 -0.02177021
v -0.01998856 0.46499312 -0.02372429
v -0.01437033 0.48177254 0.01994649
v -0.01204982 0.48125446 0.0197044
v -0.01294205 0.48066571 0.01590829
v -0.0151558 0.48066404 0.01725124
v -0.01587895 0.47981435 0.02182658
v -0.01395335 0.47857711 0.02224635
v -0.01685114 0.47867566 0.01924713
v -0.01727268 0.47824934 -0.01621609
v -0.01850933 0.47742653 -0.02098218
v -0.02005387 0.47514558 -0.02093462
v -0.01564028 0.47640917 0.0112552
v -0.01810114 0.47553691 0.01005566
v -0.01889509 0.47736731 0.01150936
v -0.01662247 0.47908109 0.01373354
v -0.01515939 0.47255629 0.01034494
v -0.01759836 0.47223872 0.01005881
v -0.01818348 0.47717175 -0.01268615
v -0.01997035 0.47415242 -0.01023661
v -0.02019436 0.47126243 -0.00980758
v -0.01751282 0.47175565 -0.01109261
v -0.02031472 0.47608033 -0.01100359
v -0.01994184 0.46657225 0.01191204
v -0.01647879 0.46774951 0.01365696
v -0.01934516 0.46696442 0.01608953
v -0.02141441 0.46720207 0.01586714
v -0.02252619 0.46720231 0.01230668
v -0.01958388 0.46891984 0.00948154
v -0.01692655 0.46944508 0.01119568
v -0.01957802 0.46599799 -0.01355766
v -0.01818822 0.46870652 -0.01180743
v -0.02083546 0.46830216 -0.01003587
v -0.02208598 0.46620902 -0.01065852
v -0.01974841 0.46560717 -0.01697119
v -0.01666583 0.46760535 -0.01775214
v -0.02339915 0.46760279 -0.01130875
v -0.02259324 0.46699566 -0.01412584
v -0.02312832 0.46525556 -0.01657871
v -0.01840244 0.47711754 -0.01852843
v -0.02056314 0.46597388 0.020721
v -0.02200191 0.46481553 0.02163009
v -0.02236575 0.46552563 0.01866592
v -0.01942689 0.4675464 0.01895239
v -0.02119971 0.46431231 -0.02108221
v -0.02124565 0.4645341 -0.01920159
v -0.02264341 0.46324208 -0.02224832
v -0.02351092 0.46409163 -0.01938852
v -0.01826125 0.47680482 0.02061239
v -0.01921316 0.47574875 0.02267144
v -0.01813436 0.47698694 0.01655674
v -0.02136209 0.47367534 0.01876714
v -0.02089912 0.47250757 0.02152892
v -0.02137236 0.46827146 -0.02261464
v -0.02087502 0.46671823 -0.02381109
v -0.02288005 0.46556389 -0.0225392
v -0.02301558 0.46743912 -0.02067281
v -0.02188702 0.47159463 -0.02053582
v -0.02034288 0.47376281 -0.01708463
v -0.02188511 0.47295275 -0.01383605
v -0.02077435 0.47487381 -0.01249139
v -0.01887864 0.47603989 -0.01464456
v -0.02249699 0.46760854 0.02134881
v -0.0211709 0.469006 0.02240447
v -0.02193816 0.46993041 0.02044961
v -0.02268097 0.46817952 0.01930135
v -0.02265134 0.46646997 0.02164942
v -0.0205098 0.46794963 0.0234326
v -0.02290151 0.46680397 0.01884214
v -0.0222963 0.47081825 0.01855296
v -0.0216707 0.47071338 0.0163834
v -0.02128387 0.47361851 0.01544571
v -0.02999128 0.4759056 0.00207279
v -0.02594085 0.47590148 0.0053616
v -0.02434686 0.47691131 0.00441673
v -0.02617816 0.47724569 0.00143522
v -0.03404094 0.47463426 0.00107152
v -0.03380154 0.47234359 0.0029587
v -0.03076722 0.47306159 0.00439215
v -0.03088675 0.4756197 -0.00284965
v -0.03446257 0.47400445 -0.00186167
v -0.0277842 0.47658324 -0.00187962
v -0.03079987 0.46705019 -7.697E-05
v -0.02873637 0.46706122 0.00266393
v -0.02980404 0.46747476 0.00399879
v -0.03215122 0.46675923 0.00256634
v -0.033521 0.46554121 -0.00179821
v -0.03119001 0.46621019 -0.00479969
v -0.02961035 0.46696565 -0.00350421
v -0.02855679 0.46896738 -0.00332706
v -0.02921277 0.4693538 -0.00058353
v -0.0269277 0.46999869 0.00204462
v -0.02594 0.47679558 -0.00484451
v -0.02876497 0.47496635 -0.00603185
v -0.04545122 0.46608779 -0.00158218
v -0.04328707 0.46693936 -0.00188912
v -0.04336317 0.46401754 -0.0020315
v -0.04619595 0.46384245 -0.00153778
v -0.04662514 0.46754143 -0.0011199
v -0.04362422 0.46942368 -0.00108768
v -0.04855125 0.46451548 -0.00117034
v -0.04922189 0.46199575 -0.0008858
v -0.04671729 0.46172845 -0.00076676
v -0.0471997 0.46202886 0.00110801
v -0.04990495 0.46232259 0.00049266
v -0.04915957 0.46505123 0.00050378
v -0.04683623 0.46456385 0.00122273
v -0.04393124 0.46221507 0.00102152
v -0.04433459 0.46451336 0.00139834
v -0.04414338 0.46605533 0.00139921
v -0.04548061 0.46682662 0.0012497
v -0.04709171 0.46830657 0.00066946
v -0.04276751 0.46843368 0.00143385
v -0.04362943 0.47022724 0.00050718
v -0.03976139 0.46954715 0.00167209
v -0.04042105 0.47117269 0.00052578
v -0.04058351 0.47046468 -0.00111324
v -0.03741794 0.47275573 0.00071639
v -0.03762531 0.47201416 -0.00140062
v -0.03766271 0.46947917 -0.00278023
v -0.04048562 0.468081 -0.00230967
v -0.03731757 0.4662202 -0.00304898
v -0.04028438 0.46471667 -0.00251837
v -0.03684189 0.46371764 -0.00131431
v -0.04005628 0.46193054 -0.00125493
v -0.04356559 0.46181703 -0.00098144
v -0.04054787 0.46256086 0.00108895
v -0.03743853 0.46393558 0.00131597
v -0.0384725 0.46617252 0.0019584
v -0.04142312 0.46506602 0.001538
v -0.04201506 0.46684885 0.00161405
v -0.03916566 0.46793744 0.00212888
v -0.03631293 0.4690277 0.00274687
v -0.03681345 0.47087812 0.00209662
v -0.03344426 0.4699783 0.003469
v -0.03065205 0.47054267 0.00479905
v -0.02797044 0.47052729 0.0066013
v -0.02793504 0.47286519 0.00639848
v -0.02480662 0.47120491 0.00929689
v -0.02472757 0.47360101 0.00910441
v -0.02374273 0.47564161 0.00818198
v -0.02303739 0.47352841 0.01217751
v -0.02201406 0.47584128 0.01102111
v -0.02075565 0.47683972 0.00943104
v -0.02248187 0.47666267 0.00708189
v -0.02009556 0.47492731 0.00863826
v -0.02198474 0.4747178 0.00658889
v -0.02393834 0.47487774 0.00411451
v -0.02591013 0.47518948 0.0015248
v -0.02197325 0.47202331 0.00651782
v -0.02409437 0.47228831 0.00406289
v -0.02623923 0.47266924 0.00169466
v -0.02837797 0.47206086 -0.00095995
v -0.02657977 0.47529799 -0.00135771
v -0.02466949 0.46967494 0.00437343
v -0.02224509 0.46930739 0.00692774
v -0.02305295 0.46732315 0.00780741
v -0.0254078 0.4678022 0.00498492
v -0.02423844 0.46810323 0.00871545
v -0.02625451 0.46864727 0.00590974
v -0.02436111 0.46962699 0.00898236
v -0.02275437 0.46908125 0.01234107
v -0.02295486 0.47087181 0.01242629
v -0.02642878 0.46997809 0.00622399
v -0.0218135 0.46873039 0.01588951
v -0.01977411 0.47195548 0.00858503
v -0.02645967 0.4724254 -0.00362484
v -0.02568604 0.47489762 -0.00404416
v -0.02471154 0.47177398 -0.00589466
v -0.02417785 0.47427398 -0.00638312
v -0.02440942 0.47610426 -0.00725216
v -0.02233725 0.47387648 -0.00850256
v -0.02248945 0.47578639 -0.00928558
v -0.02338379 0.47518736 -0.01066614
v -0.026611 0.47453547 -0.00840955
v -0.02411708 0.47318777 -0.01164485
v -0.0274743 0.47233295 -0.00941409
v -0.02991024 0.47242194 -0.00738985
v -0.03232914 0.47214758 -0.00535243
v -0.02707211 0.46930501 -0.00924366
v -0.02958724 0.46925059 -0.00740253
v -0.03209569 0.46866453 -0.0056186
v -0.03464535 0.46761596 -0.00400373
v -0.03492574 0.47101337 -0.00375562
v -0.02893396 0.4667967 -0.0068565
v -0.02551412 0.46787608 -0.00904864
v -0.02438004 0.46671245 -0.00821058
v -0.02649712 0.46726528 -0.0059206
v -0.0233481 0.46865031 -0.00792769
v -0.02556419 0.46922722 -0.00571007
v -0.02258383 0.47127867 -0.00794569
v -0.02387173 0.470274 -0.01154092
v -0.02272854 0.4699719 -0.01427092
v -0.02312081 0.4684127 -0.01701856
v -0.01979116 0.47563046 0.01365323
v -0.03462724 0.46552467 0.00165329
v -0.01892039 0.47119051 0.02298467
v -0.01601528 0.47546411 0.02294365
v -0.0175267 0.47031412 0.02377992
v -0.01454761 0.47441757 0.02300673
v -0.01368389 0.47614411 0.02220211
v -0.01329224 0.47545683 0.01080801
v -0.01436147 0.4787246 0.01358408
v -0.01198391 0.47682115 0.02039286
v -0.0103815 0.478852 0.00171924
v -0.01139733 0.47991621 0.00462767
v -0.00756385 0.4791424 -0.0004371
v -0.00944549 0.47825822 -0.00044435
v -0.00743742 0.47933954 -0.00275461
v -0.00485453 0.47835374 -0.00036896
v -0.00474648 0.47817376 -0.00280485
v -0.00174891 0.47677457 -0.00037617
v -0.00182244 0.47664484 -0.00298084
v 0.00168927 0.47567156 -0.0004417
v 0.00121755 0.47551942 -0.00342517
v 0.00430764 0.47420073 -0.00047721
v 0.00336735 0.47415259 -0.00398753
v 0.00172014 0.47490597 -0.00709458
v 0.00248297 0.47110859 -0.00402011
v 0.00057134 0.47220606 -0.00708826
v -0.00156912 0.47381642 -0.00966026
v -0.00373036 0.47499079 -0.01177292
v -0.0007252 0.46929917 -0.00740608
v -0.00346409 0.47050151 -0.009756
v -0.00590724 0.47119886 -0.01235012
v 0.00162477 0.46825629 -0.00437945
v -0.00137221 0.46716076 -0.00815332
v 0.00140866 0.46619084 -0.005035
v 0.00091754 0.46394616 -0.00551632
v -0.00259152 0.46557379 -0.0080439
v -0.00730666 0.46588433 -0.00644694
v -0.00733377 0.46554053 -0.00354894
v -0.01029076 0.46556896 -0.00323865
v -0.0069751 0.46556079 -0.00033344
v -0.0095217 0.46595246 -6.322E-05
v -0.01084347 0.4676719 -0.00012916
v -0.01147914 0.46769175 -0.00314308
v -0.00947811 0.46638438 0.00318505
v -0.01158049 0.46745798 0.00307976
v -0.00675812 0.46595383 0.0030174
v 0.00237962 0.46584395 -0.00082719
v 0.00176995 0.46391916 -0.00091263
v 0.00151455 0.46643901 0.0034039
v 0.00101002 0.46434918 0.003709
v -0.00115211 0.46785051 0.0065452
v -0.00202785 0.46602929 0.00681174
v -0.00060083 0.46987012 0.00593762
v 0.00160856 0.46854043 0.00295033
v 0.00241272 0.47120807 0.00281974
v 0.00055301 0.47242182 0.00569416
v -0.00091298 0.47401461 0.00843821
v -0.00262711 0.47531846 0.01041791
v 0.00316643 0.47432005 0.00288131
v 0.000763 0.47582877 0.00245376
v 0.00364563 0.47075009 -0.00056161
v 0.00281586 0.46787998 -0.00069395
v -0.00254043 0.47710434 0.00229156
v -0.00452399 0.47553974 -0.01424074
v -0.00417358 0.4781549 -0.01433671
v -0.00495314 0.47331864 -0.01433602
v -0.00335063 0.47465467 -0.01696511
v -0.00269007 0.47700813 -0.01805932
v -0.00455292 0.47328171 -0.01640538
v -0.00572786 0.47388792 -0.01410375
v -0.005217 0.47349957 -0.01643402
v -0.00521518 0.47481406 -0.01686909
v -0.00488209 0.4762477 -0.017633
v -0.01166453 0.47432142 -0.00942432
v -0.00942964 0.47913602 0.00976306
v -0.00712108 0.47270992 0.01967229
v -0.0079793 0.47393143 0.01241491
v -0.0054411 0.47364765 0.01860553
v -0.00459205 0.47498995 0.01736363
v -0.00380822 0.47272384 0.01962725
v -0.01075987 0.47014704 -0.01014547
v -0.00966035 0.46999845 -0.01142116
v -0.03563752 0.4673363 0.00252387
v -0.03293638 0.46823379 0.00335325
v -0.03026626 0.46885461 0.00451545
v -0.0114062 0.47645107 0.01096734
v -0.01306621 0.47640368 0.01210912
v -0.01448143 0.47724101 0.01238152
v -0.01068857 0.47740945 0.0091642
v -0.01029109 0.47976252 0.00744552
v -0.01092145 0.47759825 0.00719346
v -0.00660367 0.46983439 0.00976025
v -0.00750941 0.47017509 0.01019709
v -0.00733961 0.48169285 0.00921063
f 1 2 3
f 1 3 4
f 1 5 6
f 1 6 2
f 1 4 7
f 1 7 5
f 5 7 8
f 5 8 6
f 9 10 11
f 9 11 12
f 9 13 14
f 9 14 10
f 9 12 15
f 9 15 13
f 3 14 16
f 3 16 17
f 3 17 18
f 3 18 19
f 3 2 10
f 3 10 14
f 3 19 20
f 3 20 4
f 21 22 23
f 21 23 24
f 21 15 12
f 21 12 22
f 21 25 26
f 21 26 15
f 20 27 7
f 20 7 4
f 20 28 29
f 20 29 27
f 20 19 21
f 20 21 24
f 20 24 30
f 20 30 28
f 31 32 33
f 31 33 34
f 31 35 36
f 31 36 37
f 31 37 38
f 31 38 32
f 39 40 41
f 39 41 42
f 43 44 45
f 43 45 46
f 43 47 34
f 43 34 44
f 43 48 49
f 43 49 47
f 43 50 51
f 43 51 48
f 43 46 52
f 43 52 50
f 49 48 30
f 49 30 53
f 49 53 54
f 49 54 55
f 49 55 56
f 49 56 57
f 49 57 58
f 49 58 47
f 57 59 60
f 57 60 58
f 57 61 62
f 57 62 59
f 50 52 63
f 50 63 64
f 50 64 65
f 50 65 51
f 66 67 65
f 66 65 64
f 66 64 68
f 66 68 69
f 66 56 55
f 66 55 67
f 66 69 70
f 66 70 71
f 66 71 72
f 66 72 56
f 63 52 73
f 63 73 74
f 63 74 68
f 63 68 64
f 68 74 73
f 68 73 75
f 68 75 76
f 68 76 77
f 68 77 78
f 68 78 69
f 42 41 79
f 42 79 80
f 42 80 81
f 42 81 82
f 42 82 83
f 42 83 84
f 61 57 56
f 61 56 85
f 61 85 86
f 61 86 87
f 61 88 89
f 61 89 62
f 81 80 90
f 81 90 91
f 81 91 92
f 81 92 82
f 87 93 88
f 87 88 61
f 87 86 94
f 87 94 95
f 90 96 97
f 90 97 98
f 90 98 99
f 90 99 100
f 90 100 101
f 90 101 91
f 102 103 104
f 102 104 105
f 102 106 107
f 102 107 108
f 102 108 109
f 102 109 103
f 105 104 110
f 105 110 111
f 105 111 112
f 105 112 102
f 113 114 115
f 113 115 116
f 113 117 118
f 113 118 114
f 113 119 120
f 113 120 117
f 113 121 122
f 113 122 119
f 113 116 123
f 113 123 121
f 124 125 126
f 124 126 127
f 124 127 128
f 124 128 129
f 124 129 130
f 124 130 131
f 124 132 133
f 124 133 125
f 124 131 134
f 124 134 132
f 135 136 137
f 135 137 138
f 139 140 136
f 139 136 135
f 135 138 141
f 135 141 139
f 142 143 141
f 142 141 138
f 142 138 144
f 142 144 145
f 142 145 146
f 142 146 147
f 148 149 121
f 148 121 123
f 148 123 150
f 148 150 151
f 148 151 152
f 148 152 149
f 153 154 155
f 153 155 156
f 153 156 157
f 153 157 152
f 153 152 151
f 153 151 154
f 157 158 149
f 157 149 152
f 157 159 160
f 157 160 158
f 161 143 142
f 161 142 162
f 161 162 163
f 161 163 164
f 161 164 165
f 161 165 143
f 155 166 134
f 155 134 167
f 155 154 168
f 155 168 166
f 155 167 169
f 155 169 170
f 155 170 171
f 155 171 156
f 170 172 173
f 170 173 174
f 170 169 175
f 170 175 172
f 169 167 176
f 169 176 177
f 169 164 163
f 169 163 175
f 162 142 147
f 162 147 178
f 162 178 179
f 162 179 180
f 162 180 181
f 162 181 163
f 182 183 184
f 182 184 185
f 186 187 182
f 186 182 185
f 186 188 189
f 186 189 187
f 186 190 191
f 186 191 188
f 186 192 193
f 186 193 190
f 186 185 184
f 186 184 192
f 184 194 193
f 184 193 192
f 184 183 195
f 184 195 194
f 196 171 197
f 196 197 198
f 196 198 199
f 196 199 200
f 196 200 201
f 196 201 202
f 196 202 159
f 196 159 157
f 196 157 156
f 196 156 171
f 181 201 175
f 181 175 163
f 181 180 203
f 181 203 204
f 181 205 202
f 181 202 201
f 181 204 191
f 181 191 205
f 204 206 188
f 204 188 191
f 190 193 207
f 190 207 191
f 179 189 208
f 179 208 209
f 179 209 203
f 179 203 180
f 189 179 210
f 189 210 211
f 189 211 212
f 189 212 187
f 189 188 206
f 189 206 208
f 213 214 215
f 213 215 216
f 217 218 214
f 217 214 213
f 213 216 219
f 213 219 217
f 216 215 220
f 216 220 221
f 216 221 222
f 216 222 223
f 216 223 224
f 216 224 225
f 216 225 226
f 216 226 219
f 227 228 223
f 227 223 222
f 227 229 230
f 227 230 228
f 59 62 231
f 59 231 60
f 37 36 232
f 37 232 233
f 37 41 40
f 37 40 38
f 37 233 79
f 37 79 41
f 89 88 234
f 89 234 235
f 89 235 231
f 89 231 62
f 94 86 236
f 94 236 237
f 94 237 238
f 94 238 239
f 240 76 241
f 240 241 242
f 240 242 94
f 240 94 239
f 240 239 77
f 240 77 76
f 243 244 245
f 243 245 246
f 243 247 248
f 243 248 244
f 243 249 250
f 243 250 247
f 243 246 251
f 243 251 252
f 243 252 253
f 243 253 249
f 254 255 256
f 254 256 195
f 254 195 183
f 254 183 257
f 254 257 137
f 254 137 255
f 191 207 258
f 191 258 205
f 130 129 259
f 130 259 260
f 130 260 176
f 130 176 131
f 261 177 176
f 261 176 260
f 261 260 259
f 261 259 262
f 261 262 165
f 261 165 177
f 263 234 264
f 263 264 265
f 263 266 235
f 263 235 234
f 263 265 267
f 263 267 266
f 268 264 93
f 268 93 269
f 268 269 244
f 268 244 248
f 268 248 265
f 268 265 264
f 269 93 87
f 269 87 270
f 269 270 245
f 269 245 244
f 270 87 95
f 270 95 271
f 270 271 272
f 270 272 245
f 272 271 273
f 272 273 101
f 272 101 100
f 272 100 274
f 272 274 246
f 272 246 245
f 274 100 99
f 274 99 275
f 274 275 251
f 274 251 246
f 275 99 276
f 275 276 277
f 275 277 278
f 275 278 251
f 278 279 252
f 278 252 251
f 278 277 280
f 278 280 281
f 278 281 282
f 278 282 279
f 282 283 284
f 282 284 279
f 282 281 126
f 282 126 125
f 282 125 133
f 282 133 283
f 284 285 286
f 284 286 253
f 284 253 252
f 284 252 279
f 284 283 287
f 284 287 285
f 287 288 289
f 287 289 285
f 287 283 133
f 287 133 290
f 287 290 291
f 287 291 288
f 291 292 293
f 291 293 288
f 291 290 294
f 291 294 295
f 291 295 296
f 291 296 292
f 296 116 115
f 296 115 292
f 296 295 168
f 296 168 150
f 296 150 123
f 296 123 116
f 295 294 166
f 295 166 168
f 294 290 133
f 294 133 132
f 294 132 134
f 294 134 166
f 293 297 298
f 293 298 299
f 293 299 289
f 293 289 288
f 293 292 115
f 293 115 297
f 299 298 98
f 299 98 97
f 299 97 300
f 299 300 289
f 300 97 96
f 300 96 301
f 300 301 302
f 300 302 286
f 300 286 285
f 300 285 289
f 302 301 233
f 302 233 232
f 302 232 250
f 302 250 249
f 302 249 253
f 302 253 286
f 301 96 79
f 301 79 233
f 298 276 99
f 298 99 98
f 298 297 303
f 298 303 276
f 303 280 277
f 303 277 276
f 303 297 115
f 303 115 114
f 303 114 118
f 303 118 280
f 281 280 118
f 281 118 126
f 273 271 95
f 273 95 304
f 273 304 305
f 273 305 92
f 273 92 91
f 273 91 101
f 305 304 242
f 305 242 241
f 305 241 306
f 305 306 83
f 305 83 82
f 305 82 92
f 306 241 76
f 306 76 75
f 306 75 73
f 306 73 307
f 306 307 84
f 306 84 83
f 307 73 52
f 307 52 46
f 307 46 45
f 307 45 84
f 304 95 94
f 304 94 242
f 267 308 309
f 267 309 266
f 267 265 248
f 267 248 247
f 267 247 250
f 267 250 308
f 309 35 60
f 309 60 231
f 309 231 235
f 309 235 266
f 309 308 36
f 309 36 35
f 308 250 232
f 308 232 36
f 264 234 88
f 264 88 93
f 262 259 139
f 262 139 141
f 262 141 143
f 262 143 165
f 259 129 128
f 259 128 139
f 258 310 160
f 258 160 159
f 258 159 202
f 258 202 205
f 258 207 311
f 258 311 310
f 311 256 312
f 311 312 310
f 311 207 193
f 311 193 194
f 311 194 195
f 311 195 256
f 312 313 314
f 312 314 315
f 312 315 160
f 312 160 310
f 312 256 255
f 312 255 313
f 315 314 119
f 315 119 122
f 315 122 158
f 315 158 160
f 314 140 120
f 314 120 119
f 314 313 136
f 314 136 140
f 313 255 137
f 313 137 136
f 257 183 182
f 257 182 144
f 257 144 138
f 257 138 137
f 239 238 78
f 239 78 77
f 238 316 317
f 238 317 78
f 238 237 318
f 238 318 316
f 318 319 320
f 318 320 316
f 318 237 236
f 318 236 321
f 318 321 322
f 318 322 319
f 322 323 324
f 322 324 319
f 322 321 325
f 322 325 326
f 322 326 327
f 322 327 323
f 327 109 328
f 327 328 323
f 327 326 329
f 327 329 330
f 327 330 103
f 327 103 109
f 330 329 331
f 330 331 332
f 330 332 104
f 330 104 103
f 332 331 333
f 332 333 334
f 332 334 110
f 332 110 104
f 334 333 335
f 334 335 336
f 334 336 337
f 334 337 110
f 337 338 111
f 337 111 110
f 337 336 339
f 337 339 340
f 337 340 341
f 337 341 338
f 341 342 343
f 341 343 338
f 341 340 344
f 341 344 345
f 341 345 346
f 341 346 342
f 346 347 348
f 346 348 342
f 346 345 349
f 346 349 350
f 346 350 351
f 346 351 347
f 351 352 353
f 351 353 347
f 351 350 354
f 351 354 355
f 351 355 210
f 351 210 352
f 355 354 356
f 355 356 357
f 355 357 211
f 355 211 210
f 357 356 358
f 357 358 359
f 357 359 212
f 357 212 211
f 359 358 360
f 359 360 361
f 359 361 362
f 359 362 212
f 362 182 187
f 362 187 212
f 362 361 146
f 362 146 145
f 362 145 144
f 362 144 182
f 361 360 363
f 361 363 146
f 363 360 364
f 363 364 348
f 363 348 347
f 363 347 353
f 363 353 147
f 363 147 146
f 364 360 358
f 364 358 365
f 364 365 112
f 364 112 343
f 364 343 342
f 364 342 348
f 365 358 356
f 365 356 106
f 365 106 102
f 365 102 112
f 356 354 107
f 356 107 106
f 354 350 349
f 354 349 107
f 353 352 178
f 353 178 147
f 352 210 179
f 352 179 178
f 349 345 344
f 349 344 366
f 349 366 108
f 349 108 107
f 366 344 367
f 366 367 328
f 366 328 109
f 366 109 108
f 367 344 340
f 367 340 339
f 367 339 368
f 367 368 324
f 367 324 323
f 367 323 328
f 368 339 336
f 368 336 335
f 368 335 369
f 368 369 320
f 368 320 319
f 368 319 324
f 369 335 333
f 369 333 370
f 369 370 70
f 369 70 317
f 369 317 316
f 369 316 320
f 370 333 331
f 370 331 371
f 370 371 71
f 370 71 70
f 371 331 329
f 371 329 372
f 371 372 72
f 371 72 71
f 372 329 326
f 372 326 325
f 372 325 373
f 372 373 72
f 373 325 321
f 373 321 236
f 373 236 86
f 373 86 85
f 373 85 56
f 373 56 72
f 343 112 111
f 343 111 338
f 317 70 69
f 317 69 78
f 374 229 227
f 374 227 222
f 374 222 221
f 374 221 375
f 374 375 217
f 374 217 229
f 375 221 220
f 375 220 376
f 375 376 218
f 375 218 217
f 376 220 198
f 376 198 197
f 376 197 174
f 376 174 218
f 230 377 378
f 230 378 228
f 230 229 217
f 230 217 219
f 230 219 226
f 230 226 377
f 378 208 206
f 378 206 224
f 378 224 223
f 378 223 228
f 378 377 209
f 378 209 208
f 377 226 203
f 377 203 209
f 226 225 204
f 226 204 203
f 225 224 206
f 225 206 204
f 220 215 199
f 220 199 198
f 218 174 173
f 218 173 214
f 215 214 173
f 215 173 199
f 201 200 172
f 201 172 175
f 200 199 173
f 200 173 172
f 197 171 170
f 197 170 174
f 169 177 165
f 169 165 164
f 176 167 134
f 176 134 131
f 168 154 151
f 168 151 150
f 158 122 121
f 158 121 149
f 140 139 128
f 140 128 120
f 128 127 117
f 128 117 120
f 127 126 118
f 127 118 117
f 96 90 80
f 96 80 79
f 379 44 34
f 379 34 33
f 379 33 380
f 379 380 381
f 379 381 382
f 379 382 39
f 382 383 40
f 382 40 39
f 382 381 18
f 382 18 17
f 382 17 16
f 382 16 383
f 383 384 38
f 383 38 40
f 383 16 385
f 383 385 384
f 385 26 386
f 385 386 384
f 385 16 14
f 385 14 13
f 385 13 15
f 385 15 26
f 386 380 33
f 386 33 32
f 386 32 38
f 386 38 384
f 386 26 25
f 386 25 380
f 381 380 25
f 381 25 18
f 67 55 54
f 67 54 387
f 67 387 29
f 67 29 65
f 387 54 388
f 387 388 389
f 387 389 27
f 387 27 29
f 389 388 390
f 389 390 8
f 389 8 7
f 389 7 27
f 390 22 12
f 390 12 11
f 390 11 6
f 390 6 8
f 390 388 23
f 390 23 22
f 388 54 53
f 388 53 23
f 65 29 28
f 65 28 51
f 60 35 31
f 60 31 58
f 58 31 34
f 58 34 47
f 53 30 24
f 53 24 23
f 51 28 30
f 51 30 48
f 25 21 19
f 25 19 18
f 11 10 2
f 11 2 6
f 45 44 379
f 45 379 39
f 84 45 39
f 84 39 42
f 391 392 393
f 391 393 394
f 391 394 395
f 391 395 396
f 391 396 397
f 391 397 392
f 398 399 400
f 398 400 401
f 398 402 403
f 398 403 399
f 398 401 404
f 398 404 402
f 405 406 407
f 405 407 408
f 405 408 409
f 405 409 410
f 405 410 411
f 405 411 412
f 413 414 415
f 413 415 416
f 417 418 419
f 417 419 420
f 417 420 421
f 417 421 411
f 417 411 410
f 417 410 418
f 408 422 423
f 408 423 424
f 408 407 425
f 408 425 422
f 408 424 426
f 408 426 409
f 427 428 429
f 427 429 430
f 427 431 432
f 427 432 428
f 427 433 434
f 427 434 431
f 435 413 416
f 435 416 436
f 435 437 414
f 435 414 413
f 435 436 438
f 435 438 439
f 440 441 442
f 440 442 443
f 444 445 441
f 444 441 440
f 440 443 423
f 440 423 444
f 443 446 424
f 443 424 423
f 447 448 449
f 447 449 450
f 447 450 451
f 447 451 452
f 447 452 453
f 447 453 448
f 454 455 437
f 454 437 435
f 454 456 457
f 454 457 455
f 454 435 439
f 454 439 456
f 420 449 458
f 420 458 459
f 420 459 460
f 420 460 421
f 420 419 450
f 420 450 449
f 461 462 463
f 461 463 464
f 461 464 465
f 461 465 466
f 461 466 467
f 461 467 462
f 468 469 470
f 468 470 471
f 468 472 473
f 468 473 469
f 468 474 475
f 468 475 472
f 468 471 476
f 468 476 477
f 468 477 478
f 468 478 474
f 479 480 481
f 479 481 482
f 479 482 483
f 479 483 484
f 479 484 485
f 479 485 480
f 486 487 488
f 486 488 489
f 486 490 448
f 486 448 453
f 486 489 491
f 486 491 490
f 492 493 494
f 492 494 442
f 492 442 441
f 492 441 495
f 492 496 497
f 492 497 493
f 438 436 498
f 438 498 499
f 438 500 501
f 438 501 502
f 438 499 503
f 438 503 500
f 504 505 506
f 504 506 507
f 508 509 505
f 508 505 504
f 504 507 510
f 504 510 508
f 500 503 497
f 500 497 501
f 503 499 493
f 503 493 497
f 486 453 457
f 486 457 511
f 512 511 513
f 512 513 514
f 487 512 514
f 487 514 515
f 516 517 518
f 516 518 519
f 516 520 521
f 516 521 517
f 516 519 522
f 516 522 520
f 523 524 525
f 523 525 526
f 527 528 529
f 527 529 530
f 527 531 532
f 527 532 528
f 527 530 533
f 527 533 534
f 535 474 478
f 535 478 536
f 535 537 475
f 535 475 474
f 535 536 538
f 535 538 537
f 487 515 539
f 487 539 488
f 540 541 542
f 540 542 543
f 540 543 544
f 540 544 545
f 540 545 546
f 540 546 547
f 548 542 549
f 548 549 550
f 548 550 551
f 548 551 552
f 548 552 543
f 548 543 542
f 488 539 553
f 488 553 489
f 554 555 496
f 554 496 492
f 483 524 523
f 483 523 556
f 483 482 557
f 483 557 524
f 483 558 559
f 483 559 484
f 483 556 560
f 483 560 558
f 544 543 552
f 544 552 551
f 544 551 561
f 544 561 545
f 549 562 563
f 549 563 550
f 549 542 541
f 549 541 460
f 556 523 564
f 556 564 560
f 465 464 565
f 465 565 566
f 465 529 528
f 465 528 567
f 568 569 570
f 568 570 571
f 568 571 572
f 568 572 573
f 568 573 574
f 568 574 575
f 576 577 501
f 576 501 497
f 578 579 577
f 578 577 576
f 465 566 580
f 465 580 529
f 476 581 582
f 476 582 477
f 476 583 584
f 476 584 585
f 476 585 586
f 476 586 581
f 587 506 505
f 587 505 588
f 587 564 589
f 587 589 506
f 587 588 590
f 587 590 591
f 587 592 560
f 587 560 564
f 545 593 594
f 545 594 546
f 545 561 595
f 545 595 593
f 588 596 597
f 588 597 590
f 588 598 599
f 588 599 596
f 580 600 530
f 580 530 529
f 580 601 602
f 580 602 600
f 580 603 604
f 580 604 601
f 580 566 605
f 580 605 603
f 558 606 607
f 558 607 608
f 558 608 609
f 558 609 559
f 558 560 592
f 558 592 606
f 578 496 555
f 578 555 610
f 578 610 611
f 578 611 612
f 613 614 615
f 613 615 616
f 613 600 602
f 613 602 614
f 613 533 530
f 613 530 600
f 613 616 617
f 613 617 618
f 566 565 619
f 566 619 620
f 566 620 621
f 566 621 605
f 622 623 624
f 622 624 625
f 622 625 626
f 622 626 627
f 622 628 629
f 622 629 630
f 622 630 631
f 622 631 623
f 632 633 634
f 632 634 635
f 636 637 633
f 636 633 632
f 632 635 638
f 632 638 636
f 610 555 639
f 610 639 640
f 593 595 641
f 593 641 642
f 608 607 643
f 608 643 609
f 644 645 646
f 644 646 647
f 644 648 649
f 644 649 645
f 644 647 650
f 644 650 648
f 651 652 653
f 651 653 654
f 651 655 656
f 651 656 652
f 657 658 659
f 657 659 660
f 657 650 647
f 657 647 661
f 657 661 662
f 657 662 663
f 657 663 664
f 657 664 658
f 665 666 667
f 665 667 668
f 665 668 618
f 665 618 669
f 665 670 671
f 665 671 666
f 665 669 672
f 665 672 673
f 665 673 674
f 665 674 670
f 619 565 675
f 619 675 676
f 619 676 677
f 619 677 620
f 678 679 680
f 678 680 681
f 678 641 595
f 678 595 682
f 678 681 683
f 678 683 641
f 652 679 638
f 652 638 684
f 652 656 680
f 652 680 679
f 605 621 685
f 605 685 686
f 605 686 687
f 605 687 688
f 689 690 671
f 689 671 691
f 689 691 692
f 689 692 693
f 689 693 694
f 689 694 690
f 695 696 697
f 695 697 698
f 695 698 634
f 695 634 633
f 695 633 637
f 695 637 696
f 699 629 628
f 699 628 700
f 699 700 701
f 699 701 646
f 699 646 645
f 699 645 629
f 684 638 635
f 684 635 612
f 684 702 653
f 684 653 652
f 680 656 703
f 680 703 681
f 670 674 691
f 670 691 671
f 704 705 706
f 704 706 707
f 708 709 705
f 708 705 704
f 704 707 710
f 704 710 708
f 656 655 711
f 656 711 712
f 656 712 713
f 656 713 703
f 714 715 716
f 714 716 717
f 714 718 643
f 714 643 607
f 714 717 713
f 714 713 718
f 714 607 606
f 714 606 715
f 719 602 601
f 719 601 720
f 719 720 721
f 719 721 722
f 719 722 614
f 719 614 602
f 723 604 724
f 723 724 725
f 723 720 601
f 723 601 604
f 723 725 721
f 723 721 720
f 673 672 726
f 673 726 727
f 673 727 728
f 673 728 729
f 673 729 730
f 673 730 674
f 731 730 729
f 731 729 732
f 731 733 692
f 731 692 730
f 731 732 734
f 731 734 733
f 735 736 737
f 735 737 738
f 735 739 740
f 735 740 736
f 735 741 742
f 735 742 739
f 743 744 627
f 743 627 745
f 746 747 744
f 746 744 743
f 743 745 748
f 743 748 746
f 738 737 663
f 738 663 662
f 738 662 749
f 738 749 750
f 751 752 688
f 751 688 753
f 751 753 754
f 751 754 755
f 751 726 756
f 751 756 757
f 751 755 727
f 751 727 726
f 758 759 760
f 758 760 761
f 762 763 759
f 762 759 758
f 758 761 764
f 758 764 762
f 765 766 767
f 765 767 768
f 757 756 766
f 757 766 765
f 765 768 769
f 765 769 757
f 753 688 687
f 753 687 770
f 753 770 771
f 753 771 772
f 753 772 773
f 753 773 754
f 748 745 774
f 748 774 775
f 748 775 776
f 748 776 777
f 750 746 778
f 750 778 779
f 750 749 747
f 750 747 746
f 750 780 781
f 750 781 738
f 782 783 784
f 782 784 785
f 782 786 787
f 782 787 783
f 788 789 790
f 788 790 791
f 773 792 793
f 773 793 754
f 794 795 796
f 794 796 797
f 794 761 798
f 794 798 795
f 794 797 764
f 794 764 761
f 799 800 801
f 799 801 802
f 799 803 768
f 799 768 767
f 799 802 804
f 799 804 803
f 805 806 807
f 805 807 808
f 738 781 806
f 738 806 805
f 805 808 735
f 805 735 738
f 809 810 811
f 809 811 812
f 809 812 813
f 809 813 814
f 809 814 815
f 809 815 810
f 796 816 817
f 796 817 818
f 796 818 819
f 796 819 820
f 796 820 821
f 796 821 797
f 822 811 810
f 822 810 790
f 822 823 824
f 822 824 825
f 822 790 789
f 822 789 823
f 802 801 826
f 802 826 827
f 802 827 828
f 802 828 829
f 789 788 830
f 789 830 831
f 789 831 832
f 789 832 833
f 834 835 779
f 834 779 836
f 834 836 837
f 834 837 838
f 834 838 839
f 834 839 835
f 821 776 764
f 821 764 797
f 821 840 777
f 821 777 776
f 821 841 842
f 821 842 840
f 821 820 843
f 821 843 841
f 844 771 845
f 844 845 846
f 844 846 847
f 844 847 848
f 844 848 849
f 844 849 850
f 844 851 772
f 844 772 771
f 844 850 852
f 844 852 851
f 853 807 839
f 853 839 838
f 853 838 837
f 853 837 854
f 853 854 808
f 853 808 807
f 855 856 857
f 855 857 858
f 854 859 856
f 854 856 855
f 855 858 808
f 855 808 854
f 860 861 852
f 860 852 850
f 860 850 862
f 860 862 863
f 860 863 864
f 860 864 861
f 850 849 865
f 850 865 862
f 866 840 842
f 866 842 867
f 866 868 777
f 866 777 840
f 866 867 869
f 866 869 868
f 854 837 870
f 854 870 871
f 854 871 872
f 854 872 859
f 873 874 875
f 873 875 876
f 873 877 828
f 873 828 874
f 873 876 878
f 873 878 877
f 879 876 875
f 879 875 880
f 879 881 878
f 879 878 876
f 882 829 828
f 882 828 877
f 882 877 878
f 882 878 883
f 882 883 884
f 882 884 885
f 886 887 888
f 886 888 889
f 886 890 891
f 886 891 887
f 891 892 893
f 891 893 887
f 891 890 894
f 891 894 895
f 896 897 898
f 896 898 895
f 896 899 900
f 896 900 897
f 896 901 902
f 896 902 899
f 903 904 905
f 903 905 901
f 903 901 896
f 903 896 906
f 907 908 909
f 907 909 910
f 907 910 911
f 907 911 912
f 907 912 913
f 907 913 914
f 915 916 917
f 915 917 918
f 915 919 906
f 915 906 894
f 920 921 922
f 920 922 923
f 920 924 925
f 920 925 926
f 920 926 927
f 920 927 928
f 920 928 929
f 920 929 921
f 920 923 930
f 920 930 924
f 931 919 915
f 931 915 932
f 931 933 904
f 931 904 919
f 931 934 935
f 931 935 933
f 936 937 938
f 936 938 939
f 924 930 940
f 924 940 925
f 941 932 915
f 941 915 918
f 941 918 942
f 941 942 943
f 941 944 945
f 941 945 946
f 941 943 947
f 941 947 944
f 941 946 948
f 941 948 932
f 949 950 939
f 949 939 951
f 939 950 952
f 939 952 936
f 953 954 934
f 953 934 955
f 946 945 956
f 946 956 948
f 957 955 958
f 957 958 959
f 957 959 960
f 957 960 961
f 957 961 953
f 957 953 955
f 945 944 962
f 945 962 956
f 963 926 925
f 963 925 964
f 963 965 927
f 963 927 926
f 963 964 966
f 963 966 965
f 967 962 968
f 967 968 969
f 959 956 962
f 959 962 967
f 967 969 960
f 967 960 959
f 960 969 970
f 960 970 971
f 960 971 972
f 960 972 973
f 960 973 974
f 960 974 961
f 975 976 966
f 975 966 977
f 975 977 969
f 975 969 968
f 975 968 947
f 975 947 976
f 978 979 798
f 978 798 980
f 978 521 981
f 978 981 979
f 978 980 517
f 978 517 521
f 981 982 546
f 981 546 594
f 981 594 983
f 981 983 979
f 981 521 520
f 981 520 982
f 983 795 798
f 983 798 979
f 983 594 593
f 983 593 816
f 983 816 796
f 983 796 795
f 982 984 547
f 982 547 546
f 982 520 522
f 982 522 984
f 984 429 985
f 984 985 547
f 984 522 430
f 984 430 429
f 985 986 987
f 985 987 988
f 985 988 540
f 985 540 547
f 985 429 428
f 985 428 986
f 988 987 412
f 988 412 989
f 988 989 541
f 988 541 540
f 989 412 411
f 989 411 421
f 989 421 460
f 989 460 541
f 987 990 405
f 987 405 412
f 987 986 991
f 987 991 990
f 991 992 993
f 991 993 990
f 991 986 428
f 991 428 432
f 991 432 994
f 991 994 992
f 994 995 996
f 994 996 992
f 994 432 431
f 994 431 510
f 994 510 507
f 994 507 995
f 995 997 998
f 995 998 996
f 995 507 526
f 995 526 997
f 997 403 402
f 997 402 998
f 997 526 525
f 997 525 403
f 990 993 406
f 990 406 405
f 980 798 761
f 980 761 760
f 980 760 518
f 980 518 517
f 977 999 970
f 977 970 969
f 977 966 964
f 977 964 999
f 999 940 1000
f 999 1000 970
f 999 964 925
f 999 925 940
f 1000 1001 1002
f 1000 1002 1003
f 1000 1003 971
f 1000 971 970
f 1000 940 930
f 1000 930 1001
f 1003 1002 1004
f 1003 1004 1005
f 1003 1005 972
f 1003 972 971
f 1005 1004 1006
f 1005 1006 1007
f 1005 1007 1008
f 1005 1008 972
f 1008 1007 952
f 1008 952 1009
f 1008 1009 1010
f 1008 1010 1011
f 1008 1011 973
f 1008 973 972
f 1012 1013 933
f 1012 933 935
f 1012 1014 950
f 1012 950 1013
f 1015 935 934
f 1015 934 954
f 1013 905 904
f 1013 904 933
f 1013 950 1016
f 1013 1016 905
f 1004 911 1017
f 1004 1017 1006
f 1004 1002 912
f 1004 912 911
f 1002 1001 913
f 1002 913 912
f 1001 930 923
f 1001 923 913
f 976 947 943
f 976 943 1018
f 976 1018 965
f 976 965 966
f 1018 943 942
f 1018 942 1019
f 1018 1019 927
f 1018 927 965
f 1019 942 1020
f 1019 1020 1021
f 1019 1021 928
f 1019 928 927
f 1021 1020 1022
f 1021 1022 1023
f 1021 1023 929
f 1021 929 928
f 1023 1022 1024
f 1023 1024 1025
f 1023 1025 1026
f 1023 1026 929
f 1026 1025 1027
f 1026 1027 1028
f 1026 1028 1029
f 1026 1029 1030
f 1026 1030 921
f 1026 921 929
f 1030 1029 1031
f 1030 1031 1032
f 1030 1032 922
f 1030 922 921
f 1032 1031 1033
f 1032 1033 1034
f 1032 1034 914
f 1032 914 922
f 1034 1033 1035
f 1034 1035 1036
f 1034 1036 907
f 1034 907 914
f 1036 1035 1037
f 1036 1037 1038
f 1036 1038 908
f 1036 908 907
f 1038 1037 1039
f 1038 1039 1040
f 1038 1040 1041
f 1038 1041 908
f 1041 1042 909
f 1041 909 908
f 1041 1040 1043
f 1041 1043 1044
f 1041 1044 1045
f 1041 1045 1042
f 1045 1046 1047
f 1045 1047 1042
f 1045 1044 1048
f 1045 1048 1049
f 1045 1049 1050
f 1045 1050 1046
f 1050 1051 1052
f 1050 1052 1046
f 1050 1049 1053
f 1050 1053 1054
f 1050 1054 847
f 1050 847 1051
f 1054 1053 1055
f 1054 1055 1056
f 1054 1056 848
f 1054 848 847
f 1056 1055 1057
f 1056 1057 1058
f 1056 1058 849
f 1056 849 848
f 1058 1057 898
f 1058 898 1059
f 1058 1059 865
f 1058 865 849
f 1059 898 897
f 1059 897 1060
f 1059 1060 1061
f 1059 1061 865
f 1061 1062 862
f 1061 862 865
f 1061 1060 1063
f 1061 1063 1064
f 1061 1064 1065
f 1061 1065 1062
f 1065 880 1066
f 1065 1066 1062
f 1065 1064 1067
f 1065 1067 881
f 1065 881 879
f 1065 879 880
f 1067 1064 1063
f 1067 1063 1068
f 1067 1068 884
f 1067 884 883
f 1067 883 878
f 1067 878 881
f 1068 1063 900
f 1068 900 1069
f 1068 1069 1070
f 1068 1070 884
f 1070 1069 1071
f 1070 1071 1072
f 1070 1072 1073
f 1070 1073 1074
f 1070 1074 885
f 1070 885 884
f 1075 1076 1077
f 1075 1077 1078
f 1075 1078 1079
f 1075 1079 1080
f 1075 1080 1081
f 1075 1081 1082
f 1081 833 832
f 1081 832 1082
f 1081 1080 1083
f 1081 1083 1084
f 1081 1084 1085
f 1081 1085 833
f 1085 823 789
f 1085 789 833
f 1085 1084 1086
f 1085 1086 1087
f 1085 1087 824
f 1085 824 823
f 1087 1086 1088
f 1087 1088 1089
f 1087 1089 1090
f 1087 1090 824
f 1090 1091 825
f 1090 825 824
f 1090 1089 1092
f 1090 1092 1093
f 1090 1093 1094
f 1090 1094 1091
f 1094 1095 1096
f 1094 1096 1091
f 1094 1093 1097
f 1094 1097 1098
f 1094 1098 1099
f 1094 1099 1095
f 1099 1100 1101
f 1099 1101 1095
f 1099 1098 687
f 1099 687 686
f 1099 686 685
f 1099 685 1100
f 1101 654 653
f 1101 653 702
f 1101 702 1096
f 1101 1096 1095
f 1101 1100 1102
f 1101 1102 654
f 1102 655 651
f 1102 651 654
f 1102 1100 685
f 1102 685 1103
f 1102 1103 711
f 1102 711 655
f 1103 685 621
f 1103 621 1104
f 1103 1104 1105
f 1103 1105 711
f 1105 1106 712
f 1105 712 711
f 1105 1104 677
f 1105 677 1107
f 1105 1107 1108
f 1105 1108 1106
f 1108 643 718
f 1108 718 1106
f 1108 1107 1109
f 1108 1109 1110
f 1108 1110 609
f 1108 609 643
f 1110 1109 1111
f 1110 1111 1112
f 1110 1112 559
f 1110 559 609
f 1112 1111 1113
f 1112 1113 485
f 1112 485 484
f 1112 484 559
f 1113 1111 675
f 1113 675 463
f 1113 463 462
f 1113 462 1114
f 1113 1114 480
f 1113 480 485
f 1114 462 467
f 1114 467 1115
f 1114 1115 481
f 1114 481 480
f 1115 467 1116
f 1115 1116 1117
f 1115 1117 1118
f 1115 1118 481
f 1118 1117 1119
f 1118 1119 1120
f 1118 1120 1121
f 1118 1121 557
f 1118 557 482
f 1118 482 481
f 1121 1120 400
f 1121 400 399
f 1121 399 403
f 1121 403 525
f 1121 525 524
f 1121 524 557
f 1120 1119 1122
f 1120 1122 400
f 1122 1119 1123
f 1122 1123 393
f 1122 393 392
f 1122 392 1124
f 1122 1124 401
f 1122 401 400
f 1124 392 397
f 1124 397 1125
f 1124 1125 404
f 1124 404 401
f 1125 397 1126
f 1125 1126 1127
f 1125 1127 1128
f 1125 1128 404
f 1127 1126 425
f 1127 425 407
f 1127 407 406
f 1127 406 1128
f 1126 397 396
f 1126 396 1129
f 1126 1129 1130
f 1126 1130 425
f 1130 1129 1131
f 1130 1131 1132
f 1130 1132 473
f 1130 473 1133
f 1130 1133 422
f 1130 422 425
f 1133 473 472
f 1133 472 444
f 1133 444 423
f 1133 423 422
f 1132 1131 532
f 1132 532 531
f 1132 531 469
f 1132 469 473
f 1131 395 1134
f 1131 1134 532
f 1131 1129 396
f 1131 396 395
f 1134 1135 1136
f 1134 1136 567
f 1134 567 528
f 1134 528 532
f 1134 395 394
f 1134 394 1135
f 1136 1116 467
f 1136 467 466
f 1136 466 465
f 1136 465 567
f 1136 1135 1123
f 1136 1123 1116
f 1135 394 393
f 1135 393 1123
f 1123 1119 1117
f 1123 1117 1116
f 1111 1109 676
f 1111 676 675
f 1109 1107 677
f 1109 677 676
f 1106 718 713
f 1106 713 712
f 1104 621 620
f 1104 620 677
f 1098 1097 770
f 1098 770 687
f 1097 1093 1092
f 1097 1092 845
f 1097 845 771
f 1097 771 770
f 1096 702 684
f 1096 684 1137
f 1096 1137 825
f 1096 825 1091
f 1137 684 612
f 1137 612 611
f 1137 611 822
f 1137 822 825
f 1092 1089 1088
f 1092 1088 1138
f 1092 1138 846
f 1092 846 845
f 1138 1088 1052
f 1138 1052 1051
f 1138 1051 847
f 1138 847 846
f 1088 1086 1139
f 1088 1139 1052
f 1139 1086 1084
f 1139 1084 1083
f 1139 1083 1140
f 1139 1140 1047
f 1139 1047 1046
f 1139 1046 1052
f 1140 1083 1080
f 1140 1080 1079
f 1140 1079 910
f 1140 910 909
f 1140 909 1042
f 1140 1042 1047
f 1079 1078 1141
f 1079 1141 910
f 1141 1078 1077
f 1141 1077 1142
f 1141 1142 937
f 1141 937 1017
f 1141 1017 911
f 1141 911 910
f 1143 1073 1072
f 1143 1072 1144
f 1143 1144 1145
f 1143 1145 938
f 1144 1072 1071
f 1144 1071 1146
f 1144 1146 1147
f 1144 1147 1145
f 1146 1071 899
f 1146 899 902
f 1146 902 1016
f 1146 1016 1147
f 1071 1069 900
f 1071 900 899
f 1066 1148 864
f 1066 864 863
f 1066 863 862
f 1066 862 1062
f 1066 880 875
f 1066 875 1148
f 1148 875 874
f 1148 874 1149
f 1148 1149 1150
f 1148 1150 864
f 1150 1151 861
f 1150 861 864
f 1150 1149 827
f 1150 827 826
f 1150 826 1152
f 1150 1152 1151
f 1152 1153 1154
f 1152 1154 1151
f 1152 826 801
f 1152 801 1155
f 1152 1155 1156
f 1152 1156 1153
f 1156 1157 793
f 1156 793 1153
f 1156 1155 1158
f 1156 1158 1159
f 1156 1159 728
f 1156 728 1157
f 1159 1158 734
f 1159 734 732
f 1159 732 729
f 1159 729 728
f 1158 1155 801
f 1158 801 800
f 1158 800 1160
f 1158 1160 734
f 1160 800 799
f 1160 799 707
f 1160 707 706
f 1160 706 1161
f 1160 1161 733
f 1160 733 734
f 1161 706 694
f 1161 694 693
f 1161 693 692
f 1161 692 733
f 1157 755 754
f 1157 754 793
f 1157 728 727
f 1157 727 755
f 1154 792 851
f 1154 851 852
f 1154 852 861
f 1154 861 1151
f 1154 1153 793
f 1154 793 792
f 1149 874 828
f 1149 828 827
f 1063 1060 897
f 1063 897 900
f 1057 1055 892
f 1057 892 891
f 1057 891 895
f 1057 895 898
f 1055 1053 1162
f 1055 1162 892
f 1162 1053 1049
f 1162 1049 1048
f 1162 1048 1163
f 1162 1163 1164
f 1162 1164 893
f 1162 893 892
f 1164 1163 1165
f 1164 1165 1166
f 1164 1166 1167
f 1164 1167 893
f 1167 1166 857
f 1167 857 856
f 1167 856 859
f 1167 859 888
f 1167 888 887
f 1167 887 893
f 1166 1165 1168
f 1166 1168 857
f 1168 1165 1169
f 1168 1169 1170
f 1168 1170 1171
f 1168 1171 1172
f 1168 1172 858
f 1168 858 857
f 1172 1171 1173
f 1172 1173 1174
f 1172 1174 741
f 1172 741 858
f 1174 1173 1175
f 1174 1175 1176
f 1174 1176 742
f 1174 742 741
f 1176 1175 1177
f 1176 1177 1178
f 1176 1178 1179
f 1176 1179 742
f 1178 1177 1180
f 1178 1180 716
f 1178 716 715
f 1178 715 1179
f 1180 1177 1181
f 1180 1181 1182
f 1180 1182 683
f 1180 683 1183
f 1180 1183 717
f 1180 717 716
f 1183 683 681
f 1183 681 703
f 1183 703 713
f 1183 713 717
f 1182 1181 817
f 1182 817 642
f 1182 642 641
f 1182 641 683
f 1181 1184 818
f 1181 818 817
f 1181 1177 1175
f 1181 1175 1184
f 1184 1185 819
f 1184 819 818
f 1184 1175 1173
f 1184 1173 1185
f 1185 1186 1187
f 1185 1187 819
f 1185 1173 1171
f 1185 1171 1186
f 1187 1188 1189
f 1187 1189 843
f 1187 843 820
f 1187 820 819
f 1187 1186 1190
f 1187 1190 1188
f 1190 1039 1037
f 1190 1037 1188
f 1190 1186 1171
f 1190 1171 1170
f 1190 1170 1169
f 1190 1169 1039
f 1189 1035 1033
f 1189 1033 1191
f 1189 1191 841
f 1189 841 843
f 1189 1188 1037
f 1189 1037 1035
f 1191 1033 1031
f 1191 1031 1192
f 1191 1192 842
f 1191 842 841
f 1192 1031 1029
f 1192 1029 1193
f 1192 1193 867
f 1192 867 842
f 1193 1029 1028
f 1193 1028 1194
f 1193 1194 869
f 1193 869 867
f 1194 1028 1027
f 1194 1027 1195
f 1194 1195 1196
f 1194 1196 869
f 1196 1195 1197
f 1196 1197 1198
f 1196 1198 1199
f 1196 1199 1200
f 1196 1200 868
f 1196 868 869
f 1200 1199 1201
f 1200 1201 1202
f 1200 1202 777
f 1200 777 868
f 1199 1198 870
f 1199 870 1203
f 1199 1203 778
f 1199 778 1201
f 1203 870 837
f 1203 837 836
f 1203 836 779
f 1203 779 778
f 1198 1197 871
f 1198 871 870
f 1197 1204 872
f 1197 872 871
f 1197 1195 1027
f 1197 1027 1204
f 1204 1024 889
f 1204 889 872
f 1204 1027 1025
f 1204 1025 1024
f 1169 1043 1040
f 1169 1040 1039
f 1169 1165 1163
f 1169 1163 1043
f 1163 1048 1044
f 1163 1044 1043
f 1024 1022 886
f 1024 886 889
f 1022 1020 917
f 1022 917 886
f 1020 942 918
f 1020 918 917
f 974 954 953
f 974 953 961
f 968 962 944
f 968 944 947
f 959 958 948
f 959 948 956
f 958 955 934
f 958 934 931
f 958 931 932
f 958 932 948
f 1016 902 901
f 1016 901 905
f 923 922 914
f 923 914 913
f 919 904 903
f 919 903 906
f 906 896 895
f 906 895 894
f 916 915 894
f 916 894 890
f 916 890 886
f 916 886 917
f 889 888 859
f 889 859 872
f 858 741 735
f 858 735 808
f 851 792 773
f 851 773 772
f 839 807 806
f 839 806 781
f 839 781 780
f 839 780 835
f 822 611 610
f 822 610 811
f 817 816 593
f 817 593 642
f 1205 1206 787
f 1205 787 786
f 815 791 790
f 815 790 810
f 1205 1207 1208
f 1205 1208 1206
f 1208 1209 1210
f 1208 1210 1206
f 1208 1211 1212
f 1208 1212 1209
f 1212 538 536
f 1212 536 1209
f 1212 1211 1213
f 1212 1213 1214
f 1212 1214 1215
f 1212 1215 538
f 1215 1216 537
f 1215 537 538
f 1215 1214 639
f 1215 639 1217
f 1215 1217 495
f 1215 495 1216
f 1217 639 555
f 1217 555 554
f 1217 554 492
f 1217 492 495
f 1216 445 475
f 1216 475 537
f 1216 495 441
f 1216 441 445
f 1214 1213 640
f 1214 640 639
f 1213 1211 1218
f 1213 1218 813
f 1213 813 812
f 1213 812 640
f 1210 478 477
f 1210 477 582
f 1210 582 787
f 1210 787 1206
f 1210 1209 536
f 1210 536 478
f 812 811 610
f 812 610 640
f 804 782 785
f 804 785 803
f 803 785 1219
f 803 1219 768
f 1219 1220 1221
f 1219 1221 1222
f 1219 1222 769
f 1219 769 768
f 1219 785 784
f 1219 784 1220
f 1222 1221 722
f 1222 722 721
f 1222 721 725
f 1222 725 769
f 1221 615 614
f 1221 614 722
f 1221 1220 1223
f 1221 1223 615
f 1223 1224 616
f 1223 616 615
f 1223 1220 784
f 1223 784 586
f 1223 586 585
f 1223 585 1224
f 1224 1225 617
f 1224 617 616
f 1224 585 584
f 1224 584 1225
f 1225 584 708
f 1225 708 1226
f 1225 1226 1227
f 1225 1227 617
f 1227 1226 1228
f 1227 1228 1229
f 1227 1229 672
f 1227 672 669
f 1227 669 618
f 1227 618 617
f 1229 1228 766
f 1229 766 756
f 1229 756 726
f 1229 726 672
f 1228 710 767
f 1228 767 766
f 1228 1226 708
f 1228 708 710
f 799 767 710
f 799 710 707
f 787 582 581
f 787 581 783
f 784 783 581
f 784 581 586
f 1201 778 746
f 1201 746 748
f 780 750 779
f 780 779 835
f 776 775 762
f 776 762 764
f 775 774 1230
f 775 1230 762
f 1230 1231 763
f 1230 763 762
f 1230 774 1232
f 1230 1232 1233
f 1230 1233 1234
f 1230 1234 1231
f 1234 572 571
f 1234 571 1231
f 1234 1233 1235
f 1234 1235 1236
f 1234 1236 1237
f 1234 1237 572
f 1237 1238 573
f 1237 573 572
f 1237 1236 597
f 1237 597 596
f 1237 596 599
f 1237 599 1238
f 1238 1239 574
f 1238 574 573
f 1238 599 1240
f 1238 1240 1239
f 1240 1241 624
f 1240 624 1239
f 1240 599 598
f 1240 598 1242
f 1240 1242 659
f 1240 659 1241
f 1242 598 509
f 1242 509 1243
f 1242 1243 660
f 1242 660 659
f 1243 509 508
f 1243 508 1244
f 1243 1244 1245
f 1243 1245 660
f 1245 650 657
f 1245 657 660
f 1245 1244 1246
f 1245 1246 1247
f 1245 1247 648
f 1245 648 650
f 1247 1246 1248
f 1247 1248 1249
f 1247 1249 649
f 1247 649 648
f 1249 1248 575
f 1249 575 631
f 1249 631 630
f 1249 630 649
f 1248 1246 434
f 1248 434 433
f 1248 433 568
f 1248 568 575
f 1246 1244 508
f 1246 508 434
f 1241 1250 625
f 1241 625 624
f 1241 659 658
f 1241 658 1250
f 1250 1251 626
f 1250 626 625
f 1250 658 664
f 1250 664 1251
f 1251 1252 1253
f 1251 1253 626
f 1251 664 1254
f 1251 1254 1252
f 1254 1255 1256
f 1254 1256 1252
f 1254 664 663
f 1254 663 737
f 1254 737 736
f 1254 736 1255
f 1256 1235 1233
f 1256 1233 1232
f 1256 1232 1253
f 1256 1253 1252
f 1256 1255 1257
f 1256 1257 1235
f 1257 597 1236
f 1257 1236 1235
f 1257 1255 736
f 1257 736 740
f 1257 740 590
f 1257 590 597
f 1253 1232 774
f 1253 774 745
f 1253 745 627
f 1253 627 626
f 1239 624 623
f 1239 623 574
f 1231 571 570
f 1231 570 763
f 769 725 724
f 769 724 757
f 763 570 1258
f 763 1258 759
f 1258 1259 519
f 1258 519 518
f 1258 518 760
f 1258 760 759
f 1258 570 569
f 1258 569 1259
f 1259 569 427
f 1259 427 430
f 1259 430 522
f 1259 522 519
f 757 724 752
f 757 752 751
f 752 603 605
f 752 605 688
f 752 724 604
f 752 604 603
f 749 662 661
f 749 661 701
f 749 701 700
f 749 700 747
f 747 700 628
f 747 628 744
f 744 628 622
f 744 622 627
f 742 1179 591
f 742 591 739
f 740 739 591
f 740 591 590
f 730 692 691
f 730 691 674
f 709 1260 1261
f 709 1261 705
f 709 708 584
f 709 584 583
f 709 583 1262
f 709 1262 1260
f 1262 1263 1264
f 1262 1264 1260
f 1262 583 476
f 1262 476 471
f 1262 471 470
f 1262 470 1263
f 1264 667 666
f 1264 666 1265
f 1264 1265 1261
f 1264 1261 1260
f 1264 1263 534
f 1264 534 667
f 1265 666 671
f 1265 671 690
f 1265 690 694
f 1265 694 1261
f 1263 470 527
f 1263 527 534
f 1261 694 706
f 1261 706 705
f 701 661 647
f 701 647 646
f 698 697 1266
f 698 1266 1267
f 698 1267 1268
f 698 1268 634
f 1268 1267 1269
f 1268 1269 1270
f 1268 1270 577
f 1268 577 579
f 1268 579 635
f 1268 635 634
f 1270 1269 1271
f 1270 1271 502
f 1270 502 501
f 1270 501 577
f 1271 1272 456
f 1271 456 439
f 1271 439 438
f 1271 438 502
f 1271 1269 1273
f 1271 1273 1272
f 1273 513 511
f 1273 511 1272
f 1273 1269 1267
f 1273 1267 1266
f 1273 1266 1274
f 1273 1274 513
f 1272 511 457
f 1272 457 456
f 1266 697 1275
f 1266 1275 1274
f 1275 1276 553
f 1275 553 1274
f 1275 697 696
f 1275 696 1277
f 1275 1277 1278
f 1275 1278 1276
f 1278 1279 491
f 1278 491 1276
f 1278 1277 1280
f 1278 1280 1281
f 1278 1281 1282
f 1278 1282 1279
f 1282 459 458
f 1282 458 1279
f 1282 1281 562
f 1282 562 549
f 1282 549 460
f 1282 460 459
f 1281 1280 1283
f 1281 1283 562
f 1283 1280 637
f 1283 637 636
f 1283 636 678
f 1283 678 682
f 1283 682 563
f 1283 563 562
f 1280 1277 696
f 1280 696 637
f 1279 458 490
f 1279 490 491
f 1276 491 489
f 1276 489 553
f 682 595 561
f 682 561 563
f 679 678 636
f 679 636 638
f 675 565 464
f 675 464 463
f 668 667 534
f 668 534 533
f 668 533 613
f 668 613 618
f 649 630 629
f 649 629 645
f 635 579 578
f 635 578 612
f 631 575 574
f 631 574 623
f 598 588 505
f 598 505 509
f 592 587 591
f 592 591 1179
f 592 1179 715
f 592 715 606
f 569 568 433
f 569 433 427
f 563 561 551
f 563 551 550
f 531 527 470
f 531 470 469
f 526 507 506
f 526 506 589
f 1274 553 539
f 1274 539 515
f 514 513 1274
f 514 1274 515
f 508 510 431
f 508 431 434
f 499 498 494
f 499 494 493
f 498 436 416
f 498 416 1284
f 498 1284 446
f 498 446 494
f 1284 416 415
f 1284 415 426
f 1284 426 424
f 1284 424 446
f 494 446 443
f 494 443 442
f 490 458 449
f 490 449 448
f 475 445 444
f 475 444 472
f 457 453 452
f 457 452 455
f 455 452 451
f 455 451 437
f 451 450 419
f 451 419 1285
f 451 1285 414
f 451 414 437
f 1285 419 418
f 1285 418 1286
f 1285 1286 415
f 1285 415 414
f 1286 418 410
f 1286 410 409
f 1286 409 426
f 1286 426 415
f 1128 998 402
f 1128 402 404
f 526 589 564
f 526 564 523
f 748 777 1202
f 748 1202 1201
f 497 496 578
f 497 578 576
f 998 1128 406
f 998 406 993
f 992 996 998
f 992 998 993
f 974 973 1011
f 974 1011 1287
f 1015 954 974
f 1015 974 1287
f 1288 1015 1287
f 1288 1287 1289
f 512 487 486
f 512 486 511
f 815 814 1207
f 815 1207 1205
f 1205 786 791
f 1205 791 815
f 782 788 791
f 782 791 786
f 831 830 804
f 831 804 1290
f 832 831 1290
f 832 1290 1291
f 1082 832 1291
f 1082 1291 1292
f 1075 1082 1292
f 1075 1292 1076
f 830 788 782
f 830 782 804
f 1208 1207 1218
f 1208 1218 1211
f 814 813 1218
f 814 1218 1207
f 1009 952 950
f 1009 950 1014
f 1289 1010 1009
f 1289 1009 1014
f 1012 1288 1289
f 1012 1289 1014
f 935 1015 1288
f 935 1288 1012
f 1011 1010 1289
f 1011 1289 1287
f 802 829 1290
f 802 1290 804
f 882 1291 1290
f 882 1290 829
f 882 885 1292
f 882 1292 1291
f 1074 1076 1292
f 1074 1292 885
f 1074 1073 1077
f 1074 1077 1076
f 1142 1077 1073
f 1142 1073 1143
f 937 1142 1143
f 937 1143 938
f 936 952 1007
f 936 1007 1006
f 1006 1017 937
f 1006 937 936
f 951 939 938
f 951 938 1145
f 1147 949 951
f 1147 951 1145
f 1147 1016 950
f 1147 950 949
f 1293 1294 1295
f 1293 1295 1296
f 1293 1296 1297
f 1293 1297 1298
f 1293 1298 1299
f 1293 1299 1300
f 1293 1300 1301
f 1293 1301 1302
f 1303 1304 1305
f 1303 1305 1306
f 1303 1299 1298
f 1303 1298 1307
f 1303 1306 1308
f 1303 1308 1299
f 1300 1299 1308
f 1300 1308 1301
f 1296 1295 1309
f 1296 1309 1297
f 1310 1311 1312
f 1310 1312 1313
f 1314 1315 1316
f 1314 1316 1317
f 1314 1318 1319
f 1314 1319 1315
f 1314 1317 1320
f 1314 1320 1318
f 1312 1311 1321
f 1312 1321 1322
f 1311 1310 1316
f 1311 1316 1315
f 1323 1324 1325
f 1323 1325 1305
f 1323 1326 1327
f 1323 1327 1324
f 1323 1305 1304
f 1323 1304 1326
f 1308 1306 1328
f 1308 1328 1329
f 1330 1331 1332
f 1330 1332 1333
f 1334 1335 1332
f 1334 1332 1331
f 1331 1330 1313
f 1331 1313 1334
f 1336 1337 1338
f 1336 1338 1339
f 1336 1324 1327
f 1336 1327 1337
f 1336 1339 1325
f 1336 1325 1324
f 1310 1340 1341
f 1310 1341 1342
f 1310 1313 1343
f 1310 1343 1340
f 1310 1342 1344
f 1310 1344 1316
f 1345 1317 1316
f 1345 1316 1344
f 1345 1346 1320
f 1345 1320 1317
f 1345 1344 1347
f 1345 1347 1346
f 1348 1349 1335
f 1348 1335 1334
f 1348 1334 1322
f 1348 1322 1350
f 1348 1350 1351
f 1348 1351 1349
f 1295 1294 1352
f 1295 1352 1309
f 1332 1335 1353
f 1332 1353 1354
f 1349 1351 1353
f 1349 1353 1335
f 1344 1355 1356
f 1344 1356 1347
f 1357 1358 1330
f 1357 1330 1333
f 1359 1360 1361
f 1359 1361 1362
f 1359 1363 1364
f 1359 1364 1365
f 1359 1365 1366
f 1359 1366 1360
f 1362 1361 1367
f 1362 1367 1368
f 1362 1369 1370
f 1362 1370 1359
f 1371 1372 1373
f 1371 1373 1374
f 1375 1376 1377
f 1375 1377 1378
f 1375 1379 1380
f 1375 1380 1376
f 1375 1378 1381
f 1375 1381 1382
f 1352 1383 1384
f 1352 1384 1309
f 1352 1385 1386
f 1352 1386 1387
f 1352 1294 1388
f 1352 1388 1385
f 1352 1387 1389
f 1352 1389 1383
f 1378 1377 1390
f 1378 1390 1391
f 1392 1393 1394
f 1392 1394 1395
f 1396 1354 1353
f 1396 1353 1397
f 1374 1373 1398
f 1374 1398 1399
f 1399 1400 1401
f 1399 1401 1374
f 1369 1401 1402
f 1369 1402 1386
f 1369 1362 1374
f 1369 1374 1401
f 1355 1403 1404
f 1355 1404 1405
f 1399 1406 1407
f 1399 1407 1400
f 1399 1398 1408
f 1399 1408 1406
f 1409 1372 1410
f 1409 1410 1364
f 1411 1412 1407
f 1411 1407 1406
f 1411 1406 1408
f 1411 1408 1413
f 1411 1413 1414
f 1411 1414 1412
f 1389 1387 1415
f 1389 1415 1416
f 1389 1416 1417
f 1389 1417 1418
f 1419 1382 1381
f 1419 1381 1420
f 1421 1422 1382
f 1421 1382 1419
f 1419 1420 1423
f 1419 1423 1421
f 1424 1395 1394
f 1424 1394 1425
f 1423 1426 1427
f 1423 1427 1421
f 1423 1428 1429
f 1423 1429 1426
f 1418 1430 1431
f 1418 1431 1432
f 1409 1364 1363
f 1409 1363 1433
f 1434 1435 1432
f 1434 1432 1431
f 1434 1436 1437
f 1434 1437 1435
f 1414 1438 1439
f 1414 1439 1412
f 1414 1413 1440
f 1414 1440 1438
f 1441 1427 1442
f 1441 1442 1443
f 1441 1444 1421
f 1441 1421 1427
f 1441 1443 1445
f 1441 1445 1444
f 1442 1446 1447
f 1442 1447 1443
f 1398 1448 1449
f 1398 1449 1408
f 1398 1373 1433
f 1398 1433 1448
f 1403 1420 1450
f 1403 1450 1451
f 1403 1451 1452
f 1403 1452 1404
f 1453 1425 1394
f 1453 1394 1454
f 1453 1381 1378
f 1453 1378 1425
f 1453 1450 1420
f 1453 1420 1381
f 1455 1456 1457
f 1455 1457 1458
f 1455 1458 1459
f 1455 1459 1439
f 1455 1439 1438
f 1455 1438 1456
f 1460 1417 1461
f 1460 1461 1462
f 1460 1363 1359
f 1460 1359 1370
f 1454 1444 1463
f 1454 1463 1464
f 1454 1464 1465
f 1454 1465 1453
f 1444 1445 1466
f 1444 1466 1463
f 1444 1454 1422
f 1444 1422 1421
f 1467 1461 1417
f 1467 1417 1416
f 1467 1468 1458
f 1467 1458 1469
f 1467 1416 1415
f 1467 1415 1468
f 1470 1429 1428
f 1470 1428 1471
f 1470 1471 1405
f 1470 1405 1404
f 1470 1472 1473
f 1470 1473 1474
f 1470 1404 1452
f 1470 1452 1472
f 1448 1460 1462
f 1448 1462 1475
f 1448 1433 1363
f 1448 1363 1460
f 1448 1475 1476
f 1448 1476 1449
f 1461 1467 1477
f 1461 1477 1478
f 1461 1478 1479
f 1461 1479 1480
f 1456 1438 1440
f 1456 1440 1481
f 1456 1481 1482
f 1456 1482 1483
f 1456 1483 1484
f 1456 1484 1457
f 1469 1458 1457
f 1469 1457 1485
f 1469 1486 1477
f 1469 1477 1467
f 1475 1487 1488
f 1475 1488 1476
f 1475 1489 1490
f 1475 1490 1487
f 1484 1491 1485
f 1484 1485 1457
f 1484 1483 1482
f 1484 1482 1491
f 1489 1475 1462
f 1489 1462 1492
f 1489 1492 1493
f 1489 1493 1490
f 1494 1465 1464
f 1494 1464 1495
f 1494 1495 1496
f 1494 1496 1497
f 1494 1497 1498
f 1494 1498 1465
f 1499 1480 1479
f 1499 1479 1500
f 1499 1500 1501
f 1499 1501 1493
f 1499 1493 1492
f 1499 1492 1480
f 1502 1503 1504
f 1502 1504 1505
f 1502 1505 1506
f 1502 1506 1466
f 1502 1466 1445
f 1502 1445 1503
f 1507 1508 1509
f 1507 1509 1510
f 1507 1510 1511
f 1507 1511 1512
f 1507 1513 1514
f 1507 1514 1508
f 1466 1515 1516
f 1466 1516 1463
f 1517 1518 1519
f 1517 1519 1520
f 1517 1520 1521
f 1517 1521 1522
f 1517 1452 1451
f 1517 1451 1518
f 1506 1513 1515
f 1506 1515 1466
f 1490 1493 1501
f 1490 1501 1487
f 1515 1513 1523
f 1515 1523 1516
f 1513 1507 1524
f 1513 1524 1523
f 1525 1526 1527
f 1525 1527 1528
f 1525 1529 1530
f 1525 1530 1531
f 1525 1528 1532
f 1525 1532 1529
f 1533 1534 1535
f 1533 1535 1536
f 1537 1538 1534
f 1537 1534 1533
f 1533 1536 1539
f 1533 1539 1537
f 1540 1532 1528
f 1540 1528 1522
f 1541 1542 1532
f 1541 1532 1540
f 1540 1522 1521
f 1540 1521 1541
f 1543 1544 1545
f 1543 1545 1546
f 1536 1547 1544
f 1536 1544 1543
f 1543 1546 1539
f 1543 1539 1536
f 1548 1542 1549
f 1548 1549 1550
f 1549 1542 1541
f 1549 1541 1551
f 1549 1551 1552
f 1549 1552 1553
f 1554 1555 1556
f 1554 1556 1557
f 1554 1558 1559
f 1554 1559 1555
f 1554 1560 1561
f 1554 1561 1558
f 1554 1557 1562
f 1554 1562 1560
f 1560 1562 1563
f 1560 1563 1561
f 1564 1565 1566
f 1564 1566 1567
f 1564 1567 1568
f 1564 1568 1569
f 1564 1569 1570
f 1564 1570 1565
f 1570 1571 1563
f 1570 1563 1565
f 1569 1568 1571
f 1569 1571 1570
f 1571 1568 1572
f 1571 1572 1573
f 1571 1573 1561
f 1571 1561 1563
f 1573 1572 1574
f 1573 1574 1575
f 1573 1575 1558
f 1573 1558 1561
f 1575 1574 1576
f 1575 1576 1577
f 1575 1577 1559
f 1575 1559 1558
f 1577 1576 1578
f 1577 1578 1579
f 1577 1579 1580
f 1577 1580 1559
f 1580 1579 1539
f 1580 1539 1546
f 1580 1546 1549
f 1580 1549 1553
f 1580 1553 1555
f 1580 1555 1559
f 1579 1578 1537
f 1579 1537 1539
f 1578 1581 1582
f 1578 1582 1537
f 1578 1576 1583
f 1578 1583 1581
f 1583 1584 1585
f 1583 1585 1581
f 1583 1576 1574
f 1583 1574 1586
f 1583 1586 1587
f 1583 1587 1584
f 1587 1556 1552
f 1587 1552 1584
f 1587 1586 1588
f 1587 1588 1589
f 1587 1589 1557
f 1587 1557 1556
f 1589 1588 1567
f 1589 1567 1566
f 1589 1566 1562
f 1589 1562 1557
f 1588 1586 1574
f 1588 1574 1572
f 1588 1572 1568
f 1588 1568 1567
f 1585 1551 1541
f 1585 1541 1590
f 1585 1590 1582
f 1585 1582 1581
f 1585 1584 1552
f 1585 1552 1551
f 1590 1541 1521
f 1590 1521 1591
f 1590 1591 1592
f 1590 1592 1582
f 1592 1591 1593
f 1592 1593 1594
f 1592 1594 1512
f 1592 1512 1538
f 1592 1538 1537
f 1592 1537 1582
f 1594 1593 1595
f 1594 1595 1524
f 1594 1524 1507
f 1594 1507 1512
f 1595 1519 1497
f 1595 1497 1496
f 1595 1496 1523
f 1595 1523 1524
f 1595 1593 1520
f 1595 1520 1519
f 1593 1591 1521
f 1593 1521 1520
f 1566 1565 1563
f 1566 1563 1562
f 1556 1555 1553
f 1556 1553 1552
f 1550 1545 1596
f 1550 1596 1530
f 1550 1530 1529
f 1550 1529 1548
f 1550 1549 1546
f 1550 1546 1545
f 1596 1486 1469
f 1596 1469 1597
f 1596 1597 1531
f 1596 1531 1530
f 1596 1545 1544
f 1596 1544 1486
f 1597 1469 1485
f 1597 1485 1598
f 1597 1598 1500
f 1597 1500 1531
f 1598 1485 1491
f 1598 1491 1599
f 1598 1599 1501
f 1598 1501 1500
f 1599 1491 1482
f 1599 1482 1488
f 1599 1488 1487
f 1599 1487 1501
f 1548 1529 1532
f 1548 1532 1542
f 1547 1526 1478
f 1547 1478 1477
f 1547 1477 1486
f 1547 1486 1544
f 1547 1536 1527
f 1547 1527 1526
f 1538 1512 1511
f 1538 1511 1534
f 1536 1535 1600
f 1536 1600 1527
f 1600 1535 1601
f 1600 1601 1602
f 1600 1602 1517
f 1600 1517 1522
f 1600 1522 1528
f 1600 1528 1527
f 1602 1601 1473
f 1602 1473 1472
f 1602 1472 1452
f 1602 1452 1517
f 1601 1511 1510
f 1601 1510 1473
f 1601 1535 1534
f 1601 1534 1511
f 1531 1500 1479
f 1531 1479 1525
f 1526 1525 1479
f 1526 1479 1478
f 1523 1496 1495
f 1523 1495 1516
f 1519 1518 1498
f 1519 1498 1497
f 1518 1451 1450
f 1518 1450 1498
f 1516 1495 1464
f 1516 1464 1463
f 1514 1505 1504
f 1514 1504 1508
f 1514 1513 1506
f 1514 1506 1505
f 1510 1509 1474
f 1510 1474 1473
f 1509 1508 1504
f 1509 1504 1603
f 1509 1603 1604
f 1509 1604 1474
f 1604 1603 1447
f 1604 1447 1446
f 1604 1446 1426
f 1604 1426 1429
f 1604 1429 1470
f 1604 1470 1474
f 1603 1504 1503
f 1603 1503 1447
f 1503 1445 1443
f 1503 1443 1447
f 1498 1450 1453
f 1498 1453 1465
f 1492 1462 1461
f 1492 1461 1480
f 1488 1482 1481
f 1488 1481 1476
f 1481 1440 1449
f 1481 1449 1476
f 1468 1415 1402
f 1468 1402 1605
f 1468 1605 1459
f 1468 1459 1458
f 1605 1402 1401
f 1605 1401 1400
f 1605 1400 1407
f 1605 1407 1459
f 1459 1407 1412
f 1459 1412 1439
f 1454 1394 1393
f 1454 1393 1422
f 1449 1440 1413
f 1449 1413 1408
f 1446 1442 1427
f 1446 1427 1426
f 1437 1436 1325
f 1437 1325 1339
f 1437 1339 1338
f 1437 1338 1606
f 1437 1606 1607
f 1437 1607 1435
f 1607 1606 1608
f 1607 1608 1609
f 1607 1609 1610
f 1607 1610 1611
f 1607 1611 1432
f 1607 1432 1435
f 1611 1610 1612
f 1611 1612 1613
f 1611 1613 1418
f 1611 1418 1432
f 1613 1612 1614
f 1613 1614 1615
f 1613 1615 1389
f 1613 1389 1418
f 1615 1614 1616
f 1615 1616 1617
f 1615 1617 1383
f 1615 1383 1389
f 1617 1616 1618
f 1617 1618 1619
f 1617 1619 1384
f 1617 1384 1383
f 1619 1618 1620
f 1619 1620 1621
f 1619 1621 1622
f 1619 1622 1384
f 1622 1297 1309
f 1622 1309 1384
f 1622 1621 1623
f 1622 1623 1307
f 1622 1307 1298
f 1622 1298 1297
f 1623 1621 1620
f 1623 1620 1624
f 1623 1624 1625
f 1623 1625 1626
f 1623 1626 1303
f 1623 1303 1307
f 1626 1625 1627
f 1626 1627 1628
f 1626 1628 1304
f 1626 1304 1303
f 1628 1627 1629
f 1628 1629 1630
f 1628 1630 1326
f 1628 1326 1304
f 1630 1629 1631
f 1630 1631 1632
f 1630 1632 1327
f 1630 1327 1326
f 1632 1631 1633
f 1632 1633 1634
f 1632 1634 1337
f 1632 1337 1327
f 1634 1633 1635
f 1634 1635 1636
f 1634 1636 1338
f 1634 1338 1337
f 1636 1635 1637
f 1636 1637 1608
f 1636 1608 1606
f 1636 1606 1338
f 1635 1633 1346
f 1635 1346 1347
f 1635 1347 1356
f 1635 1356 1637
f 1633 1631 1320
f 1633 1320 1346
f 1631 1629 1318
f 1631 1318 1320
f 1629 1627 1319
f 1629 1319 1318
f 1627 1625 1638
f 1627 1638 1319
f 1638 1625 1624
f 1638 1624 1639
f 1638 1639 1321
f 1638 1321 1311
f 1638 1311 1315
f 1638 1315 1319
f 1639 1624 1620
f 1639 1620 1640
f 1639 1640 1641
f 1639 1641 1321
f 1641 1640 1642
f 1641 1642 1643
f 1641 1643 1351
f 1641 1351 1350
f 1641 1350 1322
f 1641 1322 1321
f 1643 1642 1644
f 1643 1644 1397
f 1643 1397 1353
f 1643 1353 1351
f 1644 1616 1614
f 1644 1614 1645
f 1644 1645 1396
f 1644 1396 1397
f 1644 1642 1618
f 1644 1618 1616
f 1642 1640 1620
f 1642 1620 1618
f 1614 1612 1646
f 1614 1646 1645
f 1612 1610 1647
f 1612 1647 1646
f 1647 1610 1609
f 1647 1609 1648
f 1647 1648 1355
f 1647 1355 1405
f 1647 1405 1471
f 1647 1471 1646
f 1609 1608 1637
f 1609 1637 1648
f 1425 1378 1391
f 1425 1391 1424
f 1424 1391 1649
f 1424 1649 1395
f 1649 1650 1380
f 1649 1380 1379
f 1649 1379 1392
f 1649 1392 1395
f 1649 1391 1390
f 1649 1390 1650
f 1650 1343 1651
f 1650 1651 1380
f 1650 1390 1340
f 1650 1340 1343
f 1651 1330 1358
f 1651 1358 1652
f 1651 1652 1376
f 1651 1376 1380
f 1651 1343 1313
f 1651 1313 1330
f 1652 1358 1342
f 1652 1342 1341
f 1652 1341 1377
f 1652 1377 1376
f 1422 1393 1375
f 1422 1375 1382
f 1423 1420 1403
f 1423 1403 1653
f 1423 1653 1654
f 1423 1654 1428
f 1415 1387 1386
f 1415 1386 1402
f 1410 1372 1371
f 1410 1371 1368
f 1410 1368 1367
f 1410 1367 1655
f 1410 1655 1365
f 1410 1365 1364
f 1655 1367 1656
f 1655 1656 1657
f 1655 1657 1366
f 1655 1366 1365
f 1657 1656 1658
f 1657 1658 1659
f 1657 1659 1660
f 1657 1660 1366
f 1660 1661 1360
f 1660 1360 1366
f 1660 1659 1301
f 1660 1301 1308
f 1660 1308 1329
f 1660 1329 1661
f 1661 1662 1361
f 1661 1361 1360
f 1661 1329 1663
f 1661 1663 1662
f 1662 1656 1367
f 1662 1367 1361
f 1662 1663 1658
f 1662 1658 1656
f 1659 1658 1302
f 1659 1302 1301
f 1393 1392 1379
f 1393 1379 1375
f 1390 1377 1341
f 1390 1341 1340
f 1386 1385 1664
f 1386 1664 1369
f 1385 1388 1328
f 1385 1328 1664
f 1664 1665 1370
f 1664 1370 1369
f 1665 1430 1418
f 1665 1418 1417
f 1665 1417 1460
f 1665 1460 1370
f 1374 1362 1368
f 1374 1368 1371
f 1396 1645 1646
f 1396 1646 1471
f 1654 1396 1471
f 1654 1471 1428
f 1356 1355 1648
f 1356 1648 1637
f 1403 1355 1344
f 1403 1344 1342
f 1358 1653 1403
f 1358 1403 1342
f 1329 1328 1388
f 1329 1388 1663
f 1302 1658 1663
f 1302 1663 1388
f 1302 1388 1294
f 1302 1294 1293
f 1436 1434 1431
f 1436 1431 1430
f 1328 1306 1305
f 1328 1305 1325
f 1430 1665 1664
f 1430 1664 1328
f 1325 1436 1430
f 1325 1430 1328
f 1433 1373 1372
f 1433 1372 1409
f 1654 1357 1354
f 1654 1354 1396
f 1654 1653 1358
f 1654 1358 1357
f 1334 1313 1312
f 1334 1312 1322
f 1333 1332 1354
f 1333 1354 1357
f 1666 1667 1668
f 1666 1668 1669
f 1666 1670 1671
f 1666 1671 1667
f 1666 1669 1672
f 1666 1672 1670
f 1673 1674 1675
f 1673 1675 1676
f 1673 1676 1677
f 1673 1677 1671
f 1673 1671 1670
f 1673 1670 1674
f 1678 1679 1677
f 1678 1677 1676
f 1680 1681 1679
f 1680 1679 1678
f 1678 1676 1682
f 1678 1682 1680
f 1683 1684 1685
f 1683 1685 1686
f 1683 1687 1688
f 1683 1688 1684
f 1683 1686 1689
f 1683 1689 1687
f 1690 1691 1692
f 1690 1692 1693
f 1690 1693 1694
f 1690 1694 1695
f 1690 1695 1696
f 1690 1696 1691
f 1687 1697 1698
f 1687 1698 1688
f 1699 1700 1701
f 1699 1701 1702
f 1699 1703 1697
f 1699 1697 1700
f 1699 1702 1704
f 1699 1704 1703
f 1705 1680 1682
f 1705 1682 1706
f 1705 1706 1707
f 1705 1707 1708
f 1705 1708 1709
f 1705 1709 1680
f 1710 1711 1712
f 1710 1712 1713
f 1679 1714 1715
f 1679 1715 1677
f 1711 1710 1716
f 1711 1716 1717
f 1711 1717 1718
f 1711 1718 1719
f 1709 1720 1721
f 1709 1721 1722
f 1723 1724 1709
f 1723 1709 1722
f 1723 1725 1726
f 1723 1726 1724
f 1727 1728 1729
f 1727 1729 1730
f 1727 1718 1717
f 1727 1717 1728
f 1727 1730 1731
f 1727 1731 1732
f 1733 1734 1735
f 1733 1735 1736
f 1733 1737 1738
f 1733 1738 1734
f 1732 1731 1739
f 1732 1739 1740
f 1732 1741 1742
f 1732 1742 1727
f 1734 1743 1744
f 1734 1744 1735
f 1745 1746 1747
f 1745 1747 1748
f 1745 1749 1743
f 1745 1743 1746
f 1715 1722 1750
f 1715 1750 1751
f 1715 1714 1723
f 1715 1723 1722
f 1752 1753 1729
f 1752 1729 1754
f 1752 1754 1741
f 1752 1741 1755
f 1752 1755 1756
f 1752 1756 1753
f 1757 1758 1759
f 1757 1759 1760
f 1757 1760 1761
f 1757 1761 1677
f 1757 1751 1762
f 1757 1762 1758
f 1729 1728 1763
f 1729 1763 1754
f 1729 1753 1764
f 1729 1764 1765
f 1729 1765 1766
f 1729 1766 1730
f 1767 1768 1769
f 1767 1769 1770
f 1767 1770 1771
f 1767 1771 1772
f 1743 1773 1774
f 1743 1774 1746
f 1775 1776 1777
f 1775 1777 1778
f 1689 1779 1776
f 1689 1776 1775
f 1775 1778 1768
f 1775 1768 1689
f 1780 1720 1709
f 1780 1709 1708
f 1780 1781 1782
f 1780 1782 1720
f 1780 1708 1707
f 1780 1707 1781
f 1740 1739 1756
f 1740 1756 1755
f 1783 1784 1704
f 1783 1704 1702
f 1783 1702 1701
f 1783 1701 1785
f 1783 1785 1786
f 1783 1786 1784
f 1760 1759 1787
f 1760 1787 1788
f 1760 1788 1789
f 1760 1789 1761
f 1766 1790 1731
f 1766 1731 1730
f 1766 1765 1791
f 1766 1791 1792
f 1793 1790 1770
f 1793 1770 1769
f 1793 1769 1794
f 1793 1794 1795
f 1793 1739 1731
f 1793 1731 1790
f 1750 1796 1797
f 1750 1797 1798
f 1750 1798 1799
f 1750 1799 1800
f 1801 1802 1803
f 1801 1803 1804
f 1805 1806 1802
f 1805 1802 1801
f 1801 1804 1807
f 1801 1807 1805
f 1808 1809 1810
f 1808 1810 1811
f 1808 1811 1812
f 1808 1812 1799
f 1808 1799 1798
f 1808 1798 1809
f 1813 1814 1805
f 1813 1805 1807
f 1813 1815 1816
f 1813 1816 1814
f 1813 1787 1759
f 1813 1759 1758
f 1813 1807 1817
f 1813 1817 1787
f 1818 1819 1820
f 1818 1820 1821
f 1818 1822 1734
f 1818 1734 1738
f 1823 1824 1756
f 1823 1756 1739
f 1825 1826 1824
f 1825 1824 1823
f 1823 1739 1793
f 1823 1793 1825
f 1777 1804 1803
f 1777 1803 1778
f 1777 1776 1827
f 1777 1827 1804
f 1815 1796 1721
f 1815 1721 1816
f 1815 1813 1758
f 1815 1758 1762
f 1815 1762 1828
f 1815 1828 1829
f 1830 1831 1832
f 1830 1832 1833
f 1830 1833 1803
f 1830 1803 1802
f 1819 1774 1834
f 1819 1834 1835
f 1819 1747 1746
f 1819 1746 1774
f 1819 1835 1836
f 1819 1836 1837
f 1838 1839 1840
f 1838 1840 1841
f 1838 1835 1834
f 1838 1834 1839
f 1838 1841 1836
f 1838 1836 1835
f 1819 1837 1842
f 1819 1842 1820
f 1843 1844 1845
f 1843 1845 1791
f 1843 1791 1765
f 1843 1765 1764
f 1843 1764 1846
f 1843 1846 1844
f 1847 1841 1840
f 1847 1840 1848
f 1847 1849 1836
f 1847 1836 1841
f 1847 1848 1850
f 1847 1850 1849
f 1795 1794 1833
f 1795 1833 1832
f 1795 1832 1851
f 1795 1851 1852
f 1795 1852 1853
f 1795 1853 1854
f 1795 1854 1825
f 1795 1825 1793
f 1855 1810 1809
f 1855 1809 1856
f 1855 1856 1850
f 1855 1850 1848
f 1857 1858 1845
f 1857 1845 1844
f 1857 1859 1860
f 1857 1860 1858
f 1857 1844 1846
f 1857 1846 1859
f 1861 1862 1863
f 1861 1863 1864
f 1861 1865 1866
f 1861 1866 1862
f 1860 1867 1868
f 1860 1868 1858
f 1860 1859 1869
f 1860 1869 1867
f 1842 1837 1870
f 1842 1870 1871
f 1842 1871 1872
f 1842 1872 1820
f 1873 1874 1826
f 1873 1826 1866
f 1873 1875 1876
f 1873 1876 1874
f 1873 1866 1865
f 1873 1865 1875
f 1872 1871 1877
f 1872 1877 1878
f 1872 1878 1821
f 1872 1821 1820
f 1852 1851 1879
f 1852 1879 1880
f 1864 1863 1881
f 1864 1881 1882
f 1864 1882 1865
f 1864 1865 1861
f 1883 1884 1885
f 1883 1885 1886
f 1883 1887 1888
f 1883 1888 1884
f 1883 1886 1889
f 1883 1889 1890
f 1870 1891 1892
f 1870 1892 1893
f 1870 1837 1836
f 1870 1836 1849
f 1870 1893 1877
f 1870 1877 1871
f 1882 1881 1875
f 1882 1875 1865
f 1894 1895 1896
f 1894 1896 1876
f 1875 1881 1853
f 1875 1853 1897
f 1898 1899 1900
f 1898 1900 1901
f 1898 1902 1903
f 1898 1903 1904
f 1898 1904 1905
f 1898 1905 1906
f 1898 1906 1907
f 1898 1907 1899
f 1908 1909 1910
f 1908 1910 1911
f 1908 1912 1913
f 1908 1913 1909
f 1908 1914 1915
f 1908 1915 1912
f 1916 1906 1905
f 1916 1905 1917
f 1918 1907 1906
f 1918 1906 1916
f 1916 1917 1919
f 1916 1919 1918
f 1911 1920 1921
f 1911 1921 1922
f 1911 1922 1923
f 1911 1923 1924
f 1911 1910 1925
f 1911 1925 1920
f 1926 1927 1928
f 1926 1928 1929
f 1926 1930 1931
f 1926 1931 1927
f 1926 1929 1932
f 1926 1932 1930
f 1933 1929 1928
f 1933 1928 1934
f 1933 1934 1935
f 1933 1935 1936
f 1933 1936 1932
f 1933 1932 1929
f 1937 1938 1939
f 1937 1939 1940
f 1941 1939 1942
f 1941 1942 1943
f 1944 1945 1946
f 1944 1946 1947
f 1946 1945 1948
f 1946 1948 1949
f 1946 1949 1930
f 1946 1930 1932
f 1946 1932 1936
f 1946 1936 1947
f 1949 1948 1950
f 1949 1950 1951
f 1949 1951 1931
f 1949 1931 1930
f 1951 1950 1904
f 1951 1904 1903
f 1951 1903 1952
f 1951 1952 1931
f 1952 1903 1902
f 1952 1902 1914
f 1952 1914 1908
f 1952 1908 1953
f 1952 1953 1927
f 1952 1927 1931
f 1953 1908 1911
f 1953 1911 1924
f 1953 1924 1928
f 1953 1928 1927
f 1950 1948 1942
f 1950 1942 1954
f 1950 1954 1905
f 1950 1905 1904
f 1954 1942 1939
f 1954 1939 1938
f 1954 1938 1917
f 1954 1917 1905
f 1948 1945 1943
f 1948 1943 1942
f 1938 1937 1955
f 1938 1955 1917
f 1956 1935 1934
f 1956 1934 1923
f 1956 1923 1922
f 1956 1922 1957
f 1955 1958 1919
f 1955 1919 1917
f 1957 1922 1921
f 1957 1921 1959
f 1958 1960 1961
f 1958 1961 1919
f 1961 1960 1962
f 1961 1962 1880
f 1961 1880 1879
f 1961 1879 1963
f 1961 1963 1918
f 1961 1918 1919
f 1963 1879 1964
f 1963 1964 1965
f 1963 1965 1966
f 1963 1966 1918
f 1966 1967 1907
f 1966 1907 1918
f 1966 1965 1968
f 1966 1968 1969
f 1966 1969 1970
f 1966 1970 1967
f 1970 1971 1972
f 1970 1972 1967
f 1970 1969 1925
f 1970 1925 1910
f 1970 1910 1909
f 1970 1909 1971
f 1972 1973 1900
f 1972 1900 1899
f 1972 1899 1907
f 1972 1907 1967
f 1972 1971 1974
f 1972 1974 1973
f 1974 1975 1976
f 1974 1976 1973
f 1974 1971 1909
f 1974 1909 1913
f 1974 1913 1977
f 1974 1977 1975
f 1977 1978 1979
f 1977 1979 1975
f 1977 1913 1912
f 1977 1912 1980
f 1977 1980 1981
f 1977 1981 1978
f 1981 1982 1983
f 1981 1983 1978
f 1981 1980 1984
f 1981 1984 1985
f 1981 1985 1986
f 1981 1986 1982
f 1986 1893 1892
f 1986 1892 1982
f 1986 1985 1890
f 1986 1890 1889
f 1986 1889 1877
f 1986 1877 1893
f 1985 1984 1987
f 1985 1987 1890
f 1987 1984 1915
f 1987 1915 1988
f 1987 1988 1901
f 1987 1901 1989
f 1987 1989 1883
f 1987 1883 1890
f 1989 1901 1900
f 1989 1900 1990
f 1989 1990 1887
f 1989 1887 1883
f 1990 1900 1973
f 1990 1973 1976
f 1990 1976 1991
f 1990 1991 1887
f 1991 1992 1888
f 1991 1888 1887
f 1991 1976 1975
f 1991 1975 1979
f 1991 1979 1993
f 1991 1993 1992
f 1988 1915 1914
f 1988 1914 1902
f 1988 1902 1898
f 1988 1898 1901
f 1984 1980 1912
f 1984 1912 1915
f 1983 1994 1797
f 1983 1797 1993
f 1983 1993 1979
f 1983 1979 1978
f 1983 1982 1892
f 1983 1892 1994
f 1994 1995 1798
f 1994 1798 1797
f 1994 1892 1891
f 1994 1891 1995
f 1995 1856 1809
f 1995 1809 1798
f 1995 1891 1850
f 1995 1850 1856
f 1969 1968 1996
f 1969 1996 1925
f 1996 1968 1997
f 1996 1997 1998
f 1996 1998 1999
f 1996 1999 2000
f 1996 2000 1920
f 1996 1920 1925
f 2000 1999 2001
f 2000 2001 2002
f 2000 2002 1921
f 2000 1921 1920
f 2002 2001 2003
f 2002 2003 2004
f 2002 2004 1959
f 2002 1959 1921
f 2003 2001 1895
f 2003 1895 1894
f 2005 1897 1853
f 2005 1853 1852
f 2005 1852 1880
f 2005 1880 1962
f 2001 1999 2006
f 2001 2006 1895
f 2006 1999 1998
f 2006 1998 2007
f 2006 2007 2008
f 2006 2008 2009
f 2006 2009 1896
f 2006 1896 1895
f 2009 2008 2010
f 2009 2010 1868
f 2009 1868 1867
f 2009 1867 1896
f 2010 2008 2011
f 2010 2011 1792
f 2010 1792 1791
f 2010 1791 1845
f 2010 1845 1858
f 2010 1858 1868
f 2008 2007 2012
f 2008 2012 2011
f 2007 1998 1997
f 2007 1997 2012
f 1997 1968 1965
f 1997 1965 1964
f 1997 1964 2013
f 1997 2013 2012
f 1964 1879 1851
f 1964 1851 2013
f 1934 1928 1924
f 1934 1924 1923
f 1896 1867 1869
f 1896 1869 1876
f 1891 1870 1849
f 1891 1849 1850
f 1889 1886 1878
f 1889 1878 1877
f 1888 1828 2014
f 1888 2014 1884
f 1888 1992 1829
f 1888 1829 1828
f 1886 1885 1821
f 1886 1821 1878
f 1885 2015 1818
f 1885 1818 1821
f 1885 1884 2014
f 1885 2014 2015
f 1881 1863 1854
f 1881 1854 1853
f 1876 1869 2016
f 1876 2016 1874
f 1869 1859 1846
f 1869 1846 2016
f 1866 1826 1825
f 1866 1825 1862
f 1863 1862 1825
f 1863 1825 1854
f 1855 1848 1840
f 1855 1840 1810
f 1851 1832 1831
f 1851 1831 2013
f 1840 1839 1811
f 1840 1811 1810
f 1839 1834 1812
f 1839 1812 1811
f 1834 1774 1773
f 1834 1773 1812
f 1833 1794 1778
f 1833 1778 1803
f 1831 1830 1771
f 1831 1771 2011
f 1831 2011 2012
f 1831 2012 2013
f 1830 1802 1806
f 1830 1806 2017
f 1830 2017 1772
f 1830 1772 1771
f 2017 1806 2018
f 2017 2018 2019
f 2017 2019 1786
f 2017 1786 1772
f 2019 2018 2020
f 2019 2020 2021
f 2019 2021 1784
f 2019 1784 1786
f 2021 2020 2022
f 2021 2022 2023
f 2021 2023 1704
f 2021 1704 1784
f 2023 2022 2024
f 2023 2024 2025
f 2023 2025 1703
f 2023 1703 1704
f 2025 2024 2026
f 2025 2026 1698
f 2025 1698 1697
f 2025 1697 1703
f 2026 2024 2027
f 2026 2027 2028
f 2026 2028 2029
f 2026 2029 2030
f 2026 2030 1688
f 2026 1688 1698
f 2030 2029 2031
f 2030 2031 2032
f 2030 2032 1684
f 2030 1684 1688
f 2032 2031 1672
f 2032 1672 2033
f 2032 2033 1685
f 2032 1685 1684
f 2033 1672 1669
f 2033 1669 1692
f 2033 1692 1691
f 2033 1691 1685
f 2031 2029 1675
f 2031 1675 1674
f 2031 1674 1670
f 2031 1670 1672
f 2029 2028 2034
f 2029 2034 1675
f 2034 2028 2027
f 2034 2027 2035
f 2034 2035 1706
f 2034 1706 1682
f 2034 1682 1676
f 2034 1676 1675
f 2035 2027 2036
f 2035 2036 2037
f 2035 2037 1707
f 2035 1707 1706
f 2037 2036 2038
f 2037 2038 2039
f 2037 2039 1781
f 2037 1781 1707
f 2039 2038 2040
f 2039 2040 2041
f 2039 2041 1782
f 2039 1782 1781
f 2041 2040 1805
f 2041 1805 1814
f 2041 1814 1816
f 2041 1816 1782
f 2040 2018 1806
f 2040 1806 1805
f 2040 2038 2020
f 2040 2020 2018
f 2038 2036 2022
f 2038 2022 2020
f 2036 2027 2024
f 2036 2024 2022
f 1828 1762 1751
f 1828 1751 2014
f 1829 1992 1993
f 1829 1993 1797
f 1829 1797 1796
f 1829 1796 1815
f 1827 1776 1779
f 1827 1779 2042
f 1827 2042 2043
f 1827 2043 1817
f 1827 1817 1807
f 1827 1807 1804
f 2043 2042 1695
f 2043 1695 1694
f 2043 1694 1789
f 2043 1789 1788
f 2043 1788 1787
f 2043 1787 1817
f 2042 1779 1696
f 2042 1696 1695
f 1818 2015 2044
f 1818 2044 1822
f 1816 1721 1720
f 1816 1720 1782
f 1812 1773 1800
f 1812 1800 1799
f 1796 1750 1722
f 1796 1722 1721
f 1794 1769 1768
f 1794 1768 1778
f 1792 2011 1771
f 1792 1771 1770
f 1792 1770 1790
f 1792 1790 1766
f 1789 1694 1693
f 1789 1693 1668
f 1789 1668 1667
f 1789 1667 1761
f 2044 2015 2014
f 2044 2014 1751
f 2044 1751 1750
f 2044 1750 1800
f 1786 1785 1767
f 1786 1767 1772
f 1779 1689 1686
f 1779 1686 1696
f 1763 1728 1717
f 1763 1717 1716
f 1763 1716 2045
f 1763 2045 1742
f 1763 1742 1741
f 1763 1741 1754
f 2045 1716 1710
f 2045 1710 2046
f 2045 2046 1719
f 2045 1719 1718
f 2045 1718 1727
f 2045 1727 1742
f 1761 1667 1671
f 1761 1671 1677
f 1749 2047 1744
f 1749 1744 1743
f 1749 2048 2049
f 1749 2049 2047
f 2049 2050 1726
f 2049 1726 2047
f 2049 2048 1733
f 2049 1733 1736
f 2049 1736 2051
f 2049 2051 2050
f 2051 1679 1681
f 2051 1681 2050
f 2051 1736 1735
f 2051 1735 2052
f 2051 2052 1714
f 2051 1714 1679
f 2052 1735 1744
f 2052 1744 1725
f 2052 1725 1723
f 2052 1723 1714
f 2050 1681 1724
f 2050 1724 1726
f 2047 1726 1725
f 2047 1725 1744
f 1748 1747 1738
f 1748 1738 1737
f 1822 2044 1800
f 1822 1800 1773
f 1822 1773 1743
f 1822 1743 1734
f 1724 1681 1680
f 1724 1680 1709
f 1696 1686 1685
f 1696 1685 1691
f 1693 1692 1669
f 1693 1669 1668
f 1751 1757 1677
f 1751 1677 1715
f 1764 1753 1756
f 1764 1756 1824
f 1824 1826 1874
f 1824 1874 2016
f 1824 2016 1846
f 1824 1846 1764
f 1732 1740 1755
f 1732 1755 1741
f 1818 1738 1747
f 1818 1747 1819
f 1768 2053 2054
f 1768 2054 1689
f 1768 1767 2055
f 1768 2055 2053
f 1785 1701 1712
f 1785 1712 2056
f 1713 1712 1701
f 1713 1701 1700
f 1697 2057 1713
f 1697 1713 1700
f 1689 2054 2058
f 1689 2058 1687
f 1687 2058 2057
f 1687 2057 1697
f 1785 2056 2055
f 1785 2055 1767
f 1711 1719 2053
f 1711 2053 2055
f 2046 1710 2058
f 2046 2058 2054
f 2046 2054 2053
f 2046 2053 1719
f 1713 2057 2058
f 1713 2058 1710
f 1712 1711 2055
f 1712 2055 2056
f 1737 1733 2048
f 1737 2048 1748
f 1748 2048 1749
f 1748 1749 1745
f 1897 1894 1876
f 1897 1876 1875
f 2005 2003 1894
f 2005 1894 1897
f 2004 2003 2005
f 2004 2005 1962
f 1959 2004 1962
f 1959 1962 1960
f 1958 1957 1959
f 1958 1959 1960
f 1955 1956 1957
f 1955 1957 1958
f 1955 1937 1935
f 1955 1935 1956
f 1947 1936 1940
f 1947 1940 2059
f 1936 1935 1937
f 1936 1937 1940
f 1944 1941 1943
f 1944 1943 1945
f 1941 2059 1940
f 1941 1940 1939
f 1947 2059 1941
f 1947 1941 1944
f 2060 2061 2062
f 2060 2062 2063
f 2060 2064 2065
f 2060 2065 2061
f 2066 2067 2068
f 2066 2068 2069
f 2066 2069 2070
f 2066 2070 2071
f 2066 2071 2072
f 2066 2072 2073
f 2066 2074 2075
f 2066 2075 2067
f 2066 2073 2076
f 2066 2076 2074
f 2077 2078 2079
f 2077 2079 2080
f 2077 2071 2070
f 2077 2070 2078
f 2077 2080 2072
f 2077 2072 2071
f 2081 2082 2083
f 2081 2083 2084
f 2085 2086 2082
f 2085 2082 2081
f 2081 2084 2087
f 2081 2087 2085
f 2088 2086 2085
f 2088 2085 2089
f 2088 2089 2090
f 2088 2090 2091
f 2088 2091 2092
f 2088 2092 2086
f 2082 2086 2092
f 2082 2092 2083
f 2093 2094 2095
f 2093 2095 2096
f 2093 2097 2098
f 2093 2098 2094
f 2093 2096 2099
f 2093 2099 2097
f 2100 2101 2102
f 2100 2102 2103
f 2074 2104 2105
f 2074 2105 2075
f 2074 2076 2106
f 2074 2106 2107
f 2074 2107 2108
f 2074 2108 2104
f 2091 2090 2109
f 2091 2109 2092
f 2099 2110 2111
f 2099 2111 2097
f 2099 2096 2112
f 2099 2112 2110
f 2113 2100 2103
f 2113 2103 2114
f 2106 2115 2104
f 2106 2104 2108
f 2106 2076 2116
f 2106 2116 2115
f 2115 2117 2105
f 2115 2105 2104
f 2115 2118 2119
f 2115 2119 2117
f 2115 2116 2120
f 2115 2120 2118
f 2121 2084 2083
f 2121 2083 2122
f 2121 2114 2103
f 2121 2103 2084
f 2121 2123 2124
f 2121 2124 2114
f 2114 2124 2125
f 2114 2125 2126
f 2114 2126 2127
f 2114 2127 2113
f 2128 2129 2130
f 2128 2130 2131
f 2128 2132 2133
f 2128 2133 2129
f 2128 2131 2134
f 2128 2134 2132
f 2135 2136 2137
f 2135 2137 2138
f 2109 2139 2136
f 2109 2136 2135
f 2135 2138 2122
f 2135 2122 2109
f 2140 2131 2130
f 2140 2130 2141
f 2140 2142 2134
f 2140 2134 2131
f 2126 2143 2144
f 2126 2144 2145
f 2126 2145 2146
f 2126 2146 2127
f 2117 2147 2148
f 2117 2148 2095
f 2117 2119 2149
f 2117 2149 2147
f 2116 2150 2151
f 2116 2151 2152
f 2116 2076 2073
f 2116 2073 2150
f 2116 2152 2153
f 2116 2153 2120
f 2154 2155 2156
f 2154 2156 2157
f 2154 2158 2159
f 2154 2159 2155
f 2154 2157 2160
f 2154 2160 2158
f 2148 2112 2096
f 2148 2096 2095
f 2148 2147 2161
f 2148 2161 2162
f 2148 2162 2163
f 2148 2163 2164
f 2141 2165 2166
f 2141 2166 2167
f 2168 2169 2170
f 2168 2170 2171
f 2168 2171 2172
f 2168 2172 2173
f 2168 2173 2156
f 2168 2156 2155
f 2168 2174 2175
f 2168 2175 2169
f 2168 2155 2159
f 2168 2159 2174
f 2176 2157 2156
f 2176 2156 2177
f 2176 2178 2179
f 2176 2179 2180
f 2176 2177 2181
f 2176 2181 2178
f 2182 2183 2145
f 2182 2145 2144
f 2182 2184 2185
f 2182 2185 2183
f 2182 2144 2186
f 2182 2186 2184
f 2187 2188 2189
f 2187 2189 2190
f 2187 2190 2191
f 2187 2191 2192
f 2187 2192 2193
f 2187 2193 2188
f 2194 2195 2196
f 2194 2196 2197
f 2194 2198 2133
f 2194 2133 2195
f 2194 2197 2199
f 2194 2199 2198
f 2200 2201 2196
f 2200 2196 2202
f 2200 2123 2203
f 2200 2203 2201
f 2200 2202 2124
f 2200 2124 2123
f 2172 2171 2204
f 2172 2204 2205
f 2172 2205 2206
f 2172 2206 2173
f 2179 2207 2208
f 2179 2208 2209
f 2179 2178 2210
f 2179 2210 2207
f 2124 2211 2212
f 2124 2212 2125
f 2202 2213 2211
f 2202 2211 2124
f 2206 2214 2181
f 2206 2181 2177
f 2206 2177 2156
f 2206 2156 2173
f 2144 2143 2215
f 2144 2215 2216
f 2123 2121 2217
f 2123 2217 2218
f 2123 2218 2219
f 2123 2219 2203
f 2149 2119 2205
f 2149 2205 2204
f 2149 2220 2161
f 2149 2161 2147
f 2151 2221 2222
f 2151 2222 2163
f 2151 2150 2193
f 2151 2193 2192
f 2151 2192 2191
f 2151 2191 2221
f 2223 2201 2203
f 2223 2203 2224
f 2223 2197 2196
f 2223 2196 2201
f 2223 2224 2199
f 2223 2199 2197
f 2133 2132 2213
f 2133 2213 2195
f 2133 2225 2226
f 2133 2226 2129
f 2133 2198 2199
f 2133 2199 2225
f 2227 2207 2210
f 2227 2210 2228
f 2227 2160 2208
f 2227 2208 2207
f 2226 2225 2229
f 2226 2229 2230
f 2226 2230 2130
f 2226 2130 2129
f 2231 2143 2126
f 2231 2126 2125
f 2231 2232 2233
f 2231 2233 2234
f 2231 2125 2212
f 2231 2212 2235
f 2231 2235 2236
f 2231 2236 2232
f 2231 2234 2215
f 2231 2215 2143
f 2120 2237 2238
f 2120 2238 2214
f 2120 2153 2239
f 2120 2239 2237
f 2120 2214 2206
f 2120 2206 2118
f 2199 2224 2240
f 2199 2240 2241
f 2199 2241 2242
f 2199 2242 2225
f 2235 2243 2229
f 2235 2229 2244
f 2235 2244 2245
f 2235 2245 2236
f 2235 2212 2142
f 2235 2142 2243
f 2181 2214 2238
f 2181 2238 2246
f 2181 2246 2247
f 2181 2247 2248
f 2175 2174 2249
f 2175 2249 2250
f 2175 2251 2170
f 2175 2170 2169
f 2175 2250 2252
f 2175 2252 2251
f 2225 2242 2244
f 2225 2244 2229
f 2217 2253 2254
f 2217 2254 2218
f 2234 2233 2253
f 2234 2253 2217
f 2248 2255 2228
f 2248 2228 2210
f 2248 2247 2256
f 2248 2256 2257
f 2248 2257 2249
f 2248 2249 2255
f 2258 2259 2252
f 2258 2252 2257
f 2260 2261 2259
f 2260 2259 2258
f 2258 2257 2256
f 2258 2256 2260
f 2262 2263 2241
f 2262 2241 2240
f 2262 2264 2265
f 2262 2265 2263
f 2262 2240 2219
f 2262 2219 2266
f 2262 2267 2268
f 2262 2268 2264
f 2269 2270 2271
f 2269 2271 2272
f 2269 2272 2273
f 2269 2273 2274
f 2269 2274 2275
f 2269 2275 2270
f 2276 2277 2278
f 2276 2278 2279
f 2276 2279 2280
f 2276 2280 2281
f 2276 2281 2282
f 2276 2282 2277
f 2283 2284 2285
f 2283 2285 2286
f 2283 2287 2288
f 2283 2288 2284
f 2283 2289 2290
f 2283 2290 2287
f 2283 2291 2292
f 2283 2292 2289
f 2283 2286 2293
f 2283 2293 2291
f 2294 2295 2296
f 2294 2296 2297
f 2294 2297 2298
f 2294 2298 2299
f 2294 2299 2300
f 2294 2300 2301
f 2302 2265 2264
f 2302 2264 2303
f 2302 2303 2273
f 2302 2273 2272
f 2302 2272 2271
f 2302 2271 2265
f 2304 2305 2306
f 2304 2306 2307
f 2308 2309 2305
f 2308 2305 2304
f 2304 2307 2310
f 2304 2310 2308
f 2311 2312 2313
f 2311 2313 2314
f 2311 2281 2280
f 2311 2280 2312
f 2311 2314 2282
f 2311 2282 2281
f 2307 2306 2315
f 2307 2315 2316
f 2307 2316 2317
f 2307 2317 2318
f 2307 2319 2320
f 2307 2320 2310
f 2307 2318 2321
f 2307 2321 2319
f 2284 2288 2322
f 2284 2322 2323
f 2284 2323 2324
f 2284 2324 2325
f 2284 2325 2326
f 2284 2326 2285
f 2324 2323 2301
f 2324 2301 2300
f 2324 2327 2328
f 2324 2328 2325
f 2329 2330 2331
f 2329 2331 2332
f 2329 2332 2333
f 2329 2333 2334
f 2329 2334 2335
f 2329 2335 2330
f 2336 2337 2338
f 2336 2338 2339
f 2336 2340 2341
f 2336 2341 2337
f 2336 2339 2342
f 2336 2342 2343
f 2344 2345 2343
f 2344 2343 2342
f 2344 2342 2346
f 2344 2346 2347
f 2344 2347 2348
f 2344 2348 2345
f 2339 2338 2346
f 2339 2346 2342
f 2341 2340 2349
f 2341 2349 2350
f 2341 2350 2333
f 2341 2333 2337
f 2350 2349 2334
f 2350 2334 2333
f 2333 2332 2351
f 2333 2351 2352
f 2333 2352 2338
f 2333 2338 2337
f 2346 2338 2352
f 2346 2352 2347
f 2352 2351 2348
f 2352 2348 2347
f 2351 2332 2331
f 2351 2331 2353
f 2351 2353 2354
f 2351 2354 2348
f 2354 2353 2355
f 2354 2355 2356
f 2354 2356 2357
f 2354 2357 2358
f 2354 2358 2345
f 2354 2345 2348
f 2358 2357 2359
f 2358 2359 2360
f 2358 2360 2343
f 2358 2343 2345
f 2360 2359 2361
f 2360 2361 2362
f 2360 2362 2336
f 2360 2336 2343
f 2362 2361 2363
f 2362 2363 2364
f 2362 2364 2340
f 2362 2340 2336
f 2364 2363 2365
f 2364 2365 2366
f 2364 2366 2349
f 2364 2349 2340
f 2366 2365 2367
f 2366 2367 2335
f 2366 2335 2334
f 2366 2334 2349
f 2367 2365 2368
f 2367 2368 2369
f 2367 2369 2370
f 2367 2370 2371
f 2367 2371 2330
f 2367 2330 2335
f 2371 2370 2372
f 2371 2372 2373
f 2371 2373 2331
f 2371 2331 2330
f 2373 2372 2374
f 2373 2374 2355
f 2373 2355 2353
f 2373 2353 2331
f 2374 2372 2375
f 2374 2375 2376
f 2374 2376 2377
f 2374 2377 2378
f 2374 2378 2356
f 2374 2356 2355
f 2378 2377 2379
f 2378 2379 2380
f 2378 2380 2357
f 2378 2357 2356
f 2380 2379 2381
f 2380 2381 2382
f 2380 2382 2359
f 2380 2359 2357
f 2382 2381 2383
f 2382 2383 2384
f 2382 2384 2361
f 2382 2361 2359
f 2384 2383 2385
f 2384 2385 2386
f 2384 2386 2363
f 2384 2363 2361
f 2386 2385 2387
f 2386 2387 2368
f 2386 2368 2365
f 2386 2365 2363
f 2387 2385 2328
f 2387 2328 2327
f 2387 2327 2388
f 2387 2388 2389
f 2387 2389 2369
f 2387 2369 2368
f 2389 2388 2390
f 2389 2390 2391
f 2389 2391 2370
f 2389 2370 2369
f 2391 2390 2392
f 2391 2392 2375
f 2391 2375 2372
f 2391 2372 2370
f 2392 2390 2393
f 2392 2393 2320
f 2392 2320 2319
f 2392 2319 2394
f 2392 2394 2376
f 2392 2376 2375
f 2394 2319 2321
f 2394 2321 2395
f 2394 2395 2377
f 2394 2377 2376
f 2395 2321 2396
f 2395 2396 2397
f 2395 2397 2379
f 2395 2379 2377
f 2397 2396 2398
f 2397 2398 2399
f 2397 2399 2381
f 2397 2381 2379
f 2399 2398 2326
f 2399 2326 2400
f 2399 2400 2383
f 2399 2383 2381
f 2400 2326 2325
f 2400 2325 2328
f 2400 2328 2385
f 2400 2385 2383
f 2398 2396 2401
f 2398 2401 2402
f 2398 2402 2285
f 2398 2285 2326
f 2402 2401 2403
f 2402 2403 2404
f 2402 2404 2286
f 2402 2286 2285
f 2404 2403 2405
f 2404 2405 2406
f 2404 2406 2293
f 2404 2293 2286
f 2406 2405 2313
f 2406 2313 2312
f 2406 2312 2280
f 2406 2280 2293
f 2405 2403 2317
f 2405 2317 2407
f 2405 2407 2260
f 2405 2260 2313
f 2407 2317 2316
f 2407 2316 2408
f 2407 2408 2261
f 2407 2261 2260
f 2408 2316 2315
f 2408 2315 2409
f 2408 2409 2410
f 2408 2410 2261
f 2410 2409 2411
f 2410 2411 2412
f 2410 2412 2413
f 2410 2413 2414
f 2410 2414 2259
f 2410 2259 2261
f 2414 2413 2170
f 2414 2170 2251
f 2414 2251 2252
f 2414 2252 2259
f 2411 2415 2288
f 2411 2288 2287
f 2411 2287 2290
f 2411 2290 2412
f 2411 2409 2315
f 2411 2315 2415
f 2415 2416 2322
f 2415 2322 2288
f 2415 2315 2306
f 2415 2306 2416
f 2416 2417 2418
f 2416 2418 2322
f 2416 2306 2305
f 2416 2305 2417
f 2418 2419 2294
f 2418 2294 2301
f 2418 2301 2323
f 2418 2323 2322
f 2418 2417 2420
f 2418 2420 2419
f 2420 2421 2422
f 2420 2422 2419
f 2420 2417 2305
f 2420 2305 2309
f 2420 2309 2423
f 2420 2423 2421
f 2423 2266 2254
f 2423 2254 2421
f 2423 2309 2308
f 2423 2308 2267
f 2423 2267 2262
f 2423 2262 2266
f 2422 2253 2233
f 2422 2233 2295
f 2422 2295 2294
f 2422 2294 2419
f 2422 2421 2254
f 2422 2254 2253
f 2403 2401 2318
f 2403 2318 2317
f 2401 2396 2321
f 2401 2321 2318
f 2393 2390 2388
f 2393 2388 2424
f 2393 2424 2425
f 2393 2425 2426
f 2393 2426 2310
f 2393 2310 2320
f 2426 2425 2427
f 2426 2427 2428
f 2426 2428 2308
f 2426 2308 2310
f 2428 2427 2429
f 2428 2429 2268
f 2428 2268 2267
f 2428 2267 2308
f 2429 2427 2299
f 2429 2299 2298
f 2429 2298 2273
f 2429 2273 2303
f 2429 2303 2264
f 2429 2264 2268
f 2427 2425 2300
f 2427 2300 2299
f 2425 2424 2324
f 2425 2324 2300
f 2424 2388 2327
f 2424 2327 2324
f 2314 2313 2260
f 2314 2260 2256
f 2314 2256 2247
f 2314 2247 2282
f 2298 2297 2274
f 2298 2274 2273
f 2297 2296 2275
f 2297 2275 2274
f 2296 2232 2236
f 2296 2236 2275
f 2296 2295 2233
f 2296 2233 2232
f 2293 2280 2279
f 2293 2279 2291
f 2292 2291 2279
f 2292 2279 2278
f 2292 2278 2238
f 2292 2238 2237
f 2292 2237 2239
f 2292 2239 2289
f 2289 2239 2220
f 2289 2220 2290
f 2282 2247 2246
f 2282 2246 2277
f 2278 2277 2246
f 2278 2246 2238
f 2275 2236 2245
f 2275 2245 2270
f 2271 2270 2245
f 2271 2245 2430
f 2271 2430 2263
f 2271 2263 2265
f 2430 2245 2244
f 2430 2244 2242
f 2430 2242 2241
f 2430 2241 2263
f 2266 2219 2218
f 2266 2218 2254
f 2257 2252 2250
f 2257 2250 2249
f 2255 2249 2174
f 2255 2174 2159
f 2255 2159 2158
f 2255 2158 2228
f 2248 2210 2178
f 2248 2178 2181
f 2240 2224 2203
f 2240 2203 2219
f 2239 2153 2161
f 2239 2161 2220
f 2234 2217 2138
f 2234 2138 2215
f 2230 2229 2243
f 2230 2243 2165
f 2230 2165 2141
f 2230 2141 2130
f 2228 2158 2160
f 2228 2160 2227
f 2222 2221 2431
f 2222 2431 2432
f 2222 2432 2433
f 2222 2433 2434
f 2222 2434 2164
f 2222 2164 2163
f 2434 2433 2435
f 2434 2435 2436
f 2434 2436 2437
f 2434 2437 2164
f 2437 2112 2148
f 2437 2148 2164
f 2437 2436 2438
f 2437 2438 2439
f 2437 2439 2110
f 2437 2110 2112
f 2439 2438 2440
f 2439 2440 2441
f 2439 2441 2111
f 2439 2111 2110
f 2441 2440 2442
f 2441 2442 2443
f 2441 2443 2444
f 2441 2444 2111
f 2444 2098 2097
f 2444 2097 2111
f 2444 2443 2068
f 2444 2068 2067
f 2444 2067 2075
f 2444 2075 2098
f 2443 2442 2445
f 2443 2445 2068
f 2445 2442 2446
f 2445 2446 2447
f 2445 2447 2448
f 2445 2448 2449
f 2445 2449 2069
f 2445 2069 2068
f 2449 2448 2450
f 2449 2450 2451
f 2449 2451 2070
f 2449 2070 2069
f 2451 2450 2452
f 2451 2452 2453
f 2451 2453 2078
f 2451 2078 2070
f 2453 2452 2454
f 2453 2454 2455
f 2453 2455 2079
f 2453 2079 2078
f 2455 2454 2185
f 2455 2185 2456
f 2455 2456 2189
f 2455 2189 2079
f 2456 2185 2184
f 2456 2184 2457
f 2456 2457 2190
f 2456 2190 2189
f 2457 2184 2186
f 2457 2186 2458
f 2457 2458 2191
f 2457 2191 2190
f 2458 2186 2459
f 2458 2459 2431
f 2458 2431 2221
f 2458 2221 2191
f 2459 2186 2144
f 2459 2144 2216
f 2459 2216 2137
f 2459 2137 2460
f 2459 2460 2432
f 2459 2432 2431
f 2460 2137 2136
f 2460 2136 2461
f 2460 2461 2433
f 2460 2433 2432
f 2461 2136 2139
f 2461 2139 2462
f 2461 2462 2435
f 2461 2435 2433
f 2462 2139 2463
f 2462 2463 2464
f 2462 2464 2465
f 2462 2465 2435
f 2465 2438 2436
f 2465 2436 2435
f 2465 2464 2466
f 2465 2466 2467
f 2465 2467 2440
f 2465 2440 2438
f 2467 2466 2468
f 2467 2468 2446
f 2467 2446 2442
f 2467 2442 2440
f 2468 2466 2469
f 2468 2469 2470
f 2468 2470 2471
f 2468 2471 2472
f 2468 2472 2447
f 2468 2447 2446
f 2472 2471 2063
f 2472 2063 2062
f 2472 2062 2448
f 2472 2448 2447
f 2471 2470 2085
f 2471 2085 2087
f 2471 2087 2102
f 2471 2102 2063
f 2470 2469 2089
f 2470 2089 2085
f 2469 2466 2464
f 2469 2464 2463
f 2469 2463 2090
f 2469 2090 2089
f 2463 2139 2109
f 2463 2109 2090
f 2454 2452 2065
f 2454 2065 2473
f 2454 2473 2183
f 2454 2183 2185
f 2473 2065 2064
f 2473 2064 2146
f 2473 2146 2145
f 2473 2145 2183
f 2452 2450 2061
f 2452 2061 2065
f 2450 2448 2062
f 2450 2062 2061
f 2149 2204 2413
f 2149 2413 2412
f 2149 2412 2290
f 2149 2290 2220
f 2413 2204 2171
f 2413 2171 2170
f 2217 2121 2122
f 2217 2122 2138
f 2216 2215 2138
f 2216 2138 2137
f 2213 2202 2196
f 2213 2196 2195
f 2213 2132 2134
f 2213 2134 2211
f 2212 2211 2134
f 2212 2134 2142
f 2209 2208 2176
f 2209 2176 2180
f 2209 2180 2474
f 2209 2474 2475
f 2209 2475 2476
f 2209 2476 2179
f 2476 2475 2107
f 2476 2107 2106
f 2476 2106 2108
f 2476 2108 2474
f 2476 2474 2180
f 2476 2180 2179
f 2475 2474 2108
f 2475 2108 2107
f 2208 2160 2157
f 2208 2157 2176
f 2206 2205 2119
f 2206 2119 2118
f 2193 2150 2073
f 2193 2073 2072
f 2193 2072 2080
f 2193 2080 2188
f 2189 2188 2080
f 2189 2080 2079
f 2163 2162 2152
f 2163 2152 2151
f 2162 2161 2153
f 2162 2153 2152
f 2146 2064 2477
f 2146 2477 2127
f 2122 2083 2092
f 2122 2092 2109
f 2117 2095 2094
f 2117 2094 2105
f 2105 2094 2098
f 2105 2098 2075
f 2103 2102 2087
f 2103 2087 2084
f 2477 2064 2060
f 2477 2060 2063
f 2477 2478 2479
f 2477 2479 2480
f 2481 2482 2483
f 2481 2483 2484
f 2482 2100 2485
f 2482 2485 2483
f 2100 2113 2486
f 2100 2486 2485
f 2167 2487 2140
f 2167 2140 2141
f 2487 2488 2142
f 2487 2142 2140
f 2489 2490 2491
f 2489 2491 2492
f 2493 2489 2492
f 2493 2492 2494
f 2490 2495 2496
f 2490 2496 2491
f 2166 2165 2243
f 2166 2243 2142
f 2488 2494 2166
f 2488 2166 2142
f 2496 2493 2494
f 2496 2494 2488
f 2486 2481 2484
f 2486 2484 2495
f 2494 2492 2167
f 2494 2167 2166
f 2492 2491 2487
f 2492 2487 2167
f 2491 2496 2488
f 2491 2488 2487
f 2495 2484 2493
f 2495 2493 2496
f 2484 2483 2489
f 2484 2489 2493
f 2483 2485 2490
f 2483 2490 2489
f 2485 2486 2495
f 2485 2495 2490
f 2113 2480 2481
f 2113 2481 2486
f 2480 2479 2482
f 2480 2482 2481
f 2113 2127 2477
f 2113 2477 2480
f 2479 2101 2100
f 2479 2100 2482
f 2101 2497 2063
f 2101 2063 2102
f 2477 2063 2497
f 2477 2497 2478
f 2478 2497 2101
f 2478 2101 2479
f 2498 2499 2500
f 2498 2500 2501
f 2498 2501 2502
f 2498 2502 2503
f 2498 2504 2505
f 2498 2505 2499
f 2498 2503 2506
f 2498 2506 2507
f 2502 2501 2508
f 2502 2508 2509
f 2502 2509 2510
f 2502 2510 2511
f 2502 2511 2512
f 2502 2512 2513
f 2502 2513 2514
f 2502 2514 2503
f 2515 2516 2517
f 2515 2517 2518
f 2519 2520 2516
f 2519 2516 2515
f 2515 2518 2521
f 2515 2521 2519
f 2522 2523 2524
f 2522 2524 2525
f 2522 2526 2527
f 2522 2527 2523
f 2522 2525 2528
f 2522 2528 2526
f 2529 2530 2531
f 2529 2531 2532
f 2529 2532 2533
f 2529 2533 2534
f 2529 2534 2535
f 2529 2535 2530
f 2536 2537 2538
f 2536 2538 2539
f 2536 2540 2541
f 2536 2541 2537
f 2536 2539 2542
f 2536 2542 2540
f 2530 2543 2544
f 2530 2544 2531
f 2505 2504 2545
f 2505 2545 2546
f 2505 2546 2547
f 2505 2547 2499
f 2541 2548 2549
f 2541 2549 2537
f 2541 2540 2550
f 2541 2550 2548
f 2525 2524 2551
f 2525 2551 2552
f 2525 2552 2553
f 2525 2553 2554
f 2525 2554 2555
f 2525 2555 2528
f 2556 2557 2558
f 2556 2558 2520
f 2556 2520 2519
f 2556 2519 2559
f 2556 2560 2561
f 2556 2561 2557
f 2556 2562 2563
f 2556 2563 2560
f 2556 2559 2564
f 2556 2564 2562
f 2504 2498 2507
f 2504 2507 2545
f 2560 2563 2565
f 2560 2565 2561
f 2559 2519 2528
f 2559 2528 2555
f 2559 2566 2567
f 2559 2567 2564
f 2568 2569 2570
f 2568 2570 2571
f 2568 2572 2573
f 2568 2573 2569
f 2568 2571 2574
f 2568 2574 2572
f 2547 2546 2575
f 2547 2575 2576
f 2547 2576 2500
f 2547 2500 2499
f 2577 2578 2572
f 2577 2572 2574
f 2577 2511 2510
f 2577 2510 2578
f 2577 2579 2512
f 2577 2512 2511
f 2577 2580 2581
f 2577 2581 2579
f 2577 2574 2582
f 2577 2582 2580
f 2583 2584 2548
f 2583 2548 2550
f 2583 2585 2586
f 2583 2586 2584
f 2583 2550 2587
f 2583 2587 2588
f 2583 2588 2589
f 2583 2589 2567
f 2583 2567 2566
f 2583 2566 2585
f 2590 2506 2591
f 2590 2591 2592
f 2593 2507 2506
f 2593 2506 2590
f 2590 2592 2594
f 2590 2594 2593
f 2580 2594 2592
f 2580 2592 2581
f 2574 2571 2595
f 2574 2595 2596
f 2574 2596 2597
f 2574 2597 2582
f 2598 2599 2575
f 2598 2575 2546
f 2600 2601 2599
f 2600 2599 2598
f 2598 2546 2545
f 2598 2545 2600
f 2602 2542 2603
f 2602 2603 2604
f 2550 2540 2605
f 2550 2605 2587
f 2602 2604 2606
f 2602 2606 2607
f 2564 2567 2589
f 2564 2589 2608
f 2564 2608 2609
f 2564 2609 2610
f 2564 2610 2611
f 2564 2611 2562
f 2612 2613 2614
f 2612 2614 2551
f 2612 2551 2524
f 2612 2524 2615
f 2612 2615 2616
f 2612 2616 2617
f 2612 2618 2619
f 2612 2619 2613
f 2612 2617 2620
f 2612 2620 2618
f 2552 2551 2614
f 2552 2614 2621
f 2552 2621 2622
f 2552 2622 2553
f 2623 2563 2562
f 2623 2562 2611
f 2623 2624 2565
f 2623 2565 2563
f 2623 2611 2625
f 2623 2625 2624
f 2613 2619 2626
f 2613 2626 2614
f 2627 2535 2628
f 2627 2628 2629
f 2627 2630 2631
f 2627 2631 2632
f 2627 2632 2530
f 2627 2530 2535
f 2633 2634 2635
f 2633 2635 2636
f 2633 2636 2637
f 2633 2637 2638
f 2633 2638 2631
f 2633 2631 2634
f 2611 2610 2639
f 2611 2639 2640
f 2595 2641 2642
f 2595 2642 2596
f 2597 2643 2644
f 2597 2644 2645
f 2597 2645 2646
f 2597 2646 2582
f 2647 2648 2619
f 2647 2619 2618
f 2647 2649 2650
f 2647 2650 2648
f 2647 2618 2620
f 2647 2620 2651
f 2652 2653 2654
f 2652 2654 2640
f 2607 2606 2653
f 2607 2653 2652
f 2652 2640 2639
f 2652 2639 2607
f 2587 2655 2656
f 2587 2656 2588
f 2657 2658 2601
f 2657 2601 2600
f 2657 2600 2593
f 2657 2593 2659
f 2657 2644 2643
f 2657 2643 2658
f 2657 2659 2660
f 2657 2660 2661
f 2657 2661 2662
f 2657 2662 2644
f 2654 2653 2663
f 2654 2663 2664
f 2654 2664 2665
f 2654 2665 2640
f 2636 2666 2667
f 2636 2667 2668
f 2636 2635 2669
f 2636 2669 2666
f 2636 2668 2670
f 2636 2670 2637
f 2608 2589 2671
f 2608 2671 2672
f 2672 2673 2674
f 2672 2674 2675
f 2672 2675 2676
f 2672 2676 2677
f 2668 2667 2678
f 2668 2678 2679
f 2668 2679 2646
f 2668 2646 2680
f 2681 2682 2683
f 2681 2683 2684
f 2681 2685 2686
f 2681 2686 2682
f 2682 2686 2687
f 2682 2687 2683
f 2688 2689 2690
f 2688 2690 2691
f 2688 2691 2692
f 2688 2692 2693
f 2688 2693 2694
f 2688 2694 2689
f 2695 2696 2635
f 2695 2635 2634
f 2695 2634 2631
f 2695 2631 2630
f 2695 2630 2697
f 2695 2697 2696
f 2692 2691 2661
f 2692 2661 2660
f 2692 2698 2699
f 2692 2699 2693
f 2692 2660 2667
f 2692 2667 2666
f 2692 2666 2669
f 2692 2669 2698
f 2646 2679 2580
f 2646 2580 2582
f 2646 2645 2700
f 2646 2700 2701
f 2661 2691 2690
f 2661 2690 2702
f 2703 2704 2705
f 2703 2705 2706
f 2703 2707 2708
f 2703 2708 2626
f 2703 2706 2709
f 2703 2709 2707
f 2646 2710 2711
f 2646 2711 2680
f 2646 2701 2712
f 2646 2712 2710
f 2704 2686 2685
f 2704 2685 2713
f 2704 2703 2648
f 2704 2648 2650
f 2704 2713 2714
f 2704 2714 2705
f 2715 2716 2717
f 2715 2717 2718
f 2715 2718 2719
f 2715 2719 2720
f 2702 2690 2721
f 2702 2721 2722
f 2702 2723 2662
f 2702 2662 2661
f 2724 2725 2726
f 2724 2726 2727
f 2724 2728 2729
f 2724 2729 2730
f 2724 2727 2731
f 2724 2731 2728
f 2732 2733 2696
f 2732 2696 2697
f 2732 2710 2712
f 2732 2712 2734
f 2732 2697 2711
f 2732 2711 2710
f 2732 2735 2736
f 2732 2736 2733
f 2732 2734 2737
f 2732 2737 2735
f 2738 2739 2694
f 2738 2694 2740
f 2738 2740 2741
f 2738 2741 2742
f 2738 2742 2743
f 2738 2743 2739
f 2741 2740 2699
f 2741 2699 2744
f 2741 2744 2745
f 2741 2745 2742
f 2745 2744 2736
f 2745 2736 2735
f 2745 2735 2743
f 2745 2743 2742
f 2719 2728 2731
f 2719 2731 2746
f 2719 2718 2729
f 2719 2729 2728
f 2719 2747 2748
f 2719 2748 2720
f 2719 2746 2749
f 2719 2749 2747
f 2748 2750 2751
f 2748 2751 2720
f 2748 2747 2752
f 2748 2752 2753
f 2754 2755 2756
f 2754 2756 2757
f 2754 2757 2758
f 2754 2758 2759
f 2754 2759 2760
f 2754 2760 2755
f 2743 2735 2737
f 2743 2737 2761
f 2743 2761 2762
f 2743 2762 2763
f 2748 2753 2764
f 2748 2764 2750
f 2765 2726 2676
f 2765 2676 2766
f 2765 2766 2767
f 2765 2767 2768
f 2765 2769 2727
f 2765 2727 2726
f 2765 2770 2771
f 2765 2771 2769
f 2765 2768 2772
f 2765 2772 2770
f 2773 2774 2775
f 2773 2775 2776
f 2773 2757 2756
f 2773 2756 2774
f 2773 2776 2758
f 2773 2758 2757
f 2767 2766 2777
f 2767 2777 2778
f 2767 2779 2780
f 2767 2780 2768
f 2767 2778 2781
f 2767 2781 2779
f 2782 2783 2784
f 2782 2784 2785
f 2782 2723 2702
f 2782 2702 2783
f 2782 2785 2786
f 2782 2786 2787
f 2782 2788 2789
f 2782 2789 2723
f 2782 2787 2790
f 2782 2790 2788
f 2761 2737 2791
f 2761 2791 2762
f 2792 2712 2701
f 2792 2701 2793
f 2792 2793 2794
f 2792 2794 2795
f 2792 2795 2734
f 2792 2734 2712
f 2796 2737 2734
f 2796 2734 2795
f 2796 2795 2794
f 2796 2794 2797
f 2796 2797 2791
f 2796 2791 2737
f 2798 2799 2800
f 2798 2800 2801
f 2802 2803 2799
f 2802 2799 2798
f 2798 2801 2804
f 2798 2804 2802
f 2805 2772 2806
f 2805 2806 2807
f 2805 2807 2808
f 2805 2808 2809
f 2805 2810 2770
f 2805 2770 2772
f 2802 2811 2812
f 2802 2812 2803
f 2802 2813 2814
f 2802 2814 2811
f 2815 2816 2810
f 2815 2810 2805
f 2815 2805 2809
f 2815 2809 2817
f 2815 2785 2784
f 2815 2784 2816
f 2815 2818 2786
f 2815 2786 2785
f 2815 2817 2819
f 2815 2819 2818
f 2820 2821 2822
f 2820 2822 2823
f 2820 2824 2825
f 2820 2825 2826
f 2820 2826 2827
f 2820 2827 2821
f 2828 2829 2821
f 2828 2821 2827
f 2828 2827 2830
f 2828 2830 2831
f 2828 2831 2832
f 2828 2832 2829
f 2833 2834 2835
f 2833 2835 2836
f 2833 2836 2837
f 2833 2837 2824
f 2833 2824 2820
f 2833 2820 2834
f 2826 2825 2830
f 2826 2830 2827
f 2830 2825 2838
f 2830 2838 2831
f 2836 2835 2839
f 2836 2839 2837
f 2839 2840 2838
f 2839 2838 2837
f 2839 2835 2841
f 2839 2841 2842
f 2839 2842 2843
f 2839 2843 2840
f 2843 2844 2832
f 2843 2832 2840
f 2843 2842 2845
f 2843 2845 2846
f 2843 2846 2847
f 2843 2847 2844
f 2847 2848 2849
f 2847 2849 2844
f 2847 2846 2850
f 2847 2850 2851
f 2847 2851 2852
f 2847 2852 2848
f 2852 2853 2854
f 2852 2854 2848
f 2852 2851 2855
f 2852 2855 2856
f 2852 2856 2857
f 2852 2857 2853
f 2857 2858 2859
f 2857 2859 2853
f 2857 2856 2860
f 2857 2860 2861
f 2857 2861 2862
f 2857 2862 2858
f 2862 2863 2864
f 2862 2864 2858
f 2862 2861 2865
f 2862 2865 2866
f 2862 2866 2867
f 2862 2867 2863
f 2867 2868 2869
f 2867 2869 2863
f 2867 2866 2802
f 2867 2802 2804
f 2867 2804 2819
f 2867 2819 2868
f 2869 2870 2871
f 2869 2871 2872
f 2869 2872 2864
f 2869 2864 2863
f 2869 2868 2873
f 2869 2873 2870
f 2873 2874 2875
f 2873 2875 2870
f 2873 2868 2819
f 2873 2819 2817
f 2873 2817 2809
f 2873 2809 2874
f 2875 2876 2855
f 2875 2855 2877
f 2875 2877 2871
f 2875 2871 2870
f 2875 2874 2878
f 2875 2878 2876
f 2878 2879 2860
f 2878 2860 2876
f 2878 2874 2809
f 2878 2809 2808
f 2878 2808 2880
f 2878 2880 2879
f 2880 2813 2865
f 2880 2865 2879
f 2880 2808 2807
f 2880 2807 2881
f 2880 2881 2814
f 2880 2814 2813
f 2881 2807 2806
f 2881 2806 2882
f 2881 2882 2883
f 2881 2883 2814
f 2883 2884 2811
f 2883 2811 2814
f 2883 2882 2885
f 2883 2885 2886
f 2883 2886 2749
f 2883 2749 2884
f 2886 2885 2887
f 2886 2887 2752
f 2886 2752 2747
f 2886 2747 2749
f 2887 2885 2780
f 2887 2780 2779
f 2887 2779 2781
f 2887 2781 2888
f 2887 2888 2753
f 2887 2753 2752
f 2888 2781 2889
f 2888 2889 2890
f 2888 2890 2764
f 2888 2764 2753
f 2890 2889 2758
f 2890 2758 2776
f 2890 2776 2775
f 2890 2775 2764
f 2889 2781 2778
f 2889 2778 2891
f 2889 2891 2759
f 2889 2759 2758
f 2891 2778 2777
f 2891 2777 2892
f 2891 2892 2760
f 2891 2760 2759
f 2892 2777 2675
f 2892 2675 2674
f 2892 2674 2709
f 2892 2709 2760
f 2885 2882 2806
f 2885 2806 2780
f 2884 2893 2812
f 2884 2812 2811
f 2884 2749 2746
f 2884 2746 2893
f 2893 2894 2895
f 2893 2895 2812
f 2893 2746 2731
f 2893 2731 2894
f 2895 2771 2896
f 2895 2896 2897
f 2895 2897 2803
f 2895 2803 2812
f 2895 2894 2769
f 2895 2769 2771
f 2897 2896 2898
f 2897 2898 2899
f 2897 2899 2799
f 2897 2799 2803
f 2899 2898 2900
f 2899 2900 2901
f 2899 2901 2800
f 2899 2800 2799
f 2901 2900 2902
f 2901 2902 2903
f 2901 2903 2904
f 2901 2904 2800
f 2904 2905 2801
f 2904 2801 2800
f 2904 2903 2906
f 2904 2906 2907
f 2904 2907 2908
f 2904 2908 2905
f 2908 2787 2786
f 2908 2786 2905
f 2908 2907 2909
f 2908 2909 2910
f 2908 2910 2790
f 2908 2790 2787
f 2910 2909 2762
f 2910 2762 2791
f 2910 2791 2797
f 2910 2797 2790
f 2909 2907 2906
f 2909 2906 2911
f 2909 2911 2763
f 2909 2763 2762
f 2911 2906 2722
f 2911 2722 2721
f 2911 2721 2912
f 2911 2912 2763
f 2912 2721 2690
f 2912 2690 2689
f 2912 2689 2694
f 2912 2694 2739
f 2912 2739 2743
f 2912 2743 2763
f 2906 2903 2902
f 2906 2902 2722
f 2905 2786 2818
f 2905 2818 2801
f 2902 2900 2784
f 2902 2784 2783
f 2902 2783 2702
f 2902 2702 2722
f 2900 2898 2816
f 2900 2816 2784
f 2898 2896 2810
f 2898 2810 2816
f 2896 2771 2770
f 2896 2770 2810
f 2894 2731 2727
f 2894 2727 2769
f 2879 2865 2861
f 2879 2861 2860
f 2877 2855 2851
f 2877 2851 2850
f 2877 2850 2913
f 2877 2913 2871
f 2913 2850 2846
f 2913 2846 2845
f 2913 2845 2914
f 2913 2914 2915
f 2913 2915 2872
f 2913 2872 2871
f 2915 2914 2916
f 2915 2916 2917
f 2915 2917 2864
f 2915 2864 2872
f 2917 2916 2918
f 2917 2918 2859
f 2917 2859 2858
f 2917 2858 2864
f 2918 2916 2919
f 2918 2919 2823
f 2918 2823 2822
f 2918 2822 2854
f 2918 2854 2853
f 2918 2853 2859
f 2919 2841 2835
f 2919 2835 2834
f 2919 2834 2820
f 2919 2820 2823
f 2919 2916 2914
f 2919 2914 2841
f 2914 2845 2842
f 2914 2842 2841
f 2876 2860 2856
f 2876 2856 2855
f 2866 2865 2813
f 2866 2813 2802
f 2854 2822 2849
f 2854 2849 2848
f 2849 2822 2821
f 2849 2821 2829
f 2849 2829 2832
f 2849 2832 2844
f 2840 2832 2831
f 2840 2831 2838
f 2838 2825 2824
f 2838 2824 2837
f 2819 2804 2801
f 2819 2801 2818
f 2806 2772 2768
f 2806 2768 2780
f 2797 2794 2788
f 2797 2788 2790
f 2794 2793 2789
f 2794 2789 2788
f 2793 2701 2700
f 2793 2700 2789
f 2789 2700 2662
f 2789 2662 2723
f 2777 2766 2676
f 2777 2676 2675
f 2775 2920 2750
f 2775 2750 2764
f 2775 2774 2714
f 2775 2714 2920
f 2920 2921 2751
f 2920 2751 2750
f 2920 2714 2713
f 2920 2713 2921
f 2921 2922 2716
f 2921 2716 2751
f 2921 2713 2685
f 2921 2685 2922
f 2922 2684 2717
f 2922 2717 2716
f 2922 2685 2681
f 2922 2681 2684
f 2774 2756 2705
f 2774 2705 2714
f 2760 2709 2706
f 2760 2706 2755
f 2756 2755 2706
f 2756 2706 2705
f 2751 2716 2715
f 2751 2715 2720
f 2744 2699 2698
f 2744 2698 2736
f 2740 2694 2693
f 2740 2693 2699
f 2736 2698 2669
f 2736 2669 2733
f 2733 2669 2635
f 2733 2635 2696
f 2729 2718 2717
f 2729 2717 2923
f 2729 2923 2924
f 2729 2924 2730
f 2923 2717 2684
f 2923 2684 2683
f 2923 2683 2687
f 2923 2687 2924
f 2726 2725 2677
f 2726 2677 2676
f 2925 2926 2607
f 2925 2607 2639
f 2925 2639 2610
f 2925 2610 2609
f 2704 2650 2687
f 2704 2687 2686
f 2711 2697 2630
f 2711 2630 2627
f 2711 2627 2629
f 2711 2629 2680
f 2709 2674 2673
f 2709 2673 2707
f 2708 2707 2673
f 2708 2673 2927
f 2708 2927 2622
f 2708 2622 2621
f 2708 2621 2614
f 2708 2614 2626
f 2927 2673 2651
f 2927 2651 2620
f 2927 2620 2617
f 2927 2617 2622
f 2703 2626 2619
f 2703 2619 2648
f 2700 2645 2644
f 2700 2644 2662
f 2687 2650 2649
f 2687 2649 2924
f 2680 2629 2670
f 2680 2670 2668
f 2679 2678 2594
f 2679 2594 2580
f 2678 2659 2593
f 2678 2593 2594
f 2678 2667 2660
f 2678 2660 2659
f 2670 2629 2628
f 2670 2628 2928
f 2670 2928 2929
f 2670 2929 2637
f 2929 2928 2930
f 2929 2930 2931
f 2929 2931 2543
f 2929 2543 2932
f 2929 2932 2638
f 2929 2638 2637
f 2932 2543 2530
f 2932 2530 2632
f 2932 2632 2631
f 2932 2631 2638
f 2931 2930 2933
f 2931 2933 2934
f 2931 2934 2544
f 2931 2544 2543
f 2934 2933 2592
f 2934 2592 2591
f 2934 2591 2514
f 2934 2514 2544
f 2933 2930 2935
f 2933 2935 2936
f 2933 2936 2581
f 2933 2581 2592
f 2936 2935 2534
f 2936 2534 2533
f 2936 2533 2579
f 2936 2579 2581
f 2935 2628 2535
f 2935 2535 2534
f 2935 2930 2928
f 2935 2928 2628
f 2665 2937 2938
f 2665 2938 2625
f 2665 2625 2611
f 2665 2611 2640
f 2665 2664 2939
f 2665 2939 2937
f 2939 2940 2941
f 2939 2941 2937
f 2939 2664 2663
f 2939 2663 2942
f 2939 2942 2943
f 2939 2943 2940
f 2943 2944 2945
f 2943 2945 2940
f 2943 2942 2946
f 2943 2946 2947
f 2943 2947 2948
f 2943 2948 2944
f 2948 2601 2658
f 2948 2658 2944
f 2948 2947 2949
f 2948 2949 2950
f 2948 2950 2599
f 2948 2599 2601
f 2950 2949 2951
f 2950 2951 2952
f 2950 2952 2575
f 2950 2575 2599
f 2952 2951 2953
f 2952 2953 2954
f 2952 2954 2576
f 2952 2576 2575
f 2954 2953 2955
f 2954 2955 2956
f 2954 2956 2500
f 2954 2500 2576
f 2956 2955 2957
f 2956 2957 2508
f 2956 2508 2501
f 2956 2501 2500
f 2957 2955 2958
f 2957 2958 2959
f 2957 2959 2960
f 2957 2960 2961
f 2957 2961 2509
f 2957 2509 2508
f 2961 2960 2962
f 2961 2962 2963
f 2961 2963 2510
f 2961 2510 2509
f 2963 2962 2964
f 2963 2964 2965
f 2963 2965 2578
f 2963 2578 2510
f 2965 2964 2966
f 2965 2966 2573
f 2965 2573 2572
f 2965 2572 2578
f 2966 2964 2967
f 2966 2967 2968
f 2966 2968 2969
f 2966 2969 2970
f 2966 2970 2569
f 2966 2569 2573
f 2970 2969 2971
f 2970 2971 2972
f 2970 2972 2570
f 2970 2570 2569
f 2972 2971 2973
f 2972 2973 2974
f 2972 2974 2641
f 2972 2641 2570
f 2974 2973 2938
f 2974 2938 2975
f 2974 2975 2642
f 2974 2642 2641
f 2975 2938 2937
f 2975 2937 2941
f 2975 2941 2976
f 2975 2976 2642
f 2976 2597 2596
f 2976 2596 2642
f 2976 2941 2940
f 2976 2940 2945
f 2976 2945 2643
f 2976 2643 2597
f 2973 2971 2565
f 2973 2565 2624
f 2973 2624 2625
f 2973 2625 2938
f 2971 2969 2561
f 2971 2561 2565
f 2969 2968 2557
f 2969 2557 2561
f 2968 2967 2558
f 2968 2558 2557
f 2967 2964 2962
f 2967 2962 2977
f 2967 2977 2978
f 2967 2978 2558
f 2978 2977 2979
f 2978 2979 2980
f 2978 2980 2517
f 2978 2517 2516
f 2978 2516 2520
f 2978 2520 2558
f 2980 2979 2981
f 2980 2981 2982
f 2980 2982 2983
f 2980 2983 2517
f 2983 2982 2984
f 2983 2984 2538
f 2983 2538 2537
f 2983 2537 2549
f 2983 2549 2518
f 2983 2518 2517
f 2984 2985 2986
f 2984 2986 2987
f 2984 2987 2539
f 2984 2539 2538
f 2984 2982 2981
f 2984 2981 2985
f 2987 2986 2988
f 2987 2988 2603
f 2987 2603 2542
f 2987 2542 2539
f 2988 2989 2990
f 2988 2990 2991
f 2988 2991 2604
f 2988 2604 2603
f 2988 2986 2992
f 2988 2992 2989
f 2992 2953 2951
f 2992 2951 2989
f 2992 2986 2985
f 2992 2985 2958
f 2992 2958 2955
f 2992 2955 2953
f 2991 2990 2946
f 2991 2946 2993
f 2991 2993 2606
f 2991 2606 2604
f 2993 2946 2942
f 2993 2942 2663
f 2993 2663 2653
f 2993 2653 2606
f 2990 2949 2947
f 2990 2947 2946
f 2990 2989 2951
f 2990 2951 2949
f 2985 2981 2959
f 2985 2959 2958
f 2981 2979 2960
f 2981 2960 2959
f 2979 2977 2962
f 2979 2962 2960
f 2945 2944 2658
f 2945 2658 2643
f 2671 2589 2588
f 2671 2588 2656
f 2641 2595 2571
f 2641 2571 2570
f 2622 2617 2616
f 2622 2616 2553
f 2616 2615 2994
f 2616 2994 2995
f 2616 2995 2554
f 2616 2554 2553
f 2995 2994 2996
f 2995 2996 2997
f 2995 2997 2555
f 2995 2555 2554
f 2997 2996 2585
f 2997 2585 2566
f 2997 2566 2559
f 2997 2559 2555
f 2996 2527 2586
f 2996 2586 2585
f 2996 2994 2523
f 2996 2523 2527
f 2994 2615 2524
f 2994 2524 2523
f 2600 2545 2507
f 2600 2507 2593
f 2591 2506 2503
f 2591 2503 2514
f 2586 2521 2518
f 2586 2518 2584
f 2586 2527 2526
f 2586 2526 2521
f 2584 2518 2549
f 2584 2549 2548
f 2579 2533 2532
f 2579 2532 2512
f 2544 2514 2513
f 2544 2513 2531
f 2532 2531 2513
f 2532 2513 2512
f 2528 2519 2521
f 2528 2521 2526
f 2608 2672 2677
f 2608 2677 2609
f 2725 2925 2609
f 2725 2609 2677
f 2725 2724 2926
f 2725 2926 2925
f 2655 2926 2724
f 2655 2724 2730
f 2655 2730 2924
f 2655 2924 2649
f 2656 2655 2649
f 2656 2649 2647
f 2651 2671 2656
f 2651 2656 2647
f 2672 2671 2651
f 2672 2651 2673
f 2655 2587 2605
f 2655 2605 2998
f 2540 2542 2602
f 2540 2602 2605
f 2655 2998 2607
f 2655 2607 2926
f 2998 2605 2602
f 2998 2602 2607
f 2999 3000 3001
f 2999 3001 3002
f 2999 3003 3004
f 2999 3004 3000
f 2999 3002 3005
f 2999 3005 3003
f 3006 3007 3004
f 3006 3004 3003
f 3006 3008 3009
f 3006 3009 3007
f 3006 3003 3005
f 3006 3005 3008
f 3010 3011 3012
f 3010 3012 3013
f 3010 3013 3014
f 3010 3014 3015
f 3010 3015 3016
f 3010 3016 3011
f 3017 3018 3019
f 3017 3019 3020
f 3019 3018 3021
f 3019 3021 3022
f 3019 3023 3024
f 3019 3024 3020
f 3019 3022 3025
f 3019 3025 3023
f 3026 3027 3028
f 3026 3028 3029
f 3026 3029 3030
f 3026 3030 3031
f 3026 3031 3032
f 3026 3032 3027
f 3015 3033 3034
f 3015 3034 3035
f 3024 3036 3035
f 3024 3035 3037
f 3030 3029 3038
f 3030 3038 3039
f 3024 3023 3040
f 3024 3040 3036
f 3024 3037 3041
f 3024 3041 3042
f 3043 3044 3045
f 3043 3045 3046
f 3045 3047 3048
f 3045 3048 3046
f 3049 3050 3051
f 3049 3051 3052
f 3050 3049 3053
f 3050 3053 3054
f 3050 3054 3055
f 3050 3055 3051
f 3056 3057 3058
f 3056 3058 3059
f 3060 3055 3061
f 3060 3061 3062
f 3063 3051 3055
f 3063 3055 3060
f 3043 3025 3064
f 3043 3064 3042
f 3065 3066 3067
f 3065 3067 3068
f 3065 3068 3069
f 3065 3069 3070
f 3065 3070 3071
f 3065 3071 3066
f 3068 3067 3072
f 3068 3072 3069
f 3054 3053 3073
f 3054 3073 3055
f 3055 3073 3074
f 3055 3074 3061
f 3067 3075 3076
f 3067 3076 3077
f 3067 3066 3078
f 3067 3078 3075
f 3067 3077 3079
f 3067 3079 3072
f 3080 3081 3082
f 3080 3082 3071
f 3080 3083 3084
f 3080 3084 3081
f 3080 3085 3086
f 3080 3086 3083
f 3080 3071 3070
f 3080 3070 3087
f 3088 3089 3090
f 3088 3090 3091
f 3088 3091 3092
f 3088 3092 3093
f 3053 3049 3094
f 3053 3094 3073
f 3095 3031 3030
f 3095 3030 3096
f 3095 3097 3032
f 3095 3032 3031
f 3095 3096 3098
f 3095 3098 3097
f 3099 3062 3100
f 3099 3100 3101
f 3077 3076 3084
f 3077 3084 3083
f 3102 3103 3104
f 3102 3104 3105
f 3102 3105 3106
f 3102 3106 3107
f 3102 3108 3109
f 3102 3109 3110
f 3102 3110 3111
f 3102 3111 3103
f 3062 3061 3112
f 3062 3112 3113
f 3062 3113 3114
f 3062 3114 3100
f 3069 3072 3087
f 3069 3087 3070
f 3115 3116 3117
f 3115 3117 3118
f 3115 3118 3119
f 3115 3119 3033
f 3061 3074 3120
f 3061 3120 3121
f 3061 3121 3122
f 3061 3122 3112
f 3123 3124 3125
f 3123 3125 3126
f 3125 3124 3127
f 3125 3127 3128
f 3125 3128 3129
f 3125 3129 3130
f 3112 3131 3088
f 3112 3088 3132
f 3112 3122 3133
f 3112 3133 3131
f 3129 3090 3089
f 3129 3089 3130
f 3134 3135 3136
f 3134 3136 3137
f 3138 3139 3140
f 3138 3140 3141
f 3136 3142 3143
f 3136 3143 3137
f 3135 3144 3145
f 3135 3145 3139
f 3146 3147 3145
f 3146 3145 3148
f 3146 3059 3149
f 3146 3149 3147
f 3106 3096 3030
f 3106 3030 3107
f 3106 3134 3098
f 3106 3098 3096
f 3150 3151 3152
f 3150 3152 3153
f 3120 3074 3151
f 3120 3151 3150
f 3114 3154 3155
f 3114 3155 3100
f 3156 3157 3154
f 3156 3154 3114
f 3158 3098 3134
f 3158 3134 3137
f 3085 3159 3160
f 3085 3160 3161
f 3085 3103 3111
f 3085 3111 3086
f 3085 3161 3162
f 3085 3162 3103
f 3163 3164 3165
f 3163 3165 3166
f 3167 3168 3164
f 3167 3164 3163
f 3163 3166 3169
f 3163 3169 3167
f 3103 3162 3170
f 3103 3170 3104
f 3171 3130 3089
f 3171 3089 3172
f 3173 3174 3171
f 3173 3171 3175
f 3159 3079 3176
f 3159 3176 3177
f 3087 3072 3079
f 3087 3079 3159
f 3120 3150 3178
f 3120 3178 3179
f 3120 3179 3180
f 3120 3180 3181
f 3120 3181 3182
f 3120 3182 3121
f 3079 3183 3184
f 3079 3184 3176
f 3077 3185 3183
f 3077 3183 3079
f 3186 3187 3188
f 3186 3188 3189
f 3186 3189 3170
f 3186 3170 3162
f 3190 3191 3192
f 3190 3192 3187
f 3162 3161 3191
f 3162 3191 3190
f 3190 3187 3186
f 3190 3186 3162
f 3179 3178 3193
f 3179 3193 3180
f 3189 3188 3194
f 3189 3194 3170
f 3170 3195 3196
f 3170 3196 3104
f 3160 3159 3177
f 3160 3177 3197
f 3160 3198 3191
f 3160 3191 3161
f 3184 3183 3199
f 3184 3199 3200
f 3184 3200 3201
f 3184 3201 3176
f 3202 3203 3204
f 3202 3204 3205
f 3202 3206 3207
f 3202 3207 3203
f 3202 3205 3208
f 3202 3208 3206
f 3188 3187 3209
f 3188 3209 3194
f 3198 3210 3192
f 3198 3192 3191
f 3198 3160 3211
f 3198 3211 3210
f 3212 3213 3214
f 3212 3214 3215
f 3216 3217 3213
f 3216 3213 3212
f 3195 3170 3194
f 3195 3194 3218
f 3195 3219 3220
f 3195 3220 3221
f 3195 3221 3168
f 3195 3168 3196
f 3195 3218 3222
f 3195 3222 3219
f 3223 3224 3182
f 3223 3182 3225
f 3223 3225 3226
f 3223 3226 3227
f 3223 3228 3229
f 3223 3229 3224
f 3230 3231 3232
f 3230 3232 3233
f 3230 3234 3235
f 3230 3235 3165
f 3230 3233 3236
f 3230 3236 3237
f 3230 3237 3238
f 3230 3238 3234
f 3210 3211 3239
f 3210 3239 3192
f 3240 3180 3193
f 3240 3193 3241
f 3240 3241 3242
f 3240 3242 3243
f 3240 3243 3181
f 3240 3181 3180
f 3244 3200 3199
f 3244 3199 3245
f 3244 3246 3201
f 3244 3201 3200
f 3244 3245 3247
f 3244 3247 3246
f 3248 3249 3206
f 3248 3206 3208
f 3248 3208 3250
f 3248 3250 3251
f 3248 3251 3252
f 3248 3252 3249
f 3253 3197 3177
f 3253 3177 3254
f 3253 3254 3255
f 3253 3255 3256
f 3253 3256 3257
f 3253 3257 3197
f 3258 3239 3211
f 3258 3211 3257
f 3258 3259 3260
f 3258 3260 3261
f 3258 3261 3209
f 3258 3209 3239
f 3262 3263 3264
f 3262 3264 3265
f 3262 3266 3267
f 3262 3267 3263
f 3262 3265 3268
f 3262 3268 3266
f 3269 3264 3252
f 3269 3252 3251
f 3270 3265 3264
f 3270 3264 3269
f 3269 3251 3271
f 3269 3271 3270
f 3272 3273 3274
f 3272 3274 3275
f 3272 3276 3277
f 3272 3277 3278
f 3272 3279 3280
f 3272 3280 3276
f 3272 3275 3281
f 3272 3281 3279
f 3282 3283 3284
f 3282 3284 3285
f 3282 3286 3287
f 3282 3287 3288
f 3282 3288 3289
f 3282 3289 3290
f 3282 3290 3291
f 3282 3291 3283
f 3279 3281 3292
f 3279 3292 3293
f 3294 3295 3296
f 3294 3296 3297
f 3294 3298 3299
f 3294 3299 3295
f 3294 3297 3300
f 3294 3300 3298
f 3301 3302 3303
f 3301 3303 3304
f 3301 3300 3297
f 3301 3297 3302
f 3301 3304 3305
f 3301 3305 3300
f 3304 3303 3306
f 3304 3306 3305
f 3306 3303 3307
f 3306 3307 3308
f 3306 3308 3309
f 3306 3309 3310
f 3306 3310 3311
f 3306 3311 3305
f 3311 3310 3312
f 3311 3312 3313
f 3311 3313 3299
f 3311 3299 3298
f 3311 3298 3300
f 3311 3300 3305
f 3313 3312 3314
f 3313 3314 3315
f 3313 3315 3316
f 3313 3316 3299
f 3316 3315 3317
f 3316 3317 3318
f 3316 3318 3319
f 3316 3319 3320
f 3316 3320 3295
f 3316 3295 3299
f 3320 3319 3321
f 3320 3321 3322
f 3320 3322 3296
f 3320 3296 3295
f 3322 3321 3323
f 3322 3323 3324
f 3322 3324 3325
f 3322 3325 3296
f 3325 3302 3297
f 3325 3297 3296
f 3325 3324 3326
f 3325 3326 3307
f 3325 3307 3303
f 3325 3303 3302
f 3326 3324 3323
f 3326 3323 3327
f 3326 3327 3328
f 3326 3328 3329
f 3326 3329 3308
f 3326 3308 3307
f 3330 3331 3314
f 3330 3314 3312
f 3330 3312 3310
f 3330 3310 3309
f 3331 3332 3333
f 3331 3333 3314
f 3333 3332 3334
f 3333 3334 3277
f 3333 3277 3276
f 3333 3276 3317
f 3333 3317 3315
f 3333 3315 3314
f 3334 3335 3278
f 3334 3278 3277
f 3335 3336 3337
f 3335 3337 3278
f 3337 3336 3338
f 3337 3338 3339
f 3337 3339 3340
f 3337 3340 3273
f 3337 3273 3272
f 3337 3272 3278
f 3340 3339 3341
f 3340 3341 3342
f 3340 3342 3343
f 3340 3343 3344
f 3340 3344 3274
f 3340 3274 3273
f 3344 3343 3345
f 3344 3345 3346
f 3344 3346 3347
f 3344 3347 3274
f 3347 3348 3275
f 3347 3275 3274
f 3347 3346 3349
f 3347 3349 3350
f 3347 3350 3351
f 3347 3351 3348
f 3351 3352 3353
f 3351 3353 3348
f 3351 3350 3354
f 3351 3354 3291
f 3351 3291 3290
f 3351 3290 3352
f 3354 3350 3349
f 3354 3349 3355
f 3354 3355 3356
f 3354 3356 3357
f 3354 3357 3283
f 3354 3283 3291
f 3357 3356 3358
f 3357 3358 3359
f 3357 3359 3284
f 3357 3284 3283
f 3358 3356 3223
f 3358 3223 3227
f 3360 3361 3362
f 3360 3362 3338
f 3360 3338 3336
f 3360 3336 3363
f 3362 3361 3364
f 3362 3364 3270
f 3362 3270 3271
f 3362 3271 3341
f 3362 3341 3339
f 3362 3339 3338
f 3356 3355 3228
f 3356 3228 3223
f 3355 3349 3365
f 3355 3365 3228
f 3365 3349 3346
f 3365 3346 3345
f 3365 3345 3213
f 3365 3213 3217
f 3365 3217 3229
f 3365 3229 3228
f 3353 3352 3366
f 3353 3366 3367
f 3353 3367 3292
f 3353 3292 3281
f 3353 3281 3275
f 3353 3275 3348
f 3367 3366 3368
f 3367 3368 3369
f 3367 3369 3370
f 3367 3370 3292
f 3370 3369 3371
f 3370 3371 3372
f 3370 3372 3373
f 3370 3373 3374
f 3370 3374 3293
f 3370 3293 3292
f 3374 3373 3375
f 3374 3375 3376
f 3374 3376 3377
f 3374 3377 3293
f 3377 3378 3279
f 3377 3279 3293
f 3377 3376 3379
f 3377 3379 3380
f 3377 3380 3381
f 3377 3381 3378
f 3381 3382 3383
f 3381 3383 3378
f 3381 3380 3384
f 3381 3384 3287
f 3381 3287 3286
f 3381 3286 3382
f 3384 3380 3379
f 3384 3379 3385
f 3384 3385 3386
f 3384 3386 3387
f 3384 3387 3288
f 3384 3288 3287
f 3387 3386 3388
f 3387 3388 3389
f 3387 3389 3289
f 3387 3289 3288
f 3389 3388 3390
f 3389 3390 3368
f 3389 3368 3366
f 3389 3366 3289
f 3390 3388 3232
f 3390 3232 3220
f 3390 3220 3219
f 3390 3219 3371
f 3390 3371 3369
f 3390 3369 3368
f 3388 3386 3233
f 3388 3233 3232
f 3386 3385 3236
f 3386 3236 3233
f 3385 3379 3391
f 3385 3391 3236
f 3391 3379 3376
f 3391 3376 3375
f 3391 3375 3259
f 3391 3259 3392
f 3391 3392 3237
f 3391 3237 3236
f 3392 3259 3258
f 3392 3258 3393
f 3392 3393 3238
f 3392 3238 3237
f 3393 3258 3257
f 3393 3257 3256
f 3393 3256 3247
f 3393 3247 3238
f 3383 3319 3318
f 3383 3318 3280
f 3383 3280 3279
f 3383 3279 3378
f 3383 3382 3321
f 3383 3321 3319
f 3382 3286 3323
f 3382 3323 3321
f 3375 3373 3260
f 3375 3260 3259
f 3373 3372 3222
f 3373 3222 3260
f 3372 3371 3219
f 3372 3219 3222
f 3366 3352 3290
f 3366 3290 3289
f 3345 3343 3214
f 3345 3214 3213
f 3343 3342 3394
f 3343 3394 3214
f 3394 3342 3341
f 3394 3341 3271
f 3394 3271 3251
f 3394 3251 3250
f 3394 3250 3215
f 3394 3215 3214
f 3318 3317 3276
f 3318 3276 3280
f 3395 3327 3323
f 3395 3323 3286
f 3395 3286 3282
f 3395 3282 3285
f 3270 3364 3268
f 3270 3268 3265
f 3264 3263 3396
f 3264 3396 3252
f 3396 3397 3249
f 3396 3249 3252
f 3396 3263 3267
f 3396 3267 3398
f 3399 3398 3178
f 3399 3178 3150
f 3397 3207 3206
f 3397 3206 3249
f 3399 3150 3153
f 3399 3153 3400
f 3261 3260 3222
f 3261 3222 3218
f 3261 3218 3194
f 3261 3194 3209
f 3257 3211 3160
f 3257 3160 3197
f 3255 3254 3201
f 3255 3201 3246
f 3255 3246 3247
f 3255 3247 3256
f 3254 3177 3176
f 3254 3176 3201
f 3250 3208 3205
f 3250 3205 3215
f 3247 3245 3234
f 3247 3234 3238
f 3245 3199 3235
f 3245 3235 3234
f 3243 3242 3226
f 3243 3226 3225
f 3243 3225 3182
f 3243 3182 3181
f 3239 3209 3187
f 3239 3187 3192
f 3235 3199 3183
f 3235 3183 3185
f 3235 3185 3166
f 3235 3166 3165
f 3232 3231 3221
f 3232 3221 3220
f 3231 3230 3165
f 3231 3165 3164
f 3231 3164 3168
f 3231 3168 3221
f 3229 3217 3216
f 3229 3216 3133
f 3229 3133 3122
f 3229 3122 3224
f 3224 3122 3121
f 3224 3121 3182
f 3216 3212 3401
f 3216 3401 3172
f 3216 3172 3131
f 3216 3131 3133
f 3402 3215 3205
f 3402 3205 3204
f 3402 3204 3154
f 3402 3154 3157
f 3207 3403 3155
f 3207 3155 3203
f 3204 3203 3155
f 3204 3155 3154
f 3172 3089 3088
f 3172 3088 3131
f 3404 3123 3126
f 3404 3126 3405
f 3404 3117 3406
f 3404 3406 3407
f 3406 3408 3158
f 3406 3158 3407
f 3406 3117 3116
f 3406 3116 3409
f 3406 3409 3410
f 3406 3410 3408
f 3410 3032 3097
f 3410 3097 3408
f 3410 3409 3411
f 3410 3411 3412
f 3410 3412 3027
f 3410 3027 3032
f 3412 3411 3413
f 3412 3413 3414
f 3412 3414 3028
f 3412 3028 3027
f 3414 3413 3415
f 3414 3415 3416
f 3414 3416 3417
f 3414 3417 3028
f 3417 3038 3029
f 3417 3029 3028
f 3417 3416 3418
f 3417 3418 3419
f 3417 3419 3420
f 3417 3420 3038
f 3420 3421 3039
f 3420 3039 3038
f 3420 3419 3422
f 3420 3422 3423
f 3420 3423 3424
f 3420 3424 3421
f 3422 3419 3418
f 3422 3418 3425
f 3426 3427 3428
f 3426 3428 3429
f 3426 3429 3058
f 3426 3058 3057
f 3429 3428 3007
f 3429 3007 3009
f 3429 3009 3430
f 3429 3430 3058
f 3430 3009 3008
f 3430 3008 3431
f 3430 3431 3432
f 3430 3432 3149
f 3430 3149 3059
f 3430 3059 3058
f 3432 3431 3433
f 3432 3433 3434
f 3432 3434 3435
f 3432 3435 3436
f 3432 3436 3147
f 3432 3147 3149
f 3436 3435 3140
f 3436 3140 3139
f 3436 3139 3145
f 3436 3145 3147
f 3435 3434 3437
f 3435 3437 3438
f 3435 3438 3128
f 3435 3128 3140
f 3438 3437 3091
f 3438 3091 3090
f 3438 3090 3129
f 3438 3129 3128
f 3437 3439 3092
f 3437 3092 3091
f 3437 3434 3433
f 3437 3433 3439
f 3439 3002 3001
f 3439 3001 3092
f 3439 3433 3005
f 3439 3005 3002
f 3433 3431 3008
f 3433 3008 3005
f 3428 3427 3440
f 3428 3440 3441
f 3428 3441 3004
f 3428 3004 3007
f 3441 3440 3442
f 3441 3442 3443
f 3441 3443 3000
f 3441 3000 3004
f 3443 3442 3444
f 3443 3444 3445
f 3443 3445 3001
f 3443 3001 3000
f 3445 3444 3047
f 3445 3047 3093
f 3445 3093 3092
f 3445 3092 3001
f 3446 3447 3448
f 3446 3448 3449
f 3446 3449 3450
f 3446 3450 3048
f 3450 3449 3012
f 3450 3012 3011
f 3450 3011 3016
f 3450 3016 3451
f 3450 3451 3046
f 3450 3046 3048
f 3449 3448 3452
f 3449 3452 3012
f 3452 3415 3413
f 3452 3413 3453
f 3452 3453 3013
f 3452 3013 3012
f 3452 3448 3454
f 3452 3454 3415
f 3454 3418 3416
f 3454 3416 3415
f 3454 3448 3447
f 3454 3447 3455
f 3454 3455 3425
f 3454 3425 3418
f 3453 3413 3411
f 3453 3411 3456
f 3453 3456 3014
f 3453 3014 3013
f 3456 3411 3409
f 3456 3409 3116
f 3456 3116 3115
f 3456 3115 3014
f 3421 3457 3458
f 3421 3458 3039
f 3421 3424 3459
f 3421 3459 3457
f 3457 3460 3461
f 3457 3461 3458
f 3457 3459 3462
f 3457 3462 3460
f 3462 3075 3078
f 3462 3078 3460
f 3462 3459 3463
f 3462 3463 3464
f 3462 3464 3076
f 3462 3076 3075
f 3464 3463 3109
f 3464 3109 3465
f 3464 3465 3084
f 3464 3084 3076
f 3465 3109 3108
f 3465 3108 3466
f 3465 3466 3081
f 3465 3081 3084
f 3466 3108 3458
f 3466 3458 3461
f 3466 3461 3082
f 3466 3082 3081
f 3461 3460 3078
f 3461 3078 3082
f 3408 3097 3098
f 3408 3098 3158
f 3407 3158 3137
f 3407 3137 3143
f 3168 3167 3467
f 3168 3467 3196
f 3159 3085 3080
f 3159 3080 3087
f 3156 3114 3041
f 3156 3041 3468
f 3155 3403 3101
f 3155 3101 3100
f 3151 3074 3073
f 3151 3073 3094
f 3152 3469 3099
f 3152 3099 3101
f 3166 3111 3110
f 3166 3110 3169
f 3115 3033 3015
f 3115 3015 3014
f 3112 3132 3470
f 3112 3470 3113
f 3105 3104 3196
f 3105 3196 3467
f 3106 3144 3135
f 3106 3135 3134
f 3471 3472 3022
f 3471 3022 3021
f 3471 3469 3052
f 3471 3052 3473
f 3471 3473 3017
f 3471 3017 3472
f 3472 3064 3025
f 3472 3025 3022
f 3472 3017 3020
f 3472 3020 3064
f 3094 3049 3052
f 3094 3052 3469
f 3111 3166 3185
f 3111 3185 3077
f 3086 3111 3077
f 3086 3077 3083
f 3082 3078 3066
f 3082 3066 3071
f 3064 3020 3024
f 3064 3024 3042
f 3463 3169 3110
f 3463 3110 3109
f 3474 3475 3056
f 3474 3056 3059
f 3148 3474 3059
f 3148 3059 3146
f 3052 3051 3063
f 3052 3063 3473
f 3042 3041 3470
f 3042 3470 3043
f 3470 3041 3114
f 3470 3114 3113
f 3043 3040 3023
f 3043 3023 3025
f 3107 3030 3039
f 3107 3039 3458
f 3107 3458 3108
f 3107 3108 3102
f 3018 3017 3473
f 3018 3473 3063
f 3021 3018 3063
f 3021 3063 3060
f 3471 3021 3060
f 3471 3060 3469
f 3469 3060 3062
f 3469 3062 3099
f 3329 3330 3309
f 3329 3309 3308
f 3329 3328 3331
f 3329 3331 3330
f 3332 3331 3328
f 3332 3328 3476
f 3334 3332 3476
f 3334 3476 3477
f 3335 3334 3477
f 3335 3477 3478
f 3336 3335 3478
f 3336 3478 3363
f 3328 3327 3395
f 3328 3395 3476
f 3477 3476 3395
f 3477 3395 3285
f 3478 3477 3285
f 3478 3285 3284
f 3363 3478 3284
f 3363 3284 3359
f 3358 3360 3363
f 3358 3363 3359
f 3358 3227 3361
f 3358 3361 3360
f 3364 3361 3227
f 3364 3227 3226
f 3268 3364 3226
f 3268 3226 3242
f 3266 3268 3242
f 3266 3242 3241
f 3267 3266 3241
f 3267 3241 3193
f 3398 3267 3193
f 3398 3193 3178
f 3153 3152 3101
f 3153 3101 3403
f 3397 3399 3400
f 3397 3400 3207
f 3396 3398 3399
f 3396 3399 3397
f 3207 3400 3153
f 3207 3153 3403
f 3152 3151 3094
f 3152 3094 3469
f 3157 3156 3479
f 3157 3479 3480
f 3481 3402 3157
f 3481 3157 3480
f 3212 3215 3402
f 3212 3402 3481
f 3479 3482 3173
f 3479 3173 3175
f 3212 3481 3480
f 3212 3480 3401
f 3459 3424 3169
f 3459 3169 3463
f 3467 3144 3106
f 3467 3106 3105
f 3145 3144 3467
f 3145 3467 3148
f 3167 3474 3148
f 3167 3148 3467
f 3404 3405 3118
f 3404 3118 3117
f 3404 3407 3143
f 3404 3143 3123
f 3124 3123 3143
f 3124 3143 3142
f 3141 3127 3124
f 3141 3124 3142
f 3136 3138 3141
f 3136 3141 3142
f 3135 3139 3138
f 3135 3138 3136
f 3128 3127 3141
f 3128 3141 3140
f 3118 3405 3483
f 3118 3483 3119
f 3484 3483 3405
f 3484 3405 3126
f 3174 3484 3126
f 3174 3126 3125
f 3171 3174 3125
f 3171 3125 3130
f 3171 3172 3401
f 3171 3401 3175
f 3479 3175 3401
f 3479 3401 3480
f 3484 3482 3468
f 3484 3468 3483
f 3173 3482 3484
f 3173 3484 3174
f 3167 3169 3475
f 3167 3475 3474
f 3424 3423 3057
f 3424 3057 3056
f 3422 3426 3057
f 3422 3057 3423
f 3422 3425 3427
f 3422 3427 3426
f 3440 3427 3425
f 3440 3425 3455
f 3442 3440 3455
f 3442 3455 3447
f 3444 3442 3447
f 3444 3447 3446
f 3047 3444 3446
f 3047 3446 3048
f 3475 3169 3424
f 3475 3424 3056
f 3045 3485 3093
f 3045 3093 3047
f 3088 3486 3044
f 3088 3044 3132
f 3485 3486 3088
f 3485 3088 3093
f 3485 3045 3044
f 3485 3044 3486
f 3451 3040 3043
f 3451 3043 3046
f 3036 3040 3451
f 3036 3451 3016
f 3044 3043 3470
f 3044 3470 3132
f 3035 3036 3016
f 3035 3016 3015
f 3487 3037 3035
f 3487 3035 3034
f 3041 3037 3487
f 3041 3487 3468
f 3034 3033 3119
f 3034 3119 3487
f 3119 3483 3468
f 3119 3468 3487
f 3479 3156 3468
f 3479 3468 3482
# Vertices: 3487, normals: 0, texture coordinates: 0, faces: 7030

