####
#
# OBJ File Generated by Meshlab
#
####
# Object hat_ribs_mesh.obj
#
# Vertices: 3295
# Faces: 6490
#
####
vn 0.9911163 -0.1284146 -0.0346162
v 0.0899840 -0.1005190 0.1995160
vn 0.6160754 0.0824423 -0.7833610
v 0.0875340 -0.0985130 0.1890050
vn -0.1290166 0.6879314 -0.7142165
v 0.0848250 -0.0966460 0.1895660
vn 0.7051308 -0.4102282 0.5783628
v 0.0771880 -0.1119020 0.2107160
vn 0.6819537 -0.7262483 0.0866173
v 0.0775260 -0.1130620 0.2085770
vn 0.7357481 0.4560441 0.5006981
v 0.0883970 -0.0980000 0.2036940
vn 0.3978175 -0.7422994 -0.5391966
v 0.0747960 -0.1112100 0.1974570
vn -0.1998586 0.9788133 -0.0445096
v 0.0835790 -0.0957180 0.1952030
vn -0.0566403 0.8176301 0.5729511
v 0.0856490 -0.0971630 0.2042590
vn -0.4485509 -0.0742782 -0.8906654
v 0.0727250 -0.1105120 0.1963220
vn 0.1098900 0.1715121 0.9790341
v 0.0761960 -0.1119290 0.2116500
vn -0.3374479 0.8835333 0.3248043
v 0.0612970 -0.1225990 0.2158370
vn 0.3703524 0.0489842 0.9275989
v 0.0631820 -0.1226200 0.2174850
vn 0.4965713 -0.8671146 0.0391055
v 0.0625290 -0.1239330 0.2149870
vn 0.3532272 -0.8364878 -0.4189495
v 0.0606390 -0.1230110 0.2046360
vn -0.7294605 0.6836587 0.0223226
v 0.0717440 -0.1091690 0.2009230
vn -0.4221478 -0.1670318 -0.8910060
v 0.0597980 -0.1228410 0.2042130
vn -0.5605544 0.8280864 -0.0071870
v 0.0593690 -0.1208570 0.2087580
vn -0.3872663 0.8789705 -0.2782727
v 0.0433230 -0.1281740 0.2145790
vn -0.1468170 0.9421768 0.3012434
v 0.0448740 -0.1286810 0.2225930
vn 0.4291249 -0.0895409 0.8987960
v 0.0471350 -0.1297190 0.2246620
vn 0.3605942 -0.9263385 0.1089448
v 0.0461780 -0.1304430 0.2233710
vn 0.1910560 -0.9212500 -0.3388159
v 0.0446730 -0.1310250 0.2129850
vn -0.3643219 -0.1382273 -0.9209576
v 0.0436420 -0.1302790 0.2121200
vn -0.4092077 -0.1742861 -0.8956414
v 0.0260000 -0.1342320 0.2192930
vn -0.2864072 0.9286944 -0.2355792
v 0.0267480 -0.1318570 0.2219540
vn 0.0123590 0.9270293 0.3747853
v 0.0286040 -0.1328740 0.2309320
vn 0.4190566 -0.0497417 0.9065966
v 0.0302800 -0.1339700 0.2320510
vn 0.2531708 -0.9406052 0.2262002
v 0.0287750 -0.1354340 0.2307300
vn 0.0447907 -0.9634812 -0.2640032
v 0.0270780 -0.1349640 0.2206840
vn 0.2178534 -0.9008318 0.3755557
v 0.0090720 -0.1360680 0.2283180
vn 0.2912075 0.8609890 0.4170086
v 0.0088020 -0.1365640 0.2281420
vn -0.2052425 0.9018053 -0.3802930
v 0.0102060 -0.1338990 0.2296050
vn 0.1768975 0.9106870 0.3733048
v 0.0114140 -0.1345600 0.2383290
vn 0.3852825 -0.2190807 0.8964157
v 0.0129160 -0.1359570 0.2392230
vn 0.0705079 -0.9888209 0.1313848
v 0.0107460 -0.1373510 0.2369460
vn -0.0297175 -0.9787568 0.2028594
v -0.0069600 -0.1369960 0.2451670
vn 0.0351707 -0.9329728 0.3582245
v -0.0086990 -0.1347090 0.2365370
vn 0.3785457 0.7699438 0.5137020
v -0.0087670 -0.1349810 0.2363680
vn -0.0306054 0.9547492 -0.2958331
v -0.0061690 -0.1325490 0.2382510
vn 0.2933547 0.8673185 0.4021215
v -0.0053870 -0.1335590 0.2467100
vn 0.4079388 -0.1431332 0.9017199
v -0.0040590 -0.1349110 0.2473390
vn 0.4079328 -0.0538670 0.9114215
v -0.0213130 -0.1321550 0.2544300
vn -0.0932711 -0.9265661 0.3643841
v -0.0241380 -0.1340530 0.2538300
vn -0.4515359 -0.4448403 -0.7734548
v -0.0264030 -0.1311470 0.2442540
vn -0.2177002 0.4418567 -0.8702697
v -0.0260560 -0.1307900 0.2442850
vn 0.0671043 0.8996930 -0.4313347
v -0.0232380 -0.1294710 0.2446680
vn 0.4173258 0.8160366 0.3999044
v -0.0224920 -0.1304290 0.2537310
vn 0.5621839 0.6667019 0.4893444
v -0.0386440 -0.1248480 0.2613160
vn 0.2296840 -0.3436366 0.9105818
v -0.0379710 -0.1271070 0.2619230
vn -0.3506454 -0.8830907 0.3117670
v -0.0411080 -0.1272440 0.2609800
vn -0.5075725 -0.7247491 -0.4659494
v -0.0436750 -0.1250080 0.2513080
vn -0.1911009 0.2205874 -0.9564631
v -0.0431960 -0.1239900 0.2505520
vn 0.3226992 0.9223334 -0.2125237
v -0.0389000 -0.1234630 0.2525070
vn 0.5284697 0.8336887 -0.1602584
v -0.0536210 -0.1145200 0.2596620
vn -0.2779943 0.0227954 0.9603122
v -0.0537200 -0.1165440 0.2691620
vn -0.4469038 -0.8092024 0.3814034
v -0.0528830 -0.1172210 0.2679180
vn -0.4902900 -0.7874910 0.3734618
v -0.0567210 -0.1171990 0.2661710
vn -0.5853337 -0.4999949 -0.6382708
v -0.0600920 -0.1149470 0.2555430
vn 0.0813740 0.4568429 -0.8858176
v -0.0595040 -0.1144000 0.2554680
vn -0.3747925 -0.3502795 -0.8583909
v -0.0736340 -0.1014270 0.2594940
vn 0.6925422 0.6812621 -0.2372072
v -0.0668300 -0.1022150 0.2645260
vn -0.0357730 -0.0641454 0.9972992
v -0.0670540 -0.1039200 0.2741130
vn -0.4640722 -0.6810941 0.5663461
v -0.0666720 -0.1048150 0.2722120
vn -0.5715672 -0.6922792 0.4405230
v -0.0706580 -0.1046320 0.2712050
vn -0.7517148 -0.6511184 0.1047359
v -0.0736740 -0.1012210 0.2599840
vn -0.9112386 -0.1181134 -0.3945802
v -0.0842150 -0.0857000 0.2663910
vn 0.0081686 0.4487438 -0.8936231
v -0.0819020 -0.0841460 0.2647050
vn 0.8785845 0.4497037 -0.1607978
v -0.0768370 -0.0877930 0.2712110
vn 0.9414232 0.1253982 0.3130456
v -0.0768630 -0.0883380 0.2781010
vn -0.1608417 -0.3829034 0.9096785
v -0.0771990 -0.0916930 0.2783370
vn -0.8489410 -0.4410250 0.2911978
v -0.0823220 -0.0890780 0.2738190
vn -0.7954373 -0.2637582 0.5456291
v -0.0843670 -0.0720360 0.2832250
vn -0.9753299 0.0998491 -0.1968800
v -0.0859990 -0.0696120 0.2776620
vn -0.0614947 0.4324982 -0.8995353
v -0.0826580 -0.0673870 0.2751530
vn 0.8836148 0.1967765 -0.4248576
v -0.0789260 -0.0699120 0.2770610
vn 0.9969038 -0.0172237 -0.0767210
v -0.0792800 -0.0709120 0.2853270
vn 0.3861828 -0.3340145 0.8598239
v -0.0792740 -0.0736970 0.2856920
vn 0.3790128 -0.2958013 0.8768414
v -0.0781650 -0.0556690 0.2924980
vn -0.8016304 0.0058395 0.5977915
v -0.0826830 -0.0532580 0.2903710
vn -0.9281660 0.2855226 -0.2387150
v -0.0837070 -0.0509470 0.2840840
vn -0.3359601 0.3306067 -0.8819467
v -0.0820120 -0.0492230 0.2833280
vn 0.7991001 -0.0188367 -0.6009029
v -0.0773000 -0.0521970 0.2838360
vn 0.9722325 -0.2340139 -0.0012578
v -0.0773890 -0.0523470 0.2900200
vn 0.8168089 -0.5748809 0.0483246
v -0.0719070 -0.0340720 0.2909380
vn 0.1151525 -0.0894210 0.9893148
v -0.0743150 -0.0375610 0.2956110
vn -0.7742104 0.3402755 0.5336767
v -0.0773900 -0.0347110 0.2908160
vn -0.8731633 0.4792024 -0.0891682
v -0.0781750 -0.0339760 0.2891820
vn 0.3694208 -0.0119714 -0.9291851
v -0.0725800 -0.0380830 0.2843550
vn 0.8587888 -0.5005550 0.1092083
v -0.0710380 -0.0346450 0.2855240
vn 0.9527903 0.0398469 -0.3010033
v -0.0582380 -0.0223980 0.2842020
vn 0.8775554 0.3091131 0.3665318
v -0.0586650 -0.0212700 0.2884010
vn -0.1391934 0.6880924 0.7121476
v -0.0670310 -0.0203260 0.2944770
vn -0.2921877 0.9219028 0.2544046
v -0.0655180 -0.0202750 0.2887780
vn -0.3710292 0.9200001 -0.1262430
v -0.0661650 -0.0184410 0.2853340
vn 0.1318541 0.3163609 -0.9394309
v -0.0629140 -0.0212660 0.2795340
vn 0.9756716 -0.2029848 -0.0828377
v 0.0917330 -0.1112640 0.1700630
vn 0.6973030 0.1697476 -0.6963866
v 0.0887680 -0.1091700 0.1602140
vn -0.0986797 0.4208251 -0.9017586
v 0.0846240 -0.1079110 0.1597620
vn 0.5718065 -0.8158986 0.0857140
v 0.0778660 -0.1212100 0.1788710
vn 0.6499181 0.4984451 0.5737238
v 0.0905170 -0.1087860 0.1732040
vn 0.5232918 -0.1555528 0.8378360
v 0.0769020 -0.1206770 0.1809140
vn 0.3271359 -0.8273084 -0.4566651
v 0.0750090 -0.1184360 0.1679500
vn -0.0241364 0.9971246 -0.0718329
v 0.0845640 -0.1045110 0.1659890
vn -0.4873473 -0.1555745 -0.8592376
v 0.0733580 -0.1179100 0.1664460
vn 0.5540496 -0.7420242 0.3773979
v 0.0633550 -0.1295470 0.1881490
vn 0.3938536 0.1025772 0.9134316
v 0.0616000 -0.1291590 0.1896340
vn -0.1525643 0.6661115 0.7300820
v 0.0861630 -0.1114200 0.1750560
vn -0.1071305 0.7634219 0.6369538
v 0.0730670 -0.1216660 0.1821060
vn -0.0451049 0.8691564 0.4924763
v 0.0589310 -0.1292000 0.1899620
vn 0.3054189 -0.8839374 -0.3540820
v 0.0627300 -0.1283850 0.1772650
vn -0.5832320 0.8002995 0.1391448
v 0.0725420 -0.1168350 0.1730460
vn -0.4906824 -0.1749948 -0.8535852
v 0.0601680 -0.1280030 0.1763860
vn 0.3699643 -0.8627129 0.3447506
v 0.0467960 -0.1340670 0.1964290
vn 0.3437846 0.2516059 0.9047136
v 0.0447550 -0.1335140 0.1984590
vn -0.0711761 0.9774310 0.1989037
v 0.0434500 -0.1335910 0.1983190
vn -0.4333598 0.9008020 0.0274777
v 0.0593000 -0.1256990 0.1822690
vn -0.2527307 0.9670600 -0.0303666
v 0.0443080 -0.1314140 0.1910390
vn 0.1025517 -0.9368983 -0.3342227
v 0.0474190 -0.1341430 0.1854580
vn -0.4892137 -0.0119911 -0.8720815
v 0.0444110 -0.1337760 0.1856400
vn 0.3312709 -0.7649897 0.5523136
v 0.0301740 -0.1366480 0.2053340
vn 0.3876108 0.3623435 0.8476232
v 0.0273920 -0.1360060 0.2070080
vn 0.0898013 0.9553652 0.2814484
v 0.0269980 -0.1354940 0.2059590
vn -0.1170463 0.9857295 -0.1209861
v 0.0275270 -0.1342380 0.1977520
vn -0.3960266 0.1953111 -0.8972272
v 0.0268020 -0.1361600 0.1937050
vn -0.0817131 -0.9130956 -0.3994740
v 0.0307750 -0.1367030 0.1927580
vn 0.1642093 -0.8836693 0.4383650
v 0.0131160 -0.1362480 0.2137770
vn 0.6456651 0.5803051 0.4963493
v 0.0102380 -0.1351250 0.2160150
vn -0.0708650 0.9647347 -0.2535055
v 0.0110760 -0.1359400 0.2148060
vn 0.0102091 0.9975895 -0.0686362
v 0.0112780 -0.1338070 0.2061350
vn -0.3262885 0.5700236 -0.7540616
v 0.0098090 -0.1359640 0.2010610
vn -0.2963277 -0.6971669 -0.6528003
v 0.0136700 -0.1372090 0.1992210
vn 0.0496307 -0.9347850 0.3517297
v -0.0040920 -0.1343450 0.2216050
vn 0.3496403 0.1698146 0.9213657
v -0.0075020 -0.1334310 0.2238770
vn 0.1395454 0.9901214 0.0136690
v -0.0056580 -0.1338640 0.2217480
vn 0.0485055 0.9810712 -0.1874745
v -0.0055300 -0.1319740 0.2128970
vn -0.4098825 0.0939912 -0.9072828
v -0.0074280 -0.1349140 0.2086900
vn -0.2851413 -0.8322906 -0.4753807
v -0.0028890 -0.1357900 0.2069080
vn -0.0582776 -0.9364887 0.3458219
v -0.0215250 -0.1321060 0.2287830
vn 0.5131395 0.1347622 0.8476598
v -0.0245200 -0.1298150 0.2325270
vn 0.1773396 0.9782141 -0.1079255
v -0.0217790 -0.1310340 0.2297410
vn 0.1283734 0.9741091 -0.1860964
v -0.0212640 -0.1292190 0.2211610
vn -0.6299310 -0.4671623 -0.6204404
v -0.0249650 -0.1330840 0.2161410
vn -0.1413078 -0.9899653 -0.0009612
v -0.0192280 -0.1338780 0.2148810
vn -0.2494655 -0.9268329 0.2806205
v -0.0383260 -0.1267040 0.2355840
vn -0.1708729 -0.6112428 0.7727773
v -0.0424550 -0.1247850 0.2383070
vn 0.4631265 0.7656885 0.4463576
v -0.0377640 -0.1248850 0.2359280
vn 0.2371743 0.8276187 -0.5087197
v -0.0383080 -0.1242280 0.2255360
vn -0.2256167 -0.7745684 -0.5908815
v -0.0416190 -0.1276030 0.2238370
vn -0.2203490 -0.9509921 0.2169340
v -0.0353410 -0.1292980 0.2223040
vn -0.3816723 -0.8227424 0.4212140
v -0.0549510 -0.1184710 0.2401110
vn -0.1154800 -0.3886636 0.9141143
v -0.0587150 -0.1148570 0.2428340
vn 0.5803093 0.6816558 0.4456304
v -0.0532910 -0.1160240 0.2399610
vn 0.4551198 0.8273355 -0.3292141
v -0.0532780 -0.1155640 0.2316370
vn -0.4366164 -0.2884563 -0.8521497
v -0.0580110 -0.1182530 0.2270940
vn -0.4391178 -0.8935825 0.0931979
v -0.0509990 -0.1226810 0.2290570
vn -0.4680235 -0.6986024 0.5412104
v -0.0697810 -0.1071000 0.2444790
vn -0.2484665 -0.4919909 0.8343917
v -0.0733300 -0.1021460 0.2467070
vn 0.7155594 0.5547048 0.4245909
v -0.0673960 -0.1045850 0.2432900
vn 0.6584468 0.7047074 -0.2642636
v -0.0672320 -0.1042660 0.2359990
vn -0.1541376 0.0840858 -0.9844649
v -0.0713030 -0.1047660 0.2314400
vn -0.6807955 -0.7141881 -0.1626435
v -0.0658720 -0.1120930 0.2317150
vn -0.8942425 -0.4459123 0.0386350
v -0.0829440 -0.0937880 0.2440310
vn -0.7010129 -0.3442245 0.6245722
v -0.0841620 -0.0873850 0.2517910
vn 0.5575912 -0.0124302 0.8300227
v -0.0790230 -0.0918050 0.2499420
vn 0.8951111 0.4458427 -0.0005829
v -0.0762850 -0.0902310 0.2432540
vn -0.1102080 0.2722010 -0.9559084
v -0.0809520 -0.0895070 0.2351560
vn -0.7890134 -0.5587423 -0.2554698
v -0.0791390 -0.0999600 0.2364650
vn -0.9697873 -0.1807364 0.1638506
v -0.0877770 -0.0766880 0.2499660
vn -0.6519299 -0.1460321 0.7440847
v -0.0859380 -0.0684490 0.2581070
vn 0.6185188 -0.2224673 0.7536198
v -0.0822400 -0.0743560 0.2558730
vn 0.9726619 0.1428246 -0.1831120
v -0.0804430 -0.0725580 0.2483420
vn 0.2292624 0.4213759 -0.8774287
v -0.0835270 -0.0722630 0.2436300
vn -0.8656536 -0.0011792 -0.5006421
v -0.0856250 -0.0832160 0.2401170
vn -0.9914447 0.0142038 0.1297522
v -0.0876130 -0.0582640 0.2561390
vn -0.1609118 -0.2557479 0.9532578
v -0.0826410 -0.0500050 0.2650250
vn 0.7179188 -0.3126884 0.6219474
v -0.0817010 -0.0563380 0.2612050
vn 0.9590997 -0.0617251 -0.2762567
v -0.0786330 -0.0550210 0.2550810
vn 0.3882835 0.2862412 -0.8759577
v -0.0828000 -0.0549530 0.2521410
vn -0.6072166 0.3446976 -0.7158713
v -0.0852140 -0.0658850 0.2471760
vn -0.8918167 0.3613879 -0.2721430
v -0.0849850 -0.0391370 0.2597260
vn -0.4656301 0.2254512 0.8557806
v -0.0800580 -0.0307520 0.2693840
vn 0.6994921 -0.3791135 0.6057919
v -0.0768340 -0.0383690 0.2642290
vn 0.7589354 -0.4053382 -0.5096254
v -0.0735020 -0.0372110 0.2582280
vn -0.0167461 0.2295645 -0.9731494
v -0.0773120 -0.0386960 0.2577830
vn -0.3503743 0.3589967 -0.8650776
v -0.0840740 -0.0485000 0.2543680
vn -0.6906341 0.6998034 0.1824822
v -0.0783450 -0.0279610 0.2660430
vn -0.5765616 0.8139566 0.0710736
v -0.0755540 -0.0244390 0.2643830
vn -0.4017850 0.4227982 -0.8122872
v -0.0786880 -0.0336020 0.2598260
vn 0.7053684 -0.1422518 0.6944205
v -0.0655530 -0.0243060 0.2668190
vn 0.5609995 0.7482341 0.3541545
v -0.0651820 -0.0211050 0.2656530
vn 0.7700109 0.6371703 0.0331245
v -0.0635500 -0.0220390 0.2610000
vn 0.3572785 0.4906988 -0.7947118
v -0.0658990 -0.0226830 0.2575280
vn -0.5101526 0.8514572 0.1215109
v -0.0746460 -0.0190980 0.2415290
vn -0.9245417 0.3784975 -0.0442983
v -0.0841690 -0.0310560 0.2362210
vn -0.6174142 0.7416714 0.2621511
v -0.0757890 -0.0208720 0.2431870
vn 0.5291258 0.5247756 0.6668107
v -0.0610010 -0.0161030 0.2417140
vn -0.3155326 0.4920532 -0.8113710
v -0.0761990 -0.0256490 0.2342930
vn 0.2381633 0.7159262 -0.6562987
v -0.0637330 -0.0149140 0.2352480
vn -0.5173570 0.3985847 -0.7572794
v -0.0829950 -0.0385850 0.2299470
vn -0.9824538 0.0168275 0.1857458
v -0.0869530 -0.0472300 0.2322250
vn -0.2194268 0.2520570 0.9425068
v -0.0757930 -0.0220420 0.2468860
vn 0.9878941 -0.1548848 0.0087123
v -0.0594240 -0.0180950 0.2395050
vn 0.5342458 0.3491293 -0.7698637
v -0.0789390 -0.0429260 0.2279630
vn 0.2623977 0.1675020 -0.9503108
v -0.0738810 -0.0291300 0.2339280
vn 0.7454297 -0.5037112 -0.4365887
v -0.0710330 -0.0282980 0.2349960
vn 0.3675710 0.5422221 -0.7555706
v -0.0810830 -0.0558230 0.2179680
vn -0.7802612 0.3450495 -0.5216640
v -0.0839680 -0.0532840 0.2223350
vn -0.9612717 -0.1154176 0.2502711
v -0.0878270 -0.0627500 0.2252490
vn -0.0811654 -0.3893141 0.9175221
v -0.0805000 -0.0382370 0.2418440
vn 0.6734993 -0.5709361 0.4695005
v -0.0725520 -0.0282220 0.2385890
vn 0.9972113 -0.0538644 -0.0516553
v -0.0802930 -0.0566160 0.2209150
vn 0.9697863 -0.2104849 -0.1233316
v -0.0776870 -0.0427040 0.2297920
vn 0.8174075 -0.4310305 0.3821751
v -0.0790850 -0.0427520 0.2331470
vn 0.9711918 0.2236175 0.0823518
v -0.0801150 -0.0705730 0.2115060
vn 0.0772302 0.3906352 -0.9173002
v -0.0813110 -0.0685560 0.2073680
vn -0.8333688 0.2291338 -0.5029853
v -0.0850400 -0.0665360 0.2120960
vn -0.7937526 -0.5047410 0.3394015
v -0.0857840 -0.0781550 0.2182300
vn -0.3441041 -0.2662629 0.9003868
v -0.0847260 -0.0531060 0.2331860
vn 0.9507133 0.0671812 0.3027061
v -0.0825420 -0.0729970 0.2191240
vn 0.8797916 -0.2816257 0.3829540
v -0.0812560 -0.0579280 0.2262700
vn 0.7445709 0.2829535 0.6046086
v -0.0745220 -0.0868480 0.2124490
vn 0.8491218 0.4912311 0.1941242
v -0.0734130 -0.0849650 0.2049140
vn 0.3111601 0.4748241 -0.8232384
v -0.0739410 -0.0826110 0.2001530
vn -0.7139021 -0.0388314 -0.6991680
v -0.0795240 -0.0801190 0.2033330
vn -0.6433221 -0.6664819 0.3767476
v -0.0752700 -0.0912570 0.2116560
vn 0.2745447 -0.4711481 0.8382391
v -0.0843240 -0.0685510 0.2243880
vn 0.8841251 0.2703960 0.3810629
v -0.0800500 -0.0823980 0.2153140
vn 0.7100155 0.3843865 0.5900212
v -0.0682930 -0.0948990 0.2097280
vn 0.7161894 0.6719326 0.1886249
v -0.0635800 -0.0987830 0.2052980
vn 0.7067093 0.6837232 0.1818917
v -0.0622480 -0.0978900 0.1992670
vn 0.3045930 0.6340677 -0.7107611
v -0.0634290 -0.0963280 0.1956940
vn -0.6468731 -0.3260190 -0.6893960
v -0.0695300 -0.0938690 0.1979810
vn -0.4011437 -0.6667145 0.6281524
v -0.0623670 -0.1038070 0.2079070
vn -0.1154884 -0.6668465 0.7361917
v -0.0475880 -0.1146990 0.2042370
vn 0.5280185 0.4268849 0.7341428
v -0.0542670 -0.1073750 0.2060490
vn 0.5734269 0.7895890 0.2184738
v -0.0497820 -0.1097090 0.2000480
vn 0.5597706 0.8067587 0.1892017
v -0.0478990 -0.1084150 0.1943390
vn 0.0185956 0.5247262 -0.8510680
v -0.0498250 -0.1072180 0.1896820
vn -0.6200272 -0.5437914 -0.5655593
v -0.0559670 -0.1051750 0.1928080
vn -0.5513943 -0.6065804 -0.5727342
v -0.0412450 -0.1147440 0.1868000
vn -0.0128890 -0.7703197 0.6375276
v -0.0315930 -0.1218270 0.1971000
vn 0.4444765 0.3131656 0.8392663
v -0.0378560 -0.1167960 0.2000860
vn 0.4615874 0.8585061 0.2233927
v -0.0339840 -0.1178810 0.1943820
vn 0.4315976 0.8958710 0.1055396
v -0.0322150 -0.1164530 0.1882030
vn -0.1214770 0.4852807 -0.8658788
v -0.0347390 -0.1162300 0.1835170
vn -0.1996954 0.5051482 -0.8396113
v -0.0183950 -0.1217280 0.1760220
vn -0.4860445 -0.7052765 -0.5160871
v -0.0251830 -0.1216920 0.1801830
vn 0.0464080 -0.7857503 0.6168005
v -0.0152680 -0.1274700 0.1892430
vn 0.5044495 0.5332919 0.6790659
v -0.0209050 -0.1233010 0.1919370
vn 0.4083428 0.8705611 0.2745534
v -0.0180160 -0.1231300 0.1861630
vn 0.3495457 0.9269033 0.1366314
v -0.0159020 -0.1222000 0.1809210
vn 0.2530079 0.9654436 0.0624959
v -0.0000440 -0.1267550 0.1721880
vn -0.1494811 0.7131082 -0.6849323
v -0.0016760 -0.1269200 0.1689940
vn -0.4736699 -0.5226961 -0.7088199
v -0.0090330 -0.1269470 0.1721460
vn 0.1989931 -0.7270499 0.6571150
v 0.0015690 -0.1314950 0.1813280
vn 0.4724199 0.5449762 0.6926907
v -0.0035150 -0.1286640 0.1836730
vn 0.3126751 0.9207798 0.2332358
v -0.0012360 -0.1283000 0.1793380
vn 0.1662830 0.9766048 0.1363562
v 0.0158080 -0.1317420 0.1720910
vn 0.1721667 0.9444592 0.2799206
v 0.0178110 -0.1296410 0.1662440
vn -0.2670291 0.6987700 -0.6636384
v 0.0153960 -0.1286490 0.1613750
vn -0.3540349 -0.7111694 -0.6073692
v 0.0080790 -0.1309880 0.1651730
vn 0.2258591 -0.8622091 0.4534128
v 0.0180890 -0.1336620 0.1723000
vn 0.4711964 0.4666431 0.7484773
v 0.0144570 -0.1312440 0.1752870
vn 0.3868386 -0.0798880 0.9186805
v 0.0322320 -0.1329980 0.1664180
vn 0.1612549 0.9038749 0.3962412
v 0.0328920 -0.1322950 0.1644820
vn 0.0725165 0.9545063 0.2892387
v 0.0338480 -0.1290950 0.1571560
vn -0.3889544 0.6657815 -0.6367492
v 0.0323610 -0.1286550 0.1535760
vn -0.3089757 -0.7028462 -0.6407350
v 0.0253240 -0.1316020 0.1575710
vn 0.0868950 -0.9940353 0.0659027
v 0.0340870 -0.1341910 0.1624060
vn 0.2510734 -0.9662663 0.0573720
v 0.0506250 -0.1321460 0.1536740
vn 0.4913410 -0.0089738 0.8709211
v 0.0493660 -0.1312630 0.1567420
vn 0.1231265 0.8755132 0.4672436
v 0.0487650 -0.1303410 0.1551630
vn -0.0235047 0.9364623 0.3499799
v 0.0488190 -0.1258690 0.1469770
vn -0.5103723 0.6800919 -0.5263034
v 0.0485130 -0.1255650 0.1450640
vn -0.2736913 -0.6635197 -0.6963007
v 0.0419280 -0.1307700 0.1490810
vn -0.2851361 -0.5676724 -0.7722989
v 0.0572270 -0.1268140 0.1397170
vn 0.2412893 -0.9579298 -0.1554030
v 0.0660180 -0.1279160 0.1442150
vn 0.4790570 -0.2419848 0.8437700
v 0.0658650 -0.1277490 0.1467980
vn 0.0806807 0.7906014 0.6069928
v 0.0639750 -0.1266880 0.1456200
vn -0.1665027 0.9000644 0.4026922
v 0.0639600 -0.1204370 0.1384190
vn -0.5186490 0.5199459 -0.6787190
v 0.0635810 -0.1203810 0.1361520
vn 0.3463932 0.5863197 -0.7322848
v 0.0788590 -0.1130310 0.1296900
vn -0.1903731 -0.3682864 -0.9100128
v 0.0720230 -0.1211060 0.1309900
vn 0.6455657 -0.6124560 -0.4562265
v 0.0811920 -0.1217060 0.1358480
vn 0.8568936 -0.1289492 0.4991047
v 0.0824210 -0.1214760 0.1387830
vn 0.1182932 0.6853895 0.7185040
v 0.0795920 -0.1205730 0.1384740
vn 0.4783281 0.8532069 0.2079428
v 0.0789550 -0.1128630 0.1317430
vn 0.3910311 -0.0019698 -0.9203753
v 0.0651160 -0.1156890 0.1088120
vn 0.1540840 0.7899873 -0.5934461
v 0.0619170 -0.1125860 0.1099550
vn 0.8508782 -0.0550940 0.5224662
v 0.0710840 -0.1182900 0.1157960
vn 0.1107965 -0.9937653 0.0124397
v 0.0564340 -0.1209330 0.1174510
vn -0.2558763 -0.1913305 -0.9475864
v 0.0513860 -0.1149070 0.1110440
vn 0.8685014 -0.3463545 -0.3546040
v 0.0714380 -0.1191370 0.1130770
vn 0.3771482 0.9109178 0.1672962
v 0.0629380 -0.1127200 0.1127540
vn 0.3913053 0.6563504 0.6450460
v 0.0671240 -0.1159470 0.1164290
vn -0.2356467 0.9180892 -0.3187208
v 0.0502710 -0.1122960 0.1126450
vn 0.2071362 0.4721799 0.8568202
v 0.0531150 -0.1179580 0.1199070
vn 0.3186512 -0.3637301 0.8753067
v 0.0555090 -0.1195760 0.1192940
vn 0.3839448 -0.0071110 0.9233287
v 0.0364050 -0.1220980 0.1276960
vn 0.1154153 -0.9932103 0.0145810
v 0.0373910 -0.1234510 0.1251390
vn -0.2531654 -0.5019320 -0.8270258
v 0.0338800 -0.1190370 0.1178180
vn 0.0264470 0.8401796 0.5416631
v 0.0498850 -0.1137470 0.1155060
vn -0.3708300 0.6806744 -0.6317971
v 0.0313450 -0.1165300 0.1188380
vn 0.0577300 0.9264424 0.3719837
v 0.0318960 -0.1168350 0.1220610
vn 0.1846624 0.8163844 0.5471895
v 0.0347940 -0.1213640 0.1270630
vn 0.2714275 0.8361646 0.4766088
v 0.0182100 -0.1210260 0.1345910
vn 0.4503974 0.0743715 0.8897253
v 0.0192690 -0.1222010 0.1358370
vn 0.0746384 -0.9842033 0.1605395
v 0.0206970 -0.1242260 0.1330140
vn -0.3489833 -0.6014442 -0.7186623
v 0.0184120 -0.1207750 0.1255590
vn -0.3153884 0.7221006 -0.6157117
v 0.0147770 -0.1172680 0.1269940
vn 0.1747971 0.9297328 0.3241033
v 0.0163360 -0.1178850 0.1294290
vn 0.2549459 0.9243787 0.2837722
v 0.0007940 -0.1166790 0.1377480
vn 0.2512432 0.9145401 0.3170069
v 0.0028260 -0.1209390 0.1440260
vn 0.4775725 0.2467116 0.8432425
v 0.0026150 -0.1210590 0.1449740
vn 0.0256787 -0.9768440 0.2124066
v 0.0045240 -0.1228850 0.1421700
vn -0.3952336 -0.6462834 -0.6527697
v 0.0024140 -0.1194580 0.1338540
vn -0.2555813 0.6256613 -0.7370388
v -0.0022250 -0.1159540 0.1352660
vn -0.1909247 0.6952207 -0.6929761
v -0.0188460 -0.1122280 0.1434350
vn 0.3586956 0.8574456 0.3689505
v -0.0148510 -0.1142770 0.1457040
vn 0.2761700 0.9447396 0.1766271
v -0.0135460 -0.1188100 0.1522890
vn 0.5138308 0.2634207 0.8164481
v -0.0137550 -0.1185140 0.1542940
vn -0.1273445 -0.9827130 0.1343825
v -0.0120190 -0.1207010 0.1507230
vn -0.4606513 -0.6173220 -0.6377413
v -0.0135220 -0.1164470 0.1417320
vn -0.5084499 -0.6022155 -0.6154797
v -0.0289250 -0.1124010 0.1497360
vn -0.0767818 0.6712942 -0.7372034
v -0.0347720 -0.1078230 0.1522340
vn 0.4366379 0.8379457 0.3274055
v -0.0298940 -0.1101230 0.1537710
vn 0.3995600 0.8849353 0.2392518
v -0.0294250 -0.1144760 0.1602910
vn 0.4892515 0.1400396 0.8608263
v -0.0300510 -0.1143150 0.1631990
vn -0.1379793 -0.9619196 0.2359501
v -0.0274400 -0.1165300 0.1600360
vn -0.1533094 -0.8997532 0.4085834
v -0.0430390 -0.1112170 0.1685140
vn -0.5478663 -0.5837418 -0.5992396
v -0.0441890 -0.1071380 0.1573730
vn -0.0834799 0.5691193 -0.8180063
v -0.0502840 -0.1006040 0.1593240
vn 0.5392241 0.7776858 0.3231751
v -0.0445900 -0.1045300 0.1614520
vn 0.5353817 0.7724737 0.3415420
v -0.0443840 -0.1086130 0.1684360
vn 0.4024037 -0.1175458 0.9078845
v -0.0462120 -0.1085020 0.1710820
vn 0.4785762 -0.0602300 0.8759779
v -0.0601880 -0.0993940 0.1788130
vn -0.3069989 -0.8335876 0.4592203
v -0.0575500 -0.1034730 0.1762690
vn -0.6749381 -0.4918158 -0.5500689
v -0.0575560 -0.0990300 0.1646810
vn -0.0113541 0.5344198 -0.8451430
v -0.0633300 -0.0915720 0.1675090
vn 0.6537153 0.7111825 0.2586039
v -0.0575790 -0.0964570 0.1688100
vn 0.6766298 0.6074518 0.4161423
v -0.0576380 -0.1002640 0.1764260
vn 0.7721820 0.5148703 0.3723486
v -0.0691960 -0.0898510 0.1834340
vn 0.4609642 -0.1499878 0.8746518
v -0.0718670 -0.0884090 0.1863020
vn -0.4822366 -0.7712350 0.4155051
v -0.0699690 -0.0932530 0.1833810
vn -0.7354728 -0.4120008 -0.5378988
v -0.0691240 -0.0891020 0.1718110
vn 0.0688928 0.4262437 -0.9019812
v -0.0742900 -0.0804900 0.1743890
vn 0.7526982 0.6211160 0.2183126
v -0.0688090 -0.0865690 0.1752320
vn 0.8798273 0.3504256 0.3211011
v -0.0781180 -0.0752890 0.1815770
vn 0.7931514 0.1284077 0.5953338
v -0.0784390 -0.0781060 0.1904120
vn 0.9552897 0.2784249 0.0995054
v -0.0832050 -0.0769110 0.1932940
vn -0.3336377 -0.5825049 0.7411976
v -0.0803560 -0.0821730 0.1912750
vn -0.7584608 -0.1280419 -0.6390169
v -0.0792060 -0.0775630 0.1776100
vn 0.0047792 0.4978535 -0.8672480
v -0.0812800 -0.0677240 0.1819270
vn 0.9284213 -0.0606736 0.3665414
v -0.0808290 -0.0624990 0.1886450
vn 0.3498913 0.5923470 -0.7257418
v -0.0815440 -0.0554760 0.1915720
vn 0.8774034 -0.1704428 0.4484558
v -0.0822660 -0.0649820 0.1969870
vn 0.1872711 -0.4829756 0.8553737
v -0.0850890 -0.0632360 0.2010910
vn -0.8866333 -0.3188005 0.3350340
v -0.0872600 -0.0685950 0.1970460
vn -0.8544279 0.1834238 -0.4861159
v -0.0843700 -0.0658700 0.1861010
vn -0.0213612 0.6673311 -0.7444548
v -0.0820350 -0.0431250 0.2010720
vn 0.8786805 0.2043932 -0.4314443
v -0.0796090 -0.0506390 0.1970410
vn -0.8610638 0.2957031 -0.4136772
v -0.0853050 -0.0545250 0.1956430
vn 0.8693634 -0.3564780 0.3422435
v -0.0814320 -0.0516300 0.2036600
vn 0.2602450 -0.5343835 0.8041809
v -0.0837170 -0.0503370 0.2090680
vn -0.8088358 -0.2937196 0.5094247
v -0.0866880 -0.0556730 0.2052420
vn -0.8848491 0.2651559 -0.3830593
v -0.0839130 -0.0428450 0.2045860
vn -0.3724338 0.4453084 -0.8142442
v -0.0842240 -0.0310470 0.2102520
vn 0.8320329 0.0429519 -0.5530610
v -0.0763060 -0.0391640 0.2054970
vn -0.8878248 -0.1512085 0.4346299
v -0.0859390 -0.0418390 0.2121070
vn 0.7427155 -0.5149819 0.4279806
v -0.0784310 -0.0394150 0.2117670
vn -0.0759166 -0.4055197 0.9109284
v -0.0809150 -0.0368690 0.2168330
vn -0.8869241 0.4607051 -0.0334143
v -0.0858030 -0.0288810 0.2125760
vn -0.4167344 0.7605553 -0.4978836
v -0.0748110 -0.0211760 0.2138340
vn 0.6722537 -0.2320355 -0.7030182
v -0.0692930 -0.0271570 0.2106440
vn -0.1302196 0.1178906 0.9844515
v -0.0744590 -0.0239210 0.2230770
vn 0.6672257 -0.6186988 0.4147549
v -0.0706440 -0.0268460 0.2169200
vn -0.4682278 0.8563049 0.2179557
v -0.0734190 -0.0203690 0.2176290
vn 0.5624412 0.5906544 -0.5786081
v -0.0601770 -0.0149490 0.2122060
vn 0.9378484 0.3078097 0.1602925
v -0.0582020 -0.0160180 0.2169050
vn 0.4708516 0.6060039 0.6411382
v -0.0603880 -0.0156700 0.2195070
vn 0.6857035 -0.0108805 0.7277997
v -0.0633970 0.0847240 0.1617340
vn 0.4574956 -0.7557845 -0.4684951
v -0.0613820 0.0791630 0.1519320
vn 0.6890500 -0.0706598 0.7212609
v -0.0562460 0.0914960 0.1553740
vn 0.5274763 0.2439175 0.8138016
v -0.0691910 0.0762760 0.1680430
vn 0.6064764 -0.6191919 -0.4987863
v -0.0659260 0.0711800 0.1580900
vn -0.3170574 0.7335989 0.6010884
v -0.0648560 0.0867330 0.1618140
vn -0.6711515 0.6073180 0.4251123
v -0.0717620 0.0783690 0.1668510
vn 0.4200189 -0.8254136 -0.3771957
v -0.0549330 0.0859500 0.1465630
vn -0.6537542 0.1278186 -0.7458337
v -0.0594330 0.0890480 0.1462390
vn -0.7857512 0.0387132 -0.6173301
v -0.0661440 0.0820140 0.1524090
vn 0.6688073 -0.3952686 0.6296504
v -0.0483370 0.0964480 0.1487850
vn -0.1515031 0.7793523 0.6079941
v -0.0575190 0.0929590 0.1555100
vn 0.4842995 0.3390777 0.8065236
v -0.0716480 0.0652530 0.1738040
vn 0.6785221 -0.3921997 -0.6211178
v -0.0689560 0.0612730 0.1633900
vn -0.7254512 0.3607179 0.5861769
v -0.0737510 0.0672300 0.1722940
vn -0.7174113 -0.1571858 -0.6786853
v -0.0700940 0.0725810 0.1588910
vn -0.8426605 0.5143378 -0.1593105
v -0.0658560 0.0842740 0.1567630
vn -0.9136567 0.2253561 -0.3382990
v -0.0714310 0.0759040 0.1624440
vn -0.9874020 0.0298316 -0.1553946
v -0.0742540 0.0662240 0.1689110
vn 0.0860977 -0.8456045 -0.5268209
v -0.0485870 0.0903050 0.1396660
vn -0.6695457 0.2868809 -0.6851335
v -0.0510270 0.0942770 0.1408810
vn -0.6194943 0.7392002 -0.2642158
v -0.0512740 0.0966960 0.1453310
vn -0.7075491 0.6940106 -0.1331304
v -0.0592800 0.0917410 0.1511370
vn 0.6191869 -0.3459488 0.7049305
v -0.0394550 0.1015260 0.1437260
vn 0.0047935 0.6993877 0.7147266
v -0.0493220 0.0988070 0.1500230
vn 0.7785017 -0.2971221 -0.5528595
v -0.0685620 0.0511190 0.1690800
vn 0.4773377 0.4332013 0.7645164
v -0.0719410 0.0536710 0.1793120
vn -0.8505192 0.2709075 0.4508063
v -0.0748410 0.0558180 0.1773090
vn -0.6287765 -0.3166274 -0.7102023
v -0.0715750 0.0611440 0.1639690
vn -0.9479315 -0.1192315 -0.2953132
v -0.0741660 0.0544510 0.1734250
vn -0.5765386 -0.4207005 -0.7004387
v -0.0715980 0.0501860 0.1698510
vn -0.0267915 -0.7598019 -0.6496025
v -0.0413410 0.0952080 0.1338760
vn -0.6272469 0.3748383 -0.6826841
v -0.0423180 0.0978310 0.1351340
vn -0.5755922 0.7374823 -0.3532895
v -0.0427830 0.1016440 0.1403500
vn -0.0465343 0.8287584 0.5576685
v -0.0409330 0.1039580 0.1443220
vn -0.0236364 -0.8725051 -0.4880331
v -0.0326560 0.0992270 0.1297260
vn 0.5925413 -0.2275197 0.7727416
v -0.0304050 0.1054620 0.1383800
vn 0.9170184 -0.0864114 -0.3893718
v -0.0681760 0.0410930 0.1749580
vn 0.6054412 0.4671441 0.6443736
v -0.0705590 0.0424920 0.1851700
vn -0.6393381 0.2291940 0.7339734
v -0.0737220 0.0450920 0.1837540
vn -0.9775727 -0.1949430 -0.0796801
v -0.0749180 0.0446010 0.1799710
vn -0.2065390 -0.5387609 -0.8167487
v -0.0697490 0.0389210 0.1747950
vn -0.5655889 0.4568723 -0.6865689
v -0.0336500 0.1028530 0.1303670
vn -0.5059479 0.7666743 -0.3952558
v -0.0346380 0.1043730 0.1338280
vn 0.0172134 0.9148041 0.4035308
v -0.0320580 0.1074600 0.1385590
vn -0.5374852 0.5074689 -0.6734872
v -0.0250800 0.1036480 0.1236560
vn -0.3116604 -0.7842942 -0.5364237
v -0.0250890 0.1015360 0.1232600
vn 0.5276611 -0.4557427 0.7168490
v -0.0213310 0.1064660 0.1320870
vn 0.2110868 -0.6979972 -0.6842824
v -0.0671820 0.0293660 0.1818980
vn 0.2957499 0.5716733 0.7653246
v -0.0668180 0.0324540 0.1915660
vn -0.6956176 0.0494596 0.7167077
v -0.0702360 0.0347460 0.1896820
vn -0.8896685 -0.4461816 -0.0970159
v -0.0712150 0.0334640 0.1842960
vn -0.3842561 0.8186595 -0.4267832
v -0.0260600 0.1054830 0.1275630
vn 0.1461800 0.8822139 0.4475825
v -0.0228120 0.1090780 0.1327630
vn -0.3211869 0.8264487 -0.4624084
v -0.0172060 0.1058660 0.1216380
vn -0.5151616 0.2366612 -0.8237718
v -0.0163170 0.1035960 0.1173010
vn -0.0733077 -0.9607745 -0.2674665
v -0.0163510 0.1021790 0.1181440
vn 0.4792432 -0.4304140 0.7648985
v -0.0119260 0.1081110 0.1265120
vn -0.0746062 0.0692534 -0.9948055
v -0.0590990 0.0215500 0.1852770
vn 0.3555710 0.6658447 0.6559117
v -0.0581110 0.0249760 0.1945480
vn -0.5149965 -0.2090222 0.8313173
v -0.0632780 0.0256750 0.1936770
vn -0.7888125 -0.6116081 0.0609131
v -0.0651580 0.0249400 0.1895500
vn 0.1973028 0.9052777 0.3762233
v -0.0134010 0.1102190 0.1271610
vn 0.3284634 0.8502703 0.4112812
v -0.0037830 0.1099220 0.1218530
vn -0.2660627 0.8481534 -0.4580902
v -0.0079210 0.1066280 0.1164130
vn -0.3354551 0.0923705 -0.9375167
v -0.0069990 0.1036870 0.1116760
vn -0.2498478 -0.9096939 -0.3317124
v -0.0078630 0.1027790 0.1126770
vn 0.4533386 -0.4532764 0.7674794
v -0.0023430 0.1068750 0.1211020
vn 0.4556638 -0.8073471 -0.3749148
v -0.0513800 0.0124330 0.1858430
vn 0.9863940 0.1457671 0.0760189
v -0.0493390 0.0201580 0.1909620
vn 0.2857707 -0.4031950 0.8693497
v -0.0539200 0.0190620 0.1953910
vn -0.5227781 -0.8504484 0.0586562
v -0.0582670 0.0161730 0.1893960
vn 0.5658738 0.8197919 -0.0879101
v 0.0035850 0.1077930 0.1141550
vn 0.9174017 -0.2840495 0.2787296
v 0.0053090 0.1040510 0.1143640
vn -0.0400559 0.7359439 -0.6758566
v 0.0014690 0.1060290 0.1114170
vn 0.4933063 0.1424556 -0.8581115
v 0.0032250 0.1037970 0.1097270
vn 0.1457897 -0.8271551 -0.5427337
v 0.0016510 0.1003830 0.1097750
vn -0.2120238 -0.5892258 -0.7796530
v -0.0820350 0.0431250 0.2010720
vn 0.8433132 -0.1057384 -0.5269175
v -0.0763060 0.0391640 0.2054970
vn -0.8544823 -0.5041557 -0.1252483
v -0.0837940 0.0306690 0.2128200
vn -0.7518840 -0.1944122 -0.6299797
v -0.0843700 0.0658700 0.1861010
vn 0.1659693 -0.5504447 -0.8182083
v -0.0815440 0.0554760 0.1915720
vn -0.8587016 -0.3136975 -0.4052475
v -0.0853050 0.0545250 0.1956430
vn 0.9400771 -0.1459698 -0.3081363
v -0.0796090 0.0506390 0.1970410
vn 0.5529378 0.3014687 -0.7767731
v -0.0692930 0.0271570 0.2106440
vn 0.7152957 0.5446058 0.4379004
v -0.0784310 0.0394150 0.2117670
vn 0.6287516 0.6418732 0.4389422
v -0.0706440 0.0268460 0.2169200
vn -0.5150123 -0.7131502 -0.4755831
v -0.0748110 0.0211760 0.2138340
vn -0.9685037 -0.1737791 -0.1783300
v -0.0851870 0.0439540 0.2059070
vn -0.8880773 0.0923381 0.4503248
v -0.0859390 0.0418390 0.2121070
vn -0.1972968 -0.1080441 0.9743719
v -0.0744590 0.0239210 0.2230770
vn -0.1162971 0.3695631 0.9218992
v -0.0809150 0.0368690 0.2168330
vn -0.4975747 -0.8487731 0.1788955
v -0.0734190 0.0203690 0.2176290
vn -0.4753807 0.5700920 0.6700808
v -0.0803560 0.0821730 0.1912750
vn -0.5949299 -0.0845427 -0.7993191
v -0.0792060 0.0775630 0.1776100
vn -0.8744023 0.3601161 0.3251722
v -0.0872600 0.0685950 0.1970460
vn 0.9049879 -0.3198990 -0.2804665
v -0.0799530 0.0687350 0.1842840
vn 0.9921617 -0.0380169 0.1190373
v -0.0808290 0.0624990 0.1886450
vn -0.8221198 0.2583119 0.5073401
v -0.0866880 0.0556730 0.2052420
vn 0.8940773 0.3130641 0.3203385
v -0.0814320 0.0516300 0.2036600
vn 0.4775022 -0.6820545 -0.5538894
v -0.0601770 0.0149490 0.2122060
vn 0.9029788 -0.3672937 0.2229902
v -0.0582020 0.0160180 0.2169050
vn 0.4579508 -0.6216863 0.6354427
v -0.0603880 0.0156700 0.2195070
vn 0.2675044 0.5037758 0.8213717
v -0.0837170 0.0503370 0.2090680
vn 0.9312679 -0.1803950 0.3165404
v -0.0832050 0.0769110 0.1932940
vn 0.5642493 -0.0028916 0.8255994
v -0.0718670 0.0884090 0.1863020
vn -0.4760484 0.7773646 0.4111962
v -0.0699690 0.0932530 0.1833810
vn 0.7222878 -0.6690895 -0.1749847
v -0.0717080 0.0809820 0.1764430
vn -0.7203522 0.2108613 -0.6607801
v -0.0691240 0.0891020 0.1718110
vn 0.1905913 0.5114468 0.8379124
v -0.0850890 0.0632360 0.2010910
vn 0.8250862 -0.1475591 0.5453982
v -0.0781180 0.0752890 0.1815770
vn 0.9173691 0.0853911 0.3887704
v -0.0822660 0.0649820 0.1969870
vn 0.7638969 -0.5354858 0.3601618
v -0.0691960 0.0898510 0.1834340
vn 0.7923811 -0.0843663 0.6041643
v -0.0784390 0.0781060 0.1904120
vn 0.6818701 -0.5940666 0.4267764
v -0.0576380 0.1002640 0.1764260
vn 0.4670441 0.0896526 0.8796774
v -0.0601880 0.0993940 0.1788130
vn -0.3346972 0.8357549 0.4353063
v -0.0575500 0.1034730 0.1762690
vn -0.0061509 -0.5880978 -0.8087665
v -0.0633300 0.0915720 0.1675090
vn 0.8074321 -0.5021922 0.3096072
v -0.0688090 0.0865690 0.1752320
vn -0.6480623 0.4579616 -0.6085117
v -0.0575560 0.0990300 0.1646810
vn 0.6549764 -0.7231752 0.2191433
v -0.0575790 0.0964570 0.1688100
vn 0.5407145 -0.7889008 0.2919990
v -0.0445900 0.1045300 0.1614520
vn 0.5543463 -0.7489646 0.3629769
v -0.0443840 0.1086130 0.1684360
vn 0.4967172 0.0027277 0.8679082
v -0.0462120 0.1085020 0.1710820
vn -0.2212518 0.9059144 0.3610635
v -0.0430390 0.1112170 0.1685140
vn -0.5605128 0.5879238 -0.5832418
v -0.0441890 0.1071380 0.1573730
vn -0.2063138 -0.5728945 -0.7932380
v -0.0502840 0.1006040 0.1593240
vn -0.0535643 -0.7246835 -0.6869968
v -0.0347720 0.1078230 0.1522340
vn 0.4373585 -0.8386059 0.3247427
v -0.0298940 0.1101230 0.1537710
vn 0.4078218 -0.8800731 0.2432133
v -0.0294250 0.1144760 0.1602910
vn 0.5180581 -0.1889929 0.8342047
v -0.0300510 0.1143150 0.1631990
vn -0.1601514 0.9618022 0.2220090
v -0.0274400 0.1165300 0.1600360
vn -0.5068136 0.5753164 -0.6419899
v -0.0289250 0.1124010 0.1497360
vn -0.4488429 0.6187438 -0.6447451
v -0.0135220 0.1164470 0.1417320
vn -0.2115245 -0.6815373 -0.7005457
v -0.0188460 0.1122280 0.1434350
vn 0.3686643 -0.8618085 0.3483861
v -0.0148510 0.1142770 0.1457040
vn 0.2658337 -0.9485823 0.1718258
v -0.0135460 0.1188100 0.1522890
vn 0.5158191 -0.2808502 0.8093539
v -0.0137550 0.1185140 0.1542940
vn -0.1066370 0.9854270 0.1325223
v -0.0120190 0.1207010 0.1507230
vn 0.0103987 0.9770212 0.2128886
v 0.0045240 0.1228850 0.1421700
vn -0.4085811 0.6605582 -0.6298606
v 0.0024140 0.1194580 0.1338540
vn -0.2880133 -0.6403795 -0.7120130
v -0.0022250 0.1159540 0.1352660
vn 0.2474941 -0.9242231 0.2907892
v 0.0007940 0.1166790 0.1377480
vn 0.2279120 -0.9263247 0.2999644
v 0.0028260 0.1209390 0.1440260
vn 0.4770634 -0.2202583 0.8508213
v 0.0026150 0.1210590 0.1449740
vn 0.4553176 -0.0757617 0.8870998
v 0.0192690 0.1222010 0.1358370
vn 0.0608243 0.9846517 0.1635892
v 0.0206970 0.1242260 0.1330140
vn -0.3566297 0.5946726 -0.7205413
v 0.0184120 0.1207750 0.1255590
vn -0.2845920 -0.7344022 -0.6161662
v 0.0147770 0.1172680 0.1269940
vn 0.1612765 -0.9338477 0.3192468
v 0.0163360 0.1178850 0.1294290
vn 0.2620709 -0.8358965 0.4822820
v 0.0182100 0.1210260 0.1345910
vn 0.1837840 -0.8098807 0.5570608
v 0.0347940 0.1213640 0.1270630
vn 0.3701052 0.0263120 0.9286172
v 0.0364050 0.1220980 0.1276960
vn 0.1252586 0.9914448 0.0367085
v 0.0373910 0.1234510 0.1251390
vn -0.2793689 0.5082806 -0.8146189
v 0.0338800 0.1190370 0.1178180
vn -0.4018895 -0.6710713 -0.6230154
v 0.0313450 0.1165300 0.1188380
vn 0.0473827 -0.9289045 0.3672756
v 0.0318960 0.1168350 0.1220610
vn 0.0348497 -0.8302697 0.5562713
v 0.0498850 0.1137470 0.1155060
vn 0.2236118 -0.4958963 0.8390975
v 0.0531150 0.1179580 0.1199070
vn 0.3291385 0.3377165 0.8818251
v 0.0555090 0.1195760 0.1192940
vn 0.1139299 0.9934482 -0.0089793
v 0.0564340 0.1209330 0.1174510
vn -0.2240252 0.1873369 -0.9564087
v 0.0513860 0.1149070 0.1110440
vn -0.2431437 -0.9137754 -0.3254161
v 0.0502710 0.1122960 0.1126450
vn 0.2882947 -0.9077148 -0.3048607
v 0.0656230 0.1100950 0.1096850
vn 0.1523323 -0.7631574 0.6280014
v 0.0642650 0.1118550 0.1125770
vn 0.2170664 -0.5486314 0.8073944
v 0.0679160 0.1164930 0.1157790
vn 0.8013902 0.0465582 0.5963272
v 0.0714350 0.1178810 0.1156910
vn 0.7581911 0.5634039 -0.3282107
v 0.0714380 0.1191370 0.1130770
vn 0.3342980 0.0117674 -0.9423940
v 0.0663740 0.1133850 0.1081570
vn -0.1512771 -0.6583825 -0.7373248
v 0.0014690 -0.1060290 0.1114170
vn 0.4864424 -0.1691836 -0.8571760
v 0.0032250 -0.1037970 0.1097270
vn 0.5631542 -0.8239405 -0.0630828
v 0.0035850 -0.1077930 0.1141550
vn 0.3689255 -0.8420995 0.3933987
v -0.0037830 -0.1099220 0.1218530
vn -0.2572254 -0.8311835 -0.4929190
v -0.0079210 -0.1066280 0.1164130
vn 0.9165072 0.2774910 0.2881203
v 0.0053090 -0.1040510 0.1143640
vn 0.1839664 0.8337284 -0.5206279
v 0.0016510 -0.1003830 0.1097750
vn -0.3750270 -0.2377323 -0.8960124
v -0.0069990 -0.1036870 0.1116760
vn 0.4894162 0.4333569 0.7567521
v -0.0023430 -0.1068750 0.1211020
vn 0.4710324 0.4368574 0.7663447
v -0.0119260 -0.1081110 0.1265120
vn 0.1669512 -0.8985708 0.4058298
v -0.0134010 -0.1102190 0.1271610
vn -0.3394864 -0.8190172 -0.4625579
v -0.0172060 -0.1058660 0.1216380
vn -0.2811234 0.9088469 -0.3081671
v -0.0078630 -0.1027790 0.1126770
vn -0.5300139 -0.2398550 -0.8133602
v -0.0163170 -0.1035960 0.1173010
vn 0.5085355 0.4818886 0.7135651
v -0.0213310 -0.1064660 0.1320870
vn -0.1303867 0.9551743 -0.2657847
v -0.0163510 -0.1021790 0.1181440
vn 0.1662399 -0.8952441 0.4134033
v -0.0228120 -0.1090780 0.1327630
vn -0.3789948 -0.8207625 -0.4274482
v -0.0260600 -0.1054830 0.1275630
vn -0.5066689 -0.5125986 -0.6932023
v -0.0250800 -0.1036480 0.1236560
vn 0.5808694 0.2598425 0.7714095
v -0.0304050 -0.1054620 0.1383800
vn -0.2752605 0.7893076 -0.5488399
v -0.0250890 -0.1015360 0.1232600
vn -0.0073020 -0.9042095 0.4270269
v -0.0320580 -0.1074600 0.1385590
vn -0.4948354 -0.7768783 -0.3893559
v -0.0346380 -0.1043730 0.1338280
vn -0.5734429 -0.4514552 -0.6836312
v -0.0336500 -0.1028530 0.1303670
vn 0.6055309 0.3501054 0.7146738
v -0.0394550 -0.1015260 0.1437260
vn 0.0026769 0.8786938 -0.4773784
v -0.0326560 -0.0992270 0.1297260
vn -0.0545295 -0.8148398 0.5771159
v -0.0409330 -0.1039580 0.1443220
vn -0.5902207 -0.7288770 -0.3469551
v -0.0427830 -0.1016440 0.1403500
vn -0.6071998 -0.3957052 -0.6890035
v -0.0423180 -0.0978310 0.1351340
vn 0.7033247 0.3806586 0.6003612
v -0.0483370 -0.0964480 0.1487850
vn 0.0290026 0.7423714 -0.6693606
v -0.0413410 -0.0952080 0.1338760
vn 0.0376844 -0.7354555 0.6765243
v -0.0493220 -0.0988070 0.1500230
vn -0.6188483 -0.7394704 -0.2649723
v -0.0512740 -0.0966960 0.1453310
vn -0.6387916 -0.3680491 -0.6756369
v -0.0510270 -0.0942770 0.1408810
vn 0.6731967 0.1062706 0.7317874
v -0.0562460 -0.0914960 0.1553740
vn 0.3873067 0.8743086 -0.2925371
v -0.0549330 -0.0859500 0.1465630
vn 0.1932322 0.8189769 -0.5403131
v -0.0485870 -0.0903050 0.1396660
vn -0.1401000 -0.7891707 0.5979814
v -0.0575190 -0.0929590 0.1555100
vn -0.6885949 -0.7069861 -0.1612692
v -0.0592800 -0.0917410 0.1511370
vn -0.6907353 -0.1197054 -0.7131308
v -0.0594330 -0.0890480 0.1462390
vn 0.7190700 0.0059635 0.6949121
v -0.0633970 -0.0847240 0.1617340
vn 0.4648298 0.7399874 -0.4861604
v -0.0613820 -0.0791630 0.1519320
vn -0.7506344 -0.0628077 -0.6577258
v -0.0661440 -0.0820140 0.1524090
vn -0.2837858 -0.7552225 0.5908507
v -0.0648560 -0.0867330 0.1618140
vn -0.8252642 -0.5352426 -0.1801510
v -0.0658560 -0.0842740 0.1567630
vn 0.5357831 -0.2282843 0.8129101
v -0.0691910 -0.0762760 0.1680430
vn 0.6126128 0.6156772 -0.4956281
v -0.0659260 -0.0711800 0.1580900
vn -0.7061518 0.1853784 -0.6833627
v -0.0700940 -0.0725810 0.1588910
vn -0.9376490 -0.1944928 -0.2880747
v -0.0714310 -0.0759040 0.1624440
vn -0.7111109 -0.5453953 0.4436950
v -0.0717620 -0.0783690 0.1668510
vn 0.4899008 -0.3439838 0.8010446
v -0.0716480 -0.0652530 0.1738040
vn 0.6860837 0.4011877 -0.6069083
v -0.0689560 -0.0612730 0.1633900
vn -0.6262077 0.3165483 -0.7125034
v -0.0715750 -0.0611440 0.1639690
vn -0.9844089 -0.0789505 -0.1571818
v -0.0742540 -0.0662240 0.1689110
vn -0.7269405 -0.3921443 0.5637202
v -0.0737510 -0.0672300 0.1722940
vn 0.4193090 -0.4009770 0.8144922
v -0.0719410 -0.0536710 0.1793120
vn 0.7680845 0.2656552 -0.5826437
v -0.0685620 -0.0511190 0.1690800
vn 0.9303740 0.0707248 -0.3597252
v -0.0681760 -0.0410930 0.1749580
vn -0.5740191 0.3790419 -0.7258301
v -0.0715980 -0.0501860 0.1698510
vn -0.9556379 0.1407691 -0.2587281
v -0.0741660 -0.0544510 0.1734250
vn -0.8604484 -0.1912514 0.4722833
v -0.0748410 -0.0558180 0.1773090
vn 0.5609608 -0.5529414 0.6160998
v -0.0705590 -0.0424920 0.1851700
vn -0.1921179 0.5564122 -0.8083912
v -0.0697490 -0.0389210 0.1747950
vn -0.4596227 0.6375382 -0.6182978
v -0.0671820 -0.0293660 0.1818980
vn 0.7656553 -0.0836182 -0.6377931
v -0.0638980 -0.0322050 0.1805900
vn -0.9912859 0.1225882 -0.0482126
v -0.0749180 -0.0446010 0.1799710
vn -0.6244400 -0.3059253 0.7186685
v -0.0737220 -0.0450920 0.1837540
vn 0.0518641 -0.1276831 0.9904581
v -0.0668180 -0.0324540 0.1915660
vn -0.8892472 0.4548734 -0.0482652
v -0.0712150 -0.0334640 0.1842960
vn -0.7814119 0.6071711 0.1440096
v -0.0651580 -0.0249400 0.1895500
vn -0.3660193 0.4599864 -0.8089761
v -0.0590990 -0.0215500 0.1852770
vn 0.5441846 -0.4130458 -0.7302440
v -0.0575130 -0.0242720 0.1847170
vn -0.7016246 0.0158689 0.7123701
v -0.0702360 -0.0347460 0.1896820
vn 0.3093693 -0.5496134 0.7760256
v -0.0581110 -0.0249760 0.1945480
vn -0.5142097 0.2262933 0.8272725
v -0.0632780 -0.0256750 0.1936770
vn -0.5315152 0.8354117 0.1399248
v -0.0582670 -0.0161730 0.1893960
vn 0.2635759 0.3837537 0.8850203
v -0.0539200 -0.0190620 0.1953910
vn 0.2931590 0.9070138 -0.3022976
v -0.0513800 -0.0124330 0.1858430
vn 0.8979057 -0.1629751 -0.4089065
v -0.0486370 -0.0189530 0.1869080
vn 0.8685013 -0.1789821 0.4622456
v -0.0493390 -0.0201580 0.1909620
vn 0.2302293 -0.2816857 0.9314761
v -0.0565890 -0.0226570 0.1946330
vn 0.0591390 0.2315703 0.9710190
v -0.0755630 0.0645560 0.3571190
vn -0.8227575 -0.2004177 0.5318860
v -0.0773300 0.0497840 0.3562850
vn -0.0509746 -0.0164396 0.9985647
v -0.0734780 0.0471950 0.3590190
vn 0.9009977 -0.4265997 -0.0788413
v -0.0698420 0.0804690 0.3462420
vn -0.0340733 0.3948449 0.9181157
v -0.0735950 0.0797660 0.3502000
vn 0.9821212 0.0693925 0.1749932
v -0.0733380 0.0647870 0.3521190
vn -0.9117920 0.2154763 0.3495787
v -0.0798040 0.0674140 0.3510330
vn -0.8902168 -0.3420538 -0.3008542
v -0.0784400 0.0498010 0.3522120
vn -0.8701899 -0.4446438 -0.2122771
v -0.0703780 0.0361770 0.3519860
vn -0.7581312 -0.4692433 0.4528221
v -0.0702620 0.0379390 0.3571170
vn 0.1116891 -0.1122387 0.9873845
v -0.0685240 0.0377990 0.3587600
vn 0.8966560 0.3647460 0.2509351
v -0.0700140 0.0480970 0.3551390
vn 0.2111003 -0.6826384 -0.6996010
v -0.0646200 0.0977820 0.3334200
vn 0.8611367 -0.3571936 0.3617408
v -0.0611450 0.0942580 0.3410160
vn 0.3404349 -0.5534890 -0.7601013
v -0.0731340 0.0850170 0.3415590
vn -0.0177047 0.4905382 0.8712399
v -0.0652400 0.0941460 0.3430110
vn -0.6206906 0.5177939 0.5887553
v -0.0742250 0.0838680 0.3468550
vn 0.6886449 -0.2023004 -0.6963065
v -0.0741940 0.0681940 0.3473790
vn -0.7106773 -0.0933539 -0.6972969
v -0.0802610 0.0659640 0.3464610
vn -0.0741444 0.2753259 -0.9584875
v -0.0670630 0.0358550 0.3484020
vn -0.2025267 -0.0376217 -0.9785538
v -0.0758080 0.0481890 0.3515350
vn 0.0779542 -0.5860946 -0.8064839
v -0.0592940 0.0195650 0.3432500
vn -0.5645232 -0.8127419 -0.1440982
v -0.0626110 0.0199640 0.3468290
vn -0.6043265 -0.6791688 0.4165566
v -0.0629980 0.0221450 0.3508240
vn 0.8258898 0.5608312 -0.0580905
v -0.0626810 0.0335240 0.3517380
vn 0.4127673 -0.3072814 0.8574388
v -0.0577880 0.0236100 0.3564140
vn 0.4334153 -0.0345388 -0.9005322
v -0.0728540 0.0507030 0.3507810
vn -0.6107116 0.1901058 -0.7686945
v -0.0568480 0.1078240 0.3256150
vn 0.1446102 -0.7410826 -0.6556558
v -0.0529220 0.1078810 0.3258360
vn -0.8730338 0.1901139 -0.4490753
v -0.0689710 0.0968560 0.3339600
vn 0.5785130 -0.8092477 0.1021813
v -0.0502810 0.1043330 0.3326550
vn -0.3887207 -0.1859356 -0.9023991
v -0.0765750 0.0820330 0.3419660
vn 0.1887754 0.3517398 0.9168658
v -0.0534940 0.1056690 0.3361580
vn -0.4572157 0.7203996 0.5215154
v -0.0644810 0.0974410 0.3401830
vn -0.9177644 0.3688456 -0.1471782
v -0.0766240 0.0844640 0.3421370
vn 0.6188485 0.4825442 -0.6198207
v -0.0656550 0.0347970 0.3487830
vn 0.6283060 -0.5578929 -0.5422058
v -0.0570350 0.0200410 0.3448210
vn 0.8989991 -0.4341829 -0.0573229
v -0.0532390 0.0207280 0.3489010
vn -0.3755762 0.9151807 0.1462422
v -0.0403960 0.1177730 0.3205280
vn -0.5971429 0.4573410 -0.6589838
v -0.0426440 0.1169090 0.3185380
vn -0.5117845 0.8448793 0.1557425
v -0.0548540 0.1092490 0.3271620
vn -0.0729787 -0.6658437 -0.7425135
v -0.0398280 0.1159460 0.3181210
vn -0.5632910 0.7422031 0.3630950
v -0.0669940 0.0979130 0.3345890
vn 0.4881459 -0.8271944 0.2783218
v -0.0365900 0.1120000 0.3267020
vn 0.1566814 0.4572176 0.8754445
v -0.0397760 0.1145420 0.3293380
vn -0.3058050 0.7985832 0.5184093
v -0.0516540 0.1082210 0.3338650
vn -0.1248068 0.9298587 0.3461012
v -0.0246650 0.1238690 0.3198880
vn -0.2762822 0.9444569 -0.1779590
v -0.0243480 0.1233320 0.3148940
vn -0.2337437 0.8679483 0.4382119
v -0.0381050 0.1166390 0.3263930
vn -0.3706414 0.1497900 -0.9166176
v -0.0266960 0.1215330 0.3117230
vn 0.0270784 -0.8732091 -0.4865929
v -0.0237560 0.1193680 0.3144150
vn 0.3122393 -0.9000724 0.3039348
v -0.0219660 0.1173050 0.3208340
vn 0.2785246 0.1750965 0.9443333
v -0.0241310 0.1199080 0.3233850
vn 0.2560128 0.3063639 0.9168417
v -0.0081890 0.1234580 0.3172520
vn 0.1011303 0.8837673 0.4568678
v -0.0064280 0.1259480 0.3147700
vn -0.1014467 0.9821281 -0.1585342
v -0.0078810 0.1266910 0.3088390
vn -0.3204315 0.1762529 -0.9307302
v -0.0100600 0.1247320 0.3059180
vn -0.0919337 -0.8630899 -0.4966125
v -0.0081190 0.1215400 0.3087550
vn 0.1807002 -0.8415657 0.5090330
v -0.0062520 0.1198390 0.3159860
vn -0.1471212 -0.9231136 0.3552700
v 0.0099680 0.1187530 0.3125430
vn 0.1878393 -0.0185578 0.9820244
v 0.0087850 0.1208530 0.3140830
vn 0.2931109 0.7892022 0.5396720
v 0.0106390 0.1240860 0.3116240
vn 0.1526473 0.9856521 -0.0720321
v 0.0091440 0.1259470 0.3035380
vn -0.2221536 0.5055452 -0.8337097
v 0.0073070 0.1253730 0.3014340
vn -0.3079944 -0.6825960 -0.6627234
v 0.0076070 0.1217480 0.3026150
vn -0.4037994 -0.6418118 -0.6519384
v 0.0233720 0.1172010 0.2986080
vn -0.0592705 -0.6681501 0.7416620
v 0.0255440 0.1139010 0.3100270
vn 0.3807360 0.3628131 0.8505332
v 0.0250750 0.1160820 0.3098050
vn 0.4556231 0.7538707 0.4733779
v 0.0268180 0.1185830 0.3069320
vn 0.4134305 0.8896232 0.1940252
v 0.0254690 0.1211210 0.2980160
vn 0.0479632 0.7379542 -0.6731442
v 0.0243500 0.1219230 0.2969230
vn 0.1915204 0.6344060 -0.7488984
v 0.0401510 0.1135110 0.2941440
vn -0.5719010 -0.5437660 -0.6142051
v 0.0381570 0.1092310 0.2954860
vn -0.1496967 -0.5812561 0.7998327
v 0.0399370 0.1063940 0.3059140
vn 0.4575289 0.3209437 0.8292542
v 0.0402830 0.1082930 0.3053270
vn 0.6012508 0.6322440 0.4886359
v 0.0421530 0.1105870 0.3029120
vn 0.6025350 0.7963274 0.0530492
v 0.0413360 0.1128280 0.2959730
vn 0.7498698 0.6308801 -0.1992127
v 0.0538020 0.1006600 0.2908370
vn -0.0098707 0.3470243 -0.9378042
v 0.0520250 0.1006210 0.2885710
vn -0.7872645 -0.4882159 -0.3766429
v 0.0508520 0.0985260 0.2906020
vn 0.2466482 -0.3179410 0.9154661
v 0.0528390 0.0961080 0.3020310
vn 0.7634840 0.3863285 0.5175351
v 0.0529710 0.0963280 0.3011000
vn 0.7897868 0.4435274 0.4236983
v 0.0547290 0.0983530 0.2988720
vn 0.9275929 0.2731436 0.2548805
v 0.0626110 0.0833920 0.2926000
vn 0.8642722 0.4618464 -0.1993276
v 0.0616570 0.0853080 0.2838680
vn 0.0269243 0.3450485 -0.9381986
v 0.0606260 0.0854440 0.2819280
vn -0.8997113 -0.2732545 -0.3403698
v 0.0589530 0.0843490 0.2843000
vn -0.7868335 -0.4712417 0.3985276
v 0.0602330 0.0820770 0.2957130
vn 0.3695541 -0.1700908 0.9135091
v 0.0611480 0.0812220 0.2957960
vn -0.0622180 -0.9976912 0.0272280
v 0.0642690 0.0639350 0.2902580
vn 0.7718811 -0.5565112 0.3074002
v 0.0680140 0.0663760 0.2884310
vn 0.9389625 -0.2971427 -0.1733658
v 0.0687510 0.0685570 0.2797850
vn 0.4299207 -0.2781227 -0.8589622
v 0.0677710 0.0687800 0.2769060
vn -0.5849822 -0.5736380 -0.5733544
v 0.0636200 0.0680430 0.2788500
vn -0.7981167 -0.5697840 0.1958469
v 0.0633550 0.0657510 0.2904910
vn 0.9307833 0.3319688 0.1530984
v -0.0376770 -0.0215390 0.1691370
vn -0.5320679 0.8107335 -0.2441618
v -0.0505010 -0.0187160 0.1619320
vn -0.7567864 0.3324415 0.5628117
v -0.0516590 -0.0209820 0.1658290
vn 0.3742861 0.4145937 0.8294709
v -0.0390220 -0.0211760 0.1722760
vn 0.6302884 0.6526376 -0.4204767
v -0.0400460 -0.0185510 0.1616380
vn 0.8454248 -0.5058196 -0.1714745
v -0.0411380 -0.0278270 0.1657290
vn 0.0827147 -0.4882240 0.8687898
v -0.0427490 -0.0281040 0.1699060
vn -0.6676203 0.3631638 -0.6499195
v -0.0506320 -0.0256100 0.1583920
vn 0.3321884 0.2056686 -0.9205169
v -0.0453600 -0.0230370 0.1583470
vn -0.9163973 0.0018598 0.4002655
v -0.0516680 -0.0283800 0.1622100
vn 0.8809926 -0.4625671 0.0994174
v -0.0452780 -0.0340750 0.1634300
vn -0.1354877 -0.4417079 0.8868694
v -0.0473940 -0.0343240 0.1658250
vn -0.9342181 -0.0710990 0.3495447
v -0.0537820 -0.0356600 0.1588480
vn -0.6926447 0.4533580 -0.5609900
v -0.0525890 -0.0327210 0.1553550
vn 0.5198596 0.1857515 -0.8338120
v -0.0477680 -0.0303520 0.1559150
vn 0.9084507 -0.3664221 0.2011272
v -0.0468760 -0.0407290 0.1592070
vn -0.4208057 -0.3818287 0.8228788
v -0.0508530 -0.0411880 0.1614820
vn -0.9781899 -0.1369237 0.1561935
v -0.0540960 -0.0422760 0.1539120
vn -0.6349519 0.4113134 -0.6539552
v -0.0533220 -0.0392050 0.1510190
vn 0.4522848 0.3792286 -0.8072324
v -0.0507930 -0.0368090 0.1525400
vn 0.9441332 -0.2631013 0.1984698
v -0.0476170 -0.0468430 0.1542940
vn -0.3076845 -0.6320522 0.7112244
v -0.0508830 -0.0474600 0.1556870
vn -0.9609644 -0.2251699 0.1607668
v -0.0532540 -0.0488700 0.1490370
vn -0.7078201 0.4384232 -0.5538734
v -0.0528570 -0.0459340 0.1467760
vn 0.5702201 0.4241596 -0.7035181
v -0.0512470 -0.0437050 0.1484890
vn -0.5389555 -0.5330814 0.6521896
v -0.0506060 -0.0541510 0.1501060
vn 0.8421966 -0.2115406 0.4959390
v -0.0479000 -0.0536990 0.1502030
vn -0.8508421 -0.4945848 0.1773520
v -0.0518300 -0.0555650 0.1444200
vn -0.8868003 0.1371787 -0.4413244
v -0.0531380 -0.0521440 0.1418970
vn 0.1929488 0.6519504 -0.7333018
v -0.0522480 -0.0495090 0.1433160
vn -0.8388330 -0.5436562 0.0282348
v -0.0488180 -0.0610390 0.1390360
vn -0.3695680 -0.7061253 0.6039922
v -0.0484620 -0.0612960 0.1453710
vn 0.9368066 -0.0031797 0.3498333
v -0.0464790 -0.0595730 0.1450490
vn -0.8739768 -0.0125151 -0.4858065
v -0.0504880 -0.0578010 0.1369740
vn 0.2689428 0.6756592 -0.6864069
v -0.0503190 -0.0553360 0.1383030
vn -0.8370497 -0.0942107 -0.5389547
v -0.0476510 -0.0631190 0.1318290
vn -0.7665845 -0.6421416 -0.0015922
v -0.0443680 -0.0665850 0.1347760
vn -0.1737766 -0.7910327 0.5865740
v -0.0446720 -0.0665760 0.1394560
vn 0.9276881 0.1635917 0.3356077
v -0.0443140 -0.0650860 0.1396980
vn 0.2595372 0.7632265 -0.5917143
v -0.0477410 -0.0609420 0.1333630
vn 0.2644399 0.8134053 -0.5181152
v -0.0434680 -0.0654210 0.1284580
vn -0.7762012 -0.1710272 -0.6068455
v -0.0434450 -0.0678770 0.1270350
vn -0.7163340 -0.6954001 -0.0573106
v -0.0400400 -0.0715260 0.1297060
vn 0.0409059 -0.8351684 0.5484711
v -0.0404020 -0.0716990 0.1337540
vn 0.8655420 0.2595679 0.4283242
v -0.0407320 -0.0697200 0.1345620
vn 0.8020004 -0.2976410 0.5178853
v -0.0366530 -0.0727250 0.1284320
vn 0.2150012 0.4612454 -0.8608294
v -0.0389800 -0.0700350 0.1240230
vn -0.0256636 -0.5403923 -0.8410218
v -0.0381900 -0.0728990 0.1241420
vn 0.1896193 -0.9603822 -0.2042317
v -0.0367100 -0.0742420 0.1261980
vn 0.9769461 -0.2088660 -0.0441733
v -0.0360000 -0.0735980 0.1264920
vn 0.1804733 0.4914863 0.8519804
v 0.0054300 -0.0378870 0.3774850
vn 0.9009073 -0.2450800 0.3581925
v 0.0161110 -0.0476850 0.3711620
vn 0.9588664 0.2473939 -0.1391818
v 0.0200980 -0.0414640 0.3663510
vn -0.8714835 0.4653803 -0.1547184
v 0.0006140 -0.0383330 0.3755140
vn 0.3371036 0.8723227 0.3541387
v 0.0084800 -0.0340110 0.3745540
vn -0.8034632 0.4966696 -0.3282777
v -0.0019640 -0.0420610 0.3788580
vn 0.1216494 0.5935373 0.7955595
v 0.0015750 -0.0412480 0.3803690
vn 0.8937194 -0.1582942 0.4197720
v 0.0124820 -0.0542500 0.3756940
vn 0.1341673 -0.6375117 -0.7586685
v 0.0142100 -0.0489880 0.3672520
vn 0.2288585 0.0380755 -0.9727148
v 0.0169830 -0.0424470 0.3629720
vn -0.6039565 0.7062564 -0.3693757
v 0.0034430 -0.0346640 0.3723430
vn 0.2270108 -0.6563655 -0.7194793
v 0.0116530 -0.0549800 0.3724060
vn -0.0199879 -0.6858938 -0.7274271
v 0.0079380 -0.0608100 0.3773300
vn -0.6788042 0.5349689 -0.5030240
v -0.0056270 -0.0448400 0.3822050
vn 0.1104362 0.6970500 0.7084668
v -0.0028200 -0.0440550 0.3834060
vn 0.8389413 -0.4350128 0.3270189
v 0.0094150 -0.0610970 0.3801010
vn 0.6657705 -0.6268425 0.4047445
v 0.0038890 -0.0660790 0.3853450
vn -0.1063727 -0.7484935 -0.6545551
v 0.0032750 -0.0654260 0.3829900
vn -0.7039766 0.5739768 -0.4182914
v -0.0104920 -0.0469850 0.3853760
vn 0.1534164 0.6683210 0.7278808
v -0.0071540 -0.0466310 0.3866880
vn 0.2214363 0.6736129 0.7051324
v -0.0111600 -0.0495580 0.3899390
vn 0.4714174 -0.7049919 0.5298604
v -0.0032040 -0.0687130 0.3912290
vn -0.1997394 -0.7984015 -0.5680311
v -0.0033390 -0.0682070 0.3886110
vn -0.8071240 0.5066221 -0.3031251
v -0.0142080 -0.0496620 0.3889110
vn -0.6507604 0.7589683 0.0218656
v -0.0154800 -0.0517860 0.3937640
vn 0.3993039 0.6122957 0.6823858
v -0.0142820 -0.0521040 0.3941620
vn 0.3622891 -0.6159592 0.6995291
v -0.0112040 -0.0684040 0.3968960
vn -0.3259037 -0.8296504 -0.4532847
v -0.0117790 -0.0688690 0.3933300
vn -0.5036796 -0.7233757 -0.4722653
v -0.0203070 -0.0667270 0.3976010
vn -0.4515195 0.5127653 -0.7302067
v -0.0202940 -0.0535460 0.3969980
vn 0.2845410 0.8520308 0.4394087
v -0.0185800 -0.0527290 0.3981240
vn 0.2290590 -0.5887436 0.7751858
v -0.0195390 -0.0660180 0.4018480
vn 0.1114479 -0.5610190 0.8202665
v -0.0279190 -0.0627450 0.4062220
vn -0.5248964 -0.7713375 -0.3598920
v -0.0277610 -0.0638400 0.4025970
vn -0.3400620 0.2130120 -0.9159606
v -0.0267240 -0.0538520 0.3992800
vn 0.3714722 0.9000103 0.2280131
v -0.0241350 -0.0515850 0.4013420
vn 0.6367109 0.7566072 -0.1488111
v -0.0295610 -0.0491580 0.4033680
vn 0.1666720 -0.5141990 0.8413203
v -0.0353360 -0.0580040 0.4103850
vn -0.5416898 -0.8123828 -0.2158851
v -0.0353260 -0.0599520 0.4068830
vn -0.3457930 0.2110347 -0.9142711
v -0.0314740 -0.0512720 0.4019090
vn -0.2112993 0.3358316 -0.9179160
v -0.0349470 -0.0470310 0.4045850
vn 0.8504094 0.5254018 0.0275125
v -0.0318900 -0.0453020 0.4067320
vn 0.2165179 -0.3800041 0.8992869
v -0.0415910 -0.0524550 0.4146900
vn -0.5932372 -0.7678428 -0.2418413
v -0.0431240 -0.0554190 0.4099950
vn -0.7048184 -0.5901183 -0.3936895
v -0.0495510 -0.0498030 0.4122870
vn -0.1057139 0.2280619 -0.9678907
v -0.0378370 -0.0423350 0.4066350
vn 0.8861340 0.4545459 -0.0903031
v -0.0342840 -0.0404380 0.4081960
vn -0.3581488 -0.3275088 0.8743383
v -0.0498060 -0.0481520 0.4178500
vn -0.6237161 0.4948272 0.6050821
v -0.0535810 -0.0415720 0.4160520
vn -0.9339285 0.0453533 -0.3545712
v -0.0548970 -0.0430230 0.4118010
vn -0.0641010 0.1963955 -0.9784273
v -0.0394080 -0.0372830 0.4080280
vn 0.9301251 0.3469701 0.1203292
v -0.0363090 -0.0355580 0.4096980
vn 0.9537870 0.2670476 0.1377534
v -0.0377530 -0.0302370 0.4093630
vn 0.0611896 -0.7922658 0.6071002
v -0.0447140 -0.0381800 0.4162310
vn -0.7911962 0.5841872 0.1809252
v -0.0488520 -0.0373760 0.4136690
vn -0.0430419 -0.0699078 -0.9966245
v -0.0399570 -0.0319620 0.4079530
vn -0.1251445 -0.5654943 -0.8152025
v -0.0413480 -0.0268350 0.4064900
vn 0.9794595 0.0193441 -0.2007109
v -0.0378760 -0.0256920 0.4069370
vn 0.2782734 0.1728354 0.9448237
v -0.0427540 -0.0299550 0.4148260
vn -0.9883201 0.1167504 0.0979430
v -0.0451700 -0.0303520 0.4128820
vn -0.9727148 0.2258257 -0.0531860
v -0.0479820 -0.0234630 0.4096400
vn -0.5298409 0.0648241 -0.8456160
v -0.0448980 -0.0234170 0.4034100
vn 0.5854580 0.6413296 -0.4959186
v -0.0393320 -0.0211030 0.4044270
vn -0.0524898 0.7274894 0.6841083
v -0.0445520 -0.0218420 0.4126420
vn -0.6287167 -0.0374406 -0.7767326
v 0.0372430 -0.0554650 0.3342380
vn -0.5811636 0.6123038 -0.5360345
v 0.0403890 -0.0427070 0.3310000
vn 0.5896159 0.2258312 -0.7754697
v 0.0433320 -0.0437010 0.3293710
vn -0.5293171 0.0239568 -0.8480858
v 0.0310040 -0.0663320 0.3383410
vn 0.7283233 -0.5007036 -0.4678046
v 0.0397550 -0.0559190 0.3345830
vn -0.3275781 0.5292273 0.7826948
v 0.0332080 -0.0595110 0.3465700
vn -0.1939166 0.4515699 0.8709082
v 0.0384730 -0.0503930 0.3429620
vn -0.0041298 0.7777684 0.6285375
v 0.0415020 -0.0407000 0.3380830
vn 0.2526630 0.9610320 -0.1121561
v 0.0421020 -0.0400380 0.3368130
vn -0.3337708 -0.0580283 -0.9408665
v 0.0233920 -0.0762890 0.3420790
vn 0.6813248 -0.6262406 -0.3789714
v 0.0331810 -0.0669680 0.3390970
vn -0.1927742 0.5900226 0.7840354
v 0.0271690 -0.0678500 0.3506020
vn 0.8940428 -0.1571177 0.4195254
v 0.0397480 -0.0514170 0.3414670
vn 0.6870728 -0.3984275 0.6076072
v 0.0272720 -0.0707680 0.3500770
vn 0.7800857 -0.2679244 0.5654050
v 0.0340960 -0.0615260 0.3459000
vn -0.1574595 -0.2812215 -0.9466367
v 0.0135810 -0.0841620 0.3455610
vn 0.6308572 -0.7525579 -0.1888803
v 0.0251530 -0.0767430 0.3433520
vn -0.1462690 0.6465821 0.7486902
v 0.0190550 -0.0742970 0.3540300
vn 0.5808821 -0.5189155 0.6271384
v 0.0180370 -0.0779390 0.3533220
vn 0.5636787 -0.8200997 0.0985029
v 0.0147960 -0.0839760 0.3475300
vn -0.2053875 -0.2462239 -0.9472010
v 0.0025650 -0.0902920 0.3486660
vn -0.0655512 0.7421327 0.6670399
v 0.0100660 -0.0795770 0.3571890
vn 0.5743569 -0.5352048 0.6194111
v 0.0080350 -0.0837490 0.3567530
vn 0.5346459 -0.8434429 0.0525155
v 0.0038870 -0.0905010 0.3514910
vn -0.3241765 -0.2809652 -0.9033096
v -0.0077780 -0.0959590 0.3538980
vn -0.0744205 0.8611730 0.5028347
v 0.0007210 -0.0831270 0.3613770
vn 0.5734273 -0.3855059 0.7228875
v -0.0018930 -0.0876940 0.3623270
vn 0.4492836 -0.8919720 0.0503026
v -0.0062930 -0.0970350 0.3570690
vn -0.5002981 -0.5679348 -0.6535687
v -0.0179420 -0.0996440 0.3605680
vn 0.3293743 0.8737448 0.3578862
v -0.0080970 -0.0839610 0.3677230
vn 0.5184999 -0.3089379 0.7973176
v -0.0118110 -0.0880940 0.3691700
vn 0.2195995 -0.8618345 0.4571841
v -0.0159090 -0.0993540 0.3657920
vn -0.7415639 -0.4536220 -0.4942773
v -0.0270000 -0.0951020 0.3693050
vn 0.2467608 0.9654825 0.0833826
v -0.0174380 -0.0821890 0.3730070
vn 0.5107720 -0.2010794 0.8358703
v -0.0209930 -0.0851530 0.3756530
vn 0.0592869 -0.7529788 0.6553686
v -0.0254460 -0.0941580 0.3740210
vn -0.7287148 -0.3587308 -0.5833413
v -0.0359040 -0.0887230 0.3769640
vn 0.4712715 0.8812934 -0.0350040
v -0.0259050 -0.0785880 0.3791950
vn 0.5243152 -0.2264813 0.8208531
v -0.0301510 -0.0803890 0.3826320
vn -0.1118874 -0.7957876 0.5951499
v -0.0354360 -0.0882960 0.3811690
vn -0.8296824 -0.3171806 -0.4593731
v -0.0441090 -0.0812860 0.3845940
vn 0.5518454 0.8036786 -0.2226375
v -0.0336040 -0.0732150 0.3851350
vn 0.5572118 -0.1737324 0.8119927
v -0.0374030 -0.0730680 0.3889050
vn -0.2044191 -0.6396252 0.7410078
v -0.0431060 -0.0801910 0.3892890
vn -0.8658316 -0.1694840 -0.4707556
v -0.0495520 -0.0705780 0.3910130
vn 0.5212473 0.6408541 -0.5635667
v -0.0397380 -0.0650610 0.3903320
vn 0.6763245 -0.1194843 0.7268485
v -0.0422400 -0.0627870 0.3945710
vn -0.3385557 -0.5196669 0.7844275
v -0.0488890 -0.0691800 0.3956360
vn -0.8926641 -0.0799188 -0.4435806
v -0.0536280 -0.0587590 0.3954120
vn 0.8415135 0.2674274 -0.4694014
v -0.0421140 -0.0536400 0.3944890
vn 0.5671510 -0.0310342 0.8230290
v -0.0459450 -0.0520000 0.4002260
vn -0.4188705 -0.2769993 0.8647652
v -0.0520580 -0.0568540 0.4013660
vn -0.7112308 -0.0340369 -0.7021341
v -0.0540700 -0.0459840 0.3956350
vn 0.9515166 -0.0080969 -0.3074909
v -0.0429500 -0.0447290 0.3960160
vn 0.3154535 0.2445199 0.9168965
v -0.0481110 -0.0416720 0.4010250
vn -0.7457435 0.1488985 0.6493812
v -0.0550740 -0.0443620 0.4017060
vn -0.3587558 -0.2588452 -0.8968241
v -0.0496950 -0.0347300 0.3910570
vn 0.9676839 -0.2359428 0.0889879
v -0.0420350 -0.0340330 0.3950150
vn 0.1566914 0.3462218 0.9249748
v -0.0457960 -0.0334770 0.3967090
vn -0.7689875 0.4885743 0.4122540
v -0.0516610 -0.0359570 0.3969410
vn -0.3497196 0.5565884 -0.7535951
v -0.0479380 -0.0231480 0.3875380
vn 0.9076775 0.4107612 0.0860039
v -0.0402600 -0.0241490 0.3921380
vn 0.2315773 0.3189310 0.9190512
v -0.0422900 -0.0280750 0.3939190
vn 0.2757806 0.9526722 0.1279088
v -0.0429100 -0.0226750 0.3912470
vn -0.5526168 0.6490853 0.5227839
v -0.0476050 -0.0241760 0.3909720
vn 0.9178569 -0.3061177 0.2526475
v 0.0538260 -0.0670470 0.3193340
vn 0.8691016 -0.4433161 -0.2193931
v 0.0538490 -0.0693150 0.3104840
vn 0.8536974 0.3597520 -0.3765360
v 0.0595880 -0.0537710 0.3067790
vn 0.4576556 0.0596439 0.8871268
v 0.0538400 -0.0656540 0.3202300
vn 0.7429399 0.6107247 0.2739629
v 0.0585450 -0.0513570 0.3154490
vn 0.3541760 0.1726001 0.9191130
v 0.0471490 -0.0787590 0.3250940
vn 0.8312651 -0.4983578 0.2462475
v 0.0471980 -0.0817580 0.3232100
vn 0.7464635 -0.6323776 -0.2071013
v 0.0460210 -0.0828650 0.3162260
vn -0.1552843 -0.2626109 -0.9523247
v 0.0517730 -0.0691010 0.3068320
vn 0.0018776 0.6054494 -0.7958816
v 0.0565020 -0.0528190 0.3037910
vn -0.6431893 0.7121817 -0.2812558
v 0.0549670 -0.0535000 0.3066680
vn -0.7033306 0.6971444 0.1389810
v 0.0529320 -0.0513240 0.3155460
vn -0.7992521 0.3976433 0.4506395
v 0.0507340 -0.0661510 0.3190720
vn 0.0064087 0.9164865 0.4000143
v 0.0554540 -0.0501360 0.3168270
vn -0.6983473 0.6313453 0.3372154
v 0.0444360 -0.0791720 0.3238460
vn -0.6131045 0.7865969 0.0732690
v 0.0343270 -0.0892700 0.3277660
vn 0.3383341 0.1256735 0.9325965
v 0.0379440 -0.0893900 0.3310120
vn 0.6809807 -0.6839334 0.2617258
v 0.0364720 -0.0927770 0.3284360
vn 0.6525848 -0.7475099 -0.1239439
v 0.0354650 -0.0946700 0.3211440
vn -0.3336996 -0.2366739 -0.9124857
v 0.0435390 -0.0828550 0.3119680
vn -0.9235821 0.3375989 -0.1817227
v 0.0510250 -0.0695620 0.3093240
vn -0.8256661 0.5578088 -0.0844091
v 0.0433190 -0.0830360 0.3147080
vn -0.7055137 0.6702620 -0.2302160
v 0.0331030 -0.0945600 0.3199880
vn -0.5808213 0.7316773 -0.3567843
v 0.0210270 -0.1042760 0.3242160
vn -0.4788895 0.8725792 0.0962832
v 0.0227700 -0.0969760 0.3327080
vn 0.2776578 0.0492227 0.9594182
v 0.0261510 -0.0978520 0.3350700
vn 0.5396705 -0.7203933 0.4356481
v 0.0239760 -0.1016630 0.3330340
vn 0.5615153 -0.8266671 -0.0363609
v 0.0228450 -0.1047390 0.3240650
vn -0.2789272 -0.1706506 -0.9450281
v 0.0333630 -0.0947220 0.3179720
vn -0.1954167 -0.1896854 -0.9622015
v 0.0209810 -0.1051130 0.3216180
vn -0.2043729 -0.3630524 -0.9090791
v 0.0072030 -0.1128800 0.3259320
vn -0.4176723 0.7077472 -0.5697752
v 0.0074040 -0.1120540 0.3269620
vn -0.3088177 0.9480974 -0.0757823
v 0.0098670 -0.1026060 0.3355020
vn 0.1966489 0.2222636 0.9549493
v 0.0128030 -0.1038510 0.3379050
vn 0.4431835 -0.6721507 0.5931289
v 0.0102470 -0.1088580 0.3367330
vn 0.4091347 -0.9100595 0.0663365
v 0.0093770 -0.1125630 0.3284190
vn 0.1380079 -0.9718737 0.1908280
v -0.0047570 -0.1158500 0.3352010
vn -0.1809914 -0.8825074 -0.4340770
v -0.0073920 -0.1156690 0.3321670
vn -0.3259811 0.0200766 -0.9451631
v -0.0072590 -0.1146500 0.3313410
vn -0.0828715 0.9906190 0.1086570
v -0.0034100 -0.1056420 0.3400960
vn 0.2912524 0.0674045 0.9542687
v -0.0007140 -0.1085380 0.3418180
vn 0.2560646 -0.6956788 0.6711646
v -0.0042580 -0.1126440 0.3414090
vn 0.0822876 -0.6983083 0.7110515
v -0.0187040 -0.1101990 0.3468020
vn -0.1117854 -0.9573740 0.2663440
v -0.0197840 -0.1136090 0.3400320
vn -0.2002861 -0.9704816 0.1343535
v -0.0222020 -0.1133100 0.3382810
vn -0.3150489 -0.5016614 -0.8056551
v -0.0220330 -0.1136210 0.3365420
vn 0.1277225 0.9664152 -0.2229993
v -0.0170160 -0.1049330 0.3436870
vn 0.3690471 0.2511533 0.8948331
v -0.0145070 -0.1074810 0.3469930
vn 0.4766288 0.2885344 0.8304053
v -0.0277760 -0.1031660 0.3520540
vn -0.0109808 -0.7021840 0.7119109
v -0.0328980 -0.1056720 0.3520360
vn -0.2068855 -0.9029339 0.3767079
v -0.0337860 -0.1087650 0.3463950
vn -0.4917405 -0.8697203 0.0421666
v -0.0362510 -0.1084330 0.3450840
vn -0.5260110 -0.1271541 -0.8409187
v -0.0355910 -0.1081070 0.3423620
vn 0.2541533 0.9256928 -0.2801768
v -0.0297210 -0.1014270 0.3495900
vn 0.4555148 0.8548144 -0.2485932
v -0.0407300 -0.0951790 0.3570130
vn 0.5804200 0.1345433 0.8031256
v -0.0397790 -0.0966810 0.3583440
vn -0.0980913 -0.6884274 0.7186417
v -0.0448300 -0.0976180 0.3592000
vn -0.4698816 -0.8404884 0.2697974
v -0.0463420 -0.1009310 0.3531760
vn -0.5500688 -0.8129812 0.1910128
v -0.0478370 -0.0997600 0.3533240
vn -0.6315522 -0.2838531 -0.7215049
v -0.0478130 -0.1008850 0.3497710
vn -0.6314709 -0.1120369 -0.7672628
v -0.0584600 -0.0913800 0.3573390
vn 0.6150091 0.7282323 -0.3023931
v -0.0503300 -0.0863910 0.3642680
vn 0.5237471 -0.0891099 0.8472004
v -0.0497180 -0.0882500 0.3661670
vn -0.1616327 -0.6091231 0.7764303
v -0.0548300 -0.0870360 0.3664640
vn -0.3573840 -0.7665993 0.5334813
v -0.0565480 -0.0913530 0.3618220
vn -0.7602916 -0.6438996 0.0857328
v -0.0596860 -0.0900700 0.3596210
vn 0.9268172 0.3706954 -0.0599577
v -0.0668170 -0.0796900 0.3654970
vn -0.9307523 -0.1515783 -0.3327524
v -0.0677970 -0.0769510 0.3668200
vn 0.7303611 0.4892173 -0.4766960
v -0.0579690 -0.0746100 0.3698700
vn 0.6482113 -0.0738561 0.7578704
v -0.0577910 -0.0764910 0.3723290
vn -0.2459966 -0.4497393 0.8586153
v -0.0633770 -0.0751830 0.3738290
vn -0.6495680 -0.5842077 0.4865828
v -0.0657810 -0.0795070 0.3689750
vn -0.8114666 0.2737630 -0.5163098
v -0.0703550 -0.0609480 0.3727280
vn 0.0946289 0.3235832 -0.9414560
v -0.0670320 -0.0643340 0.3715550
vn -0.8209457 -0.2630634 0.5067996
v -0.0691320 -0.0639850 0.3752750
vn 0.7801167 0.1009936 -0.6174287
v -0.0620120 -0.0602710 0.3737710
vn 0.7618595 -0.1615621 0.6272702
v -0.0617240 -0.0623940 0.3778850
vn -0.3260118 -0.2606368 0.9087270
v -0.0660440 -0.0603420 0.3798130
vn -0.7131391 -0.0049043 0.7010055
v -0.0674600 -0.0475450 0.3801760
vn -0.8312021 0.2662345 0.4880802
v -0.0680140 -0.0456270 0.3799360
vn -0.1814722 0.0714451 -0.9807974
v -0.0639710 -0.0484110 0.3734910
vn -0.4274495 0.2084038 0.8796902
v -0.0648210 -0.0458070 0.3831220
vn 0.9003736 -0.2898208 -0.3245478
v -0.0598420 -0.0453980 0.3764920
vn 0.6504534 -0.1831658 0.7371300
v -0.0606980 -0.0471500 0.3823360
vn -0.5191169 0.5132135 0.6834689
v -0.0586640 -0.0360800 0.3801130
vn -0.6359168 0.5194207 0.5707995
v -0.0607860 -0.0356880 0.3782340
vn -0.8625109 0.3531806 -0.3624067
v -0.0628330 -0.0350630 0.3732080
vn 0.1177516 -0.3349714 -0.9348416
v -0.0581770 -0.0329990 0.3709030
vn 0.3729531 0.1977580 0.9065306
v -0.0552450 -0.0329050 0.3801370
vn 0.7051406 -0.6182773 -0.3471456
v -0.0539940 -0.0314840 0.3738540
vn 0.3909206 0.6346909 0.6665948
v -0.0479630 -0.0207520 0.3745380
vn -0.3101960 0.5785365 0.7543699
v -0.0522640 -0.0221420 0.3743800
vn -0.4534279 0.7335353 0.5062895
v -0.0536100 -0.0213460 0.3728450
vn -0.6857470 0.6469765 -0.3334253
v -0.0560530 -0.0201760 0.3679380
vn 0.1414884 0.5121945 -0.8471351
v -0.0508320 -0.0195040 0.3650950
vn 0.9610915 0.0723315 -0.2665922
v -0.0437220 -0.0222700 0.3695950
vn 0.8253292 -0.4722399 0.3095500
v 0.0647780 -0.0958410 0.2701800
vn 0.7341762 -0.6356686 -0.2385599
v 0.0652820 -0.0972190 0.2621530
vn 0.9249164 0.1255409 -0.3588440
v 0.0754660 -0.0830800 0.2563030
vn 0.4238503 0.0477208 0.9044743
v 0.0640170 -0.0939760 0.2729710
vn 0.9678573 0.1113420 0.2255110
v 0.0750630 -0.0818160 0.2648900
vn 0.4156138 0.0516326 0.9080745
v 0.0543970 -0.1076840 0.2785860
vn 0.7375017 -0.6196589 0.2685408
v 0.0546320 -0.1099390 0.2757040
vn 0.5859481 -0.7510698 -0.3042354
v 0.0544930 -0.1109400 0.2678120
vn -0.3451190 -0.2006192 -0.9168668
v 0.0631190 -0.0961000 0.2589410
vn 0.1854972 0.4786494 -0.8581874
v 0.0727220 -0.0815470 0.2527850
vn -0.4621587 0.8368452 -0.2934274
v 0.0704620 -0.0814020 0.2563860
vn -0.3359307 0.8999987 0.2777641
v 0.0702900 -0.0793560 0.2662110
vn 0.5468748 0.6122558 0.5710262
v 0.0735670 -0.0802270 0.2670190
vn -0.6194962 0.6252869 0.4745954
v 0.0616250 -0.0929370 0.2720920
vn -0.5721487 0.7462171 0.3403027
v 0.0516160 -0.1061080 0.2762410
vn -0.3760609 0.8461928 0.3775395
v 0.0396390 -0.1160180 0.2824840
vn 0.3885006 -0.0653065 0.9191313
v 0.0416090 -0.1176850 0.2844040
vn 0.5583304 -0.8040490 0.2043834
v 0.0411250 -0.1203310 0.2803650
vn 0.3949668 -0.8499925 -0.3485885
v 0.0403860 -0.1206130 0.2730290
vn -0.2927100 -0.1747859 -0.9400908
v 0.0525110 -0.1095330 0.2653020
vn -0.8399215 0.4963786 -0.2194091
v 0.0624420 -0.0955150 0.2626940
vn -0.7337583 0.5973101 -0.3237582
v 0.0518070 -0.1077810 0.2684570
vn -0.5909362 0.7059548 -0.3904129
v 0.0389800 -0.1174140 0.2736000
vn -0.4212077 0.8480453 -0.3215640
v 0.0248260 -0.1241640 0.2793010
vn -0.1996072 0.9171745 0.3448884
v 0.0256450 -0.1228960 0.2874370
vn 0.3559641 -0.0674516 0.9320622
v 0.0269230 -0.1247660 0.2892830
vn 0.3928165 -0.8848710 0.2503966
v 0.0262040 -0.1282850 0.2850630
vn 0.1952139 -0.9050304 -0.3779041
v 0.0251010 -0.1284220 0.2776950
vn -0.2271184 -0.1793415 -0.9572115
v 0.0391440 -0.1196860 0.2715600
vn -0.2923573 -0.0815022 -0.9528298
v 0.0237460 -0.1270850 0.2761810
vn -0.2646749 -0.1090955 -0.9581469
v 0.0072790 -0.1300840 0.2813020
vn -0.2111982 0.9339191 -0.2884275
v 0.0096170 -0.1277680 0.2845890
vn 0.0548318 0.8174570 0.5733739
v 0.0107170 -0.1263150 0.2928110
vn 0.2728847 -0.4703050 0.8392539
v 0.0115380 -0.1294550 0.2933370
vn 0.1188160 -0.9801019 0.1590068
v 0.0097510 -0.1316490 0.2892040
vn 0.0089136 -0.9635846 -0.2672552
v 0.0087970 -0.1311400 0.2833410
vn -0.2860422 -0.7887033 -0.5441755
v -0.0082600 -0.1306590 0.2867660
vn -0.2965573 0.3060465 -0.9046487
v -0.0093310 -0.1289520 0.2864920
vn 0.0057302 0.9682021 -0.2501036
v -0.0062660 -0.1279730 0.2888160
vn 0.2397418 0.8021478 0.5468847
v -0.0048140 -0.1268430 0.2971890
vn 0.2543229 -0.3620241 0.8968046
v -0.0045820 -0.1292340 0.2977330
vn -0.0103610 -0.9621312 0.2723900
v -0.0063880 -0.1315190 0.2950780
vn -0.2499136 -0.9539265 0.1660345
v -0.0223880 -0.1279530 0.3004850
vn -0.3620137 -0.9042900 -0.2262868
v -0.0238010 -0.1267920 0.2941510
vn -0.2882811 -0.0281427 -0.9571322
v -0.0256310 -0.1248400 0.2912980
vn 0.1996343 0.9401613 -0.2761212
v -0.0216160 -0.1244030 0.2935550
vn 0.4011014 0.6946843 0.5971024
v -0.0200350 -0.1238850 0.3017710
vn 0.1088680 -0.5433425 0.8324223
v -0.0206150 -0.1274180 0.3022900
vn 0.0915958 -0.4982684 0.8621711
v -0.0355680 -0.1215960 0.3076240
vn -0.4207397 -0.8950745 0.1477151
v -0.0379210 -0.1218370 0.3053290
vn -0.5320786 -0.7309200 -0.4273737
v -0.0390970 -0.1200620 0.2974170
vn -0.2775701 0.1548334 -0.9481463
v -0.0407310 -0.1178460 0.2970530
vn 0.3523817 0.8903256 -0.2883530
v -0.0353090 -0.1176990 0.2994160
vn 0.5551375 0.6362867 0.5356880
v -0.0346010 -0.1181840 0.3063020
vn 0.5565507 0.4070515 0.7242654
v -0.0477000 -0.1102850 0.3124460
vn -0.1150821 -0.5937205 0.7963995
v -0.0496460 -0.1131450 0.3124050
vn -0.5144148 -0.8296450 0.2169483
v -0.0520260 -0.1128170 0.3106530
vn -0.6016049 -0.7711369 -0.2083733
v -0.0533190 -0.1120870 0.3043110
vn -0.3194776 -0.0254458 -0.9472522
v -0.0552280 -0.1087250 0.3018870
vn 0.4860134 0.8313837 -0.2694293
v -0.0483810 -0.1088070 0.3050420
vn 0.6322193 0.7311413 -0.2563811
v -0.0610840 -0.0989070 0.3096720
vn 0.6439193 0.3196700 0.6951109
v -0.0598560 -0.1000350 0.3171950
vn -0.2545086 -0.5710461 0.7804689
v -0.0627220 -0.1030560 0.3172190
vn -0.6896056 -0.6695911 0.2758477
v -0.0650540 -0.1019760 0.3157470
vn -0.7515391 -0.6075111 -0.2571367
v -0.0664720 -0.1006050 0.3083100
vn -0.2749724 0.0859016 -0.9576070
v -0.0677140 -0.0966380 0.3064340
vn -0.3703350 0.1331897 -0.9193000
v -0.0773390 -0.0817090 0.3107770
vn 0.8097703 0.5124124 -0.2858422
v -0.0702550 -0.0854980 0.3146870
vn 0.5472403 0.0665720 0.8343238
v -0.0700220 -0.0874110 0.3216870
vn -0.2742377 -0.3910735 0.8785530
v -0.0718740 -0.0886430 0.3210730
vn -0.7059344 -0.4585168 0.5398325
v -0.0751350 -0.0875770 0.3200780
vn -0.8975876 -0.4222159 -0.1267690
v -0.0770360 -0.0869360 0.3135260
vn -0.9663944 0.0337548 -0.2548383
v -0.0816250 -0.0695790 0.3176020
vn -0.1009898 0.3623316 -0.9265619
v -0.0784900 -0.0645940 0.3170040
vn 0.8500771 0.2182513 -0.4793071
v -0.0748220 -0.0689790 0.3180250
vn 0.5405031 -0.1233912 0.8322446
v -0.0745160 -0.0712300 0.3258680
vn -0.9932417 0.0254464 -0.1132404
v -0.0787570 -0.0724960 0.3242900
vn -0.7838233 -0.1927286 0.5903193
v -0.0787140 -0.0704070 0.3248670
vn -0.7704489 0.1060206 0.6286240
v -0.0776260 -0.0522220 0.3294080
vn -0.9746215 0.2189126 -0.0468008
v -0.0794600 -0.0520230 0.3244840
vn -0.5129259 0.4957419 -0.7008188
v -0.0770230 -0.0468700 0.3232120
vn 0.6319835 0.0223814 -0.7746587
v -0.0729660 -0.0517620 0.3219570
vn 0.7515016 -0.2953911 0.5899063
v -0.0733720 -0.0541800 0.3292890
vn -0.2244517 -0.2324154 0.9463639
v -0.0765240 -0.0556330 0.3301110
vn 0.3756163 -0.3400640 0.8621304
v -0.0693470 -0.0396830 0.3329480
vn -0.4659844 0.1822853 0.8658122
v -0.0709180 -0.0383430 0.3330880
vn -0.7534017 0.1660402 0.6362520
v -0.0732660 -0.0378350 0.3291620
vn -0.7914677 0.3934975 0.4676951
v -0.0734120 -0.0347440 0.3293860
vn 0.3718230 -0.3826316 -0.8457782
v -0.0653800 -0.0360460 0.3234230
vn 0.8130186 -0.5505193 0.1895506
v -0.0672780 -0.0381080 0.3310210
vn 0.8692194 0.0818985 0.4875965
v -0.0558690 -0.0256580 0.3321970
vn 0.0735612 0.3303884 0.9409741
v -0.0587220 -0.0255340 0.3331090
vn -0.2475855 0.8215662 0.5135470
v -0.0604940 -0.0234150 0.3311600
vn -0.7316851 0.6231992 0.2761514
v -0.0616350 -0.0236270 0.3272990
vn -0.2435361 0.8331661 -0.4965123
v -0.0608510 -0.0197810 0.3208790
vn 0.7432494 0.2919846 -0.6019347
v -0.0558560 -0.0220010 0.3202870
vn 0.6778306 -0.7111210 0.1866888
v 0.0719180 -0.1099230 0.2394620
vn 0.5459244 -0.6894518 -0.4760492
v 0.0715960 -0.1085130 0.2278480
vn 0.9120447 0.0475051 -0.4073301
v 0.0836040 -0.0932480 0.2255380
vn 0.6749145 -0.5330687 0.5102238
v 0.0714060 -0.1082190 0.2421210
vn 0.9684716 -0.0750945 0.2375367
v 0.0825420 -0.0947830 0.2359210
vn 0.2444800 0.0449212 0.9686133
v 0.0573510 -0.1170890 0.2462220
vn 0.5530154 -0.7518470 0.3590268
v 0.0570480 -0.1186660 0.2447150
vn 0.5240127 -0.8290011 -0.1953660
v 0.0577850 -0.1200890 0.2340080
vn -0.3418153 0.0397632 -0.9389256
v 0.0690750 -0.1047440 0.2240120
vn -0.1053377 0.7420989 -0.6619617
v 0.0782690 -0.0880420 0.2217590
vn -0.1070580 0.9647145 0.2405506
v 0.0788830 -0.0892720 0.2265160
vn -0.1646543 0.8464885 0.5063065
v 0.0795670 -0.0925200 0.2384110
vn 0.6086425 0.3842185 0.6942121
v 0.0811060 -0.0934360 0.2389410
vn 0.0547024 0.0355544 0.9978695
v 0.0704900 -0.1078020 0.2437920
vn -0.3334258 0.8303636 0.4464568
v 0.0557630 -0.1163680 0.2448550
vn -0.1610274 0.8024086 0.5746397
v 0.0405450 -0.1238840 0.2486190
vn 0.3105972 -0.0981826 0.9454574
v 0.0426540 -0.1251240 0.2493370
vn 0.4720909 -0.8008219 0.3685302
v 0.0417490 -0.1275840 0.2476870
vn 0.3303024 -0.9193490 -0.2137706
v 0.0417240 -0.1286620 0.2376470
vn -0.2206859 -0.1046806 -0.9697111
v 0.0571580 -0.1179400 0.2303100
vn -0.7672384 0.6407945 0.0269783
v 0.0682770 -0.1044000 0.2298700
vn -0.5673332 0.8234853 -0.0022574
v 0.0576940 -0.1141800 0.2395160
vn -0.4536929 0.8892998 -0.0575221
v 0.0427280 -0.1221280 0.2449020
vn -0.3590319 0.9291980 -0.0876770
v 0.0275560 -0.1287290 0.2510990
vn 0.0452810 0.8311929 0.5541373
v 0.0254780 -0.1298390 0.2545270
vn 0.3893426 -0.1001025 0.9156374
v 0.0277490 -0.1310240 0.2548970
vn 0.3750010 -0.8434082 0.3847557
v 0.0260130 -0.1332340 0.2538630
vn 0.1178143 -0.9441450 -0.3077500
v 0.0253470 -0.1344560 0.2441760
vn -0.2544288 -0.0828034 -0.9635401
v 0.0417050 -0.1268980 0.2344590
vn -0.4488719 0.0713253 -0.8907450
v 0.0260330 -0.1325380 0.2419030
vn -0.4291536 0.2547661 -0.8665572
v 0.0101910 -0.1363810 0.2500910
vn -0.1626494 0.9762924 -0.1428227
v 0.0118530 -0.1316360 0.2583250
vn 0.2060213 0.8899443 0.4068838
v 0.0098360 -0.1322020 0.2609670
vn 0.4259830 0.1464197 0.8928045
v 0.0126010 -0.1335470 0.2617880
vn 0.2897735 -0.8213911 0.4912719
v 0.0101970 -0.1361840 0.2614430
vn -0.1413649 -0.8889373 -0.4356679
v 0.0087070 -0.1378910 0.2514580
vn -0.3277085 -0.8609789 -0.3890019
v -0.0079750 -0.1365950 0.2590370
vn -0.3636148 0.1182103 -0.9240187
v -0.0061610 -0.1360470 0.2576230
vn 0.0489334 0.9825392 -0.1795054
v -0.0039750 -0.1309590 0.2656640
vn 0.3780162 0.7975028 0.4702055
v -0.0053620 -0.1312990 0.2692080
vn 0.4274941 -0.1138777 0.8968170
v -0.0025260 -0.1338930 0.2693840
vn 0.0963485 -0.8633711 0.4952851
v -0.0057700 -0.1354730 0.2693680
vn -0.0652069 -0.8361758 0.5445715
v -0.0218230 -0.1319930 0.2762840
vn -0.3612861 -0.9112434 -0.1977572
v -0.0242410 -0.1333120 0.2674650
vn -0.3277470 0.1279834 -0.9360567
v -0.0225110 -0.1318670 0.2645720
vn 0.1945414 0.9509728 -0.2404256
v -0.0198410 -0.1275560 0.2722880
vn 0.4569164 0.7230313 0.5181247
v -0.0205060 -0.1274470 0.2767980
vn 0.3375950 -0.2336094 0.9118422
v -0.0176590 -0.1308870 0.2764290
vn 0.1112548 -0.4689825 0.8761722
v -0.0331000 -0.1261800 0.2815220
vn -0.2142924 -0.8068317 0.5505466
v -0.0372710 -0.1251680 0.2822460
vn -0.5117651 -0.8420979 -0.1701987
v -0.0406490 -0.1261670 0.2724670
vn -0.2879291 0.0084574 -0.9576144
v -0.0388200 -0.1256350 0.2698460
vn 0.3036206 0.8765144 -0.3735466
v -0.0360060 -0.1218980 0.2753870
vn 0.4911435 0.5218967 0.6974252
v -0.0356320 -0.1214750 0.2829750
vn 0.6331715 0.6465712 0.4254875
v -0.0500600 -0.1126290 0.2877630
vn 0.1854476 -0.3039865 0.9344525
v -0.0470180 -0.1178070 0.2874830
vn -0.3550461 -0.7908496 0.4984969
v -0.0522170 -0.1164600 0.2873500
vn -0.6094199 -0.7858115 -0.1053929
v -0.0558590 -0.1169260 0.2787670
vn -0.3370800 -0.0171048 -0.9413206
v -0.0539520 -0.1167030 0.2757280
vn 0.4045009 0.8122329 -0.4203056
v -0.0507290 -0.1131100 0.2803660
vn 0.5777832 0.7333790 -0.3582205
v -0.0643030 -0.1027750 0.2863940
vn 0.5304882 0.4530133 0.7164924
v -0.0634540 -0.1022390 0.2931750
vn 0.0433702 -0.3752255 0.9259184
v -0.0606830 -0.1083320 0.2924410
vn -0.4555815 -0.6501929 0.6080253
v -0.0659330 -0.1058140 0.2928310
vn -0.7525231 -0.5932322 -0.2859800
v -0.0698940 -0.1045410 0.2832020
vn -0.1822108 0.1635610 -0.9695603
v -0.0675710 -0.1050290 0.2813000
vn -0.2068406 0.0912050 -0.9741143
v -0.0791680 -0.0898540 0.2840030
vn 0.7463605 0.4728966 -0.4683105
v -0.0760480 -0.0894220 0.2890460
vn 0.9018472 0.3574709 -0.2426650
v -0.0735540 -0.0873100 0.2949060
vn 0.1469613 -0.1212849 0.9816784
v -0.0712660 -0.0950860 0.2967130
vn -0.7337182 -0.4897165 0.4709941
v -0.0783820 -0.0923320 0.2938290
vn -0.9397156 -0.2680849 -0.2122855
v -0.0812740 -0.0892170 0.2871250
vn -0.9588941 0.1237212 -0.2553727
v -0.0831530 -0.0703550 0.2929600
vn -0.0809682 0.3245219 -0.9424064
v -0.0817700 -0.0721150 0.2903780
vn 0.8572450 0.2222495 -0.4644742
v -0.0794000 -0.0719930 0.2940600
vn 0.9669581 0.0520593 -0.2495633
v -0.0780620 -0.0697200 0.2991230
vn 0.4359401 -0.1723645 0.8833157
v -0.0769590 -0.0782700 0.3006360
vn -0.7365440 -0.2639748 0.6227522
v -0.0818110 -0.0752610 0.3008200
vn -0.8538144 -0.0026380 0.5205709
v -0.0808040 -0.0560910 0.3054580
vn -0.7586740 0.3799222 -0.5292191
v -0.0810680 -0.0513580 0.3006490
vn 0.1590906 0.3197697 -0.9340436
v -0.0790130 -0.0551450 0.2998920
vn 0.7010149 -0.0436960 -0.7118067
v -0.0763080 -0.0539070 0.3000740
vn 0.8480816 -0.1503348 -0.5080916
v -0.0760850 -0.0528980 0.3075260
vn 0.5090115 -0.2538816 0.8224667
v -0.0761520 -0.0609400 0.3075610
vn 0.0671862 -0.1762787 0.9820448
v -0.0731930 -0.0437540 0.3131820
vn -0.8829606 0.3677659 0.2917686
v -0.0747550 -0.0400930 0.3101650
vn -0.8083981 0.4471101 -0.3828643
v -0.0729050 -0.0394480 0.3031020
vn -0.4037277 0.2222638 -0.8874699
v -0.0711640 -0.0385610 0.3013280
vn 0.8722864 -0.4841628 -0.0685771
v -0.0697430 -0.0361800 0.3015330
vn 0.6366244 -0.5211111 -0.5684653
v -0.0695480 -0.0354720 0.3103760
vn 0.9660037 0.2414861 0.0923116
v -0.0582660 -0.0231500 0.3065130
vn 0.0591585 0.2684969 0.9614623
v -0.0657190 -0.0272910 0.3157270
vn -0.3212269 0.8633322 0.3891927
v -0.0659760 -0.0228270 0.3085580
vn -0.3902190 0.9051461 -0.1686407
v -0.0649870 -0.0202170 0.3030060
vn 0.3559913 0.3572952 -0.8634874
v -0.0616410 -0.0221210 0.2991760
vn -0.1866439 -0.6615440 0.7263082
v -0.0591300 -0.0215230 0.3028120
vn 0.1446102 0.7410826 -0.6556558
v -0.0529220 -0.1078810 0.3258360
vn -0.0729788 0.6658436 -0.7425136
v -0.0398280 -0.1159460 0.3181210
vn -0.5971429 -0.4573410 -0.6589838
v -0.0426440 -0.1169090 0.3185380
vn 0.1180365 0.6507401 -0.7500698
v -0.0646200 -0.0977820 0.3334200
vn 0.8194333 0.4602607 0.3415982
v -0.0611450 -0.0942580 0.3410160
vn -0.6184365 -0.1876212 -0.7631085
v -0.0568480 -0.1078240 0.3256150
vn 0.5871444 0.8040369 0.0937348
v -0.0502810 -0.1043330 0.3326550
vn 0.4881459 0.8271944 0.2783219
v -0.0365900 -0.1120000 0.3267020
vn 0.0270784 0.8732091 -0.4865929
v -0.0237560 -0.1193680 0.3144150
vn -0.3706415 -0.1497900 -0.9166177
v -0.0266960 -0.1215330 0.3117230
vn -0.3755762 -0.9151808 0.1462422
v -0.0403960 -0.1177730 0.3205280
vn -0.2762822 -0.9444569 -0.1779590
v -0.0243480 -0.1233320 0.3148940
vn -0.7895776 -0.3134238 -0.5275725
v -0.0679830 -0.0973840 0.3342750
vn 0.3373238 0.5497770 -0.7641715
v -0.0731340 -0.0850170 0.3415590
vn 0.9009977 0.4265997 -0.0788413
v -0.0698420 -0.0804690 0.3462420
vn -0.0340734 -0.3948449 0.9181158
v -0.0735950 -0.0797660 0.3502000
vn -0.0266985 -0.4847333 0.8742544
v -0.0652400 -0.0941460 0.3430110
vn 0.1897976 -0.3937932 0.8993908
v -0.0534940 -0.1056690 0.3361580
vn -0.5132174 -0.8439401 0.1561185
v -0.0548540 -0.1092490 0.3271620
vn 0.3122393 0.9000723 0.3039349
v -0.0219660 -0.1173050 0.3208340
vn 0.1566814 -0.4572175 0.8754445
v -0.0397760 -0.1145420 0.3293380
vn -0.0919337 0.8630899 -0.4966126
v -0.0081190 -0.1215400 0.3087550
vn -0.3204315 -0.1762530 -0.9307301
v -0.0100600 -0.1247320 0.3059180
vn -0.1014467 -0.9821281 -0.1585342
v -0.0078810 -0.1266910 0.3088390
vn -0.1248068 -0.9298587 0.3461012
v -0.0246650 -0.1238690 0.3198880
vn -0.2337437 -0.8679483 0.4382119
v -0.0381050 -0.1166390 0.3263930
vn 0.1011303 -0.8837673 0.4568677
v -0.0064280 -0.1259480 0.3147700
vn -0.9247692 -0.3631899 -0.1135565
v -0.0766240 -0.0844640 0.3421370
vn -0.4514496 -0.7213698 0.5251846
v -0.0644810 -0.0974410 0.3401830
vn -0.3902293 0.1911963 -0.9006470
v -0.0765750 -0.0820330 0.3419660
vn -0.3060899 -0.7985271 0.5183275
v -0.0516540 -0.1082210 0.3338650
vn 0.6886450 0.2023004 -0.6963064
v -0.0741940 -0.0681940 0.3473790
vn 0.9821694 -0.0704658 0.1742927
v -0.0733380 -0.0647870 0.3521190
vn 0.0581416 -0.2347198 0.9703227
v -0.0755630 -0.0645560 0.3571190
vn -0.6206906 -0.5177939 0.5887553
v -0.0742250 -0.0838680 0.3468550
vn -0.9117920 -0.2154763 0.3495788
v -0.0798040 -0.0674140 0.3510330
vn 0.2785245 -0.1750966 0.9443333
v -0.0241310 -0.1199080 0.3233850
vn 0.1807002 0.8415658 0.5090329
v -0.0062520 -0.1198390 0.3159860
vn -0.3079944 0.6825960 -0.6627233
v 0.0076070 -0.1217480 0.3026150
vn -0.2221536 -0.5055451 -0.8337098
v 0.0073070 -0.1253730 0.3014340
vn 0.1526473 -0.9856522 -0.0720321
v 0.0091440 -0.1259470 0.3035380
vn 0.2931109 -0.7892022 0.5396721
v 0.0106390 -0.1240860 0.3116240
vn 0.2560129 -0.3063638 0.9168417
v -0.0081890 -0.1234580 0.3172520
vn 0.1878393 0.0185578 0.9820244
v 0.0087850 -0.1208530 0.3140830
vn -0.7109327 0.0910022 -0.6973473
v -0.0802610 -0.0659640 0.3464610
vn 0.5816606 -0.0509332 -0.8118354
v -0.0728540 -0.0507030 0.3507810
vn 0.9037033 -0.3607383 0.2306260
v -0.0700140 -0.0480970 0.3551390
vn -0.0325840 0.0049272 0.9994569
v -0.0736160 -0.0478640 0.3592370
vn -0.8329756 0.2047914 0.5140157
v -0.0773300 -0.0497840 0.3562850
vn -0.8879172 0.3466854 -0.3023449
v -0.0784400 -0.0498010 0.3522120
vn -0.1471212 0.9231136 0.3552700
v 0.0099680 -0.1187530 0.3125430
vn -0.4037994 0.6418118 -0.6519384
v 0.0233720 -0.1172010 0.2986080
vn 0.0479632 -0.7379541 -0.6731443
v 0.0243500 -0.1219230 0.2969230
vn 0.4134306 -0.8896232 0.1940252
v 0.0254690 -0.1211210 0.2980160
vn 0.4556231 -0.7538707 0.4733779
v 0.0268180 -0.1185830 0.3069320
vn 0.3807361 -0.3628130 0.8505332
v 0.0250750 -0.1160820 0.3098050
vn -0.0592705 0.6681501 0.7416620
v 0.0255440 -0.1139010 0.3100270
vn -0.1686713 0.1294488 -0.9771351
v -0.0743410 -0.0491260 0.3504210
vn 0.8258898 -0.5608312 -0.0580904
v -0.0626810 -0.0335240 0.3517380
vn 0.6253058 -0.4740705 -0.6198789
v -0.0656550 -0.0347970 0.3487830
vn 0.1126731 0.1152008 0.9869314
v -0.0685240 -0.0377990 0.3587600
vn -0.7581708 0.4689803 0.4530281
v -0.0702620 -0.0379390 0.3571170
vn -0.8787731 0.4126534 -0.2397397
v -0.0703780 -0.0361770 0.3519860
vn -0.5719010 0.5437660 -0.6142051
v 0.0381570 -0.1092310 0.2954860
vn 0.1915204 -0.6344060 -0.7488985
v 0.0401510 -0.1135110 0.2941440
vn 0.6025350 -0.7963274 0.0530491
v 0.0413360 -0.1128280 0.2959730
vn 0.5988809 -0.6358644 0.4868451
v 0.0421530 -0.1105870 0.3029120
vn 0.4556220 -0.3185366 0.8312298
v 0.0402830 -0.1082930 0.3053270
vn -0.1349522 0.5860298 0.7989724
v 0.0399370 -0.1063940 0.3059140
vn -0.1417962 -0.1589525 -0.9770507
v -0.0670630 -0.0358550 0.3484020
vn 0.4114076 0.3196819 0.8535498
v -0.0577880 -0.0236100 0.3564140
vn 0.8989991 0.4341829 -0.0573229
v -0.0532390 -0.0207280 0.3489010
vn 0.6639263 0.5342583 -0.5232304
v -0.0570350 -0.0200410 0.3448210
vn -0.5255936 0.7510741 0.3995487
v -0.0629980 -0.0221450 0.3508240
vn -0.5530180 0.8296728 -0.0762503
v -0.0626110 -0.0199640 0.3468290
vn 0.0621054 0.5577327 -0.8276939
v -0.0592940 -0.0195650 0.3432500
vn -0.8071785 0.4614013 -0.3682007
v 0.0508520 -0.0985260 0.2906020
vn 0.0102775 -0.3420574 -0.9396229
v 0.0520250 -0.1006210 0.2885710
vn 0.7675525 -0.6051571 -0.2113008
v 0.0538020 -0.1006600 0.2908370
vn 0.8144953 -0.4326495 0.3865384
v 0.0547290 -0.0983530 0.2988720
vn -0.0084775 0.3992005 0.9168245
v 0.0529050 -0.0962180 0.3015650
vn -0.0147144 -0.3551150 -0.9347068
v 0.0593060 -0.0849220 0.2824910
vn -0.7869734 0.1305938 -0.6030076
v 0.0587200 -0.0838750 0.2835070
vn -0.9066359 0.3068785 -0.2895460
v 0.0578840 -0.0833280 0.2846930
vn -0.9038498 0.4251814 0.0477113
v 0.0589100 -0.0821730 0.2901750
vn 0.8307195 -0.4770186 -0.2869818
v 0.0607110 -0.0848740 0.2845940
vn 0.7279770 -0.5089033 -0.4594203
v 0.0598220 -0.0848540 0.2834610
vn 0.9149291 -0.4036143 -0.0005395
v 0.0611880 -0.0839160 0.2889610
vn 0.8042840 -0.1469591 0.5757868
v 0.0607450 -0.0821440 0.2946050
vn 0.9120660 -0.2987899 0.2808205
v 0.0616510 -0.0827630 0.2929780
vn 0.3668599 0.1711795 0.9143913
v 0.0598340 -0.0810770 0.2959510
vn -0.6590070 0.4991379 0.5626466
v 0.0595500 -0.0810370 0.2958810
vn 0.2259765 0.2456944 -0.9426394
v 0.0665880 -0.0692240 0.2764120
vn -0.5026780 0.7705901 -0.3917983
v 0.0649150 -0.0681290 0.2787840
vn -0.3865472 0.8672829 0.3136906
v 0.0661950 -0.0658570 0.2901970
vn 0.9002645 0.2793409 -0.3339050
v 0.0676190 -0.0690880 0.2783520
vn 0.9108939 0.4101332 0.0454221
v 0.0685730 -0.0671720 0.2870840
vn 0.5112491 0.6601017 0.5503545
v 0.0667620 -0.0659350 0.2903370
vn 0.4901620 -0.0380506 0.8708004
v 0.0822430 -0.0259190 0.2429380
vn 0.5685004 -0.7310406 0.3773419
v 0.0779940 -0.0144240 0.2453540
vn -0.8424113 -0.3273289 0.4280176
v 0.0769230 -0.0278680 0.2417180
vn -0.7929780 -0.2918606 0.5347927
v 0.0798060 -0.0394450 0.2394340
vn 0.6208165 -0.1154395 0.7754100
v 0.0857170 -0.0375960 0.2398670
vn 0.8163590 0.4223389 -0.3939389
v 0.0858780 -0.0243410 0.2344000
vn 0.8967187 -0.4314433 -0.0987529
v 0.0826340 -0.0139460 0.2369540
vn 0.8973041 -0.2909576 -0.3319476
v 0.0751570 -0.0194170 0.2543830
vn -0.7918513 -0.1060223 -0.6014407
v 0.0713980 -0.0173000 0.2521250
vn -0.9756475 -0.2189923 -0.0124214
v 0.0732560 -0.0165160 0.2432950
vn 0.9194278 -0.3542841 0.1706912
v 0.0797830 -0.0124600 0.2518860
vn 0.8705987 -0.4210864 0.2544488
v 0.0830450 -0.0117480 0.2428770
vn -0.4931805 0.1799314 -0.8511156
v 0.0815110 -0.0266290 0.2330570
vn -0.6259795 0.2854722 -0.7257102
v 0.0842930 -0.0361850 0.2289310
vn -0.6605514 0.4685850 -0.5866004
v 0.0865770 -0.0435490 0.2215980
vn -0.8588085 -0.1738930 0.4818809
v 0.0812740 -0.0510750 0.2360320
vn 0.7534590 0.4514536 -0.4780056
v 0.0885710 -0.0340760 0.2293840
vn 0.5661339 -0.0963982 0.8186574
v 0.0865140 -0.0497200 0.2366740
vn -0.6102950 -0.0452228 -0.7908824
v 0.0775790 -0.0170660 0.2361130
vn 0.9727778 -0.1999384 0.1171661
v 0.0845720 -0.0103940 0.2358510
vn 0.5144222 -0.8512732 -0.1034596
v 0.0823060 -0.0135120 0.2348530
vn 0.9148344 -0.3961678 -0.0782891
v 0.0850900 -0.0098360 0.2309790
vn 0.5192413 -0.5060503 0.6886955
v 0.0738030 -0.0176970 0.2674190
vn 0.6622545 -0.0848279 0.7444617
v 0.0761960 -0.0275650 0.2638270
vn 0.9352128 -0.1534965 0.3190861
v 0.0778040 -0.0110100 0.2638040
vn 0.7967606 0.1608603 -0.5824916
v 0.0757120 -0.0299390 0.2521830
vn -0.8759661 -0.3150172 0.3653047
v 0.0678920 -0.0175820 0.2661330
vn -0.9471060 0.0818475 -0.3103082
v 0.0712700 -0.0099460 0.2606790
vn -0.9450964 0.1853808 -0.2691222
v 0.0737800 -0.0114820 0.2490150
vn -0.5636301 0.0618136 -0.8237113
v 0.0702660 -0.0274800 0.2505080
vn -0.9516580 0.1207413 -0.2824334
v 0.0772190 -0.0107990 0.2400900
vn 0.9563471 0.0120030 0.2919867
v 0.0796740 0.0000410 0.2530440
vn 0.9573069 -0.0075324 0.2889754
v 0.0818690 0.0000420 0.2473710
vn 0.9853082 -0.0107448 0.1704474
v 0.0827540 0.0000420 0.2421270
vn 0.8002596 0.5717077 -0.1809279
v 0.0912460 -0.0425170 0.2231010
vn 0.7464323 0.6654416 -0.0051361
v 0.0940940 -0.0473530 0.2134030
vn -0.5546876 0.6958550 -0.4561880
v 0.0900780 -0.0469440 0.2120850
vn -0.7082994 -0.4755138 -0.5217266
v 0.0871890 -0.0539940 0.2229790
vn -0.7485873 -0.6628387 -0.0161888
v 0.0904580 -0.0552010 0.2115330
vn -0.6935498 -0.0776729 0.7162092
v 0.0829580 -0.0608750 0.2353930
vn -0.7216665 -0.0970408 -0.6854054
v 0.0849540 -0.0569130 0.2258500
vn 0.8712015 -0.4868636 0.0630229
v 0.0919010 -0.0544570 0.2236740
vn 0.7148136 -0.1323795 0.6866711
v 0.0878420 -0.0600870 0.2345870
vn -0.9758220 -0.1206278 -0.1822643
v 0.0782010 -0.0106940 0.2332130
vn 0.9816680 0.0181699 0.1897310
v 0.0835000 0.0000420 0.2378200
vn 0.9742115 0.1386969 0.1779751
v 0.0847570 -0.0064210 0.2173270
vn 0.6673583 -0.3032772 0.6801882
v 0.0868630 -0.0224920 0.2266510
vn -0.7270170 -0.5596551 0.3977845
v 0.0804890 -0.0222500 0.2264360
vn 0.9462321 -0.3079917 -0.0989240
v 0.0851160 -0.0081200 0.2261500
vn 0.9824862 0.0684286 0.1733160
v 0.0849290 0.0000430 0.2330700
vn 0.7188043 -0.6204671 0.3135936
v 0.0724120 -0.0129530 0.2735000
vn -0.8732225 -0.3730121 -0.3135991
v 0.0659450 -0.0118990 0.2704070
vn -0.8126645 -0.2792693 0.5114539
v 0.0693180 -0.0270070 0.2622010
vn -0.7477566 -0.1768337 0.6399922
v 0.0717970 -0.0369470 0.2609530
vn 0.7280502 0.0288596 0.6849162
v 0.0779750 -0.0377900 0.2619380
vn 0.9518463 -0.0042433 0.3065464
v 0.0770270 0.0000400 0.2629510
vn 0.6935321 0.1186472 -0.7105885
v 0.0761420 -0.0405340 0.2500240
vn -0.9405445 -0.0263173 -0.3386493
v 0.0670970 0.0000370 0.2698190
vn -0.9438016 -0.0031349 -0.3304976
v 0.0709190 0.0000380 0.2600300
vn -0.9483233 0.0103077 -0.3171382
v 0.0738870 0.0000390 0.2502760
vn -0.9509831 -0.0006557 -0.3092424
v 0.0761590 0.0000400 0.2446400
vn -0.6345478 -0.0212413 -0.7725917
v 0.0717230 -0.0379300 0.2495850
vn 0.9196526 0.3481535 0.1817369
v 0.0797830 0.0124600 0.2518860
vn 0.8673459 0.4276700 0.2545770
v 0.0830450 0.0117480 0.2428770
vn 0.9687427 0.2337917 0.0829396
v 0.0845720 0.0103940 0.2358510
vn 0.9279673 0.3646946 -0.0766461
v 0.0850900 0.0098360 0.2309790
vn 0.7559597 -0.5401279 0.3698470
v 0.0954330 -0.0553050 0.2116010
vn -0.9912413 0.1288798 0.0288234
v 0.0917980 -0.0491850 0.2064950
vn 0.8860057 0.2859980 0.3649644
v 0.0953180 -0.0480060 0.2065290
vn 0.8135869 -0.3192267 -0.4859740
v 0.0889240 -0.0600340 0.2270720
vn -0.8889724 -0.3612898 0.2814211
v 0.0918290 -0.0605710 0.2014700
vn -0.6981219 0.0304932 0.7153293
v 0.0822930 -0.0661830 0.2351780
vn -0.5361536 0.1327554 -0.8336159
v 0.0843580 -0.0628800 0.2254520
vn 0.8630272 -0.0055053 -0.5051276
v 0.0883140 -0.0662820 0.2263240
vn 0.7430503 -0.1319886 0.6560910
v 0.0871810 -0.0663470 0.2340520
vn -0.9764974 0.0129513 -0.2151400
v 0.0772940 0.0000410 0.2395160
vn -0.8343074 0.5507803 0.0239234
v 0.0798670 -0.0089850 0.2284810
vn -0.9987659 -0.0385883 -0.0312676
v 0.0776520 -0.0075860 0.2201670
vn -0.7935380 -0.0798517 -0.6032588
v 0.0813280 -0.0137700 0.2094940
vn 0.9975513 -0.0496228 0.0492847
v 0.0851160 0.0081200 0.2261500
vn 0.7723317 0.5090971 -0.3798999
v 0.0891630 -0.0147610 0.2085100
vn 0.9879312 -0.0010244 -0.1548901
v 0.0840980 0.0000430 0.2163430
vn -0.6385784 -0.6386556 0.4293446
v 0.0842280 -0.0318680 0.2187930
vn 0.7403817 -0.2773496 0.6123008
v 0.0901380 -0.0315320 0.2178110
vn -0.6527822 0.3499446 -0.6718737
v 0.0861910 -0.0222290 0.2007240
vn 0.9432982 -0.0350740 0.3300885
v 0.0693650 0.0000370 0.2870290
vn 0.9238720 -0.1495526 0.3522706
v 0.0698360 -0.0078780 0.2884340
vn 0.9481600 -0.0311989 0.3162583
v 0.0733640 0.0000390 0.2728160
vn 0.7756182 -0.5643434 -0.2827244
v 0.0687650 -0.0160990 0.2781870
vn -0.9327359 0.1028476 -0.3455809
v 0.0627990 -0.0067320 0.2850690
vn -0.7464020 -0.0357695 -0.6645334
v 0.0617230 -0.0156120 0.2767890
vn -0.7540696 -0.0462278 0.6551657
v 0.0721020 -0.0472210 0.2609530
vn -0.7809688 -0.0698251 -0.6206546
v 0.0725360 -0.0483870 0.2500100
vn 0.7457986 0.0417265 0.6648634
v 0.0791400 -0.0483730 0.2616340
vn 0.9457483 0.1639041 0.2805274
v 0.0778040 0.0110100 0.2638040
vn 0.4970888 -0.0283057 -0.8672379
v 0.0766260 -0.0511920 0.2490210
vn -0.9372303 -0.0299879 -0.3474192
v 0.0626710 0.0000350 0.2838270
vn -0.8854856 0.3663214 -0.2858737
v 0.0659450 0.0118990 0.2704070
vn -0.9364384 -0.0725515 -0.3432484
v 0.0712700 0.0099460 0.2606790
vn -0.9464274 -0.1910540 -0.2603337
v 0.0737800 0.0114820 0.2490150
vn -0.9484951 -0.1309668 -0.2884523
v 0.0772190 0.0107990 0.2400900
vn 0.8841236 0.3827738 -0.2679733
v 0.0751570 0.0194170 0.2543830
vn 0.6349608 0.6930535 0.3413231
v 0.0779940 0.0144240 0.2453540
vn 0.8557835 0.4411751 -0.2701837
v 0.0826340 0.0139460 0.2369540
vn 0.2509206 0.9249361 0.2855383
v 0.0823060 0.0135120 0.2348530
vn 0.7300872 -0.2723502 0.6267361
v 0.0977570 -0.0623840 0.2017550
vn -0.5743108 0.4696417 -0.6705251
v 0.0900060 -0.0310910 0.1918610
vn -0.6102319 -0.6531858 0.4482916
v 0.0880110 -0.0414800 0.2111890
vn 0.8032730 -0.1480202 0.5769252
v 0.0935220 -0.0410110 0.2095200
vn -0.6097406 0.5153579 -0.6021816
v 0.0932980 -0.0405200 0.1819840
vn 0.7624845 0.5611553 -0.3220593
v 0.0974040 -0.0416310 0.1819760
vn 0.7725084 0.5654006 -0.2890554
v 0.0939510 -0.0333390 0.1911800
vn -0.6882915 -0.0897500 0.7198609
v 0.0928250 -0.0720030 0.1990090
vn -0.6633990 -0.2267071 -0.7130958
v 0.0959580 -0.0652670 0.1875120
vn -0.6382249 0.1369568 -0.7575697
v 0.0944660 -0.0759540 0.1870700
vn -0.6538631 0.0428716 0.7553973
v 0.0822870 -0.0715460 0.2350730
vn -0.7081572 0.0940798 -0.6997589
v 0.0833190 -0.0689520 0.2255710
vn 0.8003267 0.0611334 -0.5964394
v 0.0878690 -0.0724360 0.2251810
vn 0.7071832 -0.0634006 0.7041820
v 0.0859860 -0.0725520 0.2342040
vn -0.9737086 0.1640816 -0.1580151
v 0.0782010 0.0106940 0.2332130
vn -0.9696755 -0.0156260 -0.2438959
v 0.0782420 0.0000410 0.2353060
vn -0.9010414 0.2075335 0.3808599
v 0.0802840 -0.0073330 0.2238390
vn -0.9935239 -0.0002508 -0.1136232
v 0.0803360 0.0000420 0.2145440
vn -0.9828723 0.0625374 -0.1733525
v 0.0798000 0.0000410 0.2306170
vn -0.5214825 0.0214595 -0.8529921
v 0.0808670 -0.0073610 0.2084600
vn 0.6972081 0.5790085 -0.4226702
v 0.0922260 -0.0235830 0.1995260
vn 0.6651222 0.3360024 0.6668695
v 0.0868630 0.0224920 0.2266510
vn 0.9758828 -0.1537835 0.1549308
v 0.0847570 0.0064210 0.2173270
vn 0.7721472 -0.5094817 -0.3797593
v 0.0891630 0.0147610 0.2085100
vn -0.1834261 -0.7626728 -0.6202298
v 0.0801040 -0.0058260 0.2049040
vn -0.0814259 0.0026186 -0.9966760
v 0.0802530 0.0000420 0.2001970
vn -0.1844672 0.7642484 -0.6179776
v 0.0801040 0.0058260 0.2049040
vn -0.5201719 -0.0197417 -0.8538335
v 0.0808670 0.0073610 0.2084600
vn 0.9294335 -0.0040620 0.3689673
v 0.0637040 0.0000350 0.2995650
vn 0.8951327 -0.2963335 0.3330526
v 0.0634420 -0.0094260 0.2996460
vn 0.9170958 0.1832304 0.3540651
v 0.0698360 0.0078780 0.2884340
vn 0.4674144 -0.6686527 0.5782971
v 0.0631530 -0.0147140 0.2943410
vn 0.7046461 0.6201041 0.3448837
v 0.0724120 0.0129530 0.2735000
vn 0.9325768 0.1916980 -0.3058634
v 0.0702990 -0.0247210 0.2795520
vn 0.4101147 -0.2354652 0.8811141
v 0.0652190 -0.0219270 0.2906130
vn -0.9182397 -0.0936010 -0.3848049
v 0.0565240 -0.0082990 0.2963380
vn -0.9246636 -0.0037068 -0.3807670
v 0.0569640 0.0000340 0.2963420
vn -0.9447078 -0.2899171 0.1532166
v 0.0585150 -0.0157060 0.2907030
vn -0.3489156 0.1523977 -0.9246799
v 0.0628710 -0.0237080 0.2748800
vn -0.7371391 -0.0262802 0.6752298
v 0.0730120 -0.0576380 0.2607200
vn -0.7884490 -0.0884509 -0.6087072
v 0.0726570 -0.0588230 0.2510530
vn 0.5050645 -0.1315058 -0.8530042
v 0.0772470 -0.0618760 0.2502020
vn 0.7616121 0.0423509 0.6466479
v 0.0798110 -0.0591220 0.2616400
vn 0.5563139 0.5259994 0.6433036
v 0.0738030 0.0176970 0.2674190
vn -0.9253700 0.0956059 -0.3668105
v 0.0565240 0.0082990 0.2963380
vn -0.9365152 -0.0718460 -0.3431874
v 0.0627990 0.0067320 0.2850690
vn -0.7614132 -0.0211532 -0.6479217
v 0.0617230 0.0156120 0.2767890
vn -0.8901176 0.3554497 0.2852124
v 0.0678920 0.0175820 0.2661330
vn -0.8853788 0.1360735 -0.4445091
v 0.0713980 0.0173000 0.2521250
vn -0.9700974 0.2132271 -0.1159538
v 0.0732560 0.0165160 0.2432950
vn -0.5872042 0.0088588 -0.8093904
v 0.0775790 0.0170660 0.2361130
vn 0.8042132 -0.1526552 -0.5744019
v 0.0757120 0.0299390 0.2521830
vn -0.5665724 -0.0925416 -0.8187990
v 0.0702660 0.0274800 0.2505080
vn 0.4901620 0.0380506 0.8708005
v 0.0822430 0.0259190 0.2429380
vn -0.8424112 0.3273290 0.4280176
v 0.0769230 0.0278680 0.2417180
vn 0.8163590 -0.4223389 -0.3939389
v 0.0858780 0.0243410 0.2344000
vn -0.7270170 0.5596551 0.3977845
v 0.0804890 0.0222500 0.2264360
vn 0.8891599 -0.2214001 -0.4004708
v 0.0989160 -0.0651950 0.1878300
vn 0.8449384 -0.1431841 0.5153422
v 0.0978500 -0.0740770 0.1972800
vn -0.8258717 0.3771178 -0.4191875
v 0.0944420 -0.0518110 0.1698780
vn -0.9320723 -0.3503100 0.0923265
v 0.0942800 -0.0601420 0.1815570
vn 0.7943197 -0.2388038 0.5585955
v 0.1021920 -0.0722020 0.1723270
vn 0.4717063 0.7105007 -0.5221896
v 0.0992310 -0.0511040 0.1675490
vn 0.7066072 -0.5494827 0.4458421
v 0.0993960 -0.0627850 0.1806790
vn -0.4878119 0.3200830 0.8121493
v 0.0906830 -0.0838220 0.2006430
vn -0.6936772 0.1502597 -0.7044388
v 0.0906420 -0.0860270 0.1878480
vn 0.6185670 -0.1176761 -0.7768702
v 0.0972620 -0.0762540 0.1865480
vn 0.5662251 -0.2731714 -0.7776674
v 0.0944680 -0.0871900 0.1872250
vn -0.6152672 0.0978746 0.7822192
v 0.0818850 -0.0768600 0.2353730
vn -0.7544473 0.1515669 -0.6386210
v 0.0828350 -0.0751480 0.2252640
vn 0.7273063 0.0768237 -0.6819998
v 0.0876450 -0.0785070 0.2238880
vn 0.8239151 0.0436894 0.5650267
v 0.0859000 -0.0788690 0.2336020
vn -0.8148941 -0.5795295 0.0096598
v 0.0798670 0.0089850 0.2284810
vn -0.9988036 0.0373354 -0.0315832
v 0.0776520 0.0075860 0.2201670
vn -0.7935500 0.0798494 -0.6032434
v 0.0813280 0.0137700 0.2094940
vn -0.8921570 -0.2107322 0.3995597
v 0.0802840 0.0073330 0.2238390
vn -0.6385784 0.6386556 0.4293446
v 0.0842280 0.0318680 0.2187930
vn 0.7403817 0.2773496 0.6123008
v 0.0901380 0.0315320 0.2178110
vn 0.6930634 -0.5851752 -0.4209908
v 0.0922260 0.0235830 0.1995260
vn 0.9194982 0.0063549 0.3930429
v 0.0596020 0.0000340 0.3118650
vn 0.9009004 -0.1424371 0.4099880
v 0.0600690 -0.0082910 0.3127410
vn 0.8847357 0.3000868 0.3566381
v 0.0634420 0.0094260 0.2996460
vn 0.7923682 -0.5028908 0.3453310
v 0.0584070 -0.0129610 0.3119330
vn 0.8623815 -0.4901268 -0.1267831
v 0.0590380 -0.0156240 0.3043850
vn 0.0695284 -0.9948045 0.0743626
v 0.0602540 -0.0136400 0.2976570
vn 0.4610465 0.6733505 0.5779578
v 0.0631530 0.0147140 0.2943410
vn 0.8380983 0.4597930 -0.2935671
v 0.0687650 0.0160990 0.2781870
vn -0.8900847 -0.3072993 0.3366250
v 0.0598140 -0.0229610 0.2872450
vn 0.9733513 0.0756210 -0.2164920
v 0.0715160 -0.0334470 0.2792050
vn 0.5044874 -0.1305909 0.8534861
v 0.0681830 -0.0293300 0.2877120
vn -0.8378837 -0.2942118 0.4597721
v 0.0617590 -0.0304900 0.2849180
vn -0.9200587 0.0232272 -0.3910914
v 0.0527390 -0.0070970 0.3092350
vn -0.9169291 0.0061971 -0.3990020
v 0.0525910 0.0000320 0.3085120
vn -0.6015539 -0.2330738 -0.7640743
v 0.0540710 -0.0163330 0.3023770
vn -0.9132828 -0.0252259 -0.4065443
v 0.0527390 0.0070970 0.3092350
vn -0.3889613 0.0375643 -0.9204879
v 0.0634980 -0.0319290 0.2732280
vn -0.7203057 0.1633434 0.6741504
v 0.0741170 -0.0677040 0.2617400
vn -0.7326621 -0.0857055 -0.6751747
v 0.0725350 -0.0692660 0.2519550
vn 0.6399515 -0.1926607 -0.7438709
v 0.0775340 -0.0724660 0.2523940
vn 0.7868800 0.1110290 0.6070358
v 0.0793420 -0.0695490 0.2629620
vn 0.6948181 0.0569259 0.7169290
v 0.0761960 0.0275650 0.2638270
vn -0.5916600 0.2254720 -0.7740160
v 0.0540710 0.0163330 0.3023770
vn 0.0695283 0.9948045 0.0743626
v 0.0602540 0.0136400 0.2976570
vn -0.9378324 0.3083325 0.1593785
v 0.0585150 0.0157060 0.2907030
vn -0.8753190 0.3374529 0.3463267
v 0.0598140 0.0229610 0.2872450
vn -0.4151566 -0.0504019 -0.9083527
v 0.0628710 0.0237080 0.2748800
vn -0.8434252 0.2557468 0.4724695
v 0.0693180 0.0270070 0.2622010
vn -0.4931805 -0.1799314 -0.8511156
v 0.0815110 0.0266290 0.2330570
vn 0.6703866 -0.0923941 -0.7362372
v 0.0761420 0.0405340 0.2500240
vn -0.6098437 -0.0235447 -0.7921719
v 0.0717230 0.0379300 0.2495850
vn -0.7510827 0.1482599 0.6433458
v 0.0717970 0.0369470 0.2609530
vn -0.7929780 0.2918606 0.5347928
v 0.0798060 0.0394450 0.2394340
vn 0.6208164 0.1154395 0.7754100
v 0.0857170 0.0375960 0.2398670
vn -0.6259795 -0.2854722 -0.7257102
v 0.0842930 0.0361850 0.2289310
vn 0.7534589 -0.4514536 -0.4780056
v 0.0885710 0.0340760 0.2293840
vn -0.6518277 -0.3591925 -0.6679083
v 0.0861910 0.0222290 0.2007240
vn 0.8612794 -0.1404422 0.4883378
v 0.0954790 -0.0863320 0.1986030
vn 0.6043402 0.6766979 -0.4205388
v 0.1021880 -0.0585910 0.1592890
vn -0.8006147 0.3560674 -0.4819047
v 0.0960260 -0.0590170 0.1618150
vn -0.7670389 -0.3810916 0.5161595
v 0.0962260 -0.0699340 0.1733740
vn 0.7326896 -0.1848797 0.6549698
v 0.1000470 -0.0846970 0.1694380
vn 0.9874932 -0.1536121 -0.0355034
v 0.1019300 -0.0735480 0.1635460
vn -0.6693063 -0.0269686 0.7424970
v 0.0960120 -0.0821790 0.1696860
vn -0.5610946 -0.2035394 0.8023370
v 0.0865790 -0.0947400 0.2042230
vn -0.7780891 -0.3517876 -0.5204064
v 0.0863050 -0.0957880 0.1895730
vn 0.3040778 -0.7836203 -0.5417342
v 0.0908680 -0.0976650 0.1895070
vn 0.3936328 -0.7801216 0.4862752
v 0.0915640 -0.0979140 0.2015200
vn -0.4576342 0.2306108 0.8587140
v 0.0819170 -0.0820470 0.2367630
vn -0.5924870 0.3096466 -0.7436922
v 0.0822440 -0.0807990 0.2231170
vn 0.7288659 0.0417305 -0.6833836
v 0.0868300 -0.0843930 0.2227160
vn 0.7973201 0.0511430 0.6013861
v 0.0857700 -0.0849950 0.2350550
vn -0.6023839 0.6408226 0.4758992
v 0.0880110 0.0414800 0.2111890
vn 0.7855998 0.1473651 0.6009297
v 0.0935220 0.0410110 0.2095200
vn 0.7793950 -0.5503917 -0.2993533
v 0.0939510 0.0333390 0.1911800
vn 0.9175128 -0.2661040 0.2955654
v 0.0953180 0.0480060 0.2065290
vn 0.8802567 -0.0011520 0.4744965
v 0.0545430 0.0000320 0.3209670
vn 0.8643619 -0.1539437 0.4787273
v 0.0548190 -0.0078550 0.3211690
vn 0.9091628 0.1488410 0.3889337
v 0.0600690 0.0082910 0.3127410
vn 0.5566871 -0.5778812 0.5967854
v 0.0538520 -0.0147940 0.3179870
vn 0.8653324 0.4883765 -0.1126427
v 0.0590380 0.0156240 0.3043850
vn 0.4976551 -0.1746981 0.8496000
v 0.0555770 -0.0197690 0.3159270
vn 0.9165237 0.0526610 -0.3964987
v 0.0593940 -0.0216120 0.3048510
vn 0.9566022 -0.1400865 -0.2555152
v 0.0702990 0.0247210 0.2795520
vn 0.3670090 0.2951738 0.8821433
v 0.0652190 0.0219270 0.2906130
vn 0.9339825 0.0780335 -0.3486940
v 0.0711640 -0.0419770 0.2766890
vn 0.3950630 -0.1237055 0.9102868
v 0.0681700 -0.0374010 0.2860960
vn -0.9184696 -0.0989048 0.3829250
v 0.0622270 -0.0384750 0.2833490
vn -0.3388247 -0.0071198 -0.9408226
v 0.0652020 -0.0401190 0.2727400
vn -0.8991032 -0.0568468 -0.4340299
v 0.0476860 -0.0066930 0.3177570
vn -0.8846869 -0.0011269 -0.4661843
v 0.0476480 0.0000300 0.3176690
vn -0.9178669 -0.3968885 -0.0001613
v 0.0486420 -0.0152120 0.3157580
vn -0.8875474 0.0068012 -0.4606662
v 0.0476860 0.0066930 0.3177570
vn -0.4085882 0.0039090 -0.9127105
v 0.0538160 -0.0220740 0.3026730
vn -0.9031946 0.4285202 -0.0246989
v 0.0486420 0.0152120 0.3157580
vn -0.6589429 -0.1354526 0.7398965
v 0.0730910 -0.0768740 0.2664200
vn -0.5906300 -0.4492901 -0.6702945
v 0.0720720 -0.0797240 0.2525370
vn 0.3997731 -0.8688785 -0.2919447
v 0.0772270 -0.0829000 0.2550260
vn 0.3688293 -0.5710781 0.7333722
v 0.0771050 -0.0792870 0.2668110
vn 0.7358626 -0.0530281 0.6750514
v 0.0779750 0.0377900 0.2619380
vn -0.9308524 0.2108723 0.2984069
v 0.0488840 0.0205250 0.3131540
vn -0.4002841 0.0187661 -0.9161989
v 0.0538160 0.0220740 0.3026730
vn 0.5278227 0.0682158 0.8466108
v 0.0681830 0.0293300 0.2877120
vn -0.8543507 0.2318295 0.4651237
v 0.0617590 0.0304900 0.2849180
vn -0.3887507 -0.0677304 -0.9188501
v 0.0634980 0.0319290 0.2732280
vn -0.7504669 0.0339312 -0.6600364
v 0.0725360 0.0483870 0.2500100
vn 0.5050331 -0.0037489 -0.8630918
v 0.0766260 0.0511920 0.2490210
vn -0.7506864 0.0524443 0.6585739
v 0.0721020 0.0472210 0.2609530
vn 0.7519591 -0.0643676 0.6560597
v 0.0791400 0.0483730 0.2616340
vn -0.6595187 -0.4610351 -0.5937018
v 0.0865770 0.0435490 0.2215980
vn -0.8588085 0.1738930 0.4818809
v 0.0812740 0.0510750 0.2360320
vn 0.5661339 0.0963981 0.8186574
v 0.0865140 0.0497200 0.2366740
vn 0.8002596 -0.5717077 -0.1809279
v 0.0912460 0.0425170 0.2231010
vn -0.5560088 -0.4944167 -0.6681365
v 0.0900060 0.0310910 0.1918610
vn 0.7228010 0.5415944 -0.4292252
v 0.1049390 -0.0664970 0.1513490
vn -0.9589825 -0.1300501 -0.2518722
v 0.0967300 -0.0713610 0.1594920
vn -0.6961879 0.4317902 -0.5734804
v 0.0984020 -0.0658640 0.1539440
vn -0.7235267 0.1524758 -0.6732461
v 0.0945490 -0.0829700 0.1594440
vn 0.7298525 -0.1067199 -0.6752231
v 0.1001590 -0.0856300 0.1593480
vn 0.8443680 -0.1996553 0.4971725
v 0.0967430 -0.0973510 0.1692070
vn -0.4265864 0.2172046 0.8779785
v 0.0936370 -0.0947660 0.1706140
vn 0.5612388 -0.6491271 0.5134639
v 0.1027910 -0.0790170 0.1531460
vn -0.8488278 -0.4178359 0.3238897
v 0.0989770 -0.0770090 0.1531390
vn 0.0578944 -0.8343456 -0.5481931
v 0.0985780 -0.0721380 0.1609330
vn -0.7220849 0.2641070 -0.6394067
v 0.0913440 -0.0956690 0.1589500
vn -0.5281389 -0.3292654 0.7827219
v 0.0812200 -0.0873190 0.2374520
vn -0.7184235 -0.1931340 -0.6682566
v 0.0811330 -0.0867290 0.2220050
vn 0.2299858 -0.7241587 -0.6501544
v 0.0854370 -0.0904110 0.2217520
vn 0.4693589 -0.7920793 0.3902727
v 0.0865910 -0.0911810 0.2340670
vn -0.9905487 -0.1339863 -0.0293410
v 0.0917980 0.0491850 0.2064950
vn 0.7861859 -0.5658076 -0.2485428
v 0.0974040 0.0416310 0.1819760
vn 0.7324547 0.2635337 0.6277421
v 0.0977570 0.0623840 0.2017550
vn 0.7569978 -0.6515558 0.0492902
v 0.0940940 0.0473530 0.2134030
vn -0.6182185 -0.6981801 -0.3610409
v 0.0900780 0.0469440 0.2120850
vn 0.8657624 0.0030166 0.5004462
v 0.0477550 0.0000300 0.3339900
vn 0.8471618 -0.1761847 0.5012743
v 0.0490230 -0.0081030 0.3334360
vn 0.8580009 0.1557720 0.4894584
v 0.0548190 0.0078550 0.3211690
vn 0.9170138 -0.3923689 0.0716411
v 0.0483300 -0.0144200 0.3275290
vn 0.8031606 0.4918351 0.3362015
v 0.0584070 0.0129610 0.3119330
vn -0.5568309 -0.5257919 -0.6430258
v 0.0466180 -0.0149240 0.3262540
vn -0.9458250 -0.1698000 0.2767366
v 0.0488840 -0.0205250 0.3131540
vn 0.5535045 0.5847310 0.5930619
v 0.0538520 0.0147940 0.3179870
vn 0.9131615 -0.0646202 -0.4024430
v 0.0593940 0.0216120 0.3048510
vn -0.9015182 -0.2031718 0.3820815
v 0.0500210 -0.0262830 0.3120140
vn 0.4900954 -0.1422460 0.8599841
v 0.0562350 -0.0251420 0.3141690
vn 0.9010229 0.0970656 -0.4227720
v 0.0599180 -0.0275790 0.3045380
vn 0.9805177 -0.0526078 -0.1892550
v 0.0715160 0.0334470 0.2792050
vn 0.9217785 0.0040611 -0.3876958
v 0.0718000 -0.0508670 0.2762680
vn 0.4234165 0.1153540 0.8985611
v 0.0684570 -0.0457630 0.2860430
vn -0.9296547 -0.0123705 0.3682243
v 0.0629930 -0.0466240 0.2835170
vn -0.3146118 -0.0476922 -0.9480216
v 0.0664770 -0.0484060 0.2730670
vn -0.8543643 -0.1818334 -0.4868247
v 0.0418720 -0.0069380 0.3300160
vn -0.8718335 0.0029151 -0.4897937
v 0.0409550 0.0000280 0.3307380
vn -0.8647457 0.1656758 -0.4740953
v 0.0418720 0.0069380 0.3300160
vn -0.3941771 0.0325785 -0.9184569
v 0.0541390 -0.0278030 0.3025190
vn -0.5357686 0.6122126 -0.5815047
v 0.0466180 0.0149240 0.3262540
vn 0.9189073 0.3879410 0.0714930
v 0.0483300 0.0144200 0.3275290
vn 0.5006137 0.1623443 0.8503119
v 0.0555770 0.0197690 0.3159270
vn 0.4575018 0.1388547 0.8783004
v 0.0562350 0.0251420 0.3141690
vn -0.9019038 0.2059463 0.3796785
v 0.0500210 0.0262830 0.3120140
vn -0.4176397 -0.0277870 -0.9081877
v 0.0541390 0.0278030 0.3025190
vn 0.9294518 -0.0873696 -0.3584493
v 0.0711640 0.0419770 0.2766890
vn 0.4170134 0.1079754 0.9024640
v 0.0681700 0.0374010 0.2860960
vn -0.9030700 0.1246547 0.4110060
v 0.0622270 0.0384750 0.2833490
vn -0.3083048 0.0105985 -0.9512286
v 0.0652020 0.0401190 0.2727400
vn -0.7599942 0.0346525 0.6490055
v 0.0730120 0.0576380 0.2607200
vn -0.8121222 0.0835908 -0.5774688
v 0.0726570 0.0588230 0.2510530
vn 0.5382975 0.0740891 -0.8394919
v 0.0772470 0.0618760 0.2502020
vn 0.7682612 -0.0671424 0.6366057
v 0.0798110 0.0591220 0.2616400
vn -0.7062609 0.4685521 -0.5307114
v 0.0871890 0.0539940 0.2229790
vn -0.6935498 0.0776729 0.7162092
v 0.0829580 0.0608750 0.2353930
vn -0.7216665 0.0970408 -0.6854054
v 0.0849540 0.0569130 0.2258500
vn 0.8712015 0.4868636 0.0630228
v 0.0919010 0.0544570 0.2236740
vn 0.7148136 0.1323795 0.6866711
v 0.0878420 0.0600870 0.2345870
vn -0.6129187 -0.5269350 -0.5887871
v 0.0932980 0.0405200 0.1819840
vn -0.8797938 0.3847976 0.2790943
v 0.0918290 0.0605710 0.2014700
vn 0.6277723 -0.5533516 0.5474523
v 0.1020110 -0.0850960 0.1477010
vn 0.7298619 0.4415054 -0.5218953
v 0.1046780 -0.0746540 0.1431510
vn 0.3242123 0.0845829 -0.9421954
v 0.0972110 -0.0737900 0.1594690
vn -0.7609768 0.5346813 -0.3674648
v 0.0991140 -0.0738270 0.1465350
vn 0.5660314 -0.2171098 -0.7952810
v 0.0956490 -0.0977280 0.1582260
vn -0.5133552 -0.1859207 0.8377948
v 0.0891670 -0.1065560 0.1732400
vn 0.4006724 -0.7626694 0.5077372
v 0.0932160 -0.1096770 0.1716440
vn -0.8990140 -0.2635759 -0.3497166
v 0.0852770 -0.1070490 0.1606030
vn -0.7572673 -0.0884310 0.6470906
v 0.0967470 -0.0828090 0.1474830
vn 0.1395369 -0.7528442 -0.6432380
v 0.0904400 -0.1095210 0.1590560
vn 0.8891599 0.2214000 -0.4004707
v 0.0989160 0.0651950 0.1878300
vn 0.7484108 0.5361761 0.3903799
v 0.0993960 0.0627850 0.1806790
vn 0.4897232 -0.7033151 -0.5152854
v 0.0992310 0.0511040 0.1675490
vn 0.7617903 0.5366297 0.3629106
v 0.0954330 0.0553050 0.2116010
vn 0.8449384 0.1431841 0.5153421
v 0.0978500 0.0740770 0.1972800
vn -0.6882915 0.0897500 0.7198609
v 0.0928250 0.0720030 0.1990090
vn -0.7402481 0.6713210 0.0368892
v 0.0904580 0.0552010 0.2115330
vn 0.8866172 -0.0064979 0.4624583
v 0.0370870 0.0000260 0.3534650
vn 0.8659600 -0.3875392 0.3161119
v 0.0380000 -0.0120830 0.3499710
vn 0.8104730 0.3353191 0.4803069
v 0.0424650 0.0095760 0.3428690
vn 0.8166088 -0.3143854 0.4840577
v 0.0424650 -0.0095760 0.3428690
vn 0.8685344 0.1421521 0.4748060
v 0.0490230 0.0081030 0.3334360
vn -0.3035462 -0.9452582 0.1197774
v 0.0394340 -0.0153830 0.3388600
vn 0.8325834 -0.1508754 0.5329555
v 0.0471900 -0.0132680 0.3324520
vn 0.8155017 0.1404864 0.5614451
v 0.0479390 -0.0177640 0.3330030
vn 0.9385443 0.0768588 -0.3364929
v 0.0488420 -0.0189160 0.3277120
vn -0.1706594 -0.0253830 -0.9850031
v 0.0468750 -0.0191780 0.3258100
vn 0.8906614 -0.1176130 -0.4391918
v 0.0599180 0.0275790 0.3045380
vn -0.8777735 -0.1096430 0.4663605
v 0.0510370 -0.0321850 0.3117950
vn -0.3927115 0.0614405 -0.9176071
v 0.0542560 -0.0335240 0.3019740
vn 0.4502205 -0.0092635 0.8928694
v 0.0565170 -0.0307640 0.3134580
vn 0.9055890 0.0986601 -0.4125226
v 0.0606990 -0.0335200 0.3044240
vn 0.8924085 -0.1779296 -0.4146664
v 0.0712780 -0.0596770 0.2767830
vn 0.5686906 0.2231486 0.7917044
v 0.0692560 -0.0539550 0.2874070
vn -0.8801287 0.1129169 0.4611109
v 0.0638440 -0.0542870 0.2857570
vn -0.3589758 -0.0858229 -0.9293927
v 0.0664140 -0.0567950 0.2735750
vn -0.8373920 -0.2054378 -0.5065275
v 0.0355890 -0.0084560 0.3395810
vn -0.8902512 -0.0052217 -0.4554400
v 0.0305100 0.0000240 0.3503190
vn -0.7685220 0.2262081 -0.5985014
v 0.0312250 0.0109800 0.3467310
vn -0.8185517 0.2422856 -0.5208368
v 0.0355890 0.0084560 0.3395810
vn -0.3429078 0.9314200 0.1219472
v 0.0394340 0.0153830 0.3388600
vn -0.5218784 0.5641235 0.6398498
v 0.0414990 0.0181070 0.3371140
vn -0.2058266 0.0255117 -0.9782559
v 0.0468750 0.0191780 0.3258100
vn 0.8665438 0.1820209 0.4647260
v 0.0471900 0.0132680 0.3324520
vn 0.9512628 -0.0663518 -0.3011587
v 0.0488420 0.0189160 0.3277120
vn 0.9029258 -0.1157996 -0.4139027
v 0.0606990 0.0335200 0.3044240
vn 0.4178317 0.0090062 0.9084799
v 0.0565170 0.0307640 0.3134580
vn -0.8916726 0.1086451 0.4394500
v 0.0510370 0.0321850 0.3117950
vn -0.4459745 -0.0619311 -0.8929005
v 0.0542560 0.0335240 0.3019740
vn -0.3222212 0.0689613 -0.9441493
v 0.0664770 0.0484060 0.2730670
vn 0.9363244 0.0125661 -0.3509115
v 0.0718000 0.0508670 0.2762680
vn 0.4173137 -0.0630975 0.9065694
v 0.0684570 0.0457630 0.2860430
vn -0.9230671 0.0654090 0.3790367
v 0.0629930 0.0466240 0.2835170
vn 0.7561664 -0.1161015 0.6439976
v 0.0793420 0.0695490 0.2629620
vn -0.7223619 -0.1747729 0.6690648
v 0.0741170 0.0677040 0.2617400
vn -0.7661831 0.0530333 -0.6404303
v 0.0725350 0.0692660 0.2519550
vn 0.6723610 0.1242762 -0.7297165
v 0.0775340 0.0724660 0.2523940
vn 0.8135869 0.3192267 -0.4859740
v 0.0889240 0.0600340 0.2270720
vn -0.6981297 -0.0305183 0.7153207
v 0.0822930 0.0661830 0.2351780
vn -0.5361536 -0.1327554 -0.8336159
v 0.0843580 0.0628800 0.2254520
vn 0.8630272 0.0055053 -0.5051276
v 0.0883140 0.0662820 0.2263240
vn 0.7430590 0.1319757 0.6560836
v 0.0871810 0.0663470 0.2340520
vn -0.6633990 0.2267071 -0.7130958
v 0.0959580 0.0652670 0.1875120
vn -0.9406721 0.3358117 0.0486476
v 0.0942800 0.0601420 0.1815570
vn -0.7627767 0.3786241 0.5242286
v 0.0962260 0.0699340 0.1733740
vn -0.8523153 -0.3253754 -0.4094990
v 0.0944420 0.0518110 0.1698780
vn -0.6382249 -0.1369568 -0.7575697
v 0.0944660 0.0759540 0.1870700
vn -0.5788994 -0.0498391 0.8138744
v 0.0938050 -0.0900340 0.1446990
vn 0.7323022 -0.5089440 0.4524484
v 0.0996830 -0.0915860 0.1433050
vn 0.6648453 0.4178424 -0.6191837
v 0.1011440 -0.0817020 0.1346810
vn -0.6539893 0.7290143 -0.2020799
v 0.0955590 -0.0799800 0.1386410
vn 0.6185669 0.1176761 -0.7768702
v 0.0972620 0.0762540 0.1865480
vn 0.7753221 0.2476501 0.5809863
v 0.1021920 0.0722020 0.1723270
vn 0.5881837 -0.6410587 -0.4930352
v 0.1021880 0.0585910 0.1592890
vn 0.8612794 0.1404422 0.4883378
v 0.0954790 0.0863320 0.1986030
vn -0.4878119 -0.3200830 0.8121493
v 0.0906830 0.0838220 0.2006430
vn -0.6936772 -0.1502597 -0.7044388
v 0.0906420 0.0860270 0.1878480
vn 0.8756738 -0.0063220 0.4828618
v 0.0315690 0.0000240 0.3647640
vn 0.8884761 -0.4371198 0.1397734
v 0.0340980 -0.0176920 0.3561070
vn 0.8707383 0.1374320 0.4721518
v 0.0301460 0.0147490 0.3661000
vn 0.9047229 0.3952381 0.1589444
v 0.0340980 0.0176920 0.3561070
vn 0.8683704 0.3754971 0.3239367
v 0.0380000 0.0120830 0.3499710
vn 0.3087283 -0.7526830 -0.5815111
v 0.0317120 -0.0191960 0.3524120
vn 0.1409273 -0.9138288 -0.3808629
v 0.0356530 -0.0148400 0.3466190
vn -0.0048558 0.9972917 -0.0733884
v 0.0377490 0.0139140 0.3433840
vn 0.0083256 -0.9987910 -0.0484471
v 0.0377490 -0.0139140 0.3433840
vn -0.4181441 -0.5531703 0.7205263
v 0.0414990 -0.0181070 0.3371140
vn -0.5906215 -0.3176939 0.7417796
v 0.0428600 -0.0212620 0.3359720
vn 0.8150600 0.0582050 0.5764456
v 0.0484660 -0.0223200 0.3332260
vn 0.9437215 -0.0027518 -0.3307298
v 0.0489250 -0.0234040 0.3277670
vn -0.0953152 -0.0290219 -0.9950240
v 0.0474200 -0.0237310 0.3260500
vn -0.8633491 -0.0443041 0.5026586
v 0.0518810 -0.0380630 0.3122620
vn -0.4491417 0.0104298 -0.8933997
v 0.0540180 -0.0392330 0.3013840
vn 0.9457548 0.1010108 -0.3087794
v 0.0615500 -0.0394430 0.3050570
vn 0.4009819 0.1322385 0.9064913
v 0.0568180 -0.0364350 0.3136960
vn 0.1874724 -0.9706245 -0.1508054
v 0.0687820 -0.0682390 0.2776840
vn 0.4610999 -0.4543878 0.7621802
v 0.0686860 -0.0619470 0.2900720
vn -0.6003618 -0.3323548 0.7273968
v 0.0645860 -0.0612930 0.2900800
vn -0.3617612 -0.5168660 -0.7758726
v 0.0657320 -0.0651500 0.2741220
vn -0.7677351 -0.2115936 -0.6048232
v 0.0312250 -0.0109800 0.3467310
vn -0.7169567 -0.0622887 -0.6943294
v 0.0273310 -0.0165900 0.3528710
vn -0.7942103 0.2310684 -0.5619941
v 0.0233270 -0.0136380 0.3628390
vn -0.8659132 -0.0327278 -0.4991224
v 0.0250160 0.0000230 0.3616300
vn -0.6976432 0.0684443 -0.7131686
v 0.0273310 0.0165900 0.3528710
vn 0.2897997 0.6845577 -0.6688774
v 0.0317120 0.0191960 0.3524120
vn 0.1157474 0.9085392 -0.4014464
v 0.0356530 0.0148400 0.3466190
vn 0.8440235 -0.1385540 0.5180995
v 0.0479390 0.0177640 0.3330030
vn 0.8419983 -0.0490532 0.5372455
v 0.0484660 0.0223200 0.3332260
vn -0.6352463 0.3773273 0.6738592
v 0.0428600 0.0212620 0.3359720
vn -0.1247493 0.0407220 -0.9913523
v 0.0474200 0.0237310 0.3260500
vn 0.9574320 0.0181931 -0.2880853
v 0.0489250 0.0234040 0.3277670
vn -0.4833007 -0.0041179 -0.8754448
v 0.0540180 0.0392330 0.3013840
vn 0.9569477 -0.0591971 -0.2841597
v 0.0615500 0.0394430 0.3050570
vn 0.3930215 -0.1029120 0.9137523
v 0.0568180 0.0364350 0.3136960
vn -0.8763514 0.0368915 0.4802577
v 0.0518810 0.0380630 0.3122620
vn -0.8814645 -0.0850112 0.4645357
v 0.0638440 0.0542870 0.2857570
vn -0.4107707 0.0753086 -0.9086232
v 0.0664140 0.0567950 0.2735750
vn 0.9271846 0.1651613 -0.3362297
v 0.0712780 0.0596770 0.2767830
vn 0.5720216 -0.2038050 0.7945155
v 0.0692560 0.0539550 0.2874070
vn 0.3734508 0.8815387 -0.2888320
v 0.0772270 0.0829000 0.2550260
vn 0.3367305 0.5326644 0.7764543
v 0.0771050 0.0792870 0.2668110
vn -0.6224725 0.1035820 0.7757569
v 0.0730910 0.0768740 0.2664200
vn -0.6230655 0.4862222 -0.6126804
v 0.0720720 0.0797240 0.2525370
vn 0.7071898 0.0634198 0.7041736
v 0.0859860 0.0725520 0.2342040
vn -0.6538820 -0.0428378 0.7553829
v 0.0822870 0.0715460 0.2350730
vn -0.7081572 -0.0940798 -0.6997589
v 0.0833190 0.0689520 0.2255710
vn 0.8003267 -0.0611334 -0.5964394
v 0.0878690 0.0724360 0.2251810
vn -0.6693063 0.0269686 0.7424970
v 0.0960120 0.0821790 0.1696860
vn -0.7235267 -0.1524758 -0.6732461
v 0.0945490 0.0829700 0.1594440
vn -0.9480000 0.1437981 -0.2839333
v 0.0967300 0.0713610 0.1594920
vn -0.7699090 -0.3740247 -0.5170549
v 0.0960260 0.0590170 0.1618150
vn 0.5662251 0.2731714 -0.7776674
v 0.0944680 0.0871900 0.1872250
vn -0.5196195 -0.2091034 0.8284150
v 0.0902430 -0.0974850 0.1426130
vn 0.6566125 -0.5936806 0.4651918
v 0.0963670 -0.0987830 0.1400600
vn 0.7692734 -0.6304975 -0.1033987
v 0.0952110 -0.1008110 0.1333970
vn 0.6568660 0.3661125 -0.6591576
v 0.0964530 -0.0882180 0.1262790
vn 0.6161888 -0.6604483 -0.4290915
v 0.0921360 -0.0995750 0.1268040
vn -0.6918769 0.7043005 -0.1589566
v 0.0901110 -0.0856580 0.1311040
vn 0.9783081 0.1764952 -0.1084563
v 0.1019300 0.0735480 0.1635460
vn 0.7326896 0.1848797 0.6549698
v 0.1000470 0.0846970 0.1694380
vn 0.7548718 -0.5590100 -0.3430401
v 0.1049390 0.0664970 0.1513490
vn 0.5410780 0.6088000 0.5801700
v 0.1027910 0.0790170 0.1531460
vn 0.3936328 0.7801216 0.4862752
v 0.0915640 0.0979140 0.2015200
vn -0.5610946 0.2035394 0.8023370
v 0.0865790 0.0947400 0.2042230
vn -0.7780891 0.3517876 -0.5204064
v 0.0863050 0.0957880 0.1895730
vn 0.3040778 0.7836203 -0.5417342
v 0.0908680 0.0976650 0.1895070
vn 0.7238359 -0.0038742 0.6899613
v 0.0242230 0.0000220 0.3760300
vn 0.3525644 -0.2773720 0.8937355
v 0.0230890 -0.0156430 0.3771890
vn 0.8765375 -0.1412990 0.4601268
v 0.0301460 -0.0147490 0.3661000
vn -0.2828875 -0.2820860 -0.9167345
v 0.0225100 -0.0279080 0.3554760
vn 0.8480756 -0.5236979 -0.0806748
v 0.0285900 -0.0285370 0.3611900
vn 0.5743359 -0.3769885 0.7266484
v 0.0231430 -0.0277850 0.3717350
vn 0.3676018 0.2861624 0.8848616
v 0.0230890 0.0156430 0.3771890
vn 0.5696483 0.3534740 0.7419952
v 0.0231430 0.0277850 0.3717350
vn 0.8359026 0.5461549 -0.0546052
v 0.0285900 0.0285370 0.3611900
vn -0.6547263 -0.0637582 0.7531723
v 0.0434920 -0.0248880 0.3354590
vn -0.0347264 0.0507528 -0.9981073
v 0.0472090 -0.0282870 0.3259490
vn 0.8520297 -0.0077517 0.5234361
v 0.0487680 -0.0269410 0.3330980
vn 0.9344413 -0.0833745 -0.3462197
v 0.0485280 -0.0278870 0.3276480
vn -0.8618610 -0.0008215 0.5071440
v 0.0527660 -0.0437940 0.3134710
vn -0.4838664 -0.0881954 -0.8706865
v 0.0545460 -0.0449170 0.3012790
vn 0.9408517 0.0579037 -0.3338341
v 0.0618050 -0.0453770 0.3048010
vn 0.4126023 0.2324202 0.8807611
v 0.0573670 -0.0419770 0.3146100
vn -0.9473726 -0.2604095 -0.1862046
v 0.0130640 -0.0140100 0.3723940
vn -0.8293253 -0.0469980 -0.5567861
v 0.0179810 0.0000200 0.3730460
vn -0.9068836 0.3602296 -0.2186248
v 0.0130640 0.0140100 0.3723940
vn -0.7100337 -0.4286518 -0.5586679
v 0.0233270 0.0136380 0.3628390
vn -0.7509944 0.6159074 0.2380452
v 0.0147840 0.0154130 0.3726140
vn -0.7890387 -0.3985336 0.4675350
v 0.0155220 0.0260990 0.3715820
vn -0.3362494 0.2611375 -0.9048445
v 0.0225100 0.0279080 0.3554760
vn 0.9338583 0.1158834 -0.3383486
v 0.0485280 0.0278870 0.3276480
vn 0.8703230 -0.0052314 0.4924537
v 0.0487680 0.0269410 0.3330980
vn -0.6936105 0.0940399 0.7141856
v 0.0434920 0.0248880 0.3354590
vn -0.0443898 0.0726917 -0.9963661
v 0.0472090 0.0282870 0.3259490
vn -0.8602799 -0.0066700 0.5097785
v 0.0527660 0.0437940 0.3134710
vn -0.4786528 0.0945700 -0.8728964
v 0.0545460 0.0449170 0.3012790
vn 0.9564416 -0.0056680 -0.2918687
v 0.0618050 0.0453770 0.3048010
vn 0.4422394 -0.2148676 0.8707791
v 0.0573670 0.0419770 0.3146100
vn 0.5160651 0.3245599 0.7926776
v 0.0686860 0.0619470 0.2900720
vn -0.6123285 0.1830257 0.7691264
v 0.0645860 0.0612930 0.2900800
vn -0.4450448 0.4593976 -0.7686930
v 0.0657320 0.0651500 0.2741220
vn 0.2801466 0.9473739 -0.1549214
v 0.0687820 0.0682390 0.2776840
vn 0.8239152 -0.0436894 0.5650266
v 0.0859000 0.0788690 0.2336020
vn -0.6152671 -0.0978746 0.7822193
v 0.0818850 0.0768600 0.2353730
vn -0.7544473 -0.1515669 -0.6386210
v 0.0828350 0.0751480 0.2252640
vn 0.7273062 -0.0768237 -0.6819999
v 0.0876450 0.0785070 0.2238880
vn -0.4265864 -0.2172046 0.8779785
v 0.0936370 0.0947660 0.1706140
vn -0.7220849 -0.2641070 -0.6394067
v 0.0913440 0.0956690 0.1589500
vn 0.3316065 -0.0826602 -0.9397896
v 0.0972110 0.0737900 0.1594690
vn 0.7299043 0.1062997 -0.6752334
v 0.1001590 0.0856300 0.1593480
vn 0.5660314 0.2171098 -0.7952810
v 0.0956490 0.0977280 0.1582260
vn -0.7218771 0.4599475 0.5170511
v 0.0989770 0.0770090 0.1531390
vn 0.0894229 0.8241371 -0.5592867
v 0.0985780 0.0721380 0.1609330
vn -0.7046219 -0.4433509 -0.5540289
v 0.0984020 0.0658640 0.1539440
vn -0.6276623 0.2237876 0.7456267
v 0.0875410 -0.0999710 0.1408680
vn -0.9487306 -0.2339825 0.2125145
v 0.0876510 -0.0980430 0.1296720
vn -0.8894229 0.0601592 -0.4531091
v 0.0881610 -0.1013190 0.1310710
vn 0.6911032 -0.6159181 0.3781816
v 0.0942760 -0.1024640 0.1379090
vn 0.3521041 -0.4476837 -0.8219501
v 0.0919950 -0.1033990 0.1283400
vn 0.6398140 -0.7638447 -0.0847310
v 0.0886450 -0.1024820 0.1200780
vn 0.3583098 0.4458234 -0.8202778
v 0.0902880 -0.0941430 0.1184000
vn -0.5146245 -0.4587841 0.7243472
v 0.0831880 -0.1008940 0.1235680
vn -0.8244812 0.5651429 0.0290562
v 0.0859880 -0.0933110 0.1247380
vn 0.8443680 0.1996553 0.4971726
v 0.0967430 0.0973510 0.1692070
vn 0.7198494 -0.4447823 -0.5329030
v 0.1046780 0.0746540 0.1431510
vn 0.6157498 0.5552287 0.5590826
v 0.1020110 0.0850960 0.1477010
vn -0.7789674 0.1129777 0.6168029
v 0.0967470 0.0828090 0.1474830
vn 0.2454001 -0.0405365 0.9685740
v 0.0206830 0.0000210 0.3784870
vn -0.0241862 -0.2396724 0.9705526
v 0.0205120 -0.0123100 0.3784350
vn -0.6522459 -0.5726778 0.4966039
v 0.0147840 -0.0154130 0.3726140
vn -0.8132854 0.3246690 0.4828632
v 0.0155220 -0.0260990 0.3715820
vn -0.2728298 -0.2743412 -0.9221176
v 0.0214550 -0.0302270 0.3564830
vn 0.8136593 -0.5767724 -0.0727478
v 0.0273050 -0.0304490 0.3619260
vn 0.4834076 -0.1170156 0.8675393
v 0.0216200 -0.0290030 0.3724020
vn -0.5258458 0.7659799 0.3698120
v 0.0145210 -0.0269830 0.3720410
vn -0.0067221 0.2417047 0.9703266
v 0.0205120 0.0123100 0.3784350
vn -0.8924740 0.2021153 0.4032861
v 0.0124850 0.0116550 0.3755840
vn 0.4716637 0.0954072 0.8766019
v 0.0216200 0.0290030 0.3724020
vn 0.8105450 0.5798870 -0.0821463
v 0.0273050 0.0304490 0.3619260
vn -0.2679570 0.2768868 -0.9227853
v 0.0214550 0.0302270 0.3564830
vn -0.6221191 0.1444340 0.7694847
v 0.0434090 -0.0285780 0.3355410
vn -0.3456749 -0.0110486 -0.9382893
v 0.0455500 -0.0325970 0.3262630
vn 0.8585701 -0.1941270 -0.4745232
v 0.0479670 -0.0323450 0.3277490
vn 0.8747915 -0.0622173 0.4804883
v 0.0485060 -0.0314300 0.3333820
vn -0.4923006 -0.6354306 0.5948682
v 0.0537040 -0.0493720 0.3154190
vn -0.3706582 -0.6546105 -0.6588609
v 0.0558020 -0.0505760 0.3016340
vn 0.6268193 -0.6986305 -0.3449827
v 0.0614370 -0.0513250 0.3035610
vn 0.4776360 -0.2846399 0.8311703
v 0.0581310 -0.0474130 0.3161820
vn -0.8974436 -0.1577668 0.4119522
v 0.0124850 -0.0116550 0.3755840
vn -0.8155906 -0.0919215 0.5712815
v 0.0146690 0.0000190 0.3781890
vn -0.5103815 -0.7643481 0.3940593
v 0.0145210 0.0269830 0.3720410
vn -0.3180681 0.0001002 -0.9480679
v 0.0455500 0.0325970 0.3262630
vn 0.8334771 0.1550344 -0.5303587
v 0.0479670 0.0323450 0.3277490
vn 0.8807130 0.0293025 0.4727429
v 0.0485060 0.0314300 0.3333820
vn -0.6535444 -0.2051838 0.7285461
v 0.0434090 0.0285780 0.3355410
vn 0.5108001 0.1939643 0.8375328
v 0.0581310 0.0474130 0.3161820
vn -0.5354272 0.5652325 0.6275588
v 0.0537040 0.0493720 0.3154190
vn -0.3526612 0.5966515 -0.7208587
v 0.0558020 0.0505760 0.3016340
vn 0.6764846 0.6269475 -0.3864008
v 0.0614370 0.0513250 0.3035610
vn 0.7973201 -0.0511430 0.6013861
v 0.0857700 0.0849950 0.2350550
vn -0.4576341 -0.2306108 0.8587140
v 0.0819170 0.0820470 0.2367630
vn -0.5924870 -0.3096467 -0.7436922
v 0.0822440 0.0807990 0.2231170
vn 0.7288659 -0.0417305 -0.6833836
v 0.0868300 0.0843930 0.2227160
vn -0.5133552 0.1859207 0.8377948
v 0.0891670 0.1065560 0.1732400
vn -0.8990140 0.2635758 -0.3497166
v 0.0852770 0.1070490 0.1606030
vn 0.1395370 0.7528442 -0.6432380
v 0.0904400 0.1095210 0.1590560
vn 0.4006724 0.7626694 0.5077372
v 0.0932160 0.1096770 0.1716440
vn -0.6862258 -0.5474634 -0.4789342
v 0.0991140 0.0738270 0.1465350
vn -0.6493850 0.2186673 0.7283432
v 0.0854580 -0.1029430 0.1395470
vn -0.7360991 0.4405701 -0.5138640
v 0.0859510 -0.1040550 0.1323860
vn 0.4221586 -0.2877658 -0.8596354
v 0.0903290 -0.1071080 0.1288990
vn 0.6368465 -0.5076935 0.5802361
v 0.0910710 -0.1060580 0.1375260
vn 0.6127926 -0.7902254 0.0053979
v 0.0835320 -0.1071520 0.1160110
vn -0.3800598 -0.3002029 0.8748901
v 0.0795050 -0.1034030 0.1200680
vn 0.2712502 0.3749621 -0.8864687
v 0.0829890 -0.1009280 0.1124880
vn -0.6671000 0.7402840 0.0834107
v 0.0793640 -0.0991020 0.1182030
vn 0.6595753 -0.4167367 -0.6255325
v 0.1011440 0.0817020 0.1346810
vn 0.7285877 0.5148642 0.4517465
v 0.0996830 0.0915860 0.1433050
vn -0.5644987 0.0474321 0.8240701
v 0.0938050 0.0900340 0.1446990
vn -0.6512001 -0.7329319 -0.1968482
v 0.0955590 0.0799800 0.1386410
vn -0.2479090 -0.2874800 -0.9251467
v 0.0204010 -0.0325460 0.3574890
vn 0.8213642 -0.5689233 -0.0410766
v 0.0260210 -0.0323600 0.3626610
vn 0.4682804 -0.0932498 0.8786455
v 0.0200960 -0.0302210 0.3730690
vn -0.5413362 0.7680851 0.3420533
v 0.0135190 -0.0278670 0.3725000
vn 0.8189948 0.5717743 -0.0481841
v 0.0260210 0.0323600 0.3626610
vn 0.4569995 0.0732239 0.8864478
v 0.0200960 0.0302210 0.3730690
vn -0.2440743 0.2891753 -0.9256378
v 0.0204010 0.0325460 0.3574890
vn -0.5272740 -0.7671022 0.3654265
v 0.0135190 0.0278670 0.3725000
vn -0.6315458 0.3121748 0.7097160
v 0.0426200 -0.0320650 0.3361970
vn -0.5535735 -0.2275951 -0.8010973
v 0.0443340 -0.0368150 0.3271470
vn 0.8314226 -0.2393088 -0.5014658
v 0.0474890 -0.0367660 0.3283770
vn 0.8439574 -0.0808258 0.5302859
v 0.0474530 -0.0356640 0.3345690
vn -0.6011826 -0.3980496 0.6929185
v 0.0426200 0.0320650 0.3361970
vn -0.4957834 0.1660965 -0.8524147
v 0.0443340 0.0368150 0.3271470
vn 0.8031368 0.2065383 -0.5588499
v 0.0474890 0.0367660 0.3283770
vn 0.8342491 0.0442818 0.5496067
v 0.0474530 0.0356640 0.3345690
vn 0.4693589 0.7920793 0.3902727
v 0.0865910 0.0911810 0.2340670
vn -0.5281389 0.3292654 0.7827219
v 0.0812200 0.0873190 0.2374520
vn -0.7184235 0.1931340 -0.6682566
v 0.0811330 0.0867290 0.2220050
vn 0.2299858 0.7241587 -0.6501544
v 0.0854370 0.0904110 0.2217520
vn -0.5670471 0.1904754 0.8013593
v 0.0840770 -0.1064600 0.1386810
vn -0.7331763 0.4909148 -0.4705904
v 0.0835720 -0.1068600 0.1330560
vn 0.4280994 -0.2328147 -0.8732286
v 0.0884020 -0.1107240 0.1288290
vn 0.6598109 -0.3447821 0.6676638
v 0.0884890 -0.1101430 0.1375930
vn -0.2014129 -0.1150060 0.9727315
v 0.0737490 -0.1076320 0.1166080
vn 0.6636575 -0.7446320 0.0712882
v 0.0774250 -0.1119370 0.1134460
vn -0.6473001 0.7598542 0.0602018
v 0.0711790 -0.1049910 0.1140250
vn 0.0872265 0.1486373 -0.9850373
v 0.0747390 -0.1078510 0.1081060
vn 0.6568660 -0.3661125 -0.6591576
v 0.0964530 0.0882180 0.1262790
vn 0.6161887 0.6604483 -0.4290915
v 0.0921360 0.0995750 0.1268040
vn 0.7692734 0.6304975 -0.1033987
v 0.0952110 0.1008110 0.1333970
vn 0.6566125 0.5936806 0.4651918
v 0.0963670 0.0987830 0.1400600
vn -0.5194835 0.2137471 0.8273144
v 0.0902430 0.0974850 0.1426130
vn -0.6917300 -0.7033631 -0.1636766
v 0.0901110 0.0856580 0.1311040
vn -0.2224574 -0.3009884 -0.9273180
v 0.0193460 -0.0348650 0.3584950
vn 0.8281507 -0.5604253 -0.0094776
v 0.0247360 -0.0342720 0.3633960
vn 0.4540898 -0.0703309 0.8881757
v 0.0185710 -0.0314390 0.3737350
vn -0.5554450 0.7694436 0.3153372
v 0.0125180 -0.0287510 0.3729590
vn -0.2197366 0.3015981 -0.9277685
v 0.0193460 0.0348650 0.3584950
vn 0.8263937 0.5629144 -0.0141709
v 0.0247360 0.0342720 0.3633960
vn 0.4433661 0.0518860 0.8948376
v 0.0185710 0.0314390 0.3737350
vn -0.5427117 -0.7690884 0.3375901
v 0.0125180 0.0287510 0.3729590
vn -0.7589281 0.0494235 0.6492962
v 0.0411520 -0.0354300 0.3374110
vn -0.3718893 -0.7402207 -0.5601532
v 0.0451520 -0.0410880 0.3286650
vn 0.6425776 -0.7255747 -0.2462425
v 0.0470350 -0.0411530 0.3294410
vn 0.2463845 -0.6561975 0.7132317
v 0.0457060 -0.0396880 0.3364780
vn 0.1753013 0.7058356 0.6863422
v 0.0457060 0.0396880 0.3364780
vn -0.7265361 0.0223351 0.6867653
v 0.0411520 0.0354300 0.3374110
vn -0.3224570 0.8191384 -0.4743773
v 0.0451520 0.0410880 0.3286650
vn 0.5455474 0.8109981 -0.2113294
v 0.0470350 0.0411530 0.3294410
vn -0.4517962 0.1954764 0.8704420
v 0.0824650 -0.1100100 0.1385290
vn -0.7633250 0.5496039 -0.3395153
v 0.0811720 -0.1096660 0.1336250
vn 0.2852572 -0.3171020 -0.9044749
v 0.0858740 -0.1139290 0.1289290
vn 0.6433597 -0.5018604 0.5781215
v 0.0867560 -0.1145930 0.1373480
vn -0.1075122 -0.2160033 0.9704554
v 0.0690390 -0.1131220 0.1160860
vn -0.9605523 0.0358689 0.2757766
v 0.0634420 -0.1124540 0.1143980
vn 0.2901401 -0.9205023 0.2617141
v 0.0718710 -0.1176600 0.1143180
vn -0.5336002 -0.4511142 -0.7153788
v 0.0660500 -0.1152540 0.1092820
vn 0.6398140 0.7638447 -0.0847310
v 0.0886450 0.1024820 0.1200780
vn 0.3583098 -0.4458234 -0.8202778
v 0.0902880 0.0941430 0.1184000
vn 0.3521041 0.4476837 -0.8219501
v 0.0919950 0.1033990 0.1283400
vn -0.9487306 0.2339825 0.2125145
v 0.0876510 0.0980430 0.1296720
vn -0.5146245 0.4587840 0.7243472
v 0.0831880 0.1008940 0.1235680
vn 0.6911032 0.6159181 0.3781816
v 0.0942760 0.1024640 0.1379090
vn -0.6276622 -0.2237876 0.7456268
v 0.0875410 0.0999710 0.1408680
vn -0.8894229 -0.0601592 -0.4531091
v 0.0881610 0.1013190 0.1310710
vn -0.8244812 -0.5651430 0.0290562
v 0.0859880 0.0933110 0.1247380
vn -0.1957211 -0.3149367 -0.9287132
v 0.0182920 -0.0371830 0.3595010
vn 0.8341720 -0.5510418 0.0225866
v 0.0234520 -0.0361830 0.3641320
vn 0.4403215 -0.0489633 0.8965042
v 0.0170480 -0.0326560 0.3744030
vn -0.5680219 0.7703317 0.2897244
v 0.0115160 -0.0296360 0.3734190
vn -0.5567102 -0.7702823 0.3110291
v 0.0115160 0.0296360 0.3734190
vn -0.1942651 0.3144186 -0.9291943
v 0.0182920 0.0371830 0.3595010
vn 0.8328928 0.5530541 0.0205137
v 0.0234520 0.0361830 0.3641320
vn 0.4301518 0.0320627 0.9021870
v 0.0170480 0.0326560 0.3744030
vn -0.7025353 -0.0690916 0.7082871
v 0.0800370 -0.1130240 0.1379950
vn -0.9701737 0.0763537 -0.2300721
v 0.0788110 -0.1126100 0.1336860
vn -0.1983074 -0.6119404 -0.7656390
v 0.0828020 -0.1167620 0.1291870
vn -0.0139378 -0.8895858 0.4565556
v 0.0833590 -0.1179980 0.1370260
vn 0.6127926 0.7902254 0.0053979
v 0.0835320 0.1071520 0.1160110
vn -0.3800599 0.3002030 0.8748901
v 0.0795050 0.1034030 0.1200680
vn 0.2712503 -0.3749621 -0.8864687
v 0.0829890 0.1009280 0.1124880
vn 0.6368465 0.5076935 0.5802361
v 0.0910710 0.1060580 0.1375260
vn 0.4221587 0.2877659 -0.8596354
v 0.0903290 0.1071080 0.1288990
vn -0.6671000 -0.7402840 0.0834107
v 0.0793640 0.0991020 0.1182030
vn -0.6493850 -0.2186672 0.7283432
v 0.0854580 0.1029430 0.1395470
vn -0.7360991 -0.4405701 -0.5138640
v 0.0859510 0.1040550 0.1323860
vn -0.1679153 -0.3291748 -0.9292192
v 0.0172370 -0.0395020 0.3605070
vn 0.8392773 -0.5409127 0.0550190
v 0.0221670 -0.0380950 0.3648680
vn 0.4271299 -0.0296098 0.9037054
v 0.0155240 -0.0338740 0.3750690
vn -0.5793653 0.7708525 0.2648063
v 0.0105150 -0.0305200 0.3738780
vn 0.4175167 0.0140892 0.9085600
v 0.0155240 0.0338740 0.3750690
vn -0.5693054 -0.7711025 0.2851180
v 0.0105150 0.0305200 0.3738780
vn -0.1678360 0.3273681 -0.9298716
v 0.0172370 0.0395020 0.3605070
vn 0.8382505 0.5424314 0.0557166
v 0.0221670 0.0380950 0.3648680
vn 0.6636575 0.7446319 0.0712882
v 0.0774250 0.1119370 0.1134460
vn -0.2014129 0.1150060 0.9727315
v 0.0737490 0.1076320 0.1166080
vn -0.6473001 -0.7598542 0.0602018
v 0.0711790 0.1049910 0.1140250
vn 0.0872265 -0.1486373 -0.9850373
v 0.0747390 0.1078510 0.1081060
vn 0.6598108 0.3447820 0.6676639
v 0.0884890 0.1101430 0.1375930
vn -0.5670472 -0.1904754 0.8013593
v 0.0840770 0.1064600 0.1386810
vn 0.4280995 0.2328146 -0.8732287
v 0.0884020 0.1107240 0.1288290
vn -0.7331762 -0.4909148 -0.4705904
v 0.0835720 0.1068600 0.1330560
vn -0.3464780 -0.8211740 -0.4534604
v 0.0161830 -0.0418200 0.3615130
vn 0.5367540 -0.8068368 0.2467986
v 0.0208820 -0.0400070 0.3656030
vn -0.1604339 -0.5341746 0.8300111
v 0.0140000 -0.0350920 0.3757360
vn -0.9059110 0.1723841 0.3867932
v 0.0095130 -0.0314040 0.3743380
vn 0.5954711 0.7751851 0.2109554
v 0.0208820 0.0400070 0.3656030
vn -0.1007674 0.4400682 0.8922925
v 0.0140000 0.0350920 0.3757360
vn -0.8843016 -0.2314511 0.4055134
v 0.0095130 0.0314040 0.3743380
vn -0.3237927 0.7993375 -0.5061797
v 0.0161830 0.0418200 0.3615130
vn -0.1075122 0.2160032 0.9704554
v 0.0690390 0.1131220 0.1160860
vn 0.2901401 0.9205023 0.2617141
v 0.0718710 0.1176600 0.1143180
vn -0.9605523 -0.0358689 0.2757765
v 0.0634420 0.1124540 0.1143980
vn -0.5336002 0.4511142 -0.7153788
v 0.0660500 0.1152540 0.1092820
vn 0.6433597 0.5018604 0.5781215
v 0.0867560 0.1145930 0.1373480
vn -0.4517963 -0.1954764 0.8704420
v 0.0824650 0.1100100 0.1385290
vn -0.7633250 -0.5496039 -0.3395153
v 0.0811720 0.1096660 0.1336250
vn 0.2852571 0.3171019 -0.9044749
v 0.0858740 0.1139290 0.1289290
vn -0.0517162 0.8942574 0.4445550
v 0.0833590 0.1179980 0.1370260
vn -0.7226244 0.1097488 0.6824728
v 0.0800370 0.1130240 0.1379950
vn -0.9772558 -0.0110967 -0.2117733
v 0.0788110 0.1126100 0.1336860
vn -0.2181636 0.6216962 -0.7522624
v 0.0828020 0.1167620 0.1291870
vn 0.8470764 0.5103877 0.1482092
v -0.0719070 0.0340720 0.2909380
vn 0.1203308 0.0471058 0.9916157
v -0.0743150 0.0375610 0.2956110
vn 0.1619800 -0.2567793 0.9527995
v -0.0641230 0.0228150 0.2926260
vn 0.8199566 -0.0277864 -0.5717510
v -0.0773000 0.0521970 0.2838360
vn 0.9786543 0.2006506 0.0444423
v -0.0773890 0.0523470 0.2900200
vn 0.7385929 0.5344349 0.4109256
v -0.0710380 0.0346450 0.2855240
vn 0.8561411 -0.3949798 0.3331866
v -0.0586650 0.0212700 0.2884010
vn 0.3837987 0.2466196 0.8898749
v -0.0781650 0.0556690 0.2924980
vn -0.7031363 -0.3760873 0.6034548
v -0.0773900 0.0347110 0.2908160
vn -0.2138161 -0.8464078 0.4877259
v -0.0655180 0.0202750 0.2887780
vn -0.0964949 -0.4372187 -0.8941636
v -0.0826580 0.0673870 0.2751530
vn 0.9050993 -0.2023708 -0.3739538
v -0.0789260 0.0699120 0.2770610
vn -0.4269704 -0.5231231 -0.7375897
v -0.0820120 0.0492230 0.2833280
vn 0.9998549 0.0145313 -0.0088946
v -0.0792800 0.0709120 0.2853270
vn 0.0596744 0.9244915 -0.3765030
v -0.0725800 0.0380830 0.2843550
vn 0.9687672 -0.1013169 -0.2263293
v -0.0582380 0.0223980 0.2842020
vn 0.3826917 0.2752074 0.8819343
v -0.0792740 0.0736970 0.2856920
vn -0.7787773 -0.0236610 0.6268541
v -0.0826830 0.0532580 0.2903710
vn -0.8706989 -0.4853135 -0.0797132
v -0.0781750 0.0339760 0.2891820
vn -0.2928419 -0.9545453 -0.0555605
v -0.0661650 0.0184410 0.2853340
vn -0.9068575 0.1337731 -0.3996427
v -0.0842150 0.0857000 0.2663910
vn 0.0186774 -0.4016884 -0.9155859
v -0.0819020 0.0841460 0.2647050
vn -0.9756836 -0.1132657 -0.1876498
v -0.0859990 0.0696120 0.2776620
vn 0.8817908 -0.4230636 -0.2084758
v -0.0768370 0.0877930 0.2712110
vn -0.9244525 -0.2858112 -0.2523876
v -0.0837070 0.0509470 0.2840840
vn 0.9426050 -0.1438719 0.3013251
v -0.0768630 0.0883380 0.2781010
vn 0.1685318 -0.3633550 -0.9162806
v -0.0629140 0.0212660 0.2795340
vn -0.2117345 0.4146541 0.8850031
v -0.0771990 0.0916930 0.2783370
vn -0.8043122 0.2293550 0.5481589
v -0.0843670 0.0720360 0.2832250
vn -0.6645930 0.6699808 0.3308201
v -0.0706580 0.1046320 0.2712050
vn -0.6845058 0.3573733 -0.6354024
v -0.0736740 0.1012210 0.2599840
vn -0.8447812 0.4689319 0.2577744
v -0.0823220 0.0890780 0.2738190
vn 0.1786476 -0.4254496 -0.8871740
v -0.0728870 0.1011100 0.2598220
vn 0.6827469 -0.6917343 -0.2352880
v -0.0668300 0.1022150 0.2645260
vn 0.5407031 -0.1319385 0.8308023
v -0.0670540 0.1039200 0.2741130
vn -0.2536881 0.5900666 0.7664619
v -0.0669760 0.1055000 0.2734680
vn 0.0878717 0.4015720 0.9116022
v -0.0528830 0.1172210 0.2679180
vn -0.4977067 0.7874177 0.3636779
v -0.0567210 0.1171990 0.2661710
vn -0.5933694 0.4958900 -0.6340393
v -0.0600920 0.1149470 0.2555430
vn 0.0953525 -0.4514420 -0.8871911
v -0.0595040 0.1144000 0.2554680
vn 0.5193257 -0.8281631 -0.2108240
v -0.0536210 0.1145200 0.2596620
vn 0.6195846 -0.4820484 0.6194710
v -0.0537860 0.1154520 0.2682030
vn 0.5625576 -0.6577197 0.5009329
v -0.0386440 0.1248480 0.2613160
vn 0.2512248 0.3889742 0.8863325
v -0.0379710 0.1271070 0.2619230
vn -0.3420692 0.8777562 0.3354589
v -0.0411080 0.1272440 0.2609800
vn -0.5155008 0.7142308 -0.4734271
v -0.0436750 0.1250080 0.2513080
vn -0.1975894 -0.2648516 -0.9438285
v -0.0431960 0.1239900 0.2505520
vn 0.3309215 -0.9108186 -0.2467803
v -0.0389000 0.1234630 0.2525070
vn 0.1316269 -0.7485108 -0.6499277
v -0.0232380 0.1294710 0.2446680
vn 0.4026891 -0.8173077 0.4121282
v -0.0224920 0.1304290 0.2537310
vn 0.3794142 0.0214331 0.9249787
v -0.0213130 0.1321550 0.2544300
vn -0.1046492 0.9166762 0.3856854
v -0.0241380 0.1340530 0.2538300
vn -0.3470036 0.3166360 -0.8827968
v -0.0262300 0.1309680 0.2442700
vn -0.4519019 0.4879867 -0.7467622
v -0.0086990 0.1347090 0.2365370
vn -0.2523075 -0.6161420 -0.7461300
v -0.0083950 0.1336200 0.2368100
vn 0.0345153 -0.9805484 -0.1932191
v -0.0061690 0.1325490 0.2382510
vn -0.0571713 0.9845707 0.1653846
v -0.0069600 0.1369960 0.2451670
vn 0.2958077 -0.8645561 0.4062520
v -0.0053870 0.1335590 0.2467100
vn 0.4117238 0.1287485 0.9021682
v -0.0040590 0.1349110 0.2473390
vn 0.0713593 0.9915174 0.1086335
v 0.0107460 0.1373510 0.2369460
vn -0.3278903 0.4924183 -0.8062334
v 0.0090720 0.1360680 0.2283180
vn -0.3372897 -0.5975092 -0.7274740
v 0.0094050 0.1348350 0.2288460
vn -0.1818091 -0.9409274 -0.2856590
v 0.0102060 0.1338990 0.2296050
vn 0.4150021 0.2154416 0.8839447
v 0.0129160 0.1359570 0.2392230
vn 0.1703758 -0.9101647 0.3775876
v 0.0114140 0.1345600 0.2383290
vn 0.4075963 0.0361053 0.9124482
v 0.0302800 0.1339700 0.2320510
vn 0.2363981 0.9442013 0.2293467
v 0.0287750 0.1354340 0.2307300
vn 0.0363787 0.9678650 -0.2488250
v 0.0270780 0.1349640 0.2206840
vn -0.4247182 0.1896643 -0.8852355
v 0.0260000 0.1342320 0.2192930
vn -0.2653086 -0.9339867 -0.2393332
v 0.0267480 0.1318570 0.2219540
vn 0.0237121 -0.9242154 0.3811347
v 0.0286040 0.1328740 0.2309320
vn -0.1694494 -0.9322321 0.3197345
v 0.0448740 0.1286810 0.2225930
vn 0.4401911 0.0884566 0.8935364
v 0.0471350 0.1297190 0.2246620
vn 0.3490189 0.9311779 0.1053266
v 0.0461780 0.1304430 0.2233710
vn 0.1666228 0.9254794 -0.3401835
v 0.0446730 0.1310250 0.2129850
vn -0.3762367 0.1511815 -0.9141062
v 0.0436420 0.1302790 0.2121200
vn -0.4263101 -0.8628888 -0.2714454
v 0.0433230 0.1281740 0.2145790
vn -0.5709184 -0.8183680 -0.0657731
v 0.0593690 0.1208570 0.2087580
vn -0.2794414 -0.8428192 0.4599656
v 0.0612340 0.1218370 0.2161470
vn 0.4454611 0.0979578 0.8899262
v 0.0631820 0.1226200 0.2174850
vn 0.5184870 0.8528211 0.0621885
v 0.0625290 0.1239330 0.2149870
vn 0.3396777 0.8353830 -0.4321508
v 0.0606390 0.1230110 0.2046360
vn -0.4149993 0.1720884 -0.8933986
v 0.0597980 0.1228410 0.2042130
vn -0.4811773 0.0957408 -0.8713795
v 0.0727250 0.1105120 0.1963220
vn -0.7027137 -0.7102976 0.0408749
v 0.0717440 0.1091690 0.2009230
vn 0.2862734 -0.1811894 0.9408602
v 0.0766920 0.1119150 0.2111830
vn 0.7029196 0.6995065 0.1288202
v 0.0775260 0.1130620 0.2085770
vn 0.3943285 0.7594529 -0.5174324
v 0.0747960 0.1112100 0.1974570
vn 0.6167885 -0.0686466 -0.7841299
v 0.0875340 0.0985130 0.1890050
vn -0.1393854 -0.7002240 -0.7001843
v 0.0848250 0.0966460 0.1895660
vn -0.2669319 -0.9633473 -0.0266364
v 0.0835790 0.0957180 0.1952030
vn -0.1195606 -0.7961980 0.5931054
v 0.0856490 0.0971630 0.2042590
vn 0.7357349 -0.4317297 0.5218272
v 0.0883970 0.0980000 0.2036940
vn 0.9858518 0.1675231 -0.0056757
v 0.0899840 0.1005190 0.1995160
vn 0.6280122 -0.4633281 0.6252422
v 0.0905170 0.1087860 0.1732040
vn 0.1006082 -0.5667961 -0.8176920
v 0.0867290 0.1061080 0.1591750
vn 0.6852167 0.2223684 -0.6935636
v 0.0887680 0.1091700 0.1602140
vn -0.0992901 -0.6332380 0.7675619
v 0.0861630 0.1114200 0.1750560
vn -0.2062831 -0.9781430 0.0261434
v 0.0845640 0.1045110 0.1659890
vn 0.6211217 0.7770409 0.1020555
v 0.0778660 0.1212100 0.1788710
vn 0.7066797 0.6525086 0.2735624
v 0.0769020 0.1206770 0.1809140
vn 0.9578900 0.2864260 -0.0201714
v 0.0917330 0.1112640 0.1700630
vn -0.5647135 -0.8104428 0.1558245
v 0.0725420 0.1168350 0.1730460
vn -0.5082908 0.1369041 -0.8502339
v 0.0733580 0.1179100 0.1664460
vn 0.3217161 0.8378761 -0.4409790
v 0.0750090 0.1184360 0.1679500
vn -0.7069153 -0.4445356 -0.5501444
v 0.0745040 0.1229790 0.1831530
vn 0.2547027 0.8857606 -0.3880138
v 0.0627300 0.1283850 0.1772650
vn 0.5411608 0.7482582 0.3837379
v 0.0633550 0.1295470 0.1881490
vn 0.3878675 -0.0884612 0.9174603
v 0.0616000 0.1291590 0.1896340
vn -0.0217639 -0.8696957 0.4931083
v 0.0589310 0.1292000 0.1899620
vn -0.4594626 -0.8880385 0.0167879
v 0.0593000 0.1256990 0.1822690
vn -0.5075060 0.2156838 -0.8342171
v 0.0601680 0.1280030 0.1763860
vn -0.5095509 0.0587351 -0.8584335
v 0.0444110 0.1337760 0.1856400
vn 0.0688204 0.9237136 -0.3768513
v 0.0474190 0.1341430 0.1854580
vn 0.3744864 0.8553031 0.3580733
v 0.0467960 0.1340670 0.1964290
vn 0.3531546 -0.2725592 0.8949823
v 0.0447550 0.1335140 0.1984590
vn -0.0526461 -0.9698969 0.2377571
v 0.0434500 0.1335910 0.1983190
vn -0.2790135 -0.9587394 -0.0545000
v 0.0443080 0.1314140 0.1910390
vn -0.0987201 -0.9924148 -0.0732618
v 0.0275270 0.1342380 0.1977520
vn -0.4283078 -0.2898422 -0.8558878
v 0.0273290 0.1355060 0.1932100
vn -0.1106161 0.8847561 -0.4527370
v 0.0308680 0.1371060 0.1928480
vn 0.2985280 0.7917596 0.5329144
v 0.0301740 0.1366480 0.2053340
vn 0.4036020 -0.3221501 0.8563438
v 0.0273920 0.1360060 0.2070080
vn 0.1125817 -0.9535713 0.2793335
v 0.0269980 0.1354940 0.2059590
vn 0.2088307 -0.9326124 0.2943192
v 0.0110530 0.1346380 0.2146210
vn 0.0207352 -0.9958201 -0.0889519
v 0.0112780 0.1338070 0.2061350
vn -0.4597590 -0.1012704 -0.8822505
v 0.0101090 0.1353780 0.2012390
vn -0.1960520 0.9180924 -0.3444850
v 0.0141150 0.1362500 0.2001990
vn 0.1649569 0.8906142 0.4237871
v 0.0131160 0.1362480 0.2137770
vn 0.4153315 -0.0836809 0.9058130
v 0.0102380 0.1351250 0.2160150
vn 0.4383732 -0.0243913 0.8984621
v -0.0075020 0.1334310 0.2238770
vn 0.1991896 -0.9655355 0.1675257
v -0.0055970 0.1333620 0.2217620
vn 0.0642132 -0.9877188 -0.1424371
v -0.0055300 0.1319740 0.2128970
vn -0.2318754 -0.6991410 -0.6763399
v -0.0061930 0.1336730 0.2092530
vn -0.3723688 0.5240636 -0.7659627
v -0.0027220 0.1351720 0.2071300
vn 0.0605119 0.9348506 0.3498466
v -0.0040920 0.1343450 0.2216050
vn -0.0218632 0.9060571 0.4225903
v -0.0215250 0.1321060 0.2287830
vn 0.3239103 0.1251250 0.9377771
v -0.0248730 0.1300100 0.2316630
vn 0.3806722 -0.8455161 0.3744211
v -0.0216110 0.1300250 0.2293350
vn 0.1401620 -0.9687499 -0.2046418
v -0.0212640 0.1292190 0.2211610
vn -0.0297363 -0.7745829 -0.6317730
v -0.0239830 0.1315650 0.2174600
vn -0.4064053 0.6716222 -0.6194824
v -0.0192280 0.1338780 0.2148810
vn -0.4338845 0.8246548 -0.3628896
v -0.0353410 0.1292980 0.2223040
vn -0.2171783 0.9249052 0.3120639
v -0.0383260 0.1267040 0.2355840
vn -0.0191119 0.5912610 0.8062538
v -0.0424550 0.1247850 0.2383070
vn 0.4983399 -0.6732612 0.5462388
v -0.0377640 0.1248850 0.2359280
vn 0.2171343 -0.8939654 -0.3920185
v -0.0383080 0.1242280 0.2255360
vn 0.0290757 -0.5652412 -0.8244132
v -0.0409310 0.1259190 0.2238320
vn -0.4688086 0.8832337 -0.0108123
v -0.0509990 0.1226810 0.2290570
vn -0.6984139 0.1803859 -0.6925886
v -0.0580110 0.1182530 0.2270940
vn -0.4348223 0.8279670 0.3541190
v -0.0549510 0.1184710 0.2401110
vn -0.0080481 0.3692601 0.9292912
v -0.0587150 0.1148570 0.2428340
vn 0.5750707 -0.7040381 0.4166823
v -0.0532910 0.1160240 0.2399610
vn 0.4449940 -0.8277748 -0.3417151
v -0.0532780 0.1155640 0.2316370
vn -0.6324547 -0.1331424 -0.7630689
v -0.0713030 0.1047660 0.2314400
vn -0.6054578 0.6642548 -0.4383906
v -0.0658720 0.1120930 0.2317150
vn 0.6353837 -0.7204083 -0.2780277
v -0.0672320 0.1042660 0.2359990
vn -0.5117623 0.7107398 0.4826472
v -0.0697810 0.1071000 0.2444790
vn -0.1206911 0.3943612 0.9109955
v -0.0733300 0.1021460 0.2467070
vn 0.6820514 -0.6311669 0.3693700
v -0.0673960 0.1045850 0.2432900
vn 0.9295729 -0.3686113 -0.0044494
v -0.0762850 0.0902310 0.2432540
vn -0.3957271 -0.3888967 -0.8319612
v -0.0809520 0.0895070 0.2351560
vn -0.7726396 0.4997857 -0.3914618
v -0.0791390 0.0999600 0.2364650
vn 0.3909437 0.3461090 0.8528608
v -0.0790230 0.0918050 0.2499420
vn -0.8608406 0.4958763 0.1142819
v -0.0829440 0.0937880 0.2440310
vn -0.5797403 0.4295904 0.6923534
v -0.0841620 0.0873850 0.2517910
vn 0.6244491 0.1967270 0.7558848
v -0.0822400 0.0743560 0.2558730
vn 0.9777166 -0.1386909 -0.1575916
v -0.0804430 0.0725580 0.2483420
vn 0.0425926 -0.4515616 -0.8912228
v -0.0835270 0.0722630 0.2436300
vn -0.6447970 -0.0548355 -0.7623844
v -0.0856250 0.0832160 0.2401170
vn -0.5821233 0.2634573 0.7692352
v -0.0859380 0.0684490 0.2581070
vn -0.9951878 0.0842895 0.0499661
v -0.0877770 0.0766880 0.2499660
vn -0.1042648 0.2051525 0.9731604
v -0.0826410 0.0500050 0.2650250
vn 0.8654447 0.2178100 0.4511810
v -0.0817010 0.0563380 0.2612050
vn 0.9659831 0.1124014 -0.2329005
v -0.0786330 0.0550210 0.2550810
vn 0.9742553 0.1619159 -0.1568751
v -0.0828000 0.0549530 0.2521410
vn -0.4646827 -0.3315679 -0.8210559
v -0.0852140 0.0658850 0.2471760
vn -0.9945062 -0.0950518 0.0438476
v -0.0876130 0.0582640 0.2561390
vn -0.8975711 -0.3542763 -0.2624012
v -0.0849850 0.0391370 0.2597260
vn -0.4422991 -0.2312363 0.8665456
v -0.0800580 0.0307520 0.2693840
vn 0.6763406 0.3859334 0.6273905
v -0.0768340 0.0383690 0.2642290
vn 0.7476057 0.2617116 -0.6104038
v -0.0735020 0.0372110 0.2582280
vn 0.6400375 0.2152195 -0.7375857
v -0.0773120 0.0386960 0.2577830
vn -0.5176828 -0.3339393 -0.7877113
v -0.0840740 0.0485000 0.2543680
vn -0.4799159 -0.4851075 -0.7309935
v -0.0786880 0.0336020 0.2598260
vn -0.5760328 -0.8172398 -0.0174734
v -0.0755540 0.0244390 0.2643830
vn 0.3785451 -0.7574418 0.5319638
v -0.0651820 0.0211050 0.2656530
vn 0.3814068 0.1133728 0.9174288
v -0.0655530 0.0243060 0.2668190
vn 0.8859754 -0.3888144 -0.2527273
v -0.0635500 0.0220390 0.2610000
vn 0.3486446 -0.4171466 -0.8393067
v -0.0658990 0.0226830 0.2575280
vn -0.5212252 -0.7936925 -0.3136503
v -0.0505010 0.0187160 0.1619320
vn 0.4415862 -0.3505033 0.8259232
v -0.0390220 0.0211760 0.1722760
vn -0.8040146 -0.3388244 0.4886293
v -0.0516590 0.0209820 0.1658290
vn 0.6783330 -0.5873643 -0.4414380
v -0.0400460 0.0185510 0.1616380
vn 0.9606757 -0.2643551 0.0849622
v -0.0376770 0.0215390 0.1691370
vn -0.9339888 -0.0208696 0.3566923
v -0.0516680 0.0283800 0.1622100
vn -0.6693296 -0.4134368 -0.6173069
v -0.0506320 0.0256100 0.1583920
vn 0.8932841 0.4199829 -0.1601806
v -0.0411380 0.0278270 0.1657290
vn 0.1725820 0.5241538 0.8339534
v -0.0427490 0.0281040 0.1699060
vn 0.2587916 -0.4670574 -0.8455083
v -0.0453600 0.0230370 0.1583470
vn -0.1080931 0.4690016 0.8765577
v -0.0473940 0.0343240 0.1658250
vn -0.9617346 -0.0348381 0.2717589
v -0.0537820 0.0356600 0.1588480
vn -0.7106444 -0.4441634 -0.5456221
v -0.0525890 0.0327210 0.1553550
vn 0.5211551 -0.0910976 -0.8485863
v -0.0477680 0.0303520 0.1559150
vn 0.8688164 0.4928521 0.0474855
v -0.0452780 0.0340750 0.1634300
vn 0.9286752 0.3327884 0.1637509
v -0.0468760 0.0407290 0.1592070
vn -0.3182427 0.5327411 0.7841610
v -0.0508530 0.0411880 0.1614820
vn -0.9838315 0.1335514 0.1193303
v -0.0540960 0.0422760 0.1539120
vn -0.6611747 -0.4099818 -0.6283017
v -0.0533220 0.0392050 0.1510190
vn 0.5674486 -0.2884469 -0.7712331
v -0.0507930 0.0368090 0.1525400
vn 0.6080534 -0.3936403 -0.6894334
v -0.0512470 0.0437050 0.1484890
vn 0.9555516 0.2180621 0.1984191
v -0.0476170 0.0468430 0.1542940
vn -0.3094597 0.6180379 0.7226783
v -0.0508830 0.0474600 0.1556870
vn -0.9762994 0.2029292 0.0752277
v -0.0532540 0.0488700 0.1490370
vn -0.6733600 -0.3945072 -0.6252602
v -0.0528570 0.0459340 0.1467760
vn -0.9026701 -0.1541002 -0.4017957
v -0.0531380 0.0521440 0.1418970
vn 0.0090150 -0.7398163 -0.6727485
v -0.0522480 0.0495090 0.1433160
vn 0.8512377 0.2999328 0.4306214
v -0.0479000 0.0536990 0.1502030
vn -0.4846320 0.5997388 0.6367458
v -0.0506060 0.0541510 0.1501060
vn -0.9163538 0.3839111 0.1136141
v -0.0518300 0.0555650 0.1444200
vn -0.8434796 0.5343792 -0.0545991
v -0.0488180 0.0610390 0.1390360
vn -0.8874304 0.0429881 -0.4589328
v -0.0504880 0.0578010 0.1369740
vn 0.2032523 -0.6907042 -0.6939858
v -0.0503190 0.0553360 0.1383030
vn 0.9146569 0.0088281 0.4041347
v -0.0464790 0.0595730 0.1450490
vn -0.2828373 0.7252694 0.6276842
v -0.0484620 0.0612960 0.1453710
vn -0.1331103 0.7925710 0.5950738
v -0.0446720 0.0665760 0.1394560
vn -0.7821273 0.6230585 -0.0086605
v -0.0443680 0.0665850 0.1347760
vn -0.8512287 0.0829998 -0.5181900
v -0.0476510 0.0631190 0.1318290
vn 0.2854902 -0.7555694 -0.5895848
v -0.0477410 0.0609420 0.1333630
vn 0.9052740 -0.1470348 0.3985721
v -0.0443140 0.0650860 0.1396980
vn 0.8642839 -0.2411338 0.4414384
v -0.0407320 0.0697200 0.1345620
vn 0.0161931 0.8295432 0.5582078
v -0.0404020 0.0716990 0.1337540
vn -0.7181823 0.6924912 -0.0683386
v -0.0400400 0.0715260 0.1297060
vn -0.7213996 0.1444041 -0.6772962
v -0.0434450 0.0678770 0.1270350
vn 0.2639916 -0.7937681 -0.5479422
v -0.0434680 0.0654210 0.1284580
vn 0.2068823 -0.5867195 -0.7829176
v -0.0389800 0.0700350 0.1240230
vn 0.9152531 -0.0129475 0.4026714
v -0.0366530 0.0727250 0.1284320
vn -0.2811318 0.9455435 0.1640499
v -0.0380890 0.0732590 0.1284990
vn 0.9154456 0.3771439 -0.1404344
v -0.0360000 0.0735980 0.1264920
vn 0.0484700 0.9097729 -0.4122670
v -0.0370980 0.0739650 0.1260080
vn 0.0462840 0.4984979 -0.8656545
v -0.0386210 0.0725450 0.1235290
vn 0.8547326 0.1546864 0.4954840
v 0.0824210 0.1214760 0.1387830
vn 0.3075589 -0.5838094 -0.7513815
v 0.0788590 0.1130310 0.1296900
vn 0.6431819 0.6110301 -0.4614752
v 0.0811920 0.1217060 0.1358480
vn 0.1095981 -0.6554865 0.7472120
v 0.0795920 0.1205730 0.1384740
vn 0.3483582 -0.9169713 0.1944487
v 0.0789550 0.1128630 0.1317430
vn 0.2338001 0.9558849 -0.1778249
v 0.0660180 0.1279160 0.1442150
vn 0.4960898 0.2267020 0.8381534
v 0.0658650 0.1277490 0.1467980
vn -0.1288855 0.4261933 -0.8954037
v 0.0720230 0.1211060 0.1309900
vn -0.1945948 -0.9066762 0.3742609
v 0.0639600 0.1204370 0.1384190
vn -0.5724179 -0.6293950 -0.5255471
v 0.0635810 0.1203810 0.1361520
vn -0.2768655 0.5815621 -0.7649387
v 0.0572270 0.1268140 0.1397170
vn 0.1153717 -0.7736378 0.6230361
v 0.0639750 0.1266880 0.1456200
vn -0.2787791 0.6837171 -0.6743984
v 0.0419280 0.1307700 0.1490810
vn 0.2184024 0.9750133 0.0406136
v 0.0506250 0.1321460 0.1536740
vn 0.4861412 0.0089376 0.8738346
v 0.0493660 0.1312630 0.1567420
vn 0.1260854 -0.8684729 0.4794345
v 0.0487650 0.1303410 0.1551630
vn -0.0666418 -0.9428291 0.3265457
v 0.0488190 0.1258690 0.1469770
vn -0.5061793 -0.6979787 -0.5065653
v 0.0485130 0.1255650 0.1450640
vn -0.3958958 -0.6756167 -0.6219394
v 0.0323610 0.1286550 0.1535760
vn -0.3027425 0.6888039 -0.6587080
v 0.0253240 0.1316020 0.1575710
vn 0.0992997 0.9944657 0.0343155
v 0.0340870 0.1341910 0.1624060
vn 0.5107023 0.0605651 0.8576217
v 0.0322320 0.1329980 0.1664180
vn 0.1630673 -0.9054355 0.3919129
v 0.0328920 0.1322950 0.1644820
vn 0.0484407 -0.9586797 0.2803333
v 0.0338480 0.1290950 0.1571560
vn 0.1843249 -0.9450282 0.2700853
v 0.0178110 0.1296410 0.1662440
vn -0.2471044 -0.6819327 -0.6884092
v 0.0153960 0.1286490 0.1613750
vn -0.3789367 0.7164932 -0.5857001
v 0.0080790 0.1309880 0.1651730
vn 0.1152513 0.9072538 0.4044845
v 0.0180890 0.1336620 0.1723000
vn 0.4478644 -0.5569179 0.6994712
v 0.0144570 0.1312440 0.1752870
vn 0.1572786 -0.9777138 0.1390653
v 0.0158080 0.1317420 0.1720910
vn 0.3246565 -0.9118202 0.2513604
v -0.0012360 0.1283000 0.1793380
vn 0.2123458 -0.9748148 0.0681575
v -0.0000440 0.1267550 0.1721880
vn -0.1943699 -0.6274882 -0.7539755
v -0.0016760 0.1269200 0.1689940
vn -0.4468354 0.6279756 -0.6371694
v -0.0090330 0.1269470 0.1721460
vn 0.1260380 0.7902219 0.5997198
v 0.0015690 0.1314950 0.1813280
vn 0.4776042 -0.5257332 0.7039168
v -0.0035150 0.1286640 0.1836730
vn 0.5156434 -0.5133774 0.6859705
v -0.0209050 0.1233010 0.1919370
vn 0.4076607 -0.8733820 0.2664894
v -0.0180160 0.1231300 0.1861630
vn 0.3666982 -0.9200138 0.1382280
v -0.0159020 0.1222000 0.1809210
vn -0.1858078 -0.5885572 -0.7868137
v -0.0183950 0.1217280 0.1760220
vn -0.4901256 0.7159806 -0.4971405
v -0.0251830 0.1216920 0.1801830
vn 0.0515401 0.8002973 0.5973842
v -0.0152680 0.1274700 0.1892430
vn -0.0261222 0.7815451 0.6233017
v -0.0315930 0.1218270 0.1971000
vn 0.5467734 -0.4527617 0.7043051
v -0.0378560 0.1167960 0.2000860
vn 0.4380414 -0.8775162 0.1951541
v -0.0339840 0.1178810 0.1943820
vn 0.4163688 -0.9029901 0.1060468
v -0.0322150 0.1164530 0.1882030
vn -0.1419947 -0.4945195 -0.8574893
v -0.0347390 0.1162300 0.1835170
vn -0.5703731 0.6336126 -0.5226946
v -0.0412450 0.1147440 0.1868000
vn -0.6300840 0.5243429 -0.5727642
v -0.0559670 0.1051750 0.1928080
vn -0.1609987 0.7150494 0.6802822
v -0.0475880 0.1146990 0.2042370
vn 0.5191779 -0.3979254 0.7563794
v -0.0542670 0.1073750 0.2060490
vn 0.5685601 -0.7984325 0.1981037
v -0.0497820 0.1097090 0.2000480
vn 0.5689383 -0.8049473 0.1684317
v -0.0478990 0.1084150 0.1943390
vn 0.0360573 -0.5545564 -0.8313646
v -0.0498250 0.1072180 0.1896820
vn 0.2945463 -0.5857897 -0.7550450
v -0.0634290 0.0963280 0.1956940
vn -0.6976756 0.3859862 -0.6035424
v -0.0695300 0.0938690 0.1979810
vn -0.4185654 0.6769043 0.6054779
v -0.0623670 0.1038070 0.2079070
vn 0.5863127 -0.3246254 0.7421966
v -0.0682930 0.0948990 0.2097280
vn 0.6916206 -0.7094464 0.1354501
v -0.0635800 0.0987830 0.2052980
vn 0.6984061 -0.6978528 0.1588408
v -0.0622480 0.0978900 0.1992670
vn 0.8521554 -0.4844769 0.1977708
v -0.0734130 0.0849650 0.2049140
vn 0.3477404 -0.4917541 -0.7982823
v -0.0739410 0.0826110 0.2001530
vn -0.8009160 0.1495640 -0.5797967
v -0.0795240 0.0801190 0.2033330
vn -0.5753329 0.6970600 0.4279011
v -0.0752700 0.0912570 0.2116560
vn 0.1554349 0.3926498 0.9064580
v -0.0800500 0.0823980 0.2153140
vn 0.6347693 -0.0052430 0.7726839
v -0.0745220 0.0868480 0.2124490
vn 0.9616502 -0.2534757 0.1047807
v -0.0825420 0.0729970 0.2191240
vn 0.9742938 -0.2040618 0.0954477
v -0.0801150 0.0705730 0.2115060
vn 0.1174062 -0.5412478 -0.8326263
v -0.0813110 0.0685560 0.2073680
vn -0.8777824 -0.2082777 -0.4314145
v -0.0850400 0.0665360 0.2120960
vn -0.7690341 0.5807615 0.2670256
v -0.0857840 0.0781550 0.2182300
vn 0.2161917 0.4493227 0.8668162
v -0.0843240 0.0685510 0.2243880
vn -0.1748629 0.4829205 0.8580273
v -0.0847260 0.0531060 0.2331860
vn 0.8775908 0.2810961 0.3883547
v -0.0812560 0.0579280 0.2262700
vn 0.9979817 0.0466546 -0.0430820
v -0.0802930 0.0566160 0.2209150
vn 0.3555133 -0.5575551 -0.7501618
v -0.0810830 0.0558230 0.2179680
vn -0.7258683 -0.4120888 -0.5507251
v -0.0839680 0.0532840 0.2223350
vn -0.9789495 0.1574856 0.1298313
v -0.0878270 0.0627500 0.2252490
vn -0.9896884 -0.0782433 0.1199786
v -0.0869530 0.0472300 0.2322250
vn 0.0400489 0.3554714 0.9338288
v -0.0805000 0.0382370 0.2418440
vn 0.8725975 0.3641921 0.3254809
v -0.0790850 0.0427520 0.2331470
vn 0.9537977 0.2890632 -0.0819296
v -0.0776870 0.0427040 0.2297920
vn 0.4200075 -0.3634135 -0.8315794
v -0.0789390 0.0429260 0.2279630
vn -0.6400684 -0.5275207 -0.5586004
v -0.0829950 0.0385850 0.2299470
vn -0.3494483 -0.5072601 -0.7877646
v -0.0761990 0.0256490 0.2342930
vn -0.9160781 -0.3481899 -0.1989090
v -0.0841690 0.0310560 0.2362210
vn -0.2366447 -0.2017805 0.9504125
v -0.0757930 0.0220420 0.2468860
vn 0.6422989 0.5838813 0.4965226
v -0.0725520 0.0282220 0.2385890
vn 0.7748462 0.4565585 -0.4372273
v -0.0710330 0.0282980 0.2349960
vn 0.1916995 -0.2015566 -0.9605344
v -0.0738810 0.0291300 0.2339280
vn 0.1433828 -0.5293624 -0.8361919
v -0.0629280 0.0145490 0.2351690
vn 0.6660402 0.7457054 -0.0177177
v -0.0645380 0.0152800 0.2353280
vn -0.5386426 -0.8425307 0.0025211
v -0.0746460 0.0190980 0.2415290
vn 0.5487207 -0.3499807 0.7592227
v -0.0610010 0.0161030 0.2417140
vn 0.8290907 0.5561174 -0.0578120
v -0.0597520 0.0170700 0.2383810
vn 0.9245830 -0.2935559 -0.2428401
v -0.0593420 0.0161250 0.2381410
vn 0.3114663 -0.8766566 0.3666906
v 0.0084800 0.0340110 0.3745540
vn 0.9538185 -0.2719885 -0.1274856
v 0.0200980 0.0414640 0.3663510
vn 0.8932323 0.2473508 0.3754380
v 0.0161110 0.0476850 0.3711620
vn -0.6111724 -0.7110634 -0.3476450
v 0.0034430 0.0346640 0.3723430
vn 0.1726719 -0.5227233 0.8348322
v 0.0054300 0.0378870 0.3774850
vn 0.2051715 -0.0594652 -0.9769179
v 0.0169830 0.0424470 0.3629720
vn 0.1026974 0.6513830 -0.7517669
v 0.0142100 0.0489880 0.3672520
vn 0.8836160 0.2211304 0.4127035
v 0.0124820 0.0542500 0.3756940
vn 0.2076769 0.7027214 -0.6804800
v 0.0116530 0.0549800 0.3724060
vn -0.8530818 -0.4907136 -0.1773463
v 0.0006140 0.0383330 0.3755140
vn 0.1143805 -0.5812681 0.8056330
v 0.0015750 0.0412480 0.3803690
vn -0.8102161 -0.4903539 -0.3210965
v -0.0019640 0.0420610 0.3788580
vn 0.8526066 0.4320024 0.2939999
v 0.0094150 0.0610970 0.3801010
vn 0.0530561 0.6676165 -0.7426125
v 0.0079380 0.0608100 0.3773300
vn -0.6911539 -0.5676014 -0.4473644
v -0.0056270 0.0448400 0.3822050
vn 0.0845620 -0.6909057 0.7179823
v -0.0028200 0.0440550 0.3834060
vn 0.6798356 0.6180648 0.3947399
v 0.0038890 0.0660790 0.3853450
vn -0.0952284 0.7548885 -0.6489029
v 0.0032750 0.0654260 0.3829900
vn -0.7141506 -0.5848162 -0.3846802
v -0.0104920 0.0469850 0.3853760
vn 0.1400559 -0.7001221 0.7001524
v -0.0071540 0.0466310 0.3866880
vn 0.5170619 0.6690114 0.5339201
v -0.0032040 0.0687130 0.3912290
vn -0.2335839 0.7795061 -0.5812132
v -0.0033390 0.0682070 0.3886110
vn -0.8583460 -0.4476011 -0.2507896
v -0.0142080 0.0496620 0.3889110
vn 0.1978520 -0.6772184 0.7086818
v -0.0111600 0.0495580 0.3899390
vn 0.3641853 0.5926066 0.7184612
v -0.0112040 0.0684040 0.3968960
vn -0.3558328 0.7845615 -0.5077857
v -0.0117790 0.0688690 0.3933300
vn -0.5505126 -0.7823095 -0.2914238
v -0.0154800 0.0517860 0.3937640
vn 0.4559423 -0.6140275 0.6442723
v -0.0142820 0.0521040 0.3941620
vn 0.2533062 0.5787201 0.7751897
v -0.0195390 0.0660180 0.4018480
vn -0.4725772 0.7336656 -0.4882680
v -0.0203070 0.0667270 0.3976010
vn -0.4018480 -0.4871483 -0.7753740
v -0.0202940 0.0535460 0.3969980
vn 0.3154788 -0.8123855 0.4904110
v -0.0185800 0.0527290 0.3981240
vn 0.1660304 0.5667271 0.8070033
v -0.0279190 0.0627450 0.4062220
vn -0.5479496 0.7677487 -0.3321345
v -0.0277610 0.0638400 0.4025970
vn -0.3784350 -0.2474391 -0.8919422
v -0.0267240 0.0538520 0.3992800
vn 0.3980534 -0.8897132 0.2235260
v -0.0241350 0.0515850 0.4013420
vn 0.1947049 0.4626476 0.8648973
v -0.0353360 0.0580040 0.4103850
vn -0.5982150 0.7606658 -0.2520445
v -0.0353260 0.0599520 0.4068830
vn -0.4131868 -0.2244210 -0.8825599
v -0.0314740 0.0512720 0.4019090
vn 0.4872132 -0.8697168 -0.0788424
v -0.0295610 0.0491580 0.4033680
vn 0.1647063 0.3508054 0.9218500
v -0.0415910 0.0524550 0.4146900
vn -0.6461192 0.7211862 -0.2498409
v -0.0431240 0.0554190 0.4099950
vn -0.2215053 -0.2695846 -0.9371551
v -0.0349470 0.0470310 0.4045850
vn 0.9040298 -0.4243015 0.0519464
v -0.0318900 0.0453020 0.4067320
vn -0.2698657 0.3491034 0.8973848
v -0.0498060 0.0481520 0.4178500
vn -0.6267810 0.6670793 -0.4026796
v -0.0495510 0.0498030 0.4122870
vn -0.1944898 -0.2316972 -0.9531475
v -0.0378370 0.0423350 0.4066350
vn 0.8515090 -0.5242956 -0.0068254
v -0.0342840 0.0404380 0.4081960
vn -0.6262984 -0.3425553 0.7002901
v -0.0535810 0.0415720 0.4160520
vn -0.9021711 0.0057019 -0.4313408
v -0.0548970 0.0430230 0.4118010
vn 0.0159914 -0.1049037 -0.9943538
v -0.0394080 0.0372830 0.4080280
vn 0.9880813 -0.1484916 0.0405661
v -0.0363090 0.0355580 0.4096980
vn 0.2032192 0.4125845 0.8879617
v -0.0447140 0.0381800 0.4162310
vn -0.6374402 -0.7314686 0.2421234
v -0.0488520 0.0373760 0.4136690
vn 0.1112940 0.1386787 -0.9840640
v -0.0399570 0.0319620 0.4079530
vn 0.9965920 -0.0664404 0.0488880
v -0.0377530 0.0302370 0.4093630
vn 0.1571730 -0.2061808 0.9658085
v -0.0427540 0.0299550 0.4148260
vn -0.9176293 -0.1973599 0.3449718
v -0.0451700 0.0303520 0.4128820
vn -0.0396412 0.4733354 -0.8799899
v -0.0413480 0.0268350 0.4064900
vn 0.9558247 -0.0736571 -0.2845590
v -0.0378760 0.0256920 0.4069370
vn -0.0959293 -0.7281153 0.6787089
v -0.0445520 0.0218420 0.4126420
vn -0.9539815 -0.2992973 0.0184521
v -0.0479820 0.0234630 0.4096400
vn -0.4604366 -0.1375730 -0.8769674
v -0.0448980 0.0234170 0.4034100
vn 0.5573451 -0.6349539 -0.5349767
v -0.0393320 0.0211030 0.4044270
vn -0.6411977 -0.5153846 -0.5685458
v 0.0403890 0.0427070 0.3310000
vn -0.5981891 0.0021078 -0.8013522
v 0.0372430 0.0554650 0.3342380
vn 0.7145728 0.4743091 -0.5142146
v 0.0397550 0.0559190 0.3345830
vn -0.0310385 -0.6230705 0.7815497
v 0.0415020 0.0407000 0.3380830
vn 0.3464340 -0.9086774 0.2329999
v 0.0421020 0.0400380 0.3368130
vn 0.5526887 -0.1574790 -0.8183738
v 0.0433320 0.0437010 0.3293710
vn -0.5152423 -0.0095569 -0.8569913
v 0.0310040 0.0663320 0.3383410
vn 0.6714489 0.6229113 -0.4014198
v 0.0331810 0.0669680 0.3390970
vn -0.1919460 -0.4659692 0.8637300
v 0.0384730 0.0503930 0.3429620
vn 0.8819793 0.1552719 0.4449754
v 0.0397480 0.0514170 0.3414670
vn 0.7848439 0.2527160 0.5658222
v 0.0340960 0.0615260 0.3459000
vn -0.3350584 0.0966631 -0.9372258
v 0.0233920 0.0762890 0.3420790
vn 0.6173143 0.7572637 -0.2132482
v 0.0251530 0.0767430 0.3433520
vn -0.2936624 -0.5631678 0.7724018
v 0.0332080 0.0595110 0.3465700
vn 0.6900690 0.3994678 0.6035150
v 0.0272720 0.0707680 0.3500770
vn -0.2054644 -0.5757583 0.7913829
v 0.0271690 0.0678500 0.3506020
vn -0.0918671 0.2568754 -0.9620683
v 0.0135810 0.0841620 0.3455610
vn 0.5751054 0.8138279 0.0832948
v 0.0147960 0.0839760 0.3475300
vn 0.5721163 0.5231745 0.6316419
v 0.0180370 0.0779390 0.3533220
vn -0.1927581 -0.6295882 0.7526374
v 0.0190550 0.0742970 0.3540300
vn -0.2385421 0.2216172 -0.9455070
v 0.0025650 0.0902920 0.3486660
vn 0.5394006 0.8360401 0.1004193
v 0.0038870 0.0905010 0.3514910
vn 0.5471604 0.5313641 0.6467361
v 0.0080350 0.0837490 0.3567530
vn -0.1454622 -0.6958799 0.7032723
v 0.0100660 0.0795770 0.3571890
vn -0.3979902 0.2909482 -0.8700305
v -0.0077780 0.0959590 0.3538980
vn 0.3985806 0.9117788 0.0989591
v -0.0062930 0.0970350 0.3570690
vn 0.5773072 0.4279306 0.6954077
v -0.0018930 0.0876940 0.3623270
vn 0.0357759 -0.8881952 0.4580715
v 0.0007210 0.0831270 0.3613770
vn -0.4616918 0.5690812 -0.6804317
v -0.0179420 0.0996440 0.3605680
vn 0.2410036 0.8619543 0.4460405
v -0.0159090 0.0993540 0.3657920
vn 0.5232565 0.3103777 0.7936425
v -0.0118110 0.0880940 0.3691700
vn 0.2471398 -0.8948890 0.3716122
v -0.0080970 0.0839610 0.3677230
vn -0.6950005 0.4821827 -0.5333613
v -0.0270000 0.0951020 0.3693050
vn 0.0913117 0.7618877 0.6412405
v -0.0254460 0.0941580 0.3740210
vn 0.5293420 0.1924313 0.8262974
v -0.0209930 0.0851530 0.3756530
vn 0.3899718 -0.9200636 0.0374834
v -0.0174380 0.0821890 0.3730070
vn -0.7626868 0.3166316 -0.5639622
v -0.0359040 0.0887230 0.3769640
vn -0.1591949 0.7726051 0.6146042
v -0.0354360 0.0882960 0.3811690
vn 0.5064169 0.1985085 0.8391284
v -0.0301510 0.0803890 0.3826320
vn 0.4723551 -0.8813012 -0.0137447
v -0.0259050 0.0785880 0.3791950
vn -0.8150685 0.3445748 -0.4657592
v -0.0441090 0.0812860 0.3845940
vn -0.1804081 0.6537255 0.7349122
v -0.0431060 0.0801910 0.3892890
vn 0.5826119 0.1361949 0.8012580
v -0.0374030 0.0730680 0.3889050
vn 0.6117887 -0.7649994 -0.2012226
v -0.0336040 0.0732150 0.3851350
vn -0.8671674 0.1654412 -0.4697340
v -0.0495520 0.0705780 0.3910130
vn -0.3626463 0.5052742 0.7830618
v -0.0488890 0.0691800 0.3956360
vn 0.6717597 0.1459863 0.7262416
v -0.0422400 0.0627870 0.3945710
vn 0.6887328 -0.5167035 -0.5085909
v -0.0397380 0.0650610 0.3903320
vn -0.8800273 0.1588604 -0.4475662
v -0.0536280 0.0587590 0.3954120
vn -0.3694752 0.3307706 0.8683772
v -0.0520580 0.0568540 0.4013660
vn 0.5531729 0.0718237 0.8299645
v -0.0459450 0.0520000 0.4002260
vn 0.8610036 -0.1937251 -0.4702588
v -0.0421140 0.0536400 0.3944890
vn -0.7137355 0.0135713 -0.7002839
v -0.0540700 0.0459840 0.3956350
vn -0.7238338 -0.2303714 0.6503797
v -0.0550740 0.0443620 0.4017060
vn 0.2638061 -0.2970385 0.9177007
v -0.0481110 0.0416720 0.4010250
vn 0.9603443 0.0454710 -0.2750842
v -0.0429500 0.0447290 0.3960160
vn -0.2147124 0.1194220 -0.9693488
v -0.0496950 0.0347300 0.3910570
vn -0.8673685 -0.2935199 -0.4018930
v -0.0516680 0.0375440 0.3926420
vn -0.3025480 -0.5190545 0.7994043
v -0.0461840 0.0337260 0.3953070
vn 0.9870807 -0.0118180 0.1597876
v -0.0420350 0.0340330 0.3950150
vn -0.4188218 -0.5166051 -0.7467982
v -0.0479380 0.0231480 0.3875380
vn -0.5955817 -0.4945457 0.6330143
v -0.0476050 0.0241760 0.3909720
vn 0.0866529 -0.9667937 0.2404190
v -0.0429100 0.0226750 0.3912470
vn 0.9151915 -0.3691022 0.1618274
v -0.0372180 0.0242290 0.3931910
vn 0.7940348 -0.5263376 0.3041012
v 0.0585450 0.0513570 0.3154490
vn 0.8667350 -0.3631447 -0.3419010
v 0.0595880 0.0537710 0.3067790
vn 0.8709937 0.4555904 -0.1838676
v 0.0538490 0.0693150 0.3104840
vn 0.0041735 -0.8295076 0.5584799
v 0.0554540 0.0501360 0.3168270
vn 0.9264828 0.2951276 0.2335153
v 0.0538260 0.0670470 0.3193340
vn -0.6668988 -0.6859230 -0.2911284
v 0.0549670 0.0535000 0.3066680
vn -0.0181302 -0.6212699 -0.7833869
v 0.0565020 0.0528190 0.3037910
vn -0.1916348 0.2769577 -0.9415787
v 0.0517730 0.0691010 0.3068320
vn 0.7650887 0.6108829 -0.2036206
v 0.0460210 0.0828650 0.3162260
vn -0.3257357 0.2157104 -0.9205245
v 0.0435390 0.0828550 0.3119680
vn -0.7850928 -0.5929163 0.1791078
v 0.0529320 0.0513240 0.3155460
vn 0.5504901 -0.1447789 0.8221921
v 0.0538400 0.0656540 0.3202300
vn 0.8332816 0.4858846 0.2637386
v 0.0471980 0.0817580 0.3232100
vn -0.9236088 -0.3424658 -0.1722325
v 0.0510250 0.0695620 0.3093240
vn -0.8058299 -0.4145240 0.4228570
v 0.0507340 0.0661510 0.3190720
vn -0.8092818 -0.5800174 -0.0929668
v 0.0433190 0.0830360 0.3147080
vn 0.6514305 0.7462789 -0.1367704
v 0.0354650 0.0946700 0.3211440
vn -0.2725822 0.1754501 -0.9460002
v 0.0333630 0.0947220 0.3179720
vn -0.7068655 -0.6651688 -0.2406069
v 0.0331030 0.0945600 0.3199880
vn 0.3515151 -0.1497015 0.9241356
v 0.0471490 0.0787590 0.3250940
vn 0.6898527 0.6714536 0.2706537
v 0.0364720 0.0927770 0.3284360
vn -0.6861377 -0.6572082 0.3119174
v 0.0444360 0.0791720 0.3238460
vn -0.6245090 -0.7723515 0.1160246
v 0.0343270 0.0892700 0.3277660
vn 0.5580171 0.8285737 -0.0456363
v 0.0228450 0.1047390 0.3240650
vn -0.1993755 0.2012698 -0.9590307
v 0.0209810 0.1051130 0.3216180
vn -0.5718709 -0.7304929 -0.3732878
v 0.0210270 0.1042760 0.3242160
vn -0.4627054 -0.8786578 0.1177464
v 0.0227700 0.0969760 0.3327080
vn 0.3674867 -0.1221462 0.9219728
v 0.0379440 0.0893900 0.3310120
vn 0.5609295 0.7189459 0.4104570
v 0.0239760 0.1016630 0.3330340
vn 0.2945238 -0.0902594 0.9513721
v 0.0261510 0.0978520 0.3350700
vn 0.3980155 0.9158576 0.0528071
v 0.0093770 0.1125630 0.3284190
vn -0.1845831 0.3877256 -0.9031046
v 0.0072030 0.1128800 0.3259320
vn -0.4234687 -0.7194402 -0.5505271
v 0.0074040 0.1120540 0.3269620
vn -0.3588550 -0.9333042 -0.0128981
v 0.0098670 0.1026060 0.3355020
vn 0.1309713 -0.2471311 0.9600900
v 0.0128030 0.1038510 0.3379050
vn 0.4323324 0.6688712 0.6047314
v 0.0102470 0.1088580 0.3367330
vn 0.1315280 0.9751270 0.1784032
v -0.0047570 0.1158500 0.3352010
vn -0.1560958 0.8976775 -0.4120791
v -0.0073920 0.1156690 0.3321670
vn -0.3248017 -0.0493198 -0.9444953
v -0.0072590 0.1146500 0.3313410
vn -0.0076523 -0.9984303 0.0554842
v -0.0034100 0.1056420 0.3400960
vn 0.3239309 -0.0881539 0.9419648
v -0.0007140 0.1085380 0.3418180
vn 0.2447283 0.6855937 0.6856161
v -0.0042580 0.1126440 0.3414090
vn -0.1075687 0.9590790 0.2619094
v -0.0197840 0.1136090 0.3400320
vn -0.2316937 0.9640330 0.1302244
v -0.0222020 0.1133100 0.3382810
vn -0.4461585 0.4538695 -0.7713268
v -0.0220330 0.1136210 0.3365420
vn 0.0834888 -0.9712741 -0.2228370
v -0.0170160 0.1049330 0.3436870
vn 0.3638355 -0.2114462 0.9071462
v -0.0145070 0.1074810 0.3469930
vn 0.0909852 0.6943683 0.7138448
v -0.0187040 0.1101990 0.3468020
vn -0.2160352 0.9010292 0.3761320
v -0.0337860 0.1087650 0.3463950
vn -0.4464146 0.8920627 0.0702717
v -0.0362510 0.1084330 0.3450840
vn -0.4687064 0.1411387 -0.8720058
v -0.0355910 0.1081070 0.3423620
vn 0.2443186 -0.9251618 -0.2904896
v -0.0297210 0.1014270 0.3495900
vn 0.4677851 -0.2875441 0.8357605
v -0.0277760 0.1031660 0.3520540
vn -0.0074810 0.7014976 0.7126326
v -0.0328980 0.1056720 0.3520360
vn -0.4889096 0.8597512 0.1476326
v -0.0463420 0.1009310 0.3531760
vn -0.5655730 0.8116763 0.1459755
v -0.0478370 0.0997600 0.3533240
vn -0.6765942 0.2099808 -0.7057821
v -0.0478130 0.1008850 0.3497710
vn 0.4650298 -0.8494837 -0.2492484
v -0.0407300 0.0951790 0.3570130
vn 0.5846995 -0.1528140 0.7967273
v -0.0397790 0.0966810 0.3583440
vn -0.0416582 0.6544735 0.7549365
v -0.0448300 0.0976180 0.3592000
vn -0.4182310 0.7426878 0.5229700
v -0.0565480 0.0913530 0.3618220
vn -0.7400240 0.6559015 0.1488549
v -0.0596860 0.0900700 0.3596210
vn -0.5974808 0.1880126 -0.7795306
v -0.0584600 0.0913800 0.3573390
vn 0.6484216 -0.7043845 -0.2887767
v -0.0503300 0.0863910 0.3642680
vn 0.5346863 0.1954300 0.8221421
v -0.0497180 0.0882500 0.3661670
vn -0.1714093 0.6302011 0.7572750
v -0.0548300 0.0870360 0.3664640
vn -0.6635060 0.6016299 0.4447487
v -0.0657810 0.0795070 0.3689750
vn -0.8996543 0.0830931 -0.4286229
v -0.0677970 0.0769510 0.3668200
vn 0.9105042 -0.3997033 0.1059224
v -0.0668170 0.0796900 0.3654970
vn 0.7416816 -0.4922092 -0.4556737
v -0.0579690 0.0746100 0.3698700
vn 0.6628525 0.0360826 0.7478801
v -0.0577910 0.0764910 0.3723290
vn -0.2412093 0.4584055 0.8553845
v -0.0633770 0.0751830 0.3738290
vn -0.8353858 0.2720028 0.4776453
v -0.0691320 0.0639850 0.3752750
vn -0.8883699 -0.0850908 -0.4511747
v -0.0703550 0.0609480 0.3727280
vn 0.0650575 -0.3022135 -0.9510177
v -0.0670320 0.0643340 0.3715550
vn 0.7685835 -0.1704177 -0.6166338
v -0.0620120 0.0602710 0.3737710
vn 0.7709700 0.1137534 0.6266302
v -0.0617240 0.0623940 0.3778850
vn -0.2962767 0.2540832 0.9206855
v -0.0660440 0.0603420 0.3798130
vn -0.6904361 -0.0506349 0.7216191
v -0.0674600 0.0475450 0.3801760
vn -0.5491847 -0.6284773 0.5508289
v -0.0680140 0.0456270 0.3799360
vn -0.0976387 -0.1340851 -0.9861480
v -0.0639710 0.0484110 0.3734910
vn 0.9027107 0.3140450 -0.2940906
v -0.0598420 0.0453980 0.3764920
vn 0.6480522 0.1845732 0.7388918
v -0.0606980 0.0471500 0.3823360
vn -0.3894138 -0.1765102 0.9039918
v -0.0648210 0.0458070 0.3831220
vn -0.6594092 -0.5210642 0.5419148
v -0.0607860 0.0356880 0.3782340
vn -0.8875669 -0.0788652 -0.4538781
v -0.0628330 0.0350630 0.3732080
vn 0.0749668 0.3848411 -0.9199333
v -0.0581770 0.0329990 0.3709030
vn 0.7909412 0.5895175 -0.1639550
v -0.0539940 0.0314840 0.3738540
vn 0.4421360 -0.1068420 0.8905619
v -0.0552450 0.0329050 0.3801370
vn -0.3651780 -0.4024591 0.8394473
v -0.0586640 0.0360800 0.3801130
vn -0.0609635 -0.9331684 0.3542318
v -0.0536100 0.0213460 0.3728450
vn -0.6416718 -0.6985638 -0.3166482
v -0.0560530 0.0201760 0.3679380
vn 0.1068187 -0.5687237 -0.8155631
v -0.0508320 0.0195040 0.3650950
vn 0.9810212 -0.0622729 -0.1836286
v -0.0437220 0.0222700 0.3695950
vn 0.4118047 -0.5807151 0.7022727
v -0.0479630 0.0207520 0.3745380
vn -0.2932066 -0.7208024 0.6280715
v -0.0522640 0.0221420 0.3743800
vn 0.9495058 -0.2526195 0.1860702
v 0.0750630 0.0818160 0.2648900
vn 0.9303054 -0.1459994 -0.3364761
v 0.0754660 0.0830800 0.2563030
vn 0.7218149 0.6516049 -0.2332260
v 0.0652820 0.0972190 0.2621530
vn 0.5839732 -0.6422006 0.4965419
v 0.0735670 0.0802270 0.2670190
vn 0.8223364 0.4749240 0.3133851
v 0.0647780 0.0958410 0.2701800
vn -0.2897853 -0.9194533 0.2657634
v 0.0702900 0.0793560 0.2662110
vn -0.4635152 -0.8280627 -0.3153821
v 0.0704620 0.0814020 0.2563860
vn 0.1644811 -0.4798896 -0.8617726
v 0.0727220 0.0815470 0.2527850
vn -0.3394733 0.1662034 -0.9258155
v 0.0631190 0.0961000 0.2589410
vn 0.5932094 0.7476348 -0.2985712
v 0.0544930 0.1109400 0.2678120
vn -0.2768908 0.1860257 -0.9427227
v 0.0525110 0.1095330 0.2653020
vn 0.4498242 -0.0534449 0.8915166
v 0.0640170 0.0939760 0.2729710
vn 0.7295800 0.6288249 0.2688721
v 0.0546320 0.1099390 0.2757040
vn -0.6269316 -0.6252321 0.4648028
v 0.0616250 0.0929370 0.2720920
vn -0.8351556 -0.5029966 -0.2225076
v 0.0624420 0.0955150 0.2626940
vn -0.7354755 -0.6079298 -0.2991610
v 0.0518070 0.1077810 0.2684570
vn 0.4046763 0.8476315 -0.3431588
v 0.0403860 0.1206130 0.2730290
vn -0.2536542 0.1927692 -0.9478922
v 0.0391440 0.1196860 0.2715600
vn -0.6009279 -0.7042801 -0.3779884
v 0.0389800 0.1174140 0.2736000
vn 0.4080091 -0.0253875 0.9126248
v 0.0543970 0.1076840 0.2785860
vn 0.5718961 0.7979458 0.1903086
v 0.0411250 0.1203310 0.2803650
vn -0.5951666 -0.7342165 0.3266541
v 0.0516160 0.1061080 0.2762410
vn -0.3709476 -0.8509535 0.3718549
v 0.0396390 0.1160180 0.2824840
vn 0.2047856 0.9050277 -0.3728108
v 0.0251010 0.1284220 0.2776950
vn -0.2895747 0.0574250 -0.9554312
v 0.0237460 0.1270850 0.2761810
vn -0.4219945 -0.8422472 -0.3354701
v 0.0248260 0.1241640 0.2793010
vn -0.2146516 -0.9038860 0.3700201
v 0.0256450 0.1228960 0.2874370
vn 0.4084311 0.0521201 0.9112999
v 0.0416090 0.1176850 0.2844040
vn 0.3692155 0.8922704 0.2598722
v 0.0262040 0.1282850 0.2850630
vn 0.2945263 0.0747554 0.9527150
v 0.0269230 0.1247660 0.2892830
vn 0.0012004 0.9666179 -0.2562195
v 0.0087970 0.1311400 0.2833410
vn -0.3278762 0.1098813 -0.9383088
v 0.0072790 0.1300840 0.2813020
vn -0.2122328 -0.9282419 -0.3054901
v 0.0096170 0.1277680 0.2845890
vn 0.0836295 -0.8148654 0.5735856
v 0.0107170 0.1263150 0.2928110
vn 0.3360402 0.4582060 0.8228756
v 0.0115380 0.1294550 0.2933370
vn 0.1466978 0.9782992 0.1463230
v 0.0097510 0.1316490 0.2892040
vn -0.2361505 0.7768641 -0.5837082
v -0.0082600 0.1306590 0.2867660
vn -0.1947938 -0.3495849 -0.9164310
v -0.0093310 0.1289520 0.2864920
vn 0.0151401 -0.9627935 -0.2698140
v -0.0062660 0.1279730 0.2888160
vn 0.2238643 -0.8054550 0.5487505
v -0.0048140 0.1268430 0.2971890
vn 0.2210390 0.3499384 0.9103214
v -0.0045820 0.1292340 0.2977330
vn -0.0376221 0.9594805 0.2792523
v -0.0063880 0.1315190 0.2950780
vn -0.3765590 0.9043288 -0.2009796
v -0.0238010 0.1267920 0.2941510
vn -0.3471796 0.0171301 -0.9376422
v -0.0256310 0.1248400 0.2912980
vn 0.2046724 -0.9398162 -0.2735960
v -0.0216160 0.1244030 0.2935550
vn 0.4091009 -0.7057552 0.5783997
v -0.0200350 0.1238850 0.3017710
vn 0.1373316 0.5734136 0.8076738
v -0.0206150 0.1274180 0.3022900
vn -0.2418800 0.9559838 0.1661000
v -0.0223880 0.1279530 0.3004850
vn -0.4737047 0.7118413 -0.5185421
v -0.0390970 0.1200620 0.2974170
vn -0.2257880 -0.1730555 -0.9586822
v -0.0407310 0.1178460 0.2970530
vn 0.3676651 -0.8892907 -0.2720008
v -0.0353090 0.1176990 0.2994160
vn 0.5269027 -0.6567430 0.5395018
v -0.0346010 0.1181840 0.3063020
vn 0.0670031 0.4846652 0.8721297
v -0.0355680 0.1215960 0.3076240
vn -0.4063799 0.9009553 0.1521019
v -0.0379210 0.1218370 0.3053290
vn -0.6250737 0.7543029 -0.2007736
v -0.0533190 0.1120870 0.3043110
vn -0.3758762 -0.0344331 -0.9260299
v -0.0552280 0.1087250 0.3018870
vn 0.4921242 -0.8247437 -0.2785888
v -0.0483810 0.1088070 0.3050420
vn 0.5886846 -0.3676833 0.7199024
v -0.0477000 0.1102850 0.3124460
vn -0.0910155 0.6008486 0.7941645
v -0.0496460 0.1131450 0.3124050
vn -0.5257204 0.8173923 0.2355588
v -0.0520260 0.1128170 0.3106530
vn -0.7314191 0.6143125 -0.2960512
v -0.0664720 0.1006050 0.3083100
vn -0.2953236 -0.1123905 -0.9487636
v -0.0677140 0.0966380 0.3064340
vn 0.6177785 -0.7250167 -0.3044675
v -0.0610840 0.0989070 0.3096720
vn 0.6158760 -0.3483247 0.7066588
v -0.0598560 0.1000350 0.3171950
vn -0.2487776 0.5835289 0.7730483
v -0.0627220 0.1030560 0.3172190
vn -0.6743833 0.6935925 0.2532520
v -0.0650540 0.1019760 0.3157470
vn -0.9028414 0.3997484 -0.1583623
v -0.0770360 0.0869360 0.3135260
vn -0.4827414 -0.2113233 -0.8498843
v -0.0773390 0.0817090 0.3107770
vn 0.8199320 -0.4840296 -0.3056581
v -0.0702550 0.0854980 0.3146870
vn 0.5593942 -0.0377833 0.8280402
v -0.0700220 0.0874110 0.3216870
vn -0.2457956 0.3719912 0.8951017
v -0.0718740 0.0886430 0.3210730
vn -0.7010006 0.4484358 0.5545300
v -0.0751350 0.0875770 0.3200780
vn -0.9290714 0.0059361 -0.3698530
v -0.0816250 0.0695790 0.3176020
vn -0.1228857 -0.2798459 -0.9521478
v -0.0784900 0.0645940 0.3170040
vn 0.8553436 -0.2105663 -0.4733384
v -0.0748220 0.0689790 0.3180250
vn 0.5721471 0.1700034 0.8023382
v -0.0745160 0.0712300 0.3258680
vn -0.9117570 0.2934361 -0.2873925
v -0.0787570 0.0724960 0.3242900
vn -0.3316670 0.3023095 0.8936476
v -0.0787140 0.0704070 0.3248670
vn -0.9743511 -0.2245783 -0.0143024
v -0.0794600 0.0520230 0.3244840
vn -0.7394996 -0.5644230 -0.3668339
v -0.0770230 0.0468700 0.3232120
vn 0.7043612 -0.0111116 -0.7097548
v -0.0729660 0.0517620 0.3219570
vn 0.7868058 0.2997026 0.5395508
v -0.0733720 0.0541800 0.3292890
vn -0.2726401 0.1935577 0.9424451
v -0.0765240 0.0556330 0.3301110
vn -0.7890431 -0.0779366 0.6093742
v -0.0776260 0.0522220 0.3294080
vn -0.8689058 -0.4735557 0.1440409
v -0.0732660 0.0378350 0.3291620
vn -0.5127963 -0.2441539 -0.8230607
v -0.0703400 0.0371160 0.3234180
vn 0.5794417 0.4992388 -0.6442112
v -0.0653800 0.0360460 0.3234230
vn 0.8111968 0.5304700 0.2460922
v -0.0672780 0.0381080 0.3310210
vn 0.3974937 0.2450967 0.8842660
v -0.0693470 0.0396830 0.3329480
vn -0.4199419 -0.2397397 0.8753135
v -0.0709180 0.0383430 0.3330880
vn -0.2529085 -0.9113850 0.3246764
v -0.0607570 0.0222760 0.3275840
vn -0.2350532 -0.8499866 -0.4714583
v -0.0608510 0.0197810 0.3208790
vn 0.7434236 -0.3218924 -0.5862650
v -0.0558560 0.0220010 0.3202870
vn 0.8333009 -0.1756221 0.5241817
v -0.0558690 0.0256580 0.3321970
vn 0.1137538 -0.3701395 0.9219853
v -0.0587220 0.0255340 0.3331090
vn -0.1814805 -0.8166073 0.5479209
v -0.0604940 0.0234150 0.3311600
vn 0.9727930 -0.0260075 0.2302117
v 0.0825420 0.0947830 0.2359210
vn 0.9265541 -0.0494427 -0.3728981
v 0.0836040 0.0932480 0.2255380
vn 0.5793984 0.6711768 -0.4624061
v 0.0715960 0.1085130 0.2278480
vn 0.6183319 -0.4241860 0.6616131
v 0.0811060 0.0934360 0.2389410
vn 0.7140140 0.6684418 0.2082536
v 0.0719180 0.1099230 0.2394620
vn -0.1385727 -0.8448003 0.5168269
v 0.0795670 0.0925200 0.2384110
vn -0.0690420 -0.9590797 0.2745894
v 0.0788830 0.0892720 0.2265160
vn -0.0520537 -0.7642722 -0.6427897
v 0.0782690 0.0880420 0.2217590
vn -0.3837410 0.0104590 -0.9233816
v 0.0690750 0.1047440 0.2240120
vn 0.4749041 0.8567941 -0.2009231
v 0.0577850 0.1200890 0.2340080
vn -0.2996163 0.1328001 -0.9447721
v 0.0571580 0.1179400 0.2303100
vn 0.7061897 0.4916725 0.5094648
v 0.0714060 0.1082190 0.2421210
vn 0.5322673 0.7615259 0.3698243
v 0.0570480 0.1186660 0.2447150
vn 0.1710122 -0.1644593 0.9714463
v 0.0704900 0.1078020 0.2437920
vn -0.7581273 -0.6500967 0.0511608
v 0.0682770 0.1044000 0.2298700
vn -0.6203657 -0.7826020 -0.0517754
v 0.0576940 0.1141800 0.2395160
vn 0.3243171 0.9217991 -0.2123791
v 0.0417240 0.1286620 0.2376470
vn -0.2879438 0.0918982 -0.9532277
v 0.0417050 0.1268980 0.2344590
vn -0.4647904 -0.8829766 -0.0657447
v 0.0427280 0.1221280 0.2449020
vn 0.2038632 0.0019094 0.9789975
v 0.0573510 0.1170890 0.2462220
vn 0.4732608 0.8012766 0.3660329
v 0.0417490 0.1275840 0.2476870
vn -0.3640922 -0.8061991 0.4663474
v 0.0557630 0.1163680 0.2448550
vn -0.1351149 -0.7947257 0.5917392
v 0.0405450 0.1238840 0.2486190
vn 0.1114164 0.9415118 -0.3180284
v 0.0253470 0.1344560 0.2441760
vn -0.4014160 -0.0661227 -0.9135059
v 0.0260330 0.1325380 0.2419030
vn -0.3561264 -0.9283084 -0.1068532
v 0.0275560 0.1287290 0.2510990
vn 0.0594585 -0.8317294 0.5519881
v 0.0254780 0.1298390 0.2545270
vn 0.3115158 0.0766583 0.9471439
v 0.0426540 0.1251240 0.2493370
vn 0.3849337 0.8433749 0.3748931
v 0.0260130 0.1332340 0.2538630
vn 0.4053635 0.0937320 0.9093376
v 0.0277490 0.1310240 0.2548970
vn -0.1376366 0.8925060 -0.4295221
v 0.0087070 0.1378910 0.2514580
vn -0.4126681 -0.2081057 -0.8867903
v 0.0101910 0.1363810 0.2500910
vn -0.1806597 -0.9721985 -0.1489707
v 0.0118530 0.1316360 0.2583250
vn 0.2218263 -0.8537380 0.4710888
v 0.0098360 0.1322020 0.2609670
vn 0.3928484 -0.1503632 0.9072272
v 0.0126010 0.1335470 0.2617880
vn 0.2696059 0.8198609 0.5051146
v 0.0101970 0.1361840 0.2614430
vn -0.2878198 0.8861618 -0.3631488
v -0.0079750 0.1365950 0.2590370
vn -0.3837027 -0.1583970 -0.9097707
v -0.0061610 0.1360470 0.2576230
vn 0.0289025 -0.9810326 -0.1916761
v -0.0039750 0.1309590 0.2656640
vn 0.3948371 -0.7624383 0.5126320
v -0.0053620 0.1312990 0.2692080
vn 0.4603685 0.1137768 0.8804066
v -0.0025260 0.1338930 0.2693840
vn 0.1076139 0.8527718 0.5110769
v -0.0057700 0.1354730 0.2693680
vn -0.3636765 0.9116220 -0.1915327
v -0.0242410 0.1333120 0.2674650
vn -0.3122397 -0.1330346 -0.9406424
v -0.0225110 0.1318670 0.2645720
vn 0.1960552 -0.9473631 -0.2531118
v -0.0198410 0.1275560 0.2722880
vn 0.4405365 -0.6797330 0.5864220
v -0.0205060 0.1274470 0.2767980
vn 0.3582121 0.2351465 0.9035432
v -0.0176590 0.1308870 0.2764290
vn -0.0691942 0.8255296 0.5601010
v -0.0218230 0.1319930 0.2762840
vn -0.5054550 0.8478197 -0.1603654
v -0.0406490 0.1261670 0.2724670
vn -0.3050151 -0.0179079 -0.9521791
v -0.0388200 0.1256350 0.2698460
vn 0.2996748 -0.8806273 -0.3670020
v -0.0360060 0.1218980 0.2753870
vn 0.5441694 -0.5423571 0.6401004
v -0.0356320 0.1214750 0.2829750
vn 0.0969561 0.6109061 0.7857438
v -0.0331000 0.1261800 0.2815220
vn -0.1908828 0.7652947 0.6147258
v -0.0372710 0.1251680 0.2822460
vn -0.6268682 0.7734033 -0.0942529
v -0.0558590 0.1169260 0.2787670
vn -0.3671360 -0.0156346 -0.9300359
v -0.0539520 0.1167030 0.2757280
vn 0.3801207 -0.8221601 -0.4237466
v -0.0507290 0.1131100 0.2803660
vn 0.6116581 -0.6361139 0.4703547
v -0.0500600 0.1126290 0.2877630
vn 0.1212648 0.3648112 0.9231510
v -0.0470180 0.1178070 0.2874830
vn -0.3671211 0.7778935 0.5100037
v -0.0522170 0.1164600 0.2873500
vn -0.7438058 0.6223325 -0.2438348
v -0.0698940 0.1045410 0.2832020
vn -0.1580044 -0.1356007 -0.9780834
v -0.0675710 0.1050290 0.2813000
vn 0.5771329 -0.7134633 -0.3973510
v -0.0643030 0.1027750 0.2863940
vn 0.7327554 -0.4739670 0.4882877
v -0.0634540 0.1022390 0.2931750
vn 0.0470309 0.4034245 0.9138035
v -0.0606830 0.1083320 0.2924410
vn -0.3975029 0.5286651 0.7500031
v -0.0659330 0.1058140 0.2928310
vn -0.9480065 0.2673563 -0.1726392
v -0.0812740 0.0892170 0.2871250
vn -0.1877334 -0.1057644 -0.9765092
v -0.0791680 0.0898540 0.2840030
vn 0.7219662 -0.4803690 -0.4980064
v -0.0760480 0.0894220 0.2890460
vn 0.9006757 -0.4078809 -0.1497215
v -0.0735540 0.0873100 0.2949060
vn 0.0975667 0.1938155 0.9761744
v -0.0712660 0.0950860 0.2967130
vn -0.7486596 0.5160106 0.4162235
v -0.0783820 0.0923320 0.2938290
vn -0.9413467 -0.1790084 -0.2860462
v -0.0831530 0.0703550 0.2929600
vn -0.0869018 -0.3280509 -0.9406544
v -0.0817700 0.0721150 0.2903780
vn 0.8835741 -0.1702857 -0.4362334
v -0.0794000 0.0719930 0.2940600
vn 0.9618661 -0.0901856 -0.2582251
v -0.0780620 0.0697200 0.2991230
vn 0.5448738 0.0781006 0.8348730
v -0.0769590 0.0782700 0.3006360
vn -0.7245268 0.2313606 0.6492559
v -0.0818110 0.0752610 0.3008200
vn -0.8090161 -0.4129792 -0.4182599
v -0.0810680 0.0513580 0.3006490
vn 0.0244454 -0.3481551 -0.9371182
v -0.0790130 0.0551450 0.2998920
vn 0.7213117 0.0404637 -0.6914275
v -0.0763080 0.0539070 0.3000740
vn 0.9669447 0.1604498 -0.1981763
v -0.0760850 0.0528980 0.3075260
vn 0.5168569 0.2983472 0.8024013
v -0.0761520 0.0609400 0.3075610
vn -0.8371314 -0.0306537 0.5461422
v -0.0808040 0.0560910 0.3054580
vn -0.8350825 -0.4568966 -0.3064030
v -0.0729050 0.0394480 0.3031020
vn -0.4009802 -0.2731027 -0.8744311
v -0.0711640 0.0385610 0.3013280
vn 0.6261145 0.4128967 0.6614355
v -0.0697430 0.0361800 0.3015330
vn 0.8737544 0.4862429 -0.0110058
v -0.0695480 0.0354720 0.3103760
vn 0.0924319 0.3163477 0.9441295
v -0.0731930 0.0437540 0.3131820
vn -0.8769021 -0.3458431 0.3338194
v -0.0747550 0.0400930 0.3101650
vn -0.4324842 -0.8848602 -0.1731469
v -0.0649870 0.0202170 0.3030060
vn 0.2811589 -0.2821532 -0.9172454
v -0.0616410 0.0221210 0.2991760
vn 0.8470600 -0.4760128 -0.2364345
v -0.0591300 0.0215230 0.3028120
vn 0.9250519 -0.2045237 0.3200767
v -0.0582660 0.0231500 0.3065130
vn 0.1279514 -0.0243809 0.9914807
v -0.0656410 0.0283840 0.3122580
vn -0.4057753 -0.7273748 0.5534188
v -0.0659760 0.0228270 0.3085580
vn -0.9935591 -0.0299137 -0.1092955
v 0.0138440 0.0501489 0.3809880
vn -0.7337115 -0.2659308 0.6252586
v 0.0144881 0.0526208 0.3896104
vn -0.9443641 -0.1520373 -0.2916525
v 0.0127339 0.0560145 0.3828944
vn -0.6317316 0.2235959 -0.7422399
v 0.0145839 0.0485054 0.3788280
vn -0.9612631 0.0775572 0.2644960
v 0.0133479 0.0381807 0.3838280
vn -0.6489195 0.4178220 -0.6358681
v 0.0127828 0.0374194 0.3756664
vn -0.4712912 -0.4504697 0.7582623
v 0.0050684 0.0780054 0.3950552
vn -0.4581787 -0.1825027 0.8699225
v 0.0174706 0.0381121 0.3882240
vn -0.5345694 -0.2056303 0.8197267
v 0.0166396 0.0378511 0.3875288
vn -0.6501913 -0.1069060 0.7522117
v 0.0144681 0.0363309 0.3861896
vn -0.4092264 -0.2043380 0.8892580
v 0.0156636 0.0372040 0.3868232
vn 0.2837552 -0.0913759 0.9545331
v 0.0199694 0.0502907 0.3907672
vn -0.4077346 0.0553167 -0.9114234
v 0.0084583 0.0713691 0.3855448
vn -0.2531715 0.2402590 -0.9371125
v 0.0145203 0.0577604 0.3808984
vn -0.9257416 -0.3397390 -0.1660723
v 0.0074879 0.0701060 0.3879088
vn 0.4164353 0.3316452 -0.8465183
v 0.0192872 0.0296347 0.3726416
vn -0.5023906 -0.0818188 0.8607610
v 0.0136141 0.0315797 0.3851784
vn -0.8912448 0.3770798 0.2519793
v 0.0082139 0.0281202 0.3754352
vn -0.3830333 0.0073205 0.9237056
v 0.0129737 0.0283456 0.3846528
vn -0.6416482 0.0373696 0.7660882
v 0.0120222 0.0243990 0.3841376
vn -0.8240027 -0.0176294 0.5663116
v 0.0097122 0.0145045 0.3824592
vn -0.7460775 0.6295066 -0.2170019
v 0.0087880 0.0288005 0.3734248
vn -0.3461555 0.5365160 -0.7696279
v 0.0100658 0.0290908 0.3719040
vn -0.7209607 -0.2493263 -0.6465696
v 0.0008300 0.0836110 0.3898440
vn -0.8953032 -0.4357050 0.0927003
v -0.0074143 0.0941444 0.3997640
vn -0.0433587 -0.5587398 0.8282089
v -0.0046867 0.0937374 0.4026264
vn 0.4815349 -0.0916284 0.8716240
v 0.0006716 0.0993863 0.4007496
vn 0.1871440 -0.1885493 0.9640676
v 0.0049467 0.0890558 0.3974144
vn 0.7271387 0.1198654 0.6759450
v 0.0170627 0.0739749 0.3929640
vn -0.3484510 -0.2036433 0.9149379
v 0.0179981 0.0368196 0.3882120
vn -0.5192617 -0.2286294 0.8234658
v 0.0173158 0.0353890 0.3873840
vn -0.4772150 -0.1982521 0.8561320
v 0.0164384 0.0352704 0.3867480
vn -0.3547806 -0.1841559 0.9166337
v 0.0154316 0.0355684 0.3863552
vn -0.3379061 -0.1793635 0.9239308
v 0.0153661 0.0342268 0.3860880
vn -0.1952032 -0.2261951 0.9543226
v 0.0145495 0.0327958 0.3855344
vn 0.9684632 0.0600511 0.2418119
v 0.0254182 0.0385940 0.3854408
vn 0.3525560 -0.1393524 0.9253568
v 0.0221549 0.0372769 0.3888680
vn 0.7920724 0.3940519 -0.4662021
v 0.0170589 0.0756423 0.3891224
vn -0.0117739 0.2851422 -0.9584129
v 0.0047090 0.0886789 0.3898688
vn 0.1613127 0.3168527 -0.9346564
v 0.0078830 0.0845503 0.3885552
vn 0.6653491 0.2896018 -0.6880708
v 0.0221890 0.0458365 0.3782144
vn 0.9049984 0.1193787 -0.4083218
v 0.0245616 0.0289618 0.3783352
vn 0.7955546 0.1417041 -0.5890779
v 0.0230149 0.0208464 0.3727440
vn -0.0118842 0.3828537 -0.9237325
v 0.0135159 0.0262242 0.3697064
vn 0.3907591 0.1465605 -0.9087505
v 0.0189124 0.0214479 0.3692296
vn -0.1941427 -0.2103133 0.9581633
v 0.0162738 0.0277479 0.3843408
vn -0.9482431 0.1446523 0.2826849
v 0.0063174 0.0253296 0.3740768
vn -0.8863320 0.4168517 -0.2016191
v 0.0064367 0.0264919 0.3726888
vn 0.0976531 0.2106681 0.9726679
v 0.0159204 0.0224882 0.3852232
vn -0.1883765 0.0681224 0.9797315
v 0.0142590 0.0208098 0.3850512
vn -0.5006763 -0.0053791 0.8656179
v 0.0125124 0.0225905 0.3843432
vn -0.3525164 0.0407152 0.9349195
v 0.0132436 0.0217618 0.3847688
vn -0.0028610 0.1310148 0.9913763
v 0.0165131 0.0247867 0.3838664
vn -0.9499450 -0.1288462 0.2846106
v 0.0081385 0.0177438 0.3787528
vn -0.3493263 -0.0358171 0.9363164
v 0.0133620 0.0149677 0.3853832
vn -0.8412781 -0.3902848 0.3740707
v 0.0098246 0.0132859 0.3824864
vn -0.9600481 -0.1992082 0.1965291
v 0.0090403 0.0154126 0.3805000
vn -0.5915524 0.6851709 -0.4249784
v 0.0078711 0.0277342 0.3722624
vn -0.5826306 0.3303585 -0.7425664
v 0.0072343 0.0265690 0.3717136
vn -0.6252230 -0.0820348 -0.7761228
v -0.0030276 0.0914724 0.3919288
vn -0.9712830 -0.1005579 -0.2156328
v -0.0093762 0.1035661 0.3974016
vn -0.6829135 -0.0044087 0.7304860
v -0.0073582 0.1013176 0.4033672
vn -0.2946028 -0.3842919 0.8749451
v -0.0060261 0.0954273 0.4040584
vn 0.5082217 -0.0879135 0.8567275
v 0.0006474 0.1019669 0.4010056
vn 0.4710118 -0.0394472 0.8812445
v -0.0015139 0.1016250 0.4021712
vn 0.5159669 -0.0571829 0.8546978
v -0.0014502 0.1001751 0.4021336
vn 0.5743272 0.0462361 0.8173192
v 0.0063504 0.0955680 0.3977088
vn 0.4563255 -0.0550945 0.8881056
v 0.0021380 0.1002506 0.3999288
vn 0.2052623 -0.1346237 0.9694039
v 0.0059711 0.0906473 0.3975336
vn 0.1448739 -0.1154993 0.9826859
v 0.0084893 0.0883923 0.3968752
vn 0.6256037 0.2089835 0.7516289
v 0.0109805 0.0861387 0.3962472
vn 0.2389731 -0.1838722 0.9534584
v 0.0118094 0.0827040 0.3963360
vn 0.8945216 0.3946555 -0.2099482
v 0.0094647 0.0919151 0.3946352
vn -0.4524172 -0.3015513 0.8392768
v 0.0176999 0.0340562 0.3871960
vn -0.2814808 -0.3203844 0.9045012
v 0.0193185 0.0324778 0.3875064
vn -0.3856986 -0.2657196 0.8835325
v 0.0165518 0.0335886 0.3864040
vn 0.5381562 -0.1977266 0.8193242
v 0.0234108 0.0264195 0.3855768
vn 0.9381734 -0.2124941 0.2732711
v 0.0253589 0.0192303 0.3805224
vn 0.8706030 -0.4844587 -0.0857334
v 0.0250957 0.0173023 0.3769608
vn 0.7855033 -0.5009963 -0.3633006
v 0.0246000 0.0172082 0.3754632
vn 0.4727683 0.4513344 -0.7568272
v 0.0091990 0.0855146 0.3896584
vn 0.1642867 0.3836255 -0.9087582
v 0.0068474 0.0864776 0.3891672
vn -0.2027622 0.2514592 -0.9463909
v -0.0010753 0.0988232 0.3927672
vn -0.0599938 0.2622766 -0.9631260
v 0.0003994 0.0975485 0.3922664
vn 0.1997792 0.3704436 -0.9071162
v 0.0013405 0.0982695 0.3925472
vn 0.3366007 0.4207852 -0.8424013
v 0.0043638 0.0954700 0.3926408
vn 0.3974776 0.4510573 -0.7990988
v 0.0075935 0.0878836 0.3901384
vn 0.6492378 -0.0662080 -0.7576984
v 0.0216932 0.0193636 0.3711584
vn 0.8121742 -0.0408567 -0.5819827
v 0.0230003 0.0190705 0.3727640
vn -0.0359720 -0.2165356 -0.9756118
v 0.0168915 0.0205144 0.3689336
vn -0.2130689 -0.2043386 -0.9554305
v 0.0139119 0.0217583 0.3690768
vn -0.3019663 0.0688780 -0.9508271
v 0.0103650 0.0242418 0.3697904
vn 0.2871613 -0.5188574 -0.8051866
v 0.0200523 0.0187199 0.3702176
vn 0.1664433 -0.4028218 -0.9000174
v 0.0184931 0.0197721 0.3692104
vn -0.3288892 -0.2753555 0.9033335
v 0.0172762 0.0305338 0.3857600
vn -0.4120822 -0.2281865 0.8821107
v 0.0172303 0.0278958 0.3848264
vn -0.9586994 -0.1169071 0.2592839
v 0.0072766 0.0193645 0.3770104
vn -0.9196626 -0.0250782 -0.3919080
v 0.0063217 0.0253765 0.3725576
vn -0.8927925 -0.3209527 -0.3160871
v 0.0067498 0.0217783 0.3735592
vn 0.0984315 0.2470509 0.9639902
v 0.0170506 0.0216892 0.3852520
vn 0.1116517 -0.0927592 0.9894087
v 0.0165496 0.0159033 0.3856776
vn 0.1217935 0.4007992 0.9080343
v 0.0170660 0.0230326 0.3845536
vn -0.3315750 0.1737186 0.9272971
v 0.0180004 0.0228294 0.3847152
vn -0.4707685 -0.1253919 0.8733006
v 0.0179060 0.0259481 0.3847768
vn -0.8547491 -0.4633493 -0.2339045
v 0.0078739 0.0176217 0.3762592
vn 0.1339389 -0.5011771 0.8549163
v 0.0147830 0.0129421 0.3852072
vn -0.1556753 -0.5457022 0.8233920
v 0.0132975 0.0124920 0.3848848
vn -0.5236986 -0.4659134 0.7132072
v 0.0119418 0.0123285 0.3842712
vn -0.2917246 -0.8941118 0.3397953
v 0.0123444 0.0114479 0.3832800
vn -0.6185194 -0.7742343 0.1341457
v 0.0109452 0.0120464 0.3821728
vn -0.3949884 -0.8545852 -0.3371473
v 0.0118126 0.0115962 0.3781936
vn -0.4578872 0.1173563 -0.8812304
v 0.0085695 0.0249034 0.3706192
vn -0.5125311 0.0761295 -0.8552872
v -0.0076469 0.1045272 0.3953816
vn -0.0372448 0.2025447 -0.9785645
v -0.0030036 0.1047416 0.3948224
vn -0.1289691 0.2787495 -0.9516647
v -0.0022677 0.1028764 0.3942024
vn -0.9939243 -0.0988618 0.0483835
v -0.0109844 0.1130097 0.4007768
vn -0.7183478 0.1997693 -0.6663848
v -0.0095932 0.1138560 0.3987000
vn -0.6946818 0.1243737 -0.7084833
v -0.0091620 0.1105692 0.3977008
vn -0.5942410 -0.1048794 0.7974196
v -0.0071543 0.1063225 0.4033480
vn -0.6173155 -0.3054057 0.7250166
v -0.0083133 0.1137425 0.4040720
vn -0.6564463 0.0383808 0.7533958
v -0.0072545 0.1033305 0.4032648
vn -0.1199105 0.0698484 0.9903246
v -0.0059005 0.1014753 0.4036128
vn 0.4778860 -0.0249475 0.8780676
v -0.0029438 0.1003840 0.4030456
vn 0.3534539 -0.0163670 0.9353088
v -0.0039316 0.1003944 0.4034752
vn 0.0908477 0.0894365 0.9918406
v -0.0047542 0.1014323 0.4037304
vn 0.5001464 -0.1074098 0.8592536
v 0.0006717 0.1043448 0.4012728
vn 0.5152389 -0.0629622 0.8547308
v 0.0019227 0.1027731 0.4002736
vn 0.2818571 -0.0156503 0.9593288
v -0.0039982 0.1029740 0.4034616
vn 0.9622243 -0.1476526 -0.2287425
v 0.0054651 0.1127291 0.3984904
vn 0.2074426 -0.0466743 0.9771331
v 0.0072827 0.0914438 0.3973640
vn 0.9716306 0.2324782 0.0434492
v 0.0074359 0.0973162 0.3960096
vn 0.4414430 0.5306673 -0.7235471
v 0.0065447 0.0948219 0.3928064
vn -0.4931205 -0.3574452 0.7931363
v 0.0186046 0.0324902 0.3869568
vn -0.1612450 -0.2536763 0.9537549
v 0.0198159 0.0307577 0.3870848
vn -0.4349522 -0.2457010 0.8662838
v 0.0183533 0.0291445 0.3856480
vn -0.2194156 -0.2480189 0.9435802
v 0.0198931 0.0290027 0.3866096
vn -0.2043033 -0.2191919 0.9540520
v 0.0198338 0.0271866 0.3861336
vn -0.1969142 -0.1691812 0.9657135
v 0.0197686 0.0252677 0.3857312
vn -0.1272387 -0.0680015 0.9895384
v 0.0195826 0.0234515 0.3854160
vn -0.1615110 0.0277825 0.9864798
v 0.0189694 0.0221400 0.3852968
vn 0.6213052 -0.4183774 0.6625257
v 0.0229666 0.0185395 0.3833880
vn 0.2499979 -0.1047254 0.9625662
v 0.0194061 0.0195350 0.3851128
vn 0.7092661 -0.6185325 0.3381704
v 0.0249132 0.0181637 0.3802968
vn 0.5898166 -0.6721721 0.4475502
v 0.0240258 0.0181994 0.3814688
vn 0.3973439 -0.9171438 0.0310665
v 0.0241679 0.0167823 0.3770696
vn 0.5837232 -0.5549394 -0.5927138
v 0.0228610 0.0175955 0.3727680
vn 0.1904822 -0.9334149 -0.3040614
v 0.0225604 0.0169497 0.3740576
vn 0.2366494 -0.9557593 -0.1747031
v 0.0234843 0.0167162 0.3755648
vn -0.0180851 0.3363187 -0.9415746
v -0.0014832 0.1013070 0.3935968
vn 0.2835127 0.3986692 -0.8721717
v 0.0015710 0.1001839 0.3935616
vn 0.1357991 0.3691078 -0.9194118
v 0.0003180 0.1018439 0.3940984
vn 0.0418042 0.6317528 -0.7740419
v 0.0060689 0.0952285 0.3933376
vn 0.2690919 0.8066528 -0.5262136
v 0.0056979 0.0950985 0.3929344
vn 0.1936310 0.5374708 -0.8207510
v 0.0052222 0.0949493 0.3924856
vn -0.2287347 -0.5413969 -0.8090550
v 0.0160172 0.0201416 0.3693320
vn -0.4743180 -0.2994910 -0.8278452
v 0.0090075 0.0232000 0.3706032
vn -0.3487983 -0.6035655 -0.7169718
v 0.0144603 0.0205687 0.3696184
vn -0.1815342 -0.8598620 -0.4771610
v 0.0175357 0.0183905 0.3708936
vn 0.0392748 -0.8747610 -0.4829603
v 0.0201100 0.0176742 0.3715720
vn -0.2184004 -0.7662942 -0.6042306
v 0.0165337 0.0191327 0.3699792
vn -0.6601352 -0.3827115 -0.6463385
v 0.0076480 0.0224503 0.3720896
vn -0.7017112 -0.2042582 -0.6825540
v 0.0074677 0.0238362 0.3715256
vn -0.5698336 -0.5176604 -0.6382142
v 0.0079339 0.0211496 0.3727680
vn -0.0099597 0.1348844 0.9908113
v 0.0181273 0.0213742 0.3852584
vn 0.4844926 -0.4859373 0.7274145
v 0.0182169 0.0148744 0.3849376
vn -0.5047038 -0.1701903 0.8463506
v 0.0187966 0.0274513 0.3855968
vn -0.6176484 -0.5059149 -0.6021301
v 0.0093931 0.0163707 0.3756256
vn -0.6939145 -0.5773080 -0.4303466
v 0.0102011 0.0142303 0.3764344
vn 0.3000165 -0.8029886 0.5149752
v 0.0150495 0.0118503 0.3837608
vn 0.0146065 -0.9951501 -0.0972777
v 0.0137636 0.0109956 0.3804792
vn 0.3242415 -0.9285550 0.1807017
v 0.0152870 0.0110860 0.3822544
vn -0.2412024 -0.7434583 -0.6237717
v 0.0116857 0.0126431 0.3768688
vn 0.0871556 -0.8823215 -0.4625070
v 0.0130996 0.0115156 0.3783776
vn -0.1204324 0.1539695 -0.9807087
v -0.0048003 0.1077358 0.3951408
vn -0.3998882 0.2031431 -0.8937686
v -0.0069836 0.1140132 0.3972344
vn -0.1616968 0.1769031 -0.9708550
v -0.0044532 0.1105706 0.3956656
vn 0.1233599 0.1445970 -0.9817709
v -0.0031626 0.1079687 0.3953336
vn 0.1348042 0.1514907 -0.9792234
v -0.0016144 0.1081643 0.3956048
vn 0.0894319 0.2468103 -0.9649283
v -0.0011636 0.1056615 0.3951600
vn 0.1209770 0.3142803 -0.9415904
v -0.0005714 0.1036650 0.3945648
vn -0.6517522 0.2864170 -0.7022709
v -0.0083767 0.1177192 0.3989352
vn -0.7676316 -0.1826373 0.6143169
v -0.0100092 0.1181360 0.4051552
vn -0.9190357 0.3935411 0.0223340
v -0.0097778 0.1251229 0.4053264
vn -0.3169657 -0.2455921 0.9160880
v -0.0072979 0.1135326 0.4046848
vn -0.0718887 -0.0515960 0.9960772
v -0.0054483 0.1061983 0.4036096
vn -0.0106070 -0.1737536 0.9847320
v -0.0056792 0.1097040 0.4039104
vn -0.3236183 -0.3095214 0.8941296
v -0.0085565 0.1174933 0.4055256
vn -0.2196870 -0.3019517 0.9276652
v -0.0073908 0.1157696 0.4053864
vn 0.2321750 -0.0783544 0.9695129
v -0.0037218 0.1057921 0.4035592
vn 0.4167060 -0.1396240 0.8982546
v -0.0012736 0.1067751 0.4026144
vn 0.6078979 -0.1043893 0.7871233
v 0.0020221 0.1053446 0.4004888
vn 0.5509915 -0.1318037 0.8240365
v 0.0011927 0.1075380 0.4014688
vn 0.5596219 0.3811816 -0.7358831
v 0.0064063 0.0966885 0.3941096
vn 0.6010969 -0.1999082 0.7737695
v 0.0020828 0.1109743 0.4015264
vn 0.2099422 0.2928883 -0.9328133
v 0.0013191 0.1039668 0.3950432
vn 0.1842287 0.2490476 -0.9508076
v 0.0006389 0.1059719 0.3954600
vn 0.2140201 0.2125120 -0.9534327
v 0.0001483 0.1084034 0.3958768
vn 0.1263848 0.1026321 -0.9866578
v -0.0030152 0.1107907 0.3957192
vn 0.2348489 -0.1252418 -0.9639297
v 0.0034872 0.1202741 0.3970472
vn 0.8667380 -0.4866102 -0.1094346
v 0.0089987 0.1217996 0.3990712
vn 0.2565105 -0.0647032 -0.9643733
v 0.0023179 0.1171619 0.3970160
vn 0.5831645 -0.2523200 0.7721747
v 0.0032405 0.1155514 0.4019896
vn 0.6247544 -0.7722408 0.1154390
v 0.0206930 0.0151824 0.3815912
vn 0.6455484 -0.6650102 0.3755380
v 0.0218353 0.0166205 0.3821904
vn 0.5734375 -0.7680717 0.2850184
v 0.0229251 0.0170897 0.3803608
vn 0.1204548 -0.9750149 -0.1866459
v 0.0219358 0.0165688 0.3756248
vn 0.4295076 -0.9030584 -0.0029793
v 0.0216057 0.0157851 0.3797856
vn 0.0881099 -0.9157870 -0.3918811
v 0.0212732 0.0172797 0.3726488
vn 0.0592455 -0.9504027 -0.3053273
v 0.0207599 0.0168540 0.3741648
vn -0.3568838 -0.5303117 -0.7690277
v 0.0110148 0.0215913 0.3706144
vn -0.4074284 -0.5888247 -0.6980599
v 0.0092051 0.0217581 0.3713272
vn -0.4051823 -0.8053200 -0.4327668
v 0.0151788 0.0194576 0.3704624
vn -0.2030739 -0.8182263 -0.5378352
v 0.0162164 0.0186007 0.3715264
vn -0.1328475 -0.9021060 -0.4105561
v 0.0186384 0.0176776 0.3719840
vn -0.1853635 -0.6628692 -0.7254273
v 0.0117474 0.0139741 0.3754368
vn 0.2918430 -0.8247457 -0.4843783
v 0.0146124 0.0117305 0.3785184
vn 0.5259684 -0.8217888 -0.2191357
v 0.0162983 0.0119455 0.3803008
vn -0.0708345 0.0048239 -0.9974764
v 0.0012371 0.1230875 0.3965616
vn -0.3324227 0.1500687 -0.9311147
v 0.0002868 0.1258558 0.3970232
vn -0.4145657 0.2321010 -0.8799230
v -0.0059605 0.1176830 0.3976656
vn -0.4483770 0.2593394 -0.8553954
v -0.0070574 0.1181948 0.3983912
vn -0.4107216 0.3256662 -0.8516157
v 0.0011509 0.1281686 0.3971712
vn -0.6936233 0.6426946 -0.3253158
v -0.0005116 0.1357251 0.4020272
vn 0.0556447 -0.3239072 0.9444511
v -0.0060498 0.1249688 0.4089160
vn -0.5683622 0.1207628 0.8138678
v -0.0074448 0.1254470 0.4088960
vn 0.0274488 -0.2333200 0.9720125
v -0.0053681 0.1137708 0.4049352
vn 0.1949879 -0.1565976 0.9682236
v -0.0035359 0.1094841 0.4039032
vn 0.0182176 -0.3807327 0.9245057
v -0.0058320 0.1208331 0.4071552
vn 0.1731544 -0.3035294 0.9369565
v -0.0044763 0.1183107 0.4059520
vn 0.4215302 -0.1733799 0.8900852
v -0.0006494 0.1104152 0.4028984
vn 0.4380080 -0.2171540 0.8723493
v 0.0003051 0.1150252 0.4035056
vn 0.2580016 -0.0257543 -0.9658012
v 0.0006298 0.1172970 0.3966896
vn 0.4490348 -0.2026397 -0.8702327
v 0.0091319 0.1261916 0.3965840
vn -0.0504525 0.1372974 -0.9892442
v 0.0054878 0.1287416 0.3959720
vn 0.1620176 -0.0389168 -0.9860202
v 0.0018225 0.1202679 0.3967512
vn 0.8082655 0.0609281 0.5856575
v 0.0108363 0.1295944 0.4012200
vn 0.9646370 -0.1754218 -0.1967301
v 0.0115697 0.1281555 0.3985184
vn 0.4596450 -0.2341990 0.8566664
v 0.0016185 0.1193643 0.4039200
vn 0.2289516 -0.8559914 -0.4635299
v 0.0179469 0.0160458 0.3753488
vn 0.4694781 -0.7347173 -0.4896742
v 0.0158530 0.0124475 0.3784144
vn -0.2458177 0.1693483 -0.9544081
v 0.0029726 0.1275396 0.3963168
vn -0.6040332 0.5794911 -0.5471143
v 0.0005500 0.1360983 0.4011632
vn -0.5387515 0.8340453 0.1188076
v 0.0001869 0.1363165 0.4031432
vn -0.5565214 0.6510653 0.5161374
v -0.0031676 0.1317259 0.4093272
vn 0.4461392 -0.3314375 0.8313297
v 0.0014008 0.1255499 0.4060296
vn 0.4240018 -0.3362061 0.8409447
v -0.0003947 0.1290059 0.4091848
vn 0.4691930 -0.4471896 0.7614982
v 0.0001307 0.1273594 0.4078424
vn -0.0216201 0.2653665 0.9639052
v -0.0021850 0.1310468 0.4101896
vn 0.3592490 -0.2341000 0.9034032
v -0.0015893 0.1189343 0.4054000
vn 0.2786967 -0.2150234 0.9359985
v -0.0026543 0.1143506 0.4046304
vn 0.7745021 0.5082354 -0.3766209
v 0.0111686 0.1328066 0.3977344
vn -0.4383274 0.4755725 -0.7626926
v 0.0034325 0.1361831 0.3986568
vn 0.1492791 0.6367314 -0.7564978
v 0.0057002 0.1361801 0.3981616
vn 0.6184590 -0.2655054 0.7396049
v 0.0023297 0.1301138 0.4072864
vn 0.5259938 -0.2974268 0.7967860
v 0.0033870 0.1274974 0.4055560
vn 0.6742077 0.0163078 0.7383617
v 0.0036441 0.1315853 0.4064024
vn 0.6262299 0.4775885 0.6162348
v 0.0047983 0.1332406 0.4049656
vn -0.1018295 0.9924439 0.0684534
v 0.0019387 0.1373959 0.4018312
vn -0.0920724 0.8590792 0.5034934
v 0.0004840 0.1356356 0.4054432
vn 0.4960924 0.3914567 0.7750188
v 0.0022945 0.1329126 0.4081256
vn 0.5596512 -0.3275450 0.7612521
v 0.0018098 0.1281270 0.4068400
vn 0.5117230 -0.1068606 0.8524790
v 0.0009540 0.1310903 0.4089280
vn 0.2129611 0.9689947 -0.1252873
v 0.0047478 0.1372900 0.3994752
vn 0.7067037 -0.1724409 0.6861735
v 0.0024330 0.1315967 0.4077608
vn -0.9443641 0.1520373 -0.2916525
v 0.0127339 -0.0560145 0.3828944
vn -0.7337115 0.2659308 0.6252586
v 0.0144881 -0.0526208 0.3896104
vn -0.9935591 0.0299137 -0.1092955
v 0.0138440 -0.0501489 0.3809880
vn -0.6317316 -0.2235959 -0.7422400
v 0.0145839 -0.0485054 0.3788280
vn -0.2531715 -0.2402590 -0.9371125
v 0.0145203 -0.0577604 0.3808984
vn -0.4077347 -0.0553167 -0.9114233
v 0.0084583 -0.0713691 0.3855448
vn -0.9257416 0.3397390 -0.1660723
v 0.0074879 -0.0701060 0.3879088
vn -0.4712912 0.4504697 0.7582623
v 0.0050684 -0.0780054 0.3950552
vn -0.5345694 0.2056303 0.8197267
v 0.0166396 -0.0378511 0.3875288
vn -0.4581786 0.1825026 0.8699226
v 0.0174706 -0.0381121 0.3882240
vn -0.4092264 0.2043380 0.8892580
v 0.0156636 -0.0372040 0.3868232
vn -0.6501913 0.1069060 0.7522117
v 0.0144681 -0.0363309 0.3861896
vn -0.9612631 -0.0775572 0.2644960
v 0.0133479 -0.0381807 0.3838280
vn 0.2837552 0.0913759 0.9545331
v 0.0199694 -0.0502907 0.3907672
vn -0.6489195 -0.4178220 -0.6358681
v 0.0127828 -0.0374194 0.3756664
vn 0.4164353 -0.3316452 -0.8465183
v 0.0192872 -0.0296347 0.3726416
vn 0.6653491 -0.2896018 -0.6880708
v 0.0221890 -0.0458365 0.3782144
vn 0.7920724 -0.3940519 -0.4662021
v 0.0170589 -0.0756423 0.3891224
vn -0.7209607 0.2493263 -0.6465696
v 0.0008300 -0.0836110 0.3898440
vn -0.0117739 -0.2851423 -0.9584129
v 0.0047090 -0.0886789 0.3898688
vn 0.1613127 -0.3168527 -0.9346564
v 0.0078830 -0.0845503 0.3885552
vn -0.8953032 0.4357050 0.0927003
v -0.0074143 -0.0941444 0.3997640
vn -0.0433587 0.5587398 0.8282089
v -0.0046867 -0.0937374 0.4026264
vn 0.4815349 0.0916284 0.8716240
v 0.0006716 -0.0993863 0.4007496
vn 0.1871440 0.1885493 0.9640676
v 0.0049467 -0.0890558 0.3974144
vn 0.7271387 -0.1198654 0.6759450
v 0.0170627 -0.0739749 0.3929640
vn -0.5192617 0.2286294 0.8234658
v 0.0173158 -0.0353890 0.3873840
vn -0.3484510 0.2036433 0.9149379
v 0.0179981 -0.0368196 0.3882120
vn -0.4772150 0.1982521 0.8561320
v 0.0164384 -0.0352704 0.3867480
vn -0.3547806 0.1841559 0.9166337
v 0.0154316 -0.0355684 0.3863552
vn -0.3379061 0.1793635 0.9239308
v 0.0153661 -0.0342268 0.3860880
vn -0.5023906 0.0818188 0.8607609
v 0.0136141 -0.0315797 0.3851784
vn -0.1952032 0.2261951 0.9543225
v 0.0145495 -0.0327958 0.3855344
vn -0.8912448 -0.3770798 0.2519793
v 0.0082139 -0.0281202 0.3754352
vn -0.3830332 -0.0073206 0.9237056
v 0.0129737 -0.0283456 0.3846528
vn -0.6416482 -0.0373696 0.7660882
v 0.0120222 -0.0243990 0.3841376
vn -0.8240027 0.0176295 0.5663116
v 0.0097122 -0.0145045 0.3824592
vn 0.9684632 -0.0600511 0.2418118
v 0.0254182 -0.0385940 0.3854408
vn 0.3525560 0.1393524 0.9253568
v 0.0221549 -0.0372769 0.3888680
vn -0.7460775 -0.6295066 -0.2170019
v 0.0087880 -0.0288005 0.3734248
vn -0.3461555 -0.5365160 -0.7696279
v 0.0100658 -0.0290908 0.3719040
vn 0.7955546 -0.1417041 -0.5890779
v 0.0230149 -0.0208464 0.3727440
vn 0.9049984 -0.1193787 -0.4083218
v 0.0245616 -0.0289618 0.3783352
vn -0.0118842 -0.3828537 -0.9237326
v 0.0135159 -0.0262242 0.3697064
vn 0.3907592 -0.1465605 -0.9087504
v 0.0189124 -0.0214479 0.3692296
vn 0.4727682 -0.4513344 -0.7568273
v 0.0091990 -0.0855146 0.3896584
vn 0.8945216 -0.3946555 -0.2099482
v 0.0094647 -0.0919151 0.3946352
vn -0.6252229 0.0820348 -0.7761228
v -0.0030276 -0.0914724 0.3919288
vn 0.1642867 -0.3836254 -0.9087582
v 0.0068474 -0.0864776 0.3891672
vn -0.0599937 -0.2622767 -0.9631260
v 0.0003994 -0.0975485 0.3922664
vn -0.2027622 -0.2514592 -0.9463909
v -0.0010753 -0.0988232 0.3927672
vn 0.3366007 -0.4207852 -0.8424013
v 0.0043638 -0.0954700 0.3926408
vn 0.1997792 -0.3704436 -0.9071162
v 0.0013405 -0.0982695 0.3925472
vn 0.3974776 -0.4510574 -0.7990987
v 0.0075935 -0.0878836 0.3901384
vn -0.9712830 0.1005579 -0.2156328
v -0.0093762 -0.1035661 0.3974016
vn -0.2946028 0.3842919 0.8749451
v -0.0060261 -0.0954273 0.4040584
vn -0.6829135 0.0044087 0.7304860
v -0.0073582 -0.1013176 0.4033672
vn 0.4710118 0.0394472 0.8812445
v -0.0015139 -0.1016250 0.4021712
vn 0.5082217 0.0879135 0.8567275
v 0.0006474 -0.1019669 0.4010056
vn 0.5159669 0.0571829 0.8546978
v -0.0014502 -0.1001751 0.4021336
vn 0.4563256 0.0550944 0.8881056
v 0.0021380 -0.1002506 0.3999288
vn 0.5743271 -0.0462361 0.8173192
v 0.0063504 -0.0955680 0.3977088
vn 0.2052623 0.1346237 0.9694039
v 0.0059711 -0.0906473 0.3975336
vn 0.1448739 0.1154993 0.9826859
v 0.0084893 -0.0883923 0.3968752
vn 0.6256037 -0.2089836 0.7516289
v 0.0109805 -0.0861387 0.3962472
vn 0.2389730 0.1838722 0.9534584
v 0.0118094 -0.0827040 0.3963360
vn -0.4524172 0.3015513 0.8392768
v 0.0176999 -0.0340562 0.3871960
vn -0.3856986 0.2657197 0.8835325
v 0.0165518 -0.0335886 0.3864040
vn -0.2814808 0.3203843 0.9045012
v 0.0193185 -0.0324778 0.3875064
vn -0.1941427 0.2103133 0.9581633
v 0.0162738 -0.0277479 0.3843408
vn -0.9482431 -0.1446523 0.2826850
v 0.0063174 -0.0253296 0.3740768
vn -0.8863320 -0.4168517 -0.2016191
v 0.0064367 -0.0264919 0.3726888
vn -0.1883765 -0.0681224 0.9797315
v 0.0142590 -0.0208098 0.3850512
vn 0.0976531 -0.2106681 0.9726679
v 0.0159204 -0.0224882 0.3852232
vn -0.5006763 0.0053791 0.8656179
v 0.0125124 -0.0225905 0.3843432
vn -0.3525164 -0.0407152 0.9349195
v 0.0132436 -0.0217618 0.3847688
vn -0.0028610 -0.1310148 0.9913763
v 0.0165131 -0.0247867 0.3838664
vn -0.9499450 0.1288462 0.2846106
v 0.0081385 -0.0177438 0.3787528
vn -0.3493263 0.0358171 0.9363164
v 0.0133620 -0.0149677 0.3853832
vn -0.8412781 0.3902848 0.3740707
v 0.0098246 -0.0132859 0.3824864
vn -0.9600482 0.1992082 0.1965291
v 0.0090403 -0.0154126 0.3805000
vn 0.5381562 0.1977266 0.8193242
v 0.0234108 -0.0264195 0.3855768
vn 0.8706030 0.4844587 -0.0857334
v 0.0250957 -0.0173023 0.3769608
vn 0.9381734 0.2124941 0.2732711
v 0.0253589 -0.0192303 0.3805224
vn 0.7855033 0.5009963 -0.3633006
v 0.0246000 -0.0172082 0.3754632
vn -0.5915524 -0.6851709 -0.4249785
v 0.0078711 -0.0277342 0.3722624
vn -0.5826307 -0.3303585 -0.7425663
v 0.0072343 -0.0265690 0.3717136
vn 0.6492378 0.0662080 -0.7576984
v 0.0216932 -0.0193636 0.3711584
vn 0.8121742 0.0408567 -0.5819826
v 0.0230003 -0.0190705 0.3727640
vn -0.0359720 0.2165356 -0.9756118
v 0.0168915 -0.0205144 0.3689336
vn -0.2130689 0.2043386 -0.9554305
v 0.0139119 -0.0217583 0.3690768
vn -0.3019663 -0.0688780 -0.9508271
v 0.0103650 -0.0242418 0.3697904
vn 0.1664433 0.4028218 -0.9000174
v 0.0184931 -0.0197721 0.3692104
vn 0.2871613 0.5188574 -0.8051866
v 0.0200523 -0.0187199 0.3702176
vn 0.4414431 -0.5306673 -0.7235470
v 0.0065447 -0.0948219 0.3928064
vn 0.9716306 -0.2324783 0.0434491
v 0.0074359 -0.0973162 0.3960096
vn -0.0372448 -0.2025447 -0.9785645
v -0.0030036 -0.1047416 0.3948224
vn -0.5125311 -0.0761295 -0.8552872
v -0.0076469 -0.1045272 0.3953816
vn -0.1289692 -0.2787495 -0.9516647
v -0.0022677 -0.1028764 0.3942024
vn -0.0180850 -0.3363188 -0.9415746
v -0.0014832 -0.1013070 0.3935968
vn 0.2690919 -0.8066528 -0.5262136
v 0.0056979 -0.0950985 0.3929344
vn 0.0418042 -0.6317528 -0.7740419
v 0.0060689 -0.0952285 0.3933376
vn 0.2835127 -0.3986692 -0.8721717
v 0.0015710 -0.1001839 0.3935616
vn 0.1936310 -0.5374707 -0.8207511
v 0.0052222 -0.0949493 0.3924856
vn 0.1357992 -0.3691078 -0.9194118
v 0.0003180 -0.1018439 0.3940984
vn -0.7183478 -0.1997693 -0.6663848
v -0.0095932 -0.1138560 0.3987000
vn -0.9939243 0.0988617 0.0483835
v -0.0109844 -0.1130097 0.4007768
vn -0.6946817 -0.1243738 -0.7084832
v -0.0091620 -0.1105692 0.3977008
vn -0.6173155 0.3054056 0.7250166
v -0.0083133 -0.1137425 0.4040720
vn -0.5942410 0.1048794 0.7974196
v -0.0071543 -0.1063225 0.4033480
vn -0.6564463 -0.0383808 0.7533958
v -0.0072545 -0.1033305 0.4032648
vn 0.3534539 0.0163670 0.9353088
v -0.0039316 -0.1003944 0.4034752
vn 0.4778860 0.0249475 0.8780676
v -0.0029438 -0.1003840 0.4030456
vn 0.0908477 -0.0894365 0.9918406
v -0.0047542 -0.1014323 0.4037304
vn -0.1199105 -0.0698484 0.9903246
v -0.0059005 -0.1014753 0.4036128
vn 0.2818571 0.0156503 0.9593288
v -0.0039982 -0.1029740 0.4034616
vn 0.5001464 0.1074098 0.8592536
v 0.0006717 -0.1043448 0.4012728
vn 0.5152389 0.0629622 0.8547308
v 0.0019227 -0.1027731 0.4002736
vn 0.9622243 0.1476526 -0.2287425
v 0.0054651 -0.1127291 0.3984904
vn 0.2074426 0.0466743 0.9771331
v 0.0072827 -0.0914438 0.3973640
vn -0.4931205 0.3574452 0.7931363
v 0.0186046 -0.0324902 0.3869568
vn -0.3288893 0.2753555 0.9033334
v 0.0172762 -0.0305338 0.3857600
vn -0.4349522 0.2457010 0.8662838
v 0.0183533 -0.0291445 0.3856480
vn -0.1612450 0.2536762 0.9537549
v 0.0198159 -0.0307577 0.3870848
vn -0.4120823 0.2281865 0.8821107
v 0.0172303 -0.0278958 0.3848264
vn -0.9586994 0.1169071 0.2592839
v 0.0072766 -0.0193645 0.3770104
vn -0.9196626 0.0250782 -0.3919080
v 0.0063217 -0.0253765 0.3725576
vn -0.8927925 0.3209527 -0.3160871
v 0.0067498 -0.0217783 0.3735592
vn 0.1116517 0.0927592 0.9894087
v 0.0165496 -0.0159033 0.3856776
vn 0.0984315 -0.2470509 0.9639902
v 0.0170506 -0.0216892 0.3852520
vn 0.1217935 -0.4007992 0.9080344
v 0.0170660 -0.0230326 0.3845536
vn -0.4707685 0.1253919 0.8733006
v 0.0179060 -0.0259481 0.3847768
vn -0.3315750 -0.1737186 0.9272971
v 0.0180004 -0.0228294 0.3847152
vn -0.8547491 0.4633493 -0.2339045
v 0.0078739 -0.0176217 0.3762592
vn -0.1556753 0.5457022 0.8233920
v 0.0132975 -0.0124920 0.3848848
vn 0.1339389 0.5011771 0.8549163
v 0.0147830 -0.0129421 0.3852072
vn -0.5236986 0.4659134 0.7132072
v 0.0119418 -0.0123285 0.3842712
vn -0.2917246 0.8941118 0.3397953
v 0.0123444 -0.0114479 0.3832800
vn -0.6185193 0.7742344 0.1341457
v 0.0109452 -0.0120464 0.3821728
vn -0.3949884 0.8545852 -0.3371473
v 0.0118126 -0.0115962 0.3781936
vn -0.2194155 0.2480189 0.9435802
v 0.0198931 -0.0290027 0.3866096
vn -0.1969142 0.1691812 0.9657135
v 0.0197686 -0.0252677 0.3857312
vn -0.2043032 0.2191919 0.9540520
v 0.0198338 -0.0271866 0.3861336
vn -0.1615110 -0.0277825 0.9864798
v 0.0189694 -0.0221400 0.3852968
vn -0.1272387 0.0680015 0.9895384
v 0.0195826 -0.0234515 0.3854160
vn 0.6213052 0.4183774 0.6625257
v 0.0229666 -0.0185395 0.3833880
vn 0.2499979 0.1047254 0.9625662
v 0.0194061 -0.0195350 0.3851128
vn 0.7092661 0.6185325 0.3381704
v 0.0249132 -0.0181637 0.3802968
vn 0.3973439 0.9171438 0.0310665
v 0.0241679 -0.0167823 0.3770696
vn 0.5898166 0.6721720 0.4475502
v 0.0240258 -0.0181994 0.3814688
vn 0.5837233 0.5549393 -0.5927137
v 0.0228610 -0.0175955 0.3727680
vn 0.1904822 0.9334149 -0.3040614
v 0.0225604 -0.0169497 0.3740576
vn 0.2366494 0.9557593 -0.1747031
v 0.0234843 -0.0167162 0.3755648
vn -0.4578872 -0.1173562 -0.8812304
v 0.0085695 -0.0249034 0.3706192
vn -0.2287347 0.5413969 -0.8090550
v 0.0160172 -0.0201416 0.3693320
vn -0.3487983 0.6035655 -0.7169718
v 0.0144603 -0.0205687 0.3696184
vn -0.4743180 0.2994910 -0.8278452
v 0.0090075 -0.0232000 0.3706032
vn -0.1815342 0.8598621 -0.4771610
v 0.0175357 -0.0183905 0.3708936
vn -0.2184004 0.7662942 -0.6042306
v 0.0165337 -0.0191327 0.3699792
vn 0.0392748 0.8747610 -0.4829603
v 0.0201100 -0.0176742 0.3715720
vn 0.5596219 -0.3811815 -0.7358832
v 0.0064063 -0.0966885 0.3941096
vn 0.1348042 -0.1514907 -0.9792234
v -0.0016144 -0.1081643 0.3956048
vn 0.1233599 -0.1445970 -0.9817709
v -0.0031626 -0.1079687 0.3953336
vn -0.1204324 -0.1539695 -0.9807087
v -0.0048003 -0.1077358 0.3951408
vn 0.0894319 -0.2468103 -0.9649283
v -0.0011636 -0.1056615 0.3951600
vn -0.1616968 -0.1769031 -0.9708550
v -0.0044532 -0.1105706 0.3956656
vn -0.3998882 -0.2031431 -0.8937686
v -0.0069836 -0.1140132 0.3972344
vn 0.1209770 -0.3142803 -0.9415904
v -0.0005714 -0.1036650 0.3945648
vn 0.2099423 -0.2928883 -0.9328133
v 0.0013191 -0.1039668 0.3950432
vn -0.6517522 -0.2864170 -0.7022709
v -0.0083767 -0.1177192 0.3989352
vn -0.7676316 0.1826373 0.6143170
v -0.0100092 -0.1181360 0.4051552
vn -0.9190357 -0.3935411 0.0223340
v -0.0097778 -0.1251229 0.4053264
vn -0.3236182 0.3095214 0.8941296
v -0.0085565 -0.1174933 0.4055256
vn -0.3169658 0.2455921 0.9160880
v -0.0072979 -0.1135326 0.4046848
vn -0.2196870 0.3019517 0.9276652
v -0.0073908 -0.1157696 0.4053864
vn -0.0718887 0.0515960 0.9960772
v -0.0054483 -0.1061983 0.4036096
vn -0.0106070 0.1737536 0.9847320
v -0.0056792 -0.1097040 0.4039104
vn 0.2321750 0.0783544 0.9695129
v -0.0037218 -0.1057921 0.4035592
vn 0.4167060 0.1396240 0.8982546
v -0.0012736 -0.1067751 0.4026144
vn 0.6078979 0.1043893 0.7871233
v 0.0020221 -0.1053446 0.4004888
vn 0.5509915 0.1318037 0.8240365
v 0.0011927 -0.1075380 0.4014688
vn 0.6010970 0.1999082 0.7737695
v 0.0020828 -0.1109743 0.4015264
vn 0.1842287 -0.2490476 -0.9508076
v 0.0006389 -0.1059719 0.3954600
vn 0.1263848 -0.1026321 -0.9866577
v -0.0030152 -0.1107907 0.3957192
vn 0.2140201 -0.2125120 -0.9534327
v 0.0001483 -0.1084034 0.3958768
vn 0.8667380 0.4866102 -0.1094346
v 0.0089987 -0.1217996 0.3990712
vn 0.2348489 0.1252418 -0.9639297
v 0.0034872 -0.1202741 0.3970472
vn 0.2565106 0.0647032 -0.9643733
v 0.0023179 -0.1171619 0.3970160
vn 0.5831645 0.2523200 0.7721747
v 0.0032405 -0.1155514 0.4019896
vn -0.5047038 0.1701903 0.8463506
v 0.0187966 -0.0274513 0.3855968
vn -0.6601352 0.3827115 -0.6463385
v 0.0076480 -0.0224503 0.3720896
vn -0.7017112 0.2042582 -0.6825540
v 0.0074677 -0.0238362 0.3715256
vn -0.5698336 0.5176604 -0.6382142
v 0.0079339 -0.0211496 0.3727680
vn -0.0099597 -0.1348844 0.9908113
v 0.0181273 -0.0213742 0.3852584
vn 0.4844926 0.4859373 0.7274145
v 0.0182169 -0.0148744 0.3849376
vn -0.6176484 0.5059149 -0.6021301
v 0.0093931 -0.0163707 0.3756256
vn -0.6939145 0.5773081 -0.4303465
v 0.0102011 -0.0142303 0.3764344
vn 0.3000165 0.8029886 0.5149752
v 0.0150495 -0.0118503 0.3837608
vn 0.0146065 0.9951501 -0.0972777
v 0.0137636 -0.0109956 0.3804792
vn 0.3242415 0.9285550 0.1807017
v 0.0152870 -0.0110860 0.3822544
vn -0.2412024 0.7434583 -0.6237717
v 0.0116857 -0.0126431 0.3768688
vn 0.0871556 0.8823215 -0.4625070
v 0.0130996 -0.0115156 0.3783776
vn 0.6455484 0.6650103 0.3755378
v 0.0218353 -0.0166205 0.3821904
vn 0.6247544 0.7722408 0.1154390
v 0.0206930 -0.0151824 0.3815912
vn 0.5734375 0.7680717 0.2850184
v 0.0229251 -0.0170897 0.3803608
vn 0.1204548 0.9750149 -0.1866459
v 0.0219358 -0.0165688 0.3756248
vn 0.4295076 0.9030584 -0.0029793
v 0.0216057 -0.0157851 0.3797856
vn 0.0881099 0.9157871 -0.3918810
v 0.0212732 -0.0172797 0.3726488
vn 0.0592455 0.9504027 -0.3053273
v 0.0207599 -0.0168540 0.3741648
vn -0.3568838 0.5303117 -0.7690276
v 0.0110148 -0.0215913 0.3706144
vn -0.4051823 0.8053200 -0.4327668
v 0.0151788 -0.0194576 0.3704624
vn -0.4074284 0.5888247 -0.6980599
v 0.0092051 -0.0217581 0.3713272
vn -0.1328475 0.9021060 -0.4105561
v 0.0186384 -0.0176776 0.3719840
vn -0.2030739 0.8182263 -0.5378352
v 0.0162164 -0.0186007 0.3715264
vn -0.0708345 -0.0048239 -0.9974764
v 0.0012371 -0.1230875 0.3965616
vn -0.3324226 -0.1500686 -0.9311147
v 0.0002868 -0.1258558 0.3970232
vn -0.4145656 -0.2321010 -0.8799230
v -0.0059605 -0.1176830 0.3976656
vn -0.4483770 -0.2593394 -0.8553953
v -0.0070574 -0.1181948 0.3983912
vn -0.4107216 -0.3256661 -0.8516157
v 0.0011509 -0.1281686 0.3971712
vn -0.6936233 -0.6426946 -0.3253158
v -0.0005116 -0.1357251 0.4020272
vn 0.0556448 0.3239072 0.9444511
v -0.0060498 -0.1249688 0.4089160
vn -0.5683621 -0.1207628 0.8138678
v -0.0074448 -0.1254470 0.4088960
vn 0.0182176 0.3807327 0.9245057
v -0.0058320 -0.1208331 0.4071552
vn 0.0274488 0.2333200 0.9720125
v -0.0053681 -0.1137708 0.4049352
vn 0.1731544 0.3035294 0.9369565
v -0.0044763 -0.1183107 0.4059520
vn 0.1949879 0.1565976 0.9682236
v -0.0035359 -0.1094841 0.4039032
vn 0.4215302 0.1733799 0.8900852
v -0.0006494 -0.1104152 0.4028984
vn 0.4380080 0.2171540 0.8723493
v 0.0003051 -0.1150252 0.4035056
vn 0.2580017 0.0257543 -0.9658012
v 0.0006298 -0.1172970 0.3966896
vn 0.8082655 -0.0609281 0.5856575
v 0.0108363 -0.1295944 0.4012200
vn 0.4490348 0.2026396 -0.8702327
v 0.0091319 -0.1261916 0.3965840
vn 0.9646370 0.1754218 -0.1967300
v 0.0115697 -0.1281555 0.3985184
vn -0.0504525 -0.1372973 -0.9892442
v 0.0054878 -0.1287416 0.3959720
vn 0.1620177 0.0389168 -0.9860202
v 0.0018225 -0.1202679 0.3967512
vn 0.4596451 0.2341990 0.8566664
v 0.0016185 -0.1193643 0.4039200
vn -0.1853635 0.6628693 -0.7254273
v 0.0117474 -0.0139741 0.3754368
vn 0.2918430 0.8247457 -0.4843783
v 0.0146124 -0.0117305 0.3785184
vn 0.5259684 0.8217888 -0.2191357
v 0.0162983 -0.0119455 0.3803008
vn 0.2289516 0.8559914 -0.4635299
v 0.0179469 -0.0160458 0.3753488
vn -0.2458177 -0.1693482 -0.9544082
v 0.0029726 -0.1275396 0.3963168
vn -0.6040332 -0.5794910 -0.5471143
v 0.0005500 -0.1360983 0.4011632
vn -0.5387515 -0.8340453 0.1188076
v 0.0001869 -0.1363165 0.4031432
vn -0.5565214 -0.6510653 0.5161375
v -0.0031676 -0.1317259 0.4093272
vn 0.4461392 0.3314376 0.8313296
v 0.0014008 -0.1255499 0.4060296
vn 0.4691930 0.4471896 0.7614982
v 0.0001307 -0.1273594 0.4078424
vn 0.4240018 0.3362061 0.8409447
v -0.0003947 -0.1290059 0.4091848
vn -0.0216200 -0.2653665 0.9639052
v -0.0021850 -0.1310468 0.4101896
vn 0.3592490 0.2341000 0.9034033
v -0.0015893 -0.1189343 0.4054000
vn 0.2786967 0.2150233 0.9359985
v -0.0026543 -0.1143506 0.4046304
vn 0.5259938 0.2974268 0.7967860
v 0.0033870 -0.1274974 0.4055560
vn 0.6184590 0.2655054 0.7396049
v 0.0023297 -0.1301138 0.4072864
vn 0.6742077 -0.0163078 0.7383617
v 0.0036441 -0.1315853 0.4064024
vn 0.6262299 -0.4775884 0.6162348
v 0.0047983 -0.1332406 0.4049656
vn 0.7745021 -0.5082354 -0.3766209
v 0.0111686 -0.1328066 0.3977344
vn -0.4383275 -0.4755725 -0.7626926
v 0.0034325 -0.1361831 0.3986568
vn 0.1492791 -0.6367314 -0.7564978
v 0.0057002 -0.1361801 0.3981616
vn 0.4694780 0.7347174 -0.4896742
v 0.0158530 -0.0124475 0.3784144
vn -0.1018295 -0.9924439 0.0684534
v 0.0019387 -0.1373959 0.4018312
vn -0.0920724 -0.8590792 0.5034934
v 0.0004840 -0.1356356 0.4054432
vn 0.4960924 -0.3914567 0.7750188
v 0.0022945 -0.1329126 0.4081256
vn 0.5596512 0.3275450 0.7612521
v 0.0018098 -0.1281270 0.4068400
vn 0.5117230 0.1068606 0.8524790
v 0.0009540 -0.1310903 0.4089280
vn 0.7067037 0.1724409 0.6861735
v 0.0024330 -0.1315967 0.4077608
vn 0.2129610 -0.9689947 -0.1252873
v 0.0047478 -0.1372900 0.3994752
# 3295 vertices, 0 vertices normals

f 1//1 2//2 3//3
f 4//4 5//5 1//1
f 1//1 3//3 6//6
f 4//4 1//1 6//6
f 5//5 2//2 1//1
f 5//5 7//7 2//2
f 7//7 3//3 2//2
f 3//3 8//8 9//9
f 7//7 10//10 3//3
f 3//3 9//9 6//6
f 10//10 8//8 3//3
f 11//11 4//4 6//6
f 12//12 13//13 4//4
f 4//4 11//11 12//12
f 13//13 5//5 4//4
f 13//13 14//14 5//5
f 14//14 7//7 5//5
f 11//11 6//6 9//9
f 14//14 15//15 7//7
f 15//15 10//10 7//7
f 10//10 16//16 8//8
f 16//16 9//9 8//8
f 16//16 11//11 9//9
f 15//15 17//17 10//10
f 17//17 16//16 10//10
f 18//18 12//12 11//11
f 18//18 11//11 16//16
f 19//19 20//20 12//12
f 19//19 12//12 18//18
f 20//20 13//13 12//12
f 20//20 21//21 13//13
f 21//21 14//14 13//13
f 21//21 22//22 14//14
f 22//22 15//15 14//14
f 22//22 23//23 15//15
f 23//23 17//17 15//15
f 17//17 18//18 16//16
f 23//23 24//24 17//17
f 24//24 18//18 17//17
f 24//24 19//19 18//18
f 25//25 26//26 19//19
f 25//25 19//19 24//24
f 26//26 20//20 19//19
f 26//26 27//27 20//20
f 27//27 21//21 20//20
f 27//27 28//28 21//21
f 28//28 22//22 21//21
f 28//28 29//29 22//22
f 29//29 23//23 22//22
f 29//29 30//30 23//23
f 30//30 24//24 23//23
f 30//30 25//25 24//24
f 31//31 32//32 25//25
f 31//31 25//25 30//30
f 32//32 26//26 25//25
f 32//32 33//33 26//26
f 33//33 27//27 26//26
f 33//33 34//34 27//27
f 34//34 28//28 27//27
f 34//34 35//35 28//28
f 35//35 29//29 28//28
f 35//35 36//36 29//29
f 36//36 30//30 29//29
f 36//36 31//31 30//30
f 37//37 38//38 31//31
f 38//38 32//32 31//31
f 37//37 31//31 36//36
f 38//38 39//39 32//32
f 39//39 33//33 32//32
f 39//39 40//40 33//33
f 40//40 34//34 33//33
f 40//40 41//41 34//34
f 41//41 35//35 34//34
f 41//41 42//42 35//35
f 42//42 36//36 35//35
f 42//42 37//37 36//36
f 43//43 44//44 37//37
f 43//43 37//37 42//42
f 44//44 38//38 37//37
f 44//44 45//45 38//38
f 39//39 38//38 45//45
f 45//45 46//46 39//39
f 46//46 40//40 39//39
f 46//46 47//47 40//40
f 47//47 41//41 40//40
f 47//47 48//48 41//41
f 48//48 42//42 41//41
f 48//48 43//43 42//42
f 49//49 50//50 43//43
f 49//49 43//43 48//48
f 50//50 44//44 43//43
f 50//50 51//51 44//44
f 51//51 45//45 44//44
f 51//51 52//52 45//45
f 52//52 46//46 45//45
f 52//52 53//53 46//46
f 53//53 47//47 46//46
f 53//53 54//54 47//47
f 54//54 48//48 47//47
f 54//54 49//49 48//48
f 55//55 56//56 49//49
f 55//55 49//49 54//54
f 56//56 50//50 49//49
f 57//57 50//50 56//56
f 57//57 51//51 50//50
f 57//57 58//58 51//51
f 58//58 52//52 51//51
f 58//58 59//59 52//52
f 59//59 53//53 52//52
f 59//59 60//60 53//53
f 60//60 54//54 53//53
f 60//60 55//55 54//54
f 61//61 62//62 55//55
f 61//61 55//55 60//60
f 62//62 56//56 55//55
f 62//62 63//63 56//56
f 57//57 56//56 63//63
f 63//63 64//64 57//57
f 64//64 58//58 57//57
f 64//64 65//65 58//58
f 65//65 59//59 58//58
f 65//65 66//66 59//59
f 66//66 60//60 59//59
f 66//66 61//61 60//60
f 67//67 68//68 61//61
f 67//67 61//61 66//66
f 68//68 62//62 61//61
f 68//68 69//69 62//62
f 69//69 63//63 62//62
f 69//69 70//70 63//63
f 64//64 63//63 70//70
f 70//70 71//71 64//64
f 71//71 65//65 64//64
f 71//71 72//72 65//65
f 72//72 66//66 65//65
f 72//72 67//67 66//66
f 73//73 74//74 67//67
f 74//74 68//68 67//67
f 73//73 67//67 72//72
f 74//74 75//75 68//68
f 75//75 69//69 68//68
f 75//75 76//76 69//69
f 76//76 70//70 69//69
f 76//76 77//77 70//70
f 77//77 71//71 70//70
f 77//77 78//78 71//71
f 78//78 72//72 71//71
f 78//78 73//73 72//72
f 79//79 80//80 73//73
f 79//79 73//73 78//78
f 80//80 74//74 73//73
f 80//80 81//81 74//74
f 81//81 75//75 74//74
f 81//81 82//82 75//75
f 82//82 76//76 75//75
f 82//82 83//83 76//76
f 83//83 77//77 76//76
f 83//83 84//84 77//77
f 84//84 78//78 77//77
f 84//84 79//79 78//78
f 85//85 86//86 79//79
f 85//85 79//79 84//84
f 86//86 80//80 79//79
f 86//86 87//87 80//80
f 87//87 81//81 80//80
f 87//87 88//88 81//81
f 88//88 82//82 81//81
f 88//88 89//89 82//82
f 89//89 83//83 82//82
f 89//89 90//90 83//83
f 90//90 84//84 83//83
f 90//90 85//85 84//84
f 91//91 92//92 85//85
f 91//91 85//85 90//90
f 92//92 86//86 85//85
f 92//92 93//93 86//86
f 93//93 87//87 86//86
f 93//93 94//94 87//87
f 94//94 88//88 87//87
f 94//94 95//95 88//88
f 95//95 89//89 88//88
f 95//95 96//96 89//89
f 96//96 90//90 89//89
f 96//96 91//91 90//90
f 91//91 96//96 95//95
f 92//92 91//91 95//95
f 92//92 94//94 93//93
f 92//92 95//95 94//94
f 97//97 98//98 99//99
f 98//98 97//97 100//100
f 97//97 101//101 102//102
f 97//97 99//99 101//101
f 97//97 102//102 100//100
f 99//99 98//98 103//103
f 98//98 100//100 103//103
f 99//99 104//104 101//101
f 104//104 99//99 105//105
f 99//99 103//103 105//105
f 103//103 100//100 106//106
f 100//100 102//102 107//107
f 100//100 107//107 106//106
f 104//104 108//108 101//101
f 101//101 108//108 109//109
f 101//101 109//109 102//102
f 102//102 109//109 110//110
f 102//102 110//110 107//107
f 105//105 103//103 111//111
f 103//103 106//106 111//111
f 108//108 104//104 112//112
f 104//104 105//105 112//112
f 112//112 105//105 113//113
f 105//105 111//111 113//113
f 111//111 106//106 114//114
f 106//106 107//107 115//115
f 106//106 115//115 114//114
f 107//107 110//110 116//116
f 107//107 116//116 115//115
f 108//108 112//112 109//109
f 109//109 112//112 117//117
f 109//109 117//117 110//110
f 110//110 117//117 118//118
f 110//110 118//118 116//116
f 113//113 111//111 119//119
f 111//111 114//114 119//119
f 112//112 113//113 117//117
f 117//117 113//113 120//120
f 113//113 119//119 120//120
f 119//119 114//114 121//121
f 114//114 115//115 122//122
f 114//114 122//122 121//121
f 115//115 116//116 123//123
f 115//115 123//123 122//122
f 116//116 118//118 124//124
f 116//116 124//124 123//123
f 117//117 120//120 118//118
f 118//118 120//120 125//125
f 118//118 125//125 124//124
f 120//120 119//119 126//126
f 119//119 121//121 126//126
f 120//120 126//126 125//125
f 126//126 121//121 127//127
f 121//121 122//122 128//128
f 121//121 128//128 127//127
f 122//122 123//123 129//129
f 129//129 128//128 122//122
f 123//123 124//124 130//130
f 123//123 130//130 129//129
f 124//124 125//125 131//131
f 124//124 131//131 130//130
f 125//125 126//126 132//132
f 125//125 132//132 131//131
f 126//126 127//127 132//132
f 132//132 127//127 133//133
f 127//127 128//128 134//134
f 127//127 134//134 133//133
f 128//128 129//129 135//135
f 128//128 135//135 134//134
f 129//129 130//130 136//136
f 129//129 136//136 135//135
f 130//130 131//131 137//137
f 130//130 137//137 136//136
f 131//131 132//132 138//138
f 131//131 138//138 137//137
f 132//132 133//133 138//138
f 138//138 133//133 139//139
f 133//133 134//134 140//140
f 133//133 140//140 139//139
f 134//134 135//135 141//141
f 134//134 141//141 140//140
f 135//135 136//136 142//142
f 135//135 142//142 141//141
f 136//136 137//137 143//143
f 136//136 143//143 142//142
f 137//137 138//138 144//144
f 137//137 144//144 143//143
f 138//138 139//139 144//144
f 144//144 139//139 145//145
f 139//139 140//140 146//146
f 139//139 146//146 145//145
f 141//141 147//147 140//140
f 140//140 147//147 146//146
f 141//141 142//142 148//148
f 141//141 148//148 147//147
f 142//142 143//143 149//149
f 142//142 149//149 148//148
f 144//144 150//150 143//143
f 143//143 150//150 149//149
f 144//144 145//145 150//150
f 150//150 145//145 151//151
f 145//145 146//146 152//152
f 145//145 152//152 151//151
f 146//146 147//147 153//153
f 146//146 153//153 152//152
f 147//147 148//148 154//154
f 147//147 154//154 153//153
f 148//148 149//149 155//155
f 148//148 155//155 154//154
f 150//150 156//156 149//149
f 149//149 156//156 155//155
f 150//150 151//151 156//156
f 156//156 151//151 157//157
f 151//151 152//152 158//158
f 151//151 158//158 157//157
f 152//152 153//153 159//159
f 152//152 159//159 158//158
f 153//153 154//154 160//160
f 153//153 160//160 159//159
f 154//154 155//155 161//161
f 154//154 161//161 160//160
f 155//155 156//156 162//162
f 155//155 162//162 161//161
f 156//156 157//157 162//162
f 162//162 157//157 163//163
f 157//157 158//158 164//164
f 157//157 164//164 163//163
f 158//158 159//159 165//165
f 158//158 165//165 164//164
f 159//159 160//160 166//166
f 159//159 166//166 165//165
f 160//160 161//161 167//167
f 160//160 167//167 166//166
f 161//161 162//162 168//168
f 161//161 168//168 167//167
f 162//162 163//163 168//168
f 168//168 163//163 169//169
f 163//163 164//164 170//170
f 163//163 170//170 169//169
f 164//164 165//165 171//171
f 164//164 171//171 170//170
f 165//165 166//166 172//172
f 165//165 172//172 171//171
f 166//166 167//167 173//173
f 166//166 173//173 172//172
f 167//167 168//168 174//174
f 167//167 174//174 173//173
f 168//168 169//169 174//174
f 174//174 169//169 175//175
f 169//169 170//170 176//176
f 169//169 176//176 175//175
f 170//170 171//171 177//177
f 170//170 177//177 176//176
f 171//171 172//172 178//178
f 171//171 178//178 177//177
f 172//172 173//173 179//179
f 172//172 179//179 178//178
f 173//173 174//174 180//180
f 173//173 180//180 179//179
f 174//174 175//175 180//180
f 180//180 175//175 181//181
f 175//175 176//176 182//182
f 175//175 182//182 181//181
f 176//176 177//177 183//183
f 176//176 183//183 182//182
f 177//177 178//178 184//184
f 177//177 184//184 183//183
f 178//178 179//179 185//185
f 178//178 185//185 184//184
f 179//179 180//180 186//186
f 179//179 186//186 185//185
f 180//180 181//181 186//186
f 187//187 181//181 182//182
f 188//188 181//181 187//187
f 189//189 186//186 181//181
f 188//188 189//189 181//181
f 182//182 183//183 190//190
f 182//182 190//190 191//191
f 191//191 187//187 182//182
f 183//183 184//184 192//192
f 183//183 192//192 190//190
f 184//184 185//185 193//193
f 184//184 193//193 192//192
f 185//185 186//186 189//189
f 185//185 189//189 193//193
f 188//188 187//187 191//191
f 189//189 188//188 193//193
f 193//193 188//188 191//191
f 193//193 191//191 190//190
f 193//193 190//190 192//192
f 194//194 195//195 196//196
f 194//194 196//196 197//197
f 198//198 195//195 194//194
f 198//198 194//194 199//199
f 199//199 194//194 197//197
f 200//200 201//201 195//195
f 200//200 195//195 198//198
f 201//201 202//202 195//195
f 196//196 195//195 202//202
f 197//197 196//196 202//202
f 202//202 203//203 197//197
f 199//199 197//197 203//203
f 204//204 200//200 198//198
f 204//204 198//198 205//205
f 205//205 198//198 199//199
f 206//206 205//205 199//199
f 206//206 199//199 203//203
f 207//207 208//208 200//200
f 207//207 200//200 204//204
f 208//208 201//201 200//200
f 208//208 209//209 201//201
f 209//209 210//210 201//201
f 201//201 210//210 202//202
f 210//210 211//211 202//202
f 202//202 211//211 203//203
f 211//211 206//206 203//203
f 212//212 207//207 204//204
f 212//212 204//204 213//213
f 213//213 204//204 205//205
f 213//213 205//205 206//206
f 214//214 213//213 206//206
f 214//214 206//206 211//211
f 215//215 216//216 207//207
f 215//215 207//207 212//212
f 216//216 208//208 207//207
f 216//216 217//217 208//208
f 217//217 209//209 208//208
f 217//217 218//218 209//209
f 218//218 219//219 209//209
f 209//209 219//219 210//210
f 219//219 214//214 210//210
f 210//210 214//214 211//211
f 220//220 215//215 212//212
f 220//220 212//212 221//221
f 221//221 212//212 213//213
f 221//221 213//213 214//214
f 219//219 221//221 214//214
f 222//222 223//223 215//215
f 222//222 215//215 220//220
f 223//223 216//216 215//215
f 223//223 224//224 216//216
f 224//224 217//217 216//216
f 224//224 225//225 217//217
f 225//225 218//218 217//217
f 225//225 226//226 218//218
f 226//226 227//227 218//218
f 218//218 227//227 219//219
f 227//227 221//221 219//219
f 228//228 222//222 220//220
f 228//228 220//220 227//227
f 227//227 220//220 221//221
f 229//229 230//230 222//222
f 229//229 222//222 228//228
f 230//230 223//223 222//222
f 230//230 231//231 223//223
f 231//231 224//224 223//223
f 231//231 232//232 224//224
f 232//232 225//225 224//224
f 232//232 233//233 225//225
f 233//233 226//226 225//225
f 233//233 234//234 226//226
f 234//234 228//228 226//226
f 228//228 227//227 226//226
f 229//229 228//228 234//234
f 235//235 236//236 229//229
f 236//236 230//230 229//229
f 235//235 229//229 234//234
f 236//236 237//237 230//230
f 237//237 231//231 230//230
f 237//237 238//238 231//231
f 238//238 232//232 231//231
f 238//238 239//239 232//232
f 239//239 233//233 232//232
f 239//239 240//240 233//233
f 240//240 234//234 233//233
f 240//240 235//235 234//234
f 241//241 242//242 235//235
f 241//241 235//235 240//240
f 242//242 236//236 235//235
f 242//242 243//243 236//236
f 243//243 237//237 236//236
f 243//243 244//244 237//237
f 244//244 238//238 237//237
f 244//244 245//245 238//238
f 245//245 239//239 238//238
f 245//245 246//246 239//239
f 246//246 240//240 239//239
f 246//246 241//241 240//240
f 247//247 248//248 241//241
f 247//247 241//241 246//246
f 248//248 242//242 241//241
f 248//248 249//249 242//242
f 249//249 243//243 242//242
f 249//249 250//250 243//243
f 250//250 244//244 243//243
f 250//250 251//251 244//244
f 251//251 245//245 244//244
f 251//251 252//252 245//245
f 252//252 246//246 245//245
f 252//252 247//247 246//246
f 253//253 254//254 247//247
f 253//253 247//247 252//252
f 254//254 248//248 247//247
f 254//254 255//255 248//248
f 255//255 249//249 248//248
f 255//255 256//256 249//249
f 256//256 250//250 249//249
f 256//256 257//257 250//250
f 257//257 251//251 250//250
f 257//257 258//258 251//251
f 258//258 252//252 251//251
f 258//258 253//253 252//252
f 259//259 260//260 253//253
f 259//259 253//253 258//258
f 260//260 254//254 253//253
f 260//260 261//261 254//254
f 261//261 255//255 254//254
f 261//261 262//262 255//255
f 262//262 256//256 255//255
f 262//262 263//263 256//256
f 263//263 257//257 256//256
f 263//263 264//264 257//257
f 264//264 258//258 257//257
f 264//264 259//259 258//258
f 265//265 266//266 259//259
f 259//259 264//264 265//265
f 266//266 260//260 259//259
f 266//266 267//267 260//260
f 267//267 261//261 260//260
f 267//267 268//268 261//261
f 268//268 262//262 261//261
f 268//268 269//269 262//262
f 269//269 263//263 262//262
f 269//269 270//270 263//263
f 270//270 264//264 263//263
f 270//270 265//265 264//264
f 271//271 272//272 265//265
f 272//272 266//266 265//265
f 271//271 265//265 270//270
f 272//272 273//273 266//266
f 273//273 267//267 266//266
f 273//273 274//274 267//267
f 274//274 268//268 267//267
f 274//274 275//275 268//268
f 275//275 269//269 268//268
f 275//275 276//276 269//269
f 276//276 270//270 269//269
f 276//276 271//271 270//270
f 277//277 278//278 271//271
f 278//278 272//272 271//271
f 277//277 271//271 276//276
f 278//278 279//279 272//272
f 279//279 273//273 272//272
f 279//279 280//280 273//273
f 280//280 274//274 273//273
f 280//280 281//281 274//274
f 281//281 275//275 274//274
f 281//281 282//282 275//275
f 282//282 276//276 275//275
f 282//282 277//277 276//276
f 283//283 284//284 277//277
f 283//283 277//277 282//282
f 284//284 278//278 277//277
f 284//284 285//285 278//278
f 285//285 279//279 278//278
f 285//285 286//286 279//279
f 286//286 280//280 279//279
f 286//286 287//287 280//280
f 287//287 281//281 280//280
f 287//287 288//288 281//281
f 288//288 282//282 281//281
f 288//288 283//283 282//282
f 285//285 283//283 286//286
f 285//285 284//284 283//283
f 283//283 288//288 287//287
f 287//287 286//286 283//283
f 289//289 290//290 291//291
f 292//292 293//293 289//289
f 289//289 291//291 294//294
f 292//292 289//289 294//294
f 293//293 290//290 289//289
f 290//290 295//295 296//296
f 293//293 297//297 290//290
f 290//290 296//296 291//291
f 297//297 295//295 290//290
f 298//298 299//299 291//291
f 294//294 291//291 299//299
f 298//298 291//291 296//296
f 292//292 299//299 300//300
f 294//294 299//299 292//292
f 292//292 300//300 301//301
f 301//301 293//293 292//292
f 301//301 302//302 293//293
f 302//302 297//297 293//293
f 297//297 303//303 295//295
f 303//303 296//296 295//295
f 303//303 298//298 296//296
f 302//302 304//304 297//297
f 304//304 303//303 297//297
f 305//305 306//306 298//298
f 306//306 299//299 298//298
f 305//305 298//298 303//303
f 306//306 300//300 299//299
f 307//307 308//308 300//300
f 301//301 300//300 308//308
f 307//307 300//300 306//306
f 301//301 308//308 309//309
f 309//309 302//302 301//301
f 309//309 310//310 302//302
f 310//310 304//304 302//302
f 304//304 305//305 303//303
f 310//310 311//311 304//304
f 311//311 305//305 304//304
f 311//311 312//312 305//305
f 312//312 306//306 305//305
f 312//312 307//307 306//306
f 313//313 314//314 307//307
f 314//314 308//308 307//307
f 313//313 307//307 312//312
f 314//314 315//315 308//308
f 309//309 308//308 315//315
f 309//309 315//315 316//316
f 316//316 310//310 309//309
f 316//316 317//317 310//310
f 317//317 311//311 310//310
f 317//317 318//318 311//311
f 318//318 312//312 311//311
f 318//318 313//313 312//312
f 319//319 320//320 313//313
f 319//319 313//313 318//318
f 320//320 314//314 313//313
f 320//320 321//321 314//314
f 321//321 315//315 314//314
f 321//321 322//322 315//315
f 316//316 315//315 322//322
f 316//316 322//322 323//323
f 323//323 317//317 316//316
f 323//323 324//324 317//317
f 324//324 318//318 317//317
f 324//324 319//319 318//318
f 325//325 326//326 319//319
f 325//325 319//319 324//324
f 326//326 320//320 319//319
f 326//326 327//327 320//320
f 327//327 321//321 320//320
f 327//327 328//328 321//321
f 328//328 322//322 321//321
f 328//328 329//329 322//322
f 323//323 322//322 329//329
f 323//323 329//329 330//330
f 330//330 324//324 323//323
f 330//330 325//325 324//324
f 331//331 332//332 325//325
f 331//331 325//325 330//330
f 332//332 326//326 325//325
f 332//332 333//333 326//326
f 333//333 327//327 326//326
f 333//333 334//334 327//327
f 334//334 328//328 327//327
f 334//334 335//335 328//328
f 335//335 329//329 328//328
f 335//335 336//336 329//329
f 330//330 329//329 336//336
f 330//330 336//336 331//331
f 331//331 336//336 337//337
f 331//331 337//337 338//338
f 338//338 332//332 331//331
f 338//338 339//339 332//332
f 339//339 333//333 332//332
f 339//339 340//340 333//333
f 340//340 334//334 333//333
f 340//340 341//341 334//334
f 341//341 335//335 334//334
f 341//341 342//342 335//335
f 342//342 336//336 335//335
f 342//342 337//337 336//336
f 343//343 344//344 337//337
f 338//338 337//337 344//344
f 343//343 337//337 342//342
f 338//338 344//344 345//345
f 345//345 339//339 338//338
f 345//345 346//346 339//339
f 346//346 340//340 339//339
f 346//346 347//347 340//340
f 347//347 341//341 340//340
f 347//347 348//348 341//341
f 348//348 342//342 341//341
f 348//348 343//343 342//342
f 349//349 350//350 343//343
f 350//350 344//344 343//343
f 349//349 343//343 348//348
f 350//350 351//351 344//344
f 345//345 344//344 351//351
f 345//345 351//351 352//352
f 352//352 346//346 345//345
f 352//352 353//353 346//346
f 353//353 347//347 346//346
f 353//353 354//354 347//347
f 354//354 348//348 347//347
f 349//349 348//348 354//354
f 355//355 349//349 356//356
f 356//356 349//349 354//354
f 355//355 350//350 349//349
f 355//355 357//357 350//350
f 357//357 351//351 350//350
f 357//357 358//358 351//351
f 351//351 358//358 352//352
f 352//352 358//358 359//359
f 359//359 353//353 352//352
f 359//359 360//360 353//353
f 360//360 354//354 353//353
f 360//360 356//356 354//354
f 361//361 355//355 356//356
f 361//361 362//362 355//355
f 362//362 357//357 355//355
f 363//363 361//361 356//356
f 363//363 356//356 360//360
f 362//362 364//364 357//357
f 364//364 358//358 357//357
f 364//364 365//365 358//358
f 359//359 358//358 365//365
f 359//359 365//365 366//366
f 366//366 360//360 359//359
f 366//366 363//363 360//360
f 367//367 361//361 363//363
f 367//367 368//368 361//361
f 368//368 362//362 361//361
f 368//368 369//369 362//362
f 369//369 364//364 362//362
f 370//370 367//367 363//363
f 370//370 363//363 366//366
f 369//369 371//371 364//364
f 371//371 365//365 364//364
f 371//371 372//372 365//365
f 366//366 365//365 372//372
f 366//366 372//372 370//370
f 373//373 367//367 370//370
f 373//373 368//368 367//367
f 373//373 374//374 368//368
f 374//374 369//369 368//368
f 374//374 375//375 369//369
f 375//375 371//371 369//369
f 370//370 372//372 376//376
f 370//370 376//376 373//373
f 375//375 377//377 371//371
f 377//377 372//372 371//371
f 377//377 376//376 372//372
f 373//373 376//376 378//378
f 378//378 374//374 373//373
f 379//379 375//375 374//374
f 379//379 374//374 378//378
f 377//377 375//375 379//379
f 380//380 381//381 376//376
f 376//376 381//381 378//378
f 380//380 376//376 377//377
f 379//379 380//380 377//377
f 379//379 378//378 380//380
f 378//378 381//381 380//380
f 382//382 383//383 384//384
f 385//385 386//386 382//382
f 386//386 383//383 382//382
f 387//387 382//382 384//384
f 388//388 385//385 382//382
f 388//388 382//382 387//387
f 383//383 389//389 384//384
f 390//390 389//389 383//383
f 390//390 383//383 391//391
f 391//391 383//383 386//386
f 384//384 389//389 392//392
f 393//393 384//384 392//392
f 387//387 384//384 393//393
f 385//385 394//394 395//395
f 386//386 385//385 395//395
f 396//396 394//394 385//385
f 396//396 385//385 388//388
f 391//391 386//386 397//397
f 397//397 386//386 395//395
f 393//393 398//398 387//387
f 387//387 398//398 399//399
f 387//387 399//399 388//388
f 388//388 399//399 400//400
f 388//388 400//400 396//396
f 389//389 401//401 392//392
f 402//402 401//401 389//389
f 402//402 389//389 390//390
f 403//403 402//402 390//390
f 403//403 390//390 404//404
f 404//404 390//390 391//391
f 404//404 391//391 398//398
f 398//398 391//391 397//397
f 392//392 401//401 405//405
f 406//406 392//392 405//405
f 393//393 392//392 406//406
f 406//406 404//404 393//393
f 393//393 404//404 398//398
f 407//407 395//395 394//394
f 408//408 407//407 394//394
f 409//409 408//408 394//394
f 409//409 394//394 396//396
f 397//397 395//395 410//410
f 410//410 395//395 407//407
f 396//396 400//400 411//411
f 396//396 411//411 409//409
f 398//398 397//397 399//399
f 399//399 397//397 410//410
f 399//399 410//410 400//400
f 400//400 410//410 412//412
f 400//400 412//412 411//411
f 401//401 413//413 405//405
f 414//414 413//413 401//401
f 414//414 401//401 402//402
f 415//415 414//414 402//402
f 415//415 402//402 403//403
f 416//416 415//415 403//403
f 416//416 403//403 406//406
f 406//406 403//403 404//404
f 417//417 418//418 405//405
f 417//417 405//405 413//413
f 416//416 405//405 418//418
f 406//406 405//405 416//416
f 419//419 407//407 408//408
f 410//410 407//407 412//412
f 412//412 407//407 419//419
f 420//420 419//419 408//408
f 421//421 420//420 408//408
f 421//421 408//408 409//409
f 409//409 411//411 422//422
f 409//409 422//422 421//421
f 411//411 412//412 423//423
f 411//411 423//423 422//422
f 412//412 419//419 423//423
f 424//424 417//417 413//413
f 424//424 413//413 414//414
f 425//425 424//424 414//414
f 425//425 414//414 415//415
f 426//426 425//425 415//415
f 426//426 415//415 416//416
f 416//416 418//418 426//426
f 427//427 428//428 417//417
f 427//427 417//417 424//424
f 417//417 428//428 429//429
f 418//418 417//417 429//429
f 426//426 418//418 429//429
f 423//423 419//419 430//430
f 419//419 420//420 430//430
f 420//420 431//431 430//430
f 432//432 431//431 420//420
f 432//432 420//420 421//421
f 421//421 422//422 433//433
f 421//421 433//433 432//432
f 422//422 423//423 430//430
f 422//422 430//430 433//433
f 434//434 427//427 424//424
f 434//434 424//424 425//425
f 435//435 434//434 425//425
f 435//435 425//425 426//426
f 426//426 429//429 435//435
f 436//436 437//437 427//427
f 437//437 428//428 427//427
f 436//436 427//427 434//434
f 437//437 438//438 428//428
f 428//428 438//438 429//429
f 435//435 429//429 439//439
f 438//438 439//439 429//429
f 433//433 430//430 440//440
f 441//441 440//440 430//430
f 441//441 430//430 431//431
f 442//442 441//441 431//431
f 442//442 431//431 432//432
f 432//432 433//433 443//443
f 432//432 443//443 442//442
f 433//433 440//440 443//443
f 444//444 436//436 434//434
f 444//444 434//434 435//435
f 435//435 439//439 444//444
f 445//445 446//446 436//436
f 446//446 437//437 436//436
f 445//445 436//436 444//444
f 446//446 447//447 437//437
f 447//447 438//438 437//437
f 447//447 448//448 438//438
f 439//439 438//438 448//448
f 444//444 439//439 449//449
f 449//449 439//439 448//448
f 443//443 440//440 450//450
f 451//451 450//450 440//440
f 451//451 440//440 441//441
f 452//452 451//451 441//441
f 452//452 441//441 442//442
f 442//442 443//443 453//453
f 442//442 453//453 452//452
f 443//443 450//450 453//453
f 444//444 449//449 445//445
f 454//454 446//446 445//445
f 445//445 455//455 454//454
f 445//445 449//449 455//455
f 454//454 456//456 446//446
f 456//456 447//447 446//446
f 456//456 457//457 447//447
f 457//457 448//448 447//447
f 457//457 458//458 448//448
f 448//448 458//458 449//449
f 458//458 455//455 449//449
f 451//451 453//453 450//450
f 451//451 452//452 453//453
f 454//454 457//457 456//456
f 454//454 455//455 457//457
f 455//455 458//458 457//457
f 459//459 460//460 461//461
f 462//462 463//463 459//459
f 462//462 459//459 464//464
f 463//463 465//465 459//459
f 464//464 459//459 461//461
f 459//459 465//465 460//460
f 460//460 466//466 461//461
f 465//465 467//467 460//460
f 460//460 467//467 468//468
f 460//460 468//468 466//466
f 466//466 469//469 461//461
f 464//464 461//461 470//470
f 471//471 470//470 461//461
f 461//461 472//472 473//473
f 461//461 473//473 471//471
f 461//461 469//469 474//474
f 474//474 472//472 461//461
f 475//475 476//476 462//462
f 476//476 463//463 462//462
f 475//475 462//462 477//477
f 477//477 462//462 464//464
f 478//478 463//463 476//476
f 478//478 479//479 463//463
f 463//463 479//479 465//465
f 477//477 464//464 480//480
f 480//480 464//464 470//470
f 479//479 481//481 465//465
f 465//465 481//481 467//467
f 469//469 466//466 482//482
f 466//466 468//468 483//483
f 466//466 483//483 482//482
f 481//481 473//473 467//467
f 467//467 473//473 472//472
f 467//467 472//472 468//468
f 468//468 472//472 484//484
f 468//468 484//484 483//483
f 483//483 474//474 469//469
f 483//483 469//469 482//482
f 480//480 470//470 471//471
f 471//471 473//473 485//485
f 471//471 485//485 480//480
f 474//474 484//484 472//472
f 481//481 485//485 473//473
f 483//483 484//484 474//474
f 486//486 487//487 475//475
f 475//475 487//487 488//488
f 488//488 476//476 475//475
f 486//486 475//475 477//477
f 489//489 478//478 476//476
f 489//489 476//476 490//490
f 488//488 490//490 476//476
f 477//477 491//491 486//486
f 480//480 491//491 477//477
f 489//489 492//492 478//478
f 478//478 492//492 479//479
f 492//492 493//493 479//479
f 479//479 493//493 481//481
f 480//480 485//485 491//491
f 493//493 485//485 481//481
f 493//493 491//491 485//485
f 494//494 487//487 486//486
f 494//494 486//486 495//495
f 495//495 486//486 491//491
f 496//496 497//497 487//487
f 496//496 487//487 494//494
f 488//488 487//487 497//497
f 488//488 497//497 498//498
f 498//498 490//490 488//488
f 499//499 489//489 490//490
f 500//500 489//489 499//499
f 489//489 500//500 492//492
f 501//501 499//499 490//490
f 498//498 501//501 490//490
f 495//495 491//491 493//493
f 500//500 495//495 492//492
f 492//492 495//495 493//493
f 502//502 496//496 494//494
f 502//502 494//494 500//500
f 500//500 494//494 495//495
f 503//503 504//504 496//496
f 503//503 496//496 502//502
f 504//504 497//497 496//496
f 504//504 505//505 497//497
f 498//498 497//497 505//505
f 498//498 505//505 506//506
f 506//506 501//501 498//498
f 507//507 508//508 499//499
f 507//507 499//499 501//501
f 508//508 502//502 499//499
f 499//499 502//502 500//500
f 506//506 507//507 501//501
f 508//508 503//503 502//502
f 509//509 510//510 503//503
f 509//509 503//503 508//508
f 510//510 504//504 503//503
f 510//510 511//511 504//504
f 511//511 505//505 504//504
f 511//511 512//512 505//505
f 506//506 505//505 512//512
f 506//506 512//512 513//513
f 513//513 507//507 506//506
f 513//513 514//514 507//507
f 514//514 508//508 507//507
f 514//514 509//509 508//508
f 515//515 516//516 509//509
f 515//515 509//509 514//514
f 516//516 510//510 509//509
f 516//516 517//517 510//510
f 517//517 511//511 510//510
f 517//517 518//518 511//511
f 518//518 512//512 511//511
f 518//518 519//519 512//512
f 513//513 512//512 519//519
f 513//513 519//519 520//520
f 520//520 514//514 513//513
f 520//520 515//515 514//514
f 521//521 522//522 515//515
f 522//522 516//516 515//515
f 521//521 515//515 520//520
f 522//522 523//523 516//516
f 523//523 517//517 516//516
f 523//523 524//524 517//517
f 524//524 518//518 517//517
f 524//524 525//525 518//518
f 525//525 519//519 518//518
f 525//525 526//526 519//519
f 520//520 519//519 526//526
f 520//520 526//526 521//521
f 521//521 527//527 528//528
f 528//528 522//522 521//521
f 521//521 526//526 527//527
f 528//528 529//529 522//522
f 529//529 523//523 522//522
f 529//529 530//530 523//523
f 530//530 524//524 523//523
f 530//530 531//531 524//524
f 531//531 525//525 524//524
f 531//531 532//532 525//525
f 532//532 526//526 525//525
f 532//532 527//527 526//526
f 533//533 534//534 527//527
f 528//528 527//527 534//534
f 533//533 527//527 532//532
f 528//528 534//534 535//535
f 535//535 529//529 528//528
f 535//535 536//536 529//529
f 536//536 530//530 529//529
f 536//536 537//537 530//530
f 537//537 531//531 530//530
f 537//537 538//538 531//531
f 538//538 532//532 531//531
f 538//538 533//533 532//532
f 539//539 540//540 533//533
f 539//539 533//533 538//538
f 540//540 534//534 533//533
f 540//540 541//541 534//534
f 535//535 534//534 541//541
f 535//535 541//541 542//542
f 542//542 536//536 535//535
f 542//542 543//543 536//536
f 543//543 537//537 536//536
f 543//543 544//544 537//537
f 544//544 538//538 537//537
f 544//544 539//539 538//538
f 545//545 546//546 539//539
f 545//545 539//539 544//544
f 546//546 540//540 539//539
f 546//546 547//547 540//540
f 547//547 541//541 540//540
f 547//547 548//548 541//541
f 542//542 541//541 548//548
f 542//542 548//548 549//549
f 549//549 543//543 542//542
f 549//549 550//550 543//543
f 550//550 544//544 543//543
f 550//550 545//545 544//544
f 549//549 548//548 545//545
f 549//549 545//545 550//550
f 548//548 546//546 545//545
f 548//548 547//547 546//546
f 551//551 552//552 553//553
f 554//554 555//555 551//551
f 555//555 552//552 551//551
f 554//554 551//551 553//553
f 552//552 556//556 553//553
f 552//552 557//557 556//556
f 555//555 558//558 552//552
f 558//558 557//557 552//552
f 553//553 556//556 559//559
f 553//553 559//559 554//554
f 554//554 559//559 560//560
f 561//561 555//555 554//554
f 554//554 560//560 561//561
f 561//561 562//562 555//555
f 562//562 558//558 555//555
f 556//556 557//557 559//559
f 558//558 563//563 557//557
f 557//557 563//563 559//559
f 562//562 564//564 558//558
f 564//564 563//563 558//558
f 560//560 559//559 563//563
f 561//561 560//560 565//565
f 560//560 566//566 565//565
f 566//566 560//560 563//563
f 567//567 562//562 561//561
f 561//561 565//565 567//567
f 567//567 568//568 562//562
f 568//568 564//564 562//562
f 564//564 566//566 563//563
f 568//568 569//569 564//564
f 569//569 566//566 564//564
f 567//567 565//565 570//570
f 566//566 571//571 565//565
f 570//570 565//565 571//571
f 569//569 571//571 566//566
f 572//572 568//568 567//567
f 567//567 570//570 572//572
f 573//573 569//569 568//568
f 572//572 573//573 568//568
f 573//573 574//574 569//569
f 574//574 571//571 569//569
f 572//572 570//570 575//575
f 576//576 570//570 571//571
f 570//570 576//576 575//575
f 574//574 576//576 571//571
f 577//577 573//573 572//572
f 572//572 575//575 577//577
f 578//578 574//574 573//573
f 577//577 578//578 573//573
f 578//578 579//579 574//574
f 579//579 576//576 574//574
f 577//577 575//575 580//580
f 576//576 581//581 575//575
f 580//580 575//575 581//581
f 579//579 581//581 576//576
f 582//582 578//578 577//577
f 577//577 580//580 582//582
f 583//583 579//579 578//578
f 582//582 583//583 578//578
f 583//583 584//584 579//579
f 584//584 581//581 579//579
f 582//582 580//580 585//585
f 586//586 585//585 580//580
f 587//587 586//586 580//580
f 587//587 580//580 581//581
f 584//584 587//587 581//581
f 588//588 583//583 582//582
f 582//582 585//585 588//588
f 589//589 584//584 583//583
f 588//588 589//589 583//583
f 589//589 590//590 584//584
f 590//590 587//587 584//584
f 588//588 585//585 591//591
f 586//586 592//592 585//585
f 592//592 591//591 585//585
f 590//590 586//586 587//587
f 593//593 586//586 590//590
f 593//593 592//592 586//586
f 594//594 589//589 588//588
f 588//588 591//591 594//594
f 595//595 590//590 589//589
f 594//594 595//595 589//589
f 595//595 593//593 590//590
f 594//594 591//591 596//596
f 597//597 596//596 591//591
f 592//592 597//597 591//591
f 598//598 592//592 593//593
f 598//598 597//597 592//592
f 599//599 598//598 593//593
f 599//599 593//593 595//595
f 600//600 595//595 594//594
f 594//594 596//596 600//600
f 600//600 599//599 595//595
f 600//600 596//596 601//601
f 602//602 601//601 596//596
f 597//597 602//602 596//596
f 603//603 597//597 598//598
f 603//603 602//602 597//597
f 604//604 603//603 598//598
f 604//604 598//598 599//599
f 605//605 604//604 599//599
f 605//605 599//599 600//600
f 600//600 601//601 605//605
f 605//605 601//601 606//606
f 607//607 608//608 601//601
f 606//606 601//601 608//608
f 602//602 607//607 601//601
f 609//609 602//602 603//603
f 609//609 607//607 602//602
f 610//610 609//609 603//603
f 610//610 603//603 604//604
f 611//611 610//610 604//604
f 611//611 604//604 605//605
f 605//605 606//606 611//611
f 611//611 606//606 612//612
f 612//612 606//606 608//608
f 613//613 607//607 609//609
f 613//613 608//608 607//607
f 614//614 608//608 613//613
f 614//614 615//615 608//608
f 608//608 615//615 612//612
f 616//616 613//613 609//609
f 616//616 609//609 610//610
f 617//617 616//616 610//610
f 617//617 610//610 611//611
f 611//611 612//612 617//617
f 617//617 612//612 618//618
f 615//615 618//618 612//612
f 619//619 614//614 613//613
f 619//619 613//613 616//616
f 620//620 621//621 614//614
f 621//621 615//615 614//614
f 620//620 614//614 619//619
f 621//621 622//622 615//615
f 615//615 622//622 618//618
f 623//623 619//619 616//616
f 623//623 616//616 617//617
f 617//617 618//618 623//623
f 623//623 618//618 624//624
f 622//622 624//624 618//618
f 625//625 620//620 619//619
f 625//625 619//619 623//623
f 626//626 621//621 620//620
f 627//627 626//626 620//620
f 627//627 620//620 625//625
f 626//626 628//628 621//621
f 628//628 622//622 621//621
f 628//628 629//629 622//622
f 629//629 630//630 622//622
f 630//630 624//624 622//622
f 623//623 624//624 625//625
f 630//630 631//631 624//624
f 631//631 625//625 624//624
f 625//625 631//631 627//627
f 630//630 626//626 627//627
f 630//630 628//628 626//626
f 631//631 630//630 627//627
f 628//628 630//630 629//629
f 632//632 633//633 634//634
f 635//635 636//636 632//632
f 635//635 632//632 637//637
f 636//636 638//638 632//632
f 637//637 632//632 634//634
f 632//632 638//638 633//633
f 633//633 639//639 640//640
f 638//638 639//639 633//633
f 633//633 640//640 641//641
f 634//634 633//633 641//641
f 634//634 641//641 642//642
f 643//643 634//634 642//642
f 637//637 634//634 643//643
f 644//644 645//645 635//635
f 644//644 635//635 646//646
f 645//645 636//636 635//635
f 646//646 635//635 637//637
f 645//645 647//647 636//636
f 647//647 648//648 636//636
f 636//636 648//648 638//638
f 646//646 637//637 649//649
f 649//649 637//637 643//643
f 648//648 650//650 638//638
f 638//638 650//650 639//639
f 639//639 651//651 640//640
f 639//639 652//652 651//651
f 650//650 652//652 639//639
f 640//640 653//653 654//654
f 640//640 651//651 653//653
f 641//641 640//640 654//654
f 641//641 654//654 655//655
f 642//642 641//641 655//655
f 643//643 642//642 656//656
f 642//642 655//655 657//657
f 656//656 642//642 657//657
f 658//658 643//643 656//656
f 649//649 643//643 658//658
f 659//659 660//660 644//644
f 659//659 644//644 661//661
f 660//660 645//645 644//644
f 661//661 644//644 646//646
f 660//660 662//662 645//645
f 662//662 647//647 645//645
f 661//661 646//646 663//663
f 663//663 646//646 649//649
f 662//662 664//664 647//647
f 664//664 665//665 647//647
f 647//647 665//665 648//648
f 665//665 666//666 648//648
f 648//648 666//666 650//650
f 663//663 649//649 650//650
f 650//650 649//649 658//658
f 666//666 663//663 650//650
f 650//650 658//658 652//652
f 652//652 667//667 651//651
f 651//651 668//668 653//653
f 651//651 667//667 668//668
f 652//652 658//658 667//667
f 657//657 653//653 668//668
f 657//657 654//654 653//653
f 657//657 655//655 654//654
f 658//658 656//656 667//667
f 656//656 657//657 669//669
f 667//667 656//656 669//669
f 657//657 668//668 669//669
f 670//670 671//671 659//659
f 670//670 659//659 672//672
f 671//671 660//660 659//659
f 672//672 659//659 661//661
f 671//671 673//673 660//660
f 673//673 662//662 660//660
f 672//672 661//661 674//674
f 674//674 661//661 663//663
f 673//673 675//675 662//662
f 675//675 664//664 662//662
f 674//674 663//663 666//666
f 675//675 676//676 664//664
f 676//676 677//677 664//664
f 664//664 677//677 665//665
f 677//677 674//674 665//665
f 665//665 674//674 666//666
f 667//667 669//669 668//668
f 678//678 679//679 670//670
f 679//679 671//671 670//670
f 678//678 670//670 680//680
f 680//680 670//670 672//672
f 679//679 681//681 671//671
f 681//681 673//673 671//671
f 680//680 672//672 677//677
f 677//677 672//672 674//674
f 681//681 682//682 673//673
f 682//682 675//675 673//673
f 682//682 683//683 675//675
f 683//683 676//676 675//675
f 683//683 684//684 676//676
f 684//684 680//680 676//676
f 676//676 680//680 677//677
f 685//685 686//686 678//678
f 685//685 678//678 684//684
f 686//686 679//679 678//678
f 684//684 678//678 680//680
f 686//686 687//687 679//679
f 687//687 681//681 679//679
f 687//687 688//688 681//681
f 688//688 682//682 681//681
f 688//688 689//689 682//682
f 689//689 683//683 682//682
f 689//689 690//690 683//683
f 690//690 684//684 683//683
f 690//690 685//685 684//684
f 691//691 692//692 685//685
f 691//691 685//685 690//690
f 692//692 686//686 685//685
f 692//692 693//693 686//686
f 693//693 687//687 686//686
f 693//693 694//694 687//687
f 694//694 688//688 687//687
f 694//694 695//695 688//688
f 695//695 689//689 688//688
f 695//695 696//696 689//689
f 696//696 690//690 689//689
f 696//696 691//691 690//690
f 697//697 698//698 691//691
f 697//697 691//691 696//696
f 698//698 692//692 691//691
f 698//698 699//699 692//692
f 699//699 693//693 692//692
f 699//699 700//700 693//693
f 700//700 694//694 693//693
f 700//700 701//701 694//694
f 701//701 695//695 694//694
f 701//701 702//702 695//695
f 702//702 696//696 695//695
f 702//702 697//697 696//696
f 703//703 704//704 697//697
f 703//703 697//697 702//702
f 704//704 698//698 697//697
f 704//704 705//705 698//698
f 705//705 699//699 698//698
f 705//705 706//706 699//699
f 706//706 700//700 699//699
f 706//706 707//707 700//700
f 707//707 701//701 700//700
f 707//707 708//708 701//701
f 708//708 702//702 701//701
f 708//708 703//703 702//702
f 709//709 710//710 703//703
f 709//709 703//703 708//708
f 710//710 704//704 703//703
f 710//710 711//711 704//704
f 711//711 705//705 704//704
f 711//711 712//712 705//705
f 712//712 706//706 705//705
f 713//713 706//706 712//712
f 713//713 707//707 706//706
f 713//713 714//714 707//707
f 714//714 708//708 707//707
f 714//714 709//709 708//708
f 715//715 716//716 709//709
f 716//716 710//710 709//709
f 715//715 709//709 714//714
f 716//716 717//717 710//710
f 717//717 711//711 710//710
f 717//717 718//718 711//711
f 718//718 712//712 711//711
f 718//718 719//719 712//712
f 713//713 712//712 719//719
f 719//719 720//720 713//713
f 720//720 714//714 713//713
f 720//720 715//715 714//714
f 721//721 722//722 715//715
f 722//722 716//716 715//715
f 721//721 715//715 720//720
f 722//722 723//723 716//716
f 723//723 717//717 716//716
f 723//723 724//724 717//717
f 724//724 718//718 717//717
f 724//724 725//725 718//718
f 725//725 719//719 718//718
f 725//725 726//726 719//719
f 726//726 720//720 719//719
f 726//726 721//721 720//720
f 726//726 722//722 721//721
f 722//722 726//726 725//725
f 722//722 725//725 724//724
f 722//722 724//724 723//723
f 727//727 728//728 729//729
f 727//727 729//729 730//730
f 728//728 727//727 731//731
f 731//731 727//727 732//732
f 727//727 733//733 732//732
f 727//727 730//730 733//733
f 729//729 728//728 734//734
f 728//728 735//735 734//734
f 728//728 731//731 735//735
f 730//730 729//729 736//736
f 729//729 734//734 736//736
f 730//730 736//736 733//733
f 731//731 732//732 735//735
f 735//735 732//732 737//737
f 732//732 738//738 737//737
f 732//732 733//733 738//738
f 733//733 739//739 738//738
f 733//733 736//736 739//739
f 736//736 734//734 740//740
f 734//734 741//741 740//740
f 734//734 735//735 741//741
f 735//735 737//737 741//741
f 736//736 740//740 739//739
f 741//741 737//737 742//742
f 737//737 743//743 742//742
f 737//737 738//738 743//743
f 738//738 744//744 743//743
f 738//738 739//739 744//744
f 739//739 745//745 744//744
f 739//739 740//740 745//745
f 740//740 741//741 746//746
f 740//740 746//746 745//745
f 741//741 742//742 746//746
f 746//746 742//742 747//747
f 742//742 748//748 747//747
f 742//742 743//743 748//748
f 743//743 749//749 748//748
f 743//743 744//744 749//749
f 744//744 750//750 749//749
f 744//744 745//745 750//750
f 745//745 751//751 750//750
f 745//745 746//746 751//751
f 746//746 747//747 751//751
f 747//747 748//748 752//752
f 747//747 752//752 753//753
f 751//751 747//747 753//753
f 748//748 754//754 752//752
f 748//748 749//749 754//754
f 749//749 755//755 754//754
f 749//749 750//750 755//755
f 750//750 756//756 755//755
f 750//750 751//751 756//756
f 751//751 753//753 756//756
f 752//752 754//754 757//757
f 752//752 757//757 758//758
f 753//753 752//752 758//758
f 756//756 753//753 759//759
f 753//753 758//758 759//759
f 754//754 760//760 757//757
f 754//754 755//755 760//760
f 755//755 761//761 760//760
f 755//755 756//756 761//761
f 756//756 759//759 761//761
f 757//757 760//760 762//762
f 757//757 762//762 763//763
f 758//758 757//757 763//763
f 759//759 758//758 764//764
f 758//758 763//763 764//764
f 761//761 759//759 765//765
f 759//759 764//764 765//765
f 760//760 766//766 762//762
f 760//760 761//761 766//766
f 761//761 765//765 766//766
f 762//762 766//766 767//767
f 762//762 767//767 768//768
f 763//763 762//762 768//768
f 763//763 768//768 769//769
f 764//764 763//763 769//769
f 765//765 764//764 770//770
f 764//764 769//769 770//770
f 766//766 765//765 771//771
f 765//765 770//770 771//771
f 766//766 771//771 767//767
f 767//767 771//771 772//772
f 767//767 772//772 773//773
f 768//768 767//767 773//773
f 768//768 773//773 774//774
f 769//769 768//768 774//774
f 770//770 769//769 775//775
f 769//769 774//774 775//775
f 771//771 770//770 776//776
f 770//770 775//775 776//776
f 776//776 772//772 771//771
f 772//772 776//776 773//773
f 776//776 774//774 773//773
f 776//776 775//775 774//774
f 777//777 778//778 779//779
f 780//780 777//777 781//781
f 782//782 783//783 777//777
f 777//777 779//779 781//781
f 783//783 778//778 777//777
f 782//782 777//777 780//780
f 783//783 784//784 778//778
f 778//778 785//785 786//786
f 778//778 786//786 779//779
f 784//784 785//785 778//778
f 779//779 786//786 787//787
f 779//779 787//787 781//781
f 785//785 780//780 787//787
f 788//788 782//782 780//780
f 788//788 780//780 785//785
f 780//780 781//781 787//787
f 789//789 790//790 782//782
f 789//789 782//782 788//788
f 790//790 783//783 782//782
f 790//790 791//791 783//783
f 791//791 784//784 783//783
f 791//791 792//792 784//784
f 784//784 788//788 785//785
f 792//792 788//788 784//784
f 785//785 787//787 786//786
f 792//792 789//789 788//788
f 793//793 794//794 789//789
f 793//793 789//789 792//792
f 794//794 790//790 789//789
f 794//794 795//795 790//790
f 795//795 791//791 790//790
f 795//795 796//796 791//791
f 796//796 792//792 791//791
f 796//796 793//793 792//792
f 797//797 798//798 793//793
f 797//797 793//793 796//796
f 798//798 794//794 793//793
f 798//798 799//799 794//794
f 799//799 795//795 794//794
f 799//799 800//800 795//795
f 800//800 796//796 795//795
f 800//800 797//797 796//796
f 801//801 802//802 797//797
f 802//802 798//798 797//797
f 801//801 797//797 800//800
f 802//802 803//803 798//798
f 803//803 799//799 798//798
f 803//803 804//804 799//799
f 804//804 800//800 799//799
f 804//804 801//801 800//800
f 805//805 806//806 801//801
f 805//805 801//801 804//804
f 806//806 802//802 801//801
f 806//806 807//807 802//802
f 807//807 803//803 802//802
f 807//807 808//808 803//803
f 808//808 804//804 803//803
f 808//808 805//805 804//804
f 809//809 810//810 805//805
f 809//809 805//805 808//808
f 810//810 806//806 805//805
f 810//810 811//811 806//806
f 811//811 807//807 806//806
f 811//811 812//812 807//807
f 812//812 808//808 807//807
f 812//812 809//809 808//808
f 813//813 814//814 809//809
f 813//813 809//809 812//812
f 814//814 810//810 809//809
f 814//814 815//815 810//810
f 815//815 811//811 810//810
f 815//815 816//816 811//811
f 816//816 812//812 811//811
f 816//816 813//813 812//812
f 817//817 818//818 813//813
f 818//818 814//814 813//813
f 817//817 813//813 816//816
f 818//818 819//819 814//814
f 819//819 815//815 814//814
f 819//819 820//820 815//815
f 820//820 816//816 815//815
f 820//820 817//817 816//816
f 821//821 822//822 817//817
f 821//821 817//817 820//820
f 822//822 818//818 817//817
f 822//822 823//823 818//818
f 823//823 819//819 818//818
f 823//823 824//824 819//819
f 824//824 820//820 819//819
f 824//824 821//821 820//820
f 825//825 826//826 821//821
f 825//825 821//821 824//824
f 826//826 822//822 821//821
f 826//826 827//827 822//822
f 827//827 823//823 822//822
f 827//827 828//828 823//823
f 828//828 824//824 823//823
f 828//828 825//825 824//824
f 829//829 830//830 825//825
f 825//825 828//828 829//829
f 830//830 826//826 825//825
f 830//830 831//831 826//826
f 831//831 827//827 826//826
f 831//831 832//832 827//827
f 832//832 828//828 827//827
f 832//832 829//829 828//828
f 833//833 834//834 829//829
f 834//834 830//830 829//829
f 833//833 829//829 832//832
f 834//834 835//835 830//830
f 835//835 831//831 830//830
f 835//835 836//836 831//831
f 836//836 832//832 831//831
f 836//836 833//833 832//832
f 837//837 838//838 833//833
f 837//837 833//833 836//836
f 838//838 834//834 833//833
f 838//838 839//839 834//834
f 839//839 835//835 834//834
f 839//839 840//840 835//835
f 840//840 836//836 835//835
f 840//840 837//837 836//836
f 837//837 840//840 839//839
f 837//837 839//839 838//838
f 841//841 842//842 843//843
f 844//844 841//841 845//845
f 846//846 847//847 841//841
f 845//845 841//841 843//843
f 841//841 847//847 842//842
f 844//844 846//846 841//841
f 847//847 848//848 842//842
f 843//843 842//842 848//848
f 845//845 843//843 849//849
f 843//843 848//848 849//849
f 850//850 844//844 851//851
f 852//852 846//846 844//844
f 851//851 844//844 845//845
f 850//850 852//852 844//844
f 851//851 845//845 853//853
f 853//853 845//845 849//849
f 854//854 855//855 846//846
f 846//846 855//855 847//847
f 852//852 854//854 846//846
f 855//855 853//853 847//847
f 847//847 853//853 848//848
f 853//853 849//849 848//848
f 856//856 850//850 857//857
f 858//858 852//852 850//850
f 857//857 850//850 851//851
f 856//856 858//858 850//850
f 857//857 851//851 855//855
f 855//855 851//851 853//853
f 859//859 854//854 852//852
f 858//858 859//859 852//852
f 860//860 857//857 854//854
f 854//854 857//857 855//855
f 859//859 860//860 854//854
f 861//861 856//856 860//860
f 862//862 858//858 856//856
f 860//860 856//856 857//857
f 861//861 862//862 856//856
f 863//863 859//859 858//858
f 862//862 863//863 858//858
f 864//864 860//860 859//859
f 863//863 864//864 859//859
f 864//864 861//861 860//860
f 865//865 861//861 864//864
f 866//866 862//862 861//861
f 865//865 866//866 861//861
f 867//867 863//863 862//862
f 866//866 867//867 862//862
f 868//868 864//864 863//863
f 867//867 868//868 863//863
f 868//868 865//865 864//864
f 869//869 865//865 868//868
f 870//870 866//866 865//865
f 869//869 870//870 865//865
f 871//871 867//867 866//866
f 870//870 871//871 866//866
f 872//872 868//868 867//867
f 871//871 872//872 867//867
f 872//872 869//869 868//868
f 873//873 869//869 872//872
f 874//874 870//870 869//869
f 873//873 874//874 869//869
f 875//875 871//871 870//870
f 874//874 875//875 870//870
f 876//876 872//872 871//871
f 875//875 876//876 871//871
f 876//876 873//873 872//872
f 877//877 873//873 876//876
f 878//878 874//874 873//873
f 877//877 878//878 873//873
f 879//879 875//875 874//874
f 878//878 879//879 874//874
f 880//880 876//876 875//875
f 879//879 880//880 875//875
f 880//880 877//877 876//876
f 881//881 877//877 880//880
f 882//882 878//878 877//877
f 881//881 882//882 877//877
f 883//883 879//879 878//878
f 882//882 883//883 878//878
f 884//884 880//880 879//879
f 883//883 884//884 879//879
f 884//884 881//881 880//880
f 885//885 881//881 884//884
f 886//886 882//882 881//881
f 885//885 886//886 881//881
f 887//887 883//883 882//882
f 886//886 887//887 882//882
f 888//888 884//884 883//883
f 887//887 888//888 883//883
f 888//888 885//885 884//884
f 889//889 885//885 888//888
f 890//890 886//886 885//885
f 889//889 890//890 885//885
f 891//891 887//887 886//886
f 890//890 891//891 886//886
f 892//892 888//888 887//887
f 891//891 892//892 887//887
f 892//892 889//889 888//888
f 893//893 889//889 892//892
f 894//894 890//890 889//889
f 893//893 894//894 889//889
f 895//895 891//891 890//890
f 894//894 895//895 890//890
f 896//896 892//892 891//891
f 895//895 896//896 891//891
f 896//896 893//893 892//892
f 897//897 893//893 896//896
f 898//898 894//894 893//893
f 897//897 898//898 893//893
f 899//899 895//895 894//894
f 898//898 899//899 894//894
f 900//900 896//896 895//895
f 899//899 900//900 895//895
f 900//900 897//897 896//896
f 901//901 897//897 900//900
f 902//902 898//898 897//897
f 901//901 902//902 897//897
f 903//903 898//898 902//902
f 898//898 903//903 899//899
f 903//903 904//904 899//899
f 905//905 900//900 899//899
f 904//904 905//905 899//899
f 905//905 901//901 900//900
f 901//901 905//905 904//904
f 902//902 901//901 904//904
f 904//904 903//903 902//902
f 906//906 907//907 908//908
f 909//909 906//906 910//910
f 911//911 912//912 906//906
f 906//906 908//908 910//910
f 912//912 907//907 906//906
f 911//911 906//906 909//909
f 912//912 913//913 907//907
f 907//907 914//914 915//915
f 907//907 915//915 908//908
f 913//913 914//914 907//907
f 908//908 915//915 916//916
f 917//917 910//910 908//908
f 917//917 908//908 916//916
f 918//918 909//909 919//919
f 920//920 911//911 909//909
f 920//920 909//909 918//918
f 909//909 910//910 919//919
f 917//917 919//919 910//910
f 921//921 922//922 911//911
f 921//921 911//911 920//920
f 922//922 912//912 911//911
f 922//922 923//923 912//912
f 923//923 913//913 912//912
f 923//923 924//924 913//913
f 913//913 925//925 914//914
f 924//924 925//925 913//913
f 914//914 926//926 916//916
f 914//914 916//916 915//915
f 925//925 926//926 914//914
f 926//926 917//917 916//916
f 926//926 918//918 917//917
f 918//918 919//919 917//917
f 927//927 920//920 918//918
f 927//927 918//918 926//926
f 928//928 921//921 920//920
f 928//928 920//920 927//927
f 929//929 930//930 921//921
f 929//929 921//921 928//928
f 930//930 922//922 921//921
f 930//930 931//931 922//922
f 931//931 923//923 922//922
f 931//931 932//932 923//923
f 932//932 924//924 923//923
f 932//932 933//933 924//924
f 924//924 934//934 925//925
f 933//933 934//934 924//924
f 925//925 927//927 926//926
f 934//934 927//927 925//925
f 934//934 928//928 927//927
f 935//935 929//929 928//928
f 935//935 928//928 934//934
f 936//936 937//937 929//929
f 936//936 929//929 935//935
f 937//937 930//930 929//929
f 937//937 938//938 930//930
f 938//938 931//931 930//930
f 938//938 939//939 931//931
f 939//939 932//932 931//931
f 939//939 940//940 932//932
f 940//940 933//933 932//932
f 940//940 941//941 933//933
f 933//933 935//935 934//934
f 941//941 935//935 933//933
f 941//941 936//936 935//935
f 942//942 943//943 936//936
f 942//942 936//936 941//941
f 937//937 936//936 943//943
f 943//943 944//944 937//937
f 944//944 938//938 937//937
f 944//944 945//945 938//938
f 945//945 939//939 938//938
f 945//945 946//946 939//939
f 946//946 940//940 939//939
f 946//946 947//947 940//940
f 947//947 941//941 940//940
f 947//947 942//942 941//941
f 948//948 949//949 942//942
f 948//948 942//942 947//947
f 949//949 943//943 942//942
f 949//949 950//950 943//943
f 950//950 944//944 943//943
f 950//950 951//951 944//944
f 951//951 945//945 944//944
f 951//951 952//952 945//945
f 952//952 946//946 945//945
f 952//952 953//953 946//946
f 953//953 947//947 946//946
f 953//953 948//948 947//947
f 954//954 955//955 948//948
f 955//955 949//949 948//948
f 954//954 948//948 953//953
f 955//955 956//956 949//949
f 956//956 950//950 949//949
f 956//956 957//957 950//950
f 957//957 951//951 950//950
f 957//957 958//958 951//951
f 958//958 952//952 951//951
f 958//958 959//959 952//952
f 959//959 953//953 952//952
f 959//959 954//954 953//953
f 960//960 961//961 954//954
f 960//960 954//954 959//959
f 961//961 955//955 954//954
f 961//961 962//962 955//955
f 962//962 956//956 955//955
f 962//962 963//963 956//956
f 963//963 957//957 956//956
f 963//963 964//964 957//957
f 964//964 958//958 957//957
f 964//964 965//965 958//958
f 965//965 959//959 958//958
f 965//965 960//960 959//959
f 966//966 967//967 960//960
f 966//966 960//960 965//965
f 967//967 961//961 960//960
f 967//967 968//968 961//961
f 968//968 962//962 961//961
f 968//968 969//969 962//962
f 969//969 963//963 962//962
f 969//969 970//970 963//963
f 970//970 964//964 963//963
f 970//970 971//971 964//964
f 971//971 965//965 964//964
f 971//971 966//966 965//965
f 972//972 966//966 973//973
f 973//973 966//966 971//971
f 972//972 967//967 966//966
f 972//972 974//974 967//967
f 974//974 968//968 967//967
f 974//974 975//975 968//968
f 975//975 969//969 968//968
f 975//975 976//976 969//969
f 976//976 970//970 969//969
f 976//976 977//977 970//970
f 977//977 971//971 970//970
f 977//977 973//973 971//971
f 978//978 972//972 973//973
f 978//978 979//979 972//972
f 979//979 974//974 972//972
f 980//980 978//978 973//973
f 980//980 973//973 977//977
f 979//979 981//981 974//974
f 981//981 975//975 974//974
f 981//981 982//982 975//975
f 982//982 976//976 975//975
f 982//982 983//983 976//976
f 983//983 977//977 976//976
f 983//983 980//980 977//977
f 984//984 978//978 980//980
f 984//984 985//985 978//978
f 985//985 979//979 978//978
f 985//985 986//986 979//979
f 986//986 981//981 979//979
f 987//987 984//984 980//980
f 987//987 980//980 983//983
f 986//986 988//988 981//981
f 988//988 982//982 981//981
f 988//988 989//989 982//982
f 989//989 983//983 982//982
f 989//989 987//987 983//983
f 990//990 984//984 987//987
f 990//990 991//991 984//984
f 991//991 985//985 984//984
f 991//991 992//992 985//985
f 992//992 986//986 985//985
f 992//992 993//993 986//986
f 993//993 988//988 986//986
f 994//994 990//990 987//987
f 994//994 987//987 989//989
f 993//993 995//995 988//988
f 995//995 989//989 988//988
f 995//995 994//994 989//989
f 996//996 990//990 994//994
f 996//996 997//997 990//990
f 997//997 991//991 990//990
f 997//997 998//998 991//991
f 998//998 992//992 991//991
f 998//998 999//999 992//992
f 999//999 993//993 992//992
f 999//999 1000//1000 993//993
f 1000//1000 995//995 993//993
f 1001//1001 996//996 994//994
f 1001//1001 994//994 995//995
f 1000//1000 1001//1001 995//995
f 996//996 1001//1001 1000//1000
f 996//996 1000//1000 999//999
f 996//996 999//999 998//998
f 996//996 998//998 997//997
f 1002//1002 1003//1003 1004//1004
f 1005//1005 1002//1002 1006//1006
f 1007//1007 1008//1008 1002//1002
f 1002//1002 1004//1004 1006//1006
f 1008//1008 1003//1003 1002//1002
f 1007//1007 1002//1002 1005//1005
f 1008//1008 1009//1009 1003//1003
f 1003//1003 1010//1010 1011//1011
f 1003//1003 1011//1011 1004//1004
f 1009//1009 1010//1010 1003//1003
f 1004//1004 1011//1011 1012//1012
f 1004//1004 1012//1012 1013//1013
f 1004//1004 1013//1013 1014//1014
f 1004//1004 1014//1014 1006//1006
f 1015//1015 1005//1005 1014//1014
f 1016//1016 1007//1007 1005//1005
f 1016//1016 1005//1005 1015//1015
f 1005//1005 1006//1006 1014//1014
f 1017//1017 1018//1018 1007//1007
f 1017//1017 1007//1007 1016//1016
f 1018//1018 1008//1008 1007//1007
f 1018//1018 1019//1019 1008//1008
f 1019//1019 1009//1009 1008//1008
f 1019//1019 1020//1020 1009//1009
f 1009//1009 1021//1021 1010//1010
f 1020//1020 1021//1021 1009//1009
f 1010//1010 1022//1022 1012//1012
f 1010//1010 1012//1012 1011//1011
f 1021//1021 1022//1022 1010//1010
f 1022//1022 1013//1013 1012//1012
f 1022//1022 1015//1015 1013//1013
f 1015//1015 1014//1014 1013//1013
f 1023//1023 1016//1016 1015//1015
f 1023//1023 1015//1015 1022//1022
f 1024//1024 1017//1017 1016//1016
f 1024//1024 1016//1016 1023//1023
f 1025//1025 1026//1026 1017//1017
f 1025//1025 1017//1017 1024//1024
f 1026//1026 1018//1018 1017//1017
f 1026//1026 1027//1027 1018//1018
f 1027//1027 1019//1019 1018//1018
f 1027//1027 1028//1028 1019//1019
f 1028//1028 1020//1020 1019//1019
f 1028//1028 1029//1029 1020//1020
f 1020//1020 1030//1030 1021//1021
f 1029//1029 1030//1030 1020//1020
f 1021//1021 1023//1023 1022//1022
f 1030//1030 1023//1023 1021//1021
f 1030//1030 1024//1024 1023//1023
f 1031//1031 1025//1025 1024//1024
f 1031//1031 1024//1024 1030//1030
f 1032//1032 1033//1033 1025//1025
f 1032//1032 1025//1025 1031//1031
f 1033//1033 1026//1026 1025//1025
f 1033//1033 1034//1034 1026//1026
f 1034//1034 1027//1027 1026//1026
f 1034//1034 1035//1035 1027//1027
f 1035//1035 1028//1028 1027//1027
f 1035//1035 1036//1036 1028//1028
f 1036//1036 1029//1029 1028//1028
f 1036//1036 1037//1037 1029//1029
f 1029//1029 1031//1031 1030//1030
f 1037//1037 1031//1031 1029//1029
f 1037//1037 1032//1032 1031//1031
f 1038//1038 1039//1039 1032//1032
f 1038//1038 1032//1032 1037//1037
f 1039//1039 1033//1033 1032//1032
f 1039//1039 1040//1040 1033//1033
f 1040//1040 1034//1034 1033//1033
f 1040//1040 1041//1041 1034//1034
f 1041//1041 1035//1035 1034//1034
f 1041//1041 1042//1042 1035//1035
f 1042//1042 1036//1036 1035//1035
f 1042//1042 1043//1043 1036//1036
f 1043//1043 1037//1037 1036//1036
f 1043//1043 1038//1038 1037//1037
f 1044//1044 1045//1045 1038//1038
f 1044//1044 1038//1038 1043//1043
f 1045//1045 1039//1039 1038//1038
f 1045//1045 1046//1046 1039//1039
f 1046//1046 1040//1040 1039//1039
f 1046//1046 1047//1047 1040//1040
f 1047//1047 1041//1041 1040//1040
f 1047//1047 1048//1048 1041//1041
f 1048//1048 1042//1042 1041//1041
f 1048//1048 1049//1049 1042//1042
f 1049//1049 1043//1043 1042//1042
f 1049//1049 1044//1044 1043//1043
f 1050//1050 1051//1051 1044//1044
f 1051//1051 1045//1045 1044//1044
f 1050//1050 1044//1044 1049//1049
f 1051//1051 1052//1052 1045//1045
f 1052//1052 1046//1046 1045//1045
f 1052//1052 1053//1053 1046//1046
f 1053//1053 1047//1047 1046//1046
f 1053//1053 1054//1054 1047//1047
f 1054//1054 1048//1048 1047//1047
f 1054//1054 1055//1055 1048//1048
f 1055//1055 1049//1049 1048//1048
f 1055//1055 1050//1050 1049//1049
f 1056//1056 1057//1057 1050//1050
f 1056//1056 1050//1050 1055//1055
f 1057//1057 1051//1051 1050//1050
f 1057//1057 1058//1058 1051//1051
f 1058//1058 1052//1052 1051//1051
f 1058//1058 1059//1059 1052//1052
f 1059//1059 1053//1053 1052//1052
f 1059//1059 1060//1060 1053//1053
f 1060//1060 1054//1054 1053//1053
f 1060//1060 1061//1061 1054//1054
f 1061//1061 1055//1055 1054//1054
f 1061//1061 1056//1056 1055//1055
f 1062//1062 1063//1063 1056//1056
f 1062//1062 1056//1056 1061//1061
f 1063//1063 1057//1057 1056//1056
f 1063//1063 1064//1064 1057//1057
f 1064//1064 1058//1058 1057//1057
f 1064//1064 1065//1065 1058//1058
f 1065//1065 1059//1059 1058//1058
f 1065//1065 1066//1066 1059//1059
f 1066//1066 1060//1060 1059//1059
f 1066//1066 1067//1067 1060//1060
f 1067//1067 1061//1061 1060//1060
f 1067//1067 1062//1062 1061//1061
f 1068//1068 1069//1069 1062//1062
f 1068//1068 1062//1062 1067//1067
f 1069//1069 1063//1063 1062//1062
f 1069//1069 1070//1070 1063//1063
f 1070//1070 1064//1064 1063//1063
f 1070//1070 1071//1071 1064//1064
f 1071//1071 1065//1065 1064//1064
f 1071//1071 1072//1072 1065//1065
f 1072//1072 1066//1066 1065//1065
f 1072//1072 1073//1073 1066//1066
f 1073//1073 1067//1067 1066//1066
f 1073//1073 1068//1068 1067//1067
f 1074//1074 1075//1075 1068//1068
f 1074//1074 1068//1068 1073//1073
f 1075//1075 1069//1069 1068//1068
f 1075//1075 1076//1076 1069//1069
f 1076//1076 1070//1070 1069//1069
f 1076//1076 1077//1077 1070//1070
f 1077//1077 1071//1071 1070//1070
f 1077//1077 1078//1078 1071//1071
f 1078//1078 1072//1072 1071//1071
f 1079//1079 1072//1072 1078//1078
f 1079//1079 1073//1073 1072//1072
f 1079//1079 1074//1074 1073//1073
f 1080//1080 1081//1081 1074//1074
f 1080//1080 1074//1074 1079//1079
f 1081//1081 1075//1075 1074//1074
f 1081//1081 1082//1082 1075//1075
f 1082//1082 1076//1076 1075//1075
f 1082//1082 1083//1083 1076//1076
f 1083//1083 1077//1077 1076//1076
f 1083//1083 1084//1084 1077//1077
f 1084//1084 1078//1078 1077//1077
f 1084//1084 1085//1085 1078//1078
f 1085//1085 1079//1079 1078//1078
f 1085//1085 1080//1080 1079//1079
f 1086//1086 1087//1087 1080//1080
f 1087//1087 1081//1081 1080//1080
f 1086//1086 1080//1080 1085//1085
f 1087//1087 1088//1088 1081//1081
f 1088//1088 1082//1082 1081//1081
f 1088//1088 1089//1089 1082//1082
f 1089//1089 1083//1083 1082//1082
f 1089//1089 1090//1090 1083//1083
f 1090//1090 1084//1084 1083//1083
f 1090//1090 1091//1091 1084//1084
f 1091//1091 1085//1085 1084//1084
f 1091//1091 1086//1086 1085//1085
f 1092//1092 1093//1093 1086//1086
f 1092//1092 1086//1086 1091//1091
f 1093//1093 1087//1087 1086//1086
f 1093//1093 1094//1094 1087//1087
f 1094//1094 1088//1088 1087//1087
f 1094//1094 1095//1095 1088//1088
f 1095//1095 1089//1089 1088//1088
f 1095//1095 1096//1096 1089//1089
f 1096//1096 1090//1090 1089//1089
f 1096//1096 1097//1097 1090//1090
f 1097//1097 1091//1091 1090//1090
f 1097//1097 1092//1092 1091//1091
f 1092//1092 1097//1097 1094//1094
f 1092//1092 1094//1094 1093//1093
f 1094//1094 1097//1097 1096//1096
f 1094//1094 1096//1096 1095//1095
f 1098//1098 1099//1099 1100//1100
f 1101//1101 1098//1098 1102//1102
f 1103//1103 1104//1104 1098//1098
f 1098//1098 1100//1100 1102//1102
f 1104//1104 1099//1099 1098//1098
f 1103//1103 1098//1098 1101//1101
f 1104//1104 1105//1105 1099//1099
f 1099//1099 1106//1106 1107//1107
f 1099//1099 1107//1107 1100//1100
f 1105//1105 1106//1106 1099//1099
f 1100//1100 1107//1107 1108//1108
f 1100//1100 1108//1108 1109//1109
f 1100//1100 1109//1109 1110//1110
f 1100//1100 1110//1110 1102//1102
f 1111//1111 1101//1101 1110//1110
f 1112//1112 1103//1103 1101//1101
f 1101//1101 1111//1111 1112//1112
f 1101//1101 1102//1102 1110//1110
f 1113//1113 1114//1114 1103//1103
f 1113//1113 1103//1103 1112//1112
f 1114//1114 1104//1104 1103//1103
f 1114//1114 1115//1115 1104//1104
f 1115//1115 1105//1105 1104//1104
f 1115//1115 1116//1116 1105//1105
f 1105//1105 1117//1117 1106//1106
f 1116//1116 1117//1117 1105//1105
f 1106//1106 1118//1118 1108//1108
f 1106//1106 1108//1108 1107//1107
f 1117//1117 1118//1118 1106//1106
f 1118//1118 1109//1109 1108//1108
f 1118//1118 1111//1111 1109//1109
f 1111//1111 1110//1110 1109//1109
f 1119//1119 1112//1112 1111//1111
f 1119//1119 1111//1111 1118//1118
f 1120//1120 1113//1113 1112//1112
f 1120//1120 1112//1112 1119//1119
f 1121//1121 1122//1122 1113//1113
f 1121//1121 1113//1113 1120//1120
f 1122//1122 1114//1114 1113//1113
f 1122//1122 1123//1123 1114//1114
f 1123//1123 1115//1115 1114//1114
f 1123//1123 1124//1124 1115//1115
f 1124//1124 1116//1116 1115//1115
f 1124//1124 1125//1125 1116//1116
f 1116//1116 1126//1126 1117//1117
f 1125//1125 1126//1126 1116//1116
f 1117//1117 1119//1119 1118//1118
f 1126//1126 1119//1119 1117//1117
f 1126//1126 1120//1120 1119//1119
f 1127//1127 1121//1121 1120//1120
f 1127//1127 1120//1120 1126//1126
f 1128//1128 1129//1129 1121//1121
f 1128//1128 1121//1121 1127//1127
f 1129//1129 1122//1122 1121//1121
f 1129//1129 1130//1130 1122//1122
f 1130//1130 1123//1123 1122//1122
f 1130//1130 1131//1131 1123//1123
f 1131//1131 1124//1124 1123//1123
f 1131//1131 1132//1132 1124//1124
f 1132//1132 1125//1125 1124//1124
f 1132//1132 1133//1133 1125//1125
f 1125//1125 1127//1127 1126//1126
f 1133//1133 1127//1127 1125//1125
f 1133//1133 1128//1128 1127//1127
f 1134//1134 1135//1135 1128//1128
f 1134//1134 1128//1128 1133//1133
f 1135//1135 1129//1129 1128//1128
f 1135//1135 1136//1136 1129//1129
f 1136//1136 1130//1130 1129//1129
f 1136//1136 1137//1137 1130//1130
f 1137//1137 1131//1131 1130//1130
f 1137//1137 1138//1138 1131//1131
f 1138//1138 1132//1132 1131//1131
f 1138//1138 1139//1139 1132//1132
f 1139//1139 1133//1133 1132//1132
f 1139//1139 1134//1134 1133//1133
f 1140//1140 1141//1141 1134//1134
f 1140//1140 1134//1134 1139//1139
f 1141//1141 1135//1135 1134//1134
f 1141//1141 1142//1142 1135//1135
f 1142//1142 1136//1136 1135//1135
f 1142//1142 1143//1143 1136//1136
f 1143//1143 1137//1137 1136//1136
f 1143//1143 1144//1144 1137//1137
f 1144//1144 1138//1138 1137//1137
f 1144//1144 1145//1145 1138//1138
f 1145//1145 1139//1139 1138//1138
f 1145//1145 1140//1140 1139//1139
f 1146//1146 1147//1147 1140//1140
f 1147//1147 1141//1141 1140//1140
f 1146//1146 1140//1140 1145//1145
f 1147//1147 1148//1148 1141//1141
f 1148//1148 1142//1142 1141//1141
f 1148//1148 1149//1149 1142//1142
f 1149//1149 1143//1143 1142//1142
f 1149//1149 1150//1150 1143//1143
f 1150//1150 1144//1144 1143//1143
f 1150//1150 1151//1151 1144//1144
f 1151//1151 1145//1145 1144//1144
f 1151//1151 1146//1146 1145//1145
f 1152//1152 1153//1153 1146//1146
f 1152//1152 1146//1146 1151//1151
f 1153//1153 1147//1147 1146//1146
f 1153//1153 1154//1154 1147//1147
f 1154//1154 1148//1148 1147//1147
f 1154//1154 1155//1155 1148//1148
f 1155//1155 1149//1149 1148//1148
f 1155//1155 1156//1156 1149//1149
f 1156//1156 1150//1150 1149//1149
f 1156//1156 1157//1157 1150//1150
f 1157//1157 1151//1151 1150//1150
f 1157//1157 1152//1152 1151//1151
f 1158//1158 1159//1159 1152//1152
f 1158//1158 1152//1152 1157//1157
f 1159//1159 1153//1153 1152//1152
f 1159//1159 1160//1160 1153//1153
f 1160//1160 1154//1154 1153//1153
f 1160//1160 1161//1161 1154//1154
f 1161//1161 1155//1155 1154//1154
f 1161//1161 1162//1162 1155//1155
f 1162//1162 1156//1156 1155//1155
f 1162//1162 1163//1163 1156//1156
f 1163//1163 1157//1157 1156//1156
f 1163//1163 1158//1158 1157//1157
f 1164//1164 1165//1165 1158//1158
f 1164//1164 1158//1158 1163//1163
f 1165//1165 1159//1159 1158//1158
f 1165//1165 1166//1166 1159//1159
f 1160//1160 1159//1159 1166//1166
f 1166//1166 1167//1167 1160//1160
f 1167//1167 1161//1161 1160//1160
f 1167//1167 1168//1168 1161//1161
f 1168//1168 1162//1162 1161//1161
f 1168//1168 1169//1169 1162//1162
f 1169//1169 1163//1163 1162//1162
f 1169//1169 1164//1164 1163//1163
f 1170//1170 1171//1171 1164//1164
f 1170//1170 1164//1164 1169//1169
f 1171//1171 1165//1165 1164//1164
f 1171//1171 1172//1172 1165//1165
f 1172//1172 1166//1166 1165//1165
f 1172//1172 1173//1173 1166//1166
f 1173//1173 1167//1167 1166//1166
f 1173//1173 1174//1174 1167//1167
f 1174//1174 1168//1168 1167//1167
f 1174//1174 1175//1175 1168//1168
f 1175//1175 1169//1169 1168//1168
f 1175//1175 1170//1170 1169//1169
f 1176//1176 1177//1177 1170//1170
f 1176//1176 1170//1170 1175//1175
f 1177//1177 1171//1171 1170//1170
f 1177//1177 1178//1178 1171//1171
f 1178//1178 1172//1172 1171//1171
f 1178//1178 1179//1179 1172//1172
f 1179//1179 1173//1173 1172//1172
f 1179//1179 1180//1180 1173//1173
f 1180//1180 1174//1174 1173//1173
f 1180//1180 1181//1181 1174//1174
f 1181//1181 1175//1175 1174//1174
f 1181//1181 1176//1176 1175//1175
f 1182//1182 1183//1183 1176//1176
f 1183//1183 1177//1177 1176//1176
f 1182//1182 1176//1176 1181//1181
f 1183//1183 1184//1184 1177//1177
f 1184//1184 1178//1178 1177//1177
f 1184//1184 1185//1185 1178//1178
f 1185//1185 1179//1179 1178//1178
f 1185//1185 1186//1186 1179//1179
f 1186//1186 1180//1180 1179//1179
f 1186//1186 1187//1187 1180//1180
f 1187//1187 1181//1181 1180//1180
f 1187//1187 1182//1182 1181//1181
f 1188//1188 1189//1189 1182//1182
f 1182//1182 1187//1187 1188//1188
f 1189//1189 1183//1183 1182//1182
f 1189//1189 1190//1190 1183//1183
f 1190//1190 1184//1184 1183//1183
f 1190//1190 1191//1191 1184//1184
f 1191//1191 1185//1185 1184//1184
f 1191//1191 1192//1192 1185//1185
f 1192//1192 1186//1186 1185//1185
f 1192//1192 1193//1193 1186//1186
f 1193//1193 1187//1187 1186//1186
f 1193//1193 1188//1188 1187//1187
f 1189//1189 1188//1188 1191//1191
f 1193//1193 1192//1192 1188//1188
f 1188//1188 1192//1192 1191//1191
f 1189//1189 1191//1191 1190//1190
f 1194//1194 1195//1195 1196//1196
f 1197//1197 1198//1198 1194//1194
f 1197//1197 1194//1194 1199//1199
f 1198//1198 1200//1200 1194//1194
f 1194//1194 1196//1196 1199//1199
f 1194//1194 1200//1200 1195//1195
f 1200//1200 1201//1201 1195//1195
f 1195//1195 1202//1202 1203//1203
f 1195//1195 1201//1201 1202//1202
f 1196//1196 1195//1195 1203//1203
f 1199//1199 1196//1196 1204//1204
f 1196//1196 1203//1203 1205//1205
f 1204//1204 1196//1196 1205//1205
f 1206//1206 1197//1197 1199//1199
f 1207//1207 1208//1208 1197//1197
f 1208//1208 1198//1198 1197//1197
f 1207//1207 1197//1197 1206//1206
f 1209//1209 1210//1210 1198//1198
f 1208//1208 1209//1209 1198//1198
f 1210//1210 1211//1211 1198//1198
f 1200//1200 1198//1198 1211//1211
f 1206//1206 1199//1199 1212//1212
f 1212//1212 1199//1199 1204//1204
f 1200//1200 1211//1211 1201//1201
f 1201//1201 1213//1213 1202//1202
f 1201//1201 1214//1214 1213//1213
f 1211//1211 1214//1214 1201//1201
f 1202//1202 1215//1215 1216//1216
f 1203//1203 1202//1202 1216//1216
f 1202//1202 1213//1213 1215//1215
f 1203//1203 1216//1216 1217//1217
f 1205//1205 1203//1203 1217//1217
f 1204//1204 1205//1205 1218//1218
f 1219//1219 1204//1204 1218//1218
f 1212//1212 1204//1204 1219//1219
f 1218//1218 1205//1205 1220//1220
f 1205//1205 1217//1217 1220//1220
f 1221//1221 1206//1206 1222//1222
f 1221//1221 1223//1223 1206//1206
f 1223//1223 1207//1207 1206//1206
f 1222//1222 1206//1206 1224//1224
f 1206//1206 1212//1212 1224//1224
f 1225//1225 1207//1207 1223//1223
f 1225//1225 1226//1226 1207//1207
f 1226//1226 1208//1208 1207//1207
f 1226//1226 1227//1227 1208//1208
f 1227//1227 1209//1209 1208//1208
f 1209//1209 1228//1228 1210//1210
f 1227//1227 1229//1229 1209//1209
f 1229//1229 1228//1228 1209//1209
f 1228//1228 1222//1222 1210//1210
f 1211//1211 1210//1210 1222//1222
f 1211//1211 1224//1224 1214//1214
f 1224//1224 1211//1211 1222//1222
f 1224//1224 1212//1212 1219//1219
f 1213//1213 1230//1230 1231//1231
f 1213//1213 1231//1231 1215//1215
f 1214//1214 1230//1230 1213//1213
f 1214//1214 1219//1219 1230//1230
f 1224//1224 1219//1219 1214//1214
f 1215//1215 1232//1232 1233//1233
f 1216//1216 1215//1215 1233//1233
f 1215//1215 1231//1231 1232//1232
f 1216//1216 1233//1233 1234//1234
f 1217//1217 1216//1216 1234//1234
f 1217//1217 1234//1234 1235//1235
f 1220//1220 1217//1217 1235//1235
f 1218//1218 1220//1220 1236//1236
f 1230//1230 1218//1218 1236//1236
f 1219//1219 1218//1218 1230//1230
f 1220//1220 1235//1235 1237//1237
f 1236//1236 1220//1220 1237//1237
f 1238//1238 1223//1223 1221//1221
f 1238//1238 1221//1221 1228//1228
f 1228//1228 1221//1221 1222//1222
f 1238//1238 1225//1225 1223//1223
f 1239//1239 1225//1225 1238//1238
f 1239//1239 1240//1240 1225//1225
f 1240//1240 1226//1226 1225//1225
f 1240//1240 1241//1241 1226//1226
f 1241//1241 1227//1227 1226//1226
f 1242//1242 1229//1229 1227//1227
f 1241//1241 1242//1242 1227//1227
f 1229//1229 1238//1238 1228//1228
f 1243//1243 1238//1238 1229//1229
f 1242//1242 1243//1243 1229//1229
f 1230//1230 1236//1236 1231//1231
f 1231//1231 1244//1244 1232//1232
f 1231//1231 1236//1236 1244//1244
f 1232//1232 1245//1245 1246//1246
f 1233//1233 1232//1232 1246//1246
f 1232//1232 1244//1244 1245//1245
f 1233//1233 1246//1246 1247//1247
f 1234//1234 1233//1233 1247//1247
f 1234//1234 1247//1247 1248//1248
f 1235//1235 1234//1234 1248//1248
f 1235//1235 1248//1248 1249//1249
f 1237//1237 1235//1235 1249//1249
f 1236//1236 1237//1237 1244//1244
f 1237//1237 1249//1249 1250//1250
f 1244//1244 1237//1237 1250//1250
f 1251//1251 1239//1239 1238//1238
f 1251//1251 1238//1238 1243//1243
f 1252//1252 1240//1240 1239//1239
f 1253//1253 1252//1252 1239//1239
f 1253//1253 1239//1239 1251//1251
f 1252//1252 1254//1254 1240//1240
f 1254//1254 1241//1241 1240//1240
f 1254//1254 1255//1255 1241//1241
f 1255//1255 1242//1242 1241//1241
f 1255//1255 1256//1256 1242//1242
f 1256//1256 1243//1243 1242//1242
f 1251//1251 1243//1243 1256//1256
f 1244//1244 1250//1250 1245//1245
f 1245//1245 1257//1257 1258//1258
f 1246//1246 1245//1245 1258//1258
f 1245//1245 1250//1250 1257//1257
f 1246//1246 1258//1258 1259//1259
f 1247//1247 1246//1246 1259//1259
f 1247//1247 1259//1259 1260//1260
f 1248//1248 1247//1247 1260//1260
f 1248//1248 1260//1260 1261//1261
f 1249//1249 1248//1248 1261//1261
f 1249//1249 1261//1261 1262//1262
f 1250//1250 1249//1249 1262//1262
f 1250//1250 1262//1262 1257//1257
f 1263//1263 1253//1253 1251//1251
f 1263//1263 1251//1251 1256//1256
f 1264//1264 1254//1254 1252//1252
f 1265//1265 1264//1264 1252//1252
f 1265//1265 1252//1252 1253//1253
f 1266//1266 1265//1265 1253//1253
f 1266//1266 1253//1253 1263//1263
f 1264//1264 1267//1267 1254//1254
f 1267//1267 1255//1255 1254//1254
f 1267//1267 1268//1268 1255//1255
f 1268//1268 1256//1256 1255//1255
f 1268//1268 1269//1269 1256//1256
f 1269//1269 1263//1263 1256//1256
f 1257//1257 1270//1270 1271//1271
f 1258//1258 1257//1257 1271//1271
f 1257//1257 1262//1262 1270//1270
f 1258//1258 1271//1271 1272//1272
f 1259//1259 1258//1258 1272//1272
f 1259//1259 1272//1272 1273//1273
f 1260//1260 1259//1259 1273//1273
f 1260//1260 1273//1273 1274//1274
f 1261//1261 1260//1260 1274//1274
f 1262//1262 1261//1261 1274//1274
f 1262//1262 1274//1274 1270//1270
f 1269//1269 1266//1266 1263//1263
f 1266//1266 1267//1267 1264//1264
f 1264//1264 1265//1265 1266//1266
f 1268//1268 1266//1266 1269//1269
f 1266//1266 1268//1268 1267//1267
f 1275//1275 1271//1271 1270//1270
f 1276//1276 1275//1275 1270//1270
f 1270//1270 1277//1277 1276//1276
f 1274//1274 1278//1278 1270//1270
f 1278//1278 1277//1277 1270//1270
f 1279//1279 1272//1272 1271//1271
f 1280//1280 1279//1279 1271//1271
f 1271//1271 1275//1275 1280//1280
f 1272//1272 1281//1281 1273//1273
f 1272//1272 1279//1279 1281//1281
f 1273//1273 1282//1282 1274//1274
f 1281//1281 1283//1283 1273//1273
f 1273//1273 1283//1283 1282//1282
f 1274//1274 1284//1284 1285//1285
f 1285//1285 1278//1278 1274//1274
f 1282//1282 1284//1284 1274//1274
f 1280//1280 1275//1275 1286//1286
f 1276//1276 1286//1286 1275//1275
f 1276//1276 1277//1277 1287//1287
f 1286//1286 1276//1276 1287//1287
f 1278//1278 1287//1287 1277//1277
f 1278//1278 1285//1285 1288//1288
f 1287//1287 1278//1278 1288//1288
f 1281//1281 1279//1279 1289//1289
f 1280//1280 1289//1289 1279//1279
f 1289//1289 1280//1280 1286//1286
f 1281//1281 1290//1290 1283//1283
f 1290//1290 1281//1281 1289//1289
f 1282//1282 1291//1291 1284//1284
f 1282//1282 1283//1283 1291//1291
f 1283//1283 1290//1290 1291//1291
f 1284//1284 1291//1291 1288//1288
f 1285//1285 1284//1284 1288//1288
f 1289//1289 1286//1286 1290//1290
f 1286//1286 1287//1287 1290//1290
f 1287//1287 1288//1288 1290//1290
f 1288//1288 1291//1291 1290//1290
f 1292//1292 1293//1293 1294//1294
f 1295//1295 1296//1296 1292//1292
f 1294//1294 1295//1295 1292//1292
f 1297//1297 1298//1298 1292//1292
f 1296//1296 1297//1297 1292//1292
f 1293//1293 1292//1292 1298//1298
f 1293//1293 1299//1299 1300//1300
f 1293//1293 1300//1300 1301//1301
f 1293//1293 1302//1302 1299//1299
f 1303//1303 1302//1302 1293//1293
f 1303//1303 1293//1293 1298//1298
f 1293//1293 1301//1301 1294//1294
f 1301//1301 1304//1304 1294//1294
f 1294//1294 1305//1305 1295//1295
f 1294//1294 1304//1304 1305//1305
f 1295//1295 1305//1305 1306//1306
f 1295//1295 1306//1306 1307//1307
f 1296//1296 1295//1295 1307//1307
f 1308//1308 1296//1296 1309//1309
f 1296//1296 1307//1307 1309//1309
f 1308//1308 1297//1297 1296//1296
f 1310//1310 1298//1298 1297//1297
f 1304//1304 1310//1310 1297//1297
f 1304//1304 1297//1297 1308//1308
f 1311//1311 1303//1303 1298//1298
f 1312//1312 1298//1298 1310//1310
f 1313//1313 1311//1311 1298//1298
f 1313//1313 1298//1298 1312//1312
f 1299//1299 1314//1314 1315//1315
f 1316//1316 1314//1314 1299//1299
f 1316//1316 1299//1299 1302//1302
f 1300//1300 1299//1299 1317//1317
f 1299//1299 1315//1315 1317//1317
f 1318//1318 1319//1319 1300//1300
f 1300//1300 1319//1319 1320//1320
f 1318//1318 1300//1300 1321//1321
f 1301//1301 1300//1300 1320//1320
f 1300//1300 1317//1317 1321//1321
f 1301//1301 1320//1320 1322//1322
f 1301//1301 1322//1322 1310//1310
f 1301//1301 1310//1310 1304//1304
f 1323//1323 1316//1316 1302//1302
f 1323//1323 1302//1302 1303//1303
f 1323//1323 1303//1303 1324//1324
f 1325//1325 1324//1324 1303//1303
f 1325//1325 1303//1303 1311//1311
f 1304//1304 1308//1308 1305//1305
f 1305//1305 1308//1308 1326//1326
f 1305//1305 1326//1326 1306//1306
f 1306//1306 1326//1326 1327//1327
f 1306//1306 1327//1327 1328//1328
f 1307//1307 1306//1306 1329//1329
f 1330//1330 1329//1329 1306//1306
f 1330//1330 1306//1306 1328//1328
f 1309//1309 1307//1307 1331//1331
f 1307//1307 1329//1329 1332//1332
f 1307//1307 1332//1332 1331//1331
f 1308//1308 1309//1309 1326//1326
f 1327//1327 1326//1326 1309//1309
f 1327//1327 1309//1309 1333//1333
f 1309//1309 1334//1334 1333//1333
f 1309//1309 1331//1331 1334//1334
f 1310//1310 1322//1322 1335//1335
f 1312//1312 1310//1310 1335//1335
f 1336//1336 1325//1325 1311//1311
f 1336//1336 1311//1311 1313//1313
f 1337//1337 1312//1312 1338//1338
f 1339//1339 1312//1312 1335//1335
f 1339//1339 1338//1338 1312//1312
f 1340//1340 1313//1313 1312//1312
f 1340//1340 1312//1312 1337//1337
f 1341//1341 1336//1336 1313//1313
f 1341//1341 1313//1313 1340//1340
f 1314//1314 1342//1342 1343//1343
f 1314//1314 1343//1343 1318//1318
f 1316//1316 1342//1342 1314//1314
f 1314//1314 1318//1318 1344//1344
f 1314//1314 1344//1344 1315//1315
f 1315//1315 1344//1344 1345//1345
f 1317//1317 1315//1315 1346//1346
f 1315//1315 1345//1345 1346//1346
f 1347//1347 1342//1342 1316//1316
f 1323//1323 1347//1347 1316//1316
f 1321//1321 1317//1317 1348//1348
f 1317//1317 1346//1346 1348//1348
f 1318//1318 1343//1343 1319//1319
f 1318//1318 1321//1321 1344//1344
f 1319//1319 1343//1343 1349//1349
f 1319//1319 1349//1349 1350//1350
f 1320//1320 1319//1319 1350//1350
f 1320//1320 1350//1350 1351//1351
f 1352//1352 1322//1322 1320//1320
f 1352//1352 1320//1320 1351//1351
f 1344//1344 1321//1321 1353//1353
f 1321//1321 1348//1348 1353//1353
f 1335//1335 1322//1322 1352//1352
f 1354//1354 1347//1347 1323//1323
f 1324//1324 1354//1354 1323//1323
f 1324//1324 1355//1355 1354//1354
f 1356//1356 1355//1355 1324//1324
f 1356//1356 1324//1324 1325//1325
f 1357//1357 1356//1356 1325//1325
f 1357//1357 1325//1325 1336//1336
f 1327//1327 1333//1333 1358//1358
f 1328//1328 1327//1327 1359//1359
f 1359//1359 1327//1327 1360//1360
f 1358//1358 1360//1360 1327//1327
f 1330//1330 1328//1328 1359//1359
f 1333//1333 1329//1329 1330//1330
f 1361//1361 1329//1329 1333//1333
f 1361//1361 1332//1332 1329//1329
f 1333//1333 1330//1330 1358//1358
f 1358//1358 1330//1330 1362//1362
f 1330//1330 1359//1359 1362//1362
f 1334//1334 1331//1331 1363//1363
f 1331//1331 1332//1332 1364//1364
f 1331//1331 1364//1364 1363//1363
f 1332//1332 1361//1361 1365//1365
f 1332//1332 1365//1365 1364//1364
f 1334//1334 1361//1361 1333//1333
f 1361//1361 1334//1334 1366//1366
f 1334//1334 1363//1363 1366//1366
f 1335//1335 1352//1352 1367//1367
f 1368//1368 1335//1335 1367//1367
f 1335//1335 1368//1368 1369//1369
f 1370//1370 1339//1339 1335//1335
f 1335//1335 1369//1369 1370//1370
f 1371//1371 1357//1357 1336//1336
f 1371//1371 1336//1336 1341//1341
f 1372//1372 1337//1337 1338//1338
f 1373//1373 1340//1340 1337//1337
f 1373//1373 1337//1337 1372//1372
f 1374//1374 1338//1338 1339//1339
f 1374//1374 1375//1375 1338//1338
f 1375//1375 1372//1372 1338//1338
f 1376//1376 1339//1339 1370//1370
f 1376//1376 1374//1374 1339//1339
f 1341//1341 1340//1340 1373//1373
f 1373//1373 1371//1371 1341//1341
f 1377//1377 1378//1378 1342//1342
f 1377//1377 1342//1342 1379//1379
f 1380//1380 1343//1343 1342//1342
f 1378//1378 1380//1380 1342//1342
f 1347//1347 1379//1379 1342//1342
f 1349//1349 1343//1343 1381//1381
f 1382//1382 1381//1381 1343//1343
f 1380//1380 1382//1382 1343//1343
f 1344//1344 1353//1353 1345//1345
f 1346//1346 1345//1345 1383//1383
f 1345//1345 1353//1353 1384//1384
f 1345//1345 1384//1384 1383//1383
f 1348//1348 1346//1346 1385//1385
f 1346//1346 1383//1383 1385//1385
f 1386//1386 1379//1379 1347//1347
f 1354//1354 1386//1386 1347//1347
f 1353//1353 1348//1348 1387//1387
f 1348//1348 1385//1385 1387//1387
f 1349//1349 1381//1381 1388//1388
f 1388//1388 1389//1389 1349//1349
f 1350//1350 1349//1349 1389//1389
f 1350//1350 1389//1389 1390//1390
f 1351//1351 1350//1350 1390//1390
f 1351//1351 1390//1390 1391//1391
f 1351//1351 1391//1391 1392//1392
f 1351//1351 1392//1392 1352//1352
f 1367//1367 1352//1352 1392//1392
f 1353//1353 1387//1387 1384//1384
f 1354//1354 1393//1393 1386//1386
f 1394//1394 1354//1354 1355//1355
f 1393//1393 1354//1354 1394//1394
f 1395//1395 1355//1355 1356//1356
f 1395//1395 1394//1394 1355//1355
f 1396//1396 1395//1395 1356//1356
f 1396//1396 1356//1356 1357//1357
f 1396//1396 1357//1357 1371//1371
f 1358//1358 1362//1362 1397//1397
f 1358//1358 1397//1397 1360//1360
f 1376//1376 1398//1398 1359//1359
f 1376//1376 1359//1359 1399//1399
f 1400//1400 1359//1359 1360//1360
f 1399//1399 1359//1359 1400//1400
f 1401//1401 1359//1359 1398//1398
f 1401//1401 1362//1362 1359//1359
f 1402//1402 1403//1403 1360//1360
f 1400//1400 1360//1360 1403//1403
f 1402//1402 1360//1360 1397//1397
f 1361//1361 1366//1366 1365//1365
f 1397//1397 1362//1362 1404//1404
f 1362//1362 1405//1405 1406//1406
f 1362//1362 1406//1406 1404//1404
f 1401//1401 1405//1405 1362//1362
f 1366//1366 1363//1363 1407//1407
f 1363//1363 1364//1364 1408//1408
f 1363//1363 1408//1408 1407//1407
f 1364//1364 1409//1409 1408//1408
f 1364//1364 1365//1365 1409//1409
f 1365//1365 1366//1366 1410//1410
f 1365//1365 1410//1410 1409//1409
f 1366//1366 1407//1407 1410//1410
f 1367//1367 1392//1392 1411//1411
f 1412//1412 1367//1367 1411//1411
f 1368//1368 1367//1367 1412//1412
f 1413//1413 1368//1368 1412//1412
f 1369//1369 1368//1368 1413//1413
f 1369//1369 1414//1414 1370//1370
f 1369//1369 1413//1413 1415//1415
f 1369//1369 1415//1415 1414//1414
f 1416//1416 1372//1372 1370//1370
f 1417//1417 1376//1376 1370//1370
f 1417//1417 1370//1370 1372//1372
f 1370//1370 1414//1414 1416//1416
f 1396//1396 1371//1371 1418//1418
f 1371//1371 1419//1419 1418//1418
f 1419//1419 1371//1371 1373//1373
f 1375//1375 1417//1417 1372//1372
f 1372//1372 1416//1416 1373//1373
f 1420//1420 1419//1419 1373//1373
f 1421//1421 1373//1373 1416//1416
f 1421//1421 1422//1422 1373//1373
f 1373//1373 1422//1422 1423//1423
f 1373//1373 1423//1423 1424//1424
f 1373//1373 1424//1424 1420//1420
f 1399//1399 1374//1374 1376//1376
f 1399//1399 1375//1375 1374//1374
f 1400//1400 1417//1417 1375//1375
f 1399//1399 1400//1400 1375//1375
f 1403//1403 1376//1376 1417//1417
f 1403//1403 1398//1398 1376//1376
f 1377//1377 1425//1425 1426//1426
f 1427//1427 1425//1425 1377//1377
f 1377//1377 1426//1426 1378//1378
f 1379//1379 1427//1427 1377//1377
f 1378//1378 1426//1426 1428//1428
f 1378//1378 1428//1428 1380//1380
f 1379//1379 1429//1429 1427//1427
f 1386//1386 1429//1429 1379//1379
f 1382//1382 1380//1380 1430//1430
f 1380//1380 1428//1428 1431//1431
f 1380//1380 1431//1431 1430//1430
f 1381//1381 1432//1432 1433//1433
f 1434//1434 1432//1432 1381//1381
f 1381//1381 1433//1433 1388//1388
f 1434//1434 1381//1381 1382//1382
f 1434//1434 1382//1382 1435//1435
f 1382//1382 1430//1430 1435//1435
f 1385//1385 1383//1383 1436//1436
f 1383//1383 1384//1384 1437//1437
f 1383//1383 1437//1437 1436//1436
f 1384//1384 1387//1387 1438//1438
f 1384//1384 1438//1438 1437//1437
f 1387//1387 1385//1385 1439//1439
f 1385//1385 1436//1436 1439//1439
f 1440//1440 1429//1429 1386//1386
f 1393//1393 1440//1440 1386//1386
f 1387//1387 1439//1439 1438//1438
f 1388//1388 1433//1433 1441//1441
f 1388//1388 1442//1442 1389//1389
f 1388//1388 1441//1441 1442//1442
f 1389//1389 1442//1442 1443//1443
f 1429//1429 1389//1389 1443//1443
f 1444//1444 1389//1389 1429//1429
f 1390//1390 1389//1389 1444//1444
f 1445//1445 1390//1390 1444//1444
f 1391//1391 1390//1390 1445//1445
f 1391//1391 1445//1445 1446//1446
f 1392//1392 1391//1391 1446//1446
f 1447//1447 1392//1392 1446//1446
f 1411//1411 1392//1392 1447//1447
f 1448//1448 1440//1440 1393//1393
f 1446//1446 1445//1445 1393//1393
f 1449//1449 1393//1393 1445//1445
f 1449//1449 1448//1448 1393//1393
f 1393//1393 1394//1394 1446//1446
f 1394//1394 1395//1395 1450//1450
f 1451//1451 1446//1446 1394//1394
f 1450//1450 1451//1451 1394//1394
f 1395//1395 1452//1452 1450//1450
f 1411//1411 1395//1395 1396//1396
f 1452//1452 1395//1395 1447//1447
f 1395//1395 1411//1411 1447//1447
f 1411//1411 1396//1396 1453//1453
f 1396//1396 1418//1418 1453//1453
f 1402//1402 1397//1397 1454//1454
f 1454//1454 1397//1397 1455//1455
f 1397//1397 1404//1404 1455//1455
f 1402//1402 1398//1398 1403//1403
f 1402//1402 1401//1401 1398//1398
f 1400//1400 1403//1403 1417//1417
f 1456//1456 1401//1401 1402//1402
f 1401//1401 1457//1457 1405//1405
f 1456//1456 1457//1457 1401//1401
f 1458//1458 1459//1459 1402//1402
f 1454//1454 1460//1460 1402//1402
f 1458//1458 1402//1402 1460//1460
f 1456//1456 1402//1402 1459//1459
f 1455//1455 1404//1404 1461//1461
f 1404//1404 1406//1406 1462//1462
f 1404//1404 1462//1462 1461//1461
f 1405//1405 1454//1454 1463//1463
f 1454//1454 1405//1405 1457//1457
f 1405//1405 1463//1463 1406//1406
f 1406//1406 1463//1463 1464//1464
f 1406//1406 1464//1464 1462//1462
f 1410//1410 1407//1407 1465//1465
f 1407//1407 1408//1408 1466//1466
f 1407//1407 1466//1466 1465//1465
f 1408//1408 1467//1467 1466//1466
f 1408//1408 1409//1409 1467//1467
f 1409//1409 1410//1410 1468//1468
f 1409//1409 1468//1468 1467//1467
f 1410//1410 1465//1465 1468//1468
f 1412//1412 1411//1411 1469//1469
f 1470//1470 1469//1469 1411//1411
f 1411//1411 1453//1453 1471//1471
f 1470//1470 1411//1411 1471//1471
f 1415//1415 1412//1412 1469//1469
f 1413//1413 1412//1412 1415//1415
f 1414//1414 1415//1415 1470//1470
f 1424//1424 1414//1414 1471//1471
f 1414//1414 1422//1422 1421//1421
f 1414//1414 1421//1421 1416//1416
f 1423//1423 1422//1422 1414//1414
f 1424//1424 1423//1423 1414//1414
f 1414//1414 1470//1470 1471//1471
f 1415//1415 1469//1469 1472//1472
f 1415//1415 1472//1472 1470//1470
f 1419//1419 1420//1420 1418//1418
f 1453//1453 1418//1418 1473//1473
f 1418//1418 1474//1474 1473//1473
f 1418//1418 1420//1420 1474//1474
f 1471//1471 1420//1420 1424//1424
f 1420//1420 1471//1471 1475//1475
f 1420//1420 1475//1475 1474//1474
f 1425//1425 1476//1476 1477//1477
f 1478//1478 1476//1476 1425//1425
f 1425//1425 1477//1477 1426//1426
f 1427//1427 1478//1478 1425//1425
f 1426//1426 1477//1477 1479//1479
f 1426//1426 1480//1480 1481//1481
f 1426//1426 1479//1479 1480//1480
f 1428//1428 1426//1426 1481//1481
f 1482//1482 1478//1478 1427//1427
f 1483//1483 1482//1482 1427//1427
f 1429//1429 1483//1483 1427//1427
f 1428//1428 1481//1481 1434//1434
f 1428//1428 1434//1434 1484//1484
f 1428//1428 1484//1484 1431//1431
f 1429//1429 1443//1443 1483//1483
f 1444//1444 1429//1429 1440//1440
f 1435//1435 1430//1430 1485//1485
f 1430//1430 1431//1431 1486//1486
f 1430//1430 1486//1486 1485//1485
f 1431//1431 1484//1484 1487//1487
f 1431//1431 1487//1487 1486//1486
f 1432//1432 1488//1488 1489//1489
f 1490//1490 1488//1488 1432//1432
f 1432//1432 1489//1489 1433//1433
f 1481//1481 1490//1490 1432//1432
f 1481//1481 1432//1432 1434//1434
f 1433//1433 1489//1489 1491//1491
f 1433//1433 1491//1491 1441//1441
f 1434//1434 1435//1435 1484//1484
f 1484//1484 1435//1435 1492//1492
f 1435//1435 1485//1485 1492//1492
f 1439//1439 1436//1436 1493//1493
f 1436//1436 1437//1437 1494//1494
f 1436//1436 1494//1494 1493//1493
f 1437//1437 1438//1438 1495//1495
f 1437//1437 1495//1495 1494//1494
f 1438//1438 1439//1439 1496//1496
f 1438//1438 1496//1496 1495//1495
f 1439//1439 1493//1493 1496//1496
f 1497//1497 1444//1444 1440//1440
f 1448//1448 1497//1497 1440//1440
f 1441//1441 1491//1491 1498//1498
f 1441//1441 1498//1498 1499//1499
f 1442//1442 1441//1441 1500//1500
f 1500//1500 1441//1441 1499//1499
f 1443//1443 1442//1442 1500//1500
f 1501//1501 1443//1443 1500//1500
f 1502//1502 1483//1483 1443//1443
f 1501//1501 1502//1502 1443//1443
f 1497//1497 1503//1503 1444//1444
f 1503//1503 1445//1445 1444//1444
f 1503//1503 1449//1449 1445//1445
f 1504//1504 1447//1447 1446//1446
f 1451//1451 1504//1504 1446//1446
f 1504//1504 1452//1452 1447//1447
f 1505//1505 1497//1497 1448//1448
f 1506//1506 1505//1505 1448//1448
f 1506//1506 1448//1448 1449//1449
f 1507//1507 1449//1449 1503//1503
f 1507//1507 1506//1506 1449//1449
f 1508//1508 1451//1451 1450//1450
f 1509//1509 1450//1450 1452//1452
f 1509//1509 1508//1508 1450//1450
f 1510//1510 1504//1504 1451//1451
f 1508//1508 1510//1510 1451//1451
f 1511//1511 1452//1452 1504//1504
f 1511//1511 1509//1509 1452//1452
f 1471//1471 1453//1453 1512//1512
f 1453//1453 1473//1473 1512//1512
f 1457//1457 1460//1460 1454//1454
f 1454//1454 1455//1455 1463//1463
f 1463//1463 1455//1455 1513//1513
f 1455//1455 1461//1461 1513//1513
f 1456//1456 1459//1459 1514//1514
f 1456//1456 1514//1514 1515//1515
f 1456//1456 1516//1516 1457//1457
f 1515//1515 1516//1516 1456//1456
f 1516//1516 1460//1460 1457//1457
f 1517//1517 1518//1518 1458//1458
f 1519//1519 1458//1458 1516//1516
f 1516//1516 1458//1458 1460//1460
f 1519//1519 1517//1517 1458//1458
f 1518//1518 1459//1459 1458//1458
f 1518//1518 1514//1514 1459//1459
f 1513//1513 1461//1461 1520//1520
f 1461//1461 1462//1462 1521//1521
f 1461//1461 1521//1521 1520//1520
f 1462//1462 1464//1464 1522//1522
f 1462//1462 1522//1522 1521//1521
f 1463//1463 1513//1513 1464//1464
f 1464//1464 1513//1513 1523//1523
f 1464//1464 1523//1523 1522//1522
f 1468//1468 1465//1465 1524//1524
f 1465//1465 1466//1466 1525//1525
f 1465//1465 1525//1525 1524//1524
f 1466//1466 1467//1467 1526//1526
f 1466//1466 1526//1526 1525//1525
f 1467//1467 1468//1468 1527//1527
f 1467//1467 1527//1527 1526//1526
f 1468//1468 1524//1524 1527//1527
f 1472//1472 1469//1469 1470//1470
f 1471//1471 1512//1512 1475//1475
f 1512//1512 1473//1473 1528//1528
f 1473//1473 1474//1474 1528//1528
f 1474//1474 1475//1475 1529//1529
f 1474//1474 1529//1529 1528//1528
f 1475//1475 1512//1512 1530//1530
f 1475//1475 1530//1530 1531//1531
f 1475//1475 1531//1531 1529//1529
f 1476//1476 1532//1532 1533//1533
f 1534//1534 1532//1532 1476//1476
f 1476//1476 1533//1533 1477//1477
f 1478//1478 1534//1534 1476//1476
f 1477//1477 1533//1533 1535//1535
f 1477//1477 1535//1535 1479//1479
f 1536//1536 1534//1534 1478//1478
f 1499//1499 1536//1536 1478//1478
f 1499//1499 1478//1478 1482//1482
f 1479//1479 1535//1535 1480//1480
f 1480//1480 1535//1535 1537//1537
f 1490//1490 1480//1480 1538//1538
f 1481//1481 1480//1480 1490//1490
f 1480//1480 1537//1537 1538//1538
f 1500//1500 1499//1499 1482//1482
f 1539//1539 1540//1540 1482//1482
f 1540//1540 1500//1500 1482//1482
f 1539//1539 1482//1482 1483//1483
f 1502//1502 1539//1539 1483//1483
f 1484//1484 1492//1492 1487//1487
f 1492//1492 1485//1485 1541//1541
f 1485//1485 1486//1486 1542//1542
f 1485//1485 1542//1542 1541//1541
f 1486//1486 1487//1487 1543//1543
f 1486//1486 1543//1543 1542//1542
f 1487//1487 1492//1492 1544//1544
f 1487//1487 1544//1544 1543//1543
f 1488//1488 1545//1545 1546//1546
f 1547//1547 1545//1545 1488//1488
f 1488//1488 1546//1546 1489//1489
f 1547//1547 1488//1488 1490//1490
f 1489//1489 1546//1546 1548//1548
f 1489//1489 1548//1548 1491//1491
f 1547//1547 1490//1490 1549//1549
f 1490//1490 1538//1538 1549//1549
f 1491//1491 1548//1548 1550//1550
f 1498//1498 1491//1491 1550//1550
f 1492//1492 1541//1541 1544//1544
f 1496//1496 1493//1493 1551//1551
f 1493//1493 1494//1494 1552//1552
f 1493//1493 1552//1552 1551//1551
f 1494//1494 1495//1495 1553//1553
f 1494//1494 1553//1553 1552//1552
f 1495//1495 1496//1496 1554//1554
f 1495//1495 1554//1554 1553//1553
f 1496//1496 1551//1551 1554//1554
f 1505//1505 1555//1555 1497//1497
f 1555//1555 1503//1503 1497//1497
f 1556//1556 1498//1498 1550//1550
f 1556//1556 1557//1557 1498//1498
f 1498//1498 1536//1536 1499//1499
f 1557//1557 1536//1536 1498//1498
f 1540//1540 1501//1501 1500//1500
f 1558//1558 1501//1501 1540//1540
f 1558//1558 1559//1559 1501//1501
f 1559//1559 1502//1502 1501//1501
f 1560//1560 1539//1539 1502//1502
f 1559//1559 1560//1560 1502//1502
f 1555//1555 1507//1507 1503//1503
f 1510//1510 1511//1511 1504//1504
f 1561//1561 1562//1562 1505//1505
f 1561//1561 1505//1505 1506//1506
f 1562//1562 1555//1555 1505//1505
f 1563//1563 1506//1506 1507//1507
f 1563//1563 1561//1561 1506//1506
f 1564//1564 1507//1507 1555//1555
f 1564//1564 1563//1563 1507//1507
f 1565//1565 1510//1510 1508//1508
f 1566//1566 1565//1565 1508//1508
f 1566//1566 1508//1508 1509//1509
f 1567//1567 1509//1509 1511//1511
f 1567//1567 1566//1566 1509//1509
f 1568//1568 1511//1511 1510//1510
f 1565//1565 1568//1568 1510//1510
f 1568//1568 1567//1567 1511//1511
f 1512//1512 1569//1569 1530//1530
f 1528//1528 1569//1569 1512//1512
f 1513//1513 1520//1520 1523//1523
f 1518//1518 1570//1570 1514//1514
f 1515//1515 1514//1514 1570//1570
f 1515//1515 1571//1571 1516//1516
f 1515//1515 1570//1570 1572//1572
f 1572//1572 1571//1571 1515//1515
f 1573//1573 1519//1519 1516//1516
f 1573//1573 1516//1516 1571//1571
f 1517//1517 1574//1574 1518//1518
f 1575//1575 1574//1574 1517//1517
f 1576//1576 1575//1575 1517//1517
f 1576//1576 1517//1517 1519//1519
f 1518//1518 1577//1577 1570//1570
f 1578//1578 1577//1577 1518//1518
f 1574//1574 1579//1579 1518//1518
f 1579//1579 1578//1578 1518//1518
f 1580//1580 1576//1576 1519//1519
f 1580//1580 1519//1519 1573//1573
f 1523//1523 1520//1520 1521//1521
f 1523//1523 1521//1521 1522//1522
f 1527//1527 1524//1524 1581//1581
f 1524//1524 1525//1525 1582//1582
f 1524//1524 1582//1582 1581//1581
f 1525//1525 1526//1526 1583//1583
f 1525//1525 1583//1583 1582//1582
f 1526//1526 1527//1527 1584//1584
f 1526//1526 1584//1584 1583//1583
f 1527//1527 1581//1581 1584//1584
f 1528//1528 1585//1585 1569//1569
f 1529//1529 1585//1585 1528//1528
f 1531//1531 1585//1585 1529//1529
f 1530//1530 1569//1569 1586//1586
f 1587//1587 1531//1531 1530//1530
f 1587//1587 1530//1530 1586//1586
f 1531//1531 1588//1588 1589//1589
f 1588//1588 1531//1531 1587//1587
f 1531//1531 1589//1589 1585//1585
f 1532//1532 1590//1590 1591//1591
f 1592//1592 1590//1590 1532//1532
f 1532//1532 1591//1591 1533//1533
f 1534//1534 1592//1592 1532//1532
f 1533//1533 1591//1591 1593//1593
f 1533//1533 1593//1593 1535//1535
f 1594//1594 1592//1592 1534//1534
f 1536//1536 1594//1594 1534//1534
f 1535//1535 1593//1593 1595//1595
f 1535//1535 1595//1595 1547//1547
f 1535//1535 1547//1547 1596//1596
f 1535//1535 1596//1596 1537//1537
f 1536//1536 1597//1597 1594//1594
f 1598//1598 1597//1597 1536//1536
f 1557//1557 1598//1598 1536//1536
f 1537//1537 1596//1596 1599//1599
f 1538//1538 1537//1537 1600//1600
f 1537//1537 1599//1599 1600//1600
f 1549//1549 1538//1538 1601//1601
f 1538//1538 1600//1600 1601//1601
f 1560//1560 1602//1602 1539//1539
f 1602//1602 1540//1540 1539//1539
f 1602//1602 1558//1558 1540//1540
f 1544//1544 1541//1541 1603//1603
f 1541//1541 1542//1542 1604//1604
f 1541//1541 1604//1604 1603//1603
f 1542//1542 1543//1543 1605//1605
f 1542//1542 1605//1605 1604//1604
f 1543//1543 1544//1544 1606//1606
f 1543//1543 1606//1606 1605//1605
f 1544//1544 1603//1603 1606//1606
f 1545//1545 1607//1607 1608//1608
f 1545//1545 1608//1608 1546//1546
f 1595//1595 1607//1607 1545//1545
f 1595//1595 1545//1545 1547//1547
f 1546//1546 1608//1608 1609//1609
f 1546//1546 1609//1609 1548//1548
f 1547//1547 1549//1549 1596//1596
f 1550//1550 1548//1548 1609//1609
f 1596//1596 1549//1549 1610//1610
f 1549//1549 1601//1601 1610//1610
f 1550//1550 1609//1609 1611//1611
f 1550//1550 1611//1611 1612//1612
f 1613//1613 1556//1556 1550//1550
f 1613//1613 1550//1550 1597//1597
f 1550//1550 1612//1612 1597//1597
f 1554//1554 1551//1551 1552//1552
f 1554//1554 1552//1552 1553//1553
f 1562//1562 1564//1564 1555//1555
f 1614//1614 1556//1556 1613//1613
f 1614//1614 1615//1615 1556//1556
f 1615//1615 1557//1557 1556//1556
f 1616//1616 1598//1598 1557//1557
f 1615//1615 1616//1616 1557//1557
f 1617//1617 1558//1558 1602//1602
f 1617//1617 1618//1618 1558//1558
f 1618//1618 1559//1559 1558//1558
f 1619//1619 1560//1560 1559//1559
f 1618//1618 1619//1619 1559//1559
f 1619//1619 1620//1620 1560//1560
f 1620//1620 1602//1602 1560//1560
f 1621//1621 1622//1622 1561//1561
f 1621//1621 1561//1561 1563//1563
f 1622//1622 1562//1562 1561//1561
f 1622//1622 1623//1623 1562//1562
f 1623//1623 1564//1564 1562//1562
f 1624//1624 1563//1563 1564//1564
f 1624//1624 1621//1621 1563//1563
f 1623//1623 1624//1624 1564//1564
f 1588//1588 1568//1568 1565//1565
f 1589//1589 1588//1588 1565//1565
f 1625//1625 1565//1565 1566//1566
f 1589//1589 1565//1565 1625//1625
f 1626//1626 1566//1566 1567//1567
f 1627//1627 1625//1625 1566//1566
f 1626//1626 1627//1627 1566//1566
f 1567//1567 1568//1568 1588//1588
f 1628//1628 1567//1567 1588//1588
f 1628//1628 1629//1629 1567//1567
f 1629//1629 1626//1626 1567//1567
f 1569//1569 1630//1630 1586//1586
f 1569//1569 1585//1585 1631//1631
f 1569//1569 1631//1631 1630//1630
f 1632//1632 1570//1570 1577//1577
f 1572//1572 1570//1570 1633//1633
f 1632//1632 1633//1633 1570//1570
f 1572//1572 1578//1578 1571//1571
f 1634//1634 1571//1571 1579//1579
f 1571//1571 1634//1634 1573//1573
f 1579//1579 1571//1571 1578//1578
f 1635//1635 1578//1578 1572//1572
f 1572//1572 1633//1633 1635//1635
f 1634//1634 1574//1574 1573//1573
f 1636//1636 1573//1573 1574//1574
f 1636//1636 1580//1580 1573//1573
f 1574//1574 1634//1634 1579//1579
f 1575//1575 1636//1636 1574//1574
f 1637//1637 1638//1638 1575//1575
f 1637//1637 1575//1575 1576//1576
f 1638//1638 1636//1636 1575//1575
f 1639//1639 1637//1637 1576//1576
f 1639//1639 1576//1576 1580//1580
f 1577//1577 1640//1640 1632//1632
f 1577//1577 1578//1578 1640//1640
f 1635//1635 1640//1640 1578//1578
f 1641//1641 1580//1580 1636//1636
f 1641//1641 1639//1639 1580//1580
f 1583//1583 1584//1584 1581//1581
f 1583//1583 1581//1581 1582//1582
f 1631//1631 1585//1585 1589//1589
f 1642//1642 1587//1587 1586//1586
f 1643//1643 1586//1586 1644//1644
f 1644//1644 1586//1586 1630//1630
f 1586//1586 1643//1643 1642//1642
f 1588//1588 1587//1587 1645//1645
f 1587//1587 1631//1631 1645//1645
f 1646//1646 1587//1587 1642//1642
f 1646//1646 1647//1647 1587//1587
f 1647//1647 1631//1631 1587//1587
f 1645//1645 1628//1628 1588//1588
f 1589//1589 1625//1625 1648//1648
f 1631//1631 1589//1589 1648//1648
f 1590//1590 1649//1649 1650//1650
f 1651//1651 1649//1649 1590//1590
f 1590//1590 1650//1650 1652//1652
f 1590//1590 1652//1652 1591//1591
f 1653//1653 1651//1651 1590//1590
f 1592//1592 1653//1653 1590//1590
f 1591//1591 1652//1652 1654//1654
f 1591//1591 1654//1654 1655//1655
f 1591//1591 1655//1655 1593//1593
f 1612//1612 1653//1653 1592//1592
f 1594//1594 1597//1597 1592//1592
f 1597//1597 1612//1612 1592//1592
f 1593//1593 1655//1655 1656//1656
f 1595//1595 1593//1593 1657//1657
f 1593//1593 1656//1656 1657//1657
f 1654//1654 1595//1595 1658//1658
f 1595//1595 1654//1654 1607//1607
f 1595//1595 1657//1657 1658//1658
f 1596//1596 1610//1610 1599//1599
f 1598//1598 1613//1613 1597//1597
f 1659//1659 1613//1613 1598//1598
f 1616//1616 1659//1659 1598//1598
f 1600//1600 1599//1599 1660//1660
f 1599//1599 1610//1610 1661//1661
f 1599//1599 1661//1661 1660//1660
f 1601//1601 1600//1600 1662//1662
f 1600//1600 1660//1660 1662//1662
f 1610//1610 1601//1601 1663//1663
f 1601//1601 1662//1662 1663//1663
f 1620//1620 1617//1617 1602//1602
f 1606//1606 1603//1603 1664//1664
f 1603//1603 1604//1604 1665//1665
f 1603//1603 1665//1665 1664//1664
f 1604//1604 1605//1605 1666//1666
f 1604//1604 1666//1666 1665//1665
f 1605//1605 1606//1606 1667//1667
f 1605//1605 1667//1667 1666//1666
f 1606//1606 1664//1664 1667//1667
f 1654//1654 1668//1668 1607//1607
f 1668//1668 1608//1608 1607//1607
f 1608//1608 1669//1669 1670//1670
f 1668//1668 1669//1669 1608//1608
f 1608//1608 1670//1670 1671//1671
f 1609//1609 1608//1608 1671//1671
f 1609//1609 1671//1671 1672//1672
f 1609//1609 1672//1672 1611//1611
f 1610//1610 1663//1663 1661//1661
f 1673//1673 1611//1611 1672//1672
f 1673//1673 1674//1674 1611//1611
f 1674//1674 1612//1612 1611//1611
f 1612//1612 1675//1675 1653//1653
f 1676//1676 1675//1675 1612//1612
f 1674//1674 1676//1676 1612//1612
f 1659//1659 1614//1614 1613//1613
f 1677//1677 1614//1614 1659//1659
f 1677//1677 1678//1678 1614//1614
f 1678//1678 1615//1615 1614//1614
f 1678//1678 1679//1679 1615//1615
f 1679//1679 1616//1616 1615//1615
f 1680//1680 1659//1659 1616//1616
f 1679//1679 1680//1680 1616//1616
f 1681//1681 1617//1617 1620//1620
f 1681//1681 1682//1682 1617//1617
f 1682//1682 1618//1618 1617//1617
f 1683//1683 1619//1619 1618//1618
f 1682//1682 1683//1683 1618//1618
f 1683//1683 1684//1684 1619//1619
f 1684//1684 1620//1620 1619//1619
f 1684//1684 1681//1681 1620//1620
f 1685//1685 1686//1686 1621//1621
f 1685//1685 1621//1621 1624//1624
f 1686//1686 1622//1622 1621//1621
f 1686//1686 1687//1687 1622//1622
f 1687//1687 1623//1623 1622//1622
f 1687//1687 1688//1688 1623//1623
f 1688//1688 1624//1624 1623//1623
f 1688//1688 1685//1685 1624//1624
f 1648//1648 1625//1625 1628//1628
f 1628//1628 1625//1625 1689//1689
f 1625//1625 1627//1627 1689//1689
f 1690//1690 1626//1626 1629//1629
f 1691//1691 1627//1627 1626//1626
f 1690//1690 1691//1691 1626//1626
f 1692//1692 1689//1689 1627//1627
f 1691//1691 1692//1692 1627//1627
f 1645//1645 1648//1648 1628//1628
f 1628//1628 1689//1689 1629//1629
f 1693//1693 1629//1629 1689//1689
f 1693//1693 1690//1690 1629//1629
f 1631//1631 1694//1694 1630//1630
f 1630//1630 1695//1695 1696//1696
f 1694//1694 1695//1695 1630//1630
f 1644//1644 1630//1630 1697//1697
f 1630//1630 1696//1696 1697//1697
f 1631//1631 1648//1648 1645//1645
f 1698//1698 1694//1694 1631//1631
f 1647//1647 1698//1698 1631//1631
f 1632//1632 1640//1640 1699//1699
f 1632//1632 1699//1699 1700//1700
f 1701//1701 1633//1633 1632//1632
f 1701//1701 1632//1632 1700//1700
f 1635//1635 1633//1633 1701//1701
f 1699//1699 1640//1640 1635//1635
f 1635//1635 1701//1701 1702//1702
f 1699//1699 1635//1635 1702//1702
f 1638//1638 1641//1641 1636//1636
f 1638//1638 1637//1637 1639//1639
f 1638//1638 1639//1639 1641//1641
f 1703//1703 1646//1646 1642//1642
f 1643//1643 1695//1695 1642//1642
f 1703//1703 1642//1642 1694//1694
f 1695//1695 1694//1694 1642//1642
f 1643//1643 1704//1704 1696//1696
f 1695//1695 1643//1643 1696//1696
f 1643//1643 1644//1644 1704//1704
f 1705//1705 1644//1644 1697//1697
f 1704//1704 1644//1644 1705//1705
f 1706//1706 1646//1646 1703//1703
f 1707//1707 1647//1647 1646//1646
f 1706//1706 1707//1707 1646//1646
f 1708//1708 1698//1698 1647//1647
f 1707//1707 1708//1708 1647//1647
f 1709//1709 1710//1710 1649//1649
f 1649//1649 1711//1711 1709//1709
f 1649//1649 1712//1712 1711//1711
f 1649//1649 1710//1710 1650//1650
f 1713//1713 1712//1712 1649//1649
f 1651//1651 1713//1713 1649//1649
f 1650//1650 1710//1710 1714//1714
f 1650//1650 1714//1714 1715//1715
f 1652//1652 1650//1650 1715//1715
f 1716//1716 1713//1713 1651//1651
f 1675//1675 1672//1672 1651//1651
f 1716//1716 1651//1651 1672//1672
f 1675//1675 1651//1651 1653//1653
f 1652//1652 1715//1715 1717//1717
f 1654//1654 1652//1652 1717//1717
f 1654//1654 1717//1717 1668//1668
f 1655//1655 1654//1654 1718//1718
f 1654//1654 1658//1658 1718//1718
f 1655//1655 1718//1718 1656//1656
f 1656//1656 1718//1718 1719//1719
f 1657//1657 1656//1656 1720//1720
f 1656//1656 1719//1719 1720//1720
f 1658//1658 1657//1657 1721//1721
f 1657//1657 1720//1720 1721//1721
f 1718//1718 1658//1658 1722//1722
f 1658//1658 1721//1721 1722//1722
f 1680//1680 1677//1677 1659//1659
f 1662//1662 1660//1660 1723//1723
f 1660//1660 1661//1661 1724//1724
f 1660//1660 1724//1724 1723//1723
f 1661//1661 1663//1663 1725//1725
f 1661//1661 1725//1725 1724//1724
f 1663//1663 1662//1662 1726//1726
f 1662//1662 1723//1723 1726//1726
f 1663//1663 1726//1726 1725//1725
f 1667//1667 1664//1664 1727//1727
f 1664//1664 1665//1665 1728//1728
f 1664//1664 1728//1728 1727//1727
f 1665//1665 1666//1666 1729//1729
f 1665//1665 1729//1729 1728//1728
f 1666//1666 1667//1667 1730//1730
f 1666//1666 1730//1730 1729//1729
f 1667//1667 1727//1727 1730//1730
f 1668//1668 1731//1731 1669//1669
f 1717//1717 1731//1731 1668//1668
f 1669//1669 1732//1732 1733//1733
f 1669//1669 1733//1733 1734//1734
f 1734//1734 1735//1735 1669//1669
f 1669//1669 1735//1735 1670//1670
f 1731//1731 1732//1732 1669//1669
f 1670//1670 1735//1735 1736//1736
f 1671//1671 1670//1670 1737//1737
f 1670//1670 1736//1736 1737//1737
f 1671//1671 1716//1716 1672//1672
f 1671//1671 1737//1737 1716//1716
f 1738//1738 1673//1673 1672//1672
f 1738//1738 1672//1672 1675//1675
f 1739//1739 1673//1673 1738//1738
f 1739//1739 1740//1740 1673//1673
f 1740//1740 1674//1674 1673//1673
f 1741//1741 1676//1676 1674//1674
f 1740//1740 1741//1741 1674//1674
f 1676//1676 1738//1738 1675//1675
f 1742//1742 1738//1738 1676//1676
f 1741//1741 1742//1742 1676//1676
f 1743//1743 1677//1677 1680//1680
f 1743//1743 1744//1744 1677//1677
f 1744//1744 1678//1678 1677//1677
f 1744//1744 1745//1745 1678//1678
f 1745//1745 1679//1679 1678//1678
f 1746//1746 1680//1680 1679//1679
f 1745//1745 1746//1746 1679//1679
f 1746//1746 1743//1743 1680//1680
f 1747//1747 1681//1681 1684//1684
f 1747//1747 1748//1748 1681//1681
f 1748//1748 1682//1682 1681//1681
f 1749//1749 1683//1683 1682//1682
f 1748//1748 1749//1749 1682//1682
f 1749//1749 1750//1750 1683//1683
f 1750//1750 1684//1684 1683//1683
f 1750//1750 1747//1747 1684//1684
f 1751//1751 1752//1752 1685//1685
f 1752//1752 1686//1686 1685//1685
f 1751//1751 1685//1685 1688//1688
f 1752//1752 1753//1753 1686//1686
f 1753//1753 1687//1687 1686//1686
f 1753//1753 1754//1754 1687//1687
f 1754//1754 1688//1688 1687//1687
f 1754//1754 1751//1751 1688//1688
f 1692//1692 1693//1693 1689//1689
f 1755//1755 1690//1690 1693//1693
f 1755//1755 1756//1756 1690//1690
f 1757//1757 1691//1691 1690//1690
f 1756//1756 1757//1757 1690//1690
f 1757//1757 1758//1758 1691//1691
f 1758//1758 1692//1692 1691//1691
f 1755//1755 1693//1693 1692//1692
f 1758//1758 1755//1755 1692//1692
f 1698//1698 1703//1703 1694//1694
f 1696//1696 1704//1704 1759//1759
f 1696//1696 1759//1759 1760//1760
f 1761//1761 1696//1696 1760//1760
f 1697//1697 1696//1696 1761//1761
f 1762//1762 1705//1705 1697//1697
f 1697//1697 1761//1761 1762//1762
f 1763//1763 1703//1703 1698//1698
f 1708//1708 1763//1763 1698//1698
f 1700//1700 1699//1699 1764//1764
f 1764//1764 1699//1699 1702//1702
f 1700//1700 1764//1764 1765//1765
f 1765//1765 1766//1766 1700//1700
f 1766//1766 1701//1701 1700//1700
f 1702//1702 1701//1701 1767//1767
f 1701//1701 1766//1766 1768//1768
f 1701//1701 1768//1768 1767//1767
f 1702//1702 1767//1767 1769//1769
f 1764//1764 1702//1702 1769//1769
f 1763//1763 1706//1706 1703//1703
f 1704//1704 1770//1770 1771//1771
f 1704//1704 1771//1771 1759//1759
f 1704//1704 1705//1705 1770//1770
f 1772//1772 1705//1705 1762//1762
f 1705//1705 1772//1772 1773//1773
f 1705//1705 1773//1773 1770//1770
f 1774//1774 1706//1706 1763//1763
f 1774//1774 1775//1775 1706//1706
f 1775//1775 1707//1707 1706//1706
f 1776//1776 1708//1708 1707//1707
f 1775//1775 1776//1776 1707//1707
f 1777//1777 1763//1763 1708//1708
f 1776//1776 1777//1777 1708//1708
f 1709//1709 1778//1778 1779//1779
f 1711//1711 1778//1778 1709//1709
f 1709//1709 1780//1780 1710//1710
f 1709//1709 1779//1779 1780//1780
f 1781//1781 1714//1714 1710//1710
f 1781//1781 1710//1710 1782//1782
f 1783//1783 1710//1710 1780//1780
f 1783//1783 1782//1782 1710//1710
f 1711//1711 1784//1784 1778//1778
f 1784//1784 1711//1711 1785//1785
f 1711//1711 1712//1712 1786//1786
f 1711//1711 1786//1786 1785//1785
f 1737//1737 1736//1736 1712//1712
f 1786//1786 1712//1712 1736//1736
f 1737//1737 1712//1712 1713//1713
f 1716//1716 1737//1737 1713//1713
f 1781//1781 1732//1732 1714//1714
f 1715//1715 1714//1714 1732//1732
f 1715//1715 1732//1732 1731//1731
f 1717//1717 1715//1715 1731//1731
f 1718//1718 1722//1722 1719//1719
f 1720//1720 1719//1719 1787//1787
f 1719//1719 1722//1722 1788//1788
f 1719//1719 1788//1788 1787//1787
f 1721//1721 1720//1720 1789//1789
f 1720//1720 1787//1787 1789//1789
f 1722//1722 1721//1721 1790//1790
f 1721//1721 1789//1789 1790//1790
f 1722//1722 1790//1790 1788//1788
f 1726//1726 1723//1723 1791//1791
f 1723//1723 1724//1724 1792//1792
f 1723//1723 1792//1792 1791//1791
f 1724//1724 1725//1725 1793//1793
f 1724//1724 1793//1793 1792//1792
f 1725//1725 1726//1726 1794//1794
f 1725//1725 1794//1794 1793//1793
f 1726//1726 1791//1791 1794//1794
f 1728//1728 1730//1730 1727//1727
f 1728//1728 1729//1729 1730//1730
f 1781//1781 1733//1733 1732//1732
f 1733//1733 1795//1795 1796//1796
f 1733//1733 1796//1796 1734//1734
f 1781//1781 1795//1795 1733//1733
f 1734//1734 1796//1796 1797//1797
f 1734//1734 1797//1797 1798//1798
f 1734//1734 1798//1798 1735//1735
f 1735//1735 1798//1798 1797//1797
f 1735//1735 1797//1797 1799//1799
f 1735//1735 1799//1799 1800//1800
f 1736//1736 1735//1735 1801//1801
f 1735//1735 1800//1800 1801//1801
f 1786//1786 1736//1736 1801//1801
f 1742//1742 1739//1739 1738//1738
f 1802//1802 1739//1739 1742//1742
f 1802//1802 1803//1803 1739//1739
f 1803//1803 1740//1740 1739//1739
f 1803//1803 1804//1804 1740//1740
f 1804//1804 1741//1741 1740//1740
f 1805//1805 1742//1742 1741//1741
f 1804//1804 1805//1805 1741//1741
f 1805//1805 1802//1802 1742//1742
f 1806//1806 1743//1743 1746//1746
f 1806//1806 1807//1807 1743//1743
f 1807//1807 1744//1744 1743//1743
f 1807//1807 1808//1808 1744//1744
f 1808//1808 1745//1745 1744//1744
f 1809//1809 1746//1746 1745//1745
f 1808//1808 1809//1809 1745//1745
f 1809//1809 1806//1806 1746//1746
f 1810//1810 1747//1747 1750//1750
f 1810//1810 1811//1811 1747//1747
f 1811//1811 1748//1748 1747//1747
f 1812//1812 1749//1749 1748//1748
f 1811//1811 1812//1812 1748//1748
f 1812//1812 1813//1813 1749//1749
f 1813//1813 1750//1750 1749//1749
f 1813//1813 1810//1810 1750//1750
f 1751//1751 1754//1754 1753//1753
f 1751//1751 1753//1753 1752//1752
f 1814//1814 1755//1755 1758//1758
f 1814//1814 1815//1815 1755//1755
f 1815//1815 1756//1756 1755//1755
f 1816//1816 1757//1757 1756//1756
f 1815//1815 1816//1816 1756//1756
f 1816//1816 1817//1817 1757//1757
f 1817//1817 1758//1758 1757//1757
f 1817//1817 1814//1814 1758//1758
f 1759//1759 1771//1771 1818//1818
f 1759//1759 1818//1818 1819//1819
f 1760//1760 1759//1759 1819//1819
f 1760//1760 1820//1820 1761//1761
f 1760//1760 1821//1821 1820//1820
f 1821//1821 1760//1760 1822//1822
f 1760//1760 1819//1819 1822//1822
f 1762//1762 1761//1761 1823//1823
f 1824//1824 1761//1761 1820//1820
f 1761//1761 1773//1773 1823//1823
f 1761//1761 1824//1824 1773//1773
f 1825//1825 1772//1772 1762//1762
f 1762//1762 1823//1823 1825//1825
f 1777//1777 1774//1774 1763//1763
f 1765//1765 1764//1764 1826//1826
f 1764//1764 1827//1827 1828//1828
f 1764//1764 1828//1828 1826//1826
f 1764//1764 1769//1769 1827//1827
f 1765//1765 1826//1826 1829//1829
f 1829//1829 1830//1830 1765//1765
f 1830//1830 1766//1766 1765//1765
f 1830//1830 1768//1768 1766//1766
f 1767//1767 1768//1768 1831//1831
f 1767//1767 1831//1831 1832//1832
f 1769//1769 1767//1767 1832//1832
f 1827//1827 1768//1768 1830//1830
f 1768//1768 1827//1827 1833//1833
f 1768//1768 1833//1833 1831//1831
f 1769//1769 1832//1832 1834//1834
f 1834//1834 1827//1827 1769//1769
f 1770//1770 1824//1824 1820//1820
f 1770//1770 1821//1821 1771//1771
f 1770//1770 1820//1820 1821//1821
f 1824//1824 1770//1770 1773//1773
f 1771//1771 1821//1821 1835//1835
f 1771//1771 1835//1835 1818//1818
f 1836//1836 1772//1772 1825//1825
f 1773//1773 1772//1772 1836//1836
f 1837//1837 1838//1838 1773//1773
f 1838//1838 1823//1823 1773//1773
f 1773//1773 1836//1836 1837//1837
f 1777//1777 1776//1776 1774//1774
f 1776//1776 1775//1775 1774//1774
f 1778//1778 1839//1839 1840//1840
f 1784//1784 1839//1839 1778//1778
f 1778//1778 1840//1840 1779//1779
f 1840//1840 1841//1841 1779//1779
f 1842//1842 1779//1779 1841//1841
f 1842//1842 1783//1783 1779//1779
f 1783//1783 1780//1780 1779//1779
f 1781//1781 1842//1842 1841//1841
f 1781//1781 1841//1841 1795//1795
f 1842//1842 1781//1781 1843//1843
f 1781//1781 1782//1782 1844//1844
f 1781//1781 1844//1844 1843//1843
f 1782//1782 1783//1783 1845//1845
f 1782//1782 1845//1845 1844//1844
f 1783//1783 1842//1842 1846//1846
f 1783//1783 1846//1846 1845//1845
f 1784//1784 1847//1847 1839//1839
f 1784//1784 1848//1848 1847//1847
f 1784//1784 1799//1799 1848//1848
f 1799//1799 1784//1784 1800//1800
f 1784//1784 1785//1785 1800//1800
f 1849//1849 1800//1800 1785//1785
f 1850//1850 1849//1849 1785//1785
f 1850//1850 1785//1785 1786//1786
f 1851//1851 1786//1786 1801//1801
f 1851//1851 1850//1850 1786//1786
f 1789//1789 1787//1787 1852//1852
f 1787//1787 1788//1788 1853//1853
f 1787//1787 1853//1853 1852//1852
f 1788//1788 1790//1790 1854//1854
f 1788//1788 1854//1854 1853//1853
f 1790//1790 1789//1789 1855//1855
f 1789//1789 1852//1852 1855//1855
f 1790//1790 1855//1855 1854//1854
f 1794//1794 1791//1791 1856//1856
f 1791//1791 1792//1792 1857//1857
f 1791//1791 1857//1857 1856//1856
f 1792//1792 1793//1793 1858//1858
f 1792//1792 1858//1858 1857//1857
f 1793//1793 1794//1794 1859//1859
f 1793//1793 1859//1859 1858//1858
f 1794//1794 1856//1856 1859//1859
f 1841//1841 1860//1860 1795//1795
f 1860//1860 1796//1796 1795//1795
f 1860//1860 1861//1861 1796//1796
f 1797//1797 1796//1796 1861//1861
f 1797//1797 1861//1861 1848//1848
f 1797//1797 1848//1848 1799//1799
f 1849//1849 1862//1862 1800//1800
f 1862//1862 1801//1801 1800//1800
f 1862//1862 1851//1851 1801//1801
f 1863//1863 1802//1802 1805//1805
f 1863//1863 1864//1864 1802//1802
f 1864//1864 1803//1803 1802//1802
f 1864//1864 1865//1865 1803//1803
f 1865//1865 1804//1804 1803//1803
f 1866//1866 1805//1805 1804//1804
f 1865//1865 1866//1866 1804//1804
f 1866//1866 1863//1863 1805//1805
f 1867//1867 1806//1806 1809//1809
f 1867//1867 1868//1868 1806//1806
f 1868//1868 1807//1807 1806//1806
f 1868//1868 1869//1869 1807//1807
f 1869//1869 1808//1808 1807//1807
f 1870//1870 1809//1809 1808//1808
f 1869//1869 1870//1870 1808//1808
f 1870//1870 1867//1867 1809//1809
f 1813//1813 1811//1811 1810//1810
f 1813//1813 1812//1812 1811//1811
f 1871//1871 1814//1814 1817//1817
f 1871//1871 1872//1872 1814//1814
f 1872//1872 1815//1815 1814//1814
f 1873//1873 1816//1816 1815//1815
f 1872//1872 1873//1873 1815//1815
f 1874//1874 1817//1817 1816//1816
f 1873//1873 1874//1874 1816//1816
f 1874//1874 1871//1871 1817//1817
f 1818//1818 1835//1835 1875//1875
f 1818//1818 1875//1875 1876//1876
f 1819//1819 1818//1818 1876//1876
f 1822//1822 1819//1819 1877//1877
f 1819//1819 1876//1876 1877//1877
f 1821//1821 1822//1822 1835//1835
f 1835//1835 1822//1822 1878//1878
f 1822//1822 1877//1877 1878//1878
f 1825//1825 1823//1823 1838//1838
f 1879//1879 1836//1836 1825//1825
f 1825//1825 1838//1838 1879//1879
f 1829//1829 1826//1826 1880//1880
f 1826//1826 1828//1828 1881//1881
f 1826//1826 1881//1881 1880//1880
f 1827//1827 1830//1830 1828//1828
f 1834//1834 1833//1833 1827//1827
f 1828//1828 1830//1830 1882//1882
f 1828//1828 1882//1882 1881//1881
f 1829//1829 1880//1880 1883//1883
f 1830//1830 1829//1829 1883//1883
f 1830//1830 1883//1883 1882//1882
f 1832//1832 1831//1831 1884//1884
f 1831//1831 1885//1885 1884//1884
f 1831//1831 1833//1833 1885//1885
f 1832//1832 1884//1884 1886//1886
f 1834//1834 1832//1832 1886//1886
f 1887//1887 1833//1833 1834//1834
f 1887//1887 1885//1885 1833//1833
f 1834//1834 1886//1886 1887//1887
f 1835//1835 1878//1878 1875//1875
f 1888//1888 1836//1836 1879//1879
f 1889//1889 1837//1837 1836//1836
f 1889//1889 1836//1836 1888//1888
f 1889//1889 1890//1890 1837//1837
f 1890//1890 1838//1838 1837//1837
f 1891//1891 1879//1879 1838//1838
f 1891//1891 1838//1838 1890//1890
f 1839//1839 1861//1861 1860//1860
f 1847//1847 1861//1861 1839//1839
f 1839//1839 1860//1860 1840//1840
f 1840//1840 1860//1860 1841//1841
f 1842//1842 1843//1843 1846//1846
f 1846//1846 1843//1843 1892//1892
f 1843//1843 1844//1844 1893//1893
f 1843//1843 1893//1893 1892//1892
f 1844//1844 1845//1845 1894//1894
f 1844//1844 1894//1894 1893//1893
f 1845//1845 1846//1846 1895//1895
f 1845//1845 1895//1895 1894//1894
f 1846//1846 1892//1892 1895//1895
f 1847//1847 1848//1848 1861//1861
f 1896//1896 1897//1897 1849//1849
f 1897//1897 1862//1862 1849//1849
f 1896//1896 1849//1849 1850//1850
f 1898//1898 1896//1896 1850//1850
f 1898//1898 1850//1850 1851//1851
f 1899//1899 1851//1851 1862//1862
f 1899//1899 1898//1898 1851//1851
f 1855//1855 1852//1852 1900//1900
f 1852//1852 1853//1853 1901//1901
f 1852//1852 1901//1901 1900//1900
f 1853//1853 1854//1854 1902//1902
f 1853//1853 1902//1902 1901//1901
f 1854//1854 1855//1855 1903//1903
f 1854//1854 1903//1903 1902//1902
f 1855//1855 1900//1900 1903//1903
f 1859//1859 1856//1856 1857//1857
f 1859//1859 1857//1857 1858//1858
f 1897//1897 1899//1899 1862//1862
f 1904//1904 1863//1863 1866//1866
f 1904//1904 1905//1905 1863//1863
f 1905//1905 1864//1864 1863//1863
f 1905//1905 1906//1906 1864//1864
f 1906//1906 1865//1865 1864//1864
f 1907//1907 1866//1866 1865//1865
f 1906//1906 1907//1907 1865//1865
f 1907//1907 1904//1904 1866//1866
f 1870//1870 1868//1868 1867//1867
f 1870//1870 1869//1869 1868//1868
f 1908//1908 1909//1909 1871//1871
f 1908//1908 1871//1871 1874//1874
f 1909//1909 1872//1872 1871//1871
f 1910//1910 1873//1873 1872//1872
f 1909//1909 1910//1910 1872//1872
f 1911//1911 1874//1874 1873//1873
f 1910//1910 1911//1911 1873//1873
f 1911//1911 1908//1908 1874//1874
f 1876//1876 1875//1875 1878//1878
f 1877//1877 1876//1876 1878//1878
f 1891//1891 1888//1888 1879//1879
f 1883//1883 1880//1880 1912//1912
f 1880//1880 1881//1881 1913//1913
f 1880//1880 1913//1913 1912//1912
f 1881//1881 1882//1882 1914//1914
f 1881//1881 1914//1914 1913//1913
f 1882//1882 1883//1883 1915//1915
f 1882//1882 1915//1915 1914//1914
f 1883//1883 1912//1912 1915//1915
f 1884//1884 1916//1916 1917//1917
f 1886//1886 1884//1884 1917//1917
f 1884//1884 1885//1885 1916//1916
f 1918//1918 1885//1885 1887//1887
f 1918//1918 1916//1916 1885//1885
f 1887//1887 1886//1886 1919//1919
f 1886//1886 1917//1917 1919//1919
f 1887//1887 1919//1919 1918//1918
f 1920//1920 1888//1888 1891//1891
f 1921//1921 1922//1922 1888//1888
f 1920//1920 1921//1921 1888//1888
f 1889//1889 1888//1888 1922//1922
f 1923//1923 1924//1924 1889//1889
f 1924//1924 1890//1890 1889//1889
f 1889//1889 1922//1922 1923//1923
f 1925//1925 1891//1891 1890//1890
f 1925//1925 1890//1890 1924//1924
f 1925//1925 1920//1920 1891//1891
f 1895//1895 1892//1892 1926//1926
f 1892//1892 1893//1893 1927//1927
f 1892//1892 1927//1927 1926//1926
f 1893//1893 1894//1894 1928//1928
f 1893//1893 1928//1928 1927//1927
f 1894//1894 1895//1895 1929//1929
f 1894//1894 1929//1929 1928//1928
f 1895//1895 1926//1926 1929//1929
f 1930//1930 1931//1931 1896//1896
f 1930//1930 1896//1896 1898//1898
f 1931//1931 1897//1897 1896//1896
f 1931//1931 1932//1932 1897//1897
f 1932//1932 1899//1899 1897//1897
f 1933//1933 1898//1898 1899//1899
f 1933//1933 1930//1930 1898//1898
f 1932//1932 1933//1933 1899//1899
f 1903//1903 1900//1900 1934//1934
f 1900//1900 1901//1901 1935//1935
f 1900//1900 1935//1935 1934//1934
f 1901//1901 1902//1902 1936//1936
f 1901//1901 1936//1936 1935//1935
f 1902//1902 1903//1903 1937//1937
f 1902//1902 1937//1937 1936//1936
f 1903//1903 1934//1934 1937//1937
f 1938//1938 1904//1904 1907//1907
f 1938//1938 1939//1939 1904//1904
f 1939//1939 1905//1905 1904//1904
f 1939//1939 1940//1940 1905//1905
f 1940//1940 1906//1906 1905//1905
f 1941//1941 1907//1907 1906//1906
f 1940//1940 1941//1941 1906//1906
f 1941//1941 1938//1938 1907//1907
f 1909//1909 1908//1908 1911//1911
f 1910//1910 1909//1909 1911//1911
f 1915//1915 1912//1912 1942//1942
f 1912//1912 1913//1913 1943//1943
f 1912//1912 1943//1943 1942//1942
f 1913//1913 1914//1914 1944//1944
f 1913//1913 1944//1944 1943//1943
f 1914//1914 1945//1945 1944//1944
f 1914//1914 1915//1915 1945//1945
f 1915//1915 1942//1942 1945//1945
f 1917//1917 1916//1916 1946//1946
f 1947//1947 1916//1916 1918//1918
f 1947//1947 1946//1946 1916//1916
f 1917//1917 1946//1946 1948//1948
f 1919//1919 1917//1917 1948//1948
f 1918//1918 1919//1919 1949//1949
f 1918//1918 1949//1949 1947//1947
f 1919//1919 1948//1948 1949//1949
f 1950//1950 1921//1921 1920//1920
f 1951//1951 1950//1950 1920//1920
f 1951//1951 1920//1920 1925//1925
f 1922//1922 1921//1921 1952//1952
f 1952//1952 1921//1921 1953//1953
f 1954//1954 1953//1953 1921//1921
f 1950//1950 1954//1954 1921//1921
f 1923//1923 1922//1922 1952//1952
f 1955//1955 1956//1956 1923//1923
f 1956//1956 1924//1924 1923//1923
f 1923//1923 1952//1952 1955//1955
f 1957//1957 1953//1953 1924//1924
f 1956//1956 1957//1957 1924//1924
f 1953//1953 1925//1925 1924//1924
f 1958//1958 1951//1951 1925//1925
f 1925//1925 1953//1953 1958//1958
f 1929//1929 1926//1926 1959//1959
f 1926//1926 1927//1927 1960//1960
f 1926//1926 1960//1960 1959//1959
f 1927//1927 1928//1928 1961//1961
f 1927//1927 1961//1961 1960//1960
f 1928//1928 1929//1929 1962//1962
f 1928//1928 1962//1962 1961//1961
f 1929//1929 1959//1959 1962//1962
f 1963//1963 1964//1964 1930//1930
f 1963//1963 1930//1930 1933//1933
f 1964//1964 1931//1931 1930//1930
f 1964//1964 1965//1965 1931//1931
f 1965//1965 1932//1932 1931//1931
f 1965//1965 1966//1966 1932//1932
f 1966//1966 1933//1933 1932//1932
f 1966//1966 1963//1963 1933//1933
f 1937//1937 1934//1934 1935//1935
f 1937//1937 1935//1935 1936//1936
f 1941//1941 1939//1939 1938//1938
f 1941//1941 1940//1940 1939//1939
f 1945//1945 1942//1942 1967//1967
f 1942//1942 1943//1943 1968//1968
f 1942//1942 1968//1968 1967//1967
f 1943//1943 1944//1944 1969//1969
f 1943//1943 1969//1969 1968//1968
f 1944//1944 1945//1945 1970//1970
f 1944//1944 1970//1970 1969//1969
f 1945//1945 1967//1967 1970//1970
f 1948//1948 1946//1946 1947//1947
f 1948//1948 1947//1947 1949//1949
f 1971//1971 1950//1950 1951//1951
f 1971//1971 1972//1972 1950//1950
f 1972//1972 1954//1954 1950//1950
f 1973//1973 1971//1971 1951//1951
f 1973//1973 1951//1951 1958//1958
f 1974//1974 1955//1955 1952//1952
f 1957//1957 1952//1952 1953//1953
f 1975//1975 1974//1974 1952//1952
f 1975//1975 1952//1952 1957//1957
f 1953//1953 1954//1954 1958//1958
f 1958//1958 1954//1954 1976//1976
f 1954//1954 1972//1972 1976//1976
f 1977//1977 1956//1956 1955//1955
f 1974//1974 1977//1977 1955//1955
f 1978//1978 1957//1957 1956//1956
f 1977//1977 1978//1978 1956//1956
f 1978//1978 1975//1975 1957//1957
f 1976//1976 1973//1973 1958//1958
f 1962//1962 1959//1959 1979//1979
f 1959//1959 1960//1960 1980//1980
f 1959//1959 1980//1980 1979//1979
f 1960//1960 1961//1961 1981//1981
f 1960//1960 1981//1981 1980//1980
f 1961//1961 1962//1962 1982//1982
f 1961//1961 1982//1982 1981//1981
f 1962//1962 1979//1979 1982//1982
f 1983//1983 1984//1984 1963//1963
f 1983//1983 1963//1963 1966//1966
f 1984//1984 1964//1964 1963//1963
f 1984//1984 1985//1985 1964//1964
f 1985//1985 1965//1965 1964//1964
f 1985//1985 1986//1986 1965//1965
f 1986//1986 1966//1966 1965//1965
f 1986//1986 1983//1983 1966//1966
f 1968//1968 1970//1970 1967//1967
f 1968//1968 1969//1969 1970//1970
f 1987//1987 1988//1988 1971//1971
f 1987//1987 1971//1971 1973//1973
f 1988//1988 1972//1972 1971//1971
f 1976//1976 1972//1972 1989//1989
f 1972//1972 1988//1988 1989//1989
f 1990//1990 1973//1973 1976//1976
f 1990//1990 1987//1987 1973//1973
f 1991//1991 1974//1974 1975//1975
f 1992//1992 1977//1977 1974//1974
f 1991//1991 1992//1992 1974//1974
f 1993//1993 1975//1975 1978//1978
f 1993//1993 1991//1991 1975//1975
f 1989//1989 1990//1990 1976//1976
f 1994//1994 1978//1978 1977//1977
f 1992//1992 1994//1994 1977//1977
f 1994//1994 1993//1993 1978//1978
f 1982//1982 1979//1979 1995//1995
f 1979//1979 1980//1980 1996//1996
f 1979//1979 1996//1996 1995//1995
f 1980//1980 1981//1981 1997//1997
f 1980//1980 1997//1997 1996//1996
f 1981//1981 1982//1982 1998//1998
f 1981//1981 1998//1998 1997//1997
f 1982//1982 1995//1995 1998//1998
f 1999//1999 2000//2000 1983//1983
f 2000//2000 1984//1984 1983//1983
f 1999//1999 1983//1983 1986//1986
f 2000//2000 2001//2001 1984//1984
f 2001//2001 1985//1985 1984//1984
f 2001//2001 2002//2002 1985//1985
f 2002//2002 1986//1986 1985//1985
f 2002//2002 1999//1999 1986//1986
f 2003//2003 1988//1988 1987//1987
f 2004//2004 2003//2003 1987//1987
f 2004//2004 1987//1987 1990//1990
f 1989//1989 1988//1988 2005//2005
f 1988//1988 2003//2003 2005//2005
f 2006//2006 1990//1990 1989//1989
f 2006//2006 1989//1989 2005//2005
f 2006//2006 2004//2004 1990//1990
f 2007//2007 1991//1991 1993//1993
f 2008//2008 1992//1992 1991//1991
f 2007//2007 2008//2008 1991//1991
f 2009//2009 1994//1994 1992//1992
f 2008//2008 2009//2009 1992//1992
f 2010//2010 2007//2007 1993//1993
f 2010//2010 1993//1993 1994//1994
f 2009//2009 2010//2010 1994//1994
f 1996//1996 1998//1998 1995//1995
f 1996//1996 1997//1997 1998//1998
f 2002//2002 2000//2000 1999//1999
f 2002//2002 2001//2001 2000//2000
f 2005//2005 2003//2003 2004//2004
f 2006//2006 2005//2005 2004//2004
f 2011//2011 2007//2007 2010//2010
f 2012//2012 2008//2008 2007//2007
f 2011//2011 2012//2012 2007//2007
f 2013//2013 2009//2009 2008//2008
f 2012//2012 2013//2013 2008//2008
f 2014//2014 2010//2010 2009//2009
f 2013//2013 2014//2014 2009//2009
f 2014//2014 2011//2011 2010//2010
f 2012//2012 2011//2011 2014//2014
f 2012//2012 2014//2014 2013//2013
f 2015//2015 2016//2016 2017//2017
f 2018//2018 2019//2019 2015//2015
f 2018//2018 2015//2015 2020//2020
f 2019//2019 2016//2016 2015//2015
f 2020//2020 2015//2015 2021//2021
f 2015//2015 2017//2017 2021//2021
f 2019//2019 2022//2022 2016//2016
f 2022//2022 2023//2023 2016//2016
f 2016//2016 2023//2023 2024//2024
f 2016//2016 2024//2024 2017//2017
f 2017//2017 2024//2024 2021//2021
f 2025//2025 2026//2026 2018//2018
f 2025//2025 2018//2018 2027//2027
f 2026//2026 2019//2019 2018//2018
f 2027//2027 2018//2018 2020//2020
f 2026//2026 2028//2028 2019//2019
f 2028//2028 2022//2022 2019//2019
f 2020//2020 2029//2029 2027//2027
f 2020//2020 2030//2030 2029//2029
f 2020//2020 2021//2021 2030//2030
f 2024//2024 2030//2030 2021//2021
f 2028//2028 2031//2031 2022//2022
f 2031//2031 2032//2032 2022//2022
f 2022//2022 2032//2032 2023//2023
f 2032//2032 2033//2033 2023//2023
f 2023//2023 2033//2033 2034//2034
f 2023//2023 2034//2034 2024//2024
f 2024//2024 2034//2034 2030//2030
f 2035//2035 2036//2036 2025//2025
f 2036//2036 2026//2026 2025//2025
f 2035//2035 2025//2025 2037//2037
f 2037//2037 2025//2025 2027//2027
f 2036//2036 2038//2038 2026//2026
f 2038//2038 2028//2028 2026//2026
f 2037//2037 2027//2027 2039//2039
f 2039//2039 2027//2027 2029//2029
f 2038//2038 2040//2040 2028//2028
f 2040//2040 2031//2031 2028//2028
f 2039//2039 2029//2029 2033//2033
f 2033//2033 2029//2029 2041//2041
f 2029//2029 2030//2030 2041//2041
f 2034//2034 2041//2041 2030//2030
f 2040//2040 2042//2042 2031//2031
f 2042//2042 2043//2043 2031//2031
f 2031//2031 2043//2043 2032//2032
f 2043//2043 2039//2039 2032//2032
f 2032//2032 2039//2039 2033//2033
f 2033//2033 2041//2041 2034//2034
f 2044//2044 2045//2045 2035//2035
f 2044//2044 2035//2035 2046//2046
f 2045//2045 2036//2036 2035//2035
f 2046//2046 2035//2035 2037//2037
f 2047//2047 2038//2038 2036//2036
f 2045//2045 2047//2047 2036//2036
f 2046//2046 2037//2037 2043//2043
f 2043//2043 2037//2037 2039//2039
f 2047//2047 2048//2048 2038//2038
f 2048//2048 2040//2040 2038//2038
f 2048//2048 2049//2049 2040//2040
f 2049//2049 2042//2042 2040//2040
f 2049//2049 2050//2050 2042//2042
f 2050//2050 2046//2046 2042//2042
f 2042//2042 2046//2046 2043//2043
f 2051//2051 2052//2052 2044//2044
f 2051//2051 2044//2044 2050//2050
f 2052//2052 2045//2045 2044//2044
f 2050//2050 2044//2044 2046//2046
f 2052//2052 2053//2053 2045//2045
f 2053//2053 2047//2047 2045//2045
f 2053//2053 2054//2054 2047//2047
f 2054//2054 2048//2048 2047//2047
f 2054//2054 2055//2055 2048//2048
f 2055//2055 2049//2049 2048//2048
f 2055//2055 2056//2056 2049//2049
f 2056//2056 2050//2050 2049//2049
f 2056//2056 2051//2051 2050//2050
f 2057//2057 2058//2058 2051//2051
f 2058//2058 2052//2052 2051//2051
f 2057//2057 2051//2051 2056//2056
f 2058//2058 2059//2059 2052//2052
f 2059//2059 2053//2053 2052//2052
f 2059//2059 2060//2060 2053//2053
f 2060//2060 2054//2054 2053//2053
f 2060//2060 2061//2061 2054//2054
f 2061//2061 2055//2055 2054//2054
f 2061//2061 2062//2062 2055//2055
f 2062//2062 2056//2056 2055//2055
f 2062//2062 2057//2057 2056//2056
f 2063//2063 2064//2064 2057//2057
f 2063//2063 2057//2057 2062//2062
f 2064//2064 2058//2058 2057//2057
f 2064//2064 2065//2065 2058//2058
f 2065//2065 2059//2059 2058//2058
f 2065//2065 2066//2066 2059//2059
f 2066//2066 2060//2060 2059//2059
f 2066//2066 2067//2067 2060//2060
f 2067//2067 2061//2061 2060//2060
f 2067//2067 2062//2062 2061//2061
f 2067//2067 2063//2063 2062//2062
f 2068//2068 2069//2069 2063//2063
f 2069//2069 2070//2070 2063//2063
f 2070//2070 2064//2064 2063//2063
f 2063//2063 2067//2067 2071//2071
f 2071//2071 2068//2068 2063//2063
f 2070//2070 2072//2072 2064//2064
f 2072//2072 2065//2065 2064//2064
f 2072//2072 2073//2073 2065//2065
f 2073//2073 2066//2066 2065//2065
f 2073//2073 2071//2071 2066//2066
f 2071//2071 2067//2067 2066//2066
f 2074//2074 2068//2068 2071//2071
f 2074//2074 2075//2075 2068//2068
f 2069//2069 2068//2068 2075//2075
f 2076//2076 2070//2070 2069//2069
f 2076//2076 2069//2069 2075//2075
f 2076//2076 2077//2077 2070//2070
f 2077//2077 2072//2072 2070//2070
f 2078//2078 2074//2074 2071//2071
f 2078//2078 2071//2071 2073//2073
f 2077//2077 2079//2079 2072//2072
f 2079//2079 2073//2073 2072//2072
f 2079//2079 2078//2078 2073//2073
f 2080//2080 2081//2081 2074//2074
f 2080//2080 2074//2074 2078//2078
f 2081//2081 2075//2075 2074//2074
f 2081//2081 2082//2082 2075//2075
f 2076//2076 2075//2075 2082//2082
f 2082//2082 2083//2083 2076//2076
f 2083//2083 2077//2077 2076//2076
f 2083//2083 2084//2084 2077//2077
f 2084//2084 2079//2079 2077//2077
f 2085//2085 2080//2080 2078//2078
f 2085//2085 2078//2078 2079//2079
f 2084//2084 2085//2085 2079//2079
f 2086//2086 2087//2087 2080//2080
f 2086//2086 2080//2080 2085//2085
f 2087//2087 2081//2081 2080//2080
f 2087//2087 2088//2088 2081//2081
f 2088//2088 2082//2082 2081//2081
f 2088//2088 2089//2089 2082//2082
f 2089//2089 2083//2083 2082//2082
f 2089//2089 2090//2090 2083//2083
f 2090//2090 2084//2084 2083//2083
f 2090//2090 2091//2091 2084//2084
f 2091//2091 2085//2085 2084//2084
f 2091//2091 2086//2086 2085//2085
f 2092//2092 2093//2093 2086//2086
f 2092//2092 2086//2086 2091//2091
f 2093//2093 2087//2087 2086//2086
f 2093//2093 2094//2094 2087//2087
f 2094//2094 2088//2088 2087//2087
f 2094//2094 2095//2095 2088//2088
f 2095//2095 2089//2089 2088//2088
f 2095//2095 2096//2096 2089//2089
f 2096//2096 2090//2090 2089//2089
f 2096//2096 2097//2097 2090//2090
f 2097//2097 2091//2091 2090//2090
f 2097//2097 2092//2092 2091//2091
f 2098//2098 2099//2099 2092//2092
f 2098//2098 2092//2092 2097//2097
f 2099//2099 2093//2093 2092//2092
f 2099//2099 2100//2100 2093//2093
f 2094//2094 2093//2093 2100//2100
f 2095//2095 2094//2094 2100//2100
f 2100//2100 2101//2101 2095//2095
f 2101//2101 2096//2096 2095//2095
f 2101//2101 2102//2102 2096//2096
f 2102//2102 2097//2097 2096//2096
f 2102//2102 2098//2098 2097//2097
f 2103//2103 2104//2104 2098//2098
f 2103//2103 2098//2098 2102//2102
f 2104//2104 2099//2099 2098//2098
f 2104//2104 2105//2105 2099//2099
f 2105//2105 2100//2100 2099//2099
f 2106//2106 2107//2107 2100//2100
f 2107//2107 2101//2101 2100//2100
f 2105//2105 2106//2106 2100//2100
f 2107//2107 2108//2108 2101//2101
f 2108//2108 2102//2102 2101//2101
f 2108//2108 2103//2103 2102//2102
f 2107//2107 2104//2104 2103//2103
f 2107//2107 2103//2103 2108//2108
f 2107//2107 2105//2105 2104//2104
f 2107//2107 2106//2106 2105//2105
f 2109//2109 2110//2110 2111//2111
f 2109//2109 2112//2112 2113//2113
f 2109//2109 2113//2113 2110//2110
f 2114//2114 2115//2115 2109//2109
f 2109//2109 2111//2111 2116//2116
f 2115//2115 2112//2112 2109//2109
f 2114//2114 2109//2109 2116//2116
f 2117//2117 2118//2118 2110//2110
f 2117//2117 2110//2110 2113//2113
f 2118//2118 2111//2111 2110//2110
f 2118//2118 2119//2119 2111//2111
f 2119//2119 2116//2116 2111//2111
f 2115//2115 2120//2120 2112//2112
f 2120//2120 2113//2113 2112//2112
f 2120//2120 2117//2117 2113//2113
f 2119//2119 2114//2114 2116//2116
f 2121//2121 2122//2122 2114//2114
f 2121//2121 2114//2114 2119//2119
f 2122//2122 2115//2115 2114//2114
f 2122//2122 2123//2123 2115//2115
f 2120//2120 2115//2115 2123//2123
f 2124//2124 2125//2125 2117//2117
f 2124//2124 2117//2117 2120//2120
f 2125//2125 2118//2118 2117//2117
f 2125//2125 2126//2126 2118//2118
f 2126//2126 2119//2119 2118//2118
f 2126//2126 2121//2121 2119//2119
f 2123//2123 2124//2124 2120//2120
f 2127//2127 2128//2128 2121//2121
f 2127//2127 2121//2121 2126//2126
f 2128//2128 2122//2122 2121//2121
f 2128//2128 2129//2129 2122//2122
f 2129//2129 2123//2123 2122//2122
f 2129//2129 2130//2130 2123//2123
f 2130//2130 2124//2124 2123//2123
f 2130//2130 2131//2131 2124//2124
f 2131//2131 2125//2125 2124//2124
f 2131//2131 2132//2132 2125//2125
f 2132//2132 2126//2126 2125//2125
f 2132//2132 2127//2127 2126//2126
f 2133//2133 2134//2134 2127//2127
f 2133//2133 2127//2127 2132//2132
f 2134//2134 2128//2128 2127//2127
f 2134//2134 2135//2135 2128//2128
f 2135//2135 2129//2129 2128//2128
f 2135//2135 2136//2136 2129//2129
f 2136//2136 2130//2130 2129//2129
f 2136//2136 2137//2137 2130//2130
f 2137//2137 2131//2131 2130//2130
f 2137//2137 2138//2138 2131//2131
f 2138//2138 2132//2132 2131//2131
f 2138//2138 2133//2133 2132//2132
f 2139//2139 2140//2140 2133//2133
f 2139//2139 2133//2133 2138//2138
f 2140//2140 2134//2134 2133//2133
f 2140//2140 2141//2141 2134//2134
f 2141//2141 2135//2135 2134//2134
f 2141//2141 2142//2142 2135//2135
f 2142//2142 2136//2136 2135//2135
f 2142//2142 2143//2143 2136//2136
f 2143//2143 2137//2137 2136//2136
f 2143//2143 2144//2144 2137//2137
f 2144//2144 2138//2138 2137//2137
f 2144//2144 2139//2139 2138//2138
f 2145//2145 2146//2146 2139//2139
f 2145//2145 2139//2139 2144//2144
f 2146//2146 2140//2140 2139//2139
f 2146//2146 2147//2147 2140//2140
f 2147//2147 2141//2141 2140//2140
f 2147//2147 2148//2148 2141//2141
f 2142//2142 2141//2141 2148//2148
f 2148//2148 2149//2149 2142//2142
f 2149//2149 2143//2143 2142//2142
f 2149//2149 2150//2150 2143//2143
f 2150//2150 2144//2144 2143//2143
f 2150//2150 2145//2145 2144//2144
f 2151//2151 2152//2152 2145//2145
f 2152//2152 2146//2146 2145//2145
f 2151//2151 2145//2145 2150//2150
f 2152//2152 2153//2153 2146//2146
f 2153//2153 2147//2147 2146//2146
f 2153//2153 2154//2154 2147//2147
f 2154//2154 2148//2148 2147//2147
f 2154//2154 2155//2155 2148//2148
f 2155//2155 2149//2149 2148//2148
f 2155//2155 2156//2156 2149//2149
f 2156//2156 2150//2150 2149//2149
f 2156//2156 2151//2151 2150//2150
f 2157//2157 2158//2158 2151//2151
f 2157//2157 2151//2151 2156//2156
f 2158//2158 2152//2152 2151//2151
f 2158//2158 2159//2159 2152//2152
f 2159//2159 2153//2153 2152//2152
f 2159//2159 2160//2160 2153//2153
f 2160//2160 2154//2154 2153//2153
f 2160//2160 2161//2161 2154//2154
f 2161//2161 2155//2155 2154//2154
f 2161//2161 2162//2162 2155//2155
f 2162//2162 2156//2156 2155//2155
f 2162//2162 2157//2157 2156//2156
f 2163//2163 2157//2157 2164//2164
f 2164//2164 2157//2157 2162//2162
f 2163//2163 2158//2158 2157//2157
f 2163//2163 2165//2165 2158//2158
f 2165//2165 2159//2159 2158//2158
f 2165//2165 2166//2166 2159//2159
f 2166//2166 2160//2160 2159//2159
f 2166//2166 2167//2167 2160//2160
f 2167//2167 2161//2161 2160//2160
f 2167//2167 2168//2168 2161//2161
f 2168//2168 2162//2162 2161//2161
f 2168//2168 2164//2164 2162//2162
f 2163//2163 2164//2164 2169//2169
f 2169//2169 2170//2170 2163//2163
f 2170//2170 2165//2165 2163//2163
f 2171//2171 2169//2169 2164//2164
f 2171//2171 2164//2164 2168//2168
f 2170//2170 2172//2172 2165//2165
f 2172//2172 2166//2166 2165//2165
f 2172//2172 2173//2173 2166//2166
f 2173//2173 2167//2167 2166//2166
f 2173//2173 2174//2174 2167//2167
f 2174//2174 2168//2168 2167//2167
f 2174//2174 2171//2171 2168//2168
f 2175//2175 2169//2169 2171//2171
f 2175//2175 2176//2176 2169//2169
f 2170//2170 2169//2169 2176//2176
f 2176//2176 2177//2177 2170//2170
f 2177//2177 2172//2172 2170//2170
f 2178//2178 2175//2175 2171//2171
f 2178//2178 2171//2171 2174//2174
f 2177//2177 2179//2179 2172//2172
f 2179//2179 2173//2173 2172//2172
f 2179//2179 2180//2180 2173//2173
f 2180//2180 2174//2174 2173//2173
f 2180//2180 2178//2178 2174//2174
f 2181//2181 2175//2175 2178//2178
f 2181//2181 2182//2182 2175//2175
f 2182//2182 2176//2176 2175//2175
f 2182//2182 2183//2183 2176//2176
f 2177//2177 2176//2176 2183//2183
f 2183//2183 2184//2184 2177//2177
f 2184//2184 2179//2179 2177//2177
f 2185//2185 2181//2181 2178//2178
f 2185//2185 2178//2178 2180//2180
f 2184//2184 2186//2186 2179//2179
f 2186//2186 2180//2180 2179//2179
f 2186//2186 2185//2185 2180//2180
f 2187//2187 2181//2181 2185//2185
f 2187//2187 2188//2188 2181//2181
f 2188//2188 2182//2182 2181//2181
f 2188//2188 2189//2189 2182//2182
f 2189//2189 2183//2183 2182//2182
f 2189//2189 2190//2190 2183//2183
f 2190//2190 2184//2184 2183//2183
f 2190//2190 2191//2191 2184//2184
f 2191//2191 2186//2186 2184//2184
f 2192//2192 2187//2187 2185//2185
f 2192//2192 2185//2185 2186//2186
f 2191//2191 2192//2192 2186//2186
f 2193//2193 2187//2187 2192//2192
f 2193//2193 2194//2194 2187//2187
f 2194//2194 2188//2188 2187//2187
f 2194//2194 2195//2195 2188//2188
f 2195//2195 2189//2189 2188//2188
f 2195//2195 2196//2196 2189//2189
f 2196//2196 2190//2190 2189//2189
f 2196//2196 2197//2197 2190//2190
f 2191//2191 2190//2190 2197//2197
f 2198//2198 2192//2192 2191//2191
f 2197//2197 2198//2198 2191//2191
f 2198//2198 2193//2193 2192//2192
f 2199//2199 2193//2193 2198//2198
f 2199//2199 2200//2200 2193//2193
f 2200//2200 2194//2194 2193//2193
f 2200//2200 2201//2201 2194//2194
f 2201//2201 2195//2195 2194//2194
f 2201//2201 2202//2202 2195//2195
f 2202//2202 2196//2196 2195//2195
f 2202//2202 2203//2203 2196//2196
f 2203//2203 2197//2197 2196//2196
f 2198//2198 2197//2197 2204//2204
f 2203//2203 2204//2204 2197//2197
f 2204//2204 2199//2199 2198//2198
f 2204//2204 2200//2200 2199//2199
f 2201//2201 2200//2200 2204//2204
f 2203//2203 2201//2201 2204//2204
f 2203//2203 2202//2202 2201//2201
f 2205//2205 2206//2206 2207//2207
f 2205//2205 2208//2208 2209//2209
f 2205//2205 2209//2209 2206//2206
f 2210//2210 2211//2211 2205//2205
f 2210//2210 2205//2205 2207//2207
f 2211//2211 2208//2208 2205//2205
f 2212//2212 2213//2213 2206//2206
f 2212//2212 2206//2206 2209//2209
f 2213//2213 2207//2207 2206//2206
f 2213//2213 2210//2210 2207//2207
f 2211//2211 2214//2214 2208//2208
f 2214//2214 2209//2209 2208//2208
f 2214//2214 2212//2212 2209//2209
f 2215//2215 2216//2216 2210//2210
f 2215//2215 2210//2210 2213//2213
f 2216//2216 2211//2211 2210//2210
f 2216//2216 2217//2217 2211//2211
f 2217//2217 2214//2214 2211//2211
f 2218//2218 2219//2219 2212//2212
f 2219//2219 2213//2213 2212//2212
f 2218//2218 2212//2212 2214//2214
f 2219//2219 2215//2215 2213//2213
f 2217//2217 2218//2218 2214//2214
f 2220//2220 2221//2221 2215//2215
f 2220//2220 2215//2215 2219//2219
f 2221//2221 2216//2216 2215//2215
f 2221//2221 2222//2222 2216//2216
f 2222//2222 2217//2217 2216//2216
f 2222//2222 2223//2223 2217//2217
f 2223//2223 2218//2218 2217//2217
f 2223//2223 2224//2224 2218//2218
f 2224//2224 2219//2219 2218//2218
f 2224//2224 2220//2220 2219//2219
f 2225//2225 2226//2226 2220//2220
f 2226//2226 2221//2221 2220//2220
f 2225//2225 2220//2220 2224//2224
f 2226//2226 2227//2227 2221//2221
f 2227//2227 2222//2222 2221//2221
f 2227//2227 2228//2228 2222//2222
f 2228//2228 2223//2223 2222//2222
f 2228//2228 2229//2229 2223//2223
f 2229//2229 2224//2224 2223//2223
f 2229//2229 2225//2225 2224//2224
f 2230//2230 2231//2231 2225//2225
f 2230//2230 2225//2225 2229//2229
f 2231//2231 2226//2226 2225//2225
f 2231//2231 2232//2232 2226//2226
f 2232//2232 2227//2227 2226//2226
f 2232//2232 2233//2233 2227//2227
f 2233//2233 2228//2228 2227//2227
f 2233//2233 2234//2234 2228//2228
f 2234//2234 2229//2229 2228//2228
f 2234//2234 2230//2230 2229//2229
f 2235//2235 2236//2236 2230//2230
f 2235//2235 2230//2230 2234//2234
f 2236//2236 2231//2231 2230//2230
f 2236//2236 2237//2237 2231//2231
f 2237//2237 2232//2232 2231//2231
f 2237//2237 2238//2238 2232//2232
f 2238//2238 2233//2233 2232//2232
f 2238//2238 2239//2239 2233//2233
f 2239//2239 2234//2234 2233//2233
f 2239//2239 2235//2235 2234//2234
f 2240//2240 2241//2241 2235//2235
f 2240//2240 2235//2235 2239//2239
f 2241//2241 2236//2236 2235//2235
f 2241//2241 2242//2242 2236//2236
f 2242//2242 2237//2237 2236//2236
f 2242//2242 2243//2243 2237//2237
f 2243//2243 2238//2238 2237//2237
f 2243//2243 2244//2244 2238//2238
f 2244//2244 2239//2239 2238//2238
f 2244//2244 2240//2240 2239//2239
f 2245//2245 2246//2246 2240//2240
f 2245//2245 2240//2240 2244//2244
f 2246//2246 2241//2241 2240//2240
f 2246//2246 2247//2247 2241//2241
f 2247//2247 2242//2242 2241//2241
f 2247//2247 2248//2248 2242//2242
f 2248//2248 2243//2243 2242//2242
f 2248//2248 2249//2249 2243//2243
f 2249//2249 2244//2244 2243//2243
f 2249//2249 2245//2245 2244//2244
f 2250//2250 2251//2251 2245//2245
f 2250//2250 2245//2245 2249//2249
f 2251//2251 2246//2246 2245//2245
f 2252//2252 2247//2247 2246//2246
f 2253//2253 2252//2252 2246//2246
f 2251//2251 2253//2253 2246//2246
f 2247//2247 2252//2252 2254//2254
f 2254//2254 2248//2248 2247//2247
f 2254//2254 2255//2255 2248//2248
f 2255//2255 2249//2249 2248//2248
f 2255//2255 2250//2250 2249//2249
f 2250//2250 2253//2253 2251//2251
f 2250//2250 2255//2255 2254//2254
f 2250//2250 2254//2254 2253//2253
f 2252//2252 2253//2253 2254//2254
f 2256//2256 2257//2257 2258//2258
f 2256//2256 2259//2259 2260//2260
f 2261//2261 2262//2262 2256//2256
f 2256//2256 2260//2260 2257//2257
f 2261//2261 2256//2256 2258//2258
f 2262//2262 2259//2259 2256//2256
f 2257//2257 2263//2263 2258//2258
f 2264//2264 2265//2265 2257//2257
f 2264//2264 2257//2257 2260//2260
f 2265//2265 2263//2263 2257//2257
f 2266//2266 2261//2261 2258//2258
f 2266//2266 2258//2258 2263//2263
f 2262//2262 2267//2267 2259//2259
f 2267//2267 2260//2260 2259//2259
f 2267//2267 2264//2264 2260//2260
f 2268//2268 2269//2269 2261//2261
f 2269//2269 2262//2262 2261//2261
f 2268//2268 2261//2261 2266//2266
f 2269//2269 2270//2270 2262//2262
f 2270//2270 2267//2267 2262//2262
f 2265//2265 2266//2266 2263//2263
f 2271//2271 2272//2272 2264//2264
f 2271//2271 2264//2264 2267//2267
f 2272//2272 2265//2265 2264//2264
f 2272//2272 2273//2273 2265//2265
f 2273//2273 2266//2266 2265//2265
f 2273//2273 2268//2268 2266//2266
f 2270//2270 2271//2271 2267//2267
f 2274//2274 2275//2275 2268//2268
f 2274//2274 2268//2268 2273//2273
f 2275//2275 2269//2269 2268//2268
f 2275//2275 2276//2276 2269//2269
f 2276//2276 2270//2270 2269//2269
f 2276//2276 2277//2277 2270//2270
f 2277//2277 2271//2271 2270//2270
f 2277//2277 2278//2278 2271//2271
f 2278//2278 2272//2272 2271//2271
f 2278//2278 2279//2279 2272//2272
f 2279//2279 2273//2273 2272//2272
f 2279//2279 2274//2274 2273//2273
f 2280//2280 2281//2281 2274//2274
f 2280//2280 2274//2274 2279//2279
f 2281//2281 2275//2275 2274//2274
f 2281//2281 2282//2282 2275//2275
f 2282//2282 2276//2276 2275//2275
f 2282//2282 2283//2283 2276//2276
f 2283//2283 2277//2277 2276//2276
f 2283//2283 2284//2284 2277//2277
f 2284//2284 2278//2278 2277//2277
f 2284//2284 2285//2285 2278//2278
f 2285//2285 2279//2279 2278//2278
f 2285//2285 2280//2280 2279//2279
f 2286//2286 2287//2287 2280//2280
f 2286//2286 2280//2280 2285//2285
f 2287//2287 2281//2281 2280//2280
f 2287//2287 2288//2288 2281//2281
f 2288//2288 2282//2282 2281//2281
f 2288//2288 2289//2289 2282//2282
f 2289//2289 2283//2283 2282//2282
f 2289//2289 2290//2290 2283//2283
f 2290//2290 2284//2284 2283//2283
f 2290//2290 2291//2291 2284//2284
f 2291//2291 2285//2285 2284//2284
f 2291//2291 2286//2286 2285//2285
f 2292//2292 2293//2293 2286//2286
f 2292//2292 2286//2286 2291//2291
f 2293//2293 2287//2287 2286//2286
f 2293//2293 2294//2294 2287//2287
f 2294//2294 2288//2288 2287//2287
f 2294//2294 2295//2295 2288//2288
f 2295//2295 2289//2289 2288//2288
f 2295//2295 2296//2296 2289//2289
f 2296//2296 2290//2290 2289//2289
f 2296//2296 2297//2297 2290//2290
f 2297//2297 2291//2291 2290//2290
f 2297//2297 2292//2292 2291//2291
f 2298//2298 2299//2299 2292//2292
f 2298//2298 2292//2292 2297//2297
f 2299//2299 2293//2293 2292//2292
f 2299//2299 2300//2300 2293//2293
f 2300//2300 2294//2294 2293//2293
f 2300//2300 2301//2301 2294//2294
f 2301//2301 2295//2295 2294//2294
f 2301//2301 2302//2302 2295//2295
f 2302//2302 2296//2296 2295//2295
f 2302//2302 2303//2303 2296//2296
f 2303//2303 2297//2297 2296//2296
f 2303//2303 2298//2298 2297//2297
f 2304//2304 2305//2305 2298//2298
f 2305//2305 2299//2299 2298//2298
f 2304//2304 2298//2298 2303//2303
f 2305//2305 2306//2306 2299//2299
f 2306//2306 2300//2300 2299//2299
f 2306//2306 2307//2307 2300//2300
f 2307//2307 2301//2301 2300//2300
f 2307//2307 2308//2308 2301//2301
f 2308//2308 2302//2302 2301//2301
f 2308//2308 2309//2309 2302//2302
f 2309//2309 2303//2303 2302//2302
f 2309//2309 2304//2304 2303//2303
f 2310//2310 2311//2311 2304//2304
f 2310//2310 2304//2304 2309//2309
f 2311//2311 2305//2305 2304//2304
f 2311//2311 2312//2312 2305//2305
f 2312//2312 2306//2306 2305//2305
f 2312//2312 2313//2313 2306//2306
f 2313//2313 2307//2307 2306//2306
f 2313//2313 2314//2314 2307//2307
f 2314//2314 2308//2308 2307//2307
f 2314//2314 2315//2315 2308//2308
f 2315//2315 2309//2309 2308//2308
f 2315//2315 2310//2310 2309//2309
f 2316//2316 2317//2317 2310//2310
f 2316//2316 2310//2310 2315//2315
f 2317//2317 2311//2311 2310//2310
f 2317//2317 2318//2318 2311//2311
f 2318//2318 2312//2312 2311//2311
f 2318//2318 2319//2319 2312//2312
f 2319//2319 2313//2313 2312//2312
f 2319//2319 2320//2320 2313//2313
f 2320//2320 2314//2314 2313//2313
f 2320//2320 2321//2321 2314//2314
f 2321//2321 2315//2315 2314//2314
f 2321//2321 2316//2316 2315//2315
f 2322//2322 2323//2323 2316//2316
f 2322//2322 2316//2316 2321//2321
f 2323//2323 2317//2317 2316//2316
f 2323//2323 2324//2324 2317//2317
f 2324//2324 2318//2318 2317//2317
f 2324//2324 2325//2325 2318//2318
f 2325//2325 2319//2319 2318//2318
f 2325//2325 2326//2326 2319//2319
f 2326//2326 2320//2320 2319//2319
f 2326//2326 2327//2327 2320//2320
f 2327//2327 2321//2321 2320//2320
f 2322//2322 2321//2321 2327//2327
f 2328//2328 2329//2329 2322//2322
f 2328//2328 2322//2322 2327//2327
f 2329//2329 2323//2323 2322//2322
f 2329//2329 2330//2330 2323//2323
f 2330//2330 2324//2324 2323//2323
f 2330//2330 2331//2331 2324//2324
f 2331//2331 2325//2325 2324//2324
f 2331//2331 2332//2332 2325//2325
f 2332//2332 2326//2326 2325//2325
f 2332//2332 2333//2333 2326//2326
f 2333//2333 2327//2327 2326//2326
f 2333//2333 2328//2328 2327//2327
f 2334//2334 2335//2335 2328//2328
f 2334//2334 2328//2328 2333//2333
f 2335//2335 2329//2329 2328//2328
f 2335//2335 2336//2336 2329//2329
f 2336//2336 2330//2330 2329//2329
f 2336//2336 2337//2337 2330//2330
f 2337//2337 2331//2331 2330//2330
f 2337//2337 2338//2338 2331//2331
f 2338//2338 2332//2332 2331//2331
f 2338//2338 2339//2339 2332//2332
f 2339//2339 2333//2333 2332//2332
f 2339//2339 2334//2334 2333//2333
f 2340//2340 2341//2341 2334//2334
f 2341//2341 2335//2335 2334//2334
f 2340//2340 2334//2334 2339//2339
f 2341//2341 2342//2342 2335//2335
f 2342//2342 2336//2336 2335//2335
f 2342//2342 2343//2343 2336//2336
f 2343//2343 2337//2337 2336//2336
f 2343//2343 2344//2344 2337//2337
f 2344//2344 2338//2338 2337//2337
f 2344//2344 2345//2345 2338//2338
f 2345//2345 2339//2339 2338//2338
f 2345//2345 2340//2340 2339//2339
f 2346//2346 2340//2340 2347//2347
f 2347//2347 2340//2340 2345//2345
f 2346//2346 2341//2341 2340//2340
f 2346//2346 2348//2348 2341//2341
f 2348//2348 2342//2342 2341//2341
f 2348//2348 2349//2349 2342//2342
f 2349//2349 2343//2343 2342//2342
f 2349//2349 2350//2350 2343//2343
f 2350//2350 2344//2344 2343//2343
f 2350//2350 2351//2351 2344//2344
f 2351//2351 2345//2345 2344//2344
f 2351//2351 2347//2347 2345//2345
f 2351//2351 2346//2346 2347//2347
f 2349//2349 2348//2348 2346//2346
f 2349//2349 2346//2346 2351//2351
f 2349//2349 2351//2351 2350//2350
f 2352//2352 2353//2353 2354//2354
f 2355//2355 2352//2352 2356//2356
f 2352//2352 2355//2355 2357//2357
f 2352//2352 2354//2354 2356//2356
f 2352//2352 2357//2357 2353//2353
f 2353//2353 2357//2357 2358//2358
f 2353//2353 2358//2358 2354//2354
f 2356//2356 2354//2354 2359//2359
f 2354//2354 2358//2358 2360//2360
f 2354//2354 2360//2360 2359//2359
f 2357//2357 2355//2355 2361//2361
f 2355//2355 2356//2356 2361//2361
f 2361//2361 2356//2356 2362//2362
f 2356//2356 2359//2359 2362//2362
f 2357//2357 2361//2361 2358//2358
f 2358//2358 2361//2361 2363//2363
f 2358//2358 2363//2363 2360//2360
f 2362//2362 2359//2359 2364//2364
f 2359//2359 2360//2360 2365//2365
f 2359//2359 2365//2365 2364//2364
f 2360//2360 2363//2363 2366//2366
f 2360//2360 2366//2366 2365//2365
f 2361//2361 2362//2362 2363//2363
f 2363//2363 2362//2362 2367//2367
f 2362//2362 2364//2364 2367//2367
f 2363//2363 2367//2367 2366//2366
f 2367//2367 2364//2364 2368//2368
f 2364//2364 2365//2365 2369//2369
f 2364//2364 2369//2369 2368//2368
f 2365//2365 2366//2366 2370//2370
f 2365//2365 2370//2370 2369//2369
f 2366//2366 2367//2367 2371//2371
f 2366//2366 2371//2371 2370//2370
f 2367//2367 2368//2368 2371//2371
f 2371//2371 2368//2368 2372//2372
f 2368//2368 2369//2369 2373//2373
f 2368//2368 2373//2373 2372//2372
f 2369//2369 2370//2370 2374//2374
f 2369//2369 2374//2374 2373//2373
f 2370//2370 2371//2371 2375//2375
f 2370//2370 2375//2375 2374//2374
f 2371//2371 2372//2372 2375//2375
f 2375//2375 2372//2372 2376//2376
f 2372//2372 2373//2373 2377//2377
f 2372//2372 2377//2377 2376//2376
f 2373//2373 2374//2374 2378//2378
f 2373//2373 2378//2378 2377//2377
f 2374//2374 2375//2375 2379//2379
f 2374//2374 2379//2379 2378//2378
f 2375//2375 2376//2376 2379//2379
f 2379//2379 2376//2376 2380//2380
f 2376//2376 2377//2377 2381//2381
f 2376//2376 2381//2381 2380//2380
f 2377//2377 2378//2378 2382//2382
f 2377//2377 2382//2382 2381//2381
f 2378//2378 2379//2379 2383//2383
f 2378//2378 2383//2383 2382//2382
f 2379//2379 2380//2380 2383//2383
f 2383//2383 2380//2380 2384//2384
f 2380//2380 2381//2381 2385//2385
f 2380//2380 2385//2385 2384//2384
f 2381//2381 2382//2382 2386//2386
f 2381//2381 2386//2386 2385//2385
f 2382//2382 2383//2383 2387//2387
f 2382//2382 2387//2387 2386//2386
f 2383//2383 2384//2384 2387//2387
f 2387//2387 2384//2384 2388//2388
f 2384//2384 2385//2385 2389//2389
f 2384//2384 2389//2389 2388//2388
f 2385//2385 2386//2386 2390//2390
f 2385//2385 2390//2390 2389//2389
f 2386//2386 2387//2387 2391//2391
f 2386//2386 2391//2391 2390//2390
f 2387//2387 2388//2388 2391//2391
f 2391//2391 2388//2388 2392//2392
f 2388//2388 2389//2389 2393//2393
f 2388//2388 2393//2393 2392//2392
f 2389//2389 2390//2390 2394//2394
f 2389//2389 2394//2394 2393//2393
f 2390//2390 2391//2391 2395//2395
f 2390//2390 2395//2395 2394//2394
f 2391//2391 2392//2392 2395//2395
f 2395//2395 2392//2392 2396//2396
f 2392//2392 2393//2393 2397//2397
f 2392//2392 2397//2397 2396//2396
f 2393//2393 2394//2394 2398//2398
f 2393//2393 2398//2398 2397//2397
f 2394//2394 2395//2395 2399//2399
f 2394//2394 2399//2399 2398//2398
f 2395//2395 2396//2396 2399//2399
f 2399//2399 2396//2396 2400//2400
f 2396//2396 2397//2397 2401//2401
f 2396//2396 2401//2401 2400//2400
f 2397//2397 2398//2398 2402//2402
f 2397//2397 2402//2402 2401//2401
f 2398//2398 2399//2399 2403//2403
f 2398//2398 2403//2403 2402//2402
f 2399//2399 2400//2400 2403//2403
f 2403//2403 2400//2400 2404//2404
f 2400//2400 2401//2401 2405//2405
f 2400//2400 2405//2405 2404//2404
f 2401//2401 2402//2402 2406//2406
f 2401//2401 2406//2406 2405//2405
f 2402//2402 2403//2403 2407//2407
f 2402//2402 2407//2407 2406//2406
f 2403//2403 2404//2404 2407//2407
f 2407//2407 2404//2404 2408//2408
f 2404//2404 2405//2405 2409//2409
f 2404//2404 2409//2409 2408//2408
f 2405//2405 2406//2406 2410//2410
f 2405//2405 2410//2410 2409//2409
f 2406//2406 2407//2407 2411//2411
f 2406//2406 2411//2411 2410//2410
f 2407//2407 2408//2408 2411//2411
f 2411//2411 2408//2408 2412//2412
f 2408//2408 2409//2409 2413//2413
f 2408//2408 2413//2413 2412//2412
f 2409//2409 2410//2410 2414//2414
f 2409//2409 2414//2414 2413//2413
f 2410//2410 2411//2411 2415//2415
f 2410//2410 2415//2415 2414//2414
f 2411//2411 2412//2412 2415//2415
f 2414//2414 2415//2415 2412//2412
f 2414//2414 2412//2412 2413//2413
f 2416//2416 2417//2417 2418//2418
f 2419//2419 2416//2416 2420//2420
f 2416//2416 2418//2418 2421//2421
f 2416//2416 2419//2419 2417//2417
f 2420//2420 2416//2416 2421//2421
f 2417//2417 2422//2422 2423//2423
f 2419//2419 2424//2424 2417//2417
f 2418//2418 2417//2417 2423//2423
f 2417//2417 2424//2424 2422//2422
f 2421//2421 2418//2418 2425//2425
f 2418//2418 2423//2423 2426//2426
f 2425//2425 2418//2418 2426//2426
f 2420//2420 2424//2424 2419//2419
f 2420//2420 2425//2425 2424//2424
f 2420//2420 2421//2421 2425//2425
f 2422//2422 2427//2427 2428//2428
f 2424//2424 2429//2429 2422//2422
f 2423//2423 2422//2422 2428//2428
f 2422//2422 2429//2429 2427//2427
f 2423//2423 2428//2428 2430//2430
f 2426//2426 2423//2423 2430//2430
f 2424//2424 2425//2425 2429//2429
f 2425//2425 2426//2426 2429//2429
f 2426//2426 2430//2430 2431//2431
f 2429//2429 2426//2426 2431//2431
f 2427//2427 2432//2432 2433//2433
f 2429//2429 2431//2431 2427//2427
f 2428//2428 2427//2427 2433//2433
f 2427//2427 2431//2431 2432//2432
f 2428//2428 2433//2433 2434//2434
f 2430//2430 2428//2428 2434//2434
f 2430//2430 2434//2434 2435//2435
f 2431//2431 2430//2430 2435//2435
f 2431//2431 2435//2435 2432//2432
f 2432//2432 2436//2436 2437//2437
f 2433//2433 2432//2432 2437//2437
f 2432//2432 2435//2435 2436//2436
f 2433//2433 2437//2437 2438//2438
f 2434//2434 2433//2433 2438//2438
f 2434//2434 2438//2438 2439//2439
f 2435//2435 2434//2434 2439//2439
f 2435//2435 2439//2439 2436//2436
f 2436//2436 2440//2440 2441//2441
f 2437//2437 2436//2436 2441//2441
f 2436//2436 2439//2439 2440//2440
f 2437//2437 2441//2441 2442//2442
f 2438//2438 2437//2437 2442//2442
f 2438//2438 2442//2442 2443//2443
f 2439//2439 2438//2438 2443//2443
f 2439//2439 2443//2443 2440//2440
f 2440//2440 2444//2444 2445//2445
f 2441//2441 2440//2440 2445//2445
f 2440//2440 2443//2443 2444//2444
f 2441//2441 2445//2445 2446//2446
f 2442//2442 2441//2441 2446//2446
f 2442//2442 2446//2446 2447//2447
f 2443//2443 2442//2442 2447//2447
f 2443//2443 2447//2447 2444//2444
f 2444//2444 2448//2448 2449//2449
f 2445//2445 2444//2444 2449//2449
f 2444//2444 2447//2447 2448//2448
f 2445//2445 2449//2449 2450//2450
f 2446//2446 2445//2445 2450//2450
f 2446//2446 2450//2450 2451//2451
f 2447//2447 2446//2446 2451//2451
f 2447//2447 2451//2451 2448//2448
f 2448//2448 2452//2452 2453//2453
f 2449//2449 2448//2448 2453//2453
f 2448//2448 2451//2451 2452//2452
f 2449//2449 2453//2453 2454//2454
f 2450//2450 2449//2449 2454//2454
f 2450//2450 2454//2454 2455//2455
f 2451//2451 2450//2450 2455//2455
f 2451//2451 2455//2455 2452//2452
f 2452//2452 2456//2456 2457//2457
f 2453//2453 2452//2452 2457//2457
f 2452//2452 2455//2455 2456//2456
f 2453//2453 2457//2457 2458//2458
f 2454//2454 2453//2453 2458//2458
f 2454//2454 2458//2458 2459//2459
f 2455//2455 2454//2454 2459//2459
f 2455//2455 2459//2459 2456//2456
f 2456//2456 2460//2460 2461//2461
f 2457//2457 2456//2456 2461//2461
f 2456//2456 2459//2459 2460//2460
f 2457//2457 2461//2461 2462//2462
f 2458//2458 2457//2457 2462//2462
f 2458//2458 2462//2462 2463//2463
f 2459//2459 2458//2458 2463//2463
f 2459//2459 2463//2463 2460//2460
f 2460//2460 2464//2464 2465//2465
f 2461//2461 2460//2460 2465//2465
f 2460//2460 2463//2463 2464//2464
f 2461//2461 2465//2465 2466//2466
f 2462//2462 2461//2461 2466//2466
f 2462//2462 2466//2466 2467//2467
f 2463//2463 2462//2462 2467//2467
f 2463//2463 2467//2467 2464//2464
f 2464//2464 2468//2468 2469//2469
f 2465//2465 2464//2464 2469//2469
f 2464//2464 2467//2467 2468//2468
f 2465//2465 2469//2469 2470//2470
f 2466//2466 2465//2465 2470//2470
f 2466//2466 2470//2470 2471//2471
f 2467//2467 2466//2466 2471//2471
f 2467//2467 2471//2471 2468//2468
f 2468//2468 2472//2472 2473//2473
f 2469//2469 2468//2468 2473//2473
f 2468//2468 2471//2471 2472//2472
f 2469//2469 2473//2473 2474//2474
f 2470//2470 2469//2469 2474//2474
f 2470//2470 2474//2474 2475//2475
f 2471//2471 2470//2470 2475//2475
f 2471//2471 2475//2475 2472//2472
f 2472//2472 2476//2476 2477//2477
f 2473//2473 2472//2472 2477//2477
f 2472//2472 2475//2475 2476//2476
f 2473//2473 2477//2477 2478//2478
f 2474//2474 2473//2473 2478//2478
f 2474//2474 2478//2478 2479//2479
f 2475//2475 2474//2474 2479//2479
f 2475//2475 2479//2479 2476//2476
f 2478//2478 2477//2477 2476//2476
f 2476//2476 2479//2479 2478//2478
f 2480//2480 2481//2481 2482//2482
f 2483//2483 2480//2480 2484//2484
f 2485//2485 2481//2481 2480//2480
f 2480//2480 2482//2482 2484//2484
f 2485//2485 2480//2480 2483//2483
f 2481//2481 2486//2486 2487//2487
f 2485//2485 2486//2486 2481//2481
f 2481//2481 2487//2487 2482//2482
f 2484//2484 2482//2482 2488//2488
f 2482//2482 2487//2487 2489//2489
f 2482//2482 2489//2489 2488//2488
f 2490//2490 2483//2483 2491//2491
f 2483//2483 2484//2484 2491//2491
f 2485//2485 2483//2483 2490//2490
f 2491//2491 2484//2484 2492//2492
f 2484//2484 2488//2488 2492//2492
f 2486//2486 2485//2485 2493//2493
f 2485//2485 2490//2490 2494//2494
f 2485//2485 2494//2494 2493//2493
f 2486//2486 2493//2493 2487//2487
f 2487//2487 2493//2493 2495//2495
f 2487//2487 2495//2495 2489//2489
f 2492//2492 2488//2488 2496//2496
f 2488//2488 2489//2489 2497//2497
f 2488//2488 2497//2497 2496//2496
f 2489//2489 2495//2495 2498//2498
f 2489//2489 2498//2498 2497//2497
f 2490//2490 2491//2491 2494//2494
f 2494//2494 2491//2491 2499//2499
f 2491//2491 2492//2492 2499//2499
f 2499//2499 2492//2492 2500//2500
f 2492//2492 2496//2496 2500//2500
f 2493//2493 2494//2494 2501//2501
f 2493//2493 2501//2501 2495//2495
f 2494//2494 2499//2499 2501//2501
f 2495//2495 2501//2501 2502//2502
f 2495//2495 2502//2502 2498//2498
f 2500//2500 2496//2496 2503//2503
f 2496//2496 2497//2497 2504//2504
f 2496//2496 2504//2504 2503//2503
f 2497//2497 2498//2498 2505//2505
f 2497//2497 2505//2505 2504//2504
f 2498//2498 2502//2502 2506//2506
f 2498//2498 2506//2506 2505//2505
f 2501//2501 2499//2499 2507//2507
f 2499//2499 2500//2500 2507//2507
f 2507//2507 2500//2500 2508//2508
f 2500//2500 2503//2503 2508//2508
f 2501//2501 2507//2507 2502//2502
f 2502//2502 2507//2507 2509//2509
f 2502//2502 2509//2509 2506//2506
f 2508//2508 2503//2503 2510//2510
f 2503//2503 2504//2504 2511//2511
f 2503//2503 2511//2511 2510//2510
f 2504//2504 2505//2505 2512//2512
f 2504//2504 2512//2512 2511//2511
f 2505//2505 2506//2506 2513//2513
f 2505//2505 2513//2513 2512//2512
f 2506//2506 2509//2509 2514//2514
f 2506//2506 2514//2514 2513//2513
f 2507//2507 2508//2508 2509//2509
f 2509//2509 2508//2508 2515//2515
f 2508//2508 2510//2510 2515//2515
f 2509//2509 2515//2515 2514//2514
f 2515//2515 2510//2510 2516//2516
f 2510//2510 2511//2511 2517//2517
f 2510//2510 2517//2517 2516//2516
f 2512//2512 2518//2518 2511//2511
f 2511//2511 2518//2518 2517//2517
f 2512//2512 2513//2513 2519//2519
f 2512//2512 2519//2519 2518//2518
f 2513//2513 2514//2514 2520//2520
f 2513//2513 2520//2520 2519//2519
f 2514//2514 2515//2515 2521//2521
f 2514//2514 2521//2521 2520//2520
f 2515//2515 2516//2516 2521//2521
f 2521//2521 2516//2516 2522//2522
f 2516//2516 2517//2517 2523//2523
f 2516//2516 2523//2523 2522//2522
f 2517//2517 2518//2518 2524//2524
f 2517//2517 2524//2524 2523//2523
f 2518//2518 2519//2519 2525//2525
f 2518//2518 2525//2525 2524//2524
f 2519//2519 2520//2520 2526//2526
f 2519//2519 2526//2526 2525//2525
f 2520//2520 2521//2521 2527//2527
f 2520//2520 2527//2527 2526//2526
f 2521//2521 2522//2522 2527//2527
f 2527//2527 2522//2522 2528//2528
f 2522//2522 2523//2523 2529//2529
f 2522//2522 2529//2529 2528//2528
f 2523//2523 2524//2524 2530//2530
f 2523//2523 2530//2530 2529//2529
f 2524//2524 2525//2525 2531//2531
f 2524//2524 2531//2531 2530//2530
f 2525//2525 2526//2526 2532//2532
f 2525//2525 2532//2532 2531//2531
f 2526//2526 2527//2527 2533//2533
f 2526//2526 2533//2533 2532//2532
f 2527//2527 2528//2528 2533//2533
f 2533//2533 2528//2528 2534//2534
f 2528//2528 2529//2529 2535//2535
f 2528//2528 2535//2535 2534//2534
f 2529//2529 2530//2530 2536//2536
f 2529//2529 2536//2536 2535//2535
f 2530//2530 2531//2531 2537//2537
f 2530//2530 2537//2537 2536//2536
f 2531//2531 2532//2532 2538//2538
f 2531//2531 2538//2538 2537//2537
f 2532//2532 2533//2533 2539//2539
f 2532//2532 2539//2539 2538//2538
f 2533//2533 2534//2534 2539//2539
f 2539//2539 2534//2534 2540//2540
f 2534//2534 2535//2535 2541//2541
f 2534//2534 2541//2541 2540//2540
f 2535//2535 2536//2536 2542//2542
f 2535//2535 2542//2542 2541//2541
f 2536//2536 2537//2537 2543//2543
f 2536//2536 2543//2543 2542//2542
f 2537//2537 2538//2538 2544//2544
f 2537//2537 2544//2544 2543//2543
f 2538//2538 2539//2539 2545//2545
f 2538//2538 2545//2545 2544//2544
f 2539//2539 2540//2540 2545//2545
f 2545//2545 2540//2540 2546//2546
f 2540//2540 2541//2541 2547//2547
f 2540//2540 2547//2547 2546//2546
f 2541//2541 2542//2542 2548//2548
f 2541//2541 2548//2548 2547//2547
f 2542//2542 2543//2543 2549//2549
f 2542//2542 2549//2549 2548//2548
f 2543//2543 2544//2544 2550//2550
f 2543//2543 2550//2550 2549//2549
f 2544//2544 2545//2545 2551//2551
f 2544//2544 2551//2551 2550//2550
f 2545//2545 2546//2546 2551//2551
f 2551//2551 2546//2546 2552//2552
f 2546//2546 2547//2547 2553//2553
f 2546//2546 2553//2553 2552//2552
f 2547//2547 2548//2548 2554//2554
f 2554//2554 2553//2553 2547//2547
f 2548//2548 2549//2549 2555//2555
f 2548//2548 2555//2555 2554//2554
f 2549//2549 2550//2550 2556//2556
f 2549//2549 2556//2556 2555//2555
f 2550//2550 2551//2551 2557//2557
f 2550//2550 2557//2557 2556//2556
f 2551//2551 2552//2552 2557//2557
f 2557//2557 2552//2552 2558//2558
f 2552//2552 2553//2553 2559//2559
f 2552//2552 2559//2559 2558//2558
f 2553//2553 2554//2554 2560//2560
f 2553//2553 2560//2560 2559//2559
f 2554//2554 2555//2555 2561//2561
f 2554//2554 2561//2561 2560//2560
f 2555//2555 2556//2556 2562//2562
f 2555//2555 2562//2562 2561//2561
f 2556//2556 2557//2557 2563//2563
f 2556//2556 2563//2563 2562//2562
f 2557//2557 2558//2558 2563//2563
f 2563//2563 2558//2558 2564//2564
f 2558//2558 2559//2559 2565//2565
f 2558//2558 2565//2565 2564//2564
f 2559//2559 2560//2560 2566//2566
f 2559//2559 2566//2566 2565//2565
f 2560//2560 2561//2561 2567//2567
f 2560//2560 2567//2567 2566//2566
f 2561//2561 2562//2562 2568//2568
f 2561//2561 2568//2568 2567//2567
f 2562//2562 2563//2563 2569//2569
f 2562//2562 2569//2569 2568//2568
f 2563//2563 2564//2564 2569//2569
f 2569//2569 2564//2564 2570//2570
f 2564//2564 2565//2565 2571//2571
f 2564//2564 2571//2571 2570//2570
f 2565//2565 2566//2566 2572//2572
f 2565//2565 2572//2572 2571//2571
f 2566//2566 2567//2567 2573//2573
f 2566//2566 2573//2573 2572//2572
f 2567//2567 2568//2568 2574//2574
f 2567//2567 2574//2574 2573//2573
f 2568//2568 2569//2569 2575//2575
f 2568//2568 2575//2575 2574//2574
f 2569//2569 2570//2570 2575//2575
f 2575//2575 2570//2570 2571//2571
f 2575//2575 2571//2571 2572//2572
f 2572//2572 2573//2573 2574//2574
f 2575//2575 2572//2572 2574//2574
f 2576//2576 2577//2577 2578//2578
f 2579//2579 2576//2576 2580//2580
f 2576//2576 2579//2579 2581//2581
f 2576//2576 2578//2578 2580//2580
f 2576//2576 2581//2581 2582//2582
f 2576//2576 2582//2582 2577//2577
f 2577//2577 2583//2583 2584//2584
f 2582//2582 2583//2583 2577//2577
f 2577//2577 2584//2584 2578//2578
f 2580//2580 2578//2578 2585//2585
f 2578//2578 2584//2584 2586//2586
f 2578//2578 2586//2586 2585//2585
f 2581//2581 2579//2579 2587//2587
f 2579//2579 2580//2580 2587//2587
f 2587//2587 2580//2580 2588//2588
f 2580//2580 2585//2585 2588//2588
f 2582//2582 2581//2581 2589//2589
f 2581//2581 2587//2587 2589//2589
f 2583//2583 2582//2582 2590//2590
f 2582//2582 2589//2589 2590//2590
f 2583//2583 2590//2590 2584//2584
f 2584//2584 2590//2590 2591//2591
f 2584//2584 2591//2591 2586//2586
f 2588//2588 2585//2585 2592//2592
f 2585//2585 2586//2586 2593//2593
f 2585//2585 2593//2593 2592//2592
f 2586//2586 2591//2591 2594//2594
f 2586//2586 2594//2594 2593//2593
f 2589//2589 2587//2587 2595//2595
f 2587//2587 2588//2588 2595//2595
f 2595//2595 2588//2588 2596//2596
f 2588//2588 2592//2592 2596//2596
f 2590//2590 2589//2589 2597//2597
f 2589//2589 2595//2595 2597//2597
f 2590//2590 2597//2597 2591//2591
f 2591//2591 2597//2597 2598//2598
f 2591//2591 2598//2598 2594//2594
f 2596//2596 2592//2592 2599//2599
f 2592//2592 2593//2593 2600//2600
f 2592//2592 2600//2600 2599//2599
f 2593//2593 2594//2594 2601//2601
f 2593//2593 2601//2601 2600//2600
f 2594//2594 2598//2598 2602//2602
f 2594//2594 2602//2602 2601//2601
f 2597//2597 2595//2595 2603//2603
f 2595//2595 2596//2596 2603//2603
f 2603//2603 2596//2596 2604//2604
f 2596//2596 2599//2599 2604//2604
f 2597//2597 2603//2603 2598//2598
f 2598//2598 2603//2603 2605//2605
f 2598//2598 2605//2605 2602//2602
f 2604//2604 2599//2599 2606//2606
f 2599//2599 2600//2600 2607//2607
f 2599//2599 2607//2607 2606//2606
f 2600//2600 2601//2601 2608//2608
f 2600//2600 2608//2608 2607//2607
f 2601//2601 2602//2602 2609//2609
f 2601//2601 2609//2609 2608//2608
f 2602//2602 2605//2605 2610//2610
f 2602//2602 2610//2610 2609//2609
f 2603//2603 2604//2604 2605//2605
f 2605//2605 2604//2604 2611//2611
f 2604//2604 2606//2606 2611//2611
f 2605//2605 2611//2611 2610//2610
f 2611//2611 2606//2606 2612//2612
f 2606//2606 2607//2607 2613//2613
f 2606//2606 2613//2613 2612//2612
f 2607//2607 2608//2608 2614//2614
f 2607//2607 2614//2614 2613//2613
f 2608//2608 2609//2609 2615//2615
f 2608//2608 2615//2615 2614//2614
f 2609//2609 2610//2610 2616//2616
f 2609//2609 2616//2616 2615//2615
f 2610//2610 2611//2611 2617//2617
f 2610//2610 2617//2617 2616//2616
f 2611//2611 2612//2612 2617//2617
f 2617//2617 2612//2612 2618//2618
f 2612//2612 2613//2613 2619//2619
f 2612//2612 2619//2619 2618//2618
f 2613//2613 2614//2614 2620//2620
f 2613//2613 2620//2620 2619//2619
f 2614//2614 2615//2615 2621//2621
f 2614//2614 2621//2621 2620//2620
f 2615//2615 2616//2616 2622//2622
f 2615//2615 2622//2622 2621//2621
f 2616//2616 2617//2617 2623//2623
f 2616//2616 2623//2623 2622//2622
f 2617//2617 2618//2618 2623//2623
f 2623//2623 2618//2618 2624//2624
f 2618//2618 2619//2619 2625//2625
f 2618//2618 2625//2625 2624//2624
f 2619//2619 2620//2620 2626//2626
f 2619//2619 2626//2626 2625//2625
f 2620//2620 2621//2621 2627//2627
f 2620//2620 2627//2627 2626//2626
f 2621//2621 2622//2622 2628//2628
f 2621//2621 2628//2628 2627//2627
f 2622//2622 2623//2623 2629//2629
f 2622//2622 2629//2629 2628//2628
f 2623//2623 2624//2624 2629//2629
f 2629//2629 2624//2624 2630//2630
f 2624//2624 2625//2625 2631//2631
f 2624//2624 2631//2631 2630//2630
f 2625//2625 2626//2626 2632//2632
f 2625//2625 2632//2632 2631//2631
f 2626//2626 2627//2627 2633//2633
f 2626//2626 2633//2633 2632//2632
f 2627//2627 2628//2628 2634//2634
f 2627//2627 2634//2634 2633//2633
f 2628//2628 2629//2629 2635//2635
f 2628//2628 2635//2635 2634//2634
f 2629//2629 2630//2630 2635//2635
f 2635//2635 2630//2630 2636//2636
f 2630//2630 2631//2631 2637//2637
f 2630//2630 2637//2637 2636//2636
f 2631//2631 2632//2632 2638//2638
f 2631//2631 2638//2638 2637//2637
f 2632//2632 2633//2633 2639//2639
f 2632//2632 2639//2639 2638//2638
f 2633//2633 2634//2634 2640//2640
f 2633//2633 2640//2640 2639//2639
f 2634//2634 2635//2635 2641//2641
f 2634//2634 2641//2641 2640//2640
f 2635//2635 2636//2636 2641//2641
f 2641//2641 2636//2636 2642//2642
f 2636//2636 2637//2637 2643//2643
f 2636//2636 2643//2643 2642//2642
f 2637//2637 2638//2638 2644//2644
f 2637//2637 2644//2644 2643//2643
f 2638//2638 2639//2639 2645//2645
f 2638//2638 2645//2645 2644//2644
f 2639//2639 2640//2640 2646//2646
f 2639//2639 2646//2646 2645//2645
f 2640//2640 2641//2641 2647//2647
f 2640//2640 2647//2647 2646//2646
f 2641//2641 2642//2642 2647//2647
f 2647//2647 2642//2642 2648//2648
f 2642//2642 2643//2643 2649//2649
f 2642//2642 2649//2649 2648//2648
f 2643//2643 2644//2644 2650//2650
f 2643//2643 2650//2650 2649//2649
f 2644//2644 2645//2645 2651//2651
f 2644//2644 2651//2651 2650//2650
f 2645//2645 2646//2646 2652//2652
f 2645//2645 2652//2652 2651//2651
f 2646//2646 2647//2647 2653//2653
f 2653//2653 2652//2652 2646//2646
f 2647//2647 2648//2648 2653//2653
f 2653//2653 2648//2648 2654//2654
f 2648//2648 2649//2649 2655//2655
f 2648//2648 2655//2655 2654//2654
f 2649//2649 2650//2650 2656//2656
f 2649//2649 2656//2656 2655//2655
f 2650//2650 2651//2651 2657//2657
f 2650//2650 2657//2657 2656//2656
f 2651//2651 2652//2652 2658//2658
f 2651//2651 2658//2658 2657//2657
f 2652//2652 2653//2653 2659//2659
f 2652//2652 2659//2659 2658//2658
f 2653//2653 2654//2654 2659//2659
f 2659//2659 2654//2654 2660//2660
f 2654//2654 2655//2655 2661//2661
f 2654//2654 2661//2661 2660//2660
f 2655//2655 2656//2656 2662//2662
f 2655//2655 2662//2662 2661//2661
f 2656//2656 2657//2657 2663//2663
f 2656//2656 2663//2663 2662//2662
f 2657//2657 2658//2658 2664//2664
f 2657//2657 2664//2664 2663//2663
f 2658//2658 2659//2659 2665//2665
f 2658//2658 2665//2665 2664//2664
f 2659//2659 2660//2660 2665//2665
f 2665//2665 2660//2660 2666//2666
f 2660//2660 2661//2661 2667//2667
f 2660//2660 2667//2667 2666//2666
f 2661//2661 2662//2662 2668//2668
f 2661//2661 2668//2668 2667//2667
f 2662//2662 2663//2663 2669//2669
f 2662//2662 2669//2669 2668//2668
f 2663//2663 2664//2664 2670//2670
f 2663//2663 2670//2670 2669//2669
f 2664//2664 2665//2665 2671//2671
f 2664//2664 2671//2671 2670//2670
f 2665//2665 2666//2666 2671//2671
f 2666//2666 2667//2667 2668//2668
f 2666//2666 2668//2668 2671//2671
f 2670//2670 2671//2671 2668//2668
f 2670//2670 2668//2668 2669//2669
f 2672//2672 2673//2673 2674//2674
f 2675//2675 2672//2672 2676//2676
f 2672//2672 2675//2675 2677//2677
f 2672//2672 2674//2674 2676//2676
f 2672//2672 2677//2677 2678//2678
f 2672//2672 2678//2678 2673//2673
f 2673//2673 2679//2679 2680//2680
f 2678//2678 2679//2679 2673//2673
f 2673//2673 2680//2680 2674//2674
f 2676//2676 2674//2674 2681//2681
f 2674//2674 2680//2680 2682//2682
f 2674//2674 2682//2682 2681//2681
f 2677//2677 2675//2675 2683//2683
f 2675//2675 2676//2676 2683//2683
f 2683//2683 2676//2676 2684//2684
f 2676//2676 2681//2681 2684//2684
f 2678//2678 2677//2677 2685//2685
f 2677//2677 2683//2683 2685//2685
f 2679//2679 2678//2678 2686//2686
f 2678//2678 2685//2685 2686//2686
f 2679//2679 2686//2686 2680//2680
f 2680//2680 2686//2686 2687//2687
f 2680//2680 2687//2687 2682//2682
f 2684//2684 2681//2681 2688//2688
f 2681//2681 2682//2682 2689//2689
f 2681//2681 2689//2689 2688//2688
f 2682//2682 2687//2687 2690//2690
f 2682//2682 2690//2690 2689//2689
f 2683//2683 2691//2691 2685//2685
f 2683//2683 2684//2684 2691//2691
f 2691//2691 2684//2684 2692//2692
f 2684//2684 2688//2688 2692//2692
f 2686//2686 2685//2685 2693//2693
f 2685//2685 2691//2691 2693//2693
f 2686//2686 2693//2693 2687//2687
f 2687//2687 2693//2693 2694//2694
f 2687//2687 2694//2694 2690//2690
f 2692//2692 2688//2688 2695//2695
f 2688//2688 2689//2689 2696//2696
f 2688//2688 2696//2696 2695//2695
f 2689//2689 2690//2690 2697//2697
f 2689//2689 2697//2697 2696//2696
f 2690//2690 2694//2694 2698//2698
f 2690//2690 2698//2698 2697//2697
f 2693//2693 2691//2691 2699//2699
f 2691//2691 2692//2692 2699//2699
f 2699//2699 2692//2692 2700//2700
f 2692//2692 2695//2695 2700//2700
f 2693//2693 2699//2699 2694//2694
f 2694//2694 2699//2699 2701//2701
f 2694//2694 2701//2701 2698//2698
f 2700//2700 2695//2695 2702//2702
f 2695//2695 2696//2696 2703//2703
f 2695//2695 2703//2703 2702//2702
f 2696//2696 2697//2697 2704//2704
f 2696//2696 2704//2704 2703//2703
f 2697//2697 2698//2698 2705//2705
f 2697//2697 2705//2705 2704//2704
f 2698//2698 2701//2701 2706//2706
f 2698//2698 2706//2706 2705//2705
f 2699//2699 2700//2700 2701//2701
f 2701//2701 2700//2700 2707//2707
f 2700//2700 2702//2702 2707//2707
f 2701//2701 2707//2707 2706//2706
f 2707//2707 2702//2702 2708//2708
f 2702//2702 2703//2703 2709//2709
f 2702//2702 2709//2709 2708//2708
f 2703//2703 2704//2704 2710//2710
f 2703//2703 2710//2710 2709//2709
f 2704//2704 2705//2705 2711//2711
f 2704//2704 2711//2711 2710//2710
f 2705//2705 2706//2706 2712//2712
f 2705//2705 2712//2712 2711//2711
f 2706//2706 2707//2707 2713//2713
f 2706//2706 2713//2713 2712//2712
f 2707//2707 2708//2708 2713//2713
f 2713//2713 2708//2708 2714//2714
f 2708//2708 2709//2709 2715//2715
f 2708//2708 2715//2715 2714//2714
f 2709//2709 2710//2710 2716//2716
f 2709//2709 2716//2716 2715//2715
f 2710//2710 2711//2711 2717//2717
f 2710//2710 2717//2717 2716//2716
f 2711//2711 2712//2712 2718//2718
f 2711//2711 2718//2718 2717//2717
f 2712//2712 2713//2713 2719//2719
f 2712//2712 2719//2719 2718//2718
f 2713//2713 2714//2714 2719//2719
f 2719//2719 2714//2714 2720//2720
f 2714//2714 2715//2715 2721//2721
f 2714//2714 2721//2721 2720//2720
f 2715//2715 2716//2716 2722//2722
f 2715//2715 2722//2722 2721//2721
f 2716//2716 2717//2717 2723//2723
f 2716//2716 2723//2723 2722//2722
f 2717//2717 2718//2718 2724//2724
f 2717//2717 2724//2724 2723//2723
f 2718//2718 2719//2719 2725//2725
f 2718//2718 2725//2725 2724//2724
f 2719//2719 2720//2720 2725//2725
f 2725//2725 2720//2720 2726//2726
f 2720//2720 2721//2721 2727//2727
f 2720//2720 2727//2727 2726//2726
f 2721//2721 2722//2722 2728//2728
f 2721//2721 2728//2728 2727//2727
f 2722//2722 2723//2723 2729//2729
f 2722//2722 2729//2729 2728//2728
f 2723//2723 2724//2724 2730//2730
f 2723//2723 2730//2730 2729//2729
f 2724//2724 2725//2725 2731//2731
f 2724//2724 2731//2731 2730//2730
f 2725//2725 2726//2726 2731//2731
f 2731//2731 2726//2726 2732//2732
f 2726//2726 2727//2727 2733//2733
f 2726//2726 2733//2733 2732//2732
f 2727//2727 2728//2728 2734//2734
f 2727//2727 2734//2734 2733//2733
f 2728//2728 2729//2729 2735//2735
f 2728//2728 2735//2735 2734//2734
f 2729//2729 2730//2730 2736//2736
f 2729//2729 2736//2736 2735//2735
f 2730//2730 2731//2731 2737//2737
f 2730//2730 2737//2737 2736//2736
f 2731//2731 2732//2732 2737//2737
f 2737//2737 2732//2732 2738//2738
f 2732//2732 2733//2733 2739//2739
f 2732//2732 2739//2739 2738//2738
f 2733//2733 2734//2734 2740//2740
f 2733//2733 2740//2740 2739//2739
f 2734//2734 2735//2735 2741//2741
f 2734//2734 2741//2741 2740//2740
f 2735//2735 2736//2736 2742//2742
f 2735//2735 2742//2742 2741//2741
f 2736//2736 2737//2737 2743//2743
f 2736//2736 2743//2743 2742//2742
f 2737//2737 2738//2738 2743//2743
f 2743//2743 2738//2738 2744//2744
f 2738//2738 2739//2739 2745//2745
f 2738//2738 2745//2745 2744//2744
f 2739//2739 2740//2740 2746//2746
f 2739//2739 2746//2746 2745//2745
f 2740//2740 2741//2741 2747//2747
f 2740//2740 2747//2747 2746//2746
f 2741//2741 2742//2742 2748//2748
f 2741//2741 2748//2748 2747//2747
f 2742//2742 2743//2743 2749//2749
f 2742//2742 2749//2749 2748//2748
f 2743//2743 2744//2744 2749//2749
f 2749//2749 2744//2744 2750//2750
f 2744//2744 2745//2745 2751//2751
f 2744//2744 2751//2751 2750//2750
f 2745//2745 2746//2746 2752//2752
f 2745//2745 2752//2752 2751//2751
f 2746//2746 2747//2747 2753//2753
f 2746//2746 2753//2753 2752//2752
f 2747//2747 2748//2748 2754//2754
f 2747//2747 2754//2754 2753//2753
f 2748//2748 2749//2749 2755//2755
f 2748//2748 2755//2755 2754//2754
f 2749//2749 2750//2750 2755//2755
f 2755//2755 2750//2750 2756//2756
f 2750//2750 2751//2751 2757//2757
f 2750//2750 2757//2757 2756//2756
f 2751//2751 2752//2752 2758//2758
f 2751//2751 2758//2758 2757//2757
f 2752//2752 2753//2753 2759//2759
f 2752//2752 2759//2759 2758//2758
f 2753//2753 2754//2754 2760//2760
f 2753//2753 2760//2760 2759//2759
f 2754//2754 2755//2755 2761//2761
f 2761//2761 2760//2760 2754//2754
f 2755//2755 2756//2756 2761//2761
f 2761//2761 2756//2756 2762//2762
f 2756//2756 2757//2757 2763//2763
f 2756//2756 2763//2763 2762//2762
f 2758//2758 2764//2764 2757//2757
f 2757//2757 2764//2764 2763//2763
f 2758//2758 2759//2759 2765//2765
f 2758//2758 2765//2765 2764//2764
f 2759//2759 2760//2760 2766//2766
f 2759//2759 2766//2766 2765//2765
f 2760//2760 2761//2761 2767//2767
f 2760//2760 2767//2767 2766//2766
f 2761//2761 2762//2762 2767//2767
f 2767//2767 2762//2762 2765//2765
f 2762//2762 2763//2763 2764//2764
f 2762//2762 2764//2764 2765//2765
f 2767//2767 2765//2765 2766//2766
f 2768//2768 2769//2769 2770//2770
f 2770//2770 2771//2771 2768//2768
f 2769//2769 2768//2768 2772//2772
f 2768//2768 2773//2773 2772//2772
f 2771//2771 2773//2773 2768//2768
f 2774//2774 2770//2770 2769//2769
f 2775//2775 2769//2769 2776//2776
f 2769//2769 2777//2777 2778//2778
f 2769//2769 2778//2778 2776//2776
f 2769//2769 2772//2772 2777//2777
f 2779//2779 2769//2769 2775//2775
f 2779//2779 2774//2774 2769//2769
f 2780//2780 2781//2781 2770//2770
f 2782//2782 2780//2780 2770//2770
f 2771//2771 2770//2770 2781//2781
f 2770//2770 2774//2774 2782//2782
f 2783//2783 2773//2773 2771//2771
f 2781//2781 2783//2783 2771//2771
f 2772//2772 2784//2784 2777//2777
f 2772//2772 2773//2773 2785//2785
f 2772//2772 2786//2786 2784//2784
f 2772//2772 2787//2787 2786//2786
f 2772//2772 2788//2788 2787//2787
f 2772//2772 2785//2785 2788//2788
f 2789//2789 2785//2785 2773//2773
f 2789//2789 2773//2773 2790//2790
f 2783//2783 2790//2790 2773//2773
f 2782//2782 2774//2774 2791//2791
f 2792//2792 2791//2791 2774//2774
f 2774//2774 2793//2793 2792//2792
f 2774//2774 2794//2794 2793//2793
f 2774//2774 2795//2795 2794//2794
f 2796//2796 2795//2795 2774//2774
f 2774//2774 2779//2779 2796//2796
f 2776//2776 2797//2797 2775//2775
f 2779//2779 2775//2775 2797//2797
f 2797//2797 2776//2776 2798//2798
f 2776//2776 2778//2778 2799//2799
f 2776//2776 2799//2799 2798//2798
f 2778//2778 2777//2777 2800//2800
f 2777//2777 2801//2801 2800//2800
f 2802//2802 2777//2777 2784//2784
f 2801//2801 2777//2777 2802//2802
f 2799//2799 2778//2778 2800//2800
f 2796//2796 2779//2779 2803//2803
f 2803//2803 2779//2779 2804//2804
f 2779//2779 2797//2797 2804//2804
f 2780//2780 2805//2805 2781//2781
f 2782//2782 2791//2791 2780//2780
f 2780//2780 2791//2791 2806//2806
f 2807//2807 2805//2805 2780//2780
f 2807//2807 2780//2780 2806//2806
f 2783//2783 2781//2781 2808//2808
f 2805//2805 2808//2808 2781//2781
f 2783//2783 2809//2809 2810//2810
f 2811//2811 2790//2790 2783//2783
f 2809//2809 2783//2783 2808//2808
f 2812//2812 2783//2783 2810//2810
f 2811//2811 2783//2783 2812//2812
f 2802//2802 2784//2784 2813//2813
f 2784//2784 2786//2786 2813//2813
f 2785//2785 2814//2814 2788//2788
f 2785//2785 2815//2815 2814//2814
f 2815//2815 2785//2785 2789//2789
f 2816//2816 2786//2786 2817//2817
f 2786//2786 2787//2787 2818//2818
f 2818//2818 2819//2819 2786//2786
f 2786//2786 2819//2819 2817//2817
f 2820//2820 2786//2786 2816//2816
f 2786//2786 2820//2820 2813//2813
f 2818//2818 2787//2787 2788//2788
f 2821//2821 2788//2788 2814//2814
f 2822//2822 2818//2818 2788//2788
f 2822//2822 2788//2788 2823//2823
f 2788//2788 2821//2821 2824//2824
f 2823//2823 2788//2788 2824//2824
f 2825//2825 2789//2789 2790//2790
f 2815//2815 2789//2789 2825//2825
f 2826//2826 2790//2790 2811//2811
f 2790//2790 2826//2826 2825//2825
f 2827//2827 2791//2791 2792//2792
f 2806//2806 2791//2791 2827//2827
f 2792//2792 2828//2828 2827//2827
f 2829//2829 2792//2792 2830//2830
f 2828//2828 2792//2792 2829//2829
f 2793//2793 2830//2830 2792//2792
f 2794//2794 2830//2830 2793//2793
f 2794//2794 2831//2831 2832//2832
f 2832//2832 2833//2833 2794//2794
f 2830//2830 2794//2794 2833//2833
f 2834//2834 2835//2835 2794//2794
f 2836//2836 2834//2834 2794//2794
f 2836//2836 2794//2794 2795//2795
f 2831//2831 2794//2794 2835//2835
f 2836//2836 2795//2795 2837//2837
f 2838//2838 2837//2837 2795//2795
f 2795//2795 2839//2839 2838//2838
f 2796//2796 2839//2839 2795//2795
f 2805//2805 2840//2840 2796//2796
f 2796//2796 2803//2803 2805//2805
f 2796//2796 2838//2838 2839//2839
f 2840//2840 2838//2838 2796//2796
f 2841//2841 2797//2797 2798//2798
f 2841//2841 2842//2842 2797//2797
f 2804//2804 2797//2797 2842//2842
f 2843//2843 2841//2841 2798//2798
f 2798//2798 2799//2799 2843//2843
f 2801//2801 2843//2843 2799//2799
f 2801//2801 2799//2799 2800//2800
f 2843//2843 2801//2801 2802//2802
f 2813//2813 2843//2843 2802//2802
f 2808//2808 2805//2805 2803//2803
f 2809//2809 2808//2808 2803//2803
f 2804//2804 2844//2844 2803//2803
f 2803//2803 2845//2845 2846//2846
f 2845//2845 2803//2803 2844//2844
f 2803//2803 2847//2847 2809//2809
f 2846//2846 2847//2847 2803//2803
f 2842//2842 2844//2844 2804//2804
f 2848//2848 2805//2805 2807//2807
f 2805//2805 2848//2848 2840//2840
f 2849//2849 2807//2807 2806//2806
f 2806//2806 2850//2850 2851//2851
f 2850//2850 2806//2806 2827//2827
f 2806//2806 2852//2852 2853//2853
f 2851//2851 2852//2852 2806//2806
f 2854//2854 2849//2849 2806//2806
f 2806//2806 2853//2853 2854//2854
f 2848//2848 2807//2807 2849//2849
f 2809//2809 2847//2847 2810//2810
f 2810//2810 2855//2855 2812//2812
f 2856//2856 2810//2810 2847//2847
f 2855//2855 2810//2810 2856//2856
f 2811//2811 2812//2812 2857//2857
f 2858//2858 2811//2811 2857//2857
f 2858//2858 2859//2859 2811//2811
f 2859//2859 2826//2826 2811//2811
f 2812//2812 2860//2860 2861//2861
f 2855//2855 2860//2860 2812//2812
f 2857//2857 2812//2812 2861//2861
f 2843//2843 2813//2813 2862//2862
f 2820//2820 2863//2863 2813//2813
f 2813//2813 2863//2863 2862//2862
f 2821//2821 2814//2814 2864//2864
f 2814//2814 2815//2815 2865//2865
f 2814//2814 2865//2865 2866//2866
f 2864//2864 2814//2814 2866//2866
f 2825//2825 2826//2826 2815//2815
f 2865//2865 2815//2815 2826//2826
f 2816//2816 2817//2817 2822//2822
f 2867//2867 2816//2816 2868//2868
f 2822//2822 2868//2868 2816//2816
f 2820//2820 2816//2816 2867//2867
f 2817//2817 2819//2819 2822//2822
f 2818//2818 2822//2822 2819//2819
f 2820//2820 2867//2867 2869//2869
f 2870//2870 2871//2871 2820//2820
f 2870//2870 2820//2820 2869//2869
f 2871//2871 2863//2863 2820//2820
f 2872//2872 2821//2821 2864//2864
f 2824//2824 2821//2821 2872//2872
f 2873//2873 2822//2822 2874//2874
f 2822//2822 2873//2873 2868//2868
f 2822//2822 2875//2875 2874//2874
f 2823//2823 2875//2875 2822//2822
f 2875//2875 2823//2823 2876//2876
f 2823//2823 2877//2877 2876//2876
f 2872//2872 2823//2823 2824//2824
f 2878//2878 2823//2823 2872//2872
f 2877//2877 2823//2823 2878//2878
f 2826//2826 2879//2879 2865//2865
f 2879//2879 2826//2826 2859//2859
f 2827//2827 2880//2880 2881//2881
f 2880//2880 2827//2827 2828//2828
f 2827//2827 2881//2881 2882//2882
f 2827//2827 2882//2882 2850//2850
f 2828//2828 2883//2883 2884//2884
f 2885//2885 2880//2880 2828//2828
f 2886//2886 2887//2887 2828//2828
f 2883//2883 2828//2828 2887//2887
f 2884//2884 2885//2885 2828//2828
f 2886//2886 2828//2828 2888//2888
f 2829//2829 2888//2888 2828//2828
f 2829//2829 2830//2830 2889//2889
f 2889//2889 2888//2888 2829//2829
f 2830//2830 2890//2890 2891//2891
f 2892//2892 2830//2830 2891//2891
f 2889//2889 2830//2830 2892//2892
f 2830//2830 2833//2833 2890//2890
f 2831//2831 2893//2893 2832//2832
f 2893//2893 2831//2831 2894//2894
f 2831//2831 2835//2835 2894//2894
f 2832//2832 2893//2893 2895//2895
f 2895//2895 2833//2833 2832//2832
f 2895//2895 2890//2890 2833//2833
f 2894//2894 2835//2835 2834//2834
f 2834//2834 2896//2896 2894//2894
f 2834//2834 2836//2836 2897//2897
f 2838//2838 2834//2834 2897//2897
f 2898//2898 2896//2896 2834//2834
f 2898//2898 2834//2834 2838//2838
f 2836//2836 2837//2837 2897//2897
f 2897//2897 2837//2837 2838//2838
f 2838//2838 2840//2840 2898//2898
f 2854//2854 2840//2840 2848//2848
f 2899//2899 2840//2840 2854//2854
f 2840//2840 2899//2899 2898//2898
f 2842//2842 2841//2841 2900//2900
f 2841//2841 2843//2843 2900//2900
f 2842//2842 2901//2901 2844//2844
f 2901//2901 2842//2842 2900//2900
f 2902//2902 2843//2843 2862//2862
f 2900//2900 2843//2843 2902//2902
f 2901//2901 2903//2903 2844//2844
f 2904//2904 2905//2905 2844//2844
f 2906//2906 2907//2907 2844//2844
f 2844//2844 2908//2908 2845//2845
f 2903//2903 2904//2904 2844//2844
f 2905//2905 2906//2906 2844//2844
f 2844//2844 2909//2909 2908//2908
f 2907//2907 2909//2909 2844//2844
f 2845//2845 2910//2910 2846//2846
f 2845//2845 2911//2911 2910//2910
f 2908//2908 2911//2911 2845//2845
f 2912//2912 2846//2846 2910//2910
f 2847//2847 2846//2846 2912//2912
f 2847//2847 2913//2913 2856//2856
f 2913//2913 2847//2847 2914//2914
f 2914//2914 2847//2847 2915//2915
f 2847//2847 2912//2912 2915//2915
f 2849//2849 2854//2854 2848//2848
f 2850//2850 2852//2852 2851//2851
f 2850//2850 2882//2882 2916//2916
f 2850//2850 2916//2916 2852//2852
f 2853//2853 2852//2852 2917//2917
f 2852//2852 2916//2916 2918//2918
f 2852//2852 2918//2918 2917//2917
f 2919//2919 2920//2920 2853//2853
f 2854//2854 2853//2853 2921//2921
f 2920//2920 2921//2921 2853//2853
f 2853//2853 2917//2917 2919//2919
f 2854//2854 2921//2921 2899//2899
f 2913//2913 2855//2855 2856//2856
f 2855//2855 2913//2913 2860//2860
f 2858//2858 2857//2857 2922//2922
f 2861//2861 2922//2922 2857//2857
f 2923//2923 2858//2858 2924//2924
f 2858//2858 2923//2923 2859//2859
f 2858//2858 2922//2922 2924//2924
f 2923//2923 2879//2879 2859//2859
f 2861//2861 2860//2860 2925//2925
f 2860//2860 2913//2913 2926//2926
f 2860//2860 2926//2926 2925//2925
f 2861//2861 2927//2927 2922//2922
f 2925//2925 2927//2927 2861//2861
f 2862//2862 2863//2863 2902//2902
f 2871//2871 2902//2902 2863//2863
f 2864//2864 2866//2866 2872//2872
f 2866//2866 2865//2865 2928//2928
f 2879//2879 2929//2929 2865//2865
f 2865//2865 2929//2929 2928//2928
f 2872//2872 2866//2866 2930//2930
f 2928//2928 2930//2930 2866//2866
f 2931//2931 2867//2867 2868//2868
f 2869//2869 2867//2867 2931//2931
f 2868//2868 2909//2909 2931//2931
f 2868//2868 2932//2932 2909//2909
f 2873//2873 2932//2932 2868//2868
f 2931//2931 2870//2870 2869//2869
f 2870//2870 2907//2907 2871//2871
f 2870//2870 2931//2931 2907//2907
f 2933//2933 2902//2902 2871//2871
f 2871//2871 2906//2906 2905//2905
f 2871//2871 2905//2905 2933//2933
f 2871//2871 2907//2907 2906//2906
f 2872//2872 2930//2930 2934//2934
f 2872//2872 2935//2935 2878//2878
f 2934//2934 2935//2935 2872//2872
f 2936//2936 2873//2873 2874//2874
f 2936//2936 2932//2932 2873//2873
f 2876//2876 2874//2874 2875//2875
f 2936//2936 2874//2874 2876//2876
f 2876//2876 2878//2878 2937//2937
f 2938//2938 2936//2936 2876//2876
f 2876//2876 2877//2877 2878//2878
f 2937//2937 2938//2938 2876//2876
f 2935//2935 2939//2939 2878//2878
f 2939//2939 2940//2940 2878//2878
f 2878//2878 2940//2940 2937//2937
f 2879//2879 2923//2923 2929//2929
f 2941//2941 2881//2881 2880//2880
f 2880//2880 2942//2942 2943//2943
f 2880//2880 2943//2943 2941//2941
f 2942//2942 2880//2880 2885//2885
f 2881//2881 2944//2944 2945//2945
f 2944//2944 2881//2881 2941//2941
f 2945//2945 2946//2946 2881//2881
f 2882//2882 2881//2881 2946//2946
f 2916//2916 2882//2882 2947//2947
f 2882//2882 2946//2946 2947//2947
f 2948//2948 2884//2884 2883//2883
f 2887//2887 2949//2949 2883//2883
f 2949//2949 2950//2950 2883//2883
f 2883//2883 2950//2950 2948//2948
f 2885//2885 2884//2884 2942//2942
f 2884//2884 2948//2948 2942//2942
f 2886//2886 2951//2951 2887//2887
f 2952//2952 2886//2886 2888//2888
f 2953//2953 2951//2951 2886//2886
f 2953//2953 2886//2886 2952//2952
f 2954//2954 2949//2949 2887//2887
f 2955//2955 2954//2954 2887//2887
f 2887//2887 2951//2951 2955//2955
f 2888//2888 2889//2889 2952//2952
f 2889//2889 2892//2892 2895//2895
f 2889//2889 2895//2895 2956//2956
f 2889//2889 2956//2956 2952//2952
f 2895//2895 2891//2891 2890//2890
f 2892//2892 2891//2891 2895//2895
f 2956//2956 2895//2895 2893//2893
f 2956//2956 2893//2893 2957//2957
f 2894//2894 2958//2958 2893//2893
f 2893//2893 2959//2959 2957//2957
f 2959//2959 2893//2893 2958//2958
f 2894//2894 2896//2896 2958//2958
f 2896//2896 2898//2898 2960//2960
f 2961//2961 2959//2959 2896//2896
f 2962//2962 2963//2963 2896//2896
f 2964//2964 2965//2965 2896//2896
f 2964//2964 2896//2896 2963//2963
f 2960//2960 2962//2962 2896//2896
f 2896//2896 2966//2966 2967//2967
f 2968//2968 2966//2966 2896//2896
f 2968//2968 2896//2896 2965//2965
f 2969//2969 2961//2961 2896//2896
f 2969//2969 2896//2896 2967//2967
f 2959//2959 2958//2958 2896//2896
f 2898//2898 2899//2899 2960//2960
f 2920//2920 2899//2899 2921//2921
f 2899//2899 2920//2920 2919//2919
f 2960//2960 2899//2899 2919//2919
f 2902//2902 2901//2901 2900//2900
f 2903//2903 2901//2901 2902//2902
f 2902//2902 2933//2933 2903//2903
f 2903//2903 2933//2933 2904//2904
f 2933//2933 2905//2905 2904//2904
f 2907//2907 2931//2931 2909//2909
f 2909//2909 2932//2932 2908//2908
f 2908//2908 2970//2970 2971//2971
f 2908//2908 2932//2932 2970//2970
f 2908//2908 2972//2972 2911//2911
f 2908//2908 2971//2971 2972//2972
f 2911//2911 2972//2972 2910//2910
f 2912//2912 2910//2910 2972//2972
f 2973//2973 2915//2915 2912//2912
f 2972//2972 2974//2974 2912//2912
f 2973//2973 2912//2912 2974//2974
f 2913//2913 2914//2914 2975//2975
f 2975//2975 2926//2926 2913//2913
f 2975//2975 2914//2914 2976//2976
f 2976//2976 2914//2914 2973//2973
f 2914//2914 2915//2915 2973//2973
f 2947//2947 2918//2918 2916//2916
f 2960//2960 2919//2919 2917//2917
f 2917//2917 2918//2918 2962//2962
f 2962//2962 2960//2960 2917//2917
f 2962//2962 2918//2918 2947//2947
f 2924//2924 2922//2922 2927//2927
f 2924//2924 2977//2977 2923//2923
f 2923//2923 2978//2978 2928//2928
f 2928//2928 2929//2929 2923//2923
f 2977//2977 2978//2978 2923//2923
f 2979//2979 2977//2977 2924//2924
f 2927//2927 2979//2979 2924//2924
f 2980//2980 2925//2925 2981//2981
f 2979//2979 2927//2927 2925//2925
f 2979//2979 2925//2925 2980//2980
f 2925//2925 2926//2926 2981//2981
f 2981//2981 2926//2926 2975//2975
f 2978//2978 2930//2930 2928//2928
f 2930//2930 2982//2982 2934//2934
f 2930//2930 2978//2978 2977//2977
f 2930//2930 2977//2977 2982//2982
f 2970//2970 2932//2932 2936//2936
f 2982//2982 2935//2935 2934//2934
f 2935//2935 2982//2982 2939//2939
f 2936//2936 2938//2938 2970//2970
f 2937//2937 2940//2940 2983//2983
f 2983//2983 2984//2984 2937//2937
f 2984//2984 2938//2938 2937//2937
f 2984//2984 2970//2970 2938//2938
f 2982//2982 2940//2940 2939//2939
f 2982//2982 2983//2983 2940//2940
f 2965//2965 2944//2944 2941//2941
f 2941//2941 2943//2943 2965//2965
f 2985//2985 2943//2943 2942//2942
f 2942//2942 2986//2986 2985//2985
f 2986//2986 2942//2942 2987//2987
f 2942//2942 2988//2988 2987//2987
f 2942//2942 2948//2948 2988//2988
f 2985//2985 2965//2965 2943//2943
f 2944//2944 2965//2965 2945//2945
f 2965//2965 2964//2964 2945//2945
f 2964//2964 2946//2946 2945//2945
f 2964//2964 2963//2963 2946//2946
f 2947//2947 2946//2946 2963//2963
f 2963//2963 2962//2962 2947//2947
f 2989//2989 2986//2986 2948//2948
f 2990//2990 2948//2948 2950//2950
f 2990//2990 2989//2989 2948//2948
f 2986//2986 2988//2988 2948//2948
f 2949//2949 2954//2954 2991//2991
f 2949//2949 2992//2992 2950//2950
f 2991//2991 2992//2992 2949//2949
f 2992//2992 2990//2990 2950//2950
f 2951//2951 2953//2953 2993//2993
f 2955//2955 2951//2951 2993//2993
f 2952//2952 2956//2956 2994//2994
f 2994//2994 2953//2953 2952//2952
f 2993//2993 2953//2953 2994//2994
f 2954//2954 2995//2995 2991//2991
f 2954//2954 2955//2955 2995//2995
f 2993//2993 2996//2996 2955//2955
f 2995//2995 2955//2955 2996//2996
f 2994//2994 2956//2956 2957//2957
f 2957//2957 2997//2997 2994//2994
f 2959//2959 2997//2997 2957//2957
f 2959//2959 2961//2961 2997//2997
f 2961//2961 2969//2969 2998//2998
f 2998//2998 2997//2997 2961//2961
f 2965//2965 2999//2999 2968//2968
f 2985//2985 2999//2999 2965//2965
f 2966//2966 3000//3000 2967//2967
f 3001//3001 2966//2966 2985//2985
f 2985//2985 2966//2966 3002//3002
f 3001//3001 3000//3000 2966//2966
f 2966//2966 2968//2968 2999//2999
f 2966//2966 2999//2999 3002//3002
f 3003//3003 2969//2969 2967//2967
f 3004//3004 2967//2967 3000//3000
f 3003//3003 2967//2967 3004//3004
f 2969//2969 3003//3003 3005//3005
f 2969//2969 3005//3005 2998//2998
f 2971//2971 2970//2970 2974//2974
f 2970//2970 2984//2984 3006//3006
f 3006//3006 2974//2974 2970//2970
f 2971//2971 2974//2974 2972//2972
f 3006//3006 2976//2976 2973//2973
f 3006//3006 2973//2973 2974//2974
f 2976//2976 2981//2981 2975//2975
f 3006//3006 2981//2981 2976//2976
f 2977//2977 2979//2979 2980//2980
f 2980//2980 2982//2982 2977//2977
f 2980//2980 2981//2981 3006//3006
f 2980//2980 3006//3006 2982//2982
f 2982//2982 3007//3007 2983//2983
f 2982//2982 3006//3006 3007//3007
f 2984//2984 2983//2983 3007//3007
f 2984//2984 3007//3007 3006//3006
f 3008//3008 2985//2985 2986//2986
f 3008//3008 3001//3001 2985//2985
f 3002//3002 2999//2999 2985//2985
f 2986//2986 2987//2987 2988//2988
f 2986//2986 2989//2989 3008//3008
f 2990//2990 3009//3009 2989//2989
f 3001//3001 2989//2989 3009//3009
f 3001//3001 3008//3008 2989//2989
f 3009//3009 2990//2990 3010//3010
f 2992//2992 3011//3011 2990//2990
f 2990//2990 3011//3011 3010//3010
f 3012//3012 2991//2991 3005//3005
f 3013//3013 2991//2991 3014//3014
f 3015//3015 2992//2992 2991//2991
f 2991//2991 2996//2996 3016//3016
f 2995//2995 2996//2996 2991//2991
f 2991//2991 3016//3016 3005//3005
f 2991//2991 3012//3012 3014//3014
f 2991//2991 3013//3013 3015//3015
f 2992//2992 3015//3015 3011//3011
f 3017//3017 2996//2996 2993//2993
f 2994//2994 3017//3017 2993//2993
f 3017//3017 2994//2994 2997//2997
f 3017//3017 3016//3016 2996//2996
f 3017//3017 2997//2997 2998//2998
f 3016//3016 3017//3017 2998//2998
f 2998//2998 3005//3005 3016//3016
f 3018//3018 3000//3000 3001//3001
f 3018//3018 3004//3004 3000//3000
f 3009//3009 3019//3019 3001//3001
f 3020//3020 3018//3018 3001//3001
f 3020//3020 3001//3001 3019//3019
f 3003//3003 3021//3021 3022//3022
f 3021//3021 3003//3003 3023//3023
f 3023//3023 3003//3003 3024//3024
f 3024//3024 3003//3003 3018//3018
f 3004//3004 3018//3018 3003//3003
f 3003//3003 3022//3022 3005//3005
f 3005//3005 3022//3022 3012//3012
f 3010//3010 3025//3025 3009//3009
f 3019//3019 3009//3009 3025//3025
f 3010//3010 3011//3011 3026//3026
f 3026//3026 3025//3025 3010//3010
f 3015//3015 3027//3027 3011//3011
f 3011//3011 3027//3027 3026//3026
f 3012//3012 3028//3028 3014//3014
f 3022//3022 3028//3028 3012//3012
f 3014//3014 3029//3029 3013//3013
f 3029//3029 3015//3015 3013//3013
f 3028//3028 3029//3029 3014//3014
f 3027//3027 3015//3015 3029//3029
f 3030//3030 3024//3024 3018//3018
f 3020//3020 3030//3030 3018//3018
f 3025//3025 3030//3030 3019//3019
f 3020//3020 3019//3019 3030//3030
f 3021//3021 3028//3028 3022//3022
f 3028//3028 3021//3021 3029//3029
f 3029//3029 3021//3021 3031//3031
f 3023//3023 3031//3031 3021//3021
f 3024//3024 3031//3031 3023//3023
f 3024//3024 3030//3030 3027//3027
f 3024//3024 3027//3027 3031//3031
f 3027//3027 3025//3025 3026//3026
f 3030//3030 3025//3025 3027//3027
f 3029//3029 3031//3031 3027//3027
f 3032//3032 3033//3033 3034//3034
f 3034//3034 3035//3035 3032//3032
f 3032//3032 3036//3036 3037//3037
f 3032//3032 3037//3037 3038//3038
f 3036//3036 3032//3032 3035//3035
f 3038//3038 3039//3039 3032//3032
f 3033//3033 3032//3032 3039//3039
f 3040//3040 3033//3033 3041//3041
f 3042//3042 3043//3043 3033//3033
f 3040//3040 3042//3042 3033//3033
f 3043//3043 3044//3044 3033//3033
f 3044//3044 3034//3034 3033//3033
f 3041//3041 3033//3033 3045//3045
f 3033//3033 3039//3039 3045//3045
f 3044//3044 3046//3046 3034//3034
f 3034//3034 3046//3046 3035//3035
f 3035//3035 3046//3046 3047//3047
f 3035//3035 3047//3047 3036//3036
f 3048//3048 3036//3036 3047//3047
f 3036//3036 3048//3048 3049//3049
f 3036//3036 3049//3049 3037//3037
f 3037//3037 3050//3050 3038//3038
f 3051//3051 3050//3050 3037//3037
f 3037//3037 3049//3049 3052//3052
f 3051//3051 3037//3037 3052//3052
f 3050//3050 3039//3039 3038//3038
f 3039//3039 3050//3050 3053//3053
f 3053//3053 3054//3054 3039//3039
f 3054//3054 3055//3055 3039//3039
f 3055//3055 3056//3056 3039//3039
f 3039//3039 3056//3056 3057//3057
f 3057//3057 3045//3045 3039//3039
f 3058//3058 3040//3040 3059//3059
f 3041//3041 3059//3059 3040//3040
f 3060//3060 3042//3042 3040//3040
f 3058//3058 3060//3060 3040//3040
f 3059//3059 3041//3041 3045//3045
f 3061//3061 3043//3043 3042//3042
f 3061//3061 3042//3042 3060//3060
f 3061//3061 3062//3062 3043//3043
f 3043//3043 3063//3063 3044//3044
f 3063//3063 3043//3043 3064//3064
f 3064//3064 3043//3043 3062//3062
f 3065//3065 3046//3046 3044//3044
f 3063//3063 3066//3066 3044//3044
f 3066//3066 3067//3067 3044//3044
f 3067//3067 3068//3068 3044//3044
f 3068//3068 3065//3065 3044//3044
f 3069//3069 3045//3045 3057//3057
f 3070//3070 3045//3045 3069//3069
f 3070//3070 3059//3059 3045//3045
f 3046//3046 3065//3065 3071//3071
f 3072//3072 3046//3046 3071//3071
f 3046//3046 3072//3072 3047//3047
f 3073//3073 3074//3074 3047//3047
f 3047//3047 3072//3072 3075//3075
f 3048//3048 3047//3047 3074//3074
f 3073//3073 3047//3047 3076//3076
f 3076//3076 3047//3047 3075//3075
f 3069//3069 3049//3049 3048//3048
f 3069//3069 3048//3048 3074//3074
f 3052//3052 3049//3049 3077//3077
f 3078//3078 3077//3077 3049//3049
f 3057//3057 3078//3078 3049//3049
f 3049//3049 3069//3069 3057//3057
f 3053//3053 3050//3050 3079//3079
f 3079//3079 3050//3050 3051//3051
f 3051//3051 3052//3052 3080//3080
f 3081//3081 3082//3082 3051//3051
f 3079//3079 3051//3051 3082//3082
f 3083//3083 3084//3084 3051//3051
f 3051//3051 3084//3084 3081//3081
f 3051//3051 3080//3080 3085//3085
f 3085//3085 3083//3083 3051//3051
f 3080//3080 3052//3052 3077//3077
f 3079//3079 3086//3086 3053//3053
f 3087//3087 3053//3053 3088//3088
f 3088//3088 3053//3053 3086//3086
f 3053//3053 3087//3087 3054//3054
f 3054//3054 3087//3087 3055//3055
f 3089//3089 3090//3090 3055//3055
f 3055//3055 3091//3091 3089//3089
f 3091//3091 3055//3055 3087//3087
f 3055//3055 3092//3092 3093//3093
f 3055//3055 3093//3093 3094//3094
f 3056//3056 3055//3055 3094//3094
f 3092//3092 3055//3055 3090//3090
f 3095//3095 3056//3056 3094//3094
f 3056//3056 3095//3095 3096//3096
f 3096//3096 3097//3097 3056//3056
f 3056//3056 3097//3097 3057//3057
f 3097//3097 3096//3096 3057//3057
f 3057//3057 3096//3096 3078//3078
f 3058//3058 3098//3098 3099//3099
f 3099//3099 3060//3060 3058//3058
f 3058//3058 3059//3059 3098//3098
f 3059//3059 3100//3100 3098//3098
f 3100//3100 3059//3059 3070//3070
f 3060//3060 3099//3099 3062//3062
f 3061//3061 3060//3060 3062//3062
f 3064//3064 3062//3062 3099//3099
f 3101//3101 3063//3063 3064//3064
f 3101//3101 3066//3066 3063//3063
f 3064//3064 3099//3099 3101//3101
f 3068//3068 3102//3102 3065//3065
f 3102//3102 3103//3103 3065//3065
f 3071//3071 3065//3065 3103//3103
f 3104//3104 3066//3066 3105//3105
f 3106//3106 3067//3067 3066//3066
f 3066//3066 3107//3107 3106//3106
f 3104//3104 3107//3107 3066//3066
f 3105//3105 3066//3066 3108//3108
f 3101//3101 3108//3108 3066//3066
f 3068//3068 3067//3067 3106//3106
f 3102//3102 3068//3068 3109//3109
f 3068//3068 3106//3106 3110//3110
f 3111//3111 3068//3068 3110//3110
f 3112//3112 3109//3109 3068//3068
f 3112//3112 3068//3068 3111//3111
f 3069//3069 3113//3113 3070//3070
f 3114//3114 3115//3115 3069//3069
f 3113//3113 3069//3069 3115//3115
f 3074//3074 3116//3116 3069//3069
f 3069//3069 3116//3116 3114//3114
f 3070//3070 3113//3113 3100//3100
f 3072//3072 3071//3071 3117//3117
f 3117//3117 3071//3071 3103//3103
f 3075//3075 3072//3072 3118//3118
f 3117//3117 3118//3118 3072//3072
f 3076//3076 3119//3119 3073//3073
f 3073//3073 3116//3116 3074//3074
f 3116//3116 3073//3073 3120//3120
f 3120//3120 3073//3073 3119//3119
f 3121//3121 3076//3076 3075//3075
f 3121//3121 3075//3075 3122//3122
f 3075//3075 3123//3123 3122//3122
f 3075//3075 3118//3118 3123//3123
f 3124//3124 3125//3125 3076//3076
f 3076//3076 3125//3125 3119//3119
f 3124//3124 3076//3076 3121//3121
f 3077//3077 3078//3078 3085//3085
f 3077//3077 3085//3085 3080//3080
f 3085//3085 3078//3078 3126//3126
f 3127//3127 3078//3078 3096//3096
f 3127//3127 3126//3126 3078//3078
f 3128//3128 3129//3129 3079//3079
f 3086//3086 3079//3079 3129//3129
f 3130//3130 3128//3128 3079//3079
f 3082//3082 3130//3130 3079//3079
f 3081//3081 3084//3084 3082//3082
f 3131//3131 3130//3130 3082//3082
f 3084//3084 3131//3131 3082//3082
f 3083//3083 3132//3132 3133//3133
f 3134//3134 3084//3084 3083//3083
f 3135//3135 3083//3083 3085//3085
f 3083//3083 3135//3135 3132//3132
f 3133//3133 3134//3134 3083//3083
f 3136//3136 3131//3131 3084//3084
f 3134//3134 3136//3136 3084//3084
f 3126//3126 3135//3135 3085//3085
f 3137//3137 3138//3138 3086//3086
f 3086//3086 3129//3129 3139//3139
f 3086//3086 3140//3140 3141//3141
f 3140//3140 3086//3086 3138//3138
f 3086//3086 3139//3139 3137//3137
f 3142//3142 3086//3086 3141//3141
f 3086//3086 3142//3142 3088//3088
f 3143//3143 3144//3144 3087//3087
f 3143//3143 3087//3087 3145//3145
f 3145//3145 3087//3087 3146//3146
f 3146//3146 3087//3087 3088//3088
f 3144//3144 3091//3091 3087//3087
f 3088//3088 3142//3142 3146//3146
f 3147//3147 3148//3148 3089//3089
f 3089//3089 3148//3148 3090//3090
f 3089//3089 3091//3091 3147//3147
f 3149//3149 3090//3090 3148//3148
f 3149//3149 3092//3092 3090//3090
f 3091//3091 3144//3144 3147//3147
f 3093//3093 3092//3092 3149//3149
f 3149//3149 3150//3150 3093//3093
f 3151//3151 3094//3094 3093//3093
f 3151//3151 3093//3093 3096//3096
f 3093//3093 3150//3150 3127//3127
f 3096//3096 3093//3093 3127//3127
f 3151//3151 3095//3095 3094//3094
f 3096//3096 3095//3095 3151//3151
f 3152//3152 3098//3098 3100//3100
f 3152//3152 3099//3099 3098//3098
f 3153//3153 3101//3101 3099//3099
f 3153//3153 3099//3099 3154//3154
f 3154//3154 3099//3099 3152//3152
f 3113//3113 3155//3155 3100//3100
f 3152//3152 3100//3100 3155//3155
f 3101//3101 3156//3156 3108//3108
f 3153//3153 3156//3156 3101//3101
f 3157//3157 3102//3102 3109//3109
f 3158//3158 3103//3103 3102//3102
f 3159//3159 3158//3158 3102//3102
f 3159//3159 3102//3102 3157//3157
f 3103//3103 3118//3118 3117//3117
f 3118//3118 3103//3103 3158//3158
f 3110//3110 3104//3104 3105//3105
f 3110//3110 3107//3107 3104//3104
f 3160//3160 3105//3105 3161//3161
f 3105//3105 3160//3160 3110//3110
f 3161//3161 3105//3105 3108//3108
f 3107//3107 3110//3110 3106//3106
f 3162//3162 3161//3161 3108//3108
f 3108//3108 3163//3163 3164//3164
f 3162//3162 3108//3108 3164//3164
f 3108//3108 3156//3156 3163//3163
f 3157//3157 3109//3109 3165//3165
f 3165//3165 3109//3109 3112//3112
f 3166//3166 3110//3110 3167//3167
f 3160//3160 3167//3167 3110//3110
f 3166//3166 3168//3168 3110//3110
f 3110//3110 3168//3168 3111//3111
f 3169//3169 3111//3111 3168//3168
f 3169//3169 3170//3170 3111//3111
f 3112//3112 3111//3111 3165//3165
f 3165//3165 3111//3111 3171//3171
f 3171//3171 3111//3111 3170//3170
f 3113//3113 3172//3172 3155//3155
f 3113//3113 3173//3173 3174//3174
f 3113//3113 3175//3175 3176//3176
f 3115//3115 3177//3177 3113//3113
f 3113//3113 3174//3174 3172//3172
f 3113//3113 3176//3176 3173//3173
f 3177//3177 3178//3178 3113//3113
f 3113//3113 3178//3178 3175//3175
f 3114//3114 3179//3179 3115//3115
f 3179//3179 3114//3114 3180//3180
f 3180//3180 3114//3114 3116//3116
f 3179//3179 3181//3181 3115//3115
f 3115//3115 3181//3181 3177//3177
f 3120//3120 3182//3182 3116//3116
f 3183//3183 3116//3116 3182//3182
f 3184//3184 3116//3116 3183//3183
f 3184//3184 3180//3180 3116//3116
f 3158//3158 3185//3185 3118//3118
f 3123//3123 3118//3118 3185//3185
f 3120//3120 3119//3119 3182//3182
f 3125//3125 3182//3182 3119//3119
f 3186//3186 3121//3121 3122//3122
f 3121//3121 3186//3186 3124//3124
f 3187//3187 3122//3122 3188//3188
f 3123//3123 3188//3188 3122//3122
f 3187//3187 3186//3186 3122//3122
f 3123//3123 3185//3185 3188//3188
f 3189//3189 3125//3125 3124//3124
f 3186//3186 3190//3190 3124//3124
f 3124//3124 3190//3190 3189//3189
f 3191//3191 3182//3182 3125//3125
f 3189//3189 3191//3191 3125//3125
f 3135//3135 3126//3126 3132//3132
f 3133//3133 3132//3132 3126//3126
f 3192//3192 3126//3126 3127//3127
f 3133//3133 3126//3126 3192//3192
f 3192//3192 3127//3127 3150//3150
f 3193//3193 3194//3194 3128//3128
f 3129//3129 3128//3128 3195//3195
f 3195//3195 3128//3128 3194//3194
f 3128//3128 3196//3196 3193//3193
f 3196//3196 3128//3128 3130//3130
f 3197//3197 3198//3198 3129//3129
f 3195//3195 3197//3197 3129//3129
f 3139//3139 3129//3129 3198//3198
f 3199//3199 3130//3130 3131//3131
f 3199//3199 3196//3196 3130//3130
f 3131//3131 3136//3136 3199//3199
f 3134//3134 3133//3133 3192//3192
f 3200//3200 3136//3136 3134//3134
f 3134//3134 3192//3192 3200//3200
f 3199//3199 3136//3136 3200//3200
f 3138//3138 3137//3137 3201//3201
f 3198//3198 3137//3137 3139//3139
f 3198//3198 3201//3201 3137//3137
f 3138//3138 3202//3202 3140//3140
f 3138//3138 3203//3203 3202//3202
f 3201//3201 3203//3203 3138//3138
f 3140//3140 3202//3202 3204//3204
f 3140//3140 3205//3205 3141//3141
f 3140//3140 3204//3204 3206//3206
f 3206//3206 3205//3205 3140//3140
f 3142//3142 3141//3141 3207//3207
f 3141//3141 3205//3205 3208//3208
f 3207//3207 3141//3141 3208//3208
f 3207//3207 3146//3146 3142//3142
f 3144//3144 3143//3143 3147//3147
f 3147//3147 3143//3143 3145//3145
f 3147//3147 3145//3145 3146//3146
f 3209//3209 3147//3147 3146//3146
f 3207//3207 3209//3209 3146//3146
f 3148//3148 3147//3147 3209//3209
f 3210//3210 3148//3148 3209//3209
f 3148//3148 3211//3211 3149//3149
f 3210//3210 3212//3212 3148//3148
f 3211//3211 3148//3148 3212//3212
f 3211//3211 3150//3150 3149//3149
f 3150//3150 3212//3212 3213//3213
f 3150//3150 3214//3214 3200//3200
f 3150//3150 3215//3215 3216//3216
f 3214//3214 3150//3150 3216//3216
f 3150//3150 3200//3200 3192//3192
f 3217//3217 3218//3218 3150//3150
f 3150//3150 3218//3218 3219//3219
f 3215//3215 3150//3150 3219//3219
f 3150//3150 3213//3213 3220//3220
f 3217//3217 3150//3150 3220//3220
f 3150//3150 3211//3211 3212//3212
f 3152//3152 3155//3155 3154//3154
f 3154//3154 3156//3156 3153//3153
f 3156//3156 3154//3154 3163//3163
f 3163//3163 3154//3154 3221//3221
f 3154//3154 3155//3155 3172//3172
f 3172//3172 3221//3221 3154//3154
f 3165//3165 3159//3159 3157//3157
f 3222//3222 3158//3158 3159//3159
f 3158//3158 3223//3223 3185//3185
f 3222//3222 3223//3223 3158//3158
f 3224//3224 3159//3159 3165//3165
f 3159//3159 3224//3224 3222//3222
f 3160//3160 3161//3161 3225//3225
f 3225//3225 3178//3178 3160//3160
f 3178//3178 3226//3226 3160//3160
f 3160//3160 3226//3226 3167//3167
f 3225//3225 3161//3161 3162//3162
f 3162//3162 3164//3164 3225//3225
f 3173//3173 3176//3176 3163//3163
f 3221//3221 3173//3173 3163//3163
f 3176//3176 3175//3175 3163//3163
f 3163//3163 3175//3175 3164//3164
f 3175//3175 3225//3225 3164//3164
f 3227//3227 3224//3224 3165//3165
f 3171//3171 3228//3228 3165//3165
f 3165//3165 3228//3228 3227//3227
f 3166//3166 3167//3167 3229//3229
f 3168//3168 3166//3166 3169//3169
f 3169//3169 3166//3166 3229//3229
f 3167//3167 3226//3226 3229//3229
f 3230//3230 3171//3171 3169//3169
f 3169//3169 3229//3229 3231//3231
f 3171//3171 3170//3170 3169//3169
f 3169//3169 3231//3231 3230//3230
f 3171//3171 3232//3232 3228//3228
f 3171//3171 3233//3233 3232//3232
f 3230//3230 3233//3233 3171//3171
f 3174//3174 3221//3221 3172//3172
f 3174//3174 3173//3173 3221//3221
f 3178//3178 3225//3225 3175//3175
f 3177//3177 3226//3226 3178//3178
f 3234//3234 3235//3235 3177//3177
f 3235//3235 3226//3226 3177//3177
f 3181//3181 3236//3236 3177//3177
f 3236//3236 3234//3234 3177//3177
f 3179//3179 3236//3236 3181//3181
f 3236//3236 3179//3179 3180//3180
f 3180//3180 3184//3184 3237//3237
f 3180//3180 3238//3238 3236//3236
f 3238//3238 3180//3180 3237//3237
f 3239//3239 3183//3183 3182//3182
f 3182//3182 3191//3191 3239//3239
f 3240//3240 3183//3183 3239//3239
f 3237//3237 3183//3183 3240//3240
f 3237//3237 3184//3184 3183//3183
f 3223//3223 3188//3188 3185//3185
f 3190//3190 3186//3186 3187//3187
f 3188//3188 3241//3241 3187//3187
f 3187//3187 3241//3241 3242//3242
f 3187//3187 3242//3242 3190//3190
f 3222//3222 3243//3243 3188//3188
f 3188//3188 3223//3223 3222//3222
f 3188//3188 3243//3243 3241//3241
f 3244//3244 3189//3189 3245//3245
f 3189//3189 3190//3190 3242//3242
f 3245//3245 3189//3189 3242//3242
f 3244//3244 3191//3191 3189//3189
f 3239//3239 3191//3191 3244//3244
f 3193//3193 3216//3216 3215//3215
f 3193//3193 3215//3215 3194//3194
f 3193//3193 3196//3196 3216//3216
f 3195//3195 3194//3194 3215//3215
f 3215//3215 3197//3197 3195//3195
f 3196//3196 3214//3214 3216//3216
f 3214//3214 3196//3196 3199//3199
f 3198//3198 3197//3197 3246//3246
f 3197//3197 3215//3215 3246//3246
f 3246//3246 3247//3247 3198//3198
f 3248//3248 3198//3198 3247//3247
f 3248//3248 3249//3249 3198//3198
f 3249//3249 3201//3201 3198//3198
f 3199//3199 3200//3200 3214//3214
f 3201//3201 3247//3247 3250//3250
f 3203//3203 3201//3201 3251//3251
f 3201//3201 3250//3250 3251//3251
f 3201//3201 3249//3249 3247//3247
f 3252//3252 3204//3204 3202//3202
f 3203//3203 3253//3253 3202//3202
f 3202//3202 3253//3253 3252//3252
f 3203//3203 3251//3251 3253//3253
f 3252//3252 3254//3254 3204//3204
f 3254//3254 3206//3206 3204//3204
f 3255//3255 3208//3208 3205//3205
f 3255//3255 3205//3205 3206//3206
f 3206//3206 3256//3256 3255//3255
f 3256//3256 3206//3206 3254//3254
f 3257//3257 3209//3209 3207//3207
f 3207//3207 3208//3208 3257//3257
f 3257//3257 3208//3208 3255//3255
f 3210//3210 3209//3209 3257//3257
f 3257//3257 3258//3258 3210//3210
f 3210//3210 3258//3258 3212//3212
f 3258//3258 3213//3213 3212//3212
f 3259//3259 3220//3220 3213//3213
f 3213//3213 3258//3258 3259//3259
f 3219//3219 3260//3260 3215//3215
f 3215//3215 3260//3260 3246//3246
f 3217//3217 3220//3220 3261//3261
f 3217//3217 3262//3262 3218//3218
f 3262//3262 3217//3217 3263//3263
f 3263//3263 3217//3217 3261//3261
f 3246//3246 3218//3218 3264//3264
f 3265//3265 3218//3218 3246//3246
f 3218//3218 3262//3262 3264//3264
f 3260//3260 3219//3219 3218//3218
f 3265//3265 3260//3260 3218//3218
f 3266//3266 3261//3261 3220//3220
f 3259//3259 3266//3266 3220//3220
f 3222//3222 3224//3224 3243//3243
f 3227//3227 3267//3267 3224//3224
f 3241//3241 3243//3243 3224//3224
f 3267//3267 3241//3241 3224//3224
f 3229//3229 3226//3226 3235//3235
f 3227//3227 3228//3228 3267//3267
f 3232//3232 3267//3267 3228//3228
f 3235//3235 3231//3231 3229//3229
f 3268//3268 3233//3233 3230//3230
f 3230//3230 3269//3269 3268//3268
f 3230//3230 3231//3231 3269//3269
f 3231//3231 3235//3235 3269//3269
f 3232//3232 3233//3233 3267//3267
f 3233//3233 3268//3268 3267//3267
f 3238//3238 3235//3235 3234//3234
f 3236//3236 3238//3238 3234//3234
f 3270//3270 3269//3269 3235//3235
f 3235//3235 3238//3238 3270//3270
f 3237//3237 3240//3240 3270//3270
f 3238//3238 3237//3237 3270//3270
f 3239//3239 3244//3244 3240//3240
f 3240//3240 3244//3244 3270//3270
f 3245//3245 3242//3242 3241//3241
f 3241//3241 3267//3267 3245//3245
f 3270//3270 3244//3244 3245//3245
f 3267//3267 3270//3270 3245//3245
f 3247//3247 3246//3246 3271//3271
f 3246//3246 3264//3264 3271//3271
f 3246//3246 3260//3260 3265//3265
f 3249//3249 3248//3248 3247//3247
f 3271//3271 3250//3250 3247//3247
f 3250//3250 3272//3272 3251//3251
f 3272//3272 3250//3250 3264//3264
f 3250//3250 3271//3271 3264//3264
f 3273//3273 3251//3251 3272//3272
f 3251//3251 3274//3274 3253//3253
f 3273//3273 3274//3274 3251//3251
f 3266//3266 3252//3252 3275//3275
f 3276//3276 3252//3252 3277//3277
f 3252//3252 3253//3253 3278//3278
f 3279//3279 3256//3256 3252//3252
f 3252//3252 3256//3256 3254//3254
f 3266//3266 3279//3279 3252//3252
f 3276//3276 3275//3275 3252//3252
f 3278//3278 3277//3277 3252//3252
f 3274//3274 3278//3278 3253//3253
f 3255//3255 3256//3256 3280//3280
f 3255//3255 3280//3280 3257//3257
f 3256//3256 3279//3279 3280//3280
f 3258//3258 3257//3257 3280//3280
f 3259//3259 3258//3258 3280//3280
f 3259//3259 3280//3280 3279//3279
f 3279//3279 3266//3266 3259//3259
f 3281//3281 3282//3282 3261//3261
f 3283//3283 3261//3261 3282//3282
f 3284//3284 3261//3261 3283//3283
f 3285//3285 3261//3261 3284//3284
f 3261//3261 3285//3285 3263//3263
f 3266//3266 3281//3281 3261//3261
f 3264//3264 3262//3262 3285//3285
f 3262//3262 3263//3263 3285//3285
f 3264//3264 3286//3286 3272//3272
f 3264//3264 3285//3285 3287//3287
f 3286//3286 3264//3264 3287//3287
f 3275//3275 3281//3281 3266//3266
f 3268//3268 3288//3288 3267//3267
f 3288//3288 3270//3270 3267//3267
f 3288//3288 3268//3268 3269//3269
f 3270//3270 3288//3288 3269//3269
f 3272//3272 3289//3289 3273//3273
f 3289//3289 3272//3272 3286//3286
f 3290//3290 3274//3274 3273//3273
f 3273//3273 3289//3289 3290//3290
f 3274//3274 3291//3291 3278//3278
f 3290//3290 3291//3291 3274//3274
f 3276//3276 3292//3292 3275//3275
f 3275//3275 3292//3292 3281//3281
f 3277//3277 3293//3293 3276//3276
f 3276//3276 3293//3293 3292//3292
f 3277//3277 3278//3278 3293//3293
f 3293//3293 3278//3278 3291//3291
f 3281//3281 3292//3292 3282//3282
f 3293//3293 3282//3282 3292//3292
f 3294//3294 3282//3282 3293//3293
f 3282//3282 3294//3294 3283//3283
f 3283//3283 3294//3294 3284//3284
f 3291//3291 3295//3295 3284//3284
f 3285//3285 3284//3284 3295//3295
f 3294//3294 3291//3291 3284//3284
f 3285//3285 3295//3295 3287//3287
f 3286//3286 3295//3295 3289//3289
f 3295//3295 3286//3286 3287//3287
f 3290//3290 3289//3289 3291//3291
f 3291//3291 3289//3289 3295//3295
f 3291//3291 3294//3294 3293//3293
# 6490 faces, 0 coords texture

# End of File
