# File generated by ImageToStl.com - Free Image and 3D model conversion tools

o obj1
v 0.02788738 -0.15806168 0.02833869
v 0.02770261 -0.15676719 0.02765873
v 0.02661791 -0.15695912 0.02837185
v 0.02740366 -0.15853387 0.02923596
v 0.02891951 -0.15854621 0.02933511
v 0.02912563 -0.15809005 0.02832005
v 0.03040654 -0.15808415 0.02854897
v 0.0304909 -0.15834704 0.02961723
v 0.03102737 -0.15677658 0.02793313
v 0.02942708 -0.1565972 0.02766906
v 0.03123708 -0.15662852 0.02908099
v 0.02873849 -0.15810511 0.02995222
v 0.02768252 -0.15784967 0.03009758
v 0.02836562 -0.15705886 0.03062059
v 0.02957388 -0.15762323 0.03029336
v 0.02745482 -0.15641952 0.0302653
v 0.02670315 -0.15673459 0.02960426
v 0.02685213 -0.15518817 0.02894059
v 0.02751669 -0.15537483 0.0300737
v 0.02883441 -0.15579444 0.03042361
v 0.02498337 -0.14443326 0.02541273
v 0.02539331 -0.14444056 0.02649079
v 0.02483565 -0.14540777 0.02705336
v 0.02474572 -0.14537859 0.02536453
v 0.02718833 -0.14423099 0.02688795
v 0.02839658 -0.14395195 0.02690335
v 0.02826051 -0.14351404 0.02785886
v 0.0264629 -0.14410162 0.0275502
v 0.02686538 -0.14417884 0.02594165
v 0.02850964 -0.14384845 0.02574416
v 0.02959793 -0.14381874 0.02684477
v 0.03006696 -0.14383832 0.02610846
v 0.03115777 -0.14362663 0.02653874
v 0.03012041 -0.14353126 0.02743805
v 0.03043631 -0.14462915 0.02800011
v 0.02840673 -0.14454845 0.02846641
v 0.03167991 -0.1447275 0.02686175
v 0.02860563 -0.14599007 0.02843005
v 0.02687532 -0.14617893 0.02812306
v 0.02628342 -0.14494625 0.02827641
v 0.03026559 -0.14620185 0.02794478
v 0.02992006 -0.14778039 0.02807066
v 0.02864765 -0.14753133 0.02881454
v 0.03140392 -0.14643106 0.02693936
v 0.03090971 -0.14812055 0.02715303
v 0.03060335 -0.14971069 0.02755415
v 0.02981374 -0.14942053 0.0285793
v 0.03116389 -0.14640063 0.02548824
v 0.0306928 -0.1482875 0.02608358
v 0.03043585 -0.14989313 0.02659599
v 0.03042354 -0.15145561 0.02699488
v 0.03055954 -0.15127641 0.02796293
v 0.02929072 -0.14841649 0.02548167
v 0.02925836 -0.15006474 0.02602443
v 0.02926765 -0.15168306 0.02657982
v 0.02937482 -0.15329549 0.02704165
v 0.03053521 -0.15302977 0.02735846
v 0.02785573 -0.15030313 0.02615508
v 0.02792064 -0.15187356 0.0266365
v 0.02795123 -0.15344062 0.02709538
v 0.02779491 -0.15504357 0.02730466
v 0.02951419 -0.15492988 0.02736452
v 0.02694244 -0.15199506 0.02724562
v 0.02692397 -0.15347528 0.02755694
v 0.02655695 -0.15504783 0.02770085
v 0.02705469 -0.15371218 0.02868499
v 0.02710152 -0.15219295 0.02841733
v 0.02766891 -0.15246838 0.0295322
v 0.02762748 -0.15400442 0.02979953
v 0.02881669 -0.15270153 0.02987227
v 0.02890256 -0.15432754 0.03019542
v 0.02992714 -0.15279955 0.0292678
v 0.03010756 -0.15452266 0.02956428
v 0.03021632 -0.15622216 0.03000966
v 0.0309952 -0.15462857 0.02855045
v 0.03062997 -0.15288708 0.02826379
v 0.03098759 -0.15470773 0.02753283
v 0.02976612 -0.15109453 0.02892759
v 0.02869324 -0.15096307 0.02964614
v 0.02862823 -0.14920026 0.02927262
v 0.02761246 -0.15081605 0.02927179
v 0.02744922 -0.14914006 0.02889136
v 0.02727238 -0.14757481 0.02835875
v 0.02686381 -0.14919633 0.02767724
v 0.02637387 -0.14781269 0.02725148
v 0.02555047 -0.14661852 0.02713897
v 0.02611016 -0.14778557 0.02610952
v 0.02537889 -0.14658815 0.02573215
v 0.02736491 -0.14726827 0.02515575
v 0.0270103 -0.14598021 0.02467515
v 0.02672651 -0.1447992 0.02445238
v 0.02907958 -0.14556673 0.02418415
v 0.02884151 -0.14425388 0.02424372
v 0.02857502 -0.14303839 0.02447977
v 0.02644668 -0.14371586 0.02471569
v 0.03077313 -0.14415246 0.02461031
v 0.03051559 -0.14340147 0.02518003
v 0.02926214 -0.14683959 0.02498869
v 0.02766486 -0.14874786 0.02562041
v 0.02661083 -0.14912486 0.02647331
v 0.0269088 -0.15053508 0.0268959
v 0.02702709 -0.15067971 0.02811353
v 0.03154449 -0.14356527 0.02565417
v 0.03211365 -0.14453208 0.02538062
v 0.03062502 -0.14530802 0.02451483
v -0.05506067 -0.12059718 0.00868759
v -0.05564912 -0.12028866 0.00857865
v -0.05623531 -0.11998479 0.00901107
v -0.05547594 -0.12098524 0.00959067
v -0.0542423 -0.12081875 0.01001426
v -0.05432986 -0.12023719 0.00911898
v -0.05471046 -0.11933184 0.00847251
v -0.05514665 -0.11998491 0.00834845
v -0.05555053 -0.11987276 0.00831451
v -0.05593438 -0.11886185 0.00829173
v -0.05698657 -0.11803093 0.00885586
v -0.05717714 -0.11922508 0.00918964
v -0.05672459 -0.12043741 0.00947185
v -0.05618412 -0.12071987 0.00988968
v -0.05718147 -0.11992949 0.00943331
v -0.05703538 -0.12058832 0.00983723
v -0.05743771 -0.12002353 0.00991042
v -0.05708292 -0.12028427 0.01057768
v -0.056657 -0.12065279 0.01018436
v -0.05766634 -0.11896364 0.00991695
v -0.05385288 -0.11922258 0.00891431
v -0.0536024 -0.11818791 0.0088693
v -0.05436768 -0.11780474 0.00822568
v -0.05588956 -0.12080745 0.01027017
v -0.05551629 -0.12114241 0.01057656
v -0.05623946 -0.12090687 0.0104163
v -0.05546373 -0.11725578 0.00840552
v -0.05645137 -0.1166972 0.00889887
v -0.05622599 -0.12070944 0.01085662
v -0.05075687 -0.11216935 0.00858646
v -0.05190377 -0.11320829 0.00850422
v -0.05139363 -0.11384586 0.00927686
v -0.0501326 -0.11332392 0.00927231
v -0.04913552 -0.11228449 0.00898312
v -0.0489073 -0.11129143 0.00904461
v -0.05052136 -0.11059143 0.00841385
v -0.0486402 -0.11307513 0.00940284
v -0.0478444 -0.11214784 0.00985097
v -0.05420351 -0.10887459 0.00970832
v -0.05425195 -0.10979211 0.00953676
v -0.05387116 -0.10952857 0.00851049
v -0.05346031 -0.10860953 0.00918599
v -0.0480707 -0.1127097 0.0105867
v -0.04888844 -0.11319641 0.01025959
v -0.04960779 -0.11248203 0.01088435
v -0.04866697 -0.11200693 0.01120038
v -0.0484656 -0.11126311 0.01055399
v -0.05189752 -0.10907941 0.00984204
v -0.05203718 -0.10898985 0.00893149
v -0.05061035 -0.10983086 0.00909252
v -0.05087651 -0.10957528 0.01010949
v -0.05259543 -0.10865159 0.01035469
v -0.05106099 -0.10917354 0.01110057
v -0.04989218 -0.11024821 0.01030946
v -0.0493385 -0.11066141 0.00967353
v -0.04954813 -0.11028488 0.01110227
v -0.04987267 -0.11084416 0.01173379
v -0.05158906 -0.10964458 0.01175448
v -0.05209309 -0.11073136 0.01143143
v -0.05344557 -0.11012891 0.01073334
v -0.05336582 -0.10895267 0.01089703
v -0.05069236 -0.11161084 0.01146283
v -0.05143335 -0.11252367 0.01122082
v -0.05265685 -0.11183161 0.01122364
v -0.05047426 -0.11318071 0.01075316
v -0.05124785 -0.11413401 0.01080411
v -0.05208968 -0.11356779 0.01126043
v -0.05001243 -0.11367305 0.01007663
v -0.05098026 -0.11437201 0.01000179
v -0.05181586 -0.11517411 0.00995143
v -0.05194313 -0.11515604 0.01080155
v -0.05215293 -0.11478209 0.00913235
v -0.05276893 -0.11583555 0.00904069
v -0.0524099 -0.11618347 0.00987271
v -0.0526647 -0.11431326 0.00850175
v -0.0533083 -0.11544386 0.00846112
v -0.05391016 -0.116566 0.00842818
v -0.05327169 -0.11695928 0.00896022
v -0.05355384 -0.11384726 0.00864322
v -0.05417622 -0.11497649 0.00867719
v -0.05484926 -0.1160591 0.00860314
v -0.05503637 -0.11454979 0.00923017
v -0.05573377 -0.11558012 0.009099
v -0.0554861 -0.11446107 0.00999245
v -0.05613708 -0.11549879 0.00989998
v -0.05682285 -0.11659107 0.00979843
v -0.05735496 -0.11776886 0.00981057
v -0.05574429 -0.11592014 0.01075233
v -0.05627868 -0.11701853 0.01066904
v -0.05679348 -0.11808246 0.01072462
v -0.05715152 -0.11923255 0.01080735
v -0.05527192 -0.11765087 0.01124959
v -0.05566122 -0.11875839 0.0112846
v -0.05601816 -0.11985955 0.01124424
v -0.05438391 -0.11945504 0.01113794
v -0.05486107 -0.12057755 0.01100634
v -0.05349747 -0.11981045 0.01033551
v -0.05413087 -0.11824573 0.01120077
v -0.05336392 -0.11846852 0.01049035
v -0.05321209 -0.11840682 0.00968477
v -0.05350449 -0.11962677 0.00947404
v -0.05305877 -0.11731119 0.01064928
v -0.0529833 -0.1172067 0.00982554
v -0.05257067 -0.11620098 0.01073981
v -0.0537669 -0.11706018 0.01128979
v -0.05327004 -0.11587698 0.01132607
v -0.05270397 -0.1147059 0.01131948
v -0.05428046 -0.11531392 0.01119809
v -0.05372324 -0.1141317 0.01114247
v -0.05318823 -0.11297769 0.01115761
v -0.0546284 -0.11362249 0.01074776
v -0.05416835 -0.11243028 0.01069958
v -0.05375318 -0.11125644 0.01068164
v -0.05453192 -0.11218975 0.00988089
v -0.05428537 -0.11099554 0.00963689
v -0.05404284 -0.11235512 0.00913919
v -0.05404521 -0.11103232 0.00863634
v -0.05299372 -0.11263634 0.00859255
v -0.0526026 -0.11130562 0.00837302
v -0.05228145 -0.10988297 0.00832355
v -0.05441663 -0.11352452 0.00930786
v -0.05501779 -0.11332752 0.0100004
v -0.05520807 -0.11478437 0.01083186
v -0.05480347 -0.11650188 0.01123076
v -0.0037632 -0.16609588 0.03419746
v -0.00439382 -0.16635874 0.03325865
v -0.00562188 -0.16602448 0.03344088
v -0.00521521 -0.16602904 0.03426294
v -0.00317295 -0.16619182 0.0330423
v -0.00376146 -0.16610757 0.03231148
v -0.00279781 -0.16501805 0.03370035
v -0.00267144 -0.1653744 0.03254488
v -0.00365999 -0.16513604 0.0317248
v -0.00214775 -0.1639623 0.03194265
v -0.00348914 -0.16383684 0.03124884
v -0.00488161 -0.16373459 0.03118154
v -0.00479784 -0.16487819 0.0315484
v -0.00563193 -0.1652424 0.03458708
v -0.0043498 -0.16520333 0.034506
v -0.00390039 -0.16434634 0.03416377
v -0.00543623 -0.16394922 0.03401807
v -0.00463662 -0.16239426 0.03088345
v -0.00600948 -0.16225022 0.03081275
v -0.00607107 -0.16377899 0.03123934
v -0.00441112 -0.15206659 0.02594719
v -0.00516589 -0.15294272 0.02630728
v -0.00307479 -0.15333325 0.02618294
v -0.00271656 -0.15197432 0.02583754
v -0.0028411 -0.15239319 0.02754743
v -0.00460719 -0.15215248 0.02726633
v 0.00064154 -0.15441439 0.02951987
v -0.00025395 -0.1554932 0.0299495
v -0.00147355 -0.15431988 0.03057004
v -0.00067602 -0.15313333 0.03039411
v -0.00632264 -0.15205455 0.02747283
v -0.00435655 -0.15209043 0.02864306
v -0.00539286 -0.15161449 0.02934523
v -0.00569714 -0.15304098 0.03013043
v -0.00705312 -0.15341389 0.02830632
v 0.00048309 -0.15325302 0.02819094
v -0.00088226 -0.15271783 0.02705677
v -0.00089594 -0.15361932 0.02661268
v 0.00065556 -0.15390068 0.02741494
v -0.00071528 -0.15263104 0.02912459
v -0.00133633 -0.15272123 0.02814176
v -0.00277467 -0.15208972 0.02908278
v -0.00298851 -0.15170279 0.03047955
v -0.00338448 -0.15329877 0.03079887
v -0.00210176 -0.15566385 0.03088677
v -0.00367728 -0.15494585 0.03099526
v -0.00537125 -0.15477762 0.03037071
v -0.00645651 -0.15502897 0.02902315
v -0.00402931 -0.15654537 0.03155144
v -0.00533751 -0.15638074 0.03083017
v -0.00613258 -0.15648854 0.02960533
v -0.00548029 -0.15665993 0.02846863
v -0.00558996 -0.15530732 0.02773848
v -0.00549788 -0.15789631 0.03136478
v -0.00611361 -0.15790454 0.03018859
v -0.00543789 -0.1580402 0.02922618
v -0.00398505 -0.15815637 0.02880955
v -0.00377571 -0.15674317 0.02815351
v -0.00622167 -0.15932408 0.03075836
v -0.00554069 -0.15943798 0.02990096
v -0.00420532 -0.15958834 0.02954606
v -0.00287785 -0.15958053 0.02985564
v -0.00251206 -0.15826014 0.02905028
v -0.00571706 -0.16083494 0.03046581
v -0.00439066 -0.16098836 0.03031203
v -0.00306342 -0.16095811 0.03052401
v -0.00207691 -0.16080716 0.03103313
v -0.00185627 -0.15948424 0.03044486
v -0.00320112 -0.16240123 0.03106475
v -0.00194769 -0.16232997 0.03142339
v -0.00228757 -0.16202652 0.03245895
v -0.00235776 -0.16049382 0.03196087
v -0.00237077 -0.16359758 0.03299747
v -0.00361261 -0.16306448 0.03366155
v -0.00347592 -0.16161364 0.03315171
v -0.00493427 -0.16120452 0.03323539
v -0.00470101 -0.15966293 0.03275318
v -0.00333807 -0.16008651 0.03263808
v -0.00517824 -0.16263548 0.03366071
v -0.00640514 -0.16233629 0.03269689
v -0.00607544 -0.16088024 0.03238121
v -0.00686021 -0.16382834 0.03315135
v -0.00644839 -0.16072288 0.03122969
v -0.00579414 -0.15939048 0.03193131
v -0.0068381 -0.16217503 0.03151523
v -0.00702372 -0.16386113 0.03189954
v -0.00439562 -0.15810597 0.03215317
v -0.00262747 -0.15710178 0.03151466
v -0.00307153 -0.15858054 0.03206225
v -0.00160298 -0.15779272 0.03087229
v -0.00204334 -0.15910912 0.03144177
v -0.00147862 -0.15823859 0.02983516
v -0.00097784 -0.15657926 0.03034218
v -0.00092419 -0.15704846 0.02923428
v -0.00204175 -0.15694872 0.02828086
v -0.0001908 -0.15606996 0.02857813
v -0.00168231 -0.15566161 0.02769144
v -0.00361644 -0.15546763 0.0274261
v -0.00116202 -0.15480313 0.02677773
v -0.0034001 -0.154531 0.02642237
v -0.0057625 -0.15409809 0.02673625
v 0.00060126 -0.15503949 0.02791476
v -0.00664831 -0.16532403 0.03349833
v -0.00569072 -0.1660015 0.03243917
v -0.00655805 -0.16525808 0.032322
v -0.00484885 -0.16607615 0.03249865
v -0.00460651 -0.16583335 0.03182186
v -0.00531449 -0.16554034 0.03191865
v -0.00575459 -0.16490319 0.03171982
v -0.03099127 -0.15141007 0.02537662
v -0.03201421 -0.15104663 0.02519811
v -0.03205626 -0.15120143 0.02586951
v -0.03145445 -0.15132168 0.02612105
v -0.03042585 -0.15081447 0.02483787
v -0.03164288 -0.15024903 0.0245382
v -0.03257597 -0.15064889 0.02556973
v -0.03256565 -0.1508199 0.02622502
v -0.03191892 -0.15096897 0.02683329
v -0.02931251 -0.15133667 0.02649763
v -0.02959185 -0.1513086 0.02570121
v -0.03034642 -0.15157661 0.02621314
v -0.0299145 -0.1514453 0.02716722
v -0.03091092 -0.15142545 0.02650523
v -0.03097919 -0.15120316 0.02726663
v -0.03249551 -0.1498459 0.02505939
v -0.03265322 -0.14971924 0.02594345
v -0.0252263 -0.14228323 0.02272301
v -0.02585848 -0.14206916 0.02183614
v -0.02644758 -0.14308128 0.02259269
v -0.02596067 -0.14284393 0.02396139
v -0.0249515 -0.14141166 0.02286899
v -0.02576462 -0.14109135 0.02193552
v -0.0313732 -0.13981032 0.0212851
v -0.03112882 -0.13935658 0.02220039
v -0.0316199 -0.14008898 0.02301989
v -0.03196077 -0.14061093 0.0215936
v -0.0304907 -0.14087158 0.02071692
v -0.03019303 -0.13987124 0.02076684
v -0.02766552 -0.14207947 0.02484981
v -0.02969467 -0.14216411 0.02476225
v -0.02991731 -0.14098868 0.02440467
v -0.0285969 -0.14101294 0.02481377
v -0.0284234 -0.14002421 0.02472878
v -0.02668162 -0.14075881 0.02482439
v -0.02535092 -0.14141685 0.02408143
v -0.0268847 -0.14002979 0.0238741
v -0.02582362 -0.14066032 0.02353766
v -0.02544667 -0.14090469 0.02297334
v -0.02640786 -0.14049292 0.02304053
v -0.02608244 -0.14065546 0.02242967
v -0.02727858 -0.14012709 0.02298689
v -0.02716677 -0.14027399 0.02188159
v -0.02965116 -0.13949949 0.02276443
v -0.02993419 -0.13964614 0.02183151
v -0.02852922 -0.1398991 0.02165922
v -0.02855249 -0.13974822 0.02290984
v -0.02842676 -0.1393398 0.02392135
v -0.03009514 -0.13917312 0.02335976
v -0.03025785 -0.13977373 0.02411163
v -0.0312227 -0.14123043 0.0235616
v -0.03162477 -0.14167938 0.02236324
v -0.03089155 -0.14236704 0.02396749
v -0.03140063 -0.14271128 0.02303733
v -0.03068266 -0.14303201 0.02215499
v -0.03061026 -0.14195129 0.02145204
v -0.03088983 -0.14354503 0.02453165
v -0.03133929 -0.14381146 0.02365953
v -0.03078563 -0.14415455 0.02279918
v -0.02969012 -0.14449495 0.02248112
v -0.02941377 -0.14333782 0.0219349
v -0.03146234 -0.14495814 0.02423644
v -0.03096775 -0.14528662 0.02339915
v -0.02999309 -0.14566225 0.0229857
v -0.02900432 -0.14603296 0.02335289
v -0.02855828 -0.14488569 0.02289157
v -0.03127408 -0.1464287 0.02384448
v -0.03033945 -0.146835 0.02337882
v -0.02933318 -0.14723167 0.02367664
v -0.02879412 -0.14747724 0.02464395
v -0.02842278 -0.14631909 0.02431255
v -0.03072867 -0.14801258 0.02370072
v -0.02955792 -0.14848852 0.02391165
v -0.02890287 -0.1487242 0.02487858
v -0.02887108 -0.1488252 0.0259248
v -0.02880344 -0.14757973 0.02571668
v -0.02991178 -0.14975333 0.02429749
v -0.02900801 -0.15011537 0.02515155
v -0.02884116 -0.15023503 0.02622803
v -0.02967542 -0.15018097 0.02706586
v -0.02967273 -0.14885899 0.02675044
v -0.03070898 -0.14880857 0.02696539
v -0.03054692 -0.14746007 0.02667847
v -0.02957175 -0.14755416 0.0264771
v -0.03083032 -0.15006727 0.02718309
v -0.03188825 -0.14985302 0.02668103
v -0.03171619 -0.1486347 0.02637449
v -0.0323989 -0.14852616 0.02546428
v -0.03205489 -0.14734614 0.02506435
v -0.03149408 -0.14736754 0.02604916
v -0.03172708 -0.14614761 0.02468564
v -0.03125142 -0.1460692 0.02563364
v -0.0302954 -0.14610097 0.02619447
v -0.03101818 -0.14478415 0.02510134
v -0.03001982 -0.14474311 0.02568505
v -0.02888762 -0.14492589 0.02567014
v -0.02928076 -0.14623731 0.02612317
v -0.02798162 -0.14521962 0.02500615
v -0.02852063 -0.14636922 0.02539512
v -0.02785139 -0.14523271 0.0238729
v -0.0272054 -0.14407113 0.02453763
v -0.0272021 -0.14412677 0.0233414
v -0.02813228 -0.14372256 0.02243548
v -0.02760711 -0.14268124 0.02172633
v -0.02909059 -0.14226177 0.02128614
v -0.02719681 -0.14158198 0.02115607
v -0.02875489 -0.14116323 0.02071344
v -0.02690239 -0.14051557 0.02097232
v -0.02849099 -0.14001656 0.02050485
v -0.0283282 -0.14362761 0.02517125
v -0.02977205 -0.14343685 0.02510023
v -0.03176101 -0.14754713 0.02407481
v -0.03224434 -0.14871165 0.02441025
v -0.03117237 -0.1491721 0.02402859
v 0.07838069 -0.09181819 -0.00376755
v 0.07698071 -0.09181605 -0.00301449
v 0.0781627 -0.09192737 -0.00185465
v 0.0799373 -0.09168559 -0.00336255
v 0.07959045 -0.09059752 -0.00521952
v 0.07768618 -0.09109088 -0.00479674
v 0.07644083 -0.09101081 -0.00401069
v 0.07935542 -0.08934827 -0.00452418
v 0.07915819 -0.08987912 -0.00328809
v 0.07520522 -0.09002193 -0.00424723
v 0.07480666 -0.09092096 -0.00272381
v 0.07635297 -0.08956669 -0.00564889
v 0.07843886 -0.09042525 -0.00217514
v 0.07657232 -0.08923913 -0.00225594
v 0.07744725 -0.0882458 -0.00349245
v 0.06608737 -0.08051714 -0.00774547
v 0.06678757 -0.08004326 -0.00839885
v 0.06533287 -0.07848543 -0.00923305
v 0.06444567 -0.07986651 -0.00799046
v 0.06690761 -0.0818591 -0.00677425
v 0.06782739 -0.08169035 -0.00771798
v 0.06580678 -0.08207825 -0.00538413
v 0.06788889 -0.08376299 -0.0059904
v 0.06897578 -0.08342418 -0.0070989
v 0.06708287 -0.08358115 -0.00494232
v 0.0695499 -0.08650083 -0.00402166
v 0.06976074 -0.08659099 -0.00292858
v 0.07146944 -0.08782813 -0.00304765
v 0.07151876 -0.08730558 -0.00470077
v 0.06773778 -0.08524365 -0.00402505
v 0.06819984 -0.08533239 -0.00258181
v 0.06939871 -0.08569367 -0.00527764
v 0.06291176 -0.07835854 -0.00857891
v 0.06218502 -0.0779892 -0.007576
v 0.06334368 -0.07944417 -0.00685239
v 0.06621274 -0.08347163 -0.00329455
v 0.06411961 -0.08121125 -0.0050492
v 0.0643493 -0.08283472 -0.00305467
v 0.06249166 -0.0792383 -0.00614264
v 0.06141312 -0.07833817 -0.00616842
v 0.06261993 -0.08045172 -0.00477166
v 0.06452455 -0.07560775 -0.00632455
v 0.06347823 -0.07600458 -0.0070408
v 0.0647506 -0.07563724 -0.00831167
v 0.06567154 -0.07489213 -0.00669815
v 0.06438603 -0.07579631 -0.00483627
v 0.06301311 -0.07675251 -0.00538148
v 0.06142892 -0.08081097 -0.00304929
v 0.0615137 -0.08012275 -0.0018528
v 0.06333285 -0.08184416 -0.00076478
v 0.06245663 -0.08222024 -0.00293421
v 0.06247348 -0.07870306 -0.00234648
v 0.06268078 -0.07766344 -0.0036533
v 0.06384423 -0.07665207 -0.00297761
v 0.06328602 -0.07842582 -0.00162468
v 0.06110376 -0.07835344 -0.00390613
v 0.06251869 -0.07981106 -0.00087859
v 0.06134282 -0.07944962 -0.00441003
v 0.06536485 -0.07984338 -0.00105127
v 0.06638259 -0.08125738 -0.00163376
v 0.06505863 -0.08302381 -0.0015079
v 0.06328788 -0.08016887 -0.00038553
v 0.06426558 -0.07847906 -0.0008079
v 0.06505626 -0.07624602 -0.00227716
v 0.06654105 -0.07766925 -0.00229326
v 0.06760571 -0.0794577 -0.00259006
v 0.06572277 -0.07476335 -0.00447644
v 0.06724568 -0.07638238 -0.004276
v 0.06830303 -0.07835241 -0.00424031
v 0.0696814 -0.08003801 -0.00416879
v 0.06892677 -0.08110304 -0.00272496
v 0.06709191 -0.07641874 -0.00649328
v 0.06818546 -0.078329 -0.00617429
v 0.06940904 -0.08007269 -0.00590608
v 0.07081539 -0.08168186 -0.00575297
v 0.07103017 -0.08175972 -0.00412116
v 0.06757557 -0.07905336 -0.007744
v 0.06882048 -0.08073088 -0.00732257
v 0.07018363 -0.08231171 -0.00706146
v 0.07174248 -0.08383948 -0.00687783
v 0.07237227 -0.08325392 -0.00566481
v 0.07061129 -0.08507274 -0.00658369
v 0.0725802 -0.08650286 -0.00622686
v 0.07348771 -0.08536759 -0.00672775
v 0.07553535 -0.08688654 -0.0068206
v 0.07582764 -0.08650798 -0.0054174
v 0.07406319 -0.08486802 -0.00555807
v 0.07457063 -0.08797551 -0.00611055
v 0.07773218 -0.08864786 -0.00632445
v 0.07367662 -0.08871185 -0.00454744
v 0.07308181 -0.08926688 -0.00291781
v 0.07211839 -0.08716343 -0.00224005
v 0.07361338 -0.08876514 -0.00198401
v 0.07550456 -0.09057625 -0.0015584
v 0.07489146 -0.08752711 -0.00242559
v 0.07336929 -0.08586067 -0.00259286
v 0.07415348 -0.08494043 -0.00392451
v 0.07582802 -0.0865357 -0.00371408
v 0.07786793 -0.08793986 -0.00507408
v 0.07183925 -0.0843028 -0.0027229
v 0.07253279 -0.08337711 -0.0040562
v 0.07035612 -0.08272731 -0.00276115
v 0.07065168 -0.08569017 -0.00228593
v 0.0692355 -0.08420326 -0.00211404
v 0.06775407 -0.08266605 -0.00200474
v 0.06666187 -0.08402926 -0.00205811
v 0.06644896 -0.07714795 -0.00832521
v 0.06340034 -0.07688075 -0.00918137
v 0.06187943 -0.07637509 -0.00778888
v 0.06125329 -0.07711173 -0.00587878
v 0.0073812 -0.02221289 0.0019229
v 0.00546985 -0.0224572 0.00259392
v 0.0058964 -0.02164403 0.00511503
v 0.00779171 -0.02073549 0.00396379
v 0.00695156 -0.0208585 0.00068826
v 0.00468147 -0.02092447 0.00116765
v 0.00800623 -0.02049108 0.00149383
v 0.00863216 -0.01849565 0.00289494
v 0.00784733 -0.01881916 0.00070988
v 0.00408257 -0.00913799 -0.00103874
v 0.00429376 -0.01160491 -0.00166164
v 0.00621296 -0.01194513 -0.00155985
v 0.00631518 -0.00881886 -0.00224587
v 0.0007315 -0.00699004 -0.00129077
v 0.00046483 -0.00572432 -0.00134129
v -0.00091111 -0.00485702 -0.00066526
v -0.00179241 -0.00686793 -1.801E-05
v 0.00277174 -0.00655931 -0.00247524
v 0.00185383 -0.00511603 -0.00149757
v 0.001352 -0.00823066 -0.00124946
v -0.00014631 -0.00814584 -0.00059083
v 0.00022964 -0.0094734 -0.0004912
v 0.00184795 -0.00952878 -0.00102079
v 0.00844499 -0.01332039 0.00031281
v 0.00838544 -0.01584211 0.0014227
v 0.00968461 -0.01453862 0.00337304
v 0.00904303 -0.01066749 0.00067282
v 0.00281471 -0.00415603 -0.00217763
v 0.00200084 -0.00327113 -0.00127138
v 0.00089547 -0.00376397 -0.00114283
v 0.00382347 -0.0029199 -0.00126387
v 0.00449749 -0.00564991 -0.00267148
v 0.00581214 -0.00447877 -0.0021724
v -0.00193976 -0.00938854 0.00124295
v -0.0021367 -0.00906642 0.00265498
v -0.00108562 -0.01188679 0.00409282
v -0.00092296 -0.01212078 0.00202239
v -0.00245774 -0.00773457 0.00106813
v -0.00269531 -0.00714357 0.00219873
v 0.00769322 -0.00942196 -0.00158668
v 0.0077383 -0.01286483 -0.00094405
v 0.01021568 -0.01306809 0.00523286
v 0.00994011 -0.00974551 0.00340863
v 0.00412526 -0.02150243 0.00541028
v 0.00312468 -0.02073273 0.00731174
v 0.00563622 -0.0206071 0.00776056
v -0.00097421 -0.01261669 0.00547875
v -0.00055592 -0.01441062 0.00605989
v -5.656E-05 -0.01494421 0.00435305
v -0.00198196 -0.00830725 0.00478368
v -0.00155202 -0.01045033 0.0061913
v -5.168E-05 -0.01509314 0.00256065
v -0.00323295 -0.0052478 0.00128056
v -0.00293031 -0.00643783 0.00400926
v 0.00955348 -0.01756419 0.00631303
v 0.00925837 -0.01775297 0.0098898
v 0.00964243 -0.01568965 0.01029813
v 0.01012128 -0.01515776 0.00770763
v 0.00766827 -0.01948791 0.00724855
v 0.00781319 -0.01936774 0.00995161
v 0.00413446 -0.02027791 0.00927947
v 0.00332465 -0.02015428 0.01041538
v 0.0051832 -0.01972796 0.01132865
v 0.00578582 -0.0200364 0.00993363
v 0.00152551 -0.02061418 0.00937344
v -0.00300003 -0.00623041 0.00564649
v -0.00361576 -0.00430569 0.00351236
v -0.00294827 -0.00474389 0.00639144
v -0.00190108 -0.00661388 0.00803761
v -0.00211464 -0.00755799 0.00662447
v 0.0089743 -0.00719587 0.00276763
v 0.0087601 -0.0078995 0.00458953
v 0.00799584 -0.00678247 0.00515464
v 0.00777821 -0.00514668 0.00286694
v 0.00904487 -0.0097187 0.00554399
v 0.00881501 -0.01208058 0.0065948
v 0.00713807 -0.01090996 0.00771567
v 0.00773631 -0.00857378 0.00651365
v 0.00387572 -0.00225268 0.00469448
v 0.00279686 -0.00160345 0.00171265
v 0.00478023 -0.00231412 0.00074498
v 0.00599242 -0.00346947 0.00384559
v 0.00019846 -0.00371575 0.00707284
v -0.00149915 -0.00264946 0.00326761
v 0.00076672 -0.00167241 0.00255899
v 0.00191031 -0.00178076 0.00486963
v 0.0090814 -0.0135078 0.00812463
v 0.00823507 -0.01296084 0.01044381
v 0.00215394 -0.02018559 0.01225436
v 0.00428808 -0.01977327 0.01242437
v -0.00055707 -0.0062362 0.00824511
v 0.00048752 -0.00802853 0.00916873
v -0.00101934 -0.00851213 0.00948897
v 0.00188116 -0.00677466 0.00844423
v 0.00862835 -0.01787628 0.01254571
v 0.00881899 -0.01618218 0.01223823
v 0.00623742 -0.00540075 0.00653589
v 0.00394524 -0.00428638 0.00759015
v 0.00218509 -0.0103588 0.01019524
v 0.00019404 -0.01079276 0.01060262
v 0.00717538 -0.01936577 0.0122388
v 0.00460856 -0.01891308 0.01434241
v 0.00662244 -0.01700572 0.01476201
v -0.00130569 -0.01948278 0.01344875
v -0.00016518 -0.020484 0.01158651
v -0.00041584 -0.01830138 0.01053023
v -0.00119023 -0.01711682 0.01264812
v -0.00040821 -0.01638541 0.01431063
v 0.00073966 -0.01965031 0.01471249
v 0.00227335 -0.01568369 0.01465101
v 0.00446573 -0.01491961 0.01452627
v 0.00588838 -0.01387431 0.01396381
v 0.00760107 -0.01484331 0.01359754
v 0.00335399 -0.01275475 0.01218198
v 0.00560699 -0.01210577 0.01169026
v 0.00106224 -0.01307899 0.01256181
v 0.00450143 -0.00983253 0.00859049
v -0.00100224 -0.01347262 0.01236608
v -0.00148125 -0.01132686 0.0100974
v -0.00110392 -0.01468642 0.010877
v -0.00158995 -0.01244076 0.00864509
v -0.00174592 -0.00932635 0.00817099
v -0.00046554 -0.01605097 0.00915245
v 0.0004466 -0.01925861 0.00824234
v 4.448E-05 -0.01698477 0.00716674
v -0.0010772 -0.01361481 0.00745723
v 0.00128936 -0.02017342 0.00564785
v 0.00097693 -0.01756781 0.00511694
v 0.00170245 -0.01948967 0.00403476
v 0.00309795 -0.02171235 0.00382312
v 0.00247706 -0.02034333 0.00267393
v 0.00157219 -0.01783189 0.00372096
v 0.00189847 -0.01810727 0.00180591
v 0.00390138 -0.01886578 0.00022047
v 0.00335138 -0.01660157 -0.00047677
v 0.00215254 -0.01645178 0.00036043
v 0.00582292 -0.00735493 0.00770458
v 0.00391456 -0.00619047 0.00826325
v -0.00167902 -0.00349921 0.00082792
v 0.0005388 -0.00246747 0.00036583
v 0.00645643 -0.00412084 -4.479E-05
v 0.00223826 -0.00230932 -0.00023374
v 0.00790338 -0.00693649 3.76E-05
v 0.00707812 -0.00673268 -0.00201005
v 0.00556127 -0.00710473 -0.00259733
v 0.00770138 -0.0159619 -0.00030331
v 0.00626519 -0.01533743 -0.00131101
v 0.00454333 -0.01448121 -0.00156941
v 0.00476086 -0.01676131 -0.00104595
v 0.00635677 -0.01870998 -0.00043878
v 0.00355716 -0.00786207 -0.00194538
v -3.578E-05 -0.01220153 0.00079041
v 0.00056275 -0.01506792 0.0011641
v 0.00139898 -0.01445659 -0.00018968
v 0.00068677 -0.01208947 -0.00062749
v -0.00102109 -0.00925292 0.00039185
v 0.00224734 -0.01170252 -0.00138847
v 0.00284693 -0.01394633 -0.00098052
v -0.0009028 -0.0119811 0.00625645
v -0.02685301 -0.06314125 0.00115383
v -0.02861392 -0.06082577 0.00180821
v -0.03035402 -0.06275924 0.00167945
v -0.02811523 -0.06555911 0.00059725
v -0.02986331 -0.06218363 0.00504383
v -0.03097469 -0.06466328 0.00427074
v -0.0246965 -0.06025497 0.00244381
v -0.02364609 -0.06400646 0.00169673
v -0.0208612 -0.06490114 0.00331642
v -0.02147857 -0.06157564 0.00423225
v -0.02129231 -0.05861244 0.00522594
v -0.02397985 -0.05719036 0.00386003
v -0.02367948 -0.07000984 0.00489932
v -0.02381338 -0.0689856 0.00744423
v -0.02285059 -0.06738584 0.00616481
v -0.02228456 -0.06812852 0.00360387
v -0.03041581 -0.06561471 0.00671221
v -0.03033608 -0.06324869 0.00782612
v -0.02860491 -0.06492633 0.00997062
v -0.02986393 -0.06845072 0.00783797
v -0.02992741 -0.06879946 0.00309452
v -0.02232383 -0.06664951 0.00932089
v -0.02186737 -0.06543112 0.00652966
v -0.00977721 -0.02064072 0.00442017
v -0.01025558 -0.02293547 0.00325717
v -0.00831641 -0.02345882 0.00655306
v -0.00925822 -0.02029542 0.0071173
v -0.01734919 -0.0193686 0.00651118
v -0.01617514 -0.01774884 0.00849032
v -0.018161 -0.02103732 0.0102498
v -0.01882532 -0.02203596 0.00714361
v -0.01430654 -0.02067826 0.00420389
v -0.01272751 -0.0186727 0.0055736
v -0.01185586 -0.01924965 0.007603
v -0.01049766 -0.02141097 0.01080546
v -0.0135946 -0.01970557 0.01000702
v -0.0090035 -0.02368452 0.00967984
v -0.00863603 -0.02740527 0.00717064
v -0.00954897 -0.02610908 0.01058188
v -0.01194572 -0.02379602 0.01289514
v -0.01128505 -0.02891229 0.01051152
v -0.01375425 -0.02709555 0.01182941
v -0.01666072 -0.02557292 0.01238315
v -0.01532791 -0.02204299 0.01168665
v -0.0191128 -0.02473456 0.01104939
v -0.0177673 -0.02904737 0.01231411
v -0.02019659 -0.02822654 0.01153926
v -0.02052196 -0.02869819 0.00887319
v -0.019727 -0.02533392 0.00798796
v -0.0181151 -0.0300486 0.00674126
v -0.01714611 -0.02710422 0.00575455
v -0.01593293 -0.02395634 0.00438099
v -0.01360557 -0.02890756 0.0056852
v -0.0119539 -0.02626193 0.00438933
v -0.01061629 -0.03016529 0.00768204
v -0.01494252 -0.03156031 0.00612998
v -0.01243263 -0.03257846 0.00784819
v -0.01258872 -0.03200321 0.01025378
v -0.01391208 -0.03523261 0.00787596
v -0.01385772 -0.03493679 0.01003019
v -0.01597032 -0.03363929 0.01138743
v -0.01494996 -0.03041564 0.01145023
v -0.01859671 -0.03251784 0.01249098
v -0.01677776 -0.03688536 0.01161971
v -0.01932036 -0.03596498 0.01262564
v -0.02156781 -0.03536879 0.01187816
v -0.02101547 -0.03183251 0.0118467
v -0.021857 -0.03540942 0.00977716
v -0.02116022 -0.03207939 0.0094461
v -0.01999844 -0.0361726 0.00782952
v -0.01907624 -0.03307356 0.00737114
v -0.01738271 -0.03721328 0.00694454
v -0.01619967 -0.03434907 0.00665905
v -0.0151253 -0.03808456 0.00785654
v -0.01851528 -0.04015978 0.00704475
v -0.01620954 -0.04100436 0.00781458
v -0.01569869 -0.04096316 0.01004768
v -0.01486064 -0.03792787 0.01002887
v -0.01743271 -0.04012976 0.01188612
v -0.01641032 -0.04407546 0.01003283
v -0.01795823 -0.0434169 0.01204885
v -0.02043533 -0.04283589 0.01263032
v -0.01997747 -0.03939277 0.01274194
v -0.02272408 -0.0422428 0.01167027
v -0.02218359 -0.0388239 0.01183852
v -0.0235851 -0.04183666 0.00991763
v -0.02267138 -0.03865489 0.0099237
v -0.022053 -0.0422398 0.00808838
v -0.02096563 -0.03923172 0.00809691
v -0.01963957 -0.04307808 0.00709351
v -0.02313589 -0.04523058 0.00783226
v -0.02071114 -0.04596348 0.00676267
v -0.01820554 -0.04689772 0.00759353
v -0.01724199 -0.04395817 0.00774163
v -0.01718533 -0.04719781 0.00994235
v -0.01904609 -0.04988154 0.00731188
v -0.01778592 -0.0504346 0.00973827
v -0.01877602 -0.05023125 0.01212268
v -0.01839856 -0.04676724 0.012159
v -0.02124028 -0.04967722 0.01237029
v -0.02084117 -0.04625965 0.01256672
v -0.02379746 -0.04882792 0.01143347
v -0.02326155 -0.04558545 0.01157113
v -0.02536706 -0.04805613 0.00960056
v -0.02453384 -0.04497435 0.00979516
v -0.02415117 -0.0482065 0.00745293
v -0.0262122 -0.05106646 0.00938031
v -0.02510128 -0.05112325 0.00710563
v -0.02236994 -0.05174704 0.00561241
v -0.02159694 -0.04887981 0.00624321
v -0.01980998 -0.05287745 0.00683404
v -0.02320772 -0.05448604 0.00489731
v -0.02060379 -0.05578168 0.00613421
v -0.01939566 -0.05692503 0.00876827
v -0.01859979 -0.053702 0.00937712
v -0.01993328 -0.05724183 0.01123256
v -0.01924885 -0.0537822 0.01178449
v -0.02263692 -0.05634042 0.01172749
v -0.02184669 -0.05304537 0.01209507
v -0.02545734 -0.05510849 0.01113766
v -0.02454131 -0.05197855 0.01130163
v -0.02720362 -0.05406694 0.00915941
v -0.02645954 -0.0582507 0.01087099
v -0.02823085 -0.05712537 0.00886112
v -0.02732766 -0.05665081 0.00601335
v -0.02612801 -0.05394704 0.00670174
v -0.02931154 -0.06017931 0.00846444
v -0.02855653 -0.05940676 0.00529893
v -0.02752117 -0.06143068 0.01052928
v -0.02356192 -0.05953822 0.01135282
v -0.02454087 -0.06269909 0.0109905
v -0.02537628 -0.0662564 0.01035845
v -0.02189552 -0.06336702 0.0097309
v -0.02641332 -0.07014938 0.00816423
v -0.02600787 -0.07095265 0.00360729
v -0.02431775 -0.06781527 0.00116706
v -0.02080315 -0.06048829 0.01049602
v -0.02027986 -0.05995791 0.007943
v -0.02113881 -0.06276724 0.00703328
v 0.04138751 -0.05073819 -0.00908133
v 0.04361236 -0.05107439 -0.00964711
v 0.044155 -0.04695511 -0.00915697
v 0.04153855 -0.04855273 -0.00743683
v 0.04189515 -0.05082157 -0.00669446
v 0.04143962 -0.05251375 -0.00753758
v 0.04346298 -0.05379172 -0.00800421
v 0.04791035 -0.05010903 -0.00821643
v 0.04625385 -0.05105397 -0.00904292
v 0.04653983 -0.05322592 -0.007496
v 0.0490313 -0.05112967 -0.00670195
v 0.04820937 -0.04763278 -0.00839743
v 0.04619882 -0.0485818 -0.00897277
v 0.04679279 -0.04483109 -0.00803353
v 0.04487012 -0.04209637 -0.0075695
v 0.04279632 -0.04343701 -0.0080733
v 0.04078503 -0.04544029 -0.00650421
v 0.04112911 -0.05108629 -0.00507171
v 0.04136834 -0.05308808 -0.00530592
v 0.04094891 -0.04915235 -0.00531542
v 0.03960114 -0.04765124 -0.00415319
v 0.03992445 -0.05074066 -0.00337811
v 0.0383465 -0.0529496 -0.00228308
v 0.03980871 -0.05320683 -0.00357068
v 0.03816879 -0.05062582 -0.0020273
v 0.03943308 -0.04264238 -0.00604846
v 0.0381491 -0.04443116 -0.00410135
v 0.0378687 -0.04516221 -0.00195717
v 0.03861708 -0.04794141 -0.00198824
v 0.0456118 -0.05243466 0.00096361
v 0.04340401 -0.05396291 0.00020494
v 0.04262296 -0.05124598 0.00066569
v 0.0451397 -0.04983092 0.00116453
v 0.04745812 -0.04903397 -0.00071368
v 0.04721214 -0.05224767 -0.00102876
v 0.02768576 -0.02073349 -0.00682616
v 0.02567364 -0.02157943 -0.00652844
v 0.02734881 -0.02353501 -0.00568249
v 0.02922148 -0.02196415 -0.00617116
v 0.02826554 -0.01869246 -0.00714882
v 0.02484692 -0.01938503 -0.00749112
v 0.03064368 -0.01994279 -0.00564076
v 0.01877845 -0.02369623 -0.00250502
v 0.01970448 -0.02282591 -0.00444686
v 0.01841701 -0.02051544 -0.00431984
v 0.01809543 -0.02228547 -0.00192944
v 0.02046156 -0.02585031 -0.00080104
v 0.02162197 -0.02533279 -0.0037874
v 0.01975497 -0.02327404 0.00041415
v 0.02217424 -0.01712777 -0.00281335
v 0.02197955 -0.01800746 -0.00428772
v 0.02454496 -0.01593674 -0.00428985
v 0.02329056 -0.01530558 -0.00212216
v 0.02224428 -0.023274 0.00223616
v 0.02290183 -0.02564219 0.00120017
v 0.01921815 -0.02100813 -0.00174774
v 0.01993986 -0.01960299 -0.00307772
v 0.02112178 -0.01833851 -0.00142642
v 0.02023875 -0.02066122 -9.932E-05
v 0.03047653 -0.01818903 -0.00298192
v 0.02807726 -0.01656332 -0.00529041
v 0.03248694 -0.02228156 -0.0047292
v 0.03261673 -0.02156829 -0.00239119
v 0.02872837 -0.01626604 -0.00188766
v 0.02721478 -0.01509632 -0.00318547
v 0.02945215 -0.01922589 0.00023129
v 0.02762283 -0.01669454 0.00019015
v 0.03148542 -0.02215211 0.00015937
v 0.02524855 -0.0266345 0.00130876
v 0.02434576 -0.02764564 -0.00079019
v 0.02558004 -0.01524422 -0.0007596
v 0.02609855 -0.02362876 0.00310641
v 0.02455566 -0.0196735 0.0031847
v 0.02745827 -0.01975707 0.00224638
v 0.02909468 -0.02286861 0.00228517
v 0.02162469 -0.01980547 0.0021422
v 0.02635697 -0.01728671 0.00195328
v 0.02398143 -0.01628377 0.00192231
v 0.02146977 -0.01626867 0.00048346
v 0.0314959 -0.0261795 0.00212169
v 0.02952337 -0.02737548 0.0028236
v 0.02835592 -0.02865047 0.0013622
v 0.03193471 -0.03072045 0.00284298
v 0.03073692 -0.03135686 0.00144486
v 0.0298926 -0.03180602 -0.00067306
v 0.02735728 -0.02969025 -0.00071988
v 0.02942527 -0.03165009 -0.00286481
v 0.02714553 -0.02950001 -0.00292513
v 0.02444669 -0.02738112 -0.00315323
v 0.02811904 -0.02760457 -0.00441508
v 0.02573687 -0.0253319 -0.00463248
v 0.02346038 -0.02328823 -0.00546025
v 0.02180439 -0.02100465 -0.00631761
v 0.02117405 -0.01899788 -0.00573745
v 0.02471768 -0.0174358 -0.00605854
v 0.02943158 -0.02567783 -0.00545018
v 0.03034427 -0.02991847 -0.00444394
v 0.03166571 -0.02795707 -0.0055067
v 0.03324601 -0.02607684 -0.0058246
v 0.03116488 -0.02385117 -0.00582717
v 0.03436473 -0.02487857 -0.00437516
v 0.03537419 -0.02845144 -0.00594816
v 0.03647421 -0.0274117 -0.0043563
v 0.03648568 -0.02746969 -0.00215838
v 0.0344811 -0.02460497 -0.0021425
v 0.03530059 -0.02833404 -1.865E-05
v 0.033256 -0.02531852 0.00012085
v 0.0337394 -0.02941632 0.00188968
v 0.03720701 -0.0312939 -0.00025737
v 0.03576414 -0.03247236 0.00151699
v 0.03409018 -0.03372784 0.0023211
v 0.03766608 -0.03540977 0.00112442
v 0.03600272 -0.03658451 0.00184983
v 0.03467868 -0.0368721 0.00067425
v 0.03284733 -0.03412118 0.00110551
v 0.03356447 -0.03692286 -0.00119587
v 0.03185391 -0.03427091 -0.00087228
v 0.03316554 -0.03649985 -0.0032868
v 0.0313375 -0.03399981 -0.00299891
v 0.03419163 -0.03487668 -0.00496982
v 0.03231467 -0.03235267 -0.00466313
v 0.03567005 -0.03288514 -0.00606274
v 0.03370744 -0.03040034 -0.00576212
v 0.03742141 -0.03094172 -0.00612189
v 0.03760915 -0.03536601 -0.00640855
v 0.03938879 -0.03348065 -0.00647708
v 0.04048267 -0.03289529 -0.0047824
v 0.03859131 -0.02999769 -0.00453052
v 0.04018713 -0.03331204 -0.00256764
v 0.03833667 -0.03037265 -0.00233403
v 0.03910586 -0.03421687 -0.00053235
v 0.04201983 -0.03627934 -0.00280236
v 0.04094681 -0.03717701 -0.00079349
v 0.03942309 -0.03830256 0.0007677
v 0.04266369 -0.04021627 -0.00098684
v 0.0410283 -0.04122812 0.00055727
v 0.03922021 -0.04213731 0.00116931
v 0.03771201 -0.03932834 0.00140195
v 0.03770136 -0.04245662 4.164E-05
v 0.03623709 -0.03967498 0.00032195
v 0.0366533 -0.04238673 -0.00179957
v 0.03516906 -0.03965316 -0.00151912
v 0.03664272 -0.04167837 -0.00389723
v 0.03500141 -0.03903306 -0.00358605
v 0.03784284 -0.03997316 -0.00567081
v 0.03609223 -0.03739715 -0.00527115
v 0.0395004 -0.03788979 -0.00689142
v 0.04129434 -0.04055991 -0.00739586
v 0.04313417 -0.03909346 -0.0073371
v 0.04131617 -0.03616855 -0.00696595
v 0.04397921 -0.03889141 -0.00528718
v 0.0421885 -0.03592437 -0.00506448
v 0.0437948 -0.03931362 -0.00298911
v 0.04579573 -0.04189546 -0.00542924
v 0.04550564 -0.04245252 -0.00312222
v 0.04421991 -0.04334677 -0.00112558
v 0.04742048 -0.04551459 -0.00319229
v 0.04576779 -0.0463586 -0.00111085
v 0.04384337 -0.04708916 0.0006925
v 0.04248828 -0.04419327 0.00048038
v 0.04174116 -0.04807598 0.00086129
v 0.04056529 -0.04503482 0.00094782
v 0.03980508 -0.04827882 -0.00027818
v 0.0388794 -0.04534958 -0.00011089
v 0.04014596 -0.05124887 -0.00056909
v 0.0401777 -0.05417006 -0.00088243
v 0.04484762 -0.05451638 -0.00189546
v 0.0417504 -0.05483282 -0.00279449
v 0.04601242 -0.05396352 -0.00467982
v 0.04315183 -0.0543313 -0.00520458
v 0.04852083 -0.05179156 -0.00387718
v 0.04959449 -0.04836511 -0.0031598
v 0.04996035 -0.04756529 -0.00615188
v 0.04801849 -0.04466447 -0.00566869
v -0.01058704 -0.07287825 0.00530829
v -0.0126094 -0.07099543 0.00537403
v -0.01409907 -0.07501886 0.00572188
v -0.01092993 -0.0760477 0.00564073
v -0.00740168 -0.07619089 0.00599751
v -0.00780434 -0.07200218 0.00537332
v -0.00966471 -0.06794166 0.00633345
v -0.00632351 -0.07172684 0.00803267
v -0.0066837 -0.06833351 0.00871768
v -0.0091443 -0.06406208 0.00795205
v -0.01203313 -0.06371088 0.00960534
v -0.01298605 -0.06682535 0.00854067
v -0.00672313 -0.06500165 0.009781
v -0.01470599 -0.06969213 0.00734514
v -0.0154159 -0.07439501 0.01046774
v -0.01516954 -0.07260744 0.00977898
v -0.01498767 -0.07261997 0.01201601
v -0.01510878 -0.07429054 0.01177757
v -0.0162041 -0.07589667 0.00982534
v -0.01617898 -0.07332611 0.00739603
v -0.01545282 -0.07548059 0.0125742
v -0.00750177 -0.07635809 0.010296
v -0.0068423 -0.07471788 0.00888047
v -0.00782348 -0.07857861 0.00950412
v -0.00718916 -0.07609978 0.01201108
v -0.00639552 -0.07454502 0.01182627
v -0.00796097 -0.07760143 0.01309297
v -0.01498878 -0.07307678 0.01389036
v -0.01522157 -0.07072778 0.01189315
v -0.01487502 -0.06997815 0.00999001
v -0.01432459 -0.06741338 0.01203736
v -0.01499176 -0.07016947 0.01366377
v -0.00730541 -0.07489815 0.01446528
v -0.01351929 -0.06394108 0.0126663
v -0.01241248 -0.06762497 0.01502132
v -0.01279715 -0.0705753 0.01498655
v -0.01192856 -0.06457123 0.01506409
v -0.00612723 -0.02269348 0.00362873
v -0.00748279 -0.02142848 0.00511875
v -0.00766826 -0.02392519 0.00579351
v -0.00516419 -0.02518613 0.00466717
v -0.00466431 -0.02189808 0.00368102
v -0.00481756 -0.02075573 0.00577581
v -0.0027997 -0.02292104 0.00467953
v -0.00794702 -0.02502374 0.0077711
v -0.00674672 -0.02832745 0.00592281
v -0.00163659 -0.02681282 0.00431972
v -0.00056767 -0.0239778 0.0068846
v -0.00257703 -0.03006648 0.00564713
v 3.9E-05 -0.02801305 0.00876726
v -0.00805347 -0.03105936 0.00815305
v -0.00915787 -0.03059317 0.01156011
v -0.00869956 -0.0343171 0.01147459
v -0.0079625 -0.03503056 0.00875044
v -0.00485079 -0.03568549 0.00836535
v -0.00390213 -0.032786 0.0074178
v -0.00806647 -0.0219261 0.0082235
v -0.00254161 -0.02097271 0.00586025
v -0.00267182 -0.02174952 0.00817711
v -0.00571727 -0.02098486 0.00862059
v -0.00088642 -0.0237189 0.01012769
v -0.0028305 -0.0220099 0.01121815
v -0.00044943 -0.02613916 0.01203895
v -0.00089107 -0.02259533 0.01266196
v -0.00664481 -0.02133839 0.01151229
v -0.00181705 -0.02343705 0.01340044
v -0.00382127 -0.02332998 0.01298304
v -0.00721467 -0.02265804 0.01375731
v -0.00970621 -0.02326671 0.01302138
v -0.00940999 -0.02225075 0.01088592
v -0.00962794 -0.02642228 0.01239794
v -0.00912918 -0.02608664 0.00991204
v -0.00749523 -0.02611443 0.01387472
v -0.00197292 -0.02639594 0.01419657
v -0.00131232 -0.03116512 0.01222466
v -0.0027961 -0.03065176 0.0140883
v -0.00513476 -0.0300349 0.01395043
v -0.00446561 -0.02619736 0.01390777
v -0.00780734 -0.03008049 0.01366106
v -0.00576774 -0.033788 0.01446288
v -0.00791761 -0.03379063 0.01383487
v -0.00643282 -0.03734375 0.01513729
v -0.00816759 -0.03728026 0.01425833
v -0.00889151 -0.0376827 0.01198148
v -0.00863578 -0.04076122 0.01482077
v -0.00925974 -0.04101252 0.01257123
v -0.00854894 -0.04150945 0.01020666
v -0.00818404 -0.03826931 0.00950188
v -0.00636639 -0.04199371 0.00941594
v -0.00569001 -0.03878499 0.00898189
v -0.00448365 -0.04224698 0.01058845
v -0.00349808 -0.03915061 0.01004317
v -0.00215245 -0.03593523 0.00961329
v -0.00095153 -0.03211952 0.00939647
v -0.00353075 -0.03863857 0.01224795
v -0.00242583 -0.03518077 0.01199835
v -0.00443508 -0.03797752 0.01438261
v -0.00360828 -0.03447186 0.01409856
v -0.00412491 -0.04196329 0.0127789
v -0.00506257 -0.041421 0.01488682
v -0.00698143 -0.04090481 0.0157807
v -0.00544259 -0.04491122 0.01532791
v -0.00730881 -0.04456339 0.01622445
v -0.00918519 -0.04428225 0.01530112
v -0.00757924 -0.04818149 0.01638663
v -0.00970274 -0.04778682 0.01560073
v -0.01022418 -0.04773313 0.01337407
v -0.00967306 -0.04437802 0.01304187
v -0.00941354 -0.04800697 0.01102501
v -0.00895855 -0.0447566 0.0107246
v -0.00724213 -0.04843244 0.0100063
v -0.00685773 -0.04521648 0.00978966
v -0.00517286 -0.04869757 0.01111853
v -0.00490447 -0.04544336 0.01093509
v -0.00491363 -0.04862601 0.01351215
v -0.00452807 -0.04528319 0.01322856
v -0.00565618 -0.04843096 0.01565693
v -0.00497705 -0.05202268 0.01368599
v -0.00576532 -0.05194675 0.01585788
v -0.00786785 -0.0517489 0.0164179
v -0.00580641 -0.05547871 0.01594504
v -0.00810843 -0.05529446 0.01632704
v -0.01065565 -0.05474291 0.01572313
v -0.01017795 -0.05127731 0.01574887
v -0.01148822 -0.05434173 0.01363613
v -0.01078045 -0.05107374 0.01359577
v -0.01039639 -0.0544 0.01113184
v -0.0098535 -0.05124322 0.01119673
v -0.00791061 -0.05478474 0.00987232
v -0.00758299 -0.05163423 0.0099868
v -0.00571485 -0.05525481 0.01124151
v -0.00543832 -0.05197502 0.0112521
v -0.00506769 -0.05545462 0.01372641
v -0.00599597 -0.05852115 0.01099481
v -0.00521881 -0.05889951 0.01352798
v -0.0057539 -0.05904721 0.01583794
v -0.0052346 -0.06233006 0.01308089
v -0.00577476 -0.06255744 0.01538209
v -0.00850715 -0.06214659 0.01576612
v -0.00828746 -0.05877658 0.01604534
v -0.01146125 -0.06140642 0.01519215
v -0.01103783 -0.05813475 0.0154473
v -0.0129447 -0.06073425 0.0131124
v -0.01221199 -0.05755574 0.01345249
v -0.01139538 -0.06062921 0.01045605
v -0.01086644 -0.0575337 0.01093919
v -0.00868813 -0.06088845 0.00887322
v -0.00827489 -0.05786954 0.00959456
v -0.00634008 -0.06175815 0.01049634
v -0.00541421 -0.06567988 0.01248065
v -0.00577451 -0.06885397 0.01188668
v -0.00633258 -0.06895646 0.01447529
v -0.00598392 -0.06587995 0.01486736
v -0.00922852 -0.06841382 0.01543815
v -0.00883997 -0.06535178 0.01547843
v -0.0065101 -0.07191893 0.01449249
v -0.00967852 -0.07127578 0.0151613
v -0.01026426 -0.07432394 0.01473073
v -0.01314528 -0.07382224 0.01483308
v -0.01085227 -0.07794251 0.01336483
v -0.01396936 -0.07735129 0.01334312
v -0.01108446 -0.07882881 0.009108
v -0.01452952 -0.07818449 0.00911891
v -0.00561235 -0.07192311 0.01151414
v -0.00864798 -0.01711335 -0.00447872
v -0.00706497 -0.01595812 -0.00581614
v -0.0084684 -0.01388196 -0.00284031
v -0.00998855 -0.01576387 -0.00250968
v -0.00927761 -0.01880117 -0.00156692
v -0.00838639 -0.01906257 -0.00368047
v -0.00618584 -0.020052 -0.00409723
v -0.00703903 -0.0204898 -0.00050256
v -0.00673264 -0.0163198 -0.00386363
v -0.00631236 -0.01802359 -0.00307255
v -0.00725298 -0.01542068 -0.00185136
v -0.00661297 -0.01782045 -0.00102986
v -0.00813594 -0.02057295 0.00145134
v -0.01022638 -0.01905218 0.00109305
v -0.01047636 -0.01952743 0.00314525
v -0.00736133 -0.0205884 0.00357347
v -0.00606398 -0.01933542 0.00199907
v -0.01230244 -0.01791625 0.00254712
v -0.01300228 -0.01778727 0.00431226
v -0.01080906 -0.01873713 0.00482139
v -0.01094604 -0.01534345 0.00145576
v -0.01256335 -0.01530597 0.00351826
v -0.00821319 -0.01945167 0.00538134
v -0.00960036 -0.01303277 0.00255412
v -0.00949899 -0.01189072 0.00349306
v -0.0109227 -0.01278015 0.00375739
v -0.01131914 -0.01381547 0.00369915
v -0.00777496 -0.00929498 0.00299769
v -0.00753363 -0.01175169 0.00197412
v -0.00566966 -0.01125182 0.00157557
v -0.00572608 -0.00864196 0.00188868
v -0.00799409 -0.01312128 0.00088595
v -0.00645406 -0.01260488 0.00119301
v -0.00398884 -0.01070256 0.00161245
v -0.00332813 -0.0131634 0.00230352
v -0.00178719 -0.01284545 0.0039528
v -0.0026111 -0.01011896 0.00251039
v -0.00666044 -0.01459991 0.00036212
v -0.00578967 -0.01411114 0.00151192
v -0.01236174 -0.01340081 0.00487098
v -0.01400343 -0.01445873 0.00506385
v -0.01031247 -0.01127614 0.00508933
v -0.01126596 -0.01259336 0.00436695
v -0.01223064 -0.01821707 0.00585358
v -0.01292052 -0.01807649 0.00660048
v -0.01197446 -0.01811612 0.00724617
v -0.01104546 -0.01880083 0.00689246
v -0.01407671 -0.01683481 0.00566006
v -0.00306841 -0.01932968 0.00664397
v -0.0018841 -0.01939529 0.00606355
v -0.00441414 -0.01985786 0.00494581
v -0.00529357 -0.01940887 0.00618169
v -0.00586452 -0.01918652 0.00788359
v -0.00302601 -0.01911346 0.00829744
v -0.00117764 -0.01842265 0.00866092
v -0.01351144 -0.01836669 0.00800447
v -0.01235282 -0.01853147 0.0079479
v -0.01160582 -0.01919107 0.00862929
v -0.00547032 -0.00664731 0.00196124
v -0.00369331 -0.00687369 0.00213518
v -0.00453734 -0.00441708 0.00298051
v -0.00651272 -0.00578886 0.00296898
v -0.01327205 -0.01957168 0.00986449
v -0.00215483 -0.00974096 0.00508578
v -0.00180479 -0.01159709 0.00749346
v -0.00288146 -0.00718923 0.00537112
v -0.00226102 -0.00920323 0.00723554
v -0.0044109 -0.0041785 0.00541858
v -0.00343353 -0.01935553 0.01070797
v -0.00174092 -0.01862059 0.01082057
v -0.01437941 -0.01339674 0.0090226
v -0.01265138 -0.01250366 0.00678314
v -0.01254194 -0.01082329 0.00863822
v -0.01364447 -0.01154773 0.00998841
v -0.01212034 -0.01145507 0.01148798
v -0.0122838 -0.01371869 0.01199369
v -0.01218545 -0.01629357 0.01227888
v -0.01446353 -0.01554487 0.01075458
v -0.00121577 -0.01450678 0.0074276
v -0.00153837 -0.01435734 0.00967533
v -0.00183678 -0.01243711 0.01006484
v -0.00244684 -0.01112527 0.01052564
v -0.00232942 -0.01002914 0.00937226
v -0.00257185 -0.00881104 0.0082194
v -0.00275833 -0.00694065 0.00810025
v -0.00134782 -0.01596497 0.00927379
v -0.00094901 -0.01657693 0.00769697
v -0.00539302 -0.01939414 0.01198104
v -0.00768958 -0.01966303 0.01191986
v -0.00865936 -0.01959196 0.01382845
v -0.00570389 -0.01935662 0.01346575
v -0.01204384 -0.00985575 0.01049922
v -0.01045549 -0.00975415 0.00803075
v -0.0104274 -0.00891717 0.01102032
v -0.00341408 -0.00745639 0.01235233
v -0.00208769 -0.00803272 0.01049669
v -0.00184865 -0.01000407 0.01169142
v -0.00204734 -0.00942804 0.01289341
v -0.00348975 -0.0110073 0.01297966
v -0.00550193 -0.01060035 0.01272205
v -0.0059691 -0.00719744 0.01210741
v -0.00212197 -0.01169298 0.01285503
v -0.00143763 -0.01214812 0.0117466
v -0.00113689 -0.01449349 0.01134732
v -0.00155094 -0.01440332 0.01297203
v -0.00304951 -0.01410949 0.01371318
v -0.00122742 -0.01752797 0.01261146
v -0.00245191 -0.01669863 0.0139517
v -0.00419792 -0.01709952 0.01396991
v -0.00512324 -0.01393758 0.0133623
v -0.0066337 -0.01701843 0.01387041
v -0.0073811 -0.0139619 0.01305115
v -0.00781719 -0.01054052 0.01282243
v -0.00979886 -0.01401792 0.01302283
v -0.01014618 -0.0108407 0.01272981
v -0.00830542 -0.00797428 0.01164779
v -0.00868544 -0.00773409 0.00825824
v -0.00656679 -0.00574793 0.00846399
v -0.00415701 -0.00482716 0.00867849
v -0.00873829 -0.00824438 0.00512259
v -0.00697256 -0.00523826 0.00528588
v -0.00941964 -0.0169307 0.0135792
v -0.01177307 -0.01894218 0.01254352
v -0.00326088 -0.01936138 0.01305331
v -0.01075521 -0.02037005 0.01146936
v -0.00094429 -0.01677278 0.01033936
v -0.0013534 -0.01525766 0.00468149
v -0.00139476 -0.01777113 0.00501287
v -0.00275872 -0.01557943 0.00292219
v -0.00268314 -0.01697449 0.00336504
v -0.00384062 -0.01881774 0.00400904
v -0.00410714 -0.01723366 0.00308658
v -0.00512938 -0.01771497 0.00238412
v -0.00611465 -0.01707557 0.00102081
v -0.00523512 -0.01634157 0.00198033
v -0.01444188 -0.01778566 0.01057345
v -0.00648504 -0.01945065 0.00984839
v -0.00937796 -0.01962813 0.00952971
v -0.00859882 -0.01945698 0.00760325
v -0.01466842 -0.01669422 0.00805127
v -0.00444008 -0.00864726 0.00152472
v -0.0046835 -0.01350759 0.00202037
v -0.00422193 -0.01575975 0.00273647
v -0.00523679 -0.00261109 -0.00540684
v -0.00457447 -0.00410107 -0.00518673
v -0.00294223 -0.0024861 -0.00569548
v -0.00453217 -0.00102471 -0.00600983
v -0.0064129 -0.00028997 -0.00520691
v -0.00663323 -0.00261049 -0.00479752
v -0.0064244 -0.00480187 -0.00408256
v -0.0002592 -0.00481904 -0.00277432
v -0.0007189 -0.00285728 -0.00378355
v -0.00204624 -0.00436233 -0.00448073
v -0.00113706 -0.00624489 -0.00310567
v -0.00135967 -0.00574586 -0.00164576
v -0.00293745 -0.00572974 -0.00151621
v -0.00298032 -0.00378394 -0.00015209
v -0.00091863 -0.00400707 -0.00050994
v -0.00296534 -0.00732596 -0.00239002
v -0.00920848 -0.00174635 -0.00257315
v -0.01000891 -0.00303729 -0.00136204
v -0.00825722 -0.00442348 -0.00259131
v -0.00814818 -0.00227879 -0.00370965
v -0.00824803 0.00012545 -0.0042976
v -0.01001315 4.214E-05 -0.00307651
v -0.00595196 -0.00511079 0.00038631
v -0.00686896 -0.00623651 0.00039974
v -0.00787427 -0.00503389 0.00207143
v -0.00615698 -0.00404482 0.00126219
v -0.00455416 -0.00380851 0.00041054
v -0.00472311 -0.00542315 -0.00065503
v -0.00984515 -0.00414727 0.00141351
v -0.01158467 -0.0015283 0.00176124
v -0.01202821 -0.00013385 0.0040682
v -0.01021931 -0.0029438 0.00395528
v -0.00789918 -0.00598779 -0.00078535
v -0.0122192 -0.0002851 -0.00049342
v -0.00798752 -0.00417581 0.00367096
v -0.00494211 0.00392181 -0.00283156
v -0.00286684 0.00306394 -0.00247078
v -0.00340752 0.00417808 0.00116052
v -0.00674953 0.00525161 -0.00030701
v -0.00363135 -0.00245125 0.00196774
v -0.00503454 -0.00256108 0.00421166
v -0.00237912 -0.00239868 0.00423108
v -0.00176134 -0.00265475 0.00213814
v -0.00970266 0.00531852 0.00058217
v -0.00997554 0.00297966 -0.00228695
v -0.00785081 0.00317118 -0.00356409
v -0.00660022 0.00544865 0.00392439
v -0.00896533 0.00542918 0.00363379
v -0.00980055 0.00487884 0.00579199
v -0.01203574 0.00481665 0.00206451
v -0.00443996 -0.00301874 0.00778503
v -0.00268614 -0.00311126 0.00812942
v -0.00255519 -0.00247922 0.00619412
v -0.00494489 -0.00268843 0.00639126
v -0.0107768 0.00322122 0.00749227
v -0.01338107 0.00267394 0.00357982
v -0.01081727 1.135E-05 0.00767402
v -0.00192299 0.00029858 0.00867892
v -0.00208551 0.00131148 0.0067597
v -0.00140525 -0.00114952 0.00637922
v -0.00126727 -0.0020116 0.00903033
v -0.0017345 -0.00102203 0.01101449
v -0.00388466 0.00175213 0.00968559
v -0.00782396 -0.00080312 0.00965057
v -0.00804773 0.00094364 0.00938927
v -0.00533271 0.00019133 0.01057358
v -0.00623355 -0.00228856 0.01100636
v -0.00925836 -0.00163984 0.00946477
v -0.00748873 0.0029828 0.00885339
v -0.00273194 -0.00440243 0.00988253
v -0.00101152 -0.0038995 0.00995582
v -0.00132757 -0.00327026 0.01101458
v -0.00306738 -0.00333237 0.01142483
v -0.00674348 0.0045154 0.00705598
v -0.00378794 0.00342424 0.00735739
v -0.0033251 -0.00111204 0.01121784
v -0.0051297 -0.00407973 0.00934233
v -0.00684662 -0.00390021 0.00757376
v -0.0085824 -0.00345133 0.00899339
v -0.0076344 -0.00398452 0.00549872
v -0.00974987 -0.00286289 0.00633821
v -0.00225571 0.00207957 0.00433138
v -0.00147874 -0.0006473 0.00417778
v -0.00186566 0.00203505 0.0015649
v -0.00139776 -0.00071423 0.00179151
v -0.00132126 0.00115836 -0.00185627
v -0.00078843 -0.00160106 -0.00110142
v -0.00339391 0.00126113 -0.0051859
v -0.00158603 -0.0005024 -0.00463771
v -0.00560783 0.00241893 -0.0048083
v -0.01174531 0.00252323 -0.00077156
v -0.00367491 0.00442292 0.00446296
v -0.00597736 -0.00310634 0.00260253
v -0.00456923 -0.00286608 0.00171493
v -0.00509908 -0.00712114 -0.0012248
v -0.00577372 -0.00637371 -0.0026295
v -0.00374335 -0.00572158 -0.00394122
v -0.0134199 -0.01621849 -0.00834085
v -0.01406976 -0.01651448 -0.00857656
v -0.01381373 -0.01730053 -0.00721433
v -0.01294195 -0.01660107 -0.00746832
v -0.01306718 -0.01513603 -0.00894661
v -0.01395241 -0.01508348 -0.00959666
v -0.01683698 -0.01307325 -0.00957867
v -0.01706515 -0.01224419 -0.00941186
v -0.01760381 -0.01295213 -0.00842434
v -0.01710122 -0.013894 -0.00904264
v -0.01483994 -0.01784866 -0.00545105
v -0.01347991 -0.01719366 -0.00580392
v -0.01489591 -0.01760628 -0.00723477
v -0.01477621 -0.01661604 -0.0040136
v -0.01353351 -0.01568793 -0.00473377
v -0.01200953 -0.01526009 -0.00697317
v -0.01236681 -0.01528473 -0.0079679
v -0.01253884 -0.01618992 -0.00626231
v -0.01849236 -0.01058894 -0.00606264
v -0.01841632 -0.01149543 -0.00642629
v -0.01805534 -0.01093848 -0.00751236
v -0.01830573 -0.00998888 -0.00675658
v -0.01873631 -0.00991647 -0.00488614
v -0.01877632 -0.01174104 -0.00487142
v -0.0174877 -0.0072835 -0.00709777
v -0.01783119 -0.00725373 -0.00623206
v -0.01795836 -0.00847284 -0.00668641
v -0.01732767 -0.0080187 -0.00766637
v -0.01479644 -0.00664476 -0.00834127
v -0.01473123 -0.00638351 -0.00746879
v -0.01588692 -0.00594831 -0.00745124
v -0.01558685 -0.00663247 -0.00849891
v -0.01850608 -0.01664069 -0.00357491
v -0.0179188 -0.01674649 -0.00465655
v -0.01836144 -0.01562485 -0.00453855
v -0.01896153 -0.01584251 -0.00335222
v -0.01894919 -0.01600179 -0.00235419
v -0.01832731 -0.01713637 -0.0029189
v -0.01720225 -0.0175289 -0.00431809
v -0.01902083 -0.01372121 -0.00389372
v -0.01873868 -0.01454582 -0.00416366
v -0.01853936 -0.01403205 -0.00508853
v -0.01896443 -0.0129999 -0.00428203
v -0.01924774 -0.01234488 -0.00318621
v -0.01929332 -0.01357454 -0.00309135
v -0.01920244 -0.0147127 -0.00316731
v -0.01912462 -0.01071899 -0.00332859
v -0.01884138 -0.00870347 -0.00370757
v -0.01853983 -0.01326808 -0.00593471
v -0.0121438 -0.01400911 -0.00540501
v -0.01174835 -0.01372262 -0.00703447
v -0.01179366 -0.01215992 -0.00553931
v -0.01168556 -0.01211789 -0.00709247
v -0.01255193 -0.01373855 -0.0036082
v -0.01217537 -0.01211534 -0.00397709
v -0.01714651 -0.01652175 -0.0024578
v -0.0161247 -0.01678716 -0.00313463
v -0.01650016 -0.01763239 -0.00371895
v -0.01772145 -0.01695075 -0.00252054
v -0.01813493 -0.01586461 -0.00210629
v -0.01714104 -0.01581694 -0.00211721
v -0.01594915 -0.01600043 -0.00228574
v -0.01378414 -0.01482073 -0.00200525
v -0.01479228 -0.01504581 -0.00168253
v -0.01457017 -0.01367754 -0.00191482
v -0.01333248 -0.01366065 -0.0022147
v -0.01784235 -0.01349814 -0.00140136
v -0.01810099 -0.0148692 -0.00174545
v -0.01899749 -0.01474026 -0.00217344
v -0.0189337 -0.01349495 -0.00202145
v -0.01679016 -0.01389206 -0.00149063
v -0.01706434 -0.01502353 -0.00153534
v -0.01635863 -0.01296497 -0.00170046
v -0.01663996 -0.01232918 -0.00175546
v -0.01699306 -0.01050659 -0.00193346
v -0.0162687 -0.00962751 -0.00222461
v -0.01574702 -0.01056645 -0.00241947
v -0.01686312 -0.01132774 -0.00199338
v -0.01792965 -0.0118298 -0.00157491
v -0.01774069 -0.01038825 -0.00171738
v -0.0171042 -0.00894494 -0.00193397
v -0.01787456 -0.00713962 -0.00335146
v -0.01699384 -0.00657635 -0.00315233
v -0.01669921 -0.00712441 -0.00217422
v -0.01806271 -0.00815765 -0.00232285
v -0.01829495 -0.0072935 -0.00474543
v -0.01723124 -0.00617713 -0.00453849
v -0.01435129 -0.00734035 -0.00293648
v -0.01390707 -0.00815117 -0.00319398
v -0.01519722 -0.008458 -0.0026513
v -0.01530344 -0.00716932 -0.00254172
v -0.01334068 -0.00930488 -0.0031856
v -0.01455908 -0.00982215 -0.00283868
v -0.01632956 -0.00803401 -0.00220952
v -0.01421741 -0.0110608 -0.00250512
v -0.01545951 -0.01161641 -0.00214746
v -0.01297817 -0.01068584 -0.00287216
v -0.01297983 -0.01219046 -0.00250507
v -0.01424755 -0.01235196 -0.00221812
v -0.01253612 -0.00884652 -0.00427111
v -0.0120937 -0.01044251 -0.00423553
v -0.01257042 -0.00887086 -0.00555879
v -0.01184982 -0.01050206 -0.00564155
v -0.01233445 -0.00885837 -0.00693516
v -0.01178816 -0.0105264 -0.00715249
v -0.01234331 -0.008773 -0.00839058
v -0.01187417 -0.01039063 -0.00871681
v -0.01178928 -0.01201699 -0.00876573
v -0.01202214 -0.01365765 -0.00846332
v -0.01256496 -0.01014938 -0.01003607
v -0.01245549 -0.01183712 -0.01011831
v -0.01268818 -0.01356274 -0.0096678
v -0.01356564 -0.01168868 -0.01089397
v -0.01367002 -0.01344953 -0.01047968
v -0.01486096 -0.01166649 -0.01087088
v -0.01485035 -0.01327494 -0.0106289
v -0.01503336 -0.0149361 -0.00984922
v -0.01511432 -0.01648785 -0.00872756
v -0.01601418 -0.01318632 -0.01018611
v -0.01613879 -0.01453272 -0.0096217
v -0.01627913 -0.01588365 -0.00862324
v -0.01622223 -0.01697438 -0.00736907
v -0.01731864 -0.01495593 -0.00821103
v -0.01741148 -0.01591657 -0.0071803
v -0.0174327 -0.01648717 -0.00598193
v -0.0163414 -0.01750171 -0.00590918
v -0.01794301 -0.01377626 -0.00751256
v -0.01811629 -0.01457315 -0.00663243
v -0.01802178 -0.01520494 -0.0056356
v -0.01823031 -0.01258677 -0.00693941
v -0.01782764 -0.0119242 -0.0079646
v -0.01723985 -0.01121522 -0.00906226
v -0.01749887 -0.01024294 -0.00849549
v -0.01625748 -0.01065108 -0.00995179
v -0.01655749 -0.00960294 -0.00935521
v -0.01696863 -0.00873531 -0.00856076
v -0.01775553 -0.00937914 -0.00761615
v -0.01838179 -0.00889404 -0.00565079
v -0.01541824 -0.00899685 -0.01001235
v -0.01595387 -0.00804263 -0.0092243
v -0.01656209 -0.00718429 -0.00835754
v -0.01484139 -0.00750819 -0.00942236
v -0.01690511 -0.00651619 -0.00731684
v -0.01604006 -0.00582543 -0.00596377
v -0.01715382 -0.00618644 -0.00605748
v -0.01592601 -0.00599269 -0.00455149
v -0.01463628 -0.00645238 -0.00481495
v -0.01424355 -0.00655769 -0.00358294
v -0.01560403 -0.00637956 -0.00330401
v -0.01481027 -0.0063867 -0.00619238
v -0.01344726 -0.00739793 -0.00662183
v -0.01353952 -0.00746755 -0.00529455
v -0.01329797 -0.00724837 -0.00799645
v -0.01383559 -0.00730038 -0.00901632
v -0.01295901 -0.00858897 -0.0096416
v -0.01411958 -0.00858226 -0.01025647
v -0.01372351 -0.01002137 -0.01074792
v -0.01506237 -0.01018442 -0.01064516
v -0.0160697 -0.01187423 -0.01024616
v -0.01325708 -0.00751671 -0.00402591
v -0.0157114 -0.01386626 -0.0016751
v -0.01546199 -0.01268567 -0.00191864
v -0.01591154 -0.01513359 -0.00152002
v -0.01473741 -0.01590848 -0.0025912
v -0.01358195 -0.01525274 -0.00295751
v -0.01871219 -0.01029176 -0.00214085
v -0.01889464 -0.01204506 -0.00204534
v 0.01488372 -0.00316694 -0.00454539
v 0.01425844 -0.00538197 -0.00547061
v 0.01661177 -0.00491078 -0.00500075
v 0.01646303 -0.00325581 -0.00352946
v 0.01372208 -0.00164202 -0.00226314
v 0.01211533 -0.00270417 -0.00389304
v 0.01723339 -0.0058638 -0.00411285
v 0.01760844 -0.00475267 -0.00193882
v 0.01626826 -0.00718695 0.0016913
v 0.01521777 -0.00750252 0.00345567
v 0.01516511 -0.00480209 0.00424593
v 0.0164101 -0.00543724 0.00173144
v 0.0168771 -0.00658947 -0.00112851
v 0.01592016 -0.00836987 -0.00011664
v 0.01490737 -0.00962646 0.00156096
v 0.00905102 -0.00655576 0.00254897
v 0.00809821 -0.00472862 0.00277044
v 0.0088222 -0.00524391 0.00487507
v 0.00975991 -0.0076232 0.00389075
v 0.01008903 -0.00978793 0.00155503
v 0.00858615 -0.00738359 0.00090145
v 0.00725731 -0.00485902 0.0006483
v 0.01357122 -0.0097517 0.00328633
v 0.01204337 -0.01084109 0.00263363
v 0.01120037 -0.0081588 0.00536889
v 0.01337103 -0.00769206 0.00492007
v 0.01301085 -0.01070627 -0.00041406
v -0.00122325 0.00052832 0.00162276
v -0.00180909 0.00259406 0.001627
v -0.00183851 0.0013512 0.00523252
v -0.00081999 -0.00048099 0.00388762
v 0.01003194 0.00352783 0.00215471
v 0.00857646 0.00194336 -0.0016227
v 0.01071099 -0.00055321 -0.00190742
v 0.01211039 0.00035843 0.000567
v 0.01398775 5.585E-05 0.00263171
v 0.01210192 0.0013971 0.00508159
v 0.00991398 0.00192181 0.00718819
v 0.00885313 0.00342528 0.00527256
v 0.00274585 -0.00270932 0.00664924
v 0.00194704 -0.00181819 0.00493735
v 6.27E-05 -0.00178165 0.00642701
v 0.00209235 -0.00332316 0.00833806
v 0.00482488 -0.00326651 0.00660737
v 0.00416351 -0.0021132 0.00409633
v 0.01042054 -0.00439942 0.00638612
v 0.01310176 -0.00462419 0.00595225
v 0.01032851 -0.00106187 0.00684202
v 0.01271022 -0.00158695 0.00577695
v 0.00744098 0.00160082 0.00783763
v 0.00665484 0.0038055 0.00554886
v 0.00011756 0.00352439 0.00668942
v 0.00088146 0.00278705 0.00780723
v 8.096E-05 0.0016531 0.00876889
v -0.0013066 0.00300141 0.00620305
v 0.00234491 0.00315649 0.00744205
v 0.0025967 0.00118279 0.00925987
v 0.00113638 0.00452783 0.00542546
v 0.00319573 0.00539607 0.0034806
v 0.00435738 0.00368261 0.00652709
v -0.0005442 0.00435207 0.00309828
v 0.00180173 0.00489784 0.00015603
v 0.00528646 0.00408876 -0.00165021
v 0.00608721 0.0051068 0.00221155
v 0.00063626 0.00272018 -0.00173164
v 0.00415517 0.0014964 -0.00296744
v 0.00697942 -0.00045518 -0.00267067
v 0.00054884 5.908E-05 -0.00016672
v 0.00306727 -0.00092496 -0.00168598
v 0.00569002 -0.00243456 -0.00178458
v 0.00751038 -0.00447049 -0.00163681
v 0.00891641 -0.00268234 -0.00250336
v 0.003282 -0.00167456 0.00124845
v 0.00558731 -0.00274051 0.00069306
v 0.00627782 -0.00303981 0.00330204
v 0.00708642 -0.00390493 0.00574566
v 0.00544618 -0.00398442 0.00880034
v 0.00801878 -0.00326475 0.00753308
v 0.00539871 -0.0014748 0.00944376
v 0.00804211 -0.00104142 0.00819547
v 0.00508274 0.00129392 0.00876921
v 0.00232716 -0.00130166 0.00959838
v -0.00061272 -0.00024613 0.00840535
v 0.00094555 -0.00140115 0.00246969
v 0.01049589 -0.00498592 -0.00330532
v 0.00906201 -0.00698165 -0.00176376
v 0.010697 -0.00954139 -0.00165957
v 0.01223969 -0.00762215 -0.00400958
v 0.01442877 -0.00883524 -0.00244259
v 0.01478351 -0.00219541 0.0040577
v 0.01643854 -0.00317808 0.00136245
v 0.01541655 -0.00148028 -0.00023062
v 0.01596401 -0.00717131 -0.00374441
v 0.02332994 -0.08321978 0.00934318
v 0.02131182 -0.08237059 0.00969792
v 0.02025323 -0.08614875 0.0105289
v 0.02336253 -0.08596764 0.01000914
v 0.02628705 -0.08455899 0.0099746
v 0.02559265 -0.08169395 0.0084336
v 0.02373911 -0.07946928 0.00909321
v 0.02592772 -0.08714094 0.01196863
v 0.02364785 -0.08847321 0.01298027
v 0.0278688 -0.08631694 0.01352678
v 0.0291881 -0.08298307 0.01053169
v 0.02494998 -0.0876691 0.01622391
v 0.0211233 -0.07743731 0.00998896
v 0.01837925 -0.08142303 0.00957749
v 0.0253122 -0.07596487 0.01096945
v 0.02421929 -0.07348602 0.01190361
v 0.02077902 -0.07395733 0.01046304
v 0.02706565 -0.07790133 0.00960663
v 0.02826408 -0.08030746 0.00863878
v 0.0281782 -0.08024836 0.01236317
v 0.01827521 -0.08544824 0.01518095
v 0.01777319 -0.08387582 0.01384164
v 0.01767915 -0.08323023 0.01661629
v 0.01829319 -0.08497295 0.01663703
v 0.01823395 -0.08744996 0.01500848
v 0.01752534 -0.08542683 0.01158633
v 0.01865066 -0.08647458 0.01807248
v 0.01843798 -0.08356758 0.01942972
v 0.02722536 -0.07747987 0.01448382
v 0.02638454 -0.07361095 0.0149979
v 0.02771869 -0.08314771 0.01486261
v 0.02812036 -0.08072148 0.01605077
v 0.02562547 -0.08434842 0.01775067
v 0.02619097 -0.08093036 0.01859404
v 0.02610227 -0.07734997 0.0184564
v 0.00874673 -0.02582332 -0.00141211
v 0.00742523 -0.02391334 0.00116791
v 0.00676085 -0.02670351 0.00197859
v 0.00829835 -0.02788441 -0.00081239
v 0.01146203 -0.02667619 -0.00067404
v 0.01064327 -0.02448336 0.00162282
v 0.00750904 -0.02912898 0.0024463
v 0.01032041 -0.030309 -6.529E-05
v 0.00942839 -0.03286988 0.00515367
v 0.01364826 -0.03399089 0.00246923
v 0.01496712 -0.03076757 -0.00021573
v 0.0084857 -0.02861807 0.00564134
v 0.00690113 -0.02565456 0.00576549
v 0.00915212 -0.02791794 0.00936056
v 0.01040657 -0.03173833 0.00968837
v 0.01197594 -0.03506973 0.01004152
v 0.01067095 -0.03633878 0.00702116
v 0.0207666 -0.025519 0.00648355
v 0.02051389 -0.02484155 0.00381975
v 0.02096338 -0.02865599 0.00385259
v 0.02106526 -0.02810222 0.00735089
v 0.01794438 -0.02695178 0.01040947
v 0.01913794 -0.02434534 0.0079638
v 0.0186739 -0.02237049 0.00537413
v 0.01039873 -0.0228308 0.00787433
v 0.01024189 -0.02341304 0.00502134
v 0.01294381 -0.02389533 0.00546485
v 0.01273929 -0.02325992 0.00892895
v 0.00848884 -0.02261835 0.00943048
v 0.00735078 -0.02269272 0.00529179
v 0.0080675 -0.02506181 0.00861951
v 0.01204878 -0.0259848 0.01177332
v 0.01719402 -0.021836 0.00713573
v 0.0171119 -0.02321942 0.0089846
v 0.01531864 -0.02282376 0.00621998
v 0.01623937 -0.02305109 0.00331063
v 0.01504041 -0.0231974 0.00866844
v 0.02034681 -0.03126313 0.00810582
v 0.01797827 -0.03063755 0.01092822
v 0.01575354 -0.024738 0.01068068
v 0.01477911 -0.02453218 0.00969338
v 0.01351721 -0.02475492 0.00993178
v 0.01351884 -0.02534601 0.01092624
v 0.01371201 -0.03076877 0.01149299
v 0.01816006 -0.03379678 0.01163113
v 0.01473402 -0.0341664 0.01179292
v 0.01847962 -0.03701537 0.01241124
v 0.01558422 -0.03735786 0.01248742
v 0.01301438 -0.03836624 0.01095946
v 0.01187157 -0.03962459 0.00818847
v 0.01634351 -0.04060874 0.01348168
v 0.01404622 -0.04159117 0.01185532
v 0.01300552 -0.04273739 0.00924601
v 0.01478427 -0.04307423 0.00694379
v 0.01425001 -0.03994733 0.00581544
v 0.01494491 -0.04478082 0.01278323
v 0.01398457 -0.04579128 0.01029759
v 0.01524413 -0.04627579 0.00791959
v 0.01818172 -0.04604527 0.00735915
v 0.01799479 -0.0429386 0.00616427
v 0.01481504 -0.04887725 0.01132213
v 0.0156914 -0.04947316 0.00882791
v 0.01845394 -0.04916586 0.00837709
v 0.02064106 -0.04829266 0.01000206
v 0.02021883 -0.04510388 0.00918653
v 0.01616339 -0.05263604 0.00978187
v 0.0188307 -0.05229532 0.00924549
v 0.0211759 -0.05149483 0.01062324
v 0.02229241 -0.05069963 0.01294914
v 0.0217171 -0.04741337 0.0123276
v 0.01929384 -0.05544619 0.00987777
v 0.02167286 -0.05471602 0.01122387
v 0.02285656 -0.05398158 0.01352608
v 0.02142665 -0.05368285 0.01611539
v 0.02076211 -0.05035854 0.01544493
v 0.02208792 -0.05795923 0.01176802
v 0.02338964 -0.05726628 0.01407079
v 0.02209153 -0.05701251 0.01674295
v 0.0191757 -0.05731786 0.01766889
v 0.01868314 -0.05390784 0.01711147
v 0.02396058 -0.06054776 0.01452085
v 0.02269141 -0.06036544 0.01722339
v 0.0196458 -0.06070949 0.01813756
v 0.01679309 -0.06100567 0.01766336
v 0.01656942 -0.05765228 0.01684793
v 0.02330421 -0.06369948 0.01763334
v 0.02015809 -0.06408697 0.01854811
v 0.01714259 -0.06437993 0.01824806
v 0.01665962 -0.06477063 0.01541562
v 0.0163916 -0.06150226 0.01490268
v 0.02067853 -0.06746053 0.01894396
v 0.01742784 -0.06772144 0.01869501
v 0.01694418 -0.06800102 0.01580032
v 0.01768866 -0.0680865 0.01257381
v 0.01742698 -0.06495522 0.01238292
v 0.01770009 -0.07103007 0.01897092
v 0.017032 -0.07120953 0.0160807
v 0.01793159 -0.07121595 0.01264776
v 0.02044886 -0.07089916 0.01082418
v 0.02028226 -0.06784751 0.01106916
v 0.01705895 -0.07435931 0.01623032
v 0.01807005 -0.0743347 0.01267134
v 0.01710119 -0.07744773 0.0162738
v 0.01781324 -0.07751223 0.01258962
v 0.01698047 -0.08048971 0.01641768
v 0.01730824 -0.08093423 0.0127299
v 0.01815355 -0.07726824 0.01938845
v 0.01812539 -0.08031876 0.01949729
v 0.02220514 -0.07732259 0.01937752
v 0.02220502 -0.08044409 0.01927092
v 0.0220641 -0.08386896 0.01909108
v 0.02163613 -0.08768544 0.01798964
v 0.02067781 -0.08868846 0.01416578
v 0.01796983 -0.07421388 0.01920808
v 0.02179665 -0.07410515 0.01942889
v 0.02550437 -0.07375354 0.01852928
v 0.02123948 -0.07081278 0.01924404
v 0.02472139 -0.07036706 0.01829777
v 0.02570077 -0.07032316 0.01521518
v 0.0239659 -0.06702813 0.0179967
v 0.02510729 -0.06709416 0.01512303
v 0.02310608 -0.06755599 0.01257725
v 0.0235083 -0.0706159 0.01246236
v 0.02455855 -0.06382325 0.01486335
v 0.02283602 -0.06439295 0.01242698
v 0.02014171 -0.06477695 0.01104564
v 0.02252633 -0.06118552 0.0121292
v 0.01993676 -0.06169447 0.01089289
v 0.01720782 -0.06183522 0.01204742
v 0.01966391 -0.05860134 0.0104184
v 0.01704558 -0.0587491 0.01151589
v 0.01616568 -0.05826243 0.01420113
v 0.01665836 -0.05571452 0.01070894
v 0.01591587 -0.05509588 0.01331675
v 0.0163293 -0.05437257 0.01590636
v 0.01540618 -0.05198318 0.01234254
v 0.01599485 -0.05114624 0.01489602
v 0.01814761 -0.05052305 0.0163657
v 0.0155906 -0.04795818 0.01382204
v 0.01759569 -0.04716926 0.01549311
v 0.02013597 -0.04701336 0.01474911
v 0.01702422 -0.04387654 0.01448143
v 0.01953823 -0.04364987 0.01400471
v 0.02112452 -0.04412214 0.01162641
v 0.01897134 -0.04029157 0.01323379
v 0.02054971 -0.04086973 0.01081805
v 0.02000031 -0.04191766 0.00816641
v 0.02022748 -0.03764475 0.00993122
v 0.0198537 -0.03872743 0.00711831
v 0.01779209 -0.03980955 0.00497905
v 0.01967183 -0.03544915 0.0061087
v 0.01771471 -0.03679549 0.00370568
v 0.01368273 -0.0369094 0.00443763
v 0.01801878 -0.03366409 0.00234194
v 0.01992823 -0.03213074 0.00503659
v 0.01831482 -0.02978672 0.0015969
v 0.01783125 -0.02571793 0.00166233
v 0.0149275 -0.02664181 -0.0001887
v 0.01367185 -0.02467331 0.00220647
v 0.02005019 -0.03442594 0.00898767
v 0.00761668 -0.07655684 0.00701563
v 0.00661243 -0.07928418 0.00712902
v 0.00986048 -0.07985986 0.00754021
v 0.0102236 -0.07631555 0.00723351
v 0.00559999 -0.07355902 0.007727
v 0.00317073 -0.0777996 0.00715311
v 0.00933987 -0.07306889 0.00897397
v 0.00869894 -0.06994369 0.01059748
v 0.00583524 -0.06952509 0.00895374
v 0.00262662 -0.06929308 0.00950864
v 0.00160463 -0.07264984 0.00879309
v 0.01089826 -0.07675358 0.00948903
v 0.01054157 -0.07902124 0.01018698
v 0.01052105 -0.0745379 0.01229568
v 0.00993793 -0.07783005 0.01317577
v 0.00897693 -0.08249349 0.01234613
v 0.0095515 -0.08117835 0.01131037
v 0.00895913 -0.08289515 0.00916683
v 0.00813705 -0.08422697 0.01198676
v 0.00798653 -0.08330197 0.01480381
v 0.00857422 -0.08191393 0.01357649
v 0.00893168 -0.08013824 0.01354423
v -0.00020467 -0.08250799 0.01293848
v -0.00080289 -0.08055025 0.01052059
v 0.00028569 -0.0791408 0.01291337
v 0.00079787 -0.08123528 0.0149253
v 0.00840403 -0.08053117 0.015914
v 0.00032534 -0.07830601 0.01478292
v -0.00027843 -0.07624794 0.01164303
v -0.00036224 -0.07620191 0.01472742
v -0.00017933 -0.07658951 0.01772306
v 0.00081359 -0.0792894 0.01663723
v 0.00948947 -0.07776668 0.01631371
v 0.01005627 -0.07453086 0.0160585
v 0.01020204 -0.07076801 0.01347898
v 0.01021428 -0.07122391 0.01627893
v 0.00483649 -0.02274085 0.00315462
v 0.00574478 -0.02559894 0.0027551
v 0.00769721 -0.02466352 0.00608363
v 0.00607206 -0.02207838 0.00588174
v 0.00391008 -0.02178763 0.00688602
v 0.00178101 -0.02187985 0.00501062
v 0.0013993 -0.0250207 0.00496891
v 0.00442753 -0.02171135 0.01008564
v 0.00138997 -0.02181234 0.00994672
v 0.00064623 -0.02713886 0.01225878
v 0.00164823 -0.02732691 0.00944108
v 0.0002069 -0.02394698 0.00973525
v -0.00039765 -0.02422987 0.01474963
v -0.00012577 -0.02955336 0.01610507
v 0.00030258 -0.03000971 0.01278671
v 0.00159927 -0.03053453 0.0097528
v 0.01160577 -0.0233838 0.01211608
v 0.00876255 -0.02252548 0.01480731
v 0.01025198 -0.02046126 0.01393297
v 0.01045252 -0.02172718 0.01142597
v 0.0106524 -0.02621856 0.01069082
v 0.00995103 -0.02606499 0.0147886
v 0.00939869 -0.0236154 0.00944009
v 0.00652822 -0.02108373 0.01172491
v 0.00733392 -0.02063073 0.01226328
v 0.00722965 -0.02032728 0.01382933
v 0.00495484 -0.02135085 0.01315437
v 0.00716129 -0.02140485 0.00964884
v 0.00856136 -0.0200735 0.01144339
v 0.00895793 -0.01895787 0.01355269
v 0.00208678 -0.02193438 0.01388171
v 0.00330195 -0.02346255 0.01499055
v 0.0028973 -0.02544918 0.01583031
v 0.00547524 -0.02334012 0.01452186
v 0.00626797 -0.02603623 0.01524858
v 0.00698977 -0.02951134 0.01525942
v 0.00325978 -0.02943438 0.01632542
v 0.01072555 -0.0298072 0.01464142
v 0.01044472 -0.03344642 0.01452798
v 0.00747035 -0.03299215 0.01557933
v 0.0110531 -0.0301464 0.01128088
v 0.01073309 -0.03373697 0.0120032
v 0.0104052 -0.03732183 0.01246742
v 0.00995139 -0.03696882 0.01464695
v 0.00912157 -0.0308011 0.00839705
v 0.00872187 -0.03398914 0.00991819
v 0.00849101 -0.03734783 0.01081396
v 0.00829407 -0.04076126 0.01134222
v 0.00989357 -0.04076236 0.01296443
v 0.00668844 -0.03476375 0.00788057
v 0.00655667 -0.03774186 0.00903375
v 0.00639281 -0.04088752 0.00983835
v 0.00623836 -0.04414141 0.01028961
v 0.00808679 -0.044131 0.0117027
v 0.00388379 -0.03768052 0.00915712
v 0.00401775 -0.04082192 0.00982868
v 0.00399388 -0.04405177 0.01024507
v 0.00392997 -0.04732127 0.01056042
v 0.00611155 -0.0474294 0.01056103
v 0.00260391 -0.04060239 0.01168237
v 0.00269406 -0.04389851 0.01206606
v 0.00271692 -0.04718826 0.01240017
v 0.00255225 -0.0504902 0.01265796
v 0.00377275 -0.05060932 0.01071411
v 0.00252374 -0.0437148 0.01437455
v 0.00261263 -0.04702679 0.01470172
v 0.0024469 -0.05034594 0.01502283
v 0.00229904 -0.05367051 0.01538775
v 0.00247014 -0.05378525 0.01293323
v 0.0032098 -0.04688236 0.01688925
v 0.00297341 -0.05025845 0.0172377
v 0.00263281 -0.05362403 0.01763633
v 0.00218911 -0.05703499 0.01800778
v 0.00181024 -0.05697636 0.0157167
v 0.00487243 -0.05045171 0.01829677
v 0.00466862 -0.0539398 0.01842072
v 0.00447899 -0.05741477 0.01836878
v 0.00441286 -0.06086735 0.0183635
v 0.00184775 -0.06051517 0.01818325
v 0.00720692 -0.05405608 0.01809224
v 0.00719812 -0.05750516 0.01804001
v 0.00730789 -0.06092383 0.01788325
v 0.00744875 -0.06434354 0.01769025
v 0.00441086 -0.06423615 0.01824861
v 0.00940435 -0.05736708 0.01679448
v 0.00969205 -0.06077986 0.01687987
v 0.00998287 -0.06425977 0.01679209
v 0.01016214 -0.06777356 0.01656962
v 0.00748903 -0.06775113 0.01758319
v 0.00964551 -0.06069268 0.01447056
v 0.00982437 -0.06405545 0.01439292
v 0.01001626 -0.06742641 0.0140813
v 0.00834496 -0.06371786 0.011989
v 0.00851905 -0.06685448 0.01147962
v 0.00605668 -0.06333788 0.01018432
v 0.00601329 -0.06639056 0.00968696
v 0.00325364 -0.06319882 0.01053817
v 0.00307684 -0.06622546 0.01014595
v 0.00169143 -0.06338398 0.01305325
v 0.00137611 -0.06650557 0.01271564
v 0.00100054 -0.06966626 0.01222412
v 0.00029599 -0.07288013 0.01168717
v 0.00063413 -0.06683447 0.01553076
v 0.00017615 -0.07001171 0.01514341
v -0.00012409 -0.07319035 0.01486327
v 0.00113804 -0.07030288 0.01757875
v 0.00052733 -0.07333749 0.01760254
v 0.00408111 -0.07066104 0.01796974
v 0.00351847 -0.07367955 0.01796486
v 0.00292941 -0.0767011 0.01794197
v 0.00275122 -0.08012334 0.01781277
v 0.00689171 -0.07412772 0.01733413
v 0.00618839 -0.07700353 0.01702404
v 0.00561413 -0.08021737 0.01676132
v 0.00526098 -0.08386504 0.01555629
v 0.0022473 -0.08353303 0.01608478
v 0.00175972 -0.08442394 0.01232298
v 0.00512423 -0.0848325 0.01178573
v 0.00558838 -0.08258652 0.00845704
v 0.00188663 -0.0818296 0.00881874
v -0.00039364 -0.0765897 0.00839037
v 0.00731731 -0.07105543 0.01747109
v 0.00434629 -0.06751126 0.0181234
v 0.00141071 -0.06720582 0.01784867
v 0.00160094 -0.06393857 0.01809627
v 0.00098187 -0.06359311 0.01583319
v 0.00142548 -0.06030469 0.01589073
v 0.0019628 -0.06022725 0.01319272
v 0.00231606 -0.0570404 0.01315825
v 0.00341277 -0.06015541 0.01084456
v 0.003484 -0.0570373 0.01086974
v 0.00366748 -0.05386216 0.0109085
v 0.00603317 -0.05714223 0.01071462
v 0.00602259 -0.05396207 0.010769
v 0.00605367 -0.05071566 0.01066603
v 0.0079945 -0.05403353 0.01221341
v 0.00791277 -0.0507629 0.01211902
v 0.00794638 -0.04746482 0.01195049
v 0.00928889 -0.05075088 0.01397432
v 0.00935474 -0.04746359 0.01369938
v 0.00957127 -0.04414606 0.01337218
v 0.00900357 -0.0472705 0.01589231
v 0.00920816 -0.04390023 0.01546649
v 0.00953127 -0.04046482 0.01500618
v 0.00751371 -0.04355767 0.01719168
v 0.00765767 -0.04002839 0.01664134
v 0.00766951 -0.03649502 0.01605492
v 0.00518366 -0.03989355 0.01729781
v 0.00495035 -0.03646025 0.01673403
v 0.00425744 -0.03309654 0.01634468
v 0.00263803 -0.03687038 0.01579788
v 0.00150577 -0.03358762 0.01580257
v 0.00198205 -0.03702368 0.01352535
v 0.00108509 -0.03357926 0.01322016
v 0.00224767 -0.03727916 0.01109647
v 0.00176866 -0.03391653 0.01040254
v 0.00349724 -0.03471106 0.00801547
v 0.0030708 -0.03169587 0.006914
v 0.00664452 -0.03187904 0.00636061
v 0.00613881 -0.0289619 0.00458154
v 0.00227128 -0.02865269 0.00577223
v 0.00831876 -0.0275657 0.00722837
v 0.00226974 -0.0404008 0.0139837
v 0.00311641 -0.04014599 0.01613567
v 0.00329339 -0.0434972 0.01651933
v 0.00515343 -0.04338764 0.01780193
v 0.00501753 -0.04693236 0.01809988
v 0.00735254 -0.0470701 0.01762933
v 0.00727255 -0.05056898 0.01796459
v 0.00903128 -0.05061618 0.01627504
v 0.00917592 -0.05399062 0.01658362
v 0.00931809 -0.05403981 0.01423125
v 0.00948001 -0.05735471 0.0143945
v 0.00812309 -0.057283 0.01223831
v 0.00824002 -0.06051538 0.01217842
v 0.00606328 -0.06026304 0.0105051
v 0.01565652 -0.0155638 -0.00931248
v 0.01627401 -0.0129027 -0.00997753
v 0.0132132 -0.01299726 -0.00988689
v 0.01356595 -0.01558072 -0.00829663
v 0.01300557 -0.01425685 -0.00712719
v 0.01285982 -0.01232897 -0.00803231
v 0.01385963 -0.01215143 -0.00647616
v 0.01383087 -0.01437238 -0.0056806
v 0.02440725 -0.01322065 -0.00807461
v 0.02260059 -0.01348156 -0.00884415
v 0.02319105 -0.01606708 -0.00858802
v 0.02544053 -0.0148707 -0.00764829
v 0.02564885 -0.01255721 -0.00573958
v 0.02398512 -0.01096395 -0.00663103
v 0.02075176 -0.0100156 -0.00740109
v 0.01449129 -0.01665371 -0.00583983
v 0.01576157 -0.01773152 -0.00455798
v 0.01690899 -0.01790701 -0.00558055
v 0.01718633 -0.01625943 -0.00802691
v 0.01867333 -0.01745574 -0.00580541
v 0.0172337 -0.01931538 -0.00319915
v 0.01974827 -0.01812543 -0.00334316
v 0.02001604 -0.01636556 -0.00810886
v 0.0212133 -0.01686865 -0.00554942
v 0.0229206 -0.01645655 -0.00673219
v 0.02324535 -0.01526829 -0.00370909
v 0.02441992 -0.0155669 -0.00588399
v 0.0151889 -0.00694964 -0.01001578
v 0.01736134 -0.00777479 -0.0085162
v 0.0161212 -0.00603692 -0.007469
v 0.01372932 -0.00597124 -0.00981516
v 0.01313651 -0.00701098 -0.00858379
v 0.01387079 -0.00696003 -0.00668148
v 0.01250367 -0.00940767 -0.00881519
v 0.01281913 -0.00927128 -0.01093877
v 0.01314523 -0.0097387 -0.00729191
v 0.02537388 -0.01393882 -0.00508563
v 0.01903073 -0.0068936 -0.00470294
v 0.01759345 -0.01001025 -0.00894347
v 0.0196618 -0.01147897 -0.00803926
v 0.01267887 -0.01001654 -0.00589125
v 0.01218097 -0.00843866 -0.00525277
v 0.01109804 -0.01029268 -0.00428944
v 0.01259069 -0.01175277 -0.00519782
v 0.01530603 -0.01913358 -0.00230334
v 0.01385826 -0.01665526 -0.00304159
v 0.01340622 -0.01652255 -0.00081083
v 0.01515741 -0.01884345 0.00042436
v 0.01054464 -0.01216979 -0.00333246
v 0.01252838 -0.01404716 -0.00385336
v 0.0125228 -0.01020414 -0.00259934
v 0.01131192 -0.01192116 -0.00158961
v 0.01275837 -0.01397209 -0.00150547
v 0.01967915 -0.02266197 -0.00033238
v 0.01860281 -0.02109509 -0.00140361
v 0.01708432 -0.02173592 -0.00036943
v 0.01876336 -0.02314678 0.00053069
v 0.01951601 -0.02260261 0.00200345
v 0.02103249 -0.02196602 0.00065891
v 0.02058245 -0.0201275 -0.001074
v 0.02473063 -0.0134937 -0.00387734
v 0.02397516 -0.01119602 -0.00299142
v 0.02296487 -0.01316266 -0.00145454
v 0.01715843 -0.02111741 0.00155914
v 0.0153643 -0.0087498 -0.00203871
v 0.01403974 -0.00849152 -0.00350666
v 0.01605684 -0.00710156 -0.00401853
v 0.01684105 -0.00783857 -0.00148632
v 0.01451576 -0.01006397 -0.00086366
v 0.0163637 -0.00939373 0.00043588
v 0.01815175 -0.01986094 0.00274659
v 0.02062865 -0.02086911 0.00340338
v 0.02115452 -0.00838427 -0.00165188
v 0.02261363 -0.00855914 -0.00395913
v 0.02122058 -0.00990187 -0.00029409
v 0.02189608 -0.01928805 0.00411085
v 0.0217164 -0.01916107 0.00491941
v 0.02192388 -0.01803351 0.00558512
v 0.02234868 -0.01757301 0.00378052
v 0.02047823 -0.01982087 0.0051021
v 0.02206595 -0.02001102 0.00220437
v 0.02077347 -0.01872445 0.00614561
v 0.01865019 -0.01897353 0.00487656
v 0.01972842 -0.01772077 0.00653936
v 0.02107542 -0.01642848 0.00621689
v 0.01990679 -0.01535979 0.00612731
v 0.01862656 -0.01601528 0.0061316
v 0.01794348 -0.01417656 0.00503523
v 0.0197976 -0.01405862 0.00510723
v 0.02154389 -0.0150786 0.00467509
v 0.01949671 -0.0125158 0.00366879
v 0.02115412 -0.01371828 0.00299079
v 0.02200466 -0.01595418 0.00188051
v 0.02189401 -0.01837328 0.00037635
v 0.02086013 -0.01253814 0.00133205
v 0.02221067 -0.01458939 0.00014339
v 0.02196726 -0.01677988 -0.00156966
v 0.02067426 -0.01157227 7.296E-05
v 0.01903495 -0.0111897 0.00262124
v 0.01937528 -0.01034246 0.00149132
v 0.01739125 -0.01230983 0.0038855
v 0.01722692 -0.01035656 0.00314232
v 0.01847644 -0.00912338 0.00118992
v 0.01582342 -0.01282531 0.00262343
v 0.01545665 -0.01073035 0.00194924
v 0.01433299 -0.01342152 0.00068281
v 0.01329824 -0.01153103 0.00046619
v 0.01683847 -0.01500295 0.00331014
v 0.01545077 -0.01569803 0.00131704
v 0.01760637 -0.01707072 0.00428141
v 0.01643166 -0.01794202 0.00230397
v 0.0189139 -0.00742695 -0.00106572
v 0.0152252 -0.00955706 -0.01076783
v 0.01778891 -0.01167244 -0.00908827
v 0.02031269 -0.01390552 -0.00887465
v 0.01871501 -0.01225573 -0.00833368
v 0.01812086 -0.01392458 -0.0092418
v 0.0131388 -0.01743396 -0.00194291
v 0.0121333 -0.01877365 -0.00117035
v 0.01385633 -0.01954591 -0.00028446
v 0.01456071 -0.01743284 -0.00030508
v 0.01273979 -0.01509174 -0.00042324
v 0.01210565 -0.01572651 -0.00232043
v 0.01046574 -0.01746884 -0.00140744
v 0.01010783 -0.01971894 -0.00063157
v 0.01137584 -0.0207877 -0.00023413
v 0.01498449 -0.02011839 0.00037044
v 0.01350022 -0.02123144 0.00070761
v 0.01538535 -0.02103384 0.00142739
v 0.01618805 -0.02021209 0.00157916
v 0.0155049 -0.01908238 0.0008474
v 0.01570805 -0.01616675 0.00158969
v 0.01490096 -0.01416369 0.00148976
v 0.01642463 -0.01803181 0.00227786
v 0.00873531 -0.01845719 0.00223486
v 0.00886165 -0.01980173 0.00068741
v 0.00846627 -0.01731673 -1.814E-05
v 0.0089741 -0.01664077 0.0020414
v 0.0093118 -0.01830421 0.0036535
v 0.01058447 -0.02055767 0.00230327
v 0.01322568 -0.02114501 0.00277113
v 0.01687544 -0.0198758 0.00287872
v 0.00919977 -0.01329652 -0.00021115
v 0.01054807 -0.01377607 -0.00159121
v 0.01141415 -0.01312913 0.00029198
v 0.00991073 -0.01316838 0.00157195
v 0.00851693 -0.01501726 -0.00011802
v 0.00979498 -0.01539888 -0.00129478
v 0.00919445 -0.01486111 0.0019012
v 0.01404308 -0.01249458 0.00178644
v 0.01295896 -0.0132778 0.00178006
v 0.01233799 -0.01348861 0.00134769
v 0.0127472 -0.01315073 0.0024089
v 0.01178519 -0.01305004 0.00214606
v 0.0103028 -0.01322439 0.00331139
v 0.00987631 -0.01456727 0.00311468
v 0.01605596 -0.0206557 0.00557192
v 0.01704101 -0.02003041 0.00751204
v 0.01837411 -0.0186379 0.00759355
v 0.01783006 -0.01922226 0.00487695
v 0.01555938 -0.02100022 0.00319132
v 0.01545375 -0.02113876 0.00711446
v 0.01575571 -0.02018873 0.00788021
v 0.01617657 -0.01356391 0.00296112
v 0.0168454 -0.01507866 0.00345827
v 0.01764439 -0.0136302 0.00487238
v 0.01620641 -0.01218965 0.00355486
v 0.01195485 -0.01246148 0.00359454
v 0.01332133 -0.01213491 0.00318613
v 0.01479104 -0.01183026 0.00495891
v 0.0129772 -0.01263991 0.00599464
v 0.01073084 -0.01315333 0.00504885
v 0.01658399 -0.01286329 0.00655702
v 0.01073793 -0.01676304 0.00695865
v 0.01057902 -0.0154713 0.00712553
v 0.01015561 -0.01594154 0.00817319
v 0.01041825 -0.01719761 0.00828403
v 0.01000463 -0.01781024 0.005705
v 0.01047206 -0.01532711 0.00577042
v 0.01008662 -0.01866663 0.00772351
v 0.0137147 -0.02122873 0.00726545
v 0.01466605 -0.02047408 0.00803467
v 0.01510749 -0.02077367 0.00902279
v 0.01588683 -0.02026907 0.00870461
v 0.01843203 -0.01584565 0.00622778
v 0.01762186 -0.01701597 0.00421933
v 0.0173665 -0.01709827 0.00905254
v 0.01761699 -0.01503713 0.00777387
v 0.01056334 -0.01423621 0.00796368
v 0.00995973 -0.01531343 0.00924282
v 0.01686342 -0.02052879 0.00884198
v 0.01503476 -0.01348046 0.00773599
v 0.01408106 -0.0142542 0.00879206
v 0.01244487 -0.01348894 0.00753341
v 0.009877 -0.01719031 0.01005811
v 0.00986458 -0.01912019 0.01010208
v 0.01610268 -0.01488052 0.00843777
v 0.01556567 -0.0159121 0.00922385
v 0.0113274 -0.02075884 0.01159757
v 0.01116998 -0.02059418 0.00976749
v 0.01087647 -0.01905157 0.0121703
v 0.01236775 -0.01565234 0.01074302
v 0.0110818 -0.01515106 0.01038473
v 0.01174675 -0.0140656 0.00896808
v 0.01320464 -0.0149572 0.00993245
v 0.01460871 -0.0167342 0.01046778
v 0.01294054 -0.01704137 0.01138884
v 0.01086959 -0.01688992 0.01152408
v 0.01374416 -0.01899983 0.0122131
v 0.01603277 -0.01849482 0.01072587
v 0.0168786 -0.02044983 0.01007247
v 0.01403934 -0.02133866 0.01170461
v 0.01082277 -0.01354918 0.00657304
v 0.01019415 -0.01553215 0.00396896
v 0.01359621 -0.02150373 0.00952495
v 0.01120603 -0.02046934 0.00737601
v 0.01101526 -0.0202828 0.00507961
v 0.01339239 -0.02103978 0.00503412
v -0.01469497 -0.01360668 -0.00189864
v -0.01589726 -0.01347543 -0.00168101
v -0.01596247 -0.01552127 -0.00119895
v -0.01401822 -0.01468885 -0.00184171
v -0.01438941 -0.01212256 -0.00224372
v -0.01590963 -0.01163891 -0.00205818
v -0.01316547 -0.01266233 -0.00238316
v -0.01724103 -0.01303707 -0.00149942
v -0.01771491 -0.01115888 -0.00176475
v -0.01322339 -0.00820438 -0.00355216
v -0.01426961 -0.00816995 -0.00299722
v -0.01439996 -0.01000943 -0.00278526
v -0.01305714 -0.0103694 -0.00306036
v -0.01547853 -0.00786365 -0.00252681
v -0.01636335 -0.00662603 -0.00178728
v -0.01764432 -0.00803143 -0.00147854
v -0.01592935 -0.00954436 -0.00235278
v -0.01781392 -0.01425965 8.897E-05
v -0.0184294 -0.01154888 -3.732E-05
v -0.01848977 -0.01205431 0.00141722
v -0.01831795 -0.01375425 0.00198902
v -0.01706411 -0.01511148 0.00250177
v -0.01670107 -0.01529343 0.00120677
v -0.0149115 -0.01612719 0.00071495
v -0.01330846 -0.01609286 0.00150869
v -0.01229596 -0.01495354 0.00109201
v -0.01311228 -0.01504134 -0.00053723
v -0.01826933 -0.00893974 0.00060825
v -0.01834083 -0.01099728 0.00241216
v -0.01822808 -0.0133771 0.00357383
v -0.01422609 -0.00700054 -0.00295299
v -0.01506835 -0.0069726 -0.00253537
v -0.01678049 -0.00544757 -0.00095145
v -0.01597613 -0.00523016 -0.00151172
v -0.01529479 -0.00436575 -0.00128044
v -0.01626342 -0.00398849 -0.00051561
v -0.01717647 -0.0146681 0.00358433
v -0.01585284 -0.01495964 0.00416629
v -0.01533084 -0.01580145 0.00287296
v -0.01218665 -0.01414774 0.00336823
v -0.01356949 -0.01570332 0.00327582
v -0.01382494 -0.01428495 0.00462025
v -0.01290888 -0.01285659 0.00403278
v -0.01690225 -0.01342388 0.00556796
v -0.01440872 -0.01391393 0.00599142
v -0.01377849 -0.01239575 0.00456784
v -0.01345427 -0.01172474 0.00428712
v -0.01376311 -0.01235508 0.00529294
v -0.00987222 -0.004035 0.00076585
v -0.0093231 -0.00462614 0.00372563
v -0.01081308 -0.00356306 0.00395329
v -0.01178313 -0.00279184 0.00076952
v -0.01060142 -0.00985047 0.0031676
v -0.01080629 -0.01013234 0.00151387
v -0.01109237 -0.01230425 0.0022681
v -0.0109721 -0.01086536 0.00453594
v -0.01029013 -0.00828825 0.00349165
v -0.0103179 -0.00809245 0.0012232
v -0.01029121 -0.0089482 0.00512845
v -0.01325838 -0.01138204 0.00498978
v -0.01260753 -0.01200849 0.0046308
v -0.01185519 -0.01228104 0.00496425
v -0.01262018 -0.01145196 0.00633751
v -0.0186413 -0.00603205 0.00258475
v -0.0177124 -0.00303365 0.00275937
v -0.01703728 -0.00314875 0.00485638
v -0.01765068 -0.00581043 0.00529112
v -0.01794776 -0.00540692 0.00019419
v -0.01718067 -0.00326164 0.0007357
v -0.0133093 -0.01250788 0.00618545
v -0.01671365 -0.00128744 0.00263906
v -0.01593171 -0.00143172 0.00126775
v -0.01455953 -0.00110426 0.00304048
v -0.01593726 -0.00115608 0.00425529
v -0.00969063 -0.00773414 0.00633867
v -0.00948669 -0.00653779 0.0037561
v -0.01128858 -0.00993906 0.00689856
v -0.0116045 -0.00972948 0.00916969
v -0.00989007 -0.00811632 0.00859614
v -0.0099879 -0.00672966 0.00942513
v -0.00894606 -0.00546167 0.00675101
v -0.01291655 -0.00228074 0.00679564
v -0.01354817 -0.00171914 0.00510551
v -0.01227433 -0.00256239 0.00442339
v -0.01184448 -0.00312945 0.0069966
v -0.01372316 -0.00256455 0.00792132
v -0.01483883 -0.00177123 0.00618266
v -0.01263177 -0.00388333 0.00902664
v -0.01464025 -0.00407036 0.00792778
v -0.01443275 -0.0054211 0.00884509
v -0.01622937 -0.00588568 0.00735672
v -0.0157642 -0.00369485 0.00668348
v -0.01602745 -0.00832564 0.00835831
v -0.01718081 -0.00908776 0.00624366
v -0.01387192 -0.00705083 0.00999673
v -0.01256926 -0.00885178 0.01056013
v -0.01486047 -0.01053321 0.0092462
v -0.01134428 -0.00530731 0.00946825
v -0.01040981 -0.00417778 0.00692071
v -0.01333621 -0.01140533 0.00841398
v -0.01423445 -0.01289575 0.0072677
v -0.01623239 -0.01204424 0.00766862
v -0.01778096 -0.00991784 0.00415018
v -0.01327317 -0.00186309 0.00176896
v -0.01482316 -0.00203374 -0.00021602
v -0.01366538 -0.00269685 -0.00102851
v -0.00941021 -0.00622082 0.0011332
v -0.01110573 -0.01039141 -0.00052767
v -0.01145369 -0.0127788 0.00035048
v -0.01213706 -0.01044183 -0.00201862
v -0.01229291 -0.01281513 -0.00125101
v -0.01206694 -0.00831352 -0.00306679
v -0.01066048 -0.00823853 -0.0013461
v -0.01152669 -0.00312452 -0.00081715
v -0.01257304 -0.00354443 -0.00162286
v -0.01018283 -0.00637019 -0.00154089
v -0.01048273 -0.00398784 -0.00135001
v -0.01169623 -0.00470898 -0.00214516
v -0.01185598 -0.00682614 -0.00290029
v -0.01412662 -0.00526419 -0.00208201
v -0.01291609 -0.00571357 -0.0025321
v -0.01320564 -0.00703728 -0.00315354
v -0.01536467 -0.0061439 -0.00169527
v 0.02597305 -0.14357886 0.02605463
v 0.02544802 -0.1422047 0.02505857
v 0.02503001 -0.14224988 0.02617318
v 0.02553674 -0.14322892 0.02685994
v 0.02716779 -0.14360517 0.02617902
v 0.02703772 -0.14190075 0.02471759
v 0.02504345 -0.14078259 0.02656488
v 0.02641577 -0.14239502 0.02773753
v 0.03176244 -0.14218166 0.02537106
v 0.03177846 -0.14161325 0.02446282
v 0.03058181 -0.14190608 0.02400293
v 0.0309966 -0.14336237 0.02571771
v 0.03092465 -0.14186838 0.02718386
v 0.03185277 -0.14083686 0.02587665
v 0.02560792 -0.14005765 0.02531202
v 0.03048242 -0.14027384 0.02402078
v 0.03172982 -0.14012426 0.02447656
v 0.03099897 -0.13840854 0.02455599
v 0.02912171 -0.13923603 0.02424317
v 0.02877091 -0.14171013 0.02444219
v 0.027067 -0.1396513 0.02469614
v 0.03062205 -0.13643464 0.0245288
v 0.02888783 -0.1368486 0.02415031
v 0.02704891 -0.13739666 0.02435566
v 0.02346722 -0.12434058 0.02292165
v 0.02222279 -0.12486488 0.02234636
v 0.02383541 -0.12393303 0.02110679
v 0.02482204 -0.1239195 0.02254689
v 0.02364062 -0.12414109 0.02365697
v 0.02286132 -0.12445661 0.02409632
v 0.02508029 -0.12349586 0.02386731
v 0.0283695 -0.12322817 0.02072961
v 0.02921169 -0.12407912 0.02010786
v 0.03068265 -0.12373503 0.02182626
v 0.02887229 -0.12374222 0.02220473
v 0.02387409 -0.12686378 0.02558351
v 0.02244068 -0.12605286 0.02484879
v 0.02501939 -0.12443433 0.02597845
v 0.02571196 -0.12656465 0.02611736
v 0.02446534 -0.12894955 0.02595128
v 0.02329936 -0.12906361 0.02484335
v 0.02467721 -0.12274607 0.02498579
v 0.02881975 -0.12366182 0.02339338
v 0.02724074 -0.12339907 0.02381723
v 0.02688996 -0.12374725 0.02234642
v 0.02991301 -0.12345707 0.02376879
v 0.02774461 -0.12271093 0.02492706
v 0.0280016 -0.12441555 0.02575223
v 0.03028388 -0.12498563 0.02437024
v 0.03010309 -0.12714458 0.02473419
v 0.02815285 -0.12668914 0.02586705
v 0.0312213 -0.12560505 0.02236638
v 0.03083191 -0.12768108 0.02313005
v 0.03075441 -0.12985399 0.02359482
v 0.03014702 -0.12945256 0.02504626
v 0.02928146 -0.12610605 0.02118079
v 0.02906308 -0.12807864 0.022366
v 0.02902268 -0.13020048 0.02313004
v 0.02891458 -0.13241208 0.02369809
v 0.03069017 -0.13212872 0.02397725
v 0.02670915 -0.12855285 0.0223968
v 0.0268258 -0.13060871 0.02308935
v 0.02687883 -0.13281339 0.02349477
v 0.02699409 -0.13509127 0.02391867
v 0.02883512 -0.13462839 0.02396987
v 0.024813 -0.13117695 0.02389858
v 0.02537566 -0.13337785 0.02455611
v 0.02569626 -0.13563368 0.02506039
v 0.02579295 -0.13791853 0.02543239
v 0.02470255 -0.13378632 0.02582358
v 0.02517243 -0.13609394 0.02629677
v 0.02532834 -0.13849586 0.0265999
v 0.02620129 -0.13648939 0.02742807
v 0.0265176 -0.13923547 0.0275903
v 0.02803617 -0.13671604 0.02765294
v 0.02843813 -0.13945404 0.0275983
v 0.02884787 -0.14217257 0.02750152
v 0.02976773 -0.13666591 0.02705226
v 0.03017642 -0.13919085 0.02701945
v 0.03083582 -0.13647309 0.02582681
v 0.03122389 -0.13870621 0.02591807
v 0.0294132 -0.13412964 0.02693121
v 0.03057344 -0.13419774 0.02565422
v 0.03055561 -0.13434336 0.02432873
v 0.0303806 -0.13183498 0.02538678
v 0.02897929 -0.13158885 0.0266065
v 0.02854097 -0.12908942 0.02624154
v 0.02703911 -0.13145983 0.02704855
v 0.02640951 -0.12893179 0.02656581
v 0.02517987 -0.13144693 0.02652658
v 0.02572132 -0.13393122 0.02706412
v 0.02412497 -0.13147697 0.02526491
v 0.02757627 -0.13404912 0.0274175
v 0.02433426 -0.1289714 0.02336365
v 0.02652559 -0.12664527 0.02137902
v 0.02334686 -0.12693286 0.02221485
v 0.02638776 -0.12466504 0.02038963
v 0.02633242 -0.12311282 0.02057403
v 0.02400535 -0.12526453 0.02071084
v 0.02899405 -0.14321232 0.02602957
v -0.04788883 -0.11069129 0.00920366
v -0.04695326 -0.10945027 0.00849285
v -0.04845334 -0.10859079 0.00828778
v -0.04916759 -0.11019891 0.00976858
v -0.04798489 -0.11049124 0.0105364
v -0.04746307 -0.11067948 0.00982457
v -0.04672939 -0.10956344 0.00969376
v -0.04743361 -0.10943174 0.01099131
v -0.05275862 -0.10760908 0.00990531
v -0.05101494 -0.10837596 0.01074507
v -0.05080238 -0.10906493 0.00936763
v -0.05213885 -0.10840089 0.00900983
v -0.05197216 -0.10568024 0.01018002
v -0.05043526 -0.10651812 0.01090673
v -0.05287879 -0.10649429 0.00868616
v -0.05190611 -0.1071427 0.00796698
v -0.05134678 -0.10577068 0.0080721
v -0.05217791 -0.10514832 0.00875709
v -0.05006412 -0.10775017 0.00825569
v -0.04962089 -0.10553718 0.00838535
v -0.05080444 -0.10401034 0.00879094
v -0.04920949 -0.10900869 0.0112367
v -0.04778005 -0.1065368 0.00837008
v -0.04704088 -0.10472926 0.00827724
v -0.04844381 -0.1036379 0.00834326
v -0.03992654 -0.0962692 0.00639818
v -0.03958497 -0.09708704 0.00545816
v -0.03863091 -0.0983344 0.00717897
v -0.03978723 -0.09680784 0.00749589
v -0.04128914 -0.09506623 0.00631463
v -0.04155159 -0.09506213 0.00494215
v -0.04139577 -0.09540962 0.00756783
v -0.04269112 -0.0941214 0.00645628
v -0.04286202 -0.0941631 0.00755172
v -0.04429164 -0.0932181 0.00745928
v -0.04357018 -0.09327544 0.00554615
v -0.03977983 -0.09605101 0.00973291
v -0.03975656 -0.09666605 0.00879847
v -0.03873359 -0.09810383 0.00921082
v -0.03978312 -0.09688883 0.01055858
v -0.0410327 -0.09457777 0.00980405
v -0.04126436 -0.09529173 0.0087907
v -0.04248567 -0.09424118 0.00864763
v -0.04303921 -0.09342712 0.00911439
v -0.04405389 -0.09409838 0.00970836
v -0.04577455 -0.09350103 0.00773384
v -0.0418149 -0.09524307 0.01074892
v -0.04300745 -0.09673298 0.01073773
v -0.04495941 -0.09570172 0.00989697
v -0.0411577 -0.09807585 0.01057319
v -0.04243487 -0.09944339 0.01069075
v -0.04417188 -0.09827852 0.01092868
v -0.03997082 -0.09919616 0.00933269
v -0.04131583 -0.10034314 0.0095679
v -0.04254056 -0.10170384 0.00984518
v -0.04359739 -0.10095901 0.01089316
v -0.03995945 -0.09939433 0.00745457
v -0.04150055 -0.10025672 0.00810049
v -0.042845 -0.10138982 0.00865263
v -0.04412499 -0.10259979 0.00899057
v -0.04371369 -0.10312535 0.0100482
v -0.04272566 -0.09914745 0.00690669
v -0.04399954 -0.10033129 0.00762133
v -0.0451015 -0.1016354 0.00796249
v -0.04611875 -0.10310017 0.00808464
v -0.04523854 -0.10395061 0.00909408
v -0.04546373 -0.09891342 0.00746122
v -0.04652027 -0.10036892 0.00792972
v -0.04745607 -0.10198333 0.0081921
v -0.04796113 -0.09919196 0.00823746
v -0.04880743 -0.10089931 0.00856066
v -0.04979403 -0.10246994 0.00861906
v -0.04901854 -0.100504 0.00961844
v -0.04984157 -0.1022847 0.00986478
v -0.05072787 -0.10402317 0.01001733
v -0.04881467 -0.10275389 0.01099744
v -0.04966092 -0.10464859 0.0110123
v -0.04727563 -0.10351997 0.01148717
v -0.04810929 -0.10537178 0.01138405
v -0.0487201 -0.10716993 0.01123068
v -0.04655932 -0.10593855 0.01110278
v -0.04711489 -0.10766251 0.01096281
v -0.04574707 -0.10603113 0.01011716
v -0.04628883 -0.10773154 0.00997249
v -0.04609582 -0.10549267 0.00910591
v -0.04671924 -0.10726386 0.00904012
v -0.04480698 -0.10455088 0.01014174
v -0.045724 -0.10422826 0.01114101
v -0.04470266 -0.10256644 0.01107009
v -0.04630439 -0.10168613 0.01140362
v -0.04526372 -0.09993096 0.01119392
v -0.04792071 -0.10087745 0.01081836
v -0.0469613 -0.09906842 0.01051276
v -0.04597005 -0.09734072 0.0101763
v -0.04818622 -0.09870347 0.00926472
v -0.04732424 -0.09692179 0.00882069
v -0.04649503 -0.0952322 0.00831162
v -0.04697257 -0.09755091 0.00777968
v -0.04590608 -0.09613553 0.00698335
v -0.04509682 -0.09458122 0.00575815
v -0.04427874 -0.0976242 0.00655912
v -0.04292481 -0.09630694 0.00555184
v -0.04118219 -0.09807591 0.00603651
v -0.00683517 -0.14919737 0.0281024
v -0.00675393 -0.14725837 0.02809892
v -0.00630702 -0.14815584 0.03000962
v -0.00648242 -0.14981997 0.02946433
v 0.00070768 -0.15076756 0.02800762
v 0.00031251 -0.15102479 0.02955278
v 0.00095104 -0.14922133 0.02959727
v 0.00130283 -0.14855126 0.02740178
v -0.00467452 -0.15108037 0.0297581
v -0.00487709 -0.14991912 0.02746152
v -0.00401147 -0.14889482 0.03061415
v -0.00169143 -0.15049338 0.02757563
v -0.001738 -0.15126231 0.02976517
v -0.00125962 -0.14918867 0.03054192
v -0.00429407 -0.1284852 0.02100535
v -0.00471357 -0.12986979 0.02283506
v -0.00148368 -0.13072491 0.02239076
v -0.00158787 -0.1287851 0.0207724
v -0.00147168 -0.12677214 0.01985625
v -0.00456595 -0.12643269 0.02071557
v 0.00462411 -0.12816852 0.02151426
v 0.0022287 -0.12744188 0.02012838
v 0.00189114 -0.12935498 0.0213617
v 0.00492965 -0.12930927 0.02333361
v -0.0033463 -0.12605831 0.0216088
v -0.00125251 -0.12613389 0.02126704
v -0.00143497 -0.1258941 0.02314123
v -0.00337922 -0.12589481 0.02270439
v -0.0052653 -0.12607527 0.02306576
v 0.00149251 -0.13130614 0.02295696
v 0.00380414 -0.13146043 0.02475161
v 0.00244228 -0.13013196 0.0264805
v 0.00347621 -0.12756971 0.02571404
v 0.00353764 -0.12708119 0.02327394
v 0.00377645 -0.12710768 0.02196871
v 0.00160322 -0.12655681 0.02137695
v 0.00106402 -0.12646523 0.02325736
v -0.00237067 -0.1243007 0.02442488
v 0.00294138 -0.12631795 0.02451248
v 0.00086758 -0.12509716 0.02471539
v 0.00048306 -0.12629563 0.0264245
v -0.00278382 -0.12629804 0.0258872
v -0.00285367 -0.12909123 0.02641678
v -0.00475797 -0.12955388 0.02495292
v -0.00475868 -0.12727457 0.0246872
v -0.00016691 -0.12916774 0.02691781
v -0.00074647 -0.13196918 0.02781365
v -0.00324996 -0.13178158 0.02718222
v 0.00173318 -0.13272873 0.02731478
v 0.00113193 -0.1353685 0.02820265
v -0.00127905 -0.13475475 0.02871012
v 0.00323519 -0.13362533 0.02587428
v 0.00257014 -0.13599515 0.0268813
v 0.00207661 -0.13855359 0.02775655
v 0.00056851 -0.13808614 0.029006
v 0.00111955 -0.13337523 0.02456835
v 0.00093499 -0.13587707 0.02568023
v 0.000627 -0.13838029 0.02665319
v 0.00036118 -0.14089221 0.02733262
v 0.00154075 -0.14115191 0.02848658
v -0.00134819 -0.13565248 0.02495449
v -0.00149112 -0.13815883 0.02572732
v -0.00163625 -0.14060435 0.02642159
v -0.00173266 -0.14311412 0.02703193
v 0.00035466 -0.14341512 0.027667
v -0.00387841 -0.13768974 0.02631099
v -0.0038975 -0.1402244 0.02695017
v -0.0040055 -0.14275488 0.02734432
v -0.00424378 -0.14516929 0.02744491
v -0.00172026 -0.1456103 0.02731488
v -0.00539879 -0.1400277 0.02789492
v -0.00556488 -0.14257625 0.02825155
v -0.00594149 -0.14501452 0.02834896
v -0.0046531 -0.14736617 0.02704657
v -0.00490146 -0.14285964 0.02971624
v -0.00541314 -0.14557427 0.02983574
v -0.0028225 -0.14335197 0.03044527
v -0.00338044 -0.14617437 0.03062
v -0.00051039 -0.14369491 0.03019946
v -0.00091174 -0.14646992 0.0304323
v 0.00110312 -0.14373177 0.02897902
v 0.00091431 -0.14639878 0.02925779
v 0.00051059 -0.14595813 0.02784861
v -0.00160818 -0.14796945 0.02713374
v 1.758E-05 -0.14087644 0.02970384
v -0.00229913 -0.14046001 0.03004678
v -0.00178211 -0.13758764 0.0294733
v -0.00442074 -0.14008671 0.02930304
v -0.0040132 -0.13729078 0.02870145
v -0.0036434 -0.13452101 0.02796396
v -0.0053304 -0.13738826 0.02726283
v -0.00515202 -0.13479751 0.02640746
v -0.00498773 -0.13220897 0.02564297
v -0.003955 -0.13525897 0.02523891
v -0.00407944 -0.13280094 0.02415362
v -0.00131028 -0.13309383 0.02386926
v -0.03132659 -0.13717812 0.02112297
v -0.03068853 -0.13526404 0.02091407
v -0.03091875 -0.1360167 0.02284773
v -0.03125532 -0.13761076 0.02260629
v -0.02438613 -0.14022461 0.0230168
v -0.02529733 -0.13997388 0.02416306
v -0.02472355 -0.13842237 0.02439867
v -0.02364453 -0.13819551 0.02262439
v -0.02930957 -0.13706312 0.02398828
v -0.02980536 -0.13900572 0.02331586
v -0.02924997 -0.13841543 0.02116401
v -0.02645169 -0.13971761 0.02197216
v -0.02732504 -0.13997155 0.02397455
v -0.02701587 -0.13784847 0.02442835
v -0.01896631 -0.12032983 0.01918249
v -0.01998987 -0.12208187 0.02023043
v -0.02026867 -0.12149785 0.02194599
v -0.0190191 -0.11936241 0.02125783
v -0.02054492 -0.11959461 0.01751664
v -0.02161612 -0.12142669 0.01865167
v -0.01770541 -0.11699843 0.02007312
v -0.01742871 -0.11849911 0.01786544
v -0.01930958 -0.1177604 0.01650804
v -0.02370057 -0.11489258 0.01628731
v -0.02501157 -0.11541126 0.01535559
v -0.02177937 -0.11647898 0.01523301
v -0.02133818 -0.11511495 0.01619717
v -0.0217403 -0.11561221 0.01795607
v -0.0242852 -0.11504816 0.01776029
v -0.02643 -0.11480319 0.01774505
v -0.01888211 -0.11624127 0.01771568
v -0.01901247 -0.11598451 0.01641158
v -0.01926037 -0.11626546 0.01923695
v -0.02160124 -0.11520223 0.01968759
v -0.02390018 -0.11466669 0.01919811
v -0.02504805 -0.11426532 0.02020803
v -0.02125729 -0.114833 0.02140182
v -0.02204436 -0.11759 0.02194273
v -0.02519718 -0.11677083 0.02100517
v -0.02540242 -0.11943486 0.02173018
v -0.02701341 -0.11935275 0.01985693
v -0.02690098 -0.11700588 0.01875171
v -0.02271755 -0.12021489 0.02243123
v -0.02330631 -0.12278156 0.02300519
v -0.02581942 -0.1220393 0.02242664
v -0.02094536 -0.12382022 0.02248758
v -0.02179292 -0.12614 0.0230806
v -0.02399227 -0.125294 0.02360536
v -0.02065497 -0.12416819 0.02099788
v -0.02146608 -0.1263774 0.02168235
v -0.02234561 -0.12862456 0.02229492
v -0.02264316 -0.12852392 0.02361991
v -0.02246484 -0.12355021 0.01968792
v -0.02312597 -0.1258263 0.02048548
v -0.02375847 -0.12809864 0.02107056
v -0.02442405 -0.13037071 0.02149326
v -0.02306078 -0.13091695 0.02267298
v -0.02514593 -0.12517378 0.01999469
v -0.02575496 -0.12744921 0.02056543
v -0.02632382 -0.12971342 0.02097172
v -0.02697317 -0.13195235 0.02117101
v -0.02504882 -0.13268456 0.02182193
v -0.02772631 -0.12688121 0.02097419
v -0.02827049 -0.12916154 0.02131824
v -0.02888267 -0.13133562 0.02143634
v -0.02963661 -0.13338196 0.02132651
v -0.02766962 -0.1341238 0.02121696
v -0.02886452 -0.12916568 0.02261224
v -0.02945103 -0.13154832 0.02284084
v -0.03006642 -0.13385874 0.0228769
v -0.02803789 -0.13230306 0.02408155
v -0.02859323 -0.13475773 0.02405786
v -0.0259525 -0.13299844 0.02452688
v -0.02650464 -0.13551584 0.02453377
v -0.02396867 -0.13345605 0.02422162
v -0.0244405 -0.13593417 0.02427359
v -0.0235491 -0.13325188 0.02283769
v -0.02384929 -0.13562012 0.02283582
v -0.0254798 -0.13499433 0.02182292
v -0.02565105 -0.13726765 0.0213919
v -0.02835714 -0.13613912 0.02077085
v -0.02335188 -0.13098422 0.02402882
v -0.02536279 -0.1304284 0.02437779
v -0.02470136 -0.12784648 0.02404801
v -0.0274899 -0.12975013 0.02393449
v -0.02691332 -0.12716556 0.02360355
v -0.02633872 -0.12459131 0.02307006
v -0.02833744 -0.12671861 0.0221881
v -0.02783917 -0.12425151 0.02153314
v -0.02739841 -0.12177675 0.02077841
v -0.02723797 -0.1245174 0.02027005
v -0.02659088 -0.1221477 0.01952858
v -0.02586385 -0.11986107 0.01852515
v -0.02445684 -0.12286295 0.01915566
v -0.02362401 -0.12058045 0.01804692
v -0.02272714 -0.11845571 0.01665205
v -0.02548148 -0.11780343 0.01684486
v 0.0229248 -0.12191562 0.02134592
v 0.02240647 -0.1202543 0.02099779
v 0.02295505 -0.12036262 0.02200544
v 0.02325001 -0.12174451 0.02241131
v 0.02317668 -0.12319802 0.02072142
v 0.02304088 -0.12005948 0.0197753
v 0.02371833 -0.12349515 0.02287053
v 0.0295184 -0.11830956 0.01913673
v 0.02972899 -0.12028726 0.01894896
v 0.03087758 -0.11997623 0.01971463
v 0.0307013 -0.11826732 0.02008268
v 0.02783935 -0.11718685 0.01957898
v 0.02746846 -0.12009299 0.01962481
v 0.02957899 -0.11609863 0.0200314
v 0.02987204 -0.12278195 0.02022011
v 0.03067541 -0.12127005 0.02054386
v 0.03041992 -0.12088422 0.02154703
v 0.02980485 -0.12299938 0.02237967
v 0.0224319 -0.11760138 0.0213995
v 0.02321408 -0.11838445 0.0228567
v 0.02357363 -0.12065882 0.02323698
v 0.02539587 -0.11727247 0.02009105
v 0.02521397 -0.12003226 0.0197543
v 0.02732467 -0.11398619 0.01916535
v 0.02520467 -0.11423843 0.01962379
v 0.02568739 -0.12241825 0.02362944
v 0.02556683 -0.12359229 0.02255139
v 0.02447096 -0.12150298 0.02390556
v 0.02568485 -0.11832472 0.02362184
v 0.02706894 -0.1214482 0.02369935
v 0.02757571 -0.12326533 0.02246345
v 0.0303105 -0.11971731 0.02248832
v 0.02919126 -0.12076189 0.02370615
v 0.03062139 -0.1179976 0.02130526
v 0.03024077 -0.1160036 0.02117028
v 0.02978685 -0.11667488 0.02252158
v 0.02312224 -0.11456283 0.02270172
v 0.02519451 -0.11438805 0.0234499
v 0.02747606 -0.11392296 0.02320389
v 0.02813303 -0.11718216 0.02341882
v 0.01882171 -0.09299891 0.01325996
v 0.01762533 -0.09180454 0.01495949
v 0.01844028 -0.09438026 0.01622681
v 0.0198013 -0.09470875 0.01459005
v 0.02229878 -0.09398603 0.01373998
v 0.02103998 -0.09119097 0.01230068
v 0.02042226 -0.08957582 0.01421212
v 0.02069194 -0.08955825 0.01527522
v 0.01954392 -0.08899917 0.01618608
v 0.01876116 -0.08949246 0.01396992
v 0.02215088 -0.08973937 0.01345158
v 0.02248707 -0.08966318 0.01523552
v 0.02659038 -0.08880107 0.01410738
v 0.02482725 -0.08932163 0.0146376
v 0.02486458 -0.08934455 0.01275586
v 0.02744334 -0.08887352 0.01292101
v 0.02222437 -0.08899515 0.01700772
v 0.02890307 -0.08820406 0.0139669
v 0.02874708 -0.09081475 0.01220139
v 0.03041648 -0.08995717 0.01446096
v 0.02902049 -0.08906395 0.01689347
v 0.02756394 -0.08767079 0.01525597
v 0.02570697 -0.08936178 0.01815215
v 0.02509085 -0.08843759 0.01647579
v 0.02203564 -0.08981291 0.01857188
v 0.02236102 -0.09249099 0.01948711
v 0.01944709 -0.0933959 0.01836143
v 0.01865578 -0.09056995 0.01755097
v 0.02593254 -0.0921775 0.01906036
v 0.02596047 -0.09515986 0.01983561
v 0.02287901 -0.09538705 0.02015892
v 0.02894958 -0.09238 0.01776225
v 0.02854041 -0.09551238 0.01847808
v 0.0283342 -0.09850878 0.01917061
v 0.02605521 -0.09823222 0.02048721
v 0.03026221 -0.09314425 0.01554911
v 0.02983785 -0.09614068 0.01649249
v 0.02955129 -0.09900793 0.01741697
v 0.02949516 -0.10189532 0.01834396
v 0.02839713 -0.101509 0.01992966
v 0.02837967 -0.09657858 0.01487224
v 0.0284422 -0.09939767 0.01610915
v 0.02852226 -0.10224745 0.01720145
v 0.02857053 -0.10509741 0.01816261
v 0.0295575 -0.10481426 0.01917712
v 0.02605432 -0.09957556 0.01573596
v 0.02633198 -0.10240061 0.0168335
v 0.02654598 -0.10524498 0.01766001
v 0.02678431 -0.10812196 0.01817263
v 0.02863059 -0.10795333 0.01893433
v 0.02392385 -0.1024439 0.01727531
v 0.0242649 -0.10531934 0.01806043
v 0.02456214 -0.10824375 0.01862864
v 0.02489143 -0.11120866 0.01916114
v 0.02702503 -0.11101267 0.01874214
v 0.02226768 -0.10543139 0.01875567
v 0.02262716 -0.10837059 0.01938248
v 0.02302794 -0.11131623 0.02001094
v 0.02333635 -0.11431532 0.02038916
v 0.02167353 -0.10832001 0.02048357
v 0.02188585 -0.11136487 0.02103169
v 0.02228692 -0.11446577 0.02138415
v 0.02351189 -0.11729398 0.0205707
v 0.02280764 -0.11125313 0.02236025
v 0.02250547 -0.10809308 0.0218875
v 0.02448294 -0.10783602 0.02274625
v 0.02478203 -0.11106737 0.02320386
v 0.02682804 -0.10764473 0.02244499
v 0.02709212 -0.1107986 0.0228908
v 0.02867618 -0.10761797 0.02123797
v 0.02886299 -0.11064738 0.02173377
v 0.02910493 -0.11360116 0.02209141
v 0.02978043 -0.11067051 0.02047566
v 0.02992063 -0.11344797 0.02088326
v 0.02874308 -0.11078911 0.01951483
v 0.02900247 -0.11358889 0.01982777
v 0.02968995 -0.10775669 0.01990562
v 0.02851185 -0.1045524 0.02063007
v 0.02655822 -0.10447879 0.02185251
v 0.02629596 -0.10133625 0.02118699
v 0.02416909 -0.10464569 0.02215194
v 0.02379135 -0.10150483 0.02147236
v 0.02335869 -0.09840421 0.02082658
v 0.0217361 -0.10195504 0.02058198
v 0.02120292 -0.09898823 0.01984631
v 0.0204162 -0.09614234 0.0191206
v 0.02025121 -0.09961504 0.01828147
v 0.01946044 -0.0969246 0.01735102
v 0.02131352 -0.09977074 0.0170158
v 0.020668 -0.09708517 0.01593324
v 0.02352918 -0.09958806 0.01625095
v 0.0230111 -0.09669213 0.01513407
v 0.02568135 -0.09671093 0.01448872
v 0.02534968 -0.09400364 0.01285902
v 0.02846005 -0.09379802 0.01351574
v 0.02510752 -0.09106442 0.01133303
v 0.02185818 -0.10254147 0.01800759
v 0.02081191 -0.10244527 0.01912096
v 0.02129891 -0.10536619 0.01985187
v 0.02215002 -0.10499803 0.02128939
v 0.02754008 -0.12244754 0.02061597
v 0.0253942 -0.12288962 0.02054646
v -0.03787175 -0.09506021 0.00717084
v -0.0396519 -0.09448128 0.00648459
v -0.04014001 -0.09516246 0.00844689
v -0.03819562 -0.09515226 0.00873773
v -0.03669936 -0.09348958 0.00710868
v -0.03847339 -0.09229009 0.0066056
v -0.03708043 -0.0935073 0.00895806
v -0.04388839 -0.0910467 0.00709115
v -0.04290866 -0.08916642 0.00685439
v -0.04283243 -0.08963569 0.00869996
v -0.04366304 -0.09168101 0.00874865
v -0.04000381 -0.09455734 0.00970065
v -0.04217089 -0.09365741 0.00851278
v -0.04105309 -0.09323892 0.00984109
v -0.03906216 -0.0927314 0.01028609
v -0.03885004 -0.09464571 0.0100202
v -0.04277826 -0.09192958 0.01014795
v -0.04177137 -0.09054741 0.01031664
v -0.03806216 -0.09023055 0.01043436
v -0.03615468 -0.09130911 0.00930014
v -0.02583338 -0.07559172 0.00325092
v -0.02707994 -0.07357987 0.00276667
v -0.02910826 -0.0744084 0.0035612
v -0.02763007 -0.07632518 0.00419579
v -0.02596344 -0.07769563 0.00556408
v -0.02403179 -0.07610474 0.00452151
v -0.02425829 -0.07297081 0.00321278
v -0.0303533 -0.07548767 0.00428429
v -0.03200565 -0.07454099 0.00444354
v -0.03266053 -0.07651211 0.00532119
v -0.02992169 -0.07767699 0.00523311
v -0.03124921 -0.07289751 0.00338112
v -0.029965 -0.07143081 0.00218156
v -0.02364509 -0.07290247 0.00670741
v -0.02509349 -0.07234509 0.00598376
v -0.02546363 -0.07206003 0.0045753
v -0.0241355 -0.07522174 0.00765993
v -0.02760771 -0.07079819 0.00419439
v -0.0280937 -0.07010147 0.00216404
v -0.02707222 -0.07143728 0.00604514
v -0.03384886 -0.06851433 0.00496651
v -0.03409702 -0.07018536 0.00628559
v -0.03345814 -0.07138397 0.00435385
v -0.03300897 -0.06944011 0.00294135
v -0.03105575 -0.06815459 0.00306141
v -0.0322035 -0.06760956 0.00552312
v -0.02877049 -0.07024128 0.00579988
v -0.02931545 -0.06966273 0.00708356
v -0.03038741 -0.06856021 0.00565699
v -0.0295959 -0.06932849 0.00444653
v -0.0267743 -0.07155444 0.00778744
v -0.03154284 -0.06988934 0.00828365
v -0.02751569 -0.07279756 0.00910218
v -0.02623795 -0.07699759 0.00802606
v -0.02890342 -0.07480333 0.00950303
v -0.0323028 -0.07285413 0.00899722
v -0.02812665 -0.07873472 0.00842873
v -0.03032821 -0.07691478 0.00980877
v -0.03311554 -0.07526988 0.00941089
v -0.0349601 -0.07461295 0.00768635
v -0.03438392 -0.07241433 0.00708305
v -0.03175139 -0.07910058 0.0100463
v -0.03416787 -0.07762592 0.00969563
v -0.03588239 -0.07681729 0.00816322
v -0.03568031 -0.07722893 0.00662953
v -0.03473868 -0.07519972 0.00604891
v -0.03534957 -0.07989497 0.00992336
v -0.03690985 -0.07905071 0.0085183
v -0.03665568 -0.07935227 0.00710576
v -0.03476681 -0.08056181 0.00633165
v -0.03363836 -0.07852986 0.005978
v -0.03802658 -0.08125612 0.00878655
v -0.03768288 -0.08150794 0.00742438
v -0.03587678 -0.0826399 0.00668592
v -0.03383332 -0.08397422 0.00686475
v -0.03252002 -0.08199886 0.00654741
v -0.03881196 -0.08358911 0.0074904
v -0.03703452 -0.08472731 0.00683839
v -0.0350556 -0.08603005 0.00699996
v -0.03363637 -0.08703324 0.00796848
v -0.03223873 -0.08509094 0.00774695
v -0.03820878 -0.08683195 0.00697037
v -0.0362454 -0.08815211 0.00708462
v -0.03487718 -0.08906271 0.00797085
v -0.03517346 -0.08900239 0.00942082
v -0.03391278 -0.08687742 0.00940099
v -0.03748697 -0.09025157 0.00731778
v -0.03594232 -0.0911852 0.00776063
v -0.03951515 -0.08886198 0.00716045
v -0.04081348 -0.09066617 0.00673302
v -0.04126349 -0.08752336 0.00747767
v -0.04199257 -0.09257887 0.00673403
v -0.03997104 -0.08559575 0.00751847
v -0.0403186 -0.08552221 0.00892657
v -0.04163463 -0.08754528 0.00889544
v -0.03903386 -0.08649221 0.01021346
v -0.04042276 -0.0885416 0.01025927
v -0.03691883 -0.08794851 0.01046094
v -0.03778428 -0.08434044 0.01019526
v -0.0356779 -0.08573969 0.01048217
v -0.0365531 -0.08213575 0.01008116
v -0.03441962 -0.0835134 0.01036411
v -0.03258474 -0.08477488 0.00930233
v -0.03309365 -0.08132689 0.01024394
v -0.03119984 -0.08269252 0.00911489
v -0.03080502 -0.08315409 0.00739286
v -0.02976755 -0.08062346 0.00882964
v -0.02936884 -0.0812643 0.00691548
v -0.03124807 -0.07999974 0.00610008
v -0.0277741 -0.07947726 0.00625919
v -0.03917891 -0.08341482 0.00891263
v -0.03411677 -0.07319729 0.00523734
v -0.00357572 -0.12142055 0.02083708
v -0.00338447 -0.11830618 0.02057009
v -0.00332763 -0.11871573 0.02249986
v -0.00327938 -0.1220205 0.02279437
v -0.00173491 -0.12440288 0.02275957
v -0.00135822 -0.12228641 0.01994544
v 0.00485172 -0.12317418 0.02235187
v 0.00434081 -0.12519377 0.02223248
v 0.00400206 -0.12377293 0.02453238
v 0.00465251 -0.12246632 0.02323304
v 0.00568612 -0.12020845 0.02260555
v 0.00555774 -0.12201481 0.02163845
v 0.00505137 -0.12240798 0.02004925
v 0.00489644 -0.11925244 0.02088043
v 0.00434186 -0.12025944 0.02440116
v -0.00262729 -0.12148891 0.02436446
v -0.00214602 -0.11897209 0.02406654
v -0.00019308 -0.11956643 0.02485097
v -0.00104005 -0.12280092 0.02495222
v 0.00465049 -0.11679543 0.02387304
v 0.0057364 -0.11667354 0.02233849
v 0.00479191 -0.11634231 0.02108613
v 0.00017197 -0.0857769 0.01096568
v -0.00023927 -0.08851678 0.01232366
v 0.00318887 -0.08897665 0.01227879
v 0.00344536 -0.08592328 0.01091986
v -0.0006792 -0.08411627 0.01314188
v -0.00178433 -0.08720488 0.01450608
v 0.00962879 -0.0854644 0.01164666
v 0.0071382 -0.08493304 0.01146174
v 0.00703581 -0.08720034 0.01112385
v 0.01027704 -0.08759671 0.01175201
v 0.01116264 -0.08657254 0.01428291
v 0.00947485 -0.08471753 0.01359461
v 0.00213614 -0.08442297 0.01312417
v 0.0041999 -0.08491672 0.01367366
v 0.00367238 -0.0846514 0.01608126
v 0.00178518 -0.08421742 0.01526627
v -0.00012597 -0.08346931 0.01628013
v 0.00293561 -0.08411228 0.0179986
v 0.0088794 -0.08446734 0.01562285
v 0.01037569 -0.08509455 0.01691979
v 0.00683867 -0.08462558 0.01816712
v 0.00652785 -0.08486748 0.01622127
v 0.00667661 -0.085024 0.01379549
v 0.00478564 -0.08485741 0.01169226
v 0.00666319 -0.08722844 0.01953394
v 0.00244114 -0.08665874 0.01922111
v 0.01037465 -0.08831029 0.01833582
v 0.00899161 -0.09139446 0.0190538
v 0.00599762 -0.09032273 0.02024799
v 0.01111344 -0.08957135 0.0155018
v 0.00982242 -0.09227248 0.01668576
v 0.00890111 -0.095134 0.01772762
v 0.00791545 -0.0943811 0.0197789
v 0.00974211 -0.09039154 0.01305353
v 0.00874274 -0.09279882 0.01462793
v 0.00801588 -0.09549224 0.01591534
v 0.00738058 -0.09833259 0.01704943
v 0.00813232 -0.09810098 0.01862114
v 0.00602914 -0.09236983 0.01383892
v 0.00551609 -0.09506298 0.01536143
v 0.00506663 -0.09798905 0.01658192
v 0.00459646 -0.10094107 0.0177211
v 0.00685197 -0.10132063 0.01798804
v 0.00278429 -0.09453686 0.01539529
v 0.00243554 -0.09749436 0.01664558
v 0.00204944 -0.10047634 0.01767329
v 0.001616 -0.10345215 0.01857771
v 0.00409389 -0.10395952 0.01859985
v -4.123E-05 -0.09718979 0.01676107
v -0.00031845 -0.10014594 0.01776606
v -0.0006331 -0.10313281 0.01858827
v -0.00100381 -0.10615852 0.01930639
v 0.00114788 -0.10650373 0.01919732
v -0.00126782 -0.0997527 0.01906892
v -0.00150937 -0.10283837 0.01991645
v -0.00179972 -0.1059342 0.0206249
v -0.00228259 -0.1090532 0.02123105
v -0.00149391 -0.10922233 0.01987826
v -0.00045137 -0.10278767 0.02158728
v -0.00078979 -0.10603178 0.02228559
v -0.00115274 -0.10928117 0.02286695
v -0.00145043 -0.11256162 0.0233368
v -0.00262429 -0.11224548 0.02177675
v 0.00114127 -0.10629516 0.02357973
v 0.00080077 -0.10963653 0.02413708
v 0.0004862 -0.11299022 0.02455595
v 0.00020914 -0.1163246 0.02475014
v -0.00175572 -0.11585026 0.02372262
v 0.00321651 -0.11000329 0.02412927
v 0.00287959 -0.11333882 0.02455248
v 0.00257939 -0.11668432 0.02481672
v 0.00214879 -0.12003841 0.0248713
v 0.00495359 -0.11352959 0.02345607
v 0.00529822 -0.11029321 0.02296317
v 0.00646077 -0.11053425 0.02145694
v 0.00594171 -0.11359108 0.02199054
v 0.00524048 -0.11040062 0.02042753
v 0.00489133 -0.11337804 0.02087401
v 0.00314202 -0.11000889 0.01979243
v 0.00277704 -0.11306758 0.02020146
v 0.00245889 -0.11614916 0.02055117
v 0.00208851 -0.11918401 0.02098827
v 0.00035618 -0.11266533 0.02019484
v -0.00015033 -0.11571725 0.0205382
v -0.00081683 -0.11881642 0.02057183
v 0.00180157 -0.12216344 0.02043678
v -0.0023285 -0.11531318 0.02080593
v -0.00179995 -0.11230856 0.02056532
v -0.00287836 -0.1154602 0.02215467
v 0.00071868 -0.10958412 0.01976877
v 0.00355928 -0.10698258 0.01932642
v 0.00584555 -0.10743356 0.01958199
v 0.0063545 -0.10437614 0.01881442
v 0.00672107 -0.10739051 0.02080786
v 0.00703058 -0.10425598 0.02012059
v 0.00745849 -0.10113509 0.0194165
v 0.00607936 -0.10386144 0.02187215
v 0.00655612 -0.10065617 0.02122624
v 0.00712533 -0.09747689 0.02051261
v 0.00437243 -0.10005686 0.02236771
v 0.00482732 -0.09675582 0.0216708
v 0.00536509 -0.09349538 0.02097012
v 0.00206364 -0.0963228 0.0214702
v 0.00227561 -0.09303883 0.02070573
v 0.00237599 -0.08980886 0.01995398
v -0.00018495 -0.09318949 0.01918967
v -0.00057892 -0.08997463 0.01836873
v -0.00130152 -0.08648611 0.01767799
v -0.00138595 -0.09053972 0.01592439
v -0.00108559 -0.09367727 0.01711474
v 0.00012074 -0.09425065 0.01561547
v 0.0001346 -0.09132729 0.01423803
v 0.00306419 -0.09167861 0.01393556
v 0.00657499 -0.08979485 0.01230779
v -0.00101692 -0.09671503 0.01812037
v -9.669E-05 -0.09636315 0.02002805
v -0.00029389 -0.09954371 0.02086912
v 0.00177231 -0.09962972 0.02222517
v 0.00148496 -0.10295976 0.02290685
v 0.00395495 -0.10336635 0.02301659
v 0.0035989 -0.10668346 0.02364091
v 0.00568264 -0.10707437 0.02244607
v 0.00130324 -0.12479021 0.02254271
v 0.00149851 -0.12354288 0.02485756
v -0.02444844 -0.11275186 0.0177391
v -0.02277929 -0.11419375 0.0165859
v -0.02309419 -0.11030437 0.01649781
v -0.02418508 -0.11048625 0.01759225
v -0.02420712 -0.11098542 0.01941626
v -0.02459601 -0.11305937 0.01914562
v -0.02350023 -0.11494222 0.01996606
v -0.01725122 -0.11573549 0.0191834
v -0.01619942 -0.11330355 0.01869293
v -0.01762721 -0.11258282 0.01725437
v -0.01896952 -0.11623522 0.01766608
v -0.02055195 -0.11595441 0.02059356
v -0.01826365 -0.11575591 0.02076282
v -0.01758546 -0.11332253 0.02058903
v -0.02260045 -0.11195853 0.02071513
v -0.02006137 -0.11280655 0.02115777
v -0.01505627 -0.07856283 0.00813232
v -0.01624376 -0.08170413 0.00857822
v -0.01305841 -0.08256342 0.0088676
v -0.01237102 -0.07997115 0.00802662
v -0.01644328 -0.07794984 0.01027849
v -0.01783572 -0.0806584 0.01087814
v -0.00703337 -0.08129687 0.00910113
v -0.00724891 -0.08452081 0.01004094
v -0.00654979 -0.08363929 0.01224212
v -0.00652912 -0.08072858 0.01121599
v -0.01257168 -0.07929713 0.01105092
v -0.01222524 -0.07920845 0.00933769
v -0.01002937 -0.07978711 0.00940754
v -0.010562 -0.0798706 0.01114072
v -0.01079161 -0.0795903 0.01301681
v -0.01304862 -0.0789993 0.01270645
v -0.01450704 -0.07839807 0.01201081
v -0.01600087 -0.07796868 0.01264049
v -0.01434989 -0.07845673 0.01065576
v -0.01385227 -0.07860079 0.01424833
v -0.00899043 -0.0798782 0.01257217
v -0.00865064 -0.08005594 0.01097488
v -0.00767507 -0.07997476 0.01362959
v -0.0106655 -0.07934915 0.01471181
v -0.01116051 -0.08141146 0.0160449
v -0.01480515 -0.08058307 0.01546039
v -0.00763928 -0.08257733 0.01500355
v -0.00944 -0.08543031 0.01568829
v -0.01218653 -0.08421276 0.01684296
v -0.00804094 -0.08647583 0.01375255
v -0.00948968 -0.08925796 0.01493851
v -0.01089449 -0.08825058 0.01649385
v -0.00877151 -0.08682447 0.01207914
v -0.01000996 -0.08945935 0.01346831
v -0.01121375 -0.09219112 0.01452208
v -0.01087784 -0.09201358 0.01583104
v -0.01104739 -0.08610338 0.01123595
v -0.01202623 -0.08877567 0.0127659
v -0.01308262 -0.09158251 0.0139554
v -0.01410479 -0.09442022 0.01488331
v -0.01228062 -0.09502804 0.01538145
v -0.01446032 -0.08805144 0.01240205
v -0.01539144 -0.09088566 0.01362391
v -0.01628904 -0.09376584 0.0145037
v -0.01713283 -0.09671462 0.01511625
v -0.0150195 -0.09734055 0.01552397
v -0.01760816 -0.09029093 0.01349432
v -0.01837768 -0.09316843 0.01447431
v -0.01912254 -0.09609644 0.01529584
v -0.01995489 -0.09900482 0.01598601
v -0.01798901 -0.09963103 0.01577239
v -0.01951461 -0.09262582 0.01534757
v -0.02024601 -0.09559987 0.01612281
v -0.02114521 -0.09854545 0.01676402
v -0.02200796 -0.10155989 0.01730598
v -0.02076101 -0.10192449 0.01659683
v -0.01980583 -0.09553487 0.01770974
v -0.02058864 -0.09864677 0.01828618
v -0.02141511 -0.10175733 0.01881384
v -0.02225599 -0.10488256 0.01921069
v -0.02267741 -0.10457078 0.01772587
v -0.01912199 -0.09906907 0.01972673
v -0.01996824 -0.10227124 0.02025208
v -0.02078099 -0.10552948 0.02058391
v -0.02161096 -0.10876242 0.02066673
v -0.0231108 -0.10801859 0.01936995
v -0.01775466 -0.10296849 0.02057801
v -0.01854067 -0.10625093 0.02090598
v -0.01929031 -0.10953681 0.02104919
v -0.01642254 -0.10674316 0.02006013
v -0.01695666 -0.11005084 0.0203552
v -0.01522496 -0.10696827 0.01877011
v -0.01576031 -0.11007006 0.01883897
v -0.01597179 -0.10666969 0.01761013
v -0.01679534 -0.10956576 0.01771287
v -0.01773747 -0.10609318 0.01691585
v -0.01875791 -0.10887703 0.01720014
v -0.02007352 -0.11136801 0.01703599
v -0.01975081 -0.10539377 0.01673428
v -0.02069178 -0.10807263 0.01697345
v -0.02139638 -0.11002582 0.01703314
v -0.0215671 -0.10478377 0.01687855
v -0.02235944 -0.10754891 0.0169877
v -0.02339153 -0.10754935 0.01782529
v -0.01885583 -0.10252781 0.01623674
v -0.01680445 -0.10320312 0.01652906
v -0.01588593 -0.1002789 0.01607721
v -0.01512909 -0.10375053 0.0172992
v -0.01415744 -0.10083666 0.01673079
v -0.01326568 -0.09788863 0.01611531
v -0.01366397 -0.10090338 0.01790404
v -0.0128518 -0.09787301 0.01730193
v -0.01196269 -0.0949059 0.01661228
v -0.01412272 -0.09728974 0.01860205
v -0.01318075 -0.09421179 0.01799915
v -0.01219522 -0.09116253 0.01722673
v -0.01522828 -0.09336664 0.01888634
v -0.01429712 -0.09021635 0.01817549
v -0.0132676 -0.08714707 0.01752332
v -0.01670464 -0.08951417 0.01776806
v -0.01600614 -0.08639399 0.01704842
v -0.01537489 -0.08342002 0.01624354
v -0.0177678 -0.0863601 0.01528133
v -0.01747476 -0.08338758 0.01431232
v -0.01734084 -0.08030792 0.01350982
v -0.01789504 -0.08386496 0.01208282
v -0.01824403 -0.08678662 0.01338434
v -0.01681319 -0.08748539 0.01232252
v -0.01614971 -0.08464383 0.01077063
v -0.0136535 -0.08524565 0.01079791
v -0.01015397 -0.08357363 0.00947168
v -0.00962354 -0.08100901 0.00853091
v -0.01880907 -0.08967266 0.01445559
v -0.01832562 -0.08936844 0.01618603
v -0.01902447 -0.09243842 0.01699292
v -0.01749927 -0.09268113 0.01849688
v -0.01829789 -0.09587757 0.01914782
v -0.01610319 -0.0965516 0.01953249
v -0.01694195 -0.0997455 0.02009563
v -0.01492512 -0.10041054 0.01918698
v -0.01571607 -0.10354555 0.01966059
v -0.01444078 -0.10395076 0.01842911
v -0.01388637 -0.07860159 0.00934502
v -0.0083985 -0.08005182 0.00960124
v 0.06265499 -0.07522918 -0.00789244
v 0.06077275 -0.07347935 -0.00829834
v 0.06057196 -0.0749345 -0.00614184
v 0.06316496 -0.07599629 -0.00585702
v 0.06373975 -0.07388853 -0.00778818
v 0.06252379 -0.07205381 -0.00766977
v 0.06533199 -0.07425027 -0.00576368
v 0.06402389 -0.07171041 -0.00560331
v 0.06224047 -0.07768711 -0.00199449
v 0.06236565 -0.07641025 -0.0008286
v 0.06419117 -0.07465265 -0.00290586
v 0.06293833 -0.07649365 -0.00359996
v 0.05946741 -0.07846947 -0.00238902
v 0.05984343 -0.07736026 -0.00112937
v 0.06025162 -0.07644504 -0.00421113
v 0.05720017 -0.07530182 -0.00225839
v 0.05851747 -0.07500869 -0.00090533
v 0.06110711 -0.07365128 -0.00090701
v 0.05179067 -0.05416419 -0.00927729
v 0.04947035 -0.05206942 -0.00985938
v 0.04724941 -0.05551695 -0.00944629
v 0.04957618 -0.05718898 -0.00855141
v 0.05333143 -0.05277482 -0.00712737
v 0.05116468 -0.05040693 -0.00735293
v 0.05160937 -0.05914139 -0.0075556
v 0.05355849 -0.0569825 -0.0081655
v 0.0545563 -0.05583545 -0.00644775
v 0.04837266 -0.05259227 -0.00850131
v 0.04930217 -0.05223744 -0.00695082
v 0.04753038 -0.05379242 -0.0067375
v 0.04653305 -0.05400435 -0.00834127
v 0.04804197 -0.05355451 -0.00555278
v 0.04943561 -0.05257566 -0.00506199
v 0.04809249 -0.0537302 -0.0035166
v 0.046887 -0.05440684 -0.00472608
v 0.04579533 -0.05486463 -0.00585984
v 0.0444791 -0.05541238 -0.00485404
v 0.04317135 -0.05646649 -0.00490364
v 0.04481284 -0.05562438 -0.00678284
v 0.04515961 -0.05528004 -0.00375209
v 0.04348531 -0.05627212 -0.00256714
v 0.04633721 -0.05477301 -0.00284579
v 0.04589447 -0.05491751 -0.00132838
v 0.04891155 -0.05301207 -0.00209307
v 0.05043177 -0.05485022 -0.00159961
v 0.04715446 -0.05714526 -0.00044312
v 0.05098363 -0.05117254 -0.00430523
v 0.05292208 -0.05316959 -0.00403561
v 0.05416695 -0.05592579 -0.00381785
v 0.05199951 -0.05724406 -0.00167008
v 0.0536353 -0.05972764 -0.00167902
v 0.05110128 -0.06147558 -0.00123395
v 0.04916821 -0.05932856 -0.00089127
v 0.05544054 -0.05869036 -0.00359749
v 0.05693004 -0.06137914 -0.00339608
v 0.0552606 -0.06231024 -0.00164967
v 0.05598234 -0.05860372 -0.00593224
v 0.05752126 -0.06122791 -0.00557767
v 0.05904451 -0.06383497 -0.00534001
v 0.05844191 -0.0640621 -0.00324998
v 0.05525833 -0.0595513 -0.00754391
v 0.05686337 -0.06197075 -0.00712983
v 0.05837916 -0.06442159 -0.00688612
v 0.0598904 -0.06701446 -0.00683852
v 0.06067259 -0.06657334 -0.00526177
v 0.05522282 -0.06351155 -0.00661263
v 0.0568727 -0.06577446 -0.00657319
v 0.0585262 -0.0681853 -0.00672687
v 0.05992359 -0.07067726 -0.00723545
v 0.06128296 -0.06962658 -0.00716476
v 0.05576223 -0.0674971 -0.00524821
v 0.05770366 -0.06987601 -0.00537944
v 0.05957451 -0.07222413 -0.00560128
v 0.05701756 -0.071348 -0.00371897
v 0.0588243 -0.07388255 -0.00377806
v 0.05641144 -0.07207999 -0.00222561
v 0.05501497 -0.06894817 -0.00368261
v 0.0548125 -0.06954201 -0.00214513
v 0.05625775 -0.06884898 -0.00128561
v 0.05760848 -0.07171842 -0.00124902
v 0.0584247 -0.06775614 -0.00154365
v 0.05984243 -0.07068524 -0.0013989
v 0.060104 -0.06685591 -0.00315427
v 0.0617037 -0.06962808 -0.00307733
v 0.06332287 -0.07220384 -0.00288951
v 0.06225106 -0.06929079 -0.00538356
v 0.0568434 -0.06494959 -0.00160074
v 0.05465644 -0.06625737 -0.00128899
v 0.05292488 -0.06382212 -0.0012632
v 0.05299998 -0.06728422 -0.00205698
v 0.0510683 -0.06510903 -0.00201022
v 0.04902358 -0.06300161 -0.00206881
v 0.05103365 -0.06459263 -0.00367101
v 0.04881264 -0.06269854 -0.00389224
v 0.04649388 -0.06088036 -0.00415807
v 0.04687447 -0.06096016 -0.00215095
v 0.04413598 -0.05902095 -0.00459429
v 0.0442627 -0.05918613 -0.00177015
v 0.04786563 -0.05905543 -0.00626646
v 0.04577956 -0.05743049 -0.00688509
v 0.04994391 -0.06100081 -0.00580892
v 0.05194939 -0.06306697 -0.0054362
v 0.05348486 -0.06127344 -0.00691507
v 0.05383535 -0.06527392 -0.00528245
v 0.05299647 -0.06675813 -0.00365317
f 1 2 3
f 1 3 4
f 1 4 5
f 1 5 6
f 7 6 5
f 7 5 8
f 7 9 10
f 7 10 6
f 7 8 11
f 7 11 9
f 12 13 14
f 12 14 15
f 12 5 4
f 12 4 13
f 12 15 8
f 12 8 5
f 16 17 18
f 16 18 19
f 16 14 13
f 16 13 17
f 16 19 20
f 16 20 14
f 21 22 23
f 21 23 24
f 25 26 27
f 25 27 28
f 25 28 22
f 25 22 29
f 25 29 30
f 25 30 26
f 31 32 33
f 31 33 34
f 31 26 30
f 31 30 32
f 31 34 27
f 31 27 26
f 34 35 36
f 34 36 27
f 34 33 37
f 34 37 35
f 36 38 39
f 36 39 40
f 36 40 28
f 36 28 27
f 36 35 41
f 36 41 38
f 41 42 43
f 41 43 38
f 41 44 45
f 41 45 42
f 45 46 47
f 45 47 42
f 45 44 48
f 45 48 49
f 45 49 50
f 45 50 46
f 50 51 52
f 50 52 46
f 50 49 53
f 50 53 54
f 50 54 55
f 50 55 51
f 55 56 57
f 55 57 51
f 55 54 58
f 55 58 59
f 55 59 60
f 55 60 56
f 60 61 62
f 60 62 56
f 60 59 63
f 60 63 64
f 60 64 65
f 60 65 61
f 65 3 2
f 65 2 61
f 65 64 66
f 65 66 18
f 65 18 17
f 65 17 3
f 66 64 63
f 66 63 67
f 66 67 68
f 66 68 69
f 66 69 19
f 66 19 18
f 69 68 70
f 69 70 71
f 69 71 20
f 69 20 19
f 71 70 72
f 71 72 73
f 71 73 74
f 71 74 20
f 74 15 14
f 74 14 20
f 74 73 75
f 74 75 11
f 74 11 8
f 74 8 15
f 75 73 72
f 75 72 76
f 75 76 57
f 75 57 77
f 75 77 9
f 75 9 11
f 77 57 56
f 77 56 62
f 77 62 10
f 77 10 9
f 76 72 78
f 76 78 52
f 76 52 51
f 76 51 57
f 78 72 70
f 78 70 79
f 78 79 80
f 78 80 47
f 78 47 46
f 78 46 52
f 80 79 81
f 80 81 82
f 80 82 83
f 80 83 43
f 80 43 42
f 80 42 47
f 83 82 84
f 83 84 85
f 83 85 86
f 83 86 39
f 83 39 38
f 83 38 43
f 86 85 87
f 86 87 88
f 86 88 24
f 86 24 23
f 86 23 40
f 86 40 39
f 88 87 89
f 88 89 90
f 88 90 91
f 88 91 24
f 91 90 92
f 91 92 93
f 91 93 94
f 91 94 95
f 91 95 21
f 91 21 24
f 95 94 30
f 95 30 29
f 95 29 22
f 95 22 21
f 94 93 96
f 94 96 97
f 94 97 32
f 94 32 30
f 92 90 89
f 92 89 98
f 98 53 49
f 98 49 48
f 98 89 99
f 98 99 53
f 99 58 54
f 99 54 53
f 99 89 87
f 99 87 100
f 99 100 101
f 99 101 58
f 101 63 59
f 101 59 58
f 101 100 84
f 101 84 102
f 101 102 67
f 101 67 63
f 102 84 82
f 102 82 81
f 102 81 68
f 102 68 67
f 100 87 85
f 100 85 84
f 81 79 70
f 81 70 68
f 62 61 2
f 62 2 10
f 40 23 22
f 40 22 28
f 17 13 4
f 17 4 3
f 10 2 1
f 10 1 6
f 103 104 37
f 103 37 33
f 103 97 96
f 103 96 104
f 41 35 37
f 41 37 44
f 97 103 33
f 97 33 32
f 48 44 37
f 48 37 104
f 93 92 105
f 93 105 96
f 92 98 48
f 92 48 105
f 104 96 105
f 104 105 48
f 106 107 108
f 106 108 109
f 106 109 110
f 106 110 111
f 106 111 112
f 106 112 113
f 107 114 115
f 107 115 108
f 108 115 116
f 108 116 117
f 108 118 119
f 108 119 109
f 108 117 120
f 108 120 118
f 121 122 123
f 121 123 124
f 121 124 119
f 121 119 118
f 121 118 120
f 121 120 122
f 120 117 125
f 120 125 122
f 112 115 114
f 112 114 113
f 112 126 127
f 112 127 128
f 119 129 130
f 119 130 109
f 119 124 131
f 119 131 129
f 115 112 128
f 115 128 132
f 115 132 133
f 115 133 116
f 129 131 134
f 129 134 130
f 135 136 137
f 135 137 138
f 135 139 140
f 135 140 141
f 135 138 142
f 135 142 139
f 139 142 143
f 139 143 140
f 144 145 146
f 144 146 147
f 148 149 150
f 148 150 151
f 148 151 152
f 148 152 143
f 148 143 142
f 148 142 149
f 153 154 155
f 153 155 156
f 153 157 147
f 153 147 154
f 153 156 158
f 153 158 157
f 159 160 152
f 159 152 161
f 159 161 158
f 159 158 156
f 159 156 155
f 159 155 160
f 161 162 163
f 161 163 158
f 161 152 151
f 161 151 162
f 163 164 165
f 163 165 166
f 163 166 157
f 163 157 158
f 163 162 167
f 163 167 164
f 167 168 169
f 167 169 164
f 167 162 151
f 167 151 150
f 167 150 170
f 167 170 168
f 170 171 172
f 170 172 168
f 170 150 149
f 170 149 173
f 170 173 174
f 170 174 171
f 174 175 176
f 174 176 171
f 174 173 138
f 174 138 137
f 174 137 177
f 174 177 175
f 177 178 179
f 177 179 175
f 177 137 136
f 177 136 180
f 177 180 181
f 177 181 178
f 181 182 183
f 181 183 178
f 181 180 184
f 181 184 185
f 181 185 186
f 181 186 182
f 186 132 128
f 186 128 182
f 186 185 187
f 186 187 188
f 186 188 133
f 186 133 132
f 188 187 189
f 188 189 190
f 188 190 191
f 188 191 133
f 191 192 116
f 191 116 133
f 191 190 193
f 191 193 194
f 191 194 195
f 191 195 192
f 195 196 125
f 195 125 192
f 195 194 197
f 195 197 198
f 195 198 199
f 195 199 196
f 199 134 123
f 199 123 196
f 199 198 200
f 199 200 201
f 199 201 130
f 199 130 134
f 201 200 202
f 201 202 110
f 201 110 109
f 201 109 130
f 202 200 203
f 202 203 204
f 202 204 205
f 202 205 206
f 202 206 111
f 202 111 110
f 205 204 207
f 205 207 208
f 205 208 183
f 205 183 127
f 205 127 126
f 205 126 206
f 208 207 209
f 208 209 179
f 208 179 178
f 208 178 183
f 209 207 210
f 209 210 211
f 209 211 212
f 209 212 176
f 209 176 175
f 209 175 179
f 212 211 213
f 212 213 214
f 212 214 215
f 212 215 172
f 212 172 171
f 212 171 176
f 215 214 216
f 215 216 217
f 215 217 218
f 215 218 169
f 215 169 168
f 215 168 172
f 218 217 219
f 218 219 220
f 218 220 145
f 218 145 165
f 218 165 164
f 218 164 169
f 220 219 221
f 220 221 222
f 220 222 146
f 220 146 145
f 222 221 223
f 222 223 224
f 222 224 225
f 222 225 146
f 225 224 135
f 225 135 141
f 225 141 155
f 225 155 154
f 225 154 147
f 225 147 146
f 224 223 136
f 224 136 135
f 223 184 180
f 223 180 136
f 223 221 226
f 223 226 184
f 226 187 185
f 226 185 184
f 226 221 219
f 226 219 227
f 226 227 189
f 226 189 187
f 227 219 217
f 227 217 216
f 227 216 228
f 227 228 189
f 228 193 190
f 228 190 189
f 228 216 214
f 228 214 213
f 228 213 229
f 228 229 193
f 229 197 194
f 229 194 193
f 229 213 211
f 229 211 210
f 229 210 203
f 229 203 197
f 210 207 204
f 210 204 203
f 203 200 198
f 203 198 197
f 196 123 122
f 196 122 125
f 192 125 117
f 192 117 116
f 183 182 128
f 183 128 127
f 173 149 142
f 173 142 138
f 166 165 145
f 166 145 144
f 166 144 147
f 166 147 157
f 160 140 143
f 160 143 152
f 160 155 141
f 160 141 140
f 134 131 124
f 134 124 123
f 126 112 111
f 126 111 206
f 113 114 107
f 113 107 106
f 230 231 232
f 230 232 233
f 231 230 234
f 231 234 235
f 234 230 236
f 234 236 237
f 238 237 239
f 238 239 240
f 238 240 241
f 238 241 242
f 238 235 234
f 238 234 237
f 233 243 244
f 233 244 230
f 230 244 245
f 230 245 236
f 244 243 246
f 244 246 245
f 241 247 248
f 241 248 249
f 250 251 252
f 250 252 253
f 250 253 254
f 250 254 255
f 256 257 258
f 256 258 259
f 260 255 261
f 260 261 262
f 260 262 263
f 260 263 264
f 265 266 267
f 265 267 268
f 265 269 270
f 265 270 266
f 270 269 271
f 270 271 254
f 261 255 254
f 261 254 271
f 261 271 272
f 261 272 262
f 272 271 269
f 272 269 259
f 272 259 258
f 272 258 273
f 272 273 263
f 272 263 262
f 273 258 274
f 273 274 275
f 273 275 276
f 273 276 263
f 276 277 264
f 276 264 263
f 276 275 278
f 276 278 279
f 276 279 280
f 276 280 277
f 280 281 282
f 280 282 277
f 280 279 283
f 280 283 284
f 280 284 285
f 280 285 281
f 285 286 287
f 285 287 281
f 285 284 288
f 285 288 289
f 285 289 290
f 285 290 286
f 290 291 292
f 290 292 286
f 290 289 293
f 290 293 294
f 290 294 295
f 290 295 291
f 295 296 297
f 295 297 291
f 295 294 247
f 295 247 298
f 295 298 299
f 295 299 296
f 299 300 301
f 299 301 296
f 299 298 240
f 299 240 239
f 299 239 302
f 299 302 300
f 302 303 304
f 302 304 300
f 302 239 237
f 302 237 236
f 302 236 245
f 302 245 303
f 304 305 306
f 304 306 307
f 304 307 301
f 304 301 300
f 304 303 308
f 304 308 305
f 308 309 310
f 308 310 305
f 308 303 245
f 308 245 246
f 308 246 311
f 308 311 309
f 310 312 288
f 310 288 313
f 310 313 306
f 310 306 305
f 310 309 314
f 310 314 312
f 314 248 293
f 314 293 312
f 314 309 311
f 314 311 315
f 314 315 249
f 314 249 248
f 313 288 284
f 313 284 283
f 313 283 316
f 313 316 306
f 316 283 279
f 316 279 278
f 316 278 317
f 316 317 318
f 316 318 307
f 316 307 306
f 318 317 319
f 318 319 320
f 318 320 301
f 318 301 307
f 320 319 321
f 320 321 297
f 320 297 296
f 320 296 301
f 321 319 322
f 321 322 323
f 321 323 324
f 321 324 292
f 321 292 291
f 321 291 297
f 324 323 325
f 324 325 326
f 324 326 327
f 324 327 287
f 324 287 286
f 324 286 292
f 327 326 328
f 327 328 329
f 327 329 330
f 327 330 282
f 327 282 281
f 327 281 287
f 329 328 267
f 329 267 252
f 329 252 251
f 329 251 330
f 328 331 268
f 328 268 267
f 328 326 325
f 328 325 331
f 325 257 256
f 325 256 331
f 325 323 322
f 325 322 257
f 322 274 258
f 322 258 257
f 322 319 317
f 322 317 274
f 317 278 275
f 317 275 274
f 312 293 289
f 312 289 288
f 298 247 241
f 298 241 240
f 294 293 248
f 294 248 247
f 282 330 264
f 282 264 277
f 270 254 253
f 270 253 266
f 256 259 269
f 256 269 265
f 268 331 256
f 268 256 265
f 267 266 253
f 267 253 252
f 251 250 255
f 251 255 260
f 251 260 264
f 251 264 330
f 246 243 332
f 246 332 311
f 332 232 333
f 332 333 334
f 332 334 315
f 332 315 311
f 333 335 336
f 333 336 337
f 336 235 238
f 336 238 242
f 335 231 235
f 335 235 336
f 335 333 232
f 335 232 231
f 249 338 242
f 249 242 241
f 332 243 233
f 332 233 232
f 315 334 338
f 315 338 249
f 333 337 338
f 333 338 334
f 242 338 337
f 242 337 336
f 339 340 341
f 339 341 342
f 339 343 344
f 339 344 340
f 341 340 345
f 341 345 346
f 341 346 347
f 341 347 342
f 348 349 350
f 348 350 351
f 350 352 353
f 350 353 351
f 345 340 344
f 345 344 354
f 345 354 355
f 345 355 346
f 356 357 358
f 356 358 359
f 356 360 361
f 356 361 357
f 362 363 364
f 362 364 365
f 362 365 366
f 362 366 367
f 368 369 370
f 368 370 371
f 368 371 372
f 368 372 373
f 374 373 375
f 374 375 376
f 374 376 377
f 374 377 360
f 377 376 378
f 377 378 379
f 377 379 361
f 377 361 360
f 378 376 375
f 378 375 380
f 378 380 381
f 378 381 379
f 382 383 384
f 382 384 385
f 382 385 386
f 382 386 387
f 382 387 363
f 382 363 383
f 387 386 372
f 387 372 388
f 387 388 364
f 387 364 363
f 388 372 371
f 388 371 370
f 388 370 389
f 388 389 364
f 389 390 365
f 389 365 364
f 389 370 369
f 389 369 391
f 389 391 392
f 389 392 390
f 392 393 394
f 392 394 390
f 392 391 395
f 392 395 396
f 392 396 397
f 392 397 393
f 397 398 399
f 397 399 393
f 397 396 400
f 397 400 401
f 397 401 402
f 397 402 398
f 402 403 404
f 402 404 398
f 402 401 405
f 402 405 406
f 402 406 407
f 402 407 403
f 407 408 409
f 407 409 403
f 407 406 410
f 407 410 411
f 407 411 412
f 407 412 408
f 412 413 414
f 412 414 408
f 412 411 415
f 412 415 416
f 412 416 417
f 412 417 413
f 417 418 419
f 417 419 413
f 417 416 349
f 417 349 348
f 417 348 351
f 417 351 418
f 419 420 421
f 419 421 422
f 419 422 414
f 419 414 413
f 419 418 423
f 419 423 420
f 423 424 425
f 423 425 420
f 423 418 351
f 423 351 353
f 423 353 347
f 423 347 424
f 425 426 427
f 425 427 428
f 425 428 421
f 425 421 420
f 425 424 355
f 425 355 426
f 428 427 429
f 428 429 430
f 428 430 431
f 428 431 421
f 431 430 432
f 431 432 433
f 431 433 434
f 431 434 435
f 431 435 422
f 431 422 421
f 435 434 436
f 435 436 437
f 435 437 414
f 435 414 422
f 437 436 438
f 437 438 409
f 437 409 408
f 437 408 414
f 438 436 439
f 438 439 440
f 438 440 441
f 438 441 404
f 438 404 403
f 438 403 409
f 441 440 358
f 441 358 442
f 441 442 443
f 441 443 399
f 441 399 398
f 441 398 404
f 443 442 444
f 443 444 445
f 443 445 366
f 443 366 394
f 443 394 393
f 443 393 399
f 445 444 446
f 445 446 447
f 445 447 367
f 445 367 366
f 447 446 381
f 447 381 384
f 447 384 383
f 447 383 367
f 446 361 379
f 446 379 381
f 446 444 357
f 446 357 361
f 444 442 358
f 444 358 357
f 440 439 359
f 440 359 358
f 439 448 368
f 439 368 359
f 439 436 434
f 439 434 448
f 448 449 369
f 448 369 368
f 448 434 433
f 448 433 449
f 449 395 391
f 449 391 369
f 449 433 432
f 449 432 395
f 432 400 396
f 432 396 395
f 432 430 429
f 432 429 400
f 429 405 401
f 429 401 400
f 429 427 450
f 429 450 405
f 450 410 406
f 450 406 405
f 450 427 426
f 450 426 451
f 450 451 452
f 450 452 410
f 452 415 411
f 452 411 410
f 452 451 354
f 452 354 344
f 452 344 343
f 452 343 415
f 451 426 355
f 451 355 354
f 424 347 346
f 424 346 355
f 416 415 343
f 416 343 349
f 394 366 365
f 394 365 390
f 386 385 380
f 386 380 375
f 386 375 373
f 386 373 372
f 385 384 381
f 385 381 380
f 383 363 362
f 383 362 367
f 374 360 356
f 374 356 359
f 374 359 368
f 374 368 373
f 353 352 342
f 353 342 347
f 350 349 343
f 350 343 339
f 352 350 339
f 352 339 342
f 453 454 455
f 453 455 456
f 453 456 457
f 453 457 458
f 453 458 459
f 453 459 454
f 460 457 456
f 460 456 461
f 459 462 463
f 459 463 454
f 459 458 464
f 459 464 462
f 465 461 456
f 465 456 455
f 465 466 467
f 465 467 461
f 468 469 470
f 468 470 471
f 472 473 469
f 472 469 468
f 468 471 474
f 468 474 472
f 472 475 476
f 472 476 473
f 472 474 477
f 472 477 475
f 478 479 480
f 478 480 481
f 482 483 479
f 482 479 478
f 478 481 484
f 478 484 482
f 485 486 487
f 485 487 471
f 477 474 488
f 477 488 482
f 474 489 490
f 474 490 488
f 491 487 486
f 491 486 492
f 491 493 489
f 491 489 487
f 494 495 496
f 494 496 497
f 494 498 499
f 494 499 495
f 500 501 502
f 500 502 503
f 504 505 506
f 504 506 507
f 504 501 508
f 504 508 505
f 504 507 509
f 504 509 501
f 501 500 510
f 501 510 508
f 502 511 512
f 502 512 513
f 502 514 515
f 502 515 511
f 514 509 507
f 514 507 515
f 515 507 506
f 515 506 516
f 515 516 517
f 515 517 511
f 517 518 512
f 517 512 511
f 517 516 519
f 517 519 520
f 517 520 521
f 517 521 518
f 521 522 523
f 521 523 518
f 521 520 524
f 521 524 525
f 521 525 526
f 521 526 522
f 526 527 528
f 526 528 522
f 526 525 529
f 526 529 530
f 526 530 531
f 526 531 527
f 531 532 533
f 531 533 527
f 531 530 473
f 531 473 476
f 531 476 534
f 531 534 532
f 534 535 536
f 534 536 532
f 534 476 475
f 534 475 484
f 534 484 481
f 534 481 535
f 536 537 538
f 536 538 539
f 536 539 533
f 536 533 532
f 536 535 540
f 536 540 537
f 540 464 541
f 540 541 537
f 540 535 481
f 540 481 542
f 540 542 462
f 540 462 464
f 542 481 480
f 542 480 543
f 542 543 463
f 542 463 462
f 543 480 544
f 543 544 545
f 543 545 546
f 543 546 463
f 546 455 454
f 546 454 463
f 546 545 547
f 546 547 466
f 546 466 465
f 546 465 455
f 547 545 544
f 547 544 548
f 547 548 549
f 547 549 550
f 547 550 467
f 547 467 466
f 550 549 539
f 550 539 538
f 550 538 551
f 550 551 467
f 551 460 461
f 551 461 467
f 551 538 537
f 551 537 541
f 551 541 457
f 551 457 460
f 549 548 552
f 549 552 553
f 549 553 533
f 549 533 539
f 553 552 554
f 553 554 528
f 553 528 527
f 553 527 533
f 554 552 555
f 554 555 556
f 554 556 557
f 554 557 523
f 554 523 522
f 554 522 528
f 557 556 483
f 557 483 558
f 557 558 513
f 557 513 512
f 557 512 518
f 557 518 523
f 558 483 482
f 558 482 488
f 558 488 490
f 558 490 513
f 556 555 479
f 556 479 483
f 555 544 480
f 555 480 479
f 555 552 548
f 555 548 544
f 541 464 458
f 541 458 457
f 530 529 469
f 530 469 473
f 529 525 524
f 529 524 559
f 529 559 470
f 529 470 469
f 559 524 497
f 559 497 496
f 559 496 560
f 559 560 470
f 560 496 495
f 560 495 561
f 560 561 486
f 560 486 485
f 560 485 471
f 560 471 470
f 561 495 499
f 561 499 562
f 561 562 492
f 561 492 486
f 562 499 505
f 562 505 508
f 562 508 510
f 562 510 492
f 524 520 519
f 524 519 497
f 519 516 506
f 519 506 498
f 519 498 494
f 519 494 497
f 513 490 503
f 513 503 502
f 510 500 503
f 510 503 493
f 510 493 491
f 510 491 492
f 509 514 502
f 509 502 501
f 506 505 499
f 506 499 498
f 503 490 489
f 503 489 493
f 489 474 471
f 489 471 487
f 482 484 475
f 482 475 477
f 563 564 565
f 563 565 566
f 563 567 568
f 563 568 564
f 569 566 570
f 569 570 571
f 572 573 574
f 572 574 575
f 576 577 578
f 576 578 579
f 580 581 577
f 580 577 576
f 582 583 584
f 582 584 585
f 586 587 588
f 586 588 589
f 590 591 592
f 590 592 581
f 593 590 594
f 593 594 595
f 596 597 598
f 596 598 599
f 600 601 597
f 600 597 596
f 589 602 603
f 589 603 586
f 589 588 604
f 589 604 605
f 606 607 608
f 606 608 565
f 598 609 610
f 598 610 611
f 598 597 612
f 598 612 613
f 598 611 614
f 598 614 599
f 601 600 579
f 601 579 615
f 601 616 612
f 601 612 597
f 617 618 619
f 617 619 620
f 621 622 618
f 621 618 617
f 623 624 625
f 623 625 626
f 607 627 624
f 607 624 623
f 623 626 608
f 623 608 607
f 628 616 629
f 628 629 630
f 628 630 631
f 628 631 632
f 628 632 612
f 628 612 616
f 633 634 635
f 633 635 636
f 637 605 604
f 637 604 638
f 637 638 639
f 637 639 640
f 641 642 643
f 641 643 644
f 645 646 647
f 645 647 648
f 649 638 604
f 649 604 620
f 649 650 639
f 649 639 638
f 649 620 619
f 649 619 650
f 625 624 651
f 625 651 652
f 653 631 630
f 653 630 645
f 654 655 631
f 654 631 653
f 653 645 656
f 653 656 654
f 619 618 657
f 619 657 658
f 644 659 660
f 644 660 641
f 654 661 662
f 654 662 655
f 663 657 618
f 663 618 622
f 663 664 665
f 663 665 657
f 666 667 668
f 666 668 669
f 666 669 670
f 666 670 671
f 666 671 651
f 666 651 667
f 664 672 673
f 664 673 665
f 674 675 665
f 674 665 673
f 674 673 676
f 674 676 677
f 676 673 672
f 676 672 678
f 676 678 662
f 676 662 661
f 676 661 679
f 676 679 677
f 678 672 670
f 678 670 680
f 678 680 681
f 678 681 662
f 681 680 682
f 681 682 683
f 681 683 613
f 681 613 684
f 681 684 655
f 681 655 662
f 684 613 612
f 684 612 632
f 684 632 631
f 684 631 655
f 682 669 668
f 682 668 685
f 682 680 670
f 682 670 669
f 685 668 686
f 685 686 687
f 685 687 610
f 685 610 688
f 687 686 689
f 687 689 690
f 687 690 611
f 687 611 610
f 691 689 692
f 691 692 693
f 690 694 614
f 690 614 611
f 693 692 564
f 693 564 568
f 695 696 697
f 695 697 698
f 692 606 565
f 692 565 564
f 692 689 607
f 692 607 606
f 689 686 627
f 689 627 607
f 686 668 667
f 686 667 627
f 672 664 671
f 672 671 670
f 677 679 639
f 677 639 650
f 675 658 657
f 675 657 665
f 671 664 652
f 671 652 651
f 667 651 624
f 667 624 627
f 679 699 640
f 679 640 639
f 659 644 636
f 659 636 635
f 700 660 659
f 700 659 699
f 646 645 630
f 646 630 629
f 701 615 579
f 701 579 578
f 701 578 592
f 701 592 702
f 644 643 703
f 644 703 636
f 704 591 590
f 704 590 593
f 636 703 705
f 636 705 633
f 626 622 621
f 626 621 608
f 621 617 570
f 621 570 566
f 621 566 565
f 621 565 608
f 617 620 604
f 617 604 588
f 617 588 587
f 617 587 570
f 706 595 594
f 706 594 707
f 587 586 603
f 587 603 708
f 587 708 571
f 587 571 570
f 578 577 581
f 578 581 592
f 709 710 711
f 709 711 712
f 710 709 574
f 710 574 573
f 582 585 572
f 582 572 713
f 685 688 683
f 685 683 682
f 663 622 626
f 663 626 625
f 652 664 663
f 652 663 625
f 675 674 677
f 675 677 650
f 658 675 650
f 658 650 619
f 679 661 654
f 679 654 656
f 700 699 679
f 700 679 656
f 707 575 602
f 707 602 706
f 633 705 589
f 633 589 605
f 637 640 635
f 637 635 634
f 699 659 635
f 699 635 640
f 637 634 633
f 637 633 605
f 700 656 645
f 700 645 660
f 648 641 660
f 648 660 645
f 648 647 642
f 648 642 641
f 592 591 704
f 592 704 702
f 714 715 716
f 714 716 717
f 714 717 584
f 714 584 718
f 719 573 572
f 719 572 585
f 720 710 573
f 720 573 719
f 697 711 710
f 697 710 720
f 716 698 697
f 716 697 720
f 717 716 720
f 717 720 719
f 584 717 719
f 584 719 585
f 712 711 697
f 712 697 696
f 695 698 716
f 695 716 715
f 572 575 707
f 572 707 713
f 590 581 580
f 590 580 594
f 589 705 706
f 589 706 602
f 705 703 595
f 705 595 706
f 703 643 593
f 703 593 595
f 643 642 704
f 643 704 593
f 704 642 647
f 704 647 702
f 646 701 702
f 646 702 647
f 646 629 615
f 646 615 701
f 601 615 629
f 601 629 616
f 603 602 575
f 603 575 574
f 708 603 574
f 708 574 709
f 571 708 709
f 571 709 712
f 567 569 571
f 567 571 712
f 568 567 712
f 568 712 696
f 695 693 568
f 695 568 696
f 563 566 569
f 563 569 567
f 694 691 693
f 694 693 695
f 614 694 695
f 614 695 715
f 599 614 715
f 599 715 714
f 718 596 599
f 718 599 714
f 579 600 596
f 579 596 718
f 690 689 691
f 690 691 694
f 683 688 721
f 683 721 613
f 609 721 688
f 609 688 610
f 613 721 609
f 613 609 598
f 713 707 594
f 713 594 580
f 576 582 713
f 576 713 580
f 718 584 583
f 718 583 579
f 579 583 582
f 579 582 576
f 722 723 724
f 722 724 725
f 724 723 726
f 724 726 727
f 728 729 730
f 728 730 731
f 728 723 722
f 728 722 729
f 728 731 732
f 728 732 733
f 734 735 736
f 734 736 737
f 738 727 726
f 738 726 739
f 738 739 740
f 738 740 741
f 738 741 742
f 738 742 727
f 736 735 743
f 736 743 744
f 745 746 747
f 745 747 748
f 749 750 751
f 749 751 752
f 749 753 754
f 749 754 750
f 755 748 756
f 755 756 757
f 755 757 750
f 755 750 754
f 758 747 759
f 758 759 760
f 758 756 748
f 758 748 747
f 758 760 761
f 758 761 756
f 761 760 762
f 761 762 763
f 761 763 764
f 761 764 765
f 761 765 757
f 761 757 756
f 765 764 766
f 765 766 751
f 765 751 750
f 765 750 757
f 766 764 767
f 766 767 768
f 766 768 769
f 766 769 770
f 766 770 752
f 766 752 751
f 770 769 771
f 770 771 772
f 770 772 773
f 770 773 752
f 773 753 749
f 773 749 752
f 773 772 774
f 773 774 775
f 773 775 746
f 773 746 753
f 775 774 776
f 775 776 759
f 775 759 747
f 775 747 746
f 776 774 777
f 776 777 778
f 776 778 779
f 776 779 762
f 776 762 760
f 776 760 759
f 779 778 780
f 779 780 781
f 779 781 782
f 779 782 783
f 779 783 763
f 779 763 762
f 783 782 784
f 783 784 767
f 783 767 764
f 783 764 763
f 784 782 785
f 784 785 786
f 784 786 787
f 784 787 788
f 784 788 768
f 784 768 767
f 788 787 789
f 788 789 790
f 788 790 769
f 788 769 768
f 790 789 791
f 790 791 792
f 790 792 771
f 790 771 769
f 792 791 793
f 792 793 794
f 792 794 777
f 792 777 771
f 794 793 795
f 794 795 780
f 794 780 778
f 794 778 777
f 795 793 796
f 795 796 797
f 795 797 798
f 795 798 799
f 795 799 781
f 795 781 780
f 799 798 800
f 799 800 785
f 799 785 782
f 799 782 781
f 800 798 801
f 800 801 802
f 800 802 803
f 800 803 804
f 800 804 786
f 800 786 785
f 804 803 805
f 804 805 806
f 804 806 787
f 804 787 786
f 806 805 807
f 806 807 808
f 806 808 789
f 806 789 787
f 808 807 809
f 808 809 810
f 808 810 791
f 808 791 789
f 810 809 811
f 810 811 796
f 810 796 793
f 810 793 791
f 811 809 812
f 811 812 813
f 811 813 814
f 811 814 815
f 811 815 797
f 811 797 796
f 815 814 816
f 815 816 801
f 815 801 798
f 815 798 797
f 816 814 817
f 816 817 818
f 816 818 819
f 816 819 820
f 816 820 802
f 816 802 801
f 820 819 821
f 820 821 822
f 820 822 803
f 820 803 802
f 822 821 823
f 822 823 824
f 822 824 805
f 822 805 803
f 824 823 825
f 824 825 826
f 824 826 807
f 824 807 805
f 826 825 827
f 826 827 812
f 826 812 809
f 826 809 807
f 827 825 828
f 827 828 829
f 827 829 830
f 827 830 831
f 827 831 813
f 827 813 812
f 831 830 832
f 831 832 817
f 831 817 814
f 831 814 813
f 832 830 833
f 832 833 834
f 832 834 835
f 832 835 836
f 832 836 818
f 832 818 817
f 836 835 837
f 836 837 838
f 836 838 819
f 836 819 818
f 838 837 839
f 838 839 840
f 838 840 821
f 838 821 819
f 840 839 841
f 840 841 842
f 840 842 823
f 840 823 821
f 842 841 843
f 842 843 828
f 842 828 825
f 842 825 823
f 843 841 844
f 843 844 845
f 843 845 846
f 843 846 847
f 843 847 829
f 843 829 828
f 847 846 733
f 847 733 833
f 847 833 830
f 847 830 829
f 846 845 848
f 846 848 849
f 846 849 728
f 846 728 733
f 849 848 739
f 849 739 726
f 849 726 723
f 849 723 728
f 848 845 844
f 848 844 850
f 848 850 740
f 848 740 739
f 850 844 851
f 850 851 852
f 850 852 853
f 850 853 740
f 853 852 854
f 853 854 743
f 853 743 735
f 853 735 855
f 853 855 741
f 853 741 740
f 855 735 734
f 855 734 856
f 855 856 742
f 855 742 741
f 856 734 737
f 856 737 857
f 856 857 725
f 856 725 742
f 857 737 730
f 857 730 729
f 857 729 722
f 857 722 725
f 854 858 859
f 854 859 860
f 854 860 744
f 854 744 743
f 854 852 851
f 854 851 858
f 860 859 732
f 860 732 731
f 860 731 730
f 860 730 744
f 859 835 834
f 859 834 732
f 859 858 837
f 859 837 835
f 858 851 839
f 858 839 837
f 851 844 841
f 851 841 839
f 834 833 733
f 834 733 732
f 777 774 772
f 777 772 771
f 755 754 745
f 755 745 748
f 754 753 746
f 754 746 745
f 744 730 737
f 744 737 736
f 742 725 724
f 742 724 727
f 861 862 863
f 861 863 864
f 861 864 865
f 861 865 866
f 861 866 867
f 861 867 862
f 868 869 870
f 868 870 871
f 868 872 873
f 868 873 869
f 873 872 874
f 873 874 863
f 873 863 862
f 873 862 869
f 863 874 875
f 863 875 876
f 863 876 877
f 863 877 864
f 865 878 879
f 865 879 866
f 880 881 882
f 880 882 878
f 883 884 882
f 883 882 885
f 881 877 886
f 881 886 887
f 881 887 888
f 881 888 889
f 881 889 885
f 881 885 882
f 890 891 892
f 890 892 893
f 890 893 894
f 890 894 895
f 896 897 898
f 896 898 899
f 896 900 901
f 896 901 897
f 896 899 902
f 896 902 900
f 903 904 905
f 903 905 906
f 903 907 908
f 903 908 904
f 903 906 909
f 903 909 907
f 910 911 912
f 910 912 913
f 907 909 914
f 907 914 915
f 916 917 918
f 916 918 919
f 916 906 905
f 916 905 917
f 916 919 909
f 916 909 906
f 920 921 900
f 920 900 902
f 920 902 922
f 920 922 923
f 920 924 925
f 920 925 921
f 920 926 927
f 920 927 924
f 920 923 928
f 920 928 926
f 915 929 930
f 915 930 907
f 924 927 931
f 924 931 925
f 932 933 934
f 932 934 935
f 914 936 933
f 914 933 932
f 937 938 931
f 937 931 927
f 937 927 926
f 937 926 934
f 937 934 933
f 937 933 938
f 938 933 936
f 938 936 939
f 938 939 913
f 938 913 931
f 939 936 919
f 939 919 918
f 939 918 910
f 939 910 913
f 936 914 909
f 936 909 919
f 932 935 940
f 932 940 941
f 932 941 942
f 932 942 929
f 932 929 915
f 932 915 914
f 942 941 943
f 942 943 944
f 942 944 945
f 942 945 946
f 942 946 930
f 942 930 929
f 946 945 947
f 946 947 948
f 946 948 949
f 946 949 930
f 949 908 907
f 949 907 930
f 949 948 950
f 949 950 951
f 949 951 952
f 949 952 908
f 952 953 904
f 952 904 908
f 952 951 898
f 952 898 897
f 952 897 901
f 952 901 953
f 953 954 905
f 953 905 904
f 953 901 955
f 953 955 954
f 955 912 911
f 955 911 954
f 955 901 900
f 955 900 921
f 955 921 925
f 955 925 912
f 954 911 917
f 954 917 905
f 951 950 956
f 951 956 898
f 956 950 957
f 956 957 958
f 956 958 959
f 956 959 960
f 956 960 899
f 956 899 898
f 960 959 961
f 960 961 922
f 960 922 902
f 960 902 899
f 961 959 962
f 961 962 963
f 961 963 964
f 961 964 965
f 961 965 923
f 961 923 922
f 965 964 966
f 965 966 967
f 965 967 928
f 965 928 923
f 967 966 968
f 967 968 940
f 967 940 935
f 967 935 928
f 968 966 969
f 968 969 970
f 968 970 971
f 968 971 943
f 968 943 941
f 968 941 940
f 971 970 972
f 971 972 973
f 971 973 974
f 971 974 975
f 971 975 944
f 971 944 943
f 975 974 976
f 975 976 977
f 975 977 945
f 975 945 944
f 977 976 978
f 977 978 979
f 977 979 947
f 977 947 945
f 979 978 980
f 979 980 981
f 979 981 957
f 979 957 947
f 981 980 982
f 981 982 983
f 981 983 958
f 981 958 957
f 983 982 984
f 983 984 962
f 983 962 959
f 983 959 958
f 984 982 985
f 984 985 986
f 984 986 987
f 984 987 988
f 984 988 963
f 984 963 962
f 988 987 989
f 988 989 990
f 988 990 964
f 988 964 963
f 990 989 991
f 990 991 969
f 990 969 966
f 990 966 964
f 991 989 992
f 991 992 993
f 991 993 994
f 991 994 972
f 991 972 970
f 991 970 969
f 994 993 995
f 994 995 996
f 994 996 997
f 994 997 998
f 994 998 973
f 994 973 972
f 998 997 999
f 998 999 1000
f 998 1000 974
f 998 974 973
f 1000 999 1001
f 1000 1001 1002
f 1000 1002 976
f 1000 976 974
f 1002 1001 1003
f 1002 1003 1004
f 1002 1004 978
f 1002 978 976
f 1004 1003 1005
f 1004 1005 1006
f 1004 1006 980
f 1004 980 978
f 1006 1005 1007
f 1006 1007 985
f 1006 985 982
f 1006 982 980
f 1007 1005 886
f 1007 886 1008
f 1007 1008 1009
f 1007 1009 1010
f 1007 1010 986
f 1007 986 985
f 1010 1009 1011
f 1010 1011 1012
f 1010 1012 987
f 1010 987 986
f 1012 1011 1013
f 1012 1013 992
f 1012 992 989
f 1012 989 987
f 1013 1011 1014
f 1013 1014 1015
f 1013 1015 1016
f 1013 1016 995
f 1013 995 993
f 1013 993 992
f 1016 1015 1017
f 1016 1017 1018
f 1016 1018 1019
f 1016 1019 1020
f 1016 1020 996
f 1016 996 995
f 1020 1019 1021
f 1020 1021 1022
f 1020 1022 997
f 1020 997 996
f 1022 1021 1023
f 1022 1023 1024
f 1022 1024 999
f 1022 999 997
f 1024 1023 889
f 1024 889 888
f 1024 888 1001
f 1024 1001 999
f 1023 1021 892
f 1023 892 1025
f 1023 1025 885
f 1023 885 889
f 1025 892 891
f 1025 891 1026
f 1025 1026 883
f 1025 883 885
f 1026 891 1027
f 1026 1027 1028
f 1026 1028 884
f 1026 884 883
f 1028 1027 1029
f 1028 1029 1030
f 1028 1030 879
f 1028 879 884
f 1030 1029 870
f 1030 870 867
f 1030 867 866
f 1030 866 879
f 1029 1031 871
f 1029 871 870
f 1029 1027 895
f 1029 895 1031
f 1031 1032 1033
f 1031 1033 871
f 1031 895 894
f 1031 894 1032
f 1033 1034 874
f 1033 874 872
f 1033 872 868
f 1033 868 871
f 1033 1032 1017
f 1033 1017 1034
f 1034 1014 875
f 1034 875 874
f 1034 1017 1015
f 1034 1015 1014
f 1032 894 1018
f 1032 1018 1017
f 1027 891 890
f 1027 890 895
f 1021 1019 893
f 1021 893 892
f 1019 1018 894
f 1019 894 893
f 1014 1011 1009
f 1014 1009 875
f 1009 1008 876
f 1009 876 875
f 1008 886 877
f 1008 877 876
f 1005 1003 887
f 1005 887 886
f 1003 1001 888
f 1003 888 887
f 957 950 948
f 957 948 947
f 935 934 926
f 935 926 928
f 931 913 912
f 931 912 925
f 918 917 911
f 918 911 910
f 884 879 878
f 884 878 882
f 880 878 865
f 880 865 864
f 880 864 877
f 880 877 881
f 870 869 862
f 870 862 867
f 1035 1036 1037
f 1035 1037 1038
f 1035 1038 1039
f 1035 1039 1040
f 1035 1040 1041
f 1035 1041 1036
f 1041 1040 1042
f 1041 1042 1043
f 1041 1044 1045
f 1041 1045 1046
f 1041 1043 1047
f 1041 1047 1044
f 1041 1046 1048
f 1041 1048 1036
f 1049 1050 1051
f 1049 1051 1052
f 1049 1053 1054
f 1049 1054 1050
f 1049 1052 1055
f 1049 1055 1053
f 1056 1057 1039
f 1056 1039 1058
f 1056 1059 1060
f 1056 1060 1057
f 1056 1058 1061
f 1056 1061 1059
f 1052 1051 1062
f 1052 1062 1055
f 1063 1064 1065
f 1063 1065 1066
f 1063 1051 1050
f 1063 1050 1064
f 1063 1066 1062
f 1063 1062 1051
f 1059 1061 1067
f 1059 1067 1060
f 1065 1046 1045
f 1065 1045 1068
f 1065 1069 1070
f 1065 1070 1066
f 1065 1068 1071
f 1065 1071 1069
f 1065 1064 1048
f 1065 1048 1046
f 1072 1073 1074
f 1072 1074 1075
f 1072 1076 1077
f 1072 1077 1073
f 1072 1075 1078
f 1072 1078 1076
f 1075 1074 1079
f 1075 1079 1080
f 1078 1075 1081
f 1078 1081 1082
f 1081 1083 1084
f 1081 1084 1082
f 1085 1086 1087
f 1085 1087 1088
f 1085 1088 1089
f 1085 1089 1090
f 1085 1090 1083
f 1085 1083 1080
f 1074 1073 1091
f 1074 1091 1079
f 1092 1093 1094
f 1092 1094 1077
f 1095 1096 1093
f 1095 1093 1082
f 1097 1098 1096
f 1097 1096 1095
f 1095 1082 1084
f 1095 1084 1097
f 1096 1099 1094
f 1096 1094 1093
f 1096 1098 1100
f 1096 1100 1101
f 1096 1101 1102
f 1096 1102 1099
f 1103 1104 1099
f 1103 1099 1102
f 1103 1105 1106
f 1103 1106 1104
f 1103 1102 1107
f 1103 1107 1105
f 1108 1097 1109
f 1108 1109 1110
f 1108 1110 1111
f 1108 1111 1112
f 1108 1112 1101
f 1108 1101 1100
f 1112 1111 1113
f 1112 1113 1107
f 1112 1107 1102
f 1112 1102 1101
f 1113 1111 1114
f 1113 1114 1115
f 1113 1115 1087
f 1113 1087 1086
f 1113 1086 1105
f 1113 1105 1107
f 1115 1114 1116
f 1115 1116 1117
f 1115 1117 1118
f 1115 1118 1087
f 1118 1117 1119
f 1118 1119 1120
f 1118 1120 1121
f 1118 1121 1122
f 1118 1122 1088
f 1118 1088 1087
f 1122 1121 1123
f 1122 1123 1124
f 1122 1124 1089
f 1122 1089 1088
f 1124 1123 1125
f 1124 1125 1126
f 1124 1126 1127
f 1124 1127 1089
f 1127 1128 1090
f 1127 1090 1089
f 1127 1126 1129
f 1127 1129 1130
f 1127 1130 1109
f 1127 1109 1128
f 1130 1129 1131
f 1130 1131 1132
f 1130 1132 1110
f 1130 1110 1109
f 1132 1131 1116
f 1132 1116 1114
f 1132 1114 1111
f 1132 1111 1110
f 1131 1129 1133
f 1131 1133 1134
f 1131 1134 1135
f 1131 1135 1116
f 1135 1134 1136
f 1135 1136 1137
f 1135 1137 1138
f 1135 1138 1119
f 1135 1119 1117
f 1135 1117 1116
f 1138 1137 1139
f 1138 1139 1140
f 1138 1140 1141
f 1138 1141 1142
f 1138 1142 1120
f 1138 1120 1119
f 1142 1141 1143
f 1142 1143 1144
f 1142 1144 1121
f 1142 1121 1120
f 1144 1143 1145
f 1144 1145 1146
f 1144 1146 1123
f 1144 1123 1121
f 1146 1145 1147
f 1146 1147 1148
f 1146 1148 1125
f 1146 1125 1123
f 1148 1147 1149
f 1148 1149 1150
f 1148 1150 1133
f 1148 1133 1125
f 1150 1149 1151
f 1150 1151 1136
f 1150 1136 1134
f 1150 1134 1133
f 1151 1149 1152
f 1151 1152 1153
f 1151 1153 1154
f 1151 1154 1139
f 1151 1139 1137
f 1151 1137 1136
f 1154 1153 1155
f 1154 1155 1156
f 1154 1156 1157
f 1154 1157 1158
f 1154 1158 1140
f 1154 1140 1139
f 1158 1157 1159
f 1158 1159 1160
f 1158 1160 1141
f 1158 1141 1140
f 1160 1159 1161
f 1160 1161 1162
f 1160 1162 1143
f 1160 1143 1141
f 1162 1161 1163
f 1162 1163 1164
f 1162 1164 1145
f 1162 1145 1143
f 1164 1163 1165
f 1164 1165 1166
f 1164 1166 1147
f 1164 1147 1145
f 1166 1165 1167
f 1166 1167 1152
f 1166 1152 1149
f 1166 1149 1147
f 1167 1165 1168
f 1167 1168 1169
f 1167 1169 1170
f 1167 1170 1155
f 1167 1155 1153
f 1167 1153 1152
f 1170 1169 1171
f 1170 1171 1172
f 1170 1172 1173
f 1170 1173 1174
f 1170 1174 1156
f 1170 1156 1155
f 1174 1173 1175
f 1174 1175 1176
f 1174 1176 1157
f 1174 1157 1156
f 1176 1175 1177
f 1176 1177 1178
f 1176 1178 1159
f 1176 1159 1157
f 1178 1177 1179
f 1178 1179 1180
f 1178 1180 1161
f 1178 1161 1159
f 1180 1179 1181
f 1180 1181 1182
f 1180 1182 1163
f 1180 1163 1161
f 1182 1181 1183
f 1182 1183 1168
f 1182 1168 1165
f 1182 1165 1163
f 1183 1181 1044
f 1183 1044 1047
f 1183 1047 1184
f 1183 1184 1171
f 1183 1171 1169
f 1183 1169 1168
f 1184 1047 1043
f 1184 1043 1185
f 1184 1185 1186
f 1184 1186 1187
f 1184 1187 1172
f 1184 1172 1171
f 1187 1186 1188
f 1187 1188 1189
f 1187 1189 1173
f 1187 1173 1172
f 1189 1188 1069
f 1189 1069 1071
f 1189 1071 1175
f 1189 1175 1173
f 1188 1186 1190
f 1188 1190 1191
f 1188 1191 1070
f 1188 1070 1069
f 1191 1190 1067
f 1191 1067 1192
f 1191 1192 1193
f 1191 1193 1070
f 1193 1192 1194
f 1193 1194 1195
f 1193 1195 1055
f 1193 1055 1062
f 1193 1062 1066
f 1193 1066 1070
f 1195 1194 1196
f 1195 1196 1197
f 1195 1197 1053
f 1195 1053 1055
f 1197 1196 1038
f 1197 1038 1037
f 1197 1037 1054
f 1197 1054 1053
f 1196 1194 1061
f 1196 1061 1058
f 1196 1058 1039
f 1196 1039 1038
f 1194 1192 1067
f 1194 1067 1061
f 1190 1186 1185
f 1190 1185 1198
f 1190 1198 1060
f 1190 1060 1067
f 1198 1185 1043
f 1198 1043 1042
f 1198 1042 1057
f 1198 1057 1060
f 1181 1179 1045
f 1181 1045 1044
f 1179 1177 1068
f 1179 1068 1045
f 1177 1175 1071
f 1177 1071 1068
f 1133 1129 1126
f 1133 1126 1125
f 1128 1084 1083
f 1128 1083 1090
f 1128 1109 1097
f 1128 1097 1084
f 1106 1105 1086
f 1106 1086 1085
f 1106 1085 1080
f 1106 1080 1079
f 1106 1079 1091
f 1106 1091 1104
f 1104 1091 1094
f 1104 1094 1099
f 1100 1098 1097
f 1100 1097 1108
f 1094 1091 1073
f 1094 1073 1077
f 1064 1050 1054
f 1064 1054 1048
f 1057 1042 1040
f 1057 1040 1039
f 1054 1037 1036
f 1054 1036 1048
f 1078 1082 1093
f 1078 1093 1092
f 1078 1092 1077
f 1078 1077 1076
f 1075 1080 1083
f 1075 1083 1081
f 1199 1200 1201
f 1199 1201 1202
f 1199 1202 1203
f 1199 1203 1204
f 1199 1204 1205
f 1199 1205 1200
f 1204 1203 1206
f 1204 1206 1205
f 1207 1200 1205
f 1207 1205 1208
f 1207 1209 1201
f 1207 1201 1200
f 1207 1208 1210
f 1207 1210 1209
f 1208 1205 1206
f 1208 1206 1210
f 1211 1212 1213
f 1211 1213 1214
f 1206 1203 1212
f 1206 1212 1211
f 1211 1214 1215
f 1211 1215 1206
f 1216 1217 1218
f 1216 1218 1213
f 1219 1220 1217
f 1219 1217 1216
f 1216 1213 1212
f 1216 1212 1219
f 1213 1218 1221
f 1213 1221 1214
f 1222 1223 1224
f 1222 1224 1225
f 1226 1227 1228
f 1226 1228 1229
f 1222 1225 1220
f 1222 1220 1219
f 1227 1230 1231
f 1227 1231 1228
f 1232 1233 1234
f 1232 1234 1235
f 1230 1236 1237
f 1230 1237 1231
f 1225 1238 1239
f 1225 1239 1220
f 1224 1223 1240
f 1224 1240 1241
f 1242 1243 1244
f 1242 1244 1245
f 1217 1246 1243
f 1217 1243 1242
f 1242 1245 1218
f 1242 1218 1217
f 1247 1248 1249
f 1247 1249 1250
f 1247 1250 1251
f 1247 1251 1252
f 1247 1252 1253
f 1247 1253 1248
f 1244 1243 1254
f 1244 1254 1255
f 1244 1255 1256
f 1244 1256 1245
f 1257 1258 1259
f 1257 1259 1260
f 1255 1254 1261
f 1255 1261 1256
f 1262 1235 1234
f 1262 1234 1263
f 1264 1258 1235
f 1264 1235 1262
f 1262 1263 1265
f 1262 1265 1264
f 1259 1258 1264
f 1259 1264 1266
f 1267 1268 1253
f 1267 1253 1252
f 1269 1270 1271
f 1269 1271 1272
f 1269 1272 1273
f 1269 1273 1274
f 1269 1274 1275
f 1269 1275 1276
f 1263 1277 1278
f 1263 1278 1279
f 1263 1279 1280
f 1263 1280 1281
f 1265 1282 1283
f 1265 1283 1264
f 1284 1278 1277
f 1284 1277 1285
f 1286 1287 1288
f 1286 1288 1289
f 1290 1271 1291
f 1290 1291 1292
f 1293 1294 1295
f 1293 1295 1296
f 1293 1297 1298
f 1293 1298 1299
f 1300 1301 1302
f 1300 1302 1303
f 1300 1303 1304
f 1300 1304 1297
f 1300 1296 1295
f 1300 1295 1301
f 1304 1303 1305
f 1304 1305 1306
f 1304 1306 1307
f 1304 1307 1308
f 1304 1308 1298
f 1304 1298 1297
f 1308 1307 1309
f 1308 1309 1310
f 1308 1310 1311
f 1308 1311 1298
f 1311 1310 1312
f 1311 1312 1313
f 1311 1313 1292
f 1311 1292 1314
f 1311 1314 1299
f 1311 1299 1298
f 1314 1292 1291
f 1314 1291 1315
f 1314 1315 1316
f 1314 1316 1299
f 1316 1317 1293
f 1316 1293 1299
f 1316 1315 1318
f 1316 1318 1319
f 1316 1319 1266
f 1316 1266 1317
f 1319 1318 1226
f 1319 1226 1260
f 1319 1260 1259
f 1319 1259 1266
f 1318 1315 1291
f 1318 1291 1240
f 1318 1240 1223
f 1318 1223 1226
f 1317 1283 1294
f 1317 1294 1293
f 1317 1266 1264
f 1317 1264 1283
f 1313 1312 1274
f 1313 1274 1273
f 1313 1273 1290
f 1313 1290 1292
f 1312 1310 1309
f 1312 1309 1320
f 1312 1320 1275
f 1312 1275 1274
f 1320 1309 1289
f 1320 1289 1288
f 1320 1288 1321
f 1320 1321 1275
f 1309 1307 1322
f 1309 1322 1289
f 1296 1300 1297
f 1296 1297 1293
f 1294 1281 1280
f 1294 1280 1295
f 1294 1283 1282
f 1294 1282 1281
f 1290 1273 1272
f 1290 1272 1271
f 1288 1287 1323
f 1288 1323 1321
f 1302 1278 1284
f 1302 1284 1324
f 1302 1324 1305
f 1302 1305 1303
f 1282 1265 1263
f 1282 1263 1281
f 1277 1263 1234
f 1277 1234 1325
f 1277 1325 1326
f 1277 1326 1285
f 1326 1325 1327
f 1326 1327 1328
f 1326 1329 1249
f 1326 1249 1248
f 1326 1248 1253
f 1326 1253 1285
f 1329 1330 1331
f 1329 1331 1215
f 1329 1215 1214
f 1329 1214 1249
f 1332 1333 1237
f 1332 1237 1236
f 1332 1236 1209
f 1332 1209 1210
f 1332 1210 1206
f 1332 1206 1215
f 1327 1325 1234
f 1327 1234 1233
f 1275 1321 1334
f 1275 1334 1276
f 1305 1268 1267
f 1305 1267 1322
f 1306 1305 1322
f 1306 1322 1307
f 1286 1289 1322
f 1286 1322 1267
f 1287 1335 1336
f 1287 1336 1323
f 1336 1335 1251
f 1336 1251 1337
f 1336 1337 1245
f 1336 1245 1256
f 1336 1256 1261
f 1336 1261 1323
f 1337 1251 1250
f 1337 1250 1221
f 1337 1221 1218
f 1337 1218 1245
f 1335 1267 1252
f 1335 1252 1251
f 1324 1284 1285
f 1324 1285 1253
f 1324 1253 1268
f 1324 1268 1305
f 1269 1239 1238
f 1269 1238 1270
f 1338 1254 1243
f 1338 1243 1246
f 1260 1226 1229
f 1260 1229 1257
f 1258 1257 1229
f 1258 1229 1339
f 1250 1249 1214
f 1250 1214 1221
f 1246 1217 1220
f 1246 1220 1239
f 1236 1230 1201
f 1236 1201 1209
f 1230 1219 1202
f 1230 1202 1201
f 1219 1212 1203
f 1219 1203 1202
f 1238 1225 1224
f 1238 1224 1241
f 1240 1291 1271
f 1240 1271 1270
f 1241 1240 1270
f 1241 1270 1238
f 1335 1287 1286
f 1335 1286 1267
f 1334 1321 1323
f 1334 1323 1261
f 1334 1261 1254
f 1334 1254 1338
f 1338 1246 1239
f 1338 1239 1269
f 1334 1338 1269
f 1334 1269 1276
f 1301 1295 1280
f 1301 1280 1279
f 1278 1302 1301
f 1278 1301 1279
f 1227 1226 1223
f 1227 1223 1222
f 1222 1219 1230
f 1222 1230 1227
f 1232 1339 1229
f 1232 1229 1228
f 1228 1340 1233
f 1228 1233 1232
f 1341 1327 1233
f 1341 1233 1340
f 1330 1328 1327
f 1330 1327 1341
f 1333 1331 1330
f 1333 1330 1341
f 1237 1333 1341
f 1237 1341 1340
f 1231 1237 1340
f 1231 1340 1228
f 1258 1339 1232
f 1258 1232 1235
f 1215 1331 1333
f 1215 1333 1332
f 1326 1328 1330
f 1326 1330 1329
f 1342 1343 1344
f 1342 1344 1345
f 1342 1345 1346
f 1342 1346 1347
f 1342 1347 1348
f 1342 1348 1343
f 1349 1350 1351
f 1349 1351 1352
f 1353 1354 1355
f 1353 1355 1356
f 1353 1352 1357
f 1353 1357 1354
f 1358 1359 1360
f 1358 1360 1361
f 1358 1361 1362
f 1358 1362 1363
f 1364 1365 1366
f 1364 1366 1367
f 1364 1367 1368
f 1364 1368 1369
f 1370 1371 1372
f 1370 1372 1373
f 1370 1366 1365
f 1370 1365 1374
f 1370 1359 1375
f 1370 1375 1371
f 1370 1374 1360
f 1370 1360 1359
f 1370 1373 1376
f 1370 1376 1366
f 1377 1378 1379
f 1377 1379 1380
f 1381 1382 1383
f 1381 1383 1384
f 1380 1385 1386
f 1380 1386 1387
f 1388 1389 1385
f 1388 1385 1380
f 1389 1390 1391
f 1389 1391 1385
f 1392 1393 1394
f 1392 1394 1395
f 1396 1397 1391
f 1396 1391 1390
f 1396 1398 1372
f 1396 1372 1397
f 1399 1400 1401
f 1399 1401 1402
f 1399 1402 1403
f 1399 1403 1404
f 1405 1406 1407
f 1405 1407 1408
f 1405 1409 1398
f 1405 1398 1406
f 1406 1410 1404
f 1406 1404 1407
f 1402 1393 1411
f 1402 1411 1412
f 1402 1412 1413
f 1402 1413 1403
f 1412 1411 1414
f 1412 1414 1413
f 1404 1410 1415
f 1404 1415 1416
f 1404 1416 1400
f 1404 1400 1399
f 1413 1414 1417
f 1413 1417 1403
f 1408 1407 1417
f 1408 1417 1414
f 1417 1407 1404
f 1417 1404 1403
f 1414 1411 1418
f 1414 1418 1408
f 1418 1411 1393
f 1418 1393 1392
f 1418 1392 1395
f 1418 1395 1419
f 1418 1419 1420
f 1418 1420 1408
f 1419 1395 1382
f 1419 1382 1421
f 1419 1421 1422
f 1419 1422 1420
f 1422 1398 1409
f 1422 1409 1420
f 1422 1421 1376
f 1422 1376 1373
f 1422 1373 1372
f 1422 1372 1398
f 1409 1405 1408
f 1409 1408 1420
f 1402 1401 1394
f 1402 1394 1393
f 1401 1400 1423
f 1401 1423 1424
f 1401 1424 1383
f 1401 1383 1394
f 1424 1423 1425
f 1424 1425 1426
f 1424 1426 1384
f 1424 1384 1383
f 1426 1425 1427
f 1426 1427 1428
f 1426 1428 1356
f 1426 1356 1384
f 1427 1425 1379
f 1427 1379 1378
f 1427 1378 1429
f 1427 1429 1430
f 1427 1430 1350
f 1427 1350 1428
f 1430 1429 1345
f 1430 1345 1344
f 1430 1344 1351
f 1430 1351 1350
f 1429 1378 1377
f 1429 1377 1431
f 1429 1431 1346
f 1429 1346 1345
f 1431 1377 1380
f 1431 1380 1387
f 1431 1387 1362
f 1431 1362 1346
f 1397 1372 1371
f 1397 1371 1375
f 1397 1375 1432
f 1397 1432 1391
f 1410 1396 1390
f 1410 1390 1415
f 1415 1390 1389
f 1415 1389 1388
f 1415 1388 1433
f 1415 1433 1416
f 1395 1394 1383
f 1395 1383 1382
f 1391 1432 1386
f 1391 1386 1385
f 1387 1386 1363
f 1387 1363 1362
f 1434 1376 1421
f 1434 1421 1382
f 1434 1382 1381
f 1434 1381 1435
f 1434 1435 1368
f 1434 1368 1367
f 1434 1367 1366
f 1434 1366 1376
f 1374 1365 1436
f 1374 1436 1437
f 1374 1437 1348
f 1374 1348 1360
f 1437 1436 1357
f 1437 1357 1438
f 1437 1438 1343
f 1437 1343 1348
f 1438 1357 1352
f 1438 1352 1351
f 1438 1351 1344
f 1438 1344 1343
f 1436 1369 1354
f 1436 1354 1357
f 1436 1365 1364
f 1436 1364 1369
f 1369 1368 1355
f 1369 1355 1354
f 1362 1361 1347
f 1362 1347 1346
f 1361 1360 1348
f 1361 1348 1347
f 1355 1368 1435
f 1355 1435 1381
f 1355 1381 1384
f 1355 1384 1356
f 1349 1352 1353
f 1349 1353 1356
f 1349 1356 1428
f 1349 1428 1350
f 1363 1386 1432
f 1363 1432 1375
f 1363 1375 1359
f 1363 1359 1358
f 1410 1406 1398
f 1410 1398 1396
f 1423 1400 1416
f 1423 1416 1433
f 1433 1388 1380
f 1433 1380 1379
f 1425 1423 1433
f 1425 1433 1379
f 1439 1440 1441
f 1439 1441 1442
f 1439 1443 1444
f 1439 1444 1440
f 1445 1446 1447
f 1445 1447 1448
f 1449 1450 1441
f 1449 1441 1451
f 1452 1453 1450
f 1452 1450 1449
f 1454 1455 1442
f 1454 1442 1456
f 1457 1458 1459
f 1457 1459 1460
f 1457 1461 1462
f 1457 1462 1458
f 1463 1464 1465
f 1463 1465 1466
f 1467 1468 1469
f 1467 1469 1470
f 1471 1472 1473
f 1471 1473 1474
f 1471 1474 1475
f 1471 1475 1476
f 1471 1476 1477
f 1471 1477 1472
f 1478 1479 1480
f 1478 1480 1481
f 1478 1481 1482
f 1478 1482 1483
f 1478 1483 1484
f 1478 1484 1479
f 1462 1485 1482
f 1462 1482 1481
f 1462 1461 1486
f 1462 1486 1485
f 1462 1481 1480
f 1462 1480 1487
f 1488 1489 1454
f 1488 1454 1456
f 1488 1490 1491
f 1488 1491 1489
f 1488 1492 1493
f 1488 1493 1490
f 1494 1495 1496
f 1494 1496 1497
f 1494 1497 1498
f 1494 1498 1499
f 1494 1499 1500
f 1494 1500 1495
f 1501 1502 1503
f 1501 1503 1504
f 1505 1506 1507
f 1505 1507 1508
f 1509 1510 1506
f 1509 1506 1505
f 1511 1509 1505
f 1511 1505 1512
f 1513 1514 1515
f 1513 1515 1516
f 1513 1516 1517
f 1513 1517 1518
f 1513 1518 1519
f 1513 1519 1514
f 1520 1521 1522
f 1520 1522 1523
f 1524 1525 1521
f 1524 1521 1520
f 1520 1523 1486
f 1520 1486 1524
f 1526 1527 1528
f 1526 1528 1529
f 1528 1527 1530
f 1528 1530 1531
f 1528 1532 1522
f 1528 1522 1529
f 1532 1528 1514
f 1532 1514 1519
f 1532 1519 1523
f 1532 1523 1522
f 1528 1531 1515
f 1528 1515 1514
f 1531 1533 1534
f 1531 1534 1515
f 1531 1530 1535
f 1531 1535 1533
f 1535 1536 1537
f 1535 1537 1533
f 1535 1530 1538
f 1535 1538 1539
f 1535 1539 1493
f 1535 1493 1536
f 1539 1538 1540
f 1539 1540 1541
f 1539 1541 1490
f 1539 1490 1493
f 1541 1540 1542
f 1541 1542 1543
f 1541 1543 1491
f 1541 1491 1490
f 1543 1542 1544
f 1543 1544 1545
f 1543 1545 1546
f 1543 1546 1491
f 1546 1547 1489
f 1546 1489 1491
f 1546 1545 1548
f 1546 1548 1549
f 1546 1549 1550
f 1546 1550 1547
f 1550 1443 1455
f 1550 1455 1547
f 1550 1549 1551
f 1550 1551 1552
f 1550 1552 1444
f 1550 1444 1443
f 1552 1551 1553
f 1552 1553 1554
f 1552 1554 1555
f 1552 1555 1444
f 1555 1556 1440
f 1555 1440 1444
f 1555 1554 1557
f 1555 1557 1558
f 1555 1558 1559
f 1555 1559 1556
f 1559 1560 1451
f 1559 1451 1556
f 1559 1558 1448
f 1559 1448 1561
f 1559 1561 1562
f 1559 1562 1560
f 1562 1563 1564
f 1562 1564 1560
f 1562 1561 1565
f 1562 1565 1566
f 1562 1566 1567
f 1562 1567 1563
f 1567 1473 1472
f 1567 1472 1563
f 1567 1566 1487
f 1567 1487 1480
f 1567 1480 1479
f 1567 1479 1473
f 1566 1565 1568
f 1566 1568 1487
f 1568 1565 1447
f 1568 1447 1569
f 1568 1569 1459
f 1568 1459 1458
f 1568 1458 1462
f 1568 1462 1487
f 1569 1447 1446
f 1569 1446 1570
f 1569 1570 1571
f 1569 1571 1459
f 1571 1570 1572
f 1571 1572 1573
f 1571 1573 1574
f 1571 1574 1575
f 1571 1575 1460
f 1571 1460 1459
f 1575 1574 1466
f 1575 1466 1465
f 1575 1465 1576
f 1575 1576 1460
f 1576 1524 1486
f 1576 1486 1461
f 1576 1461 1457
f 1576 1457 1460
f 1576 1465 1464
f 1576 1464 1524
f 1574 1573 1577
f 1574 1577 1578
f 1574 1578 1579
f 1574 1579 1466
f 1579 1578 1580
f 1579 1580 1470
f 1579 1470 1469
f 1579 1469 1581
f 1579 1581 1463
f 1579 1463 1466
f 1581 1469 1582
f 1581 1582 1583
f 1581 1583 1464
f 1581 1464 1463
f 1583 1582 1584
f 1583 1584 1525
f 1583 1525 1524
f 1583 1524 1464
f 1584 1585 1586
f 1584 1586 1587
f 1584 1587 1521
f 1584 1521 1525
f 1584 1582 1588
f 1584 1588 1585
f 1588 1589 1590
f 1588 1590 1585
f 1588 1582 1469
f 1588 1469 1468
f 1588 1468 1591
f 1588 1591 1589
f 1591 1544 1542
f 1591 1542 1589
f 1591 1468 1467
f 1591 1467 1592
f 1591 1592 1593
f 1591 1593 1544
f 1593 1548 1545
f 1593 1545 1544
f 1593 1592 1580
f 1593 1580 1594
f 1593 1594 1595
f 1593 1595 1548
f 1595 1551 1549
f 1595 1549 1548
f 1595 1594 1577
f 1595 1577 1596
f 1595 1596 1553
f 1595 1553 1551
f 1596 1577 1573
f 1596 1573 1572
f 1596 1572 1597
f 1596 1597 1553
f 1597 1557 1554
f 1597 1554 1553
f 1597 1572 1570
f 1597 1570 1446
f 1597 1446 1445
f 1597 1445 1557
f 1594 1580 1578
f 1594 1578 1577
f 1592 1467 1470
f 1592 1470 1580
f 1590 1540 1538
f 1590 1538 1598
f 1590 1598 1586
f 1590 1586 1585
f 1590 1589 1542
f 1590 1542 1540
f 1598 1538 1530
f 1598 1530 1527
f 1598 1527 1526
f 1598 1526 1586
f 1587 1586 1526
f 1587 1526 1529
f 1587 1529 1522
f 1587 1522 1521
f 1565 1561 1448
f 1565 1448 1447
f 1564 1477 1496
f 1564 1496 1449
f 1564 1449 1451
f 1564 1451 1560
f 1564 1563 1472
f 1564 1472 1477
f 1558 1557 1445
f 1558 1445 1448
f 1556 1451 1441
f 1556 1441 1440
f 1547 1455 1454
f 1547 1454 1489
f 1537 1503 1599
f 1537 1599 1600
f 1537 1600 1534
f 1537 1534 1533
f 1537 1536 1504
f 1537 1504 1503
f 1600 1599 1509
f 1600 1509 1511
f 1600 1511 1512
f 1600 1512 1534
f 1599 1503 1502
f 1599 1502 1601
f 1599 1601 1510
f 1599 1510 1509
f 1601 1502 1602
f 1601 1602 1500
f 1601 1500 1499
f 1601 1499 1510
f 1602 1502 1501
f 1602 1501 1603
f 1602 1603 1453
f 1602 1453 1452
f 1602 1452 1495
f 1602 1495 1500
f 1603 1501 1504
f 1603 1504 1492
f 1603 1492 1488
f 1603 1488 1453
f 1536 1493 1492
f 1536 1492 1504
f 1534 1512 1516
f 1534 1516 1515
f 1523 1519 1518
f 1523 1518 1604
f 1523 1604 1485
f 1523 1485 1486
f 1604 1518 1517
f 1604 1517 1605
f 1604 1605 1482
f 1604 1482 1485
f 1605 1517 1505
f 1605 1505 1508
f 1605 1508 1483
f 1605 1483 1482
f 1517 1516 1512
f 1517 1512 1505
f 1510 1499 1498
f 1510 1498 1506
f 1508 1507 1484
f 1508 1484 1483
f 1507 1506 1498
f 1507 1498 1475
f 1507 1475 1474
f 1507 1474 1484
f 1498 1497 1476
f 1498 1476 1475
f 1497 1496 1477
f 1497 1477 1476
f 1496 1495 1452
f 1496 1452 1449
f 1488 1456 1450
f 1488 1450 1453
f 1484 1474 1473
f 1484 1473 1479
f 1456 1442 1441
f 1456 1441 1450
f 1455 1443 1439
f 1455 1439 1442
f 1606 1607 1608
f 1606 1608 1609
f 1606 1610 1611
f 1606 1611 1607
f 1608 1612 1613
f 1608 1613 1609
f 1614 1615 1616
f 1614 1616 1617
f 1614 1617 1618
f 1614 1618 1619
f 1614 1619 1620
f 1614 1620 1615
f 1621 1622 1623
f 1621 1623 1624
f 1621 1624 1625
f 1621 1625 1626
f 1621 1626 1627
f 1621 1627 1622
f 1628 1629 1630
f 1628 1630 1631
f 1628 1620 1632
f 1628 1632 1629
f 1628 1631 1615
f 1628 1615 1620
f 1633 1634 1635
f 1633 1635 1636
f 1637 1638 1639
f 1637 1639 1640
f 1637 1640 1641
f 1637 1641 1642
f 1637 1642 1643
f 1637 1643 1644
f 1645 1646 1647
f 1645 1647 1648
f 1645 1649 1650
f 1645 1650 1646
f 1651 1652 1631
f 1651 1631 1630
f 1653 1654 1652
f 1653 1652 1651
f 1644 1643 1655
f 1644 1655 1656
f 1657 1658 1659
f 1657 1659 1660
f 1658 1661 1662
f 1658 1662 1659
f 1658 1657 1663
f 1658 1663 1661
f 1663 1664 1665
f 1663 1665 1661
f 1663 1657 1660
f 1663 1660 1666
f 1663 1666 1667
f 1663 1667 1664
f 1667 1668 1669
f 1667 1669 1664
f 1667 1666 1634
f 1667 1634 1670
f 1667 1670 1671
f 1667 1671 1668
f 1671 1672 1638
f 1671 1638 1668
f 1671 1670 1673
f 1671 1673 1674
f 1671 1674 1675
f 1671 1675 1672
f 1675 1676 1677
f 1675 1677 1672
f 1675 1674 1678
f 1675 1678 1679
f 1675 1679 1627
f 1675 1627 1676
f 1679 1678 1650
f 1679 1650 1680
f 1679 1680 1622
f 1679 1622 1627
f 1680 1650 1649
f 1680 1649 1681
f 1680 1681 1623
f 1680 1623 1622
f 1681 1649 1682
f 1681 1682 1683
f 1681 1683 1651
f 1681 1651 1623
f 1683 1682 1684
f 1683 1684 1685
f 1683 1685 1653
f 1683 1653 1651
f 1685 1684 1686
f 1685 1686 1655
f 1685 1655 1643
f 1685 1643 1653
f 1686 1684 1687
f 1686 1687 1662
f 1686 1662 1661
f 1686 1661 1665
f 1686 1665 1656
f 1686 1656 1655
f 1687 1684 1682
f 1687 1682 1648
f 1687 1648 1647
f 1687 1647 1688
f 1687 1688 1659
f 1687 1659 1662
f 1688 1647 1636
f 1688 1636 1635
f 1688 1635 1660
f 1688 1660 1659
f 1682 1649 1645
f 1682 1645 1648
f 1678 1674 1673
f 1678 1673 1689
f 1678 1689 1646
f 1678 1646 1650
f 1689 1673 1633
f 1689 1633 1636
f 1689 1636 1647
f 1689 1647 1646
f 1677 1690 1611
f 1677 1611 1639
f 1677 1639 1638
f 1677 1638 1672
f 1677 1676 1691
f 1677 1691 1690
f 1691 1692 1693
f 1691 1693 1690
f 1691 1676 1627
f 1691 1627 1626
f 1691 1626 1625
f 1691 1625 1692
f 1692 1632 1694
f 1692 1694 1693
f 1692 1625 1629
f 1692 1629 1632
f 1690 1693 1607
f 1690 1607 1611
f 1673 1670 1634
f 1673 1634 1633
f 1669 1637 1644
f 1669 1644 1656
f 1669 1656 1665
f 1669 1665 1664
f 1669 1668 1638
f 1669 1638 1637
f 1666 1660 1635
f 1666 1635 1634
f 1654 1695 1616
f 1654 1616 1652
f 1654 1653 1643
f 1654 1643 1642
f 1654 1642 1641
f 1654 1641 1695
f 1695 1696 1617
f 1695 1617 1616
f 1695 1641 1697
f 1695 1697 1696
f 1651 1630 1624
f 1651 1624 1623
f 1652 1616 1615
f 1652 1615 1631
f 1641 1640 1610
f 1641 1610 1697
f 1640 1639 1611
f 1640 1611 1610
f 1632 1620 1619
f 1632 1619 1694
f 1630 1629 1625
f 1630 1625 1624
f 1619 1618 1698
f 1619 1698 1694
f 1618 1617 1696
f 1618 1696 1613
f 1618 1613 1612
f 1618 1612 1698
f 1697 1610 1606
f 1697 1606 1609
f 1697 1609 1613
f 1697 1613 1696
f 1698 1612 1608
f 1698 1608 1607
f 1693 1694 1698
f 1693 1698 1607
f 1699 1700 1701
f 1699 1701 1702
f 1699 1702 1703
f 1699 1703 1704
f 1699 1704 1705
f 1699 1705 1700
f 1706 1703 1702
f 1706 1702 1707
f 1706 1708 1709
f 1706 1709 1703
f 1706 1707 1710
f 1706 1710 1708
f 1711 1712 1700
f 1711 1700 1705
f 1711 1713 1714
f 1711 1714 1715
f 1711 1705 1716
f 1711 1716 1713
f 1717 1716 1705
f 1717 1705 1704
f 1717 1709 1718
f 1717 1718 1716
f 1717 1704 1703
f 1717 1703 1709
f 1719 1720 1721
f 1719 1721 1722
f 1719 1723 1724
f 1719 1724 1720
f 1719 1722 1725
f 1719 1725 1723
f 1722 1721 1726
f 1722 1726 1725
f 1727 1713 1716
f 1727 1716 1718
f 1727 1728 1714
f 1727 1714 1713
f 1727 1718 1729
f 1727 1729 1730
f 1730 1729 1731
f 1730 1731 1732
f 1730 1732 1733
f 1730 1733 1727
f 1734 1735 1736
f 1734 1736 1737
f 1734 1738 1739
f 1734 1739 1735
f 1737 1736 1740
f 1737 1740 1741
f 1741 1742 1743
f 1741 1743 1744
f 1741 1740 1745
f 1741 1745 1742
f 1740 1736 1746
f 1740 1746 1745
f 1742 1745 1747
f 1742 1747 1748
f 1742 1748 1749
f 1742 1749 1750
f 1751 1752 1753
f 1751 1753 1754
f 1751 1754 1755
f 1751 1755 1756
f 1751 1756 1757
f 1751 1757 1752
f 1758 1759 1760
f 1758 1760 1761
f 1758 1762 1763
f 1758 1763 1759
f 1764 1746 1763
f 1764 1763 1762
f 1764 1762 1765
f 1764 1765 1747
f 1766 1757 1756
f 1766 1756 1767
f 1766 1768 1769
f 1766 1769 1757
f 1766 1767 1770
f 1766 1770 1768
f 1755 1754 1771
f 1755 1771 1772
f 1755 1773 1767
f 1755 1767 1756
f 1774 1770 1767
f 1774 1767 1773
f 1774 1775 1761
f 1774 1761 1770
f 1774 1773 1776
f 1774 1776 1775
f 1765 1777 1748
f 1765 1748 1747
f 1765 1776 1773
f 1765 1773 1755
f 1777 1765 1755
f 1777 1755 1772
f 1777 1772 1778
f 1777 1778 1779
f 1777 1779 1749
f 1777 1749 1748
f 1779 1778 1780
f 1779 1780 1781
f 1779 1781 1782
f 1779 1782 1749
f 1782 1783 1750
f 1782 1750 1749
f 1782 1781 1784
f 1782 1784 1785
f 1782 1785 1786
f 1782 1786 1783
f 1786 1787 1788
f 1786 1788 1783
f 1786 1785 1789
f 1786 1789 1790
f 1786 1790 1791
f 1786 1791 1787
f 1791 1792 1793
f 1791 1793 1787
f 1791 1790 1794
f 1791 1794 1795
f 1791 1795 1796
f 1791 1796 1792
f 1796 1797 1798
f 1796 1798 1792
f 1796 1795 1799
f 1796 1799 1800
f 1796 1800 1801
f 1796 1801 1797
f 1801 1802 1803
f 1801 1803 1797
f 1801 1800 1804
f 1801 1804 1805
f 1801 1805 1806
f 1801 1806 1802
f 1806 1807 1808
f 1806 1808 1802
f 1806 1805 1809
f 1806 1809 1810
f 1806 1810 1811
f 1806 1811 1807
f 1811 1812 1813
f 1811 1813 1807
f 1811 1810 1814
f 1811 1814 1815
f 1811 1815 1816
f 1811 1816 1812
f 1816 1817 1818
f 1816 1818 1812
f 1816 1815 1819
f 1816 1819 1820
f 1816 1820 1821
f 1816 1821 1817
f 1821 1822 1823
f 1821 1823 1817
f 1821 1820 1824
f 1821 1824 1825
f 1821 1825 1826
f 1821 1826 1822
f 1826 1827 1828
f 1826 1828 1822
f 1826 1825 1829
f 1826 1829 1830
f 1826 1830 1831
f 1826 1831 1827
f 1831 1832 1833
f 1831 1833 1827
f 1831 1830 1834
f 1831 1834 1835
f 1831 1835 1715
f 1831 1715 1832
f 1835 1834 1836
f 1835 1836 1837
f 1835 1837 1711
f 1835 1711 1715
f 1837 1836 1838
f 1837 1838 1839
f 1837 1839 1712
f 1837 1712 1711
f 1839 1838 1721
f 1839 1721 1720
f 1839 1720 1724
f 1839 1724 1712
f 1838 1836 1840
f 1838 1840 1841
f 1838 1841 1726
f 1838 1726 1721
f 1841 1840 1842
f 1841 1842 1843
f 1841 1843 1844
f 1841 1844 1726
f 1844 1843 1732
f 1844 1732 1731
f 1844 1731 1710
f 1844 1710 1845
f 1844 1845 1725
f 1844 1725 1726
f 1845 1710 1707
f 1845 1707 1846
f 1845 1846 1723
f 1845 1723 1725
f 1846 1707 1702
f 1846 1702 1701
f 1846 1701 1724
f 1846 1724 1723
f 1843 1842 1733
f 1843 1733 1732
f 1842 1840 1847
f 1842 1847 1848
f 1842 1848 1849
f 1842 1849 1733
f 1849 1848 1850
f 1849 1850 1851
f 1849 1851 1852
f 1849 1852 1728
f 1849 1728 1727
f 1849 1727 1733
f 1852 1851 1853
f 1852 1853 1854
f 1852 1854 1855
f 1852 1855 1856
f 1852 1856 1714
f 1852 1714 1728
f 1856 1855 1833
f 1856 1833 1832
f 1856 1832 1715
f 1856 1715 1714
f 1855 1854 1857
f 1855 1857 1858
f 1855 1858 1859
f 1855 1859 1833
f 1859 1858 1860
f 1859 1860 1861
f 1859 1861 1862
f 1859 1862 1828
f 1859 1828 1827
f 1859 1827 1833
f 1862 1861 1863
f 1862 1863 1864
f 1862 1864 1865
f 1862 1865 1823
f 1862 1823 1822
f 1862 1822 1828
f 1865 1864 1866
f 1865 1866 1867
f 1865 1867 1868
f 1865 1868 1818
f 1865 1818 1817
f 1865 1817 1823
f 1868 1867 1869
f 1868 1869 1870
f 1868 1870 1871
f 1868 1871 1813
f 1868 1813 1812
f 1868 1812 1818
f 1871 1870 1872
f 1871 1872 1873
f 1871 1873 1874
f 1871 1874 1808
f 1871 1808 1807
f 1871 1807 1813
f 1874 1873 1875
f 1874 1875 1876
f 1874 1876 1877
f 1874 1877 1803
f 1874 1803 1802
f 1874 1802 1808
f 1877 1876 1878
f 1877 1878 1879
f 1877 1879 1880
f 1877 1880 1798
f 1877 1798 1797
f 1877 1797 1803
f 1880 1879 1881
f 1880 1881 1882
f 1880 1882 1883
f 1880 1883 1793
f 1880 1793 1792
f 1880 1792 1798
f 1883 1882 1884
f 1883 1884 1885
f 1883 1885 1886
f 1883 1886 1788
f 1883 1788 1787
f 1883 1787 1793
f 1886 1885 1887
f 1886 1887 1743
f 1886 1743 1742
f 1886 1742 1750
f 1886 1750 1783
f 1886 1783 1788
f 1887 1888 1753
f 1887 1753 1889
f 1887 1889 1744
f 1887 1744 1743
f 1887 1885 1884
f 1887 1884 1888
f 1889 1753 1752
f 1889 1752 1890
f 1889 1890 1891
f 1889 1891 1744
f 1890 1752 1757
f 1890 1757 1769
f 1890 1769 1892
f 1890 1892 1891
f 1892 1769 1768
f 1892 1768 1760
f 1892 1760 1759
f 1892 1759 1739
f 1892 1739 1738
f 1892 1738 1891
f 1888 1771 1754
f 1888 1754 1753
f 1888 1884 1893
f 1888 1893 1771
f 1893 1778 1772
f 1893 1772 1771
f 1893 1884 1882
f 1893 1882 1881
f 1893 1881 1780
f 1893 1780 1778
f 1881 1879 1878
f 1881 1878 1780
f 1878 1784 1781
f 1878 1781 1780
f 1878 1876 1875
f 1878 1875 1784
f 1875 1789 1785
f 1875 1785 1784
f 1875 1873 1872
f 1875 1872 1789
f 1872 1794 1790
f 1872 1790 1789
f 1872 1870 1869
f 1872 1869 1794
f 1869 1799 1795
f 1869 1795 1794
f 1869 1867 1866
f 1869 1866 1799
f 1866 1804 1800
f 1866 1800 1799
f 1866 1864 1863
f 1866 1863 1804
f 1863 1809 1805
f 1863 1805 1804
f 1863 1861 1860
f 1863 1860 1809
f 1860 1814 1810
f 1860 1810 1809
f 1860 1858 1857
f 1860 1857 1814
f 1857 1819 1815
f 1857 1815 1814
f 1857 1854 1853
f 1857 1853 1819
f 1853 1824 1820
f 1853 1820 1819
f 1853 1851 1850
f 1853 1850 1824
f 1850 1829 1825
f 1850 1825 1824
f 1850 1848 1847
f 1850 1847 1829
f 1847 1834 1830
f 1847 1830 1829
f 1847 1840 1836
f 1847 1836 1834
f 1770 1761 1760
f 1770 1760 1768
f 1764 1747 1745
f 1764 1745 1746
f 1765 1762 1758
f 1765 1758 1761
f 1776 1765 1761
f 1776 1761 1775
f 1763 1746 1736
f 1763 1736 1735
f 1763 1735 1739
f 1763 1739 1759
f 1738 1734 1737
f 1738 1737 1741
f 1738 1741 1744
f 1738 1744 1891
f 1731 1729 1708
f 1731 1708 1710
f 1729 1718 1709
f 1729 1709 1708
f 1724 1701 1700
f 1724 1700 1712
f 1894 1895 1896
f 1894 1896 1897
f 1894 1898 1899
f 1894 1899 1895
f 1898 1894 1897
f 1898 1897 1900
f 1898 1900 1901
f 1898 1901 1902
f 1898 1902 1903
f 1898 1903 1904
f 1905 1897 1896
f 1905 1896 1906
f 1905 1907 1900
f 1905 1900 1897
f 1905 1906 1908
f 1905 1908 1907
f 1909 1910 1911
f 1909 1911 1912
f 1909 1912 1913
f 1909 1913 1914
f 1909 1914 1915
f 1909 1915 1910
f 1916 1917 1918
f 1916 1918 1919
f 1914 1913 1920
f 1914 1920 1915
f 1921 1918 1922
f 1921 1922 1923
f 1921 1923 1924
f 1921 1924 1925
f 1921 1925 1919
f 1921 1919 1918
f 1907 1908 1926
f 1907 1926 1927
f 1907 1928 1901
f 1907 1901 1900
f 1907 1927 1929
f 1907 1929 1928
f 1930 1931 1932
f 1930 1932 1933
f 1930 1933 1934
f 1930 1934 1935
f 1930 1935 1936
f 1930 1936 1931
f 1934 1937 1938
f 1934 1938 1935
f 1939 1940 1941
f 1939 1941 1942
f 1939 1942 1943
f 1939 1943 1944
f 1939 1944 1945
f 1939 1945 1940
f 1946 1947 1948
f 1946 1948 1949
f 1950 1951 1947
f 1950 1947 1946
f 1946 1949 1952
f 1946 1952 1950
f 1953 1954 1955
f 1953 1955 1956
f 1957 1958 1954
f 1957 1954 1953
f 1953 1956 1937
f 1953 1937 1957
f 1949 1958 1957
f 1949 1957 1952
f 1949 1948 1959
f 1949 1959 1958
f 1954 1958 1959
f 1954 1959 1955
f 1942 1960 1961
f 1942 1961 1962
f 1941 1938 1960
f 1941 1960 1942
f 1961 1960 1956
f 1961 1956 1963
f 1961 1963 1964
f 1961 1964 1962
f 1959 1948 1947
f 1959 1947 1955
f 1947 1963 1956
f 1947 1956 1955
f 1947 1951 1964
f 1947 1964 1963
f 1964 1965 1966
f 1964 1966 1962
f 1964 1951 1967
f 1964 1967 1965
f 1967 1968 1969
f 1967 1969 1965
f 1967 1951 1950
f 1967 1950 1970
f 1967 1970 1971
f 1967 1971 1968
f 1971 1972 1973
f 1971 1973 1968
f 1971 1970 1974
f 1971 1974 1975
f 1971 1975 1976
f 1971 1976 1972
f 1976 1977 1978
f 1976 1978 1972
f 1976 1975 1979
f 1976 1979 1980
f 1976 1980 1981
f 1976 1981 1977
f 1981 1982 1983
f 1981 1983 1977
f 1981 1980 1984
f 1981 1984 1985
f 1981 1985 1986
f 1981 1986 1982
f 1986 1987 1988
f 1986 1988 1982
f 1986 1985 1989
f 1986 1989 1990
f 1986 1990 1991
f 1986 1991 1987
f 1991 1992 1993
f 1991 1993 1987
f 1991 1990 1994
f 1991 1994 1995
f 1991 1995 1996
f 1991 1996 1992
f 1996 1997 1998
f 1996 1998 1992
f 1996 1995 1999
f 1996 1999 2000
f 1996 2000 2001
f 1996 2001 1997
f 2001 2002 2003
f 2001 2003 1997
f 2001 2000 2004
f 2001 2004 2005
f 2001 2005 2006
f 2001 2006 2002
f 2006 2007 2008
f 2006 2008 2002
f 2006 2005 2009
f 2006 2009 2010
f 2006 2010 2011
f 2006 2011 2007
f 2011 2012 2013
f 2011 2013 2007
f 2011 2010 2014
f 2011 2014 2015
f 2011 2015 2016
f 2011 2016 2012
f 2016 2017 2018
f 2016 2018 2012
f 2016 2015 2019
f 2016 2019 2020
f 2016 2020 2021
f 2016 2021 2017
f 2021 1928 1929
f 2021 1929 2017
f 2021 2020 2022
f 2021 2022 2023
f 2021 2023 1901
f 2021 1901 1928
f 2023 2022 2024
f 2023 2024 2025
f 2023 2025 1902
f 2023 1902 1901
f 2025 2024 2026
f 2025 2026 2027
f 2025 2027 1903
f 2025 1903 1902
f 2027 2026 2028
f 2027 2028 2029
f 2027 2029 2030
f 2027 2030 1903
f 2030 2031 1904
f 2030 1904 1903
f 2030 2029 2032
f 2030 2032 2033
f 2030 2033 2034
f 2030 2034 2031
f 2034 1923 1922
f 2034 1922 2031
f 2034 2033 2035
f 2034 2035 2036
f 2034 2036 1924
f 2034 1924 1923
f 2036 2035 2037
f 2036 2037 2038
f 2036 2038 2039
f 2036 2039 1924
f 2039 2040 1925
f 2039 1925 1924
f 2039 2038 2041
f 2039 2041 2042
f 2039 2042 2043
f 2039 2043 2040
f 2043 2044 2045
f 2043 2045 2040
f 2043 2042 1926
f 2043 1926 1920
f 2043 1920 1913
f 2043 1913 2044
f 2045 2046 1916
f 2045 1916 1919
f 2045 1919 1925
f 2045 1925 2040
f 2045 2044 2047
f 2045 2047 2046
f 2047 2044 1913
f 2047 1913 1912
f 2047 1912 1911
f 2047 1911 2048
f 2047 2048 2049
f 2047 2049 2046
f 2049 2048 1895
f 2049 1895 1899
f 2049 1899 2050
f 2049 2050 1917
f 2049 1917 1916
f 2049 1916 2046
f 2050 1899 1898
f 2050 1898 1904
f 2050 1904 2031
f 2050 2031 1922
f 2050 1922 1918
f 2050 1918 1917
f 2048 1911 1896
f 2048 1896 1895
f 2042 2041 1927
f 2042 1927 1926
f 2041 2038 2037
f 2041 2037 2051
f 2041 2051 1929
f 2041 1929 1927
f 2051 2037 2052
f 2051 2052 2018
f 2051 2018 2017
f 2051 2017 1929
f 2052 2037 2035
f 2052 2035 2053
f 2052 2053 2054
f 2052 2054 2013
f 2052 2013 2012
f 2052 2012 2018
f 2054 2053 2032
f 2054 2032 2055
f 2054 2055 2056
f 2054 2056 2008
f 2054 2008 2007
f 2054 2007 2013
f 2056 2055 2028
f 2056 2028 2057
f 2056 2057 2058
f 2056 2058 2003
f 2056 2003 2002
f 2056 2002 2008
f 2058 2057 2059
f 2058 2059 2060
f 2058 2060 2061
f 2058 2061 1998
f 2058 1998 1997
f 2058 1997 2003
f 2061 2060 2062
f 2061 2062 2063
f 2061 2063 2064
f 2061 2064 1993
f 2061 1993 1992
f 2061 1992 1998
f 2064 2063 2065
f 2064 2065 2066
f 2064 2066 2067
f 2064 2067 1988
f 2064 1988 1987
f 2064 1987 1993
f 2067 2066 2068
f 2067 2068 2069
f 2067 2069 2070
f 2067 2070 1983
f 2067 1983 1982
f 2067 1982 1988
f 2070 2069 2071
f 2070 2071 2072
f 2070 2072 2073
f 2070 2073 1978
f 2070 1978 1977
f 2070 1977 1983
f 2073 2072 2074
f 2073 2074 2075
f 2073 2075 2076
f 2073 2076 1973
f 2073 1973 1972
f 2073 1972 1978
f 2076 2075 2077
f 2076 2077 2078
f 2076 2078 2079
f 2076 2079 1969
f 2076 1969 1968
f 2076 1968 1973
f 2079 2078 2080
f 2079 2080 2081
f 2079 2081 1943
f 2079 1943 1966
f 2079 1966 1965
f 2079 1965 1969
f 2081 2080 2082
f 2081 2082 2083
f 2081 2083 1944
f 2081 1944 1943
f 2083 2082 2084
f 2083 2084 2085
f 2083 2085 1945
f 2083 1945 1944
f 2085 2084 1984
f 2085 1984 2086
f 2085 2086 2087
f 2085 2087 1945
f 2087 2086 1979
f 2087 1979 2088
f 2087 2088 2089
f 2087 2089 2090
f 2087 2090 1940
f 2087 1940 1945
f 2090 2089 1931
f 2090 1931 1936
f 2090 1936 1941
f 2090 1941 1940
f 2089 2088 1974
f 2089 1974 2091
f 2089 2091 1932
f 2089 1932 1931
f 2091 1974 1970
f 2091 1970 1950
f 2091 1950 1952
f 2091 1952 1932
f 2088 1979 1975
f 2088 1975 1974
f 2086 1984 1980
f 2086 1980 1979
f 2084 1989 1985
f 2084 1985 1984
f 2084 2082 2092
f 2084 2092 1989
f 2092 1994 1990
f 2092 1990 1989
f 2092 2082 2080
f 2092 2080 2093
f 2092 2093 2094
f 2092 2094 1994
f 2094 1999 1995
f 2094 1995 1994
f 2094 2093 2077
f 2094 2077 2095
f 2094 2095 2096
f 2094 2096 1999
f 2096 2004 2000
f 2096 2000 1999
f 2096 2095 2074
f 2096 2074 2097
f 2096 2097 2098
f 2096 2098 2004
f 2098 2009 2005
f 2098 2005 2004
f 2098 2097 2071
f 2098 2071 2099
f 2098 2099 2100
f 2098 2100 2009
f 2100 2014 2010
f 2100 2010 2009
f 2100 2099 2068
f 2100 2068 2101
f 2100 2101 2102
f 2100 2102 2014
f 2102 2019 2015
f 2102 2015 2014
f 2102 2101 2065
f 2102 2065 2103
f 2102 2103 2104
f 2102 2104 2019
f 2104 2022 2020
f 2104 2020 2019
f 2104 2103 2062
f 2104 2062 2105
f 2104 2105 2024
f 2104 2024 2022
f 2105 2062 2060
f 2105 2060 2059
f 2105 2059 2026
f 2105 2026 2024
f 2103 2065 2063
f 2103 2063 2062
f 2101 2068 2066
f 2101 2066 2065
f 2099 2071 2069
f 2099 2069 2068
f 2097 2074 2072
f 2097 2072 2071
f 2095 2077 2075
f 2095 2075 2074
f 2093 2080 2078
f 2093 2078 2077
f 2059 2057 2028
f 2059 2028 2026
f 2055 2032 2029
f 2055 2029 2028
f 2053 2035 2033
f 2053 2033 2032
f 1966 1943 1942
f 1966 1942 1962
f 1960 1938 1937
f 1960 1937 1956
f 1957 1937 1934
f 1957 1934 1933
f 1957 1933 1932
f 1957 1932 1952
f 1941 1936 1935
f 1941 1935 1938
f 1926 1908 1915
f 1926 1915 1920
f 1915 1908 1906
f 1915 1906 1910
f 1911 1910 1906
f 1911 1906 1896
f 2106 2107 2108
f 2106 2108 2109
f 2110 2111 2112
f 2110 2112 2113
f 2110 2109 2108
f 2110 2108 2111
f 2114 2115 2116
f 2114 2116 2117
f 2114 2117 2118
f 2114 2118 2119
f 2114 2119 2120
f 2114 2120 2115
f 2121 2109 2110
f 2121 2110 2113
f 2121 2122 2123
f 2121 2123 2124
f 2125 2123 2126
f 2125 2126 2127
f 2128 2124 2123
f 2128 2123 2125
f 2125 2127 2129
f 2125 2129 2128
f 2130 2116 2128
f 2130 2128 2129
f 2130 2129 2131
f 2130 2131 2132
f 2130 2132 2117
f 2130 2117 2116
f 2133 2134 2135
f 2133 2135 2136
f 2137 2136 2135
f 2137 2135 2138
f 2137 2139 2140
f 2137 2140 2136
f 2137 2138 2141
f 2137 2141 2139
f 2142 2118 2117
f 2142 2117 2132
f 2120 2143 2135
f 2120 2135 2134
f 2120 2134 2144
f 2120 2144 2145
f 2146 2147 2148
f 2146 2148 2149
f 2138 2147 2146
f 2138 2146 2141
f 2150 2126 2123
f 2150 2123 2122
f 2150 2151 2152
f 2150 2152 2153
f 2154 2155 2149
f 2154 2149 2148
f 2154 2148 2156
f 2154 2156 2157
f 2154 2157 2158
f 2154 2158 2155
f 2159 2160 2161
f 2159 2161 2162
f 2159 2162 2163
f 2159 2163 2164
f 2159 2164 2165
f 2159 2165 2160
f 2166 2142 2132
f 2166 2132 2131
f 2167 2118 2142
f 2167 2142 2166
f 2166 2131 2168
f 2166 2168 2167
f 2162 2161 2169
f 2162 2169 2163
f 2170 2171 2172
f 2170 2172 2173
f 2170 2174 2156
f 2170 2156 2171
f 2170 2173 2175
f 2170 2175 2174
f 2176 2177 2163
f 2176 2163 2169
f 2178 2179 2167
f 2178 2167 2180
f 2181 2182 2183
f 2181 2183 2184
f 2177 2185 2182
f 2177 2182 2181
f 2181 2184 2186
f 2181 2186 2177
f 2182 2185 2187
f 2182 2187 2183
f 2187 2185 2188
f 2187 2188 2189
f 2187 2189 2190
f 2187 2190 2183
f 2191 2192 2193
f 2191 2193 2194
f 2191 2194 2195
f 2191 2195 2190
f 2191 2190 2189
f 2191 2189 2192
f 2195 2184 2183
f 2195 2183 2190
f 2195 2194 2196
f 2195 2196 2197
f 2195 2197 2198
f 2195 2198 2184
f 2198 2199 2186
f 2198 2186 2184
f 2198 2197 2200
f 2198 2200 2201
f 2198 2201 2202
f 2198 2202 2199
f 2202 2127 2165
f 2202 2165 2199
f 2202 2201 2168
f 2202 2168 2131
f 2202 2131 2129
f 2202 2129 2127
f 2201 2200 2203
f 2201 2203 2168
f 2200 2197 2196
f 2200 2196 2204
f 2200 2204 2205
f 2200 2205 2203
f 2204 2196 2206
f 2204 2206 2207
f 2204 2207 2208
f 2204 2208 2205
f 2207 2206 2209
f 2207 2209 2210
f 2207 2210 2175
f 2207 2175 2208
f 2210 2209 2211
f 2210 2211 2212
f 2210 2212 2174
f 2210 2174 2175
f 2212 2211 2158
f 2212 2158 2157
f 2212 2157 2156
f 2212 2156 2174
f 2211 2209 2213
f 2211 2213 2214
f 2211 2214 2152
f 2211 2152 2158
f 2214 2213 2215
f 2214 2215 2216
f 2214 2216 2153
f 2214 2153 2152
f 2213 2193 2192
f 2213 2192 2215
f 2213 2209 2206
f 2213 2206 2193
f 2206 2196 2194
f 2206 2194 2193
f 2199 2165 2164
f 2199 2164 2186
f 2192 2189 2188
f 2192 2188 2215
f 2185 2177 2176
f 2185 2176 2188
f 2186 2164 2163
f 2186 2163 2177
f 2208 2175 2173
f 2208 2173 2217
f 2203 2180 2167
f 2203 2167 2168
f 2216 2215 2188
f 2216 2188 2176
f 2216 2176 2169
f 2216 2169 2153
f 2173 2172 2143
f 2173 2143 2217
f 2172 2171 2147
f 2172 2147 2138
f 2172 2138 2135
f 2172 2135 2143
f 2171 2156 2148
f 2171 2148 2147
f 2169 2161 2150
f 2169 2150 2153
f 2167 2179 2119
f 2167 2119 2118
f 2165 2127 2126
f 2165 2126 2160
f 2161 2160 2126
f 2161 2126 2150
f 2158 2152 2151
f 2158 2151 2155
f 2146 2149 2112
f 2146 2112 2141
f 2179 2178 2217
f 2179 2217 2143
f 2179 2143 2120
f 2179 2120 2119
f 2141 2112 2111
f 2141 2111 2139
f 2140 2108 2107
f 2140 2107 2218
f 2140 2218 2133
f 2140 2133 2136
f 2140 2139 2111
f 2140 2111 2108
f 2218 2107 2219
f 2218 2219 2144
f 2218 2144 2134
f 2218 2134 2133
f 2145 2220 2115
f 2145 2115 2120
f 2145 2221 2222
f 2145 2222 2220
f 2220 2128 2116
f 2220 2116 2115
f 2220 2222 2124
f 2220 2124 2128
f 2122 2121 2151
f 2122 2151 2150
f 2113 2112 2149
f 2113 2149 2155
f 2113 2155 2151
f 2113 2151 2121
f 2221 2145 2144
f 2221 2144 2219
f 2106 2109 2121
f 2106 2121 2124
f 2222 2221 2219
f 2222 2219 2107
f 2124 2222 2107
f 2124 2107 2106
f 2208 2217 2178
f 2208 2178 2180
f 2203 2205 2208
f 2203 2208 2180
f 2223 2224 2225
f 2223 2225 2226
f 2223 2226 2227
f 2223 2227 2228
f 2229 2230 2231
f 2229 2231 2224
f 2229 2224 2223
f 2229 2223 2228
f 2232 2225 2233
f 2232 2233 2234
f 2232 2234 2235
f 2232 2235 2236
f 2232 2236 2226
f 2232 2226 2225
f 2226 2237 2238
f 2226 2238 2227
f 2226 2236 2239
f 2226 2239 2237
f 2240 2241 2242
f 2240 2242 2243
f 2240 2244 2245
f 2240 2245 2241
f 2245 2246 2233
f 2245 2233 2231
f 2235 2247 2239
f 2235 2239 2236
f 2248 2249 2250
f 2248 2250 2251
f 2248 2252 2253
f 2248 2253 2249
f 2248 2251 2254
f 2248 2254 2252
f 2250 2255 2256
f 2250 2256 2257
f 2227 2238 2255
f 2227 2255 2250
f 2257 2256 2258
f 2257 2258 2259
f 2254 2251 2260
f 2254 2260 2261
f 2262 2263 2264
f 2262 2264 2265
f 2262 2265 2247
f 2262 2247 2266
f 2262 2267 2268
f 2262 2268 2263
f 2269 2270 2271
f 2269 2271 2272
f 2269 2272 2255
f 2269 2255 2238
f 2273 2274 2275
f 2273 2275 2276
f 2273 2276 2277
f 2273 2277 2260
f 2272 2271 2278
f 2272 2278 2275
f 2279 2280 2281
f 2279 2281 2282
f 2283 2284 2280
f 2283 2280 2279
f 2279 2282 2285
f 2279 2285 2283
f 2267 2286 2287
f 2267 2287 2268
f 2287 2288 2289
f 2287 2289 2268
f 2264 2290 2291
f 2264 2291 2265
f 2264 2292 2293
f 2264 2293 2290
f 2281 2280 2294
f 2281 2294 2295
f 2289 2296 2263
f 2289 2263 2268
f 2276 2297 2298
f 2276 2298 2299
f 2275 2278 2297
f 2275 2297 2276
f 2282 2281 2295
f 2282 2295 2300
f 2282 2300 2301
f 2282 2301 2285
f 2302 2293 2292
f 2302 2292 2303
f 2302 2303 2298
f 2302 2298 2297
f 2304 2305 2301
f 2304 2301 2306
f 2307 2308 2309
f 2307 2309 2310
f 2307 2310 2311
f 2307 2311 2312
f 2307 2312 2313
f 2307 2313 2308
f 2313 2300 2295
f 2313 2295 2308
f 2313 2312 2314
f 2313 2314 2306
f 2313 2306 2301
f 2313 2301 2300
f 2314 2312 2311
f 2314 2311 2315
f 2314 2315 2316
f 2314 2316 2317
f 2314 2317 2304
f 2314 2304 2306
f 2315 2311 2303
f 2315 2303 2292
f 2315 2292 2264
f 2315 2264 2316
f 2311 2310 2298
f 2311 2298 2303
f 2310 2309 2299
f 2310 2299 2298
f 2309 2294 2318
f 2309 2318 2299
f 2309 2308 2295
f 2309 2295 2294
f 2318 2284 2319
f 2318 2319 2277
f 2318 2277 2276
f 2318 2276 2299
f 2318 2294 2280
f 2318 2280 2284
f 2305 2304 2317
f 2305 2317 2320
f 2305 2320 2286
f 2305 2286 2321
f 2305 2321 2285
f 2305 2285 2301
f 2302 2297 2278
f 2302 2278 2293
f 2296 2316 2264
f 2296 2264 2263
f 2288 2320 2317
f 2288 2317 2316
f 2296 2289 2288
f 2296 2288 2316
f 2293 2278 2271
f 2293 2271 2290
f 2291 2290 2271
f 2291 2271 2270
f 2291 2270 2237
f 2291 2237 2239
f 2291 2239 2247
f 2291 2247 2265
f 2288 2287 2286
f 2288 2286 2320
f 2284 2283 2244
f 2284 2244 2319
f 2283 2285 2321
f 2283 2321 2322
f 2283 2322 2245
f 2283 2245 2244
f 2270 2269 2238
f 2270 2238 2237
f 2322 2323 2246
f 2322 2246 2245
f 2323 2322 2321
f 2323 2321 2286
f 2323 2286 2267
f 2323 2267 2262
f 2323 2262 2266
f 2323 2266 2246
f 2319 2244 2240
f 2319 2240 2243
f 2274 2258 2256
f 2274 2256 2255
f 2274 2255 2272
f 2274 2272 2275
f 2258 2274 2273
f 2258 2273 2259
f 2251 2250 2257
f 2251 2257 2259
f 2273 2260 2251
f 2273 2251 2259
f 2254 2243 2242
f 2254 2242 2252
f 2266 2234 2233
f 2266 2233 2246
f 2234 2266 2247
f 2234 2247 2235
f 2233 2225 2224
f 2233 2224 2231
f 2253 2252 2242
f 2253 2242 2229
f 2241 2245 2231
f 2241 2231 2230
f 2242 2241 2230
f 2242 2230 2229
f 2228 2227 2250
f 2228 2250 2249
f 2228 2249 2253
f 2228 2253 2229
f 2319 2243 2254
f 2319 2254 2261
f 2260 2277 2319
f 2260 2319 2261
f 2324 2325 2326
f 2324 2326 2327
f 2324 2328 2329
f 2324 2329 2325
f 2324 2327 2330
f 2324 2330 2328
f 2331 2325 2329
f 2331 2329 2332
f 2333 2334 2335
f 2333 2335 2336
f 2337 2338 2339
f 2337 2339 2340
f 2337 2340 2335
f 2337 2335 2334
f 2341 2342 2343
f 2341 2343 2344
f 2341 2344 2345
f 2341 2345 2346
f 2341 2346 2347
f 2341 2347 2326
f 2348 2349 2350
f 2348 2350 2347
f 2339 2351 2342
f 2339 2342 2332
f 2339 2332 2329
f 2339 2329 2340
f 2343 2342 2351
f 2343 2351 2352
f 2343 2352 2353
f 2343 2353 2344
f 2354 2355 2337
f 2354 2337 2334
f 2356 2357 2358
f 2356 2358 2359
f 2360 2345 2344
f 2360 2344 2353
f 2360 2361 2362
f 2360 2362 2345
f 2363 2364 2365
f 2363 2365 2366
f 2349 2348 2364
f 2349 2364 2363
f 2365 2364 2362
f 2365 2362 2361
f 2365 2361 2367
f 2365 2367 2368
f 2365 2369 2370
f 2365 2370 2366
f 2365 2368 2371
f 2365 2371 2369
f 2372 2373 2374
f 2372 2374 2375
f 2376 2377 2378
f 2376 2378 2379
f 2376 2380 2381
f 2376 2381 2377
f 2376 2379 2382
f 2376 2382 2380
f 2369 2371 2383
f 2369 2383 2370
f 2384 2366 2370
f 2384 2370 2383
f 2384 2385 2363
f 2384 2363 2366
f 2384 2383 2386
f 2384 2386 2385
f 2387 2388 2389
f 2387 2389 2390
f 2391 2392 2388
f 2391 2388 2387
f 2393 2386 2383
f 2393 2383 2371
f 2394 2388 2392
f 2394 2392 2395
f 2394 2395 2396
f 2394 2396 2397
f 2398 2399 2380
f 2398 2380 2382
f 2398 2400 2401
f 2398 2401 2402
f 2402 2403 2404
f 2402 2404 2398
f 2405 2406 2407
f 2405 2407 2408
f 2405 2409 2410
f 2405 2410 2406
f 2405 2408 2411
f 2405 2411 2409
f 2412 2413 2414
f 2412 2414 2415
f 2415 2414 2390
f 2415 2390 2389
f 2415 2389 2397
f 2415 2397 2410
f 2415 2410 2409
f 2415 2409 2412
f 2414 2416 2417
f 2414 2417 2390
f 2414 2413 2418
f 2414 2418 2416
f 2418 2419 2420
f 2418 2420 2416
f 2418 2413 2411
f 2418 2411 2421
f 2418 2421 2403
f 2418 2403 2419
f 2421 2411 2408
f 2421 2408 2422
f 2421 2422 2404
f 2421 2404 2403
f 2422 2408 2407
f 2422 2407 2374
f 2422 2374 2373
f 2422 2373 2404
f 2420 2423 2424
f 2420 2424 2425
f 2420 2425 2417
f 2420 2417 2416
f 2420 2419 2401
f 2420 2401 2423
f 2425 2424 2368
f 2425 2368 2367
f 2425 2367 2426
f 2425 2426 2417
f 2424 2393 2371
f 2424 2371 2368
f 2424 2423 2386
f 2424 2386 2393
f 2423 2401 2400
f 2423 2400 2386
f 2419 2403 2402
f 2419 2402 2401
f 2417 2426 2387
f 2417 2387 2390
f 2413 2412 2409
f 2413 2409 2411
f 2410 2397 2396
f 2410 2396 2406
f 2407 2406 2396
f 2407 2396 2427
f 2407 2427 2375
f 2407 2375 2374
f 2427 2396 2395
f 2427 2395 2428
f 2427 2428 2429
f 2427 2429 2375
f 2404 2373 2399
f 2404 2399 2398
f 2399 2373 2372
f 2399 2372 2430
f 2399 2430 2381
f 2399 2381 2380
f 2397 2389 2388
f 2397 2388 2394
f 2395 2392 2359
f 2395 2359 2428
f 2392 2391 2356
f 2392 2356 2359
f 2387 2426 2352
f 2387 2352 2351
f 2387 2351 2339
f 2387 2339 2391
f 2385 2379 2378
f 2385 2378 2363
f 2378 2377 2431
f 2378 2431 2432
f 2378 2432 2349
f 2378 2349 2363
f 2432 2431 2433
f 2432 2433 2434
f 2432 2434 2350
f 2432 2350 2349
f 2434 2433 2336
f 2434 2336 2330
f 2434 2330 2327
f 2434 2327 2350
f 2433 2435 2333
f 2433 2333 2336
f 2433 2431 2436
f 2433 2436 2435
f 2356 2391 2339
f 2356 2339 2338
f 2353 2352 2426
f 2353 2426 2367
f 2353 2367 2361
f 2353 2361 2360
f 2362 2364 2348
f 2362 2348 2347
f 2362 2347 2346
f 2362 2346 2345
f 2350 2327 2326
f 2350 2326 2347
f 2342 2341 2331
f 2342 2331 2332
f 2341 2326 2325
f 2341 2325 2331
f 2340 2329 2328
f 2340 2328 2335
f 2336 2335 2328
f 2336 2328 2330
f 2437 2375 2429
f 2437 2429 2438
f 2436 2431 2377
f 2436 2377 2381
f 2439 2430 2372
f 2439 2372 2440
f 2400 2398 2382
f 2400 2382 2379
f 2400 2379 2385
f 2400 2385 2386
f 2439 2440 2441
f 2439 2441 2442
f 2436 2439 2442
f 2436 2442 2435
f 2436 2381 2430
f 2436 2430 2439
f 2438 2429 2358
f 2438 2358 2443
f 2428 2359 2358
f 2428 2358 2429
f 2444 2443 2354
f 2444 2354 2445
f 2440 2437 2438
f 2440 2438 2441
f 2372 2375 2437
f 2372 2437 2440
f 2445 2333 2435
f 2445 2435 2442
f 2442 2441 2444
f 2442 2444 2445
f 2441 2438 2443
f 2441 2443 2444
f 2354 2334 2333
f 2354 2333 2445
f 2443 2446 2355
f 2443 2355 2354
f 2358 2357 2446
f 2358 2446 2443
f 2355 2446 2338
f 2355 2338 2337
f 2338 2446 2357
f 2338 2357 2356
f 2447 2448 2449
f 2447 2449 2450
f 2447 2451 2452
f 2447 2452 2448
f 2450 2449 2453
f 2450 2453 2454
f 2455 2456 2457
f 2455 2457 2458
f 2455 2458 2459
f 2455 2459 2460
f 2449 2448 2461
f 2449 2461 2453
f 2462 2457 2456
f 2462 2456 2463
f 2462 2463 2464
f 2462 2464 2465
f 2462 2465 2466
f 2462 2466 2457
f 2465 2467 2452
f 2465 2452 2466
f 2465 2464 2468
f 2465 2468 2469
f 2465 2469 2470
f 2465 2470 2467
f 2471 2472 2473
f 2471 2473 2474
f 2471 2475 2476
f 2471 2476 2472
f 2471 2474 2477
f 2471 2477 2475
f 2478 2479 2480
f 2478 2480 2481
f 2482 2483 2484
f 2482 2484 2485
f 2482 2486 2487
f 2482 2487 2483
f 2475 2477 2488
f 2475 2488 2476
f 2489 2490 2491
f 2489 2491 2481
f 2489 2492 2493
f 2489 2493 2490
f 2489 2481 2480
f 2489 2480 2492
f 2493 2494 2484
f 2493 2484 2488
f 2493 2488 2477
f 2493 2477 2490
f 2493 2492 2495
f 2493 2495 2494
f 2495 2496 2497
f 2495 2497 2494
f 2495 2492 2480
f 2495 2480 2498
f 2495 2498 2499
f 2495 2499 2496
f 2499 2500 2501
f 2499 2501 2496
f 2499 2498 2502
f 2499 2502 2503
f 2499 2503 2504
f 2499 2504 2500
f 2504 2505 2506
f 2504 2506 2500
f 2504 2503 2507
f 2504 2507 2508
f 2504 2508 2509
f 2504 2509 2505
f 2509 2510 2511
f 2509 2511 2505
f 2509 2508 2512
f 2509 2512 2513
f 2509 2513 2514
f 2509 2514 2510
f 2514 2515 2470
f 2514 2470 2510
f 2514 2513 2516
f 2514 2516 2517
f 2514 2517 2518
f 2514 2518 2515
f 2518 2453 2461
f 2518 2461 2515
f 2518 2517 2519
f 2518 2519 2520
f 2518 2520 2454
f 2518 2454 2453
f 2520 2519 2521
f 2520 2521 2522
f 2520 2522 2523
f 2520 2523 2454
f 2522 2521 2524
f 2522 2524 2525
f 2522 2525 2459
f 2522 2459 2523
f 2525 2524 2526
f 2525 2526 2527
f 2525 2527 2460
f 2525 2460 2459
f 2527 2526 2468
f 2527 2468 2464
f 2527 2464 2463
f 2527 2463 2460
f 2526 2524 2528
f 2526 2528 2529
f 2526 2529 2530
f 2526 2530 2468
f 2530 2529 2531
f 2530 2531 2506
f 2530 2506 2505
f 2530 2505 2511
f 2530 2511 2469
f 2530 2469 2468
f 2531 2529 2528
f 2531 2528 2532
f 2531 2532 2533
f 2531 2533 2501
f 2531 2501 2500
f 2531 2500 2506
f 2533 2532 2534
f 2533 2534 2535
f 2533 2535 2485
f 2533 2485 2497
f 2533 2497 2496
f 2533 2496 2501
f 2535 2534 2536
f 2535 2536 2486
f 2535 2486 2482
f 2535 2482 2485
f 2536 2537 2516
f 2536 2516 2538
f 2536 2538 2487
f 2536 2487 2486
f 2536 2534 2539
f 2536 2539 2537
f 2539 2521 2519
f 2539 2519 2537
f 2539 2534 2532
f 2539 2532 2528
f 2539 2528 2524
f 2539 2524 2521
f 2538 2516 2513
f 2538 2513 2512
f 2538 2512 2540
f 2538 2540 2487
f 2537 2519 2517
f 2537 2517 2516
f 2515 2461 2467
f 2515 2467 2470
f 2512 2508 2507
f 2512 2507 2540
f 2511 2510 2470
f 2511 2470 2469
f 2507 2503 2502
f 2507 2502 2541
f 2507 2541 2542
f 2507 2542 2540
f 2541 2502 2479
f 2541 2479 2543
f 2543 2479 2478
f 2543 2478 2544
f 2545 2473 2472
f 2545 2472 2542
f 2544 2478 2481
f 2544 2481 2491
f 2544 2491 2474
f 2544 2474 2473
f 2502 2498 2480
f 2502 2480 2479
f 2497 2485 2484
f 2497 2484 2494
f 2491 2490 2477
f 2491 2477 2474
f 2467 2461 2448
f 2467 2448 2452
f 2466 2546 2458
f 2466 2458 2457
f 2466 2452 2451
f 2466 2451 2546
f 2459 2458 2546
f 2459 2546 2523
f 2456 2455 2460
f 2456 2460 2463
f 2451 2447 2450
f 2451 2450 2454
f 2451 2454 2523
f 2451 2523 2546
f 2476 2488 2484
f 2476 2484 2483
f 2483 2487 2540
f 2483 2540 2542
f 2476 2483 2542
f 2476 2542 2472
f 2541 2543 2545
f 2541 2545 2542
f 2543 2544 2473
f 2543 2473 2545
f 2547 2548 2549
f 2547 2549 2550
f 2547 2550 2551
f 2547 2551 2552
f 2547 2552 2553
f 2547 2553 2548
f 2552 2551 2554
f 2552 2554 2553
f 2555 2556 2557
f 2555 2557 2558
f 2559 2560 2556
f 2559 2556 2555
f 2561 2562 2563
f 2561 2563 2564
f 2561 2564 2559
f 2561 2559 2555
f 2563 2562 2565
f 2563 2565 2566
f 2563 2566 2567
f 2563 2567 2564
f 2551 2550 2568
f 2551 2568 2554
f 2566 2565 2549
f 2566 2549 2569
f 2566 2569 2570
f 2566 2570 2571
f 2572 2573 2574
f 2572 2574 2575
f 2572 2576 2577
f 2572 2577 2573
f 2572 2575 2578
f 2572 2578 2576
f 2579 2580 2581
f 2579 2581 2582
f 2579 2582 2577
f 2579 2577 2576
f 2579 2576 2578
f 2579 2578 2580
f 2583 2584 2585
f 2583 2585 2586
f 2583 2587 2588
f 2583 2588 2584
f 2589 2590 2581
f 2589 2581 2580
f 2589 2580 2578
f 2589 2578 2588
f 2589 2588 2587
f 2589 2587 2590
f 2590 2591 2592
f 2590 2592 2581
f 2590 2587 2593
f 2590 2593 2591
f 2593 2594 2595
f 2593 2595 2591
f 2593 2587 2583
f 2593 2583 2586
f 2593 2586 2596
f 2593 2596 2594
f 2596 2597 2598
f 2596 2598 2594
f 2596 2586 2585
f 2596 2585 2599
f 2596 2599 2600
f 2596 2600 2597
f 2600 2601 2602
f 2600 2602 2597
f 2600 2599 2603
f 2600 2603 2604
f 2600 2604 2605
f 2600 2605 2601
f 2605 2606 2607
f 2605 2607 2601
f 2605 2604 2608
f 2605 2608 2609
f 2605 2609 2610
f 2605 2610 2606
f 2610 2611 2612
f 2610 2612 2606
f 2610 2609 2613
f 2610 2613 2614
f 2610 2614 2615
f 2610 2615 2611
f 2615 2571 2570
f 2615 2570 2611
f 2615 2614 2616
f 2615 2616 2617
f 2615 2617 2618
f 2615 2618 2571
f 2618 2567 2566
f 2618 2566 2571
f 2618 2617 2619
f 2618 2619 2620
f 2618 2620 2621
f 2618 2621 2567
f 2621 2559 2564
f 2621 2564 2567
f 2621 2620 2622
f 2621 2622 2623
f 2621 2623 2560
f 2621 2560 2559
f 2623 2622 2624
f 2623 2624 2625
f 2623 2625 2626
f 2623 2626 2560
f 2626 2568 2556
f 2626 2556 2560
f 2626 2625 2627
f 2626 2627 2628
f 2626 2628 2554
f 2626 2554 2568
f 2628 2627 2629
f 2628 2629 2630
f 2628 2630 2553
f 2628 2553 2554
f 2630 2629 2631
f 2630 2631 2632
f 2630 2632 2548
f 2630 2548 2553
f 2632 2631 2570
f 2632 2570 2569
f 2632 2569 2549
f 2632 2549 2548
f 2631 2629 2633
f 2631 2633 2612
f 2631 2612 2611
f 2631 2611 2570
f 2633 2629 2627
f 2633 2627 2634
f 2633 2634 2635
f 2633 2635 2607
f 2633 2607 2606
f 2633 2606 2612
f 2635 2634 2624
f 2635 2624 2636
f 2635 2636 2637
f 2635 2637 2602
f 2635 2602 2601
f 2635 2601 2607
f 2637 2636 2638
f 2637 2638 2639
f 2637 2639 2640
f 2637 2640 2598
f 2637 2598 2597
f 2637 2597 2602
f 2640 2639 2641
f 2640 2641 2642
f 2640 2642 2643
f 2640 2643 2595
f 2640 2595 2594
f 2640 2594 2598
f 2643 2642 2644
f 2643 2644 2645
f 2643 2645 2646
f 2643 2646 2592
f 2643 2592 2591
f 2643 2591 2595
f 2646 2645 2647
f 2646 2647 2648
f 2646 2648 2577
f 2646 2577 2582
f 2646 2582 2581
f 2646 2581 2592
f 2648 2647 2608
f 2648 2608 2649
f 2648 2649 2573
f 2648 2573 2577
f 2649 2608 2604
f 2649 2604 2603
f 2649 2603 2574
f 2649 2574 2573
f 2647 2613 2609
f 2647 2609 2608
f 2647 2645 2644
f 2647 2644 2613
f 2644 2616 2614
f 2644 2614 2613
f 2644 2642 2641
f 2644 2641 2616
f 2641 2619 2617
f 2641 2617 2616
f 2641 2639 2638
f 2641 2638 2619
f 2638 2622 2620
f 2638 2620 2619
f 2638 2636 2624
f 2638 2624 2622
f 2634 2627 2625
f 2634 2625 2624
f 2603 2599 2585
f 2603 2585 2574
f 2588 2578 2575
f 2588 2575 2584
f 2585 2584 2575
f 2585 2575 2574
f 2568 2550 2557
f 2568 2557 2556
f 2565 2557 2550
f 2565 2550 2549
f 2565 2562 2558
f 2565 2558 2557
f 2555 2558 2562
f 2555 2562 2561
f 2650 2651 2652
f 2650 2652 2653
f 2654 2655 2656
f 2654 2656 2657
f 2653 2658 2659
f 2653 2659 2650
f 2653 2652 2660
f 2653 2660 2658
f 2655 2654 2661
f 2655 2661 2662
f 2655 2662 2663
f 2655 2663 2656
f 2664 2665 2666
f 2664 2666 2667
f 2664 2667 2668
f 2664 2668 2669
f 2670 2671 2672
f 2670 2672 2673
f 2674 2669 2668
f 2674 2668 2675
f 2674 2675 2676
f 2674 2676 2677
f 2674 2677 2678
f 2674 2678 2669
f 2673 2672 2679
f 2673 2679 2680
f 2673 2680 2681
f 2673 2681 2682
f 2673 2683 2684
f 2673 2684 2670
f 2684 2685 2671
f 2684 2671 2670
f 2684 2683 2686
f 2684 2686 2685
f 2677 2676 2687
f 2677 2687 2678
f 2688 2689 2686
f 2688 2686 2683
f 2689 2690 2691
f 2689 2691 2687
f 2689 2687 2676
f 2689 2676 2686
f 2689 2688 2682
f 2689 2682 2690
f 2691 2692 2693
f 2691 2693 2694
f 2691 2694 2678
f 2691 2678 2687
f 2691 2690 2695
f 2691 2695 2692
f 2695 2696 2697
f 2695 2697 2692
f 2695 2690 2682
f 2695 2682 2681
f 2695 2681 2698
f 2695 2698 2696
f 2698 2699 2700
f 2698 2700 2696
f 2698 2681 2680
f 2698 2680 2701
f 2698 2701 2702
f 2698 2702 2699
f 2702 2703 2704
f 2702 2704 2699
f 2702 2701 2705
f 2702 2705 2706
f 2702 2706 2707
f 2702 2707 2703
f 2707 2708 2709
f 2707 2709 2703
f 2707 2706 2710
f 2707 2710 2711
f 2707 2711 2712
f 2707 2712 2708
f 2712 2713 2714
f 2712 2714 2708
f 2712 2711 2715
f 2712 2715 2716
f 2712 2716 2717
f 2712 2717 2713
f 2717 2718 2719
f 2717 2719 2713
f 2717 2716 2720
f 2717 2720 2721
f 2717 2721 2722
f 2717 2722 2718
f 2722 2651 2723
f 2722 2723 2718
f 2722 2721 2724
f 2722 2724 2725
f 2722 2725 2652
f 2722 2652 2651
f 2725 2724 2726
f 2725 2726 2727
f 2725 2727 2660
f 2725 2660 2652
f 2727 2726 2728
f 2727 2728 2729
f 2727 2729 2663
f 2727 2663 2660
f 2729 2728 2730
f 2729 2730 2731
f 2729 2731 2656
f 2729 2656 2663
f 2731 2730 2714
f 2731 2714 2732
f 2731 2732 2657
f 2731 2657 2656
f 2732 2714 2713
f 2732 2713 2719
f 2732 2719 2733
f 2732 2733 2657
f 2733 2661 2654
f 2733 2654 2657
f 2733 2719 2718
f 2733 2718 2723
f 2733 2723 2659
f 2733 2659 2661
f 2730 2728 2734
f 2730 2734 2709
f 2730 2709 2708
f 2730 2708 2714
f 2734 2728 2726
f 2734 2726 2735
f 2734 2735 2736
f 2734 2736 2704
f 2734 2704 2703
f 2734 2703 2709
f 2736 2735 2737
f 2736 2737 2738
f 2736 2738 2739
f 2736 2739 2700
f 2736 2700 2699
f 2736 2699 2704
f 2739 2738 2740
f 2739 2740 2741
f 2739 2741 2742
f 2739 2742 2697
f 2739 2697 2696
f 2739 2696 2700
f 2742 2741 2743
f 2742 2743 2744
f 2742 2744 2665
f 2742 2665 2693
f 2742 2693 2692
f 2742 2692 2697
f 2744 2743 2710
f 2744 2710 2745
f 2744 2745 2666
f 2744 2666 2665
f 2745 2710 2706
f 2745 2706 2705
f 2745 2705 2679
f 2745 2679 2666
f 2743 2715 2711
f 2743 2711 2710
f 2743 2741 2740
f 2743 2740 2715
f 2740 2720 2716
f 2740 2716 2715
f 2740 2738 2737
f 2740 2737 2720
f 2737 2724 2721
f 2737 2721 2720
f 2737 2735 2726
f 2737 2726 2724
f 2723 2651 2650
f 2723 2650 2659
f 2705 2701 2680
f 2705 2680 2679
f 2688 2683 2673
f 2688 2673 2682
f 2686 2676 2675
f 2686 2675 2685
f 2685 2675 2668
f 2685 2668 2671
f 2679 2672 2667
f 2679 2667 2666
f 2672 2671 2668
f 2672 2668 2667
f 2663 2662 2658
f 2663 2658 2660
f 2662 2661 2659
f 2662 2659 2658
f 2678 2694 2693
f 2678 2693 2665
f 2669 2678 2665
f 2669 2665 2664
f 2746 2747 2748
f 2746 2748 2749
f 2750 2751 2752
f 2750 2752 2753
f 2749 2748 2754
f 2749 2754 2755
f 2749 2755 2756
f 2749 2756 2746
f 2751 2750 2757
f 2751 2757 2758
f 2751 2758 2759
f 2751 2759 2752
f 2760 2761 2762
f 2760 2762 2763
f 2760 2764 2765
f 2760 2765 2761
f 2760 2763 2766
f 2760 2766 2767
f 2760 2767 2768
f 2760 2768 2764
f 2769 2770 2771
f 2769 2771 2772
f 2769 2772 2773
f 2769 2773 2774
f 2769 2774 2775
f 2769 2775 2770
f 2776 2773 2772
f 2776 2772 2777
f 2776 2778 2779
f 2776 2779 2773
f 2780 2774 2773
f 2780 2773 2779
f 2780 2781 2775
f 2780 2775 2774
f 2780 2779 2782
f 2780 2782 2781
f 2778 2766 2782
f 2778 2782 2779
f 2782 2783 2784
f 2782 2784 2781
f 2782 2766 2763
f 2782 2763 2783
f 2784 2785 2786
f 2784 2786 2787
f 2784 2787 2775
f 2784 2775 2781
f 2784 2783 2788
f 2784 2788 2785
f 2788 2789 2790
f 2788 2790 2785
f 2788 2783 2763
f 2788 2763 2762
f 2788 2762 2791
f 2788 2791 2789
f 2791 2792 2793
f 2791 2793 2789
f 2791 2762 2761
f 2791 2761 2794
f 2791 2794 2795
f 2791 2795 2792
f 2795 2796 2797
f 2795 2797 2792
f 2795 2794 2798
f 2795 2798 2799
f 2795 2799 2800
f 2795 2800 2796
f 2800 2801 2802
f 2800 2802 2796
f 2800 2799 2803
f 2800 2803 2804
f 2800 2804 2805
f 2800 2805 2801
f 2805 2806 2807
f 2805 2807 2801
f 2805 2804 2808
f 2805 2808 2809
f 2805 2809 2810
f 2805 2810 2806
f 2810 2811 2812
f 2810 2812 2806
f 2810 2809 2813
f 2810 2813 2814
f 2810 2814 2815
f 2810 2815 2811
f 2815 2748 2747
f 2815 2747 2811
f 2815 2814 2816
f 2815 2816 2817
f 2815 2817 2754
f 2815 2754 2748
f 2817 2816 2818
f 2817 2818 2819
f 2817 2819 2759
f 2817 2759 2754
f 2819 2818 2820
f 2819 2820 2821
f 2819 2821 2752
f 2819 2752 2759
f 2821 2820 2822
f 2821 2822 2823
f 2821 2823 2753
f 2821 2753 2752
f 2823 2822 2807
f 2823 2807 2824
f 2823 2824 2825
f 2823 2825 2753
f 2825 2757 2750
f 2825 2750 2753
f 2825 2824 2812
f 2825 2812 2826
f 2825 2826 2756
f 2825 2756 2757
f 2826 2812 2811
f 2826 2811 2747
f 2826 2747 2746
f 2826 2746 2756
f 2824 2807 2806
f 2824 2806 2812
f 2822 2820 2827
f 2822 2827 2802
f 2822 2802 2801
f 2822 2801 2807
f 2827 2820 2818
f 2827 2818 2828
f 2827 2828 2829
f 2827 2829 2797
f 2827 2797 2796
f 2827 2796 2802
f 2829 2828 2830
f 2829 2830 2831
f 2829 2831 2832
f 2829 2832 2793
f 2829 2793 2792
f 2829 2792 2797
f 2832 2831 2833
f 2832 2833 2834
f 2832 2834 2835
f 2832 2835 2790
f 2832 2790 2789
f 2832 2789 2793
f 2835 2834 2836
f 2835 2836 2837
f 2835 2837 2838
f 2835 2838 2786
f 2835 2786 2785
f 2835 2785 2790
f 2838 2837 2839
f 2838 2839 2840
f 2838 2840 2841
f 2838 2841 2842
f 2838 2842 2787
f 2838 2787 2786
f 2842 2841 2771
f 2842 2771 2770
f 2842 2770 2775
f 2842 2775 2787
f 2841 2840 2765
f 2841 2765 2764
f 2841 2764 2768
f 2841 2768 2771
f 2840 2839 2798
f 2840 2798 2765
f 2839 2803 2799
f 2839 2799 2798
f 2839 2837 2836
f 2839 2836 2803
f 2836 2808 2804
f 2836 2804 2803
f 2836 2834 2833
f 2836 2833 2808
f 2833 2813 2809
f 2833 2809 2808
f 2833 2831 2830
f 2833 2830 2813
f 2830 2816 2814
f 2830 2814 2813
f 2830 2828 2818
f 2830 2818 2816
f 2798 2794 2761
f 2798 2761 2765
f 2772 2771 2768
f 2772 2768 2777
f 2767 2766 2778
f 2767 2778 2776
f 2777 2768 2767
f 2777 2767 2776
f 2759 2758 2755
f 2759 2755 2754
f 2758 2757 2756
f 2758 2756 2755
f 2843 2844 2845
f 2843 2845 2846
f 2843 2847 2848
f 2843 2848 2844
f 2843 2846 2849
f 2843 2849 2847
f 2850 2851 2852
f 2850 2852 2853
f 2850 2854 2855
f 2850 2855 2851
f 2850 2853 2856
f 2850 2856 2854
f 2852 2851 2857
f 2852 2857 2858
f 2852 2858 2859
f 2852 2859 2853
f 2858 2857 2860
f 2858 2860 2859
f 2845 2844 2861
f 2845 2861 2862
f 2845 2862 2863
f 2845 2863 2846
f 2854 2864 2865
f 2854 2865 2855
f 2854 2866 2867
f 2854 2867 2864
f 2868 2869 2849
f 2868 2849 2870
f 2868 2870 2871
f 2868 2871 2872
f 2868 2872 2873
f 2868 2873 2869
f 2874 2859 2860
f 2874 2860 2875
f 2863 2862 2871
f 2863 2871 2870
f 2863 2870 2849
f 2863 2849 2846
f 2876 2877 2856
f 2876 2856 2853
f 2874 2878 2877
f 2874 2877 2876
f 2876 2853 2859
f 2876 2859 2874
f 2871 2862 2879
f 2871 2879 2880
f 2871 2880 2881
f 2871 2881 2882
f 2871 2882 2875
f 2871 2875 2872
f 2883 2884 2885
f 2883 2885 2886
f 2883 2886 2887
f 2883 2887 2888
f 2889 2890 2891
f 2889 2891 2892
f 2889 2893 2894
f 2889 2894 2890
f 2895 2896 2897
f 2895 2897 2898
f 2890 2894 2899
f 2890 2899 2891
f 2900 2898 2901
f 2900 2901 2902
f 2900 2902 2903
f 2900 2903 2904
f 2900 2904 2895
f 2900 2895 2898
f 2904 2903 2905
f 2904 2905 2906
f 2904 2906 2896
f 2904 2896 2895
f 2906 2905 2907
f 2906 2907 2899
f 2906 2899 2894
f 2906 2894 2896
f 2907 2908 2909
f 2907 2909 2910
f 2907 2910 2891
f 2907 2891 2899
f 2907 2905 2911
f 2907 2911 2908
f 2911 2912 2913
f 2911 2913 2908
f 2911 2905 2903
f 2911 2903 2914
f 2911 2914 2915
f 2911 2915 2912
f 2915 2916 2917
f 2915 2917 2912
f 2915 2914 2918
f 2915 2918 2919
f 2915 2919 2920
f 2915 2920 2916
f 2920 2921 2922
f 2920 2922 2916
f 2920 2919 2923
f 2920 2923 2924
f 2920 2924 2925
f 2920 2925 2921
f 2925 2926 2927
f 2925 2927 2921
f 2925 2924 2928
f 2925 2928 2929
f 2925 2929 2930
f 2925 2930 2926
f 2930 2931 2932
f 2930 2932 2926
f 2930 2929 2933
f 2930 2933 2934
f 2930 2934 2935
f 2930 2935 2931
f 2935 2936 2937
f 2935 2937 2931
f 2935 2934 2938
f 2935 2938 2939
f 2935 2939 2940
f 2935 2940 2936
f 2940 2941 2867
f 2940 2867 2936
f 2940 2939 2942
f 2940 2942 2943
f 2940 2943 2944
f 2940 2944 2941
f 2944 2861 2945
f 2944 2945 2941
f 2944 2943 2946
f 2944 2946 2879
f 2944 2879 2862
f 2944 2862 2861
f 2946 2943 2942
f 2946 2942 2947
f 2946 2947 2948
f 2946 2948 2949
f 2946 2949 2880
f 2946 2880 2879
f 2949 2948 2950
f 2949 2950 2951
f 2949 2951 2881
f 2949 2881 2880
f 2951 2950 2952
f 2951 2952 2953
f 2951 2953 2954
f 2951 2954 2881
f 2954 2878 2882
f 2954 2882 2881
f 2954 2953 2955
f 2954 2955 2956
f 2954 2956 2877
f 2954 2877 2878
f 2956 2955 2957
f 2956 2957 2958
f 2956 2958 2856
f 2956 2856 2877
f 2958 2957 2937
f 2958 2937 2866
f 2958 2866 2854
f 2958 2854 2856
f 2957 2955 2959
f 2957 2959 2932
f 2957 2932 2931
f 2957 2931 2937
f 2959 2955 2953
f 2959 2953 2952
f 2959 2952 2960
f 2959 2960 2927
f 2959 2927 2926
f 2959 2926 2932
f 2960 2952 2950
f 2960 2950 2961
f 2960 2961 2962
f 2960 2962 2922
f 2960 2922 2921
f 2960 2921 2927
f 2962 2961 2963
f 2962 2963 2964
f 2962 2964 2965
f 2962 2965 2917
f 2962 2917 2916
f 2962 2916 2922
f 2965 2964 2966
f 2965 2966 2967
f 2965 2967 2968
f 2965 2968 2913
f 2965 2913 2912
f 2965 2912 2917
f 2968 2967 2969
f 2968 2969 2970
f 2968 2970 2885
f 2968 2885 2909
f 2968 2909 2908
f 2968 2908 2913
f 2970 2969 2971
f 2970 2971 2972
f 2970 2972 2886
f 2970 2886 2885
f 2972 2971 2973
f 2972 2973 2974
f 2972 2974 2887
f 2972 2887 2886
f 2974 2973 2928
f 2974 2928 2975
f 2974 2975 2976
f 2974 2976 2887
f 2976 2975 2923
f 2976 2923 2977
f 2976 2977 2901
f 2976 2901 2978
f 2976 2978 2888
f 2976 2888 2887
f 2978 2901 2898
f 2978 2898 2897
f 2978 2897 2893
f 2978 2893 2888
f 2977 2923 2919
f 2977 2919 2918
f 2977 2918 2902
f 2977 2902 2901
f 2975 2928 2924
f 2975 2924 2923
f 2973 2933 2929
f 2973 2929 2928
f 2973 2971 2979
f 2973 2979 2933
f 2979 2938 2934
f 2979 2934 2933
f 2979 2971 2969
f 2979 2969 2980
f 2979 2980 2981
f 2979 2981 2938
f 2981 2942 2939
f 2981 2939 2938
f 2981 2980 2966
f 2981 2966 2982
f 2981 2982 2947
f 2981 2947 2942
f 2982 2966 2964
f 2982 2964 2963
f 2982 2963 2948
f 2982 2948 2947
f 2980 2969 2967
f 2980 2967 2966
f 2963 2961 2950
f 2963 2950 2948
f 2945 2848 2865
f 2945 2865 2864
f 2945 2864 2867
f 2945 2867 2941
f 2945 2861 2844
f 2945 2844 2848
f 2937 2936 2867
f 2937 2867 2866
f 2918 2914 2903
f 2918 2903 2902
f 2910 2909 2885
f 2910 2885 2884
f 2910 2884 2892
f 2910 2892 2891
f 2897 2896 2894
f 2897 2894 2893
f 2892 2884 2883
f 2892 2883 2888
f 2892 2888 2893
f 2892 2893 2889
f 2882 2878 2874
f 2882 2874 2875
f 2875 2860 2873
f 2875 2873 2872
f 2873 2860 2857
f 2873 2857 2983
f 2873 2983 2984
f 2873 2984 2869
f 2984 2983 2855
f 2984 2855 2865
f 2984 2865 2848
f 2984 2848 2847
f 2984 2847 2849
f 2984 2849 2869
f 2983 2857 2851
f 2983 2851 2855
f 2985 2986 2987
f 2985 2987 2988
f 2985 2989 2990
f 2985 2990 2986
f 2985 2988 2991
f 2985 2991 2989
f 2992 2993 2994
f 2992 2994 2995
f 2996 2987 2997
f 2996 2997 2998
f 2996 2998 2999
f 2996 2999 3000
f 2996 3000 2988
f 2996 2988 2987
f 3001 2998 2997
f 3001 2997 2995
f 3001 3002 2999
f 3001 2999 2998
f 3001 2995 2994
f 3001 2994 3002
f 3000 2999 2991
f 3000 2991 2988
f 2999 3003 3004
f 2999 3004 2991
f 3005 3006 3007
f 3005 3007 3008
f 3005 3008 3009
f 3005 3009 3010
f 3005 3010 3011
f 3005 3011 3006
f 3012 3013 3014
f 3012 3014 3015
f 3007 3016 3013
f 3007 3013 3012
f 3012 3015 3008
f 3012 3008 3007
f 3007 3006 3017
f 3007 3017 3016
f 3011 3018 3019
f 3011 3019 3020
f 3011 3010 3021
f 3011 3021 3018
f 3020 3022 3023
f 3020 3023 3011
f 3020 3019 3024
f 3020 3024 3022
f 3025 3026 3027
f 3025 3027 3028
f 3025 3028 3029
f 3025 3029 3030
f 3031 3032 3033
f 3031 3033 3034
f 3031 3034 3022
f 3031 3022 3024
f 3031 3024 3035
f 3031 3035 3032
f 3033 3032 3036
f 3033 3036 3030
f 3033 3030 3029
f 3033 3029 3034
f 3019 3018 3035
f 3019 3035 3024
f 3035 3018 3021
f 3035 3021 3037
f 3035 3037 3036
f 3035 3036 3032
f 3037 3021 3038
f 3037 3038 3039
f 3037 3039 3040
f 3037 3040 3036
f 3039 3038 3041
f 3039 3041 3042
f 3039 3042 3043
f 3039 3043 3040
f 3043 3044 3045
f 3043 3045 3040
f 3043 3042 3046
f 3043 3046 3047
f 3043 3047 3048
f 3043 3048 3044
f 3048 3049 3050
f 3048 3050 3044
f 3048 3047 3051
f 3048 3051 3052
f 3048 3052 3053
f 3048 3053 3049
f 3053 3054 3055
f 3053 3055 3049
f 3053 3052 3056
f 3053 3056 3057
f 3053 3057 3058
f 3053 3058 3054
f 3058 3059 3060
f 3058 3060 3054
f 3058 3057 3061
f 3058 3061 3062
f 3058 3062 3063
f 3058 3063 3059
f 3063 3064 3065
f 3063 3065 3059
f 3063 3062 3066
f 3063 3066 3067
f 3063 3067 3068
f 3063 3068 3064
f 3068 3069 3070
f 3068 3070 3064
f 3068 3067 3071
f 3068 3071 3072
f 3068 3072 3004
f 3068 3004 3069
f 3072 3071 2990
f 3072 2990 2989
f 3072 2989 2991
f 3072 2991 3004
f 3071 3067 3066
f 3071 3066 3073
f 3071 3073 3074
f 3071 3074 2990
f 3074 3073 3075
f 3074 3075 2993
f 3074 2993 2992
f 3074 2992 3076
f 3074 3076 2986
f 3074 2986 2990
f 3076 2992 2995
f 3076 2995 2997
f 3076 2997 2987
f 3076 2987 2986
f 3075 3073 3066
f 3075 3066 3077
f 3075 3077 3078
f 3075 3078 3079
f 3075 3079 2994
f 3075 2994 2993
f 3079 3078 3080
f 3079 3080 3081
f 3079 3081 3002
f 3079 3002 2994
f 3081 3080 3082
f 3081 3082 3003
f 3081 3003 2999
f 3081 2999 3002
f 3082 3080 3083
f 3082 3083 3084
f 3082 3084 3070
f 3082 3070 3069
f 3082 3069 3004
f 3082 3004 3003
f 3084 3083 3085
f 3084 3085 3086
f 3084 3086 3087
f 3084 3087 3070
f 3087 3086 3088
f 3087 3088 3089
f 3087 3089 3090
f 3087 3090 3065
f 3087 3065 3064
f 3087 3064 3070
f 3090 3089 3091
f 3090 3091 3092
f 3090 3092 3093
f 3090 3093 3060
f 3090 3060 3059
f 3090 3059 3065
f 3093 3092 3094
f 3093 3094 3015
f 3093 3015 3014
f 3093 3014 3055
f 3093 3055 3054
f 3093 3054 3060
f 3094 3041 3038
f 3094 3038 3009
f 3094 3009 3008
f 3094 3008 3015
f 3094 3092 3091
f 3094 3091 3041
f 3091 3046 3042
f 3091 3042 3041
f 3091 3089 3088
f 3091 3088 3046
f 3088 3051 3047
f 3088 3047 3046
f 3088 3086 3085
f 3088 3085 3051
f 3085 3056 3052
f 3085 3052 3051
f 3085 3083 3095
f 3085 3095 3056
f 3095 3061 3057
f 3095 3057 3056
f 3095 3083 3080
f 3095 3080 3078
f 3095 3078 3077
f 3095 3077 3061
f 3077 3066 3062
f 3077 3062 3061
f 3055 3014 3050
f 3055 3050 3049
f 3050 3014 3013
f 3050 3013 3096
f 3050 3096 3045
f 3050 3045 3044
f 3096 3013 3016
f 3096 3016 3027
f 3096 3027 3026
f 3096 3026 3045
f 3038 3021 3010
f 3038 3010 3009
f 3034 3029 3023
f 3034 3023 3022
f 3029 3028 3017
f 3029 3017 3023
f 3028 3027 3016
f 3028 3016 3017
f 3026 3025 3030
f 3026 3030 3036
f 3026 3036 3040
f 3026 3040 3045
f 3023 3017 3006
f 3023 3006 3011
f 3097 3098 3099
f 3097 3099 3100
f 3097 3100 3101
f 3097 3101 3102
f 3103 3104 3105
f 3103 3105 3106
f 3103 3106 3107
f 3103 3107 3108
f 3103 3108 3109
f 3103 3109 3104
f 3108 3107 3110
f 3108 3110 3109
f 3106 3105 3111
f 3106 3111 3107
f 3112 3100 3099
f 3112 3099 3113
f 3112 3113 3114
f 3112 3114 3115
f 3112 3115 3101
f 3112 3101 3100
f 3107 3111 3116
f 3107 3116 3117
f 3107 3117 3118
f 3107 3118 3110
f 3119 3120 3121
f 3119 3121 3122
f 3119 3123 3124
f 3119 3124 3120
f 3125 3126 3127
f 3125 3127 3128
f 3125 3128 3129
f 3125 3129 3130
f 3131 3132 3133
f 3131 3133 3134
f 3134 3135 3123
f 3134 3123 3131
f 3134 3133 3136
f 3134 3136 3135
f 3137 3130 3129
f 3137 3129 3138
f 3137 3138 3139
f 3137 3139 3140
f 3137 3140 3141
f 3137 3141 3130
f 3141 3126 3125
f 3141 3125 3130
f 3141 3140 3133
f 3141 3133 3132
f 3141 3132 3142
f 3141 3142 3126
f 3140 3139 3136
f 3140 3136 3133
f 3139 3143 3144
f 3139 3144 3136
f 3139 3138 3145
f 3139 3145 3143
f 3145 3146 3147
f 3145 3147 3143
f 3145 3138 3129
f 3145 3129 3148
f 3145 3148 3149
f 3145 3149 3146
f 3149 3150 3151
f 3149 3151 3146
f 3149 3148 3152
f 3149 3152 3153
f 3149 3153 3154
f 3149 3154 3150
f 3154 3155 3156
f 3154 3156 3150
f 3154 3153 3157
f 3154 3157 3158
f 3154 3158 3159
f 3154 3159 3155
f 3159 3160 3161
f 3159 3161 3155
f 3159 3158 3162
f 3159 3162 3163
f 3159 3163 3164
f 3159 3164 3160
f 3164 3165 3166
f 3164 3166 3160
f 3164 3163 3167
f 3164 3167 3168
f 3164 3168 3169
f 3164 3169 3165
f 3169 3170 3171
f 3169 3171 3165
f 3169 3168 3172
f 3169 3172 3173
f 3169 3173 3174
f 3169 3174 3170
f 3174 3175 3176
f 3174 3176 3170
f 3174 3173 3177
f 3174 3177 3178
f 3174 3178 3179
f 3174 3179 3175
f 3179 3180 3181
f 3179 3181 3175
f 3179 3178 3182
f 3179 3182 3183
f 3179 3183 3184
f 3179 3184 3180
f 3184 3185 3186
f 3184 3186 3180
f 3184 3183 3187
f 3184 3187 3188
f 3184 3188 3189
f 3184 3189 3185
f 3189 3190 3114
f 3189 3114 3185
f 3189 3188 3191
f 3189 3191 3116
f 3189 3116 3111
f 3189 3111 3190
f 3191 3188 3187
f 3191 3187 3192
f 3191 3192 3193
f 3191 3193 3194
f 3191 3194 3117
f 3191 3117 3116
f 3194 3193 3195
f 3194 3195 3196
f 3194 3196 3118
f 3194 3118 3117
f 3196 3195 3197
f 3196 3197 3198
f 3196 3198 3199
f 3196 3199 3118
f 3199 3200 3110
f 3199 3110 3118
f 3199 3198 3201
f 3199 3201 3202
f 3199 3202 3203
f 3199 3203 3200
f 3203 3102 3204
f 3203 3204 3200
f 3203 3202 3205
f 3203 3205 3098
f 3203 3098 3097
f 3203 3097 3102
f 3205 3202 3201
f 3205 3201 3206
f 3205 3206 3181
f 3205 3181 3207
f 3205 3207 3099
f 3205 3099 3098
f 3207 3181 3180
f 3207 3180 3186
f 3207 3186 3113
f 3207 3113 3099
f 3206 3201 3208
f 3206 3208 3176
f 3206 3176 3175
f 3206 3175 3181
f 3208 3201 3198
f 3208 3198 3197
f 3208 3197 3209
f 3208 3209 3171
f 3208 3171 3170
f 3208 3170 3176
f 3209 3197 3195
f 3209 3195 3210
f 3209 3210 3211
f 3209 3211 3166
f 3209 3166 3165
f 3209 3165 3171
f 3211 3210 3212
f 3211 3212 3213
f 3211 3213 3214
f 3211 3214 3161
f 3211 3161 3160
f 3211 3160 3166
f 3214 3213 3215
f 3214 3215 3216
f 3214 3216 3217
f 3214 3217 3156
f 3214 3156 3155
f 3214 3155 3161
f 3217 3216 3218
f 3217 3218 3219
f 3217 3219 3220
f 3217 3220 3151
f 3217 3151 3150
f 3217 3150 3156
f 3220 3219 3221
f 3220 3221 3222
f 3220 3222 3223
f 3220 3223 3147
f 3220 3147 3146
f 3220 3146 3151
f 3223 3222 3224
f 3223 3224 3225
f 3223 3225 3226
f 3223 3226 3144
f 3223 3144 3143
f 3223 3143 3147
f 3226 3225 3227
f 3226 3227 3124
f 3226 3124 3123
f 3226 3123 3135
f 3226 3135 3136
f 3226 3136 3144
f 3227 3228 3229
f 3227 3229 3230
f 3227 3230 3120
f 3227 3120 3124
f 3227 3225 3224
f 3227 3224 3228
f 3230 3229 3162
f 3230 3162 3231
f 3230 3231 3121
f 3230 3121 3120
f 3231 3162 3158
f 3231 3158 3157
f 3231 3157 3232
f 3231 3232 3121
f 3232 3157 3153
f 3232 3153 3152
f 3232 3152 3128
f 3232 3128 3127
f 3232 3127 3122
f 3232 3122 3121
f 3229 3167 3163
f 3229 3163 3162
f 3229 3228 3233
f 3229 3233 3167
f 3233 3172 3168
f 3233 3168 3167
f 3233 3228 3224
f 3233 3224 3234
f 3233 3234 3235
f 3233 3235 3172
f 3235 3177 3173
f 3235 3173 3172
f 3235 3234 3221
f 3235 3221 3236
f 3235 3236 3237
f 3235 3237 3177
f 3237 3182 3178
f 3237 3178 3177
f 3237 3236 3218
f 3237 3218 3238
f 3237 3238 3239
f 3237 3239 3182
f 3239 3187 3183
f 3239 3183 3182
f 3239 3238 3215
f 3239 3215 3240
f 3239 3240 3192
f 3239 3192 3187
f 3240 3215 3213
f 3240 3213 3212
f 3240 3212 3193
f 3240 3193 3192
f 3238 3218 3216
f 3238 3216 3215
f 3236 3221 3219
f 3236 3219 3218
f 3234 3224 3222
f 3234 3222 3221
f 3212 3210 3195
f 3212 3195 3193
f 3204 3241 3104
f 3204 3104 3109
f 3204 3109 3110
f 3204 3110 3200
f 3204 3102 3101
f 3204 3101 3241
f 3241 3242 3105
f 3241 3105 3104
f 3241 3101 3115
f 3241 3115 3242
f 3242 3190 3111
f 3242 3111 3105
f 3242 3115 3114
f 3242 3114 3190
f 3186 3185 3114
f 3186 3114 3113
f 3152 3148 3129
f 3152 3129 3128
f 3127 3126 3142
f 3127 3142 3122
f 3131 3123 3119
f 3131 3119 3122
f 3142 3132 3131
f 3142 3131 3122
f 3243 3244 3245
f 3243 3245 3246
f 3243 3246 3247
f 3243 3247 3248
f 3243 3248 3249
f 3243 3249 3244
f 3250 3251 3252
f 3250 3252 3253
f 3250 3253 3254
f 3250 3254 3255
f 3250 3255 3256
f 3250 3256 3251
f 3248 3247 3257
f 3248 3257 3249
f 3255 3254 3258
f 3255 3258 3256
f 3259 3260 3261
f 3259 3261 3262
f 3259 3263 3264
f 3259 3264 3260
f 3265 3266 3267
f 3265 3267 3268
f 3269 3270 3271
f 3269 3271 3272
f 3269 3272 3273
f 3269 3273 3274
f 3275 3276 3263
f 3275 3263 3277
f 3275 3274 3278
f 3275 3278 3276
f 3279 3280 3268
f 3279 3268 3281
f 3279 3281 3282
f 3279 3282 3273
f 3279 3273 3272
f 3279 3272 3280
f 3282 3283 3284
f 3282 3284 3278
f 3282 3278 3274
f 3282 3274 3273
f 3282 3281 3285
f 3282 3285 3283
f 3285 3286 3287
f 3285 3287 3283
f 3285 3281 3268
f 3285 3268 3267
f 3285 3267 3288
f 3285 3288 3286
f 3288 3289 3290
f 3288 3290 3286
f 3288 3267 3266
f 3288 3266 3291
f 3288 3291 3292
f 3288 3292 3289
f 3292 3293 3294
f 3292 3294 3289
f 3292 3291 3295
f 3292 3295 3296
f 3292 3296 3297
f 3292 3297 3293
f 3297 3298 3299
f 3297 3299 3293
f 3297 3296 3300
f 3297 3300 3301
f 3297 3301 3302
f 3297 3302 3298
f 3302 3303 3304
f 3302 3304 3298
f 3302 3301 3305
f 3302 3305 3306
f 3302 3306 3307
f 3302 3307 3303
f 3307 3308 3309
f 3307 3309 3303
f 3307 3306 3310
f 3307 3310 3311
f 3307 3311 3312
f 3307 3312 3308
f 3312 3313 3314
f 3312 3314 3308
f 3312 3311 3315
f 3312 3315 3316
f 3312 3316 3317
f 3312 3317 3313
f 3317 3318 3319
f 3317 3319 3313
f 3317 3316 3320
f 3317 3320 3321
f 3317 3321 3322
f 3317 3322 3318
f 3322 3323 3324
f 3322 3324 3318
f 3322 3321 3325
f 3322 3325 3326
f 3322 3326 3327
f 3322 3327 3323
f 3327 3258 3257
f 3327 3257 3323
f 3327 3326 3328
f 3327 3328 3329
f 3327 3329 3256
f 3327 3256 3258
f 3329 3328 3330
f 3329 3330 3331
f 3329 3331 3251
f 3329 3251 3256
f 3331 3330 3332
f 3331 3332 3333
f 3331 3333 3252
f 3331 3252 3251
f 3333 3332 3334
f 3333 3334 3335
f 3333 3335 3336
f 3333 3336 3252
f 3335 3334 3337
f 3335 3337 3338
f 3335 3338 3339
f 3335 3339 3336
f 3338 3337 3340
f 3338 3340 3341
f 3338 3341 3245
f 3338 3245 3339
f 3341 3340 3319
f 3341 3319 3342
f 3341 3342 3246
f 3341 3246 3245
f 3342 3319 3318
f 3342 3318 3324
f 3342 3324 3247
f 3342 3247 3246
f 3340 3337 3343
f 3340 3343 3314
f 3340 3314 3313
f 3340 3313 3319
f 3343 3337 3334
f 3343 3334 3344
f 3343 3344 3345
f 3343 3345 3309
f 3343 3309 3308
f 3343 3308 3314
f 3345 3344 3346
f 3345 3346 3347
f 3345 3347 3348
f 3345 3348 3304
f 3345 3304 3303
f 3345 3303 3309
f 3348 3347 3349
f 3348 3349 3350
f 3348 3350 3351
f 3348 3351 3299
f 3348 3299 3298
f 3348 3298 3304
f 3351 3350 3352
f 3351 3352 3353
f 3351 3353 3354
f 3351 3354 3294
f 3351 3294 3293
f 3351 3293 3299
f 3354 3353 3355
f 3354 3355 3356
f 3354 3356 3357
f 3354 3357 3290
f 3354 3290 3289
f 3354 3289 3294
f 3357 3356 3358
f 3357 3358 3359
f 3357 3359 3360
f 3357 3360 3287
f 3357 3287 3286
f 3357 3286 3290
f 3360 3359 3361
f 3360 3361 3362
f 3360 3362 3363
f 3360 3363 3284
f 3360 3284 3283
f 3360 3283 3287
f 3363 3362 3364
f 3363 3364 3264
f 3363 3264 3263
f 3363 3263 3276
f 3363 3276 3278
f 3363 3278 3284
f 3364 3365 3366
f 3364 3366 3367
f 3364 3367 3260
f 3364 3260 3264
f 3364 3362 3361
f 3364 3361 3365
f 3367 3366 3300
f 3367 3300 3368
f 3367 3368 3261
f 3367 3261 3260
f 3368 3300 3296
f 3368 3296 3295
f 3368 3295 3369
f 3368 3369 3261
f 3369 3295 3291
f 3369 3291 3266
f 3369 3266 3265
f 3369 3265 3370
f 3369 3370 3262
f 3369 3262 3261
f 3366 3305 3301
f 3366 3301 3300
f 3366 3365 3371
f 3366 3371 3305
f 3371 3310 3306
f 3371 3306 3305
f 3371 3365 3361
f 3371 3361 3372
f 3371 3372 3373
f 3371 3373 3310
f 3373 3315 3311
f 3373 3311 3310
f 3373 3372 3358
f 3373 3358 3374
f 3373 3374 3375
f 3373 3375 3315
f 3375 3320 3316
f 3375 3316 3315
f 3375 3374 3355
f 3375 3355 3376
f 3375 3376 3377
f 3375 3377 3320
f 3377 3325 3321
f 3377 3321 3320
f 3377 3376 3352
f 3377 3352 3378
f 3377 3378 3379
f 3377 3379 3325
f 3379 3328 3326
f 3379 3326 3325
f 3379 3378 3349
f 3379 3349 3380
f 3379 3380 3330
f 3379 3330 3328
f 3380 3349 3347
f 3380 3347 3346
f 3380 3346 3332
f 3380 3332 3330
f 3378 3352 3350
f 3378 3350 3349
f 3376 3355 3353
f 3376 3353 3352
f 3374 3358 3356
f 3374 3356 3355
f 3372 3361 3359
f 3372 3359 3358
f 3346 3344 3334
f 3346 3334 3332
f 3324 3323 3257
f 3324 3257 3247
f 3370 3271 3270
f 3370 3270 3262
f 3277 3381 3270
f 3277 3270 3269
f 3277 3269 3274
f 3277 3274 3275
f 3381 3277 3263
f 3381 3263 3259
f 3381 3259 3262
f 3381 3262 3270
f 3258 3254 3249
f 3258 3249 3257
f 3254 3253 3244
f 3254 3244 3249
f 3280 3272 3271
f 3280 3271 3382
f 3280 3382 3265
f 3280 3265 3268
f 3336 3339 3245
f 3336 3245 3244
f 3253 3252 3336
f 3253 3336 3244
f 3370 3265 3382
f 3370 3382 3271
f 3383 3384 3385
f 3383 3385 3386
f 3383 3387 3388
f 3383 3388 3384
f 3383 3386 3389
f 3383 3389 3387
f 3387 3389 3390
f 3387 3390 3388
f 3391 3392 3393
f 3391 3393 3394
f 3391 3395 3396
f 3391 3396 3392
f 3391 3394 3397
f 3391 3397 3395
f 3396 3395 3398
f 3396 3398 3399
f 3396 3399 3400
f 3396 3400 3392
f 3401 3402 3403
f 3401 3403 3404
f 3401 3405 3406
f 3401 3406 3402
f 3401 3404 3407
f 3401 3407 3408
f 3401 3408 3409
f 3401 3409 3405
f 3410 3411 3412
f 3410 3412 3413
f 3414 3412 3411
f 3414 3411 3415
f 3414 3415 3416
f 3414 3416 3417
f 3414 3417 3418
f 3414 3418 3412
f 3419 3420 3421
f 3419 3421 3418
f 3419 3418 3417
f 3419 3417 3422
f 3419 3422 3423
f 3419 3423 3420
f 3424 3422 3417
f 3424 3417 3416
f 3424 3425 3423
f 3424 3423 3422
f 3424 3416 3426
f 3424 3426 3425
f 3426 3427 3428
f 3426 3428 3425
f 3426 3416 3415
f 3426 3415 3429
f 3426 3429 3430
f 3426 3430 3427
f 3430 3431 3432
f 3430 3432 3427
f 3430 3429 3406
f 3430 3406 3405
f 3430 3405 3409
f 3430 3409 3431
f 3432 3433 3434
f 3432 3434 3435
f 3432 3435 3428
f 3432 3428 3427
f 3432 3431 3436
f 3432 3436 3433
f 3436 3437 3438
f 3436 3438 3433
f 3436 3431 3409
f 3436 3409 3439
f 3436 3439 3440
f 3436 3440 3437
f 3440 3441 3442
f 3440 3442 3437
f 3440 3439 3443
f 3440 3443 3444
f 3440 3444 3445
f 3440 3445 3441
f 3445 3446 3447
f 3445 3447 3441
f 3445 3444 3448
f 3445 3448 3449
f 3445 3449 3450
f 3445 3450 3446
f 3450 3451 3452
f 3450 3452 3446
f 3450 3449 3453
f 3450 3453 3454
f 3450 3454 3455
f 3450 3455 3451
f 3455 3385 3384
f 3455 3384 3451
f 3455 3454 3456
f 3455 3456 3457
f 3455 3457 3397
f 3455 3397 3385
f 3457 3456 3458
f 3457 3458 3398
f 3457 3398 3395
f 3457 3395 3397
f 3458 3456 3459
f 3458 3459 3460
f 3458 3460 3461
f 3458 3461 3462
f 3458 3462 3399
f 3458 3399 3398
f 3462 3461 3463
f 3462 3463 3464
f 3462 3464 3400
f 3462 3400 3399
f 3464 3463 3465
f 3464 3465 3466
f 3464 3466 3467
f 3464 3467 3400
f 3467 3393 3392
f 3467 3392 3400
f 3467 3466 3468
f 3467 3468 3390
f 3467 3390 3389
f 3467 3389 3393
f 3468 3466 3465
f 3468 3465 3447
f 3468 3447 3446
f 3468 3446 3452
f 3468 3452 3388
f 3468 3388 3390
f 3465 3463 3469
f 3465 3469 3442
f 3465 3442 3441
f 3465 3441 3447
f 3469 3463 3461
f 3469 3461 3470
f 3469 3470 3471
f 3469 3471 3438
f 3469 3438 3437
f 3469 3437 3442
f 3471 3470 3472
f 3471 3472 3473
f 3471 3473 3474
f 3471 3474 3434
f 3471 3434 3433
f 3471 3433 3438
f 3474 3473 3475
f 3474 3475 3476
f 3474 3476 3477
f 3474 3477 3478
f 3474 3478 3435
f 3474 3435 3434
f 3478 3477 3479
f 3478 3479 3480
f 3478 3480 3428
f 3478 3428 3435
f 3480 3479 3420
f 3480 3420 3423
f 3480 3423 3425
f 3480 3425 3428
f 3479 3477 3481
f 3479 3481 3482
f 3479 3482 3421
f 3479 3421 3420
f 3482 3481 3404
f 3482 3404 3403
f 3482 3403 3413
f 3482 3413 3421
f 3481 3483 3407
f 3481 3407 3404
f 3481 3477 3476
f 3481 3476 3483
f 3483 3484 3485
f 3483 3485 3407
f 3483 3476 3475
f 3483 3475 3484
f 3485 3448 3444
f 3485 3444 3443
f 3485 3443 3408
f 3485 3408 3407
f 3485 3484 3486
f 3485 3486 3448
f 3486 3453 3449
f 3486 3449 3448
f 3486 3484 3475
f 3486 3475 3487
f 3486 3487 3459
f 3486 3459 3453
f 3487 3475 3473
f 3487 3473 3472
f 3487 3472 3460
f 3487 3460 3459
f 3472 3470 3461
f 3472 3461 3460
f 3459 3456 3454
f 3459 3454 3453
f 3452 3451 3384
f 3452 3384 3388
f 3443 3439 3409
f 3443 3409 3408
f 3429 3415 3411
f 3429 3411 3406
f 3421 3413 3412
f 3421 3412 3418
f 3413 3403 3402
f 3413 3402 3410
f 3411 3410 3402
f 3411 3402 3406
f 3397 3394 3386
f 3397 3386 3385
f 3394 3393 3389
f 3394 3389 3386
# Vertices: 3487, normals: 0, texture coordinates: 0, faces: 6866

