# File generated by ImageToStl.com - Free Image and 3D model conversion tools

o obj1
v 0.04115326 -0.15593755 0.00813848
v 0.04084345 -0.15440625 0.00788315
v 0.03978778 -0.15514857 0.00733397
v 0.04076144 -0.15698607 0.00765303
v 0.04237426 -0.15692762 0.00768412
v 0.04245938 -0.15583763 0.0082582
v 0.04383905 -0.15587296 0.00815354
v 0.04406194 -0.15681079 0.0074349
v 0.04438721 -0.15430188 0.00789299
v 0.04266125 -0.1541158 0.00788891
v 0.04474118 -0.15493754 0.00686034
v 0.04224488 -0.15699233 0.00688281
v 0.04114038 -0.15697132 0.00652866
v 0.04190315 -0.15660106 0.00564766
v 0.04315496 -0.1567443 0.00635655
v 0.0408824 -0.15590513 0.00548049
v 0.04001834 -0.15578856 0.00617455
v 0.04005631 -0.15402688 0.00577173
v 0.04089761 -0.15489268 0.00499208
v 0.04234167 -0.15536399 0.00505498
v 0.03738206 -0.14277378 0.00186242
v 0.03794325 -0.14347452 0.00099881
v 0.03744653 -0.14471814 0.00109564
v 0.03715013 -0.14355588 0.00247602
v 0.03988048 -0.14340694 0.000663
v 0.04115091 -0.14307472 0.00056039
v 0.04110927 -0.14336766 -0.00051731
v 0.03918972 -0.14381278 -1.934E-05
v 0.03942563 -0.14275011 0.00139507
v 0.04112984 -0.14219125 0.00146797
v 0.04240907 -0.14281534 0.00060991
v 0.04281739 -0.14229007 0.00126738
v 0.04401484 -0.14230646 0.00085351
v 0.04302376 -0.14292964 -2.66E-05
v 0.04345289 -0.14420417 0.00021325
v 0.04136296 -0.14463496 -0.00036682
v 0.04463342 -0.14340276 0.00130847
v 0.04160643 -0.14580245 0.00057722
v 0.0397477 -0.14590804 0.00082963
v 0.0391086 -0.14503054 -0.00010874
v 0.04330722 -0.145502 0.00122907
v 0.04299864 -0.14694344 0.00208558
v 0.04173685 -0.14735331 0.00122242
v 0.04439583 -0.14491011 0.00228805
v 0.04394357 -0.14651754 0.0031304
v 0.04370938 -0.14815186 0.0037679
v 0.04298976 -0.14867476 0.00267886
v 0.04396913 -0.14392158 0.00345941
v 0.04359183 -0.14595161 0.00410912
v 0.04342343 -0.14767003 0.00466717
v 0.04349874 -0.14925325 0.00530982
v 0.04375269 -0.14974739 0.00440218
v 0.0420431 -0.14577736 0.00459239
v 0.0421166 -0.14753199 0.00516751
v 0.04223478 -0.14926633 0.00571633
v 0.04244504 -0.15092342 0.00634614
v 0.04370109 -0.15081118 0.00599779
v 0.04065719 -0.14794661 0.00510964
v 0.04082407 -0.14958556 0.005694
v 0.04095193 -0.15120949 0.00629262
v 0.04085371 -0.15271097 0.00710819
v 0.04267338 -0.15250185 0.00710755
v 0.03986664 -0.15018862 0.00519482
v 0.03992291 -0.15164398 0.00585855
v 0.03959361 -0.15309447 0.00669481
v 0.04020118 -0.15259638 0.00507715
v 0.04017905 -0.15113537 0.00435474
v 0.04091789 -0.15207204 0.0036389
v 0.04094611 -0.15354639 0.00437243
v 0.04217644 -0.15239547 0.00358172
v 0.04234811 -0.15397184 0.00433389
v 0.04327982 -0.15196794 0.00422332
v 0.04355069 -0.15359922 0.00506487
v 0.04376297 -0.15531819 0.00576287
v 0.04437034 -0.15292059 0.00603637
v 0.043905 -0.15129717 0.00516225
v 0.04424347 -0.1522973 0.00693177
v 0.0430247 -0.15032038 0.00343072
v 0.04197369 -0.15079388 0.00267603
v 0.04181449 -0.14906669 0.0018818
v 0.04078405 -0.1505135 0.00282013
v 0.04052259 -0.14886327 0.00207901
v 0.04023156 -0.14720398 0.00153265
v 0.0397616 -0.14813936 0.00308323
v 0.03915741 -0.14673311 0.00253949
v 0.03824325 -0.1457283 0.00183011
v 0.03874253 -0.14595918 0.00345409
v 0.03789412 -0.14476375 0.00296946
v 0.03994067 -0.14476529 0.00401222
v 0.03947536 -0.1433899 0.00358323
v 0.03911828 -0.14227292 0.00301149
v 0.04159133 -0.14252396 0.0038781
v 0.04131264 -0.14148381 0.00299242
v 0.04102743 -0.14064759 0.00201867
v 0.03882569 -0.14156736 0.00209665
v 0.0433933 -0.14147398 0.00275907
v 0.04316937 -0.14125328 0.00179839
v 0.04191305 -0.14412184 0.00401614
v 0.04035137 -0.14629556 0.00457025
v 0.03934953 -0.14728525 0.00402245
v 0.03975134 -0.14872889 0.00457201
v 0.04002471 -0.14966583 0.00365767
v 0.04431651 -0.14162008 0.00157806
v 0.04491035 -0.14219491 0.00244888
v 0.04325581 -0.14239244 0.00354948
v -0.03196272 -0.1328999 0.00399124
v -0.03261107 -0.13278428 0.00400492
v -0.03321156 -0.13289846 0.00352796
v -0.03216105 -0.13382959 0.00331548
v -0.03102593 -0.13334502 0.00283349
v -0.03135264 -0.13242838 0.00345302
v -0.03202764 -0.13141155 0.00374614
v -0.03225143 -0.13218425 0.00409471
v -0.03266367 -0.13222097 0.00410076
v -0.03332171 -0.13136092 0.00379119
v -0.03450124 -0.13119352 0.00303102
v -0.03429884 -0.13259646 0.00313883
v -0.03349606 -0.13373739 0.00327861
v -0.03287477 -0.13397533 0.00297686
v -0.03407492 -0.13340007 0.00315635
v -0.03371114 -0.13416485 0.00300782
v -0.0342468 -0.13379575 0.00276292
v -0.0337845 -0.13419089 0.00223312
v -0.03331106 -0.13422178 0.00270172
v -0.03477225 -0.13283683 0.002405
v -0.03122456 -0.13114268 0.00327933
v -0.03130034 -0.12999469 0.00296112
v -0.03217935 -0.12965278 0.00344136
v -0.03254323 -0.13410282 0.002651
v -0.03207137 -0.13441364 0.00247384
v -0.03282794 -0.1344033 0.00256334
v -0.03334802 -0.12962282 0.0031276
v -0.03439279 -0.12967061 0.00252203
v -0.03283758 -0.1343855 0.00209566
v -0.03044904 -0.12275029 0.00108373
v -0.03121773 -0.12420971 0.00154845
v -0.03049076 -0.12496097 0.00104556
v -0.02947019 -0.12393332 0.00083136
v -0.02887171 -0.12237858 0.00070903
v -0.02894721 -0.12132542 0.00030885
v -0.03070964 -0.12101513 0.00069776
v -0.02814229 -0.12314059 0.00057939
v -0.02763779 -0.12208603 -0.00016859
v -0.03454152 -0.12132923 -0.00094065
v -0.03432982 -0.1221891 -0.0004719
v -0.03413697 -0.12134559 0.00035921
v -0.03397009 -0.12054893 -0.00058005
v -0.02762245 -0.12304264 -0.00063946
v -0.02826755 -0.1237186 -0.00015021
v -0.02909755 -0.12355851 -0.00093688
v -0.02833523 -0.12283999 -0.00141616
v -0.02842022 -0.12174986 -0.00108741
v -0.0323213 -0.12066163 -0.00106832
v -0.03255256 -0.12024858 -0.00026634
v -0.03096147 -0.12057824 -0.00017425
v -0.03120155 -0.12085575 -0.00117674
v -0.03305592 -0.12073097 -0.00165659
v -0.03141081 -0.12094437 -0.00220793
v -0.03006926 -0.12121242 -0.00116256
v -0.02948347 -0.12113508 -0.00046245
v -0.02967283 -0.12144155 -0.00188213
v -0.0297583 -0.12239161 -0.00225593
v -0.03171019 -0.12189786 -0.00262534
v -0.03188545 -0.12304588 -0.00194653
v -0.03338086 -0.12269928 -0.00147191
v -0.03364042 -0.12156637 -0.00202227
v -0.03031797 -0.12337008 -0.00172271
v -0.03075877 -0.12447429 -0.00116881
v -0.03210295 -0.12427941 -0.001366
v -0.02970941 -0.12454658 -0.00055226
v -0.03014461 -0.12582639 -0.0002499
v -0.0310588 -0.12579252 -0.00082919
v -0.02918918 -0.12456785 0.00021462
v -0.02989078 -0.12562045 0.00055144
v -0.03043671 -0.12673262 0.00089664
v -0.03049093 -0.12712075 0.00012184
v -0.03093372 -0.12613644 0.00151936
v -0.0312042 -0.12739299 0.00198017
v -0.03069867 -0.12794185 0.00133002
v -0.03160072 -0.12561293 0.0019504
v -0.03186998 -0.12697846 0.00239188
v -0.03210217 -0.12832208 0.00282214
v -0.03134748 -0.12867844 0.00245092
v -0.03255525 -0.12556623 0.00169288
v -0.03279898 -0.12695305 0.00206538
v -0.03311256 -0.12826879 0.00252194
v -0.03368113 -0.12710556 0.00144615
v -0.03403753 -0.12835529 0.00193769
v -0.03406391 -0.12751639 0.00073781
v -0.03437169 -0.12877099 0.00119517
v -0.0346965 -0.13009003 0.00168043
v -0.03484362 -0.13147968 0.00208628
v -0.03381138 -0.12938774 0.00055033
v -0.03399184 -0.13065958 0.0010161
v -0.03415285 -0.13194731 0.00134328
v -0.03414012 -0.13326895 0.00166987
v -0.03281941 -0.13112579 0.00066978
v -0.03285229 -0.1323978 0.00102635
v -0.03286307 -0.13361897 0.0014482
v -0.03146838 -0.13251553 0.00135409
v -0.03159237 -0.13376819 0.00187007
v -0.03060325 -0.13217749 0.00217506
v -0.0315845 -0.13123803 0.00087853
v -0.03086233 -0.13085456 0.00157479
v -0.03080513 -0.13039584 0.00228123
v -0.03073467 -0.13163805 0.00289615
v -0.03090666 -0.12964788 0.00102778
v -0.03093473 -0.12916975 0.00173873
v -0.03077221 -0.12838587 0.00055295
v -0.0315881 -0.12995042 0.00038357
v -0.03147151 -0.12858973 -6.698E-05
v -0.03129033 -0.12719537 -0.00047673
v -0.03258977 -0.12838283 -0.00010849
v -0.03242416 -0.12696047 -0.00047716
v -0.03226513 -0.12560464 -0.00089985
v -0.03345034 -0.12665342 -0.00026137
v -0.03337761 -0.1252633 -0.00063699
v -0.03333881 -0.12392212 -0.00103241
v -0.03385456 -0.12482857 3.761E-05
v -0.03399743 -0.12344055 -0.00015368
v -0.03341082 -0.12448665 0.00075195
v -0.03384483 -0.12296285 0.00076051
v -0.03239501 -0.12411625 0.00130989
v -0.03244148 -0.12254459 0.00104531
v -0.03256633 -0.12098078 0.00059725
v -0.03340001 -0.12586974 0.00100747
v -0.03396156 -0.12620471 0.00033078
v -0.03364053 -0.12807643 7.524E-05
v -0.03272369 -0.12978753 0.00028185
v 0.01591752 -0.16482607 0.00841295
v 0.01518522 -0.16435358 0.00921395
v 0.01394955 -0.1645031 0.00884878
v 0.01447259 -0.16509317 0.00832116
v 0.01635163 -0.16385643 0.00923008
v 0.01565135 -0.16332062 0.00963976
v 0.01668529 -0.16356465 0.00793604
v 0.01668693 -0.16284411 0.00894619
v 0.01555774 -0.16220874 0.00929941
v 0.01696145 -0.16136223 0.00828971
v 0.01551164 -0.16096315 0.00864495
v 0.01410303 -0.16109049 0.00861273
v 0.01436947 -0.16210361 0.00922243
v 0.01401385 -0.16492239 0.00752941
v 0.0152752 -0.16460489 0.00755283
v 0.01557622 -0.16370086 0.00713939
v 0.01397992 -0.16360159 0.00693949
v 0.0141515 -0.15994804 0.00781292
v 0.01275717 -0.16004236 0.00775194
v 0.01293129 -0.16137627 0.00860825
v 0.01249206 -0.1493227 0.00335501
v 0.01189153 -0.15030746 0.00377106
v 0.01400175 -0.15008748 0.00414051
v 0.01415416 -0.14887503 0.00335751
v 0.01432201 -0.15053727 0.00256318
v 0.01249482 -0.15047057 0.00256655
v 0.01830418 -0.15279844 0.0027856
v 0.01759654 -0.15399402 0.00330683
v 0.01633604 -0.15395519 0.00203732
v 0.01697 -0.15291135 0.00127247
v 0.01080401 -0.15087755 0.00236065
v 0.01293399 -0.15149048 0.00163134
v 0.0119474 -0.15193209 0.00082545
v 0.01191925 -0.15353106 0.00137441
v 0.01035046 -0.15254776 0.00282872
v 0.01782398 -0.15101556 0.00278413
v 0.01624065 -0.15000467 0.00312046
v 0.01626657 -0.15022931 0.00407474
v 0.01795899 -0.15077813 0.00376486
v 0.01669229 -0.15157785 0.00172059
v 0.01594353 -0.15095754 0.00242216
v 0.01457273 -0.15156218 0.00134681
v 0.01451489 -0.15247212 0.00015815
v 0.01434822 -0.15382245 0.00113353
v 0.01590884 -0.15518291 0.00282776
v 0.01427265 -0.15508866 0.00222613
v 0.01247656 -0.15478021 0.00250498
v 0.01123164 -0.15405309 0.00356146
v 0.01418399 -0.15662344 0.00305112
v 0.01275883 -0.15617126 0.00339509
v 0.01180417 -0.15539908 0.00426605
v 0.01231134 -0.15448165 0.00512713
v 0.01194337 -0.15304764 0.0045973
v 0.01284847 -0.15760092 0.00417188
v 0.01206804 -0.15677203 0.00493769
v 0.01261936 -0.15596734 0.00565975
v 0.01402063 -0.15545008 0.00601487
v 0.01397415 -0.15398005 0.00539231
v 0.01220382 -0.15815893 0.00562066
v 0.0127729 -0.15742359 0.00625878
v 0.01406984 -0.15699859 0.00659933
v 0.01543571 -0.15700647 0.00639359
v 0.01553439 -0.15544851 0.00593621
v 0.01283735 -0.15880419 0.00692821
v 0.01415442 -0.15854408 0.00714112
v 0.01550356 -0.15845929 0.0069818
v 0.01654186 -0.15859583 0.00654119
v 0.01652663 -0.15723608 0.00594171
v 0.01560837 -0.15984334 0.00770099
v 0.01690023 -0.15986297 0.00741656
v 0.01667478 -0.16055912 0.00652303
v 0.01635872 -0.1591887 0.00570997
v 0.01684818 -0.16201377 0.00733838
v 0.01564485 -0.16242458 0.00651474
v 0.01554258 -0.16106059 0.00576988
v 0.01405483 -0.16112378 0.00541293
v 0.01404235 -0.15970662 0.00458304
v 0.01543218 -0.15964437 0.004971
v 0.0140359 -0.16242631 0.00619767
v 0.01264177 -0.1616789 0.00659868
v 0.01275891 -0.16043304 0.00572457
v 0.01242365 -0.16308138 0.00740982
v 0.01220497 -0.15947464 0.00635185
v 0.01280481 -0.15906648 0.00491219
v 0.01202331 -0.16070445 0.00724254
v 0.01208578 -0.16212741 0.00824264
v 0.01408314 -0.15817225 0.00381788
v 0.01563892 -0.15670231 0.00348683
v 0.01544356 -0.15816903 0.00422796
v 0.01664684 -0.15644874 0.00441329
v 0.01643973 -0.15782818 0.00502008
v 0.0166736 -0.15588091 0.00541327
v 0.01705541 -0.15513416 0.00385727
v 0.01700429 -0.1545371 0.00492026
v 0.01574335 -0.15390657 0.00546224
v 0.01752955 -0.153253 0.00461963
v 0.01587033 -0.15254432 0.00489003
v 0.01388331 -0.15255 0.00491776
v 0.01616022 -0.15116838 0.00484459
v 0.0138486 -0.15110567 0.00487264
v 0.0114903 -0.1514986 0.00434938
v 0.01810629 -0.15191928 0.00428517
v 0.01285511 -0.16428174 0.00829306
v 0.01373532 -0.16369709 0.00947877
v 0.01276958 -0.16327995 0.00900404
v 0.0145911 -0.1636434 0.00949562
v 0.0147082 -0.16290183 0.009753
v 0.0139832 -0.16291702 0.00947354
v 0.01344357 -0.1624268 0.00913024
v -0.00921858 -0.1506113 0.01031601
v -0.01030904 -0.15052027 0.01011761
v -0.01017939 -0.15119265 0.00987603
v -0.00951786 -0.15132247 0.00983714
v -0.00886618 -0.14968547 0.01012997
v -0.01020109 -0.14943063 0.00983406
v -0.01083001 -0.1507691 0.00959206
v -0.01065047 -0.15142317 0.0093725
v -0.00986146 -0.15186465 0.00916219
v -0.00733517 -0.15111597 0.00964808
v -0.00779012 -0.15048453 0.01005966
v -0.0083781 -0.15125947 0.00999518
v -0.00776028 -0.15190305 0.00936899
v -0.00888601 -0.15157248 0.00971236
v -0.00881314 -0.15212715 0.00911681
v -0.01097412 -0.14987881 0.00922187
v -0.01094844 -0.15061298 0.00863645
v -0.00540669 -0.14198451 0.00440023
v -0.00625244 -0.1412643 0.00471013
v -0.00652287 -0.1426069 0.00511383
v -0.00577309 -0.1435374 0.00417567
v -0.00522344 -0.14157447 0.00361663
v -0.00627112 -0.14080274 0.00386576
v -0.01208008 -0.14096782 0.00317388
v -0.01169826 -0.14145255 0.00230787
v -0.01189668 -0.14267501 0.00245136
v -0.0124777 -0.14181051 0.00365131
v -0.01119897 -0.14082403 0.00434369
v -0.01103226 -0.14025646 0.00350855
v -0.00734744 -0.14432329 0.00306917
v -0.00934171 -0.14480393 0.00318118
v -0.00979899 -0.14392224 0.00242592
v -0.00841194 -0.14395557 0.00222489
v -0.0083953 -0.14330915 0.00147254
v -0.00656931 -0.14334646 0.00201769
v -0.00534321 -0.14272322 0.00295797
v -0.00707909 -0.1421878 0.00194691
v -0.00602992 -0.14196824 0.00264245
v -0.00575368 -0.14151761 0.00314889
v -0.00673546 -0.141597 0.00277738
v -0.00653115 -0.14107539 0.00324298
v -0.00764939 -0.14157405 0.00250918
v -0.00776663 -0.14067149 0.00323165
v -0.01010662 -0.14164342 0.00211845
v -0.01057189 -0.14098883 0.00274582
v -0.00920075 -0.140622 0.00304724
v -0.00896498 -0.14162542 0.00224237
v -0.00867165 -0.14224729 0.00136026
v -0.01045268 -0.14209376 0.0015287
v -0.01036266 -0.14310466 0.00160325
v -0.01123204 -0.14365338 0.00307897
v -0.01183205 -0.14296167 0.00409529
v -0.01066303 -0.14452864 0.00377667
v -0.01132216 -0.14403906 0.00456174
v -0.0107727 -0.14326927 0.00530422
v -0.01100539 -0.14206618 0.00481472
v -0.01037556 -0.14564545 0.00442074
v -0.01097392 -0.14514929 0.00511134
v -0.01057736 -0.14445175 0.00585954
v -0.00952979 -0.14408401 0.00631061
v -0.00953825 -0.1429238 0.0056742
v -0.01080999 -0.14629175 0.00572288
v -0.01046808 -0.1456212 0.00644658
v -0.0095553 -0.14522046 0.00697793
v -0.00845519 -0.14548667 0.00707912
v -0.00827726 -0.14436224 0.00640467
v -0.01051351 -0.14669387 0.00712586
v -0.0096474 -0.14627463 0.00771043
v -0.00854212 -0.14649053 0.00787051
v -0.0077653 -0.14732039 0.00754193
v -0.00763297 -0.14632101 0.00678761
v -0.00979669 -0.14728078 0.00848564
v -0.00853904 -0.14742278 0.00875757
v -0.00765011 -0.14821781 0.00842145
v -0.00737184 -0.14916605 0.0079319
v -0.00752116 -0.14830258 0.00703902
v -0.00862761 -0.14852187 0.00956844
v -0.00750325 -0.14922464 0.00939659
v -0.00708351 -0.1501749 0.00890586
v -0.00772052 -0.15107843 0.00840296
v -0.00796774 -0.15009786 0.00750673
v -0.00894095 -0.15051706 0.00734644
v -0.0090294 -0.14950675 0.00641354
v -0.00810702 -0.14913802 0.00660156
v -0.00884026 -0.15140939 0.00824467
v -0.01001692 -0.15112807 0.00834345
v -0.0100823 -0.15016802 0.00752648
v -0.01096839 -0.1494969 0.00793432
v -0.01088109 -0.14843355 0.00719965
v -0.0101095 -0.14915301 0.00668038
v -0.01080741 -0.14738271 0.00643842
v -0.01014095 -0.14803837 0.0058584
v -0.00907571 -0.14829831 0.00557985
v -0.01020586 -0.14683254 0.00511092
v -0.00910395 -0.14706254 0.00476109
v -0.00797423 -0.14686252 0.00491931
v -0.00807992 -0.14805439 0.00573109
v -0.00719566 -0.14621922 0.00552116
v -0.00748042 -0.14730591 0.00623681
v -0.00731926 -0.1452163 0.00615079
v -0.00669632 -0.14500482 0.00485034
v -0.00695243 -0.14400232 0.00554847
v -0.00811994 -0.14323889 0.00571451
v -0.00790547 -0.14193758 0.00526117
v -0.00951275 -0.14170679 0.00515939
v -0.00778032 -0.14075392 0.00468494
v -0.00946105 -0.14054024 0.00458492
v -0.0076779 -0.13995029 0.00392395
v -0.00940495 -0.13967988 0.00377256
v -0.0077142 -0.14559631 0.00414358
v -0.00916925 -0.14579642 0.00402516
v -0.01078692 -0.14761397 0.00790302
v -0.01102708 -0.14864849 0.00866009
v -0.01000044 -0.1482961 0.00924287
v 0.05639561 -0.10088196 0.01530391
v 0.05523891 -0.10025431 0.01442479
v 0.05620159 -0.10115927 0.01340405
v 0.05778613 -0.10166369 0.01503896
v 0.05803638 -0.10027901 0.01672377
v 0.05617934 -0.09974374 0.01617601
v 0.05519562 -0.09913864 0.01527077
v 0.0585323 -0.09922285 0.01587933
v 0.05811048 -0.09975561 0.01469584
v 0.05468598 -0.09761982 0.01527924
v 0.05390297 -0.09839766 0.01383207
v 0.05586175 -0.09762962 0.01672589
v 0.05723839 -0.10000384 0.01358552
v 0.05630904 -0.09800956 0.01335817
v 0.05755078 -0.09745195 0.01455739
v 0.05207559 -0.08429545 0.01683637
v 0.0529041 -0.08416989 0.0174984
v 0.05250308 -0.08196593 0.01801524
v 0.05104137 -0.08284109 0.01685059
v 0.05206355 -0.0860036 0.01609985
v 0.05290422 -0.08620323 0.01710285
v 0.05105468 -0.08582018 0.01464368
v 0.05187811 -0.08823607 0.01562456
v 0.05294711 -0.08835687 0.01678815
v 0.0513254 -0.08782132 0.01449159
v 0.05184275 -0.09171237 0.01413332
v 0.05199881 -0.09207242 0.01308292
v 0.05276284 -0.09399362 0.01349815
v 0.05304528 -0.09332322 0.01508051
v 0.05099956 -0.08970008 0.01382704
v 0.05137639 -0.09024794 0.01245455
v 0.05212067 -0.09076084 0.01527321
v 0.05055296 -0.08067539 0.0171223
v 0.0501672 -0.08013943 0.01602139
v 0.05037225 -0.08208267 0.01557432
v 0.05069478 -0.08752748 0.01276752
v 0.05011392 -0.08425299 0.01405706
v 0.04947897 -0.08604319 0.01228269
v 0.04978531 -0.08156997 0.01476874
v 0.04936503 -0.08024197 0.01459357
v 0.04927121 -0.082866 0.01355675
v 0.05345401 -0.07959751 0.0147528
v 0.05234165 -0.0792583 0.01540291
v 0.05357793 -0.07942835 0.01674174
v 0.05479597 -0.07955243 0.01515521
v 0.05327311 -0.07991612 0.01328882
v 0.05158787 -0.07989629 0.01379874
v 0.04811909 -0.08280385 0.01177862
v 0.04859294 -0.08246455 0.01053003
v 0.04921827 -0.08503883 0.00981498
v 0.04822343 -0.08454318 0.01191549
v 0.05015546 -0.08171418 0.01095728
v 0.05085924 -0.08075166 0.01215683
v 0.05240156 -0.08063469 0.01149187
v 0.05100674 -0.08202954 0.0102921
v 0.04915382 -0.0804476 0.01232948
v 0.04963103 -0.08289349 0.00963017
v 0.04874896 -0.0814086 0.01296861
v 0.05200178 -0.08440747 0.0100779
v 0.05207754 -0.08603518 0.0109038
v 0.050012 -0.0868226 0.01084245
v 0.05009649 -0.08367882 0.00925532
v 0.05182201 -0.08272416 0.00958471
v 0.05365782 -0.08105189 0.01087232
v 0.05413551 -0.08302531 0.0111843
v 0.05405536 -0.08503516 0.01177266
v 0.0549648 -0.07982346 0.01295037
v 0.0553741 -0.08201453 0.01307308
v 0.05519791 -0.08422438 0.01335169
v 0.0554464 -0.08637364 0.0135951
v 0.05427223 -0.0870878 0.01221026
v 0.05516918 -0.08161265 0.01525374
v 0.05506292 -0.08383667 0.01524937
v 0.05515483 -0.0859831 0.01528976
v 0.05547026 -0.08809647 0.01544698
v 0.05564987 -0.0885335 0.01386317
v 0.05411866 -0.08386775 0.01682026
v 0.05426819 -0.08599458 0.01670413
v 0.05456534 -0.08807842 0.0167474
v 0.05505379 -0.0902099 0.01688034
v 0.05593066 -0.09024876 0.01567887
v 0.05344301 -0.09068222 0.01661375
v 0.05433337 -0.0929779 0.01660441
v 0.05569787 -0.09243558 0.0170644
v 0.05659499 -0.09477609 0.01751664
v 0.05708097 -0.09483791 0.01611706
v 0.05648146 -0.09251031 0.01590981
v 0.05521274 -0.09528245 0.01683943
v 0.05750127 -0.09749106 0.01742719
v 0.05410224 -0.09566739 0.01528789
v 0.05334304 -0.09607095 0.01367981
v 0.05368838 -0.09391265 0.0126907
v 0.05408497 -0.09608323 0.01275391
v 0.05470557 -0.09866591 0.01271015
v 0.05581808 -0.09566184 0.01317983
v 0.05543594 -0.09343687 0.01301929
v 0.05655942 -0.09287682 0.01431171
v 0.05710928 -0.09513039 0.01443656
v 0.05803001 -0.0971709 0.01612812
v 0.05498934 -0.09130406 0.01283292
v 0.05603956 -0.090691 0.01411765
v 0.05459404 -0.08919607 0.01255841
v 0.05325139 -0.09189735 0.01243633
v 0.05286976 -0.089932 0.01197012
v 0.05245891 -0.08788012 0.01155407
v 0.05080183 -0.08842652 0.0116487
v 0.05418788 -0.0815887 0.01708114
v 0.05174806 -0.07960871 0.01760551
v 0.05077828 -0.07859819 0.01602853
v 0.04990157 -0.07918072 0.0141598
v 0.00791304 -0.02176372 0.00024038
v 0.00607914 -0.02199813 -0.0002942
v 0.00648841 -0.0212179 -0.00230267
v 0.00830692 -0.02034619 -0.00138552
v 0.00750081 -0.0204642 0.00122396
v 0.0053227 -0.0205275 0.00084205
v 0.00851275 -0.02011167 0.0005822
v 0.00911331 -0.01819709 -0.00053401
v 0.00836028 -0.0185075 0.00120674
v 0.00474807 -0.0092186 0.0025998
v 0.0049507 -0.01158557 0.00309604
v 0.00679213 -0.01191201 0.00301495
v 0.00689022 -0.00891241 0.00356147
v 0.00153279 -0.00715769 0.00280058
v 0.00127692 -0.00594325 0.00284083
v -4.327E-05 -0.0051111 0.00230226
v -0.00088886 -0.00704053 0.00178662
v 0.00349036 -0.00674442 0.0037442
v 0.00260963 -0.00535961 0.00296533
v 0.00212814 -0.00834804 0.00276767
v 0.00069054 -0.00826666 0.00224297
v 0.00105126 -0.00954043 0.0021636
v 0.002604 -0.00959356 0.0025855
v 0.00893373 -0.01323154 0.00152307
v 0.00887659 -0.01565108 0.00063887
v 0.01012312 -0.0144004 -0.00091489
v 0.00950753 -0.01068613 0.00123626
v 0.00353159 -0.00443851 0.00350711
v 0.00275069 -0.00358947 0.00278513
v 0.00169011 -0.00406234 0.00268272
v 0.00449947 -0.00325248 0.00277915
v 0.00514617 -0.00587186 0.00390054
v 0.00640756 -0.00474818 0.00350294
v -0.00103023 -0.009459 0.00078207
v -0.0012192 -0.00914994 -0.00034285
v -0.00021071 -0.01185603 -0.00148832
v -5.463E-05 -0.01208054 0.00016111
v -0.00152722 -0.00787205 0.00092134
v -0.00175517 -0.007305 2.064E-05
v 0.00821242 -0.00949107 0.00303632
v 0.00825567 -0.01279444 0.00252436
v 0.01063267 -0.01298946 -0.00239654
v 0.01036826 -0.00980152 -0.00094325
v 0.00478903 -0.02108204 -0.00253788
v 0.003829 -0.02034353 -0.0040527
v 0.00623877 -0.020223 -0.00441026
v -0.00010381 -0.01255635 -0.00259243
v 0.00029753 -0.01427759 -0.0030554
v 0.00077666 -0.01478956 -0.00169563
v -0.00107073 -0.00842153 -0.00203869
v -0.0006582 -0.01047777 -0.00316009
v 0.00078134 -0.01493246 -0.0002677
v -0.00227102 -0.00548605 0.00075211
v -0.00198065 -0.00662786 -0.00142174
v 0.0099973 -0.01730338 -0.00325707
v 0.00971415 -0.01748451 -0.00610654
v 0.01008265 -0.0155048 -0.00643184
v 0.01054209 -0.01499445 -0.00436809
v 0.00818848 -0.01914915 -0.00400236
v 0.00832753 -0.01903385 -0.00615578
v 0.00479786 -0.01990714 -0.00562031
v 0.00402086 -0.01978852 -0.00652525
v 0.0058041 -0.01937947 -0.00725282
v 0.00638231 -0.01967542 -0.00614146
v 0.00229462 -0.02022978 -0.00569517
v -0.00204755 -0.00642884 -0.00272606
v -0.00263833 -0.00458211 -0.00102588
v -0.00199788 -0.00500255 -0.00331953
v -0.00099312 -0.00679677 -0.00463097
v -0.00119803 -0.00770263 -0.00350518
v 0.00944159 -0.00735518 -0.00043258
v 0.00923607 -0.0080303 -0.00188402
v 0.00850277 -0.00695853 -0.00233422
v 0.00829397 -0.00538903 -0.00051171
v 0.0095093 -0.00977579 -0.00264441
v 0.00928876 -0.01204196 -0.00348154
v 0.00767976 -0.01091878 -0.00437449
v 0.00825376 -0.00867726 -0.00341689
v 0.0045496 -0.00261229 -0.00196763
v 0.00351445 -0.00198936 0.00040788
v 0.00541746 -0.00267124 0.00117878
v 0.00658053 -0.00377977 -0.00129136
v 0.00102134 -0.00401608 -0.00386238
v -0.00060748 -0.00299299 -0.0008309
v 0.00156657 -0.00205553 -0.00026637
v 0.00266383 -0.00215949 -0.00210717
v 0.00954435 -0.01341135 -0.00470029
v 0.00873231 -0.01288656 -0.0065479
v 0.00289759 -0.01981856 -0.00799029
v 0.00494526 -0.01942295 -0.00812574
v 0.00029642 -0.0064344 -0.00479628
v 0.00129869 -0.0081541 -0.0055321
v -0.00014711 -0.00861811 -0.00578722
v 0.00263586 -0.00695104 -0.00495491
v 0.00910965 -0.01760283 -0.0082224
v 0.00929257 -0.01597737 -0.00797744
v 0.0068156 -0.0056328 -0.00343461
v 0.00461631 -0.00456358 -0.0042745
v 0.00292748 -0.01038995 -0.00634987
v 0.0010171 -0.01080633 -0.00667442
v 0.00771556 -0.01903196 -0.00797789
v 0.00525275 -0.01859761 -0.00965376
v 0.00718502 -0.01676754 -0.00998804
v -0.00042186 -0.01914423 -0.00894181
v 0.00067244 -0.02010488 -0.00745824
v 0.00043194 -0.0180107 -0.00661675
v -0.00031108 -0.01687414 -0.00830398
v 0.00043925 -0.01617237 -0.00962844
v 0.00154061 -0.01930497 -0.00994859
v 0.00301216 -0.01549908 -0.00989961
v 0.00511571 -0.01476596 -0.00980023
v 0.00648071 -0.01376302 -0.00935214
v 0.008124 -0.01469275 -0.00906035
v 0.00404901 -0.01268882 -0.00793263
v 0.00621072 -0.01206613 -0.00754089
v 0.00185012 -0.01299992 -0.00823523
v 0.00514995 -0.00988501 -0.00507143
v -0.0001307 -0.0133776 -0.0080793
v -0.00059031 -0.01131878 -0.00627193
v -0.00022827 -0.01454222 -0.006893
v -0.0006946 -0.01238755 -0.00511493
v -0.00084426 -0.00939934 -0.00473723
v 0.00038425 -0.01585147 -0.00551913
v 0.00125942 -0.01892914 -0.00479408
v 0.00087361 -0.01674744 -0.00393719
v -0.00020263 -0.01351403 -0.0041686
v 0.00206804 -0.01980689 -0.00272714
v 0.00176827 -0.01730685 -0.00230419
v 0.00246439 -0.01915084 -0.00144206
v 0.00380335 -0.02128346 -0.00127345
v 0.00320761 -0.01996991 -0.00035794
v 0.00233941 -0.01756024 -0.00119207
v 0.00265247 -0.01782445 0.00033358
v 0.00457422 -0.01855223 0.00159663
v 0.00404651 -0.01637976 0.0021521
v 0.00289624 -0.01623604 0.00148514
v 0.0064179 -0.00750779 -0.00436566
v 0.00458687 -0.00639052 -0.00481073
v -0.00078006 -0.00380831 0.00111271
v 0.00134789 -0.00281838 0.00148083
v 0.00702574 -0.00440475 0.00180796
v 0.00297849 -0.00266663 0.00195848
v 0.00841406 -0.00710631 0.00174232
v 0.00762224 -0.00691076 0.00337361
v 0.00616685 -0.00726773 0.00384146
v 0.00822025 -0.01576602 0.00201391
v 0.00684226 -0.01516685 0.00281671
v 0.00519016 -0.01434532 0.00302256
v 0.00539888 -0.01653304 0.00260554
v 0.00693012 -0.01840274 0.00212184
v 0.00424395 -0.00799438 0.00332209
v 0.0007966 -0.01215801 0.00114259
v 0.00137087 -0.01490825 0.00084488
v 0.00217322 -0.0143217 0.00192339
v 0.00148986 -0.0120505 0.00227217
v -0.00014879 -0.00932888 0.0014601
v 0.0029872 -0.01167922 0.00287842
v 0.0035625 -0.01383211 0.00255341
v -3.53E-05 -0.01194652 -0.00321199
v -0.02165293 -0.06416545 -0.00340142
v -0.02352439 -0.06188791 -0.00367763
v -0.02513258 -0.06403165 -0.00392155
v -0.02276636 -0.06682415 -0.00334571
v -0.02457713 -0.06294506 -0.00654635
v -0.02555051 -0.06567796 -0.00632517
v -0.01967158 -0.06086701 -0.00394658
v -0.01840718 -0.06468424 -0.00383087
v -0.0155463 -0.06513207 -0.00515736
v -0.01635977 -0.06168357 -0.00544831
v -0.01635204 -0.05854088 -0.00581895
v -0.01912687 -0.05752212 -0.00462521
v -0.01793907 -0.07040127 -0.00730326
v -0.01806967 -0.069023 -0.00923334
v -0.01725987 -0.06746494 -0.00791535
v -0.01672235 -0.06851985 -0.00591569
v -0.02486428 -0.0662716 -0.00842442
v -0.0249011 -0.06370716 -0.00897943
v -0.02302036 -0.06497751 -0.01089443
v -0.02410687 -0.06897716 -0.00973537
v -0.02428562 -0.06997283 -0.00592097
v -0.01670363 -0.066256 -0.01035327
v -0.01641179 -0.06533325 -0.00788508
v -0.00807512 -0.02073054 0.00051151
v -0.0083656 -0.0230832 0.00110511
v -0.00638376 -0.02301245 -0.00148275
v -0.00753957 -0.02002702 -0.00154625
v -0.015363 -0.01987597 -0.00126672
v -0.01432926 -0.01800415 -0.0025647
v -0.01589951 -0.02105404 -0.00446349
v -0.01652849 -0.02243781 -0.00217572
v -0.0124039 -0.02115672 0.00049757
v -0.01103201 -0.01896338 -0.00025347
v -0.01009785 -0.01918653 -0.00189333
v -0.00853319 -0.02072271 -0.0046471
v -0.01165787 -0.01945832 -0.00391553
v -0.00694036 -0.02289225 -0.00400205
v -0.00633547 -0.02669259 -0.00250334
v -0.00723073 -0.02511625 -0.00505444
v -0.00965855 -0.02283419 -0.00666524
v -0.00865096 -0.02791479 -0.00543825
v -0.01113113 -0.02623158 -0.00633369
v -0.01402345 -0.02495656 -0.00668355
v -0.01307032 -0.02159867 -0.00561576
v -0.01647172 -0.02452671 -0.0056195
v -0.01482824 -0.0283659 -0.00715395
v -0.01719556 -0.02785442 -0.0065097
v -0.01753455 -0.02865798 -0.00448545
v -0.01708585 -0.02552337 -0.00331222
v -0.01522994 -0.03004461 -0.00290544
v -0.01452652 -0.02726755 -0.00168528
v -0.01367238 -0.02436467 -0.00013955
v -0.01099205 -0.02869681 -0.00172886
v -0.00967408 -0.0262239 -0.00029333
v -0.0079777 -0.02939757 -0.00334923
v -0.01207364 -0.03129522 -0.00249605
v -0.00953879 -0.03184425 -0.0038879
v -0.00967969 -0.03101585 -0.00571937
v -0.01076734 -0.03452254 -0.00433844
v -0.01068797 -0.0339713 -0.00600368
v -0.01279981 -0.03274535 -0.00699348
v -0.01204943 -0.02955369 -0.00654891
v -0.01535455 -0.03172548 -0.00780409
v -0.01332829 -0.03590908 -0.0076628
v -0.01580482 -0.03508984 -0.00842685
v -0.01802566 -0.03478903 -0.00783965
v -0.01773169 -0.03133859 -0.0072921
v -0.01834718 -0.03510798 -0.00618921
v -0.01790689 -0.03188089 -0.0054328
v -0.01655751 -0.03593744 -0.00467798
v -0.01590179 -0.03293306 -0.0038505
v -0.01400324 -0.03685603 -0.00402052
v -0.01307192 -0.03402065 -0.00334927
v -0.01173088 -0.03738828 -0.00476992
v -0.01487936 -0.03979314 -0.00455346
v -0.01257014 -0.04032673 -0.00518982
v -0.01202264 -0.03996532 -0.0069405
v -0.0114344 -0.03694672 -0.00646285
v -0.01371877 -0.03907708 -0.00836027
v -0.01248712 -0.04306915 -0.00739976
v -0.01398803 -0.04230849 -0.00898095
v -0.01640874 -0.04186699 -0.00945991
v -0.01619911 -0.03845452 -0.00903513
v -0.01868672 -0.04159373 -0.00870124
v -0.01838951 -0.03819502 -0.0083248
v -0.01958937 -0.041485 -0.00728061
v -0.01891422 -0.03830455 -0.00679636
v -0.01812338 -0.04197785 -0.00581675
v -0.01727385 -0.03895109 -0.00535618
v -0.01575944 -0.0427273 -0.00504526
v -0.0189822 -0.04503628 -0.00607996
v -0.01660821 -0.04569125 -0.00523062
v -0.01409232 -0.04630305 -0.00592632
v -0.01336216 -0.04331376 -0.00558995
v -0.01301785 -0.04621575 -0.00780558
v -0.01470587 -0.04935647 -0.00615816
v -0.01337571 -0.04949151 -0.00813141
v -0.01429683 -0.04907909 -0.01005813
v -0.01417417 -0.04562085 -0.00956936
v -0.01672676 -0.04870126 -0.01027572
v -0.01656854 -0.04526913 -0.00992028
v -0.01929769 -0.04819199 -0.00950587
v -0.01898786 -0.04492998 -0.00912487
v -0.02092539 -0.0477936 -0.00799104
v -0.02030879 -0.04465825 -0.00766999
v -0.01978492 -0.04810753 -0.00624135
v -0.02156292 -0.05088032 -0.00828369
v -0.02053185 -0.05112769 -0.00641837
v -0.01786316 -0.05170563 -0.00519559
v -0.01728527 -0.04871181 -0.00526332
v -0.0152536 -0.05245874 -0.00623279
v -0.01851924 -0.05460463 -0.00504438
v -0.01584696 -0.05551861 -0.00611754
v -0.01451385 -0.05622618 -0.00835617
v -0.01394689 -0.05285593 -0.00834654
v -0.01495491 -0.0562788 -0.01041384
v -0.01451527 -0.05269084 -0.01032362
v -0.017653 -0.05553985 -0.01079218
v -0.01709464 -0.05213281 -0.01057164
v -0.02051606 -0.05462472 -0.0102541
v -0.01981947 -0.05139954 -0.00988953
v -0.02234896 -0.05398824 -0.00858253
v -0.02130396 -0.05790237 -0.01054355
v -0.02317365 -0.05718574 -0.00883077
v -0.02239181 -0.05699383 -0.00642509
v -0.02136619 -0.0540862 -0.00654095
v -0.02405953 -0.06041568 -0.00900269
v -0.02345002 -0.05997696 -0.00629658
v -0.02215546 -0.06125352 -0.01078237
v -0.01835489 -0.05888307 -0.01100014
v -0.01911722 -0.0622132 -0.01121672
v -0.01972344 -0.06599072 -0.01126848
v -0.01649551 -0.06282041 -0.01018204
v -0.02055462 -0.07036018 -0.01010416
v -0.02022785 -0.07175609 -0.00648479
v -0.01883183 -0.06871019 -0.00397157
v -0.01560005 -0.05971396 -0.01033197
v -0.01518981 -0.05945887 -0.00816672
v -0.01586357 -0.06249356 -0.00787478
v 0.04019107 -0.04937769 0.01494672
v 0.04239636 -0.04974853 0.01564039
v 0.0429198 -0.04567173 0.01491282
v 0.04038638 -0.04728701 0.01319628
v 0.0407961 -0.04961216 0.01263604
v 0.04032461 -0.05125071 0.01355256
v 0.04234352 -0.05257155 0.01419929
v 0.04676462 -0.04899616 0.01439457
v 0.04507214 -0.04984362 0.01518308
v 0.04544881 -0.05212722 0.01381949
v 0.0479719 -0.05014686 0.01302972
v 0.04703474 -0.04651736 0.01442664
v 0.04499387 -0.04736858 0.01494716
v 0.04559797 -0.04370279 0.01381294
v 0.04366745 -0.04096162 0.01308293
v 0.04157698 -0.04219845 0.01355159
v 0.03964723 -0.04421872 0.01204398
v 0.04010522 -0.04995225 0.0110255
v 0.04035617 -0.05195844 0.01139709
v 0.03989454 -0.04799433 0.01112998
v 0.03859074 -0.04652736 0.00983264
v 0.03897576 -0.04967226 0.00928714
v 0.03745958 -0.05189318 0.00827551
v 0.03887798 -0.05213594 0.00962736
v 0.03728947 -0.04958932 0.00787577
v 0.03830285 -0.04143584 0.01135305
v 0.03712615 -0.04328916 0.00950817
v 0.03694784 -0.04413563 0.00745414
v 0.03771178 -0.04692002 0.00769175
v 0.04488539 -0.05181707 0.00541122
v 0.04264108 -0.05322775 0.00614293
v 0.0418599 -0.05050921 0.00549109
v 0.04438994 -0.04920001 0.00503516
v 0.0466229 -0.04835618 0.0069366
v 0.04639784 -0.05155351 0.00743128
v 0.02681435 -0.0198789 0.01020582
v 0.02488752 -0.02068351 0.00988188
v 0.02650369 -0.02262843 0.00925214
v 0.02829858 -0.02111614 0.00971275
v 0.02738477 -0.01791131 0.01042646
v 0.02408252 -0.01851275 0.01064629
v 0.0297671 -0.0192364 0.00917392
v 0.01843549 -0.02287776 0.00585555
v 0.01924545 -0.02193514 0.00770466
v 0.0180512 -0.0197152 0.00740053
v 0.01782822 -0.02155432 0.00519781
v 0.02009623 -0.02506595 0.00441627
v 0.02107714 -0.02439931 0.00729413
v 0.01951309 -0.02266573 0.00308125
v 0.02177135 -0.01660899 0.00593247
v 0.02150345 -0.01735782 0.00738324
v 0.02399213 -0.01540521 0.00738033
v 0.02289987 -0.01492009 0.00521818
v 0.02198337 -0.02280801 0.00144442
v 0.02253086 -0.02501948 0.00259444
v 0.01893127 -0.02035571 0.00500132
v 0.01958163 -0.01893639 0.00622681
v 0.02080948 -0.01784175 0.00462764
v 0.01999099 -0.02013765 0.00344872
v 0.0297627 -0.0177168 0.0065226
v 0.02732171 -0.01598522 0.00852289
v 0.03156992 -0.02156404 0.00851645
v 0.0318408 -0.02103041 0.00624553
v 0.02810809 -0.01591888 0.00527897
v 0.02661432 -0.01470047 0.00639131
v 0.02885698 -0.01889299 0.00344631
v 0.02713886 -0.01644469 0.00326772
v 0.03083562 -0.021731 0.00377543
v 0.02477042 -0.0260043 0.00264553
v 0.02379299 -0.02683194 0.00467087
v 0.02515818 -0.01497283 0.00400899
v 0.02571236 -0.02324734 0.00079598
v 0.02429507 -0.0194463 0.00043667
v 0.02703199 -0.0195027 0.00146281
v 0.02861936 -0.02252082 0.00167256
v 0.0214358 -0.01947336 0.0013162
v 0.02599897 -0.01710586 0.0015597
v 0.02373556 -0.01611533 0.00143253
v 0.02126188 -0.01598201 0.002701
v 0.03093269 -0.02574098 0.00212123
v 0.02901884 -0.02689927 0.00142613
v 0.02777011 -0.02800016 0.00284503
v 0.03132078 -0.03016072 0.0016986
v 0.0300592 -0.03065275 0.00302245
v 0.02911986 -0.03092947 0.00503997
v 0.02665253 -0.02882996 0.00484511
v 0.02856761 -0.03063609 0.00711285
v 0.02634994 -0.02850878 0.00693523
v 0.02378381 -0.02643358 0.00692119
v 0.02724135 -0.02661304 0.00829742
v 0.02498144 -0.02439499 0.00827814
v 0.02279112 -0.02235971 0.00885996
v 0.02119758 -0.02010023 0.00948331
v 0.02064971 -0.01820696 0.00879049
v 0.02405364 -0.01673329 0.00916258
v 0.02852884 -0.02473743 0.00925727
v 0.02940393 -0.02888727 0.00857142
v 0.0306645 -0.02695858 0.00954314
v 0.03223724 -0.02516488 0.00982676
v 0.03020654 -0.02298278 0.00959318
v 0.03341507 -0.02411985 0.00841988
v 0.0342939 -0.02748559 0.01018578
v 0.03546662 -0.02660349 0.00864923
v 0.03558795 -0.02679942 0.00653732
v 0.03365983 -0.02400341 0.00626823
v 0.0345161 -0.02774648 0.00447009
v 0.03257244 -0.02481668 0.0040767
v 0.03305608 -0.02887798 0.00262243
v 0.03635223 -0.03063159 0.00495511
v 0.03500232 -0.03185204 0.00324441
v 0.03338819 -0.03308383 0.00246554
v 0.03685345 -0.03472903 0.00387808
v 0.03524508 -0.03588114 0.00316925
v 0.03387941 -0.03605258 0.0042598
v 0.03209938 -0.03335575 0.00360145
v 0.03269469 -0.03595782 0.00601508
v 0.03102743 -0.0333522 0.00546657
v 0.03221053 -0.03540926 0.00798866
v 0.03042866 -0.03294883 0.00747302
v 0.03314411 -0.03374848 0.00956415
v 0.0313173 -0.03127199 0.00902408
v 0.03455645 -0.03177957 0.01057282
v 0.03264166 -0.02934348 0.01003419
v 0.03629187 -0.02992887 0.01060315
v 0.03645896 -0.03422273 0.01115765
v 0.03822033 -0.03242171 0.01119993
v 0.03938471 -0.03198166 0.00958006
v 0.03753009 -0.02913807 0.009071
v 0.03919654 -0.03252061 0.00744764
v 0.03738264 -0.02963511 0.00696082
v 0.03820561 -0.03349842 0.00547779
v 0.04100395 -0.03544778 0.00793922
v 0.04002112 -0.03642006 0.00599074
v 0.03858041 -0.03758038 0.00447201
v 0.0417319 -0.03943932 0.00644036
v 0.04017752 -0.04048736 0.00492255
v 0.03841476 -0.04137401 0.00429814
v 0.03691798 -0.03858286 0.00383888
v 0.03685586 -0.0415762 0.00534088
v 0.03540738 -0.03881565 0.00483635
v 0.03573369 -0.04136546 0.00707352
v 0.03426794 -0.03865259 0.0065662
v 0.03562729 -0.04054004 0.00906478
v 0.0340098 -0.0379152 0.00852062
v 0.03672854 -0.03878463 0.01073832
v 0.03500682 -0.03623695 0.01010381
v 0.03831889 -0.03671177 0.01187911
v 0.04009074 -0.0393539 0.01262934
v 0.04192555 -0.03796425 0.01257626
v 0.04011785 -0.03506622 0.01193829
v 0.04285797 -0.03791215 0.01061088
v 0.04107069 -0.03496537 0.01012196
v 0.04277262 -0.03846096 0.00838951
v 0.044685 -0.04091738 0.01102744
v 0.04449489 -0.0415984 0.00879434
v 0.04329873 -0.04256697 0.00683779
v 0.04643939 -0.04469046 0.00914629
v 0.044876 -0.04560602 0.00708052
v 0.04303828 -0.04638891 0.00527132
v 0.04164832 -0.04345587 0.00524151
v 0.04095498 -0.04732146 0.00506762
v 0.03976063 -0.04426559 0.004747
v 0.0389739 -0.04739574 0.00610111
v 0.03803663 -0.04446357 0.00571746
v 0.03932519 -0.05035646 0.00658209
v 0.03935051 -0.05325159 0.00706584
v 0.04400792 -0.05371007 0.00830979
v 0.04086136 -0.05387201 0.0090616
v 0.04504811 -0.05302099 0.01106938
v 0.0421589 -0.0532717 0.01146696
v 0.04758453 -0.05096343 0.01026651
v 0.04866345 -0.04760667 0.00940025
v 0.04889839 -0.04663984 0.01230812
v 0.0469308 -0.04371556 0.01154933
v -0.00640117 -0.07242768 -0.00567007
v -0.00851087 -0.07061782 -0.00558472
v -0.00978834 -0.07488384 -0.00617554
v -0.00657345 -0.07572674 -0.00618326
v -0.00305229 -0.07557984 -0.00648484
v -0.00368729 -0.07131219 -0.00565587
v -0.00575984 -0.06715404 -0.00613896
v -0.00224842 -0.07065488 -0.00781485
v -0.00280375 -0.06711346 -0.0081157
v -0.00546687 -0.06298502 -0.00716782
v -0.00834606 -0.06268687 -0.008494
v -0.00911958 -0.06604603 -0.00786444
v -0.00303868 -0.06359904 -0.00872792
v -0.0106725 -0.06924365 -0.00710667
v -0.01116468 -0.07389527 -0.01004173
v -0.01100346 -0.07207716 -0.00933287
v -0.01083828 -0.07187694 -0.01117592
v -0.01087316 -0.07364582 -0.01111327
v -0.01187311 -0.07558421 -0.00963205
v -0.01195887 -0.07312433 -0.00742877
v -0.01116342 -0.07484522 -0.01186782
v -0.00316721 -0.07534678 -0.01003913
v -0.00259626 -0.07371923 -0.0087435
v -0.00335664 -0.07777163 -0.00956221
v -0.00288146 -0.07489461 -0.01143164
v -0.00218019 -0.07323045 -0.01115291
v -0.00357221 -0.07642613 -0.01244793
v -0.01083182 -0.07219023 -0.01275851
v -0.01116532 -0.0699439 -0.01092453
v -0.01084372 -0.06930993 -0.00930016
v -0.01044196 -0.06644155 -0.01077778
v -0.01097931 -0.06919565 -0.01233626
v -0.0030819 -0.07342734 -0.01335694
v -0.00982627 -0.06276625 -0.01101657
v -0.00855763 -0.06625117 -0.01323714
v -0.00878499 -0.06932549 -0.01344985
v -0.00823907 -0.06308003 -0.01302371
v -0.0048362 -0.02245612 -0.00074561
v -0.00622123 -0.02119925 -0.00184189
v -0.00624811 -0.02353054 -0.00254695
v -0.00376582 -0.02467918 -0.00173895
v -0.00348509 -0.0216019 -0.00073305
v -0.00371491 -0.02033247 -0.00231751
v -0.0016423 -0.02237102 -0.00159483
v -0.00645859 -0.02441643 -0.0041907
v -0.00509382 -0.02765949 -0.00294872
v -0.00028546 -0.02604242 -0.00157383
v 0.00054728 -0.0230403 -0.00341624
v -0.00099215 -0.02908342 -0.00284816
v 0.00136705 -0.02668011 -0.00518426
v -0.00618886 -0.03014401 -0.00490394
v -0.00729521 -0.02945971 -0.00757556
v -0.00666099 -0.03304483 -0.00778344
v -0.00589517 -0.03393297 -0.0056651
v -0.00285772 -0.03438766 -0.00539989
v -0.00210283 -0.03159887 -0.0044379
v -0.00676751 -0.02142902 -0.00433915
v -0.00152283 -0.02039016 -0.00239925
v -0.001613 -0.02092929 -0.00429034
v -0.00457889 -0.02034939 -0.00459025
v 0.00020698 -0.02251964 -0.00597185
v -0.00176668 -0.02091216 -0.00672092
v 0.00076407 -0.02462739 -0.0076528
v 0.00011802 -0.02121909 -0.00790628
v -0.00546208 -0.02048244 -0.00690867
v -0.00072077 -0.02201249 -0.00854943
v -0.00264391 -0.02207283 -0.00821097
v -0.00593914 -0.02157305 -0.00877965
v -0.00828267 -0.02237507 -0.0082371
v -0.00804942 -0.02158115 -0.00647369
v -0.00800858 -0.02543576 -0.00795688
v -0.00753721 -0.02530972 -0.00596165
v -0.00599435 -0.02487586 -0.00910769
v -0.0006914 -0.02477168 -0.0093822
v 0.00024814 -0.02945697 -0.00814171
v -0.00121528 -0.02889102 -0.00958552
v -0.00349187 -0.02846073 -0.0094342
v -0.00308866 -0.02476351 -0.00913955
v -0.00604623 -0.02869663 -0.0092077
v -0.00389642 -0.03208588 -0.01012661
v -0.00595635 -0.0322777 -0.00962589
v -0.00434672 -0.03552986 -0.01093812
v -0.00601416 -0.03565246 -0.01022951
v -0.00667163 -0.03628886 -0.00843866
v -0.0062846 -0.03904006 -0.01094746
v -0.00685563 -0.03952091 -0.00916168
v -0.00612276 -0.04016748 -0.00730233
v -0.00594093 -0.03703693 -0.00650075
v -0.0039758 -0.04055675 -0.00669976
v -0.00349738 -0.03740774 -0.00611699
v -0.00215114 -0.04058111 -0.00765677
v -0.00137328 -0.03753325 -0.00699115
v -0.00026251 -0.03435744 -0.00641365
v 0.00066933 -0.03060067 -0.00596257
v -0.00144889 -0.03684072 -0.00871463
v -0.00058578 -0.033435 -0.00826048
v -0.00237538 -0.03607442 -0.01037539
v -0.00177789 -0.03263927 -0.0098837
v -0.00183385 -0.04007987 -0.00938785
v -0.00278724 -0.0394308 -0.01103952
v -0.00468572 -0.03899332 -0.01172899
v -0.00295973 -0.04284424 -0.01166159
v -0.00480133 -0.0425658 -0.01236643
v -0.00663251 -0.04249953 -0.01160669
v -0.00486364 -0.04614187 -0.01277845
v -0.00695147 -0.04597834 -0.01212313
v -0.00744359 -0.04615204 -0.01032226
v -0.00708205 -0.04282105 -0.00979617
v -0.0066187 -0.04656511 -0.0084457
v -0.0063486 -0.04334411 -0.00795948
v -0.00447416 -0.04692211 -0.00765279
v -0.00427642 -0.04373044 -0.00723828
v -0.00245575 -0.04694671 -0.00856594
v -0.00237948 -0.0437263 -0.00817401
v -0.0022218 -0.04663677 -0.01048496
v -0.00203663 -0.04332973 -0.01000018
v -0.00296988 -0.0463075 -0.01220006
v -0.00209053 -0.05000456 -0.01088776
v -0.00287827 -0.04979332 -0.01263859
v -0.00494748 -0.04970502 -0.01308489
v -0.00271846 -0.05332325 -0.01298943
v -0.00498606 -0.05327724 -0.01329335
v -0.00751174 -0.05297536 -0.01277182
v -0.00723012 -0.04947302 -0.01251841
v -0.00833292 -0.05281501 -0.01104905
v -0.00781229 -0.04949839 -0.01076102
v -0.00723816 -0.05300505 -0.00901886
v -0.0068759 -0.04980132 -0.00882986
v -0.00477591 -0.05332428 -0.00802378
v -0.00462987 -0.05013583 -0.00787795
v -0.00261162 -0.05351682 -0.009164
v -0.00252838 -0.05021368 -0.00892198
v -0.00198269 -0.0534431 -0.01118836
v -0.00269944 -0.05684833 -0.00921515
v -0.00193162 -0.05694279 -0.01129852
v -0.00246293 -0.05692364 -0.01318786
v -0.00174675 -0.06046354 -0.01120596
v -0.0022795 -0.06052529 -0.01309944
v -0.00499538 -0.06027777 -0.01338792
v -0.00496729 -0.05682133 -0.01334348
v -0.00794555 -0.05980842 -0.01287258
v -0.00770402 -0.05644092 -0.0128179
v -0.00942747 -0.05941875 -0.01112689
v -0.0088737 -0.0561177 -0.01115265
v -0.0078848 -0.05942541 -0.00894944
v -0.00753153 -0.05621017 -0.00910347
v -0.00519699 -0.05963433 -0.00767687
v -0.00496143 -0.05648194 -0.00803312
v -0.00285012 -0.06019837 -0.00905998
v -0.00172596 -0.06394819 -0.01098166
v -0.00189414 -0.06728653 -0.01074788
v -0.00245685 -0.06719863 -0.01287763
v -0.00229153 -0.063978 -0.0129483
v -0.00536049 -0.06677213 -0.01363076
v -0.00514494 -0.06359732 -0.01341337
v -0.00246267 -0.07027026 -0.01313337
v -0.00564789 -0.06978485 -0.01363903
v -0.00606105 -0.07303306 -0.01353674
v -0.00896117 -0.07273377 -0.01359038
v -0.0064422 -0.07698583 -0.0127083
v -0.00959149 -0.07662036 -0.01265203
v -0.0065991 -0.07832952 -0.0092613
v -0.010078 -0.07791404 -0.00922504
v -0.00155299 -0.070478 -0.01068564
v -0.00746665 -0.0168708 0.00534029
v -0.00594778 -0.01576238 0.00640577
v -0.00729434 -0.01377035 0.00403504
v -0.00875289 -0.015576 0.00377164
v -0.00807076 -0.01849024 0.00302058
v -0.00721565 -0.01874105 0.00470436
v -0.00510427 -0.01969039 0.00503638
v -0.00592289 -0.02011045 0.00217265
v -0.00562891 -0.01610942 0.00485028
v -0.00522566 -0.01774417 0.00422006
v -0.00612816 -0.01524673 0.00324718
v -0.00551409 -0.01754926 0.00259272
v -0.00697535 -0.02019022 0.00061605
v -0.00898108 -0.01873108 0.00090148
v -0.00922094 -0.01918707 -0.00073342
v -0.00623213 -0.02020505 -0.00107456
v -0.00498735 -0.01900284 0.00017969
v -0.01097303 -0.01764117 -0.00025691
v -0.01164451 -0.01751742 -0.00166313
v -0.00954016 -0.01842879 -0.00206874
v -0.00967159 -0.01517262 0.00061253
v -0.01122336 -0.01513666 -0.00103058
v -0.00704947 -0.01911438 -0.00251483
v -0.00838043 -0.01295557 -0.0002625
v -0.00828317 -0.0118598 -0.00101051
v -0.00964919 -0.01271319 -0.00122109
v -0.01002957 -0.01370656 -0.00117469
v -0.006629 -0.00936923 -0.00061587
v -0.00639745 -0.0117264 0.00019957
v -0.004609 -0.01124678 0.00051708
v -0.00466313 -0.00874268 0.00026764
v -0.00683925 -0.0130405 0.00106648
v -0.00536162 -0.01254502 0.00082185
v -0.00299628 -0.01071978 0.0004877
v -0.00236235 -0.01308091 -6.285E-05
v -0.00088385 -0.01277584 -0.00137676
v -0.00167437 -0.01015982 -0.00022765
v -0.00555964 -0.01445921 0.00148379
v -0.00472415 -0.01399024 0.00056779
v -0.01102992 -0.0133087 -0.00210824
v -0.0126051 -0.01432375 -0.0022619
v -0.00906369 -0.01127012 -0.0022822
v -0.00997854 -0.01253397 -0.0017067
v -0.01090414 -0.01792981 -0.00289104
v -0.01156606 -0.01779492 -0.00348607
v -0.01065833 -0.01783295 -0.00400046
v -0.00976698 -0.01848991 -0.00371868
v -0.01267541 -0.01660356 -0.00273687
v -0.00211315 -0.01899733 -0.00352072
v -0.00097683 -0.01906028 -0.00305831
v -0.00340435 -0.01950411 -0.00216786
v -0.00424815 -0.01907332 -0.00315244
v -0.00479597 -0.01885998 -0.00450827
v -0.00207247 -0.01878987 -0.00483797
v -0.00029899 -0.01812705 -0.00512754
v -0.01213304 -0.01807336 -0.00460457
v -0.01102136 -0.01823147 -0.00455951
v -0.01030463 -0.01886434 -0.00510234
v -0.00441774 -0.00682885 0.00020983
v -0.00271273 -0.00704605 7.126E-05
v -0.00352256 -0.00468899 -0.00060218
v -0.0054179 -0.00600518 -0.00059299
v -0.01190334 -0.01922953 -0.00608638
v -0.00123659 -0.00979714 -0.00227936
v -0.00090074 -0.01157807 -0.00419747
v -0.00193378 -0.00734881 -0.00250668
v -0.00133848 -0.00928121 -0.00399199
v -0.00340125 -0.00446008 -0.00254449
v -0.00246348 -0.01902213 -0.00675834
v -0.00083946 -0.01831697 -0.00684804
v -0.01296583 -0.01330479 -0.00541568
v -0.01130783 -0.0124479 -0.00363158
v -0.01120282 -0.01083562 -0.00510946
v -0.01226068 -0.01153071 -0.0061851
v -0.0107983 -0.0114418 -0.00737975
v -0.01095514 -0.01361369 -0.00778263
v -0.01086078 -0.01608425 -0.00800983
v -0.01304655 -0.01536588 -0.00679548
v -0.00033558 -0.01436986 -0.00414501
v -0.00064511 -0.01422647 -0.00593568
v -0.00093143 -0.01238405 -0.00624599
v -0.00151677 -0.01112537 -0.00661309
v -0.0014041 -0.01007365 -0.00569424
v -0.00163672 -0.0089049 -0.0047758
v -0.00181564 -0.0071103 -0.00468087
v -0.00046228 -0.01576896 -0.00561579
v -7.963E-05 -0.01635613 -0.0043596
v -0.00434357 -0.01905918 -0.00777255
v -0.00654707 -0.01931718 -0.00772381
v -0.00747756 -0.01924898 -0.00924431
v -0.00464185 -0.01902318 -0.00895536
v -0.01072491 -0.00990728 -0.00659204
v -0.00920092 -0.0098098 -0.00462551
v -0.00917396 -0.00900674 -0.00700718
v -0.00244482 -0.00760514 -0.00806834
v -0.00117217 -0.00815812 -0.00659002
v -0.00094282 -0.0100496 -0.00754182
v -0.00113346 -0.00949691 -0.0084994
v -0.00251742 -0.01101217 -0.00856811
v -0.00444807 -0.01062171 -0.00836289
v -0.00489631 -0.00735668 -0.00787322
v -0.00120506 -0.01167007 -0.00846882
v -0.00054845 -0.01210677 -0.00758578
v -0.0002599 -0.0143571 -0.00726769
v -0.00065717 -0.01427059 -0.00856203
v -0.00209502 -0.01398867 -0.00915248
v -0.00034676 -0.01726863 -0.00827478
v -0.00152163 -0.01647289 -0.0093425
v -0.00319689 -0.01685754 -0.00935701
v -0.00408473 -0.01382372 -0.00887294
v -0.00553398 -0.01677974 -0.00927774
v -0.0062511 -0.01384705 -0.00862506
v -0.00666952 -0.0105643 -0.00844285
v -0.00857089 -0.0139008 -0.0086025
v -0.00890414 -0.01085233 -0.00836906
v -0.00713796 -0.00810205 -0.00750706
v -0.00750258 -0.00787159 -0.00480674
v -0.00546978 -0.00596591 -0.00497065
v -0.00315765 -0.00508245 -0.00514154
v -0.0075533 -0.00836121 -0.00230869
v -0.00585911 -0.00547689 -0.00243878
v -0.00820704 -0.01669556 -0.00904574
v -0.01046511 -0.01862554 -0.00822065
v -0.00229783 -0.01902775 -0.00862679
v -0.00948849 -0.01999554 -0.00736491
v -7.51E-05 -0.01654404 -0.00646469
v -0.00046763 -0.01509031 -0.00195728
v -0.00050732 -0.01750194 -0.00222128
v -0.00181601 -0.01539904 -0.00055572
v -0.0017435 -0.01673758 -0.00090852
v -0.00285408 -0.01850614 -0.00142157
v -0.0031098 -0.01698625 -0.00068668
v -0.00409061 -0.01744805 -0.00012706
v -0.00503596 -0.01683456 0.00095904
v -0.00419207 -0.0161303 0.00019463
v -0.01302577 -0.01751588 -0.00665118
v -0.00539134 -0.0191134 -0.00607355
v -0.00816705 -0.01928369 -0.00581967
v -0.00741948 -0.01911948 -0.00428493
v -0.01324313 -0.01646866 -0.00464185
v -0.00342924 -0.00874776 0.00055759
v -0.00366281 -0.01341115 0.00016273
v -0.00321994 -0.01557205 -0.00040777
v -0.00419367 -0.00295618 0.00607969
v -0.00355819 -0.00438578 0.00590434
v -0.00199209 -0.00283625 0.00630965
v -0.00351761 -0.00143407 0.00656007
v -0.00532212 -0.00072911 0.00592042
v -0.00553353 -0.0029556 0.00559427
v -0.00533316 -0.00505818 0.00502469
v 0.00058223 -0.00507466 0.00398247
v 0.00014115 -0.00319239 0.00478648
v -0.0011324 -0.00463646 0.0053419
v -0.00026006 -0.00644273 0.00424644
v -0.00047365 -0.00596393 0.00308339
v -0.0019875 -0.00594846 0.00298018
v -0.00202863 -0.0040815 0.00189344
v -5.048E-05 -0.00429559 0.00217852
v -0.00201426 -0.00748 0.00367631
v -0.00800444 -0.00212648 0.0038222
v -0.00877243 -0.0033651 0.00285736
v -0.00709172 -0.00469513 0.00383667
v -0.00698709 -0.00263734 0.00472761
v -0.0070829 -0.00033051 0.005196
v -0.00877649 -0.00041046 0.00422321
v -0.00487987 -0.00535459 0.00146452
v -0.00575971 -0.00643469 0.00145382
v -0.00672428 -0.00528081 0.00012205
v -0.00507658 -0.00433181 0.00076674
v -0.0035387 -0.00410508 0.00144522
v -0.00370081 -0.00565429 0.00229411
v -0.0086153 -0.00443011 0.00064619
v -0.01028434 -0.00191726 0.00036917
v -0.0107099 -0.00057931 -0.0014687
v -0.00897431 -0.0032754 -0.00137874
v -0.00674819 -0.00619605 0.00239793
v -0.01089316 -0.00072444 0.00216537
v -0.00683294 -0.00445749 -0.00115224
v -0.00391093 0.00331202 0.00402807
v -0.00191975 0.0024889 0.00374065
v -0.00243853 0.0035579 0.00084773
v -0.00564512 0.00458793 0.00201686
v -0.00265328 -0.00280281 0.00020466
v -0.00399962 -0.0029082 -0.00158299
v -0.0014518 -0.00275237 -0.00159846
v -0.00085905 -0.00299806 6.89E-05
v -0.00847858 0.00465213 0.00130849
v -0.00874041 0.00240804 0.0035942
v -0.00670177 0.0025918 0.00461164
v -0.00550186 0.00477698 -0.00135413
v -0.00777113 0.0047583 -0.00112262
v -0.00857251 0.00423026 -0.00284198
v -0.01071714 0.0041706 0.00012756
v -0.00342913 -0.00334731 -0.00442975
v -0.00174637 -0.00343608 -0.00470412
v -0.00162073 -0.00282965 -0.00316234
v -0.0039136 -0.00303038 -0.00331939
v -0.0095092 0.00263981 -0.00419653
v -0.01200795 0.0021147 -0.00107962
v -0.00954804 -0.00044 -0.00434131
v -0.00101415 -0.0001644 -0.00514188
v -0.00117008 0.00080745 -0.00361291
v -0.00051739 -0.00155383 -0.0033098
v -0.000385 -0.00238098 -0.00542183
v -0.0008333 -0.0014315 -0.00700253
v -0.00289633 0.00123024 -0.00594386
v -0.00667601 -0.00122147 -0.00591596
v -0.00689071 0.00045452 -0.00570779
v -0.0042857 -0.0002673 -0.00665128
v -0.00515005 -0.00264671 -0.00699606
v -0.00805229 -0.00202428 -0.00576794
v -0.00635436 0.00241105 -0.00528087
v -0.00179032 -0.00467493 -0.00610075
v -0.00013961 -0.00419238 -0.00615914
v -0.00044286 -0.00358863 -0.00700261
v -0.00211216 -0.00364823 -0.00732944
v -0.00563931 0.00388155 -0.00384895
v -0.00280353 0.0028346 -0.00408907
v -0.00235944 -0.00151787 -0.00716454
v -0.00409092 -0.00436531 -0.00567039
v -0.00573827 -0.00419306 -0.00426144
v -0.00740372 -0.00376236 -0.00539241
v -0.00649413 -0.00427396 -0.00260834
v -0.00852388 -0.00319777 -0.00327713
v -0.00133338 0.00154441 -0.00167836
v -0.0005879 -0.00107196 -0.001556
v -0.00095914 0.00150171 0.00052558
v -0.0005102 -0.00113617 0.00034505
v -0.00043679 0.00066054 0.00325109
v 7.444E-05 -0.00198707 0.00264974
v -0.00242546 0.00075915 0.00590368
v -0.00069084 -0.00093293 0.00546696
v -0.00454967 0.00187003 0.00560286
v -0.01043847 0.0019701 0.00238695
v -0.00269508 0.00379282 -0.00178319
v -0.00490423 -0.00343136 -0.00030105
v -0.00355316 -0.00320083 0.00040605
v -0.00406154 -0.00728348 0.00274803
v -0.00470885 -0.00656633 0.0038671
v -0.00276074 -0.00594063 0.00491209
v -0.0120452 -0.01601221 0.0084171
v -0.01266873 -0.01629621 0.00860489
v -0.01242308 -0.0170504 0.00751965
v -0.01158662 -0.01637929 0.00772199
v -0.01170678 -0.01497361 0.00889968
v -0.01255614 -0.01492319 0.00941755
v -0.01532383 -0.01299441 0.00940323
v -0.01554275 -0.01219894 0.00927033
v -0.01605958 -0.0128782 0.00848362
v -0.01557737 -0.0137819 0.0089762
v -0.01340771 -0.01757632 0.00611491
v -0.01210279 -0.01694787 0.00639603
v -0.01346141 -0.01734377 0.00753593
v -0.01334655 -0.01639365 0.00496975
v -0.01215421 -0.01550314 0.00554349
v -0.01069199 -0.01509264 0.00732752
v -0.01103479 -0.01511628 0.00811999
v -0.01119984 -0.0159848 0.00676122
v -0.01691213 -0.01061076 0.00660214
v -0.01683917 -0.01148053 0.00689185
v -0.01649282 -0.01094615 0.00775708
v -0.01673307 -0.01003502 0.00715498
v -0.01714619 -0.00996554 0.00566487
v -0.01718458 -0.01171619 0.00565315
v -0.01594818 -0.00743926 0.00742679
v -0.01627775 -0.0074107 0.00673711
v -0.01639977 -0.00858041 0.00709907
v -0.01579463 -0.00814467 0.00787977
v -0.01336597 -0.0068264 0.00841744
v -0.0133034 -0.00657574 0.00772237
v -0.01441227 -0.00615817 0.00770839
v -0.01412435 -0.00681461 0.00854302
v -0.0169253 -0.0164173 0.00462027
v -0.01636181 -0.01651881 0.00548197
v -0.01678652 -0.01544262 0.00538796
v -0.01736229 -0.01565146 0.00444286
v -0.01735045 -0.01580428 0.00364776
v -0.01675377 -0.0168929 0.00409765
v -0.01567429 -0.01726952 0.00521233
v -0.01741919 -0.01361612 0.00487425
v -0.01714847 -0.01440732 0.0050893
v -0.01695722 -0.01391437 0.00582611
v -0.01736508 -0.01292404 0.0051836
v -0.0176369 -0.01229556 0.0043106
v -0.01768063 -0.01347539 0.00423504
v -0.01759344 -0.01456743 0.00429554
v -0.01751877 -0.01073555 0.00442403
v -0.01724701 -0.00880169 0.00472595
v -0.01695768 -0.01318135 0.00650022
v -0.01082081 -0.01389235 0.00607823
v -0.01044138 -0.01361747 0.00737636
v -0.01048486 -0.01211809 0.00618523
v -0.01038114 -0.01207777 0.00742257
v -0.01121241 -0.01363276 0.00464679
v -0.0108511 -0.01207532 0.00494066
v -0.01562082 -0.01630318 0.00373031
v -0.01464041 -0.01655784 0.00426951
v -0.01500065 -0.01736881 0.00473502
v -0.01617246 -0.01671479 0.00378029
v -0.01656918 -0.01567266 0.00345027
v -0.01561557 -0.01562693 0.00345898
v -0.01447197 -0.01580299 0.00359324
v -0.01239469 -0.01467109 0.00336978
v -0.01336198 -0.01488704 0.00311268
v -0.01314887 -0.01357421 0.00329774
v -0.01196133 -0.01355801 0.00353664
v -0.01628846 -0.01340208 0.00288869
v -0.01653662 -0.01471759 0.0031628
v -0.01739679 -0.01459387 0.00350377
v -0.01733559 -0.01339902 0.00338268
v -0.0152789 -0.01378004 0.0029598
v -0.01554198 -0.01486567 0.00299542
v -0.01486485 -0.01289052 0.00312697
v -0.01513479 -0.01228049 0.00317078
v -0.01547358 -0.01053175 0.00331258
v -0.01477857 -0.00968829 0.00354453
v -0.01427803 -0.01058919 0.00369977
v -0.0153489 -0.01131963 0.00336032
v -0.01637222 -0.01180135 0.00302694
v -0.01619092 -0.01041821 0.00314045
v -0.01558022 -0.00903338 0.003313
v -0.01631937 -0.00730121 0.00444225
v -0.01547433 -0.00676077 0.00428362
v -0.01519164 -0.00728662 0.00350439
v -0.01649989 -0.00827799 0.0036228
v -0.01672271 -0.00744886 0.00555277
v -0.01570211 -0.00637772 0.00538791
v -0.01293886 -0.0074938 0.00411165
v -0.01251263 -0.00827177 0.00431679
v -0.01375051 -0.00856617 0.00388446
v -0.01385242 -0.0073297 0.00379717
v -0.01196919 -0.00937874 0.00431012
v -0.01313822 -0.00987505 0.00403374
v -0.01483696 -0.00815936 0.00353251
v -0.0128104 -0.01106351 0.00376801
v -0.01400217 -0.0115966 0.00348307
v -0.01162138 -0.01070374 0.00406041
v -0.01162297 -0.01214739 0.00376797
v -0.01283931 -0.01230235 0.00353937
v -0.01119724 -0.00893895 0.00517491
v -0.01077274 -0.01047027 0.00514656
v -0.01123014 -0.0089623 0.00620075
v -0.01053874 -0.0105274 0.00626668
v -0.01100374 -0.00895032 0.00729724
v -0.01047958 -0.01055076 0.00747039
v -0.01101224 -0.00886841 0.00845672
v -0.01056211 -0.0104205 0.00871662
v -0.01048065 -0.01198095 0.00875559
v -0.01070408 -0.01355513 0.00851467
v -0.0112249 -0.01018901 0.00976762
v -0.01111987 -0.01180837 0.00983314
v -0.01134314 -0.01346407 0.00947423
v -0.01218504 -0.01166595 0.01045108
v -0.01228519 -0.01335545 0.01012103
v -0.01342787 -0.01164465 0.01043268
v -0.01341769 -0.01318792 0.0102399
v -0.01359329 -0.01478178 0.00961876
v -0.01367097 -0.01627065 0.00872518
v -0.01453437 -0.0131029 0.00988715
v -0.01465392 -0.01439475 0.00943751
v -0.01478858 -0.01569093 0.00864207
v -0.01473399 -0.01673747 0.00764293
v -0.01578597 -0.01480081 0.00831368
v -0.01587505 -0.01572253 0.00749254
v -0.0158954 -0.01627 0.00653785
v -0.01484833 -0.01724344 0.00647989
v -0.01638504 -0.01366893 0.00775724
v -0.0165513 -0.01443354 0.00705607
v -0.01646062 -0.01503972 0.00626194
v -0.0166607 -0.01252765 0.00730063
v -0.01627435 -0.01189192 0.00811736
v -0.01571037 -0.01121167 0.00899182
v -0.01595889 -0.01027878 0.0085403
v -0.0147678 -0.01067038 0.00970048
v -0.01505566 -0.00966471 0.0092252
v -0.01545014 -0.00883225 0.0085923
v -0.01620515 -0.00944999 0.00783976
v -0.01680604 -0.00898454 0.00627404
v -0.01396258 -0.00908318 0.00974872
v -0.0144765 -0.00816763 0.00912091
v -0.01506007 -0.00734407 0.0084304
v -0.01340909 -0.00765485 0.0092787
v -0.0153892 -0.00670304 0.00760132
v -0.0145592 -0.00604027 0.00652337
v -0.01562783 -0.00638665 0.00659803
v -0.01444977 -0.00620075 0.00539827
v -0.0132123 -0.00664182 0.00560816
v -0.01283548 -0.00674286 0.00462666
v -0.01414084 -0.00657195 0.00440445
v -0.01337924 -0.0065788 0.0067055
v -0.01207146 -0.00754906 0.00704763
v -0.01215998 -0.00761585 0.00599023
v -0.01192822 -0.00740555 0.00814274
v -0.01244405 -0.00745545 0.00895523
v -0.01160299 -0.00869183 0.00945336
v -0.01271654 -0.00868539 0.0099432
v -0.01233651 -0.01006619 0.01033472
v -0.01362112 -0.01022263 0.01025286
v -0.01458764 -0.01184397 0.00993499
v -0.01188899 -0.00766302 0.00497956
v -0.01424386 -0.01375529 0.00310676
v -0.01400455 -0.01262254 0.00330078
v -0.01443589 -0.01497127 0.00298321
v -0.01330933 -0.01571476 0.00383659
v -0.01220069 -0.01508559 0.00412841
v -0.01712305 -0.01032562 0.00347781
v -0.01729811 -0.01200789 0.00340172
v 0.01511156 -0.0034895 0.00539341
v 0.01451162 -0.00561478 0.0061305
v 0.01676959 -0.00516268 0.00575618
v 0.01662688 -0.00357478 0.00458406
v 0.01399699 -0.00202637 0.00357523
v 0.01245534 -0.00304548 0.00487371
v 0.01736602 -0.00607708 0.00504883
v 0.01772588 -0.00501098 0.00331685
v 0.01644 -0.00734663 0.00042488
v 0.01543207 -0.0076494 -0.00098072
v 0.01538155 -0.0050584 -0.00161029
v 0.0165761 -0.00566781 0.0003929
v 0.01702417 -0.00677335 0.00267132
v 0.01610601 -0.00848161 0.0018652
v 0.01513425 -0.00968728 0.00052872
v 0.0095152 -0.00674101 -0.00025839
v 0.008601 -0.0049879 -0.00043483
v 0.00929565 -0.00548231 -0.0021115
v 0.01019536 -0.0077652 -0.00132734
v 0.01051115 -0.00984221 0.00053344
v 0.00906916 -0.00753529 0.00105413
v 0.00779418 -0.00511302 0.0012558
v 0.01385224 -0.00980745 -0.00084581
v 0.0123863 -0.0108527 -0.00032583
v 0.01157746 -0.0082791 -0.00250491
v 0.01366016 -0.00783127 -0.00214735
v 0.01331458 -0.01072335 0.00210214
v -0.00034276 5.603E-05 0.00047949
v -0.00090486 0.00203806 0.00047611
v -0.00093309 0.00084556 -0.00239627
v 4.416E-05 -0.00091238 -0.00132484
v 0.01045638 0.002934 5.57E-05
v 0.00905987 0.00141373 0.00306502
v 0.01110791 -0.00098168 0.00329185
v 0.0124506 -0.00010698 0.00132057
v 0.0142519 -0.0003973 -0.0003243
v 0.01244248 0.00088961 -0.00227603
v 0.01034319 0.00139305 -0.00395428
v 0.00932533 0.0028356 -0.00242816
v 0.00346552 -0.00305043 -0.00352491
v 0.00269908 -0.0021954 -0.00216112
v 0.00089109 -0.00216034 -0.00334787
v 0.0028385 -0.00363939 -0.00487033
v 0.0054603 -0.00358504 -0.00349155
v 0.00482574 -0.00247845 -0.00149111
v 0.01082923 -0.00467205 -0.0033153
v 0.0134018 -0.0048877 -0.00296965
v 0.01074092 -0.00146973 -0.00367849
v 0.01302613 -0.00197354 -0.00283
v 0.0079704 0.00108507 -0.00447166
v 0.00721611 0.00320042 -0.00264828
v 0.00094372 0.0029307 -0.00355692
v 0.00167667 0.00222324 -0.00444744
v 0.0009086 0.00113523 -0.00521356
v -0.00042274 0.00242891 -0.00316945
v 0.00308082 0.0025777 -0.00415651
v 0.00332241 0.00068398 -0.0056047
v 0.00192126 0.00389348 -0.00254998
v 0.00389717 0.00472654 -0.00100058
v 0.00501174 0.0030825 -0.0034276
v 0.00030878 0.00372484 -0.000696
v 0.00255965 0.00424849 0.00164797
v 0.00590318 0.0034722 0.00308693
v 0.00667148 0.00444899 1.042E-05
v 0.00144141 0.00215908 0.0031518
v 0.00481772 0.00098488 0.00413632
v 0.00752754 -0.00088763 0.00389989
v 0.00135752 -0.0003942 0.00190509
v 0.00377391 -0.00133837 0.00311543
v 0.00629039 -0.0027868 0.00319398
v 0.00803698 -0.00474023 0.00307626
v 0.00938605 -0.00302454 0.00376661
v 0.00397994 -0.0020576 0.00077768
v 0.00619184 -0.00308035 0.00122014
v 0.00685437 -0.00336752 -0.00085833
v 0.0076302 -0.00419759 -0.00280507
v 0.00605643 -0.00427385 -0.00523861
v 0.00852478 -0.00358335 -0.00422903
v 0.00601088 -0.00186593 -0.0057512
v 0.00854717 -0.00145011 -0.00475673
v 0.00570771 0.0007906 -0.00521381
v 0.00306379 -0.0016998 -0.00587438
v 0.00024303 -0.00068705 -0.00492394
v 0.00173816 -0.00179526 -0.00019523
v 0.01090152 -0.00523477 0.00440549
v 0.00952574 -0.00714965 0.0031774
v 0.01109448 -0.00960566 0.00309439
v 0.01257467 -0.00776419 0.00496655
v 0.01467504 -0.00892813 0.00371819
v 0.01501541 -0.00255734 -0.00146033
v 0.01660338 -0.00350019 0.00068686
v 0.0156228 -0.00187119 0.001956
v 0.01614808 -0.00733162 0.0047553
v 0.02705117 -0.08168557 -0.00426732
v 0.0249991 -0.08084173 -0.0045729
v 0.02409269 -0.084853 -0.00520287
v 0.027196 -0.08457752 -0.00477575
v 0.0300747 -0.08306956 -0.00477305
v 0.02924103 -0.0800034 -0.00353942
v 0.0272898 -0.07771335 -0.00411828
v 0.02979171 -0.08573386 -0.00638081
v 0.02754775 -0.08715088 -0.00719472
v 0.03171129 -0.08490009 -0.00769032
v 0.03290867 -0.08137366 -0.00526145
v 0.02882981 -0.08639723 -0.00990272
v 0.02460054 -0.07566482 -0.00488631
v 0.02203685 -0.07991124 -0.00448647
v 0.02870007 -0.07407018 -0.00571837
v 0.02750526 -0.07153917 -0.00651971
v 0.02411354 -0.07205628 -0.00532662
v 0.03053401 -0.07602459 -0.00456862
v 0.03184608 -0.0785059 -0.00373331
v 0.03176669 -0.07856046 -0.00681509
v 0.022099 -0.08432481 -0.00907706
v 0.02154013 -0.08266301 -0.00798712
v 0.02142936 -0.08208735 -0.01029928
v 0.02210518 -0.08388702 -0.01029469
v 0.02210986 -0.08632188 -0.00889606
v 0.02134734 -0.08423001 -0.00609347
v 0.02250226 -0.08541552 -0.01145793
v 0.0222124 -0.0825424 -0.01263784
v 0.03069023 -0.07574341 -0.0086015
v 0.02967434 -0.07174107 -0.00906802
v 0.03145849 -0.0817167 -0.00885201
v 0.03174916 -0.07919406 -0.00986546
v 0.02941914 -0.08310056 -0.01123299
v 0.02984328 -0.07954848 -0.01197185
v 0.02958729 -0.0757838 -0.01188839
v 0.01082978 -0.02419994 0.00341065
v 0.00951551 -0.02246561 0.00132156
v 0.00894837 -0.02517773 0.00072669
v 0.0104515 -0.02620233 0.00297051
v 0.0134558 -0.02496812 0.00283755
v 0.01261654 -0.02294297 0.00096872
v 0.00972684 -0.02749632 0.00039797
v 0.0124519 -0.02849515 0.00241891
v 0.01166243 -0.03110251 -0.00169096
v 0.01573691 -0.03200525 0.00046619
v 0.01692023 -0.0288149 0.00254577
v 0.01065209 -0.02706128 -0.00215619
v 0.00905818 -0.02426239 -0.00230838
v 0.01127525 -0.02646558 -0.00513118
v 0.01257415 -0.03010557 -0.00532333
v 0.01416287 -0.03326945 -0.00554461
v 0.01294173 -0.03444398 -0.00311573
v 0.0223542 -0.02380342 -0.00288653
v 0.02209381 -0.02309406 -0.00077721
v 0.02262036 -0.02674116 -0.00073431
v 0.0227056 -0.02629443 -0.00353054
v 0.01968463 -0.02534528 -0.0059865
v 0.02076329 -0.02275551 -0.00408628
v 0.0202678 -0.02080924 -0.00205947
v 0.01234313 -0.02151964 -0.00404009
v 0.01220613 -0.02201106 -0.00175728
v 0.01480993 -0.02241693 -0.0021025
v 0.01459923 -0.02189873 -0.00487289
v 0.01050654 -0.02140231 -0.00528279
v 0.0094152 -0.02139939 -0.00198494
v 0.01016321 -0.02373568 -0.00459248
v 0.0140062 -0.02459938 -0.00708863
v 0.01883568 -0.02037747 -0.00347175
v 0.01879225 -0.02175191 -0.00491914
v 0.01706125 -0.02134877 -0.002724
v 0.01794891 -0.02147153 -0.00040302
v 0.0168047 -0.02177477 -0.00466717
v 0.02209586 -0.02936202 -0.00407428
v 0.01980953 -0.02889145 -0.00633282
v 0.01752802 -0.02328409 -0.00624205
v 0.01658786 -0.02308661 -0.00545919
v 0.01538317 -0.02333766 -0.00564467
v 0.0153999 -0.02392908 -0.00642598
v 0.01572103 -0.029138 -0.00677908
v 0.02006319 -0.03193362 -0.0068354
v 0.01678639 -0.03237775 -0.00695662
v 0.0204505 -0.03503118 -0.00739843
v 0.01770842 -0.0354805 -0.00746876
v 0.01526787 -0.03648907 -0.00623356
v 0.01419969 -0.03766114 -0.0039972
v 0.01853499 -0.03863865 -0.00821312
v 0.01636428 -0.03964154 -0.00690562
v 0.01539528 -0.04072628 -0.00479861
v 0.01711369 -0.04093579 -0.00294699
v 0.01649272 -0.03784735 -0.00209576
v 0.01733128 -0.04276636 -0.00760385
v 0.01643806 -0.04373239 -0.00559658
v 0.01765915 -0.04408882 -0.00367634
v 0.02047599 -0.04374681 -0.00322855
v 0.02018445 -0.04066496 -0.00232304
v 0.01734165 -0.04678416 -0.0063753
v 0.01820006 -0.04726379 -0.0043562
v 0.02085555 -0.04685853 -0.00399696
v 0.02294343 -0.04598582 -0.00531713
v 0.02240935 -0.04281604 -0.00470818
v 0.01876912 -0.05042778 -0.00507767
v 0.02133984 -0.04999153 -0.00464914
v 0.02358991 -0.04917857 -0.00577274
v 0.02465758 -0.04844439 -0.0076626
v 0.0239651 -0.04517007 -0.0072022
v 0.02191171 -0.05315541 -0.00511388
v 0.02420422 -0.05240947 -0.00621414
v 0.02534278 -0.05173218 -0.00808959
v 0.02395072 -0.05155511 -0.01019009
v 0.02316967 -0.04822367 -0.00968164
v 0.02474303 -0.05568176 -0.00661201
v 0.02600109 -0.05504052 -0.00849263
v 0.02473656 -0.05490987 -0.01066653
v 0.02190216 -0.05531605 -0.01141362
v 0.02128944 -0.05187637 -0.01099249
v 0.02670037 -0.05836197 -0.00882127
v 0.02546406 -0.05830551 -0.01102578
v 0.02249596 -0.05875653 -0.01176535
v 0.01971107 -0.0591137 -0.01137499
v 0.01936697 -0.05569357 -0.01074243
v 0.02620808 -0.06170075 -0.01133006
v 0.0231345 -0.06220165 -0.01207213
v 0.02018124 -0.06256565 -0.01182269
v 0.01971028 -0.06287106 -0.0095007
v 0.01932648 -0.0595306 -0.00911812
v 0.02378505 -0.06566381 -0.01236896
v 0.02058964 -0.06600309 -0.01216065
v 0.02011113 -0.06618804 -0.00978101
v 0.02083504 -0.06613472 -0.0071359
v 0.0204585 -0.0629252 -0.00701984
v 0.02098576 -0.06942104 -0.01236005
v 0.02031933 -0.06950475 -0.00997772
v 0.02119517 -0.0693581 -0.00715683
v 0.02366127 -0.06890447 -0.00566597
v 0.02337294 -0.06577038 -0.00590865
v 0.02046615 -0.07277755 -0.01006858
v 0.0214538 -0.07259098 -0.00713674
v 0.02062662 -0.07600158 -0.01007308
v 0.02132415 -0.07591235 -0.00702904
v 0.02062474 -0.07920509 -0.01016162
v 0.02095731 -0.07952683 -0.00710148
v 0.0216783 -0.07591484 -0.0126535
v 0.02177107 -0.07912233 -0.01271956
v 0.02570904 -0.07587092 -0.01264612
v 0.02584255 -0.07914312 -0.01253252
v 0.02584704 -0.08274891 -0.01235366
v 0.02551824 -0.08654562 -0.01136713
v 0.02458483 -0.08747407 -0.00817385
v 0.02137606 -0.07272535 -0.01252909
v 0.02516711 -0.07252584 -0.01271428
v 0.02882834 -0.0720468 -0.01197906
v 0.02447736 -0.06911766 -0.01258826
v 0.02789896 -0.06854357 -0.01181671
v 0.02884704 -0.06835573 -0.00928204
v 0.02700484 -0.06510925 -0.01159831
v 0.02811548 -0.06503928 -0.00924108
v 0.02614751 -0.0654581 -0.00714798
v 0.02667652 -0.06859831 -0.00701522
v 0.02743011 -0.06169359 -0.00906428
v 0.02574643 -0.06221905 -0.00706526
v 0.02311067 -0.06262585 -0.00593149
v 0.02530671 -0.05894991 -0.00686366
v 0.02278629 -0.05948462 -0.00584936
v 0.02012599 -0.05973996 -0.00678674
v 0.02239636 -0.05634196 -0.00550694
v 0.01985181 -0.05659929 -0.00639548
v 0.01898669 -0.05623131 -0.00858428
v 0.01936192 -0.05352641 -0.00578293
v 0.01862797 -0.05301997 -0.00790465
v 0.01901161 -0.05236557 -0.010011
v 0.01802174 -0.04988768 -0.0071562
v 0.01856914 -0.0491125 -0.0092282
v 0.02063932 -0.04847838 -0.01042168
v 0.01806388 -0.04591861 -0.00839887
v 0.01997847 -0.04512899 -0.00975213
v 0.02242947 -0.04488939 -0.00915598
v 0.0193053 -0.04185766 -0.00897475
v 0.02172053 -0.04155528 -0.00859486
v 0.02325975 -0.04190825 -0.00668073
v 0.0210459 -0.03824495 -0.00801596
v 0.02257698 -0.03870019 -0.00607615
v 0.02207383 -0.03965573 -0.00393914
v 0.02214172 -0.03552941 -0.00541233
v 0.02180919 -0.03650709 -0.0031523
v 0.0198933 -0.03760081 -0.00143102
v 0.02155235 -0.03334317 -0.00240761
v 0.01970789 -0.03462344 -0.00046882
v 0.01584375 -0.03485169 -0.00104859
v 0.0199207 -0.03157941 0.00056044
v 0.02171487 -0.03012825 -0.00161399
v 0.02010737 -0.02783565 0.00108342
v 0.01954182 -0.02394795 0.00095766
v 0.01677904 -0.02486053 0.00244944
v 0.0155264 -0.02306384 0.00050649
v 0.02189081 -0.03242403 -0.00471918
v 0.01195493 -0.07568507 -0.00468305
v 0.01115212 -0.07861439 -0.00483418
v 0.01441312 -0.07894123 -0.00520568
v 0.01451436 -0.07521781 -0.00487161
v 0.00974462 -0.07270457 -0.00518989
v 0.00763218 -0.07733842 -0.00480111
v 0.01339103 -0.07184413 -0.00622385
v 0.01252325 -0.06860784 -0.00747863
v 0.00968824 -0.06846441 -0.00610455
v 0.00650478 -0.06843935 -0.00653703
v 0.00572238 -0.07201795 -0.00602436
v 0.01519568 -0.07553369 -0.00674675
v 0.01500527 -0.07790603 -0.00737874
v 0.01463858 -0.07315643 -0.00900396
v 0.01429705 -0.07660244 -0.00981782
v 0.01369072 -0.08160257 -0.00925288
v 0.01417337 -0.08020756 -0.00836038
v 0.01372737 -0.0821434 -0.00662254
v 0.01297614 -0.08345281 -0.00898977
v 0.01274047 -0.08241674 -0.01130992
v 0.01323849 -0.08098258 -0.0102576
v 0.01346482 -0.07908746 -0.01018267
v 0.00453173 -0.08224515 -0.00969223
v 0.00382878 -0.08040611 -0.00763835
v 0.00480121 -0.0787514 -0.00959334
v 0.00543122 -0.08082344 -0.01132355
v 0.01295013 -0.0794537 -0.01215768
v 0.00476972 -0.07780457 -0.01112185
v 0.00406395 -0.0758042 -0.00845913
v 0.00395016 -0.07564753 -0.011011
v 0.00413019 -0.07592818 -0.01350558
v 0.00530405 -0.0787416 -0.01269448
v 0.01382345 -0.07645486 -0.01241099
v 0.01414996 -0.0730458 -0.01210611
v 0.01403954 -0.06923347 -0.00987488
v 0.01406314 -0.0695987 -0.01219106
v 0.00570633 -0.02250495 -0.00044059
v 0.00675867 -0.02519767 -0.00018195
v 0.00854088 -0.02403958 -0.00282849
v 0.00682447 -0.02167843 -0.00260865
v 0.00472782 -0.02149409 -0.00338992
v 0.00271122 -0.02179558 -0.00188415
v 0.00254322 -0.0248248 -0.00190794
v 0.0051912 -0.02125337 -0.00594108
v 0.00229059 -0.02154707 -0.00581344
v 0.00189314 -0.02658965 -0.00775173
v 0.00288822 -0.02682544 -0.00551643
v 0.0012937 -0.02367173 -0.00567795
v 0.00068999 -0.02376841 -0.0096749
v 0.00127282 -0.02878458 -0.01085724
v 0.0017398 -0.02933421 -0.00822453
v 0.00303998 -0.02988262 -0.00582515
v 0.01215126 -0.02231485 -0.00763511
v 0.00935242 -0.02155939 -0.00974554
v 0.01065629 -0.01952865 -0.00901911
v 0.01094906 -0.02083249 -0.00704676
v 0.01142853 -0.02514582 -0.00654717
v 0.01071254 -0.02486997 -0.00980494
v 0.01007552 -0.02278836 -0.00549361
v 0.00714905 -0.02045166 -0.0072484
v 0.00788741 -0.019945 -0.00767381
v 0.00775522 -0.01959523 -0.00891522
v 0.00564732 -0.02074575 -0.00838264
v 0.00779296 -0.0208066 -0.00560424
v 0.00903456 -0.01936951 -0.00701763
v 0.00932626 -0.0181886 -0.00867965
v 0.00293189 -0.02145361 -0.00895539
v 0.00418175 -0.02279154 -0.00987534
v 0.00391186 -0.02468123 -0.0105795
v 0.00625874 -0.02255743 -0.00951308
v 0.0071807 -0.02505494 -0.01014802
v 0.00808973 -0.02833208 -0.01022685
v 0.00450478 -0.02844831 -0.01105159
v 0.01169015 -0.02840588 -0.00976324
v 0.01165064 -0.03190834 -0.00973992
v 0.00876555 -0.03161681 -0.01055055
v 0.01205363 -0.02885162 -0.00709407
v 0.01196644 -0.03227472 -0.00773551
v 0.01189456 -0.0357633 -0.00819319
v 0.01141752 -0.03535976 -0.00992493
v 0.01027003 -0.02972117 -0.00479667
v 0.01007448 -0.03273059 -0.00606649
v 0.01007156 -0.03597696 -0.00685966
v 0.01010779 -0.03930795 -0.00736404
v 0.01163532 -0.03914254 -0.0086754
v 0.00819364 -0.03368545 -0.00444497
v 0.00825347 -0.03654769 -0.00543145
v 0.00829643 -0.0396042 -0.00614722
v 0.00835865 -0.04279679 -0.0065853
v 0.01013252 -0.04262198 -0.00773511
v 0.00568337 -0.03667006 -0.00551618
v 0.00600663 -0.03970088 -0.00612538
v 0.00618721 -0.04286049 -0.00653497
v 0.00633353 -0.0460852 -0.00686649
v 0.00845177 -0.04604657 -0.0068819
v 0.00461548 -0.0394995 -0.00759762
v 0.004907 -0.04272207 -0.00798819
v 0.00513503 -0.04596316 -0.0083405
v 0.00518369 -0.04925005 -0.00863228
v 0.00639273 -0.04936012 -0.00706932
v 0.00471108 -0.04246019 -0.00983971
v 0.005004 -0.04571905 -0.01019268
v 0.00505181 -0.04902016 -0.01054138
v 0.00511728 -0.05234375 -0.01092817
v 0.00531244 -0.05254372 -0.00894046
v 0.00555443 -0.04545306 -0.01195872
v 0.00553863 -0.04881524 -0.01233619
v 0.0054201 -0.05219223 -0.01275595
v 0.00520327 -0.05564209 -0.01315654
v 0.0048492 -0.05569148 -0.01128536
v 0.00738713 -0.04884347 -0.01321089
v 0.00741772 -0.05234591 -0.01341457
v 0.00746303 -0.05586331 -0.01347618
v 0.00762789 -0.0593706 -0.01357672
v 0.00509161 -0.05918425 -0.01340224
v 0.0099028 -0.05231782 -0.0131689
v 0.01012953 -0.05578917 -0.01322715
v 0.01047118 -0.05923525 -0.01319728
v 0.01084612 -0.06270428 -0.01313914
v 0.00785222 -0.06281482 -0.01358617
v 0.01227902 -0.05551751 -0.01221124
v 0.01279833 -0.05893646 -0.01237857
v 0.01333031 -0.06245231 -0.01240807
v 0.01375985 -0.06603995 -0.01232868
v 0.01112326 -0.06618921 -0.01315192
v 0.01276425 -0.05893702 -0.01040908
v 0.01317822 -0.06234209 -0.01043819
v 0.01361029 -0.06578565 -0.01027658
v 0.0117256 -0.06220778 -0.00845892
v 0.01212112 -0.06541964 -0.00812364
v 0.00947155 -0.06205622 -0.00696291
v 0.0096419 -0.0651994 -0.00663072
v 0.00671079 -0.06210592 -0.00723406
v 0.00674007 -0.0652274 -0.00698696
v 0.00516786 -0.0623115 -0.00928767
v 0.00506248 -0.06554269 -0.00909256
v 0.00490092 -0.06884383 -0.00877076
v 0.00441648 -0.07224671 -0.00840963
v 0.00432805 -0.06582587 -0.01140842
v 0.00408299 -0.06915067 -0.01117899
v 0.00399201 -0.07248103 -0.01103774
v 0.00503104 -0.0692952 -0.01319968
v 0.00462289 -0.07248666 -0.01330897
v 0.00796086 -0.06944633 -0.01354866
v 0.00760748 -0.07261699 -0.01363441
v 0.00722635 -0.07581274 -0.01370613
v 0.00728041 -0.07941777 -0.0137036
v 0.01098225 -0.07282807 -0.01313574
v 0.01048961 -0.07589114 -0.01296368
v 0.01014614 -0.07931536 -0.01284108
v 0.01005101 -0.08312364 -0.01192825
v 0.0070175 -0.08296724 -0.01234108
v 0.00662261 -0.08405282 -0.00923156
v 0.01001128 -0.08426287 -0.00881525
v 0.0103553 -0.08211947 -0.00600811
v 0.00661059 -0.08161124 -0.00627108
v 0.00400043 -0.07629582 -0.00577605
v 0.01118606 -0.06960761 -0.01315772
v 0.00800943 -0.06617951 -0.01358183
v 0.00509705 -0.06606945 -0.01332874
v 0.00507084 -0.06269477 -0.01343344
v 0.00446001 -0.06246596 -0.01156474
v 0.00468427 -0.05908214 -0.01151979
v 0.00522908 -0.05907317 -0.00931894
v 0.0053695 -0.0558233 -0.00920815
v 0.00666387 -0.0589851 -0.00740897
v 0.00652896 -0.05582333 -0.0073521
v 0.00650025 -0.05261417 -0.00730595
v 0.00902419 -0.05575823 -0.00724259
v 0.00879986 -0.05256156 -0.00720887
v 0.00861361 -0.04931546 -0.00704611
v 0.01071211 -0.05244854 -0.00839391
v 0.01041027 -0.04919075 -0.00823473
v 0.01022017 -0.04591683 -0.00801627
v 0.0117298 -0.04901272 -0.00974259
v 0.01157063 -0.04575954 -0.00943687
v 0.01155422 -0.0424772 -0.00908833
v 0.01120025 -0.04550558 -0.01120014
v 0.01116994 -0.04217377 -0.0107649
v 0.01124983 -0.03879141 -0.01030359
v 0.00949729 -0.04188041 -0.0121359
v 0.00940402 -0.03842153 -0.01159454
v 0.00918454 -0.03498961 -0.01102681
v 0.00700681 -0.03841693 -0.01210085
v 0.00656546 -0.03509782 -0.01155114
v 0.00568958 -0.0318866 -0.01114238
v 0.0043788 -0.0356879 -0.01080204
v 0.00308644 -0.03258992 -0.01072492
v 0.00377821 -0.03596343 -0.00898012
v 0.00270928 -0.03267997 -0.00864224
v 0.00407014 -0.03629301 -0.00704509
v 0.00340886 -0.03307851 -0.00640784
v 0.00513452 -0.03387624 -0.00454106
v 0.00454585 -0.03102045 -0.00359435
v 0.0079835 -0.03099395 -0.00317907
v 0.00733141 -0.02831149 -0.00170325
v 0.00359914 -0.02820901 -0.00262209
v 0.00930833 -0.02672727 -0.00379933
v 0.00426124 -0.03923083 -0.00943658
v 0.00504207 -0.03884388 -0.01116312
v 0.0054222 -0.04211295 -0.01156532
v 0.0072007 -0.04183463 -0.01260591
v 0.00729847 -0.04533839 -0.01294854
v 0.00957431 -0.04534964 -0.01258913
v 0.00973069 -0.0488258 -0.01296248
v 0.01145493 -0.04881842 -0.01160356
v 0.0118243 -0.05215734 -0.01194536
v 0.0119825 -0.05227797 -0.01003583
v 0.01236909 -0.05558364 -0.01025662
v 0.01106039 -0.05570191 -0.00849718
v 0.01139822 -0.05895672 -0.00853095
v 0.00926625 -0.05891797 -0.00714897
v 0.01585305 -0.01538405 0.00919116
v 0.01644552 -0.01283078 0.00972098
v 0.01350873 -0.0129215 0.00964877
v 0.01384719 -0.01540028 0.00838188
v 0.01330951 -0.01413005 0.00745023
v 0.01316967 -0.01228029 0.0081713
v 0.01412897 -0.01210994 0.00693158
v 0.01410138 -0.0142409 0.00629779
v 0.0242492 -0.01313584 0.008205
v 0.02251575 -0.01338618 0.00881806
v 0.02308229 -0.01586694 0.00861402
v 0.02524061 -0.01471903 0.00786537
v 0.02544049 -0.01249928 0.00634477
v 0.02384418 -0.01097058 0.00705495
v 0.02074183 -0.01006066 0.00766843
v 0.01473503 -0.01642979 0.00642464
v 0.01595385 -0.01746393 0.00540344
v 0.01705477 -0.01763231 0.00621808
v 0.01732087 -0.01605149 0.008167
v 0.01874762 -0.01719932 0.00639722
v 0.01736632 -0.01898362 0.00432092
v 0.019779 -0.01784188 0.00443564
v 0.02003592 -0.01615332 0.00823228
v 0.02118467 -0.01663603 0.00619328
v 0.02282279 -0.01624062 0.00713555
v 0.02313438 -0.01510051 0.00472717
v 0.02426136 -0.01538702 0.00645982
v 0.01540437 -0.00711893 0.00975145
v 0.01748879 -0.00791064 0.0085568
v 0.0162989 -0.00624319 0.00772253
v 0.01400394 -0.00618018 0.00959163
v 0.01343515 -0.00717778 0.00861064
v 0.01413967 -0.0071289 0.00709515
v 0.01282795 -0.00947736 0.00879499
v 0.01313063 -0.00934649 0.01048677
v 0.01344352 -0.00979498 0.00758146
v 0.02517666 -0.01382491 0.0058238
v 0.01909054 -0.00706516 0.00551892
v 0.0177115 -0.01005552 0.00889719
v 0.01969603 -0.01146473 0.00817684
v 0.01299605 -0.01006156 0.0064656
v 0.01251833 -0.00854761 0.00595695
v 0.01147927 -0.0103265 0.0051895
v 0.01291145 -0.01172744 0.00591317
v 0.01551676 -0.01880918 0.00360726
v 0.01412765 -0.01643128 0.00419539
v 0.01369393 -0.01630395 0.00241823
v 0.01537417 -0.0185308 0.0014342
v 0.0109483 -0.01212756 0.00442712
v 0.01285166 -0.01392886 0.0048421
v 0.01284631 -0.01024155 0.00384307
v 0.01168449 -0.01188901 0.00303865
v 0.01307233 -0.01385683 0.00297162
v 0.01971268 -0.0221946 0.00203707
v 0.01867996 -0.02069121 0.00289047
v 0.01722299 -0.02130608 0.00206659
v 0.01883399 -0.02265976 0.0013495
v 0.01955615 -0.02213764 0.00017621
v 0.02101118 -0.02152685 0.00124735
v 0.02057938 -0.01976283 0.00262789
v 0.02455948 -0.01339782 0.0048612
v 0.02383462 -0.01119325 0.00415543
v 0.02286527 -0.0130802 0.00293105
v 0.0172941 -0.02071263 0.00053017
v 0.01557267 -0.00884614 0.00339644
v 0.01430178 -0.00859834 0.00456589
v 0.01623715 -0.0072647 0.00497368
v 0.01698959 -0.00797184 0.00295637
v 0.01475852 -0.01010707 0.00246032
v 0.01653157 -0.00946398 0.00142503
v 0.01824718 -0.01950707 -0.00041582
v 0.02062371 -0.02047439 -0.00093907
v 0.02112827 -0.00849543 0.00308826
v 0.02252825 -0.00866321 0.00492636
v 0.02119165 -0.00995153 0.00200657
v 0.02183978 -0.01895739 -0.00150268
v 0.02166738 -0.01883556 -0.00214683
v 0.02186646 -0.01775369 -0.00267717
v 0.02227405 -0.01731184 -0.00123952
v 0.02047939 -0.01946862 -0.00229237
v 0.02200277 -0.01965106 1.614E-05
v 0.02076266 -0.01841662 -0.00312369
v 0.01872541 -0.01865562 -0.00211269
v 0.01975996 -0.01745361 -0.00343738
v 0.02105238 -0.01621369 -0.00318047
v 0.01993109 -0.0151883 -0.00310911
v 0.01870274 -0.01581723 -0.00311253
v 0.01804734 -0.01405301 -0.00223909
v 0.01982633 -0.01393986 -0.00229646
v 0.02150186 -0.01491851 -0.00195218
v 0.01953764 -0.01245955 -0.0011505
v 0.02112789 -0.01361331 -0.00061037
v 0.02194396 -0.01575861 0.00027414
v 0.02183779 -0.01807969 0.00147245
v 0.02084581 -0.01248098 0.00071108
v 0.02214162 -0.01444912 0.00165805
v 0.02190808 -0.01655085 0.00302276
v 0.02066747 -0.01155425 0.00171415
v 0.01909459 -0.01118718 -0.00031596
v 0.01942112 -0.01037427 0.0005842
v 0.01751749 -0.01226193 -0.00132315
v 0.01735981 -0.0103878 -0.00073109
v 0.01855871 -0.00920459 0.00082431
v 0.01601318 -0.01275652 -0.00031771
v 0.01566127 -0.01074645 0.00021939
v 0.01458315 -0.01332857 0.00122831
v 0.01359032 -0.01151468 0.00140088
v 0.0169871 -0.01484592 -0.00086478
v 0.01565563 -0.01551284 0.00072304
v 0.01772389 -0.01682991 -0.00163855
v 0.01659678 -0.0176659 -6.321E-05
v 0.01897844 -0.0075769 0.00262129
v 0.0154392 -0.0096207 0.01035058
v 0.01789904 -0.01165036 0.00901254
v 0.02032055 -0.01379296 0.00884236
v 0.01878761 -0.01221002 0.00841139
v 0.01821753 -0.01381124 0.00913486
v 0.01343735 -0.01717843 0.00332012
v 0.01247259 -0.01846383 0.00270465
v 0.0141258 -0.0192048 0.00199889
v 0.01480164 -0.01717735 0.00201532
v 0.01305451 -0.01493111 0.00210945
v 0.01244606 -0.01554017 0.00362087
v 0.0108726 -0.01721189 0.00289352
v 0.01052919 -0.01937082 0.00227543
v 0.01174582 -0.02039628 0.0019588
v 0.01520825 -0.01975408 0.00147716
v 0.01378412 -0.02082203 0.00120855
v 0.01559286 -0.02063244 0.00063513
v 0.01636304 -0.01984399 0.00051422
v 0.01570757 -0.01876006 0.00109719
v 0.01590249 -0.01596257 0.00050583
v 0.0151281 -0.01404067 0.00058544
v 0.01659004 -0.01775205 -4.24E-05
v 0.00921228 -0.0181602 -8.15E-06
v 0.0093335 -0.01945026 0.00122464
v 0.00895415 -0.01706595 0.00178673
v 0.0094414 -0.01641738 0.00014597
v 0.00976542 -0.01801342 -0.00113833
v 0.01098651 -0.02017557 -6.265E-05
v 0.0135207 -0.0207391 -0.00043538
v 0.01702258 -0.01952133 -0.00052109
v 0.00965792 -0.01320864 0.00194049
v 0.01095159 -0.01366875 0.00303993
v 0.01178257 -0.01304803 0.00153966
v 0.01034008 -0.01308569 0.00051996
v 0.00900275 -0.01485965 0.0018663
v 0.01022902 -0.01522581 0.00280378
v 0.00965282 -0.01470983 0.00025767
v 0.01430499 -0.01243919 0.00034909
v 0.0132648 -0.01319067 0.00035417
v 0.01266898 -0.01339294 0.00069862
v 0.01306162 -0.01306875 -0.0001468
v 0.01213858 -0.01297214 6.259E-05
v 0.01071626 -0.01313942 -0.00086578
v 0.01030705 -0.0144279 -0.00070907
v 0.0162363 -0.02026962 -0.00266665
v 0.01718144 -0.01966967 -0.00421227
v 0.01846052 -0.01833359 -0.00427721
v 0.01793851 -0.01889426 -0.002113
v 0.01575985 -0.02060018 -0.00077013
v 0.0156585 -0.02073311 -0.00389553
v 0.01594821 -0.01982158 -0.00450558
v 0.01635202 -0.01346519 -0.00058674
v 0.01699376 -0.01491857 -0.00098279
v 0.01776037 -0.0135288 -0.00210936
v 0.01638066 -0.01214662 -0.00105974
v 0.01230137 -0.01240743 -0.00109136
v 0.01361248 -0.01209409 -0.00076599
v 0.01502263 -0.01180178 -0.0021783
v 0.0132823 -0.01257863 -0.00300342
v 0.01112695 -0.01307125 -0.00224994
v 0.01674294 -0.01279296 -0.00345144
v 0.01113376 -0.01653469 -0.00377141
v 0.01098128 -0.01529529 -0.00390435
v 0.01057504 -0.01574648 -0.00473899
v 0.01082703 -0.01695165 -0.00482728
v 0.01043017 -0.01753946 -0.00277267
v 0.01087866 -0.01515695 -0.00282479
v 0.01050884 -0.01836115 -0.00438074
v 0.01398991 -0.02081943 -0.00401582
v 0.01490271 -0.02009536 -0.00462863
v 0.01532627 -0.02038281 -0.00541583
v 0.01607403 -0.01989865 -0.00516234
v 0.01851609 -0.01565447 -0.00318915
v 0.01773875 -0.01677737 -0.0015891
v 0.01749374 -0.01685634 -0.00543953
v 0.01773409 -0.01487872 -0.00442086
v 0.01096625 -0.01411025 -0.00457208
v 0.01038709 -0.01514382 -0.00559112
v 0.01701104 -0.02014785 -0.00527178
v 0.01525648 -0.01338512 -0.00439068
v 0.01434143 -0.01412751 -0.00523202
v 0.01277153 -0.01339326 -0.0042293
v 0.01030771 -0.01694465 -0.00624063
v 0.0102958 -0.01879633 -0.00627565
v 0.01628113 -0.01472845 -0.00494977
v 0.01576588 -0.01571823 -0.00557601
v 0.01169934 -0.02036858 -0.00746705
v 0.0115483 -0.0202106 -0.0060091
v 0.01126668 -0.01873049 -0.00792333
v 0.01269754 -0.01546899 -0.00678627
v 0.01146369 -0.01498803 -0.00650083
v 0.0121017 -0.01394655 -0.00537224
v 0.01350051 -0.01480202 -0.00614052
v 0.0148477 -0.01650702 -0.006567
v 0.01324712 -0.01680174 -0.00730077
v 0.01126008 -0.01665643 -0.00740851
v 0.01401818 -0.01868085 -0.00795742
v 0.01621405 -0.0181963 -0.00677261
v 0.01702561 -0.0200721 -0.00625206
v 0.0143014 -0.02092491 -0.00755233
v 0.01121516 -0.01345105 -0.00346421
v 0.01061201 -0.01535368 -0.00138964
v 0.01387622 -0.02108329 -0.00581588
v 0.01158289 -0.02009081 -0.00410391
v 0.01139985 -0.01991183 -0.00227445
v 0.01368066 -0.02063814 -0.00223821
v -0.01326861 -0.01350622 0.00328485
v -0.01442218 -0.0133803 0.00311147
v -0.01448475 -0.01534324 0.00272743
v -0.01261928 -0.01454455 0.00323949
v -0.01297543 -0.01208224 0.00355976
v -0.01443405 -0.01161819 0.00341194
v -0.01180109 -0.01260014 0.00367084
v -0.01571151 -0.0129597 0.00296681
v -0.01616619 -0.01115761 0.00317818
v -0.01185666 -0.00832282 0.00460214
v -0.01286048 -0.00828979 0.00416004
v -0.01298555 -0.01005474 0.00399118
v -0.01169714 -0.01040012 0.00421034
v -0.01402042 -0.00799591 0.00378529
v -0.01486939 -0.00680843 0.00319613
v -0.01609845 -0.00815688 0.00295017
v -0.01445298 -0.00960851 0.00364665
v -0.01626119 -0.01413274 0.00170139
v -0.01685172 -0.01153181 0.001802
v -0.01690965 -0.01201675 0.00064323
v -0.01674479 -0.01364782 0.0001877
v -0.01554175 -0.01495006 -0.00022079
v -0.01519342 -0.01512463 0.00081089
v -0.01347637 -0.01592461 0.00120271
v -0.01193828 -0.01589166 0.00057036
v -0.01096681 -0.01479851 0.00090231
v -0.01175005 -0.01488276 0.00220026
v -0.01669814 -0.00902839 0.0012877
v -0.01676674 -0.01100256 -0.0001494
v -0.01665856 -0.01328595 -0.00107486
v -0.01281873 -0.00716776 0.00412481
v -0.01362686 -0.00714095 0.00379211
v -0.01526962 -0.00567773 0.00253026
v -0.01449786 -0.00546912 0.0029766
v -0.01384413 -0.00463973 0.00279235
v -0.01477351 -0.00427776 0.00218304
v -0.01564956 -0.01452464 -0.00108322
v -0.01437956 -0.01480437 -0.00154684
v -0.01387871 -0.01561206 -0.0005165
v -0.01086192 -0.01402536 -0.00091106
v -0.01218874 -0.01551791 -0.00083744
v -0.01243384 -0.01415701 -0.0019085
v -0.01155489 -0.01278653 -0.00144049
v -0.01538645 -0.01333084 -0.0026635
v -0.01299396 -0.01380102 -0.00300086
v -0.01238926 -0.01234436 -0.00186675
v -0.01207818 -0.01170055 -0.0016431
v -0.01237451 -0.01230534 -0.0024444
v -0.00864128 -0.00432239 0.00116215
v -0.0081144 -0.00488957 -0.00119578
v -0.00954401 -0.00386957 -0.00137715
v -0.01047475 -0.0031296 0.00115923
v -0.00934093 -0.00990222 -0.00075123
v -0.0095375 -0.01017267 0.00056624
v -0.00981198 -0.01225657 -3.463E-05
v -0.00969659 -0.01087598 -0.00184133
v -0.00904225 -0.00840329 -0.00100938
v -0.0090689 -0.00821544 0.0007978
v -0.00904329 -0.00903651 -0.00231336
v -0.01189023 -0.01137173 -0.00220289
v -0.01126576 -0.0119728 -0.0019169
v -0.0105439 -0.0122343 -0.00218255
v -0.01127789 -0.01143881 -0.00327657
v -0.01705504 -0.00623852 -0.00028689
v -0.01616377 -0.00336161 -0.00042601
v -0.01551601 -0.00347204 -0.00209661
v -0.01610456 -0.00602588 -0.00244296
v -0.0163896 -0.00563872 0.00161757
v -0.01565359 -0.00358037 0.00118617
v -0.01193909 -0.01245195 -0.00315543
v -0.0152055 -0.00168616 -0.00033016
v -0.01445524 -0.00182459 0.00076231
v -0.01313866 -0.0015104 -0.00064996
v -0.01446057 -0.00156013 -0.00161774
v -0.00846704 -0.00787164 -0.0032775
v -0.00827137 -0.00672376 -0.00122007
v -0.01000024 -0.00998722 -0.00372354
v -0.01030337 -0.00978613 -0.00553286
v -0.0086584 -0.00823833 -0.00507593
v -0.00875227 -0.00690787 -0.00573636
v -0.00775264 -0.00569125 -0.00360599
v -0.01156225 -0.00263922 -0.00364155
v -0.01216828 -0.00210037 -0.00229508
v -0.01094605 -0.00290945 -0.00175167
v -0.01053362 -0.00345353 -0.00380164
v -0.01233618 -0.00291152 -0.00453833
v -0.01340664 -0.00215034 -0.00315321
v -0.01128901 -0.00417687 -0.00541889
v -0.01321611 -0.00435632 -0.00454348
v -0.01301701 -0.00565233 -0.00527426
v -0.01474084 -0.00609808 -0.00408854
v -0.01429452 -0.00399602 -0.00355219
v -0.0145471 -0.00843918 -0.00488647
v -0.01565373 -0.00917041 -0.0032018
v -0.01247892 -0.00721602 -0.00619172
v -0.01122904 -0.00894399 -0.00664057
v -0.0134274 -0.01055729 -0.00559381
v -0.01005369 -0.00554315 -0.00577071
v -0.00915709 -0.00445938 -0.00374119
v -0.0119649 -0.01139407 -0.00493081
v -0.01282675 -0.01282411 -0.00401761
v -0.01474373 -0.0120071 -0.00433702
v -0.01622956 -0.00996686 -0.00153401
v -0.01190443 -0.00223848 0.00036302
v -0.0133916 -0.00240222 0.00194437
v -0.01228074 -0.00303846 0.00259165
v -0.00819798 -0.00641964 0.0008695
v -0.0098248 -0.01042124 0.00219265
v -0.01015867 -0.01271189 0.00149306
v -0.01081435 -0.01046961 0.00338043
v -0.01096388 -0.01274675 0.00276891
v -0.01074707 -0.00842755 0.00421546
v -0.0093976 -0.00835559 0.00284466
v -0.01022871 -0.0034488 0.00242327
v -0.01123266 -0.0038517 0.00306514
v -0.0089393 -0.00656295 0.00299984
v -0.00922704 -0.00427715 0.00284778
v -0.01039138 -0.00496906 0.00348124
v -0.01054466 -0.00700043 0.00408282
v -0.01272329 -0.00550177 0.00343093
v -0.01156181 -0.00593295 0.0037895
v -0.01183963 -0.00720302 0.00428458
v -0.01391117 -0.00634584 0.00312283
v 0.03805561 -0.1433204 0.00061039
v 0.03729273 -0.14157721 0.00083076
v 0.03698397 -0.14225173 -0.00020655
v 0.03766472 -0.14346673 -0.00033422
v 0.03933155 -0.14327586 0.00058067
v 0.0389087 -0.14093646 0.00109538
v 0.03694298 -0.14109021 -0.00128616
v 0.03863599 -0.14305258 -0.00150226
v 0.04398531 -0.14100972 0.00091446
v 0.04385826 -0.14000182 0.00148011
v 0.04256336 -0.14016744 0.00197691
v 0.04329873 -0.1423769 0.00112326
v 0.04329013 -0.14176448 -0.00097124
v 0.04404696 -0.1400134 -0.00020626
v 0.03734365 -0.13969392 -0.00044389
v 0.04234887 -0.13866873 0.00115658
v 0.04370662 -0.1386286 0.00073672
v 0.04282773 -0.13715555 -0.00022
v 0.0408688 -0.13797261 0.00036017
v 0.04069131 -0.14041945 0.00136332
v 0.03878309 -0.13882811 1.772E-05
v 0.04229203 -0.1353464 -0.00118244
v 0.040448 -0.13572794 -0.00073474
v 0.03857028 -0.13655278 -0.00076943
v 0.03373401 -0.12405001 -0.0060383
v 0.03239124 -0.12437585 -0.00532425
v 0.03388447 -0.1226761 -0.00453155
v 0.03509039 -0.1233089 -0.00581388
v 0.03398823 -0.12423105 -0.0068073
v 0.03323894 -0.12484314 -0.00710815
v 0.03548639 -0.12357903 -0.00723001
v 0.03857341 -0.12131195 -0.00424986
v 0.03944779 -0.12168273 -0.00320592
v 0.04117395 -0.12209951 -0.00487843
v 0.03930933 -0.12250861 -0.00533631
v 0.0346436 -0.12775089 -0.00724951
v 0.0329917 -0.12677139 -0.00705167
v 0.03573056 -0.12556817 -0.00873339
v 0.03662274 -0.12754609 -0.00777891
v 0.03545235 -0.12981893 -0.00653525
v 0.0341026 -0.12947434 -0.00552286
v 0.03513939 -0.12351391 -0.00865852
v 0.03938589 -0.12306399 -0.0064814
v 0.03775198 -0.12321962 -0.0070992
v 0.03723586 -0.12281065 -0.0055861
v 0.04056804 -0.12294762 -0.00686308
v 0.03836451 -0.12310535 -0.00843429
v 0.0388476 -0.12509646 -0.00835099
v 0.04113328 -0.12464453 -0.00665134
v 0.04113256 -0.12686557 -0.00594483
v 0.03917602 -0.12725599 -0.00733711
v 0.0419324 -0.12406319 -0.00443271
v 0.04175225 -0.12644044 -0.00415022
v 0.04187305 -0.12871578 -0.00352412
v 0.04137298 -0.12917274 -0.00510367
v 0.03978419 -0.12412502 -0.00320633
v 0.03982604 -0.12660816 -0.00335498
v 0.04001706 -0.12898895 -0.00302919
v 0.04012018 -0.131358 -0.00248183
v 0.04200526 -0.13104111 -0.00277105
v 0.03738004 -0.12733045 -0.00329525
v 0.03772388 -0.12959461 -0.00292583
v 0.03797762 -0.1318537 -0.00222117
v 0.03830412 -0.1341836 -0.00149411
v 0.04021955 -0.13357253 -0.00165565
v 0.03573403 -0.1307749 -0.00352143
v 0.03655403 -0.13310559 -0.00302143
v 0.03710483 -0.13543408 -0.00236718
v 0.03740623 -0.13774529 -0.0015897
v 0.03601884 -0.1342272 -0.00403853
v 0.03672699 -0.13657074 -0.00332105
v 0.03709088 -0.13894808 -0.00241886
v 0.03796973 -0.13741727 -0.00411448
v 0.03851001 -0.1400229 -0.00290362
v 0.03994599 -0.13754 -0.00410046
v 0.04055094 -0.14001454 -0.00268718
v 0.04115792 -0.14244805 -0.00124381
v 0.04169887 -0.13698307 -0.00346224
v 0.04229886 -0.13927007 -0.00217292
v 0.04267016 -0.13603985 -0.00235466
v 0.04324279 -0.13812268 -0.00132429
v 0.0411374 -0.13459864 -0.00461108
v 0.04221777 -0.13386084 -0.00332257
v 0.04205565 -0.13330223 -0.00202297
v 0.04182175 -0.13154285 -0.00424096
v 0.0404684 -0.13211198 -0.00557807
v 0.03979289 -0.12964314 -0.00648777
v 0.03846492 -0.13244231 -0.00616939
v 0.03757215 -0.12990645 -0.0069955
v 0.03644327 -0.13236526 -0.00580483
v 0.03724642 -0.13489902 -0.00505635
v 0.03518711 -0.1318492 -0.00468412
v 0.03925125 -0.13498572 -0.00521348
v 0.03501638 -0.12849492 -0.00413229
v 0.03693821 -0.12504099 -0.00329462
v 0.03370285 -0.1261052 -0.0041231
v 0.03654288 -0.1226937 -0.00335303
v 0.03639959 -0.12135196 -0.00428606
v 0.03410902 -0.12368835 -0.0035032
v 0.041213 -0.14262626 0.0006386
v -0.02852463 -0.12085844 3.867E-05
v -0.02807755 -0.11895198 0.0002333
v -0.02974594 -0.11861511 0.00017738
v -0.02981526 -0.12111893 -0.00059999
v -0.02856392 -0.12125462 -0.00123762
v -0.02808047 -0.12093475 -0.00054376
v -0.02773705 -0.11947587 -0.00082741
v -0.02832575 -0.12016977 -0.00202859
v -0.03391493 -0.12004529 -0.00148496
v -0.03199484 -0.12045723 -0.00204543
v -0.0317063 -0.12048154 -0.0005665
v -0.03317706 -0.12020934 -0.00042265
v -0.03372908 -0.11792656 -0.00241465
v -0.03198997 -0.11844499 -0.00284151
v -0.03445604 -0.11847652 -0.00075078
v -0.0334172 -0.11842978 9.105E-05
v -0.03329248 -0.11688501 -0.00048819
v -0.03419454 -0.11688653 -0.00129475
v -0.03149774 -0.11841366 -2.575E-05
v -0.0317275 -0.1160899 -0.00090871
v -0.03324793 -0.11521736 -0.00175649
v -0.03008535 -0.12056561 -0.00233695
v -0.02971828 -0.11633712 -0.00061614
v -0.02957082 -0.11420452 -0.00116901
v -0.03119492 -0.11371128 -0.00155319
v -0.02559353 -0.10215081 -0.00256326
v -0.02511084 -0.10243399 -0.00144251
v -0.02371242 -0.10400874 -0.0026151
v -0.02521465 -0.10308851 -0.00338306
v -0.02722528 -0.10146794 -0.00285064
v -0.02758358 -0.10099638 -0.00159572
v -0.02712047 -0.10237537 -0.00386996
v -0.02879903 -0.1011515 -0.00325392
v -0.02885612 -0.10171902 -0.00423003
v -0.03047489 -0.10131581 -0.00441965
v -0.02994257 -0.10028405 -0.00268463
v -0.02524779 -0.10326719 -0.00567365
v -0.02512112 -0.10347906 -0.00461632
v -0.02370955 -0.10466912 -0.00453708
v -0.02493577 -0.10444602 -0.00614
v -0.02684441 -0.10233614 -0.00619693
v -0.02693256 -0.10271589 -0.00502595
v -0.02839251 -0.10210289 -0.00521218
v -0.0291104 -0.10171109 -0.00589445
v -0.02980901 -0.10303418 -0.00617351
v -0.03175065 -0.10230779 -0.00452469
v -0.02729936 -0.10370635 -0.00680463
v -0.02797159 -0.10566206 -0.00625005
v -0.03016391 -0.10507067 -0.0057715
v -0.02586496 -0.1061846 -0.00570564
v -0.02664163 -0.10810645 -0.00530684
v -0.02858464 -0.10774617 -0.00586129
v -0.02452993 -0.10630314 -0.00423685
v -0.02542529 -0.10808216 -0.00401758
v -0.02614203 -0.11004275 -0.00376802
v -0.02726078 -0.11016478 -0.00493871
v -0.02461483 -0.10571144 -0.00246261
v -0.02574326 -0.10745786 -0.00270682
v -0.02661622 -0.10935511 -0.0027804
v -0.02742397 -0.11121351 -0.00263529
v -0.02679882 -0.11201208 -0.00343201
v -0.02731027 -0.10634933 -0.00195761
v -0.02808916 -0.10833654 -0.00216402
v -0.02870296 -0.11021821 -0.00199575
v -0.02920835 -0.11213414 -0.00157666
v -0.02805427 -0.11304706 -0.00223475
v -0.0298853 -0.10744891 -0.00245137
v -0.03040164 -0.10951599 -0.002349
v -0.03077544 -0.11160646 -0.00200931
v -0.03206654 -0.10905381 -0.00298072
v -0.03232453 -0.11122607 -0.00266774
v -0.03277532 -0.11320827 -0.0021558
v -0.03255122 -0.11135961 -0.00375651
v -0.03277216 -0.11356332 -0.00334954
v -0.03307223 -0.11571132 -0.00286955
v -0.03158386 -0.11408977 -0.00425376
v -0.03181176 -0.11631951 -0.00359693
v -0.02988339 -0.11443701 -0.00448959
v -0.03012189 -0.11656982 -0.00374045
v -0.03017273 -0.11853863 -0.00297115
v -0.02853333 -0.11639262 -0.00334333
v -0.02855348 -0.11827115 -0.00261318
v -0.02782994 -0.11574664 -0.00244253
v -0.02784456 -0.11759422 -0.00171654
v -0.02839682 -0.11492944 -0.0016944
v -0.02846017 -0.11691313 -0.00101345
v -0.02738899 -0.11390764 -0.00299773
v -0.02825681 -0.11437279 -0.00398553
v -0.02780157 -0.11228075 -0.00451816
v -0.02952668 -0.1121889 -0.00506743
v -0.02909239 -0.10993833 -0.00550619
v -0.03131957 -0.11179044 -0.00475668
v -0.03098477 -0.109479 -0.00512385
v -0.03059881 -0.10722274 -0.00543644
v -0.03233627 -0.10908762 -0.0040729
v -0.03209554 -0.10678472 -0.00430176
v -0.03186347 -0.10455941 -0.00443919
v -0.03166744 -0.10683409 -0.00315353
v -0.03115688 -0.10466605 -0.00294459
v -0.03096219 -0.10228422 -0.00238445
v -0.02923573 -0.10531448 -0.00210736
v -0.02844564 -0.10304027 -0.00168278
v -0.02625977 -0.10430045 -0.00158054
v 0.00999458 -0.14928976 0.00174196
v 0.00977064 -0.14756241 0.00086766
v 0.01052218 -0.14920397 -0.00043286
v 0.01056165 -0.15043864 0.00080721
v 0.017748 -0.14929178 0.00253714
v 0.01752838 -0.15033993 0.0012734
v 0.01788511 -0.14865677 0.00041759
v 0.01794039 -0.14693578 0.00207537
v 0.01258628 -0.15137319 0.00111517
v 0.01200335 -0.1492679 0.00264098
v 0.01297764 -0.14974292 -0.00063843
v 0.01527731 -0.14926524 0.00279891
v 0.01554114 -0.15101643 0.00119117
v 0.01575922 -0.14947912 -0.00044094
v 0.00865871 -0.12711023 -0.00129137
v 0.00861656 -0.12929597 -0.00229911
v 0.0119304 -0.12926191 -0.00151533
v 0.01138186 -0.12678178 -0.00094759
v 0.01110215 -0.12453932 -0.00104019
v 0.00804034 -0.12520619 -0.00196131
v 0.01753822 -0.12549663 -0.00188923
v 0.0149176 -0.12460647 -0.00098018
v 0.01498852 -0.12695423 -0.00121607
v 0.01817923 -0.12733354 -0.00299806
v 0.00927395 -0.12509367 -0.00292855
v 0.01134232 -0.12462296 -0.00258909
v 0.01128502 -0.12535472 -0.00437161
v 0.00931027 -0.12548779 -0.00398111
v 0.00749077 -0.12615716 -0.00422222
v 0.01503588 -0.12952229 -0.00175804
v 0.01751847 -0.13012087 -0.0032912
v 0.01610255 -0.13003036 -0.00543657
v 0.01666386 -0.12721318 -0.00591141
v 0.0164372 -0.12558506 -0.00395297
v 0.01656636 -0.1249316 -0.00277518
v 0.01426343 -0.12454321 -0.00249589
v 0.01387453 -0.12547202 -0.0042169
v 0.01021354 -0.1247384 -0.00623918
v 0.01583042 -0.12561926 -0.0054046
v 0.01359007 -0.12500827 -0.00613826
v 0.0135431 -0.1269649 -0.00712251
v 0.01024218 -0.12728518 -0.00664151
v 0.01065718 -0.13002011 -0.00585058
v 0.00870593 -0.1300545 -0.00433373
v 0.0083242 -0.12791394 -0.00512778
v 0.01338938 -0.12985469 -0.00626348
v 0.01332954 -0.13286529 -0.00579597
v 0.01075119 -0.13283674 -0.00531686
v 0.01587616 -0.13285336 -0.00500669
v 0.01576861 -0.13572122 -0.00460522
v 0.01331404 -0.1358538 -0.00533621
v 0.01738884 -0.13267809 -0.00331432
v 0.01718562 -0.13537695 -0.00314143
v 0.01717154 -0.13814782 -0.00276549
v 0.01570369 -0.13861008 -0.00409301
v 0.01512874 -0.13219772 -0.00226106
v 0.01543407 -0.13497891 -0.00212207
v 0.0156046 -0.13771559 -0.0018584
v 0.01579313 -0.14030987 -0.00132859
v 0.01710897 -0.14089078 -0.00224179
v 0.01306125 -0.1348328 -0.00157548
v 0.01337941 -0.1374457 -0.00113163
v 0.01367903 -0.13996716 -0.00064513
v 0.01403003 -0.14249589 -5.461E-05
v 0.01621188 -0.14270011 -0.00048563
v 0.01097775 -0.13773878 -0.00186523
v 0.0114122 -0.1402898 -0.00128919
v 0.01173619 -0.14273372 -0.0004962
v 0.01188676 -0.14495568 0.00050649
v 0.01445898 -0.14483419 0.0008222
v 0.00996729 -0.14084169 -0.00222204
v 0.010233 -0.14329363 -0.00138735
v 0.01024924 -0.14555964 -0.00037102
v 0.01178958 -0.14677346 0.00185639
v 0.01106522 -0.14413808 -0.00256736
v 0.01099219 -0.14668262 -0.00144572
v 0.01327691 -0.14455825 -0.00299574
v 0.0131795 -0.14723299 -0.00187466
v 0.01561308 -0.14433143 -0.00262101
v 0.01566927 -0.14696479 -0.00157326
v 0.01712083 -0.14348458 -0.00151423
v 0.01737577 -0.14600725 -0.0005564
v 0.0167824 -0.14500499 0.00050287
v 0.01492555 -0.14680828 0.00205152
v 0.01565348 -0.14150947 -0.00345371
v 0.01330958 -0.14171951 -0.00394844
v 0.01332389 -0.13881417 -0.00473597
v 0.01107283 -0.14140478 -0.00345306
v 0.01098762 -0.13857259 -0.0041809
v 0.01085716 -0.13570412 -0.00477551
v 0.00956613 -0.13819289 -0.00285183
v 0.00926287 -0.13545905 -0.00326015
v 0.0089538 -0.13277388 -0.00374863
v 0.01042686 -0.13508601 -0.00200759
v 0.00982286 -0.13241127 -0.00215049
v 0.0126032 -0.13204047 -0.00176396
v -0.01236114 -0.1396777 0.00229641
v -0.01218694 -0.13775961 0.0016132
v -0.0120025 -0.13939764 0.00023322
v -0.01200909 -0.14074653 0.00117251
v -0.00465447 -0.14147738 0.00201005
v -0.00545789 -0.14204007 0.00087344
v -0.00521042 -0.14066547 -4.083E-05
v -0.00442748 -0.13934551 0.00143815
v -0.01005217 -0.14044613 -0.00030313
v -0.01019154 -0.14192997 0.00117814
v -0.01004913 -0.14024585 0.00282693
v -0.00691996 -0.14105687 0.00270537
v -0.00746691 -0.14245799 0.00103603
v -0.00757766 -0.14075996 -0.00033303
v -0.00423939 -0.12104749 -0.00361289
v -0.00472139 -0.12332521 -0.00375131
v -0.00490808 -0.12371349 -0.00554514
v -0.00424459 -0.12121966 -0.005901
v -0.00615687 -0.12000849 -0.00246721
v -0.00665681 -0.12240931 -0.00264686
v -0.00363139 -0.11827344 -0.00591852
v -0.00330549 -0.11844301 -0.00326959
v -0.00548083 -0.11762523 -0.00240077
v -0.01044212 -0.11614173 -0.00351766
v -0.01172754 -0.11647347 -0.00245482
v -0.00834255 -0.11652533 -0.00185335
v -0.00809175 -0.11569625 -0.00333135
v -0.00815414 -0.11707254 -0.00467225
v -0.01079478 -0.11713085 -0.00475973
v -0.0129504 -0.11745138 -0.00486203
v -0.00524724 -0.1167822 -0.00416615
v -0.00559563 -0.11596656 -0.00312197
v -0.00542095 -0.11762881 -0.00551055
v -0.00789124 -0.11751398 -0.00640026
v -0.01032173 -0.11739402 -0.00621274
v -0.01140733 -0.11782038 -0.00729698
v -0.00742095 -0.11793076 -0.00809392
v -0.0075125 -0.12077559 -0.00732328
v -0.01089796 -0.1204099 -0.00686754
v -0.01041746 -0.12311614 -0.00630191
v -0.01224799 -0.12255118 -0.00467455
v -0.01279684 -0.11996035 -0.00475757
v -0.00752845 -0.12345216 -0.00656582
v -0.00746391 -0.12609814 -0.00591076
v -0.01016103 -0.12581038 -0.00573839
v -0.00498782 -0.12615453 -0.00497255
v -0.00522891 -0.12866101 -0.0044473
v -0.00750323 -0.12873422 -0.00530391
v -0.00481369 -0.12566741 -0.00348718
v -0.0050321 -0.12811296 -0.00309356
v -0.00531811 -0.13057403 -0.0026188
v -0.00546517 -0.13119796 -0.00384505
v -0.00688683 -0.12495903 -0.00260555
v -0.00692941 -0.12747899 -0.0022819
v -0.00697151 -0.12988649 -0.0017707
v -0.00706645 -0.1322241 -0.0011151
v -0.00546272 -0.13292025 -0.00191432
v -0.00911291 -0.12718689 -0.00214585
v -0.00913313 -0.12958428 -0.00162042
v -0.0091372 -0.13188289 -0.00095358
v -0.00925167 -0.13408047 -0.00011409
v -0.00712399 -0.13454251 -0.00035668
v -0.01113727 -0.12978506 -0.00224684
v -0.01112143 -0.13206151 -0.00151719
v -0.0112241 -0.1341546 -0.00063482
v -0.01152246 -0.13606335 0.00039213
v -0.00944648 -0.13615786 0.00083116
v -0.01153934 -0.13283598 -0.00266879
v -0.01155679 -0.1351562 -0.00178989
v -0.01164268 -0.13732879 -0.00077246
v -0.00985038 -0.13604963 -0.00254849
v -0.00985306 -0.13830325 -0.00141213
v -0.00759906 -0.13634051 -0.00262443
v -0.00758086 -0.13866232 -0.00148676
v -0.00559418 -0.13609071 -0.00214037
v -0.00550039 -0.13837995 -0.00106053
v -0.00540264 -0.13514383 -0.00100004
v -0.00517197 -0.1372689 7.813E-05
v -0.00703395 -0.13665122 0.00069206
v -0.00675203 -0.13845555 0.00210945
v -0.00972897 -0.13786156 0.00214359
v -0.00556235 -0.13370281 -0.00309164
v -0.00761002 -0.13389537 -0.00365935
v -0.00757613 -0.13133515 -0.00453862
v -0.00989814 -0.13363075 -0.00357752
v -0.00994802 -0.13108906 -0.00445714
v -0.01002302 -0.12845954 -0.00515172
v -0.01161894 -0.13038102 -0.00340298
v -0.01176016 -0.12780513 -0.00394082
v -0.01197193 -0.12518919 -0.00439341
v -0.01127151 -0.12727751 -0.00269391
v -0.01125636 -0.12470696 -0.00311011
v -0.01117748 -0.12206244 -0.00325509
v -0.00905586 -0.12460992 -0.0024483
v -0.00888574 -0.12189176 -0.00249742
v -0.00865393 -0.1191567 -0.00221985
v -0.0114703 -0.11937792 -0.00269393
v 0.03165891 -0.1221366 -0.00623192
v 0.03090022 -0.12040938 -0.00633403
v 0.03154405 -0.12074024 -0.00732697
v 0.03203756 -0.1222275 -0.00736336
v 0.03204158 -0.12323197 -0.00524129
v 0.03148282 -0.11978015 -0.00512489
v 0.03275973 -0.1240839 -0.00735161
v 0.03807745 -0.11700077 -0.00483719
v 0.03852048 -0.11893503 -0.00410601
v 0.03973563 -0.11869388 -0.00495483
v 0.03936954 -0.11708089 -0.00579719
v 0.03619859 -0.11619493 -0.00562182
v 0.03614882 -0.11921507 -0.00488805
v 0.03793012 -0.1149979 -0.00635057
v 0.03902875 -0.12182345 -0.00472931
v 0.03971661 -0.12027539 -0.00545667
v 0.03945448 -0.12020257 -0.00659222
v 0.03909596 -0.12267363 -0.00688205
v 0.03063851 -0.11781908 -0.00746308
v 0.03163092 -0.1189371 -0.00872961
v 0.03229533 -0.12131803 -0.00849706
v 0.03365807 -0.11673606 -0.00616346
v 0.0337706 -0.11947354 -0.00507457
v 0.03526075 -0.11288033 -0.0060736
v 0.03307806 -0.11353514 -0.00650987
v 0.03475055 -0.12295762 -0.00838721
v 0.03470409 -0.12385906 -0.00696786
v 0.03337516 -0.12225728 -0.00893791
v 0.03426991 -0.11878578 -0.00948783
v 0.03609821 -0.12181603 -0.0086984
v 0.0367802 -0.1232485 -0.00693292
v 0.03925207 -0.119298 -0.00787348
v 0.03825699 -0.12085238 -0.00885585
v 0.03931759 -0.11716732 -0.00712297
v 0.03867647 -0.11514507 -0.00753103
v 0.03834655 -0.11627403 -0.00874001
v 0.03108013 -0.1150111 -0.00960723
v 0.0332845 -0.11478774 -0.01038588
v 0.03562384 -0.11395685 -0.01022199
v 0.03670822 -0.11725616 -0.0095486
v 0.02353568 -0.09087264 -0.00585298
v 0.02222317 -0.0902943 -0.0079359
v 0.02344938 -0.09317978 -0.00852215
v 0.0248378 -0.09287344 -0.00673517
v 0.0273433 -0.09157947 -0.00601915
v 0.0256144 -0.08847689 -0.00532364
v 0.0248742 -0.08745814 -0.00772776
v 0.02521208 -0.08771168 -0.00881621
v 0.02398353 -0.08754797 -0.00991903
v 0.0230998 -0.08751222 -0.00753008
v 0.02667683 -0.08718923 -0.00687621
v 0.02711565 -0.08758175 -0.00871727
v 0.03128412 -0.08586431 -0.00772761
v 0.02951287 -0.08676825 -0.00815875
v 0.02945671 -0.08624647 -0.0062258
v 0.0321303 -0.08549024 -0.00647944
v 0.02685312 -0.08744325 -0.01071651
v 0.03364642 -0.08492541 -0.00770694
v 0.03369431 -0.08709736 -0.00519553
v 0.03547298 -0.08666311 -0.00771279
v 0.03402333 -0.08662716 -0.01046776
v 0.03223906 -0.08492055 -0.0091931
v 0.03062887 -0.0877081 -0.01173067
v 0.02978371 -0.08636257 -0.01027526
v 0.0268311 -0.08874922 -0.01209929
v 0.02753449 -0.09169932 -0.01230558
v 0.02450787 -0.09266371 -0.01095686
v 0.02330127 -0.08965158 -0.01090561
v 0.03124267 -0.09080894 -0.01189417
v 0.03166053 -0.09406617 -0.01187975
v 0.02845377 -0.09477741 -0.01220048
v 0.03438074 -0.09026355 -0.01046037
v 0.03435196 -0.09371141 -0.01035179
v 0.03452018 -0.09698861 -0.01025279
v 0.03215289 -0.09737115 -0.01171327
v 0.03573887 -0.09024161 -0.00796625
v 0.0356901 -0.09361824 -0.00812765
v 0.0357706 -0.09684057 -0.00830237
v 0.03609664 -0.10005517 -0.00847038
v 0.03497619 -0.10025494 -0.01021636
v 0.03411861 -0.09378208 -0.00637489
v 0.03457801 -0.0970012 -0.00687665
v 0.03505192 -0.10020788 -0.00722179
v 0.03548549 -0.1033811 -0.00743316
v 0.0365464 -0.10326011 -0.00853183
v 0.03206069 -0.09737508 -0.00648626
v 0.0327404 -0.10053327 -0.00684016
v 0.03334109 -0.10364128 -0.00691246
v 0.03395487 -0.10668931 -0.00665424
v 0.03592228 -0.10650444 -0.00744882
v 0.03022857 -0.10100664 -0.00732077
v 0.03096472 -0.10411845 -0.00734018
v 0.03164905 -0.10722336 -0.00712503
v 0.03237006 -0.11035524 -0.00686184
v 0.03457572 -0.10976736 -0.0064505
v 0.02890753 -0.10468306 -0.00805475
v 0.02966229 -0.10781205 -0.00789454
v 0.03046146 -0.1109429 -0.0077336
v 0.03115638 -0.1140679 -0.00730358
v 0.02870803 -0.10819651 -0.00905118
v 0.02931581 -0.11142901 -0.00878427
v 0.03011899 -0.11463869 -0.00829877
v 0.0316985 -0.11713228 -0.00667999
v 0.03034436 -0.11158102 -0.01015908
v 0.02963232 -0.10826409 -0.01053581
v 0.03173287 -0.10800059 -0.01145149
v 0.03244919 -0.11138617 -0.01104
v 0.03416829 -0.10742473 -0.01115586
v 0.03483804 -0.11073238 -0.01075386
v 0.03605149 -0.10681874 -0.00989683
v 0.03662781 -0.11002368 -0.00958099
v 0.03724626 -0.11310496 -0.00914328
v 0.03753251 -0.10957071 -0.00827166
v 0.03802568 -0.11249951 -0.00793452
v 0.03640207 -0.1095458 -0.00727334
v 0.03701861 -0.11245519 -0.00683127
v 0.03706739 -0.1064501 -0.00847862
v 0.03548879 -0.10354197 -0.01010736
v 0.03348343 -0.1040634 -0.0114111
v 0.03280547 -0.1007039 -0.01158512
v 0.03099864 -0.10461939 -0.01171218
v 0.03019832 -0.10127211 -0.01187327
v 0.02934655 -0.09798243 -0.01205899
v 0.0280366 -0.10173306 -0.01087423
v 0.02708974 -0.0985665 -0.01093336
v 0.02589006 -0.09555782 -0.01097419
v 0.02607738 -0.09887506 -0.00917776
v 0.02488089 -0.09596644 -0.00896698
v 0.02714995 -0.0985368 -0.00782239
v 0.02609928 -0.09557119 -0.00745218
v 0.02942565 -0.09785281 -0.00705206
v 0.02848308 -0.09464706 -0.00670156
v 0.03126802 -0.09414556 -0.00599143
v 0.0305173 -0.09096129 -0.00506184
v 0.03380821 -0.09054989 -0.00573792
v 0.02983932 -0.08755928 -0.0042997
v 0.02809943 -0.10157574 -0.0080783
v 0.02704277 -0.10192887 -0.00926141
v 0.02793533 -0.10505312 -0.00921059
v 0.02886511 -0.1049841 -0.01076752
v 0.03655079 -0.1218893 -0.00526388
v 0.03433539 -0.12258913 -0.00510877
v -0.02366635 -0.10148431 -0.00331846
v -0.02552546 -0.10144474 -0.0027242
v -0.02570172 -0.1027962 -0.00446704
v -0.02388361 -0.10206337 -0.00479446
v -0.02305599 -0.09935014 -0.00357498
v -0.02509216 -0.09869909 -0.00326998
v -0.02333905 -0.09993786 -0.00533378
v -0.03049698 -0.09969826 -0.00383184
v -0.03016678 -0.09727853 -0.0039732
v -0.02988632 -0.09815332 -0.00565669
v -0.03003404 -0.10064333 -0.00530859
v -0.02571449 -0.10238833 -0.00578196
v -0.02804988 -0.10205665 -0.00475672
v -0.02708889 -0.10146354 -0.00613261
v -0.02537364 -0.10022543 -0.00669991
v -0.02460157 -0.10208537 -0.00609973
v -0.02908398 -0.10085931 -0.00662463
v -0.02856196 -0.09904137 -0.00706373
v -0.02520008 -0.09723379 -0.0073242
v -0.02313532 -0.09733686 -0.00608644
v -0.01853612 -0.07533444 -0.00342137
v -0.02031356 -0.0735343 -0.00330973
v -0.02193289 -0.07547423 -0.00385847
v -0.01995164 -0.07704233 -0.00414854
v -0.01793225 -0.07811007 -0.0052483
v -0.01665619 -0.07542732 -0.00458788
v -0.01784947 -0.07178759 -0.00392629
v -0.02274008 -0.07728757 -0.00432087
v -0.02456202 -0.07700066 -0.00460686
v -0.02453896 -0.07952776 -0.00507053
v -0.02163607 -0.07961922 -0.004839
v -0.02437932 -0.07465255 -0.00392046
v -0.02365256 -0.07222678 -0.00308879
v -0.0171716 -0.07222129 -0.00729625
v -0.01870907 -0.07203855 -0.00667447
v -0.01918874 -0.07156763 -0.00537359
v -0.0169057 -0.07521572 -0.00775595
v -0.02156635 -0.07097455 -0.00519608
v -0.02229773 -0.06997062 -0.00337748
v -0.02081335 -0.07186303 -0.00685554
v -0.02801084 -0.07123832 -0.00620429
v -0.02771412 -0.07348003 -0.00714066
v -0.02684428 -0.07411606 -0.00508297
v -0.027038 -0.07146817 -0.0041165
v -0.02558337 -0.06925153 -0.00452945
v -0.026716 -0.06966518 -0.00694966
v -0.02275074 -0.07119117 -0.0068048
v -0.02337876 -0.07106066 -0.0081245
v -0.02474717 -0.06997877 -0.00694492
v -0.02383358 -0.07023264 -0.00566549
v -0.02043878 -0.07225388 -0.00850426
v -0.02534338 -0.07251213 -0.00916981
v -0.02071724 -0.07423583 -0.009508
v -0.01831247 -0.07804216 -0.00772751
v -0.02140902 -0.07714131 -0.00948043
v -0.02516973 -0.07628526 -0.00927629
v -0.01952689 -0.08071719 -0.00774929
v -0.02208289 -0.08001167 -0.00935117
v -0.02519486 -0.07932793 -0.00920403
v -0.02717502 -0.07899985 -0.00762806
v -0.0273122 -0.07625373 -0.0074739
v -0.02273284 -0.08293115 -0.00914387
v -0.02544579 -0.08228617 -0.00901972
v -0.02734425 -0.08178963 -0.0076587
v -0.02708552 -0.08179502 -0.00611928
v -0.0268486 -0.07915762 -0.00595766
v -0.02584578 -0.0851929 -0.00879362
v -0.0276069 -0.08462512 -0.00756483
v -0.02732891 -0.08452128 -0.00616286
v -0.0252286 -0.08484987 -0.00524556
v -0.02481036 -0.08218485 -0.00530635
v -0.02796435 -0.08744793 -0.00739077
v -0.02761635 -0.08726705 -0.00604832
v -0.0256155 -0.08755588 -0.00517737
v -0.02329894 -0.08816633 -0.00515364
v -0.02268999 -0.08549391 -0.0052433
v -0.02803047 -0.08991936 -0.00570303
v -0.02605131 -0.09024572 -0.00491304
v -0.02380509 -0.09084537 -0.004877
v -0.02214253 -0.09153888 -0.00565517
v -0.02144151 -0.08888838 -0.00583257
v -0.02649799 -0.09295569 -0.00462553
v -0.02426262 -0.09356929 -0.00454061
v -0.02267876 -0.09416798 -0.00525568
v -0.02292101 -0.09455003 -0.00664829
v -0.02239604 -0.09180886 -0.00704903
v -0.02476993 -0.09632381 -0.00434933
v -0.02303065 -0.09677576 -0.0046398
v -0.02708837 -0.09565407 -0.00440415
v -0.02776233 -0.09797407 -0.00363289
v -0.0291136 -0.09503087 -0.00491089
v -0.02827678 -0.10045557 -0.00325499
v -0.02849664 -0.09249721 -0.00533432
v -0.02879217 -0.09287678 -0.00668801
v -0.02940162 -0.09552215 -0.00625579
v -0.02725356 -0.09366138 -0.00777391
v -0.02792007 -0.09638105 -0.0074088
v -0.02483066 -0.09438602 -0.00779532
v -0.02674705 -0.09089701 -0.00818085
v -0.02434818 -0.09157426 -0.00825027
v -0.02627725 -0.08806316 -0.00850519
v -0.02385988 -0.08870593 -0.00857542
v -0.02180433 -0.08904628 -0.00737178
v -0.02329648 -0.08585135 -0.00889291
v -0.02115668 -0.0862619 -0.00760718
v -0.02071 -0.08619928 -0.00588289
v -0.02046435 -0.0834503 -0.00774762
v -0.01996625 -0.08353085 -0.00580657
v -0.02213147 -0.08278416 -0.00521182
v -0.01904992 -0.08086569 -0.00554391
v -0.02837432 -0.09020437 -0.00708824
v -0.02690456 -0.07660568 -0.00556462
v 0.00776749 -0.12209923 -0.00305142
v 0.0074185 -0.11903412 -0.00376561
v 0.00765795 -0.12005113 -0.00548627
v 0.00827921 -0.12326283 -0.00473912
v 0.01021658 -0.12522843 -0.00396385
v 0.01006978 -0.12222834 -0.00192782
v 0.01654815 -0.12276417 -0.00395604
v 0.01637173 -0.12472342 -0.00321274
v 0.01593107 -0.12420392 -0.0058579
v 0.01628266 -0.12242298 -0.00502041
v 0.01689568 -0.11989817 -0.00512261
v 0.01701447 -0.1213069 -0.00363384
v 0.01648225 -0.12124101 -0.00198937
v 0.01584628 -0.11856266 -0.00376814
v 0.01567098 -0.12078035 -0.00682644
v 0.00893219 -0.12316576 -0.00640839
v 0.00897081 -0.12060352 -0.00690688
v 0.0110628 -0.12107896 -0.00747306
v 0.01076891 -0.12431891 -0.00656271
v 0.01536471 -0.11727745 -0.00739943
v 0.0163355 -0.11646065 -0.00596772
v 0.01526486 -0.11589975 -0.00487146
v 0.00492402 -0.08448189 -0.00469779
v 0.00505526 -0.08759408 -0.00514508
v 0.00854542 -0.08740579 -0.00495889
v 0.00820721 -0.08402448 -0.00460832
v 0.00392519 -0.08378564 -0.00729917
v 0.00342413 -0.08735245 -0.00764381
v 0.01433354 -0.08273548 -0.0054473
v 0.01175186 -0.08261374 -0.00543568
v 0.01201121 -0.08466208 -0.00440597
v 0.01534422 -0.08467022 -0.00488413
v 0.01620374 -0.08438499 -0.007627
v 0.01416957 -0.08270324 -0.00754551
v 0.00678066 -0.08357029 -0.00718668
v 0.00895227 -0.08385313 -0.00755918
v 0.00852424 -0.08449461 -0.00994763
v 0.00652291 -0.0841489 -0.00930224
v 0.00455287 -0.08411726 -0.01050622
v 0.00781273 -0.08475188 -0.01195182
v 0.013654 -0.08324525 -0.00956593
v 0.01532682 -0.08400276 -0.01061271
v 0.01179765 -0.08460063 -0.01195335
v 0.01141376 -0.08423886 -0.01001442
v 0.01144507 -0.0835557 -0.00764244
v 0.00940889 -0.08303595 -0.00568
v 0.01214126 -0.08754449 -0.01245179
v 0.00782053 -0.08765116 -0.01232961
v 0.0159502 -0.08751108 -0.01096739
v 0.01513336 -0.09090862 -0.01069452
v 0.0120407 -0.09082305 -0.012172
v 0.01673102 -0.08763152 -0.00786045
v 0.01596894 -0.09080537 -0.00815315
v 0.0155938 -0.09401808 -0.00825981
v 0.01460627 -0.09416194 -0.01045885
v 0.01535814 -0.08783751 -0.00526025
v 0.01486027 -0.09081154 -0.00601839
v 0.01466509 -0.09391241 -0.00641256
v 0.01457678 -0.09708499 -0.00661415
v 0.01537959 -0.0972542 -0.00819155
v 0.01203797 -0.0906257 -0.00539634
v 0.01206964 -0.09376636 -0.00601577
v 0.01218599 -0.09701564 -0.00627339
v 0.01228129 -0.10026616 -0.00644507
v 0.01460806 -0.10031336 -0.00658252
v 0.00926145 -0.09376494 -0.00621204
v 0.0094852 -0.09703596 -0.00648841
v 0.00966271 -0.1002629 -0.00654401
v 0.00978474 -0.10345146 -0.00648345
v 0.01234011 -0.10349882 -0.00634663
v 0.00697318 -0.0972257 -0.00669388
v 0.00725348 -0.10040139 -0.00673575
v 0.00749087 -0.10355209 -0.00659301
v 0.00767278 -0.10671492 -0.00633847
v 0.00986814 -0.10662334 -0.00612651
v 0.00631841 -0.10063037 -0.008106
v 0.00664673 -0.10386986 -0.00795673
v 0.00691993 -0.10708147 -0.00767111
v 0.00699919 -0.1103152 -0.00728029
v 0.00773352 -0.1098864 -0.00593201
v 0.00779095 -0.10418858 -0.00957273
v 0.0080406 -0.10754547 -0.00923121
v 0.00825979 -0.11087288 -0.00877604
v 0.00854265 -0.11418112 -0.0082044
v 0.00722784 -0.11357306 -0.00680875
v 0.01008523 -0.10788117 -0.01038862
v 0.01034084 -0.11128355 -0.0098818
v 0.01061618 -0.11464705 -0.00923853
v 0.01091238 -0.11791112 -0.00838608
v 0.00881433 -0.11747054 -0.00754973
v 0.01280887 -0.11119911 -0.00976011
v 0.01305915 -0.11455087 -0.00912665
v 0.0133383 -0.11785276 -0.00833782
v 0.0134766 -0.12111637 -0.00734554
v 0.01509284 -0.11399962 -0.00801717
v 0.01486279 -0.11071707 -0.00855301
v 0.01597265 -0.11023899 -0.00703539
v 0.01600111 -0.11339634 -0.00659445
v 0.01467363 -0.10998768 -0.0060911
v 0.01485286 -0.11301093 -0.00559146
v 0.01247954 -0.10977901 -0.00560485
v 0.01265446 -0.11286945 -0.00504402
v 0.01287639 -0.11595354 -0.00441925
v 0.01304358 -0.11903171 -0.00389274
v 0.01017451 -0.11291648 -0.00516296
v 0.01020341 -0.11600385 -0.00454134
v 0.01006257 -0.11906147 -0.00360839
v 0.01322622 -0.12171481 -0.00243668
v 0.00798114 -0.11609712 -0.00492359
v 0.00798822 -0.11308463 -0.00562888
v 0.00753767 -0.11678096 -0.00616953
v 0.00999231 -0.10979954 -0.00571448
v 0.01235878 -0.10669099 -0.00610102
v 0.01472753 -0.10679644 -0.00620534
v 0.0146751 -0.10356274 -0.00642239
v 0.01566496 -0.10700715 -0.0073928
v 0.01540558 -0.10376257 -0.00771076
v 0.01526548 -0.10050434 -0.00800837
v 0.01449495 -0.10413951 -0.00951115
v 0.01439276 -0.10081218 -0.00989075
v 0.01438304 -0.09747053 -0.01019742
v 0.01218374 -0.10101181 -0.01117061
v 0.01204064 -0.09758092 -0.01153121
v 0.01198671 -0.09417247 -0.01187555
v 0.0092025 -0.09759533 -0.01147395
v 0.00881626 -0.09420127 -0.01176452
v 0.00832867 -0.09088224 -0.01205046
v 0.00630062 -0.09427707 -0.01026563
v 0.00531896 -0.09103703 -0.01048059
v 0.00397156 -0.08763988 -0.01090548
v 0.00446562 -0.09090323 -0.0079636
v 0.00536283 -0.09420939 -0.0081265
v 0.0065726 -0.09403988 -0.00651204
v 0.00601344 -0.09081835 -0.00610324
v 0.00897344 -0.09053044 -0.00570415
v 0.01205834 -0.087588 -0.00473185
v 0.0060015 -0.09740104 -0.00814357
v 0.00697179 -0.09753818 -0.0100802
v 0.00735988 -0.10085734 -0.00989519
v 0.00951297 -0.10102201 -0.01116713
v 0.00982698 -0.10444553 -0.01078292
v 0.01236269 -0.10442807 -0.0107614
v 0.01260269 -0.10783251 -0.01032628
v 0.01467393 -0.10743602 -0.0090602
v 0.01329583 -0.12498364 -0.00363554
v 0.01341728 -0.12453838 -0.00624098
v -0.01177104 -0.11434426 -0.00509373
v -0.00988286 -0.11496064 -0.00357461
v -0.0110958 -0.11135111 -0.00457892
v -0.01204589 -0.11210605 -0.00558636
v -0.01182105 -0.11311632 -0.00721047
v -0.0117437 -0.1150819 -0.00636779
v -0.01017455 -0.11683042 -0.00663378
v -0.00391372 -0.11584274 -0.00565469
v -0.00347775 -0.11315738 -0.00586161
v -0.00514914 -0.11240079 -0.00467231
v -0.00559432 -0.1162813 -0.00404735
v -0.00700175 -0.1172572 -0.00695707
v -0.00478914 -0.11656921 -0.00717636
v -0.00469746 -0.11406536 -0.00768994
v -0.0099259 -0.11402632 -0.00819398
v -0.00720596 -0.11434284 -0.00838448
v -0.01113189 -0.07708933 -0.0053816
v -0.01154101 -0.08046785 -0.0049317
v -0.00819512 -0.08059444 -0.00497085
v -0.00817908 -0.0777431 -0.00488371
v -0.01247939 -0.07746682 -0.00763003
v -0.01317946 -0.08054216 -0.0074488
v -0.00255632 -0.0780208 -0.00555147
v -0.00195631 -0.08138191 -0.00555723
v -0.00131504 -0.08103017 -0.00793285
v -0.00204027 -0.07798536 -0.00775587
v -0.00831391 -0.07804477 -0.00799721
v -0.00811756 -0.07737285 -0.00636564
v -0.00582356 -0.07741149 -0.0062707
v -0.00620239 -0.0781269 -0.00792341
v -0.00635742 -0.07846902 -0.00981623
v -0.00873164 -0.07836524 -0.00968164
v -0.01035147 -0.07793625 -0.00917865
v -0.01187147 -0.07807804 -0.00990759
v -0.01028089 -0.07755004 -0.0078529
v -0.0095015 -0.07863624 -0.01128437
v -0.00455493 -0.07817582 -0.00930559
v -0.00429534 -0.07779247 -0.00771112
v -0.00316537 -0.07826032 -0.01030113
v -0.00616727 -0.07870921 -0.01152295
v -0.00608135 -0.08116002 -0.01223444
v -0.00989219 -0.08108648 -0.01190124
v -0.00243079 -0.08110368 -0.01090081
v -0.00349078 -0.08442248 -0.01076381
v -0.00638465 -0.08427697 -0.01222152
v -0.00201551 -0.08450132 -0.00859895
v -0.00271026 -0.08781584 -0.00896653
v -0.00420974 -0.08766265 -0.01075282
v -0.00277264 -0.08451412 -0.006883
v -0.00328031 -0.0876991 -0.00748834
v -0.00375575 -0.09086848 -0.00774217
v -0.00337278 -0.09100471 -0.00905775
v -0.00523374 -0.0841361 -0.00626957
v -0.00546783 -0.08733509 -0.00700057
v -0.00577149 -0.09057946 -0.00736463
v -0.00605325 -0.09376786 -0.00746708
v -0.00408652 -0.09404676 -0.00777855
v -0.00805046 -0.08713287 -0.00685157
v -0.00822251 -0.09038232 -0.00723926
v -0.00837566 -0.09356657 -0.00728328
v -0.00847941 -0.09672397 -0.00704964
v -0.00623116 -0.09692379 -0.00726859
v -0.01054503 -0.09031837 -0.00728054
v -0.01056587 -0.09349865 -0.00742221
v -0.01056225 -0.09667403 -0.00739648
v -0.0106585 -0.09981343 -0.00724922
v -0.00859964 -0.09986668 -0.00686721
v -0.01174425 -0.09351809 -0.0084187
v -0.01172013 -0.09671997 -0.00833531
v -0.01187693 -0.0998961 -0.00813029
v -0.01198921 -0.10309912 -0.00780998
v -0.01073211 -0.10293386 -0.00702206
v -0.01118882 -0.09701856 -0.00988818
v -0.01119766 -0.10030416 -0.00957393
v -0.01125317 -0.1035847 -0.00921288
v -0.01132887 -0.10684411 -0.00872121
v -0.01192134 -0.10621646 -0.00737263
v -0.00955685 -0.10077119 -0.01084874
v -0.00961081 -0.104142 -0.01045979
v -0.00963287 -0.10750072 -0.00986798
v -0.0096956 -0.1107667 -0.00904246
v -0.01143283 -0.11004733 -0.00799675
v -0.00725357 -0.10436081 -0.01057967
v -0.00724409 -0.1077347 -0.00997736
v -0.0072114 -0.11104888 -0.0091954
v -0.0051122 -0.10743969 -0.00902148
v -0.00485201 -0.11076705 -0.00838028
v -0.00397755 -0.1069846 -0.00771089
v -0.00378235 -0.11005216 -0.0069086
v -0.00486304 -0.10654303 -0.00667275
v -0.00499577 -0.10949634 -0.00596086
v -0.00677925 -0.10622191 -0.00616283
v -0.00711807 -0.10917031 -0.00565794
v -0.0078465 -0.11178263 -0.00480142
v -0.00893003 -0.10599525 -0.00618316
v -0.00921833 -0.10881249 -0.00566405
v -0.00945496 -0.11083739 -0.00517465
v -0.0108433 -0.10590091 -0.00649355
v -0.01097514 -0.10872538 -0.00582454
v -0.01192786 -0.10922008 -0.00663441
v -0.00874865 -0.10293719 -0.00650483
v -0.00655812 -0.10316455 -0.00659835
v -0.00636379 -0.10005943 -0.00698052
v -0.00473182 -0.10350229 -0.00718979
v -0.00449134 -0.1003599 -0.00745633
v -0.00434055 -0.09719081 -0.00768693
v -0.0039071 -0.1006482 -0.00857225
v -0.00385248 -0.0974247 -0.00883884
v -0.00371403 -0.09421653 -0.00900305
v -0.00514105 -0.09756344 -0.01025952
v -0.00497005 -0.0942637 -0.01053869
v -0.00476186 -0.09093072 -0.01064586
v -0.00711108 -0.0942218 -0.0116334
v -0.00697516 -0.0908249 -0.01182842
v -0.00671976 -0.08749779 -0.0120575
v -0.00952977 -0.09062424 -0.01163111
v -0.00961591 -0.08730913 -0.0118092
v -0.00974045 -0.08412276 -0.0118639
v -0.01148018 -0.08718275 -0.0101098
v -0.01194819 -0.08403097 -0.01000537
v -0.01258514 -0.08086558 -0.01009198
v -0.01241105 -0.08392704 -0.00771558
v -0.01198576 -0.08714198 -0.00815582
v -0.01049641 -0.08714337 -0.00693323
v -0.01061254 -0.08385459 -0.00622843
v -0.00802139 -0.0838279 -0.00608623
v -0.00506749 -0.08102302 -0.00527205
v -0.00520633 -0.07820618 -0.00508067
v -0.01179734 -0.09030785 -0.00838334
v -0.01126842 -0.09041309 -0.01014201
v -0.01118793 -0.09370665 -0.01006235
v -0.00952654 -0.09400923 -0.01144879
v -0.00952602 -0.09740002 -0.0111829
v -0.00718845 -0.09761876 -0.01136609
v -0.00723425 -0.10099109 -0.011016
v -0.00516645 -0.1008646 -0.009951
v -0.00518534 -0.10414375 -0.00953082
v -0.00392863 -0.10385659 -0.00822639
v -0.00988678 -0.07718801 -0.00654544
v -0.00414766 -0.07732476 -0.00638388
v 0.05196362 -0.07867443 0.01614012
v 0.05072113 -0.07638784 0.01625673
v 0.05015903 -0.0779513 0.0142302
v 0.05228867 -0.07979672 0.01422263
v 0.0534224 -0.07776099 0.01599381
v 0.05286021 -0.07566418 0.01562889
v 0.05490107 -0.0788378 0.01412695
v 0.05447799 -0.07605194 0.01365154
v 0.05103854 -0.08155689 0.01047238
v 0.05161327 -0.08052856 0.00921052
v 0.05381379 -0.07919684 0.01124519
v 0.05201143 -0.08046039 0.01200969
v 0.04814633 -0.08138194 0.01073949
v 0.04890922 -0.08060118 0.00941689
v 0.04945648 -0.0795031 0.01242441
v 0.0470136 -0.07770065 0.01017099
v 0.04841196 -0.07799485 0.00889366
v 0.05129678 -0.07752342 0.00895626
v 0.04799058 -0.05474081 0.01469903
v 0.0463704 -0.05187842 0.01487727
v 0.04325224 -0.05449429 0.0146367
v 0.04500782 -0.05699177 0.01410711
v 0.04995727 -0.05416238 0.01256859
v 0.04857059 -0.05112845 0.01238697
v 0.04641378 -0.05968854 0.01348127
v 0.04889665 -0.05819073 0.01402466
v 0.05025934 -0.05761175 0.01229581
v 0.04521904 -0.05215641 0.0135057
v 0.04626712 -0.0522976 0.01202195
v 0.04413 -0.05321979 0.01182539
v 0.04305945 -0.05291489 0.01334277
v 0.04473279 -0.05329429 0.01067973
v 0.04636724 -0.05287655 0.01021167
v 0.04480748 -0.05370527 0.00870301
v 0.04341536 -0.0538183 0.00986215
v 0.04220061 -0.05376948 0.01093501
v 0.04083148 -0.05397107 0.00990177
v 0.03928148 -0.05455074 0.00995443
v 0.04100925 -0.05407314 0.01183953
v 0.04155761 -0.05419124 0.00886011
v 0.03972215 -0.05471452 0.00766637
v 0.0428593 -0.05419649 0.00801208
v 0.0424585 -0.05436045 0.00650636
v 0.04585545 -0.05345083 0.0073017
v 0.04678464 -0.05579249 0.00710693
v 0.04303059 -0.05703174 0.0059418
v 0.04828748 -0.05213737 0.00945509
v 0.04956587 -0.05474491 0.00953197
v 0.04995877 -0.05785669 0.00967936
v 0.04757718 -0.05863527 0.00752288
v 0.04841598 -0.06161191 0.00789432
v 0.04548369 -0.06249049 0.00742785
v 0.04428482 -0.05977911 0.00673948
v 0.05038065 -0.06100531 0.00982866
v 0.05103639 -0.06417171 0.01000763
v 0.04922237 -0.06470383 0.00823888
v 0.05083838 -0.06084864 0.01217202
v 0.05156729 -0.06398544 0.01220264
v 0.05228177 -0.06709769 0.01234515
v 0.05171805 -0.06735332 0.01024419
v 0.04979981 -0.06134344 0.01380305
v 0.0506536 -0.06431314 0.01376432
v 0.05139916 -0.06726139 0.01388572
v 0.05200658 -0.07018518 0.01417352
v 0.05295478 -0.07019886 0.01262357
v 0.04863594 -0.06531276 0.01327364
v 0.04955484 -0.0681036 0.01358938
v 0.05034641 -0.07087649 0.0140709
v 0.05085453 -0.07360411 0.01489405
v 0.05247959 -0.07304608 0.01482594
v 0.04801072 -0.06953737 0.01234856
v 0.0490861 -0.07237273 0.01282508
v 0.05010061 -0.07514635 0.01338392
v 0.04803797 -0.07374211 0.01125863
v 0.04893928 -0.0766907 0.01166788
v 0.04729419 -0.07441877 0.00979823
v 0.0469073 -0.07085674 0.01087018
v 0.04659167 -0.0715344 0.00938197
v 0.04821763 -0.07143332 0.00856824
v 0.04858447 -0.07456656 0.00888024
v 0.05060699 -0.07104925 0.00887926
v 0.05102287 -0.07427242 0.00909382
v 0.05241576 -0.07053547 0.01051623
v 0.05305108 -0.07365949 0.01079696
v 0.05377212 -0.07661737 0.01095158
v 0.05357899 -0.07324125 0.01309531
v 0.04997706 -0.06785785 0.00856842
v 0.04747843 -0.06839347 0.00821213
v 0.04653557 -0.06540614 0.00781986
v 0.04554024 -0.06872691 0.00894316
v 0.04433245 -0.06592391 0.00853729
v 0.04299913 -0.06315231 0.00823561
v 0.04439421 -0.0652357 0.01013129
v 0.04282262 -0.06259615 0.00999327
v 0.04114226 -0.06000703 0.00990007
v 0.04155314 -0.06042187 0.00795724
v 0.03944076 -0.05736326 0.00996887
v 0.03961158 -0.05785344 0.00721515
v 0.04291393 -0.05847735 0.01190732
v 0.04138741 -0.05613114 0.0121933
v 0.04433955 -0.06112762 0.01181061
v 0.04566395 -0.06387613 0.01180393
v 0.04761004 -0.06248351 0.01321041
v 0.04683096 -0.06671381 0.01201968
v 0.04563674 -0.06804364 0.01047836
f 1 2 3
f 1 3 4
f 1 4 5
f 1 5 6
f 7 6 5
f 7 5 8
f 7 9 10
f 7 10 6
f 7 8 11
f 7 11 9
f 12 13 14
f 12 14 15
f 12 5 4
f 12 4 13
f 12 15 8
f 12 8 5
f 16 17 18
f 16 18 19
f 16 14 13
f 16 13 17
f 16 19 20
f 16 20 14
f 21 22 23
f 21 23 24
f 25 26 27
f 25 27 28
f 25 28 22
f 25 22 29
f 25 29 30
f 25 30 26
f 31 32 33
f 31 33 34
f 31 26 30
f 31 30 32
f 31 34 27
f 31 27 26
f 34 35 36
f 34 36 27
f 34 33 37
f 34 37 35
f 36 38 39
f 36 39 40
f 36 40 28
f 36 28 27
f 36 35 41
f 36 41 38
f 41 42 43
f 41 43 38
f 41 44 45
f 41 45 42
f 45 46 47
f 45 47 42
f 45 44 48
f 45 48 49
f 45 49 50
f 45 50 46
f 50 51 52
f 50 52 46
f 50 49 53
f 50 53 54
f 50 54 55
f 50 55 51
f 55 56 57
f 55 57 51
f 55 54 58
f 55 58 59
f 55 59 60
f 55 60 56
f 60 61 62
f 60 62 56
f 60 59 63
f 60 63 64
f 60 64 65
f 60 65 61
f 65 3 2
f 65 2 61
f 65 64 66
f 65 66 18
f 65 18 17
f 65 17 3
f 66 64 63
f 66 63 67
f 66 67 68
f 66 68 69
f 66 69 19
f 66 19 18
f 69 68 70
f 69 70 71
f 69 71 20
f 69 20 19
f 71 70 72
f 71 72 73
f 71 73 74
f 71 74 20
f 74 15 14
f 74 14 20
f 74 73 75
f 74 75 11
f 74 11 8
f 74 8 15
f 75 73 72
f 75 72 76
f 75 76 57
f 75 57 77
f 75 77 9
f 75 9 11
f 77 57 56
f 77 56 62
f 77 62 10
f 77 10 9
f 76 72 78
f 76 78 52
f 76 52 51
f 76 51 57
f 78 72 70
f 78 70 79
f 78 79 80
f 78 80 47
f 78 47 46
f 78 46 52
f 80 79 81
f 80 81 82
f 80 82 83
f 80 83 43
f 80 43 42
f 80 42 47
f 83 82 84
f 83 84 85
f 83 85 86
f 83 86 39
f 83 39 38
f 83 38 43
f 86 85 87
f 86 87 88
f 86 88 24
f 86 24 23
f 86 23 40
f 86 40 39
f 88 87 89
f 88 89 90
f 88 90 91
f 88 91 24
f 91 90 92
f 91 92 93
f 91 93 94
f 91 94 95
f 91 95 21
f 91 21 24
f 95 94 30
f 95 30 29
f 95 29 22
f 95 22 21
f 94 93 96
f 94 96 97
f 94 97 32
f 94 32 30
f 92 90 89
f 92 89 98
f 98 53 49
f 98 49 48
f 98 89 99
f 98 99 53
f 99 58 54
f 99 54 53
f 99 89 87
f 99 87 100
f 99 100 101
f 99 101 58
f 101 63 59
f 101 59 58
f 101 100 84
f 101 84 102
f 101 102 67
f 101 67 63
f 102 84 82
f 102 82 81
f 102 81 68
f 102 68 67
f 100 87 85
f 100 85 84
f 81 79 70
f 81 70 68
f 62 61 2
f 62 2 10
f 40 23 22
f 40 22 28
f 17 13 4
f 17 4 3
f 10 2 1
f 10 1 6
f 103 104 37
f 103 37 33
f 103 97 96
f 103 96 104
f 41 35 37
f 41 37 44
f 97 103 33
f 97 33 32
f 48 44 37
f 48 37 104
f 93 92 105
f 93 105 96
f 92 98 48
f 92 48 105
f 104 96 105
f 104 105 48
f 106 107 108
f 106 108 109
f 106 109 110
f 106 110 111
f 106 111 112
f 106 112 113
f 107 114 115
f 107 115 108
f 108 115 116
f 108 116 117
f 108 118 119
f 108 119 109
f 108 117 120
f 108 120 118
f 121 122 123
f 121 123 124
f 121 124 119
f 121 119 118
f 121 118 120
f 121 120 122
f 120 117 125
f 120 125 122
f 112 115 114
f 112 114 113
f 112 126 127
f 112 127 128
f 119 129 130
f 119 130 109
f 119 124 131
f 119 131 129
f 115 112 128
f 115 128 132
f 115 132 133
f 115 133 116
f 129 131 134
f 129 134 130
f 135 136 137
f 135 137 138
f 135 139 140
f 135 140 141
f 135 138 142
f 135 142 139
f 139 142 143
f 139 143 140
f 144 145 146
f 144 146 147
f 148 149 150
f 148 150 151
f 148 151 152
f 148 152 143
f 148 143 142
f 148 142 149
f 153 154 155
f 153 155 156
f 153 157 147
f 153 147 154
f 153 156 158
f 153 158 157
f 159 160 152
f 159 152 161
f 159 161 158
f 159 158 156
f 159 156 155
f 159 155 160
f 161 162 163
f 161 163 158
f 161 152 151
f 161 151 162
f 163 164 165
f 163 165 166
f 163 166 157
f 163 157 158
f 163 162 167
f 163 167 164
f 167 168 169
f 167 169 164
f 167 162 151
f 167 151 150
f 167 150 170
f 167 170 168
f 170 171 172
f 170 172 168
f 170 150 149
f 170 149 173
f 170 173 174
f 170 174 171
f 174 175 176
f 174 176 171
f 174 173 138
f 174 138 137
f 174 137 177
f 174 177 175
f 177 178 179
f 177 179 175
f 177 137 136
f 177 136 180
f 177 180 181
f 177 181 178
f 181 182 183
f 181 183 178
f 181 180 184
f 181 184 185
f 181 185 186
f 181 186 182
f 186 132 128
f 186 128 182
f 186 185 187
f 186 187 188
f 186 188 133
f 186 133 132
f 188 187 189
f 188 189 190
f 188 190 191
f 188 191 133
f 191 192 116
f 191 116 133
f 191 190 193
f 191 193 194
f 191 194 195
f 191 195 192
f 195 196 125
f 195 125 192
f 195 194 197
f 195 197 198
f 195 198 199
f 195 199 196
f 199 134 123
f 199 123 196
f 199 198 200
f 199 200 201
f 199 201 130
f 199 130 134
f 201 200 202
f 201 202 110
f 201 110 109
f 201 109 130
f 202 200 203
f 202 203 204
f 202 204 205
f 202 205 206
f 202 206 111
f 202 111 110
f 205 204 207
f 205 207 208
f 205 208 183
f 205 183 127
f 205 127 126
f 205 126 206
f 208 207 209
f 208 209 179
f 208 179 178
f 208 178 183
f 209 207 210
f 209 210 211
f 209 211 212
f 209 212 176
f 209 176 175
f 209 175 179
f 212 211 213
f 212 213 214
f 212 214 215
f 212 215 172
f 212 172 171
f 212 171 176
f 215 214 216
f 215 216 217
f 215 217 218
f 215 218 169
f 215 169 168
f 215 168 172
f 218 217 219
f 218 219 220
f 218 220 145
f 218 145 165
f 218 165 164
f 218 164 169
f 220 219 221
f 220 221 222
f 220 222 146
f 220 146 145
f 222 221 223
f 222 223 224
f 222 224 225
f 222 225 146
f 225 224 135
f 225 135 141
f 225 141 155
f 225 155 154
f 225 154 147
f 225 147 146
f 224 223 136
f 224 136 135
f 223 184 180
f 223 180 136
f 223 221 226
f 223 226 184
f 226 187 185
f 226 185 184
f 226 221 219
f 226 219 227
f 226 227 189
f 226 189 187
f 227 219 217
f 227 217 216
f 227 216 228
f 227 228 189
f 228 193 190
f 228 190 189
f 228 216 214
f 228 214 213
f 228 213 229
f 228 229 193
f 229 197 194
f 229 194 193
f 229 213 211
f 229 211 210
f 229 210 203
f 229 203 197
f 210 207 204
f 210 204 203
f 203 200 198
f 203 198 197
f 196 123 122
f 196 122 125
f 192 125 117
f 192 117 116
f 183 182 128
f 183 128 127
f 173 149 142
f 173 142 138
f 166 165 145
f 166 145 144
f 166 144 147
f 166 147 157
f 160 140 143
f 160 143 152
f 160 155 141
f 160 141 140
f 134 131 124
f 134 124 123
f 126 112 111
f 126 111 206
f 113 114 107
f 113 107 106
f 230 231 232
f 230 232 233
f 231 230 234
f 231 234 235
f 234 230 236
f 234 236 237
f 238 237 239
f 238 239 240
f 238 240 241
f 238 241 242
f 238 235 234
f 238 234 237
f 233 243 244
f 233 244 230
f 230 244 245
f 230 245 236
f 244 243 246
f 244 246 245
f 241 247 248
f 241 248 249
f 250 251 252
f 250 252 253
f 250 253 254
f 250 254 255
f 256 257 258
f 256 258 259
f 260 255 261
f 260 261 262
f 260 262 263
f 260 263 264
f 265 266 267
f 265 267 268
f 265 269 270
f 265 270 266
f 270 269 271
f 270 271 254
f 261 255 254
f 261 254 271
f 261 271 272
f 261 272 262
f 272 271 269
f 272 269 259
f 272 259 258
f 272 258 273
f 272 273 263
f 272 263 262
f 273 258 274
f 273 274 275
f 273 275 276
f 273 276 263
f 276 277 264
f 276 264 263
f 276 275 278
f 276 278 279
f 276 279 280
f 276 280 277
f 280 281 282
f 280 282 277
f 280 279 283
f 280 283 284
f 280 284 285
f 280 285 281
f 285 286 287
f 285 287 281
f 285 284 288
f 285 288 289
f 285 289 290
f 285 290 286
f 290 291 292
f 290 292 286
f 290 289 293
f 290 293 294
f 290 294 295
f 290 295 291
f 295 296 297
f 295 297 291
f 295 294 247
f 295 247 298
f 295 298 299
f 295 299 296
f 299 300 301
f 299 301 296
f 299 298 240
f 299 240 239
f 299 239 302
f 299 302 300
f 302 303 304
f 302 304 300
f 302 239 237
f 302 237 236
f 302 236 245
f 302 245 303
f 304 305 306
f 304 306 307
f 304 307 301
f 304 301 300
f 304 303 308
f 304 308 305
f 308 309 310
f 308 310 305
f 308 303 245
f 308 245 246
f 308 246 311
f 308 311 309
f 310 312 288
f 310 288 313
f 310 313 306
f 310 306 305
f 310 309 314
f 310 314 312
f 314 248 293
f 314 293 312
f 314 309 311
f 314 311 315
f 314 315 249
f 314 249 248
f 313 288 284
f 313 284 283
f 313 283 316
f 313 316 306
f 316 283 279
f 316 279 278
f 316 278 317
f 316 317 318
f 316 318 307
f 316 307 306
f 318 317 319
f 318 319 320
f 318 320 301
f 318 301 307
f 320 319 321
f 320 321 297
f 320 297 296
f 320 296 301
f 321 319 322
f 321 322 323
f 321 323 324
f 321 324 292
f 321 292 291
f 321 291 297
f 324 323 325
f 324 325 326
f 324 326 327
f 324 327 287
f 324 287 286
f 324 286 292
f 327 326 328
f 327 328 329
f 327 329 330
f 327 330 282
f 327 282 281
f 327 281 287
f 329 328 267
f 329 267 252
f 329 252 251
f 329 251 330
f 328 331 268
f 328 268 267
f 328 326 325
f 328 325 331
f 325 257 256
f 325 256 331
f 325 323 322
f 325 322 257
f 322 274 258
f 322 258 257
f 322 319 317
f 322 317 274
f 317 278 275
f 317 275 274
f 312 293 289
f 312 289 288
f 298 247 241
f 298 241 240
f 294 293 248
f 294 248 247
f 282 330 264
f 282 264 277
f 270 254 253
f 270 253 266
f 256 259 269
f 256 269 265
f 268 331 256
f 268 256 265
f 267 266 253
f 267 253 252
f 251 250 255
f 251 255 260
f 251 260 264
f 251 264 330
f 246 243 332
f 246 332 311
f 332 232 333
f 332 333 334
f 332 334 315
f 332 315 311
f 333 335 336
f 333 336 337
f 336 235 238
f 336 238 242
f 335 231 235
f 335 235 336
f 335 333 232
f 335 232 231
f 249 338 242
f 249 242 241
f 332 243 233
f 332 233 232
f 315 334 338
f 315 338 249
f 333 337 338
f 333 338 334
f 242 338 337
f 242 337 336
f 339 340 341
f 339 341 342
f 339 343 344
f 339 344 340
f 341 340 345
f 341 345 346
f 341 346 347
f 341 347 342
f 348 349 350
f 348 350 351
f 350 352 353
f 350 353 351
f 345 340 344
f 345 344 354
f 345 354 355
f 345 355 346
f 356 357 358
f 356 358 359
f 356 360 361
f 356 361 357
f 362 363 364
f 362 364 365
f 362 365 366
f 362 366 367
f 368 369 370
f 368 370 371
f 368 371 372
f 368 372 373
f 374 373 375
f 374 375 376
f 374 376 377
f 374 377 360
f 377 376 378
f 377 378 379
f 377 379 361
f 377 361 360
f 378 376 375
f 378 375 380
f 378 380 381
f 378 381 379
f 382 383 384
f 382 384 385
f 382 385 386
f 382 386 387
f 382 387 363
f 382 363 383
f 387 386 372
f 387 372 388
f 387 388 364
f 387 364 363
f 388 372 371
f 388 371 370
f 388 370 389
f 388 389 364
f 389 390 365
f 389 365 364
f 389 370 369
f 389 369 391
f 389 391 392
f 389 392 390
f 392 393 394
f 392 394 390
f 392 391 395
f 392 395 396
f 392 396 397
f 392 397 393
f 397 398 399
f 397 399 393
f 397 396 400
f 397 400 401
f 397 401 402
f 397 402 398
f 402 403 404
f 402 404 398
f 402 401 405
f 402 405 406
f 402 406 407
f 402 407 403
f 407 408 409
f 407 409 403
f 407 406 410
f 407 410 411
f 407 411 412
f 407 412 408
f 412 413 414
f 412 414 408
f 412 411 415
f 412 415 416
f 412 416 417
f 412 417 413
f 417 418 419
f 417 419 413
f 417 416 349
f 417 349 348
f 417 348 351
f 417 351 418
f 419 420 421
f 419 421 422
f 419 422 414
f 419 414 413
f 419 418 423
f 419 423 420
f 423 424 425
f 423 425 420
f 423 418 351
f 423 351 353
f 423 353 347
f 423 347 424
f 425 426 427
f 425 427 428
f 425 428 421
f 425 421 420
f 425 424 355
f 425 355 426
f 428 427 429
f 428 429 430
f 428 430 431
f 428 431 421
f 431 430 432
f 431 432 433
f 431 433 434
f 431 434 435
f 431 435 422
f 431 422 421
f 435 434 436
f 435 436 437
f 435 437 414
f 435 414 422
f 437 436 438
f 437 438 409
f 437 409 408
f 437 408 414
f 438 436 439
f 438 439 440
f 438 440 441
f 438 441 404
f 438 404 403
f 438 403 409
f 441 440 358
f 441 358 442
f 441 442 443
f 441 443 399
f 441 399 398
f 441 398 404
f 443 442 444
f 443 444 445
f 443 445 366
f 443 366 394
f 443 394 393
f 443 393 399
f 445 444 446
f 445 446 447
f 445 447 367
f 445 367 366
f 447 446 381
f 447 381 384
f 447 384 383
f 447 383 367
f 446 361 379
f 446 379 381
f 446 444 357
f 446 357 361
f 444 442 358
f 444 358 357
f 440 439 359
f 440 359 358
f 439 448 368
f 439 368 359
f 439 436 434
f 439 434 448
f 448 449 369
f 448 369 368
f 448 434 433
f 448 433 449
f 449 395 391
f 449 391 369
f 449 433 432
f 449 432 395
f 432 400 396
f 432 396 395
f 432 430 429
f 432 429 400
f 429 405 401
f 429 401 400
f 429 427 450
f 429 450 405
f 450 410 406
f 450 406 405
f 450 427 426
f 450 426 451
f 450 451 452
f 450 452 410
f 452 415 411
f 452 411 410
f 452 451 354
f 452 354 344
f 452 344 343
f 452 343 415
f 451 426 355
f 451 355 354
f 424 347 346
f 424 346 355
f 416 415 343
f 416 343 349
f 394 366 365
f 394 365 390
f 386 385 380
f 386 380 375
f 386 375 373
f 386 373 372
f 385 384 381
f 385 381 380
f 383 363 362
f 383 362 367
f 374 360 356
f 374 356 359
f 374 359 368
f 374 368 373
f 353 352 342
f 353 342 347
f 350 349 343
f 350 343 339
f 352 350 339
f 352 339 342
f 453 454 455
f 453 455 456
f 453 456 457
f 453 457 458
f 453 458 459
f 453 459 454
f 460 457 456
f 460 456 461
f 459 462 463
f 459 463 454
f 459 458 464
f 459 464 462
f 465 461 456
f 465 456 455
f 465 466 467
f 465 467 461
f 468 469 470
f 468 470 471
f 472 473 469
f 472 469 468
f 468 471 474
f 468 474 472
f 472 475 476
f 472 476 473
f 472 474 477
f 472 477 475
f 478 479 480
f 478 480 481
f 482 483 479
f 482 479 478
f 478 481 484
f 478 484 482
f 485 486 487
f 485 487 471
f 477 474 488
f 477 488 482
f 474 489 490
f 474 490 488
f 491 487 486
f 491 486 492
f 491 493 489
f 491 489 487
f 494 495 496
f 494 496 497
f 494 498 499
f 494 499 495
f 500 501 502
f 500 502 503
f 504 505 506
f 504 506 507
f 504 501 508
f 504 508 505
f 504 507 509
f 504 509 501
f 501 500 510
f 501 510 508
f 502 511 512
f 502 512 513
f 502 514 515
f 502 515 511
f 514 509 507
f 514 507 515
f 515 507 506
f 515 506 516
f 515 516 517
f 515 517 511
f 517 518 512
f 517 512 511
f 517 516 519
f 517 519 520
f 517 520 521
f 517 521 518
f 521 522 523
f 521 523 518
f 521 520 524
f 521 524 525
f 521 525 526
f 521 526 522
f 526 527 528
f 526 528 522
f 526 525 529
f 526 529 530
f 526 530 531
f 526 531 527
f 531 532 533
f 531 533 527
f 531 530 473
f 531 473 476
f 531 476 534
f 531 534 532
f 534 535 536
f 534 536 532
f 534 476 475
f 534 475 484
f 534 484 481
f 534 481 535
f 536 537 538
f 536 538 539
f 536 539 533
f 536 533 532
f 536 535 540
f 536 540 537
f 540 464 541
f 540 541 537
f 540 535 481
f 540 481 542
f 540 542 462
f 540 462 464
f 542 481 480
f 542 480 543
f 542 543 463
f 542 463 462
f 543 480 544
f 543 544 545
f 543 545 546
f 543 546 463
f 546 455 454
f 546 454 463
f 546 545 547
f 546 547 466
f 546 466 465
f 546 465 455
f 547 545 544
f 547 544 548
f 547 548 549
f 547 549 550
f 547 550 467
f 547 467 466
f 550 549 539
f 550 539 538
f 550 538 551
f 550 551 467
f 551 460 461
f 551 461 467
f 551 538 537
f 551 537 541
f 551 541 457
f 551 457 460
f 549 548 552
f 549 552 553
f 549 553 533
f 549 533 539
f 553 552 554
f 553 554 528
f 553 528 527
f 553 527 533
f 554 552 555
f 554 555 556
f 554 556 557
f 554 557 523
f 554 523 522
f 554 522 528
f 557 556 483
f 557 483 558
f 557 558 513
f 557 513 512
f 557 512 518
f 557 518 523
f 558 483 482
f 558 482 488
f 558 488 490
f 558 490 513
f 556 555 479
f 556 479 483
f 555 544 480
f 555 480 479
f 555 552 548
f 555 548 544
f 541 464 458
f 541 458 457
f 530 529 469
f 530 469 473
f 529 525 524
f 529 524 559
f 529 559 470
f 529 470 469
f 559 524 497
f 559 497 496
f 559 496 560
f 559 560 470
f 560 496 495
f 560 495 561
f 560 561 486
f 560 486 485
f 560 485 471
f 560 471 470
f 561 495 499
f 561 499 562
f 561 562 492
f 561 492 486
f 562 499 505
f 562 505 508
f 562 508 510
f 562 510 492
f 524 520 519
f 524 519 497
f 519 516 506
f 519 506 498
f 519 498 494
f 519 494 497
f 513 490 503
f 513 503 502
f 510 500 503
f 510 503 493
f 510 493 491
f 510 491 492
f 509 514 502
f 509 502 501
f 506 505 499
f 506 499 498
f 503 490 489
f 503 489 493
f 489 474 471
f 489 471 487
f 482 484 475
f 482 475 477
f 563 564 565
f 563 565 566
f 563 567 568
f 563 568 564
f 569 566 570
f 569 570 571
f 572 573 574
f 572 574 575
f 576 577 578
f 576 578 579
f 580 581 577
f 580 577 576
f 582 583 584
f 582 584 585
f 586 587 588
f 586 588 589
f 590 591 592
f 590 592 581
f 593 590 594
f 593 594 595
f 596 597 598
f 596 598 599
f 600 601 597
f 600 597 596
f 589 602 603
f 589 603 586
f 589 588 604
f 589 604 605
f 606 607 608
f 606 608 565
f 598 609 610
f 598 610 611
f 598 597 612
f 598 612 613
f 598 611 614
f 598 614 599
f 601 600 579
f 601 579 615
f 601 616 612
f 601 612 597
f 617 618 619
f 617 619 620
f 621 622 618
f 621 618 617
f 623 624 625
f 623 625 626
f 607 627 624
f 607 624 623
f 623 626 608
f 623 608 607
f 628 616 629
f 628 629 630
f 628 630 631
f 628 631 632
f 628 632 612
f 628 612 616
f 633 634 635
f 633 635 636
f 637 605 604
f 637 604 638
f 637 638 639
f 637 639 640
f 641 642 643
f 641 643 644
f 645 646 647
f 645 647 648
f 649 638 604
f 649 604 620
f 649 650 639
f 649 639 638
f 649 620 619
f 649 619 650
f 625 624 651
f 625 651 652
f 653 631 630
f 653 630 645
f 654 655 631
f 654 631 653
f 653 645 656
f 653 656 654
f 619 618 657
f 619 657 658
f 644 659 660
f 644 660 641
f 654 661 662
f 654 662 655
f 663 657 618
f 663 618 622
f 663 664 665
f 663 665 657
f 666 667 668
f 666 668 669
f 666 669 670
f 666 670 671
f 666 671 651
f 666 651 667
f 664 672 673
f 664 673 665
f 674 675 665
f 674 665 673
f 674 673 676
f 674 676 677
f 676 673 672
f 676 672 678
f 676 678 662
f 676 662 661
f 676 661 679
f 676 679 677
f 678 672 670
f 678 670 680
f 678 680 681
f 678 681 662
f 681 680 682
f 681 682 683
f 681 683 613
f 681 613 684
f 681 684 655
f 681 655 662
f 684 613 612
f 684 612 632
f 684 632 631
f 684 631 655
f 682 669 668
f 682 668 685
f 682 680 670
f 682 670 669
f 685 668 686
f 685 686 687
f 685 687 610
f 685 610 688
f 687 686 689
f 687 689 690
f 687 690 611
f 687 611 610
f 691 689 692
f 691 692 693
f 690 694 614
f 690 614 611
f 693 692 564
f 693 564 568
f 695 696 697
f 695 697 698
f 692 606 565
f 692 565 564
f 692 689 607
f 692 607 606
f 689 686 627
f 689 627 607
f 686 668 667
f 686 667 627
f 672 664 671
f 672 671 670
f 677 679 639
f 677 639 650
f 675 658 657
f 675 657 665
f 671 664 652
f 671 652 651
f 667 651 624
f 667 624 627
f 679 699 640
f 679 640 639
f 659 644 636
f 659 636 635
f 700 660 659
f 700 659 699
f 646 645 630
f 646 630 629
f 701 615 579
f 701 579 578
f 701 578 592
f 701 592 702
f 644 643 703
f 644 703 636
f 704 591 590
f 704 590 593
f 636 703 705
f 636 705 633
f 626 622 621
f 626 621 608
f 621 617 570
f 621 570 566
f 621 566 565
f 621 565 608
f 617 620 604
f 617 604 588
f 617 588 587
f 617 587 570
f 706 595 594
f 706 594 707
f 587 586 603
f 587 603 708
f 587 708 571
f 587 571 570
f 578 577 581
f 578 581 592
f 709 710 711
f 709 711 712
f 710 709 574
f 710 574 573
f 582 585 572
f 582 572 713
f 685 688 683
f 685 683 682
f 663 622 626
f 663 626 625
f 652 664 663
f 652 663 625
f 675 674 677
f 675 677 650
f 658 675 650
f 658 650 619
f 679 661 654
f 679 654 656
f 700 699 679
f 700 679 656
f 707 575 602
f 707 602 706
f 633 705 589
f 633 589 605
f 637 640 635
f 637 635 634
f 699 659 635
f 699 635 640
f 637 634 633
f 637 633 605
f 700 656 645
f 700 645 660
f 648 641 660
f 648 660 645
f 648 647 642
f 648 642 641
f 592 591 704
f 592 704 702
f 714 715 716
f 714 716 717
f 714 717 584
f 714 584 718
f 719 573 572
f 719 572 585
f 720 710 573
f 720 573 719
f 697 711 710
f 697 710 720
f 716 698 697
f 716 697 720
f 717 716 720
f 717 720 719
f 584 717 719
f 584 719 585
f 712 711 697
f 712 697 696
f 695 698 716
f 695 716 715
f 572 575 707
f 572 707 713
f 590 581 580
f 590 580 594
f 589 705 706
f 589 706 602
f 705 703 595
f 705 595 706
f 703 643 593
f 703 593 595
f 643 642 704
f 643 704 593
f 704 642 647
f 704 647 702
f 646 701 702
f 646 702 647
f 646 629 615
f 646 615 701
f 601 615 629
f 601 629 616
f 603 602 575
f 603 575 574
f 708 603 574
f 708 574 709
f 571 708 709
f 571 709 712
f 567 569 571
f 567 571 712
f 568 567 712
f 568 712 696
f 695 693 568
f 695 568 696
f 563 566 569
f 563 569 567
f 694 691 693
f 694 693 695
f 614 694 695
f 614 695 715
f 599 614 715
f 599 715 714
f 718 596 599
f 718 599 714
f 579 600 596
f 579 596 718
f 690 689 691
f 690 691 694
f 683 688 721
f 683 721 613
f 609 721 688
f 609 688 610
f 613 721 609
f 613 609 598
f 713 707 594
f 713 594 580
f 576 582 713
f 576 713 580
f 718 584 583
f 718 583 579
f 579 583 582
f 579 582 576
f 722 723 724
f 722 724 725
f 724 723 726
f 724 726 727
f 728 729 730
f 728 730 731
f 728 723 722
f 728 722 729
f 728 731 732
f 728 732 733
f 734 735 736
f 734 736 737
f 738 727 726
f 738 726 739
f 738 739 740
f 738 740 741
f 738 741 742
f 738 742 727
f 736 735 743
f 736 743 744
f 745 746 747
f 745 747 748
f 749 750 751
f 749 751 752
f 749 753 754
f 749 754 750
f 755 748 756
f 755 756 757
f 755 757 750
f 755 750 754
f 758 747 759
f 758 759 760
f 758 756 748
f 758 748 747
f 758 760 761
f 758 761 756
f 761 760 762
f 761 762 763
f 761 763 764
f 761 764 765
f 761 765 757
f 761 757 756
f 765 764 766
f 765 766 751
f 765 751 750
f 765 750 757
f 766 764 767
f 766 767 768
f 766 768 769
f 766 769 770
f 766 770 752
f 766 752 751
f 770 769 771
f 770 771 772
f 770 772 773
f 770 773 752
f 773 753 749
f 773 749 752
f 773 772 774
f 773 774 775
f 773 775 746
f 773 746 753
f 775 774 776
f 775 776 759
f 775 759 747
f 775 747 746
f 776 774 777
f 776 777 778
f 776 778 779
f 776 779 762
f 776 762 760
f 776 760 759
f 779 778 780
f 779 780 781
f 779 781 782
f 779 782 783
f 779 783 763
f 779 763 762
f 783 782 784
f 783 784 767
f 783 767 764
f 783 764 763
f 784 782 785
f 784 785 786
f 784 786 787
f 784 787 788
f 784 788 768
f 784 768 767
f 788 787 789
f 788 789 790
f 788 790 769
f 788 769 768
f 790 789 791
f 790 791 792
f 790 792 771
f 790 771 769
f 792 791 793
f 792 793 794
f 792 794 777
f 792 777 771
f 794 793 795
f 794 795 780
f 794 780 778
f 794 778 777
f 795 793 796
f 795 796 797
f 795 797 798
f 795 798 799
f 795 799 781
f 795 781 780
f 799 798 800
f 799 800 785
f 799 785 782
f 799 782 781
f 800 798 801
f 800 801 802
f 800 802 803
f 800 803 804
f 800 804 786
f 800 786 785
f 804 803 805
f 804 805 806
f 804 806 787
f 804 787 786
f 806 805 807
f 806 807 808
f 806 808 789
f 806 789 787
f 808 807 809
f 808 809 810
f 808 810 791
f 808 791 789
f 810 809 811
f 810 811 796
f 810 796 793
f 810 793 791
f 811 809 812
f 811 812 813
f 811 813 814
f 811 814 815
f 811 815 797
f 811 797 796
f 815 814 816
f 815 816 801
f 815 801 798
f 815 798 797
f 816 814 817
f 816 817 818
f 816 818 819
f 816 819 820
f 816 820 802
f 816 802 801
f 820 819 821
f 820 821 822
f 820 822 803
f 820 803 802
f 822 821 823
f 822 823 824
f 822 824 805
f 822 805 803
f 824 823 825
f 824 825 826
f 824 826 807
f 824 807 805
f 826 825 827
f 826 827 812
f 826 812 809
f 826 809 807
f 827 825 828
f 827 828 829
f 827 829 830
f 827 830 831
f 827 831 813
f 827 813 812
f 831 830 832
f 831 832 817
f 831 817 814
f 831 814 813
f 832 830 833
f 832 833 834
f 832 834 835
f 832 835 836
f 832 836 818
f 832 818 817
f 836 835 837
f 836 837 838
f 836 838 819
f 836 819 818
f 838 837 839
f 838 839 840
f 838 840 821
f 838 821 819
f 840 839 841
f 840 841 842
f 840 842 823
f 840 823 821
f 842 841 843
f 842 843 828
f 842 828 825
f 842 825 823
f 843 841 844
f 843 844 845
f 843 845 846
f 843 846 847
f 843 847 829
f 843 829 828
f 847 846 733
f 847 733 833
f 847 833 830
f 847 830 829
f 846 845 848
f 846 848 849
f 846 849 728
f 846 728 733
f 849 848 739
f 849 739 726
f 849 726 723
f 849 723 728
f 848 845 844
f 848 844 850
f 848 850 740
f 848 740 739
f 850 844 851
f 850 851 852
f 850 852 853
f 850 853 740
f 853 852 854
f 853 854 743
f 853 743 735
f 853 735 855
f 853 855 741
f 853 741 740
f 855 735 734
f 855 734 856
f 855 856 742
f 855 742 741
f 856 734 737
f 856 737 857
f 856 857 725
f 856 725 742
f 857 737 730
f 857 730 729
f 857 729 722
f 857 722 725
f 854 858 859
f 854 859 860
f 854 860 744
f 854 744 743
f 854 852 851
f 854 851 858
f 860 859 732
f 860 732 731
f 860 731 730
f 860 730 744
f 859 835 834
f 859 834 732
f 859 858 837
f 859 837 835
f 858 851 839
f 858 839 837
f 851 844 841
f 851 841 839
f 834 833 733
f 834 733 732
f 777 774 772
f 777 772 771
f 755 754 745
f 755 745 748
f 754 753 746
f 754 746 745
f 744 730 737
f 744 737 736
f 742 725 724
f 742 724 727
f 861 862 863
f 861 863 864
f 861 864 865
f 861 865 866
f 861 866 867
f 861 867 862
f 868 869 870
f 868 870 871
f 868 872 873
f 868 873 869
f 873 872 874
f 873 874 863
f 873 863 862
f 873 862 869
f 863 874 875
f 863 875 876
f 863 876 877
f 863 877 864
f 865 878 879
f 865 879 866
f 880 881 882
f 880 882 878
f 883 884 882
f 883 882 885
f 881 877 886
f 881 886 887
f 881 887 888
f 881 888 889
f 881 889 885
f 881 885 882
f 890 891 892
f 890 892 893
f 890 893 894
f 890 894 895
f 896 897 898
f 896 898 899
f 896 900 901
f 896 901 897
f 896 899 902
f 896 902 900
f 903 904 905
f 903 905 906
f 903 907 908
f 903 908 904
f 903 906 909
f 903 909 907
f 910 911 912
f 910 912 913
f 907 909 914
f 907 914 915
f 916 917 918
f 916 918 919
f 916 906 905
f 916 905 917
f 916 919 909
f 916 909 906
f 920 921 900
f 920 900 902
f 920 902 922
f 920 922 923
f 920 924 925
f 920 925 921
f 920 926 927
f 920 927 924
f 920 923 928
f 920 928 926
f 915 929 930
f 915 930 907
f 924 927 931
f 924 931 925
f 932 933 934
f 932 934 935
f 914 936 933
f 914 933 932
f 937 938 931
f 937 931 927
f 937 927 926
f 937 926 934
f 937 934 933
f 937 933 938
f 938 933 936
f 938 936 939
f 938 939 913
f 938 913 931
f 939 936 919
f 939 919 918
f 939 918 910
f 939 910 913
f 936 914 909
f 936 909 919
f 932 935 940
f 932 940 941
f 932 941 942
f 932 942 929
f 932 929 915
f 932 915 914
f 942 941 943
f 942 943 944
f 942 944 945
f 942 945 946
f 942 946 930
f 942 930 929
f 946 945 947
f 946 947 948
f 946 948 949
f 946 949 930
f 949 908 907
f 949 907 930
f 949 948 950
f 949 950 951
f 949 951 952
f 949 952 908
f 952 953 904
f 952 904 908
f 952 951 898
f 952 898 897
f 952 897 901
f 952 901 953
f 953 954 905
f 953 905 904
f 953 901 955
f 953 955 954
f 955 912 911
f 955 911 954
f 955 901 900
f 955 900 921
f 955 921 925
f 955 925 912
f 954 911 917
f 954 917 905
f 951 950 956
f 951 956 898
f 956 950 957
f 956 957 958
f 956 958 959
f 956 959 960
f 956 960 899
f 956 899 898
f 960 959 961
f 960 961 922
f 960 922 902
f 960 902 899
f 961 959 962
f 961 962 963
f 961 963 964
f 961 964 965
f 961 965 923
f 961 923 922
f 965 964 966
f 965 966 967
f 965 967 928
f 965 928 923
f 967 966 968
f 967 968 940
f 967 940 935
f 967 935 928
f 968 966 969
f 968 969 970
f 968 970 971
f 968 971 943
f 968 943 941
f 968 941 940
f 971 970 972
f 971 972 973
f 971 973 974
f 971 974 975
f 971 975 944
f 971 944 943
f 975 974 976
f 975 976 977
f 975 977 945
f 975 945 944
f 977 976 978
f 977 978 979
f 977 979 947
f 977 947 945
f 979 978 980
f 979 980 981
f 979 981 957
f 979 957 947
f 981 980 982
f 981 982 983
f 981 983 958
f 981 958 957
f 983 982 984
f 983 984 962
f 983 962 959
f 983 959 958
f 984 982 985
f 984 985 986
f 984 986 987
f 984 987 988
f 984 988 963
f 984 963 962
f 988 987 989
f 988 989 990
f 988 990 964
f 988 964 963
f 990 989 991
f 990 991 969
f 990 969 966
f 990 966 964
f 991 989 992
f 991 992 993
f 991 993 994
f 991 994 972
f 991 972 970
f 991 970 969
f 994 993 995
f 994 995 996
f 994 996 997
f 994 997 998
f 994 998 973
f 994 973 972
f 998 997 999
f 998 999 1000
f 998 1000 974
f 998 974 973
f 1000 999 1001
f 1000 1001 1002
f 1000 1002 976
f 1000 976 974
f 1002 1001 1003
f 1002 1003 1004
f 1002 1004 978
f 1002 978 976
f 1004 1003 1005
f 1004 1005 1006
f 1004 1006 980
f 1004 980 978
f 1006 1005 1007
f 1006 1007 985
f 1006 985 982
f 1006 982 980
f 1007 1005 886
f 1007 886 1008
f 1007 1008 1009
f 1007 1009 1010
f 1007 1010 986
f 1007 986 985
f 1010 1009 1011
f 1010 1011 1012
f 1010 1012 987
f 1010 987 986
f 1012 1011 1013
f 1012 1013 992
f 1012 992 989
f 1012 989 987
f 1013 1011 1014
f 1013 1014 1015
f 1013 1015 1016
f 1013 1016 995
f 1013 995 993
f 1013 993 992
f 1016 1015 1017
f 1016 1017 1018
f 1016 1018 1019
f 1016 1019 1020
f 1016 1020 996
f 1016 996 995
f 1020 1019 1021
f 1020 1021 1022
f 1020 1022 997
f 1020 997 996
f 1022 1021 1023
f 1022 1023 1024
f 1022 1024 999
f 1022 999 997
f 1024 1023 889
f 1024 889 888
f 1024 888 1001
f 1024 1001 999
f 1023 1021 892
f 1023 892 1025
f 1023 1025 885
f 1023 885 889
f 1025 892 891
f 1025 891 1026
f 1025 1026 883
f 1025 883 885
f 1026 891 1027
f 1026 1027 1028
f 1026 1028 884
f 1026 884 883
f 1028 1027 1029
f 1028 1029 1030
f 1028 1030 879
f 1028 879 884
f 1030 1029 870
f 1030 870 867
f 1030 867 866
f 1030 866 879
f 1029 1031 871
f 1029 871 870
f 1029 1027 895
f 1029 895 1031
f 1031 1032 1033
f 1031 1033 871
f 1031 895 894
f 1031 894 1032
f 1033 1034 874
f 1033 874 872
f 1033 872 868
f 1033 868 871
f 1033 1032 1017
f 1033 1017 1034
f 1034 1014 875
f 1034 875 874
f 1034 1017 1015
f 1034 1015 1014
f 1032 894 1018
f 1032 1018 1017
f 1027 891 890
f 1027 890 895
f 1021 1019 893
f 1021 893 892
f 1019 1018 894
f 1019 894 893
f 1014 1011 1009
f 1014 1009 875
f 1009 1008 876
f 1009 876 875
f 1008 886 877
f 1008 877 876
f 1005 1003 887
f 1005 887 886
f 1003 1001 888
f 1003 888 887
f 957 950 948
f 957 948 947
f 935 934 926
f 935 926 928
f 931 913 912
f 931 912 925
f 918 917 911
f 918 911 910
f 884 879 878
f 884 878 882
f 880 878 865
f 880 865 864
f 880 864 877
f 880 877 881
f 870 869 862
f 870 862 867
f 1035 1036 1037
f 1035 1037 1038
f 1035 1038 1039
f 1035 1039 1040
f 1035 1040 1041
f 1035 1041 1036
f 1041 1040 1042
f 1041 1042 1043
f 1041 1044 1045
f 1041 1045 1046
f 1041 1043 1047
f 1041 1047 1044
f 1041 1046 1048
f 1041 1048 1036
f 1049 1050 1051
f 1049 1051 1052
f 1049 1053 1054
f 1049 1054 1050
f 1049 1052 1055
f 1049 1055 1053
f 1056 1057 1039
f 1056 1039 1058
f 1056 1059 1060
f 1056 1060 1057
f 1056 1058 1061
f 1056 1061 1059
f 1052 1051 1062
f 1052 1062 1055
f 1063 1064 1065
f 1063 1065 1066
f 1063 1051 1050
f 1063 1050 1064
f 1063 1066 1062
f 1063 1062 1051
f 1059 1061 1067
f 1059 1067 1060
f 1065 1046 1045
f 1065 1045 1068
f 1065 1069 1070
f 1065 1070 1066
f 1065 1068 1071
f 1065 1071 1069
f 1065 1064 1048
f 1065 1048 1046
f 1072 1073 1074
f 1072 1074 1075
f 1072 1076 1077
f 1072 1077 1073
f 1072 1075 1078
f 1072 1078 1076
f 1075 1074 1079
f 1075 1079 1080
f 1078 1075 1081
f 1078 1081 1082
f 1081 1083 1084
f 1081 1084 1082
f 1085 1086 1087
f 1085 1087 1088
f 1085 1088 1089
f 1085 1089 1090
f 1085 1090 1083
f 1085 1083 1080
f 1074 1073 1091
f 1074 1091 1079
f 1092 1093 1094
f 1092 1094 1077
f 1095 1096 1093
f 1095 1093 1082
f 1097 1098 1096
f 1097 1096 1095
f 1095 1082 1084
f 1095 1084 1097
f 1096 1099 1094
f 1096 1094 1093
f 1096 1098 1100
f 1096 1100 1101
f 1096 1101 1102
f 1096 1102 1099
f 1103 1104 1099
f 1103 1099 1102
f 1103 1105 1106
f 1103 1106 1104
f 1103 1102 1107
f 1103 1107 1105
f 1108 1097 1109
f 1108 1109 1110
f 1108 1110 1111
f 1108 1111 1112
f 1108 1112 1101
f 1108 1101 1100
f 1112 1111 1113
f 1112 1113 1107
f 1112 1107 1102
f 1112 1102 1101
f 1113 1111 1114
f 1113 1114 1115
f 1113 1115 1087
f 1113 1087 1086
f 1113 1086 1105
f 1113 1105 1107
f 1115 1114 1116
f 1115 1116 1117
f 1115 1117 1118
f 1115 1118 1087
f 1118 1117 1119
f 1118 1119 1120
f 1118 1120 1121
f 1118 1121 1122
f 1118 1122 1088
f 1118 1088 1087
f 1122 1121 1123
f 1122 1123 1124
f 1122 1124 1089
f 1122 1089 1088
f 1124 1123 1125
f 1124 1125 1126
f 1124 1126 1127
f 1124 1127 1089
f 1127 1128 1090
f 1127 1090 1089
f 1127 1126 1129
f 1127 1129 1130
f 1127 1130 1109
f 1127 1109 1128
f 1130 1129 1131
f 1130 1131 1132
f 1130 1132 1110
f 1130 1110 1109
f 1132 1131 1116
f 1132 1116 1114
f 1132 1114 1111
f 1132 1111 1110
f 1131 1129 1133
f 1131 1133 1134
f 1131 1134 1135
f 1131 1135 1116
f 1135 1134 1136
f 1135 1136 1137
f 1135 1137 1138
f 1135 1138 1119
f 1135 1119 1117
f 1135 1117 1116
f 1138 1137 1139
f 1138 1139 1140
f 1138 1140 1141
f 1138 1141 1142
f 1138 1142 1120
f 1138 1120 1119
f 1142 1141 1143
f 1142 1143 1144
f 1142 1144 1121
f 1142 1121 1120
f 1144 1143 1145
f 1144 1145 1146
f 1144 1146 1123
f 1144 1123 1121
f 1146 1145 1147
f 1146 1147 1148
f 1146 1148 1125
f 1146 1125 1123
f 1148 1147 1149
f 1148 1149 1150
f 1148 1150 1133
f 1148 1133 1125
f 1150 1149 1151
f 1150 1151 1136
f 1150 1136 1134
f 1150 1134 1133
f 1151 1149 1152
f 1151 1152 1153
f 1151 1153 1154
f 1151 1154 1139
f 1151 1139 1137
f 1151 1137 1136
f 1154 1153 1155
f 1154 1155 1156
f 1154 1156 1157
f 1154 1157 1158
f 1154 1158 1140
f 1154 1140 1139
f 1158 1157 1159
f 1158 1159 1160
f 1158 1160 1141
f 1158 1141 1140
f 1160 1159 1161
f 1160 1161 1162
f 1160 1162 1143
f 1160 1143 1141
f 1162 1161 1163
f 1162 1163 1164
f 1162 1164 1145
f 1162 1145 1143
f 1164 1163 1165
f 1164 1165 1166
f 1164 1166 1147
f 1164 1147 1145
f 1166 1165 1167
f 1166 1167 1152
f 1166 1152 1149
f 1166 1149 1147
f 1167 1165 1168
f 1167 1168 1169
f 1167 1169 1170
f 1167 1170 1155
f 1167 1155 1153
f 1167 1153 1152
f 1170 1169 1171
f 1170 1171 1172
f 1170 1172 1173
f 1170 1173 1174
f 1170 1174 1156
f 1170 1156 1155
f 1174 1173 1175
f 1174 1175 1176
f 1174 1176 1157
f 1174 1157 1156
f 1176 1175 1177
f 1176 1177 1178
f 1176 1178 1159
f 1176 1159 1157
f 1178 1177 1179
f 1178 1179 1180
f 1178 1180 1161
f 1178 1161 1159
f 1180 1179 1181
f 1180 1181 1182
f 1180 1182 1163
f 1180 1163 1161
f 1182 1181 1183
f 1182 1183 1168
f 1182 1168 1165
f 1182 1165 1163
f 1183 1181 1044
f 1183 1044 1047
f 1183 1047 1184
f 1183 1184 1171
f 1183 1171 1169
f 1183 1169 1168
f 1184 1047 1043
f 1184 1043 1185
f 1184 1185 1186
f 1184 1186 1187
f 1184 1187 1172
f 1184 1172 1171
f 1187 1186 1188
f 1187 1188 1189
f 1187 1189 1173
f 1187 1173 1172
f 1189 1188 1069
f 1189 1069 1071
f 1189 1071 1175
f 1189 1175 1173
f 1188 1186 1190
f 1188 1190 1191
f 1188 1191 1070
f 1188 1070 1069
f 1191 1190 1067
f 1191 1067 1192
f 1191 1192 1193
f 1191 1193 1070
f 1193 1192 1194
f 1193 1194 1195
f 1193 1195 1055
f 1193 1055 1062
f 1193 1062 1066
f 1193 1066 1070
f 1195 1194 1196
f 1195 1196 1197
f 1195 1197 1053
f 1195 1053 1055
f 1197 1196 1038
f 1197 1038 1037
f 1197 1037 1054
f 1197 1054 1053
f 1196 1194 1061
f 1196 1061 1058
f 1196 1058 1039
f 1196 1039 1038
f 1194 1192 1067
f 1194 1067 1061
f 1190 1186 1185
f 1190 1185 1198
f 1190 1198 1060
f 1190 1060 1067
f 1198 1185 1043
f 1198 1043 1042
f 1198 1042 1057
f 1198 1057 1060
f 1181 1179 1045
f 1181 1045 1044
f 1179 1177 1068
f 1179 1068 1045
f 1177 1175 1071
f 1177 1071 1068
f 1133 1129 1126
f 1133 1126 1125
f 1128 1084 1083
f 1128 1083 1090
f 1128 1109 1097
f 1128 1097 1084
f 1106 1105 1086
f 1106 1086 1085
f 1106 1085 1080
f 1106 1080 1079
f 1106 1079 1091
f 1106 1091 1104
f 1104 1091 1094
f 1104 1094 1099
f 1100 1098 1097
f 1100 1097 1108
f 1094 1091 1073
f 1094 1073 1077
f 1064 1050 1054
f 1064 1054 1048
f 1057 1042 1040
f 1057 1040 1039
f 1054 1037 1036
f 1054 1036 1048
f 1078 1082 1093
f 1078 1093 1092
f 1078 1092 1077
f 1078 1077 1076
f 1075 1080 1083
f 1075 1083 1081
f 1199 1200 1201
f 1199 1201 1202
f 1199 1202 1203
f 1199 1203 1204
f 1199 1204 1205
f 1199 1205 1200
f 1204 1203 1206
f 1204 1206 1205
f 1207 1200 1205
f 1207 1205 1208
f 1207 1209 1201
f 1207 1201 1200
f 1207 1208 1210
f 1207 1210 1209
f 1208 1205 1206
f 1208 1206 1210
f 1211 1212 1213
f 1211 1213 1214
f 1206 1203 1212
f 1206 1212 1211
f 1211 1214 1215
f 1211 1215 1206
f 1216 1217 1218
f 1216 1218 1213
f 1219 1220 1217
f 1219 1217 1216
f 1216 1213 1212
f 1216 1212 1219
f 1213 1218 1221
f 1213 1221 1214
f 1222 1223 1224
f 1222 1224 1225
f 1226 1227 1228
f 1226 1228 1229
f 1222 1225 1220
f 1222 1220 1219
f 1227 1230 1231
f 1227 1231 1228
f 1232 1233 1234
f 1232 1234 1235
f 1230 1236 1237
f 1230 1237 1231
f 1225 1238 1239
f 1225 1239 1220
f 1224 1223 1240
f 1224 1240 1241
f 1242 1243 1244
f 1242 1244 1245
f 1217 1246 1243
f 1217 1243 1242
f 1242 1245 1218
f 1242 1218 1217
f 1247 1248 1249
f 1247 1249 1250
f 1247 1250 1251
f 1247 1251 1252
f 1247 1252 1253
f 1247 1253 1248
f 1244 1243 1254
f 1244 1254 1255
f 1244 1255 1256
f 1244 1256 1245
f 1257 1258 1259
f 1257 1259 1260
f 1255 1254 1261
f 1255 1261 1256
f 1262 1235 1234
f 1262 1234 1263
f 1264 1258 1235
f 1264 1235 1262
f 1262 1263 1265
f 1262 1265 1264
f 1259 1258 1264
f 1259 1264 1266
f 1267 1268 1253
f 1267 1253 1252
f 1269 1270 1271
f 1269 1271 1272
f 1269 1272 1273
f 1269 1273 1274
f 1269 1274 1275
f 1269 1275 1276
f 1263 1277 1278
f 1263 1278 1279
f 1263 1279 1280
f 1263 1280 1281
f 1265 1282 1283
f 1265 1283 1264
f 1284 1278 1277
f 1284 1277 1285
f 1286 1287 1288
f 1286 1288 1289
f 1290 1271 1291
f 1290 1291 1292
f 1293 1294 1295
f 1293 1295 1296
f 1293 1297 1298
f 1293 1298 1299
f 1300 1301 1302
f 1300 1302 1303
f 1300 1303 1304
f 1300 1304 1297
f 1300 1296 1295
f 1300 1295 1301
f 1304 1303 1305
f 1304 1305 1306
f 1304 1306 1307
f 1304 1307 1308
f 1304 1308 1298
f 1304 1298 1297
f 1308 1307 1309
f 1308 1309 1310
f 1308 1310 1311
f 1308 1311 1298
f 1311 1310 1312
f 1311 1312 1313
f 1311 1313 1292
f 1311 1292 1314
f 1311 1314 1299
f 1311 1299 1298
f 1314 1292 1291
f 1314 1291 1315
f 1314 1315 1316
f 1314 1316 1299
f 1316 1317 1293
f 1316 1293 1299
f 1316 1315 1318
f 1316 1318 1319
f 1316 1319 1266
f 1316 1266 1317
f 1319 1318 1226
f 1319 1226 1260
f 1319 1260 1259
f 1319 1259 1266
f 1318 1315 1291
f 1318 1291 1240
f 1318 1240 1223
f 1318 1223 1226
f 1317 1283 1294
f 1317 1294 1293
f 1317 1266 1264
f 1317 1264 1283
f 1313 1312 1274
f 1313 1274 1273
f 1313 1273 1290
f 1313 1290 1292
f 1312 1310 1309
f 1312 1309 1320
f 1312 1320 1275
f 1312 1275 1274
f 1320 1309 1289
f 1320 1289 1288
f 1320 1288 1321
f 1320 1321 1275
f 1309 1307 1322
f 1309 1322 1289
f 1296 1300 1297
f 1296 1297 1293
f 1294 1281 1280
f 1294 1280 1295
f 1294 1283 1282
f 1294 1282 1281
f 1290 1273 1272
f 1290 1272 1271
f 1288 1287 1323
f 1288 1323 1321
f 1302 1278 1284
f 1302 1284 1324
f 1302 1324 1305
f 1302 1305 1303
f 1282 1265 1263
f 1282 1263 1281
f 1277 1263 1234
f 1277 1234 1325
f 1277 1325 1326
f 1277 1326 1285
f 1326 1325 1327
f 1326 1327 1328
f 1326 1329 1249
f 1326 1249 1248
f 1326 1248 1253
f 1326 1253 1285
f 1329 1330 1331
f 1329 1331 1215
f 1329 1215 1214
f 1329 1214 1249
f 1332 1333 1237
f 1332 1237 1236
f 1332 1236 1209
f 1332 1209 1210
f 1332 1210 1206
f 1332 1206 1215
f 1327 1325 1234
f 1327 1234 1233
f 1275 1321 1334
f 1275 1334 1276
f 1305 1268 1267
f 1305 1267 1322
f 1306 1305 1322
f 1306 1322 1307
f 1286 1289 1322
f 1286 1322 1267
f 1287 1335 1336
f 1287 1336 1323
f 1336 1335 1251
f 1336 1251 1337
f 1336 1337 1245
f 1336 1245 1256
f 1336 1256 1261
f 1336 1261 1323
f 1337 1251 1250
f 1337 1250 1221
f 1337 1221 1218
f 1337 1218 1245
f 1335 1267 1252
f 1335 1252 1251
f 1324 1284 1285
f 1324 1285 1253
f 1324 1253 1268
f 1324 1268 1305
f 1269 1239 1238
f 1269 1238 1270
f 1338 1254 1243
f 1338 1243 1246
f 1260 1226 1229
f 1260 1229 1257
f 1258 1257 1229
f 1258 1229 1339
f 1250 1249 1214
f 1250 1214 1221
f 1246 1217 1220
f 1246 1220 1239
f 1236 1230 1201
f 1236 1201 1209
f 1230 1219 1202
f 1230 1202 1201
f 1219 1212 1203
f 1219 1203 1202
f 1238 1225 1224
f 1238 1224 1241
f 1240 1291 1271
f 1240 1271 1270
f 1241 1240 1270
f 1241 1270 1238
f 1335 1287 1286
f 1335 1286 1267
f 1334 1321 1323
f 1334 1323 1261
f 1334 1261 1254
f 1334 1254 1338
f 1338 1246 1239
f 1338 1239 1269
f 1334 1338 1269
f 1334 1269 1276
f 1301 1295 1280
f 1301 1280 1279
f 1278 1302 1301
f 1278 1301 1279
f 1227 1226 1223
f 1227 1223 1222
f 1222 1219 1230
f 1222 1230 1227
f 1232 1339 1229
f 1232 1229 1228
f 1228 1340 1233
f 1228 1233 1232
f 1341 1327 1233
f 1341 1233 1340
f 1330 1328 1327
f 1330 1327 1341
f 1333 1331 1330
f 1333 1330 1341
f 1237 1333 1341
f 1237 1341 1340
f 1231 1237 1340
f 1231 1340 1228
f 1258 1339 1232
f 1258 1232 1235
f 1215 1331 1333
f 1215 1333 1332
f 1326 1328 1330
f 1326 1330 1329
f 1342 1343 1344
f 1342 1344 1345
f 1342 1345 1346
f 1342 1346 1347
f 1342 1347 1348
f 1342 1348 1343
f 1349 1350 1351
f 1349 1351 1352
f 1353 1354 1355
f 1353 1355 1356
f 1353 1352 1357
f 1353 1357 1354
f 1358 1359 1360
f 1358 1360 1361
f 1358 1361 1362
f 1358 1362 1363
f 1364 1365 1366
f 1364 1366 1367
f 1364 1367 1368
f 1364 1368 1369
f 1370 1371 1372
f 1370 1372 1373
f 1370 1366 1365
f 1370 1365 1374
f 1370 1359 1375
f 1370 1375 1371
f 1370 1374 1360
f 1370 1360 1359
f 1370 1373 1376
f 1370 1376 1366
f 1377 1378 1379
f 1377 1379 1380
f 1381 1382 1383
f 1381 1383 1384
f 1380 1385 1386
f 1380 1386 1387
f 1388 1389 1385
f 1388 1385 1380
f 1389 1390 1391
f 1389 1391 1385
f 1392 1393 1394
f 1392 1394 1395
f 1396 1397 1391
f 1396 1391 1390
f 1396 1398 1372
f 1396 1372 1397
f 1399 1400 1401
f 1399 1401 1402
f 1399 1402 1403
f 1399 1403 1404
f 1405 1406 1407
f 1405 1407 1408
f 1405 1409 1398
f 1405 1398 1406
f 1406 1410 1404
f 1406 1404 1407
f 1402 1393 1411
f 1402 1411 1412
f 1402 1412 1413
f 1402 1413 1403
f 1412 1411 1414
f 1412 1414 1413
f 1404 1410 1415
f 1404 1415 1416
f 1404 1416 1400
f 1404 1400 1399
f 1413 1414 1417
f 1413 1417 1403
f 1408 1407 1417
f 1408 1417 1414
f 1417 1407 1404
f 1417 1404 1403
f 1414 1411 1418
f 1414 1418 1408
f 1418 1411 1393
f 1418 1393 1392
f 1418 1392 1395
f 1418 1395 1419
f 1418 1419 1420
f 1418 1420 1408
f 1419 1395 1382
f 1419 1382 1421
f 1419 1421 1422
f 1419 1422 1420
f 1422 1398 1409
f 1422 1409 1420
f 1422 1421 1376
f 1422 1376 1373
f 1422 1373 1372
f 1422 1372 1398
f 1409 1405 1408
f 1409 1408 1420
f 1402 1401 1394
f 1402 1394 1393
f 1401 1400 1423
f 1401 1423 1424
f 1401 1424 1383
f 1401 1383 1394
f 1424 1423 1425
f 1424 1425 1426
f 1424 1426 1384
f 1424 1384 1383
f 1426 1425 1427
f 1426 1427 1428
f 1426 1428 1356
f 1426 1356 1384
f 1427 1425 1379
f 1427 1379 1378
f 1427 1378 1429
f 1427 1429 1430
f 1427 1430 1350
f 1427 1350 1428
f 1430 1429 1345
f 1430 1345 1344
f 1430 1344 1351
f 1430 1351 1350
f 1429 1378 1377
f 1429 1377 1431
f 1429 1431 1346
f 1429 1346 1345
f 1431 1377 1380
f 1431 1380 1387
f 1431 1387 1362
f 1431 1362 1346
f 1397 1372 1371
f 1397 1371 1375
f 1397 1375 1432
f 1397 1432 1391
f 1410 1396 1390
f 1410 1390 1415
f 1415 1390 1389
f 1415 1389 1388
f 1415 1388 1433
f 1415 1433 1416
f 1395 1394 1383
f 1395 1383 1382
f 1391 1432 1386
f 1391 1386 1385
f 1387 1386 1363
f 1387 1363 1362
f 1434 1376 1421
f 1434 1421 1382
f 1434 1382 1381
f 1434 1381 1435
f 1434 1435 1368
f 1434 1368 1367
f 1434 1367 1366
f 1434 1366 1376
f 1374 1365 1436
f 1374 1436 1437
f 1374 1437 1348
f 1374 1348 1360
f 1437 1436 1357
f 1437 1357 1438
f 1437 1438 1343
f 1437 1343 1348
f 1438 1357 1352
f 1438 1352 1351
f 1438 1351 1344
f 1438 1344 1343
f 1436 1369 1354
f 1436 1354 1357
f 1436 1365 1364
f 1436 1364 1369
f 1369 1368 1355
f 1369 1355 1354
f 1362 1361 1347
f 1362 1347 1346
f 1361 1360 1348
f 1361 1348 1347
f 1355 1368 1435
f 1355 1435 1381
f 1355 1381 1384
f 1355 1384 1356
f 1349 1352 1353
f 1349 1353 1356
f 1349 1356 1428
f 1349 1428 1350
f 1363 1386 1432
f 1363 1432 1375
f 1363 1375 1359
f 1363 1359 1358
f 1410 1406 1398
f 1410 1398 1396
f 1423 1400 1416
f 1423 1416 1433
f 1433 1388 1380
f 1433 1380 1379
f 1425 1423 1433
f 1425 1433 1379
f 1439 1440 1441
f 1439 1441 1442
f 1439 1443 1444
f 1439 1444 1440
f 1445 1446 1447
f 1445 1447 1448
f 1449 1450 1441
f 1449 1441 1451
f 1452 1453 1450
f 1452 1450 1449
f 1454 1455 1442
f 1454 1442 1456
f 1457 1458 1459
f 1457 1459 1460
f 1457 1461 1462
f 1457 1462 1458
f 1463 1464 1465
f 1463 1465 1466
f 1467 1468 1469
f 1467 1469 1470
f 1471 1472 1473
f 1471 1473 1474
f 1471 1474 1475
f 1471 1475 1476
f 1471 1476 1477
f 1471 1477 1472
f 1478 1479 1480
f 1478 1480 1481
f 1478 1481 1482
f 1478 1482 1483
f 1478 1483 1484
f 1478 1484 1479
f 1462 1485 1482
f 1462 1482 1481
f 1462 1461 1486
f 1462 1486 1485
f 1462 1481 1480
f 1462 1480 1487
f 1488 1489 1454
f 1488 1454 1456
f 1488 1490 1491
f 1488 1491 1489
f 1488 1492 1493
f 1488 1493 1490
f 1494 1495 1496
f 1494 1496 1497
f 1494 1497 1498
f 1494 1498 1499
f 1494 1499 1500
f 1494 1500 1495
f 1501 1502 1503
f 1501 1503 1504
f 1505 1506 1507
f 1505 1507 1508
f 1509 1510 1506
f 1509 1506 1505
f 1511 1509 1505
f 1511 1505 1512
f 1513 1514 1515
f 1513 1515 1516
f 1513 1516 1517
f 1513 1517 1518
f 1513 1518 1519
f 1513 1519 1514
f 1520 1521 1522
f 1520 1522 1523
f 1524 1525 1521
f 1524 1521 1520
f 1520 1523 1486
f 1520 1486 1524
f 1526 1527 1528
f 1526 1528 1529
f 1528 1527 1530
f 1528 1530 1531
f 1528 1532 1522
f 1528 1522 1529
f 1532 1528 1514
f 1532 1514 1519
f 1532 1519 1523
f 1532 1523 1522
f 1528 1531 1515
f 1528 1515 1514
f 1531 1533 1534
f 1531 1534 1515
f 1531 1530 1535
f 1531 1535 1533
f 1535 1536 1537
f 1535 1537 1533
f 1535 1530 1538
f 1535 1538 1539
f 1535 1539 1493
f 1535 1493 1536
f 1539 1538 1540
f 1539 1540 1541
f 1539 1541 1490
f 1539 1490 1493
f 1541 1540 1542
f 1541 1542 1543
f 1541 1543 1491
f 1541 1491 1490
f 1543 1542 1544
f 1543 1544 1545
f 1543 1545 1546
f 1543 1546 1491
f 1546 1547 1489
f 1546 1489 1491
f 1546 1545 1548
f 1546 1548 1549
f 1546 1549 1550
f 1546 1550 1547
f 1550 1443 1455
f 1550 1455 1547
f 1550 1549 1551
f 1550 1551 1552
f 1550 1552 1444
f 1550 1444 1443
f 1552 1551 1553
f 1552 1553 1554
f 1552 1554 1555
f 1552 1555 1444
f 1555 1556 1440
f 1555 1440 1444
f 1555 1554 1557
f 1555 1557 1558
f 1555 1558 1559
f 1555 1559 1556
f 1559 1560 1451
f 1559 1451 1556
f 1559 1558 1448
f 1559 1448 1561
f 1559 1561 1562
f 1559 1562 1560
f 1562 1563 1564
f 1562 1564 1560
f 1562 1561 1565
f 1562 1565 1566
f 1562 1566 1567
f 1562 1567 1563
f 1567 1473 1472
f 1567 1472 1563
f 1567 1566 1487
f 1567 1487 1480
f 1567 1480 1479
f 1567 1479 1473
f 1566 1565 1568
f 1566 1568 1487
f 1568 1565 1447
f 1568 1447 1569
f 1568 1569 1459
f 1568 1459 1458
f 1568 1458 1462
f 1568 1462 1487
f 1569 1447 1446
f 1569 1446 1570
f 1569 1570 1571
f 1569 1571 1459
f 1571 1570 1572
f 1571 1572 1573
f 1571 1573 1574
f 1571 1574 1575
f 1571 1575 1460
f 1571 1460 1459
f 1575 1574 1466
f 1575 1466 1465
f 1575 1465 1576
f 1575 1576 1460
f 1576 1524 1486
f 1576 1486 1461
f 1576 1461 1457
f 1576 1457 1460
f 1576 1465 1464
f 1576 1464 1524
f 1574 1573 1577
f 1574 1577 1578
f 1574 1578 1579
f 1574 1579 1466
f 1579 1578 1580
f 1579 1580 1470
f 1579 1470 1469
f 1579 1469 1581
f 1579 1581 1463
f 1579 1463 1466
f 1581 1469 1582
f 1581 1582 1583
f 1581 1583 1464
f 1581 1464 1463
f 1583 1582 1584
f 1583 1584 1525
f 1583 1525 1524
f 1583 1524 1464
f 1584 1585 1586
f 1584 1586 1587
f 1584 1587 1521
f 1584 1521 1525
f 1584 1582 1588
f 1584 1588 1585
f 1588 1589 1590
f 1588 1590 1585
f 1588 1582 1469
f 1588 1469 1468
f 1588 1468 1591
f 1588 1591 1589
f 1591 1544 1542
f 1591 1542 1589
f 1591 1468 1467
f 1591 1467 1592
f 1591 1592 1593
f 1591 1593 1544
f 1593 1548 1545
f 1593 1545 1544
f 1593 1592 1580
f 1593 1580 1594
f 1593 1594 1595
f 1593 1595 1548
f 1595 1551 1549
f 1595 1549 1548
f 1595 1594 1577
f 1595 1577 1596
f 1595 1596 1553
f 1595 1553 1551
f 1596 1577 1573
f 1596 1573 1572
f 1596 1572 1597
f 1596 1597 1553
f 1597 1557 1554
f 1597 1554 1553
f 1597 1572 1570
f 1597 1570 1446
f 1597 1446 1445
f 1597 1445 1557
f 1594 1580 1578
f 1594 1578 1577
f 1592 1467 1470
f 1592 1470 1580
f 1590 1540 1538
f 1590 1538 1598
f 1590 1598 1586
f 1590 1586 1585
f 1590 1589 1542
f 1590 1542 1540
f 1598 1538 1530
f 1598 1530 1527
f 1598 1527 1526
f 1598 1526 1586
f 1587 1586 1526
f 1587 1526 1529
f 1587 1529 1522
f 1587 1522 1521
f 1565 1561 1448
f 1565 1448 1447
f 1564 1477 1496
f 1564 1496 1449
f 1564 1449 1451
f 1564 1451 1560
f 1564 1563 1472
f 1564 1472 1477
f 1558 1557 1445
f 1558 1445 1448
f 1556 1451 1441
f 1556 1441 1440
f 1547 1455 1454
f 1547 1454 1489
f 1537 1503 1599
f 1537 1599 1600
f 1537 1600 1534
f 1537 1534 1533
f 1537 1536 1504
f 1537 1504 1503
f 1600 1599 1509
f 1600 1509 1511
f 1600 1511 1512
f 1600 1512 1534
f 1599 1503 1502
f 1599 1502 1601
f 1599 1601 1510
f 1599 1510 1509
f 1601 1502 1602
f 1601 1602 1500
f 1601 1500 1499
f 1601 1499 1510
f 1602 1502 1501
f 1602 1501 1603
f 1602 1603 1453
f 1602 1453 1452
f 1602 1452 1495
f 1602 1495 1500
f 1603 1501 1504
f 1603 1504 1492
f 1603 1492 1488
f 1603 1488 1453
f 1536 1493 1492
f 1536 1492 1504
f 1534 1512 1516
f 1534 1516 1515
f 1523 1519 1518
f 1523 1518 1604
f 1523 1604 1485
f 1523 1485 1486
f 1604 1518 1517
f 1604 1517 1605
f 1604 1605 1482
f 1604 1482 1485
f 1605 1517 1505
f 1605 1505 1508
f 1605 1508 1483
f 1605 1483 1482
f 1517 1516 1512
f 1517 1512 1505
f 1510 1499 1498
f 1510 1498 1506
f 1508 1507 1484
f 1508 1484 1483
f 1507 1506 1498
f 1507 1498 1475
f 1507 1475 1474
f 1507 1474 1484
f 1498 1497 1476
f 1498 1476 1475
f 1497 1496 1477
f 1497 1477 1476
f 1496 1495 1452
f 1496 1452 1449
f 1488 1456 1450
f 1488 1450 1453
f 1484 1474 1473
f 1484 1473 1479
f 1456 1442 1441
f 1456 1441 1450
f 1455 1443 1439
f 1455 1439 1442
f 1606 1607 1608
f 1606 1608 1609
f 1606 1610 1611
f 1606 1611 1607
f 1608 1612 1613
f 1608 1613 1609
f 1614 1615 1616
f 1614 1616 1617
f 1614 1617 1618
f 1614 1618 1619
f 1614 1619 1620
f 1614 1620 1615
f 1621 1622 1623
f 1621 1623 1624
f 1621 1624 1625
f 1621 1625 1626
f 1621 1626 1627
f 1621 1627 1622
f 1628 1629 1630
f 1628 1630 1631
f 1628 1620 1632
f 1628 1632 1629
f 1628 1631 1615
f 1628 1615 1620
f 1633 1634 1635
f 1633 1635 1636
f 1637 1638 1639
f 1637 1639 1640
f 1637 1640 1641
f 1637 1641 1642
f 1637 1642 1643
f 1637 1643 1644
f 1645 1646 1647
f 1645 1647 1648
f 1645 1649 1650
f 1645 1650 1646
f 1651 1652 1631
f 1651 1631 1630
f 1653 1654 1652
f 1653 1652 1651
f 1644 1643 1655
f 1644 1655 1656
f 1657 1658 1659
f 1657 1659 1660
f 1658 1661 1662
f 1658 1662 1659
f 1658 1657 1663
f 1658 1663 1661
f 1663 1664 1665
f 1663 1665 1661
f 1663 1657 1660
f 1663 1660 1666
f 1663 1666 1667
f 1663 1667 1664
f 1667 1668 1669
f 1667 1669 1664
f 1667 1666 1634
f 1667 1634 1670
f 1667 1670 1671
f 1667 1671 1668
f 1671 1672 1638
f 1671 1638 1668
f 1671 1670 1673
f 1671 1673 1674
f 1671 1674 1675
f 1671 1675 1672
f 1675 1676 1677
f 1675 1677 1672
f 1675 1674 1678
f 1675 1678 1679
f 1675 1679 1627
f 1675 1627 1676
f 1679 1678 1650
f 1679 1650 1680
f 1679 1680 1622
f 1679 1622 1627
f 1680 1650 1649
f 1680 1649 1681
f 1680 1681 1623
f 1680 1623 1622
f 1681 1649 1682
f 1681 1682 1683
f 1681 1683 1651
f 1681 1651 1623
f 1683 1682 1684
f 1683 1684 1685
f 1683 1685 1653
f 1683 1653 1651
f 1685 1684 1686
f 1685 1686 1655
f 1685 1655 1643
f 1685 1643 1653
f 1686 1684 1687
f 1686 1687 1662
f 1686 1662 1661
f 1686 1661 1665
f 1686 1665 1656
f 1686 1656 1655
f 1687 1684 1682
f 1687 1682 1648
f 1687 1648 1647
f 1687 1647 1688
f 1687 1688 1659
f 1687 1659 1662
f 1688 1647 1636
f 1688 1636 1635
f 1688 1635 1660
f 1688 1660 1659
f 1682 1649 1645
f 1682 1645 1648
f 1678 1674 1673
f 1678 1673 1689
f 1678 1689 1646
f 1678 1646 1650
f 1689 1673 1633
f 1689 1633 1636
f 1689 1636 1647
f 1689 1647 1646
f 1677 1690 1611
f 1677 1611 1639
f 1677 1639 1638
f 1677 1638 1672
f 1677 1676 1691
f 1677 1691 1690
f 1691 1692 1693
f 1691 1693 1690
f 1691 1676 1627
f 1691 1627 1626
f 1691 1626 1625
f 1691 1625 1692
f 1692 1632 1694
f 1692 1694 1693
f 1692 1625 1629
f 1692 1629 1632
f 1690 1693 1607
f 1690 1607 1611
f 1673 1670 1634
f 1673 1634 1633
f 1669 1637 1644
f 1669 1644 1656
f 1669 1656 1665
f 1669 1665 1664
f 1669 1668 1638
f 1669 1638 1637
f 1666 1660 1635
f 1666 1635 1634
f 1654 1695 1616
f 1654 1616 1652
f 1654 1653 1643
f 1654 1643 1642
f 1654 1642 1641
f 1654 1641 1695
f 1695 1696 1617
f 1695 1617 1616
f 1695 1641 1697
f 1695 1697 1696
f 1651 1630 1624
f 1651 1624 1623
f 1652 1616 1615
f 1652 1615 1631
f 1641 1640 1610
f 1641 1610 1697
f 1640 1639 1611
f 1640 1611 1610
f 1632 1620 1619
f 1632 1619 1694
f 1630 1629 1625
f 1630 1625 1624
f 1619 1618 1698
f 1619 1698 1694
f 1618 1617 1696
f 1618 1696 1613
f 1618 1613 1612
f 1618 1612 1698
f 1697 1610 1606
f 1697 1606 1609
f 1697 1609 1613
f 1697 1613 1696
f 1698 1612 1608
f 1698 1608 1607
f 1693 1694 1698
f 1693 1698 1607
f 1699 1700 1701
f 1699 1701 1702
f 1699 1702 1703
f 1699 1703 1704
f 1699 1704 1705
f 1699 1705 1700
f 1706 1703 1702
f 1706 1702 1707
f 1706 1708 1709
f 1706 1709 1703
f 1706 1707 1710
f 1706 1710 1708
f 1711 1712 1700
f 1711 1700 1705
f 1711 1713 1714
f 1711 1714 1715
f 1711 1705 1716
f 1711 1716 1713
f 1717 1716 1705
f 1717 1705 1704
f 1717 1709 1718
f 1717 1718 1716
f 1717 1704 1703
f 1717 1703 1709
f 1719 1720 1721
f 1719 1721 1722
f 1719 1723 1724
f 1719 1724 1720
f 1719 1722 1725
f 1719 1725 1723
f 1722 1721 1726
f 1722 1726 1725
f 1727 1713 1716
f 1727 1716 1718
f 1727 1728 1714
f 1727 1714 1713
f 1727 1718 1729
f 1727 1729 1730
f 1730 1729 1731
f 1730 1731 1732
f 1730 1732 1733
f 1730 1733 1727
f 1734 1735 1736
f 1734 1736 1737
f 1734 1738 1739
f 1734 1739 1735
f 1737 1736 1740
f 1737 1740 1741
f 1741 1742 1743
f 1741 1743 1744
f 1741 1740 1745
f 1741 1745 1742
f 1740 1736 1746
f 1740 1746 1745
f 1742 1745 1747
f 1742 1747 1748
f 1742 1748 1749
f 1742 1749 1750
f 1751 1752 1753
f 1751 1753 1754
f 1751 1754 1755
f 1751 1755 1756
f 1751 1756 1757
f 1751 1757 1752
f 1758 1759 1760
f 1758 1760 1761
f 1758 1762 1763
f 1758 1763 1759
f 1764 1746 1763
f 1764 1763 1762
f 1764 1762 1765
f 1764 1765 1747
f 1766 1757 1756
f 1766 1756 1767
f 1766 1768 1769
f 1766 1769 1757
f 1766 1767 1770
f 1766 1770 1768
f 1755 1754 1771
f 1755 1771 1772
f 1755 1773 1767
f 1755 1767 1756
f 1774 1770 1767
f 1774 1767 1773
f 1774 1775 1761
f 1774 1761 1770
f 1774 1773 1776
f 1774 1776 1775
f 1765 1777 1748
f 1765 1748 1747
f 1765 1776 1773
f 1765 1773 1755
f 1777 1765 1755
f 1777 1755 1772
f 1777 1772 1778
f 1777 1778 1779
f 1777 1779 1749
f 1777 1749 1748
f 1779 1778 1780
f 1779 1780 1781
f 1779 1781 1782
f 1779 1782 1749
f 1782 1783 1750
f 1782 1750 1749
f 1782 1781 1784
f 1782 1784 1785
f 1782 1785 1786
f 1782 1786 1783
f 1786 1787 1788
f 1786 1788 1783
f 1786 1785 1789
f 1786 1789 1790
f 1786 1790 1791
f 1786 1791 1787
f 1791 1792 1793
f 1791 1793 1787
f 1791 1790 1794
f 1791 1794 1795
f 1791 1795 1796
f 1791 1796 1792
f 1796 1797 1798
f 1796 1798 1792
f 1796 1795 1799
f 1796 1799 1800
f 1796 1800 1801
f 1796 1801 1797
f 1801 1802 1803
f 1801 1803 1797
f 1801 1800 1804
f 1801 1804 1805
f 1801 1805 1806
f 1801 1806 1802
f 1806 1807 1808
f 1806 1808 1802
f 1806 1805 1809
f 1806 1809 1810
f 1806 1810 1811
f 1806 1811 1807
f 1811 1812 1813
f 1811 1813 1807
f 1811 1810 1814
f 1811 1814 1815
f 1811 1815 1816
f 1811 1816 1812
f 1816 1817 1818
f 1816 1818 1812
f 1816 1815 1819
f 1816 1819 1820
f 1816 1820 1821
f 1816 1821 1817
f 1821 1822 1823
f 1821 1823 1817
f 1821 1820 1824
f 1821 1824 1825
f 1821 1825 1826
f 1821 1826 1822
f 1826 1827 1828
f 1826 1828 1822
f 1826 1825 1829
f 1826 1829 1830
f 1826 1830 1831
f 1826 1831 1827
f 1831 1832 1833
f 1831 1833 1827
f 1831 1830 1834
f 1831 1834 1835
f 1831 1835 1715
f 1831 1715 1832
f 1835 1834 1836
f 1835 1836 1837
f 1835 1837 1711
f 1835 1711 1715
f 1837 1836 1838
f 1837 1838 1839
f 1837 1839 1712
f 1837 1712 1711
f 1839 1838 1721
f 1839 1721 1720
f 1839 1720 1724
f 1839 1724 1712
f 1838 1836 1840
f 1838 1840 1841
f 1838 1841 1726
f 1838 1726 1721
f 1841 1840 1842
f 1841 1842 1843
f 1841 1843 1844
f 1841 1844 1726
f 1844 1843 1732
f 1844 1732 1731
f 1844 1731 1710
f 1844 1710 1845
f 1844 1845 1725
f 1844 1725 1726
f 1845 1710 1707
f 1845 1707 1846
f 1845 1846 1723
f 1845 1723 1725
f 1846 1707 1702
f 1846 1702 1701
f 1846 1701 1724
f 1846 1724 1723
f 1843 1842 1733
f 1843 1733 1732
f 1842 1840 1847
f 1842 1847 1848
f 1842 1848 1849
f 1842 1849 1733
f 1849 1848 1850
f 1849 1850 1851
f 1849 1851 1852
f 1849 1852 1728
f 1849 1728 1727
f 1849 1727 1733
f 1852 1851 1853
f 1852 1853 1854
f 1852 1854 1855
f 1852 1855 1856
f 1852 1856 1714
f 1852 1714 1728
f 1856 1855 1833
f 1856 1833 1832
f 1856 1832 1715
f 1856 1715 1714
f 1855 1854 1857
f 1855 1857 1858
f 1855 1858 1859
f 1855 1859 1833
f 1859 1858 1860
f 1859 1860 1861
f 1859 1861 1862
f 1859 1862 1828
f 1859 1828 1827
f 1859 1827 1833
f 1862 1861 1863
f 1862 1863 1864
f 1862 1864 1865
f 1862 1865 1823
f 1862 1823 1822
f 1862 1822 1828
f 1865 1864 1866
f 1865 1866 1867
f 1865 1867 1868
f 1865 1868 1818
f 1865 1818 1817
f 1865 1817 1823
f 1868 1867 1869
f 1868 1869 1870
f 1868 1870 1871
f 1868 1871 1813
f 1868 1813 1812
f 1868 1812 1818
f 1871 1870 1872
f 1871 1872 1873
f 1871 1873 1874
f 1871 1874 1808
f 1871 1808 1807
f 1871 1807 1813
f 1874 1873 1875
f 1874 1875 1876
f 1874 1876 1877
f 1874 1877 1803
f 1874 1803 1802
f 1874 1802 1808
f 1877 1876 1878
f 1877 1878 1879
f 1877 1879 1880
f 1877 1880 1798
f 1877 1798 1797
f 1877 1797 1803
f 1880 1879 1881
f 1880 1881 1882
f 1880 1882 1883
f 1880 1883 1793
f 1880 1793 1792
f 1880 1792 1798
f 1883 1882 1884
f 1883 1884 1885
f 1883 1885 1886
f 1883 1886 1788
f 1883 1788 1787
f 1883 1787 1793
f 1886 1885 1887
f 1886 1887 1743
f 1886 1743 1742
f 1886 1742 1750
f 1886 1750 1783
f 1886 1783 1788
f 1887 1888 1753
f 1887 1753 1889
f 1887 1889 1744
f 1887 1744 1743
f 1887 1885 1884
f 1887 1884 1888
f 1889 1753 1752
f 1889 1752 1890
f 1889 1890 1891
f 1889 1891 1744
f 1890 1752 1757
f 1890 1757 1769
f 1890 1769 1892
f 1890 1892 1891
f 1892 1769 1768
f 1892 1768 1760
f 1892 1760 1759
f 1892 1759 1739
f 1892 1739 1738
f 1892 1738 1891
f 1888 1771 1754
f 1888 1754 1753
f 1888 1884 1893
f 1888 1893 1771
f 1893 1778 1772
f 1893 1772 1771
f 1893 1884 1882
f 1893 1882 1881
f 1893 1881 1780
f 1893 1780 1778
f 1881 1879 1878
f 1881 1878 1780
f 1878 1784 1781
f 1878 1781 1780
f 1878 1876 1875
f 1878 1875 1784
f 1875 1789 1785
f 1875 1785 1784
f 1875 1873 1872
f 1875 1872 1789
f 1872 1794 1790
f 1872 1790 1789
f 1872 1870 1869
f 1872 1869 1794
f 1869 1799 1795
f 1869 1795 1794
f 1869 1867 1866
f 1869 1866 1799
f 1866 1804 1800
f 1866 1800 1799
f 1866 1864 1863
f 1866 1863 1804
f 1863 1809 1805
f 1863 1805 1804
f 1863 1861 1860
f 1863 1860 1809
f 1860 1814 1810
f 1860 1810 1809
f 1860 1858 1857
f 1860 1857 1814
f 1857 1819 1815
f 1857 1815 1814
f 1857 1854 1853
f 1857 1853 1819
f 1853 1824 1820
f 1853 1820 1819
f 1853 1851 1850
f 1853 1850 1824
f 1850 1829 1825
f 1850 1825 1824
f 1850 1848 1847
f 1850 1847 1829
f 1847 1834 1830
f 1847 1830 1829
f 1847 1840 1836
f 1847 1836 1834
f 1770 1761 1760
f 1770 1760 1768
f 1764 1747 1745
f 1764 1745 1746
f 1765 1762 1758
f 1765 1758 1761
f 1776 1765 1761
f 1776 1761 1775
f 1763 1746 1736
f 1763 1736 1735
f 1763 1735 1739
f 1763 1739 1759
f 1738 1734 1737
f 1738 1737 1741
f 1738 1741 1744
f 1738 1744 1891
f 1731 1729 1708
f 1731 1708 1710
f 1729 1718 1709
f 1729 1709 1708
f 1724 1701 1700
f 1724 1700 1712
f 1894 1895 1896
f 1894 1896 1897
f 1894 1898 1899
f 1894 1899 1895
f 1898 1894 1897
f 1898 1897 1900
f 1898 1900 1901
f 1898 1901 1902
f 1898 1902 1903
f 1898 1903 1904
f 1905 1897 1896
f 1905 1896 1906
f 1905 1907 1900
f 1905 1900 1897
f 1905 1906 1908
f 1905 1908 1907
f 1909 1910 1911
f 1909 1911 1912
f 1909 1912 1913
f 1909 1913 1914
f 1909 1914 1915
f 1909 1915 1910
f 1916 1917 1918
f 1916 1918 1919
f 1914 1913 1920
f 1914 1920 1915
f 1921 1918 1922
f 1921 1922 1923
f 1921 1923 1924
f 1921 1924 1925
f 1921 1925 1919
f 1921 1919 1918
f 1907 1908 1926
f 1907 1926 1927
f 1907 1928 1901
f 1907 1901 1900
f 1907 1927 1929
f 1907 1929 1928
f 1930 1931 1932
f 1930 1932 1933
f 1930 1933 1934
f 1930 1934 1935
f 1930 1935 1936
f 1930 1936 1931
f 1934 1937 1938
f 1934 1938 1935
f 1939 1940 1941
f 1939 1941 1942
f 1939 1942 1943
f 1939 1943 1944
f 1939 1944 1945
f 1939 1945 1940
f 1946 1947 1948
f 1946 1948 1949
f 1950 1951 1947
f 1950 1947 1946
f 1946 1949 1952
f 1946 1952 1950
f 1953 1954 1955
f 1953 1955 1956
f 1957 1958 1954
f 1957 1954 1953
f 1953 1956 1937
f 1953 1937 1957
f 1949 1958 1957
f 1949 1957 1952
f 1949 1948 1959
f 1949 1959 1958
f 1954 1958 1959
f 1954 1959 1955
f 1942 1960 1961
f 1942 1961 1962
f 1941 1938 1960
f 1941 1960 1942
f 1961 1960 1956
f 1961 1956 1963
f 1961 1963 1964
f 1961 1964 1962
f 1959 1948 1947
f 1959 1947 1955
f 1947 1963 1956
f 1947 1956 1955
f 1947 1951 1964
f 1947 1964 1963
f 1964 1965 1966
f 1964 1966 1962
f 1964 1951 1967
f 1964 1967 1965
f 1967 1968 1969
f 1967 1969 1965
f 1967 1951 1950
f 1967 1950 1970
f 1967 1970 1971
f 1967 1971 1968
f 1971 1972 1973
f 1971 1973 1968
f 1971 1970 1974
f 1971 1974 1975
f 1971 1975 1976
f 1971 1976 1972
f 1976 1977 1978
f 1976 1978 1972
f 1976 1975 1979
f 1976 1979 1980
f 1976 1980 1981
f 1976 1981 1977
f 1981 1982 1983
f 1981 1983 1977
f 1981 1980 1984
f 1981 1984 1985
f 1981 1985 1986
f 1981 1986 1982
f 1986 1987 1988
f 1986 1988 1982
f 1986 1985 1989
f 1986 1989 1990
f 1986 1990 1991
f 1986 1991 1987
f 1991 1992 1993
f 1991 1993 1987
f 1991 1990 1994
f 1991 1994 1995
f 1991 1995 1996
f 1991 1996 1992
f 1996 1997 1998
f 1996 1998 1992
f 1996 1995 1999
f 1996 1999 2000
f 1996 2000 2001
f 1996 2001 1997
f 2001 2002 2003
f 2001 2003 1997
f 2001 2000 2004
f 2001 2004 2005
f 2001 2005 2006
f 2001 2006 2002
f 2006 2007 2008
f 2006 2008 2002
f 2006 2005 2009
f 2006 2009 2010
f 2006 2010 2011
f 2006 2011 2007
f 2011 2012 2013
f 2011 2013 2007
f 2011 2010 2014
f 2011 2014 2015
f 2011 2015 2016
f 2011 2016 2012
f 2016 2017 2018
f 2016 2018 2012
f 2016 2015 2019
f 2016 2019 2020
f 2016 2020 2021
f 2016 2021 2017
f 2021 1928 1929
f 2021 1929 2017
f 2021 2020 2022
f 2021 2022 2023
f 2021 2023 1901
f 2021 1901 1928
f 2023 2022 2024
f 2023 2024 2025
f 2023 2025 1902
f 2023 1902 1901
f 2025 2024 2026
f 2025 2026 2027
f 2025 2027 1903
f 2025 1903 1902
f 2027 2026 2028
f 2027 2028 2029
f 2027 2029 2030
f 2027 2030 1903
f 2030 2031 1904
f 2030 1904 1903
f 2030 2029 2032
f 2030 2032 2033
f 2030 2033 2034
f 2030 2034 2031
f 2034 1923 1922
f 2034 1922 2031
f 2034 2033 2035
f 2034 2035 2036
f 2034 2036 1924
f 2034 1924 1923
f 2036 2035 2037
f 2036 2037 2038
f 2036 2038 2039
f 2036 2039 1924
f 2039 2040 1925
f 2039 1925 1924
f 2039 2038 2041
f 2039 2041 2042
f 2039 2042 2043
f 2039 2043 2040
f 2043 2044 2045
f 2043 2045 2040
f 2043 2042 1926
f 2043 1926 1920
f 2043 1920 1913
f 2043 1913 2044
f 2045 2046 1916
f 2045 1916 1919
f 2045 1919 1925
f 2045 1925 2040
f 2045 2044 2047
f 2045 2047 2046
f 2047 2044 1913
f 2047 1913 1912
f 2047 1912 1911
f 2047 1911 2048
f 2047 2048 2049
f 2047 2049 2046
f 2049 2048 1895
f 2049 1895 1899
f 2049 1899 2050
f 2049 2050 1917
f 2049 1917 1916
f 2049 1916 2046
f 2050 1899 1898
f 2050 1898 1904
f 2050 1904 2031
f 2050 2031 1922
f 2050 1922 1918
f 2050 1918 1917
f 2048 1911 1896
f 2048 1896 1895
f 2042 2041 1927
f 2042 1927 1926
f 2041 2038 2037
f 2041 2037 2051
f 2041 2051 1929
f 2041 1929 1927
f 2051 2037 2052
f 2051 2052 2018
f 2051 2018 2017
f 2051 2017 1929
f 2052 2037 2035
f 2052 2035 2053
f 2052 2053 2054
f 2052 2054 2013
f 2052 2013 2012
f 2052 2012 2018
f 2054 2053 2032
f 2054 2032 2055
f 2054 2055 2056
f 2054 2056 2008
f 2054 2008 2007
f 2054 2007 2013
f 2056 2055 2028
f 2056 2028 2057
f 2056 2057 2058
f 2056 2058 2003
f 2056 2003 2002
f 2056 2002 2008
f 2058 2057 2059
f 2058 2059 2060
f 2058 2060 2061
f 2058 2061 1998
f 2058 1998 1997
f 2058 1997 2003
f 2061 2060 2062
f 2061 2062 2063
f 2061 2063 2064
f 2061 2064 1993
f 2061 1993 1992
f 2061 1992 1998
f 2064 2063 2065
f 2064 2065 2066
f 2064 2066 2067
f 2064 2067 1988
f 2064 1988 1987
f 2064 1987 1993
f 2067 2066 2068
f 2067 2068 2069
f 2067 2069 2070
f 2067 2070 1983
f 2067 1983 1982
f 2067 1982 1988
f 2070 2069 2071
f 2070 2071 2072
f 2070 2072 2073
f 2070 2073 1978
f 2070 1978 1977
f 2070 1977 1983
f 2073 2072 2074
f 2073 2074 2075
f 2073 2075 2076
f 2073 2076 1973
f 2073 1973 1972
f 2073 1972 1978
f 2076 2075 2077
f 2076 2077 2078
f 2076 2078 2079
f 2076 2079 1969
f 2076 1969 1968
f 2076 1968 1973
f 2079 2078 2080
f 2079 2080 2081
f 2079 2081 1943
f 2079 1943 1966
f 2079 1966 1965
f 2079 1965 1969
f 2081 2080 2082
f 2081 2082 2083
f 2081 2083 1944
f 2081 1944 1943
f 2083 2082 2084
f 2083 2084 2085
f 2083 2085 1945
f 2083 1945 1944
f 2085 2084 1984
f 2085 1984 2086
f 2085 2086 2087
f 2085 2087 1945
f 2087 2086 1979
f 2087 1979 2088
f 2087 2088 2089
f 2087 2089 2090
f 2087 2090 1940
f 2087 1940 1945
f 2090 2089 1931
f 2090 1931 1936
f 2090 1936 1941
f 2090 1941 1940
f 2089 2088 1974
f 2089 1974 2091
f 2089 2091 1932
f 2089 1932 1931
f 2091 1974 1970
f 2091 1970 1950
f 2091 1950 1952
f 2091 1952 1932
f 2088 1979 1975
f 2088 1975 1974
f 2086 1984 1980
f 2086 1980 1979
f 2084 1989 1985
f 2084 1985 1984
f 2084 2082 2092
f 2084 2092 1989
f 2092 1994 1990
f 2092 1990 1989
f 2092 2082 2080
f 2092 2080 2093
f 2092 2093 2094
f 2092 2094 1994
f 2094 1999 1995
f 2094 1995 1994
f 2094 2093 2077
f 2094 2077 2095
f 2094 2095 2096
f 2094 2096 1999
f 2096 2004 2000
f 2096 2000 1999
f 2096 2095 2074
f 2096 2074 2097
f 2096 2097 2098
f 2096 2098 2004
f 2098 2009 2005
f 2098 2005 2004
f 2098 2097 2071
f 2098 2071 2099
f 2098 2099 2100
f 2098 2100 2009
f 2100 2014 2010
f 2100 2010 2009
f 2100 2099 2068
f 2100 2068 2101
f 2100 2101 2102
f 2100 2102 2014
f 2102 2019 2015
f 2102 2015 2014
f 2102 2101 2065
f 2102 2065 2103
f 2102 2103 2104
f 2102 2104 2019
f 2104 2022 2020
f 2104 2020 2019
f 2104 2103 2062
f 2104 2062 2105
f 2104 2105 2024
f 2104 2024 2022
f 2105 2062 2060
f 2105 2060 2059
f 2105 2059 2026
f 2105 2026 2024
f 2103 2065 2063
f 2103 2063 2062
f 2101 2068 2066
f 2101 2066 2065
f 2099 2071 2069
f 2099 2069 2068
f 2097 2074 2072
f 2097 2072 2071
f 2095 2077 2075
f 2095 2075 2074
f 2093 2080 2078
f 2093 2078 2077
f 2059 2057 2028
f 2059 2028 2026
f 2055 2032 2029
f 2055 2029 2028
f 2053 2035 2033
f 2053 2033 2032
f 1966 1943 1942
f 1966 1942 1962
f 1960 1938 1937
f 1960 1937 1956
f 1957 1937 1934
f 1957 1934 1933
f 1957 1933 1932
f 1957 1932 1952
f 1941 1936 1935
f 1941 1935 1938
f 1926 1908 1915
f 1926 1915 1920
f 1915 1908 1906
f 1915 1906 1910
f 1911 1910 1906
f 1911 1906 1896
f 2106 2107 2108
f 2106 2108 2109
f 2110 2111 2112
f 2110 2112 2113
f 2110 2109 2108
f 2110 2108 2111
f 2114 2115 2116
f 2114 2116 2117
f 2114 2117 2118
f 2114 2118 2119
f 2114 2119 2120
f 2114 2120 2115
f 2121 2109 2110
f 2121 2110 2113
f 2121 2122 2123
f 2121 2123 2124
f 2125 2123 2126
f 2125 2126 2127
f 2128 2124 2123
f 2128 2123 2125
f 2125 2127 2129
f 2125 2129 2128
f 2130 2116 2128
f 2130 2128 2129
f 2130 2129 2131
f 2130 2131 2132
f 2130 2132 2117
f 2130 2117 2116
f 2133 2134 2135
f 2133 2135 2136
f 2137 2136 2135
f 2137 2135 2138
f 2137 2139 2140
f 2137 2140 2136
f 2137 2138 2141
f 2137 2141 2139
f 2142 2118 2117
f 2142 2117 2132
f 2120 2143 2135
f 2120 2135 2134
f 2120 2134 2144
f 2120 2144 2145
f 2146 2147 2148
f 2146 2148 2149
f 2138 2147 2146
f 2138 2146 2141
f 2150 2126 2123
f 2150 2123 2122
f 2150 2151 2152
f 2150 2152 2153
f 2154 2155 2149
f 2154 2149 2148
f 2154 2148 2156
f 2154 2156 2157
f 2154 2157 2158
f 2154 2158 2155
f 2159 2160 2161
f 2159 2161 2162
f 2159 2162 2163
f 2159 2163 2164
f 2159 2164 2165
f 2159 2165 2160
f 2166 2142 2132
f 2166 2132 2131
f 2167 2118 2142
f 2167 2142 2166
f 2166 2131 2168
f 2166 2168 2167
f 2162 2161 2169
f 2162 2169 2163
f 2170 2171 2172
f 2170 2172 2173
f 2170 2174 2156
f 2170 2156 2171
f 2170 2173 2175
f 2170 2175 2174
f 2176 2177 2163
f 2176 2163 2169
f 2178 2179 2167
f 2178 2167 2180
f 2181 2182 2183
f 2181 2183 2184
f 2177 2185 2182
f 2177 2182 2181
f 2181 2184 2186
f 2181 2186 2177
f 2182 2185 2187
f 2182 2187 2183
f 2187 2185 2188
f 2187 2188 2189
f 2187 2189 2190
f 2187 2190 2183
f 2191 2192 2193
f 2191 2193 2194
f 2191 2194 2195
f 2191 2195 2190
f 2191 2190 2189
f 2191 2189 2192
f 2195 2184 2183
f 2195 2183 2190
f 2195 2194 2196
f 2195 2196 2197
f 2195 2197 2198
f 2195 2198 2184
f 2198 2199 2186
f 2198 2186 2184
f 2198 2197 2200
f 2198 2200 2201
f 2198 2201 2202
f 2198 2202 2199
f 2202 2127 2165
f 2202 2165 2199
f 2202 2201 2168
f 2202 2168 2131
f 2202 2131 2129
f 2202 2129 2127
f 2201 2200 2203
f 2201 2203 2168
f 2200 2197 2196
f 2200 2196 2204
f 2200 2204 2205
f 2200 2205 2203
f 2204 2196 2206
f 2204 2206 2207
f 2204 2207 2208
f 2204 2208 2205
f 2207 2206 2209
f 2207 2209 2210
f 2207 2210 2175
f 2207 2175 2208
f 2210 2209 2211
f 2210 2211 2212
f 2210 2212 2174
f 2210 2174 2175
f 2212 2211 2158
f 2212 2158 2157
f 2212 2157 2156
f 2212 2156 2174
f 2211 2209 2213
f 2211 2213 2214
f 2211 2214 2152
f 2211 2152 2158
f 2214 2213 2215
f 2214 2215 2216
f 2214 2216 2153
f 2214 2153 2152
f 2213 2193 2192
f 2213 2192 2215
f 2213 2209 2206
f 2213 2206 2193
f 2206 2196 2194
f 2206 2194 2193
f 2199 2165 2164
f 2199 2164 2186
f 2192 2189 2188
f 2192 2188 2215
f 2185 2177 2176
f 2185 2176 2188
f 2186 2164 2163
f 2186 2163 2177
f 2208 2175 2173
f 2208 2173 2217
f 2203 2180 2167
f 2203 2167 2168
f 2216 2215 2188
f 2216 2188 2176
f 2216 2176 2169
f 2216 2169 2153
f 2173 2172 2143
f 2173 2143 2217
f 2172 2171 2147
f 2172 2147 2138
f 2172 2138 2135
f 2172 2135 2143
f 2171 2156 2148
f 2171 2148 2147
f 2169 2161 2150
f 2169 2150 2153
f 2167 2179 2119
f 2167 2119 2118
f 2165 2127 2126
f 2165 2126 2160
f 2161 2160 2126
f 2161 2126 2150
f 2158 2152 2151
f 2158 2151 2155
f 2146 2149 2112
f 2146 2112 2141
f 2179 2178 2217
f 2179 2217 2143
f 2179 2143 2120
f 2179 2120 2119
f 2141 2112 2111
f 2141 2111 2139
f 2140 2108 2107
f 2140 2107 2218
f 2140 2218 2133
f 2140 2133 2136
f 2140 2139 2111
f 2140 2111 2108
f 2218 2107 2219
f 2218 2219 2144
f 2218 2144 2134
f 2218 2134 2133
f 2145 2220 2115
f 2145 2115 2120
f 2145 2221 2222
f 2145 2222 2220
f 2220 2128 2116
f 2220 2116 2115
f 2220 2222 2124
f 2220 2124 2128
f 2122 2121 2151
f 2122 2151 2150
f 2113 2112 2149
f 2113 2149 2155
f 2113 2155 2151
f 2113 2151 2121
f 2221 2145 2144
f 2221 2144 2219
f 2106 2109 2121
f 2106 2121 2124
f 2222 2221 2219
f 2222 2219 2107
f 2124 2222 2107
f 2124 2107 2106
f 2208 2217 2178
f 2208 2178 2180
f 2203 2205 2208
f 2203 2208 2180
f 2223 2224 2225
f 2223 2225 2226
f 2223 2226 2227
f 2223 2227 2228
f 2229 2230 2231
f 2229 2231 2224
f 2229 2224 2223
f 2229 2223 2228
f 2232 2225 2233
f 2232 2233 2234
f 2232 2234 2235
f 2232 2235 2236
f 2232 2236 2226
f 2232 2226 2225
f 2226 2237 2238
f 2226 2238 2227
f 2226 2236 2239
f 2226 2239 2237
f 2240 2241 2242
f 2240 2242 2243
f 2240 2244 2245
f 2240 2245 2241
f 2245 2246 2233
f 2245 2233 2231
f 2235 2247 2239
f 2235 2239 2236
f 2248 2249 2250
f 2248 2250 2251
f 2248 2252 2253
f 2248 2253 2249
f 2248 2251 2254
f 2248 2254 2252
f 2250 2255 2256
f 2250 2256 2257
f 2227 2238 2255
f 2227 2255 2250
f 2257 2256 2258
f 2257 2258 2259
f 2254 2251 2260
f 2254 2260 2261
f 2262 2263 2264
f 2262 2264 2265
f 2262 2265 2247
f 2262 2247 2266
f 2262 2267 2268
f 2262 2268 2263
f 2269 2270 2271
f 2269 2271 2272
f 2269 2272 2255
f 2269 2255 2238
f 2273 2274 2275
f 2273 2275 2276
f 2273 2276 2277
f 2273 2277 2260
f 2272 2271 2278
f 2272 2278 2275
f 2279 2280 2281
f 2279 2281 2282
f 2283 2284 2280
f 2283 2280 2279
f 2279 2282 2285
f 2279 2285 2283
f 2267 2286 2287
f 2267 2287 2268
f 2287 2288 2289
f 2287 2289 2268
f 2264 2290 2291
f 2264 2291 2265
f 2264 2292 2293
f 2264 2293 2290
f 2281 2280 2294
f 2281 2294 2295
f 2289 2296 2263
f 2289 2263 2268
f 2276 2297 2298
f 2276 2298 2299
f 2275 2278 2297
f 2275 2297 2276
f 2282 2281 2295
f 2282 2295 2300
f 2282 2300 2301
f 2282 2301 2285
f 2302 2293 2292
f 2302 2292 2303
f 2302 2303 2298
f 2302 2298 2297
f 2304 2305 2301
f 2304 2301 2306
f 2307 2308 2309
f 2307 2309 2310
f 2307 2310 2311
f 2307 2311 2312
f 2307 2312 2313
f 2307 2313 2308
f 2313 2300 2295
f 2313 2295 2308
f 2313 2312 2314
f 2313 2314 2306
f 2313 2306 2301
f 2313 2301 2300
f 2314 2312 2311
f 2314 2311 2315
f 2314 2315 2316
f 2314 2316 2317
f 2314 2317 2304
f 2314 2304 2306
f 2315 2311 2303
f 2315 2303 2292
f 2315 2292 2264
f 2315 2264 2316
f 2311 2310 2298
f 2311 2298 2303
f 2310 2309 2299
f 2310 2299 2298
f 2309 2294 2318
f 2309 2318 2299
f 2309 2308 2295
f 2309 2295 2294
f 2318 2284 2319
f 2318 2319 2277
f 2318 2277 2276
f 2318 2276 2299
f 2318 2294 2280
f 2318 2280 2284
f 2305 2304 2317
f 2305 2317 2320
f 2305 2320 2286
f 2305 2286 2321
f 2305 2321 2285
f 2305 2285 2301
f 2302 2297 2278
f 2302 2278 2293
f 2296 2316 2264
f 2296 2264 2263
f 2288 2320 2317
f 2288 2317 2316
f 2296 2289 2288
f 2296 2288 2316
f 2293 2278 2271
f 2293 2271 2290
f 2291 2290 2271
f 2291 2271 2270
f 2291 2270 2237
f 2291 2237 2239
f 2291 2239 2247
f 2291 2247 2265
f 2288 2287 2286
f 2288 2286 2320
f 2284 2283 2244
f 2284 2244 2319
f 2283 2285 2321
f 2283 2321 2322
f 2283 2322 2245
f 2283 2245 2244
f 2270 2269 2238
f 2270 2238 2237
f 2322 2323 2246
f 2322 2246 2245
f 2323 2322 2321
f 2323 2321 2286
f 2323 2286 2267
f 2323 2267 2262
f 2323 2262 2266
f 2323 2266 2246
f 2319 2244 2240
f 2319 2240 2243
f 2274 2258 2256
f 2274 2256 2255
f 2274 2255 2272
f 2274 2272 2275
f 2258 2274 2273
f 2258 2273 2259
f 2251 2250 2257
f 2251 2257 2259
f 2273 2260 2251
f 2273 2251 2259
f 2254 2243 2242
f 2254 2242 2252
f 2266 2234 2233
f 2266 2233 2246
f 2234 2266 2247
f 2234 2247 2235
f 2233 2225 2224
f 2233 2224 2231
f 2253 2252 2242
f 2253 2242 2229
f 2241 2245 2231
f 2241 2231 2230
f 2242 2241 2230
f 2242 2230 2229
f 2228 2227 2250
f 2228 2250 2249
f 2228 2249 2253
f 2228 2253 2229
f 2319 2243 2254
f 2319 2254 2261
f 2260 2277 2319
f 2260 2319 2261
f 2324 2325 2326
f 2324 2326 2327
f 2324 2328 2329
f 2324 2329 2325
f 2324 2327 2330
f 2324 2330 2328
f 2331 2325 2329
f 2331 2329 2332
f 2333 2334 2335
f 2333 2335 2336
f 2337 2338 2339
f 2337 2339 2340
f 2337 2340 2335
f 2337 2335 2334
f 2341 2342 2343
f 2341 2343 2344
f 2341 2344 2345
f 2341 2345 2346
f 2341 2346 2347
f 2341 2347 2326
f 2348 2349 2350
f 2348 2350 2347
f 2339 2351 2342
f 2339 2342 2332
f 2339 2332 2329
f 2339 2329 2340
f 2343 2342 2351
f 2343 2351 2352
f 2343 2352 2353
f 2343 2353 2344
f 2354 2355 2337
f 2354 2337 2334
f 2356 2357 2358
f 2356 2358 2359
f 2360 2345 2344
f 2360 2344 2353
f 2360 2361 2362
f 2360 2362 2345
f 2363 2364 2365
f 2363 2365 2366
f 2349 2348 2364
f 2349 2364 2363
f 2365 2364 2362
f 2365 2362 2361
f 2365 2361 2367
f 2365 2367 2368
f 2365 2369 2370
f 2365 2370 2366
f 2365 2368 2371
f 2365 2371 2369
f 2372 2373 2374
f 2372 2374 2375
f 2376 2377 2378
f 2376 2378 2379
f 2376 2380 2381
f 2376 2381 2377
f 2376 2379 2382
f 2376 2382 2380
f 2369 2371 2383
f 2369 2383 2370
f 2384 2366 2370
f 2384 2370 2383
f 2384 2385 2363
f 2384 2363 2366
f 2384 2383 2386
f 2384 2386 2385
f 2387 2388 2389
f 2387 2389 2390
f 2391 2392 2388
f 2391 2388 2387
f 2393 2386 2383
f 2393 2383 2371
f 2394 2388 2392
f 2394 2392 2395
f 2394 2395 2396
f 2394 2396 2397
f 2398 2399 2380
f 2398 2380 2382
f 2398 2400 2401
f 2398 2401 2402
f 2402 2403 2404
f 2402 2404 2398
f 2405 2406 2407
f 2405 2407 2408
f 2405 2409 2410
f 2405 2410 2406
f 2405 2408 2411
f 2405 2411 2409
f 2412 2413 2414
f 2412 2414 2415
f 2415 2414 2390
f 2415 2390 2389
f 2415 2389 2397
f 2415 2397 2410
f 2415 2410 2409
f 2415 2409 2412
f 2414 2416 2417
f 2414 2417 2390
f 2414 2413 2418
f 2414 2418 2416
f 2418 2419 2420
f 2418 2420 2416
f 2418 2413 2411
f 2418 2411 2421
f 2418 2421 2403
f 2418 2403 2419
f 2421 2411 2408
f 2421 2408 2422
f 2421 2422 2404
f 2421 2404 2403
f 2422 2408 2407
f 2422 2407 2374
f 2422 2374 2373
f 2422 2373 2404
f 2420 2423 2424
f 2420 2424 2425
f 2420 2425 2417
f 2420 2417 2416
f 2420 2419 2401
f 2420 2401 2423
f 2425 2424 2368
f 2425 2368 2367
f 2425 2367 2426
f 2425 2426 2417
f 2424 2393 2371
f 2424 2371 2368
f 2424 2423 2386
f 2424 2386 2393
f 2423 2401 2400
f 2423 2400 2386
f 2419 2403 2402
f 2419 2402 2401
f 2417 2426 2387
f 2417 2387 2390
f 2413 2412 2409
f 2413 2409 2411
f 2410 2397 2396
f 2410 2396 2406
f 2407 2406 2396
f 2407 2396 2427
f 2407 2427 2375
f 2407 2375 2374
f 2427 2396 2395
f 2427 2395 2428
f 2427 2428 2429
f 2427 2429 2375
f 2404 2373 2399
f 2404 2399 2398
f 2399 2373 2372
f 2399 2372 2430
f 2399 2430 2381
f 2399 2381 2380
f 2397 2389 2388
f 2397 2388 2394
f 2395 2392 2359
f 2395 2359 2428
f 2392 2391 2356
f 2392 2356 2359
f 2387 2426 2352
f 2387 2352 2351
f 2387 2351 2339
f 2387 2339 2391
f 2385 2379 2378
f 2385 2378 2363
f 2378 2377 2431
f 2378 2431 2432
f 2378 2432 2349
f 2378 2349 2363
f 2432 2431 2433
f 2432 2433 2434
f 2432 2434 2350
f 2432 2350 2349
f 2434 2433 2336
f 2434 2336 2330
f 2434 2330 2327
f 2434 2327 2350
f 2433 2435 2333
f 2433 2333 2336
f 2433 2431 2436
f 2433 2436 2435
f 2356 2391 2339
f 2356 2339 2338
f 2353 2352 2426
f 2353 2426 2367
f 2353 2367 2361
f 2353 2361 2360
f 2362 2364 2348
f 2362 2348 2347
f 2362 2347 2346
f 2362 2346 2345
f 2350 2327 2326
f 2350 2326 2347
f 2342 2341 2331
f 2342 2331 2332
f 2341 2326 2325
f 2341 2325 2331
f 2340 2329 2328
f 2340 2328 2335
f 2336 2335 2328
f 2336 2328 2330
f 2437 2375 2429
f 2437 2429 2438
f 2436 2431 2377
f 2436 2377 2381
f 2439 2430 2372
f 2439 2372 2440
f 2400 2398 2382
f 2400 2382 2379
f 2400 2379 2385
f 2400 2385 2386
f 2439 2440 2441
f 2439 2441 2442
f 2436 2439 2442
f 2436 2442 2435
f 2436 2381 2430
f 2436 2430 2439
f 2438 2429 2358
f 2438 2358 2443
f 2428 2359 2358
f 2428 2358 2429
f 2444 2443 2354
f 2444 2354 2445
f 2440 2437 2438
f 2440 2438 2441
f 2372 2375 2437
f 2372 2437 2440
f 2445 2333 2435
f 2445 2435 2442
f 2442 2441 2444
f 2442 2444 2445
f 2441 2438 2443
f 2441 2443 2444
f 2354 2334 2333
f 2354 2333 2445
f 2443 2446 2355
f 2443 2355 2354
f 2358 2357 2446
f 2358 2446 2443
f 2355 2446 2338
f 2355 2338 2337
f 2338 2446 2357
f 2338 2357 2356
f 2447 2448 2449
f 2447 2449 2450
f 2447 2451 2452
f 2447 2452 2448
f 2450 2449 2453
f 2450 2453 2454
f 2455 2456 2457
f 2455 2457 2458
f 2455 2458 2459
f 2455 2459 2460
f 2449 2448 2461
f 2449 2461 2453
f 2462 2457 2456
f 2462 2456 2463
f 2462 2463 2464
f 2462 2464 2465
f 2462 2465 2466
f 2462 2466 2457
f 2465 2467 2452
f 2465 2452 2466
f 2465 2464 2468
f 2465 2468 2469
f 2465 2469 2470
f 2465 2470 2467
f 2471 2472 2473
f 2471 2473 2474
f 2471 2475 2476
f 2471 2476 2472
f 2471 2474 2477
f 2471 2477 2475
f 2478 2479 2480
f 2478 2480 2481
f 2482 2483 2484
f 2482 2484 2485
f 2482 2486 2487
f 2482 2487 2483
f 2475 2477 2488
f 2475 2488 2476
f 2489 2490 2491
f 2489 2491 2481
f 2489 2492 2493
f 2489 2493 2490
f 2489 2481 2480
f 2489 2480 2492
f 2493 2494 2484
f 2493 2484 2488
f 2493 2488 2477
f 2493 2477 2490
f 2493 2492 2495
f 2493 2495 2494
f 2495 2496 2497
f 2495 2497 2494
f 2495 2492 2480
f 2495 2480 2498
f 2495 2498 2499
f 2495 2499 2496
f 2499 2500 2501
f 2499 2501 2496
f 2499 2498 2502
f 2499 2502 2503
f 2499 2503 2504
f 2499 2504 2500
f 2504 2505 2506
f 2504 2506 2500
f 2504 2503 2507
f 2504 2507 2508
f 2504 2508 2509
f 2504 2509 2505
f 2509 2510 2511
f 2509 2511 2505
f 2509 2508 2512
f 2509 2512 2513
f 2509 2513 2514
f 2509 2514 2510
f 2514 2515 2470
f 2514 2470 2510
f 2514 2513 2516
f 2514 2516 2517
f 2514 2517 2518
f 2514 2518 2515
f 2518 2453 2461
f 2518 2461 2515
f 2518 2517 2519
f 2518 2519 2520
f 2518 2520 2454
f 2518 2454 2453
f 2520 2519 2521
f 2520 2521 2522
f 2520 2522 2523
f 2520 2523 2454
f 2522 2521 2524
f 2522 2524 2525
f 2522 2525 2459
f 2522 2459 2523
f 2525 2524 2526
f 2525 2526 2527
f 2525 2527 2460
f 2525 2460 2459
f 2527 2526 2468
f 2527 2468 2464
f 2527 2464 2463
f 2527 2463 2460
f 2526 2524 2528
f 2526 2528 2529
f 2526 2529 2530
f 2526 2530 2468
f 2530 2529 2531
f 2530 2531 2506
f 2530 2506 2505
f 2530 2505 2511
f 2530 2511 2469
f 2530 2469 2468
f 2531 2529 2528
f 2531 2528 2532
f 2531 2532 2533
f 2531 2533 2501
f 2531 2501 2500
f 2531 2500 2506
f 2533 2532 2534
f 2533 2534 2535
f 2533 2535 2485
f 2533 2485 2497
f 2533 2497 2496
f 2533 2496 2501
f 2535 2534 2536
f 2535 2536 2486
f 2535 2486 2482
f 2535 2482 2485
f 2536 2537 2516
f 2536 2516 2538
f 2536 2538 2487
f 2536 2487 2486
f 2536 2534 2539
f 2536 2539 2537
f 2539 2521 2519
f 2539 2519 2537
f 2539 2534 2532
f 2539 2532 2528
f 2539 2528 2524
f 2539 2524 2521
f 2538 2516 2513
f 2538 2513 2512
f 2538 2512 2540
f 2538 2540 2487
f 2537 2519 2517
f 2537 2517 2516
f 2515 2461 2467
f 2515 2467 2470
f 2512 2508 2507
f 2512 2507 2540
f 2511 2510 2470
f 2511 2470 2469
f 2507 2503 2502
f 2507 2502 2541
f 2507 2541 2542
f 2507 2542 2540
f 2541 2502 2479
f 2541 2479 2543
f 2543 2479 2478
f 2543 2478 2544
f 2545 2473 2472
f 2545 2472 2542
f 2544 2478 2481
f 2544 2481 2491
f 2544 2491 2474
f 2544 2474 2473
f 2502 2498 2480
f 2502 2480 2479
f 2497 2485 2484
f 2497 2484 2494
f 2491 2490 2477
f 2491 2477 2474
f 2467 2461 2448
f 2467 2448 2452
f 2466 2546 2458
f 2466 2458 2457
f 2466 2452 2451
f 2466 2451 2546
f 2459 2458 2546
f 2459 2546 2523
f 2456 2455 2460
f 2456 2460 2463
f 2451 2447 2450
f 2451 2450 2454
f 2451 2454 2523
f 2451 2523 2546
f 2476 2488 2484
f 2476 2484 2483
f 2483 2487 2540
f 2483 2540 2542
f 2476 2483 2542
f 2476 2542 2472
f 2541 2543 2545
f 2541 2545 2542
f 2543 2544 2473
f 2543 2473 2545
f 2547 2548 2549
f 2547 2549 2550
f 2547 2550 2551
f 2547 2551 2552
f 2547 2552 2553
f 2547 2553 2548
f 2552 2551 2554
f 2552 2554 2553
f 2555 2556 2557
f 2555 2557 2558
f 2559 2560 2556
f 2559 2556 2555
f 2561 2562 2563
f 2561 2563 2564
f 2561 2564 2559
f 2561 2559 2555
f 2563 2562 2565
f 2563 2565 2566
f 2563 2566 2567
f 2563 2567 2564
f 2551 2550 2568
f 2551 2568 2554
f 2566 2565 2549
f 2566 2549 2569
f 2566 2569 2570
f 2566 2570 2571
f 2572 2573 2574
f 2572 2574 2575
f 2572 2576 2577
f 2572 2577 2573
f 2572 2575 2578
f 2572 2578 2576
f 2579 2580 2581
f 2579 2581 2582
f 2579 2582 2577
f 2579 2577 2576
f 2579 2576 2578
f 2579 2578 2580
f 2583 2584 2585
f 2583 2585 2586
f 2583 2587 2588
f 2583 2588 2584
f 2589 2590 2581
f 2589 2581 2580
f 2589 2580 2578
f 2589 2578 2588
f 2589 2588 2587
f 2589 2587 2590
f 2590 2591 2592
f 2590 2592 2581
f 2590 2587 2593
f 2590 2593 2591
f 2593 2594 2595
f 2593 2595 2591
f 2593 2587 2583
f 2593 2583 2586
f 2593 2586 2596
f 2593 2596 2594
f 2596 2597 2598
f 2596 2598 2594
f 2596 2586 2585
f 2596 2585 2599
f 2596 2599 2600
f 2596 2600 2597
f 2600 2601 2602
f 2600 2602 2597
f 2600 2599 2603
f 2600 2603 2604
f 2600 2604 2605
f 2600 2605 2601
f 2605 2606 2607
f 2605 2607 2601
f 2605 2604 2608
f 2605 2608 2609
f 2605 2609 2610
f 2605 2610 2606
f 2610 2611 2612
f 2610 2612 2606
f 2610 2609 2613
f 2610 2613 2614
f 2610 2614 2615
f 2610 2615 2611
f 2615 2571 2570
f 2615 2570 2611
f 2615 2614 2616
f 2615 2616 2617
f 2615 2617 2618
f 2615 2618 2571
f 2618 2567 2566
f 2618 2566 2571
f 2618 2617 2619
f 2618 2619 2620
f 2618 2620 2621
f 2618 2621 2567
f 2621 2559 2564
f 2621 2564 2567
f 2621 2620 2622
f 2621 2622 2623
f 2621 2623 2560
f 2621 2560 2559
f 2623 2622 2624
f 2623 2624 2625
f 2623 2625 2626
f 2623 2626 2560
f 2626 2568 2556
f 2626 2556 2560
f 2626 2625 2627
f 2626 2627 2628
f 2626 2628 2554
f 2626 2554 2568
f 2628 2627 2629
f 2628 2629 2630
f 2628 2630 2553
f 2628 2553 2554
f 2630 2629 2631
f 2630 2631 2632
f 2630 2632 2548
f 2630 2548 2553
f 2632 2631 2570
f 2632 2570 2569
f 2632 2569 2549
f 2632 2549 2548
f 2631 2629 2633
f 2631 2633 2612
f 2631 2612 2611
f 2631 2611 2570
f 2633 2629 2627
f 2633 2627 2634
f 2633 2634 2635
f 2633 2635 2607
f 2633 2607 2606
f 2633 2606 2612
f 2635 2634 2624
f 2635 2624 2636
f 2635 2636 2637
f 2635 2637 2602
f 2635 2602 2601
f 2635 2601 2607
f 2637 2636 2638
f 2637 2638 2639
f 2637 2639 2640
f 2637 2640 2598
f 2637 2598 2597
f 2637 2597 2602
f 2640 2639 2641
f 2640 2641 2642
f 2640 2642 2643
f 2640 2643 2595
f 2640 2595 2594
f 2640 2594 2598
f 2643 2642 2644
f 2643 2644 2645
f 2643 2645 2646
f 2643 2646 2592
f 2643 2592 2591
f 2643 2591 2595
f 2646 2645 2647
f 2646 2647 2648
f 2646 2648 2577
f 2646 2577 2582
f 2646 2582 2581
f 2646 2581 2592
f 2648 2647 2608
f 2648 2608 2649
f 2648 2649 2573
f 2648 2573 2577
f 2649 2608 2604
f 2649 2604 2603
f 2649 2603 2574
f 2649 2574 2573
f 2647 2613 2609
f 2647 2609 2608
f 2647 2645 2644
f 2647 2644 2613
f 2644 2616 2614
f 2644 2614 2613
f 2644 2642 2641
f 2644 2641 2616
f 2641 2619 2617
f 2641 2617 2616
f 2641 2639 2638
f 2641 2638 2619
f 2638 2622 2620
f 2638 2620 2619
f 2638 2636 2624
f 2638 2624 2622
f 2634 2627 2625
f 2634 2625 2624
f 2603 2599 2585
f 2603 2585 2574
f 2588 2578 2575
f 2588 2575 2584
f 2585 2584 2575
f 2585 2575 2574
f 2568 2550 2557
f 2568 2557 2556
f 2565 2557 2550
f 2565 2550 2549
f 2565 2562 2558
f 2565 2558 2557
f 2555 2558 2562
f 2555 2562 2561
f 2650 2651 2652
f 2650 2652 2653
f 2654 2655 2656
f 2654 2656 2657
f 2653 2658 2659
f 2653 2659 2650
f 2653 2652 2660
f 2653 2660 2658
f 2655 2654 2661
f 2655 2661 2662
f 2655 2662 2663
f 2655 2663 2656
f 2664 2665 2666
f 2664 2666 2667
f 2664 2667 2668
f 2664 2668 2669
f 2670 2671 2672
f 2670 2672 2673
f 2674 2669 2668
f 2674 2668 2675
f 2674 2675 2676
f 2674 2676 2677
f 2674 2677 2678
f 2674 2678 2669
f 2673 2672 2679
f 2673 2679 2680
f 2673 2680 2681
f 2673 2681 2682
f 2673 2683 2684
f 2673 2684 2670
f 2684 2685 2671
f 2684 2671 2670
f 2684 2683 2686
f 2684 2686 2685
f 2677 2676 2687
f 2677 2687 2678
f 2688 2689 2686
f 2688 2686 2683
f 2689 2690 2691
f 2689 2691 2687
f 2689 2687 2676
f 2689 2676 2686
f 2689 2688 2682
f 2689 2682 2690
f 2691 2692 2693
f 2691 2693 2694
f 2691 2694 2678
f 2691 2678 2687
f 2691 2690 2695
f 2691 2695 2692
f 2695 2696 2697
f 2695 2697 2692
f 2695 2690 2682
f 2695 2682 2681
f 2695 2681 2698
f 2695 2698 2696
f 2698 2699 2700
f 2698 2700 2696
f 2698 2681 2680
f 2698 2680 2701
f 2698 2701 2702
f 2698 2702 2699
f 2702 2703 2704
f 2702 2704 2699
f 2702 2701 2705
f 2702 2705 2706
f 2702 2706 2707
f 2702 2707 2703
f 2707 2708 2709
f 2707 2709 2703
f 2707 2706 2710
f 2707 2710 2711
f 2707 2711 2712
f 2707 2712 2708
f 2712 2713 2714
f 2712 2714 2708
f 2712 2711 2715
f 2712 2715 2716
f 2712 2716 2717
f 2712 2717 2713
f 2717 2718 2719
f 2717 2719 2713
f 2717 2716 2720
f 2717 2720 2721
f 2717 2721 2722
f 2717 2722 2718
f 2722 2651 2723
f 2722 2723 2718
f 2722 2721 2724
f 2722 2724 2725
f 2722 2725 2652
f 2722 2652 2651
f 2725 2724 2726
f 2725 2726 2727
f 2725 2727 2660
f 2725 2660 2652
f 2727 2726 2728
f 2727 2728 2729
f 2727 2729 2663
f 2727 2663 2660
f 2729 2728 2730
f 2729 2730 2731
f 2729 2731 2656
f 2729 2656 2663
f 2731 2730 2714
f 2731 2714 2732
f 2731 2732 2657
f 2731 2657 2656
f 2732 2714 2713
f 2732 2713 2719
f 2732 2719 2733
f 2732 2733 2657
f 2733 2661 2654
f 2733 2654 2657
f 2733 2719 2718
f 2733 2718 2723
f 2733 2723 2659
f 2733 2659 2661
f 2730 2728 2734
f 2730 2734 2709
f 2730 2709 2708
f 2730 2708 2714
f 2734 2728 2726
f 2734 2726 2735
f 2734 2735 2736
f 2734 2736 2704
f 2734 2704 2703
f 2734 2703 2709
f 2736 2735 2737
f 2736 2737 2738
f 2736 2738 2739
f 2736 2739 2700
f 2736 2700 2699
f 2736 2699 2704
f 2739 2738 2740
f 2739 2740 2741
f 2739 2741 2742
f 2739 2742 2697
f 2739 2697 2696
f 2739 2696 2700
f 2742 2741 2743
f 2742 2743 2744
f 2742 2744 2665
f 2742 2665 2693
f 2742 2693 2692
f 2742 2692 2697
f 2744 2743 2710
f 2744 2710 2745
f 2744 2745 2666
f 2744 2666 2665
f 2745 2710 2706
f 2745 2706 2705
f 2745 2705 2679
f 2745 2679 2666
f 2743 2715 2711
f 2743 2711 2710
f 2743 2741 2740
f 2743 2740 2715
f 2740 2720 2716
f 2740 2716 2715
f 2740 2738 2737
f 2740 2737 2720
f 2737 2724 2721
f 2737 2721 2720
f 2737 2735 2726
f 2737 2726 2724
f 2723 2651 2650
f 2723 2650 2659
f 2705 2701 2680
f 2705 2680 2679
f 2688 2683 2673
f 2688 2673 2682
f 2686 2676 2675
f 2686 2675 2685
f 2685 2675 2668
f 2685 2668 2671
f 2679 2672 2667
f 2679 2667 2666
f 2672 2671 2668
f 2672 2668 2667
f 2663 2662 2658
f 2663 2658 2660
f 2662 2661 2659
f 2662 2659 2658
f 2678 2694 2693
f 2678 2693 2665
f 2669 2678 2665
f 2669 2665 2664
f 2746 2747 2748
f 2746 2748 2749
f 2750 2751 2752
f 2750 2752 2753
f 2749 2748 2754
f 2749 2754 2755
f 2749 2755 2756
f 2749 2756 2746
f 2751 2750 2757
f 2751 2757 2758
f 2751 2758 2759
f 2751 2759 2752
f 2760 2761 2762
f 2760 2762 2763
f 2760 2764 2765
f 2760 2765 2761
f 2760 2763 2766
f 2760 2766 2767
f 2760 2767 2768
f 2760 2768 2764
f 2769 2770 2771
f 2769 2771 2772
f 2769 2772 2773
f 2769 2773 2774
f 2769 2774 2775
f 2769 2775 2770
f 2776 2773 2772
f 2776 2772 2777
f 2776 2778 2779
f 2776 2779 2773
f 2780 2774 2773
f 2780 2773 2779
f 2780 2781 2775
f 2780 2775 2774
f 2780 2779 2782
f 2780 2782 2781
f 2778 2766 2782
f 2778 2782 2779
f 2782 2783 2784
f 2782 2784 2781
f 2782 2766 2763
f 2782 2763 2783
f 2784 2785 2786
f 2784 2786 2787
f 2784 2787 2775
f 2784 2775 2781
f 2784 2783 2788
f 2784 2788 2785
f 2788 2789 2790
f 2788 2790 2785
f 2788 2783 2763
f 2788 2763 2762
f 2788 2762 2791
f 2788 2791 2789
f 2791 2792 2793
f 2791 2793 2789
f 2791 2762 2761
f 2791 2761 2794
f 2791 2794 2795
f 2791 2795 2792
f 2795 2796 2797
f 2795 2797 2792
f 2795 2794 2798
f 2795 2798 2799
f 2795 2799 2800
f 2795 2800 2796
f 2800 2801 2802
f 2800 2802 2796
f 2800 2799 2803
f 2800 2803 2804
f 2800 2804 2805
f 2800 2805 2801
f 2805 2806 2807
f 2805 2807 2801
f 2805 2804 2808
f 2805 2808 2809
f 2805 2809 2810
f 2805 2810 2806
f 2810 2811 2812
f 2810 2812 2806
f 2810 2809 2813
f 2810 2813 2814
f 2810 2814 2815
f 2810 2815 2811
f 2815 2748 2747
f 2815 2747 2811
f 2815 2814 2816
f 2815 2816 2817
f 2815 2817 2754
f 2815 2754 2748
f 2817 2816 2818
f 2817 2818 2819
f 2817 2819 2759
f 2817 2759 2754
f 2819 2818 2820
f 2819 2820 2821
f 2819 2821 2752
f 2819 2752 2759
f 2821 2820 2822
f 2821 2822 2823
f 2821 2823 2753
f 2821 2753 2752
f 2823 2822 2807
f 2823 2807 2824
f 2823 2824 2825
f 2823 2825 2753
f 2825 2757 2750
f 2825 2750 2753
f 2825 2824 2812
f 2825 2812 2826
f 2825 2826 2756
f 2825 2756 2757
f 2826 2812 2811
f 2826 2811 2747
f 2826 2747 2746
f 2826 2746 2756
f 2824 2807 2806
f 2824 2806 2812
f 2822 2820 2827
f 2822 2827 2802
f 2822 2802 2801
f 2822 2801 2807
f 2827 2820 2818
f 2827 2818 2828
f 2827 2828 2829
f 2827 2829 2797
f 2827 2797 2796
f 2827 2796 2802
f 2829 2828 2830
f 2829 2830 2831
f 2829 2831 2832
f 2829 2832 2793
f 2829 2793 2792
f 2829 2792 2797
f 2832 2831 2833
f 2832 2833 2834
f 2832 2834 2835
f 2832 2835 2790
f 2832 2790 2789
f 2832 2789 2793
f 2835 2834 2836
f 2835 2836 2837
f 2835 2837 2838
f 2835 2838 2786
f 2835 2786 2785
f 2835 2785 2790
f 2838 2837 2839
f 2838 2839 2840
f 2838 2840 2841
f 2838 2841 2842
f 2838 2842 2787
f 2838 2787 2786
f 2842 2841 2771
f 2842 2771 2770
f 2842 2770 2775
f 2842 2775 2787
f 2841 2840 2765
f 2841 2765 2764
f 2841 2764 2768
f 2841 2768 2771
f 2840 2839 2798
f 2840 2798 2765
f 2839 2803 2799
f 2839 2799 2798
f 2839 2837 2836
f 2839 2836 2803
f 2836 2808 2804
f 2836 2804 2803
f 2836 2834 2833
f 2836 2833 2808
f 2833 2813 2809
f 2833 2809 2808
f 2833 2831 2830
f 2833 2830 2813
f 2830 2816 2814
f 2830 2814 2813
f 2830 2828 2818
f 2830 2818 2816
f 2798 2794 2761
f 2798 2761 2765
f 2772 2771 2768
f 2772 2768 2777
f 2767 2766 2778
f 2767 2778 2776
f 2777 2768 2767
f 2777 2767 2776
f 2759 2758 2755
f 2759 2755 2754
f 2758 2757 2756
f 2758 2756 2755
f 2843 2844 2845
f 2843 2845 2846
f 2843 2847 2848
f 2843 2848 2844
f 2843 2846 2849
f 2843 2849 2847
f 2850 2851 2852
f 2850 2852 2853
f 2850 2854 2855
f 2850 2855 2851
f 2850 2853 2856
f 2850 2856 2854
f 2852 2851 2857
f 2852 2857 2858
f 2852 2858 2859
f 2852 2859 2853
f 2858 2857 2860
f 2858 2860 2859
f 2845 2844 2861
f 2845 2861 2862
f 2845 2862 2863
f 2845 2863 2846
f 2854 2864 2865
f 2854 2865 2855
f 2854 2866 2867
f 2854 2867 2864
f 2868 2869 2849
f 2868 2849 2870
f 2868 2870 2871
f 2868 2871 2872
f 2868 2872 2873
f 2868 2873 2869
f 2874 2859 2860
f 2874 2860 2875
f 2863 2862 2871
f 2863 2871 2870
f 2863 2870 2849
f 2863 2849 2846
f 2876 2877 2856
f 2876 2856 2853
f 2874 2878 2877
f 2874 2877 2876
f 2876 2853 2859
f 2876 2859 2874
f 2871 2862 2879
f 2871 2879 2880
f 2871 2880 2881
f 2871 2881 2882
f 2871 2882 2875
f 2871 2875 2872
f 2883 2884 2885
f 2883 2885 2886
f 2883 2886 2887
f 2883 2887 2888
f 2889 2890 2891
f 2889 2891 2892
f 2889 2893 2894
f 2889 2894 2890
f 2895 2896 2897
f 2895 2897 2898
f 2890 2894 2899
f 2890 2899 2891
f 2900 2898 2901
f 2900 2901 2902
f 2900 2902 2903
f 2900 2903 2904
f 2900 2904 2895
f 2900 2895 2898
f 2904 2903 2905
f 2904 2905 2906
f 2904 2906 2896
f 2904 2896 2895
f 2906 2905 2907
f 2906 2907 2899
f 2906 2899 2894
f 2906 2894 2896
f 2907 2908 2909
f 2907 2909 2910
f 2907 2910 2891
f 2907 2891 2899
f 2907 2905 2911
f 2907 2911 2908
f 2911 2912 2913
f 2911 2913 2908
f 2911 2905 2903
f 2911 2903 2914
f 2911 2914 2915
f 2911 2915 2912
f 2915 2916 2917
f 2915 2917 2912
f 2915 2914 2918
f 2915 2918 2919
f 2915 2919 2920
f 2915 2920 2916
f 2920 2921 2922
f 2920 2922 2916
f 2920 2919 2923
f 2920 2923 2924
f 2920 2924 2925
f 2920 2925 2921
f 2925 2926 2927
f 2925 2927 2921
f 2925 2924 2928
f 2925 2928 2929
f 2925 2929 2930
f 2925 2930 2926
f 2930 2931 2932
f 2930 2932 2926
f 2930 2929 2933
f 2930 2933 2934
f 2930 2934 2935
f 2930 2935 2931
f 2935 2936 2937
f 2935 2937 2931
f 2935 2934 2938
f 2935 2938 2939
f 2935 2939 2940
f 2935 2940 2936
f 2940 2941 2867
f 2940 2867 2936
f 2940 2939 2942
f 2940 2942 2943
f 2940 2943 2944
f 2940 2944 2941
f 2944 2861 2945
f 2944 2945 2941
f 2944 2943 2946
f 2944 2946 2879
f 2944 2879 2862
f 2944 2862 2861
f 2946 2943 2942
f 2946 2942 2947
f 2946 2947 2948
f 2946 2948 2949
f 2946 2949 2880
f 2946 2880 2879
f 2949 2948 2950
f 2949 2950 2951
f 2949 2951 2881
f 2949 2881 2880
f 2951 2950 2952
f 2951 2952 2953
f 2951 2953 2954
f 2951 2954 2881
f 2954 2878 2882
f 2954 2882 2881
f 2954 2953 2955
f 2954 2955 2956
f 2954 2956 2877
f 2954 2877 2878
f 2956 2955 2957
f 2956 2957 2958
f 2956 2958 2856
f 2956 2856 2877
f 2958 2957 2937
f 2958 2937 2866
f 2958 2866 2854
f 2958 2854 2856
f 2957 2955 2959
f 2957 2959 2932
f 2957 2932 2931
f 2957 2931 2937
f 2959 2955 2953
f 2959 2953 2952
f 2959 2952 2960
f 2959 2960 2927
f 2959 2927 2926
f 2959 2926 2932
f 2960 2952 2950
f 2960 2950 2961
f 2960 2961 2962
f 2960 2962 2922
f 2960 2922 2921
f 2960 2921 2927
f 2962 2961 2963
f 2962 2963 2964
f 2962 2964 2965
f 2962 2965 2917
f 2962 2917 2916
f 2962 2916 2922
f 2965 2964 2966
f 2965 2966 2967
f 2965 2967 2968
f 2965 2968 2913
f 2965 2913 2912
f 2965 2912 2917
f 2968 2967 2969
f 2968 2969 2970
f 2968 2970 2885
f 2968 2885 2909
f 2968 2909 2908
f 2968 2908 2913
f 2970 2969 2971
f 2970 2971 2972
f 2970 2972 2886
f 2970 2886 2885
f 2972 2971 2973
f 2972 2973 2974
f 2972 2974 2887
f 2972 2887 2886
f 2974 2973 2928
f 2974 2928 2975
f 2974 2975 2976
f 2974 2976 2887
f 2976 2975 2923
f 2976 2923 2977
f 2976 2977 2901
f 2976 2901 2978
f 2976 2978 2888
f 2976 2888 2887
f 2978 2901 2898
f 2978 2898 2897
f 2978 2897 2893
f 2978 2893 2888
f 2977 2923 2919
f 2977 2919 2918
f 2977 2918 2902
f 2977 2902 2901
f 2975 2928 2924
f 2975 2924 2923
f 2973 2933 2929
f 2973 2929 2928
f 2973 2971 2979
f 2973 2979 2933
f 2979 2938 2934
f 2979 2934 2933
f 2979 2971 2969
f 2979 2969 2980
f 2979 2980 2981
f 2979 2981 2938
f 2981 2942 2939
f 2981 2939 2938
f 2981 2980 2966
f 2981 2966 2982
f 2981 2982 2947
f 2981 2947 2942
f 2982 2966 2964
f 2982 2964 2963
f 2982 2963 2948
f 2982 2948 2947
f 2980 2969 2967
f 2980 2967 2966
f 2963 2961 2950
f 2963 2950 2948
f 2945 2848 2865
f 2945 2865 2864
f 2945 2864 2867
f 2945 2867 2941
f 2945 2861 2844
f 2945 2844 2848
f 2937 2936 2867
f 2937 2867 2866
f 2918 2914 2903
f 2918 2903 2902
f 2910 2909 2885
f 2910 2885 2884
f 2910 2884 2892
f 2910 2892 2891
f 2897 2896 2894
f 2897 2894 2893
f 2892 2884 2883
f 2892 2883 2888
f 2892 2888 2893
f 2892 2893 2889
f 2882 2878 2874
f 2882 2874 2875
f 2875 2860 2873
f 2875 2873 2872
f 2873 2860 2857
f 2873 2857 2983
f 2873 2983 2984
f 2873 2984 2869
f 2984 2983 2855
f 2984 2855 2865
f 2984 2865 2848
f 2984 2848 2847
f 2984 2847 2849
f 2984 2849 2869
f 2983 2857 2851
f 2983 2851 2855
f 2985 2986 2987
f 2985 2987 2988
f 2985 2989 2990
f 2985 2990 2986
f 2985 2988 2991
f 2985 2991 2989
f 2992 2993 2994
f 2992 2994 2995
f 2996 2987 2997
f 2996 2997 2998
f 2996 2998 2999
f 2996 2999 3000
f 2996 3000 2988
f 2996 2988 2987
f 3001 2998 2997
f 3001 2997 2995
f 3001 3002 2999
f 3001 2999 2998
f 3001 2995 2994
f 3001 2994 3002
f 3000 2999 2991
f 3000 2991 2988
f 2999 3003 3004
f 2999 3004 2991
f 3005 3006 3007
f 3005 3007 3008
f 3005 3008 3009
f 3005 3009 3010
f 3005 3010 3011
f 3005 3011 3006
f 3012 3013 3014
f 3012 3014 3015
f 3007 3016 3013
f 3007 3013 3012
f 3012 3015 3008
f 3012 3008 3007
f 3007 3006 3017
f 3007 3017 3016
f 3011 3018 3019
f 3011 3019 3020
f 3011 3010 3021
f 3011 3021 3018
f 3020 3022 3023
f 3020 3023 3011
f 3020 3019 3024
f 3020 3024 3022
f 3025 3026 3027
f 3025 3027 3028
f 3025 3028 3029
f 3025 3029 3030
f 3031 3032 3033
f 3031 3033 3034
f 3031 3034 3022
f 3031 3022 3024
f 3031 3024 3035
f 3031 3035 3032
f 3033 3032 3036
f 3033 3036 3030
f 3033 3030 3029
f 3033 3029 3034
f 3019 3018 3035
f 3019 3035 3024
f 3035 3018 3021
f 3035 3021 3037
f 3035 3037 3036
f 3035 3036 3032
f 3037 3021 3038
f 3037 3038 3039
f 3037 3039 3040
f 3037 3040 3036
f 3039 3038 3041
f 3039 3041 3042
f 3039 3042 3043
f 3039 3043 3040
f 3043 3044 3045
f 3043 3045 3040
f 3043 3042 3046
f 3043 3046 3047
f 3043 3047 3048
f 3043 3048 3044
f 3048 3049 3050
f 3048 3050 3044
f 3048 3047 3051
f 3048 3051 3052
f 3048 3052 3053
f 3048 3053 3049
f 3053 3054 3055
f 3053 3055 3049
f 3053 3052 3056
f 3053 3056 3057
f 3053 3057 3058
f 3053 3058 3054
f 3058 3059 3060
f 3058 3060 3054
f 3058 3057 3061
f 3058 3061 3062
f 3058 3062 3063
f 3058 3063 3059
f 3063 3064 3065
f 3063 3065 3059
f 3063 3062 3066
f 3063 3066 3067
f 3063 3067 3068
f 3063 3068 3064
f 3068 3069 3070
f 3068 3070 3064
f 3068 3067 3071
f 3068 3071 3072
f 3068 3072 3004
f 3068 3004 3069
f 3072 3071 2990
f 3072 2990 2989
f 3072 2989 2991
f 3072 2991 3004
f 3071 3067 3066
f 3071 3066 3073
f 3071 3073 3074
f 3071 3074 2990
f 3074 3073 3075
f 3074 3075 2993
f 3074 2993 2992
f 3074 2992 3076
f 3074 3076 2986
f 3074 2986 2990
f 3076 2992 2995
f 3076 2995 2997
f 3076 2997 2987
f 3076 2987 2986
f 3075 3073 3066
f 3075 3066 3077
f 3075 3077 3078
f 3075 3078 3079
f 3075 3079 2994
f 3075 2994 2993
f 3079 3078 3080
f 3079 3080 3081
f 3079 3081 3002
f 3079 3002 2994
f 3081 3080 3082
f 3081 3082 3003
f 3081 3003 2999
f 3081 2999 3002
f 3082 3080 3083
f 3082 3083 3084
f 3082 3084 3070
f 3082 3070 3069
f 3082 3069 3004
f 3082 3004 3003
f 3084 3083 3085
f 3084 3085 3086
f 3084 3086 3087
f 3084 3087 3070
f 3087 3086 3088
f 3087 3088 3089
f 3087 3089 3090
f 3087 3090 3065
f 3087 3065 3064
f 3087 3064 3070
f 3090 3089 3091
f 3090 3091 3092
f 3090 3092 3093
f 3090 3093 3060
f 3090 3060 3059
f 3090 3059 3065
f 3093 3092 3094
f 3093 3094 3015
f 3093 3015 3014
f 3093 3014 3055
f 3093 3055 3054
f 3093 3054 3060
f 3094 3041 3038
f 3094 3038 3009
f 3094 3009 3008
f 3094 3008 3015
f 3094 3092 3091
f 3094 3091 3041
f 3091 3046 3042
f 3091 3042 3041
f 3091 3089 3088
f 3091 3088 3046
f 3088 3051 3047
f 3088 3047 3046
f 3088 3086 3085
f 3088 3085 3051
f 3085 3056 3052
f 3085 3052 3051
f 3085 3083 3095
f 3085 3095 3056
f 3095 3061 3057
f 3095 3057 3056
f 3095 3083 3080
f 3095 3080 3078
f 3095 3078 3077
f 3095 3077 3061
f 3077 3066 3062
f 3077 3062 3061
f 3055 3014 3050
f 3055 3050 3049
f 3050 3014 3013
f 3050 3013 3096
f 3050 3096 3045
f 3050 3045 3044
f 3096 3013 3016
f 3096 3016 3027
f 3096 3027 3026
f 3096 3026 3045
f 3038 3021 3010
f 3038 3010 3009
f 3034 3029 3023
f 3034 3023 3022
f 3029 3028 3017
f 3029 3017 3023
f 3028 3027 3016
f 3028 3016 3017
f 3026 3025 3030
f 3026 3030 3036
f 3026 3036 3040
f 3026 3040 3045
f 3023 3017 3006
f 3023 3006 3011
f 3097 3098 3099
f 3097 3099 3100
f 3097 3100 3101
f 3097 3101 3102
f 3103 3104 3105
f 3103 3105 3106
f 3103 3106 3107
f 3103 3107 3108
f 3103 3108 3109
f 3103 3109 3104
f 3108 3107 3110
f 3108 3110 3109
f 3106 3105 3111
f 3106 3111 3107
f 3112 3100 3099
f 3112 3099 3113
f 3112 3113 3114
f 3112 3114 3115
f 3112 3115 3101
f 3112 3101 3100
f 3107 3111 3116
f 3107 3116 3117
f 3107 3117 3118
f 3107 3118 3110
f 3119 3120 3121
f 3119 3121 3122
f 3119 3123 3124
f 3119 3124 3120
f 3125 3126 3127
f 3125 3127 3128
f 3125 3128 3129
f 3125 3129 3130
f 3131 3132 3133
f 3131 3133 3134
f 3134 3135 3123
f 3134 3123 3131
f 3134 3133 3136
f 3134 3136 3135
f 3137 3130 3129
f 3137 3129 3138
f 3137 3138 3139
f 3137 3139 3140
f 3137 3140 3141
f 3137 3141 3130
f 3141 3126 3125
f 3141 3125 3130
f 3141 3140 3133
f 3141 3133 3132
f 3141 3132 3142
f 3141 3142 3126
f 3140 3139 3136
f 3140 3136 3133
f 3139 3143 3144
f 3139 3144 3136
f 3139 3138 3145
f 3139 3145 3143
f 3145 3146 3147
f 3145 3147 3143
f 3145 3138 3129
f 3145 3129 3148
f 3145 3148 3149
f 3145 3149 3146
f 3149 3150 3151
f 3149 3151 3146
f 3149 3148 3152
f 3149 3152 3153
f 3149 3153 3154
f 3149 3154 3150
f 3154 3155 3156
f 3154 3156 3150
f 3154 3153 3157
f 3154 3157 3158
f 3154 3158 3159
f 3154 3159 3155
f 3159 3160 3161
f 3159 3161 3155
f 3159 3158 3162
f 3159 3162 3163
f 3159 3163 3164
f 3159 3164 3160
f 3164 3165 3166
f 3164 3166 3160
f 3164 3163 3167
f 3164 3167 3168
f 3164 3168 3169
f 3164 3169 3165
f 3169 3170 3171
f 3169 3171 3165
f 3169 3168 3172
f 3169 3172 3173
f 3169 3173 3174
f 3169 3174 3170
f 3174 3175 3176
f 3174 3176 3170
f 3174 3173 3177
f 3174 3177 3178
f 3174 3178 3179
f 3174 3179 3175
f 3179 3180 3181
f 3179 3181 3175
f 3179 3178 3182
f 3179 3182 3183
f 3179 3183 3184
f 3179 3184 3180
f 3184 3185 3186
f 3184 3186 3180
f 3184 3183 3187
f 3184 3187 3188
f 3184 3188 3189
f 3184 3189 3185
f 3189 3190 3114
f 3189 3114 3185
f 3189 3188 3191
f 3189 3191 3116
f 3189 3116 3111
f 3189 3111 3190
f 3191 3188 3187
f 3191 3187 3192
f 3191 3192 3193
f 3191 3193 3194
f 3191 3194 3117
f 3191 3117 3116
f 3194 3193 3195
f 3194 3195 3196
f 3194 3196 3118
f 3194 3118 3117
f 3196 3195 3197
f 3196 3197 3198
f 3196 3198 3199
f 3196 3199 3118
f 3199 3200 3110
f 3199 3110 3118
f 3199 3198 3201
f 3199 3201 3202
f 3199 3202 3203
f 3199 3203 3200
f 3203 3102 3204
f 3203 3204 3200
f 3203 3202 3205
f 3203 3205 3098
f 3203 3098 3097
f 3203 3097 3102
f 3205 3202 3201
f 3205 3201 3206
f 3205 3206 3181
f 3205 3181 3207
f 3205 3207 3099
f 3205 3099 3098
f 3207 3181 3180
f 3207 3180 3186
f 3207 3186 3113
f 3207 3113 3099
f 3206 3201 3208
f 3206 3208 3176
f 3206 3176 3175
f 3206 3175 3181
f 3208 3201 3198
f 3208 3198 3197
f 3208 3197 3209
f 3208 3209 3171
f 3208 3171 3170
f 3208 3170 3176
f 3209 3197 3195
f 3209 3195 3210
f 3209 3210 3211
f 3209 3211 3166
f 3209 3166 3165
f 3209 3165 3171
f 3211 3210 3212
f 3211 3212 3213
f 3211 3213 3214
f 3211 3214 3161
f 3211 3161 3160
f 3211 3160 3166
f 3214 3213 3215
f 3214 3215 3216
f 3214 3216 3217
f 3214 3217 3156
f 3214 3156 3155
f 3214 3155 3161
f 3217 3216 3218
f 3217 3218 3219
f 3217 3219 3220
f 3217 3220 3151
f 3217 3151 3150
f 3217 3150 3156
f 3220 3219 3221
f 3220 3221 3222
f 3220 3222 3223
f 3220 3223 3147
f 3220 3147 3146
f 3220 3146 3151
f 3223 3222 3224
f 3223 3224 3225
f 3223 3225 3226
f 3223 3226 3144
f 3223 3144 3143
f 3223 3143 3147
f 3226 3225 3227
f 3226 3227 3124
f 3226 3124 3123
f 3226 3123 3135
f 3226 3135 3136
f 3226 3136 3144
f 3227 3228 3229
f 3227 3229 3230
f 3227 3230 3120
f 3227 3120 3124
f 3227 3225 3224
f 3227 3224 3228
f 3230 3229 3162
f 3230 3162 3231
f 3230 3231 3121
f 3230 3121 3120
f 3231 3162 3158
f 3231 3158 3157
f 3231 3157 3232
f 3231 3232 3121
f 3232 3157 3153
f 3232 3153 3152
f 3232 3152 3128
f 3232 3128 3127
f 3232 3127 3122
f 3232 3122 3121
f 3229 3167 3163
f 3229 3163 3162
f 3229 3228 3233
f 3229 3233 3167
f 3233 3172 3168
f 3233 3168 3167
f 3233 3228 3224
f 3233 3224 3234
f 3233 3234 3235
f 3233 3235 3172
f 3235 3177 3173
f 3235 3173 3172
f 3235 3234 3221
f 3235 3221 3236
f 3235 3236 3237
f 3235 3237 3177
f 3237 3182 3178
f 3237 3178 3177
f 3237 3236 3218
f 3237 3218 3238
f 3237 3238 3239
f 3237 3239 3182
f 3239 3187 3183
f 3239 3183 3182
f 3239 3238 3215
f 3239 3215 3240
f 3239 3240 3192
f 3239 3192 3187
f 3240 3215 3213
f 3240 3213 3212
f 3240 3212 3193
f 3240 3193 3192
f 3238 3218 3216
f 3238 3216 3215
f 3236 3221 3219
f 3236 3219 3218
f 3234 3224 3222
f 3234 3222 3221
f 3212 3210 3195
f 3212 3195 3193
f 3204 3241 3104
f 3204 3104 3109
f 3204 3109 3110
f 3204 3110 3200
f 3204 3102 3101
f 3204 3101 3241
f 3241 3242 3105
f 3241 3105 3104
f 3241 3101 3115
f 3241 3115 3242
f 3242 3190 3111
f 3242 3111 3105
f 3242 3115 3114
f 3242 3114 3190
f 3186 3185 3114
f 3186 3114 3113
f 3152 3148 3129
f 3152 3129 3128
f 3127 3126 3142
f 3127 3142 3122
f 3131 3123 3119
f 3131 3119 3122
f 3142 3132 3131
f 3142 3131 3122
f 3243 3244 3245
f 3243 3245 3246
f 3243 3246 3247
f 3243 3247 3248
f 3243 3248 3249
f 3243 3249 3244
f 3250 3251 3252
f 3250 3252 3253
f 3250 3253 3254
f 3250 3254 3255
f 3250 3255 3256
f 3250 3256 3251
f 3248 3247 3257
f 3248 3257 3249
f 3255 3254 3258
f 3255 3258 3256
f 3259 3260 3261
f 3259 3261 3262
f 3259 3263 3264
f 3259 3264 3260
f 3265 3266 3267
f 3265 3267 3268
f 3269 3270 3271
f 3269 3271 3272
f 3269 3272 3273
f 3269 3273 3274
f 3275 3276 3263
f 3275 3263 3277
f 3275 3274 3278
f 3275 3278 3276
f 3279 3280 3268
f 3279 3268 3281
f 3279 3281 3282
f 3279 3282 3273
f 3279 3273 3272
f 3279 3272 3280
f 3282 3283 3284
f 3282 3284 3278
f 3282 3278 3274
f 3282 3274 3273
f 3282 3281 3285
f 3282 3285 3283
f 3285 3286 3287
f 3285 3287 3283
f 3285 3281 3268
f 3285 3268 3267
f 3285 3267 3288
f 3285 3288 3286
f 3288 3289 3290
f 3288 3290 3286
f 3288 3267 3266
f 3288 3266 3291
f 3288 3291 3292
f 3288 3292 3289
f 3292 3293 3294
f 3292 3294 3289
f 3292 3291 3295
f 3292 3295 3296
f 3292 3296 3297
f 3292 3297 3293
f 3297 3298 3299
f 3297 3299 3293
f 3297 3296 3300
f 3297 3300 3301
f 3297 3301 3302
f 3297 3302 3298
f 3302 3303 3304
f 3302 3304 3298
f 3302 3301 3305
f 3302 3305 3306
f 3302 3306 3307
f 3302 3307 3303
f 3307 3308 3309
f 3307 3309 3303
f 3307 3306 3310
f 3307 3310 3311
f 3307 3311 3312
f 3307 3312 3308
f 3312 3313 3314
f 3312 3314 3308
f 3312 3311 3315
f 3312 3315 3316
f 3312 3316 3317
f 3312 3317 3313
f 3317 3318 3319
f 3317 3319 3313
f 3317 3316 3320
f 3317 3320 3321
f 3317 3321 3322
f 3317 3322 3318
f 3322 3323 3324
f 3322 3324 3318
f 3322 3321 3325
f 3322 3325 3326
f 3322 3326 3327
f 3322 3327 3323
f 3327 3258 3257
f 3327 3257 3323
f 3327 3326 3328
f 3327 3328 3329
f 3327 3329 3256
f 3327 3256 3258
f 3329 3328 3330
f 3329 3330 3331
f 3329 3331 3251
f 3329 3251 3256
f 3331 3330 3332
f 3331 3332 3333
f 3331 3333 3252
f 3331 3252 3251
f 3333 3332 3334
f 3333 3334 3335
f 3333 3335 3336
f 3333 3336 3252
f 3335 3334 3337
f 3335 3337 3338
f 3335 3338 3339
f 3335 3339 3336
f 3338 3337 3340
f 3338 3340 3341
f 3338 3341 3245
f 3338 3245 3339
f 3341 3340 3319
f 3341 3319 3342
f 3341 3342 3246
f 3341 3246 3245
f 3342 3319 3318
f 3342 3318 3324
f 3342 3324 3247
f 3342 3247 3246
f 3340 3337 3343
f 3340 3343 3314
f 3340 3314 3313
f 3340 3313 3319
f 3343 3337 3334
f 3343 3334 3344
f 3343 3344 3345
f 3343 3345 3309
f 3343 3309 3308
f 3343 3308 3314
f 3345 3344 3346
f 3345 3346 3347
f 3345 3347 3348
f 3345 3348 3304
f 3345 3304 3303
f 3345 3303 3309
f 3348 3347 3349
f 3348 3349 3350
f 3348 3350 3351
f 3348 3351 3299
f 3348 3299 3298
f 3348 3298 3304
f 3351 3350 3352
f 3351 3352 3353
f 3351 3353 3354
f 3351 3354 3294
f 3351 3294 3293
f 3351 3293 3299
f 3354 3353 3355
f 3354 3355 3356
f 3354 3356 3357
f 3354 3357 3290
f 3354 3290 3289
f 3354 3289 3294
f 3357 3356 3358
f 3357 3358 3359
f 3357 3359 3360
f 3357 3360 3287
f 3357 3287 3286
f 3357 3286 3290
f 3360 3359 3361
f 3360 3361 3362
f 3360 3362 3363
f 3360 3363 3284
f 3360 3284 3283
f 3360 3283 3287
f 3363 3362 3364
f 3363 3364 3264
f 3363 3264 3263
f 3363 3263 3276
f 3363 3276 3278
f 3363 3278 3284
f 3364 3365 3366
f 3364 3366 3367
f 3364 3367 3260
f 3364 3260 3264
f 3364 3362 3361
f 3364 3361 3365
f 3367 3366 3300
f 3367 3300 3368
f 3367 3368 3261
f 3367 3261 3260
f 3368 3300 3296
f 3368 3296 3295
f 3368 3295 3369
f 3368 3369 3261
f 3369 3295 3291
f 3369 3291 3266
f 3369 3266 3265
f 3369 3265 3370
f 3369 3370 3262
f 3369 3262 3261
f 3366 3305 3301
f 3366 3301 3300
f 3366 3365 3371
f 3366 3371 3305
f 3371 3310 3306
f 3371 3306 3305
f 3371 3365 3361
f 3371 3361 3372
f 3371 3372 3373
f 3371 3373 3310
f 3373 3315 3311
f 3373 3311 3310
f 3373 3372 3358
f 3373 3358 3374
f 3373 3374 3375
f 3373 3375 3315
f 3375 3320 3316
f 3375 3316 3315
f 3375 3374 3355
f 3375 3355 3376
f 3375 3376 3377
f 3375 3377 3320
f 3377 3325 3321
f 3377 3321 3320
f 3377 3376 3352
f 3377 3352 3378
f 3377 3378 3379
f 3377 3379 3325
f 3379 3328 3326
f 3379 3326 3325
f 3379 3378 3349
f 3379 3349 3380
f 3379 3380 3330
f 3379 3330 3328
f 3380 3349 3347
f 3380 3347 3346
f 3380 3346 3332
f 3380 3332 3330
f 3378 3352 3350
f 3378 3350 3349
f 3376 3355 3353
f 3376 3353 3352
f 3374 3358 3356
f 3374 3356 3355
f 3372 3361 3359
f 3372 3359 3358
f 3346 3344 3334
f 3346 3334 3332
f 3324 3323 3257
f 3324 3257 3247
f 3370 3271 3270
f 3370 3270 3262
f 3277 3381 3270
f 3277 3270 3269
f 3277 3269 3274
f 3277 3274 3275
f 3381 3277 3263
f 3381 3263 3259
f 3381 3259 3262
f 3381 3262 3270
f 3258 3254 3249
f 3258 3249 3257
f 3254 3253 3244
f 3254 3244 3249
f 3280 3272 3271
f 3280 3271 3382
f 3280 3382 3265
f 3280 3265 3268
f 3336 3339 3245
f 3336 3245 3244
f 3253 3252 3336
f 3253 3336 3244
f 3370 3265 3382
f 3370 3382 3271
f 3383 3384 3385
f 3383 3385 3386
f 3383 3387 3388
f 3383 3388 3384
f 3383 3386 3389
f 3383 3389 3387
f 3387 3389 3390
f 3387 3390 3388
f 3391 3392 3393
f 3391 3393 3394
f 3391 3395 3396
f 3391 3396 3392
f 3391 3394 3397
f 3391 3397 3395
f 3396 3395 3398
f 3396 3398 3399
f 3396 3399 3400
f 3396 3400 3392
f 3401 3402 3403
f 3401 3403 3404
f 3401 3405 3406
f 3401 3406 3402
f 3401 3404 3407
f 3401 3407 3408
f 3401 3408 3409
f 3401 3409 3405
f 3410 3411 3412
f 3410 3412 3413
f 3414 3412 3411
f 3414 3411 3415
f 3414 3415 3416
f 3414 3416 3417
f 3414 3417 3418
f 3414 3418 3412
f 3419 3420 3421
f 3419 3421 3418
f 3419 3418 3417
f 3419 3417 3422
f 3419 3422 3423
f 3419 3423 3420
f 3424 3422 3417
f 3424 3417 3416
f 3424 3425 3423
f 3424 3423 3422
f 3424 3416 3426
f 3424 3426 3425
f 3426 3427 3428
f 3426 3428 3425
f 3426 3416 3415
f 3426 3415 3429
f 3426 3429 3430
f 3426 3430 3427
f 3430 3431 3432
f 3430 3432 3427
f 3430 3429 3406
f 3430 3406 3405
f 3430 3405 3409
f 3430 3409 3431
f 3432 3433 3434
f 3432 3434 3435
f 3432 3435 3428
f 3432 3428 3427
f 3432 3431 3436
f 3432 3436 3433
f 3436 3437 3438
f 3436 3438 3433
f 3436 3431 3409
f 3436 3409 3439
f 3436 3439 3440
f 3436 3440 3437
f 3440 3441 3442
f 3440 3442 3437
f 3440 3439 3443
f 3440 3443 3444
f 3440 3444 3445
f 3440 3445 3441
f 3445 3446 3447
f 3445 3447 3441
f 3445 3444 3448
f 3445 3448 3449
f 3445 3449 3450
f 3445 3450 3446
f 3450 3451 3452
f 3450 3452 3446
f 3450 3449 3453
f 3450 3453 3454
f 3450 3454 3455
f 3450 3455 3451
f 3455 3385 3384
f 3455 3384 3451
f 3455 3454 3456
f 3455 3456 3457
f 3455 3457 3397
f 3455 3397 3385
f 3457 3456 3458
f 3457 3458 3398
f 3457 3398 3395
f 3457 3395 3397
f 3458 3456 3459
f 3458 3459 3460
f 3458 3460 3461
f 3458 3461 3462
f 3458 3462 3399
f 3458 3399 3398
f 3462 3461 3463
f 3462 3463 3464
f 3462 3464 3400
f 3462 3400 3399
f 3464 3463 3465
f 3464 3465 3466
f 3464 3466 3467
f 3464 3467 3400
f 3467 3393 3392
f 3467 3392 3400
f 3467 3466 3468
f 3467 3468 3390
f 3467 3390 3389
f 3467 3389 3393
f 3468 3466 3465
f 3468 3465 3447
f 3468 3447 3446
f 3468 3446 3452
f 3468 3452 3388
f 3468 3388 3390
f 3465 3463 3469
f 3465 3469 3442
f 3465 3442 3441
f 3465 3441 3447
f 3469 3463 3461
f 3469 3461 3470
f 3469 3470 3471
f 3469 3471 3438
f 3469 3438 3437
f 3469 3437 3442
f 3471 3470 3472
f 3471 3472 3473
f 3471 3473 3474
f 3471 3474 3434
f 3471 3434 3433
f 3471 3433 3438
f 3474 3473 3475
f 3474 3475 3476
f 3474 3476 3477
f 3474 3477 3478
f 3474 3478 3435
f 3474 3435 3434
f 3478 3477 3479
f 3478 3479 3480
f 3478 3480 3428
f 3478 3428 3435
f 3480 3479 3420
f 3480 3420 3423
f 3480 3423 3425
f 3480 3425 3428
f 3479 3477 3481
f 3479 3481 3482
f 3479 3482 3421
f 3479 3421 3420
f 3482 3481 3404
f 3482 3404 3403
f 3482 3403 3413
f 3482 3413 3421
f 3481 3483 3407
f 3481 3407 3404
f 3481 3477 3476
f 3481 3476 3483
f 3483 3484 3485
f 3483 3485 3407
f 3483 3476 3475
f 3483 3475 3484
f 3485 3448 3444
f 3485 3444 3443
f 3485 3443 3408
f 3485 3408 3407
f 3485 3484 3486
f 3485 3486 3448
f 3486 3453 3449
f 3486 3449 3448
f 3486 3484 3475
f 3486 3475 3487
f 3486 3487 3459
f 3486 3459 3453
f 3487 3475 3473
f 3487 3473 3472
f 3487 3472 3460
f 3487 3460 3459
f 3472 3470 3461
f 3472 3461 3460
f 3459 3456 3454
f 3459 3454 3453
f 3452 3451 3384
f 3452 3384 3388
f 3443 3439 3409
f 3443 3409 3408
f 3429 3415 3411
f 3429 3411 3406
f 3421 3413 3412
f 3421 3412 3418
f 3413 3403 3402
f 3413 3402 3410
f 3411 3410 3402
f 3411 3402 3406
f 3397 3394 3386
f 3397 3386 3385
f 3394 3393 3389
f 3394 3389 3386
# Vertices: 3487, normals: 0, texture coordinates: 0, faces: 6866

