# File generated by ImageToStl.com - Free Image and 3D model conversion tools

o obj1
v -0.11923349 -0.10158274 -0.00070092
v -0.1202828 -0.10338089 -0.00039453
v -0.12138756 -0.10282002 -0.00205373
v -0.12049172 -0.10099923 -0.00201057
v -0.11948816 -0.1000001 0.00085212
v -0.12037203 -0.1023134 0.001902
v -0.12004557 -0.09923076 -0.00089968
v -0.12273009 -0.09778337 -0.0018389
v -0.12271184 -0.09784996 0.00157869
v -0.12289491 -0.10044006 -0.0028823
v -0.12295028 -0.10236357 0.00286961
v -0.1223341 -0.10386956 0.00233387
v -0.12265383 -0.10071487 0.00268496
v -0.12287142 -0.10480444 5.212E-05
v -0.12377179 -0.10309049 -0.00288013
v -0.12501851 -0.09421624 0.00087246
v -0.12604883 -0.09494245 0.00346527
v -0.12465246 -0.0974768 0.00432779
v -0.12490746 -0.09417352 -0.00226544
v -0.12473924 -0.1001182 0.00459163
v -0.12377083 -0.09992575 -0.00434724
v -0.12373501 -0.09763414 -0.00471837
v -0.12524171 -0.09457531 -0.00511871
v -0.12449792 -0.10135619 -0.00561134
v -0.12525104 -0.09837545 -0.00630404
v -0.12780836 -0.10383871 -0.00269526
v -0.12796532 -0.10134248 -0.00529995
v -0.12452544 -0.10377424 0.00265234
v -0.1249045 -0.10221109 0.00359393
v -0.1276965 -0.10220092 0.00409171
v -0.12665039 -0.1044522 0.00131043
v -0.12710068 -0.09116928 -0.00691597
v -0.12705243 -0.09582588 -0.00637291
v -0.1291123 -0.09407228 -0.00826272
v -0.12650777 -0.09062064 -0.00286273
v -0.12864392 -0.08740858 -0.00674414
v -0.12817207 -0.08711997 -0.00295943
v -0.13216123 -0.09293113 -0.00930362
v -0.13134763 -0.0902933 -0.00844986
v -0.12754323 -0.09180975 0.00408367
v -0.12676352 -0.09074106 0.00057566
v -0.1282841 -0.08737565 0.00066593
v -0.12881875 -0.08786273 0.00397464
v -0.13014808 -0.08824845 0.00719884
v -0.12971084 -0.09135385 0.00653847
v -0.12739454 -0.09904326 -0.00595422
v -0.12908877 -0.09767064 -0.00628177
v -0.13141678 -0.09959006 -0.00449444
v -0.12669763 -0.09796414 0.00487463
v -0.1278546 -0.09673011 0.00443042
v -0.12920359 -0.09844197 0.00434319
v -0.12730709 -0.09971026 0.00501142
v -0.12941137 -0.08391433 -0.00786542
v -0.13022523 -0.08005869 -0.00627799
v -0.12982194 -0.08025416 -0.00206578
v -0.1292101 -0.08364695 -0.00280471
v -0.13223854 -0.0877286 -0.00882083
v -0.13291743 -0.08596817 -0.01084716
v -0.13080065 -0.08247759 -0.0119508
v -0.131212 -0.07937941 -0.01014719
v -0.13060258 -0.08250508 0.01098677
v -0.13133711 -0.0814133 0.01285572
v -0.13020715 -0.08506731 0.01370475
v -0.12986211 -0.08500585 0.01074189
v -0.13074401 -0.08145812 0.00870448
v -0.13234963 -0.07905254 0.01004556
v -0.12962928 -0.08468516 0.00770706
v -0.13341263 -0.08890108 0.00741821
v -0.1323671 -0.0911848 0.0061313
v -0.12934606 -0.08427956 0.00457258
v -0.13070317 -0.08755618 0.01275605
v -0.13316058 -0.08505078 0.01383773
v -0.13299446 -0.08767831 0.01310025
v -0.13467504 -0.08757973 0.01025623
v -0.13048473 -0.087846 0.01045559
v -0.12890005 -0.1026263 0.00081119
v -0.13027811 -0.10004769 0.00267442
v -0.13025637 -0.10123707 -0.00155379
v -0.13124956 -0.09710553 0.00608594
v -0.13397102 -0.09730199 0.00447634
v -0.13003212 -0.09392886 0.00701893
v -0.13251893 -0.09426624 0.00717796
v -0.1290848 -0.09527288 0.00556277
v -0.1326706 -0.08369062 -0.01606226
v -0.13208242 -0.08106266 -0.01536726
v -0.13281752 -0.08509203 -0.01378504
v -0.13656853 -0.08462697 -0.01520946
v -0.13495055 -0.08337824 -0.01687941
v -0.13544385 -0.08071201 -0.0166243
v -0.13289903 -0.09842941 -0.00685889
v -0.1311924 -0.0965687 -0.00813134
v -0.13565595 -0.08470834 0.01167275
v -0.13500437 -0.09839215 -0.00289986
v -0.13544936 -0.09737612 -0.00625367
v -0.13340007 -0.099285 0.00011122
v -0.13659352 -0.07605599 -0.00937731
v -0.13495179 -0.07638007 -0.01115836
v -0.13896006 -0.0771503 -0.01187723
v -0.13922912 -0.07641991 -0.00949955
v -0.13569945 -0.07664204 -0.00752251
v -0.13258025 -0.07684539 -0.00876938
v -0.1398024 -0.07733936 -0.00728254
v -0.13602896 -0.08241694 0.01202352
v -0.13413794 -0.08162781 0.01312388
v -0.1355767 -0.07900757 0.01049647
v -0.13806677 -0.08081981 0.01049636
v -0.13891727 -0.08338801 0.00997826
v -0.13872263 -0.08510249 0.00732337
v -0.13590392 -0.0874865 0.00544829
v -0.13717078 -0.08180213 -0.01537619
v -0.13865699 -0.0808948 -0.0136509
v -0.13664961 -0.07860558 -0.01437764
v -0.1383016 -0.08464835 -0.01182649
v -0.13575369 -0.09416851 -0.00742439
v -0.13465747 -0.09229159 -0.00710866
v -0.13421644 -0.09560785 -0.00892775
v -0.13709827 -0.09479342 -0.00517235
v -0.13633519 -0.09218168 -0.00439807
v -0.14200681 -0.07684382 -0.01094928
v -0.14170896 -0.07640602 -0.00966731
v -0.14089851 -0.0793887 -0.01189835
v -0.14304653 -0.07800598 -0.01079553
v -0.13302948 -0.07820486 -0.01330204
v -0.13959742 -0.08314852 0.00354163
v -0.13777627 -0.08623989 0.0027438
v -0.14273731 -0.07727654 -0.00880773
v -0.13904718 -0.0779146 -0.00416028
v -0.13492726 -0.07708512 -0.0045051
v -0.13699776 -0.08638961 -0.00796537
v -0.14196472 -0.08153138 -0.00990711
v -0.14020793 -0.07964855 0.00422407
v -0.14224248 -0.08229692 0.00703663
v -0.14005898 -0.07904804 0.00791145
v -0.13621254 -0.07692284 0.0071132
v -0.13550878 -0.07733417 0.0029768
v -0.14152828 -0.08154461 0.00880429
v -0.1399969 -0.08320134 -0.00778475
v -0.14057885 -0.08133934 -0.00495008
v -0.14175336 -0.07977869 -0.0075042
v -0.13880089 -0.08569145 -0.00434261
v -0.14056233 -0.08187904 -0.00049844
v -0.13929093 -0.07850684 -0.00046604
v -0.1436967 -0.07928005 -0.00999264
v -0.14341731 -0.07877786 -0.00852786
v -0.13498583 -0.0774095 -0.00090742
v -0.13089968 -0.07737946 -0.00138916
v -0.13126826 -0.07709815 -0.00533638
v -0.13110606 -0.07747583 0.00259503
v -0.12973127 -0.08043003 0.00191482
v -0.13186905 -0.07757495 0.00667076
v -0.13016346 -0.08064009 0.00559856
v -0.12924026 -0.08394431 0.00113353
v -0.13890016 -0.08555186 -0.00064148
v -0.13703026 -0.08917391 -0.0042042
v -0.13734794 -0.08910756 -0.0010036
v -0.13632175 -0.0895482 0.00194146
v -0.13648567 -0.0924481 -0.00135862
v -0.13574556 -0.09291212 0.0016882
v -0.13458265 -0.09370707 0.00477601
v -0.1346053 -0.09040637 0.0044997
v -0.13565932 -0.09622432 0.00140402
v -0.13677122 -0.09555272 -0.00181865
v -0.13499784 -0.08963047 -0.00701768
v 0.00661213 -0.09159945 -0.00978464
v 0.00877464 -0.09436817 -0.01798859
v 0.0085415 -0.08598195 -0.01935868
v 0.00530874 -0.08430428 -0.00949372
v -0.00630173 -0.08773064 -0.00407945
v -0.00051139 -0.09496834 -0.00641565
v 0.00081512 -0.0984453 -0.014451
v -0.00643315 -0.00154622 -0.11081281
v -0.01017544 0.0058089 -0.11208533
v -0.0169146 0.00214279 -0.11065567
v -0.01124838 -0.00490075 -0.10976776
v 0.00083205 -0.0041888 -0.11067574
v -0.00311057 0.00803264 -0.11358818
v -0.00569797 -0.0107698 -0.11052082
v -0.00618405 -0.00603511 -0.11856697
v -0.01018197 0.0026382 -0.11951324
v -0.00408291 0.00574989 -0.1202782
v 0.00104592 -0.00677152 -0.11813456
v -0.00360341 -0.01505514 -0.11545739
v -0.01036304 -0.00963306 -0.11599144
v -0.0159587 -0.00102949 -0.11636917
v -0.01468343 -0.09418663 -0.03188878
v -0.00679482 -0.090595 -0.03475888
v 0.0014668 -0.09335666 -0.02726567
v -0.00523457 -0.09681343 -0.02303792
v -0.01119599 -0.10153573 -0.02000452
v -0.01827118 -0.09926967 -0.02643019
v -0.02575196 -0.09567781 -0.02726171
v -0.02502103 -0.09138245 -0.03179195
v -0.02673536 -0.08668254 -0.03737787
v -0.01977099 -0.08933894 -0.04031663
v -0.01275566 -0.0879463 -0.04278153
v -0.02494003 -0.03180546 -0.09436735
v -0.03105939 -0.0296476 -0.09225851
v -0.02941196 -0.03564231 -0.088602
v -0.02428595 -0.03820086 -0.09003484
v -0.03665378 -0.02844136 -0.09059522
v -0.03358315 -0.03468536 -0.08739618
v -0.02215624 -0.09169915 -0.02067811
v -0.02372932 -0.08643525 -0.02799394
v -0.01267665 -0.08598636 -0.02018419
v -0.0161613 -0.08302633 -0.02767493
v -0.01849927 -0.09313374 -0.01082928
v -0.01000282 -0.08628526 -0.0115646
v -0.02826095 -0.09846235 -0.01876993
v -0.02516051 -0.10033291 -0.01172408
v -0.02834091 -0.10022691 -0.02460992
v -0.02363447 -0.08456586 -0.06122307
v -0.01828289 -0.0860164 -0.05096645
v -0.02512319 -0.08752847 -0.04743683
v -0.03311405 -0.08754704 -0.05308324
v -0.032121 -0.08242068 -0.06576479
v -0.02860737 -0.07572185 -0.07058831
v -0.02215212 -0.07432871 -0.06874952
v -0.03709237 -0.08508554 -0.05947441
v -0.03152872 -0.05820873 -0.08966952
v -0.02560539 -0.05136097 -0.09557462
v -0.02283687 -0.04849319 -0.08919925
v -0.02811244 -0.05377317 -0.08478089
v -0.02838628 -0.05904037 -0.07884763
v -0.03013862 -0.06420298 -0.08200755
v -0.04187486 -0.05574976 -0.09471237
v -0.03388057 -0.04792866 -0.09710388
v -0.03624107 -0.06528664 -0.06867219
v -0.02898255 -0.06860187 -0.07500697
v -0.03319589 -0.07326733 -0.06533364
v -0.03789721 -0.07257384 -0.0594887
v -0.03988953 -0.06731702 -0.06210039
v -0.04729662 -0.06049716 -0.0672148
v -0.04768199 -0.056679 -0.07537445
v -0.03820949 -0.05992424 -0.07721881
v -0.04767101 -0.06476409 -0.05981743
v -0.04269553 -0.08501305 -0.05080983
v -0.04379184 -0.08497608 -0.0556753
v -0.03452376 -0.07834592 -0.06366014
v -0.03817519 -0.0790329 -0.05938498
v -0.0374757 -0.04775199 -0.07177513
v -0.03574171 -0.04448631 -0.08017207
v -0.04263903 -0.03704011 -0.08051357
v -0.04730002 -0.03807763 -0.07382622
v -0.0512512 -0.03866879 -0.06704782
v -0.0430411 -0.04657622 -0.06407478
v -0.03491297 -0.05421269 -0.06001417
v -0.02854574 -0.05666687 -0.06593259
v -0.03989783 -0.05781774 -0.08384454
v -0.04746247 -0.05506023 -0.08403984
v -0.04839864 -0.05023531 -0.09634584
v -0.04206209 -0.04345331 -0.09742814
v -0.04637422 -0.071945 -0.05654076
v -0.04989486 -0.01398506 -0.0937989
v -0.0379967 -0.01263505 -0.09887258
v -0.04490457 -0.00535672 -0.10046815
v -0.05446905 -0.00741398 -0.09571721
v -0.04665776 -0.02080664 -0.09094068
v -0.05925087 -0.01458588 -0.08789175
v -0.0548897 -0.0211626 -0.08549516
v -0.0495213 -0.0287141 -0.0827587
v -0.04266702 -0.02821369 -0.0877398
v -0.04549133 -0.07481851 -0.04766877
v -0.04114686 -0.066023 -0.04818036
v -0.04838943 -0.05912703 -0.05175299
v -0.05406528 -0.06523819 -0.05090941
v -0.0356503 -0.07897075 -0.04696043
v -0.03475112 -0.07143974 -0.04406253
v -0.06001425 -0.07063078 -0.05102762
v -0.05326104 -0.07850607 -0.04875818
v -0.04920748 -0.08544387 -0.05017775
v -0.06033304 0.00970077 -0.10237867
v -0.05638589 0.00581099 -0.10230827
v -0.05087084 0.00924455 -0.10605045
v -0.05865205 0.01363144 -0.10502763
v -0.06115807 -0.0648504 -0.05947789
v -0.0586188 -0.05983981 -0.06787436
v -0.05592101 -0.07242016 -0.05468048
v -0.0644796 -0.07580359 -0.05442672
v -0.06791648 -0.07038323 -0.05717327
v -0.07153155 -0.07338835 -0.06297247
v -0.06982424 -0.06690541 -0.06637181
v -0.06769781 -0.06078522 -0.07111353
v -0.06512301 -0.0574641 -0.07568529
v -0.05798491 -0.05611141 -0.07520172
v -0.0737752 -0.06230442 -0.07674968
v -0.06786716 -0.05763965 -0.08096325
v -0.05869084 -0.05470033 -0.08307381
v -0.0607693 -0.09324747 -0.05375391
v -0.06524643 -0.09862102 -0.05140987
v -0.07105219 -0.09924215 -0.06064544
v -0.06642452 -0.09593967 -0.06401651
v -0.06050221 -0.0890521 -0.0584106
v -0.05647541 -0.0863513 -0.05324842
v -0.05372019 -0.08922348 -0.04973949
v -0.06626412 -0.090988 -0.06425827
v -0.0703359 -0.0217322 -0.06070306
v -0.07444271 -0.01313012 -0.06387063
v -0.0803038 -0.0141254 -0.06149058
v -0.07962951 -0.01887869 -0.05935712
v -0.06614126 -0.02157549 -0.07001194
v -0.07146963 -0.01399508 -0.07214344
v -0.07999977 -0.02292679 -0.05662299
v -0.07617921 -0.02859116 -0.05613486
v -0.06794891 -0.03704919 -0.08944608
v -0.06727569 -0.03145228 -0.09021331
v -0.06256014 -0.03362421 -0.09452143
v -0.06520779 -0.04017529 -0.09222127
v -0.07238103 -0.03820318 -0.08637383
v -0.07216252 -0.03051264 -0.08534858
v -0.07103316 -0.04410256 -0.0889919
v -0.06913019 -0.0795379 -0.06053173
v -0.08573765 -0.02277964 -0.0542436
v -0.08461077 -0.02899417 -0.05227355
v -0.06948049 -0.03699204 -0.05943714
v -0.0628466 -0.03198408 -0.06164454
v -0.06819321 -0.08697558 -0.06286786
v -0.06398361 -0.08441743 -0.05945516
v -0.07501902 -0.08758718 -0.06986516
v -0.07343264 -0.08352908 -0.0657371
v -0.08764031 -0.01716601 -0.05749462
v -0.07911635 -0.00665407 -0.06536523
v -0.08745871 -0.00984328 -0.06009899
v -0.08416793 -0.03769109 -0.06043912
v -0.08879594 -0.0315831 -0.05903505
v -0.09172553 -0.03000217 -0.06909717
v -0.08869532 -0.03877366 -0.06849444
v -0.07656918 -0.04388815 -0.05893669
v -0.09566364 0.03530356 -0.07762504
v -0.09091441 0.03637366 -0.08410512
v -0.09530053 0.04436488 -0.0832445
v -0.10098826 0.04065332 -0.07344127
v -0.09480486 0.02901956 -0.07437169
v -0.0891772 0.02810692 -0.08324639
v -0.10417384 0.03192208 -0.06474448
v -0.0773192 -0.09248772 -0.07390196
v -0.08175657 -0.08190931 -0.07949203
v -0.08004933 -0.07949653 -0.07480235
v -0.07995817 -0.09869002 -0.06909628
v -0.09069644 -0.09661505 -0.07055464
v -0.08800616 -0.0884679 -0.07310247
v -0.08766229 -0.0801454 -0.07814916
v -0.09338716 -0.02232443 -0.04963251
v -0.09500855 -0.01597063 -0.05090094
v -0.09274621 -0.02862392 -0.04912852
v -0.08440951 -0.02983239 -0.07571922
v -0.08515666 -0.0395756 -0.07586545
v -0.09251843 -0.02001806 -0.07340893
v -0.08469167 -0.02034581 -0.07720739
v -0.09874885 -0.02746718 -0.0643389
v -0.10069114 -0.01982863 -0.06956525
v -0.08168209 -0.09740595 -0.04753756
v -0.07259972 -0.09232527 -0.04869441
v -0.07966968 -0.0856595 -0.04919883
v -0.08808388 -0.08907663 -0.04828466
v -0.06886527 -0.10325491 -0.04976095
v -0.09824447 -0.09006447 -0.05116282
v -0.09665249 -0.09893504 -0.05045566
v -0.09001257 -0.05030892 -0.07783011
v -0.09264438 -0.04802141 -0.06742155
v -0.07842575 -0.03921099 -0.08141425
v -0.07986565 -0.04650899 -0.08502635
v -0.07830333 -0.05244244 -0.0885408
v -0.08711328 -0.0578556 -0.08346669
v -0.09090983 -0.06668573 -0.07742278
v -0.09440819 -0.06155205 -0.07112157
v -0.09606235 -0.05757624 -0.06352912
v -0.10683395 0.04807505 -0.06925777
v -0.11485602 0.04026572 -0.06157495
v -0.12384203 0.03337159 -0.05703739
v -0.11576884 0.02656465 -0.05894363
v -0.10978406 0.01828226 -0.05965976
v -0.09942698 0.02061873 -0.06335948
v -0.09253787 0.02054849 -0.07200244
v -0.09819954 -0.07974415 -0.05959309
v -0.09436341 -0.07079443 -0.06454857
v -0.09107902 -0.07564485 -0.07186615
v -0.09422978 -0.0835318 -0.06861896
v -0.09887327 -0.07282655 -0.0537066
v -0.09768395 -0.06598635 -0.05826408
v -0.10079693 -0.09228399 -0.06847027
v -0.10334269 -0.08978495 -0.05995611
v -0.09922278 -0.08270556 -0.05129222
v -0.10272849 -0.07685923 -0.04913206
v -0.11232631 0.00426676 -0.05195269
v -0.10380207 0.00394978 -0.05792464
v -0.10608075 0.01034369 -0.05890248
v -0.11474501 0.00988529 -0.05409725
v -0.12242206 0.01061538 -0.0497898
v -0.12053891 0.00636101 -0.0462575
v -0.11178125 -0.00256594 -0.0508909
v -0.12138981 0.00136457 -0.04593016
v -0.12519376 -0.00460913 -0.04677033
v -0.1191701 -0.0089888 -0.04976284
v -0.11389962 -0.01261387 -0.04853253
v -0.10669065 -0.00980287 -0.04810314
v -0.0972135 -0.00905107 -0.053039
v -0.10108154 -0.00232077 -0.05612209
v -0.10962521 -0.02350269 -0.04620829
v -0.10233111 -0.02292803 -0.04653516
v -0.10420986 -0.0166787 -0.04536597
v -0.11504788 -0.01846075 -0.04613629
v -0.12036899 -0.02377688 -0.04886097
v -0.11155393 -0.02844351 -0.04617001
v -0.10178112 -0.02876999 -0.04691709
v -0.10203545 -0.07274586 -0.04344414
v -0.09829792 -0.06882289 -0.04609501
v -0.10174683 -0.06826905 -0.04930573
v -0.10549154 -0.07230438 -0.04652831
v -0.09764165 -0.07712689 -0.04570063
v -0.09234454 -0.07355487 -0.04745214
v -0.11121425 -0.0286272 -0.05743224
v -0.11184954 -0.03009407 -0.05185542
v -0.1200773 -0.02513514 -0.05507394
v -0.1155741 -0.02315116 -0.06082924
v -0.10560213 -0.02776269 -0.06040701
v -0.10325225 -0.02966623 -0.0531196
v -0.10885613 -0.02112418 -0.06574629
v -0.12441973 -0.01425391 -0.04787619
v -0.12818702 -0.01810532 -0.05116608
v -0.12383123 0.01438799 -0.05224523
v -0.12867348 0.01779849 -0.04946168
v -0.12977639 0.01295124 -0.04594718
v -0.11860778 0.01589847 -0.05559705
v -0.12420714 0.02223267 -0.05406693
v -0.13697484 -0.00031186 -0.04012363
v -0.1380754 0.00491285 -0.03944407
v -0.1454065 0.00303258 -0.03975615
v -0.14146161 -0.00349176 -0.04139969
v -0.13183139 -0.00166617 -0.04352047
v -0.13011062 0.00391475 -0.04218047
v -0.135978 -0.00615727 -0.0457326
v -0.14634861 0.01501735 -0.0627443
v -0.14867198 0.01945173 -0.05818843
v -0.14226972 0.02636955 -0.06235743
v -0.13951196 0.02126276 -0.06702473
v -0.14970076 0.008049 -0.05652583
v -0.15269165 0.01162872 -0.05195275
v -0.13607554 0.01529581 -0.06701442
v -0.14308283 0.0117545 -0.06386628
v -0.14833339 0.00071461 -0.04406007
v -0.14515994 -0.00129677 -0.04920569
v -0.14470044 0.00473583 -0.05959729
v -0.13769193 -0.00246191 -0.05962615
v -0.13944386 -0.00601882 -0.05176136
v -0.14905444 0.00324208 -0.05099345
v -0.15108767 0.00459651 -0.04656306
v -0.13193607 -0.01017392 -0.05916915
v -0.13446003 -0.0119741 -0.05248266
v -0.13043582 -0.00958828 -0.04828723
v -0.1265032 -0.01795355 -0.05776192
v -0.12022811 -0.01514044 -0.0633093
v -0.12493207 -0.00718472 -0.0644563
v -0.11532252 -0.00397605 -0.06815098
v -0.11176194 -0.01236778 -0.06769543
v -0.13041411 0.00071277 -0.06571049
v -0.11904755 0.00429693 -0.06748138
v -0.10812517 0.0069288 -0.07056318
v -0.10532204 -0.00201115 -0.07171515
v -0.13456662 0.00833041 -0.06694677
v -0.12213969 0.01247819 -0.06674758
v -0.11126286 0.01587666 -0.06991803
v -0.10227992 0.01882528 -0.07544447
v -0.0990941 0.00898612 -0.07537643
v -0.12529086 0.02058318 -0.06637947
v -0.11514428 0.02471346 -0.07013204
v -0.10619654 0.02821386 -0.07638325
v -0.09786955 0.0304815 -0.0842588
v -0.09454177 0.020673 -0.082406
v -0.119721 0.03264795 -0.07044487
v -0.11085381 0.03679775 -0.07738688
v -0.10190399 0.03959087 -0.08613873
v -0.09254174 0.04007012 -0.09563164
v -0.08933632 0.03076573 -0.09250029
v -0.11581171 0.04432962 -0.07748117
v -0.10705438 0.0475583 -0.08780695
v -0.09615497 0.04841862 -0.09869535
v -0.08428001 0.04627898 -0.10877857
v -0.08273461 0.03800875 -0.10487487
v -0.10686013 0.05446409 -0.08534806
v -0.09604365 0.0560283 -0.09831437
v -0.08272716 0.05363029 -0.10979056
v -0.06893163 0.04795246 -0.11910043
v -0.07432831 0.04130007 -0.11977951
v -0.09026952 0.0539773 -0.0941383
v -0.07805293 0.05296747 -0.10465233
v -0.06443862 0.04955564 -0.11325689
v -0.05072166 0.04401621 -0.11869039
v -0.05520884 0.04108037 -0.12489148
v -0.0767244 0.04579169 -0.10169228
v -0.06466651 0.04306237 -0.10874697
v -0.05210319 0.03831874 -0.1132435
v -0.04011797 0.03181224 -0.11535565
v -0.03752571 0.03661256 -0.12099005
v -0.06599995 0.03420292 -0.10673635
v -0.05494566 0.03011075 -0.11085687
v -0.0440244 0.02429489 -0.11275357
v -0.03387021 0.01751855 -0.11282045
v -0.02911312 0.02417303 -0.11531584
v -0.0569693 0.0212616 -0.10839352
v -0.04732132 0.01625124 -0.10982662
v -0.03826259 0.01045835 -0.10957719
v -0.03030961 0.00424676 -0.10866159
v -0.02466505 0.00994876 -0.11202403
v -0.04328608 0.00412014 -0.10561351
v -0.03653299 -0.00134575 -0.10468305
v -0.05091016 0.00056589 -0.10168155
v -0.02979494 -0.00684939 -0.10370059
v -0.02326778 -0.00210921 -0.10754644
v -0.02302903 -0.0123192 -0.10401915
v -0.01708651 -0.00847872 -0.10731766
v -0.01728357 -0.01733695 -0.10552671
v -0.01190833 -0.01415577 -0.10834743
v -0.0140186 -0.02129954 -0.10899389
v -0.00978893 -0.01808172 -0.11200393
v -0.01915682 -0.01763428 -0.11156073
v -0.01514506 -0.01306567 -0.11360318
v -0.02515676 -0.01121794 -0.11070596
v -0.02094716 -0.00550132 -0.11324424
v -0.03286667 -0.00424143 -0.11019856
v -0.02921515 0.00237206 -0.1143297
v -0.02477328 0.00758967 -0.11895654
v -0.04061729 0.00762235 -0.11808249
v -0.03736509 0.01314924 -0.12380207
v -0.03287519 0.01873656 -0.12908243
v -0.01984498 0.01196875 -0.123207
v -0.02831121 0.02533486 -0.12657122
v -0.01544169 0.01655922 -0.12319797
v -0.02550572 0.02845076 -0.12023466
v -0.01437228 0.01871255 -0.11754037
v -0.0190137 0.0151939 -0.11426435
v -0.04131668 0.0332864 -0.12750624
v -0.04716571 0.02645094 -0.13026603
v -0.06104132 0.03427758 -0.12674616
v -0.05066061 0.02006746 -0.12391602
v -0.06289724 0.02699044 -0.12056492
v -0.07310498 0.03343959 -0.11361451
v -0.06358002 0.01917823 -0.11446944
v -0.07261135 0.02461281 -0.10842963
v -0.08101512 0.02873854 -0.10088163
v -0.07197839 0.01540651 -0.10353373
v -0.07990827 0.0189428 -0.09716295
v -0.08733329 0.02073428 -0.08992497
v -0.07793968 0.0086232 -0.09387344
v -0.08488699 0.01012074 -0.08773398
v -0.0914837 0.010235 -0.08121077
v -0.08112979 -0.0005526 -0.08520973
v -0.08793075 -0.00023821 -0.07979196
v -0.09605502 -0.00083677 -0.07548881
v -0.08535219 -0.01048064 -0.07829526
v -0.09348328 -0.01046351 -0.07467993
v -0.1024707 -0.01086278 -0.07125246
v -0.07872763 -0.01103348 -0.08324481
v -0.07774284 -0.02082959 -0.08140925
v -0.07216331 -0.02179869 -0.08669759
v -0.07774724 -0.03014024 -0.08032582
v -0.07285734 -0.01226942 -0.08869462
v -0.06716971 -0.01418162 -0.09410743
v -0.06695627 -0.0233555 -0.09198088
v -0.07475451 -0.00191644 -0.09085045
v -0.06829837 -0.00422875 -0.09640266
v -0.06159579 -0.00744343 -0.10159345
v -0.06112811 -0.01684954 -0.09895545
v -0.07054352 0.00576989 -0.09959923
v -0.0627344 0.00196636 -0.10491418
v -0.05416236 -0.00238693 -0.10889035
v -0.05416831 -0.0112687 -0.10545229
v -0.06343546 0.01089094 -0.10901468
v -0.05378094 0.00587055 -0.11294473
v -0.04297088 0.00096635 -0.11320169
v -0.04454688 -0.00666297 -0.10921325
v -0.05281414 0.0132639 -0.1181334
v -0.03555944 -0.01178492 -0.10774047
v -0.03754843 -0.01985156 -0.10617186
v -0.04565169 -0.01519028 -0.10602896
v -0.03908933 -0.02839527 -0.10456688
v -0.04675364 -0.02402894 -0.10372601
v -0.05433733 -0.02019683 -0.10240716
v -0.04802907 -0.03241571 -0.10138653
v -0.05514045 -0.02869094 -0.09982564
v -0.06147758 -0.02564488 -0.09661868
v -0.05689606 -0.03647316 -0.09732148
v -0.05004146 -0.03970719 -0.09794069
v -0.0555648 -0.04634946 -0.09633166
v -0.06086556 -0.04325776 -0.09464058
v -0.06550325 -0.05216351 -0.09513962
v -0.06841206 -0.04836826 -0.09162739
v -0.07571746 -0.05714246 -0.09160539
v -0.06079984 -0.05695692 -0.09659136
v -0.07188381 -0.06073593 -0.09175606
v -0.07860635 -0.06584378 -0.08785251
v -0.08349545 -0.06265166 -0.08734521
v -0.0820143 -0.07274492 -0.0840078
v -0.08729258 -0.07068386 -0.08290019
v -0.07674326 -0.06414524 -0.08260354
v -0.08038849 -0.07095277 -0.07862491
v -0.07666637 -0.06885929 -0.07256388
v -0.07696812 -0.07647432 -0.06925906
v -0.07007604 -0.05879449 -0.08677591
v -0.05851664 -0.05579546 -0.09052945
v -0.04002146 -0.03633637 -0.10096949
v -0.03183581 -0.04020618 -0.09993062
v -0.0314617 -0.03243833 -0.10379893
v -0.02477223 -0.03500106 -0.10272944
v -0.02444264 -0.04272213 -0.09919316
v -0.03044323 -0.02506639 -0.10708924
v -0.02413977 -0.02855412 -0.10623506
v -0.02065384 -0.02880686 -0.10222697
v -0.02143059 -0.03425213 -0.0983485
v -0.02836496 -0.01777695 -0.10882322
v -0.02228819 -0.02282083 -0.1092431
v -0.01786633 -0.02467869 -0.10572454
v -0.02184555 -0.0212259 -0.10225918
v -0.02478884 -0.02605266 -0.09861028
v -0.03165552 -0.02304496 -0.0962155
v -0.028564 -0.01709242 -0.10025613
v -0.03866459 -0.02110099 -0.09443989
v -0.02016886 -0.04136417 -0.09394992
v -0.02700704 -0.04364354 -0.08580828
v -0.06325744 0.00464979 -0.09812795
v -0.06585481 0.01026696 -0.09934006
v -0.05922197 -0.00119758 -0.09709623
v -0.06724253 -0.00179118 -0.09123611
v -0.06335262 -0.00813055 -0.08972435
v -0.0746344 -0.00169943 -0.08430732
v -0.07107674 -0.00812825 -0.0826842
v -0.06701382 -0.01461243 -0.08074305
v -0.07637926 -0.00752032 -0.07437209
v -0.06181364 -0.02153742 -0.07847931
v -0.05932274 -0.03018685 -0.0688421
v -0.05533978 -0.02939365 -0.07618821
v -0.05613439 -0.04051473 -0.06127641
v -0.06275945 -0.04476946 -0.05865002
v -0.05570386 -0.05197702 -0.05574065
v -0.04903072 -0.04781194 -0.05852007
v -0.04184043 -0.05466428 -0.05462978
v -0.03503326 -0.06120747 -0.05065537
v -0.0277984 -0.06096549 -0.05525432
v -0.022504 -0.06499902 -0.06087459
v -0.02914007 -0.06712041 -0.04591055
v -0.02280458 -0.06697726 -0.05005106
v -0.02003652 -0.07188535 -0.05484685
v -0.01887483 -0.07663322 -0.05800444
v -0.0214842 -0.0693575 -0.06453305
v -0.01785297 -0.07190345 -0.04370519
v -0.01575018 -0.07599417 -0.04780855
v -0.01571228 -0.08033255 -0.05004536
v -0.01353237 -0.07672524 -0.03676819
v -0.0111207 -0.07944706 -0.04001524
v -0.01075629 -0.08303343 -0.04198783
v -0.00938144 -0.08103258 -0.02985293
v -0.00574607 -0.08217319 -0.0325315
v -0.00463772 -0.0855587 -0.03445945
v -0.00481243 -0.08303887 -0.02251612
v -0.00033297 -0.08347783 -0.02535427
v 0.00249298 -0.08705782 -0.0273271
v -0.00072233 -0.08305723 -0.01530259
v 0.00305932 -0.08371223 -0.01973374
v -0.01972217 -0.07848494 -0.03446326
v -0.02392408 -0.0730214 -0.04059133
v -0.02975448 -0.07647391 -0.03932036
v -0.02607846 -0.08164064 -0.03415124
v -0.02954038 -0.0822964 -0.04302324
v -0.02578474 -0.06098265 -0.06990913
v -0.02534819 -0.06544469 -0.07322664
v -0.03003693 -0.0541507 -0.07566928
v -0.06933754 -0.05054574 -0.05739757
v -0.06182421 -0.05747853 -0.05433098
v -0.07545404 -0.05695795 -0.05568057
v -0.06762619 -0.06337453 -0.05347284
v -0.08118153 -0.06301659 -0.05271596
v -0.07367504 -0.06924261 -0.05215523
v -0.06635363 -0.07591252 -0.05060966
v -0.07977958 -0.07479895 -0.05065294
v -0.07264031 -0.08117785 -0.04985045
v -0.06552377 -0.08790571 -0.04866194
v -0.05949645 -0.08294994 -0.04868212
v -0.08581271 -0.07945294 -0.04887149
v -0.08690785 -0.06867097 -0.04996727
v -0.09247234 -0.08270166 -0.04787299
v -0.08859614 -0.05785897 -0.05420982
v -0.09336799 -0.06394024 -0.05039878
v -0.09539168 -0.05493418 -0.05644857
v -0.09824067 -0.06237647 -0.05278751
v -0.09075562 -0.04687754 -0.05913989
v -0.08322895 -0.05111827 -0.05724002
v -0.08064882 -0.00113361 -0.07636119
v -0.08379769 -0.00020743 -0.06721604
v -0.08771157 0.00613831 -0.06917205
v -0.0836813 0.00539343 -0.07800569
v -0.08610754 0.0120473 -0.07983143
v -0.09034702 0.01267709 -0.07068756
v -0.09674621 0.01192231 -0.06299446
v -0.09387714 0.00560836 -0.06152411
v -0.09086215 -0.00117518 -0.06026637
v -0.08800319 0.01961932 -0.08171499
v -0.08152027 0.0189858 -0.08974268
v -0.08262906 0.02786691 -0.09151511
v -0.07991505 0.01146613 -0.08765467
v -0.07275388 0.01096642 -0.09410361
v -0.07412128 0.01809334 -0.09631699
v -0.07760379 0.00477247 -0.08585873
v -0.07049844 0.00449838 -0.09258465
v -0.0664705 0.01643962 -0.10166205
v -0.0665435 0.02471396 -0.10466509
v -0.07524526 0.02680737 -0.09886716
v -0.07600344 0.03657999 -0.10032396
v -0.08414675 0.03730285 -0.09225998
v -0.08688077 0.0463752 -0.09265041
v -0.10009314 0.05203853 -0.08228792
v -0.11527732 0.05014259 -0.07324534
v -0.12442276 0.0394902 -0.07001991
v -0.12336403 0.04373715 -0.06478458
v -0.1338702 0.03358519 -0.06564099
v -0.13191585 0.03638222 -0.05989331
v -0.14009733 0.02950329 -0.05561232
v -0.13155213 0.02751631 -0.05194574
v -0.1457382 0.02250551 -0.05098587
v -0.13666458 0.02128189 -0.04757234
v -0.14800683 0.01487529 -0.0455039
v -0.13868192 0.01505416 -0.04360867
v -0.1470874 0.00844142 -0.04166647
v -0.13863882 0.00970229 -0.0409996
v -0.13007706 0.0081755 -0.04407091
v -0.12913512 0.02732826 -0.06626327
v -0.09550719 -0.02948861 -0.05596349
v -0.10373883 -0.10344939 -0.06639741
v -0.1061618 -0.10072563 -0.05811372
v -0.10294094 -0.11596421 -0.0629172
v -0.10469577 -0.11186413 -0.05349423
v -0.09457742 -0.10800631 -0.04847659
v -0.09835868 -0.12087315 -0.04588491
v -0.08912396 -0.11492933 -0.0440119
v -0.07935553 -0.110744 -0.04272447
v -0.08192344 -0.10554797 -0.04546251
v -0.07057989 -0.11167081 -0.04646293
v -0.07093355 -0.10775559 -0.04835572
v -0.07345898 -0.11706692 -0.0521217
v -0.07435154 -0.11220935 -0.05719009
v -0.07354426 -0.10537051 -0.05941252
v -0.07978768 -0.11640228 -0.06572688
v -0.07953493 -0.10706057 -0.06922958
v -0.09141225 -0.11752208 -0.06844126
v -0.09216379 -0.1059639 -0.07053282
v -0.07921327 -0.12270439 -0.05663079
v -0.08722169 -0.12873636 -0.05985495
v -0.0970787 -0.12711667 -0.0539657
v -0.07871939 -0.13309427 -0.04765737
v -0.08578244 -0.13298878 -0.04236689
v -0.08690833 -0.12574947 -0.03779456
v -0.07179748 -0.13225996 -0.03309686
v -0.07373522 -0.12583996 -0.03190278
v -0.07201958 -0.11956181 -0.03334587
v -0.08113196 -0.11907649 -0.03877788
v -0.06853057 -0.11458178 -0.0356457
v -0.07479825 -0.11367118 -0.03936591
v -0.06401405 -0.11476935 -0.04008607
v -0.06839204 -0.11395553 -0.04360928
v -0.06350379 -0.11998464 -0.04169272
v -0.06987926 -0.11984014 -0.04646543
v -0.06625964 -0.12535048 -0.04034279
v -0.07424291 -0.12644812 -0.04764777
v -0.06838804 -0.13034146 -0.03827016
v -0.05697627 -0.12398859 -0.03525538
v -0.05780499 -0.12833396 -0.03249754
v -0.06039595 -0.12857997 -0.02814825
v -0.04769545 -0.12748834 -0.02825984
v -0.05079231 -0.12684332 -0.0234942
v -0.05390588 -0.12212637 -0.02197812
v -0.06306668 -0.12396529 -0.02653893
v -0.05469278 -0.11678314 -0.02436846
v -0.06303812 -0.11843354 -0.02859078
v -0.05337607 -0.11316422 -0.02846162
v -0.06111472 -0.11415011 -0.03196866
v -0.05033422 -0.11285476 -0.03309606
v -0.05760099 -0.11417569 -0.03665074
v -0.04837772 -0.11768358 -0.03327686
v -0.05609804 -0.11902184 -0.03744993
v -0.04792482 -0.12279657 -0.03107002
v -0.04071213 -0.11587147 -0.02936652
v -0.03918651 -0.1205038 -0.02705299
v -0.03829869 -0.12470633 -0.02372869
v -0.03229195 -0.11605392 -0.02236136
v -0.03095024 -0.11951234 -0.01884128
v -0.03364576 -0.11935869 -0.01472418
v -0.04176021 -0.12376867 -0.01929358
v -0.03740241 -0.11538024 -0.01421018
v -0.04530653 -0.11940657 -0.01815299
v -0.03920145 -0.11121195 -0.01725689
v -0.0466519 -0.11466397 -0.02084828
v -0.03954752 -0.10861962 -0.02159422
v -0.04604927 -0.11156658 -0.02489237
v -0.03733848 -0.1093431 -0.02540071
v -0.04336257 -0.11158643 -0.02905863
v -0.03416826 -0.11257768 -0.02563378
v -0.03264254 -0.10473178 -0.02458364
v -0.02830476 -0.10827041 -0.02367014
v -0.02523703 -0.11137597 -0.0193458
v -0.02281142 -0.10383385 -0.02383563
v -0.01768146 -0.10682706 -0.01874531
v -0.01378096 -0.1101975 -0.01291409
v -0.02303414 -0.11474532 -0.01488854
v -0.01661367 -0.10822604 -0.00660723
v -0.02522219 -0.11461978 -0.00980174
v -0.02312155 -0.10345984 -0.00533041
v -0.03002226 -0.11027461 -0.00948022
v -0.03220745 -0.10624097 -0.01388296
v -0.03379293 -0.10396285 -0.01940819
v -0.00887858 -0.10092667 -0.00589254
v -0.01593061 -0.09532692 -0.00375173
v -0.00572265 -0.10434666 -0.0128161
v -0.0601401 -0.08167635 -0.05358233
v -0.05273275 -0.07949556 -0.05411937
v -0.05007974 -0.08515538 -0.05374761
v -0.04512767 -0.07886545 -0.05587081
v -0.03765969 -0.0353049 -0.08502231
v -0.03263793 -0.04090818 -0.08430731
v -0.03075036 -0.04948585 -0.08196167
v -0.02903537 -0.03939608 -0.08655055
v -0.03132886 -0.03864957 -0.08602281
v -0.00989294 -0.10252301 0.00670331
v -0.00606294 -0.09932347 0.00730649
v -0.01124335 -0.0967363 0.00544937
v -0.01512798 -0.10416791 0.00605235
v -0.00964272 -0.10246909 0.0037368
v -0.00560263 -0.09995642 0.00400705
v -0.01408045 -0.10398249 0.00329367
v -0.017845 -0.10319295 0.00283522
v -0.01741118 -0.1025439 0.00035623
v -0.01372397 -0.1036211 0.0004367
v -0.01949632 -0.09967655 0.00252659
v -0.01950207 -0.10528941 0.00549637
v -0.02058876 -0.1009072 0.00473244
v -0.01873668 -0.09497326 0.00024074
v -0.01922858 -0.09920743 0.00028933
v -0.01865269 -0.09507964 0.00243067
v -0.01895275 -0.09487358 -0.00205339
v -0.01963344 -0.09952474 -0.00198256
v -0.01671805 -0.09087455 -0.00215797
v -0.01671815 -0.0909967 0.00022365
v -0.01366424 -0.08755873 -0.00233211
v -0.01375602 -0.08753729 0.00025289
v -0.00983464 -0.08481946 -0.00254554
v -0.00932526 -0.08590697 -0.00487597
v -0.01293513 -0.08819163 -0.00449514
v -0.00485822 -0.08296372 0.00040998
v -0.00474395 -0.0832792 -0.00265482
v -0.00993369 -0.08458377 0.0003256
v -0.00430436 -0.08413267 -0.00473308
v -0.00424596 -0.08968507 -0.00412636
v -0.00778533 -0.0928903 -0.00406507
v -0.01610509 -0.09124974 -0.00423022
v -0.01124271 -0.09690674 -0.00456625
v -0.01660942 -0.09109721 0.00251514
v -0.01815782 -0.0956061 0.0044091
v -0.01597611 -0.09162733 0.00443139
v -0.01371541 -0.08775571 0.00278331
v -0.0098811 -0.08488113 0.00318958
v -0.01313562 -0.08864253 0.00482499
v -0.00927469 -0.0860292 0.00549583
v -0.01903336 -0.09532122 -0.00439178
v -0.02082987 -0.1004798 -0.00419724
v -0.01505929 -0.104652 -0.0052579
v -0.01933707 -0.10543813 -0.00479895
v -0.01782638 -0.10325043 -0.00213962
v -0.01402756 -0.10419919 -0.00244119
v -0.00960863 -0.10274008 -0.00279407
v -0.00949081 -0.10249033 0.00047861
v -0.00555783 -0.10024757 -0.00307564
v -0.00555159 -0.10016543 0.00049551
v -0.00990016 -0.10300852 -0.00572516
v -0.00603708 -0.09990822 -0.00656832
v -0.002273 -0.09712297 0.00403541
v -0.00278324 -0.09657802 0.00719635
v 0.00024496 -0.09380322 0.00391626
v -0.00031084 -0.09380994 0.00703736
v -0.00220623 -0.09725238 0.00052636
v 0.00033856 -0.09375943 0.00056127
v 0.00038684 -0.0939545 -0.00279664
v -0.00217773 -0.09736992 -0.00302326
v -0.00262289 -0.09706566 -0.00627262
v -3.662E-05 -0.09403152 -0.00587852
v 0.00172311 -0.08994909 -0.00517615
v 0.00166804 -0.0897221 -0.00253901
v -4.178E-05 -0.08609336 -0.00485602
v 0.00161324 -0.08957907 0.00055634
v 0.00159406 -0.08960784 0.00365792
v 0.00018762 -0.08530863 -0.00251305
v 0.00012847 -0.08516375 0.00050144
v 0.00015923 -0.08520665 0.00353622
v -0.00010434 -0.08579545 0.00606627
v 0.00151655 -0.08975581 0.00629389
v -0.0048037 -0.08320534 0.00352293
v -0.00439795 -0.08395632 0.0058315
v -0.00432725 -0.08961105 0.00501389
v -0.00786669 -0.09285384 0.0048798
v 0.00616506 -0.09124559 0.0112597
v 0.00488128 -0.0839649 0.01066876
v 0.00769137 -0.08530822 0.02071264
v 0.00797613 -0.09373651 0.01963538
v -0.00081129 -0.09473164 0.00770573
v -0.0064918 -0.08758041 0.00488448
v 0.00017135 -0.0979351 0.01590273
v -0.01109063 0.00214058 0.10856082
v -0.01585977 -0.00125003 0.1074258
v -0.02155338 0.00581515 0.1078352
v -0.01487847 0.00953261 0.10942473
v -0.00788219 0.01180994 0.11115109
v -0.00382785 -0.00049904 0.10882062
v -0.01035051 -0.00708619 0.10861008
v -0.01117371 -0.00208499 0.11646537
v -0.00393254 -0.00282972 0.11636504
v -0.00913865 0.00975246 0.11786697
v -0.01520226 0.00661293 0.11694914
v -0.0152424 -0.00576947 0.11383709
v -0.00847042 -0.01120179 0.11377203
v -0.02084313 0.00283728 0.11368755
v -0.01605138 -0.0931044 0.03251427
v -0.00623714 -0.09602027 0.02416547
v 0.00028171 -0.0924185 0.02855527
v -0.0082885 -0.08941207 0.03559436
v -0.01940782 -0.09837057 0.0270825
v -0.01206754 -0.10084553 0.0210423
v -0.0263733 -0.09031168 0.03188471
v -0.02691394 -0.09475724 0.02747465
v -0.02148782 -0.08797912 0.04055151
v -0.02831944 -0.08542769 0.03723187
v -0.01458305 -0.08649997 0.04326315
v -0.0289041 -0.02866608 0.09237064
v -0.02807192 -0.03520334 0.08828653
v -0.03313147 -0.03269824 0.0865529
v -0.03492681 -0.0265853 0.08993207
v -0.03724632 -0.03178552 0.08513954
v -0.04044533 -0.0254397 0.08799342
v -0.02303974 -0.09100061 0.02091872
v -0.02491743 -0.08549409 0.02798155
v -0.01734088 -0.08209235 0.02786964
v -0.01354313 -0.08530024 0.02063625
v -0.01050659 -0.08588618 0.01215346
v -0.01896863 -0.09276236 0.01128872
v -0.0256674 -0.09993173 0.01214126
v -0.02906274 -0.09782767 0.01898223
v -0.02939131 -0.09939479 0.0248699
v -0.0262316 -0.08250958 0.0611028
v -0.03535966 -0.0857695 0.052673
v -0.02713531 -0.08593506 0.04737267
v -0.02045042 -0.08430055 0.05113693
v -0.0250629 -0.07202449 0.06833776
v -0.03159098 -0.07336 0.06994636
v -0.03490127 -0.08021843 0.06520499
v -0.03960342 -0.08309717 0.05880314
v -0.03530731 -0.05521739 0.08828729
v -0.0316825 -0.05094641 0.08340195
v -0.02659602 -0.04551724 0.08785934
v -0.02963442 -0.04817107 0.0942044
v -0.03359728 -0.06146376 0.08089694
v -0.03170828 -0.05641007 0.07764301
v -0.03796437 -0.04469464 0.09526612
v -0.04585684 -0.05259793 0.09280113
v -0.03912941 -0.06299996 0.06735777
v -0.03595072 -0.07108652 0.06442247
v -0.03214818 -0.06609598 0.07410342
v -0.0424974 -0.06525254 0.06070914
v -0.04039877 -0.07059268 0.05836338
v -0.04145418 -0.0573547 0.07562898
v -0.05083845 -0.05418036 0.07327593
v -0.05010942 -0.05827013 0.06527323
v -0.05017277 -0.06278387 0.05801465
v -0.04613594 -0.08312038 0.05472109
v -0.04483376 -0.08331991 0.04991168
v -0.03721003 -0.07621963 0.06286496
v -0.04067767 -0.07705171 0.05846437
v -0.04048175 -0.04537171 0.06981501
v -0.05037706 -0.03564173 0.07112131
v -0.04600353 -0.03437593 0.07796168
v -0.03910303 -0.04182512 0.07816409
v -0.04571412 -0.04446021 0.0618512
v -0.05403785 -0.03646324 0.06420562
v -0.0313179 -0.05447173 0.064659
v -0.03742636 -0.05222225 0.05839702
v -0.05098541 -0.05227057 0.08188292
v -0.04342146 -0.05502806 0.08210187
v -0.046149 -0.04021715 0.09509186
v -0.05243881 -0.04703621 0.09396955
v -0.04874318 -0.07006972 0.0550384
v -0.05379974 -0.01089295 0.09014538
v -0.05844703 -0.00426427 0.09164628
v -0.04909143 -0.00204142 0.09672748
v -0.04212756 -0.00936493 0.09567115
v -0.0504501 -0.01780405 0.08765796
v -0.05844304 -0.0183492 0.08188311
v -0.06289793 -0.01169845 0.08386939
v -0.04633211 -0.02531276 0.08487957
v -0.05296952 -0.02598409 0.07963214
v -0.04748695 -0.07323852 0.04631344
v -0.05618363 -0.06356052 0.04886389
v -0.05054377 -0.05742055 0.04974128
v -0.04316181 -0.06442851 0.04671279
v -0.03762789 -0.07740514 0.04616357
v -0.03660079 -0.06997497 0.0430549
v -0.05529839 -0.07689312 0.04719499
v -0.06213645 -0.06895005 0.04891024
v -0.05131418 -0.08377639 0.04901827
v -0.06457677 0.01306037 0.09747432
v -0.06300671 0.01707852 0.10005827
v -0.05527824 0.01273382 0.10155734
v -0.06063266 0.00917268 0.0977011
v -0.06363289 -0.06289081 0.05710597
v -0.06144821 -0.05759939 0.06542914
v -0.05820265 -0.07061383 0.05279217
v -0.07029164 -0.06850284 0.05470316
v -0.06674588 -0.07401051 0.05228864
v -0.0725861 -0.06471946 0.06369069
v -0.07415173 -0.07131448 0.06044161
v -0.07065859 -0.05844188 0.06830929
v -0.06827763 -0.05496653 0.07287327
v -0.06112373 -0.05362616 0.07264681
v -0.07124293 -0.05496626 0.07803293
v -0.07697021 -0.05977493 0.07373076
v -0.06216189 -0.05195272 0.08043069
v -0.06302233 -0.09146375 0.05236052
v -0.06910945 -0.09381348 0.06245859
v -0.0735926 -0.0972311 0.05900671
v -0.06739968 -0.09691649 0.05001077
v -0.05580695 -0.0875715 0.04851559
v -0.05870511 -0.08458515 0.05180687
v -0.0629496 -0.08711413 0.05688049
v -0.0689568 -0.08885659 0.06254049
v -0.07282387 -0.01976231 0.05649083
v -0.08204932 -0.01696231 0.05465666
v -0.08281122 -0.0121401 0.05659878
v -0.0770554 -0.01106149 0.05919072
v -0.07443634 -0.01164658 0.06760664
v -0.06902835 -0.01928982 0.06595894
v -0.07847343 -0.02677459 0.05191235
v -0.08230702 -0.02109991 0.05204697
v -0.07166925 -0.03410314 0.0858079
v -0.06905112 -0.03713251 0.08880019
v -0.06649886 -0.03050539 0.09098927
v -0.07102539 -0.02848266 0.08641437
v -0.07570095 -0.02771062 0.08131784
v -0.07596802 -0.03536305 0.08259086
v -0.07473676 -0.04116989 0.08546024
v -0.071653 -0.07754024 0.05831311
v -0.08673342 -0.02731337 0.04771249
v -0.08793813 -0.02103711 0.04942255
v -0.06538889 -0.02997104 0.05809398
v -0.07192682 -0.0350551 0.05577577
v -0.07082142 -0.0848946 0.06093534
v -0.06646906 -0.08244868 0.05762054
v -0.07617562 -0.08135758 0.06346264
v -0.07793924 -0.08527574 0.06765305
v -0.08997291 -0.01531857 0.05239993
v -0.08989664 -0.00791252 0.05476208
v -0.08178402 -0.00454223 0.06026803
v -0.08664332 -0.03573052 0.05617746
v -0.09120347 -0.029677 0.05437325
v -0.09150925 -0.03654557 0.0640645
v -0.09455638 -0.02776074 0.06424361
v -0.07899317 -0.04196874 0.0552071
v -0.09880619 0.03779186 0.07039714
v -0.10394521 0.04299451 0.06581426
v -0.09867572 0.0470373 0.07571986
v -0.09433573 0.03908215 0.07703295
v -0.09256997 0.03079276 0.076528
v -0.09781463 0.03140291 0.06739664
v -0.10676472 0.03397323 0.05728865
v -0.08041119 -0.09003952 0.07175104
v -0.08316734 -0.0770268 0.07209796
v -0.08507514 -0.07928212 0.07678952
v -0.0828481 -0.0964013 0.06704913
v -0.09105212 -0.08605576 0.070365
v -0.09363768 -0.0942862 0.06797995
v -0.09091636 -0.07756863 0.07513864
v -0.09538516 -0.02074236 0.04447879
v -0.09705462 -0.01435054 0.04546316
v -0.09472806 -0.02705519 0.04421366
v -0.08828736 -0.03709657 0.07160216
v -0.08752867 -0.02736359 0.07115929
v -0.08786689 -0.01783181 0.07231484
v -0.09552452 -0.0176387 0.0681794
v -0.10352722 -0.01758403 0.06398827
v -0.1013696 -0.02539233 0.05910882
v -0.08365507 -0.09584345 0.04540643
v -0.09007679 -0.08749776 0.04560027
v -0.08170702 -0.08404656 0.04675526
v -0.07462723 -0.09072053 0.04677512
v -0.07094876 -0.10160593 0.04836594
v -0.09873714 -0.09728409 0.04773578
v -0.10035166 -0.08839604 0.04807593
v -0.09322992 -0.04776102 0.07371763
v -0.09541685 -0.04582629 0.06313642
v -0.08339558 -0.04371417 0.08120643
v -0.08179772 -0.03654157 0.07741556
v -0.09057827 -0.05511222 0.07972237
v -0.08198778 -0.04952522 0.08498222
v -0.09734503 -0.05922631 0.06721029
v -0.09412104 -0.06414384 0.07382315
v -0.09867245 -0.05550964 0.05942495
v -0.11729748 0.04219855 0.05338977
v -0.10960254 0.0502671 0.06113928
v -0.11810648 0.02841527 0.05118365
v -0.1260868 0.0351491 0.04870884
v -0.10197186 0.02263381 0.0564863
v -0.11216348 0.02016672 0.05243123
v -0.09545546 0.0228588 0.06541121
v -0.10065707 -0.077798 0.05614893
v -0.09707621 -0.08127802 0.06545729
v -0.09405994 -0.07328412 0.06856941
v -0.09702865 -0.06868465 0.06096015
v -0.10007525 -0.06409262 0.05438147
v -0.10107508 -0.07108302 0.05001047
v -0.10581837 -0.08782533 0.0566314
v -0.10363792 -0.0900353 0.06532507
v -0.10473499 -0.07526997 0.04541378
v -0.10132937 -0.08103808 0.04791652
v -0.11438751 0.00589822 0.04509871
v -0.11689007 0.01158453 0.04694792
v -0.10843806 0.01220969 0.05209848
v -0.10612351 0.00578888 0.05143353
v -0.12234858 0.00779394 0.0389926
v -0.12437703 0.01216346 0.04229688
v -0.11380245 -0.0009654 0.04429134
v -0.12114147 -0.00742831 0.04306661
v -0.12702906 -0.0031566 0.03967617
v -0.1231882 0.00278828 0.03879718
v -0.10860251 -0.00828871 0.04196621
v -0.1158252 -0.01108935 0.0421832
v -0.10333306 -0.00053715 0.0499596
v -0.099343 -0.00736508 0.04727159
v -0.11146431 -0.0220471 0.04041003
v -0.11687496 -0.01701349 0.03993929
v -0.10601348 -0.01525094 0.03956958
v -0.10419012 -0.02145694 0.04102683
v -0.11339293 -0.02698696 0.04045558
v -0.12231083 -0.02223907 0.04261206
v -0.10366146 -0.02728153 0.04162676
v -0.10379906 -0.0713499 0.03962589
v -0.10738221 -0.07080765 0.04254463
v -0.10375597 -0.06667779 0.04534105
v -0.10017517 -0.06733745 0.04230066
v -0.09428775 -0.07201604 0.04406726
v -0.09950811 -0.07564874 0.04221319
v -0.11353136 -0.02679302 0.05172228
v -0.11802783 -0.02120898 0.0547455
v -0.12228413 -0.0233875 0.04887315
v -0.11393122 -0.02844617 0.04617601
v -0.10539412 -0.02797 0.0477892
v -0.10805025 -0.02582468 0.05490227
v -0.11152306 -0.01901328 0.05987149
v -0.12630914 -0.0127573 0.04113676
v -0.13021551 -0.01649954 0.04439072
v -0.12588662 0.01601534 0.04456253
v -0.13156079 0.01436359 0.03806925
v -0.1306043 0.01932707 0.04146316
v -0.12633437 0.02391658 0.04610185
v -0.12080908 0.01764104 0.04808002
v -0.13851474 0.0009071 0.03239423
v -0.14305298 -0.00223162 0.03358551
v -0.14691994 0.004231 0.03155802
v -0.13958159 0.00610508 0.03149373
v -0.13174088 0.00520568 0.03459753
v -0.13352086 -0.00032889 0.03605036
v -0.13776107 -0.00474593 0.03823383
v -0.14882846 0.01698104 0.05406956
v -0.14217505 0.02337151 0.05842397
v -0.14472909 0.02831678 0.05347459
v -0.15095374 0.02125806 0.0492724
v -0.15191881 0.00980495 0.04795218
v -0.15471013 0.01322723 0.04313767
v -0.14561571 0.01376033 0.05543767
v -0.13874549 0.01740971 0.05875975
v -0.15002905 0.00205702 0.03580894
v -0.14707901 0.00022252 0.04114913
v -0.14147934 -0.00440697 0.04410183
v -0.14006038 -0.00058669 0.05191028
v -0.14705652 0.0066008 0.05134276
v -0.15288435 0.00601912 0.03806066
v -0.15104188 0.00481497 0.04261602
v -0.13653478 -0.01033226 0.04523422
v -0.1342949 -0.00830591 0.05195726
v -0.13233398 -0.00808447 0.04113482
v -0.12881368 -0.01612459 0.05104351
v -0.12277723 -0.01312221 0.05675467
v -0.12751979 -0.00513565 0.05743319
v -0.11450319 -0.01019737 0.06140066
v -0.11807366 -0.00179743 0.06142241
v -0.13304412 0.00279483 0.05818815
v -0.1217605 0.00644572 0.0603183
v -0.10823224 0.00029211 0.0653403
v -0.11097726 0.00918762 0.06377035
v -0.12481269 0.01459512 0.0591793
v -0.13724042 0.01044738 0.05899103
v -0.1140781 0.01810576 0.06269273
v -0.10215683 0.01141164 0.06889109
v -0.10533587 0.02124469 0.06849302
v -0.11795895 0.02694158 0.06244417
v -0.12794042 0.02268063 0.05840557
v -0.10928256 0.03065692 0.06894794
v -0.09789886 0.02333103 0.07571015
v -0.10129518 0.03319402 0.07709018
v -0.1139714 0.03926649 0.06946436
v -0.12253858 0.03488003 0.0622968
v -0.10539951 0.04235888 0.07849036
v -0.0931192 0.03376022 0.08567198
v -0.09644807 0.04316322 0.08834992
v -0.11061042 0.0503728 0.07966951
v -0.11892378 0.04679419 0.06909551
v -0.10018142 0.05160648 0.09097547
v -0.08704288 0.0414198 0.0980655
v -0.08874662 0.04981551 0.1016193
v -0.10004903 0.05919963 0.0903446
v -0.11030613 0.05719308 0.07699005
v -0.08723403 0.05719773 0.10244922
v -0.07927527 0.0452162 0.11319366
v -0.07384902 0.05184592 0.11252089
v -0.08234574 0.05636616 0.09753892
v -0.09410398 0.05701294 0.08648768
v -0.06911103 0.05325474 0.10682313
v -0.06038933 0.04518258 0.1191166
v -0.05564183 0.04791168 0.11301729
v -0.06915183 0.04661425 0.10252821
v -0.08089824 0.04909576 0.0948806
v -0.05679436 0.04203318 0.10771019
v -0.04255966 0.04059856 0.11612236
v -0.04491462 0.03560999 0.11054637
v -0.05953899 0.03374799 0.10548212
v -0.07040566 0.03769107 0.10076145
v -0.04871264 0.02800629 0.10803466
v -0.03392352 0.02798114 0.11123077
v -0.03857528 0.02124332 0.10876054
v -0.05188701 0.0198669 0.10524232
v -0.06146302 0.02481964 0.1032335
v -0.04283022 0.01407508 0.10557358
v -0.02934934 0.01365711 0.10861056
v -0.03484973 0.00784189 0.10520549
v -0.04768534 0.00760321 0.10161516
v -0.04090303 0.0021146 0.1011565
v -0.05513877 0.00391322 0.09748505
v -0.03413315 -0.00341468 0.10064618
v -0.02777187 0.00145711 0.10460331
v -0.02159134 -0.00491234 0.10485118
v -0.02739102 -0.00886595 0.10143403
v -0.01646547 -0.0105473 0.1062906
v -0.02171856 -0.01382519 0.10335294
v -0.01450555 -0.01434674 0.11016343
v -0.01860629 -0.01766734 0.107086
v -0.01992173 -0.00928429 0.11136428
v -0.02384609 -0.01392184 0.1093075
v -0.02569747 -0.00173961 0.11050591
v -0.02979994 -0.00754156 0.10798492
v -0.03399854 0.00615954 0.11097413
v -0.0374761 -0.00059178 0.10691591
v -0.02975295 0.01153251 0.11560759
v -0.04253484 0.0172423 0.11972418
v -0.04554595 0.01152501 0.11406156
v -0.02500684 0.01605559 0.11991379
v -0.0382695 0.02300754 0.12499963
v -0.02060342 0.02064608 0.11993735
v -0.03359824 0.02952143 0.12246522
v -0.01929336 0.02260907 0.11426094
v -0.03052492 0.03242446 0.11615135
v -0.0237947 0.01897932 0.11091038
v -0.04662625 0.03748958 0.12257933
v -0.05259267 0.0307476 0.12531698
v -0.06630051 0.03844063 0.12095024
v -0.06789771 0.03094878 0.11494382
v -0.05581859 0.02415215 0.11904203
v -0.07779601 0.03715404 0.10735372
v -0.0770892 0.02815855 0.10249464
v -0.06832584 0.02293593 0.10909159
v -0.08516272 0.03202295 0.09446211
v -0.08390634 0.02210797 0.09112512
v -0.07625636 0.01879291 0.09794114
v -0.09101577 0.02364952 0.08352169
v -0.08848669 0.01297017 0.08179438
v -0.08180754 0.01168546 0.08826987
v -0.09479935 0.01286109 0.07499713
v -0.09119727 0.00234879 0.07408313
v -0.08463262 0.0022207 0.0797921
v -0.09913201 0.00160007 0.06946145
v -0.09653545 -0.00804717 0.06908666
v -0.08856522 -0.00793677 0.07304248
v -0.10536946 -0.00856781 0.06529661
v -0.08110246 -0.01817043 0.07682237
v -0.08215696 -0.00831787 0.07828418
v -0.08106758 -0.02751106 0.076053
v -0.07575291 -0.01895653 0.08237255
v -0.07652336 -0.00936654 0.08401655
v -0.07077504 -0.02033127 0.08792053
v -0.07107293 -0.01109152 0.08972777
v -0.07850365 0.00105223 0.08574177
v -0.07229067 -0.00106772 0.0916372
v -0.06524462 -0.01359075 0.09491371
v -0.065817 -0.00410135 0.09721223
v -0.07466242 0.00903077 0.09439812
v -0.06708819 0.00541432 0.10016444
v -0.05856289 -0.00778977 0.10150911
v -0.05869572 0.0012021 0.1046449
v -0.06795637 0.01447063 0.10392874
v -0.05848166 0.00959127 0.10843079
v -0.04910587 -0.00305341 0.10551841
v -0.04769507 0.00470656 0.10931113
v -0.0577296 0.01715628 0.11340427
v -0.05008119 -0.01168449 0.10257796
v -0.04199479 -0.01633152 0.10322145
v -0.04006713 -0.0082155 0.10460111
v -0.05109001 -0.02059531 0.10052893
v -0.04347203 -0.02492559 0.10183997
v -0.05860827 -0.01681558 0.09876133
v -0.05930642 -0.02539204 0.09643542
v -0.05227144 -0.02905714 0.0984201
v -0.06550045 -0.02246013 0.09286124
v -0.06096074 -0.03325548 0.09412123
v -0.06481722 -0.04012863 0.09150377
v -0.05959583 -0.04315759 0.093521
v -0.0541411 -0.03646176 0.09513935
v -0.07223285 -0.04534301 0.08834676
v -0.06947875 -0.04901583 0.09210478
v -0.07953791 -0.05411819 0.08830967
v -0.07571587 -0.05770236 0.08874264
v -0.06484453 -0.0537547 0.09391496
v -0.08713105 -0.05977251 0.08391047
v -0.08227087 -0.06294292 0.08473139
v -0.09074175 -0.06795277 0.07958065
v -0.08551725 -0.06997164 0.08098041
v -0.08366331 -0.06836051 0.07561383
v -0.08018506 -0.0614203 0.07951275
v -0.07968637 -0.06646867 0.06964903
v -0.07985183 -0.07419072 0.06659271
v -0.0736966 -0.05592674 0.08378156
v -0.0623059 -0.05279587 0.08792012
v -0.04425551 -0.03298304 0.09847531
v -0.03603635 -0.03688054 0.09791503
v -0.03582123 -0.02898714 0.10153332
v -0.02862093 -0.03941492 0.09757701
v -0.0290944 -0.03157879 0.10083458
v -0.03493805 -0.0215082 0.10461414
v -0.02860654 -0.02501762 0.10414556
v -0.02556955 -0.0309758 0.09657706
v -0.02495337 -0.02540207 0.10029975
v -0.0268803 -0.01918553 0.1070359
v -0.03293029 -0.01416229 0.10618936
v -0.02231444 -0.02115754 0.1037715
v -0.02892949 -0.02277433 0.09642073
v -0.02614018 -0.0178261 0.10002661
v -0.03568657 -0.01985401 0.09363716
v -0.0327653 -0.01376582 0.09760316
v -0.04261279 -0.01797584 0.09150083
v -0.02412686 -0.0382299 0.09247717
v -0.03061543 -0.04078696 0.08413372
v -0.0673216 0.0078665 0.09327476
v -0.06996372 0.01352055 0.09418727
v -0.06324984 0.00199217 0.09261278
v -0.06706876 -0.00518856 0.08530873
v -0.07101475 0.00119597 0.0864407
v -0.07448658 -0.00542804 0.07795112
v -0.07810625 0.00104915 0.07920537
v -0.07035034 -0.01197084 0.07640307
v -0.07943222 -0.00510393 0.06940632
v -0.06506341 -0.01896472 0.07459667
v -0.0585043 -0.02688789 0.07284674
v -0.06217238 -0.02793006 0.06536962
v -0.05867283 -0.03850472 0.05829664
v -0.06518303 -0.04285 0.05553648
v -0.05146381 -0.04588527 0.05609099
v -0.05801695 -0.05014693 0.05317297
v -0.0441194 -0.05285905 0.05274195
v -0.03715548 -0.05952766 0.04928158
v -0.03012192 -0.05912621 0.05417386
v -0.0250729 -0.06296439 0.06014578
v -0.02491526 -0.0653057 0.04939133
v -0.03107017 -0.06559188 0.04499246
v -0.02235665 -0.07004816 0.05446222
v -0.02421284 -0.06719641 0.06398848
v -0.02133426 -0.07468601 0.05782394
v -0.01777952 -0.07438837 0.04775462
v -0.01970247 -0.07043868 0.04343042
v -0.01783941 -0.07864865 0.05013524
v -0.01282487 -0.07809655 0.04028469
v -0.01509522 -0.07548778 0.0368488
v -0.01254807 -0.0816149 0.04239042
v -0.00714085 -0.08106945 0.03313159
v -0.01065836 -0.08002236 0.03026453
v -0.00611708 -0.08438709 0.03521741
v -0.00142826 -0.08260976 0.02623835
v -0.0057831 -0.08227047 0.02319994
v 0.00130839 -0.08611973 0.02844929
v 0.00219894 -0.08303125 0.02077851
v -0.00139067 -0.08252846 0.01617119
v -0.02118273 -0.0773287 0.03434356
v -0.02563718 -0.07166555 0.04010135
v -0.0275221 -0.08049683 0.03386919
v -0.03141084 -0.07516238 0.0387004
v -0.03135821 -0.08085728 0.04260323
v -0.02873154 -0.05864873 0.06889273
v -0.02843888 -0.0629975 0.07237364
v -0.03321939 -0.05163145 0.07423387
v -0.0640754 -0.05569592 0.05169071
v -0.07170721 -0.04866952 0.05420068
v -0.0698391 -0.06162174 0.05078515
v -0.07774935 -0.05514033 0.05244211
v -0.07583144 -0.06753598 0.04940996
v -0.08335034 -0.06129973 0.04944196
v -0.06845579 -0.07424816 0.04840089
v -0.07470899 -0.07954026 0.0475537
v -0.0818704 -0.07314287 0.04783851
v -0.0615282 -0.08134117 0.04700378
v -0.06755223 -0.08629902 0.04689486
v -0.08782643 -0.07785857 0.04595893
v -0.08895969 -0.06704672 0.04664503
v -0.09443991 -0.08114425 0.04478827
v -0.09542838 -0.0623088 0.04664262
v -0.09081792 -0.05609995 0.05044546
v -0.10039625 -0.06066987 0.04876858
v -0.09770094 -0.05310623 0.05229504
v -0.09317781 -0.04496015 0.05490844
v -0.08557994 -0.0492565 0.05347365
v -0.08377784 0.00134341 0.07099733
v -0.08653432 0.00195991 0.06170004
v -0.09052388 0.00836437 0.06327325
v -0.09321581 0.01494841 0.064456
v -0.08936837 0.01463015 0.07378729
v -0.08687265 0.00791982 0.07229111
v -0.09635962 0.00757317 0.05539341
v -0.09928425 0.01393129 0.05652769
v -0.09329836 0.00075358 0.05449289
v -0.09133794 0.0222589 0.07533386
v -0.0863783 0.03083466 0.08506984
v -0.0852015 0.02190004 0.08364581
v -0.08351465 0.01431648 0.08188185
v -0.07808859 0.02123483 0.09055465
v -0.07663405 0.01403894 0.08864153
v -0.08113427 0.00756735 0.08041134
v -0.07432058 0.00752466 0.08743769
v -0.07931359 0.03002813 0.09276009
v -0.07086753 0.02813732 0.09898893
v -0.07067292 0.01976636 0.09627178
v -0.08012695 0.03984395 0.09385431
v -0.08791975 0.04028913 0.08543228
v -0.09066025 0.04936853 0.08540185
v -0.10341779 0.05467084 0.07430363
v -0.11820527 0.05246118 0.06469286
v -0.12593137 0.04576975 0.0561167
v -0.12721373 0.04169978 0.06144172
v -0.13427216 0.0382482 0.05111764
v -0.13647099 0.03564455 0.05686761
v -0.14227074 0.03122326 0.04672653
v -0.13357811 0.02912005 0.04349469
v -0.13850476 0.02273946 0.03911962
v -0.14771433 0.02407012 0.04210268
v -0.14035615 0.01638011 0.03528575
v -0.14975435 0.01625881 0.03678883
v -0.14020655 0.01094386 0.03286284
v -0.14867707 0.00969954 0.03321237
v -0.13178469 0.00952717 0.03634357
v -0.13177162 0.02941541 0.05789994
v -0.09777699 -0.02769155 0.05095097
v -0.10856364 -0.09882365 0.05503911
v -0.1064968 -0.10126647 0.06350507
v -0.10691137 -0.11011024 0.05086286
v -0.10556034 -0.11389041 0.06048416
v -0.09658676 -0.10641596 0.04615201
v -0.09095377 -0.11348096 0.04215732
v -0.10026393 -0.11936511 0.04383624
v -0.0838142 -0.10405034 0.0435968
v -0.0811359 -0.10933469 0.04114649
v -0.07295921 -0.10615285 0.04702563
v -0.07252724 -0.11012793 0.04528284
v -0.07675173 -0.11030938 0.05585184
v -0.07564848 -0.11533363 0.05099263
v -0.07603495 -0.10339953 0.05787592
v -0.08243755 -0.10476253 0.06748132
v -0.0825482 -0.11421733 0.06428652
v -0.09510935 -0.10363099 0.06820905
v -0.09427805 -0.11525379 0.06654231
v -0.08973543 -0.12674689 0.05852171
v -0.08159287 -0.12081996 0.05544019
v -0.09933244 -0.12533201 0.05216872
v -0.08755787 -0.13158354 0.04126406
v -0.08072627 -0.13150597 0.04684941
v -0.08848459 -0.12450264 0.03640792
v -0.07507238 -0.12478053 0.03108567
v -0.07319216 -0.13115618 0.03257623
v -0.0827498 -0.11779581 0.0374101
v -0.07341456 -0.118457 0.03238903
v -0.0764429 -0.11236985 0.03808485
v -0.07002285 -0.11339987 0.03466572
v -0.07022234 -0.11250618 0.04260266
v -0.06569897 -0.11343516 0.03929837
v -0.07183361 -0.11829208 0.04558944
v -0.06526101 -0.1185929 0.04109911
v -0.07624846 -0.12485992 0.04680718
v -0.06796158 -0.12400295 0.03981442
v -0.07000407 -0.12906185 0.03782237
v -0.0591832 -0.12724252 0.03244006
v -0.0584692 -0.12280663 0.03508332
v -0.06158787 -0.12763575 0.02799542
v -0.05179499 -0.12605017 0.02369737
v -0.04890216 -0.1265327 0.02860931
v -0.06418435 -0.12308058 0.02612009
v -0.05483723 -0.12138883 0.02189242
v -0.06423952 -0.117483 0.02798383
v -0.05572063 -0.11596941 0.02406678
v -0.06245739 -0.11308652 0.03129434
v -0.0545768 -0.11221373 0.02808752
v -0.05914572 -0.11295262 0.03611985
v -0.05173457 -0.11174595 0.03283431
v -0.05768137 -0.11776792 0.03714436
v -0.04979035 -0.11656539 0.0332608
v -0.04924852 -0.12174935 0.03124751
v -0.04034546 -0.11958624 0.02752973
v -0.04196459 -0.11487986 0.02961998
v -0.03932054 -0.12389778 0.02438927
v -0.03176758 -0.11886534 0.01964726
v -0.03325527 -0.11529166 0.02298833
v -0.04259004 -0.12311231 0.01978226
v -0.03428522 -0.11885162 0.01541681
v -0.04608142 -0.11879345 0.01834731
v -0.03801383 -0.11489577 0.01460986
v -0.04753648 -0.11396345 0.02082128
v -0.03993848 -0.11062963 0.01743609
v -0.04710325 -0.11073137 0.02478109
v -0.04046666 -0.10789327 0.0216645
v -0.04459625 -0.11061016 0.02905602
v -0.03842063 -0.10848622 0.0255837
v -0.03526532 -0.1117085 0.02605884
v -0.02932079 -0.10746507 0.02420325
v -0.03369104 -0.10390164 0.02481254
v -0.0260758 -0.11071336 0.02012007
v -0.01849753 -0.10618106 0.01968778
v -0.02383704 -0.10302131 0.02445234
v -0.02368758 -0.11422885 0.01587521
v -0.01435586 -0.10974188 0.01414408
v -0.02565728 -0.11427519 0.01069894
v -0.01691668 -0.10798632 0.00765961
v -0.03043608 -0.10994649 0.01002861
v -0.0233609 -0.10326961 0.00594815
v -0.03280335 -0.10576883 0.01419615
v -0.03462007 -0.10330761 0.01956946
v -0.01610399 -0.09519006 0.004404
v -0.00915287 -0.1007096 0.0070288
v -0.00629625 -0.10389299 0.01419116
v -0.06237816 -0.07990403 0.05182661
v -0.05233657 -0.08336861 0.05253592
v -0.05499894 -0.07770158 0.05260417
v -0.04747415 -0.07700769 0.05465467
v -0.04121864 -0.03248646 0.08261778
v -0.03617508 -0.03810722 0.08230457
v -0.03419592 -0.04675786 0.08033007
v -0.03267063 -0.03651792 0.08464605
v -0.03493831 -0.03579193 0.08399737
v -0.07625429 0.00765063 0.01389173
v -0.07491177 0.0073641 0.0152248
v -0.07202025 0.00560078 0.01124135
v -0.07522935 0.00666069 0.0108983
v -0.07914831 0.00783344 0.01115074
v -0.07961933 0.00910359 0.01475314
v -0.07955636 0.00956566 0.01798973
v -0.078095 -0.00873994 0.0499627
v -0.07693245 -0.00947933 0.05246507
v -0.07537989 -0.01381399 0.0509822
v -0.07771511 -0.01125541 0.04814053
v -0.08065816 -0.00581627 0.04975417
v -0.07996144 -0.00557059 0.05300509
v -0.08090968 -0.0072215 0.04607414
v -0.08257674 -0.00555711 0.04228285
v -0.08472023 -0.00128814 0.0430796
v -0.08427312 -0.00179313 0.04651097
v -0.08408986 -0.00179871 0.04980606
v -0.08266521 0.01066624 -0.0280004
v -0.07867195 0.00906592 -0.02445359
v -0.07695584 0.00751764 -0.02773551
v -0.08131992 0.00712052 -0.03089296
v -0.0840235 0.00637042 -0.03470903
v -0.08619076 0.00911065 -0.0332922
v -0.08925602 0.01205644 -0.03152817
v -0.08633569 0.01246284 -0.02632757
v -0.0827976 0.01132774 -0.02295884
v -0.08072927 0.01020072 -0.02082715
v -0.08500214 0.01204893 -0.02198652
v -0.08374073 0.01014748 -0.0190147
v -0.08626326 0.01092398 0.0200568
v -0.09116511 0.01129169 0.02460509
v -0.08907229 0.00866658 0.02610657
v -0.08465859 0.00865605 0.02282769
v -0.07879349 0.0083384 0.02052367
v -0.08410844 0.01121168 0.01533159
v -0.08853665 0.01302682 0.01496449
v -0.09140977 0.01276002 0.01875379
v -0.09429494 0.01361965 0.02290275
v -0.08684557 -0.01089093 -0.01589447
v -0.08619235 -0.01002657 -0.01962921
v -0.08274548 -0.00823041 -0.01994705
v -0.08202785 -0.00805271 -0.01680077
v -0.08096401 -0.00754345 -0.01332816
v -0.08491941 -0.00996071 -0.01209044
v -0.08945537 -0.01223723 -0.01002213
v -0.09237785 -0.01297355 -0.01258091
v -0.09270278 -0.01268708 -0.01722662
v -0.09066259 -0.01146363 -0.02006303
v -0.08494643 -0.01931116 0.05158777
v -0.08208208 -0.01994481 0.05258709
v -0.08187155 -0.01631902 0.05438338
v -0.08574821 -0.0168831 0.052675
v -0.08840165 -0.01764308 0.04987833
v -0.08664121 -0.02066398 0.0495909
v -0.0837658 -0.02270423 0.05012
v -0.08811166 0.01240203 -0.01620603
v -0.08653612 0.01116013 -0.01756364
v -0.08770865 0.01318492 -0.02041464
v -0.08963842 0.01404815 -0.0174726
v -0.08759776 0.01214611 -0.01352092
v -0.08512905 0.00996077 -0.01437675
v -0.09000137 0.01443694 -0.01339026
v -0.087512 0.00847124 -0.03836565
v -0.08972702 0.01101265 -0.03761987
v -0.09185652 0.01333236 -0.03713185
v -0.09284175 0.01380394 -0.03282746
v -0.09514013 0.01500192 -0.02880163
v -0.09212459 0.01408726 -0.02699352
v -0.08991224 0.01219606 0.01054348
v -0.08720956 0.01075246 0.01127256
v -0.08611511 0.00957127 0.00738883
v -0.08954283 0.01136835 0.00739691
v -0.09206331 0.01395436 0.00773101
v -0.09233909 0.014874 0.01267089
v -0.09289985 0.01553885 -0.01955632
v -0.08942787 0.01444466 -0.02389773
v -0.09516434 0.0149929 -0.02336309
v -0.09838908 0.01467648 -0.02058122
v -0.09721328 0.01405712 -0.01718288
v -0.09496512 0.0148299 0.01708663
v -0.09499446 0.01524364 0.00750236
v -0.09599308 0.01518282 0.01184839
v -0.09801684 0.01514969 0.01509593
v -0.09870576 0.0159727 0.02066059
v -0.10085125 0.01706523 0.02558045
v -0.09629419 0.01448381 0.02717069
v -0.10087754 0.01640387 0.01706542
v -0.10229672 0.01944682 0.01732055
v -0.10195419 0.01947132 0.02035325
v -0.10344345 0.0197941 0.02337815
v -0.09543873 -0.0137096 0.00712928
v -0.0907269 -0.01236921 0.00467502
v -0.08903817 -0.01169755 0.0084043
v -0.09270049 -0.01245314 0.01023363
v -0.09590984 -0.01227499 0.0126103
v -0.0979743 -0.01359916 0.01126039
v -0.10080058 -0.0150028 0.01180923
v -0.09985605 -0.01592432 0.0087792
v -0.10050172 -0.01661734 0.00580919
v -0.09629218 -0.01480171 0.00297003
v -0.09217653 -0.01325682 0.00115282
v -0.09933629 0.018902 0.04258079
v -0.09825188 0.01727599 0.0383659
v -0.10197864 0.019664 0.03605733
v -0.10299865 0.02186308 0.03905204
v -0.09803446 0.01383446 0.04423611
v -0.09707746 0.0131509 0.04061305
v -0.09988901 0.01763623 0.04591694
v -0.09875122 0.0144893 0.04737158
v -0.10187413 0.02204533 0.04516772
v -0.10073003 0.01909917 0.04791461
v -0.09838882 0.01581046 0.05020443
v -0.09848385 0.01722826 -0.0297547
v -0.09629256 0.01531254 -0.03342329
v -0.09954952 0.0178478 -0.02580877
v -0.09756737 0.01571973 -0.02527124
v -0.09942917 0.01643639 -0.03416613
v -0.10083249 0.01820858 -0.03209267
v -0.10140426 0.02127552 -0.03151552
v -0.10000702 0.02076048 -0.02874564
v -0.09246641 -0.01845818 -0.05064636
v -0.09116894 -0.02018278 -0.05123092
v -0.09460628 -0.0207103 -0.04989661
v -0.09513845 -0.01809418 -0.04977106
v -0.09118837 -0.01683553 -0.05129098
v -0.08850741 -0.01859371 -0.052901
v -0.09462458 -0.0155729 -0.0500242
v -0.1003214 0.02536913 -0.02560488
v -0.10159055 0.02629774 -0.02415978
v -0.10147034 0.0236531 -0.02303981
v -0.10023506 0.02331498 -0.02546786
v -0.10071674 0.02625103 -0.02774463
v -0.10241167 0.02749557 -0.02671587
v -0.10042405 0.02378954 -0.02833805
v -0.10652492 0.01937485 0.024839
v -0.10520948 0.017378 0.02625975
v -0.1009086 0.01719525 0.02970842
v -0.09721887 0.01509248 0.03115258
v -0.10497709 0.01746118 0.02891982
v -0.10246709 0.02197003 0.01750009
v -0.10268016 0.02343871 0.01572881
v -0.10360257 0.02533355 0.01882114
v -0.10295556 0.02257235 0.01981271
v -0.10289809 0.02000662 0.01445593
v -0.10042859 0.00972033 -0.01149139
v -0.09986598 0.01147467 -0.01571079
v -0.10030735 0.0085427 -0.01522152
v -0.10136344 0.00701789 -0.01268754
v -0.10067161 0.01050676 -0.00823051
v -0.09707026 0.01310006 -0.00911518
v -0.09709253 0.01337828 -0.01277204
v -0.10408706 0.00532666 -0.01174029
v -0.10501657 0.00716563 -0.00906051
v -0.10309444 0.00853328 -0.0071994
v -0.09926654 -0.01270645 -0.02174469
v -0.09506719 -0.01184145 -0.02059051
v -0.09726373 -0.01371667 -0.01857631
v -0.10000766 -0.01603671 -0.02099493
v -0.09679412 -0.00987716 -0.02363714
v -0.09332898 -0.01055277 -0.02332783
v -0.10221156 -0.01147867 -0.02329387
v -0.10007848 -0.00908047 -0.02439822
v -0.10308994 0.02514431 -0.02496161
v -0.10381793 0.02555885 -0.02676412
v -0.10461437 0.02310701 -0.02629027
v -0.10347954 0.02334712 -0.02411601
v -0.10165384 0.01280613 -0.01924605
v -0.10295161 0.01588405 -0.0209909
v -0.10577469 0.01539931 -0.0225574
v -0.10607263 0.01246323 -0.02041879
v -0.10000571 0.0159843 -0.02225923
v -0.10166013 0.00923325 -0.01780478
v -0.10468684 0.00912769 -0.01856267
v -0.09667329 -0.0036852 -0.05436372
v -0.09432048 -0.00307366 -0.05532261
v -0.09283897 -0.00546786 -0.05410201
v -0.09664982 -0.00542207 -0.05346205
v -0.09977973 -0.00461756 -0.05357285
v -0.09852016 -0.00242288 -0.05447066
v -0.09638363 -0.00055562 -0.05548717
v -0.1006842 0.00648657 -0.01531469
v -0.10135502 0.00629229 -0.01709704
v -0.10173641 0.00422083 -0.0158767
v -0.10155801 0.00509445 -0.01398602
v -0.10201544 0.00594469 0.00554169
v -0.10172293 0.00561982 0.00749178
v -0.10125992 0.00802816 0.00746103
v -0.10175057 0.00772139 0.00463819
v -0.10424629 0.00715086 0.00174984
v -0.103393 0.00510023 0.00427026
v -0.10325148 0.00393512 0.00659722
v -0.10249825 0.0140487 0.01291662
v -0.10057735 0.01452113 0.01371257
v -0.09856245 0.01423155 0.01099632
v -0.10115546 0.0125653 0.01076521
v -0.1049052 0.01654758 0.0122081
v -0.10277587 0.01665217 0.01453958
v -0.1062851 0.01259407 0.01190379
v -0.10260227 0.00683122 -0.05581767
v -0.09982427 0.00884936 -0.05798835
v -0.09565286 0.00528238 -0.05894845
v -0.09762064 0.00380835 -0.05711136
v -0.09924829 0.00176674 -0.05564402
v -0.1025226 0.00349648 -0.05479105
v -0.10625389 0.01093244 -0.05461762
v -0.10370619 0.01250419 -0.0571374
v -0.10370996 0.00455286 -0.05214249
v -0.10478937 0.00721417 -0.05193191
v -0.09865408 -0.02373127 -0.03931686
v -0.10142218 -0.02169971 -0.03434412
v -0.10356977 -0.02330798 -0.03494576
v -0.10277576 -0.02521453 -0.03968844
v -0.09884429 -0.0264297 -0.04336591
v -0.09474487 -0.0256306 -0.04436495
v -0.09410495 -0.02327974 -0.04193128
v -0.10258111 -0.02760701 -0.04280248
v -0.10201009 0.00939196 0.00073288
v -0.10339937 0.00889554 -0.00218043
v -0.10709459 0.00612148 -0.00159917
v -0.10087907 0.01004451 0.00389111
v -0.10815692 0.0068134 0.00279748
v -0.10622705 0.00522374 0.00442926
v -0.11033174 0.0055383 0.00068774
v -0.10334472 0.00472668 -0.01677579
v -0.10385223 0.00642992 -0.0175202
v -0.10595554 0.00584173 -0.01668728
v -0.10452291 0.00409182 -0.01596509
v -0.10284646 0.00314241 -0.01500977
v -0.10335443 0.00372791 -0.01337958
v -0.10544327 0.00354296 -0.01455516
v -0.10098589 -0.01594807 -0.03286145
v -0.09633619 -0.01716265 -0.03586572
v -0.09504604 -0.01460163 -0.03429914
v -0.09873553 -0.01357881 -0.03300518
v -0.10220349 -0.01193842 -0.03199941
v -0.10448793 -0.01351416 -0.03137181
v -0.10632423 -0.014003 -0.02869722
v -0.10410631 -0.01583399 -0.02915209
v -0.10309046 -0.01783909 -0.0294183
v -0.10071968 -0.01905556 -0.03362385
v -0.09713972 -0.02019688 -0.03717359
v -0.10538155 0.02415979 -0.05412392
v -0.10321879 0.02231003 -0.0553745
v -0.10547053 0.02052926 -0.05447246
v -0.10743903 0.02315848 -0.05268832
v -0.10427866 0.02595358 -0.05266652
v -0.10058875 0.02416741 -0.05433226
v -0.10784629 0.02566871 -0.05056956
v -0.10727942 0.02235144 0.01726368
v -0.10628073 0.02349914 0.01576779
v -0.10620526 0.02027894 0.0147537
v -0.10755115 0.0200772 0.01725068
v -0.10840845 0.02318497 0.018983
v -0.10716128 0.02557815 0.01805872
v -0.10936164 0.02045374 0.01960861
v -0.10716055 0.00967161 0.05006526
v -0.10430945 0.01261551 0.05259305
v -0.10809878 0.01631341 0.05086346
v -0.11134268 0.01410551 0.04853663
v -0.10196691 0.00596716 0.05097733
v -0.10038646 0.00844382 0.05349024
v -0.11304467 0.01242089 0.04385333
v -0.11126053 0.00872799 0.04524713
v -0.10376371 0.00866379 -0.00492909
v -0.10071992 0.01089357 -0.00560453
v -0.10669038 0.00633967 -0.00518358
v -0.10464322 0.00608628 0.01071984
v -0.10278046 0.00562664 0.00971495
v -0.10461488 0.00425412 0.00859747
v -0.10638653 0.00512118 0.01005187
v -0.10507642 0.00787085 0.01099268
v -0.10241712 0.00808239 0.00988414
v -0.10789321 0.00688623 0.0103202
v -0.10306334 0.00372216 -0.04776365
v -0.1029538 0.00456071 -0.04946358
v -0.10358947 0.00292872 -0.05011566
v -0.10443559 0.00221845 -0.0489762
v -0.10430265 0.00463702 -0.04649515
v -0.10448805 0.00657272 -0.04864354
v -0.10632034 0.00211156 -0.04778321
v -0.10536718 0.00386419 0.00583261
v -0.1085038 0.00541295 0.00596007
v -0.106669 0.00412976 0.00717335
v -0.10445315 0.00240291 -0.05196491
v -0.10543083 0.000612 -0.05101566
v -0.10205303 -0.01673381 0.0257718
v -0.09997288 -0.01732901 0.02740194
v -0.1013872 -0.01949818 0.02742674
v -0.10386854 -0.01824086 0.02373716
v -0.10204579 -0.01434071 0.02527085
v -0.098581 -0.01520135 0.02654569
v -0.10480466 -0.01581189 0.02299045
v -0.10552458 0.02527211 -0.04874285
v -0.1024621 0.02541897 -0.04963056
v -0.10568607 0.02379627 -0.04665175
v -0.1015733 0.02391086 -0.04665753
v -0.10877605 0.02333777 -0.04804854
v -0.10615505 0.02397141 -0.0347993
v -0.10399909 0.02460636 -0.03371941
v -0.10374036 0.02146856 -0.03353911
v -0.10661921 0.02124602 -0.03459638
v -0.10789543 0.02549343 -0.03512751
v -0.10494965 0.02737948 -0.03375011
v -0.10961902 0.02140533 -0.03466583
v -0.10222099 0.01039944 0.00986235
v -0.10558908 0.0098866 0.01126872
v -0.10926134 0.00843125 0.01055387
v -0.11069516 0.00995826 0.01100814
v -0.10851972 0.0128472 0.01504935
v -0.10705329 0.0168594 0.01471741
v -0.11207991 0.01093797 0.01239517
v -0.10259529 -0.02433224 0.03259834
v -0.09999756 -0.02212991 0.03135717
v -0.09598908 -0.0220165 0.03441465
v -0.09706296 -0.02406137 0.03599135
v -0.09769761 -0.02586647 0.03769094
v -0.10245329 -0.02617352 0.03578141
v -0.10728817 -0.02693143 0.03443124
v -0.10795617 -0.02551262 0.03149535
v -0.10576919 -0.0231095 0.02776542
v -0.10304579 -0.02172366 0.0275457
v -0.1074242 0.01433602 -0.02537854
v -0.10859986 0.0126694 -0.02308779
v -0.11104414 0.01189574 -0.02075896
v -0.10902321 0.01074479 -0.0190631
v -0.10740613 0.00815518 -0.01787717
v -0.10708921 0.00506391 -0.01391711
v -0.10969631 0.01404684 0.0182621
v -0.10849657 0.01706887 0.01752659
v -0.11386419 0.00957588 0.01380411
v -0.11094368 0.00927918 0.01687494
v -0.11173646 0.01148131 0.01975299
v -0.11053491 0.02406898 0.02467099
v -0.10846122 0.02519827 0.02403678
v -0.11042216 0.02778033 0.02344035
v -0.11254267 0.02516513 0.0243485
v -0.11376882 0.02173521 0.02484476
v -0.11061603 0.02164863 0.0251254
v -0.10747591 0.02235663 0.02447355
v -0.10898524 0.00474144 -0.01040319
v -0.10982496 0.00394428 -0.00628139
v -0.10916164 0.02530228 -0.03269582
v -0.10717611 0.02601095 -0.03147353
v -0.10677305 0.02849583 -0.03249185
v -0.11000372 0.02670854 -0.03417484
v -0.11167783 0.02237227 -0.03405783
v -0.11031938 0.02239667 -0.03246167
v -0.10804252 0.02265168 -0.03101252
v -0.109412 0.00764305 -0.01547911
v -0.11171818 0.00696913 -0.01275539
v -0.10920261 0.00555673 0.04177848
v -0.10957757 0.00525856 0.04462464
v -0.11111556 0.00789977 0.04084829
v -0.11041322 0.00616074 0.03780783
v -0.10790258 0.00353933 0.03993714
v -0.1087913 0.00233169 0.04286459
v -0.11127978 0.02689653 0.02186961
v -0.10738814 0.02812487 0.02099472
v -0.10918835 0.02650298 0.02033896
v -0.11048237 0.0239207 0.02105393
v -0.11300218 0.02496986 0.02250874
v -0.10783736 0.00457124 0.00868716
v -0.10946538 0.00581661 0.00830459
v -0.11078986 0.00319429 -0.0032365
v -0.11234752 0.00281725 -0.00063373
v -0.10529773 -0.01983149 -0.02363531
v -0.10262945 -0.01825619 -0.02464008
v -0.10271268 -0.01766296 -0.01940075
v -0.10805088 -0.02024811 -0.01943611
v -0.10964072 -0.02168042 -0.0210721
v -0.10771013 -0.02169585 -0.02501407
v -0.10457744 -0.02173779 -0.02955896
v -0.10310427 -0.02004638 -0.0294556
v -0.10671506 -0.02253956 -0.02996257
v -0.11043611 0.0109613 -0.02493476
v -0.10955124 0.01273933 -0.02771377
v -0.11274707 0.01065925 -0.02229323
v -0.1130588 0.00948719 -0.02615476
v -0.11451859 0.0085849 -0.02349502
v -0.11317757 0.01179287 -0.02842509
v -0.10933671 0.00197488 -0.04656143
v -0.10643014 0.0058129 -0.04534593
v -0.11023927 0.00377497 -0.04322195
v -0.10743961 0.00714415 -0.04310565
v -0.10695463 -0.00074552 -0.04996274
v -0.10920818 -0.00224438 -0.04906283
v -0.11320652 -0.00143919 -0.04654682
v -0.1145012 0.00101511 -0.04426974
v -0.11319773 0.02573074 0.04473008
v -0.11134747 0.02466815 0.0472855
v -0.10786873 0.02578098 0.04525476
v -0.11123691 0.02632614 0.04253505
v -0.11513788 0.02444485 0.04314809
v -0.11363774 0.02221417 0.04591628
v -0.11362502 0.02545122 0.04111492
v -0.11160855 0.00260116 -0.01013081
v -0.11168761 0.00133269 -0.00776985
v -0.11343326 0.00419535 -0.01112367
v -0.11140455 0.0162889 -0.03467868
v -0.10922667 0.01460282 -0.03563781
v -0.11129888 0.01183917 -0.03596795
v -0.11355706 0.01223738 -0.03419305
v -0.10686854 0.0180036 -0.03410308
v -0.10599056 0.01646997 -0.03525387
v -0.11490152 0.01369068 -0.03213885
v -0.11534622 0.01842044 -0.0338654
v -0.11110362 0.01498667 0.01997299
v -0.11049084 0.0174293 0.01991898
v -0.11321755 0.01396584 0.02135733
v -0.11333915 0.01751129 0.02198335
v -0.10911305 0.00884765 -0.03987066
v -0.1109296 0.00427463 -0.04003838
v -0.10853671 0.0123903 -0.04328602
v -0.10721004 0.01044911 -0.04540857
v -0.10991439 0.01268338 -0.03864418
v -0.1096509 0.01473917 -0.0415477
v -0.11296507 0.00443084 -0.03749993
v -0.11199652 0.00815502 -0.03649981
v -0.11143763 0.01001355 -0.01706546
v -0.11313401 0.01027387 -0.01443213
v -0.11461035 0.01096398 -0.01182227
v -0.11381281 0.00844308 -0.01046789
v -0.1154376 0.00572389 -0.00973967
v -0.10903063 0.02452029 0.03968425
v -0.11288209 0.02377314 0.03884754
v -0.11631069 0.02266867 0.03998974
v -0.11088128 0.00660635 0.00462106
v -0.11237619 0.00509942 0.00274249
v -0.11455048 0.00610106 0.00325427
v -0.11330245 0.00814089 0.00389289
v -0.11137286 0.00736535 0.00772795
v -0.11458331 0.00917774 0.00710135
v -0.10790592 -0.0201991 0.01556829
v -0.10457847 -0.01817283 0.00988299
v -0.10339442 -0.01763269 0.01231187
v -0.10560694 -0.01929886 0.01720919
v -0.11128622 -0.02163148 0.01782935
v -0.11195972 -0.02141099 0.01352874
v -0.10932738 -0.01999814 0.01077475
v -0.10573321 -0.01880354 0.00694765
v -0.11420415 0.01140952 0.02484536
v -0.1136322 0.01041492 0.02702905
v -0.11169224 0.01401109 0.02793118
v -0.11299267 0.01428705 0.02567787
v -0.11437294 0.00993568 0.02174728
v -0.11627733 0.00727023 0.02256894
v -0.11576691 0.01347989 0.02331868
v -0.11425021 0.00718655 0.02880649
v -0.11225951 0.01096605 0.03299291
v -0.11354092 0.01310831 0.0315026
v -0.11213662 0.00580626 0.03269598
v -0.11112202 0.00878508 0.03534449
v -0.11421859 0.00383055 0.02286732
v -0.11655825 0.00392639 0.02796375
v -0.1156327 0.00409032 0.03160622
v -0.1122501 0.01554619 0.03084418
v -0.111397 -0.00275402 -0.02557432
v -0.10826369 -0.00460847 -0.02589136
v -0.10976811 -0.00652218 -0.02560877
v -0.11226711 -0.00463314 -0.02523043
v -0.1140288 -0.00050779 -0.02580324
v -0.11220579 0.00052998 -0.02889283
v -0.10984449 -0.00159867 -0.02825703
v -0.11266337 -0.00233365 -0.02212349
v -0.11446355 -0.00085012 -0.02183391
v -0.11314268 -0.00398013 -0.02244524
v -0.11269807 -0.00215597 0.01510303
v -0.11448572 0.00025206 0.01485422
v -0.11348366 0.00045171 0.0116642
v -0.11193947 -0.0017654 0.01130878
v -0.11301336 -0.00097151 0.01818687
v -0.11585615 0.00129832 0.01857344
v -0.11418006 -0.00275245 0.0111045
v -0.11444146 -0.0038225 0.01413047
v -0.11184505 -0.00405672 0.01688611
v -0.11075441 -0.00299141 0.01797817
v -0.112844 -0.00518427 0.01653861
v -0.11593852 0.00247453 -0.0266015
v -0.11404832 0.00398679 -0.02984769
v -0.11483834 0.00165708 0.02474899
v -0.11217843 -6.778E-05 0.02058678
v -0.11245088 -0.00083068 0.02264627
v -0.11693763 0.00467927 0.01841599
v -0.11038467 -0.00686081 0.0158977
v -0.10914062 -0.00560024 0.0164191
v -0.11409186 -0.00658627 0.01688093
v -0.11142409 -0.00831823 0.01622359
v -0.11425738 0.00760612 -0.03325854
v -0.11448521 0.00382536 -0.03501813
v -0.11377302 0.0020634 -0.0328285
v -0.11434972 0.00715148 -0.0278443
v -0.11485916 0.00987619 -0.03026963
v -0.11203935 7.35E-06 -0.03154066
v -0.1162762 0.00552978 -0.02487215
v -0.11461444 0.01103849 0.01011449
v -0.11757822 0.01149312 0.01124055
v -0.11844826 0.01091867 0.00698632
v -0.11454398 0.00929918 0.00170526
v -0.11647999 0.0105407 0.00263084
v -0.11972847 0.01064753 0.00334457
v -0.11433306 -0.0030594 -0.00830635
v -0.11267749 -0.00111508 -0.00992291
v -0.11335101 -0.0026656 -0.01281804
v -0.1149797 -0.00400978 -0.0126204
v -0.11796213 -0.00285736 -0.0102588
v -0.11982971 -0.00265481 -0.00788377
v -0.1167461 -0.0033079 -0.0043732
v -0.11761493 -0.00381449 -0.01337956
v -0.1146702 0.00014765 -0.00205238
v -0.11314178 0.00051102 -0.00521933
v -0.11402491 -0.00593445 -0.02603058
v -0.11121215 -0.0084279 -0.0262848
v -0.11419003 -0.00777134 -0.02860471
v -0.11701722 -0.00608649 -0.02882662
v -0.1180882 -0.00484543 -0.02591031
v -0.11168977 -0.00987438 -0.02854561
v -0.11726383 -0.00451828 -0.0231406
v -0.11473325 -0.00523424 -0.0227998
v -0.11544079 -0.02450374 0.04105445
v -0.10958483 -0.02194124 0.0403142
v -0.11011496 -0.01865935 0.03998084
v -0.11449576 -0.02034388 0.03978098
v -0.11907839 -0.02187144 0.03953828
v -0.11920039 -0.02439817 0.04117303
v -0.11367586 -0.02712806 0.04161458
v -0.10876914 -0.02481519 0.04118071
v -0.11919043 0.0017347 0.01735695
v -0.11781017 0.00065096 0.01626549
v -0.1126733 -0.01742356 -0.04789394
v -0.11646324 -0.01929745 -0.04709469
v -0.12041142 -0.01612887 -0.04732241
v -0.11776166 -0.01364398 -0.04776359
v -0.11188352 -0.0132112 -0.04830887
v -0.10746127 -0.0150838 -0.04881425
v -0.10734531 -0.01870144 -0.04915926
v -0.11594787 -0.0104718 -0.04810324
v -0.11010596 -0.02269254 -0.04726187
v -0.11356111 -0.02319277 -0.04625555
v -0.10630479 -0.02284383 -0.04874604
v -0.11621856 0.00110222 0.0030284
v -0.11532392 0.00020147 0.0009314
v -0.11743731 -0.00258589 0.00044352
v -0.11690094 -0.00112217 0.00310734
v -0.11543762 0.00065639 0.00552763
v -0.11694485 0.00115975 0.00602013
v -0.11765229 0.0020813 0.00306155
v -0.11558111 0.00383174 0.00248118
v -0.1139267 0.00299284 0.00144232
v -0.11542455 -0.00101978 0.00543583
v -0.11469827 -0.02235138 0.02378571
v -0.11059354 -0.02263313 0.02304057
v -0.10935058 -0.02398081 0.02766805
v -0.11308825 -0.02447315 0.02779984
v -0.11452984 -0.02123886 0.0188572
v -0.11677829 -0.02547966 0.02783453
v -0.11865739 -0.02320903 0.02517345
v -0.11433947 0.00745629 0.01787133
v -0.11590783 0.00756715 0.014839
v -0.1183066 0.00537334 0.01545021
v -0.12063838 0.00284569 0.01588575
v -0.11670398 0.0024729 -0.0094723
v -0.11655528 0.00713455 -0.00733032
v -0.11804014 0.00420756 -0.00632957
v -0.11718702 0.0003599 -0.0125158
v -0.11508057 8.45E-05 -0.01315141
v -0.11455147 0.00184122 -0.01110596
v -0.11951649 0.00150088 -0.00561276
v -0.11901651 0.00039268 -0.00860479
v -0.11389101 -0.0243836 -0.03530087
v -0.10974798 -0.02556187 -0.0379405
v -0.10924922 -0.02294293 -0.03432054
v -0.11254451 -0.02093808 -0.03218789
v -0.11713484 -0.02606359 -0.03527501
v -0.11610609 -0.02878239 -0.03852371
v -0.11323079 -0.02831323 -0.03931734
v -0.10996123 -0.02862356 -0.04081636
v -0.11972968 -0.00289402 0.00167964
v -0.11869468 -0.00178197 0.00330664
v -0.11418726 -0.01898611 -0.02106372
v -0.11601193 -0.01904389 -0.01941232
v -0.11649493 -0.01638863 -0.0209534
v -0.11379276 -0.01780337 -0.02299849
v -0.1132032 -0.02073394 -0.02194438
v -0.11522409 -0.02164903 -0.01994202
v -0.11890278 -0.00632313 -0.00477497
v -0.1190513 -0.0057841 -0.00112565
v -0.11836462 0.00323043 -0.02442187
v -0.1198792 0.00365614 -0.02303752
v -0.11846951 0.0061032 -0.02208548
v -0.11865886 0.0006345 -0.02537506
v -0.12117191 0.00151059 -0.02466728
v -0.11935196 -0.00203152 -0.02531732
v -0.11851809 -0.00260777 -0.02341289
v -0.12147862 -0.00388239 -0.02670785
v -0.12175147 -0.00087327 -0.0261907
v -0.12053769 -0.00578267 -0.02945584
v -0.12171953 0.00930402 0.0116035
v -0.11889106 0.00871163 0.01283398
v -0.12129278 0.01091062 0.0103942
v -0.12178443 0.00947155 0.00797081
v -0.12365258 0.0069066 0.0104545
v -0.12063646 0.00615319 0.01314865
v -0.12021581 0.00147324 0.00198179
v -0.11820237 0.0052676 -0.0003238
v -0.11718389 0.00490625 0.00196315
v -0.12017336 0.00216594 -0.00251785
v -0.11822096 0.00501647 -0.00338471
v -0.12142511 -0.00138922 0.00026846
v -0.12198946 -0.00044205 -0.00252969
v -0.12134454 0.01189974 -0.0055487
v -0.11708304 0.0119696 -0.00488682
v -0.1160094 0.01171555 -0.00869781
v -0.11919226 0.0119536 -0.00979913
v -0.12178713 0.01085553 -0.01141977
v -0.12374157 0.01057162 -0.0087216
v -0.12081365 0.01138664 -0.00051742
v -0.11719042 0.01156785 -0.0009432
v -0.12605223 0.01005744 -0.00692424
v -0.12516503 0.01074434 -0.00387558
v -0.12551132 0.0095268 0.00070022
v -0.12133522 -0.00099404 -0.00544019
v -0.11870494 -0.00088784 -0.0115267
v -0.1232826 -0.00358303 -0.0053472
v -0.12135243 -0.00543021 -0.00775726
v -0.11820755 -0.00021022 0.00624075
v -0.11687312 -0.00203456 0.00589955
v -0.11773212 -0.02710134 -0.01086815
v -0.11495902 -0.02403521 -0.00885424
v -0.11719242 -0.02576077 -0.00584093
v -0.12008217 -0.02837791 -0.0068844
v -0.11388474 -0.02369966 -0.01365123
v -0.11193951 -0.02212041 -0.01155789
v -0.1186666 -0.02753301 -0.01433388
v -0.11506265 -0.02484512 -0.0157886
v -0.11958136 -0.01971477 -0.01770666
v -0.11787479 -0.02297297 -0.01833507
v -0.12015573 -0.01581102 -0.01954102
v -0.12108862 -0.02496986 -0.01811188
v -0.12267034 -0.02266774 -0.0181198
v -0.12314029 -0.0181338 -0.01732261
v -0.12475041 -0.01493337 -0.01916649
v -0.1246592 -0.02064015 -0.01782636
v -0.11527809 -0.00595292 -0.03118448
v -0.11774448 -0.00501121 -0.03209515
v -0.12224183 -0.00637545 -0.03232429
v -0.12542962 -0.00724358 -0.03068196
v -0.12462133 -0.00573161 -0.02814617
v -0.12497675 -0.00306074 -0.02657164
v -0.1260542 0.00541676 0.00665192
v -0.12598774 0.00130429 0.00783499
v -0.12469047 0.00290219 0.01128326
v -0.12273672 0.00349726 0.01390214
v -0.12309488 -0.0232511 0.0404136
v -0.12238555 -0.02554399 0.04259842
v -0.12074038 -0.02752014 0.0441215
v -0.12314147 0.00855904 0.00459866
v -0.12822163 0.0102038 -0.00350921
v -0.12889208 0.00929143 -0.00061323
v -0.12534058 -0.00519487 0.02686737
v -0.1227169 -0.00072006 0.02893921
v -0.12075333 -0.00155058 0.02660764
v -0.1224831 -0.00433987 0.02533266
v -0.12723163 -0.00376704 0.02985929
v -0.12378268 -0.00013192 0.0318835
v -0.12589557 -0.00728381 0.02345093
v -0.12900175 -0.00886317 0.02254915
v -0.12901905 -0.00878499 0.02545789
v -0.13036548 -0.00781354 0.02815348
v -0.1233525 -0.00605978 0.02316036
v -0.12196979 -0.03031151 -0.03562491
v -0.12118114 -0.03122992 -0.03802086
v -0.11886407 -0.0297588 -0.03807691
v -0.12040333 -0.02795099 -0.03448971
v -0.125049 -0.03131063 -0.0339698
v -0.12343878 -0.03298943 -0.0376178
v -0.12380472 -0.02846254 -0.03148417
v -0.12511587 -0.01350401 -0.02196161
v -0.12101756 -0.01409876 -0.02233274
v -0.12725128 -0.01542792 -0.0172465
v -0.13028406 -0.01383855 -0.01867983
v -0.12888011 -0.0121464 -0.01996017
v -0.12474944 -0.01724031 -0.01606609
v -0.12386988 -0.02722665 0.00509604
v -0.12250642 -0.02740758 0.00301111
v -0.12040565 -0.02606727 0.0042125
v -0.12287649 -0.02554224 0.00691546
v -0.12637067 -0.02849928 0.00586438
v -0.12509257 -0.02890894 0.00247252
v -0.12525992 -0.02623888 0.00823923
v -0.12848449 0.00426382 0.00264379
v -0.12817375 -0.00036306 0.00395244
v -0.13054045 0.00604876 0.00050122
v -0.1311202 0.00334584 -0.00162265
v -0.12973146 0.00086597 -0.00094828
v -0.12999326 -0.00205375 -0.00073794
v -0.12770171 0.00266958 -0.01170503
v -0.12513825 0.00267176 -0.01539842
v -0.12546103 -0.00013823 -0.01716097
v -0.12716475 -0.00072633 -0.01344675
v -0.12856895 -0.00093331 -0.00928674
v -0.12941423 0.00160318 -0.00819196
v -0.12661226 0.0056854 -0.01176596
v -0.1245335 0.00553993 -0.01427483
v -0.13074404 0.00459507 -0.00962372
v -0.1288882 0.00636806 -0.00976126
v -0.1320194 0.00340455 -0.00744894
v -0.12532823 -0.01672486 -0.01383798
v -0.12769158 -0.01501278 -0.01461234
v -0.12621774 -0.01631653 0.00807121
v -0.12401323 -0.01776853 0.00854316
v -0.12310283 -0.01601613 0.00936251
v -0.12775667 -0.01419957 0.00907478
v -0.12723893 -0.01695683 0.00661624
v -0.12543759 -0.01907238 0.00820984
v -0.12798084 -0.01484941 0.00642892
v -0.12568836 -0.02492162 0.04102329
v -0.12589999 -0.02684297 0.04218915
v -0.12710531 -0.02296194 0.03846915
v -0.12837449 -0.02600207 0.03863269
v -0.12833531 -0.00683933 0.01662145
v -0.12675501 -0.00533343 0.0186901
v -0.12654746 -0.00199369 0.01744356
v -0.12722604 -0.00310208 0.01463159
v -0.12775949 -0.00458477 0.01145239
v -0.12868102 -0.0073398 0.01320302
v -0.12935565 -0.01024251 0.01404802
v -0.12894069 -0.01030463 0.01630935
v -0.12883455 -0.00846302 0.01986116
v -0.12629333 -0.00738654 0.02066153
v -0.12964618 -0.01091764 0.01870993
v -0.13006356 -0.0037678 0.00497661
v -0.12691212 -0.00186273 0.00944797
v -0.13025342 -0.00572797 0.00868739
v -0.13369343 -0.00655693 0.00314399
v -0.13319205 -0.00733381 0.00691057
v -0.12851074 -0.00409162 -0.01574995
v -0.12601408 -0.00291284 -0.01934227
v -0.12648979 -0.00590881 -0.0216822
v -0.12816922 -0.00732695 -0.01940157
v -0.13051039 -0.00913808 -0.01845139
v -0.13145265 -0.00672638 -0.0154113
v -0.12963271 -0.00351335 -0.01050818
v -0.1320364 -0.0056826 -0.01127585
v -0.12732437 -0.00950671 -0.02417441
v -0.12610126 -0.00429305 -0.02419188
v -0.12695128 -0.00679441 -0.02630982
v -0.12772337 -0.00872496 -0.02906907
v -0.12822816 -0.01127187 -0.02747526
v -0.12584418 -0.01317484 -0.02434394
v -0.12780751 -0.01062335 -0.02149536
v -0.13066129 0.01007873 -0.0034654
v -0.13183902 0.00925428 -0.00168734
v -0.12891227 0.0098608 -0.00603018
v -0.13188201 0.00965057 -0.00516235
v -0.1335399 0.00797543 -0.00356517
v -0.1270619 -0.01315831 0.01166308
v -0.13008633 -0.01068371 0.01208746
v -0.13129762 -0.0115774 0.01054911
v -0.12290519 -0.01510259 0.0115502
v -0.13112789 -0.01436739 0.00879375
v -0.13026586 -0.01489213 0.00644575
v -0.12718008 -0.0153508 0.00016476
v -0.12585077 -0.01595791 -0.00303738
v -0.1280483 -0.01763423 -0.00314764
v -0.1281817 -0.01759456 -2.35E-06
v -0.12842362 -0.01779655 0.00319422
v -0.12731168 -0.01623398 0.00333383
v -0.12902716 -0.01392603 0.00046485
v -0.12764576 -0.01149489 0.00057003
v -0.12520234 -0.01294407 0.00032622
v -0.12837245 -0.01465702 0.00348097
v -0.12726949 -0.01523913 -0.00613998
v -0.12395945 -0.0134079 -0.00601847
v -0.12669253 -0.01171187 -0.00690662
v -0.12907372 -0.01386161 -0.00697007
v -0.12907851 -0.01467972 -0.00950962
v -0.12788418 -0.01591094 -0.0089676
v -0.12871845 -0.01751476 -0.00876161
v -0.12874077 -0.0172212 -0.00601487
v -0.12870418 -0.01050043 -0.00483956
v -0.13066286 -0.01255563 -0.00490343
v -0.13211854 -0.01469621 -0.00471284
v -0.13149714 -0.01519297 -0.00710498
v -0.13100623 -0.01578197 -0.00958125
v -0.12883481 -0.01583656 -0.02858141
v -0.12535305 -0.01731154 -0.02807499
v -0.12364471 -0.0155707 -0.02726398
v -0.12683013 -0.01402718 -0.0266016
v -0.12950902 -0.01274124 -0.03039573
v -0.13025543 -0.01871805 -0.02764313
v -0.12707303 -0.01916841 -0.0268815
v -0.1260864 -0.02997343 0.02254283
v -0.12580405 -0.03135883 0.02664212
v -0.12843782 -0.03285297 0.02585309
v -0.12926878 -0.03165367 0.02223453
v -0.12328093 -0.02832868 0.02563611
v -0.12289407 -0.02990893 0.02822032
v -0.12986168 -0.03062335 0.01789586
v -0.12772666 -0.0292912 0.01781531
v -0.13065811 0.00708817 -0.00868665
v -0.13000423 0.00844729 -0.00776265
v -0.1273095 0.00815997 -0.00866096
v -0.13251495 0.00624761 -0.00822205
v -0.13270852 0.00803107 -0.00691341
v -0.13059881 -0.01490851 0.00354112
v -0.131293 -0.0148746 0.00066343
v -0.13061997 -0.01258174 -0.00197968
v -0.12901336 -0.01046455 -0.00181352
v -0.1322819 -0.01443086 -0.00199565
v -0.12829344 -0.03187243 -0.01463259
v -0.12366104 -0.02948096 -0.01398597
v -0.12386745 -0.02968089 -0.0105943
v -0.12763174 -0.03259217 -0.01060397
v -0.12985064 -0.03632126 -0.01092071
v -0.13074599 -0.03576687 -0.013998
v -0.13257721 -0.0351846 -0.01571225
v -0.13115638 -0.03254412 -0.01732652
v -0.12787858 -0.02949054 -0.01820326
v -0.12397958 -0.02851211 -0.01690824
v -0.13224868 0.00702228 -0.00071289
v -0.13292392 0.00545445 -0.00237543
v -0.12787731 -0.02779475 -0.02200196
v -0.12468718 -0.02663003 -0.01893716
v -0.12830879 -0.02519342 -0.02215366
v -0.12603122 -0.02438899 -0.01922355
v -0.13044798 -0.03069605 -0.02011124
v -0.13006178 -0.02983382 -0.0238044
v -0.12914746 -0.03073471 -0.02886842
v -0.12695916 -0.02812953 -0.02725119
v -0.12757382 -0.02534318 -0.0259098
v -0.13162525 -0.01524827 0.02111944
v -0.12966003 -0.0142554 0.01975924
v -0.12713422 -0.01640436 0.01995632
v -0.12887827 -0.01726205 0.02067076
v -0.13042763 -0.01817558 0.01949827
v -0.13309729 -0.01742345 0.02033218
v -0.13177079 -0.01181356 0.0233883
v -0.13073368 -0.01146276 0.02100583
v -0.13326967 0.00514502 -0.00701481
v -0.13356104 0.00623032 -0.00548267
v -0.13269888 0.00396407 -0.00482999
v -0.13081767 -0.01821086 -0.00571984
v -0.13089584 -0.01770901 -0.00848384
v -0.13323773 -0.01990601 -0.00585163
v -0.13196063 -0.02132029 -0.0040149
v -0.1300963 -0.01920823 -0.00339939
v -0.13070244 -0.01878365 -0.00034012
v -0.13241783 -0.02132772 -0.0015319
v -0.13022234 -0.01864655 0.00318836
v -0.13221353 -0.01819156 0.00046681
v -0.13200992 -0.01791253 0.00349596
v -0.13400291 -0.0205845 -9.1E-06
v -0.12978807 -0.01986631 -0.01701861
v -0.13253152 -0.02003985 -0.01890435
v -0.13201575 -0.01624863 -0.01798825
v -0.13033688 -0.01681676 -0.01675889
v -0.13008268 -0.01663144 -0.01477449
v -0.1299006 -0.01902407 -0.01435165
v -0.12764192 -0.02195941 -0.01898592
v -0.13037877 -0.02273385 -0.0213255
v -0.12995562 -0.0203811 0.00892705
v -0.13017093 -0.01889917 0.00619319
v -0.13160701 -0.01770863 0.00655879
v -0.13317074 -0.01772554 0.00975476
v -0.1352748 -0.01945198 0.01191608
v -0.13106586 -0.02103041 0.01170685
v -0.12722747 -0.02012736 0.00806415
v -0.12842788 -0.01841322 0.00620818
v -0.12877403 -0.02375501 0.01141958
v -0.12738164 -0.02336708 0.00900467
v -0.13297994 -0.0301801 -0.02434487
v -0.13304275 -0.03113132 -0.02757271
v -0.13367657 -0.03347248 -0.02947471
v -0.13064788 -0.03355726 -0.03149439
v -0.1274059 -0.03425511 -0.03429343
v -0.12914076 -0.0229343 -0.02472269
v -0.13082588 -0.02134595 -0.02408436
v -0.13198213 -0.02173556 -0.02237791
v -0.13307935 -0.01693353 0.00046434
v -0.13220859 -0.01616611 0.00357669
v -0.1343399 -0.01631621 -0.00206698
v -0.13581502 -0.01935512 -0.00029539
v -0.13652572 -0.01873427 -0.00247371
v -0.13205346 -0.01727398 -0.00618751
v -0.13388516 -0.01664984 -0.00464773
v -0.13575536 -0.01903949 -0.00492655
v -0.13159107 -0.03328679 0.00653583
v -0.12996355 -0.03358552 0.00247249
v -0.12759481 -0.03107293 0.0023384
v -0.12891887 -0.03074471 0.00580623
v -0.12966751 -0.03049613 0.00977326
v -0.13246305 -0.0316015 0.01025602
v -0.13356547 -0.03587442 0.00645637
v -0.13163729 -0.03659475 0.00294518
v -0.13257463 -0.01826468 -0.0323895
v -0.13174142 -0.01401551 -0.03361567
v -0.13418195 -0.01452321 -0.03739176
v -0.13500027 -0.01854358 -0.036765
v -0.13236149 -0.02072043 -0.02971994
v -0.13449618 -0.02289765 -0.03380507
v -0.13385175 -0.02403957 -0.03094745
v -0.13602309 -0.02268271 -0.03706878
v -0.13589254 -0.00746073 -0.00759652
v -0.13214056 -0.00520238 -0.0066043
v -0.1348246 -0.00819742 -0.01204771
v -0.13440703 -0.00701383 -0.00192172
v -0.1315323 -0.00466493 -0.00116139
v -0.13771728 -0.01167714 -0.01295926
v -0.13956758 -0.01193938 -0.00909862
v -0.13240524 -0.03306803 0.0217246
v -0.13031772 -0.03472703 0.02544378
v -0.1314466 -0.03715233 0.02509991
v -0.1334933 -0.03600109 0.02248805
v -0.13563187 -0.03295513 0.01939311
v -0.13567758 -0.03132466 0.01678838
v -0.13267271 -0.03102467 0.01768622
v -0.13593841 -0.03521343 0.0203839
v -0.13030337 -0.04136644 -0.01271582
v -0.12949316 -0.04067687 -0.00788215
v -0.13150762 -0.04397934 -0.00754139
v -0.13236386 -0.04487027 -0.01158359
v -0.13223204 -0.04455259 -0.01667354
v -0.13281767 -0.04283199 -0.01814168
v -0.13145863 -0.03973421 -0.01574467
v -0.13336931 -0.04679353 -0.01540233
v -0.13225617 -0.04048334 0.00460795
v -0.13059361 -0.04048272 5.765E-05
v -0.13066681 -0.03679298 -0.00057677
v -0.13344267 -0.04400631 0.00366235
v -0.13225767 -0.04364577 -5.132E-05
v -0.13472702 -0.03830405 0.00759713
v -0.13581511 -0.04043182 0.00944131
v -0.1341711 -0.04240803 0.00829752
v -0.13433293 -0.04490725 0.00743024
v -0.13898782 -0.01902354 0.01037591
v -0.14104256 -0.02331766 0.01148991
v -0.13814156 -0.02230542 0.01331776
v -0.13692166 -0.01643047 0.00955192
v -0.13644736 -0.02147445 0.01533433
v -0.1338698 -0.01959424 0.01419008
v -0.13330415 -0.02899168 0.03779774
v -0.13176307 -0.02424501 0.03738881
v -0.13499384 -0.02233085 0.0363478
v -0.13752411 -0.02712283 0.03610973
v -0.13934438 -0.03109038 0.03454338
v -0.13644749 -0.03243463 0.03642309
v -0.13062543 -0.03221592 0.03845912
v -0.12733556 -0.03123963 0.03996434
v -0.12865593 -0.02894137 0.03942589
v -0.13332981 -0.03425704 0.03726871
v -0.13270912 -0.0467983 -0.02476803
v -0.13129202 -0.04873756 -0.02772948
v -0.13100214 -0.04607349 -0.02948957
v -0.13275534 -0.04467703 -0.0275233
v -0.13507845 -0.04324117 -0.0261344
v -0.13549036 -0.04450455 -0.02369672
v -0.13170463 -0.04903492 -0.02307051
v -0.13074869 -0.05079552 -0.02576517
v -0.13500489 -0.03374239 -0.01561129
v -0.13408691 -0.03176793 -0.01840628
v -0.13388599 -0.03864896 -0.01667042
v -0.1366971 -0.03784634 -0.01485902
v -0.13831353 -0.03142177 -0.0167693
v -0.13696708 -0.03103236 -0.0196319
v -0.13593844 -0.03339667 -0.0132206
v -0.13802731 -0.03140215 -0.01371608
v -0.13671 -0.03606816 -0.01268855
v -0.13560256 -0.04193666 0.01653641
v -0.13332579 -0.04343554 0.01992277
v -0.13276325 -0.04600704 0.01912608
v -0.13380137 -0.044634 0.0156265
v -0.13604464 -0.03978804 0.01885224
v -0.13369556 -0.04102599 0.020976
v -0.13847323 -0.04002918 0.01542205
v -0.13838233 -0.03850666 0.01744096
v -0.13297631 -0.06015898 0.01075118
v -0.13101637 -0.05924061 0.01450401
v -0.1296526 -0.06161727 0.01504033
v -0.13126633 -0.06288917 0.01195277
v -0.13227485 -0.06426302 0.00891421
v -0.13319083 -0.06197802 0.00701766
v -0.13384008 -0.05949942 0.00481207
v -0.13454881 -0.05819866 0.00769857
v -0.13424091 -0.05757647 0.01228794
v -0.13283049 -0.05694485 0.01475278
v -0.13556783 -0.05678441 0.00995429
v -0.13450618 -0.05198619 -0.01760991
v -0.13334787 -0.05305761 -0.02050633
v -0.1319904 -0.05098214 -0.02159216
v -0.1330445 -0.04910526 -0.01882309
v -0.13463682 -0.04952202 -0.01407025
v -0.13757356 -0.05305093 -0.01909347
v -0.13656458 -0.05380495 -0.02142894
v -0.13160405 -0.07326139 0.00068051
v -0.13111643 -0.07509574 0.0009226
v -0.13134573 -0.07477447 -0.00243332
v -0.13210604 -0.07237434 -0.0016973
v -0.13187328 -0.07232737 0.00237351
v -0.1314193 -0.07463998 0.00394628
v -0.13272849 -0.07050344 -0.00040658
v -0.13553324 -0.05216447 0.01138021
v -0.13451253 -0.05022059 0.01072034
v -0.13375883 -0.05095735 0.01403277
v -0.13569841 -0.05199723 0.01476197
v -0.13664278 -0.05402119 0.01094642
v -0.13556737 -0.05476723 0.00840035
v -0.13514574 -0.05233051 0.00775095
v -0.1350712 -0.04989071 0.00741474
v -0.13254613 -0.05214768 0.01682789
v -0.13369775 -0.05365254 0.01626864
v -0.1349241 -0.05479256 0.01516339
v -0.13736747 -0.0530345 0.01651122
v -0.13411726 -0.06068617 -0.01406395
v -0.13307182 -0.06134245 -0.0173461
v -0.13587759 -0.05911987 -0.01754157
v -0.1380049 -0.05734922 -0.01499778
v -0.13227963 -0.06508448 -0.01483042
v -0.13124499 -0.06405499 -0.01760723
v -0.1332248 -0.06437311 -0.01060032
v -0.13273752 -0.06723344 -0.01194135
v -0.1339926 -0.05755984 -0.01082195
v -0.13315904 -0.06151153 -0.00855819
v -0.13246131 -0.07333343 0.00676589
v -0.13231829 -0.07090876 0.00405759
v -0.13247095 -0.06922647 0.00593861
v -0.13307892 -0.0707361 0.00812026
v -0.13484794 -0.07613516 0.00656236
v -0.13302879 -0.07658831 0.00417353
v -0.14030464 -0.01520995 -0.01433264
v -0.14047615 -0.01589358 -0.01092983
v -0.14130501 -0.01735184 -0.00732092
v -0.14142333 -0.01458272 -0.0065277
v -0.14279827 -0.01295592 -0.00578959
v -0.14236523 -0.01082698 -0.0059179
v -0.14036775 -0.00848048 -0.00425042
v -0.13730679 -0.03054778 -0.02788173
v -0.13552235 -0.02783237 -0.02834693
v -0.1351341 -0.02737476 -0.03137973
v -0.13670927 -0.03017867 -0.03114362
v -0.13851628 -0.03290204 -0.03093272
v -0.13830242 -0.03328419 -0.02848099
v -0.13777117 -0.0299755 -0.02514482
v -0.13676584 -0.02786453 -0.0255766
v -0.13542187 -0.04153759 -0.01842793
v -0.13931698 -0.04059949 -0.01779095
v -0.14076939 -0.03686089 -0.01483307
v -0.1395753 -0.03602908 -0.01301545
v -0.14343178 -0.03788621 -0.01638681
v -0.13596518 -0.05297315 0.02907079
v -0.13340066 -0.05345409 0.0303545
v -0.13449225 -0.050224 0.03197706
v -0.13670748 -0.05012265 0.02970795
v -0.13540366 -0.05402726 0.02687618
v -0.13182686 -0.05578899 0.02823375
v -0.13703945 -0.05037575 0.02659088
v -0.1384836 -0.02920536 -0.00456025
v -0.13933754 -0.02818545 -0.00555514
v -0.13978349 -0.03039569 -0.00658735
v -0.13874523 -0.03102901 -0.00659812
v -0.13881752 -0.03144414 -0.00441637
v -0.13877499 -0.03076465 -0.00212516
v -0.13773589 -0.02864427 -0.00237274
v -0.13845767 -0.03238832 -0.00650742
v -0.13842003 -0.03482514 0.00774026
v -0.13695337 -0.03274022 0.00888581
v -0.14184886 -0.0316462 0.00955467
v -0.14112692 -0.03284147 0.00691334
v -0.13977298 -0.0352992 0.00456572
v -0.14070384 -0.03701499 0.00486545
v -0.13921568 -0.03692993 0.00801918
v -0.14104322 -0.03343664 0.00417547
v -0.14166637 -0.01416867 -0.00037589
v -0.14049503 -0.01073044 0.00015092
v -0.14225632 -0.00989401 -0.00188877
v -0.1434202 -0.01176085 -0.00275925
v -0.14043641 -0.0145185 0.00301163
v -0.13858451 -0.01151074 0.00282816
v -0.14211319 -0.01808505 0.00021092
v -0.14255667 -0.0175553 0.00345761
v -0.13939019 -0.0281851 0.01381254
v -0.13854037 -0.02597173 0.01543998
v -0.1435544 -0.02670098 0.01048925
v -0.14054713 -0.02952224 0.01152886
v -0.1361063 -0.0302676 0.01379795
v -0.13858043 -0.03062076 0.01653741
v -0.13649811 -0.03085338 0.01093907
v -0.13980721 -0.0324492 -0.01320196
v -0.14082715 -0.03238862 -0.01539674
v -0.14059734 -0.03124698 -0.01918421
v -0.1392498 -0.03028136 -0.02089038
v -0.14190949 -0.03259334 -0.01730522
v -0.13503607 -0.05585096 -0.02130539
v -0.13209072 -0.0543711 -0.02236535
v -0.13704783 -0.054787 -0.02392475
v -0.13744062 -0.05650157 -0.02257656
v -0.13668564 -0.05740117 -0.01994385
v -0.13408987 -0.05881289 -0.01984918
v -0.13215169 -0.05766753 -0.02190193
v -0.13836795 -0.05790211 -0.02111286
v -0.13735615 -0.05152404 0.02271755
v -0.13784094 -0.04630915 0.02774801
v -0.13812952 -0.04648373 0.02438231
v -0.13813139 -0.05022855 0.01934741
v -0.13692695 -0.05465559 0.01950311
v -0.13403356 -0.05713843 0.0211433
v -0.13423745 -0.05526536 0.02392626
v -0.13855128 -0.04987573 0.01682128
v -0.13601516 -0.05553299 0.01361193
v -0.13813369 -0.05433766 0.01518099
v -0.13553752 -0.07697825 0.00339296
v -0.13773295 -0.0767907 0.00457942
v -0.13999474 -0.07696386 0.0014939
v -0.13632745 -0.07737668 0.0010066
v -0.13297552 -0.07689968 0.00099204
v -0.13804622 -0.00840958 -0.00100718
v -0.13991196 -0.03318624 -0.00452503
v -0.13950917 -0.03330538 -0.00683286
v -0.1394414 -0.03276911 -0.00181939
v -0.14062491 -0.03283398 -0.00766378
v -0.14189173 -0.0328055 -0.00551685
v -0.14056419 -0.03545806 -0.00400183
v -0.139727 -0.03506873 -0.00139684
v -0.1428902 -0.03504782 -0.00525497
v -0.13818628 -0.05128837 -0.02290925
v -0.13692792 -0.05253563 -0.02550644
v -0.13582201 -0.05470533 -0.01504667
v -0.13530275 -0.05298117 -0.0124039
v -0.13888113 -0.05345573 -0.01611669
v -0.14317824 -0.0134464 -0.00402209
v -0.14188366 -0.01542855 -0.00351831
v -0.14172274 -0.01794029 0.00884494
v -0.14370309 -0.02135668 0.00896465
v -0.14612766 -0.02465408 0.00860297
v -0.13891847 -0.0393854 0.00984809
v -0.14302728 -0.03732307 0.00491111
v -0.14275336 -0.03702666 0.00802231
v -0.14185427 -0.03906991 0.01016689
v -0.13923138 -0.04977727 0.01420335
v -0.14093265 -0.04964854 0.01237571
v -0.13969307 -0.05176652 0.01096226
v -0.14004278 -0.05436935 0.01120124
v -0.14041936 -0.03314927 0.02479722
v -0.14031151 -0.03391396 0.02092494
v -0.14056723 -0.03654914 0.01992053
v -0.14105134 -0.0379757 0.02267449
v -0.14163405 -0.03777529 0.02711723
v -0.14127761 -0.0337995 0.02896265
v -0.1386278 -0.03011646 0.02255639
v -0.13948227 -0.0314098 0.02011622
v -0.14555077 -0.02934482 0.00947382
v -0.14471339 -0.0327579 0.00879553
v -0.14355855 -0.03332677 0.00696568
v -0.14056776 -0.03817783 -0.00102634
v -0.14118814 -0.03817052 -0.00400649
v -0.14040306 -0.03620614 0.0017167
v -0.14102039 -0.03413433 0.00114014
v -0.14119515 -0.0420306 -0.00184499
v -0.14298642 -0.04196321 0.00021408
v -0.14210691 -0.03922793 0.00045357
v -0.14146128 -0.03743476 0.00211886
v -0.1385051 -0.04799526 -0.02430989
v -0.13776739 -0.04550255 -0.0272038
v -0.13665016 -0.04748396 -0.02944251
v -0.13673949 -0.05005268 -0.027309
v -0.13970602 -0.04511278 -0.02360396
v -0.13890053 -0.04357018 -0.02585476
v -0.13980488 -0.05079822 -0.020276
v -0.14073823 -0.04803917 -0.02096131
v -0.14134026 -0.04546254 -0.02109866
v -0.14149837 -0.03024961 -0.00601796
v -0.14043191 -0.03154254 -0.00839607
v -0.13906021 -0.03099392 -0.00878945
v -0.14299943 -0.02940682 -0.00326261
v -0.14378783 -0.03195829 -0.00301687
v -0.14058225 -0.03844395 0.01770956
v -0.14086244 -0.04025193 0.01871594
v -0.13988779 -0.04236235 0.02232968
v -0.14006653 -0.04215543 0.02590059
v -0.13597073 -0.04394419 -0.02069059
v -0.13858302 -0.04296184 -0.02058646
v -0.14086196 -0.0433798 -0.02092557
v -0.14212011 -0.04257005 -0.01845513
v -0.14453076 -0.0412365 -0.01641812
v -0.14029422 -0.05448389 -0.01287732
v -0.14206363 -0.05224425 -0.01421685
v -0.14520968 -0.05085204 -0.01633062
v -0.14187191 -0.05078793 -0.01798888
v -0.14277676 -0.02630534 -0.01786526
v -0.13954605 -0.02594917 -0.02070359
v -0.13988052 -0.02828315 -0.02103861
v -0.1418217 -0.0292385 -0.01905513
v -0.14364518 -0.03131148 -0.0176341
v -0.14571139 -0.02936804 -0.01652996
v -0.14142178 -0.02275856 -0.01822924
v -0.1383246 -0.02358815 -0.02039323
v -0.14413345 -0.03439109 -0.00271268
v -0.14053096 -0.03189495 0.00041308
v -0.1433118 -0.03398655 0.00072232
v -0.14319989 -0.03142937 -0.00012702
v -0.14348249 -0.03368902 0.00422215
v -0.14080031 -0.0577839 -0.01538931
v -0.14173014 -0.05566363 -0.01245171
v -0.13833588 -0.05823966 -0.01809502
v -0.13971549 -0.06396968 0.01150384
v -0.1357362 -0.06594719 0.01166716
v -0.13476506 -0.06395244 0.01394545
v -0.13803247 -0.0614231 0.01390301
v -0.1414973 -0.05727705 0.0135533
v -0.14320742 -0.0597881 0.01264231
v -0.14565234 -0.06117006 0.01170323
v -0.14367537 -0.06472872 0.01058181
v -0.13949041 -0.06676148 0.00817819
v -0.1361573 -0.0680169 0.0094929
v -0.13745774 -0.07437043 0.00700551
v -0.13659984 -0.0724448 0.00717615
v -0.13931616 -0.07142884 0.00470159
v -0.13966745 -0.07417613 0.00497892
v -0.14229508 -0.05135726 0.00975715
v -0.14369838 -0.05274905 0.00997819
v -0.13896753 -0.0548338 0.01362321
v -0.13685922 -0.05532895 0.01193981
v -0.13917349 -0.05708703 0.01553838
v -0.14427544 -0.05469587 0.01151744
v -0.14449328 -0.03557727 0.00452282
v -0.144215 -0.03505146 0.00726831
v -0.14548619 -0.03474512 0.00905228
v -0.14521094 -0.03712562 0.00948696
v -0.14457451 -0.03964204 0.01042017
v -0.13979083 -0.05900294 -0.01930856
v -0.14176494 -0.05956071 -0.01708345
v -0.14615504 -0.05820142 -0.01570245
v -0.14444683 -0.0564704 -0.01478144
v -0.14364651 -0.04187695 0.01259016
v -0.14191008 -0.04131753 0.01560196
v -0.14090076 -0.03946944 0.01515682
v -0.14133213 -0.03983282 0.01260709
v -0.14757723 -0.04044968 0.00999101
v -0.14716749 -0.04411748 0.01106493
v -0.14223015 -0.04805959 -0.00338446
v -0.14308707 -0.04966264 -0.0056161
v -0.14551072 -0.05095986 -0.00411038
v -0.14426197 -0.04944931 -0.00094334
v -0.13897313 -0.06918064 -0.01384608
v -0.13700581 -0.06693719 -0.01748106
v -0.13438658 -0.06788855 -0.01673087
v -0.13552198 -0.06991991 -0.01378743
v -0.13592592 -0.07336393 -0.01078282
v -0.13837554 -0.07221664 -0.00938605
v -0.14164156 -0.06595699 -0.01603914
v -0.1393443 -0.06463455 -0.01810455
v -0.14239134 -0.06938291 -0.01038081
v -0.14407653 -0.06722759 -0.01455425
v -0.14442216 -0.03416592 -0.01668639
v -0.14258166 -0.03456938 -0.01564598
v -0.14767914 -0.03643527 -0.01574987
v -0.14718243 -0.03279608 -0.01597415
v -0.14808966 -0.03986412 -0.01564661
v -0.1456129 -0.05640725 0.01198456
v -0.14434806 -0.03662282 0.00075687
v -0.14311205 -0.03758952 0.00201173
v -0.14401703 -0.03931665 0.00053239
v -0.14559336 -0.03904585 -0.00077484
v -0.14490835 -0.03687619 -0.00286345
v -0.14614549 -0.03923607 -0.00329728
v -0.14237918 -0.05119342 -0.01176549
v -0.14424612 -0.05167543 -0.01191476
v -0.14423169 -0.05316146 -0.01385743
v -0.14604202 -0.05370366 -0.01567146
v -0.14352672 -0.05070616 0.00721008
v -0.14555992 -0.05209804 0.006768
v -0.14642443 -0.05141021 0.00996117
v -0.14595333 -0.05221807 0.01182926
v -0.14130072 -0.07372773 -0.005583
v -0.14066219 -0.07142524 -0.00717322
v -0.1399942 -0.07555136 -0.00658293
v -0.14091209 -0.07694943 -0.00254424
v -0.14227496 -0.07391003 -0.00248233
v -0.14256282 -0.07082497 -0.00320221
v -0.14483152 -0.04856326 0.01092559
v -0.14383274 -0.04810304 0.01193831
v -0.14515926 -0.04651282 0.01211882
v -0.14645013 -0.0492243 0.01216401
v -0.14423268 -0.04896712 0.00888167
v -0.14264205 -0.04949851 0.0106881
v -0.14639677 -0.0491836 0.0097729
v -0.14498484 -0.06998066 -0.01050862
v -0.14611974 -0.06873352 -0.01350359
v -0.14754607 -0.05197426 -0.00123608
v -0.14712703 -0.05014376 0.0014784
v -0.14238103 -0.05101646 -0.00815438
v -0.14439932 -0.05194662 -0.00778725
v -0.14298463 -0.06711685 0.00154945
v -0.14287318 -0.06518593 0.00601006
v -0.14474781 -0.0625262 0.00274676
v -0.14558689 -0.06339273 -0.00108294
v -0.14594114 -0.06346681 -0.00533347
v -0.14392884 -0.06725662 -0.00465522
v -0.13935368 -0.06887441 0.00558702
v -0.14177234 -0.0707329 0.00117239
v -0.14571626 -0.04743931 -0.01693977
v -0.14295322 -0.04791312 -0.01857568
v -0.14981705 -0.04975915 -0.01635344
v -0.14910722 -0.04644371 -0.01593034
v -0.14962511 -0.053575 -0.01658258
v -0.14621979 -0.04292648 -0.00522566
v -0.14441948 -0.04028512 -0.00504828
v -0.14719161 -0.04156511 -0.00351842
v -0.1428137 -0.04417061 -0.00489241
v -0.14191671 -0.04133637 -0.00441778
v -0.1494149 -0.04123357 -0.00455154
v -0.1491099 -0.04206383 -0.00679491
v -0.14696313 -0.04560958 -0.00661176
v -0.14356531 -0.04642475 -0.00591717
v -0.14950126 -0.04425805 -0.00835849
v -0.1412486 -0.06193223 -0.01812537
v -0.14409111 -0.06240628 -0.01633582
v -0.14758784 -0.06312823 -0.01468714
v -0.15063016 -0.05820331 -0.01527893
v -0.14617454 -0.04843155 0.00292913
v -0.14477354 -0.04738426 0.0007797
v -0.14874774 -0.05270547 0.00240182
v -0.15028252 -0.05175626 0.00455927
v -0.14775269 -0.04950806 0.00429764
v -0.14543422 -0.04934686 0.00510479
v -0.14973675 -0.05386709 -8.16E-06
v -0.14864898 -0.06444395 -0.00838935
v -0.14612208 -0.06768164 -0.00778471
v -0.14782527 -0.04304422 0.00050954
v -0.14547904 -0.0414413 0.00029218
v -0.14437728 -0.04421111 0.00092866
v -0.1493699 -0.04181322 -0.00210982
v -0.14689285 -0.04112909 -0.00154563
v -0.14609428 -0.04614875 0.00227582
v -0.14890172 -0.04564472 0.00325948
v -0.1513949 -0.04396131 0.0029781
v -0.15061101 -0.04130569 0.00107616
v -0.15225686 -0.03891139 -0.00246529
v -0.14703183 -0.04833935 -0.00806683
v -0.14405872 -0.04839959 -0.00723372
v -0.14511812 -0.05016161 -0.0098714
v -0.14314155 -0.04973474 -0.00941586
v -0.14818391 -0.05069445 -0.00807062
v -0.14561337 -0.05158639 -0.00929794
v -0.15053564 -0.04687915 -0.00914295
v -0.15200764 -0.04972706 -0.00922771
v -0.15056068 -0.04069385 0.00908745
v -0.15066406 -0.04383254 0.00973469
v -0.14321096 -0.04493923 0.01348497
v -0.14965923 -0.04754824 0.01225926
v -0.15137354 -0.04604411 0.01067738
v -0.14693961 -0.05155356 -0.00710046
v -0.14887366 -0.05319355 -0.00821398
v -0.14831936 -0.05256956 -0.00558845
v -0.15056205 -0.02770305 0.00115625
v -0.14725457 -0.02394635 0.00297985
v -0.14599253 -0.023976 -6.872E-05
v -0.14902906 -0.02614272 -0.0016231
v -0.15024279 -0.02727925 0.00517129
v -0.14759637 -0.02385513 0.00595977
v -0.15162273 -0.02738379 -0.00340174
v -0.15293396 -0.02954901 -0.00256711
v -0.15258232 -0.03168805 0.00159694
v -0.15197802 -0.03079236 0.00503067
v -0.15363966 -0.03323662 -0.00180635
v -0.14856037 -0.06626584 -0.0137391
v -0.15063471 -0.06468537 -0.01161734
v -0.15076751 -0.06135317 -0.0121908
v -0.1483862 -0.05973254 -0.00301715
v -0.14702728 -0.05980986 0.00125782
v -0.14913931 -0.057002 0.00070162
v -0.15000187 -0.05759527 -0.0019129
v -0.1472723 -0.05975789 -0.00704784
v -0.14644799 -0.04744693 0.00432215
v -0.1480751 -0.04721201 0.00567323
v -0.15092295 -0.04857368 0.00398163
v -0.1529308 -0.04654539 0.00379532
v -0.15040685 -0.03926945 -0.00971745
v -0.15067947 -0.03486392 -0.01061262
v -0.15056573 -0.03519076 -0.01399736
v -0.15129006 -0.03887796 -0.01396995
v -0.15167761 -0.04232059 -0.0141914
v -0.15135314 -0.04276987 -0.01090256
v -0.15046504 -0.03830251 -0.00595494
v -0.15103719 -0.03455557 -0.00740647
v -0.15246585 -0.05323766 0.00689921
v -0.15360618 -0.05150435 0.00685511
v -0.15231007 -0.05097886 0.00543807
v -0.15063332 -0.027258 -0.00569079
v -0.15217015 -0.03043586 -0.00557368
v -0.14761396 -0.02527619 -0.00468595
v -0.14816178 -0.06462987 0.00677411
v -0.1459578 -0.06528171 0.00662523
v -0.14700669 -0.06513921 0.00978985
v -0.14915651 -0.06473365 0.00843146
v -0.14855267 -0.06223011 0.00626687
v -0.14566697 -0.0620614 0.00537623
v -0.15036373 -0.06228227 0.00829171
v -0.14863963 -0.06191822 0.01051942
v -0.1503931 -0.05505142 -0.00276026
v -0.14918691 -0.05596971 -0.00513647
v -0.14691478 -0.07092616 -0.01037499
v -0.14863005 -0.06948167 -0.00847275
v -0.15027069 -0.06993303 -0.01047845
v -0.14837047 -0.07025135 -0.01244461
v -0.14962524 -0.06031602 -0.00947851
v -0.15089272 -0.06751558 -0.01105446
v -0.14995694 -0.06707028 -0.00885494
v -0.15210833 -0.0395149 0.00237786
v -0.15269937 -0.03669615 9.54E-06
v -0.15329853 -0.03432075 -0.00483238
v -0.14963236 -0.06814828 -0.01299702
v -0.15069322 -0.03070971 -0.00829947
v -0.1492494 -0.02712952 -0.00849071
v -0.14902464 -0.02722881 -0.0116177
v -0.15033577 -0.03092127 -0.01121941
v -0.14865892 -0.02777577 -0.01496271
v -0.14989834 -0.03144976 -0.01433515
v -0.14707054 -0.02408766 -0.01203679
v -0.14656632 -0.02445943 -0.01564054
v -0.14489819 -0.02134096 -0.01223295
v -0.14456309 -0.02140828 -0.01580548
v -0.14263991 -0.01870768 -0.01196531
v -0.14270318 -0.01835995 -0.01543552
v -0.14011893 -0.0197432 -0.01792858
v -0.13875934 -0.016107 -0.01736194
v -0.13561337 -0.01825807 -0.01822958
v -0.1367401 -0.02137112 -0.01945981
v -0.13670047 -0.01244092 -0.01628284
v -0.13443471 -0.0144995 -0.01800134
v -0.1340311 -0.00922666 -0.01556886
v -0.13262857 -0.01141592 -0.01813357
v -0.14255594 -0.01999637 -0.00805334
v -0.14447486 -0.02228559 -0.00827911
v -0.14486948 -0.02344846 -0.00386835
v -0.1430725 -0.02115404 -0.00347512
v -0.14688502 -0.02443275 -0.00833593
v -0.14368422 -0.02123903 0.00049739
v -0.14204299 -0.01839288 -0.00340885
v -0.14475609 -0.02069235 0.00358903
v -0.14507562 -0.02052465 0.00640595
v -0.14283487 -0.01729041 0.0063422
v -0.13955367 -0.01501824 0.00849227
v -0.14033589 -0.01442967 0.00594653
v -0.13740966 -0.01252059 0.00848209
v -0.13789633 -0.01185542 0.00572808
v -0.13506649 -0.01052694 0.00870424
v -0.13560322 -0.00940857 0.00595653
v -0.13642347 -0.00879008 0.00266213
v -0.13262959 -0.00898691 0.00941597
v -0.13027978 -0.00791365 0.01085895
v -0.13329019 -0.01265891 0.0098018
v -0.13528338 -0.01422252 0.00954589
v -0.13269539 -0.01567673 0.00902078
v -0.13151315 -0.01618448 0.00654433
v -0.15309444 -0.0349784 0.00261267
v -0.15331273 -0.03806183 0.00424169
v -0.15276149 -0.03739811 0.0066227
v -0.15254878 -0.03408921 0.00552794
v -0.15302289 -0.04238779 0.00383588
v -0.15393716 -0.04118796 0.00553187
v -0.15294741 -0.04071244 0.00758451
v -0.15077768 -0.03741209 0.00859664
v -0.15518655 -0.04420929 0.00649871
v -0.15341984 -0.04378943 0.00846236
v -0.15598221 -0.04708015 0.00773475
v -0.15392376 -0.04632291 0.00991525
v -0.15562937 -0.0494052 0.00892762
v -0.15373731 -0.04839131 0.01147114
v -0.15319094 -0.05060725 0.01234576
v -0.15449621 -0.05147396 0.009523
v -0.15279071 -0.05334624 0.00971468
v -0.15144733 -0.05265641 0.01224007
v -0.14893816 -0.05115467 0.01290663
v -0.1495757 -0.05484765 0.01172613
v -0.14747766 -0.05356092 0.01229498
v -0.14767855 -0.05774003 0.01160544
v -0.15123284 -0.05559046 0.00973548
v -0.15007477 -0.05855753 0.0101326
v -0.15164094 -0.05584811 0.00714542
v -0.15103982 -0.05899516 0.0076952
v -0.14978452 -0.05571808 0.00508733
v -0.14919904 -0.05914916 0.00572758
v -0.14786017 -0.0559986 0.00326633
v -0.14670222 -0.05913039 0.00420721
v -0.15532832 -0.04782326 0.00531622
v -0.15473135 -0.04985122 0.00631832
v -0.15470631 -0.04520389 0.00439297
v -0.15375437 -0.04812969 0.00451019
v -0.15289709 -0.04959599 0.00495565
v -0.14800233 -0.03743442 0.00947155
v -0.14810386 -0.03451086 0.00919278
v -0.15080392 -0.03414899 0.00803681
v -0.1472951 -0.03182527 0.00900214
v -0.15030903 -0.03094431 0.00785305
v -0.14868644 -0.02775541 0.00812416
v -0.14837602 -0.05627115 -0.00803144
v -0.15096335 -0.05653703 -0.00998307
v -0.15253232 -0.05747107 -0.01252334
v -0.15191579 -0.05310438 -0.00980456
v -0.15458703 -0.05332536 -0.01239627
v -0.15352708 -0.05353218 -0.01585815
v -0.15488625 -0.04901042 -0.01159861
v -0.15343773 -0.0490979 -0.01486973
v -0.15290551 -0.0456853 -0.01132554
v -0.15229386 -0.04562899 -0.01434996
v -0.14851432 -0.04314735 -0.01570701
v -0.14541616 -0.04425458 -0.0167972
v -0.14314058 -0.04509167 -0.0187081
v -0.1490718 -0.05285405 -0.0031869
v -0.14545883 -0.04828963 0.00645814
v -0.1470242 -0.04860038 0.00755931
v -0.14765972 -0.05045683 0.00764556
v -0.14888214 -0.04905263 0.00545839
v -0.14225376 -0.04741899 0.01341439
v -0.14079681 -0.04700169 0.01560999
v -0.14153863 -0.0440735 0.0158862
v -0.13957754 -0.04664041 0.01821781
v -0.14027062 -0.04324931 0.01883025
v -0.13867556 -0.04642053 0.02112508
v -0.1442171 -0.05306056 -0.01100537
v -0.14261885 -0.05374888 -0.01009144
v -0.14394446 -0.05487781 -0.01290462
v -0.14105311 -0.05264979 -0.0105109
v -0.13917458 -0.06100668 -0.0201155
v -0.1373692 -0.06329129 -0.02035512
v -0.13770345 -0.0597302 -0.02220496
v -0.13579458 -0.06186701 -0.02277475
v -0.13343109 -0.06390668 -0.02283625
v -0.13516212 -0.06538114 -0.02017786
v -0.13094708 -0.06519941 -0.02228255
v -0.13272765 -0.06653055 -0.01948298
v -0.12897004 -0.06515536 -0.02119666
v -0.13079241 -0.06624356 -0.01838789
v -0.13231629 -0.0674234 -0.01578632
v -0.1331636 -0.06938988 -0.01313742
v -0.13332725 -0.07239012 -0.01016648
v -0.1328647 -0.07012549 -0.00896723
v -0.13240369 -0.07306623 -0.00586766
v -0.13301089 -0.07556754 -0.00671169
v -0.13320066 -0.06755823 -0.00765091
v -0.13297829 -0.07051489 -0.00474997
v -0.13349234 -0.06508801 -0.00599493
v -0.13337222 -0.06825875 -0.00332458
v -0.13355805 -0.06633562 -0.00147626
v -0.13310218 -0.06879115 0.00128376
v -0.13338609 -0.06307402 -0.00398583
v -0.13326596 -0.06172961 -0.0013598
v -0.13360491 -0.06481812 0.00089753
v -0.13263696 -0.05930499 -0.00617143
v -0.13263486 -0.05810333 -0.00313056
v -0.13301036 -0.05734722 4.888E-05
v -0.13343796 -0.06071894 0.00167837
v -0.13433355 -0.05542205 -0.00786986
v -0.13443437 -0.05438571 -0.00468058
v -0.134578 -0.05379372 -0.00143677
v -0.13486958 -0.05329263 0.00170037
v -0.13386232 -0.05657914 0.00299914
v -0.13465819 -0.05061472 -0.00589724
v -0.13476928 -0.0501988 -0.00247628
v -0.13495091 -0.04995029 0.00086464
v -0.1351855 -0.04982872 0.00414439
v -0.13517033 -0.05275507 0.00472575
v -0.13393603 -0.04673099 -0.00328524
v -0.13421233 -0.0466744 0.00018859
v -0.13464978 -0.0469173 0.00368881
v -0.1347973 -0.04743312 0.00725026
v -0.13421527 -0.04815973 0.01074971
v -0.13397016 -0.04592882 0.01115023
v -0.13428569 -0.04363381 0.01190131
v -0.13323788 -0.04700815 0.01486956
v -0.13325904 -0.04912239 0.01427321
v -0.13193487 -0.04833091 0.01826118
v -0.13166654 -0.05038942 0.01735029
v -0.12984698 -0.04989197 0.02116217
v -0.12949619 -0.05205232 0.01981888
v -0.13023119 -0.05399735 0.0184491
v -0.12673201 -0.053975 0.02174776
v -0.12768328 -0.0561737 0.01963132
v -0.12923154 -0.05793625 0.0173227
v -0.13140604 -0.05567853 0.01686043
v -0.12564717 -0.0585004 0.02085394
v -0.12774926 -0.06025845 0.01803419
v -0.12489103 -0.06079733 0.0223157
v -0.12732902 -0.06233563 0.01894073
v -0.12929963 -0.06358453 0.01593737
v -0.12948297 -0.06239978 0.01971624
v -0.13111159 -0.06386931 0.01674904
v -0.13227527 -0.06555483 0.01422495
v -0.13067505 -0.0649258 0.01314853
v -0.13295311 -0.06739696 0.01206463
v -0.13167764 -0.06626824 0.01056255
v -0.13325366 -0.06899881 0.00991779
v -0.13227889 -0.06764995 0.00812557
v -0.13280922 -0.06570347 0.00601039
v -0.13310739 -0.0671996 0.00343346
v -0.13347909 -0.06348352 0.00377348
v -0.13620646 -0.07015739 0.00781518
v -0.13344467 -0.06220556 0.01643346
v -0.13201641 -0.06079094 0.01932262
v -0.13479972 -0.05867345 0.01850807
v -0.13632591 -0.05992939 0.01608776
v -0.13773003 -0.05630161 0.01741191
v -0.13094003 -0.05945137 0.02251692
v -0.13074784 -0.05771909 0.02555631
v -0.12774619 -0.06082414 0.02316316
v -0.12694335 -0.05849241 0.02664609
v -0.12780082 -0.05569217 0.0295086
v -0.12369153 -0.05788748 0.02587606
v -0.1241115 -0.0544544 0.02904735
v -0.12653325 -0.0511546 0.03058135
v -0.12965897 -0.05264038 0.0312276
v -0.12393832 -0.05587767 0.02356819
v -0.12468021 -0.05274344 0.02619654
v -0.12691151 -0.04987219 0.02779561
v -0.12854971 -0.0471063 0.02873482
v -0.12820296 -0.04815776 0.03159603
v -0.12736972 -0.05148723 0.02369054
v -0.12893446 -0.04884269 0.02504551
v -0.13016991 -0.04612095 0.02590739
v -0.13072987 -0.04342248 0.02653121
v -0.12949513 -0.04435969 0.02933128
v -0.13095951 -0.04748498 0.02223324
v -0.13180694 -0.04488162 0.02300892
v -0.13193214 -0.04229072 0.02365153
v -0.13181572 -0.03974867 0.02440647
v -0.13055821 -0.04078847 0.02710465
v -0.13379472 -0.03862162 0.02200489
v -0.13605875 -0.03755118 0.0200087
v -0.13843961 -0.03659034 0.01875907
v -0.13854086 -0.03456946 0.01926124
v -0.13843797 -0.0325774 0.01852625
v -0.13868707 -0.02896846 0.01797446
v -0.13737397 -0.0275833 0.0198067
v -0.13720967 -0.02457715 0.01718205
v -0.13607575 -0.02308524 0.01919854
v -0.13521558 -0.02045888 0.01727047
v -0.13639313 -0.02577985 0.02199604
v -0.13599545 -0.02331325 0.02406734
v -0.13515837 -0.02125311 0.02123028
v -0.1375117 -0.02787317 0.02516027
v -0.13686742 -0.02476271 0.02731851
v -0.13718098 -0.02059007 0.02882637
v -0.1356851 -0.02009474 0.02580137
v -0.13874666 -0.02939915 0.02811404
v -0.13836487 -0.025468 0.0303674
v -0.13875027 -0.02057425 0.03192145
v -0.1368736 -0.0157196 0.03366441
v -0.13739923 -0.01552709 0.03028595
v -0.13940386 -0.02600869 0.03346546
v -0.13777569 -0.02111551 0.03477984
v -0.13459559 -0.0166718 0.03595575
v -0.13036622 -0.0132274 0.03697485
v -0.13294819 -0.01171026 0.03513564
v -0.13194454 -0.01804981 0.03711153
v -0.12798397 -0.01516953 0.03807291
v -0.12356891 -0.01328888 0.03935843
v -0.12581989 -0.01104919 0.03824972
v -0.12929606 -0.02039167 0.03754129
v -0.1256298 -0.01757238 0.03821825
v -0.12123188 -0.01576243 0.03932131
v -0.11696393 -0.01440741 0.04042703
v -0.11923128 -0.01183202 0.04043791
v -0.12396446 -0.02041434 0.03864686
v -0.11965054 -0.0185797 0.03896079
v -0.11520389 -0.01708142 0.03981834
v -0.11112533 -0.01552258 0.04013297
v -0.11296676 -0.01302663 0.04128527
v -0.10915052 -0.0113653 0.04175493
v -0.11132088 -0.0090236 0.04160158
v -0.11519506 -0.01050506 0.04124495
v -0.10721943 -0.01384005 0.04050542
v -0.10347176 -0.01204823 0.04135279
v -0.10536855 -0.00939284 0.04236817
v -0.10598259 -0.01699478 0.03953042
v -0.10195149 -0.01533454 0.03993444
v -0.09837137 -0.014016 0.0418774
v -0.09986106 -0.0104589 0.04309427
v -0.10516864 -0.02032616 0.03962485
v -0.10098284 -0.01895825 0.03997507
v -0.09735075 -0.01765941 0.04179303
v -0.09423391 -0.01643262 0.04433215
v -0.09535866 -0.0129469 0.04480489
v -0.10029427 -0.02209624 0.04081307
v -0.09650652 -0.02096356 0.04242799
v -0.09322335 -0.01986248 0.04462576
v -0.09047791 -0.01871429 0.04714298
v -0.09186439 -0.01529366 0.04761461
v -0.09565571 -0.02389514 0.04302701
v -0.09198596 -0.02312868 0.04519337
v -0.08887861 -0.0221031 0.04737014
v -0.09048103 -0.02593617 0.04519259
v -0.08646967 -0.02482552 0.04754534
v -0.08376678 -0.02643359 0.04640852
v -0.08004604 -0.02363353 0.04928104
v -0.08883155 -0.02733382 0.04371177
v -0.08816531 -0.02543936 0.04212903
v -0.08303324 -0.02458346 0.04426711
v -0.09483176 -0.02634317 0.04301034
v -0.09379689 -0.02694581 0.04147434
v -0.09305952 -0.02557959 0.03991701
v -0.09241299 -0.02362982 0.03850619
v -0.08791769 -0.0230055 0.04076863
v -0.09828875 -0.02705517 0.03951757
v -0.09904447 -0.02697125 0.04132427
v -0.10308216 -0.02760896 0.03990925
v -0.1026404 -0.02742224 0.03790793
v -0.10721612 -0.02850162 0.039019
v -0.10704959 -0.02819821 0.03672288
v -0.11174944 -0.02999355 0.03850402
v -0.11166269 -0.02925284 0.03599453
v -0.11183231 -0.02782066 0.03361843
v -0.11621217 -0.03006684 0.03557163
v -0.115964 -0.02879938 0.0330173
v -0.11602014 -0.027365 0.03042199
v -0.11221521 -0.0262907 0.03091699
v -0.1197045 -0.02976575 0.032208
v -0.11964611 -0.02855977 0.02965642
v -0.12024841 -0.0267872 0.02732578
v -0.12453045 -0.02583758 0.02386786
v -0.12183202 -0.02447084 0.02512182
v -0.12653764 -0.02308951 0.02214002
v -0.12425484 -0.02191348 0.02303267
v -0.12166899 -0.02080068 0.02266457
v -0.11916403 -0.01990202 0.02113583
v -0.12668002 -0.0194362 0.02149992
v -0.1246561 -0.01864597 0.02065933
v -0.12275271 -0.01777263 0.0191435
v -0.1210033 -0.0170542 0.01714209
v -0.11785133 -0.019409 0.01826888
v -0.12574834 -0.01586911 0.01809303
v -0.12426671 -0.01516634 0.01618503
v -0.12328945 -0.01492565 0.01393141
v -0.11989258 -0.01724997 0.01471139
v -0.12833415 -0.01361207 0.01798819
v -0.12740433 -0.01313889 0.01594926
v -0.12690535 -0.01288833 0.01386189
v -0.1195762 -0.01784986 0.0122695
v -0.11732399 -0.02045686 0.01277234
v -0.11725285 -0.01970489 0.01539679
v -0.1150899 -0.02197108 0.01219788
v -0.11471439 -0.02132937 0.01510321
v -0.1128202 -0.0214705 0.01033639
v -0.11396444 -0.02193005 0.0077598
v -0.11187442 -0.02073389 0.00517382
v -0.11051219 -0.02011825 0.00768276
v -0.11574677 -0.02279752 0.00986077
v -0.11684006 -0.02391586 0.00784892
v -0.11518113 -0.02305104 0.00549005
v -0.11786909 -0.02142228 0.01061795
v -0.11906344 -0.02278258 0.00926633
v -0.12067305 -0.02417808 0.00823585
v -0.11844398 -0.02501816 0.00593091
v -0.11990192 -0.01871648 0.01006386
v -0.12129012 -0.02009238 0.0089304
v -0.12303499 -0.02146087 0.00843561
v -0.12511486 -0.02262952 0.00812643
v -0.11862939 -0.02565882 0.00146494
v -0.11674292 -0.02430384 0.00333912
v -0.11696243 -0.02475037 -0.00142307
v -0.11496865 -0.02325244 0.00064174
v -0.11320948 -0.02199097 0.00287444
v -0.11274233 -0.02217372 -0.00211443
v -0.11069024 -0.02094358 2.468E-05
v -0.10889882 -0.01987856 0.00216368
v -0.10786489 -0.01948498 -0.00283115
v -0.10574481 -0.01839872 -0.00090157
v -0.10369342 -0.01768802 0.00104273
v -0.10721277 -0.01919618 0.00440229
v -0.10184411 -0.01724002 0.00320463
v -0.09968488 -0.01631978 -0.00163224
v -0.09781798 -0.01560404 0.00050283
v -0.09561693 -0.0148885 -0.00366794
v -0.09383312 -0.01398677 -0.00140323
v -0.0915124 -0.01334967 -0.00549231
v -0.08970322 -0.01256726 -0.00290502
v -0.08824806 -0.01168514 5.54E-05
v -0.08590136 -0.01050979 -0.0042027
v -0.08463252 -0.00978137 -0.00080679
v -0.08355563 -0.00908292 0.00295635
v -0.08685049 -0.01091543 0.00349097
v -0.08289978 -0.00841308 0.00708612
v -0.08576913 -0.01016961 0.00740671
v -0.08295356 -0.00786554 0.01141445
v -0.08549377 -0.00941536 0.01154903
v -0.08830413 -0.01069198 0.01218664
v -0.08591133 -0.0091486 0.01577109
v -0.08846648 -0.01032045 0.01608534
v -0.0913922 -0.01091314 0.01668961
v -0.0915651 -0.01142064 0.01339229
v -0.09441394 -0.01022771 0.01729601
v -0.0947972 -0.0108434 0.01465705
v -0.09734436 -0.00856933 0.01768319
v -0.09786641 -0.00896386 0.01524706
v -0.0992139 -0.01024615 0.01353774
v -0.10113902 -0.01176238 0.01264941
v -0.10122685 -0.00714053 0.01576804
v -0.10260773 -0.00843704 0.01432083
v -0.10433739 -0.00995908 0.0135443
v -0.10607963 -0.01164662 0.01382793
v -0.10338611 -0.01334689 0.01291763
v -0.1059951 -0.00694784 0.01532147
v -0.10747235 -0.00835531 0.01467426
v -0.10868193 -0.00993635 0.01513277
v -0.10917931 -0.01120601 0.01670775
v -0.10666882 -0.01289303 0.01602547
v -0.11191285 -0.00958783 0.01735674
v -0.11181016 -0.01005456 0.01903971
v -0.10913935 -0.01168222 0.0189067
v -0.11500616 -0.00821983 0.01775486
v -0.11501195 -0.00899841 0.01939558
v -0.11437983 -0.00839505 0.02106056
v -0.11128988 -0.00951652 0.02069036
v -0.11792151 -0.00669894 0.0182875
v -0.11797958 -0.00763346 0.01992162
v -0.11740121 -0.00716772 0.02166542
v -0.11654396 -0.00570359 0.02275556
v -0.11349484 -0.00699823 0.021996
v -0.12084872 -0.00656647 0.02052706
v -0.12038925 -0.00617656 0.02240569
v -0.11960999 -0.0046181 0.02384185
v -0.11843614 -0.00247988 0.02454104
v -0.11545864 -0.00390351 0.02318601
v -0.11393815 -0.00227493 0.02346807
v -0.11113821 -0.00412908 0.02240425
v -0.1124078 -0.00549818 0.02246859
v -0.11673182 -0.00036035 0.0249417
v -0.11849372 0.00115718 0.02749237
v -0.11953689 0.00234116 0.0304294
v -0.11955767 0.00224815 0.03373376
v -0.11500753 0.00319052 0.03494548
v -0.11164459 0.00430418 0.03590903
v -0.1185158 0.00051274 0.03629659
v -0.11436428 0.00146573 0.03773381
v -0.11053192 0.00201513 0.03853275
v -0.11364532 -0.00081713 0.0394595
v -0.11047567 0.00029876 0.04104476
v -0.11198971 -0.00303485 0.04072462
v -0.10957173 -0.00134095 0.0431761
v -0.10797863 0.00113433 0.0455871
v -0.10717777 0.00468169 0.04772247
v -0.10729528 -0.00319189 0.04447591
v -0.10517297 -0.00062476 0.04692549
v -0.1034591 0.00261786 0.04894271
v -0.10189653 -0.00299823 0.04740851
v -0.10005505 -0.00055356 0.04943093
v -0.09808652 0.00207297 0.0512147
v -0.09605144 0.00438232 0.05302003
v -0.09704536 -0.00418472 0.04936707
v -0.09523305 -0.00225963 0.05185119
v -0.0927324 -0.00030174 0.05346262
v -0.09055309 0.00107467 0.05528315
v -0.09417184 0.00596463 0.05479404
v -0.09273584 -0.00644954 0.05171641
v -0.09041812 -0.00501384 0.05427365
v -0.0875231 -0.00377079 0.05589223
v -0.08464692 -0.00244788 0.05575205
v -0.08816972 0.00230612 0.05539855
v -0.08846115 -0.00945096 0.05461686
v -0.08504498 -0.00838515 0.05615716
v -0.08162627 -0.00687416 0.05555995
v -0.08358339 -0.00163177 0.05305703
v -0.08306623 -0.01249136 0.05557627
v -0.07898745 -0.01099272 0.05510381
v -0.07740366 -0.01541041 0.05398342
v -0.07807193 -0.01977132 0.05184412
v -0.07664236 -0.01808213 0.04892742
v -0.07854486 -0.0151999 0.04625313
v -0.07897249 -0.02192112 0.04663669
v -0.08050121 -0.01899775 0.04453877
v -0.08200747 -0.01598972 0.04227512
v -0.08062491 -0.01213183 0.0438166
v -0.0836667 -0.02171436 0.04267265
v -0.0843875 -0.01877537 0.04068261
v -0.08503135 -0.01599811 0.03822757
v -0.08310027 -0.01325666 0.03957435
v -0.08779451 -0.02046998 0.03894481
v -0.08771423 -0.01800482 0.03671061
v -0.08753522 -0.01570548 0.03411392
v -0.08537591 -0.01360014 0.03537569
v -0.09178494 -0.02146353 0.0368535
v -0.09111146 -0.01926877 0.03492222
v -0.09043267 -0.01705545 0.03272818
v -0.08962975 -0.01487128 0.03017489
v -0.08717759 -0.01352665 0.03121302
v -0.0948793 -0.01985978 0.03286564
v -0.09373383 -0.01769245 0.03111723
v -0.09251218 -0.01552387 0.02905089
v -0.09127638 -0.01346642 0.02646825
v -0.08869956 -0.01277286 0.02717511
v -0.09705765 -0.01774354 0.0293522
v -0.09559799 -0.01554757 0.02786989
v -0.09413728 -0.01346063 0.02582685
v -0.09288456 -0.01186567 0.0231237
v -0.09017862 -0.01171433 0.0233846
v -0.09704368 -0.01303647 0.02509268
v -0.09572159 -0.0113899 0.02286148
v -0.09484092 -0.01052728 0.02012448
v -0.09194429 -0.01108518 0.01998448
v -0.10002805 -0.01193459 0.02445298
v -0.09864811 -0.01039176 0.02257131
v -0.09775632 -0.00927612 0.02022931
v -0.10166453 -0.00894379 0.02241144
v -0.10083047 -0.00787718 0.02035271
v -0.10063715 -0.00709892 0.01805307
v -0.10396296 -0.00627822 0.0206864
v -0.10398611 -0.00571956 0.01859809
v -0.10474507 -0.0058827 0.01663838
v -0.10722356 -0.00435307 0.01914482
v -0.10798833 -0.00464836 0.01751436
v -0.10995249 -0.00250699 0.01965534
v -0.1072283 -0.00478871 0.02092329
v -0.11012377 -0.00303567 0.02138366
v -0.10803543 -0.00570508 0.02233077
v -0.10474782 -0.0072 0.02254816
v -0.10625288 -0.00860283 0.02339462
v -0.10935102 -0.0070425 0.02273909
v -0.10776629 -0.010132 0.02281515
v -0.11050557 -0.00843657 0.02204522
v -0.10873568 -0.01129038 0.0211367
v -0.10497558 -0.01206214 0.02380484
v -0.10650879 -0.01340892 0.02195735
v -0.1067169 -0.01346964 0.01891162
v -0.10524839 -0.01558697 0.01894128
v -0.10473944 -0.01472517 0.01524789
v -0.10482421 -0.01756983 0.01844606
v -0.10356036 -0.0163346 0.01422527
v -0.10524257 -0.02066136 0.02292927
v -0.10753424 -0.02179013 0.02251294
v -0.10311619 -0.01032807 0.02386365
v -0.08924296 -0.01065604 0.01985697
v -0.08672985 -0.00971631 0.01987334
v -0.08775494 -0.01091002 0.02374191
v -0.08464027 -0.00836795 0.02014041
v -0.08573151 -0.00964052 0.0242542
v -0.08658335 -0.0114572 0.02795373
v -0.08416826 -0.00802153 0.02495672
v -0.08505335 -0.00963256 0.02880993
v -0.08545234 -0.01149768 0.03225805
v -0.08403733 -0.00744635 0.02971051
v -0.08433233 -0.00902939 0.03329003
v -0.08392097 -0.01093387 0.03657429
v -0.08382177 -0.00623987 0.03428188
v -0.08310074 -0.00779573 0.03772737
v -0.0820372 -0.0097245 0.04091013
v -0.08354244 -0.00424408 0.03881994
v -0.08414145 -0.0031663 0.03515754
v -0.08534016 4.6E-07 0.03570133
v -0.08509332 -0.00060615 0.03948826
v -0.08741337 0.00312089 0.0357125
v -0.08772039 0.0028641 0.03949148
v -0.08782604 0.00262817 0.04306131
v -0.09066457 0.00617182 0.03899337
v -0.09102339 0.00635259 0.04263234
v -0.09123749 0.00665297 0.04605258
v -0.08780146 0.00250679 0.04643346
v -0.09138281 0.00698489 0.04925308
v -0.08778124 0.00248712 0.04963919
v -0.09138105 0.00727274 0.05225866
v -0.08743641 0.00268077 0.05274257
v -0.091876 0.00720735 0.05485116
v -0.09498768 0.0118913 0.05167703
v -0.09548289 0.01211992 0.05450007
v -0.09813373 0.01062036 0.05472288
v -0.09896896 0.01675288 0.05344556
v -0.1018564 0.01495879 0.0538827
v -0.10216656 0.02024716 0.05098987
v -0.1054743 0.01880623 0.05237494
v -0.10467979 0.023416 0.04823278
v -0.10842711 0.02214968 0.04996896
v -0.11108682 0.01959079 0.04866694
v -0.11501762 0.02012423 0.04277659
v -0.1133855 0.01751036 0.04574487
v -0.11567647 0.01795123 0.03908398
v -0.11419095 0.01557323 0.04156888
v -0.11505876 0.01552312 0.03521524
v -0.11354262 0.01351281 0.03723313
v -0.11247843 0.01101955 0.03922126
v -0.1154585 0.02016712 0.03670608
v -0.11380922 0.01768449 0.03372401
v -0.11180166 0.02153829 0.03609409
v -0.11047699 0.01934097 0.03349193
v -0.109446 0.01762202 0.0307338
v -0.10632539 0.02041842 0.03420093
v -0.10548937 0.01855111 0.0316184
v -0.10868514 0.0161968 0.02822418
v -0.10877737 0.01594764 0.02584476
v -0.11019439 0.01837569 0.02530706
v -0.11417273 0.01785802 0.02563656
v -0.11501377 0.02182045 0.02312199
v -0.11634679 0.01774771 0.02359454
v -0.11212397 0.02101086 0.02167708
v -0.10130294 0.01807287 0.03296878
v -0.09769575 0.01599183 0.03476455
v -0.09607862 0.01248334 0.0368505
v -0.0950807 0.01189097 0.032877
v -0.09374137 0.01151413 0.02874191
v -0.09357436 0.00930817 0.03817063
v -0.09271426 0.0089385 0.03420634
v -0.09147442 0.00871247 0.03010017
v -0.09001577 0.00609238 0.03516069
v -0.0889678 0.00609518 0.03119785
v -0.08698893 0.00618864 0.02735528
v -0.08328417 0.00632752 0.02417919
v -0.08673314 0.0033469 0.03177101
v -0.08503129 0.00361851 0.02795355
v -0.08170844 0.00391071 0.02464268
v -0.07722619 0.0035783 0.021319
v -0.07768716 0.00601653 0.02167678
v -0.08350185 0.00102402 0.0279432
v -0.08058888 0.00146191 0.02434603
v -0.07716157 0.00146511 0.02045825
v -0.07353164 0.0008472 0.01632751
v -0.07251758 0.00253926 0.01751137
v -0.08030874 -0.00086867 0.02350534
v -0.07755066 -0.00058489 0.01932533
v -0.07484503 -0.00109018 0.01492677
v -0.07282954 -0.00201383 0.01002793
v -0.07063366 -0.00050392 0.01140184
v -0.07847806 -0.00256746 0.0180992
v -0.07639142 -0.00284779 0.01358707
v -0.07505923 -0.00351539 0.00880975
v -0.07438499 -0.00430719 0.00382873
v -0.07166553 -0.00305049 0.00481448
v -0.07827069 -0.00454556 0.01246311
v -0.07744557 -0.00503984 0.0078212
v -0.07728069 -0.00572989 0.00312569
v -0.07776196 -0.00635301 -0.00142752
v -0.07451137 -0.00494735 -0.00113589
v -0.08012522 -0.00668802 0.00721821
v -0.08038446 -0.00732484 0.00282019
v -0.0811622 -0.00795609 -0.00132485
v -0.08222633 -0.00848314 -0.00516921
v -0.07866549 -0.00674658 -0.00568074
v -0.07978095 -0.00703879 -0.00963578
v -0.07631159 -0.00527069 -0.01009832
v -0.07527948 -0.00519135 -0.0058114
v -0.0835024 -0.00904433 -0.0087334
v -0.08746067 -0.01127115 -0.00725773
v -0.09400184 -0.01391051 -0.0078299
v -0.09681886 -0.01483274 -0.01006767
v -0.09793858 -0.01577061 -0.00574403
v -0.10075627 -0.01647434 -0.00778208
v -0.10361451 -0.01760899 -0.0098547
v -0.10012037 -0.01584046 -0.01215084
v -0.1019972 -0.01701817 -0.00350958
v -0.10450028 -0.01793992 -0.00543033
v -0.10705788 -0.01917953 -0.00744018
v -0.10956587 -0.02060139 -0.00947483
v -0.10635305 -0.01897683 -0.01199634
v -0.11012217 -0.02079141 -0.00482192
v -0.11249277 -0.02223777 -0.00687781
v -0.11493146 -0.02369118 -0.00420921
v -0.1188315 -0.0269689 -0.00283739
v -0.1220367 -0.02868014 -0.00365537
v -0.12057495 -0.02753592 0.00026181
v -0.12359971 -0.02890171 -0.00049554
v -0.12646124 -0.03102114 -0.00076815
v -0.12553971 -0.03067028 -0.00394397
v -0.1290022 -0.03364128 -0.00076503
v -0.12833035 -0.03339407 -0.00400566
v -0.12784381 -0.03302481 -0.00727288
v -0.12468256 -0.03017422 -0.00721207
v -0.13000765 -0.03671395 -0.00402888
v -0.12965494 -0.0365543 -0.00751276
v -0.12984048 -0.0404867 -0.00381427
v -0.13157132 -0.04366955 -0.00371625
v -0.13386548 -0.04704151 -0.00686047
v -0.13469666 -0.05140861 -0.00929274
v -0.13404869 -0.04785383 -0.01051456
v -0.10886351 -0.02029972 -0.01418196
v -0.10584597 -0.01875038 -0.01686153
v -0.10308582 -0.0173453 -0.01435747
v -0.09983326 -0.01579141 -0.01661293
v -0.09644003 -0.01401232 -0.01453696
v -0.11080344 -0.02163184 -0.01629473
v -0.11210422 -0.0228982 -0.01810904
v -0.11354794 -0.02343051 -0.01973653
v -0.1114407 -0.02217085 -0.02211458
v -0.1162356 -0.02503671 -0.01779805
v -0.11971853 -0.02698455 -0.01673071
v -0.11199027 -0.01998363 -0.02471889
v -0.1100716 -0.02167999 -0.02546108
v -0.11188506 -0.01996049 -0.02833028
v -0.10933231 -0.02187236 -0.02970987
v -0.10619213 -0.02368343 -0.03527535
v -0.10629196 -0.02575973 -0.03945231
v -0.10626812 -0.02868442 -0.04204875
v -0.10664896 -0.03043698 -0.04488184
v -0.10289231 -0.02906751 -0.04551112
v -0.11074092 -0.03041576 -0.04360296
v -0.11180556 -0.02733667 -0.04541088
v -0.10830204 -0.02719599 -0.04647177
v -0.11382633 -0.02961306 -0.04224893
v -0.11504237 -0.02743527 -0.04443434
v -0.11780628 -0.02810989 -0.04350881
v -0.1201285 -0.02546465 -0.04460732
v -0.11703798 -0.0242778 -0.04576374
v -0.11638071 -0.02981225 -0.04142953
v -0.11863637 -0.03051603 -0.04091501
v -0.11981446 -0.02952014 -0.04296669
v -0.12108684 -0.0317103 -0.04297137
v -0.123851 -0.02986336 -0.04380669
v -0.12248512 -0.02715317 -0.043409
v -0.12033598 -0.03215202 -0.04068728
v -0.12223442 -0.03409547 -0.04035463
v -0.12227401 -0.03432339 -0.04280455
v -0.12390678 -0.03706651 -0.04179173
v -0.12624548 -0.03616418 -0.04313894
v -0.12490906 -0.03292213 -0.04396505
v -0.12409751 -0.03641745 -0.03956739
v -0.12546942 -0.03906494 -0.03814717
v -0.12547044 -0.03973801 -0.04029789
v -0.12532602 -0.03534763 -0.03717752
v -0.12677602 -0.03806622 -0.03603735
v -0.12783985 -0.04100337 -0.03451333
v -0.1267014 -0.04180852 -0.03656999
v -0.12871693 -0.03719269 -0.03373514
v -0.12972495 -0.04018999 -0.03259332
v -0.13034257 -0.043155 -0.0310198
v -0.12897208 -0.04402252 -0.03307946
v -0.13132733 -0.03659029 -0.03158724
v -0.13199954 -0.03945763 -0.03077685
v -0.13245335 -0.0421561 -0.02934151
v -0.13436593 -0.03877947 -0.02909943
v -0.13469447 -0.04114498 -0.02783108
v -0.13659658 -0.03813322 -0.02759595
v -0.13684498 -0.04018453 -0.02640688
v -0.13724583 -0.04209155 -0.02499931
v -0.13783857 -0.04342833 -0.02312705
v -0.13904117 -0.04006573 -0.02628472
v -0.13918838 -0.04204931 -0.02486216
v -0.13957931 -0.04344154 -0.02313533
v -0.13904795 -0.04137871 -0.02776019
v -0.13885432 -0.03800765 -0.02765866
v -0.13953158 -0.03887987 -0.02932472
v -0.13939361 -0.04015971 -0.031067
v -0.13820651 -0.04300115 -0.02936684
v -0.13920262 -0.04152502 -0.03313234
v -0.13742673 -0.04472177 -0.03146271
v -0.13922347 -0.04260459 -0.03569507
v -0.13666397 -0.04614961 -0.03385783
v -0.13574389 -0.04933662 -0.03194299
v -0.13578591 -0.05211142 -0.03001329
v -0.13592412 -0.04720676 -0.0362268
v -0.13494487 -0.05097455 -0.03435183
v -0.13478491 -0.05432728 -0.03236608
v -0.13393092 -0.0566161 -0.02979177
v -0.13584389 -0.05437274 -0.02790407
v -0.13319013 -0.05214824 -0.03628384
v -0.1323507 -0.05596298 -0.03415754
v -0.13116854 -0.05858439 -0.03125323
v -0.13105355 -0.06064186 -0.02841687
v -0.13397135 -0.05855479 -0.02747402
v -0.12896258 -0.05631441 -0.03491683
v -0.12779644 -0.05957466 -0.03205616
v -0.12788361 -0.06201711 -0.02867027
v -0.12922016 -0.0638027 -0.02535802
v -0.13199015 -0.06238581 -0.0256256
v -0.12459227 -0.05929754 -0.03146646
v -0.12495562 -0.06221345 -0.02781476
v -0.1269349 -0.06392489 -0.02430391
v -0.12531498 -0.06021233 -0.02606853
v -0.12744814 -0.06192789 -0.02315887
v -0.12951225 -0.06314805 -0.02036042
v -0.12953773 -0.05972619 -0.02245022
v -0.1314981 -0.06088318 -0.02001366
v -0.12744506 -0.05808688 -0.02471132
v -0.12995708 -0.05608748 -0.0236949
v -0.12610617 -0.05598842 -0.02727497
v -0.12850687 -0.05425476 -0.02567118
v -0.13052781 -0.05258784 -0.02381725
v -0.12881362 -0.05229424 -0.02793481
v -0.12675278 -0.05355329 -0.02995592
v -0.12781025 -0.05078126 -0.03209442
v -0.12957862 -0.04995698 -0.02997191
v -0.12832715 -0.04773978 -0.03375834
v -0.12971753 -0.04708991 -0.03166733
v -0.12791534 -0.04467104 -0.03516554
v -0.1272791 -0.04816803 -0.03582823
v -0.12731607 -0.04511861 -0.0372394
v -0.12671094 -0.04232861 -0.03869081
v -0.12908234 -0.04496886 -0.03887922
v -0.12872197 -0.04200164 -0.0403549
v -0.12765391 -0.03919365 -0.04184701
v -0.13173038 -0.0410585 -0.04118145
v -0.13067807 -0.03789129 -0.04223843
v -0.12928909 -0.03474655 -0.04339942
v -0.13393416 -0.03656645 -0.0419169
v -0.13248697 -0.03334192 -0.04281038
v -0.13143571 -0.02994523 -0.04363766
v -0.12816125 -0.03141017 -0.04433277
v -0.13054076 -0.02613281 -0.04395403
v -0.12711655 -0.02796655 -0.04423745
v -0.12896886 -0.02271719 -0.04438623
v -0.12562916 -0.02491455 -0.04423851
v -0.12653771 -0.02032564 -0.04539155
v -0.12314539 -0.0228373 -0.0453603
v -0.1234957 -0.01836401 -0.04668476
v -0.11992451 -0.02115116 -0.0465994
v -0.12974423 -0.01791114 -0.04384648
v -0.12642165 -0.01588644 -0.0442825
v -0.12358548 -0.01364724 -0.0453096
v -0.12968123 -0.01327983 -0.04223177
v -0.12601817 -0.0114977 -0.04273068
v -0.12324494 -0.00913188 -0.04344829
v -0.12118301 -0.01102274 -0.0460386
v -0.12069675 -0.00613059 -0.04383096
v -0.118883 -0.0079511 -0.04622178
v -0.11795252 -0.0025562 -0.04428156
v -0.11625843 -0.0047205 -0.04636092
v -0.11405987 -0.00740638 -0.04798535
v -0.11196489 -0.00453467 -0.04863723
v -0.11002892 -0.00758541 -0.05010699
v -0.11109115 -0.01010541 -0.04869254
v -0.10661881 -0.00984137 -0.05024345
v -0.10722453 -0.01215793 -0.04899802
v -0.10247946 -0.01125138 -0.0502877
v -0.10298388 -0.0135418 -0.04927048
v -0.10312044 -0.01629075 -0.04946326
v -0.10277352 -0.01952638 -0.04999084
v -0.09863528 -0.01456985 -0.04928805
v -0.09889286 -0.01733315 -0.04896248
v -0.09854573 -0.02028557 -0.04917953
v -0.09375884 -0.0233304 -0.0509186
v -0.09788363 -0.0232356 -0.04965858
v -0.1020747 -0.02298205 -0.04921983
v -0.09668369 -0.02599904 -0.04913846
v -0.10094135 -0.02619852 -0.04814864
v -0.10473812 -0.02655649 -0.04731473
v -0.09923363 -0.02811465 -0.04612901
v -0.09527596 -0.02722516 -0.0468805
v -0.092012 -0.02567029 -0.05016047
v -0.09038539 -0.02670836 -0.04786659
v -0.08976304 -0.02509813 -0.04545736
v -0.08475866 -0.02577957 -0.04944995
v -0.08434487 -0.02395277 -0.04689722
v -0.08477561 -0.021275 -0.04503112
v -0.0895277 -0.0225367 -0.04360461
v -0.08509515 -0.01865259 -0.04298239
v -0.08921167 -0.01984342 -0.04155917
v -0.09326694 -0.02038068 -0.03976642
v -0.0887332 -0.0171722 -0.03928798
v -0.09243151 -0.0175227 -0.03776419
v -0.08825383 -0.01448719 -0.03686319
v -0.09153348 -0.01485435 -0.03564052
v -0.08772565 -0.0120819 -0.03398315
v -0.09065501 -0.01247324 -0.03315821
v -0.09382361 -0.01216843 -0.03242274
v -0.08987488 -0.01073158 -0.03008523
v -0.09283696 -0.01032004 -0.02982992
v -0.09588394 -0.00933281 -0.02974538
v -0.09707191 -0.01125809 -0.03187083
v -0.09907667 -0.0083609 -0.02964673
v -0.10031075 -0.00996904 -0.03145399
v -0.10217877 -0.00719052 -0.02964368
v -0.10346737 -0.00856869 -0.03120619
v -0.10541686 -0.01020305 -0.0318451
v -0.1076021 -0.01160273 -0.03091504
v -0.10628788 -0.00692667 -0.03137267
v -0.10825084 -0.00846543 -0.03216154
v -0.11046769 -0.00977134 -0.03107858
v -0.10922273 -0.01218292 -0.02845596
v -0.11079708 -0.00659875 -0.03240173
v -0.11293808 -0.00777908 -0.03113602
v -0.11321335 -0.00487093 -0.03265024
v -0.10862783 -0.00499342 -0.03220023
v -0.11119647 -0.00325436 -0.03244006
v -0.1134555 -0.00161034 -0.03314897
v -0.11553114 -0.00343811 -0.03332109
v -0.11530855 -0.00011304 -0.03437778
v -0.11744318 -0.00237242 -0.03480427
v -0.11965582 -0.00468001 -0.03409922
v -0.11868487 -0.00160147 -0.0370078
v -0.1212737 -0.00442682 -0.03639954
v -0.12353404 -0.0069805 -0.03505659
v -0.12644687 -0.00837527 -0.03367071
v -0.12255224 -0.0042054 -0.0388866
v -0.12447356 -0.00746306 -0.03794411
v -0.12747793 -0.00910768 -0.03680978
v -0.13059923 -0.01074699 -0.03535624
v -0.12894686 -0.00996508 -0.0321294
v -0.12484939 -0.00766303 -0.04094175
v -0.12771045 -0.00977353 -0.04001456
v -0.13170612 -0.0112363 -0.03901571
v -0.13311765 -0.01570303 -0.04148882
v -0.13474128 -0.0192332 -0.04072786
v -0.1319925 -0.02068967 -0.04312147
v -0.13362892 -0.02451205 -0.04282362
v -0.13617954 -0.02323011 -0.04063708
v -0.13683191 -0.02731154 -0.04027994
v -0.13690813 -0.02660428 -0.03724412
v -0.1346145 -0.02854662 -0.04244706
v -0.13555968 -0.03208418 -0.04155335
v -0.13777529 -0.03089482 -0.03955344
v -0.13915049 -0.03428643 -0.03847228
v -0.13960049 -0.03332555 -0.03585685
v -0.13786902 -0.0300975 -0.03679299
v -0.13704695 -0.03541045 -0.04067755
v -0.13779496 -0.03889417 -0.0392631
v -0.13986483 -0.0381647 -0.03703314
v -0.13501729 -0.0398984 -0.04088307
v -0.13499355 -0.04355384 -0.03940471
v -0.13779551 -0.04305042 -0.03812389
v -0.13191353 -0.04435397 -0.03968249
v -0.13121869 -0.04823504 -0.03825467
v -0.13403173 -0.04786085 -0.03790436
v -0.1285782 -0.04838505 -0.03754651
v -0.12743932 -0.05206309 -0.03615943
v -0.13019343 -0.05239013 -0.03680781
v -0.12637106 -0.05138249 -0.03425229
v -0.12531845 -0.05463273 -0.03218773
v -0.12587501 -0.05577798 -0.03438815
v -0.12414587 -0.05766395 -0.0292683
v -0.14064166 -0.03736018 -0.03461263
v -0.14018629 -0.03654343 -0.03250268
v -0.13892767 -0.03285119 -0.03336495
v -0.13955754 -0.03601316 -0.03050854
v -0.13719374 -0.02984467 -0.03400998
v -0.13584088 -0.02665141 -0.03430264
v -0.13866949 -0.03578607 -0.02853193
v -0.13639089 -0.03596895 -0.02812213
v -0.13610403 -0.03375375 -0.02778379
v -0.13399066 -0.0362169 -0.02970492
v -0.13563904 -0.03189108 -0.02657138
v -0.13572697 -0.03085747 -0.02443298
v -0.13342139 -0.03036695 -0.02113736
v -0.13616319 -0.03056457 -0.02199597
v -0.1383657 -0.0299415 -0.02287964
v -0.13829511 -0.0279317 -0.02322713
v -0.13741101 -0.0258242 -0.02319147
v -0.13556701 -0.02564619 -0.02563853
v -0.13598324 -0.02381933 -0.02278082
v -0.13441263 -0.02341438 -0.02534012
v -0.13315652 -0.02242438 -0.02755994
v -0.13427018 -0.02511786 -0.02825905
v -0.13285384 -0.02172873 -0.02451765
v -0.13151193 -0.02061766 -0.02635484
v -0.12897995 -0.02054858 -0.02570319
v -0.12717167 -0.022325 -0.0272405
v -0.12482278 -0.02106781 -0.02885001
v -0.12518248 -0.02503053 -0.02922745
v -0.12247135 -0.02390714 -0.03140374
v -0.11985205 -0.02220916 -0.03205279
v -0.12263009 -0.01929325 -0.02943517
v -0.11762859 -0.02013094 -0.03144513
v -0.12069093 -0.0173931 -0.02879012
v -0.11582572 -0.01805155 -0.02933104
v -0.1189572 -0.01578585 -0.02683208
v -0.12219498 -0.01437597 -0.02517011
v -0.11762997 -0.01551058 -0.0239143
v -0.1146562 -0.0176382 -0.02615562
v -0.1340079 -0.02195766 -0.02165613
v -0.12225013 -0.00471882 -0.04153934
v -0.11952958 -0.00088197 -0.03940132
v -0.11935683 -0.0010401 -0.04199237
v -0.11583387 0.00179542 -0.03887899
v -0.11534961 0.00213651 -0.04152988
v -0.11619373 0.00106985 -0.03644787
v -0.10981216 -0.00186323 -0.03088846
v -0.10706089 -0.00351059 -0.03062499
v -0.10715179 -0.00338265 -0.0279474
v -0.10492434 -0.00564511 -0.02989164
v -0.10471025 -0.00535108 -0.02763431
v -0.10573965 -0.00650103 -0.0257191
v -0.10203615 -0.00694726 -0.02730473
v -0.10308294 -0.00806015 -0.02521124
v -0.10475123 -0.0101816 -0.02437152
v -0.10730167 -0.00850451 -0.02502412
v -0.10615396 -0.01263758 -0.02572447
v -0.1088434 -0.01080248 -0.02582603
v -0.10403032 -0.01426868 -0.02543334
v -0.10237069 -0.01595232 -0.0251251
v -0.09893919 -0.00796058 -0.02692796
v -0.09570441 -0.00883854 -0.02667716
v -0.092561 -0.00965881 -0.02653647
v -0.08947786 -0.01024038 -0.02650094
v -0.0897181 -0.01053846 -0.0230534
v -0.08656547 -0.00971029 -0.02660417
v -0.08624979 -0.00965872 -0.0229168
v -0.08396154 -0.00872352 -0.02702319
v -0.08336383 -0.00833728 -0.0232734
v -0.08168691 -0.00736141 -0.02781861
v -0.08081724 -0.00673411 -0.02414163
v -0.07976797 -0.00635558 -0.0207978
v -0.07868099 -0.00485798 -0.02530993
v -0.07716755 -0.00435313 -0.02187787
v -0.07563838 -0.00396407 -0.01838855
v -0.07866196 -0.00593318 -0.01753636
v -0.07416912 -0.0037585 -0.01457124
v -0.0774743 -0.00550887 -0.01400481
v -0.07292186 -0.00381572 -0.01033252
v -0.07107589 -0.00224636 -0.01516905
v -0.06958801 -0.0026156 -0.01048864
v -0.06857843 -0.00289819 -0.00536848
v -0.07190732 -0.00395723 -0.00565796
v -0.06825927 -0.0026904 0.00021386
v -0.07139134 -0.0037915 -0.00050099
v -0.06888971 -0.00179328 0.00589514
v -0.06526249 -0.00140578 0.0009252
v -0.06616864 -0.00034381 0.00690974
v -0.06856765 0.0010865 0.0126669
v -0.06514934 0.00172616 0.00731231
v -0.0677347 0.00309669 0.01304583
v -0.07187665 0.00464306 0.01819921
v -0.06950926 0.00458158 0.01217624
v -0.07309418 0.00652866 0.01705763
v -0.06755503 0.00319354 0.00696947
v -0.07053889 0.00442142 0.00671774
v -0.06945039 0.00360453 0.00186651
v -0.07307694 0.0050609 0.00226769
v -0.07420307 0.00567006 0.00678047
v -0.06630468 0.00230994 0.00161869
v -0.06580295 0.00175914 -0.00390818
v -0.06889631 0.00303113 -0.00324816
v -0.06394005 0.00064103 0.00143132
v -0.06353187 6.118E-05 -0.00449186
v -0.06406692 0.00010306 -0.0104206
v -0.06562996 0.00218136 -0.00955583
v -0.0654733 -0.00177412 -0.00497609
v -0.06647678 -0.00149965 -0.01059168
v -0.06829704 -0.00082975 -0.01576927
v -0.0658633 0.00071164 -0.01608736
v -0.06880467 0.00156159 -0.02117925
v -0.06858612 0.00391339 -0.02064682
v -0.06647635 0.00298091 -0.01518713
v -0.07077529 -0.00024932 -0.02037251
v -0.07357836 -8.329E-05 -0.02433324
v -0.07257865 0.00220066 -0.02536143
v -0.07297573 -0.00208765 -0.01936816
v -0.07509311 -0.00224998 -0.02308949
v -0.07713037 -0.00273048 -0.0265976
v -0.07621398 -0.00039103 -0.02784141
v -0.07837977 -0.00107726 -0.03130172
v -0.07878537 0.00158527 -0.03206819
v -0.07606117 0.00217132 -0.02880477
v -0.07875242 -0.00351006 -0.03018922
v -0.07996995 -0.00449394 -0.03390799
v -0.08018621 -0.00190745 -0.03483066
v -0.0798723 -0.00563148 -0.02894557
v -0.0807161 -0.00671973 -0.03276315
v -0.08104359 -0.00814222 -0.03654608
v -0.080733 -0.00562051 -0.03763811
v -0.08229908 -0.00846757 -0.03170923
v -0.08258097 -0.0100913 -0.03550416
v -0.08250838 -0.01206916 -0.03891477
v -0.08083043 -0.00976931 -0.04009202
v -0.08451393 -0.00967854 -0.03096726
v -0.08498569 -0.01131456 -0.03471132
v -0.08518229 -0.01358337 -0.03790548
v -0.0851898 -0.01610096 -0.04060573
v -0.08215555 -0.01422188 -0.04191785
v -0.08143617 -0.01655899 -0.04449239
v -0.07872936 -0.01369176 -0.04611983
v -0.07999909 -0.01163283 -0.04328715
v -0.077479 -0.01015596 -0.04782809
v -0.07905703 -0.00849594 -0.04467393
v -0.08025531 -0.00696998 -0.04127865
v -0.07917929 -0.00508945 -0.04588475
v -0.08034502 -0.00392228 -0.04229393
v -0.08090286 -0.0028552 -0.03856505
v -0.08126395 -0.00072546 -0.04303533
v -0.08166164 6.213E-05 -0.03920127
v -0.08092026 0.00082837 -0.03543144
v -0.08311242 0.00302799 -0.03939206
v -0.08226285 0.00363344 -0.03546853
v -0.07994276 0.0043392 -0.03209149
v -0.07637269 0.0048521 -0.02908584
v -0.07364859 0.00655978 -0.02347861
v -0.07200503 0.00469227 -0.02555965
v -0.07088193 0.00570666 -0.01868595
v -0.0757867 0.00785191 -0.02066784
v -0.0738313 0.0066644 -0.01643259
v -0.07257665 0.00560449 -0.01193282
v -0.06920583 0.00447294 -0.01365362
v -0.07209363 0.0047339 -0.00724063
v -0.06870001 0.00336149 -0.00847962
v -0.07245905 0.00453274 -0.00246586
v -0.07589924 0.00594958 -0.00606579
v -0.07626907 0.00603439 -0.00168035
v -0.07695456 0.00656019 0.00273389
v -0.07998282 0.00766708 -0.00097769
v -0.08091595 0.00800522 0.00314184
v -0.08227727 0.00811991 0.0073029
v -0.07823998 0.00680591 0.00706497
v -0.08326881 0.00926961 0.01139022
v -0.08469775 0.00954726 0.00342803
v -0.08372028 0.00921922 -0.00044924
v -0.08718104 0.01123493 -0.00010388
v -0.0882918 0.01126425 0.00356773
v -0.09044669 0.01336343 -1.589E-05
v -0.09135381 0.0133928 0.00355384
v -0.09397708 0.0145883 -0.00016799
v -0.09440732 0.01479982 0.00333255
v -0.09711292 0.01324275 -0.00021534
v -0.09715921 0.01376703 0.00322308
v -0.09745582 0.01408669 0.00720217
v -0.09927346 0.01204441 0.00339751
v -0.09936224 0.01240276 0.00703012
v -0.10067002 0.01039277 0.00711828
v -0.09995506 0.01160547 6.032E-05
v -0.100449 0.0111531 -0.00290775
v -0.09699239 0.01279537 -0.00321823
v -0.09706853 0.01292695 -0.00610089
v -0.09363366 0.01444965 -0.00323422
v -0.09354013 0.01481854 -0.00622872
v -0.09347913 0.014927 -0.00945531
v -0.08986492 0.01345106 -0.00330731
v -0.0896443 0.01374092 -0.00649561
v -0.08978832 0.01408832 -0.00974874
v -0.0934754 0.01539405 -0.01348167
v -0.08633678 0.01155529 -0.00700749
v -0.08679055 0.01185246 -0.01028313
v -0.08293834 0.00955519 -0.00774041
v -0.08364759 0.00978609 -0.01112448
v -0.07936121 0.00797733 -0.00881635
v -0.08032535 0.00813994 -0.01243247
v -0.08192007 0.00872471 -0.01580596
v -0.07698265 0.00713439 -0.01430131
v -0.07859106 0.00838207 -0.01786178
v -0.07599784 0.00667631 -0.01028147
v -0.07948361 0.00742306 -0.00498876
v -0.08311468 0.0091556 -0.00417973
v -0.08657115 0.01122695 -0.00362542
v -0.0851742 0.00584218 -0.03905886
v -0.08545814 0.00544084 -0.04325059
v -0.08798917 0.00819905 -0.0428666
v -0.08302368 0.00247096 -0.04335712
v -0.08265372 0.00190234 -0.04716299
v -0.08543697 0.00514292 -0.04718351
v -0.08048336 -0.00158372 -0.04676016
v -0.07934476 -0.00241563 -0.05038748
v -0.08202913 0.00138735 -0.05082405
v -0.07766438 -0.00630364 -0.04934152
v -0.07581104 -0.00745909 -0.05264972
v -0.07797991 -0.00310329 -0.05394344
v -0.07549492 -0.01188793 -0.05072599
v -0.07312606 -0.01364156 -0.05354564
v -0.0739339 -0.0084742 -0.05594013
v -0.07704949 -0.01589991 -0.04862803
v -0.0752124 -0.01824661 -0.05105482
v -0.07570633 -0.01985762 -0.05422061
v -0.07368753 -0.01515562 -0.05691179
v -0.08035532 -0.01906304 -0.04664652
v -0.07932262 -0.02161763 -0.04875471
v -0.07984773 -0.02318641 -0.05157848
v -0.08266391 -0.02248033 -0.05385724
v -0.07921557 -0.01950536 -0.05641704
v -0.0870454 -0.02467167 -0.0517432
v -0.08958331 -0.02244936 -0.05237019
v -0.08600249 -0.02065907 -0.05440084
v -0.0865656 -0.01615898 -0.0548253
v -0.08325702 -0.01793346 -0.05646387
v -0.08533968 -0.01317282 -0.05665449
v -0.08179441 -0.01455776 -0.05885746
v -0.07742763 -0.01540797 -0.05878451
v -0.0812748 -0.01026853 -0.05998895
v -0.07728963 -0.01050742 -0.06090118
v -0.07413893 -0.00972387 -0.05935535
v -0.07937299 -0.00526722 -0.06211038
v -0.07689933 -0.00422457 -0.06075759
v -0.07669341 -0.00350241 -0.05743993
v -0.08109037 0.00060167 -0.060815
v -0.08053106 0.00104976 -0.05774845
v -0.08124949 0.00105492 -0.05435225
v -0.08459589 0.0052055 -0.05771989
v -0.08485316 0.00499317 -0.05438591
v -0.08517444 0.00498909 -0.05088888
v -0.08857852 0.00843646 -0.05429789
v -0.08840667 0.00824426 -0.05073161
v -0.08824467 0.00815084 -0.0469372
v -0.09122572 0.01139724 -0.05034993
v -0.09070812 0.01107195 -0.04648676
v -0.09020976 0.0108758 -0.04231452
v -0.09229954 0.01414754 -0.04558107
v -0.09193804 0.01354759 -0.04141253
v -0.09373081 0.01717768 -0.04365697
v -0.09408052 0.01589496 -0.04024635
v -0.09469744 0.01516654 -0.03680025
v -0.09743346 0.01758667 -0.0394326
v -0.09805652 0.01660914 -0.03673604
v -0.10144608 0.01847455 -0.03916895
v -0.10179049 0.01737561 -0.03687297
v -0.10250769 0.01714787 -0.03484904
v -0.10556721 0.01698739 -0.03712451
v -0.1033847 0.01867528 -0.03357554
v -0.10550962 0.01834123 -0.03929177
v -0.10863574 0.01692713 -0.04005993
v -0.10840148 0.01514779 -0.03768767
v -0.1091437 0.01906423 -0.04264729
v -0.11040646 0.01714578 -0.04452301
v -0.10566135 0.02008388 -0.04168385
v -0.10573224 0.02192522 -0.04416315
v -0.10928428 0.02124619 -0.04535449
v -0.10132209 0.02011371 -0.04154348
v -0.10129555 0.02207086 -0.04393838
v -0.09709713 0.01915984 -0.04215626
v -0.09691836 0.0210216 -0.04492968
v -0.09724516 0.0228279 -0.04794193
v -0.09846341 0.0240886 -0.05123518
v -0.09375206 0.01854102 -0.04699696
v -0.09433579 0.01980528 -0.05031704
v -0.09568043 0.02085752 -0.0535198
v -0.09791581 0.02107596 -0.05632333
v -0.09346949 0.01570513 -0.05281818
v -0.09432104 0.01664183 -0.05606267
v -0.09549843 0.01744002 -0.05905308
v -0.0984704 0.01629336 -0.06012204
v -0.10080258 0.01953356 -0.05729628
v -0.09237498 0.01238915 -0.05730752
v -0.09281838 0.01294186 -0.06037449
v -0.09536319 0.01207962 -0.06147322
v -0.09781876 0.01046107 -0.06016044
v -0.10115774 0.01427043 -0.05904205
v -0.08957687 0.00870178 -0.06050889
v -0.09154546 0.00790745 -0.06221298
v -0.09387212 0.00650437 -0.06113162
v -0.08713594 0.00383251 -0.06245845
v -0.08966367 0.00253254 -0.06157712
v -0.09173403 0.00169725 -0.05934806
v -0.09396926 0.00080703 -0.05719376
v -0.08598997 -0.00168755 -0.06154014
v -0.08879463 -0.00234509 -0.05956804
v -0.09138882 -0.00255917 -0.05712303
v -0.08636869 -0.00616485 -0.05901087
v -0.08953169 -0.00583117 -0.05638394
v -0.08509873 -0.00974314 -0.05798326
v -0.08834627 -0.00886139 -0.05511894
v -0.0921283 -0.0080904 -0.0529085
v -0.09659173 -0.0076724 -0.05239377
v -0.0883741 -0.01180462 -0.05373728
v -0.09241723 -0.01068451 -0.0518284
v -0.09707313 -0.00991974 -0.05136773
v -0.10149727 -0.00910912 -0.05153463
v -0.10050586 -0.00684685 -0.05261181
v -0.09345907 -0.0131218 -0.05070056
v -0.09792452 -0.01210358 -0.05011833
v -0.08958986 -0.01449174 -0.05243118
v -0.10526305 -0.00772093 -0.05173653
v -0.10370007 -0.00546152 -0.05274814
v -0.10231769 -0.00314356 -0.05358997
v -0.10590287 -0.00344291 -0.05177552
v -0.10433259 -0.00140989 -0.0526415
v -0.10312635 0.00091872 -0.05368168
v -0.10081803 -0.00068135 -0.05444488
v -0.10799111 -0.00539281 -0.05110569
v -0.08274853 -0.00589183 -0.06080289
v -0.08313755 -0.00049583 -0.06230621
v -0.08512141 0.00502561 -0.06083342
v -0.0888105 0.00870967 -0.05761284
v -0.09182545 0.011835 -0.05396977
v -0.0927708 0.01489455 -0.04934972
v -0.10590601 0.01601107 -0.05490127
v -0.1034978 0.0176137 -0.05676534
v -0.10742085 0.01901327 -0.05240098
v -0.10737973 0.01447383 -0.0520716
v -0.10867168 0.01717277 -0.04969211
v -0.11012447 0.01945645 -0.04751607
v -0.10907335 0.02154025 -0.05027972
v -0.10883649 0.01499652 -0.04659577
v -0.10743627 0.01269973 -0.04871768
v -0.1066995 0.00989559 -0.05076191
v -0.10611512 0.00851146 -0.04733353
v -0.08709159 -0.01041585 -0.03047061
v -0.13467509 -0.06031642 -0.02521028
v -0.13666956 -0.05818398 -0.02415248
v -0.13605951 -0.05637927 -0.02595364
v -0.0805582 -0.00620226 0.01171558
v -0.07981865 -0.00444458 0.01702768
v -0.08156604 -0.00615441 0.01623336
v -0.08362359 -0.00771839 0.01580626
v -0.0829152 -0.00680879 0.02071333
v -0.08162909 -0.00500974 0.02152185
v -0.08307949 -0.00609458 0.02579693
v -0.08075128 -0.00301989 0.02247939
v -0.08245323 -0.0039292 0.02669117
v -0.08364436 -0.00497946 0.03059021
v -0.08255184 -0.00152428 0.02748463
v -0.08398792 -0.00228733 0.03132927
v -0.08508739 0.00050302 0.03176168
v -0.09417227 0.00980441 0.041916
v -0.09472027 0.01041359 0.04543352
v -0.095139 0.01112907 0.04867159
v -0.10746156 0.0225554 0.03680594
v -0.10504849 0.0241524 0.04202989
v -0.09845717 -0.01996343 0.03042496
v -0.08703879 -0.01355629 0.05413933
v -0.09093586 -0.01048972 0.05147798
v -0.08984681 -0.01433365 0.05099781
v -0.09285318 -0.01167784 0.04807048
v -0.09443868 -0.00789642 0.04862625
v -0.09686977 -0.00938765 0.04586289
v -0.09889981 -0.00586432 0.04675488
v -0.10179921 -0.00750395 0.04430238
v -0.10446108 -0.0052755 0.04509361
v -0.10759503 -0.00722912 0.04263821
v -0.10991561 -0.00518257 0.04191668
v -0.11340361 -0.00676106 0.0404331
v -0.11552636 -0.00435384 0.03925301
v -0.11930092 -0.0056678 0.03828899
v -0.11726774 -0.0080466 0.039928
v -0.12339818 -0.00735804 0.03730661
v -0.12137561 -0.00937232 0.03933432
v -0.12780005 -0.00942726 0.03600936
v -0.12517489 -0.00558958 0.035026
v -0.13003999 -0.00778683 0.03374687
v -0.13527261 -0.01071772 0.03224114
v -0.13171571 -0.00674818 0.03095989
v -0.13520314 -0.01097078 0.02877948
v -0.13575895 -0.01585933 0.02719693
v -0.1333198 -0.01163519 0.02606216
v -0.13397086 -0.0155287 0.02427665
v -0.13445437 -0.01872221 0.0229187
v -0.1341607 -0.01913072 0.01906518
v -0.13176668 -0.01890129 0.01802909
v -0.13282971 -0.01933192 0.01618432
v -0.13001424 -0.02120754 0.01890347
v -0.13076319 -0.02151424 0.01656025
v -0.13098003 -0.02135115 0.01410426
v -0.1291997 -0.02420876 0.01716506
v -0.12930758 -0.02404826 0.01421086
v -0.12782806 -0.02683131 0.01756889
v -0.12813395 -0.02661732 0.01409745
v -0.12704329 -0.02641175 0.01093477
v -0.12821135 -0.02888704 0.01375177
v -0.12785779 -0.0286397 0.00991965
v -0.12985598 -0.03049127 0.01364445
v -0.13274087 -0.03066472 0.01375519
v -0.12658347 -0.02679675 0.02107036
v -0.12841566 -0.02394309 0.02007156
v -0.12851256 -0.02043024 0.02060649
v -0.12707917 -0.00395131 0.03288219
v -0.12282473 -0.00125567 0.03467182
v -0.12110104 -0.00336525 0.03650337
v -0.11730243 -0.00187583 0.03790236
v -0.12368849 -0.00661806 0.02084994
v -0.12096673 -0.00560276 0.01894182
v -0.12398836 -0.00523336 0.01916865
v -0.12064423 -0.00345739 0.01812553
v -0.1237528 -0.0025181 0.01856338
v -0.12035919 -0.00091276 0.01735093
v -0.12260605 0.00037013 0.01739222
v -0.12478815 0.00085588 0.01556592
v -0.12596063 -0.00018144 0.01283028
v -0.11711162 -0.00450353 0.01674671
v -0.11827031 -0.00180535 0.01585815
v -0.12302845 -0.03084799 0.03104862
v -0.12002148 -0.03080493 0.03484269
v -0.12331489 -0.03163227 0.03381271
v -0.12599564 -0.03289548 0.03280389
v -0.12581044 -0.03217423 0.0298872
v -0.12790722 -0.03463012 0.03202385
v -0.12802421 -0.0337702 0.02907711
v -0.12881942 -0.0368125 0.03122684
v -0.12941578 -0.03580812 0.02844528
v -0.12932701 -0.03918082 0.03045989
v -0.13015276 -0.03822218 0.02777687
v -0.12965335 -0.04169543 0.02983686
v -0.12976509 -0.03997412 0.03307634
v -0.12992419 -0.04242846 0.03247621
v -0.12940623 -0.04518371 0.03208828
v -0.13261858 -0.04273519 0.03379243
v -0.13205743 -0.04592721 0.03329916
v -0.13105093 -0.04942749 0.03257121
v -0.13529064 -0.04637141 0.03298534
v -0.13598385 -0.04266483 0.0335847
v -0.13911086 -0.04261854 0.03227765
v -0.13757329 -0.04644518 0.0309952
v -0.14019363 -0.042372 0.02926336
v -0.14162678 -0.03820601 0.03066078
v -0.13939413 -0.03884006 0.03334757
v -0.13833678 -0.03556128 0.03477459
v -0.14097214 -0.03453081 0.03246014
v -0.13597037 -0.03950064 0.03454348
v -0.1350462 -0.03676138 0.03585966
v -0.13245392 -0.04007518 0.03461405
v -0.13160339 -0.03777079 0.03567419
v -0.13005824 -0.03576241 0.03686636
v -0.12788604 -0.03393695 0.03784655
v -0.12906204 -0.03776808 0.03390164
v -0.1279875 -0.03569616 0.03476362
v -0.12636445 -0.0337595 0.03553794
v -0.12392952 -0.03227002 0.03647153
v -0.12530096 -0.0322832 0.03872674
v -0.12196302 -0.0315683 0.04016547
v -0.12363522 -0.03095824 0.04237095
v -0.12075115 -0.03148416 0.03756534
v -0.11667469 -0.03115494 0.03823864
v -0.11737956 -0.03144445 0.04117422
v -0.11229721 -0.02930328 0.04084253
v -0.11867423 -0.02992009 0.04359509
v -0.12526438 -0.02894424 0.04285556
v -0.10776174 -0.0273102 0.04087971
v -0.10378532 -0.02579291 0.04078813
v -0.10449417 -0.02327104 0.04046186
v -0.09970415 -0.02477271 0.04151329
v -0.13978432 -0.03018877 0.03136508
v -0.13621077 -0.04169196 0.01254147
v -0.13870519 -0.0402472 0.01259488
v -0.13482061 -0.05569767 0.00573757
v -0.13310403 -0.07679235 -0.00266272
v -0.13686183 -0.07734879 -0.00256338
v -0.13654134 -0.07641014 -0.00679049
v -0.1426612 -0.04537747 -0.00166199
v -0.14358634 -0.03749834 -0.00524381
v -0.14157373 -0.07399715 0.0014961
v -0.14125162 -0.03435236 -0.01402343
v -0.14018497 -0.03395627 -0.01208503
v -0.139045 -0.035318 -0.01096334
v -0.13915414 -0.03433021 -0.0088256
v -0.13767849 -0.03350958 -0.00847855
v -0.13699916 -0.03473851 -0.01062043
v -0.14031021 -0.03338343 -0.00984031
v -0.13989837 -0.03205148 -0.01071557
v -0.13836558 -0.03114153 -0.01112087
v -0.13654919 -0.03266107 -0.01083792
v -0.13760589 -0.03191598 -0.00862288
v -0.14210005 -0.02923568 -0.00079247
v -0.13979344 -0.02990086 -0.00013786
v -0.14078426 -0.02690359 -0.00120921
v -0.13874027 -0.02777863 -0.00073461
v -0.13920847 -0.02454788 -0.00140299
v -0.13732839 -0.0254833 -0.00098133
v -0.13566315 -0.02650474 -0.00230458
v -0.13587968 -0.02299901 -0.00063142
v -0.13421787 -0.02377885 -0.00221124
v -0.1336911 -0.02395677 -0.00461469
v -0.1353735 -0.02698854 -0.00481544
v -0.1353707 -0.02290492 -0.00648815
v -0.13738388 -0.02571378 -0.00620978
v -0.13769433 -0.0216533 -0.0055217
v -0.13936929 -0.02451026 -0.00540549
v -0.14107709 -0.02722287 -0.00541004
v -0.14021103 -0.02402547 -0.00330851
v -0.14201312 -0.02660011 -0.00327507
v -0.1386928 -0.02126841 -0.00298502
v -0.1379372 -0.02191122 -0.00070892
v -0.13344577 -0.04532266 -0.02087162
v -0.13222769 -0.04709862 -0.0199756
v -0.13034007 -0.0030074 -0.00575195
v -0.12989081 -0.00049231 -0.00511461
v -0.13076226 0.00192187 -0.00483205
v -0.12633216 -0.01934085 -0.0162534
v -0.12684388 -0.01905416 -0.01380204
v -0.13056982 -0.01861582 -0.01177171
v -0.12765335 -0.01851136 -0.01123004
v -0.12637052 -0.01625981 -0.01134915
v -0.12835185 -0.01462576 -0.012087
v -0.13080142 -0.01611754 -0.01233873
v -0.12680036 -0.00842094 -0.00467794
v -0.1275007 -0.00803491 -0.00166866
v -0.12624203 -0.00879361 0.00115461
v -0.12596847 -0.00538926 -0.00207415
v -0.124539 -0.00607176 0.00052202
v -0.12188641 -0.00759022 0.00076626
v -0.12333347 -0.01041799 0.00125298
v -0.1206423 -0.00841494 -0.00160768
v -0.12229763 -0.01096383 -0.00190014
v -0.12395126 -0.01356159 -0.00265522
v -0.12255903 -0.010788 -0.0051747
v -0.12126389 -0.00836687 -0.00473512
v -0.12315854 -0.00747025 -0.00651731
v -0.12490596 -0.00953114 -0.00672858
v -0.12511928 -0.00606979 -0.00487997
v -0.12396801 -0.00291951 -0.00257925
v -0.122696 -0.00383017 -0.00024767
v -0.12072861 -0.0050472 0.00066706
v -0.12483318 0.00794261 -0.01035994
v -0.12289885 0.00804652 -0.01276321
v -0.12019511 0.01102457 -0.01454073
v -0.12173501 0.00854963 -0.01572786
v -0.12288038 0.00590247 -0.01703391
v -0.12019389 0.00900377 -0.01876051
v -0.12102129 0.00631062 -0.01977042
v -0.12178706 0.00377658 -0.02095198
v -0.12347195 0.00323912 -0.0183851
v -0.12295562 0.00158598 -0.02260102
v -0.12419966 0.00077508 -0.020167
v -0.12427425 -0.00059224 -0.02467679
v -0.12506171 -0.00169857 -0.02219034
v -0.11710021 0.00856601 -0.02102218
v -0.11545813 0.01057636 -0.01987364
v -0.11831413 0.0110654 -0.01752063
v -0.11571441 0.01186678 -0.01601876
v -0.11355332 0.0117947 -0.01848213
v -0.11747481 0.01179443 -0.01318539
v -0.11601688 -0.0008462 0.0087225
v -0.11481885 -0.00202696 0.00834911
v -0.11301763 -0.00130676 0.00790698
v -0.11363534 0.00087093 0.00826744
v -0.11563072 0.00061858 0.00872537
v -0.11592483 0.00054088 0.01143782
v -0.11594221 -0.00143014 0.01123848
v -0.11682153 0.00040394 0.01395052
v -0.11667553 -0.00201795 0.01360748
v -0.11854982 -0.00222243 -0.01440527
v -0.11713482 -0.0012582 -0.01520856
v -0.11511153 -0.00130023 -0.01565915
v -0.11883409 -0.0028868 -0.01750685
v -0.11710642 -0.00176485 -0.01807873
v -0.1148369 -0.00146592 -0.01851929
v -0.11260947 -0.00212304 -0.018772
v -0.11340829 -0.00213738 -0.01585132
v -0.11726736 -0.00101668 -0.02113675
v -0.11876975 -0.00277472 -0.02067802
v -0.11713114 -0.00099986 -0.02413487
v -0.11778255 -0.00488329 -0.01679535
v -0.1174485 -0.00473305 -0.02020633
v -0.11494001 -0.00533601 -0.01619962
v -0.11495293 -0.00518145 -0.01968099
v -0.1130775 -0.00385998 -0.01596693
v -0.11320905 -0.00394027 -0.01923332
v -0.11359022 -0.0010615 -0.01318126
v -0.11307736 0.00055757 -0.01103369
v -0.11535571 0.00987702 -0.00124468
v -0.11526393 0.0101081 -0.00463167
v -0.11630147 0.00766505 -0.00429557
v -0.11475928 0.0096013 -0.0079135
v -0.11558896 0.00744266 -0.00127058
v -0.11552674 0.00717033 0.0014833
v -0.11253637 0.0147973 -0.03060425
v -0.10971336 0.01578813 -0.02928194
v -0.10907315 0.01914428 -0.03029803
v -0.11180065 0.01857505 -0.03200712
v -0.1070732 0.01996614 -0.02783982
v -0.10616708 0.02301916 -0.02874987
v -0.10748356 0.01704235 -0.02677548
v -0.10567526 0.01796782 -0.02399656
v -0.10529506 0.02055847 -0.02522566
v -0.10393729 0.02107409 -0.0228211
v -0.1038008 0.01855272 -0.02166234
v -0.10099577 0.01835977 -0.02259725
v -0.10160314 0.02089437 -0.02299719
v -0.10014679 0.02063223 -0.02552466
v -0.10529935 0.02613385 -0.02917152
v -0.10411317 0.02849472 -0.02962163
v -0.10227692 0.02729446 -0.03083083
v -0.10175508 0.02451624 -0.0313224
v -0.1052222 0.02730582 0.01761141
v -0.10446513 0.02476534 0.01398419
v -0.10580312 0.02578036 0.02196251
v -0.10482439 0.02284272 0.02254853
v -0.10474353 0.02064729 0.01261358
v -0.15053785 -0.04975468 0.01308809
f 1 2 3
f 1 3 4
f 1 5 6
f 1 6 2
f 1 4 7
f 1 7 5
f 7 8 9
f 7 9 5
f 7 4 10
f 7 10 8
f 11 12 6
f 11 6 13
f 3 2 14
f 3 14 15
f 3 15 10
f 3 10 4
f 9 16 17
f 9 17 18
f 9 13 6
f 9 6 5
f 9 8 19
f 9 19 16
f 9 18 20
f 9 20 13
f 8 10 21
f 8 21 22
f 8 22 23
f 8 23 19
f 21 10 15
f 21 15 24
f 21 24 25
f 21 25 22
f 15 26 27
f 15 27 24
f 28 12 11
f 28 11 29
f 28 29 30
f 28 30 31
f 32 23 33
f 32 33 34
f 32 35 19
f 32 19 23
f 32 36 37
f 32 37 35
f 32 34 38
f 32 38 39
f 40 41 42
f 40 42 43
f 40 43 44
f 40 44 45
f 40 17 16
f 40 16 41
f 46 25 24
f 46 24 27
f 46 47 33
f 46 33 25
f 46 27 48
f 46 48 47
f 49 50 51
f 49 51 52
f 49 52 20
f 49 20 18
f 53 54 55
f 53 55 56
f 53 56 37
f 53 37 36
f 53 36 57
f 53 57 58
f 53 59 60
f 53 60 54
f 61 62 63
f 61 63 64
f 61 65 66
f 61 66 62
f 61 64 67
f 61 67 65
f 44 68 69
f 44 69 45
f 44 43 70
f 44 70 67
f 71 63 72
f 71 72 73
f 71 73 74
f 71 74 75
f 71 75 64
f 71 64 63
f 76 31 30
f 76 30 77
f 76 78 26
f 76 26 31
f 77 51 79
f 77 79 80
f 77 30 52
f 77 52 51
f 81 82 79
f 81 79 83
f 84 85 59
f 84 59 86
f 84 86 87
f 84 87 88
f 84 88 89
f 84 89 85
f 90 91 47
f 90 47 48
f 73 72 92
f 73 92 74
f 48 93 94
f 48 94 90
f 78 95 93
f 78 93 48
f 96 97 98
f 96 98 99
f 96 100 101
f 96 101 97
f 96 99 102
f 96 102 100
f 103 104 105
f 103 105 106
f 103 92 72
f 103 72 104
f 103 106 107
f 103 107 92
f 74 108 109
f 74 109 68
f 74 92 107
f 74 107 108
f 88 87 110
f 88 110 89
f 110 111 112
f 110 112 89
f 110 87 113
f 110 113 111
f 114 115 38
f 114 38 116
f 114 116 94
f 114 94 117
f 114 117 118
f 114 118 115
f 98 119 120
f 98 120 99
f 98 121 122
f 98 122 119
f 98 97 123
f 98 123 112
f 98 112 111
f 98 111 121
f 108 124 125
f 108 125 109
f 102 99 120
f 102 120 126
f 102 127 128
f 102 128 100
f 113 58 57
f 113 57 129
f 113 87 86
f 113 86 58
f 113 130 121
f 113 121 111
f 131 124 108
f 131 108 132
f 131 133 134
f 131 134 135
f 131 132 136
f 131 136 133
f 137 138 139
f 137 139 130
f 137 130 113
f 137 113 129
f 137 129 140
f 137 140 138
f 138 127 102
f 138 102 139
f 138 141 142
f 138 142 127
f 120 119 122
f 120 122 126
f 136 107 106
f 136 106 133
f 136 132 108
f 136 108 107
f 143 122 121
f 143 121 130
f 143 144 126
f 143 126 122
f 143 130 139
f 143 139 144
f 144 139 102
f 144 102 126
f 142 145 128
f 142 128 127
f 142 141 124
f 142 124 131
f 142 131 135
f 142 135 145
f 145 146 147
f 145 147 128
f 145 135 148
f 145 148 146
f 148 149 55
f 148 55 146
f 148 135 134
f 148 134 150
f 148 150 151
f 148 151 149
f 151 70 152
f 151 152 149
f 151 150 66
f 151 66 65
f 151 65 67
f 151 67 70
f 152 42 37
f 152 37 56
f 152 56 55
f 152 55 149
f 152 70 43
f 152 43 42
f 150 134 105
f 150 105 66
f 147 54 60
f 147 60 101
f 147 101 100
f 147 100 128
f 147 146 55
f 147 55 54
f 141 138 140
f 141 140 153
f 141 153 125
f 141 125 124
f 153 140 154
f 153 154 155
f 153 155 156
f 153 156 125
f 156 155 157
f 156 157 158
f 156 158 159
f 156 159 160
f 156 160 109
f 156 109 125
f 160 159 82
f 160 82 69
f 160 69 68
f 160 68 109
f 159 158 161
f 159 161 80
f 159 80 79
f 159 79 82
f 161 158 157
f 161 157 162
f 161 162 93
f 161 93 95
f 161 95 77
f 161 77 80
f 162 157 118
f 162 118 117
f 162 117 94
f 162 94 93
f 157 155 154
f 157 154 118
f 154 140 129
f 154 129 163
f 154 163 115
f 154 115 118
f 163 129 57
f 163 57 39
f 163 39 38
f 163 38 115
f 134 133 106
f 134 106 105
f 123 85 89
f 123 89 112
f 123 97 101
f 123 101 60
f 123 60 59
f 123 59 85
f 116 38 34
f 116 34 91
f 116 91 90
f 116 90 94
f 105 104 62
f 105 62 66
f 104 72 63
f 104 63 62
f 95 78 76
f 95 76 77
f 91 34 33
f 91 33 47
f 86 59 53
f 86 53 58
f 83 50 17
f 83 17 40
f 83 40 45
f 83 45 81
f 83 79 51
f 83 51 50
f 82 81 45
f 82 45 69
f 78 48 27
f 78 27 26
f 75 74 68
f 75 68 44
f 75 44 67
f 75 67 64
f 57 36 32
f 57 32 39
f 52 30 29
f 52 29 20
f 50 49 18
f 50 18 17
f 42 41 35
f 42 35 37
f 41 16 19
f 41 19 35
f 33 23 22
f 33 22 25
f 29 11 13
f 29 13 20
f 14 2 6
f 14 6 12
f 14 12 28
f 14 28 31
f 14 31 26
f 14 26 15
f 164 165 166
f 164 166 167
f 164 167 168
f 164 168 169
f 164 169 170
f 164 170 165
f 171 172 173
f 171 173 174
f 171 175 176
f 171 176 172
f 171 174 177
f 171 177 175
f 178 179 180
f 178 180 181
f 178 181 182
f 178 182 183
f 178 183 184
f 178 184 179
f 185 186 187
f 185 187 188
f 185 188 189
f 185 189 190
f 185 190 191
f 185 191 192
f 185 192 193
f 185 193 194
f 185 194 195
f 185 195 186
f 196 197 198
f 196 198 199
f 198 197 200
f 198 200 201
f 202 203 192
f 202 192 191
f 202 204 205
f 202 205 203
f 202 206 207
f 202 207 204
f 202 208 209
f 202 209 206
f 202 191 210
f 202 210 208
f 211 212 213
f 211 213 214
f 211 215 216
f 211 216 217
f 211 214 218
f 211 218 215
f 219 220 221
f 219 221 222
f 219 222 223
f 219 223 224
f 219 225 226
f 219 226 220
f 227 228 216
f 227 216 229
f 227 229 230
f 227 230 231
f 227 232 233
f 227 233 234
f 227 231 235
f 227 235 232
f 227 234 224
f 227 224 228
f 214 236 237
f 214 237 218
f 238 215 218
f 238 218 239
f 238 239 230
f 238 230 229
f 238 229 216
f 238 216 215
f 240 241 242
f 240 242 243
f 240 243 244
f 240 244 245
f 240 245 246
f 240 246 247
f 225 219 248
f 225 248 249
f 225 250 251
f 225 251 226
f 231 230 252
f 231 252 235
f 253 254 255
f 253 255 256
f 257 253 258
f 257 258 259
f 257 259 260
f 257 260 261
f 248 234 233
f 248 233 249
f 248 219 224
f 248 224 234
f 262 263 264
f 262 264 265
f 262 236 214
f 262 214 266
f 262 266 267
f 262 267 263
f 262 265 268
f 262 268 269
f 262 269 270
f 262 270 236
f 271 272 273
f 271 273 274
f 275 276 232
f 275 232 235
f 275 235 252
f 275 252 277
f 275 277 278
f 275 278 279
f 275 279 280
f 275 280 281
f 275 281 282
f 275 282 276
f 283 284 276
f 283 276 282
f 283 282 285
f 283 285 286
f 283 286 287
f 283 287 284
f 288 289 290
f 288 290 291
f 288 292 293
f 288 293 294
f 288 291 295
f 288 295 292
f 296 297 298
f 296 298 299
f 296 300 301
f 296 301 297
f 296 299 302
f 296 302 303
f 304 305 306
f 304 306 307
f 304 308 309
f 304 309 305
f 304 307 310
f 304 310 308
f 279 278 311
f 279 311 280
f 303 302 312
f 303 312 313
f 303 314 315
f 303 315 296
f 316 317 292
f 316 292 295
f 316 295 318
f 316 318 319
f 316 319 311
f 316 311 317
f 302 299 320
f 302 320 312
f 298 297 321
f 298 321 322
f 298 322 320
f 298 320 299
f 323 303 313
f 323 313 324
f 323 324 325
f 323 325 326
f 323 327 314
f 323 314 303
f 328 329 330
f 328 330 331
f 328 332 333
f 328 333 329
f 328 331 334
f 328 334 332
f 335 336 337
f 335 337 318
f 335 318 295
f 335 295 291
f 335 291 290
f 335 290 338
f 335 338 339
f 335 339 340
f 335 340 341
f 335 341 336
f 342 312 320
f 342 320 343
f 342 344 313
f 342 313 312
f 325 345 346
f 325 346 326
f 325 347 348
f 325 348 345
f 325 349 350
f 325 350 347
f 351 352 353
f 351 353 354
f 351 355 289
f 351 289 352
f 351 354 356
f 351 356 357
f 358 359 326
f 358 326 346
f 358 346 360
f 358 360 361
f 358 361 362
f 358 362 363
f 358 363 364
f 358 364 365
f 358 365 366
f 358 366 359
f 334 331 367
f 334 367 368
f 334 368 369
f 334 369 370
f 334 370 371
f 334 371 372
f 334 372 373
f 334 373 332
f 374 375 376
f 374 376 377
f 374 378 379
f 374 379 375
f 374 377 380
f 374 380 381
f 374 382 383
f 374 383 378
f 374 381 356
f 374 356 382
f 384 385 386
f 384 386 387
f 384 387 388
f 384 388 389
f 390 391 392
f 390 392 393
f 390 393 394
f 390 394 395
f 390 395 396
f 390 396 397
f 398 399 400
f 398 400 401
f 398 401 402
f 398 402 403
f 398 403 404
f 398 404 399
f 405 406 407
f 405 407 408
f 405 409 410
f 405 410 406
f 405 408 383
f 405 383 409
f 411 412 413
f 411 413 414
f 411 415 416
f 411 416 412
f 411 414 417
f 411 417 415
f 408 407 378
f 408 378 383
f 394 393 418
f 394 418 401
f 394 401 400
f 394 400 395
f 401 418 419
f 401 419 402
f 420 421 422
f 420 422 388
f 420 423 424
f 420 424 421
f 420 388 387
f 420 387 423
f 425 426 427
f 425 427 428
f 425 429 430
f 425 430 426
f 425 428 431
f 425 431 429
f 432 433 434
f 432 434 435
f 436 437 433
f 436 433 432
f 432 435 438
f 432 438 439
f 440 441 428
f 440 428 427
f 441 442 443
f 441 443 444
f 441 444 431
f 441 431 428
f 436 445 446
f 436 446 437
f 444 443 447
f 444 447 448
f 444 448 449
f 444 449 431
f 449 448 419
f 449 419 418
f 449 418 393
f 449 393 392
f 449 392 429
f 449 429 431
f 448 447 450
f 448 450 419
f 450 451 414
f 450 414 413
f 450 413 402
f 450 402 419
f 450 447 452
f 450 452 451
f 452 453 454
f 452 454 451
f 452 447 443
f 452 443 455
f 452 455 456
f 452 456 453
f 456 457 458
f 456 458 453
f 456 455 459
f 456 459 460
f 456 460 461
f 456 461 457
f 461 462 463
f 461 463 457
f 461 460 464
f 461 464 465
f 461 465 466
f 461 466 462
f 466 467 468
f 466 468 462
f 466 465 469
f 466 469 470
f 466 470 471
f 466 471 467
f 471 472 473
f 471 473 467
f 471 470 474
f 471 474 475
f 471 475 476
f 471 476 472
f 476 477 478
f 476 478 472
f 476 475 479
f 476 479 480
f 476 480 481
f 476 481 477
f 481 482 483
f 481 483 477
f 481 480 484
f 481 484 485
f 481 485 486
f 481 486 482
f 486 487 488
f 486 488 482
f 486 485 489
f 486 489 490
f 486 490 491
f 486 491 487
f 491 492 493
f 491 493 487
f 491 490 494
f 491 494 495
f 491 495 496
f 491 496 492
f 496 497 498
f 496 498 492
f 496 495 499
f 496 499 500
f 496 500 501
f 496 501 497
f 501 502 503
f 501 503 497
f 501 500 273
f 501 273 504
f 501 504 505
f 501 505 502
f 505 504 506
f 505 506 255
f 505 255 254
f 505 254 507
f 505 507 508
f 505 508 502
f 508 507 509
f 508 509 510
f 508 510 174
f 508 174 173
f 508 173 503
f 508 503 502
f 510 509 511
f 510 511 512
f 510 512 177
f 510 177 174
f 512 511 513
f 512 513 514
f 512 514 182
f 512 182 177
f 514 513 515
f 514 515 516
f 514 516 183
f 514 183 182
f 516 515 517
f 516 517 518
f 516 518 184
f 516 184 183
f 518 517 519
f 518 519 520
f 518 520 521
f 518 521 184
f 521 520 522
f 521 522 523
f 521 523 524
f 521 524 525
f 521 525 179
f 521 179 184
f 525 524 526
f 525 526 527
f 525 527 180
f 525 180 179
f 527 526 528
f 527 528 529
f 527 529 176
f 527 176 180
f 529 528 498
f 529 498 530
f 529 530 172
f 529 172 176
f 530 498 497
f 530 497 503
f 530 503 173
f 530 173 172
f 528 526 531
f 528 531 493
f 528 493 492
f 528 492 498
f 531 526 524
f 531 524 532
f 531 532 533
f 531 533 488
f 531 488 487
f 531 487 493
f 533 532 534
f 533 534 535
f 533 535 536
f 533 536 483
f 533 483 482
f 533 482 488
f 536 535 537
f 536 537 538
f 536 538 539
f 536 539 478
f 536 478 477
f 536 477 483
f 539 538 540
f 539 540 541
f 539 541 542
f 539 542 473
f 539 473 472
f 539 472 478
f 542 541 543
f 542 543 544
f 542 544 545
f 542 545 468
f 542 468 467
f 542 467 473
f 545 544 546
f 545 546 547
f 545 547 548
f 545 548 463
f 545 463 462
f 545 462 468
f 548 547 549
f 548 549 550
f 548 550 551
f 548 551 458
f 548 458 457
f 548 457 463
f 551 550 347
f 551 347 350
f 551 350 417
f 551 417 454
f 551 454 453
f 551 453 458
f 550 549 348
f 550 348 347
f 549 552 553
f 549 553 348
f 549 547 546
f 549 546 552
f 553 554 309
f 553 309 555
f 553 555 345
f 553 345 348
f 553 552 556
f 553 556 554
f 556 557 558
f 556 558 554
f 556 552 546
f 556 546 559
f 556 559 560
f 556 560 557
f 560 561 562
f 560 562 557
f 560 559 543
f 560 543 563
f 560 563 564
f 560 564 561
f 564 565 566
f 564 566 561
f 564 563 540
f 564 540 567
f 564 567 568
f 564 568 565
f 568 569 570
f 568 570 565
f 568 567 537
f 568 537 571
f 568 571 522
f 568 522 569
f 571 537 535
f 571 535 534
f 571 534 523
f 571 523 522
f 570 572 573
f 570 573 574
f 570 574 566
f 570 566 565
f 570 569 519
f 570 519 572
f 574 573 575
f 574 575 576
f 574 576 577
f 574 577 566
f 577 576 578
f 577 578 579
f 577 579 580
f 577 580 562
f 577 562 561
f 577 561 566
f 580 579 581
f 580 581 306
f 580 306 305
f 580 305 558
f 580 558 557
f 580 557 562
f 581 582 583
f 581 583 584
f 581 584 307
f 581 307 306
f 581 579 578
f 581 578 582
f 584 583 585
f 584 585 586
f 584 586 310
f 584 310 307
f 586 585 587
f 586 587 362
f 586 362 361
f 586 361 310
f 587 585 588
f 587 588 589
f 587 589 590
f 587 590 591
f 587 591 363
f 587 363 362
f 591 590 592
f 591 592 593
f 591 593 364
f 591 364 363
f 593 592 336
f 593 336 341
f 593 341 376
f 593 376 364
f 592 590 594
f 592 594 595
f 592 595 337
f 592 337 336
f 595 594 285
f 595 285 596
f 595 596 597
f 595 597 337
f 597 596 281
f 597 281 280
f 597 280 311
f 597 311 319
f 597 319 318
f 597 318 337
f 596 285 282
f 596 282 281
f 594 598 286
f 594 286 285
f 594 590 589
f 594 589 598
f 598 599 287
f 598 287 286
f 598 589 588
f 598 588 599
f 599 225 249
f 599 249 287
f 599 588 250
f 599 250 225
f 588 585 583
f 588 583 250
f 583 582 251
f 583 251 250
f 582 578 600
f 582 600 251
f 600 601 226
f 600 226 251
f 600 578 576
f 600 576 575
f 600 575 602
f 600 602 601
f 602 603 604
f 602 604 601
f 602 575 573
f 602 573 605
f 602 605 606
f 602 606 603
f 606 607 608
f 606 608 603
f 606 605 609
f 606 609 610
f 606 610 611
f 606 611 607
f 611 612 613
f 611 613 607
f 611 610 515
f 611 515 513
f 611 513 511
f 611 511 612
f 613 614 197
f 613 197 196
f 613 196 608
f 613 608 607
f 613 612 615
f 613 615 614
f 615 612 511
f 615 511 509
f 615 509 507
f 615 507 254
f 614 616 200
f 614 200 197
f 610 609 517
f 610 517 515
f 609 605 573
f 609 573 572
f 609 572 519
f 609 519 517
f 608 196 199
f 608 199 617
f 608 617 604
f 608 604 603
f 617 199 618
f 617 618 221
f 617 221 220
f 617 220 604
f 604 220 226
f 604 226 601
f 569 522 520
f 569 520 519
f 567 540 538
f 567 538 537
f 563 543 541
f 563 541 540
f 559 546 544
f 559 544 543
f 558 305 309
f 558 309 554
f 555 309 308
f 555 308 360
f 555 360 346
f 555 346 345
f 534 532 524
f 534 524 523
f 619 272 271
f 619 271 620
f 255 506 621
f 255 621 256
f 506 504 273
f 506 273 272
f 256 621 622
f 256 622 623
f 256 623 258
f 256 258 253
f 623 622 624
f 623 624 625
f 623 625 626
f 623 626 258
f 626 625 627
f 626 627 301
f 626 301 300
f 626 300 628
f 626 628 259
f 626 259 258
f 628 300 629
f 628 629 630
f 628 630 260
f 628 260 259
f 630 629 244
f 630 244 243
f 630 243 242
f 630 242 260
f 629 300 296
f 629 296 315
f 629 315 631
f 629 631 244
f 631 315 314
f 631 314 632
f 631 632 633
f 631 633 634
f 631 634 245
f 631 245 244
f 634 633 264
f 634 264 635
f 634 635 246
f 634 246 245
f 635 264 263
f 635 263 636
f 635 636 637
f 635 637 246
f 637 638 247
f 637 247 246
f 637 636 639
f 637 639 640
f 637 640 641
f 637 641 638
f 641 642 643
f 641 643 638
f 641 640 644
f 641 644 645
f 645 646 642
f 645 642 641
f 645 644 647
f 645 647 648
f 648 649 646
f 648 646 645
f 648 647 650
f 648 650 651
f 651 652 649
f 651 649 648
f 651 650 653
f 651 653 654
f 654 655 652
f 654 652 651
f 654 653 656
f 654 656 657
f 656 207 168
f 656 168 167
f 656 167 166
f 656 166 657
f 656 653 204
f 656 204 207
f 653 650 205
f 653 205 204
f 650 647 658
f 650 658 205
f 658 647 644
f 658 644 659
f 658 659 660
f 658 660 661
f 658 661 203
f 658 203 205
f 661 660 662
f 661 662 193
f 661 193 192
f 661 192 203
f 662 660 267
f 662 267 266
f 662 266 214
f 662 214 213
f 662 213 194
f 662 194 193
f 660 659 639
f 660 639 267
f 659 644 640
f 659 640 639
f 639 636 263
f 639 263 267
f 638 643 663
f 638 663 247
f 664 228 224
f 664 224 223
f 663 665 240
f 663 240 247
f 664 217 216
f 664 216 228
f 633 632 666
f 633 666 667
f 633 667 265
f 633 265 264
f 667 666 668
f 667 668 669
f 667 669 268
f 667 268 265
f 669 668 670
f 669 670 671
f 669 671 672
f 669 672 268
f 672 671 673
f 672 673 674
f 672 674 675
f 672 675 676
f 672 676 269
f 672 269 268
f 676 675 288
f 676 288 294
f 676 294 270
f 676 270 269
f 675 674 353
f 675 353 352
f 675 352 289
f 675 289 288
f 674 673 677
f 674 677 353
f 677 673 678
f 677 678 410
f 677 410 409
f 677 409 679
f 677 679 354
f 677 354 353
f 679 409 383
f 679 383 382
f 679 382 356
f 679 356 354
f 678 670 680
f 678 680 681
f 678 681 406
f 678 406 410
f 678 673 671
f 678 671 670
f 681 680 682
f 681 682 683
f 681 683 407
f 681 407 406
f 683 682 366
f 683 366 379
f 683 379 378
f 683 378 407
f 682 684 359
f 682 359 366
f 682 680 685
f 682 685 684
f 685 327 323
f 685 323 684
f 685 680 670
f 685 670 668
f 685 668 666
f 685 666 327
f 684 323 326
f 684 326 359
f 666 632 314
f 666 314 327
f 627 625 624
f 627 624 686
f 627 686 687
f 627 687 321
f 627 321 297
f 627 297 301
f 688 689 690
f 688 690 691
f 688 691 692
f 688 692 693
f 687 694 322
f 687 322 321
f 693 692 386
f 693 386 385
f 694 397 396
f 694 396 322
f 692 691 373
f 692 373 372
f 692 372 371
f 692 371 386
f 691 690 695
f 691 695 373
f 695 696 697
f 695 697 333
f 695 333 332
f 695 332 373
f 695 690 698
f 695 698 696
f 698 699 700
f 698 700 696
f 698 690 689
f 698 689 701
f 698 701 702
f 698 702 699
f 700 703 704
f 700 704 705
f 700 705 697
f 700 697 696
f 700 699 620
f 700 620 703
f 705 704 494
f 705 494 706
f 705 706 707
f 705 707 697
f 707 706 489
f 707 489 708
f 707 708 330
f 707 330 329
f 707 329 333
f 707 333 697
f 708 489 485
f 708 485 484
f 708 484 709
f 708 709 330
f 709 484 480
f 709 480 479
f 709 479 710
f 709 710 367
f 709 367 331
f 709 331 330
f 710 479 475
f 710 475 474
f 710 474 711
f 710 711 712
f 710 712 368
f 710 368 367
f 712 711 713
f 712 713 714
f 712 714 369
f 712 369 368
f 714 713 434
f 714 434 715
f 714 715 716
f 714 716 369
f 716 715 717
f 716 717 718
f 716 718 421
f 716 421 424
f 716 424 370
f 716 370 369
f 718 717 719
f 718 719 720
f 718 720 422
f 718 422 421
f 720 719 721
f 720 721 722
f 723 722 426
f 723 426 430
f 719 717 433
f 719 433 437
f 719 437 446
f 719 446 721
f 717 715 434
f 717 434 433
f 713 711 469
f 713 469 724
f 713 724 435
f 713 435 434
f 724 469 465
f 724 465 464
f 711 474 470
f 711 470 469
f 706 494 490
f 706 490 489
f 704 499 495
f 704 495 494
f 704 703 274
f 704 274 499
f 703 620 271
f 703 271 274
f 699 702 619
f 699 619 620
f 500 499 274
f 500 274 273
f 464 438 435
f 464 435 724
f 455 443 442
f 455 442 459
f 454 417 414
f 454 414 451
f 430 429 392
f 430 392 391
f 723 389 388
f 723 388 422
f 424 423 371
f 424 371 370
f 423 387 386
f 423 386 371
f 417 350 349
f 417 349 415
f 416 725 344
f 416 344 404
f 416 404 403
f 416 403 412
f 416 415 349
f 416 349 725
f 725 324 313
f 725 313 344
f 725 349 325
f 725 325 324
f 413 412 403
f 413 403 402
f 396 395 400
f 396 400 343
f 396 343 320
f 396 320 322
f 381 380 726
f 381 726 727
f 381 727 357
f 381 357 356
f 727 726 728
f 727 728 729
f 727 729 730
f 727 730 357
f 730 729 731
f 730 731 732
f 730 732 733
f 730 733 734
f 730 734 351
f 730 351 357
f 734 733 735
f 734 735 736
f 734 736 355
f 734 355 351
f 736 735 737
f 736 737 738
f 736 738 739
f 736 739 355
f 739 290 289
f 739 289 355
f 739 738 740
f 739 740 741
f 739 741 338
f 739 338 290
f 741 740 742
f 741 742 743
f 741 743 339
f 741 339 338
f 743 742 728
f 743 728 726
f 743 726 380
f 743 380 339
f 742 740 744
f 742 744 745
f 742 745 746
f 742 746 728
f 746 745 747
f 746 747 748
f 746 748 749
f 746 749 731
f 746 731 729
f 746 729 728
f 749 748 750
f 749 750 751
f 749 751 752
f 749 752 753
f 749 753 732
f 749 732 731
f 753 752 754
f 753 754 755
f 753 755 733
f 753 733 732
f 755 754 756
f 755 756 757
f 755 757 735
f 755 735 733
f 757 756 758
f 757 758 759
f 757 759 737
f 757 737 735
f 759 758 760
f 759 760 761
f 759 761 744
f 759 744 737
f 761 760 762
f 761 762 747
f 761 747 745
f 761 745 744
f 762 760 763
f 762 763 764
f 762 764 765
f 762 765 750
f 762 750 748
f 762 748 747
f 765 764 766
f 765 766 767
f 765 767 768
f 765 768 769
f 765 769 751
f 765 751 750
f 769 768 770
f 769 770 771
f 769 771 752
f 769 752 751
f 771 770 772
f 771 772 773
f 771 773 754
f 771 754 752
f 773 772 774
f 773 774 775
f 773 775 756
f 773 756 754
f 775 774 776
f 775 776 777
f 775 777 758
f 775 758 756
f 777 776 778
f 777 778 763
f 777 763 760
f 777 760 758
f 778 776 779
f 778 779 780
f 778 780 781
f 778 781 766
f 778 766 764
f 778 764 763
f 781 780 782
f 781 782 783
f 781 783 784
f 781 784 785
f 781 785 767
f 781 767 766
f 785 784 786
f 785 786 787
f 785 787 768
f 785 768 767
f 787 786 788
f 787 788 789
f 787 789 770
f 787 770 768
f 789 788 790
f 789 790 791
f 789 791 772
f 789 772 770
f 791 790 792
f 791 792 793
f 791 793 774
f 791 774 772
f 793 792 794
f 793 794 779
f 793 779 776
f 793 776 774
f 794 792 795
f 794 795 796
f 794 796 797
f 794 797 782
f 794 782 780
f 794 780 779
f 797 796 798
f 797 798 799
f 797 799 800
f 797 800 801
f 797 801 783
f 797 783 782
f 801 800 802
f 801 802 803
f 801 803 784
f 801 784 783
f 803 802 804
f 803 804 805
f 803 805 786
f 803 786 784
f 805 804 209
f 805 209 806
f 805 806 788
f 805 788 786
f 806 209 208
f 806 208 807
f 806 807 790
f 806 790 788
f 807 208 210
f 807 210 795
f 807 795 792
f 807 792 790
f 804 802 808
f 804 808 809
f 804 809 206
f 804 206 209
f 809 808 169
f 809 169 168
f 809 168 207
f 809 207 206
f 808 802 800
f 808 800 810
f 808 810 170
f 808 170 169
f 810 800 799
f 810 799 189
f 810 189 188
f 810 188 170
f 799 798 190
f 799 190 189
f 798 796 795
f 798 795 210
f 798 210 191
f 798 191 190
f 744 740 738
f 744 738 737
f 380 377 340
f 380 340 339
f 379 366 365
f 379 365 375
f 377 376 341
f 377 341 340
f 376 375 365
f 376 365 364
f 361 360 308
f 361 308 310
f 399 404 344
f 399 344 342
f 399 342 343
f 399 343 400
f 317 811 293
f 317 293 292
f 317 311 278
f 317 278 811
f 811 812 813
f 811 813 293
f 811 278 277
f 811 277 812
f 813 237 236
f 813 236 270
f 813 270 294
f 813 294 293
f 813 812 814
f 813 814 237
f 814 239 218
f 814 218 237
f 814 812 277
f 814 277 252
f 814 252 230
f 814 230 239
f 287 249 233
f 287 233 284
f 284 233 232
f 284 232 276
f 260 242 815
f 260 815 261
f 242 241 816
f 242 816 815
f 241 817 618
f 241 618 816
f 241 240 665
f 241 665 817
f 213 212 195
f 213 195 194
f 188 187 165
f 188 165 170
f 182 181 175
f 182 175 177
f 181 180 176
f 181 176 175
f 654 657 166
f 654 166 655
f 655 166 165
f 655 165 187
f 652 655 187
f 652 187 186
f 649 652 186
f 649 186 195
f 646 649 195
f 646 195 212
f 642 646 212
f 642 212 211
f 643 642 211
f 643 211 217
f 663 643 217
f 663 217 664
f 664 223 665
f 664 665 663
f 817 665 223
f 817 223 222
f 618 817 222
f 618 222 221
f 198 818 618
f 198 618 199
f 464 460 459
f 464 459 438
f 439 438 459
f 439 459 442
f 442 436 432
f 442 432 439
f 441 440 446
f 441 446 445
f 721 446 440
f 721 440 427
f 441 445 436
f 441 436 442
f 722 721 427
f 722 427 426
f 430 391 389
f 430 389 723
f 390 384 389
f 390 389 391
f 390 397 385
f 390 385 384
f 694 693 385
f 694 385 397
f 687 688 693
f 687 693 694
f 687 686 689
f 687 689 688
f 701 689 686
f 701 686 624
f 702 701 624
f 702 624 622
f 619 702 622
f 619 622 621
f 720 722 723
f 720 723 422
f 621 506 272
f 621 272 619
f 200 616 257
f 200 257 261
f 201 200 261
f 201 261 815
f 615 254 616
f 615 616 614
f 254 253 257
f 254 257 616
f 816 819 201
f 816 201 815
f 819 818 198
f 819 198 201
f 816 618 818
f 816 818 819
f 820 821 822
f 820 822 823
f 824 825 821
f 824 821 820
f 826 824 820
f 826 820 823
f 826 827 828
f 826 828 829
f 830 827 831
f 830 831 832
f 833 834 830
f 833 830 835
f 836 837 834
f 836 834 833
f 838 836 833
f 838 833 839
f 840 838 839
f 840 839 841
f 842 843 844
f 842 844 840
f 845 846 842
f 845 842 847
f 847 842 840
f 847 840 841
f 846 848 843
f 846 843 842
f 849 850 844
f 849 844 843
f 844 851 838
f 844 838 840
f 852 851 844
f 852 844 850
f 839 833 835
f 839 835 853
f 853 835 854
f 853 854 855
f 835 830 832
f 835 832 854
f 841 839 853
f 841 853 856
f 847 841 856
f 847 856 857
f 857 856 858
f 857 858 859
f 856 853 855
f 856 855 858
f 851 860 836
f 851 836 838
f 860 861 837
f 860 837 836
f 862 863 861
f 862 861 860
f 837 861 863
f 837 863 864
f 852 862 860
f 852 860 851
f 834 837 864
f 834 864 828
f 865 829 828
f 865 828 864
f 865 864 863
f 865 863 862
f 829 865 866
f 829 866 867
f 829 867 824
f 829 824 826
f 868 869 867
f 868 867 866
f 868 866 870
f 868 870 871
f 865 862 870
f 865 870 866
f 834 828 827
f 834 827 830
f 826 823 831
f 826 831 827
f 854 832 831
f 854 831 823
f 867 869 825
f 867 825 824
f 825 872 873
f 825 873 821
f 872 874 875
f 872 875 873
f 872 876 877
f 872 877 874
f 878 877 876
f 878 876 879
f 878 879 880
f 878 880 881
f 869 868 879
f 869 879 876
f 868 871 880
f 868 880 879
f 850 849 881
f 850 881 880
f 878 881 882
f 878 882 883
f 849 884 882
f 849 882 881
f 852 850 880
f 852 880 871
f 877 878 883
f 877 883 885
f 877 885 886
f 877 886 874
f 885 883 887
f 885 887 888
f 888 887 846
f 888 846 845
f 887 884 848
f 887 848 846
f 883 882 884
f 883 884 887
f 885 888 889
f 885 889 886
f 886 889 890
f 886 890 891
f 889 892 893
f 889 893 890
f 888 845 892
f 888 892 889
f 869 876 872
f 869 872 825
f 874 886 891
f 874 891 875
f 873 875 894
f 873 894 895
f 821 873 895
f 821 895 822
f 822 895 858
f 822 858 855
f 823 822 855
f 823 855 854
f 895 894 859
f 895 859 858
f 894 890 893
f 894 893 859
f 875 891 890
f 875 890 894
f 862 852 871
f 862 871 870
f 892 857 859
f 892 859 893
f 849 843 848
f 849 848 884
f 845 847 857
f 845 857 892
f 896 897 898
f 896 898 899
f 896 900 901
f 896 901 897
f 896 899 902
f 896 902 900
f 903 904 905
f 903 905 906
f 903 906 907
f 903 907 908
f 903 908 909
f 903 909 904
f 910 911 912
f 910 912 913
f 910 914 915
f 910 915 911
f 910 913 916
f 910 916 914
f 917 918 919
f 917 919 920
f 917 921 922
f 917 922 918
f 917 923 924
f 917 924 921
f 917 925 926
f 917 926 923
f 917 920 927
f 917 927 925
f 928 929 930
f 928 930 931
f 930 932 933
f 930 933 931
f 934 924 923
f 934 923 935
f 934 935 936
f 934 936 937
f 934 937 938
f 934 938 939
f 934 939 940
f 934 940 941
f 934 941 942
f 934 942 924
f 943 944 945
f 943 945 946
f 943 947 948
f 943 948 949
f 943 949 950
f 943 950 944
f 951 952 953
f 951 953 954
f 951 955 956
f 951 956 952
f 951 954 957
f 951 957 958
f 959 960 948
f 959 948 961
f 959 962 963
f 959 963 960
f 959 964 965
f 959 965 966
f 959 966 967
f 959 967 962
f 959 961 955
f 959 955 964
f 944 950 968
f 944 968 969
f 970 971 950
f 970 950 949
f 970 960 963
f 970 963 971
f 970 949 948
f 970 948 960
f 972 973 974
f 972 974 975
f 972 976 977
f 972 977 973
f 972 978 979
f 972 979 976
f 958 980 981
f 958 981 951
f 958 957 982
f 958 982 983
f 962 967 984
f 962 984 963
f 985 986 987
f 985 987 988
f 989 990 991
f 989 991 985
f 989 992 993
f 989 993 990
f 981 980 965
f 981 965 964
f 981 964 955
f 981 955 951
f 994 995 996
f 994 996 997
f 994 998 944
f 994 944 969
f 994 997 999
f 994 999 998
f 994 1000 1001
f 994 1001 995
f 994 969 1002
f 994 1002 1000
f 1003 1004 1005
f 1003 1005 1006
f 1007 967 966
f 1007 966 1008
f 1007 1009 984
f 1007 984 967
f 1007 1010 1011
f 1007 1011 1009
f 1007 1012 1013
f 1007 1013 1010
f 1007 1008 1014
f 1007 1014 1012
f 1015 1014 1008
f 1015 1008 1016
f 1015 1017 1018
f 1015 1018 1014
f 1015 1016 1019
f 1015 1019 1017
f 1020 1021 1022
f 1020 1022 1023
f 1020 1024 1025
f 1020 1025 1026
f 1020 1026 1027
f 1020 1027 1021
f 1028 1029 1030
f 1028 1030 1031
f 1028 1031 1032
f 1028 1032 1033
f 1028 1034 1035
f 1028 1035 1029
f 1036 1037 1038
f 1036 1038 1039
f 1036 1039 1040
f 1036 1040 1041
f 1036 1041 1042
f 1036 1042 1037
f 1010 1013 1043
f 1010 1043 1011
f 1034 1044 1045
f 1034 1045 1035
f 1034 1028 1046
f 1034 1046 1047
f 1048 1027 1026
f 1048 1026 1049
f 1048 1050 1051
f 1048 1051 1027
f 1048 1049 1043
f 1048 1043 1050
f 1035 1045 1052
f 1035 1052 1029
f 1030 1053 1054
f 1030 1054 1031
f 1030 1029 1052
f 1030 1052 1053
f 1055 1056 1044
f 1055 1044 1034
f 1055 1057 1058
f 1055 1058 1056
f 1055 1034 1047
f 1055 1047 1059
f 1060 1061 1062
f 1060 1062 1063
f 1060 1063 1064
f 1060 1064 1065
f 1060 1065 1066
f 1060 1066 1061
f 1067 1051 1068
f 1067 1068 1069
f 1067 1021 1027
f 1067 1027 1051
f 1067 1070 1022
f 1067 1022 1021
f 1067 1071 1072
f 1067 1072 1070
f 1067 1069 1073
f 1067 1073 1071
f 1074 1075 1052
f 1074 1052 1045
f 1074 1045 1044
f 1074 1044 1076
f 1058 1057 1077
f 1058 1077 1078
f 1058 1078 1079
f 1058 1079 1080
f 1058 1080 1081
f 1058 1081 1082
f 1083 1084 1085
f 1083 1085 1086
f 1083 1086 1023
f 1083 1023 1087
f 1083 1088 1089
f 1083 1089 1084
f 1090 1077 1057
f 1090 1057 1091
f 1090 1092 1093
f 1090 1093 1077
f 1090 1094 1095
f 1090 1095 1092
f 1090 1096 1097
f 1090 1097 1094
f 1090 1091 1098
f 1090 1098 1096
f 1066 1099 1100
f 1066 1100 1061
f 1066 1101 1102
f 1066 1102 1099
f 1066 1103 1104
f 1066 1104 1101
f 1066 1065 1105
f 1066 1105 1103
f 1106 1107 1108
f 1106 1108 1109
f 1106 1109 1110
f 1106 1110 1111
f 1106 1112 1113
f 1106 1113 1107
f 1106 1111 1114
f 1106 1114 1115
f 1106 1115 1089
f 1106 1089 1112
f 1116 1117 1118
f 1116 1118 1119
f 1116 1120 1121
f 1116 1121 1117
f 1122 1123 1124
f 1122 1124 1125
f 1122 1126 1127
f 1122 1127 1123
f 1122 1128 1129
f 1122 1129 1126
f 1130 1131 1132
f 1130 1132 1133
f 1130 1134 1135
f 1130 1135 1131
f 1130 1133 1136
f 1130 1136 1134
f 1137 1138 1139
f 1137 1139 1140
f 1137 1140 1141
f 1137 1141 1142
f 1137 1142 1114
f 1137 1114 1138
f 1143 1144 1145
f 1143 1145 1146
f 1143 1146 1147
f 1143 1147 1148
f 1143 1148 1149
f 1143 1149 1144
f 1138 1114 1111
f 1138 1111 1139
f 1127 1131 1150
f 1127 1150 1123
f 1127 1126 1132
f 1127 1132 1131
f 1131 1135 1151
f 1131 1151 1150
f 1152 1121 1153
f 1152 1153 1154
f 1152 1154 1155
f 1152 1155 1156
f 1152 1156 1117
f 1152 1117 1121
f 1157 1158 1159
f 1157 1159 1160
f 1157 1160 1161
f 1157 1161 1162
f 1157 1162 1163
f 1157 1163 1158
f 1164 1165 1166
f 1164 1166 1167
f 1168 1164 1167
f 1168 1167 1169
f 1164 1170 1171
f 1164 1171 1165
f 1172 1159 1158
f 1172 1158 1173
f 1173 1174 1175
f 1173 1175 1176
f 1173 1158 1163
f 1173 1163 1174
f 1168 1169 1177
f 1168 1177 1178
f 1174 1179 1180
f 1174 1180 1175
f 1174 1163 1181
f 1174 1181 1179
f 1181 1150 1151
f 1181 1151 1179
f 1181 1124 1123
f 1181 1123 1150
f 1181 1163 1162
f 1181 1162 1124
f 1179 1151 1182
f 1179 1182 1180
f 1182 1145 1144
f 1182 1144 1183
f 1182 1151 1135
f 1182 1135 1145
f 1182 1183 1184
f 1182 1184 1180
f 1184 1183 1185
f 1184 1185 1186
f 1184 1187 1175
f 1184 1175 1180
f 1184 1186 1188
f 1184 1188 1187
f 1188 1186 1189
f 1188 1189 1190
f 1188 1191 1192
f 1188 1192 1187
f 1188 1190 1193
f 1188 1193 1191
f 1193 1190 1194
f 1193 1194 1195
f 1193 1196 1197
f 1193 1197 1191
f 1193 1195 1198
f 1193 1198 1196
f 1198 1195 1199
f 1198 1199 1200
f 1198 1201 1202
f 1198 1202 1196
f 1198 1200 1203
f 1198 1203 1201
f 1203 1200 1204
f 1203 1204 1205
f 1203 1206 1207
f 1203 1207 1201
f 1203 1205 1208
f 1203 1208 1206
f 1208 1205 1209
f 1208 1209 1210
f 1208 1211 1212
f 1208 1212 1206
f 1208 1210 1213
f 1208 1213 1211
f 1213 1210 1214
f 1213 1214 1215
f 1213 1216 1217
f 1213 1217 1211
f 1213 1215 1218
f 1213 1218 1216
f 1218 1215 1219
f 1218 1219 1220
f 1218 1221 1222
f 1218 1222 1216
f 1218 1220 1223
f 1218 1223 1221
f 1223 1220 1224
f 1223 1224 1225
f 1223 1226 1227
f 1223 1227 1221
f 1223 1225 1228
f 1223 1228 1226
f 1228 1225 1229
f 1228 1229 1230
f 1228 1231 1232
f 1228 1232 1226
f 1228 1230 1233
f 1228 1233 1231
f 1233 1230 1234
f 1233 1234 1235
f 1233 1236 1005
f 1233 1005 1231
f 1233 1235 1237
f 1233 1237 1236
f 1237 987 1238
f 1237 1238 1236
f 1237 1239 988
f 1237 988 987
f 1237 1235 1240
f 1237 1240 1239
f 1240 1241 1242
f 1240 1242 1239
f 1240 905 904
f 1240 904 1241
f 1240 1235 1234
f 1240 1234 905
f 1241 1243 1244
f 1241 1244 1242
f 1241 904 909
f 1241 909 1243
f 1243 1245 1246
f 1243 1246 1244
f 1243 909 915
f 1243 915 1245
f 1245 1247 1248
f 1245 1248 1246
f 1245 915 914
f 1245 914 1247
f 1247 1249 1250
f 1247 1250 1248
f 1247 914 916
f 1247 916 1249
f 1249 1251 1252
f 1249 1252 1250
f 1249 916 1253
f 1249 1253 1251
f 1253 1254 1255
f 1253 1255 1251
f 1253 1256 1257
f 1253 1257 1254
f 1253 916 913
f 1253 913 1256
f 1256 1258 1259
f 1256 1259 1257
f 1256 913 912
f 1256 912 1258
f 1258 1260 1261
f 1258 1261 1259
f 1258 912 907
f 1258 907 1260
f 1260 1262 1229
f 1260 1229 1261
f 1260 907 906
f 1260 906 1262
f 1262 1234 1230
f 1262 1230 1229
f 1262 906 905
f 1262 905 1234
f 1261 1224 1263
f 1261 1263 1259
f 1261 1229 1225
f 1261 1225 1224
f 1263 1264 1257
f 1263 1257 1259
f 1263 1219 1265
f 1263 1265 1264
f 1263 1224 1220
f 1263 1220 1219
f 1265 1266 1267
f 1265 1267 1264
f 1265 1214 1268
f 1265 1268 1266
f 1265 1219 1215
f 1265 1215 1214
f 1268 1269 1270
f 1268 1270 1266
f 1268 1209 1271
f 1268 1271 1269
f 1268 1214 1210
f 1268 1210 1209
f 1271 1272 1273
f 1271 1273 1269
f 1271 1204 1274
f 1271 1274 1272
f 1271 1209 1205
f 1271 1205 1204
f 1274 1275 1276
f 1274 1276 1272
f 1274 1199 1277
f 1274 1277 1275
f 1274 1204 1200
f 1274 1200 1199
f 1277 1278 1279
f 1277 1279 1275
f 1277 1194 1280
f 1277 1280 1278
f 1277 1199 1195
f 1277 1195 1194
f 1280 1281 1282
f 1280 1282 1278
f 1280 1189 1283
f 1280 1283 1281
f 1280 1194 1190
f 1280 1190 1189
f 1283 1081 1080
f 1283 1080 1281
f 1283 1185 1149
f 1283 1149 1081
f 1283 1189 1186
f 1283 1186 1185
f 1281 1080 1079
f 1281 1079 1282
f 1282 1079 1284
f 1282 1284 1285
f 1282 1285 1279
f 1282 1279 1278
f 1284 1286 1040
f 1284 1040 1287
f 1284 1079 1078
f 1284 1078 1286
f 1284 1287 1288
f 1284 1288 1285
f 1288 1287 1289
f 1288 1289 1290
f 1288 1291 1279
f 1288 1279 1285
f 1288 1290 1292
f 1288 1292 1291
f 1292 1290 1293
f 1292 1293 1294
f 1292 1295 1276
f 1292 1276 1291
f 1292 1294 1296
f 1292 1296 1295
f 1296 1294 1297
f 1296 1297 1298
f 1296 1299 1273
f 1296 1273 1295
f 1296 1298 1300
f 1296 1300 1299
f 1300 1298 1301
f 1300 1301 1302
f 1300 1303 1270
f 1300 1270 1299
f 1300 1302 1255
f 1300 1255 1303
f 1303 1267 1266
f 1303 1266 1270
f 1303 1255 1254
f 1303 1254 1267
f 1301 1304 1305
f 1301 1305 1306
f 1301 1298 1297
f 1301 1297 1304
f 1301 1306 1252
f 1301 1252 1302
f 1304 1307 1308
f 1304 1308 1305
f 1304 1297 1309
f 1304 1309 1307
f 1309 1310 1311
f 1309 1311 1307
f 1309 1293 1312
f 1309 1312 1310
f 1309 1297 1294
f 1309 1294 1293
f 1312 1038 1313
f 1312 1313 1310
f 1312 1289 1039
f 1312 1039 1038
f 1312 1293 1290
f 1312 1290 1289
f 1313 1314 1315
f 1313 1315 1316
f 1313 1038 1037
f 1313 1037 1314
f 1313 1316 1311
f 1313 1311 1310
f 1314 1317 1318
f 1314 1318 1315
f 1314 1037 1042
f 1314 1042 1317
f 1317 1095 1319
f 1317 1319 1318
f 1317 1042 1092
f 1317 1092 1095
f 1319 1320 1321
f 1319 1321 1318
f 1319 1322 1323
f 1319 1323 1320
f 1319 1095 1094
f 1319 1094 1322
f 1322 1324 1325
f 1322 1325 1323
f 1322 1094 1097
f 1322 1097 1324
f 1324 1073 1069
f 1324 1069 1325
f 1324 1097 1108
f 1324 1108 1073
f 1325 1326 1327
f 1325 1327 1323
f 1325 1069 1068
f 1325 1068 1326
f 1326 1328 1018
f 1326 1018 1327
f 1326 1068 1329
f 1326 1329 1328
f 1329 1013 1012
f 1329 1012 1328
f 1329 1050 1043
f 1329 1043 1013
f 1329 1068 1051
f 1329 1051 1050
f 1328 1012 1014
f 1328 1014 1018
f 1327 1018 1017
f 1327 1017 1330
f 1327 1330 1320
f 1327 1320 1323
f 1330 1017 1019
f 1330 1019 1331
f 1330 1331 1321
f 1330 1321 1320
f 1331 1019 980
f 1331 980 958
f 1331 958 983
f 1331 983 1321
f 1321 983 1315
f 1321 1315 1318
f 1315 983 982
f 1315 982 1316
f 1316 982 1332
f 1316 1332 1311
f 1332 982 957
f 1332 957 1333
f 1332 1308 1307
f 1332 1307 1311
f 1332 1333 1334
f 1332 1334 1308
f 1334 1333 1335
f 1334 1335 1336
f 1334 1337 1305
f 1334 1305 1308
f 1334 1336 1338
f 1334 1338 1337
f 1338 1336 1339
f 1338 1339 1340
f 1338 1341 1342
f 1338 1342 1337
f 1338 1340 1343
f 1338 1343 1341
f 1343 1340 1344
f 1343 1344 1345
f 1343 1246 1248
f 1343 1248 1341
f 1343 1345 1244
f 1343 1244 1246
f 1344 928 931
f 1344 931 1346
f 1344 1340 1339
f 1344 1339 928
f 1344 1346 1347
f 1344 1347 1345
f 1347 1242 1244
f 1347 1244 1345
f 1347 988 1239
f 1347 1239 1242
f 1346 931 933
f 1346 933 1348
f 1341 1248 1250
f 1341 1250 1342
f 1342 1306 1305
f 1342 1305 1337
f 1342 1250 1252
f 1342 1252 1306
f 1339 1349 929
f 1339 929 928
f 1339 1336 1335
f 1339 1335 1349
f 1349 953 1350
f 1349 1350 929
f 1349 1335 954
f 1349 954 953
f 1335 1333 957
f 1335 957 954
f 1302 1252 1251
f 1302 1251 1255
f 1299 1270 1269
f 1299 1269 1273
f 1295 1273 1272
f 1295 1272 1276
f 1291 1276 1275
f 1291 1275 1279
f 1289 1287 1040
f 1289 1040 1039
f 1286 1093 1041
f 1286 1041 1040
f 1286 1078 1077
f 1286 1077 1093
f 1267 1254 1257
f 1267 1257 1264
f 1351 1352 1003
f 1351 1003 1006
f 987 986 1353
f 987 1353 1238
f 1238 1006 1005
f 1238 1005 1236
f 986 1354 1355
f 986 1355 1353
f 986 985 991
f 986 991 1354
f 1354 1356 1357
f 1354 1357 1355
f 1354 991 1358
f 1354 1358 1356
f 1358 1032 1359
f 1358 1359 1356
f 1358 1360 1033
f 1358 1033 1032
f 1358 991 990
f 1358 990 1360
f 1360 1361 1362
f 1360 1362 1033
f 1360 990 993
f 1360 993 1361
f 1361 973 977
f 1361 977 1362
f 1361 993 974
f 1361 974 973
f 1362 1046 1028
f 1362 1028 1033
f 1362 977 1363
f 1362 1363 1046
f 1363 1364 1047
f 1363 1047 1046
f 1363 1365 1366
f 1363 1366 1364
f 1363 977 976
f 1363 976 1365
f 1365 1367 996
f 1365 996 1366
f 1365 976 979
f 1365 979 1367
f 1367 1368 997
f 1367 997 996
f 1367 979 1369
f 1367 1369 1368
f 1369 979 978
f 1369 978 1370
f 1369 1371 1372
f 1369 1372 1368
f 1369 1370 1373
f 1369 1373 1371
f 1373 1370 1374
f 1373 1374 1375
f 1373 1376 1377
f 1373 1377 1371
f 1376 1373 1375
f 1376 1375 1378
f 1376 1379 1380
f 1376 1380 1377
f 1379 1376 1378
f 1379 1378 1381
f 1379 1382 1383
f 1379 1383 1380
f 1382 1379 1381
f 1382 1381 1384
f 1382 1385 1386
f 1382 1386 1383
f 1385 1382 1384
f 1385 1384 1387
f 1385 1388 1389
f 1385 1389 1386
f 1389 897 901
f 1389 901 938
f 1389 1388 898
f 1389 898 897
f 1389 938 937
f 1389 937 1386
f 1386 937 936
f 1386 936 1383
f 1383 936 1390
f 1383 1390 1380
f 1390 1391 1377
f 1390 1377 1380
f 1390 1392 1393
f 1390 1393 1391
f 1390 936 935
f 1390 935 1392
f 1392 926 1394
f 1392 1394 1393
f 1392 935 923
f 1392 923 926
f 1394 998 999
f 1394 999 1393
f 1394 945 944
f 1394 944 998
f 1394 926 925
f 1394 925 945
f 1393 999 1372
f 1393 1372 1391
f 1391 1372 1371
f 1391 1371 1377
f 1372 999 997
f 1372 997 1368
f 1370 978 1395
f 1370 1395 1374
f 1396 956 955
f 1396 955 961
f 1395 978 972
f 1395 972 1397
f 1396 961 948
f 1396 948 947
f 1366 1398 1399
f 1366 1399 1364
f 1366 996 995
f 1366 995 1398
f 1398 1400 1401
f 1398 1401 1399
f 1398 995 1001
f 1398 1001 1400
f 1400 1402 1403
f 1400 1403 1401
f 1400 1001 1404
f 1400 1404 1402
f 1404 1405 1406
f 1404 1406 1402
f 1404 1407 1408
f 1404 1408 1405
f 1404 1001 1000
f 1404 1000 1407
f 1407 1024 1020
f 1407 1020 1408
f 1407 1000 1002
f 1407 1002 1024
f 1408 1086 1085
f 1408 1085 1405
f 1408 1020 1023
f 1408 1023 1086
f 1405 1085 1409
f 1405 1409 1406
f 1409 1141 1410
f 1409 1410 1406
f 1409 1411 1142
f 1409 1142 1141
f 1409 1085 1084
f 1409 1084 1411
f 1411 1115 1114
f 1411 1114 1142
f 1411 1084 1089
f 1411 1089 1115
f 1410 1412 1413
f 1410 1413 1403
f 1410 1141 1140
f 1410 1140 1412
f 1410 1403 1402
f 1410 1402 1406
f 1412 1414 1415
f 1412 1415 1413
f 1412 1140 1139
f 1412 1139 1414
f 1414 1110 1098
f 1414 1098 1415
f 1414 1139 1111
f 1414 1111 1110
f 1415 1098 1091
f 1415 1091 1416
f 1415 1416 1417
f 1415 1417 1413
f 1417 1416 1055
f 1417 1055 1059
f 1417 1401 1403
f 1417 1403 1413
f 1417 1059 1399
f 1417 1399 1401
f 1416 1091 1057
f 1416 1057 1055
f 1399 1059 1047
f 1399 1047 1364
f 1359 1418 1357
f 1359 1357 1356
f 1359 1054 1419
f 1359 1419 1418
f 1359 1032 1031
f 1359 1031 1054
f 1420 1421 1422
f 1420 1422 1423
f 1420 1424 1425
f 1420 1425 1421
f 1419 1054 1053
f 1419 1053 1426
f 1424 1119 1118
f 1424 1118 1425
f 1426 1053 1129
f 1426 1129 1128
f 1425 1103 1105
f 1425 1105 1421
f 1425 1118 1104
f 1425 1104 1103
f 1421 1105 1427
f 1421 1427 1422
f 1427 1064 1428
f 1427 1428 1429
f 1427 1105 1065
f 1427 1065 1064
f 1427 1429 1430
f 1427 1430 1422
f 1430 1429 1431
f 1430 1431 1432
f 1430 1433 1423
f 1430 1423 1422
f 1430 1432 1434
f 1430 1434 1433
f 1431 1435 1436
f 1431 1436 1437
f 1431 1429 1428
f 1431 1428 1435
f 1431 1437 1352
f 1431 1352 1432
f 1435 1438 1227
f 1435 1227 1436
f 1435 1428 1439
f 1435 1439 1438
f 1439 1440 1222
f 1439 1222 1438
f 1439 1063 1062
f 1439 1062 1440
f 1439 1428 1064
f 1439 1064 1063
f 1440 1217 1216
f 1440 1216 1222
f 1440 1062 1441
f 1440 1441 1217
f 1441 1212 1211
f 1441 1211 1217
f 1441 1100 1442
f 1441 1442 1212
f 1441 1062 1061
f 1441 1061 1100
f 1442 1207 1206
f 1442 1206 1212
f 1442 1443 1444
f 1442 1444 1207
f 1442 1100 1099
f 1442 1099 1443
f 1443 1445 1446
f 1443 1446 1444
f 1443 1099 1102
f 1443 1102 1445
f 1445 1447 1166
f 1445 1166 1446
f 1445 1102 1448
f 1445 1448 1447
f 1448 1449 1450
f 1448 1450 1447
f 1448 1155 1154
f 1448 1154 1449
f 1448 1102 1101
f 1448 1101 1155
f 1449 1451 1452
f 1449 1452 1450
f 1449 1154 1153
f 1449 1153 1451
f 1451 1453 1454
f 1451 1454 1452
f 1455 1161 1160
f 1455 1160 1453
f 1452 1169 1167
f 1452 1167 1450
f 1452 1454 1177
f 1452 1177 1169
f 1450 1167 1166
f 1450 1166 1447
f 1446 1456 1202
f 1446 1202 1444
f 1446 1166 1165
f 1446 1165 1456
f 1456 1197 1196
f 1456 1196 1202
f 1444 1202 1201
f 1444 1201 1207
f 1438 1222 1221
f 1438 1221 1227
f 1436 1227 1226
f 1436 1226 1232
f 1436 1232 1004
f 1436 1004 1437
f 1437 1004 1003
f 1437 1003 1352
f 1432 1352 1351
f 1432 1351 1434
f 1231 1005 1004
f 1231 1004 1232
f 1197 1456 1165
f 1197 1165 1171
f 1187 1192 1176
f 1187 1176 1175
f 1185 1183 1144
f 1185 1144 1149
f 1161 1125 1124
f 1161 1124 1162
f 1455 1153 1121
f 1455 1121 1120
f 1155 1101 1104
f 1155 1104 1156
f 1156 1104 1118
f 1156 1118 1117
f 1149 1148 1082
f 1149 1082 1081
f 1147 1136 1076
f 1147 1076 1457
f 1147 1146 1134
f 1147 1134 1136
f 1147 1457 1082
f 1147 1082 1148
f 1457 1076 1044
f 1457 1044 1056
f 1457 1056 1058
f 1457 1058 1082
f 1145 1135 1134
f 1145 1134 1146
f 1129 1075 1132
f 1129 1132 1126
f 1129 1053 1052
f 1129 1052 1075
f 1112 1458 1459
f 1112 1459 1113
f 1112 1089 1088
f 1112 1088 1458
f 1458 1460 1461
f 1458 1461 1459
f 1458 1088 1462
f 1458 1462 1460
f 1462 1463 1464
f 1462 1464 1460
f 1462 1465 1466
f 1462 1466 1463
f 1462 1088 1083
f 1462 1083 1465
f 1465 1467 1468
f 1465 1468 1466
f 1465 1083 1087
f 1465 1087 1467
f 1467 1469 1470
f 1467 1470 1468
f 1467 1087 1471
f 1467 1471 1469
f 1471 1087 1023
f 1471 1023 1022
f 1471 1472 1473
f 1471 1473 1469
f 1471 1022 1070
f 1471 1070 1472
f 1472 1474 1475
f 1472 1475 1473
f 1472 1070 1072
f 1472 1072 1474
f 1474 1459 1461
f 1474 1461 1475
f 1474 1072 1113
f 1474 1113 1459
f 1475 1476 1477
f 1475 1477 1473
f 1475 1461 1478
f 1475 1478 1476
f 1478 1479 1480
f 1478 1480 1476
f 1478 1464 1481
f 1478 1481 1479
f 1478 1461 1460
f 1478 1460 1464
f 1481 1482 1483
f 1481 1483 1479
f 1481 1484 1485
f 1481 1485 1482
f 1481 1464 1463
f 1481 1463 1484
f 1484 1486 1487
f 1484 1487 1485
f 1484 1463 1466
f 1484 1466 1486
f 1486 1488 1489
f 1486 1489 1487
f 1486 1466 1468
f 1486 1468 1488
f 1488 1490 1491
f 1488 1491 1489
f 1488 1468 1470
f 1488 1470 1490
f 1490 1492 1493
f 1490 1493 1491
f 1490 1470 1477
f 1490 1477 1492
f 1492 1480 1494
f 1492 1494 1493
f 1492 1477 1476
f 1492 1476 1480
f 1494 1495 1496
f 1494 1496 1493
f 1494 1483 1497
f 1494 1497 1495
f 1494 1480 1479
f 1494 1479 1483
f 1497 1498 1499
f 1497 1499 1495
f 1497 1500 1501
f 1497 1501 1498
f 1497 1483 1482
f 1497 1482 1500
f 1500 1502 1503
f 1500 1503 1501
f 1500 1482 1485
f 1500 1485 1502
f 1502 1504 1505
f 1502 1505 1503
f 1502 1485 1487
f 1502 1487 1504
f 1504 1506 1507
f 1504 1507 1505
f 1504 1487 1489
f 1504 1489 1506
f 1506 1508 1509
f 1506 1509 1507
f 1506 1489 1491
f 1506 1491 1508
f 1508 1496 1510
f 1508 1510 1509
f 1508 1491 1493
f 1508 1493 1496
f 1510 1511 1512
f 1510 1512 1509
f 1510 1499 1513
f 1510 1513 1511
f 1510 1496 1495
f 1510 1495 1499
f 1513 1514 1515
f 1513 1515 1511
f 1513 1516 1517
f 1513 1517 1514
f 1513 1499 1498
f 1513 1498 1516
f 1516 1518 1519
f 1516 1519 1517
f 1516 1498 1501
f 1516 1501 1518
f 1518 1520 1521
f 1518 1521 1519
f 1518 1501 1503
f 1518 1503 1520
f 1520 1522 1523
f 1520 1523 1521
f 1520 1503 1505
f 1520 1505 1522
f 1522 1524 1525
f 1522 1525 1523
f 1522 1505 1507
f 1522 1507 1524
f 1524 1512 1526
f 1524 1526 1525
f 1524 1507 1509
f 1524 1509 1512
f 1526 1527 1528
f 1526 1528 1525
f 1526 1515 1529
f 1526 1529 1527
f 1526 1512 1511
f 1526 1511 1515
f 1529 1530 1531
f 1529 1531 1527
f 1529 1532 1533
f 1529 1533 1530
f 1529 1515 1514
f 1529 1514 1532
f 1532 1534 1535
f 1532 1535 1533
f 1532 1514 1517
f 1532 1517 1534
f 1534 1536 1537
f 1534 1537 1535
f 1534 1517 1519
f 1534 1519 1536
f 1536 1538 940
f 1536 940 1537
f 1536 1519 1521
f 1536 1521 1538
f 1538 1539 941
f 1538 941 940
f 1538 1521 1523
f 1538 1523 1539
f 1539 1528 942
f 1539 942 941
f 1539 1523 1525
f 1539 1525 1528
f 1537 1540 1541
f 1537 1541 1535
f 1537 940 939
f 1537 939 1540
f 1540 901 900
f 1540 900 1541
f 1540 939 938
f 1540 938 901
f 1541 1542 1533
f 1541 1533 1535
f 1541 900 902
f 1541 902 1542
f 1542 922 1530
f 1542 1530 1533
f 1542 902 918
f 1542 918 922
f 1530 922 921
f 1530 921 1531
f 1531 942 1528
f 1531 1528 1527
f 1531 921 924
f 1531 924 942
f 1477 1470 1469
f 1477 1469 1473
f 1113 1072 1071
f 1113 1071 1107
f 1110 1109 1096
f 1110 1096 1098
f 1107 1071 1073
f 1107 1073 1108
f 1108 1097 1096
f 1108 1096 1109
f 1092 1042 1041
f 1092 1041 1093
f 1133 1074 1076
f 1133 1076 1136
f 1133 1132 1075
f 1133 1075 1074
f 1049 1026 1025
f 1049 1025 1543
f 1049 1543 1011
f 1049 1011 1043
f 1543 1025 1544
f 1543 1544 1545
f 1543 1545 1009
f 1543 1009 1011
f 1544 1002 969
f 1544 969 968
f 1544 1025 1024
f 1544 1024 1002
f 1544 968 1546
f 1544 1546 1545
f 1546 968 950
f 1546 950 971
f 1546 984 1009
f 1546 1009 1545
f 1546 971 963
f 1546 963 984
f 1019 1016 965
f 1019 965 980
f 1016 1008 966
f 1016 966 965
f 993 992 1547
f 993 1547 974
f 974 1547 1548
f 974 1548 975
f 975 1548 1350
f 975 1350 1549
f 975 1549 1397
f 975 1397 972
f 945 925 927
f 945 927 946
f 918 902 899
f 918 899 919
f 915 909 908
f 915 908 911
f 911 908 907
f 911 907 912
f 1385 1387 898
f 1385 898 1388
f 1387 919 899
f 1387 899 898
f 1384 920 919
f 1384 919 1387
f 1381 927 920
f 1381 920 1384
f 1378 946 927
f 1378 927 1381
f 1375 943 946
f 1375 946 1378
f 1374 947 943
f 1374 943 1375
f 1395 1396 947
f 1395 947 1374
f 1396 1395 1397
f 1396 1397 956
f 1549 952 956
f 1549 956 1397
f 1350 953 952
f 1350 952 1549
f 930 929 1350
f 930 1350 1550
f 1197 1171 1192
f 1197 1192 1191
f 1170 1176 1192
f 1170 1192 1171
f 1176 1170 1164
f 1176 1164 1168
f 1173 1178 1177
f 1173 1177 1172
f 1454 1159 1172
f 1454 1172 1177
f 1173 1176 1168
f 1173 1168 1178
f 1453 1160 1159
f 1453 1159 1454
f 1161 1455 1120
f 1161 1120 1125
f 1122 1125 1120
f 1122 1120 1116
f 1122 1116 1119
f 1122 1119 1128
f 1426 1128 1119
f 1426 1119 1424
f 1419 1426 1424
f 1419 1424 1420
f 1419 1420 1423
f 1419 1423 1418
f 1433 1357 1418
f 1433 1418 1423
f 1434 1355 1357
f 1434 1357 1433
f 1351 1353 1355
f 1351 1355 1434
f 1451 1153 1455
f 1451 1455 1453
f 1353 1351 1006
f 1353 1006 1238
f 933 992 989
f 933 989 1348
f 932 1547 992
f 932 992 933
f 1347 1346 1348
f 1347 1348 988
f 988 1348 989
f 988 989 985
f 1548 1547 932
f 1548 932 1551
f 1551 932 930
f 1551 930 1550
f 1548 1551 1550
f 1548 1550 1350
f 1552 1553 1554
f 1552 1554 1555
f 1552 1555 1556
f 1552 1556 1557
f 1552 1557 1558
f 1552 1558 1553
f 1559 1560 1561
f 1559 1561 1562
f 1559 1563 1564
f 1559 1564 1560
f 1559 1562 1565
f 1559 1565 1563
f 1565 1566 1567
f 1565 1567 1568
f 1565 1568 1569
f 1565 1569 1563
f 1570 1571 1572
f 1570 1572 1573
f 1570 1573 1574
f 1570 1574 1575
f 1570 1575 1576
f 1570 1576 1577
f 1578 1579 1571
f 1578 1571 1570
f 1578 1570 1577
f 1578 1577 1580
f 1578 1580 1581
f 1578 1581 1579
f 1582 1583 1584
f 1582 1584 1585
f 1582 1585 1586
f 1582 1586 1558
f 1582 1587 1588
f 1582 1588 1589
f 1582 1589 1590
f 1582 1590 1583
f 1591 1592 1593
f 1591 1593 1594
f 1591 1594 1595
f 1591 1595 1596
f 1591 1596 1597
f 1591 1597 1598
f 1591 1599 1600
f 1591 1600 1592
f 1601 1602 1603
f 1601 1603 1604
f 1601 1604 1605
f 1601 1605 1606
f 1601 1606 1607
f 1601 1607 1602
f 1608 1609 1610
f 1608 1610 1611
f 1608 1612 1613
f 1608 1613 1609
f 1608 1611 1614
f 1608 1614 1612
f 1576 1575 1615
f 1576 1615 1616
f 1576 1616 1617
f 1576 1617 1618
f 1576 1618 1619
f 1576 1619 1620
f 1621 1622 1623
f 1621 1623 1624
f 1621 1624 1625
f 1621 1625 1626
f 1621 1626 1588
f 1621 1588 1622
f 1627 1611 1610
f 1627 1610 1628
f 1627 1628 1620
f 1627 1620 1629
f 1627 1629 1630
f 1627 1630 1631
f 1626 1632 1589
f 1626 1589 1588
f 1626 1625 1633
f 1626 1633 1634
f 1626 1634 1635
f 1626 1635 1632
f 1636 1590 1589
f 1636 1589 1632
f 1636 1637 1638
f 1636 1638 1590
f 1636 1632 1635
f 1636 1635 1639
f 1636 1639 1640
f 1636 1640 1641
f 1636 1641 1642
f 1636 1642 1637
f 1643 1644 1645
f 1643 1645 1646
f 1643 1646 1647
f 1643 1647 1648
f 1643 1648 1649
f 1643 1649 1650
f 1643 1650 1651
f 1643 1651 1652
f 1643 1652 1653
f 1643 1653 1644
f 1654 1655 1656
f 1654 1656 1657
f 1654 1658 1659
f 1654 1659 1655
f 1654 1660 1661
f 1654 1661 1658
f 1654 1662 1663
f 1654 1663 1660
f 1660 1663 1664
f 1660 1664 1661
f 1665 1619 1618
f 1665 1618 1666
f 1665 1667 1668
f 1665 1668 1619
f 1665 1666 1669
f 1665 1669 1670
f 1665 1670 1671
f 1665 1671 1672
f 1673 1674 1675
f 1673 1675 1676
f 1673 1677 1678
f 1673 1678 1674
f 1673 1676 1679
f 1673 1679 1677
f 1680 1681 1682
f 1680 1682 1683
f 1680 1684 1685
f 1680 1685 1681
f 1680 1683 1686
f 1680 1686 1684
f 1637 1642 1687
f 1637 1687 1688
f 1637 1689 1690
f 1637 1690 1638
f 1637 1688 1691
f 1637 1691 1689
f 1692 1693 1694
f 1692 1694 1695
f 1692 1695 1641
f 1692 1641 1640
f 1692 1640 1696
f 1692 1696 1693
f 1697 1698 1699
f 1697 1699 1700
f 1697 1701 1702
f 1697 1702 1703
f 1697 1700 1704
f 1697 1704 1705
f 1697 1705 1706
f 1697 1706 1701
f 1707 1708 1709
f 1707 1709 1710
f 1707 1711 1712
f 1707 1712 1708
f 1707 1713 1714
f 1707 1714 1711
f 1715 1681 1685
f 1715 1685 1716
f 1715 1716 1717
f 1715 1717 1718
f 1715 1718 1682
f 1715 1682 1681
f 1719 1720 1721
f 1719 1721 1722
f 1719 1698 1631
f 1719 1631 1630
f 1719 1630 1723
f 1719 1723 1720
f 1719 1724 1699
f 1719 1699 1698
f 1719 1722 1725
f 1719 1725 1724
f 1726 1727 1728
f 1726 1728 1729
f 1726 1729 1730
f 1726 1730 1731
f 1726 1731 1732
f 1726 1732 1727
f 1733 1699 1724
f 1733 1724 1734
f 1733 1734 1735
f 1733 1735 1736
f 1733 1736 1700
f 1733 1700 1699
f 1737 1738 1739
f 1737 1739 1740
f 1737 1740 1741
f 1737 1741 1742
f 1737 1742 1743
f 1737 1743 1738
f 1744 1745 1746
f 1744 1746 1747
f 1748 1749 1745
f 1748 1745 1744
f 1744 1747 1750
f 1744 1750 1748
f 1751 1752 1753
f 1751 1753 1754
f 1751 1754 1755
f 1751 1755 1756
f 1751 1757 1758
f 1751 1758 1752
f 1751 1756 1759
f 1751 1759 1760
f 1761 1762 1763
f 1761 1763 1764
f 1761 1765 1766
f 1761 1766 1767
f 1761 1764 1768
f 1761 1768 1765
f 1741 1769 1770
f 1741 1770 1771
f 1741 1740 1772
f 1741 1772 1769
f 1741 1773 1774
f 1741 1774 1742
f 1741 1771 1775
f 1741 1775 1773
f 1776 1735 1734
f 1776 1734 1777
f 1776 1777 1778
f 1776 1778 1779
f 1776 1779 1780
f 1776 1780 1735
f 1780 1781 1736
f 1780 1736 1735
f 1780 1779 1782
f 1780 1782 1781
f 1783 1784 1785
f 1783 1785 1786
f 1783 1786 1787
f 1783 1787 1788
f 1783 1788 1789
f 1783 1789 1790
f 1783 1790 1791
f 1783 1791 1792
f 1783 1792 1793
f 1783 1793 1784
f 1794 1795 1796
f 1794 1796 1797
f 1794 1798 1799
f 1794 1799 1795
f 1794 1797 1800
f 1794 1800 1798
f 1801 1802 1803
f 1801 1803 1804
f 1801 1805 1806
f 1801 1806 1802
f 1801 1804 1807
f 1801 1807 1805
f 1808 1809 1810
f 1808 1810 1811
f 1808 1812 1813
f 1808 1813 1809
f 1808 1811 1814
f 1808 1814 1815
f 1706 1816 1817
f 1706 1817 1701
f 1706 1705 1818
f 1706 1818 1816
f 1819 1820 1821
f 1819 1821 1822
f 1819 1823 1824
f 1819 1824 1820
f 1819 1822 1825
f 1819 1825 1823
f 1826 1827 1828
f 1826 1828 1829
f 1826 1830 1831
f 1826 1831 1827
f 1826 1829 1832
f 1826 1832 1830
f 1833 1774 1834
f 1833 1834 1835
f 1833 1743 1742
f 1833 1742 1774
f 1833 1835 1821
f 1833 1821 1743
f 1828 1827 1759
f 1828 1759 1836
f 1828 1836 1837
f 1828 1837 1829
f 1838 1839 1840
f 1838 1840 1841
f 1842 1843 1839
f 1842 1839 1838
f 1838 1841 1844
f 1838 1844 1842
f 1845 1846 1798
f 1845 1798 1800
f 1845 1847 1848
f 1845 1848 1846
f 1845 1800 1849
f 1845 1849 1847
f 1850 1851 1852
f 1850 1852 1853
f 1850 1854 1855
f 1850 1855 1851
f 1850 1853 1856
f 1850 1856 1854
f 1750 1747 1857
f 1750 1857 1858
f 1750 1858 1859
f 1750 1859 1860
f 1750 1861 1862
f 1750 1862 1748
f 1750 1860 1863
f 1750 1863 1861
f 1864 1865 1866
f 1864 1866 1867
f 1864 1867 1868
f 1864 1868 1869
f 1864 1869 1870
f 1864 1870 1871
f 1864 1872 1873
f 1864 1873 1865
f 1722 1721 1874
f 1722 1874 1875
f 1722 1875 1876
f 1722 1876 1877
f 1722 1877 1878
f 1722 1878 1725
f 1782 1779 1778
f 1782 1778 1879
f 1782 1879 1704
f 1782 1704 1781
f 1861 1880 1881
f 1861 1881 1862
f 1861 1863 1882
f 1861 1882 1883
f 1861 1883 1884
f 1861 1884 1880
f 1885 1886 1887
f 1885 1887 1888
f 1885 1888 1889
f 1885 1889 1890
f 1885 1890 1891
f 1885 1891 1886
f 1705 1892 1893
f 1705 1893 1818
f 1894 1895 1896
f 1894 1896 1897
f 1894 1897 1898
f 1894 1898 1899
f 1894 1899 1900
f 1894 1900 1895
f 1705 1704 1879
f 1705 1879 1892
f 1879 1778 1878
f 1879 1878 1901
f 1879 1901 1902
f 1879 1902 1892
f 1903 1904 1815
f 1903 1815 1905
f 1903 1905 1906
f 1903 1906 1907
f 1903 1907 1908
f 1903 1908 1904
f 1909 1887 1910
f 1909 1910 1911
f 1909 1911 1912
f 1909 1912 1913
f 1909 1913 1888
f 1909 1888 1887
f 1914 1822 1821
f 1914 1821 1835
f 1914 1915 1825
f 1914 1825 1822
f 1914 1835 1834
f 1914 1834 1915
f 1771 1770 1816
f 1771 1816 1818
f 1771 1818 1893
f 1771 1893 1916
f 1771 1916 1917
f 1771 1917 1775
f 1918 1919 1710
f 1918 1710 1920
f 1918 1921 1922
f 1918 1922 1923
f 1918 1924 1925
f 1918 1925 1919
f 1918 1923 1926
f 1918 1926 1924
f 1927 1875 1874
f 1927 1874 1928
f 1927 1929 1876
f 1927 1876 1875
f 1927 1930 1931
f 1927 1931 1929
f 1927 1928 1932
f 1927 1932 1930
f 1933 1934 1830
f 1933 1830 1832
f 1933 1935 1936
f 1933 1936 1934
f 1933 1832 1937
f 1933 1937 1938
f 1933 1939 1940
f 1933 1940 1935
f 1941 1942 1943
f 1941 1943 1944
f 1941 1945 1946
f 1941 1946 1942
f 1941 1944 1947
f 1941 1947 1945
f 1892 1948 1949
f 1892 1949 1893
f 1892 1902 1950
f 1892 1950 1948
f 1951 1952 1953
f 1951 1953 1954
f 1951 1955 1956
f 1951 1956 1952
f 1951 1954 1957
f 1951 1957 1958
f 1959 1960 1881
f 1959 1881 1880
f 1959 1961 1962
f 1959 1962 1960
f 1959 1880 1884
f 1959 1884 1961
f 1963 1936 1935
f 1963 1935 1964
f 1963 1965 1966
f 1963 1966 1936
f 1963 1967 1968
f 1963 1968 1965
f 1963 1964 1969
f 1963 1969 1970
f 1963 1970 1953
f 1963 1953 1967
f 1902 1901 1971
f 1902 1971 1972
f 1902 1972 1973
f 1902 1973 1974
f 1902 1974 1975
f 1902 1975 1950
f 1947 1944 1976
f 1947 1976 1977
f 1947 1977 1978
f 1947 1978 1945
f 1979 1980 1981
f 1979 1981 1982
f 1979 1983 1915
f 1979 1915 1834
f 1979 1982 1984
f 1979 1984 1983
f 1985 1986 1987
f 1985 1987 1988
f 1985 1989 1990
f 1985 1990 1991
f 1985 1991 1992
f 1985 1992 1986
f 1993 1994 1995
f 1993 1995 1996
f 1997 1998 1994
f 1997 1994 1993
f 1993 1996 1999
f 1993 1999 1997
f 2000 2001 2002
f 2000 2002 1994
f 2000 2003 2004
f 2000 2004 2001
f 2000 1994 1998
f 2000 1998 2005
f 2000 2006 2007
f 2000 2007 2003
f 1994 2002 2008
f 1994 2008 1995
f 2009 2010 2011
f 2009 2011 2012
f 2009 2013 2014
f 2009 2014 2015
f 2009 2016 2017
f 2009 2017 2013
f 2009 2012 2018
f 2009 2018 2016
f 2019 2020 2021
f 2019 2021 2022
f 2019 2023 2024
f 2019 2024 2020
f 2019 2022 2025
f 2019 2025 2026
f 2019 2027 2028
f 2019 2028 2023
f 2019 2026 2029
f 2019 2029 2027
f 2013 2030 2031
f 2013 2031 2014
f 2005 2032 2006
f 2005 2006 2000
f 2005 2033 2034
f 2005 2034 2032
f 2005 2024 2023
f 2005 2023 2033
f 2005 1998 2035
f 2005 2035 2024
f 2029 2036 2037
f 2029 2037 2027
f 2029 2038 2039
f 2029 2039 2036
f 2040 1970 1969
f 2040 1969 2041
f 2040 2041 2042
f 2040 2042 2031
f 2040 2031 2043
f 2040 2043 2044
f 2040 1954 1953
f 2040 1953 1970
f 2040 2044 1957
f 2040 1957 1954
f 2031 2042 2045
f 2031 2045 2014
f 2031 2030 2046
f 2031 2046 2043
f 2047 1863 1860
f 2047 1860 1984
f 2048 1882 1863
f 2048 1863 2047
f 2047 1984 2049
f 2047 2049 2048
f 1984 1982 2050
f 1984 2050 2051
f 1984 2051 2052
f 1984 2052 2049
f 2053 2054 2055
f 2053 2055 2056
f 2053 2057 2058
f 2053 2058 2059
f 2053 2056 2060
f 2053 2060 2057
f 2053 2059 2061
f 2053 2061 2062
f 2063 2012 2011
f 2063 2011 2064
f 2063 2065 2066
f 2063 2066 2067
f 2063 2064 2068
f 2063 2068 2065
f 2063 2067 2069
f 2063 2069 2070
f 2063 2070 2018
f 2063 2018 2012
f 2071 2072 2073
f 2071 2073 2074
f 2071 2074 2075
f 2071 2075 2076
f 2071 2077 2078
f 2071 2078 2072
f 2024 2035 2079
f 2024 2079 2080
f 2081 2082 2083
f 2081 2083 2084
f 2081 2085 2086
f 2081 2086 2087
f 2081 2084 2088
f 2081 2088 2085
f 2081 2089 2090
f 2081 2090 2082
f 2081 2087 2091
f 2081 2091 2089
f 2092 2093 2094
f 2092 2094 2095
f 2092 2096 2097
f 2092 2097 2098
f 2092 2099 2100
f 2092 2100 2093
f 2092 2095 2101
f 2092 2101 2096
f 2102 2103 2104
f 2102 2104 2105
f 2102 2106 1989
f 2102 1989 2103
f 2102 2105 2107
f 2102 2107 2108
f 2035 1998 1997
f 2035 1997 2109
f 2035 2109 2110
f 2035 2110 2111
f 2035 2111 2112
f 2035 2112 2079
f 2113 1975 2114
f 2113 2114 2115
f 2113 2116 2117
f 2113 2117 2118
f 2113 2118 1950
f 2113 1950 1975
f 2113 2115 2119
f 2113 2119 2120
f 2121 2122 2123
f 2121 2123 2124
f 2121 2125 2126
f 2121 2126 2127
f 2121 2127 2128
f 2121 2128 2122
f 2094 2093 2061
f 2094 2061 2059
f 2094 2129 2130
f 2094 2130 2095
f 2131 2132 2133
f 2131 2133 2134
f 2131 2135 2136
f 2131 2136 2132
f 2059 2137 2138
f 2059 2138 2094
f 2139 2140 2141
f 2139 2141 2046
f 2142 2143 2140
f 2142 2140 2139
f 2139 2046 2030
f 2139 2030 2142
f 2067 2144 2145
f 2067 2145 2069
f 2067 2146 2147
f 2067 2147 2144
f 2067 2066 2148
f 2067 2148 2146
f 2149 2150 2048
f 2149 2048 2151
f 2149 2151 2152
f 2149 2152 2153
f 2149 2153 2154
f 2149 2154 2150
f 2155 2156 2157
f 2155 2157 2098
f 2155 2158 2159
f 2155 2159 2156
f 2155 2160 2161
f 2155 2161 2158
f 2162 2163 2164
f 2162 2164 2165
f 2162 2165 2166
f 2162 2166 2167
f 2162 2168 2169
f 2162 2169 2163
f 2162 2167 2170
f 2162 2170 2171
f 2162 2171 2172
f 2162 2172 2168
f 2058 2120 2119
f 2058 2119 2173
f 2058 2057 2174
f 2058 2174 2120
f 2058 2173 2175
f 2058 2175 2176
f 2151 2048 2049
f 2151 2049 2152
f 2155 2177 2178
f 2155 2178 2130
f 2155 2130 2129
f 2155 2129 2160
f 2155 2098 2097
f 2155 2097 2177
f 2179 2180 2181
f 2179 2181 2182
f 2179 2183 2184
f 2179 2184 2180
f 2179 2185 2186
f 2179 2186 2183
f 2187 2132 2136
f 2187 2136 2188
f 2187 2189 2133
f 2187 2133 2132
f 2187 2188 2190
f 2187 2190 2191
f 2187 2192 2193
f 2187 2193 2189
f 2187 2191 2194
f 2187 2194 2192
f 2148 2066 2195
f 2148 2195 2196
f 2148 2197 2198
f 2148 2198 2199
f 2148 2199 2200
f 2148 2200 2146
f 2153 2201 2202
f 2153 2202 2203
f 2153 2203 2204
f 2153 2204 2154
f 2076 2075 2205
f 2076 2205 2206
f 2076 2206 2207
f 2076 2207 2071
f 2172 2208 2052
f 2172 2052 2168
f 2172 2171 2209
f 2172 2209 2210
f 2211 2212 2213
f 2211 2213 2214
f 2211 2215 2216
f 2211 2216 2212
f 2211 2217 2218
f 2211 2218 2219
f 2211 2219 2220
f 2211 2220 2215
f 2211 2214 2221
f 2211 2221 2217
f 2222 2223 2224
f 2222 2224 2225
f 2226 2227 2223
f 2226 2223 2222
f 2222 2225 2228
f 2222 2228 2226
f 2193 2229 2230
f 2193 2230 2189
f 2193 2231 2232
f 2193 2232 2233
f 2193 2192 2234
f 2193 2234 2231
f 2235 2236 2237
f 2235 2237 2238
f 2239 2240 2236
f 2239 2236 2235
f 2235 2238 2241
f 2235 2241 2239
f 2242 2243 2202
f 2242 2202 2201
f 2242 2244 2245
f 2242 2245 2246
f 2242 2246 2247
f 2242 2247 2243
f 2248 2249 2250
f 2248 2250 2251
f 2248 2251 2252
f 2248 2252 2253
f 2248 2254 2255
f 2248 2255 2249
f 2248 2256 2257
f 2248 2257 2254
f 2248 2253 2258
f 2248 2258 2256
f 2231 2234 2259
f 2231 2259 2260
f 2261 2262 2263
f 2261 2263 2264
f 2265 2266 2262
f 2265 2262 2261
f 2261 2264 2267
f 2261 2267 2265
f 2268 2269 2206
f 2268 2206 2205
f 2268 2270 2271
f 2268 2271 2269
f 2272 2273 2274
f 2272 2274 2275
f 2272 2275 2276
f 2272 2276 2277
f 2272 2277 2278
f 2272 2278 2279
f 2272 2280 2281
f 2272 2281 2273
f 2272 2279 2282
f 2272 2282 2280
f 2283 2284 2202
f 2283 2202 2243
f 2283 2285 2276
f 2283 2276 2284
f 2283 2286 2287
f 2283 2287 2285
f 2288 2289 2290
f 2288 2290 2291
f 2288 2291 2292
f 2288 2292 2293
f 2288 2251 2250
f 2288 2250 2289
f 2288 2294 2252
f 2288 2252 2251
f 2288 2293 2295
f 2288 2295 2294
f 2296 2290 2297
f 2296 2297 2298
f 2296 2298 2299
f 2296 2299 2300
f 2296 2301 2229
f 2296 2229 2302
f 2296 2302 2291
f 2296 2291 2290
f 2303 2304 2210
f 2303 2210 2209
f 2303 2209 2305
f 2303 2305 2306
f 2303 2306 2307
f 2303 2307 2304
f 2264 2308 2309
f 2264 2309 2310
f 2264 2263 2311
f 2264 2311 2308
f 2264 2312 2313
f 2264 2313 2267
f 2314 2315 2316
f 2314 2316 2317
f 2314 2317 2318
f 2314 2318 2319
f 2314 2320 2321
f 2314 2321 2322
f 2314 2319 2323
f 2314 2323 2320
f 2324 2325 2326
f 2324 2326 2327
f 2324 2327 2328
f 2324 2328 2329
f 2324 2329 2330
f 2324 2330 2331
f 2324 2331 2316
f 2324 2316 2315
f 2327 2326 2332
f 2327 2332 2333
f 2327 2333 2334
f 2327 2334 2335
f 2327 2335 2336
f 2327 2336 2328
f 2337 2338 2339
f 2337 2339 2340
f 2337 2340 2300
f 2337 2300 2341
f 2337 2342 2343
f 2337 2343 2338
f 2344 2345 2346
f 2344 2346 2347
f 2344 2348 2349
f 2344 2349 2345
f 2344 2347 2350
f 2344 2350 2351
f 2352 2353 2354
f 2352 2354 2257
f 2352 2257 2256
f 2352 2256 2355
f 2352 2355 2356
f 2352 2356 2353
f 2320 2323 2357
f 2320 2357 2358
f 2320 2359 2360
f 2320 2360 2321
f 2320 2358 2361
f 2320 2361 2359
f 2362 2363 2364
f 2362 2364 2365
f 2362 2365 2366
f 2362 2366 2367
f 2362 2367 2368
f 2362 2368 2369
f 2362 2370 2371
f 2362 2371 2363
f 2372 2304 2307
f 2372 2307 2373
f 2372 2244 2210
f 2372 2210 2304
f 2372 2373 2245
f 2372 2245 2244
f 2374 2375 2371
f 2374 2371 2370
f 2374 2376 2377
f 2374 2377 2375
f 2374 2370 2378
f 2374 2378 2379
f 2374 2379 2380
f 2374 2380 2381
f 2374 2381 2382
f 2374 2382 2376
f 2383 2384 2385
f 2383 2385 2386
f 2383 2386 2387
f 2383 2387 2388
f 2383 2389 2390
f 2383 2390 2384
f 2391 2392 2356
f 2391 2356 2355
f 2391 2355 2256
f 2391 2256 2258
f 2391 2258 2393
f 2391 2393 2392
f 2394 2331 2330
f 2394 2330 2395
f 2394 2396 2397
f 2394 2397 2398
f 2394 2398 2316
f 2394 2316 2331
f 2399 2398 2397
f 2399 2397 2400
f 2399 2401 2318
f 2399 2318 2317
f 2399 2317 2316
f 2399 2316 2398
f 2399 2402 2403
f 2399 2403 2401
f 2399 2400 2404
f 2399 2404 2402
f 2405 2406 2407
f 2405 2407 2408
f 2405 2408 2409
f 2405 2409 2410
f 2405 2411 2412
f 2405 2412 2406
f 2413 2414 2415
f 2413 2415 2416
f 2413 2416 2417
f 2413 2417 2418
f 2413 2419 2420
f 2413 2420 2414
f 2413 2418 2421
f 2413 2421 2422
f 2380 2226 2228
f 2380 2228 2381
f 2380 2379 2423
f 2380 2423 2424
f 2380 2424 2425
f 2380 2425 2426
f 2380 2426 2427
f 2380 2427 2226
f 2412 2376 2382
f 2412 2382 2428
f 2412 2411 2377
f 2412 2377 2376
f 2412 2428 2429
f 2412 2429 2430
f 2431 2358 2357
f 2431 2357 2432
f 2431 2433 2361
f 2431 2361 2358
f 2431 2434 2435
f 2431 2435 2433
f 2431 2402 2404
f 2431 2404 2434
f 2431 2432 2403
f 2431 2403 2402
f 2436 2335 2334
f 2436 2334 2437
f 2436 2395 2336
f 2436 2336 2335
f 2436 2437 2438
f 2436 2438 2396
f 2439 2440 2441
f 2439 2441 2442
f 2439 2442 2443
f 2439 2443 2444
f 2439 2445 2446
f 2439 2446 2440
f 2447 2337 2341
f 2447 2341 2448
f 2447 2448 2449
f 2447 2449 2450
f 2447 2451 2342
f 2447 2342 2337
f 2447 2452 2453
f 2447 2453 2451
f 2447 2450 2454
f 2447 2454 2452
f 2455 2456 2295
f 2455 2295 2457
f 2455 2458 2459
f 2455 2459 2456
f 2455 2457 2460
f 2455 2460 2461
f 2462 2463 2464
f 2462 2464 2465
f 2462 2466 2467
f 2462 2467 2468
f 2462 2465 2469
f 2462 2469 2466
f 2462 2347 2346
f 2462 2346 2463
f 2462 2468 2350
f 2462 2350 2347
f 2470 2471 2472
f 2470 2472 2473
f 2470 2474 2475
f 2470 2475 2476
f 2470 2473 2477
f 2470 2477 2474
f 2470 2476 2367
f 2470 2367 2366
f 2478 2479 2480
f 2478 2480 2446
f 2478 2481 2482
f 2478 2482 2479
f 2478 2483 2484
f 2478 2484 2485
f 2478 2446 2445
f 2478 2445 2483
f 2478 2485 2486
f 2478 2486 2481
f 2417 2487 2488
f 2417 2488 2489
f 2417 2416 2490
f 2417 2490 2487
f 2417 2489 2491
f 2417 2491 2492
f 2493 2494 2495
f 2493 2495 2496
f 2493 2496 2497
f 2493 2497 2498
f 2493 2499 2500
f 2493 2500 2501
f 2493 2498 2502
f 2493 2502 2499
f 2503 2504 2505
f 2503 2505 2506
f 2503 2506 2507
f 2503 2507 2508
f 2503 2509 2510
f 2503 2510 2504
f 2511 2512 2369
f 2511 2369 2368
f 2511 2368 2513
f 2511 2513 2514
f 2511 2515 2516
f 2511 2516 2512
f 2511 2517 2518
f 2511 2518 2515
f 2511 2514 2519
f 2511 2519 2517
f 2520 2521 2522
f 2520 2522 2523
f 2520 2524 2525
f 2520 2525 2521
f 2520 2526 2527
f 2520 2527 2524
f 2528 2529 2530
f 2528 2530 2531
f 2528 2531 2532
f 2528 2532 2533
f 2528 2533 2534
f 2528 2534 2535
f 2528 2536 2537
f 2528 2537 2529
f 2528 2535 2538
f 2528 2538 2536
f 2539 2540 2541
f 2539 2541 2542
f 2539 2542 2477
f 2539 2477 2543
f 2539 2544 2545
f 2539 2545 2540
f 2546 2547 2548
f 2546 2548 2549
f 2546 2550 2551
f 2546 2551 2547
f 2546 2549 2552
f 2546 2552 2550
f 2553 2554 2555
f 2553 2555 2556
f 2553 2557 2558
f 2553 2558 2559
f 2553 2559 2560
f 2553 2560 2554
f 2556 2555 2561
f 2556 2561 2562
f 2556 2562 2563
f 2556 2563 2564
f 2565 2566 2567
f 2565 2567 2568
f 2565 2569 2570
f 2565 2570 2566
f 2565 2571 2572
f 2565 2572 2569
f 2565 2573 2574
f 2565 2574 2571
f 2575 2576 2577
f 2575 2577 2578
f 2575 2579 2580
f 2575 2580 2551
f 2575 2551 2550
f 2575 2550 2576
f 2461 2460 2581
f 2461 2581 2582
f 2461 2582 2583
f 2461 2583 2584
f 2461 2584 2585
f 2461 2585 2586
f 2461 2586 2587
f 2461 2587 2455
f 2588 2589 2590
f 2588 2590 2591
f 2588 2591 2592
f 2588 2592 2593
f 2588 2594 2595
f 2588 2595 2589
f 2514 2513 2596
f 2514 2596 2597
f 2514 2598 2599
f 2514 2599 2519
f 2514 2597 2600
f 2514 2600 2598
f 2601 2602 2603
f 2601 2603 2604
f 2601 2605 2606
f 2601 2606 2602
f 2601 2604 2607
f 2601 2607 2605
f 2608 2609 2610
f 2608 2610 2611
f 2608 2612 2613
f 2608 2613 2614
f 2608 2611 2615
f 2608 2615 2612
f 2616 2617 2618
f 2616 2618 2619
f 2616 2445 2439
f 2616 2439 2617
f 2616 2620 2621
f 2616 2621 2622
f 2616 2619 2623
f 2616 2623 2620
f 2616 2622 2483
f 2616 2483 2445
f 2624 2625 2626
f 2624 2626 2627
f 2624 2628 2629
f 2624 2629 2625
f 2624 2630 2631
f 2624 2631 2628
f 2632 2633 2489
f 2632 2489 2488
f 2632 2488 2634
f 2632 2634 2635
f 2632 2636 2467
f 2632 2467 2637
f 2632 2635 2638
f 2632 2638 2636
f 2515 2518 2639
f 2515 2639 2640
f 2515 2641 2642
f 2515 2642 2516
f 2515 2640 2643
f 2515 2643 2641
f 2644 2645 2540
f 2644 2540 2545
f 2644 2545 2646
f 2644 2646 2647
f 2644 2648 2649
f 2644 2649 2650
f 2644 2647 2651
f 2644 2651 2648
f 2652 2607 2653
f 2652 2653 2654
f 2652 2655 2564
f 2652 2564 2656
f 2652 2656 2657
f 2652 2657 2658
f 2652 2658 2605
f 2652 2605 2607
f 2564 2655 2659
f 2564 2659 2556
f 2564 2563 2660
f 2564 2660 2661
f 2662 2580 2579
f 2662 2579 2663
f 2662 2663 2664
f 2662 2664 2665
f 2662 2665 2666
f 2662 2666 2580
f 2626 2587 2586
f 2626 2586 2627
f 2626 2625 2667
f 2626 2667 2587
f 2668 2612 2615
f 2668 2615 2669
f 2668 2670 2613
f 2668 2613 2612
f 2668 2669 2671
f 2668 2671 2672
f 2668 2673 2674
f 2668 2674 2670
f 2668 2672 2675
f 2668 2675 2673
f 2545 2676 2677
f 2545 2677 2646
f 2565 2678 2679
f 2565 2679 2573
f 2565 2568 2680
f 2565 2680 2678
f 2585 2681 2627
f 2585 2627 2586
f 2585 2584 2682
f 2585 2682 2681
f 2488 2487 2683
f 2488 2683 2684
f 2488 2684 2685
f 2488 2685 2634
f 2622 2686 2484
f 2622 2484 2483
f 2622 2621 2687
f 2622 2687 2688
f 2622 2688 2689
f 2622 2689 2686
f 2553 2690 2691
f 2553 2691 2692
f 2553 2692 2693
f 2553 2693 2557
f 2694 2695 2696
f 2694 2696 2697
f 2694 2697 2698
f 2694 2698 2699
f 2694 2700 2701
f 2694 2701 2695
f 2681 2682 2624
f 2681 2624 2627
f 2618 2635 2634
f 2618 2634 2702
f 2618 2703 2704
f 2618 2704 2619
f 2618 2617 2638
f 2618 2638 2635
f 2705 2674 2673
f 2705 2673 2706
f 2705 2707 2708
f 2705 2708 2674
f 2705 2709 2710
f 2705 2710 2711
f 2705 2711 2712
f 2705 2712 2707
f 2713 2714 2715
f 2713 2715 2716
f 2713 2716 2677
f 2713 2677 2676
f 2713 2717 2718
f 2713 2718 2714
f 2713 2676 2719
f 2713 2719 2720
f 2713 2720 2721
f 2713 2721 2717
f 2722 2723 2724
f 2722 2724 2610
f 2722 2725 2726
f 2722 2726 2672
f 2722 2672 2671
f 2722 2671 2723
f 2697 2696 2727
f 2697 2727 2728
f 2697 2729 2730
f 2697 2730 2698
f 2597 2596 2731
f 2597 2731 2732
f 2597 2732 2733
f 2597 2733 2734
f 2597 2734 2735
f 2597 2735 2600
f 2680 2568 2736
f 2680 2736 2737
f 2680 2737 2738
f 2680 2738 2739
f 2680 2544 2539
f 2680 2539 2678
f 2740 2741 2742
f 2740 2742 2743
f 2740 2743 2744
f 2740 2744 2745
f 2740 2746 2747
f 2740 2747 2741
f 2672 2726 2748
f 2672 2748 2675
f 2708 2749 2670
f 2708 2670 2674
f 2708 2707 2620
f 2708 2620 2623
f 2708 2750 2751
f 2708 2751 2749
f 2708 2623 2752
f 2708 2752 2750
f 2568 2753 2754
f 2568 2754 2736
f 2568 2567 2755
f 2568 2755 2753
f 2756 2757 2758
f 2756 2758 2759
f 2756 2759 2760
f 2756 2760 2761
f 2756 2761 2762
f 2756 2762 2763
f 2756 2764 2765
f 2756 2765 2757
f 2750 2748 2726
f 2750 2726 2751
f 2766 2767 2768
f 2766 2768 2769
f 2766 2579 2575
f 2766 2575 2767
f 2766 2769 2663
f 2766 2663 2579
f 2693 2692 2770
f 2693 2770 2771
f 2693 2772 2773
f 2693 2773 2557
f 2693 2760 2774
f 2693 2774 2772
f 2693 2771 2775
f 2693 2775 2760
f 2688 2687 2776
f 2688 2776 2777
f 2688 2777 2778
f 2688 2778 2779
f 2688 2779 2780
f 2688 2780 2689
f 2753 2755 2781
f 2753 2781 2782
f 2753 2782 2783
f 2753 2783 2784
f 2785 2786 2787
f 2785 2787 2788
f 2785 2788 2689
f 2785 2689 2780
f 2785 2780 2789
f 2785 2789 2790
f 2791 2792 2793
f 2791 2793 2794
f 2795 2796 2797
f 2795 2797 2798
f 2795 2798 2799
f 2795 2799 2800
f 2795 2801 2802
f 2795 2802 2796
f 2795 2803 2804
f 2795 2804 2801
f 2600 2805 2806
f 2600 2806 2598
f 2600 2807 2808
f 2600 2808 2805
f 2600 2735 2809
f 2600 2809 2807
f 2760 2775 2810
f 2760 2810 2761
f 2811 2812 2813
f 2811 2813 2814
f 2811 2815 2748
f 2811 2748 2750
f 2811 2814 2816
f 2811 2816 2815
f 2737 2817 2818
f 2737 2818 2819
f 2737 2819 2820
f 2737 2820 2738
f 2771 2770 2821
f 2771 2821 2822
f 2771 2823 2824
f 2771 2824 2775
f 2825 2826 2800
f 2825 2800 2827
f 2825 2827 2828
f 2825 2828 2829
f 2825 2829 2830
f 2825 2830 2826
f 2831 2832 2833
f 2831 2833 2834
f 2835 2836 2832
f 2835 2832 2831
f 2831 2834 2837
f 2831 2837 2835
f 2803 2795 2800
f 2803 2800 2826
f 2803 2838 2839
f 2803 2839 2804
f 2793 2840 2841
f 2793 2841 2794
f 2793 2792 2842
f 2793 2842 2843
f 2844 2845 2846
f 2844 2846 2847
f 2844 2847 2848
f 2844 2848 2849
f 2844 2850 2764
f 2844 2764 2845
f 2844 2851 2768
f 2844 2768 2850
f 2844 2849 2830
f 2844 2830 2851
f 2738 2852 2853
f 2738 2853 2739
f 2738 2854 2855
f 2738 2855 2852
f 2738 2820 2856
f 2738 2856 2854
f 2857 2858 2816
f 2857 2816 2859
f 2857 2860 2861
f 2857 2861 2858
f 2857 2859 2862
f 2857 2862 2863
f 2857 2864 2865
f 2857 2865 2860
f 2857 2863 2866
f 2857 2866 2864
f 2783 2782 2867
f 2783 2867 2868
f 2783 2868 2869
f 2783 2869 2870
f 2841 2871 2872
f 2841 2872 2794
f 2841 2873 2874
f 2841 2874 2875
f 2841 2875 2876
f 2841 2876 2871
f 2841 2840 2877
f 2841 2877 2873
f 2849 2803 2826
f 2849 2826 2830
f 2849 2848 2878
f 2849 2878 2879
f 2880 2881 2710
f 2880 2710 2882
f 2880 2883 2884
f 2880 2884 2881
f 2880 2882 2885
f 2880 2885 2886
f 2880 2886 2887
f 2880 2887 2888
f 2880 2888 2889
f 2880 2889 2883
f 2890 2891 2865
f 2890 2865 2864
f 2890 2892 2893
f 2890 2893 2891
f 2890 2894 2895
f 2890 2895 2892
f 2890 2864 2866
f 2890 2866 2896
f 2890 2896 2897
f 2890 2897 2894
f 2790 2789 2898
f 2790 2898 2899
f 2790 2833 2900
f 2790 2900 2785
f 2790 2901 2834
f 2790 2834 2833
f 2790 2899 2902
f 2790 2902 2901
f 2903 2894 2904
f 2903 2904 2905
f 2843 2895 2894
f 2843 2894 2903
f 2903 2905 2793
f 2903 2793 2843
f 2906 2907 2908
f 2906 2908 2909
f 2906 2910 2911
f 2906 2911 2907
f 2906 2909 2912
f 2906 2912 2913
f 2906 2914 2915
f 2906 2915 2910
f 2906 2913 2916
f 2906 2916 2914
f 2869 2804 2839
f 2869 2839 2917
f 2869 2868 2801
f 2869 2801 2804
f 2869 2917 2918
f 2869 2918 2919
f 2920 2921 2922
f 2920 2922 2923
f 2920 2847 2846
f 2920 2846 2921
f 2920 2924 2848
f 2920 2848 2847
f 2886 2885 2925
f 2886 2925 2926
f 2886 2927 2928
f 2886 2928 2887
f 2929 2930 2931
f 2929 2931 2932
f 2929 2932 2933
f 2929 2933 2934
f 2929 2935 2936
f 2929 2936 2930
f 2929 2863 2862
f 2929 2862 2935
f 2929 2934 2866
f 2929 2866 2863
f 2874 2937 2938
f 2874 2938 2939
f 2912 2940 2941
f 2912 2941 2913
f 2912 2909 2942
f 2912 2942 2940
f 2943 2944 2945
f 2943 2945 2946
f 2943 2947 2948
f 2943 2948 2944
f 2943 2946 2949
f 2943 2949 2947
f 2946 2945 2950
f 2946 2950 2949
f 2923 2951 2952
f 2923 2952 2920
f 2953 2954 2955
f 2953 2955 2956
f 2953 2838 2879
f 2953 2879 2954
f 2953 2956 2839
f 2953 2839 2838
f 2878 2957 2919
f 2878 2919 2918
f 2878 2848 2924
f 2878 2924 2957
f 2878 2918 2958
f 2878 2958 2959
f 2889 2888 2960
f 2889 2960 2961
f 2889 2961 2916
f 2889 2916 2962
f 2889 2935 2862
f 2889 2862 2883
f 2889 2962 2936
f 2889 2936 2935
f 2963 2917 2839
f 2963 2839 2956
f 2963 2958 2918
f 2963 2918 2917
f 2963 2956 2955
f 2963 2955 2958
f 2959 2954 2879
f 2959 2879 2878
f 2959 2958 2955
f 2959 2955 2954
f 2962 2916 2913
f 2962 2913 2941
f 2962 2941 2964
f 2962 2964 2936
f 2964 2941 2940
f 2964 2940 2965
f 2964 2965 2966
f 2964 2966 2967
f 2964 2967 2930
f 2964 2930 2936
f 2967 2966 2968
f 2967 2968 2969
f 2967 2969 2931
f 2967 2931 2930
f 2969 2968 2745
f 2969 2745 2808
f 2969 2808 2807
f 2969 2807 2931
f 2968 2966 2970
f 2968 2970 2971
f 2968 2971 2740
f 2968 2740 2745
f 2971 2970 2972
f 2971 2972 2973
f 2971 2973 2746
f 2971 2746 2740
f 2973 2972 2974
f 2973 2974 2975
f 2973 2975 2976
f 2973 2976 2746
f 2976 2975 2581
f 2976 2581 2977
f 2976 2977 2978
f 2976 2978 2979
f 2976 2979 2747
f 2976 2747 2746
f 2977 2581 2460
f 2977 2460 2980
f 2977 2980 2981
f 2977 2981 2978
f 2981 2980 2982
f 2981 2982 2983
f 2981 2983 2232
f 2981 2232 2407
f 2981 2407 2406
f 2981 2406 2978
f 2983 2982 2293
f 2983 2293 2292
f 2983 2292 2233
f 2983 2233 2232
f 2982 2457 2295
f 2982 2295 2293
f 2982 2980 2460
f 2982 2460 2457
f 2975 2974 2582
f 2975 2582 2581
f 2974 2984 2583
f 2974 2583 2582
f 2974 2972 2985
f 2974 2985 2984
f 2985 2986 2987
f 2985 2987 2984
f 2985 2972 2970
f 2985 2970 2988
f 2985 2988 2942
f 2985 2942 2986
f 2988 2970 2966
f 2988 2966 2965
f 2988 2965 2940
f 2988 2940 2942
f 2987 2989 2630
f 2987 2630 2990
f 2987 2990 2583
f 2987 2583 2984
f 2987 2986 2908
f 2987 2908 2989
f 2990 2630 2624
f 2990 2624 2682
f 2990 2682 2584
f 2990 2584 2583
f 2989 2991 2631
f 2989 2631 2630
f 2989 2908 2907
f 2989 2907 2991
f 2991 2992 2993
f 2991 2993 2631
f 2991 2907 2911
f 2991 2911 2992
f 2993 2683 2994
f 2993 2994 2995
f 2993 2995 2628
f 2993 2628 2631
f 2993 2992 2684
f 2993 2684 2683
f 2995 2994 2996
f 2995 2996 2997
f 2995 2997 2629
f 2995 2629 2628
f 2997 2996 2998
f 2997 2998 2999
f 2997 2999 3000
f 2997 3000 2629
f 3000 2999 2287
f 3000 2287 2286
f 3000 2286 2458
f 3000 2458 2667
f 3000 2667 2625
f 3000 2625 2629
f 2999 2998 3001
f 2999 3001 2287
f 3001 2310 2309
f 3001 2309 3002
f 3001 3002 2285
f 3001 2285 2287
f 3001 2998 3003
f 3001 3003 2310
f 3003 2312 2264
f 3003 2264 2310
f 3003 2998 2996
f 3003 2996 3004
f 3003 3004 3005
f 3003 3005 2312
f 3005 3006 2313
f 3005 2313 2312
f 3005 3004 2490
f 3005 2490 2416
f 3005 2416 2415
f 3005 2415 3006
f 3006 2432 2357
f 3006 2357 2313
f 3006 2415 2403
f 3006 2403 2432
f 3004 2996 2994
f 3004 2994 2490
f 3002 2309 2278
f 3002 2278 2277
f 3002 2277 2276
f 3002 2276 2285
f 2994 2683 2487
f 2994 2487 2490
f 2992 2911 2685
f 2992 2685 2684
f 2986 2942 2909
f 2986 2909 2908
f 2961 3007 2914
f 2961 2914 2916
f 2961 2960 3008
f 2961 3008 3007
f 3008 3009 3010
f 3008 3010 3007
f 3008 2960 3011
f 3008 3011 3012
f 3008 3012 3013
f 3008 3013 3009
f 3013 2898 3014
f 3013 3014 3009
f 3013 3012 3015
f 3013 3015 3016
f 3013 3016 2899
f 3013 2899 2898
f 3016 3015 3017
f 3016 3017 3018
f 3016 3018 2902
f 3016 2902 2899
f 3018 3017 3019
f 3018 3019 3020
f 3021 3022 3023
f 3021 3023 3024
f 3025 3024 3026
f 3025 3026 3027
f 3027 3026 3028
f 3027 3028 2810
f 3027 2810 2775
f 3027 2775 2824
f 3028 3026 3029
f 3028 3029 3030
f 3028 3030 2950
f 3028 2950 2762
f 3028 2762 2761
f 3028 2761 2810
f 3030 3029 3031
f 3030 3031 3032
f 3030 3032 2949
f 3030 2949 2950
f 3032 3031 3033
f 3032 3033 3034
f 3032 3034 2947
f 3032 2947 2949
f 3034 3033 3035
f 3034 3035 3036
f 3034 3036 2948
f 3034 2948 2947
f 3036 3035 2922
f 3036 2922 2921
f 3036 2921 2846
f 3036 2846 2948
f 3035 3033 2874
f 3035 2874 2873
f 3035 2873 2877
f 3035 2877 2922
f 3033 3031 2937
f 3033 2937 2874
f 3031 3029 3023
f 3031 3023 2937
f 3029 3026 3024
f 3029 3024 3023
f 3023 3022 2938
f 3023 2938 2937
f 3019 3017 3037
f 3019 3037 3038
f 3037 3017 3015
f 3037 3015 3039
f 3037 3039 2928
f 3037 2928 3040
f 3040 2928 2927
f 3040 2927 3041
f 3039 3015 3012
f 3039 3012 3011
f 3039 3011 2887
f 3039 2887 2928
f 3014 3042 3043
f 3014 3043 3044
f 3014 3044 3010
f 3014 3010 3009
f 3014 2898 2789
f 3014 2789 3042
f 3044 3043 3045
f 3044 3045 3046
f 3044 3046 2915
f 3044 2915 3010
f 3046 3045 2702
f 3046 2702 3047
f 3046 3047 2910
f 3046 2910 2915
f 3047 2702 2634
f 3047 2634 2685
f 3047 2685 2911
f 3047 2911 2910
f 3045 2703 2618
f 3045 2618 2702
f 3045 3043 2778
f 3045 2778 2703
f 3043 3042 2779
f 3043 2779 2778
f 3042 2789 2780
f 3042 2780 2779
f 3011 2960 2888
f 3011 2888 2887
f 3010 2915 2914
f 3010 2914 3007
f 2957 2924 3048
f 2957 3048 3049
f 2957 3049 3050
f 2957 3050 2919
f 3050 3049 3051
f 3050 3051 3052
f 3050 3052 3053
f 3050 3053 2870
f 3050 2870 2869
f 3050 2869 2919
f 3053 3052 3054
f 3053 3054 3055
f 3053 3055 2854
f 3053 2854 2856
f 3053 2856 2783
f 3053 2783 2870
f 3055 3054 3056
f 3055 3056 3057
f 3055 3057 2855
f 3055 2855 2854
f 3057 3056 2934
f 3057 2934 2933
f 3057 2933 3058
f 3057 3058 2855
f 3058 2933 2932
f 3058 2932 2809
f 3058 2809 2735
f 3058 2735 3059
f 3058 3059 2852
f 3058 2852 2855
f 3059 2735 2734
f 3059 2734 3060
f 3059 3060 2853
f 3059 2853 2852
f 3060 2734 2733
f 3060 2733 2721
f 3060 2721 2720
f 3060 2720 2853
f 3056 2896 2866
f 3056 2866 2934
f 3056 3054 2897
f 3056 2897 2896
f 3054 3052 3051
f 3054 3051 2897
f 3051 2904 2894
f 3051 2894 2897
f 3051 3049 3048
f 3051 3048 2904
f 3048 2952 2905
f 3048 2905 2904
f 3048 2924 2920
f 3048 2920 2952
f 2952 2951 3061
f 2952 3061 2905
f 2951 2877 2840
f 2951 2840 3061
f 2951 2923 2922
f 2951 2922 2877
f 2950 2945 2763
f 2950 2763 2762
f 2948 2846 2845
f 2948 2845 2944
f 2932 2931 2807
f 2932 2807 2809
f 2925 2885 2872
f 2925 2872 2871
f 2925 2871 2876
f 2925 2876 3062
f 2925 3062 3063
f 2925 3063 2926
f 3063 3064 3065
f 3063 3065 2926
f 3063 3062 2835
f 3063 2835 2837
f 3063 2837 2823
f 3063 2823 3064
f 3064 2822 2875
f 3064 2875 3065
f 3064 2823 2771
f 3064 2771 2822
f 3062 2876 2821
f 3062 2821 2835
f 2900 2833 2832
f 2900 2832 3066
f 2900 3066 3067
f 2900 3067 3068
f 2900 3068 2786
f 2900 2786 2785
f 3068 3067 3069
f 3068 3069 3070
f 3068 3070 2728
f 3068 2728 2786
f 3070 3069 3071
f 3070 3071 2729
f 3070 2729 2697
f 3070 2697 2728
f 3071 3069 2659
f 3071 2659 2655
f 3071 2655 2652
f 3071 2652 2654
f 3071 2654 2730
f 3071 2730 2729
f 3069 3067 2690
f 3069 2690 2659
f 3067 3066 2691
f 3067 2691 2690
f 3066 2832 2836
f 3066 2836 2691
f 3065 2875 2874
f 3065 2874 2927
f 3065 2927 2886
f 3065 2886 2926
f 2895 3072 2818
f 2895 2818 2892
f 2895 2843 3073
f 2895 3073 3072
f 3073 2754 3074
f 3073 3074 3072
f 3073 2843 2842
f 3073 2842 3075
f 3073 3075 2736
f 3073 2736 2754
f 3075 2842 2893
f 3075 2893 2817
f 3075 2817 2737
f 3075 2737 2736
f 3074 2784 2820
f 3074 2820 2819
f 3074 2819 2818
f 3074 2818 3072
f 3074 2754 2753
f 3074 2753 2784
f 2893 2842 2792
f 2893 2792 2891
f 2893 2892 2818
f 2893 2818 2817
f 2884 2883 2862
f 2884 2862 2859
f 2884 2859 2816
f 2884 2816 2814
f 2884 2814 2813
f 2884 2813 2881
f 2881 2813 2711
f 2881 2711 2710
f 2879 2838 2803
f 2879 2803 2849
f 2876 2875 2822
f 2876 2822 2821
f 2868 2867 2802
f 2868 2802 2801
f 2867 2782 2781
f 2867 2781 3076
f 2867 3076 3077
f 2867 3077 2802
f 3077 3076 3078
f 3077 3078 3079
f 3077 3079 3080
f 3077 3080 3081
f 3077 3081 2796
f 3077 2796 2802
f 3081 3080 3082
f 3081 3082 3083
f 3081 3083 2797
f 3081 2797 2796
f 3083 3082 3084
f 3083 3084 3085
f 3083 3085 3086
f 3083 3086 2797
f 3086 3087 2798
f 3086 2798 2797
f 3086 3085 2570
f 3086 2570 2569
f 3086 2569 2572
f 3086 2572 3087
f 3087 3088 2799
f 3087 2799 2798
f 3087 2572 3089
f 3087 3089 3088
f 3089 3090 3091
f 3089 3091 3088
f 3089 2572 2571
f 3089 2571 3092
f 3089 3092 3093
f 3089 3093 3090
f 3093 2549 2548
f 3093 2548 3090
f 3093 3092 3094
f 3093 3094 3095
f 3093 3095 2552
f 3093 2552 2549
f 3095 3096 3097
f 3095 3097 2552
f 3095 3094 3098
f 3095 3098 3096
f 3098 3099 3100
f 3098 3100 3096
f 3098 3094 2574
f 3098 2574 3101
f 3098 3101 3102
f 3098 3102 3099
f 3102 3103 3104
f 3102 3104 3099
f 3102 3101 3105
f 3102 3105 3106
f 3102 3106 3107
f 3102 3107 3103
f 3107 3108 3109
f 3107 3109 3103
f 3107 3106 3110
f 3107 3110 3111
f 3107 3111 3112
f 3107 3112 3108
f 3112 3113 3114
f 3112 3114 3108
f 3112 3111 3115
f 3112 3115 3116
f 3112 3116 3117
f 3112 3117 3113
f 3117 3118 2560
f 3117 2560 3113
f 3117 3116 2482
f 3117 2482 2481
f 3117 2481 2486
f 3117 2486 3118
f 3118 3119 2554
f 3118 2554 2560
f 3118 2486 3120
f 3118 3120 3119
f 3120 3121 2523
f 3120 2523 3122
f 3120 3122 3123
f 3120 3123 3119
f 3120 2486 2485
f 3120 2485 3121
f 3123 3122 3124
f 3123 3124 3125
f 3123 3125 2561
f 3123 2561 2555
f 3123 2555 2554
f 3123 2554 3119
f 3125 3124 3126
f 3125 3126 3127
f 3125 3127 3128
f 3125 3128 2561
f 3128 3127 3129
f 3128 3129 3130
f 3128 3130 3131
f 3128 3131 3132
f 3128 3132 2562
f 3128 2562 2561
f 3132 3131 2529
f 3132 2529 2537
f 3132 2537 2563
f 3132 2563 2562
f 3131 3130 3133
f 3131 3133 3134
f 3131 3134 2530
f 3131 2530 2529
f 3134 3133 3135
f 3134 3135 3136
f 3134 3136 3137
f 3134 3137 2530
f 3137 3136 3138
f 3137 3138 3139
f 3137 3139 3140
f 3137 3140 3141
f 3137 3141 2531
f 3137 2531 2530
f 3141 3140 3142
f 3141 3142 3143
f 3141 3143 2532
f 3141 2532 2531
f 3143 3142 3144
f 3143 3144 3145
f 3143 3145 3146
f 3143 3146 2532
f 3146 3145 2577
f 3146 2577 3147
f 3146 3147 3100
f 3146 3100 3148
f 3146 3148 2533
f 3146 2533 2532
f 3148 3100 3099
f 3148 3099 3104
f 3148 3104 2534
f 3148 2534 2533
f 3147 2577 2576
f 3147 2576 3097
f 3147 3097 3096
f 3147 3096 3100
f 3145 3144 2578
f 3145 2578 2577
f 3144 3142 2757
f 3144 2757 2765
f 3144 2765 3149
f 3144 3149 2578
f 3149 2765 2764
f 3149 2764 2850
f 3149 2850 2768
f 3149 2768 2767
f 3149 2767 2575
f 3149 2575 2578
f 3142 3140 2758
f 3142 2758 2757
f 3140 3139 3150
f 3140 3150 2758
f 3150 3151 3152
f 3150 3152 3153
f 3150 3153 2759
f 3150 2759 2758
f 3150 3139 3138
f 3150 3138 3151
f 3153 3152 3154
f 3153 3154 2774
f 3153 2774 2760
f 3153 2760 2759
f 3154 2656 2564
f 3154 2564 2661
f 3154 2661 2772
f 3154 2772 2774
f 3154 3152 2657
f 3154 2657 2656
f 3152 3151 3155
f 3152 3155 2657
f 3155 3156 2658
f 3155 2658 2657
f 3155 3151 3138
f 3155 3138 3157
f 3155 3157 3158
f 3155 3158 3156
f 3158 3159 2606
f 3158 2606 3156
f 3158 3157 3135
f 3158 3135 3160
f 3158 3160 3161
f 3158 3161 3159
f 3161 3162 3163
f 3161 3163 3159
f 3161 3160 3164
f 3161 3164 3165
f 3161 3165 3166
f 3161 3166 3162
f 3166 3167 3168
f 3166 3168 3162
f 3166 3165 3169
f 3166 3169 3170
f 3166 3170 3171
f 3166 3171 3167
f 3171 3172 3173
f 3171 3173 3167
f 3171 3170 3174
f 3171 3174 3175
f 3171 3175 3176
f 3171 3176 3172
f 3176 3177 3178
f 3176 3178 3172
f 3176 3175 2521
f 3176 2521 2525
f 3176 2525 3179
f 3176 3179 3177
f 3179 2465 2464
f 3179 2464 3177
f 3179 2525 2524
f 3179 2524 3180
f 3179 3180 2469
f 3179 2469 2465
f 3180 2524 2527
f 3180 2527 3181
f 3180 3181 3182
f 3180 3182 2469
f 3182 3183 2466
f 3182 2466 2469
f 3182 3181 2696
f 3182 2696 2695
f 3182 2695 2701
f 3182 2701 3183
f 3183 2637 2467
f 3183 2467 2466
f 3183 2701 3184
f 3183 3184 2637
f 3184 3185 3186
f 3184 3186 2633
f 3184 2633 2632
f 3184 2632 2637
f 3184 2701 2700
f 3184 2700 3185
f 3186 3187 3188
f 3186 3188 2491
f 3186 2491 2489
f 3186 2489 2633
f 3186 3185 3189
f 3186 3189 3187
f 3189 3190 3191
f 3189 3191 3187
f 3189 3185 2700
f 3189 2700 3192
f 3189 3192 3193
f 3189 3193 3190
f 3193 3194 3195
f 3193 3195 3190
f 3193 3192 3196
f 3193 3196 3197
f 3193 3197 3198
f 3193 3198 3194
f 3198 3199 3200
f 3198 3200 3194
f 3198 3197 3201
f 3198 3201 3202
f 3198 3202 3203
f 3198 3203 3199
f 3203 3204 3205
f 3203 3205 3199
f 3203 3202 2495
f 3203 2495 3206
f 3203 3206 3207
f 3203 3207 3204
f 3207 3208 3209
f 3207 3209 3204
f 3207 3206 3210
f 3207 3210 3211
f 3207 3211 3212
f 3207 3212 3208
f 3212 3213 3214
f 3212 3214 3208
f 3212 3211 3215
f 3212 3215 3216
f 3212 3216 3217
f 3212 3217 3213
f 3217 3218 3219
f 3217 3219 3213
f 3217 3216 2075
f 3217 2075 2074
f 3217 2074 2073
f 3217 2073 3218
f 3219 3220 3221
f 3219 3221 3222
f 3219 3222 3214
f 3219 3214 3213
f 3219 3218 3223
f 3219 3223 3220
f 3223 3224 3225
f 3223 3225 3220
f 3223 3218 2073
f 3223 2073 3226
f 3223 3226 3227
f 3223 3227 3224
f 3227 3228 3229
f 3227 3229 3224
f 3227 3226 3230
f 3227 3230 3231
f 3227 3231 3232
f 3227 3232 3228
f 3232 3233 3234
f 3232 3234 3228
f 3232 3231 3235
f 3232 3235 3236
f 3232 3236 3237
f 3232 3237 3233
f 3237 3238 3239
f 3237 3239 3233
f 3237 3236 3240
f 3237 3240 3241
f 3237 3241 3242
f 3237 3242 3238
f 3242 1606 1605
f 3242 1605 3238
f 3242 3241 3243
f 3242 3243 3244
f 3242 3244 1607
f 3242 1607 1606
f 3244 3245 3246
f 3244 3246 1607
f 3244 3243 3247
f 3244 3247 3245
f 3247 3248 3249
f 3247 3249 3245
f 3247 3243 3250
f 3247 3250 3251
f 3247 3251 3252
f 3247 3252 3248
f 3252 3253 3254
f 3252 3254 3248
f 3252 3251 3255
f 3252 3255 1868
f 3252 1868 1867
f 3252 1867 3253
f 3255 3251 3250
f 3255 3250 3256
f 3255 3256 3257
f 3255 3257 3258
f 3255 3258 1869
f 3255 1869 1868
f 3258 3257 3259
f 3258 3259 3260
f 3258 3260 1870
f 3258 1870 1869
f 3260 3259 3261
f 3260 3261 3262
f 3260 3262 3263
f 3260 3263 1870
f 3263 3262 3264
f 3263 3264 3265
f 3263 3265 3266
f 3263 3266 3267
f 3263 3267 1871
f 3263 1871 1870
f 3267 3266 2107
f 3267 2107 2105
f 3267 2105 2104
f 3267 2104 1871
f 3266 3265 3268
f 3266 3268 3269
f 3266 3269 3270
f 3266 3270 2107
f 3270 3269 2349
f 3270 2349 2348
f 3270 2348 3271
f 3270 3271 3272
f 3270 3272 2108
f 3270 2108 2107
f 3272 3271 3273
f 3272 3273 3274
f 3272 3274 3275
f 3272 3275 2108
f 3275 3276 2102
f 3275 2102 2108
f 3275 3274 3277
f 3275 3277 3278
f 3275 3278 3279
f 3275 3279 3276
f 3279 3280 3281
f 3279 3281 3276
f 3279 3278 2385
f 3279 2385 3282
f 3279 3282 3283
f 3279 3283 3280
f 3283 3284 3285
f 3283 3285 3280
f 3283 3282 3286
f 3283 3286 3287
f 3283 3287 3288
f 3283 3288 3284
f 3288 2308 2311
f 3288 2311 3284
f 3288 3287 2279
f 3288 2279 2278
f 3288 2278 2309
f 3288 2309 2308
f 3287 3286 2282
f 3287 2282 2279
f 3286 3282 2385
f 3286 2385 2384
f 3286 2384 2390
f 3286 2390 2282
f 3285 3289 3290
f 3285 3290 3291
f 3285 3291 3281
f 3285 3281 3280
f 3285 3284 2311
f 3285 2311 3289
f 3291 3290 3292
f 3291 3292 3293
f 3291 3293 2106
f 3291 2106 3281
f 3293 3292 3294
f 3293 3294 1990
f 3293 1990 1989
f 3293 1989 2106
f 3294 3295 3296
f 3294 3296 3297
f 3294 3297 1991
f 3294 1991 1990
f 3294 3292 3298
f 3294 3298 3295
f 3298 3299 3300
f 3298 3300 3295
f 3298 3292 3290
f 3298 3290 3301
f 3298 3301 3302
f 3298 3302 3299
f 3302 3303 3304
f 3302 3304 3299
f 3302 3301 3305
f 3302 3305 3306
f 3302 3306 3307
f 3302 3307 3303
f 3307 3308 2238
f 3307 2238 3303
f 3307 3306 2262
f 3307 2262 2266
f 3307 2266 2419
f 3307 2419 3308
f 3308 2422 2241
f 3308 2241 2238
f 3308 2419 2413
f 3308 2413 2422
f 3306 3305 2263
f 3306 2263 2262
f 3305 3301 3290
f 3305 3290 3289
f 3305 3289 2311
f 3305 2311 2263
f 3304 2237 3309
f 3304 3309 3310
f 3304 3310 3300
f 3304 3300 3299
f 3304 3303 2238
f 3304 2238 2237
f 3310 3309 3311
f 3310 3311 3312
f 3310 3312 3313
f 3310 3313 3300
f 3313 3312 3314
f 3313 3314 3315
f 3313 3315 3316
f 3313 3316 3296
f 3313 3296 3295
f 3313 3295 3300
f 3316 3315 3317
f 3316 3317 3318
f 3316 3318 3319
f 3316 3319 3320
f 3316 3320 3297
f 3316 3297 3296
f 3320 3319 3321
f 3320 3321 1992
f 3320 1992 1991
f 3320 1991 3297
f 3321 3319 3322
f 3321 3322 3323
f 3321 3323 1652
f 3321 1652 1651
f 3321 1651 1986
f 3321 1986 1992
f 3323 3322 3324
f 3323 3324 3325
f 3323 3325 1653
f 3323 1653 1652
f 3325 3324 3326
f 3325 3326 3327
f 3325 3327 3328
f 3325 3328 1653
f 3328 3327 3329
f 3328 3329 3330
f 3328 3330 3331
f 3328 3331 3332
f 3328 3332 1644
f 3328 1644 1653
f 3332 3331 3333
f 3332 3333 3334
f 3332 3334 1645
f 3332 1645 1644
f 3334 3333 3335
f 3334 3335 3336
f 3334 3336 3337
f 3334 3337 1645
f 3337 3336 3338
f 3337 3338 3339
f 3337 3339 3340
f 3337 3340 3341
f 3337 3341 1646
f 3337 1646 1645
f 3341 3340 3342
f 3341 3342 3343
f 3341 3343 1647
f 3341 1647 1646
f 3343 3342 3344
f 3343 3344 3345
f 3343 3345 3346
f 3343 3346 1647
f 3346 3347 1648
f 3346 1648 1647
f 3346 3345 3348
f 3346 3348 3349
f 3346 3349 3350
f 3346 3350 3347
f 3350 3351 3352
f 3350 3352 3347
f 3350 3349 3353
f 3350 3353 3354
f 3350 3354 3355
f 3350 3355 3351
f 3355 3356 3357
f 3355 3357 3351
f 3355 3354 2036
f 3355 2036 2039
f 3355 2039 3358
f 3355 3358 3356
f 3358 3359 3360
f 3358 3360 3356
f 3358 2039 2038
f 3358 2038 3361
f 3358 3361 3362
f 3358 3362 3359
f 3362 3363 3364
f 3362 3364 3359
f 3362 3361 3365
f 3362 3365 3366
f 3362 3366 3367
f 3362 3367 3363
f 3367 3368 3369
f 3367 3369 3363
f 3367 3366 3370
f 3367 3370 3371
f 3367 3371 3372
f 3367 3372 3368
f 3372 3373 3374
f 3372 3374 3368
f 3372 3371 2221
f 3372 2221 2214
f 3372 2214 2213
f 3372 2213 3373
f 3374 3375 3376
f 3374 3376 3377
f 3374 3377 3369
f 3374 3369 3368
f 3374 3373 3378
f 3374 3378 3375
f 3378 2032 2034
f 3378 2034 3375
f 3378 3373 2213
f 3378 2213 3379
f 3378 3379 2006
f 3378 2006 2032
f 3379 2213 2212
f 3379 2212 3380
f 3379 3380 2007
f 3379 2007 2006
f 3380 2212 2216
f 3380 2216 3381
f 3380 3381 3382
f 3380 3382 2007
f 3382 3383 2003
f 3382 2003 2007
f 3382 3381 3384
f 3382 3384 3385
f 3382 3385 3386
f 3382 3386 3383
f 3386 1907 1906
f 3386 1906 3383
f 3386 3385 3387
f 3386 3387 3388
f 3386 3388 1908
f 3386 1908 1907
f 3388 3387 3389
f 3388 3389 3390
f 3388 3390 3391
f 3388 3391 1908
f 3391 3392 1904
f 3391 1904 1908
f 3391 3390 3393
f 3391 3393 3394
f 3391 3394 3395
f 3391 3395 3392
f 3395 1812 1808
f 3395 1808 3392
f 3395 3394 3396
f 3395 3396 3397
f 3395 3397 3398
f 3395 3398 1812
f 3398 3399 1813
f 3398 1813 1812
f 3398 3397 3400
f 3398 3400 3401
f 3398 3401 3402
f 3398 3402 3399
f 3402 3403 3404
f 3402 3404 3399
f 3402 3401 3405
f 3402 3405 3406
f 3402 3406 3407
f 3402 3407 3403
f 3407 3408 3409
f 3407 3409 3403
f 3407 3406 3410
f 3407 3410 3411
f 3407 3411 3412
f 3407 3412 3408
f 3412 1564 3413
f 3412 3413 3408
f 3412 3411 3414
f 3412 3414 3415
f 3412 3415 1560
f 3412 1560 1564
f 3415 3414 1603
f 3415 1603 3416
f 3415 3416 1561
f 3415 1561 1560
f 3416 1603 1602
f 3416 1602 3417
f 3416 3417 3418
f 3416 3418 1561
f 3418 3419 1562
f 3418 1562 1561
f 3418 3417 3246
f 3418 3246 3420
f 3418 3420 3421
f 3418 3421 3419
f 3421 3422 3423
f 3421 3423 3419
f 3421 3420 3249
f 3421 3249 3424
f 3421 3424 3425
f 3421 3425 3422
f 3425 3426 3427
f 3425 3427 3422
f 3425 3424 3254
f 3425 3254 3428
f 3425 3428 3429
f 3425 3429 3426
f 3429 3430 3431
f 3429 3431 3426
f 3429 3428 3432
f 3429 3432 3433
f 3429 3433 3434
f 3429 3434 3430
f 3434 3435 3436
f 3434 3436 3430
f 3434 3433 3437
f 3434 3437 3438
f 3434 3438 3439
f 3434 3439 3435
f 3439 3440 3441
f 3439 3441 3435
f 3439 3438 3442
f 3439 3442 3443
f 3439 3443 3444
f 3439 3444 3440
f 3444 3445 3446
f 3444 3446 3440
f 3444 3443 1843
f 3444 1843 3447
f 3444 3447 3448
f 3444 3448 3445
f 3448 3449 3450
f 3448 3450 3445
f 3448 3447 3451
f 3448 3451 3452
f 3448 3452 3453
f 3448 3453 3449
f 3453 3344 3342
f 3453 3342 3449
f 3453 3452 3454
f 3453 3454 3455
f 3453 3455 3456
f 3453 3456 3344
f 3456 3348 3345
f 3456 3345 3344
f 3456 3455 3457
f 3456 3457 3458
f 3456 3458 3459
f 3456 3459 3348
f 3459 3353 3349
f 3459 3349 3348
f 3459 3458 3460
f 3459 3460 3461
f 3459 3461 2037
f 3459 2037 3353
f 3461 3460 3462
f 3461 3462 2028
f 3461 2028 2027
f 3461 2027 2037
f 3462 3460 3463
f 3462 3463 3464
f 3462 3464 2034
f 3462 2034 2033
f 3462 2033 2023
f 3462 2023 2028
f 3464 3463 3465
f 3464 3465 3376
f 3464 3376 3375
f 3464 3375 2034
f 3465 3463 3457
f 3465 3457 3466
f 3465 3466 3467
f 3465 3467 3468
f 3465 3468 3377
f 3465 3377 3376
f 3468 3467 3469
f 3468 3469 3470
f 3468 3470 3369
f 3468 3369 3377
f 3470 3469 3471
f 3470 3471 3364
f 3470 3364 3363
f 3470 3363 3369
f 3471 3469 3472
f 3471 3472 3473
f 3471 3473 3474
f 3471 3474 3360
f 3471 3360 3359
f 3471 3359 3364
f 3474 3473 1844
f 3474 1844 3475
f 3474 3475 3476
f 3474 3476 3357
f 3474 3357 3356
f 3474 3356 3360
f 3476 3475 3477
f 3476 3477 3478
f 3476 3478 1649
f 3476 1649 3352
f 3476 3352 3351
f 3476 3351 3357
f 3478 3477 1988
f 3478 1988 1987
f 3478 1987 1650
f 3478 1650 1649
f 3477 1841 3479
f 3477 3479 1988
f 3477 3475 1844
f 3477 1844 1841
f 3479 1873 1872
f 3479 1872 3480
f 3479 3480 1985
f 3479 1985 1988
f 3479 1841 1840
f 3479 1840 1873
f 3480 1872 2104
f 3480 2104 2103
f 3480 2103 1989
f 3480 1989 1985
f 3473 3472 1842
f 3473 1842 1844
f 3472 3481 3451
f 3472 3451 1842
f 3472 3469 3467
f 3472 3467 3481
f 3481 3454 3452
f 3481 3452 3451
f 3481 3467 3466
f 3481 3466 3454
f 3466 3457 3455
f 3466 3455 3454
f 3463 3460 3458
f 3463 3458 3457
f 3451 3447 1843
f 3451 1843 1842
f 3450 3340 3339
f 3450 3339 3482
f 3450 3482 3446
f 3450 3446 3445
f 3450 3449 3342
f 3450 3342 3340
f 3482 3339 3338
f 3482 3338 3483
f 3482 3483 3484
f 3482 3484 3446
f 3484 3483 3485
f 3484 3485 3486
f 3484 3486 3487
f 3484 3487 3441
f 3484 3441 3440
f 3484 3440 3446
f 3487 3486 3488
f 3487 3488 3489
f 3487 3489 3490
f 3487 3490 3436
f 3487 3436 3435
f 3487 3435 3441
f 3490 3489 3491
f 3490 3491 3492
f 3490 3492 3493
f 3490 3493 3431
f 3490 3431 3430
f 3490 3430 3436
f 3493 3492 3494
f 3493 3494 3495
f 3493 3495 3496
f 3493 3496 3427
f 3493 3427 3426
f 3493 3426 3431
f 3496 3495 3497
f 3496 3497 1566
f 3496 1566 1565
f 3496 1565 3423
f 3496 3423 3422
f 3496 3422 3427
f 3497 3498 3499
f 3497 3499 3500
f 3497 3500 1567
f 3497 1567 1566
f 3497 3495 3494
f 3497 3494 3498
f 3500 3499 3501
f 3500 3501 3502
f 3500 3502 3503
f 3500 3503 1567
f 3503 3502 3504
f 3503 3504 3505
f 3503 3505 3506
f 3503 3506 3507
f 3503 3507 1568
f 3503 1568 1567
f 3507 3506 3508
f 3507 3508 3509
f 3507 3509 1569
f 3507 1569 1568
f 3509 3508 3510
f 3509 3510 3511
f 3509 3511 3413
f 3509 3413 1569
f 3511 3510 3512
f 3511 3512 3409
f 3511 3409 3408
f 3511 3408 3413
f 3512 3510 3513
f 3512 3513 3514
f 3512 3514 3515
f 3512 3515 3404
f 3512 3404 3403
f 3512 3403 3409
f 3515 3514 3516
f 3515 3516 3517
f 3515 3517 1809
f 3515 1809 1813
f 3515 1813 3399
f 3515 3399 3404
f 3517 3516 3518
f 3517 3518 3519
f 3517 3519 1810
f 3517 1810 1809
f 3519 3518 3520
f 3519 3520 3521
f 3519 3521 3522
f 3519 3522 1810
f 3522 3521 1942
f 3522 1942 1946
f 3522 1946 3523
f 3522 3523 3524
f 3522 3524 1811
f 3522 1811 1810
f 3524 3523 3525
f 3524 3525 3526
f 3524 3526 1814
f 3524 1814 1811
f 3526 3525 3527
f 3526 3527 3528
f 3526 3528 3529
f 3526 3529 1814
f 3529 3528 2001
f 3529 2001 2004
f 3529 2004 1906
f 3529 1906 1905
f 3529 1905 1815
f 3529 1815 1814
f 3528 3527 2002
f 3528 2002 2001
f 3527 3525 3530
f 3527 3530 3531
f 3527 3531 2008
f 3527 2008 2002
f 3531 3530 3532
f 3531 3532 3533
f 3531 3533 3534
f 3531 3534 2008
f 3534 3533 3535
f 3534 3535 3536
f 3534 3536 1691
f 3534 1691 3537
f 3534 3537 1995
f 3534 1995 2008
f 3537 1691 1688
f 3537 1688 3538
f 3537 3538 1996
f 3537 1996 1995
f 3538 1688 1687
f 3538 1687 3539
f 3538 3539 3540
f 3538 3540 1996
f 3540 3539 1890
f 3540 1890 1889
f 3540 1889 3541
f 3540 3541 3542
f 3540 3542 1999
f 3540 1999 1996
f 3542 3541 3543
f 3542 3543 1962
f 3542 1962 1961
f 3542 1961 1999
f 3543 3541 1913
f 3543 1913 1912
f 3543 1912 1805
f 3543 1805 1807
f 3543 1807 1960
f 3543 1960 1962
f 3541 1889 1888
f 3541 1888 1913
f 3539 1687 1891
f 3539 1891 1890
f 3536 3535 1656
f 3536 1656 3544
f 3536 3544 1689
f 3536 1689 1691
f 3544 1656 1655
f 3544 1655 3545
f 3544 3545 1690
f 3544 1690 1689
f 3545 1655 1659
f 3545 1659 3546
f 3545 3546 3547
f 3545 3547 1690
f 3547 3548 1638
f 3547 1638 1690
f 3547 3546 3549
f 3547 3549 3550
f 3547 3550 3551
f 3547 3551 3548
f 3551 1584 1583
f 3551 1583 3548
f 3551 3550 3552
f 3551 3552 3553
f 3551 3553 3554
f 3551 3554 1584
f 3554 3555 1585
f 3554 1585 1584
f 3554 3553 3556
f 3554 3556 3557
f 3554 3557 3558
f 3554 3558 3555
f 3558 3559 3560
f 3558 3560 3555
f 3558 3557 3561
f 3558 3561 3562
f 3558 3562 3563
f 3558 3563 3559
f 3563 3564 3565
f 3563 3565 3559
f 3563 3562 3566
f 3563 3566 3567
f 3563 3567 3568
f 3563 3568 3564
f 3568 3569 3570
f 3568 3570 3564
f 3568 3567 3571
f 3568 3571 3572
f 3568 3572 3573
f 3568 3573 3569
f 3573 3574 3575
f 3573 3575 3569
f 3573 3572 3576
f 3573 3576 3577
f 3573 3577 3578
f 3573 3578 3574
f 3578 3579 3580
f 3578 3580 3574
f 3578 3577 3581
f 3578 3581 3582
f 3578 3582 3583
f 3578 3583 3579
f 3583 3584 3585
f 3583 3585 3579
f 3583 3582 3331
f 3583 3331 3330
f 3583 3330 3329
f 3583 3329 3584
f 3585 3586 3587
f 3585 3587 3588
f 3585 3588 3580
f 3585 3580 3579
f 3585 3584 3589
f 3585 3589 3586
f 3589 1596 1595
f 3589 1595 3586
f 3589 3584 3329
f 3589 3329 3590
f 3589 3590 1597
f 3589 1597 1596
f 3590 3329 3327
f 3590 3327 3326
f 3590 3326 3591
f 3590 3591 1597
f 3591 3592 1598
f 3591 1598 1597
f 3591 3326 3324
f 3591 3324 3593
f 3591 3593 3594
f 3591 3594 3592
f 3594 3595 3596
f 3594 3596 3592
f 3594 3593 3597
f 3594 3597 3598
f 3594 3598 3599
f 3594 3599 3595
f 3599 3600 3601
f 3599 3601 3595
f 3599 3598 3317
f 3599 3317 3602
f 3599 3602 3603
f 3599 3603 3600
f 3603 2180 2184
f 3603 2184 3600
f 3603 3602 3314
f 3603 3314 3604
f 3603 3604 2181
f 3603 2181 2180
f 3604 3314 3312
f 3604 3312 3311
f 3604 3311 3605
f 3604 3605 2181
f 3605 3606 2182
f 3605 2182 2181
f 3605 3311 3309
f 3605 3309 3607
f 3605 3607 3608
f 3605 3608 3606
f 3608 2240 2441
f 3608 2441 3609
f 3608 3609 3610
f 3608 3610 3606
f 3608 3607 2236
f 3608 2236 2240
f 3610 3609 3611
f 3610 3611 3612
f 3610 3612 3613
f 3610 3613 3614
f 3610 3614 2182
f 3610 2182 3606
f 3614 3613 2365
f 3614 2365 2364
f 3614 2364 2179
f 3614 2179 2182
f 3613 3612 3615
f 3613 3615 3616
f 3613 3616 2366
f 3613 2366 2365
f 3616 3615 3617
f 3616 3617 2471
f 3616 2471 2470
f 3616 2470 2366
f 3617 2479 2482
f 3617 2482 3618
f 3617 3618 2472
f 3617 2472 2471
f 3617 3615 2480
f 3617 2480 2479
f 3618 2482 3116
f 3618 3116 3115
f 3618 3115 3619
f 3618 3619 2472
f 3619 3115 3111
f 3619 3111 3110
f 3619 3110 3620
f 3619 3620 3621
f 3619 3621 2473
f 3619 2473 2472
f 3621 3620 2679
f 3621 2679 2543
f 3621 2543 2477
f 3621 2477 2473
f 3620 3110 3106
f 3620 3106 3105
f 3620 3105 2573
f 3620 2573 2679
f 3615 3612 3611
f 3615 3611 2480
f 3611 2440 2446
f 3611 2446 2480
f 3611 3609 2441
f 3611 2441 2440
f 3607 3309 2237
f 3607 2237 2236
f 3602 3317 3315
f 3602 3315 3314
f 3601 3622 3623
f 3601 3623 3624
f 3601 3624 3596
f 3601 3596 3595
f 3601 3600 2184
f 3601 2184 3622
f 3624 3623 1920
f 3624 1920 3625
f 3624 3625 3626
f 3624 3626 3596
f 3626 3625 1709
f 3626 1709 1599
f 3626 1599 1591
f 3626 1591 1598
f 3626 1598 3592
f 3626 3592 3596
f 3625 1920 1710
f 3625 1710 1709
f 3623 1921 1918
f 3623 1918 1920
f 3623 3622 3627
f 3623 3627 1921
f 3627 3628 1922
f 3627 1922 1921
f 3627 3622 2184
f 3627 2184 2183
f 3627 2183 2186
f 3627 2186 3628
f 3628 3629 3630
f 3628 3630 1922
f 3628 2186 3631
f 3628 3631 3629
f 3631 2188 2136
f 3631 2136 3629
f 3631 2186 2185
f 3631 2185 3632
f 3631 3632 2190
f 3631 2190 2188
f 3632 2185 2363
f 3632 2363 2371
f 3632 2371 2375
f 3632 2375 2190
f 3630 2135 3633
f 3630 3633 3634
f 3630 3634 1923
f 3630 1923 1922
f 3630 3629 2136
f 3630 2136 2135
f 3634 3633 3635
f 3634 3635 3636
f 3634 3636 1926
f 3634 1926 1923
f 3636 3635 2124
f 3636 2124 2123
f 3636 2123 3637
f 3636 3637 1926
f 3637 2123 2122
f 3637 2122 3638
f 3637 3638 1764
f 3637 1764 1763
f 3637 1763 1924
f 3637 1924 1926
f 3638 3639 1768
f 3638 1768 1764
f 3638 2122 2128
f 3638 2128 3639
f 3639 3640 3641
f 3639 3641 1768
f 3639 2128 3642
f 3639 3642 3640
f 3642 3643 3644
f 3642 3644 3640
f 3642 2128 2127
f 3642 2127 3645
f 3642 3645 3646
f 3642 3646 3643
f 3646 3647 3648
f 3646 3648 3649
f 3646 3649 2090
f 3646 2090 3643
f 3646 3645 3650
f 3646 3650 3647
f 3650 3651 3652
f 3650 3652 3647
f 3650 3645 2127
f 3650 2127 2126
f 3650 2126 2224
f 3650 2224 3651
f 3652 3653 3654
f 3652 3654 3655
f 3652 3655 3648
f 3652 3648 3647
f 3652 3651 3656
f 3652 3656 3653
f 3656 3657 3658
f 3656 3658 3653
f 3656 3651 2224
f 3656 2224 2223
f 3656 2223 2227
f 3656 2227 3657
f 3658 3659 3660
f 3658 3660 3661
f 3658 3661 3654
f 3658 3654 3653
f 3658 3657 3662
f 3658 3662 3659
f 3662 3663 3664
f 3662 3664 3659
f 3662 3657 2227
f 3662 2227 3665
f 3662 3665 3666
f 3662 3666 3663
f 3666 3667 3668
f 3666 3668 3663
f 3666 3665 2427
f 3666 2427 3669
f 3666 3669 3670
f 3666 3670 3667
f 3670 3671 3672
f 3670 3672 3667
f 3670 3669 3673
f 3670 3673 3674
f 3670 3674 3675
f 3670 3675 3671
f 3675 2506 2505
f 3675 2505 3671
f 3675 3674 3676
f 3675 3676 3677
f 3675 3677 2507
f 3675 2507 2506
f 3677 3676 3678
f 3677 3678 3679
f 3677 3679 3680
f 3677 3680 2507
f 3680 3681 2508
f 3680 2508 2507
f 3680 3679 3682
f 3680 3682 3683
f 3680 3683 3684
f 3680 3684 3681
f 3684 2733 2732
f 3684 2732 3681
f 3684 3683 2718
f 3684 2718 2717
f 3684 2717 2721
f 3684 2721 2733
f 3683 3682 3685
f 3683 3685 2718
f 3685 3682 3686
f 3685 3686 3687
f 3685 3687 3688
f 3685 3688 3689
f 3685 3689 2714
f 3685 2714 2718
f 3689 3688 3690
f 3689 3690 3691
f 3689 3691 2715
f 3689 2715 2714
f 3691 3690 3692
f 3691 3692 3693
f 3691 3693 3694
f 3691 3694 2715
f 3694 3695 2716
f 3694 2716 2715
f 3694 3693 3696
f 3694 3696 3697
f 3694 3697 3698
f 3694 3698 3695
f 3698 3699 3700
f 3698 3700 3695
f 3698 3697 3701
f 3698 3701 3702
f 3698 3702 3703
f 3698 3703 3699
f 3703 3704 3705
f 3703 3705 3699
f 3703 3702 3706
f 3703 3706 3707
f 3703 3707 3708
f 3703 3708 3704
f 3708 3709 3710
f 3708 3710 3704
f 3708 3707 3711
f 3708 3711 3712
f 3708 3712 3713
f 3708 3713 3709
f 3713 3084 3082
f 3713 3082 3709
f 3713 3712 3714
f 3713 3714 3715
f 3713 3715 3716
f 3713 3716 3084
f 3716 2570 3085
f 3716 3085 3084
f 3716 3715 3717
f 3716 3717 3718
f 3716 3718 2566
f 3716 2566 2570
f 3718 3717 2650
f 3718 2650 2649
f 3718 2649 2567
f 3718 2567 2566
f 3717 3715 3714
f 3717 3714 3719
f 3717 3719 3720
f 3717 3720 2650
f 3720 3719 3721
f 3720 3721 3722
f 3720 3722 3723
f 3720 3723 2645
f 3720 2645 2644
f 3720 2644 2650
f 3723 3722 3724
f 3723 3724 2510
f 3723 2510 2509
f 3723 2509 2541
f 3723 2541 2540
f 3723 2540 2645
f 3724 3722 3721
f 3724 3721 3725
f 3724 3725 3726
f 3724 3726 3727
f 3724 3727 2504
f 3724 2504 2510
f 3727 3726 3728
f 3727 3728 3729
f 3727 3729 2505
f 3727 2505 2504
f 3729 3728 3730
f 3729 3730 3672
f 3729 3672 3671
f 3729 3671 2505
f 3730 3728 3731
f 3730 3731 3732
f 3730 3732 3733
f 3730 3733 3668
f 3730 3668 3667
f 3730 3667 3672
f 3733 3732 3734
f 3733 3734 3735
f 3733 3735 3736
f 3733 3736 3664
f 3733 3664 3663
f 3733 3663 3668
f 3736 3735 3737
f 3736 3737 3738
f 3736 3738 3739
f 3736 3739 3660
f 3736 3660 3659
f 3736 3659 3664
f 3739 3738 3740
f 3739 3740 3741
f 3739 3741 3742
f 3739 3742 3743
f 3739 3743 3661
f 3739 3661 3660
f 3743 3742 3744
f 3743 3744 3745
f 3743 3745 3654
f 3743 3654 3661
f 3745 3744 3746
f 3745 3746 3747
f 3745 3747 3655
f 3745 3655 3654
f 3747 3746 3748
f 3747 3748 3749
f 3747 3749 3648
f 3747 3648 3655
f 3749 3748 3750
f 3749 3750 3751
f 3749 3751 3649
f 3749 3649 3648
f 3751 3750 2083
f 3751 2083 2082
f 3751 2082 2090
f 3751 2090 3649
f 3750 3748 3752
f 3750 3752 3753
f 3750 3753 3754
f 3750 3754 2083
f 3754 3753 3755
f 3754 3755 3756
f 3754 3756 3757
f 3754 3757 3758
f 3754 3758 2084
f 3754 2084 2083
f 3758 3757 3759
f 3758 3759 3760
f 3758 3760 2088
f 3758 2088 2084
f 3760 3759 3761
f 3760 3761 3762
f 3760 3762 3763
f 3760 3763 2088
f 3763 3762 1939
f 3763 1939 3764
f 3763 3764 3765
f 3763 3765 3766
f 3763 3766 2085
f 3763 2085 2088
f 3766 3765 3767
f 3766 3767 3768
f 3766 3768 2086
f 3766 2086 2085
f 3768 3767 3769
f 3768 3769 3770
f 3768 3770 3771
f 3768 3771 2086
f 3771 3772 2087
f 3771 2087 2086
f 3771 3770 3773
f 3771 3773 3774
f 3771 3774 3775
f 3771 3775 3772
f 3775 3774 1676
f 3775 1676 1675
f 3775 1675 3776
f 3775 3776 3777
f 3775 3777 3778
f 3775 3778 3772
f 3778 3777 3779
f 3778 3779 3780
f 3778 3780 3781
f 3778 3781 2091
f 3778 2091 2087
f 3778 2087 3772
f 3781 3780 3782
f 3781 3782 3641
f 3781 3641 3640
f 3781 3640 3644
f 3781 3644 2089
f 3781 2089 2091
f 3782 3780 3779
f 3782 3779 3783
f 3782 3783 1766
f 3782 1766 1765
f 3782 1765 1768
f 3782 1768 3641
f 3783 3779 3784
f 3783 3784 3785
f 3783 3785 3786
f 3783 3786 1766
f 3786 3785 3787
f 3786 3787 3788
f 3786 3788 3789
f 3786 3789 3790
f 3786 3790 1767
f 3786 1767 1766
f 3790 3789 3791
f 3790 3791 3792
f 3790 3792 3793
f 3790 3793 1767
f 3793 3792 3794
f 3793 3794 3795
f 3793 3795 1784
f 3793 1784 1793
f 3793 1793 1761
f 3793 1761 1767
f 3795 3794 3796
f 3795 3796 3797
f 3795 3797 1785
f 3795 1785 1784
f 3797 3796 3798
f 3797 3798 3799
f 3797 3799 3800
f 3797 3800 1785
f 3800 3799 3801
f 3800 3801 3802
f 3800 3802 3803
f 3800 3803 3804
f 3800 3804 1786
f 3800 1786 1785
f 3804 3803 3805
f 3804 3805 3806
f 3804 3806 1787
f 3804 1787 1786
f 3806 3805 3807
f 3806 3807 3808
f 3806 3808 3809
f 3806 3809 1787
f 3809 3810 1788
f 3809 1788 1787
f 3809 3808 3811
f 3809 3811 3812
f 3809 3812 3813
f 3809 3813 3810
f 3813 2068 3814
f 3813 3814 3810
f 3813 3812 3815
f 3813 3815 3816
f 3813 3816 2065
f 3813 2065 2068
f 3816 3815 3817
f 3816 3817 2195
f 3816 2195 2066
f 3816 2066 2065
f 3817 3815 3818
f 3817 3818 3819
f 3817 3819 3820
f 3817 3820 3821
f 3817 3821 2196
f 3817 2196 2195
f 3821 3820 3822
f 3821 3822 3823
f 3821 3823 3824
f 3821 3824 2196
f 3824 2197 2148
f 3824 2148 2196
f 3824 3823 3825
f 3824 3825 3826
f 3824 3826 3827
f 3824 3827 2197
f 3827 3828 2198
f 3827 2198 2197
f 3827 3826 3829
f 3827 3829 3830
f 3827 3830 3831
f 3827 3831 3828
f 3831 3832 3833
f 3831 3833 3828
f 3831 3830 3834
f 3831 3834 3835
f 3831 3835 3836
f 3831 3836 3832
f 3836 2449 2448
f 3836 2448 3832
f 3836 3835 3756
f 3836 3756 3755
f 3836 3755 3837
f 3836 3837 2449
f 3837 3838 2450
f 3837 2450 2449
f 3837 3755 3753
f 3837 3753 3752
f 3837 3752 3839
f 3837 3839 3838
f 3839 3840 3841
f 3839 3841 3838
f 3839 3752 3748
f 3839 3748 3746
f 3839 3746 3744
f 3839 3744 3840
f 3841 3842 3843
f 3841 3843 2454
f 3841 2454 2450
f 3841 2450 3838
f 3841 3840 3844
f 3841 3844 3842
f 3844 3845 3846
f 3844 3846 3842
f 3844 3840 3744
f 3844 3744 3742
f 3844 3742 3741
f 3844 3741 3845
f 3846 3847 3848
f 3846 3848 3849
f 3846 3849 3843
f 3846 3843 3842
f 3846 3845 3850
f 3846 3850 3847
f 3850 3851 3852
f 3850 3852 3847
f 3850 3845 3741
f 3850 3741 3740
f 3850 3740 3853
f 3850 3853 3851
f 3853 3854 3855
f 3853 3855 3851
f 3853 3740 3738
f 3853 3738 3737
f 3853 3737 3856
f 3853 3856 3854
f 3856 3857 3858
f 3856 3858 3854
f 3856 3737 3735
f 3856 3735 3734
f 3856 3734 3859
f 3856 3859 3857
f 3859 3860 3861
f 3859 3861 3857
f 3859 3734 3732
f 3859 3732 3731
f 3859 3731 3862
f 3859 3862 3860
f 3862 3863 3864
f 3862 3864 3860
f 3862 3731 3728
f 3862 3728 3726
f 3862 3726 3725
f 3862 3725 3863
f 3864 3711 3707
f 3864 3707 3706
f 3864 3706 3861
f 3864 3861 3860
f 3864 3863 3865
f 3864 3865 3711
f 3865 3714 3712
f 3865 3712 3711
f 3865 3863 3725
f 3865 3725 3721
f 3865 3721 3719
f 3865 3719 3714
f 3861 3706 3702
f 3861 3702 3701
f 3861 3701 3858
f 3861 3858 3857
f 3858 3701 3697
f 3858 3697 3696
f 3858 3696 3855
f 3858 3855 3854
f 3855 3696 3693
f 3855 3693 3692
f 3855 3692 3852
f 3855 3852 3851
f 3852 3692 3690
f 3852 3690 3866
f 3852 3866 3848
f 3852 3848 3847
f 3866 3690 3688
f 3866 3688 3867
f 3866 3867 3868
f 3866 3868 3848
f 3868 3867 3869
f 3868 3869 2592
f 3868 2592 2591
f 3868 2591 3870
f 3868 3870 3849
f 3868 3849 3848
f 3870 2591 2590
f 3870 2590 3871
f 3870 3871 3843
f 3870 3843 3849
f 3871 2590 2453
f 3871 2453 2452
f 3871 2452 2454
f 3871 2454 3843
f 3869 3687 3686
f 3869 3686 3872
f 3869 3872 2593
f 3869 2593 2592
f 3869 3867 3688
f 3869 3688 3687
f 3872 3686 3678
f 3872 3678 3873
f 3872 3873 3874
f 3872 3874 2593
f 3874 3873 3875
f 3874 3875 2425
f 3874 2425 2424
f 3874 2424 3876
f 3874 3876 2588
f 3874 2588 2593
f 3876 2424 2423
f 3876 2423 3877
f 3876 3877 2594
f 3876 2594 2588
f 3877 2423 3878
f 3877 3878 3879
f 3877 3879 3880
f 3877 3880 2594
f 3880 3879 2516
f 3880 2516 2642
f 3880 2642 2742
f 3880 2742 3881
f 3880 3881 2595
f 3880 2595 2594
f 3881 2742 2741
f 3881 2741 3882
f 3881 3882 3883
f 3881 3883 2595
f 3883 3882 3884
f 3883 3884 3885
f 3883 3885 3886
f 3883 3886 3887
f 3883 3887 2589
f 3883 2589 2595
f 3887 3886 2451
f 3887 2451 2453
f 3887 2453 2590
f 3887 2590 2589
f 3886 3885 3888
f 3886 3888 3889
f 3886 3889 2342
f 3886 2342 2451
f 3889 3888 2429
f 3889 2429 3890
f 3889 3890 2343
f 3889 2343 2342
f 3890 2429 2428
f 3890 2428 3891
f 3890 3891 3892
f 3890 3892 2343
f 3892 3891 3893
f 3892 3893 3894
f 3892 3894 3895
f 3892 3895 3896
f 3892 3896 2338
f 3892 2338 2343
f 3896 3895 3897
f 3896 3897 3898
f 3896 3898 2339
f 3896 2339 2338
f 3898 3897 3899
f 3898 3899 3900
f 3898 3900 3901
f 3898 3901 2339
f 3901 2301 2340
f 3901 2340 2339
f 3901 3900 3902
f 3901 3902 2230
f 3901 2230 2229
f 3901 2229 2301
f 3902 3900 3899
f 3902 3899 3903
f 3902 3903 2134
f 3902 2134 2133
f 3902 2133 2189
f 3902 2189 2230
f 3903 3899 2124
f 3903 2124 3635
f 3903 3635 3633
f 3903 3633 2134
f 3899 3897 2121
f 3899 2121 2124
f 3897 3895 2125
f 3897 2125 2121
f 3895 3894 2225
f 3895 2225 2125
f 3894 3893 2228
f 3894 2228 2225
f 3893 3891 2428
f 3893 2428 2382
f 3893 2382 2381
f 3893 2381 2228
f 3888 3885 3884
f 3888 3884 3904
f 3888 3904 2430
f 3888 2430 2429
f 3884 3882 2741
f 3884 2741 2747
f 3884 2747 2979
f 3884 2979 3904
f 3879 3878 2512
f 3879 2512 2516
f 3878 2423 2379
f 3878 2379 2378
f 3878 2378 2369
f 3878 2369 2512
f 3875 3676 3674
f 3875 3674 3673
f 3875 3673 2426
f 3875 2426 2425
f 3875 3873 3678
f 3875 3678 3676
f 3835 3834 3757
f 3835 3757 3756
f 3834 3830 3829
f 3834 3829 3905
f 3834 3905 3759
f 3834 3759 3757
f 3905 3829 3906
f 3905 3906 3907
f 3905 3907 3761
f 3905 3761 3759
f 3907 3906 3908
f 3907 3908 3909
f 3907 3909 1940
f 3907 1940 3761
f 3909 3908 1969
f 3909 1969 1964
f 3909 1964 1935
f 3909 1935 1940
f 3908 3906 3825
f 3908 3825 3910
f 3908 3910 2041
f 3908 2041 1969
f 3910 3825 3823
f 3910 3823 3822
f 3910 3822 2042
f 3910 2042 2041
f 3906 3829 3826
f 3906 3826 3825
f 3833 2341 2300
f 3833 2300 2299
f 3833 2299 2198
f 3833 2198 3828
f 3833 3832 2448
f 3833 2448 2341
f 3822 3820 2045
f 3822 2045 2042
f 3820 3819 3911
f 3820 3911 2045
f 3911 3819 3818
f 3911 3818 3912
f 3911 3912 3913
f 3911 3913 2015
f 3911 2015 2014
f 3911 2014 2045
f 3913 3912 3914
f 3913 3914 3915
f 3913 3915 3916
f 3913 3916 2010
f 3913 2010 2009
f 3913 2009 2015
f 3916 3915 3917
f 3916 3917 3918
f 3916 3918 3919
f 3916 3919 3920
f 3916 3920 2011
f 3916 2011 2010
f 3920 3919 3921
f 3920 3921 3922
f 3920 3922 2064
f 3920 2064 2011
f 3922 3921 1789
f 3922 1789 3814
f 3922 3814 2068
f 3922 2068 2064
f 3921 3919 1713
f 3921 1713 3923
f 3921 3923 1790
f 3921 1790 1789
f 3923 1713 1707
f 3923 1707 3924
f 3923 3924 1791
f 3923 1791 1790
f 3924 1707 1710
f 3924 1710 1919
f 3924 1919 1925
f 3924 1925 1791
f 3919 3918 1714
f 3919 1714 1713
f 3918 3917 3925
f 3918 3925 1714
f 3925 3805 3803
f 3925 3803 3926
f 3925 3926 1711
f 3925 1711 1714
f 3925 3917 3807
f 3925 3807 3805
f 3926 3803 3802
f 3926 3802 3927
f 3926 3927 1712
f 3926 1712 1711
f 3927 3802 3801
f 3927 3801 3928
f 3927 3928 3929
f 3927 3929 1712
f 3929 3928 3930
f 3929 3930 3931
f 3929 3931 1592
f 3929 1592 1600
f 3929 1600 1708
f 3929 1708 1712
f 3931 3930 3932
f 3931 3932 3933
f 3931 3933 1593
f 3931 1593 1592
f 3933 3932 3934
f 3933 3934 3935
f 3933 3935 3936
f 3933 3936 1593
f 3936 3935 3937
f 3936 3937 3938
f 3936 3938 3939
f 3936 3939 3940
f 3936 3940 1594
f 3936 1594 1593
f 3940 3939 3941
f 3940 3941 3942
f 3940 3942 1595
f 3940 1595 1594
f 3942 3941 3943
f 3942 3943 3587
f 3942 3587 3586
f 3942 3586 1595
f 3943 3941 3944
f 3943 3944 3945
f 3943 3945 3946
f 3943 3946 3947
f 3943 3947 3588
f 3943 3588 3587
f 3947 3946 3948
f 3947 3948 3949
f 3947 3949 3580
f 3947 3580 3588
f 3949 3948 3950
f 3949 3950 3575
f 3949 3575 3574
f 3949 3574 3580
f 3950 3948 3951
f 3950 3951 3952
f 3950 3952 3953
f 3950 3953 3570
f 3950 3570 3569
f 3950 3569 3575
f 3953 3952 3954
f 3953 3954 3955
f 3953 3955 3956
f 3953 3956 3565
f 3953 3565 3564
f 3953 3564 3570
f 3956 3955 3957
f 3956 3957 3958
f 3956 3958 1586
f 3956 1586 3560
f 3956 3560 3559
f 3956 3559 3565
f 3958 3957 1554
f 3958 1554 1553
f 3958 1553 1558
f 3958 1558 1586
f 3957 3959 3960
f 3957 3960 1554
f 3957 3955 3954
f 3957 3954 3959
f 3960 3961 3962
f 3960 3962 3963
f 3960 3963 1555
f 3960 1555 1554
f 3960 3959 3964
f 3960 3964 3961
f 3964 3965 3966
f 3964 3966 3961
f 3964 3959 3954
f 3964 3954 3967
f 3964 3967 3968
f 3964 3968 3965
f 3968 3969 3970
f 3968 3970 3965
f 3968 3967 3951
f 3968 3951 3971
f 3968 3971 3972
f 3968 3972 3969
f 3972 3973 3974
f 3972 3974 3969
f 3972 3971 3946
f 3972 3946 3945
f 3972 3945 3944
f 3972 3944 3973
f 3974 3975 3976
f 3974 3976 3977
f 3974 3977 3970
f 3974 3970 3969
f 3974 3973 3978
f 3974 3978 3975
f 3978 3979 3980
f 3978 3980 3975
f 3978 3973 3944
f 3978 3944 3981
f 3978 3981 3982
f 3978 3982 3979
f 3982 3983 3984
f 3982 3984 3979
f 3982 3981 3939
f 3982 3939 3938
f 3982 3938 3937
f 3982 3937 3983
f 3984 3985 3986
f 3984 3986 3987
f 3984 3987 3980
f 3984 3980 3979
f 3984 3983 3988
f 3984 3988 3985
f 3988 3989 3990
f 3988 3990 3985
f 3988 3983 3937
f 3988 3937 3991
f 3988 3991 3992
f 3988 3992 3989
f 3992 3993 3994
f 3992 3994 3989
f 3992 3991 3934
f 3992 3934 3995
f 3992 3995 3996
f 3992 3996 3993
f 3996 3997 3998
f 3996 3998 3993
f 3996 3995 3999
f 3996 3999 4000
f 3996 4000 4001
f 3996 4001 3997
f 4001 4002 4003
f 4001 4003 3997
f 4001 4000 3798
f 4001 3798 3796
f 4001 3796 3794
f 4001 3794 4002
f 4003 4004 4005
f 4003 4005 4006
f 4003 4006 3998
f 4003 3998 3997
f 4003 4002 3791
f 4003 3791 4004
f 4006 4005 4007
f 4006 4007 4008
f 4006 4008 4009
f 4006 4009 3998
f 4009 4008 4010
f 4009 4010 4011
f 4009 4011 4012
f 4009 4012 3994
f 4009 3994 3993
f 4009 3993 3998
f 4012 4011 4013
f 4012 4013 4014
f 4012 4014 4015
f 4012 4015 3990
f 4012 3990 3989
f 4012 3989 3994
f 4015 4014 4016
f 4015 4016 4017
f 4015 4017 4018
f 4015 4018 3986
f 4015 3986 3985
f 4015 3985 3990
f 4018 4017 1574
f 4018 1574 1573
f 4018 1573 1572
f 4018 1572 4019
f 4018 4019 3987
f 4018 3987 3986
f 4019 1572 4020
f 4019 4020 4021
f 4019 4021 3980
f 4019 3980 3987
f 4021 4020 4022
f 4021 4022 3976
f 4021 3976 3975
f 4021 3975 3980
f 4022 4020 4023
f 4022 4023 4024
f 4022 4024 4025
f 4022 4025 4026
f 4022 4026 3977
f 4022 3977 3976
f 4026 4025 4027
f 4026 4027 4028
f 4026 4028 3970
f 4026 3970 3977
f 4028 4027 4029
f 4028 4029 3966
f 4028 3966 3965
f 4028 3965 3970
f 4029 4027 4030
f 4029 4030 4031
f 4029 4031 4032
f 4029 4032 3962
f 4029 3962 3961
f 4029 3961 3966
f 4032 4031 4033
f 4032 4033 4034
f 4032 4034 4035
f 4032 4035 4036
f 4032 4036 3963
f 4032 3963 3962
f 4036 4035 4037
f 4036 4037 1556
f 4036 1556 1555
f 4036 1555 3963
f 4037 4035 1623
f 4037 1623 1622
f 4037 1622 1588
f 4037 1588 1587
f 4037 1587 1557
f 4037 1557 1556
f 4035 4034 4038
f 4035 4038 1623
f 4038 4039 4040
f 4038 4040 4041
f 4038 4041 1624
f 4038 1624 1623
f 4038 4034 4033
f 4038 4033 4039
f 4041 4040 4042
f 4041 4042 4043
f 4041 4043 1625
f 4041 1625 1624
f 4043 4042 4044
f 4043 4044 4045
f 4043 4045 1633
f 4043 1633 1625
f 4045 4044 4046
f 4045 4046 4047
f 4045 4047 4048
f 4045 4048 1633
f 4048 4047 4049
f 4048 4049 4050
f 4048 4050 1747
f 4048 1747 1746
f 4048 1746 1634
f 4048 1634 1633
f 4050 4049 1772
f 4050 1772 4051
f 4050 4051 1857
f 4050 1857 1747
f 4051 1772 1740
f 4051 1740 1739
f 4051 1739 1824
f 4051 1824 1857
f 4049 4052 1769
f 4049 1769 1772
f 4049 4047 4046
f 4049 4046 4052
f 4052 4053 1770
f 4052 1770 1769
f 4052 4046 4054
f 4052 4054 4053
f 4054 4055 1817
f 4054 1817 4053
f 4054 4046 4044
f 4054 4044 4056
f 4054 4056 4057
f 4054 4057 4055
f 4057 4058 1702
f 4057 1702 4055
f 4057 4056 4059
f 4057 4059 4060
f 4057 4060 4061
f 4057 4061 4058
f 4061 1614 4062
f 4061 4062 4058
f 4061 4060 4063
f 4061 4063 4064
f 4061 4064 1612
f 4061 1612 1614
f 4064 4063 4065
f 4064 4065 4066
f 4064 4066 1613
f 4064 1613 1612
f 4066 4065 4067
f 4066 4067 4068
f 4066 4068 4069
f 4066 4069 1613
f 4069 1581 1609
f 4069 1609 1613
f 4069 4068 4070
f 4069 4070 4071
f 4069 4071 1579
f 4069 1579 1581
f 4071 4070 4024
f 4071 4024 4023
f 4071 4023 1571
f 4071 1571 1579
f 4070 4068 4067
f 4070 4067 4072
f 4070 4072 4025
f 4070 4025 4024
f 4072 4067 4073
f 4072 4073 4030
f 4072 4030 4027
f 4072 4027 4025
f 4073 4067 4065
f 4073 4065 4074
f 4073 4074 4039
f 4073 4039 4033
f 4073 4033 4031
f 4073 4031 4030
f 4074 4065 4063
f 4074 4063 4075
f 4074 4075 4040
f 4074 4040 4039
f 4075 4063 4060
f 4075 4060 4059
f 4075 4059 4042
f 4075 4042 4040
f 4062 1627 1631
f 4062 1631 1703
f 4062 1703 1702
f 4062 1702 4058
f 4062 1614 1611
f 4062 1611 1627
f 4059 4056 4044
f 4059 4044 4042
f 4055 1702 1701
f 4055 1701 1817
f 4053 1817 1816
f 4053 1816 1770
f 4023 4020 1572
f 4023 1572 1571
f 4017 4016 4076
f 4017 4076 1574
f 4076 4077 4078
f 4076 4078 1615
f 4076 1615 1575
f 4076 1575 1574
f 4076 4016 4079
f 4076 4079 4077
f 4079 4080 4081
f 4079 4081 4077
f 4079 4016 4014
f 4079 4014 4013
f 4079 4013 4082
f 4079 4082 4080
f 4082 4083 4084
f 4082 4084 4080
f 4082 4013 4011
f 4082 4011 4010
f 4082 4010 4085
f 4082 4085 4083
f 4085 4086 4087
f 4085 4087 4083
f 4085 4010 4008
f 4085 4008 4007
f 4085 4007 4088
f 4085 4088 4086
f 4088 4089 4090
f 4088 4090 4086
f 4088 4007 4005
f 4088 4005 4091
f 4088 4091 4092
f 4088 4092 4089
f 4092 4093 4094
f 4092 4094 4089
f 4092 4091 4095
f 4092 4095 4096
f 4092 4096 4097
f 4092 4097 4093
f 4097 4098 4099
f 4097 4099 4093
f 4097 4096 3788
f 4097 3788 3787
f 4097 3787 4100
f 4097 4100 4098
f 4100 4101 4102
f 4100 4102 4098
f 4100 3787 3785
f 4100 3785 3784
f 4100 3784 3776
f 4100 3776 4101
f 4102 1678 4103
f 4102 4103 4104
f 4102 4104 4099
f 4102 4099 4098
f 4102 4101 1674
f 4102 1674 1678
f 4104 4103 4105
f 4104 4105 4106
f 4104 4106 4107
f 4104 4107 4099
f 4107 4106 4108
f 4107 4108 4109
f 4107 4109 4110
f 4107 4110 4094
f 4107 4094 4093
f 4107 4093 4099
f 4110 4109 4111
f 4110 4111 4112
f 4110 4112 4113
f 4110 4113 4090
f 4110 4090 4089
f 4110 4089 4094
f 4113 4112 4114
f 4113 4114 4115
f 4113 4115 4116
f 4113 4116 4087
f 4113 4087 4086
f 4113 4086 4090
f 4116 4115 4117
f 4116 4117 4118
f 4116 4118 4119
f 4116 4119 4084
f 4116 4084 4083
f 4116 4083 4087
f 4119 4118 4120
f 4119 4120 4121
f 4119 4121 4122
f 4119 4122 4081
f 4119 4081 4080
f 4119 4080 4084
f 4122 4121 4123
f 4122 4123 4124
f 4122 4124 4125
f 4122 4125 4078
f 4122 4078 4077
f 4122 4077 4081
f 4125 4124 4126
f 4125 4126 4127
f 4125 4127 1617
f 4125 1617 1616
f 4125 1616 1615
f 4125 1615 4078
f 4127 4126 4128
f 4127 4128 4129
f 4127 4129 4130
f 4127 4130 1617
f 4130 4129 4131
f 4130 4131 4132
f 4130 4132 1669
f 4130 1669 1666
f 4130 1666 1618
f 4130 1618 1617
f 4132 4131 4133
f 4132 4133 4134
f 4132 4134 4135
f 4132 4135 1669
f 4135 4134 4136
f 4135 4136 1956
f 4135 1956 1955
f 4135 1955 4137
f 4135 4137 1670
f 4135 1670 1669
f 4137 1955 1853
f 4137 1853 1852
f 4137 1852 1671
f 4137 1671 1670
f 4136 4138 4139
f 4136 4139 4140
f 4136 4140 1952
f 4136 1952 1956
f 4136 4134 4133
f 4136 4133 4138
f 4140 4139 1968
f 4140 1968 1967
f 4140 1967 1953
f 4140 1953 1952
f 4139 4141 4142
f 4139 4142 1968
f 4139 4138 4143
f 4139 4143 4141
f 4143 4144 4145
f 4143 4145 4141
f 4143 4138 4133
f 4143 4133 4146
f 4143 4146 4147
f 4143 4147 4144
f 4147 1848 1847
f 4147 1847 4144
f 4147 4146 4148
f 4147 4148 4149
f 4147 4149 4150
f 4147 4150 1848
f 4150 4151 1846
f 4150 1846 1848
f 4150 4149 4152
f 4150 4152 4153
f 4150 4153 4154
f 4150 4154 4151
f 4154 4155 1799
f 4154 1799 4151
f 4154 4153 4156
f 4154 4156 4157
f 4154 4157 4158
f 4154 4158 4155
f 4158 4159 4160
f 4158 4160 4155
f 4158 4157 4161
f 4158 4161 4162
f 4158 4162 4163
f 4158 4163 4159
f 4163 4164 4165
f 4163 4165 4159
f 4163 4162 4166
f 4163 4166 4167
f 4163 4167 4168
f 4163 4168 4164
f 4168 1753 1752
f 4168 1752 4164
f 4168 4167 4169
f 4168 4169 4170
f 4168 4170 4171
f 4168 4171 1753
f 4171 4172 1754
f 4171 1754 1753
f 4171 4170 4173
f 4171 4173 4174
f 4171 4174 4175
f 4171 4175 4172
f 4175 1727 1732
f 4175 1732 4172
f 4175 4174 4176
f 4175 4176 4177
f 4175 4177 1728
f 4175 1728 1727
f 4177 4176 4178
f 4177 4178 4179
f 4177 4179 4180
f 4177 4180 1728
f 4180 4181 1729
f 4180 1729 1728
f 4180 4179 4182
f 4180 4182 4183
f 4180 4183 4184
f 4180 4184 4181
f 4184 4185 4186
f 4184 4186 4181
f 4184 4183 4187
f 4184 4187 4188
f 4184 4188 3769
f 4184 3769 4185
f 4188 3773 3770
f 4188 3770 3769
f 4188 4187 1679
f 4188 1679 3773
f 4187 4183 4182
f 4187 4182 4189
f 4187 4189 1677
f 4187 1677 1679
f 4189 4182 4105
f 4189 4105 4103
f 4189 4103 1678
f 4189 1678 1677
f 4186 4185 4190
f 4186 4190 4191
f 4186 4191 4192
f 4186 4192 1730
f 4186 1730 1729
f 4186 1729 4181
f 4192 4191 4193
f 4192 4193 4194
f 4192 4194 4195
f 4192 4195 4196
f 4192 4196 1731
f 4192 1731 1730
f 4196 4195 1756
f 4196 1756 1755
f 4196 1755 1732
f 4196 1732 1731
f 4195 4194 1837
f 4195 1837 1836
f 4195 1836 1759
f 4195 1759 1756
f 4194 4193 1937
f 4194 1937 1837
f 4193 4197 1938
f 4193 1938 1937
f 4193 4191 4190
f 4193 4190 4197
f 4197 3765 3764
f 4197 3764 1938
f 4197 4190 3767
f 4197 3767 3765
f 4190 4185 3769
f 4190 3769 3767
f 4182 4179 4178
f 4182 4178 4105
f 4178 4176 4198
f 4178 4198 4108
f 4178 4108 4106
f 4178 4106 4105
f 4198 4176 4174
f 4198 4174 4173
f 4198 4173 4199
f 4198 4199 4111
f 4198 4111 4109
f 4198 4109 4108
f 4199 4173 4170
f 4199 4170 4169
f 4199 4169 4200
f 4199 4200 4114
f 4199 4114 4112
f 4199 4112 4111
f 4200 4169 4167
f 4200 4167 4166
f 4200 4166 4201
f 4200 4201 4117
f 4200 4117 4115
f 4200 4115 4114
f 4201 4166 4162
f 4201 4162 4161
f 4201 4161 4202
f 4201 4202 4120
f 4201 4120 4118
f 4201 4118 4117
f 4202 4161 4157
f 4202 4157 4156
f 4202 4156 4203
f 4202 4203 4123
f 4202 4123 4121
f 4202 4121 4120
f 4203 4156 4153
f 4203 4153 4152
f 4203 4152 4128
f 4203 4128 4126
f 4203 4126 4124
f 4203 4124 4123
f 4172 1732 1755
f 4172 1755 1754
f 4165 1758 4204
f 4165 4204 4205
f 4165 4205 4160
f 4165 4160 4159
f 4165 4164 1752
f 4165 1752 1758
f 4205 4204 4206
f 4205 4206 1796
f 4205 1796 1795
f 4205 1795 4160
f 4206 4204 4207
f 4206 4207 4208
f 4206 4208 4209
f 4206 4209 4210
f 4206 4210 1797
f 4206 1797 1796
f 4210 4209 4145
f 4210 4145 1849
f 4210 1849 1800
f 4210 1800 1797
f 4209 4208 4211
f 4209 4211 4142
f 4209 4142 4141
f 4209 4141 4145
f 4211 4208 4207
f 4211 4207 4212
f 4211 4212 1966
f 4211 1966 1965
f 4211 1965 1968
f 4211 1968 4142
f 4212 4207 1757
f 4212 1757 4213
f 4212 4213 4214
f 4212 4214 1966
f 4214 4213 1760
f 4214 1760 1831
f 4214 1831 1830
f 4214 1830 1934
f 4214 1934 1936
f 4214 1936 1966
f 4213 1757 1751
f 4213 1751 1760
f 4207 4204 1758
f 4207 1758 1757
f 4160 1795 1799
f 4160 1799 4155
f 4152 4149 4148
f 4152 4148 4128
f 4151 1799 1798
f 4151 1798 1846
f 4148 4146 4133
f 4148 4133 4131
f 4148 4131 4129
f 4148 4129 4128
f 4145 4144 1847
f 4145 1847 1849
f 4101 3776 1675
f 4101 1675 1674
f 4096 4095 3789
f 4096 3789 3788
f 4095 4091 4005
f 4095 4005 4004
f 4095 4004 3791
f 4095 3791 3789
f 4002 3794 3792
f 4002 3792 3791
f 4000 3999 4215
f 4000 4215 3798
f 4215 3999 3932
f 4215 3932 3930
f 4215 3930 3928
f 4215 3928 3801
f 4215 3801 3799
f 4215 3799 3798
f 3999 3995 3934
f 3999 3934 3932
f 3991 3937 3935
f 3991 3935 3934
f 3981 3944 3941
f 3981 3941 3939
f 3971 3951 3948
f 3971 3948 3946
f 3967 3954 3952
f 3967 3952 3951
f 3917 3915 3914
f 3917 3914 3807
f 3914 3811 3808
f 3914 3808 3807
f 3914 3912 3818
f 3914 3818 3811
f 3818 3815 3812
f 3818 3812 3811
f 3814 1789 1788
f 3814 1788 3810
f 3784 3779 3777
f 3784 3777 3776
f 3774 3773 1679
f 3774 1679 1676
f 3764 1939 1933
f 3764 1933 1938
f 3762 3761 1940
f 3762 1940 1939
f 3710 3080 3079
f 3710 3079 4216
f 3710 4216 3705
f 3710 3705 3704
f 3710 3709 3082
f 3710 3082 3080
f 4216 3079 3078
f 4216 3078 4217
f 4216 4217 4218
f 4216 4218 3705
f 4218 4217 2647
f 4218 2647 2646
f 4218 2646 2677
f 4218 2677 3700
f 4218 3700 3699
f 4218 3699 3705
f 4217 3078 2651
f 4217 2651 2647
f 3700 2677 2716
f 3700 2716 3695
f 3686 3682 3679
f 3686 3679 3678
f 3681 2732 2731
f 3681 2731 2508
f 3673 3669 2427
f 3673 2427 2426
f 3665 2227 2226
f 3665 2226 2427
f 3644 3643 2090
f 3644 2090 2089
f 3633 2135 2131
f 3633 2131 2134
f 3598 3597 3318
f 3598 3318 3317
f 3597 3593 3324
f 3597 3324 3322
f 3597 3322 3319
f 3597 3319 3318
f 3582 3581 3333
f 3582 3333 3331
f 3581 3577 3576
f 3581 3576 4219
f 3581 4219 3335
f 3581 3335 3333
f 4219 3576 4220
f 4219 4220 4221
f 4219 4221 4222
f 4219 4222 3335
f 4222 4221 4223
f 4222 4223 3485
f 4222 3485 3483
f 4222 3483 3338
f 4222 3338 3336
f 4222 3336 3335
f 4223 4221 4220
f 4223 4220 4224
f 4223 4224 4225
f 4223 4225 3488
f 4223 3488 3486
f 4223 3486 3485
f 4225 4224 4226
f 4225 4226 4227
f 4225 4227 4228
f 4225 4228 3491
f 4225 3491 3489
f 4225 3489 3488
f 4228 4227 4229
f 4228 4229 4230
f 4228 4230 3498
f 4228 3498 3494
f 4228 3494 3492
f 4228 3492 3491
f 4230 4229 3561
f 4230 3561 4231
f 4230 4231 3499
f 4230 3499 3498
f 4231 3561 3557
f 4231 3557 3556
f 4231 3556 3501
f 4231 3501 3499
f 4229 3566 3562
f 4229 3562 3561
f 4229 4227 4226
f 4229 4226 3566
f 4226 3571 3567
f 4226 3567 3566
f 4226 4224 4220
f 4226 4220 3571
f 4220 3576 3572
f 4220 3572 3571
f 3560 1586 1585
f 3560 1585 3555
f 3556 3553 3552
f 3556 3552 3501
f 3552 3550 3549
f 3552 3549 3504
f 3552 3504 3502
f 3552 3502 3501
f 3549 3546 1659
f 3549 1659 4232
f 3549 4232 3505
f 3549 3505 3504
f 4232 1659 1658
f 4232 1658 4233
f 4232 4233 3506
f 4232 3506 3505
f 4233 1658 1661
f 4233 1661 4234
f 4233 4234 3508
f 4233 3508 3506
f 4234 1661 1664
f 4234 1664 3513
f 4234 3513 3510
f 4234 3510 3508
f 3548 1583 1590
f 3548 1590 1638
f 3535 4235 1657
f 3535 1657 1656
f 3535 3533 3532
f 3535 3532 4235
f 4235 1976 4236
f 4235 4236 1657
f 4235 3532 1977
f 4235 1977 1976
f 4236 1943 3520
f 4236 3520 1662
f 4236 1662 1654
f 4236 1654 1657
f 4236 1976 1944
f 4236 1944 1943
f 3532 3530 1978
f 3532 1978 1977
f 3530 3525 3523
f 3530 3523 1978
f 3523 1946 1945
f 3523 1945 1978
f 3521 3520 1943
f 3521 1943 1942
f 3520 3518 1663
f 3520 1663 1662
f 3518 3516 1664
f 3518 1664 1663
f 3516 3514 3513
f 3516 3513 1664
f 3443 3442 1839
f 3443 1839 1843
f 3442 3438 3437
f 3442 3437 4237
f 3442 4237 1840
f 3442 1840 1839
f 4237 3437 1866
f 4237 1866 1865
f 4237 1865 1873
f 4237 1873 1840
f 3437 3433 3432
f 3437 3432 1866
f 3432 3428 3254
f 3432 3254 3253
f 3432 3253 1867
f 3432 1867 1866
f 3424 3249 3248
f 3424 3248 3254
f 3423 1565 1562
f 3423 1562 3419
f 3420 3246 3245
f 3420 3245 3249
f 3417 1602 1607
f 3417 1607 3246
f 3414 3411 3410
f 3414 3410 4238
f 3414 4238 1604
f 3414 1604 1603
f 4238 3410 4239
f 4238 4239 4240
f 4238 4240 1605
f 4238 1605 1604
f 4240 4239 4241
f 4240 4241 3239
f 4240 3239 3238
f 4240 3238 1605
f 4241 4239 3405
f 4241 3405 4242
f 4241 4242 4243
f 4241 4243 3234
f 4241 3234 3233
f 4241 3233 3239
f 4243 4242 3400
f 4243 3400 4244
f 4243 4244 4245
f 4243 4245 3229
f 4243 3229 3228
f 4243 3228 3234
f 4245 4244 3396
f 4245 3396 4246
f 4245 4246 4247
f 4245 4247 3225
f 4245 3225 3224
f 4245 3224 3229
f 4247 4246 3393
f 4247 3393 4248
f 4247 4248 4249
f 4247 4249 3221
f 4247 3221 3220
f 4247 3220 3225
f 4249 4248 3389
f 4249 3389 4250
f 4249 4250 4251
f 4249 4251 4252
f 4249 4252 3222
f 4249 3222 3221
f 4252 4251 4253
f 4252 4253 4254
f 4252 4254 3214
f 4252 3214 3222
f 4254 4253 4255
f 4254 4255 3209
f 4254 3209 3208
f 4254 3208 3214
f 4255 4253 4256
f 4255 4256 4257
f 4255 4257 4258
f 4255 4258 3205
f 4255 3205 3204
f 4255 3204 3209
f 4258 4257 4259
f 4258 4259 4260
f 4258 4260 4261
f 4258 4261 3200
f 4258 3200 3199
f 4258 3199 3205
f 4261 4260 4262
f 4261 4262 4263
f 4261 4263 4264
f 4261 4264 3195
f 4261 3195 3194
f 4261 3194 3200
f 4264 4263 2383
f 4264 2383 2388
f 4264 2388 4265
f 4264 4265 3191
f 4264 3191 3190
f 4264 3190 3195
f 4265 2388 2387
f 4265 2387 4266
f 4265 4266 4267
f 4265 4267 3188
f 4265 3188 3187
f 4265 3187 3191
f 4267 4266 4268
f 4267 4268 4269
f 4267 4269 4270
f 4267 4270 2492
f 4267 2492 2491
f 4267 2491 3188
f 4270 4269 4271
f 4270 4271 4272
f 4270 4272 2421
f 4270 2421 2418
f 4270 2418 2417
f 4270 2417 2492
f 4272 4271 4273
f 4272 4273 4274
f 4272 4274 4275
f 4272 4275 2421
f 4275 4274 4276
f 4275 4276 4277
f 4275 4277 2239
f 4275 2239 2241
f 4275 2241 2422
f 4275 2422 2421
f 4277 4276 4278
f 4277 4278 2443
f 4277 2443 2442
f 4277 2442 2239
f 4278 2350 2468
f 4278 2468 4279
f 4278 4279 2444
f 4278 2444 2443
f 4278 4276 2351
f 4278 2351 2350
f 4279 2468 2467
f 4279 2467 2636
f 4279 2636 2638
f 4279 2638 2444
f 4276 4274 4273
f 4276 4273 2351
f 4273 4280 2344
f 4273 2344 2351
f 4273 4271 4281
f 4273 4281 4280
f 4281 3273 3271
f 4281 3271 4280
f 4281 4271 4269
f 4281 4269 4268
f 4281 4268 4282
f 4281 4282 3273
f 4282 3277 3274
f 4282 3274 3273
f 4282 4268 4266
f 4282 4266 2387
f 4282 2387 2386
f 4282 2386 3277
f 4280 3271 2348
f 4280 2348 2344
f 4263 4262 2389
f 4263 2389 2383
f 4262 2220 2219
f 4262 2219 2389
f 4262 4260 4259
f 4262 4259 2220
f 4259 4283 2215
f 4259 2215 2220
f 4259 4257 4256
f 4259 4256 4283
f 4283 4284 2216
f 4283 2216 2215
f 4283 4256 4285
f 4283 4285 4284
f 4285 4286 3384
f 4285 3384 4284
f 4285 4256 4253
f 4285 4253 4251
f 4285 4251 4250
f 4285 4250 4286
f 4286 3387 3385
f 4286 3385 3384
f 4286 4250 3389
f 4286 3389 3387
f 4284 3384 3381
f 4284 3381 2216
f 4248 3393 3390
f 4248 3390 3389
f 4246 3396 3394
f 4246 3394 3393
f 4244 3400 3397
f 4244 3397 3396
f 4242 3405 3401
f 4242 3401 3400
f 4239 3410 3406
f 4239 3406 3405
f 3413 1564 1563
f 3413 1563 1569
f 3392 1808 1815
f 3392 1815 1904
f 3383 1906 2004
f 3383 2004 2003
f 3371 3370 4287
f 3371 4287 2221
f 4287 3370 4288
f 4287 4288 4289
f 4287 4289 2273
f 4287 2273 2281
f 4287 2281 2217
f 4287 2217 2221
f 4289 4288 4290
f 4289 4290 4291
f 4289 4291 2274
f 4289 2274 2273
f 4291 4290 4292
f 4291 4292 4293
f 4291 4293 4294
f 4291 4294 2274
f 4294 4293 2112
f 4294 2112 2204
f 4294 2204 2203
f 4294 2203 4295
f 4294 4295 2275
f 4294 2275 2274
f 4295 2203 2202
f 4295 2202 2284
f 4295 2284 2276
f 4295 2276 2275
f 4293 4292 2079
f 4293 2079 2112
f 4292 4290 4296
f 4292 4296 4297
f 4292 4297 2080
f 4292 2080 2079
f 4290 4288 3365
f 4290 3365 4296
f 4288 3370 3366
f 4288 3366 3365
f 3365 3361 2038
f 3365 2038 4296
f 3354 3353 2037
f 3354 2037 2036
f 3352 1649 1648
f 3352 1648 3347
f 3281 2106 2102
f 3281 2102 3276
f 3278 3277 2386
f 3278 2386 2385
f 3269 3268 4298
f 3269 4298 2349
f 4298 3268 4299
f 4298 4299 4300
f 4298 4300 4301
f 4298 4301 4302
f 4298 4302 2345
f 4298 2345 2349
f 4302 4301 4303
f 4302 4303 4304
f 4302 4304 2346
f 4302 2346 2345
f 4304 4303 4305
f 4304 4305 4306
f 4304 4306 2463
f 4304 2463 2346
f 4306 4305 4307
f 4306 4307 4308
f 4306 4308 2464
f 4306 2464 2463
f 4308 4307 4309
f 4308 4309 3178
f 4308 3178 3177
f 4308 3177 2464
f 4309 4307 4310
f 4309 4310 4311
f 4309 4311 4312
f 4309 4312 3173
f 4309 3173 3172
f 4309 3172 3178
f 4312 4311 4313
f 4312 4313 4314
f 4312 4314 4315
f 4312 4315 3168
f 4312 3168 3167
f 4312 3167 3173
f 4315 4314 4316
f 4315 4316 2603
f 4315 2603 2602
f 4315 2602 3163
f 4315 3163 3162
f 4315 3162 3168
f 4316 4317 4318
f 4316 4318 4319
f 4316 4319 2604
f 4316 2604 2603
f 4316 4314 4313
f 4316 4313 4317
f 4319 4318 4320
f 4319 4320 2653
f 4319 2653 2607
f 4319 2607 2604
f 4320 4321 2698
f 4320 2698 2730
f 4320 2730 2654
f 4320 2654 2653
f 4320 4318 4322
f 4320 4322 4321
f 4322 4323 4324
f 4322 4324 4321
f 4322 4318 4317
f 4322 4317 4325
f 4322 4325 4326
f 4322 4326 4323
f 4326 2502 2498
f 4326 2498 4323
f 4326 4325 4327
f 4326 4327 4328
f 4326 4328 4329
f 4326 4329 2502
f 4329 4330 2499
f 4329 2499 2502
f 4329 4328 4331
f 4329 4331 4332
f 4329 4332 4333
f 4329 4333 4330
f 4333 4334 4335
f 4333 4335 4330
f 4333 4332 4303
f 4333 4303 4301
f 4333 4301 4300
f 4333 4300 4334
f 4335 4336 4337
f 4335 4337 2500
f 4335 2500 2499
f 4335 2499 4330
f 4335 4334 4338
f 4335 4338 4336
f 4338 4339 4340
f 4338 4340 4336
f 4338 4334 4300
f 4338 4300 4299
f 4338 4299 3264
f 4338 3264 4339
f 4340 4341 2077
f 4340 2077 4342
f 4340 4342 4337
f 4340 4337 4336
f 4340 4339 3261
f 4340 3261 4341
f 4342 2077 2071
f 4342 2071 2207
f 4342 2207 4343
f 4342 4343 4337
f 4343 2207 2206
f 4343 2206 2269
f 4343 2269 2271
f 4343 2271 2501
f 4343 2501 2500
f 4343 2500 4337
f 4341 4344 2078
f 4341 2078 2077
f 4341 3261 3259
f 4341 3259 4344
f 4344 4345 4346
f 4344 4346 2078
f 4344 3259 3257
f 4344 3257 4345
f 4346 3235 3231
f 4346 3231 3230
f 4346 3230 2072
f 4346 2072 2078
f 4346 4345 4347
f 4346 4347 3235
f 4347 3240 3236
f 4347 3236 3235
f 4347 4345 3257
f 4347 3257 3256
f 4347 3256 3250
f 4347 3250 3240
f 4339 3264 3262
f 4339 3262 3261
f 4332 4331 4305
f 4332 4305 4303
f 4331 4328 4327
f 4331 4327 4310
f 4331 4310 4307
f 4331 4307 4305
f 4327 4325 4317
f 4327 4317 4313
f 4327 4313 4311
f 4327 4311 4310
f 4324 2497 4348
f 4324 4348 2699
f 4324 2699 2698
f 4324 2698 4321
f 4324 4323 2498
f 4324 2498 2497
f 4348 3201 3197
f 4348 3197 3196
f 4348 3196 2694
f 4348 2694 2699
f 4348 2497 2496
f 4348 2496 3201
f 4299 3268 3265
f 4299 3265 3264
f 3250 3243 3241
f 3250 3241 3240
f 3230 3226 2073
f 3230 2073 2072
f 3216 3215 2205
f 3216 2205 2075
f 3215 3211 3210
f 3215 3210 2270
f 3215 2270 2268
f 3215 2268 2205
f 3210 3206 2495
f 3210 2495 2494
f 3210 2494 2271
f 3210 2271 2270
f 3202 3201 2496
f 3202 2496 2495
f 3196 3192 2700
f 3196 2700 2694
f 3181 2527 2727
f 3181 2727 2696
f 3175 3174 2522
f 3175 2522 2521
f 3174 3170 3169
f 3174 3169 3126
f 3174 3126 3124
f 3174 3124 2522
f 3169 3165 3164
f 3169 3164 3129
f 3169 3129 3127
f 3169 3127 3126
f 3164 3160 3135
f 3164 3135 3133
f 3164 3133 3130
f 3164 3130 3129
f 3163 2602 2606
f 3163 2606 3159
f 3157 3138 3136
f 3157 3136 3135
f 3156 2606 2605
f 3156 2605 2658
f 3124 3122 2523
f 3124 2523 2522
f 3121 4349 2520
f 3121 2520 2523
f 3121 2485 2484
f 3121 2484 4349
f 4349 4350 2526
f 4349 2526 2520
f 4349 2484 2686
f 4349 2686 4350
f 4350 2788 2787
f 4350 2787 2526
f 4350 2686 2689
f 4350 2689 2788
f 3114 2559 2558
f 3114 2558 4351
f 3114 4351 3109
f 3114 3109 3108
f 3114 3113 2560
f 3114 2560 2559
f 4351 2558 2538
f 4351 2538 2535
f 4351 2535 2534
f 4351 2534 3109
f 3109 2534 3104
f 3109 3104 3103
f 3105 3101 2574
f 3105 2574 2573
f 3097 2576 2550
f 3097 2550 2552
f 3094 3092 2571
f 3094 2571 2574
f 3091 4352 4353
f 3091 4353 4354
f 3091 4354 2799
f 3091 2799 3088
f 3091 3090 2548
f 3091 2548 4352
f 4354 4353 2828
f 4354 2828 2827
f 4354 2827 2800
f 4354 2800 2799
f 4353 2665 2664
f 4353 2664 2828
f 4353 4352 2666
f 4353 2666 2665
f 4352 2548 2547
f 4352 2547 2666
f 3078 3076 2781
f 3078 2781 2651
f 2861 2860 4355
f 2861 4355 2709
f 2861 2709 2705
f 2861 2705 2706
f 2861 2706 4356
f 2861 4356 2858
f 4356 2706 2673
f 4356 2673 2675
f 4356 2675 2748
f 4356 2748 2815
f 4356 2815 2816
f 4356 2816 2858
f 2856 2820 2784
f 2856 2784 2783
f 2853 2720 2719
f 2853 2719 2739
f 2851 2830 2829
f 2851 2829 4357
f 2851 4357 2769
f 2851 2769 2768
f 4357 2829 2828
f 4357 2828 2664
f 4357 2664 2663
f 4357 2663 2769
f 3061 2840 2793
f 3061 2793 2905
f 2836 2835 2821
f 2836 2821 2770
f 2836 2770 2692
f 2836 2692 2691
f 2837 2834 2824
f 2837 2824 2823
f 2813 2812 2712
f 2813 2712 2711
f 2812 2811 2776
f 2812 2776 2687
f 2812 2687 2621
f 2812 2621 2712
f 2811 2750 2752
f 2811 2752 2776
f 2808 2745 2744
f 2808 2744 2805
f 2806 4358 2599
f 2806 2599 2598
f 2806 2805 2744
f 2806 2744 2643
f 2806 2643 2640
f 2806 2640 4358
f 4358 4359 4360
f 4358 4360 2599
f 4358 2640 2639
f 4358 2639 4359
f 4360 4361 4362
f 4360 4362 4363
f 4360 4363 2519
f 4360 2519 2599
f 4360 4359 4364
f 4360 4364 4361
f 4364 2671 2669
f 4364 2669 4361
f 4364 4359 2639
f 4364 2639 4365
f 4364 4365 2723
f 4364 2723 2671
f 4365 2639 2518
f 4365 2518 4366
f 4365 4366 2724
f 4365 2724 2723
f 4366 2518 2517
f 4366 2517 4367
f 4366 4367 4368
f 4366 4368 2724
f 4368 2611 2610
f 4368 2610 2724
f 4368 4367 4363
f 4368 4363 4362
f 4368 4362 2615
f 4368 2615 2611
f 4367 2517 2519
f 4367 2519 4363
f 4362 4361 2669
f 4362 2669 2615
f 2882 2710 2709
f 2882 2709 4355
f 2872 2885 2882
f 2872 2882 4355
f 2872 4355 2791
f 2872 2791 2794
f 2865 2891 2792
f 2865 2792 2791
f 2865 2791 4355
f 2865 4355 2860
f 2787 2786 2728
f 2787 2728 2727
f 2787 2727 2527
f 2787 2527 2526
f 2781 2755 2648
f 2781 2648 2651
f 2778 2777 2704
f 2778 2704 2703
f 2777 2776 2752
f 2777 2752 2704
f 2773 2660 2536
f 2773 2536 2538
f 2773 2538 2558
f 2773 2558 2557
f 2773 2772 2661
f 2773 2661 2660
f 2763 2945 2944
f 2763 2944 2845
f 2763 2845 2764
f 2763 2764 2756
f 2755 2567 2649
f 2755 2649 2648
f 2752 2623 2619
f 2752 2619 2704
f 2751 2726 2725
f 2751 2725 4369
f 2751 4369 4370
f 2751 4370 2749
f 4370 4369 4371
f 4370 4371 4372
f 4370 4372 2614
f 4370 2614 2613
f 4370 2613 2670
f 4370 2670 2749
f 4372 4371 4373
f 4372 4373 4374
f 4372 4374 4375
f 4372 4375 2614
f 4375 4374 4376
f 4375 4376 4377
f 4375 4377 4378
f 4375 4378 4379
f 4375 4379 2608
f 4375 2608 2614
f 4379 4378 4380
f 4379 4380 4381
f 4379 4381 2609
f 4379 2609 2608
f 4381 4380 4382
f 4381 4382 4383
f 4381 4383 4384
f 4381 4384 2609
f 4384 2722 2610
f 4384 2610 2609
f 4384 4383 4385
f 4384 4385 4386
f 4384 4386 2725
f 4384 2725 2722
f 4386 4385 4373
f 4386 4373 4371
f 4386 4371 4369
f 4386 4369 2725
f 4385 4383 4382
f 4385 4382 4387
f 4385 4387 4388
f 4385 4388 4373
f 4388 4387 2435
f 4388 2435 2434
f 4388 2434 2404
f 4388 2404 4376
f 4388 4376 4374
f 4388 4374 4373
f 4387 4382 2438
f 4387 2438 2435
f 4382 4380 2396
f 4382 2396 2438
f 4380 4378 2397
f 4380 2397 2396
f 4378 4377 2400
f 4378 2400 2397
f 4377 4376 2404
f 4377 2404 2400
f 2744 2743 2641
f 2744 2641 2643
f 2743 2742 2642
f 2743 2642 2641
f 2680 2739 2719
f 2680 2719 2544
f 2731 2596 2475
f 2731 2475 4389
f 2731 4389 2503
f 2731 2503 2508
f 4389 2475 2474
f 4389 2474 4390
f 4389 4390 2509
f 4389 2509 2503
f 4390 2474 2477
f 4390 2477 2542
f 4390 2542 2541
f 4390 2541 2509
f 2719 2676 2545
f 2719 2545 2544
f 2712 2621 2620
f 2712 2620 2707
f 2690 2553 2556
f 2690 2556 2659
f 2679 2678 2539
f 2679 2539 2543
f 2667 2458 2455
f 2667 2455 2587
f 2666 2547 2551
f 2666 2551 2580
f 2660 2563 2537
f 2660 2537 2536
f 2638 2617 2439
f 2638 2439 2444
f 2596 2513 2476
f 2596 2476 2475
f 2513 2368 2367
f 2513 2367 2476
f 2501 2271 2494
f 2501 2494 2493
f 2459 2283 2243
f 2459 2243 2247
f 2459 2247 4391
f 2459 4391 2456
f 2459 2458 2286
f 2459 2286 2283
f 4391 2247 2246
f 4391 2246 4392
f 4391 4392 2252
f 4391 2252 2294
f 4391 2294 2295
f 4391 2295 2456
f 4392 2246 2245
f 4392 2245 4393
f 4392 4393 2253
f 4392 2253 2252
f 4393 2245 2373
f 4393 2373 2393
f 4393 2393 2258
f 4393 2258 2253
f 2442 2441 2240
f 2442 2240 2239
f 2438 2437 2433
f 2438 2433 2435
f 2437 2334 2361
f 2437 2361 2433
f 3904 2979 2978
f 3904 2978 2406
f 2430 3904 2406
f 2430 2406 2412
f 2420 2318 2401
f 2420 2401 2414
f 2420 2419 2266
f 2420 2266 2265
f 2420 2265 2319
f 2420 2319 2318
f 2415 2414 2401
f 2415 2401 2403
f 2411 2405 4394
f 2411 4394 2194
f 2411 2194 2191
f 2411 2191 2377
f 4394 2405 2410
f 4394 2410 4395
f 4394 4395 2259
f 4394 2259 2234
f 4394 2234 2192
f 4394 2192 2194
f 4395 2410 4396
f 4395 4396 4397
f 4395 4397 4398
f 4395 4398 2259
f 4398 4397 2330
f 4398 2330 2329
f 4398 2329 2328
f 4398 2328 4399
f 4398 4399 2260
f 4398 2260 2259
f 4399 2328 2336
f 4399 2336 4400
f 4399 4400 2409
f 4399 2409 2260
f 4400 2336 2395
f 4400 2395 4396
f 4400 4396 2410
f 4400 2410 2409
f 4397 4396 2395
f 4397 2395 2330
f 2409 2408 2231
f 2409 2231 2260
f 2408 2407 2232
f 2408 2232 2231
f 2393 2373 2307
f 2393 2307 2392
f 2392 2307 2306
f 2392 2306 2356
f 2390 2218 2280
f 2390 2280 2282
f 2390 2389 2219
f 2390 2219 2218
f 2378 2370 2362
f 2378 2362 2369
f 2377 2191 2190
f 2377 2190 2375
f 2364 2363 2185
f 2364 2185 2179
f 2361 2334 2333
f 2361 2333 2359
f 2360 2359 2333
f 2360 2333 2332
f 2360 2332 4401
f 2360 4401 4402
f 2360 4402 4403
f 2360 4403 2321
f 4403 4402 4404
f 4403 4404 4405
f 4403 4405 4406
f 4403 4406 4407
f 4403 4407 2322
f 4403 2322 2321
f 4407 4406 4408
f 4407 4408 4409
f 4407 4409 4410
f 4407 4410 2322
f 4410 2315 2314
f 4410 2314 2322
f 4410 4409 4411
f 4410 4411 2325
f 4410 2325 2324
f 4410 2324 2315
f 4411 4409 4408
f 4411 4408 4412
f 4411 4412 4413
f 4411 4413 4414
f 4411 4414 2326
f 4411 2326 2325
f 4414 4413 4415
f 4414 4415 4401
f 4414 4401 2332
f 4414 2332 2326
f 4415 4413 2176
f 4415 2176 2175
f 4415 2175 4416
f 4415 4416 4404
f 4415 4404 4402
f 4415 4402 4401
f 4416 2175 2173
f 4416 2173 2161
f 4416 2161 2160
f 4416 2160 4417
f 4416 4417 4405
f 4416 4405 4404
f 4417 2160 2129
f 4417 2129 4418
f 4417 4418 4406
f 4417 4406 4405
f 4418 2129 2094
f 4418 2094 2138
f 4418 2138 4408
f 4418 4408 4406
f 4413 4412 2137
f 4413 2137 2176
f 4412 4408 2138
f 4412 2138 2137
f 2357 2323 2267
f 2357 2267 2313
f 2356 2306 2305
f 2356 2305 2353
f 2354 2170 2167
f 2354 2167 4419
f 2354 4419 2254
f 2354 2254 2257
f 2354 2353 2305
f 2354 2305 2170
f 4419 2167 2166
f 4419 2166 4420
f 4419 4420 2255
f 4419 2255 2254
f 4420 2166 4421
f 4420 4421 4422
f 4420 4422 4423
f 4420 4423 2255
f 4423 4422 4424
f 4423 4424 4425
f 4423 4425 4426
f 4423 4426 4427
f 4423 4427 2249
f 4423 2249 2255
f 4427 4426 4428
f 4427 4428 4429
f 4427 4429 2250
f 4427 2250 2249
f 4429 4428 4430
f 4429 4430 4431
f 4429 4431 2289
f 4429 2289 2250
f 4431 4430 2200
f 4431 2200 2297
f 4431 2297 2290
f 4431 2290 2289
f 4430 4428 2143
f 4430 2143 2147
f 4430 2147 2146
f 4430 2146 2200
f 4428 4426 2140
f 4428 2140 2143
f 4426 4425 2141
f 4426 2141 2140
f 4425 4424 4432
f 4425 4432 2141
f 4432 4433 1929
f 4432 1929 1931
f 4432 1931 2046
f 4432 2046 2141
f 4432 4424 4434
f 4432 4434 4433
f 4434 4435 4436
f 4434 4436 4433
f 4434 4424 4422
f 4434 4422 4421
f 4434 4421 4437
f 4434 4437 4435
f 4437 1973 1972
f 4437 1972 4435
f 4437 4421 2166
f 4437 2166 2165
f 4437 2165 2164
f 4437 2164 1973
f 4436 1971 1877
f 4436 1877 1876
f 4436 1876 1929
f 4436 1929 4433
f 4436 4435 1972
f 4436 1972 1971
f 2340 2301 2296
f 2340 2296 2300
f 2323 2319 2265
f 2323 2265 2267
f 2305 2209 2171
f 2305 2171 2170
f 2302 2229 2193
f 2302 2193 2233
f 2302 2233 2292
f 2302 2292 2291
f 2299 2298 2199
f 2299 2199 2198
f 2298 2297 2200
f 2298 2200 2199
f 2281 2280 2218
f 2281 2218 2217
f 2244 2242 2172
f 2244 2172 2210
f 2242 2201 2208
f 2242 2208 2172
f 2225 2224 2126
f 2225 2126 2125
f 2208 2201 2153
f 2208 2153 2152
f 2208 2152 2049
f 2208 2049 2052
f 2204 2112 2111
f 2204 2111 2154
f 2178 2101 2095
f 2178 2095 2130
f 2178 2177 4438
f 2178 4438 4439
f 2178 4439 4440
f 2178 4440 2101
f 4440 4441 2096
f 4440 2096 2101
f 4440 4439 2025
f 4440 2025 2022
f 4440 2022 2021
f 4440 2021 4441
f 4441 4442 2097
f 4441 2097 2096
f 4441 2021 4443
f 4441 4443 4442
f 4443 4444 4438
f 4443 4438 4442
f 4443 2021 2020
f 4443 2020 4445
f 4443 4445 4446
f 4443 4446 4444
f 4445 2020 2024
f 4445 2024 2080
f 4445 2080 4297
f 4445 4297 4446
f 4444 2025 4439
f 4444 4439 4438
f 4444 4446 2026
f 4444 2026 2025
f 4442 4438 2177
f 4442 2177 2097
f 2176 2137 2059
f 2176 2059 2058
f 2174 2116 2113
f 2174 2113 2120
f 2174 2057 2060
f 2174 2060 4447
f 2174 4447 4448
f 2174 4448 2116
f 4448 4449 2117
f 4448 2117 2116
f 4448 4447 4450
f 4448 4450 4451
f 4448 4451 4452
f 4448 4452 4449
f 4452 4453 4454
f 4452 4454 4449
f 4452 4451 4455
f 4452 4455 2017
f 4452 2017 2016
f 4452 2016 4453
f 4455 4451 4450
f 4455 4450 4456
f 4455 4456 2145
f 4455 2145 4457
f 4455 4457 2013
f 4455 2013 2017
f 4457 2145 2144
f 4457 2144 2142
f 4457 2142 2030
f 4457 2030 2013
f 4456 4450 4458
f 4456 4458 4459
f 4456 4459 2069
f 4456 2069 2145
f 4459 4458 4460
f 4459 4460 4461
f 4459 4461 2070
f 4459 2070 2069
f 4461 4460 4462
f 4461 4462 4463
f 4461 4463 2018
f 4461 2018 2070
f 4463 4462 4454
f 4463 4454 4453
f 4463 4453 2016
f 4463 2016 2018
f 4462 4460 2056
f 4462 2056 2055
f 4462 2055 4464
f 4462 4464 4454
f 4464 2055 2054
f 4464 2054 4465
f 4464 4465 2118
f 4464 2118 2117
f 4464 2117 4449
f 4464 4449 4454
f 4465 2054 1949
f 4465 1949 1948
f 4465 1948 1950
f 4465 1950 2118
f 4460 4458 2060
f 4460 2060 2056
f 4458 4450 4447
f 4458 4447 2060
f 2173 2119 2158
f 2173 2158 2161
f 2169 4466 4467
f 2169 4467 2163
f 2169 2168 2052
f 2169 2052 2051
f 2169 2051 2050
f 2169 2050 4466
f 4467 4468 2114
f 4467 2114 4469
f 4467 4469 2164
f 4467 2164 2163
f 4467 4466 4470
f 4467 4470 4468
f 4470 2156 2159
f 4470 2159 4468
f 4470 4466 2050
f 4470 2050 4471
f 4470 4471 2157
f 4470 2157 2156
f 4471 2050 1982
f 4471 1982 1981
f 4471 1981 2099
f 4471 2099 2157
f 4469 2114 1975
f 4469 1975 1974
f 4469 1974 1973
f 4469 1973 2164
f 4468 2159 2115
f 4468 2115 2114
f 2159 2158 2119
f 2159 2119 2115
f 2157 2099 2092
f 2157 2092 2098
f 2154 2111 2110
f 2154 2110 2150
f 2150 2110 1882
f 2150 1882 2048
f 2147 2143 2142
f 2147 2142 2144
f 2110 2109 1883
f 2110 1883 1882
f 2109 1997 1884
f 2109 1884 1883
f 2104 1872 1864
f 2104 1864 1871
f 2100 2099 1981
f 2100 1981 1980
f 2100 1980 1775
f 2100 1775 1917
f 2100 1917 2061
f 2100 2061 2093
f 2062 2061 1917
f 2062 1917 1916
f 2062 1916 1893
f 2062 1893 1949
f 2062 1949 2054
f 2062 2054 2053
f 2046 1931 1930
f 2046 1930 2043
f 2044 1932 4472
f 2044 4472 1957
f 2044 2043 1930
f 2044 1930 1932
f 4472 4473 4474
f 4472 4474 4475
f 4472 4475 1958
f 4472 1958 1957
f 4472 1932 1928
f 4472 1928 4473
f 4475 4474 1900
f 4475 1900 1899
f 4475 1899 1898
f 4475 1898 1958
f 4474 4476 4477
f 4474 4477 1900
f 4474 4473 4478
f 4474 4478 4476
f 4478 4479 4480
f 4478 4480 4476
f 4478 4473 1928
f 4478 1928 1874
f 4478 1874 1721
f 4478 1721 4479
f 4480 4481 1718
f 4480 1718 1717
f 4480 1717 4477
f 4480 4477 4476
f 4480 4479 4482
f 4480 4482 4481
f 4482 4483 4484
f 4482 4484 4481
f 4482 4479 1721
f 4482 1721 1720
f 4482 1720 1723
f 4482 1723 4483
f 4484 4485 1683
f 4484 1683 1682
f 4484 1682 1718
f 4484 1718 4481
f 4484 4483 1667
f 4484 1667 4485
f 4485 1672 1686
f 4485 1686 1683
f 4485 1667 1665
f 4485 1665 1672
f 4483 1723 1668
f 4483 1668 1667
f 4477 1717 1716
f 4477 1716 4486
f 4477 4486 1895
f 4477 1895 1900
f 4486 4487 1896
f 4486 1896 1895
f 4486 1716 1685
f 4486 1685 4487
f 4487 4488 1855
f 4487 1855 1896
f 4487 1685 1684
f 4487 1684 4488
f 4488 4489 1851
f 4488 1851 1855
f 4488 1684 1686
f 4488 1686 4489
f 4489 1671 1852
f 4489 1852 1851
f 4489 1686 1672
f 4489 1672 1671
f 2026 4446 4297
f 2026 4297 4296
f 2026 4296 2038
f 2026 2038 2029
f 1997 1999 1961
f 1997 1961 1884
f 1987 1986 1651
f 1987 1651 1650
f 1984 1860 1859
f 1984 1859 1983
f 1983 1859 1825
f 1983 1825 1915
f 1980 1979 1773
f 1980 1773 1775
f 1979 1834 1774
f 1979 1774 1773
f 1971 1901 1878
f 1971 1878 1877
f 1960 1807 1804
f 1960 1804 1881
f 1958 1898 1856
f 1958 1856 1951
f 1955 1951 1856
f 1955 1856 1853
f 1937 1832 1829
f 1937 1829 1837
f 1925 1924 1763
f 1925 1763 1762
f 1925 1762 1792
f 1925 1792 1791
f 1912 1911 1806
f 1912 1806 1805
f 1911 1910 4490
f 1911 4490 1806
f 4490 1694 1693
f 4490 1693 4491
f 4490 4491 1802
f 4490 1802 1806
f 4490 1910 4492
f 4490 4492 1694
f 4492 4493 1695
f 4492 1695 1694
f 4492 1910 1887
f 4492 1887 1886
f 4492 1886 1891
f 4492 1891 4493
f 4493 1642 1641
f 4493 1641 1695
f 4493 1891 1687
f 4493 1687 1642
f 4491 1693 1696
f 4491 1696 4494
f 4491 4494 1803
f 4491 1803 1802
f 4494 1748 1862
f 4494 1862 1803
f 4494 1696 1749
f 4494 1749 1748
f 1898 1897 1854
f 1898 1854 1856
f 1897 1896 1855
f 1897 1855 1854
f 1881 1804 1803
f 1881 1803 1862
f 1878 1778 1777
f 1878 1777 1725
f 1859 1858 1823
f 1859 1823 1825
f 1858 1857 1824
f 1858 1824 1823
f 1831 1760 1759
f 1831 1759 1827
f 1824 1739 1738
f 1824 1738 1820
f 1821 1820 1738
f 1821 1738 1743
f 1793 1792 1762
f 1793 1762 1761
f 1781 1704 1700
f 1781 1700 1736
f 1777 1734 1724
f 1777 1724 1725
f 1749 1696 1640
f 1749 1640 1639
f 1749 1639 1635
f 1749 1635 1745
f 1746 1745 1635
f 1746 1635 1634
f 1723 1630 1629
f 1723 1629 1668
f 1709 1708 1600
f 1709 1600 1599
f 1703 1631 1698
f 1703 1698 1697
f 1668 1629 1620
f 1668 1620 1619
f 1628 1577 1576
f 1628 1576 1620
f 1628 1610 1580
f 1628 1580 1577
f 1610 1609 1581
f 1610 1581 1580
f 1587 1582 1558
f 1587 1558 1557
f 2436 2396 2394
f 2436 2394 2395
f 3025 3027 2824
f 3025 2824 2834
f 2901 2902 3018
f 2901 3018 3020
f 4495 3021 3024
f 4495 3024 3025
f 2834 2901 4495
f 2834 4495 3025
f 2901 3020 3021
f 2901 3021 4495
f 3020 3019 3022
f 3020 3022 3021
f 2938 3022 3019
f 2938 3019 3038
f 2874 2939 3041
f 2874 3041 2927
f 2939 2938 3038
f 2939 3038 3041
f 3037 3040 3041
f 3037 3041 3038
# Vertices: 4495, normals: 0, texture coordinates: 0, faces: 9046

