####
#
# OBJ File Generated by Meshlab
#
####
# Object scapula_l_v2.obj
#
# Vertices: 798
# Faces: 1595
#
####
vn -2.8357944 4.5263772 3.1299131
v -0.0080137 -0.1111237 0.3859992
vn -2.9275532 2.4119377 1.9338861
v -0.0100642 -0.1124658 0.3853464
vn -3.9222746 3.0820012 3.5191746
v -0.0089277 -0.1124975 0.3868112
vn -1.4774544 5.4373775 0.8088024
v -0.0068407 -0.1093816 0.3840816
vn -2.3334985 5.0131998 0.5829508
v -0.0087461 -0.1098681 0.3830024
vn -2.6701179 3.2182465 4.1526141
v -0.0072820 -0.1128252 0.3887016
vn -0.7400205 5.3718686 0.9754454
v -0.0047835 -0.1090656 0.3850104
vn -2.2625685 0.9245391 1.5893843
v -0.0101523 -0.1134476 0.3858216
vn -2.9921982 4.6222649 0.1993052
v -0.0101359 -0.1105387 0.3814768
vn -4.8545671 2.4377728 1.6508240
v -0.0106591 -0.1126351 0.3839928
vn -2.9249375 1.6011153 4.2332101
v -0.0077739 -0.1149952 0.3893592
vn 0.2727845 6.0317860 -1.5585371
v -0.0048861 -0.1098327 0.3816112
vn -0.3314861 5.5955043 -2.4602504
v -0.0066329 -0.1106668 0.3787032
vn -0.2862856 5.2790208 1.1567177
v -0.0027797 -0.1090546 0.3859752
vn -1.3153728 2.9944773 4.9575167
v -0.0032152 -0.1133331 0.3907336
vn -1.6069201 1.4814762 5.7647657
v -0.0041655 -0.1156533 0.3912256
vn 1.1005059 5.9749470 -1.5793817
v -0.0028449 -0.1099922 0.3822344
vn -5.0377355 0.1260303 1.8087810
v -0.0109082 -0.1139185 0.3843816
vn -3.1834104 -0.9887310 1.5843405
v -0.0092961 -0.1157559 0.3880152
vn -3.2552922 4.2395368 -0.0068566
v -0.0113303 -0.1112737 0.3797816
vn -1.0754544 6.0359406 -1.2873458
v -0.0083396 -0.1108873 0.3790952
vn -5.6747651 1.3271883 1.8195678
v -0.0112251 -0.1134311 0.3832696
vn -4.0533929 -0.8492791 3.6774201
v -0.0081521 -0.1166254 0.3895248
vn -3.0544188 -0.8350711 4.5474386
v -0.0067382 -0.1172347 0.3905736
vn 1.1724091 5.6578536 -2.2504499
v -0.0031691 -0.1107789 0.3791272
vn 0.6857549 4.5638461 -4.2257900
v -0.0064099 -0.1142131 0.3740808
vn 0.4332273 4.8995762 -3.8114858
v -0.0119889 -0.1156591 0.3715440
vn 0.6525689 4.9915304 -3.3854232
v -0.0041863 -0.1114366 0.3773240
vn -1.0835313 5.6760049 -2.0444801
v -0.0093410 -0.1111249 0.3785216
vn 1.3092257 5.9124804 -1.6585630
v -0.0008309 -0.1101334 0.3832336
vn 0.0746195 5.1277056 1.4237140
v -0.0006053 -0.1092289 0.3870208
vn -0.6456637 4.1726770 4.6364298
v 0.0008145 -0.1118508 0.3899272
vn 0.2482224 1.9489846 5.4294596
v 0.0022173 -0.1145021 0.3921408
vn -1.0173118 1.0138831 6.1049795
v -0.0011968 -0.1170021 0.3919088
vn -0.1783387 0.2966516 6.1199441
v 0.0016948 -0.1174514 0.3924760
vn -2.2286868 -1.0929539 5.1060147
v -0.0048776 -0.1180182 0.3914000
vn -1.6711413 -1.3511970 5.4244208
v -0.0020336 -0.1195263 0.3920264
vn 1.7333766 5.4783440 -2.3980129
v 0.0015146 -0.1112864 0.3812872
vn -5.8542361 -1.4400861 1.7562523
v -0.0111635 -0.1149377 0.3828352
vn -1.3280659 -3.0870874 1.7796483
v -0.0118822 -0.1144098 0.3808352
vn -5.6859612 -1.8147926 1.8874317
v -0.0102621 -0.1161936 0.3847368
vn -5.3181834 -2.4607871 2.2495065
v -0.0090974 -0.1173723 0.3865304
vn -1.3660078 5.5589042 -2.5801861
v -0.0117169 -0.1131786 0.3756664
vn -0.7421749 5.6139789 -2.7105060
v -0.0130850 -0.1136951 0.3751160
vn -2.9977369 4.1847463 -0.2786474
v -0.0131374 -0.1127700 0.3770976
vn -5.6250205 1.4461334 2.1981120
v -0.0125093 -0.1136121 0.3795968
vn -5.3171253 2.5149806 2.1842067
v -0.0124997 -0.1127266 0.3787144
vn -5.1782794 -1.0365018 3.1994374
v -0.0128938 -0.1154842 0.3788632
vn -4.5876665 -2.9819686 3.0265799
v -0.0075347 -0.1186606 0.3883248
vn -4.2757330 -2.5086727 3.7820039
v -0.0065680 -0.1209301 0.3874480
vn -2.8533585 -2.7475574 4.8512425
v -0.0023639 -0.1228159 0.3895496
vn -3.3971148 -2.7115214 4.4884658
v -0.0045421 -0.1218234 0.3886280
vn 2.0295863 4.7260518 -3.4602170
v -0.0021885 -0.1118513 0.3777080
vn 1.0162520 4.2134480 -4.5465274
v -0.0083575 -0.1164461 0.3715392
vn 1.8005210 4.0522814 -4.3225222
v -0.0031351 -0.1130201 0.3759448
vn 1.7584007 3.8608069 -4.5601430
v -0.0042889 -0.1150660 0.3737632
vn 1.6721895 4.8656859 -3.5918550
v -0.0163134 -0.1200223 0.3650264
vn -0.6669973 5.2899327 -3.2499948
v -0.0144361 -0.1163646 0.3705056
vn 1.4187015 4.2796230 -4.3649931
v -0.0095806 -0.1187094 0.3691784
vn -0.4049248 5.3604579 -3.1576715
v -0.0118736 -0.1140215 0.3739992
vn -0.5726302 5.4054575 -3.1385636
v -0.0136849 -0.1148903 0.3729064
vn 1.3298740 6.0047140 -1.2472608
v 0.0043197 -0.1106524 0.3858192
vn 1.2475988 4.2342196 2.3173301
v 0.0048264 -0.1103087 0.3890600
vn 0.8311322 3.1421657 5.0650434
v 0.0034971 -0.1125309 0.3908224
vn 0.2939137 0.3152972 6.2349329
v 0.0035085 -0.1192654 0.3923424
vn 1.4558156 1.5161189 5.8670273
v 0.0054308 -0.1172131 0.3917824
vn 2.2173400 4.3740840 3.6014411
v 0.0144850 -0.1159706 0.3877384
vn -2.0385196 -2.7312138 5.2472196
v 0.0016730 -0.1239074 0.3911312
vn -1.0313013 -2.7803466 5.4435420
v 0.0053643 -0.1253691 0.3915664
vn -0.3015532 -1.0246630 5.8980570
v 0.0064686 -0.1234291 0.3925480
vn -2.7044103 -3.2392037 4.6552534
v -0.0008004 -0.1219803 0.3910304
vn 1.5284650 5.5524812 -2.3584404
v 0.0038187 -0.1114252 0.3825864
vn 1.8183496 4.6402688 -3.8047450
v 0.0061801 -0.1130858 0.3813536
vn 2.2365477 4.6109209 -3.5863495
v 0.0022789 -0.1125807 0.3797016
vn -5.6437769 -1.1000186 2.3784809
v -0.0110514 -0.1165584 0.3816472
vn -4.5717502 -1.5311253 3.6831570
v -0.0128612 -0.1167186 0.3781880
vn -5.5277333 -1.7071608 2.3774552
v -0.0099450 -0.1179987 0.3836032
vn -5.1887436 -1.5428958 3.1055064
v -0.0087141 -0.1208119 0.3841864
vn -2.4740105 3.8785686 0.2732494
v -0.0149070 -0.1139829 0.3748088
vn -5.2669063 2.1459134 2.6461129
v -0.0140819 -0.1140301 0.3762824
vn -5.4714241 1.2342639 2.6872778
v -0.0134247 -0.1140098 0.3777328
vn -5.1173248 -0.4761124 3.5560007
v -0.0138564 -0.1158978 0.3769992
vn -4.7817664 -0.6300623 3.9796062
v -0.0140575 -0.1185258 0.3761984
vn -4.8436127 -0.9397194 3.8543582
v -0.0083549 -0.1260287 0.3834920
vn -3.7477050 -1.5039631 4.7785230
v -0.0063887 -0.1276636 0.3849896
vn -0.2754655 -3.1945393 4.9981179
v -0.0028863 -0.1399526 0.3827448
vn 1.1835371 -3.1484199 4.1242499
v 0.0017547 -0.1312319 0.3874088
vn 2.2077401 4.2699556 -4.0168848
v -0.0067765 -0.1222383 0.3667408
vn 2.6134779 3.3498847 -4.6237564
v -0.0022200 -0.1162219 0.3740072
vn 2.5063913 3.6006012 -4.4957867
v 0.0037337 -0.1156271 0.3778056
vn 2.3126729 2.2499523 -5.2254534
v 0.0066898 -0.1176212 0.3778808
vn 2.4359899 3.8948095 -4.2737441
v 0.0029561 -0.1138378 0.3787984
vn 2.8625610 3.2224801 -4.5630970
v -0.0032829 -0.1183321 0.3718520
vn 1.5840113 5.1788521 -3.1701727
v -0.0166441 -0.1235513 0.3594528
vn 1.7119279 4.9897199 -3.2624300
v -0.0180746 -0.1215692 0.3622024
vn 2.5242066 4.5609450 -3.4769261
v -0.0187126 -0.1183817 0.3658792
vn 1.8852702 5.0360484 -3.2335267
v -0.0134975 -0.1234378 0.3616408
vn 0.5276467 2.1979017 1.7378559
v -0.0182665 -0.1140780 0.3731208
vn 1.4289927 5.4609156 -2.4480093
v 0.0065617 -0.1116816 0.3834544
vn 2.2433224 5.6179895 -0.0249164
v 0.0071092 -0.1111100 0.3865456
vn 0.5062718 0.8425887 6.2045670
v 0.0058740 -0.1203725 0.3922568
vn 0.5162185 0.8493944 6.1947398
v 0.0079620 -0.1212318 0.3922416
vn 0.6329073 0.7745256 6.1897640
v 0.0099644 -0.1220129 0.3921632
vn 1.1970599 1.9584639 5.5961142
v 0.0184657 -0.1227100 0.3913048
vn 3.0055802 5.3496776 1.3397679
v 0.0126664 -0.1143054 0.3856864
vn 2.0612938 4.6366920 3.1319151
v 0.0169344 -0.1169459 0.3875712
vn 1.2521002 -4.2909536 2.9683874
v 0.0033693 -0.1300712 0.3881200
vn -1.8079793 -3.0291851 5.1991320
v 0.0037774 -0.1257305 0.3908120
vn -0.1457404 -3.3742235 5.2209640
v 0.0068523 -0.1266260 0.3909984
vn 0.0260644 -1.3708999 5.7513609
v 0.0108355 -0.1251280 0.3923072
vn -0.6650925 -3.2795005 5.3072090
v 0.0098165 -0.1265548 0.3913432
vn -0.5529702 -2.9749355 5.4975286
v 0.0076856 -0.1257053 0.3915528
vn 2.2504287 3.9700773 -4.3114538
v 0.0050680 -0.1139983 0.3798296
vn 1.8071114 4.0158095 -4.4697809
v 0.0066141 -0.1145447 0.3800432
vn 1.8236927 4.6247392 -3.7536361
v 0.0105269 -0.1139585 0.3820896
vn 1.6601207 3.8764939 -4.6342254
v 0.0081987 -0.1150122 0.3802096
vn -5.2601690 -0.6439781 3.3608255
v -0.0126371 -0.1197528 0.3780352
vn -5.3101416 -0.8734928 3.2024856
v -0.0092406 -0.1223800 0.3827736
vn -1.8231997 -1.4588138 5.7387242
v -0.0236090 -0.1200292 0.3698992
vn -3.8785269 -0.2591770 4.8468685
v -0.0163116 -0.1168298 0.3740656
vn -5.1242914 -0.7736546 3.5437999
v -0.0134866 -0.1223963 0.3764192
vn -4.5527434 -0.8003644 4.2401543
v -0.0077201 -0.1295566 0.3834120
vn -5.3196611 -0.4836336 3.2472560
v -0.0109666 -0.1314055 0.3789872
vn -3.9404607 -1.3621294 4.6371884
v -0.0075179 -0.1340328 0.3827432
vn -2.0996764 -1.5580845 5.2892394
v -0.0059233 -0.1354343 0.3835160
vn -4.2946625 -0.8354982 4.4426088
v -0.0076427 -0.1319659 0.3830984
vn -2.2027831 -2.1055944 5.3642683
v -0.0048203 -0.1381071 0.3829184
vn 1.6358552 -2.6298566 4.6180983
v 0.0004828 -0.1368551 0.3846928
vn 2.0589685 -4.8333116 3.0082784
v -0.0003137 -0.1399996 0.3819360
vn 1.3978482 -4.5220127 4.1131911
v -0.0029597 -0.1411193 0.3816168
vn -0.6722701 -3.5015881 4.3402905
v -0.0047875 -0.1421673 0.3810920
vn 5.2210379 -3.0910320 1.4892904
v 0.0047310 -0.1299573 0.3828680
vn 4.3377433 -4.3810363 -0.1404466
v 0.0055248 -0.1285893 0.3837840
vn 2.2061083 -5.4129028 -1.9615315
v 0.0079920 -0.1272846 0.3855496
vn 5.1000381 -2.3111863 2.7921247
v 0.0026026 -0.1326901 0.3841392
vn 2.0545945 4.9546542 -3.2323313
v -0.0092263 -0.1242074 0.3628632
vn 3.2591994 4.2234397 -3.2849085
v -0.0038677 -0.1255892 0.3650032
vn 2.4267168 4.4295650 -3.7061930
v -0.0065351 -0.1252628 0.3631528
vn 3.6634252 2.8065634 -4.2205777
v -0.0021425 -0.1213113 0.3707152
vn 3.1969280 2.1380126 -4.9086738
v 0.0007222 -0.1181179 0.3745400
vn 2.1501169 3.4820988 -4.7592573
v 0.0059319 -0.1157140 0.3788752
vn 2.8537006 -0.3087968 -5.5433722
v 0.0052911 -0.1208550 0.3770832
vn 1.0748436 -0.0248360 -5.8706727
v 0.0113066 -0.1198419 0.3786200
vn 1.7978038 5.5342202 -2.0542955
v -0.0140824 -0.1262283 0.3564704
vn 2.2792706 5.2620687 -2.0618014
v -0.0183379 -0.1245029 0.3571488
vn 2.4649739 4.5273056 -3.4666181
v -0.0197651 -0.1197578 0.3636904
vn 3.1586399 4.5564079 -2.6434495
v -0.0267415 -0.1072227 0.3720904
vn -1.3765135 -3.2923193 5.1286902
v -0.0270954 -0.1079296 0.3746656
vn 1.4785633 0.7543010 1.6713244
v -0.0255540 -0.1068143 0.3756856
vn 2.2553818 5.2719536 -1.3197105
v 0.0093547 -0.1121614 0.3841720
vn 0.0870982 -1.4707718 5.7061858
v 0.0133800 -0.1260066 0.3920448
vn -0.0458167 -1.5574094 5.7978754
v 0.0159986 -0.1268587 0.3917696
vn 0.6921972 0.3344162 6.2278137
v 0.0173308 -0.1246316 0.3916144
vn 1.6086572 3.6116936 4.8617530
v 0.0197343 -0.1203633 0.3893160
vn 1.6300503 2.2186718 5.4575071
v 0.0201890 -0.1229936 0.3909536
vn 1.7568932 0.2898935 5.9135637
v 0.0214866 -0.1260035 0.3911176
vn 2.4406164 5.1047797 -1.0693674
v 0.0133961 -0.1141695 0.3835696
vn 2.5921292 5.3463240 -0.7772013
v 0.0159465 -0.1155401 0.3834456
vn 2.5172539 5.7163033 0.4401829
v 0.0202347 -0.1177520 0.3851136
vn 2.0602465 4.4256363 2.7407944
v 0.0220082 -0.1186988 0.3873712
vn 2.5640132 3.1687536 4.6469693
v 0.0220629 -0.1211531 0.3890520
vn 0.4550462 -4.8120403 2.1198726
v 0.0069649 -0.1286597 0.3895264
vn -0.5642756 -3.3836794 5.2616835
v 0.0126626 -0.1270941 0.3912304
vn -0.3900907 -4.6288023 1.6835834
v 0.0117042 -0.1285833 0.3902160
vn 2.0848436 4.6323042 -3.5819304
v 0.0153281 -0.1159460 0.3821480
vn 1.5840811 3.7325828 -4.7490978
v 0.0118588 -0.1161782 0.3804752
vn 1.5537803 3.7533219 -4.7584591
v 0.0099733 -0.1155305 0.3803824
vn 1.4218651 2.7094643 -5.4463692
v 0.0098130 -0.1172689 0.3792120
vn -5.4345007 -0.6701434 3.0525851
v -0.0127167 -0.1259808 0.3769512
vn -1.0007563 0.5234455 5.6657996
v -0.0218123 -0.1268427 0.3693208
vn -1.8904439 -1.1346823 5.7445331
v -0.0609766 -0.1065899 0.3634112
vn -4.1037998 -1.5788534 4.0617552
v -0.0140482 -0.1352236 0.3714712
vn -5.6330972 -0.7439035 2.6773705
v -0.0122059 -0.1306286 0.3765056
vn -5.3934050 -0.5568465 3.0315661
v -0.0109663 -0.1334064 0.3788256
vn -4.6959014 -0.9715692 3.9379718
v -0.0098228 -0.1347225 0.3802432
vn -5.6076875 -0.9006092 2.6742275
v -0.0123837 -0.1285063 0.3767728
vn -3.5042315 -2.2422216 4.6972003
v -0.0062972 -0.1369317 0.3825024
vn -3.9456468 -1.9040197 4.4818964
v -0.0086112 -0.1393647 0.3796328
vn -3.5786295 -2.4201329 4.4708166
v -0.0072327 -0.1421384 0.3796008
vn 4.9287505 -0.2221000 3.6345365
v 0.0047509 -0.1344269 0.3814432
vn 4.5416460 -1.6249964 3.1204023
v 0.0049280 -0.1357493 0.3811416
vn 1.7893431 -4.2064700 3.5365586
v 0.0003854 -0.1393882 0.3824952
vn 3.9273334 -2.8599813 3.7821653
v 0.0031777 -0.1369289 0.3822296
vn 4.5812030 -1.4393351 3.9837825
v 0.0025546 -0.1338186 0.3835648
vn 2.0073075 -5.0705404 2.9678717
v -0.0037319 -0.1423234 0.3804328
vn 3.0188003 -5.1885147 1.6203779
v -0.0024808 -0.1420752 0.3796344
vn 3.5263152 -4.5663614 2.1079082
v 0.0011458 -0.1391969 0.3818904
vn 3.4711952 -5.1543608 0.7548241
v 0.0000451 -0.1403374 0.3798744
vn 3.1900830 -5.1655560 1.0717559
v 0.0005414 -0.1398715 0.3809984
vn -0.3880923 -4.2096291 3.5614493
v -0.0058459 -0.1434721 0.3797200
vn -3.1371119 -2.9688025 4.4626832
v -0.0063935 -0.1431037 0.3796584
vn 5.4449286 -1.6724975 2.4801240
v 0.0043828 -0.1311613 0.3821840
vn 5.6430821 -2.7174532 0.3704451
v 0.0058122 -0.1284286 0.3808088
vn 5.9921451 -1.0279363 1.1704278
v 0.0054097 -0.1296926 0.3798592
vn 3.2229676 -4.8589587 -2.3094814
v 0.0086151 -0.1254372 0.3822520
vn 5.6256371 -2.5833857 -0.4723526
v 0.0065343 -0.1271269 0.3798488
vn 4.5128441 -3.5000589 -2.2569857
v 0.0074403 -0.1253462 0.3802664
vn 1.5611664 -5.0051432 -3.2141254
v 0.0092530 -0.1259570 0.3840536
vn -0.0879890 -5.1253181 -3.5588696
v 0.0119330 -0.1247047 0.3828288
vn -0.6398722 -5.2125244 -3.2881999
v 0.0126321 -0.1259569 0.3844768
vn 2.1617301 5.5185995 -2.0583076
v -0.0086133 -0.1294812 0.3520040
vn 2.4281435 5.3612995 -2.1003261
v -0.0062224 -0.1299289 0.3539760
vn 1.9413613 5.5852423 -1.9077927
v -0.0111384 -0.1279299 0.3540000
vn 2.9969072 4.9645009 -2.2554376
v -0.0036870 -0.1280842 0.3616328
vn 2.8315291 5.3144670 -1.7651851
v -0.0026590 -0.1297294 0.3583784
vn 2.2972510 5.5092869 -1.9301685
v -0.0023010 -0.1310158 0.3553168
vn 3.2868235 4.7793775 -2.3753934
v -0.0012083 -0.1286276 0.3635624
vn 3.7197707 4.2183032 -2.7498882
v 0.0002310 -0.1275794 0.3675136
vn 4.2659602 3.0889208 -3.3447437
v -0.0007390 -0.1245496 0.3700456
vn 4.4267764 1.7341111 -4.0950007
v 0.0029137 -0.1239908 0.3744656
vn 4.1378098 1.6012183 -4.4489326
v 0.0015956 -0.1207842 0.3743912
vn 3.9698982 0.6488951 -4.7728992
v 0.0042094 -0.1219987 0.3763792
vn 3.9042089 -0.3134068 -4.7936859
v 0.0059176 -0.1232057 0.3778280
vn 2.1530280 -2.1843100 -5.3711905
v 0.0070110 -0.1218709 0.3781560
vn 1.9035462 -2.6924803 -5.3257146
v 0.0093467 -0.1219208 0.3788528
vn 1.2163508 2.6736205 -5.5096354
v 0.0117597 -0.1179258 0.3793528
vn 0.2048606 0.4715093 -5.7336431
v 0.0171040 -0.1213281 0.3788984
vn -0.3552217 -3.1835952 -5.3935957
v 0.0133514 -0.1217920 0.3795024
vn 0.9855478 -3.0959942 -5.3289208
v 0.0112871 -0.1218771 0.3795088
vn 3.9878120 3.6879992 -2.0065968
v -0.0166222 -0.1294995 0.3307160
vn 3.0267761 4.9336209 -1.9770412
v -0.0403900 -0.1138026 0.3530952
vn 3.0169995 4.8059659 -0.7276065
v -0.0457415 -0.0896578 0.3838664
vn 1.9202545 0.8710074 2.1591725
v -0.0341241 -0.0996507 0.3799192
vn 3.7526760 3.8212733 1.1291286
v -0.0298390 -0.1032325 0.3778024
vn -1.2450862 -4.5275936 4.0252590
v -0.0358570 -0.0996926 0.3798248
vn -3.4590228 -3.1926570 4.0080585
v -0.0666941 -0.0939253 0.3669480
vn 1.6629565 -0.6187693 4.4052768
v -0.0319920 -0.1015649 0.3789544
vn 1.6182731 -0.6966901 4.3626628
v -0.0277077 -0.1051469 0.3768368
vn -1.1861271 -4.5722566 1.6256878
v 0.0145943 -0.1290794 0.3901768
vn -0.8712375 -4.0261855 2.1244633
v 0.0208704 -0.1315794 0.3897256
vn 0.2250336 -1.3024670 5.9230371
v 0.0184192 -0.1275932 0.3915536
vn 2.2694721 1.9245168 5.2389040
v 0.0220455 -0.1236134 0.3906088
vn 0.6988465 -1.3271227 5.8440385
v 0.0205887 -0.1283519 0.3912680
vn 1.5727664 -1.4309618 5.6171637
v 0.0222886 -0.1292837 0.3907048
vn 2.0332179 -1.9043843 5.2492514
v 0.0238832 -0.1302031 0.3899320
vn 3.0685449 1.6616726 4.9783125
v 0.0238419 -0.1245127 0.3899016
vn 3.1897659 -0.1113755 5.3300791
v 0.0247959 -0.1278259 0.3896272
vn 2.3883495 5.2842374 -1.7549756
v 0.0209796 -0.1181611 0.3826320
vn 2.6431949 5.6784067 -0.2660188
v 0.0230418 -0.1190480 0.3845568
vn 3.2548559 1.0241286 5.0968952
v 0.0255885 -0.1254212 0.3890752
vn 2.0413041 3.7468984 2.8655248
v 0.0242133 -0.1195872 0.3872544
vn -2.0789979 -5.3882122 -2.3770189
v 0.0152903 -0.1279553 0.3870520
vn 1.7537563 4.0622544 -4.4322858
v 0.0174925 -0.1179343 0.3811272
vn 1.3302773 3.2824724 -5.1715293
v 0.0174828 -0.1194683 0.3799592
vn 1.2892455 3.2729437 5.1568809
v -0.0263908 -0.1339855 0.3733608
vn -0.3712097 1.9448422 5.9333830
v -0.0542397 -0.1170565 0.3659584
vn -0.4119936 0.4262475 6.0018673
v -0.0167372 -0.1333451 0.3706728
vn -3.5605869 0.4001381 4.7017384
v -0.0677713 -0.1089083 0.3612792
vn -4.4010377 -1.7923542 3.4500957
v -0.0694413 -0.1059211 0.3600512
vn -0.5549996 -1.7309444 5.8289680
v -0.0156241 -0.1354379 0.3708240
vn -2.2765687 -4.5471563 3.2693200
v -0.0152523 -0.1390819 0.3686048
vn -4.7573042 -1.3638482 3.6217909
v -0.0100271 -0.1365654 0.3794224
vn -5.2154484 -1.7658750 2.6777878
v -0.0131822 -0.1394573 0.3704320
vn -4.7071066 -1.5961697 3.3639288
v -0.0107342 -0.1423246 0.3762096
vn -3.6457212 -3.1213298 4.0501900
v -0.0092558 -0.1431070 0.3769440
vn 4.9234691 -0.0241654 3.6830006
v 0.0045672 -0.1333704 0.3817312
vn 5.8426843 0.2124552 2.2694368
v 0.0054482 -0.1312891 0.3796832
vn 4.5525856 -3.9909570 1.3408164
v 0.0056538 -0.1360161 0.3789344
vn 4.1145191 -4.1060972 1.9147770
v 0.0039219 -0.1371378 0.3809744
vn 5.2398052 -1.4155865 2.0949724
v 0.0060899 -0.1353286 0.3790664
vn 3.6567297 -3.7724767 3.2692747
v 0.0022150 -0.1381211 0.3820488
vn 5.0748491 -0.2638026 3.5759008
v 0.0044236 -0.1324142 0.3818888
vn 2.3855906 -5.3571548 2.2268620
v -0.0059351 -0.1447342 0.3770368
vn 3.7194450 -5.0128217 0.3385415
v 0.0016995 -0.1392696 0.3787896
vn 3.4505656 -5.0986643 1.0190248
v -0.0034333 -0.1430054 0.3782184
vn -0.8509265 -4.2183471 3.1231346
v -0.0070436 -0.1448813 0.3776952
vn 5.8726459 0.7893928 -1.2432883
v 0.0057921 -0.1282360 0.3769752
vn 6.0365553 0.9509058 1.2368045
v 0.0061571 -0.1303247 0.3771328
vn 3.1356030 -4.7180681 -2.6795678
v 0.0089979 -0.1246588 0.3810928
vn 1.4539319 -4.9429102 -3.2092116
v 0.0102555 -0.1247128 0.3827112
vn 1.3078843 -4.5150504 -4.0332317
v 0.0108069 -0.1232622 0.3804736
vn 5.3358707 -0.7371776 -2.9106042
v 0.0065234 -0.1258867 0.3783784
vn 3.5284154 -2.1707318 -4.5480804
v 0.0074824 -0.1239733 0.3791256
vn 2.5758088 -3.8294392 -4.2119617
v 0.0092329 -0.1235854 0.3799096
vn -1.2805766 -4.8334613 -3.7239943
v 0.0136576 -0.1248911 0.3827872
vn -1.1039047 -4.9528871 -3.6290021
v 0.0141816 -0.1241825 0.3816408
vn -2.3065581 -4.2509370 -3.9446659
v 0.0158794 -0.1254495 0.3823560
vn -2.8318081 -4.0106349 -3.8618550
v 0.0196889 -0.1277789 0.3823840
vn 2.4359088 5.2719250 -2.2172272
v -0.0076634 -0.1307357 0.3493608
vn 4.2011614 3.8496995 -2.1993937
v -0.0077830 -0.1331423 0.3427584
vn 2.3074529 5.5712438 -1.7458470
v 0.0016296 -0.1320787 0.3567848
vn 2.3998752 5.6387639 -1.3669564
v 0.0022704 -0.1314656 0.3603840
vn 3.0425792 5.1186357 -1.9194936
v 0.0008472 -0.1298418 0.3638776
vn 3.9049563 4.3433638 -2.2640491
v 0.0021046 -0.1285193 0.3686688
vn 4.7840061 2.7011344 -2.8895144
v 0.0037757 -0.1270967 0.3739192
vn 4.8607750 0.9240797 -3.8508263
v 0.0050590 -0.1250765 0.3766088
vn -1.1182268 -2.9032514 -5.3877764
v 0.0156495 -0.1224773 0.3794992
vn 1.1833385 3.3966904 -5.1118355
v 0.0206351 -0.1206371 0.3799232
vn -0.0174125 0.3451415 -5.7297091
v 0.0202600 -0.1225199 0.3788896
vn -1.1031072 -2.6852019 -5.4208059
v 0.0173949 -0.1230350 0.3793504
vn -0.9661801 -4.3300714 -4.3960409
v 0.0144436 -0.1234291 0.3805768
vn 5.4391766 1.0284978 -2.8906972
v -0.0211032 -0.1310994 0.3210600
vn 4.1142578 3.5875788 -1.8424417
v -0.0212867 -0.1283285 0.3223624
vn 3.0423114 5.2996659 -1.4261261
v -0.0620570 -0.1089963 0.3090504
vn 2.5758774 -2.1577706 -2.8807223
v -0.0123713 -0.1403879 0.3312000
vn 5.2340698 1.3852533 -3.1151576
v -0.0182539 -0.1344696 0.3258088
vn 4.5718575 0.0369941 -3.5921948
v -0.0058970 -0.1415536 0.3387944
vn 0.5401514 5.3550553 -1.0036368
v -0.0809826 -0.0843185 0.3478120
vn 0.2417833 4.7292557 0.5425361
v -0.0620801 -0.0836167 0.3794824
vn 1.8900838 5.1728334 1.1454242
v -0.0520262 -0.0866681 0.3845768
vn 3.1792531 4.1459775 2.5956607
v -0.0457226 -0.0900495 0.3854232
vn 2.3705528 1.9828384 4.7093406
v -0.0458049 -0.0908674 0.3862264
vn 0.2091493 -2.0165994 4.0584397
v -0.0460242 -0.0924725 0.3864712
vn -0.8314342 -2.0406406 4.3908014
v -0.0488618 -0.0912293 0.3866512
vn -1.7918954 -1.5610994 4.2639790
v -0.0548527 -0.0890736 0.3857536
vn -2.2908792 -1.6439404 4.2224216
v -0.0578354 -0.0882379 0.3846128
vn -3.4231286 -1.7339098 3.9088922
v -0.0607998 -0.0875729 0.3825984
vn -3.7807491 0.3202329 3.3277862
v -0.0684020 -0.0843706 0.3752248
vn -4.0567026 0.7357380 2.3697107
v -0.0760224 -0.0841175 0.3651896
vn -5.0102544 -2.5856469 2.2766886
v -0.0776849 -0.0918314 0.3564648
vn 0.3918948 -4.4489002 1.6846389
v 0.0253512 -0.1327947 0.3875848
vn -2.5801284 -5.3089356 -1.8250469
v 0.0237547 -0.1316182 0.3843520
vn -2.9955375 -5.1724067 -1.5501010
v 0.0180389 -0.1296265 0.3870856
vn 2.7843511 -1.9270366 4.9140334
v 0.0256259 -0.1308833 0.3888336
vn 2.1101425 4.9285402 -2.6709912
v 0.0236203 -0.1197602 0.3817032
vn 1.6381776 4.3344364 -4.0875783
v 0.0203881 -0.1188961 0.3811776
vn 2.8046193 5.5581088 -0.4342955
v 0.0252570 -0.1200546 0.3843160
vn 3.2631693 3.1554799 2.3382308
v 0.0279967 -0.1215782 0.3862048
vn 3.9114006 0.3800020 4.8211374
v 0.0271088 -0.1263009 0.3880168
vn -3.1554980 -4.5404282 -2.9468453
v 0.0180238 -0.1284329 0.3849104
vn 3.7173598 3.5799236 2.8900073
v -0.0227189 -0.1390253 0.3757496
vn 2.4224839 1.6676801 5.4025273
v -0.0211341 -0.1357010 0.3722312
vn -1.8083591 1.0088395 3.5212910
v -0.0449831 -0.1370475 0.3822224
vn -2.8384748 0.4212686 3.6006808
v -0.0630362 -0.1210625 0.3675064
vn -3.4709823 0.2224210 3.8241363
v -0.0659707 -0.1162897 0.3639416
vn 1.9577032 -1.2070419 5.6309981
v -0.0182172 -0.1360284 0.3713096
vn -5.6073985 -0.2494577 2.3230002
v -0.0701858 -0.1083667 0.3575728
vn -5.4998765 -1.2424275 2.3413754
v -0.0696448 -0.1068030 0.3582816
vn -2.6033907 -0.5484418 -2.3845184
v -0.0709758 -0.1066917 0.3546920
vn -3.0294225 -2.4159048 -2.7842913
v -0.0727829 -0.1008069 0.3543472
vn 0.6359237 -5.2034273 2.8507104
v -0.0164553 -0.1389164 0.3687576
vn -0.7055848 -6.0504141 0.9091867
v -0.0166980 -0.1391603 0.3670416
vn -4.7631254 -3.1175711 2.0727224
v -0.0133873 -0.1402958 0.3689688
vn -2.3644781 -5.7192349 0.6762786
v -0.0159614 -0.1396993 0.3659320
vn -5.9432287 -1.1931598 1.5723695
v -0.0123331 -0.1448269 0.3706088
vn -5.8405504 -0.6189591 2.0905261
v -0.0117737 -0.1430230 0.3737624
vn -6.0204978 -1.2932270 1.0994853
v -0.0131679 -0.1425767 0.3673928
vn -6.1299410 -0.9989630 0.7177720
v -0.0126475 -0.1462098 0.3679400
vn -4.4150972 -2.2666950 2.8845239
v -0.0113059 -0.1443579 0.3744960
vn -3.3106461 -3.6260009 3.7910476
v -0.0099749 -0.1451367 0.3749552
vn -0.9434931 -4.5160584 3.0660954
v -0.0082368 -0.1464185 0.3751480
vn 5.6695099 2.3196111 1.1596186
v 0.0069446 -0.1315109 0.3748480
vn 5.8295298 1.4189334 1.8176402
v 0.0077049 -0.1329918 0.3738136
vn 5.4021406 -1.3177438 1.6512420
v 0.0080832 -0.1344839 0.3734600
vn 4.0459895 -4.6801028 0.5155879
v 0.0060346 -0.1361700 0.3763304
vn 3.7696836 -4.9878750 0.3325326
v 0.0037254 -0.1378108 0.3778336
vn 2.3515327 -5.3101807 2.3160021
v -0.0072104 -0.1462677 0.3747456
vn 2.9254413 -5.5196033 0.0377198
v 0.0056255 -0.1363525 0.3739608
vn 3.5357385 -5.1425414 0.0478519
v 0.0032002 -0.1378198 0.3734904
vn 4.1846433 -4.6511073 0.5522951
v -0.0024193 -0.1424869 0.3747488
vn 3.6118419 -4.8518271 1.5236126
v -0.0058741 -0.1457714 0.3740264
vn 5.0597334 3.4198871 -0.7439105
v 0.0062243 -0.1300500 0.3743752
vn 4.2387600 4.1814814 -1.9509780
v 0.0042116 -0.1293726 0.3711032
vn -2.1673613 -4.5037923 -3.7922158
v 0.0156456 -0.1245274 0.3813640
vn -1.7231708 -4.0024962 -4.4781432
v 0.0158421 -0.1237865 0.3803960
vn -3.0713973 -2.9650760 -4.3728070
v 0.0220774 -0.1275654 0.3802656
vn -2.8852735 -4.4907093 -3.1299932
v 0.0204205 -0.1290629 0.3831576
vn -2.0118852 -2.5806766 -5.2984304
v 0.0210472 -0.1252815 0.3798824
vn 3.5122714 3.3230970 -3.9184492
v -0.0028397 -0.1371101 0.3455008
vn 2.8518646 4.9064102 -2.5706377
v 0.0056152 -0.1342615 0.3554712
vn 3.1594529 3.9796104 -3.4900846
v 0.0055024 -0.1357569 0.3529712
vn 4.2083664 2.0820754 -4.1180525
v -0.0032784 -0.1386563 0.3442624
vn 2.0914226 5.5896134 -1.8856902
v 0.0039344 -0.1328293 0.3571720
vn 2.8645687 5.3649020 -1.4558855
v 0.0032521 -0.1309010 0.3647512
vn 2.4407558 5.6555004 -1.1971068
v 0.0043632 -0.1323028 0.3601992
vn 2.5672953 4.7867088 -2.0329077
v 0.0287917 -0.1224618 0.3806200
vn -0.5467206 1.2243857 -5.8015723
v 0.0254199 -0.1245694 0.3783992
vn 0.7639114 4.0441670 -4.6890163
v 0.0272952 -0.1232255 0.3793544
vn 5.4191985 1.0813048 -2.9357028
v -0.0231753 -0.1306889 0.3174208
vn 5.4470415 0.7724170 -2.9916358
v -0.0205872 -0.1340918 0.3216880
vn 5.4516101 0.5114666 -3.0794978
v -0.0226945 -0.1337753 0.3177616
vn 4.1764383 3.6477323 -1.8483121
v -0.0291242 -0.1270701 0.3079832
vn 5.5345993 1.0670241 -2.7527516
v -0.0271425 -0.1300922 0.3102536
vn 4.2126422 3.0486550 -2.0771613
v -0.0356238 -0.1266724 0.2945752
vn 3.7703900 4.5699410 -1.6213062
v -0.0438841 -0.1266462 0.2773192
vn 2.6692412 4.4266357 -2.8861468
v -0.0660872 -0.1221574 0.2484600
vn 3.2438929 2.5738981 -3.3693368
v -0.0615748 -0.1246588 0.2496896
vn -1.6125861 2.9442303 -0.6368797
v -0.0864477 -0.0914165 0.3185136
vn -0.6613657 5.2197890 -1.9631433
v -0.0794009 -0.1116326 0.2687192
vn -0.4324145 4.8122797 -2.2225363
v -0.0748355 -0.1158342 0.2565328
vn -1.8028827 2.0778110 -0.9788806
v -0.0839995 -0.1052734 0.2851112
vn -1.7678447 2.1196392 -1.1703831
v -0.0850936 -0.1020864 0.2933128
vn 2.2963755 5.2887030 -2.1332257
v -0.0834970 -0.0974462 0.3041456
vn 1.6016612 -3.9438615 -3.0977571
v -0.0076741 -0.1437831 0.3380800
vn 0.1401109 -5.9935045 -1.8722526
v -0.0140233 -0.1409424 0.3326072
vn -2.7709250 -4.7212796 0.7113609
v -0.0220935 -0.1390722 0.3256936
vn -0.0733198 -6.1458931 -1.0917773
v -0.0194423 -0.1391743 0.3243552
vn 2.7377810 -2.3796573 -2.4682636
v -0.0181223 -0.1389448 0.3237928
vn -1.0289264 -5.8497047 -1.9206522
v -0.0117063 -0.1419300 0.3356936
vn 4.9652863 1.2371953 -3.4529102
v -0.0149686 -0.1390001 0.3278816
vn 5.1040616 1.5938500 -3.2751870
v -0.0183749 -0.1367134 0.3244592
vn 4.0233388 -0.3457468 -4.6559954
v -0.0013870 -0.1428157 0.3448840
vn 1.5367926 -4.0167241 -3.8778837
v -0.0031316 -0.1472470 0.3453808
vn -1.1436911 4.8870735 0.4848706
v -0.0744769 -0.0826399 0.3650888
vn -3.3752055 1.6184595 0.6683870
v -0.0831816 -0.0849641 0.3489856
vn -2.8516319 3.8738921 2.4702845
v -0.0699659 -0.0834860 0.3727904
vn -2.6405411 4.3555937 3.1840706
v -0.0655966 -0.0838276 0.3771920
vn -1.6996005 4.5839982 3.4085000
v -0.0603171 -0.0844752 0.3818808
vn 0.2948479 4.9045639 2.2712970
v -0.0576190 -0.0849101 0.3834536
vn 0.0035123 3.7511466 4.1735582
v -0.0550476 -0.0860250 0.3846608
vn 0.8398724 4.0118895 4.5084047
v -0.0519861 -0.0874699 0.3856160
vn 1.9864597 4.4609776 3.5124743
v -0.0488473 -0.0886439 0.3857056
vn 0.9298185 2.2680588 5.4707212
v -0.0488214 -0.0895629 0.3863960
vn -0.2630245 1.7236407 5.6472406
v -0.0519217 -0.0884523 0.3862240
vn -3.4129670 2.1240373 4.4351239
v -0.0612499 -0.0852345 0.3819016
vn -1.9497991 2.2477489 4.8615789
v -0.0582741 -0.0857292 0.3840424
vn -4.0273676 -4.6382914 0.0635623
v -0.0776350 -0.0938074 0.3496440
vn -3.6109266 -4.0019064 -1.9914083
v -0.0743880 -0.0975117 0.3531624
vn -4.0428143 -4.2193093 0.9505084
v -0.0812182 -0.0916518 0.3433432
vn 3.5009027 -3.9923985 2.7863913
v 0.0284130 -0.1321573 0.3855688
vn 2.0337715 -4.9509368 0.4188374
v 0.0289275 -0.1326373 0.3837448
vn -2.3943949 -4.5857711 -2.6255631
v 0.0257759 -0.1316133 0.3809760
vn -0.4250102 -5.7696285 -1.8628018
v 0.0280457 -0.1322085 0.3811088
vn 3.5989308 -2.1840291 4.1035848
v 0.0273366 -0.1313301 0.3874976
vn 4.3118215 -0.5067016 4.4451203
v 0.0279968 -0.1292102 0.3871976
vn 4.3779473 0.1140881 4.4414568
v 0.0285264 -0.1270756 0.3867816
vn 4.2692347 2.3039391 1.9734583
v 0.0307858 -0.1239756 0.3842152
vn 3.7722471 -0.5988727 4.7220345
v -0.0202121 -0.1369630 0.3719336
vn 4.1059361 -3.8754330 1.5548056
v -0.0198634 -0.1399025 0.3699888
vn 5.8953204 1.2818775 1.1518104
v -0.0217098 -0.1405968 0.3742440
vn 3.8361044 4.5882602 0.3988695
v -0.0206689 -0.1429732 0.3818792
vn 1.2351636 5.7577534 2.0782197
v -0.0257502 -0.1419619 0.3853536
vn -4.2559485 -3.5189409 1.1966422
v -0.0597532 -0.1275564 0.3679568
vn -4.5810709 -2.9798079 2.5895414
v -0.0486747 -0.1358071 0.3781304
vn -3.5680711 -3.4347064 0.9378043
v -0.0342971 -0.1485099 0.3870888
vn -2.1101432 0.9470238 4.3272972
v -0.0338336 -0.1443978 0.3897256
vn -0.0937196 5.4320068 3.1117496
v -0.0273143 -0.1435860 0.3891256
vn -4.7038541 -3.2659140 0.1137607
v -0.0647924 -0.1222172 0.3615056
vn -5.8351421 -1.4739187 0.4206684
v -0.0704837 -0.1089393 0.3561504
vn -5.3639069 -2.1379116 0.1033228
v -0.0683026 -0.1155679 0.3583504
vn 0.4432319 -1.7660338 -5.8719501
v -0.0658010 -0.1046583 0.3554792
vn -2.1170421 -1.0240692 -3.4778562
v -0.0704108 -0.1084138 0.3546728
vn 1.9986372 -5.7768106 -0.9879411
v -0.0194435 -0.1395100 0.3677160
vn -0.4860033 -5.7577085 -2.0964570
v -0.0188057 -0.1388952 0.3652000
vn -4.4674110 -3.8953898 0.6148453
v -0.0145271 -0.1404653 0.3646792
vn -2.7085426 -5.3881946 -1.5943638
v -0.0169450 -0.1390360 0.3637584
vn -4.4735041 -2.9606330 1.7700310
v -0.0122176 -0.1480550 0.3683592
vn -4.7916808 -3.5780032 -0.4145051
v -0.0152772 -0.1397122 0.3621608
vn -4.9685612 -3.1495917 0.2559121
v -0.0122814 -0.1496440 0.3627840
vn -4.9335995 -2.8692060 0.8844366
v -0.0122987 -0.1490259 0.3656064
vn -0.4773723 -5.0915027 2.5823364
v -0.0090722 -0.1500977 0.3681248
vn 5.2216973 3.0145419 0.8968334
v 0.0081015 -0.1324996 0.3718992
vn 4.4938545 4.2129397 -0.3546155
v 0.0070365 -0.1312635 0.3728264
vn 5.3378725 -0.6883615 1.4419601
v 0.0091622 -0.1342081 0.3701008
vn 4.4968290 -4.2055244 1.0337837
v 0.0086049 -0.1349223 0.3701992
vn 3.7446897 -4.6821556 0.7761788
v 0.0073606 -0.1356416 0.3729744
vn 3.3500793 -5.1897049 0.8367298
v 0.0049299 -0.1370855 0.3692160
vn 2.6460996 -5.6753030 0.3913414
v 0.0066093 -0.1360458 0.3711792
vn 4.0854902 -4.7263708 0.4352047
v 0.0004807 -0.1400683 0.3725000
vn 3.7958920 -4.8980560 0.8620050
v 0.0028248 -0.1383660 0.3707128
vn 4.3557563 -4.4019217 1.0117332
v -0.0031045 -0.1435616 0.3719360
vn 4.4022875 -4.1959562 1.5620837
v -0.0042699 -0.1457250 0.3688984
vn 2.9935441 -4.9039731 2.0997531
v -0.0078690 -0.1498590 0.3677216
vn -2.2143164 -2.6785784 -4.9452624
v 0.0253198 -0.1291970 0.3791984
vn -2.0436873 -0.9720620 -5.7187481
v 0.0241488 -0.1264248 0.3787992
vn 3.3233783 2.2147751 -4.6338658
v 0.0023292 -0.1384143 0.3483152
vn 2.5563021 5.3662539 -1.6401210
v 0.0054417 -0.1332587 0.3574888
vn 4.1809707 3.6773121 -1.9437689
v 0.0106447 -0.1359576 0.3588248
vn 3.8106477 3.3255942 -3.6212413
v 0.0078336 -0.1373171 0.3537552
vn 2.4857411 5.5427198 -1.5841922
v 0.0066526 -0.1331537 0.3612424
vn 2.4434247 5.6639347 -1.1161289
v 0.0070140 -0.1326171 0.3638640
vn 3.3900876 5.1819396 -0.3145138
v 0.0083099 -0.1325572 0.3689376
vn 3.2699809 5.2213950 -0.4143328
v 0.0089664 -0.1330911 0.3664640
vn 3.5490212 5.0553718 -0.4623879
v 0.0075982 -0.1319628 0.3706376
vn 2.0497057 3.8412476 -3.9985452
v 0.0303950 -0.1245723 0.3786032
vn 0.5875010 3.9813573 -4.6818819
v 0.0286440 -0.1239722 0.3788064
vn 3.9751208 3.8738861 -1.5634010
v 0.0309693 -0.1243232 0.3795136
vn 0.0796661 1.4122058 -5.7281260
v 0.0292882 -0.1255480 0.3778576
vn -0.4060418 -0.6970167 -6.0785642
v 0.0284685 -0.1270696 0.3779096
vn 5.4633641 0.3598891 -3.0796297
v -0.0247598 -0.1334458 0.3140920
vn 5.3321161 1.1710436 -3.1068037
v -0.0207451 -0.1363770 0.3204920
vn 5.3757548 0.4000987 -3.2213120
v -0.0230644 -0.1359432 0.3168584
vn 5.4733706 1.2606254 -2.7051404
v -0.0301722 -0.1293627 0.3039616
vn 5.5692735 1.2478738 -2.5360165
v -0.0286688 -0.1295860 0.3070760
vn 2.4399886 -3.0460067 -1.9208001
v -0.0230516 -0.1379723 0.3166704
vn 5.6519318 0.7877053 -2.6208596
v -0.0282476 -0.1325856 0.3073176
vn 4.8101106 -1.5303017 -2.9450099
v -0.0328531 -0.1333252 0.2982400
vn 2.2267628 -3.6031649 -1.2985529
v -0.0409354 -0.1336107 0.2833512
vn 5.5014968 1.4657038 -1.9048556
v -0.0419140 -0.1288059 0.2783864
vn 4.7511196 1.8386841 -2.1800201
v -0.0451625 -0.1293831 0.2672096
vn 4.0965271 2.7802422 -2.6955161
v -0.0470187 -0.1289156 0.2642928
vn 1.1166204 2.8592284 -4.5965619
v -0.0672418 -0.1224602 0.2474528
vn -0.1216738 4.2667646 -3.1129260
v -0.0720553 -0.1187607 0.2507296
vn 0.8827803 -1.3375161 -5.0645423
v -0.0662090 -0.1261043 0.2470888
vn 1.2765468 -2.6180377 -1.8029019
v -0.0572890 -0.1294305 0.2532024
vn 1.7881207 -2.3162971 -4.0334353
v -0.0627992 -0.1276653 0.2486416
vn 4.4443336 0.3962896 -4.0882597
v -0.0510336 -0.1293371 0.2594144
vn -5.4749956 -1.1977787 0.4107636
v -0.0870464 -0.0942330 0.3150328
vn 0.4144388 5.8452573 -2.2564223
v -0.0852371 -0.0958883 0.3076344
vn -2.1925013 3.2563655 -1.1938407
v -0.0867549 -0.0928016 0.3145560
vn -3.1143746 4.4051518 -2.5893340
v -0.0788027 -0.1130460 0.2652112
vn -4.7897630 1.6899420 -1.8028668
v -0.0803554 -0.1122586 0.2688696
vn -4.6794839 1.2487507 -2.1481955
v -0.0771744 -0.1174258 0.2570352
vn -3.1548200 3.7462265 -3.6842885
v -0.0743479 -0.1187108 0.2523160
vn -5.7324686 -2.0982931 0.2730695
v -0.0849429 -0.1032452 0.2939032
vn -5.4666252 -2.1134202 -0.2972884
v -0.0831560 -0.1081739 0.2815720
vn -1.4445949 4.7609715 -2.1874852
v -0.0854900 -0.0970617 0.3039232
vn -5.3467231 -2.9144886 0.6243255
v -0.0863079 -0.0963922 0.3113712
vn -5.3371425 1.0003973 -0.9648067
v -0.0860718 -0.0978115 0.3038352
vn -1.7386415 -5.3113804 -2.5894670
v -0.0071162 -0.1467585 0.3450616
vn -1.8727931 -5.7826872 -0.9350441
v -0.0132430 -0.1421852 0.3370328
vn -4.0829105 -4.0876389 1.2262529
v -0.0232649 -0.1296652 0.3357536
vn -3.7299435 -4.5106640 1.7407691
v -0.0462436 -0.1228135 0.2990368
vn -4.0637035 -4.3516364 1.8096930
v -0.0291010 -0.1360617 0.3146888
vn -1.1003215 -6.0647902 -0.5595286
v -0.0230862 -0.1385141 0.3210920
vn -4.8146939 -3.9646420 0.2914018
v -0.0146648 -0.1411135 0.3433032
vn -0.6895995 -6.2008972 -0.6531610
v -0.0242104 -0.1379225 0.3169888
vn 3.5521672 -1.8455707 -4.1864510
v 0.0051284 -0.1460235 0.3493344
vn -1.5993489 -5.0850692 -2.1544011
v -0.0084319 -0.1510592 0.3520656
vn 2.0391712 -4.1751761 -2.4286497
v 0.0019515 -0.1498199 0.3495912
vn -4.3866968 -3.8914824 1.4251318
v -0.0846689 -0.0936937 0.3259072
vn -2.2806413 -5.6598654 -1.3190104
v -0.0760078 -0.0943628 0.3481152
vn -2.3986108 -4.2178502 -2.3230832
v -0.0595209 -0.1039214 0.3544552
vn -1.6994531 -4.9582977 -3.1424005
v -0.0698492 -0.0972869 0.3513752
vn -2.8226757 -5.1779165 1.0039537
v -0.0723723 -0.0948993 0.3423984
vn 4.8624105 -2.1401420 2.7633772
v 0.0294237 -0.1313332 0.3849480
vn 5.0040383 -2.6823502 1.1221613
v 0.0295442 -0.1319992 0.3837568
vn 2.4525242 -5.0012031 -0.9271388
v 0.0292896 -0.1323101 0.3818768
vn -1.1346029 -4.3941278 -3.7894614
v 0.0273621 -0.1316819 0.3802328
vn 1.3951197 -4.1989136 -3.1537876
v 0.0293346 -0.1316528 0.3800152
vn 4.8729677 -0.8436290 3.8674481
v 0.0293261 -0.1293336 0.3855392
vn 4.7475529 -0.4728684 4.0157557
v 0.0298690 -0.1274406 0.3853296
vn 5.3318510 -1.0272059 2.7618184
v 0.0309918 -0.1277733 0.3838104
vn 5.2677569 1.2769195 1.3810910
v 0.0316549 -0.1253304 0.3830536
vn 4.9310703 1.4907409 -1.8320909
v 0.0315775 -0.1253909 0.3791496
vn 5.2743073 -0.6210751 2.9573941
v 0.0314156 -0.1263569 0.3834232
vn 3.6547267 -4.7179890 -1.8971773
v -0.0220875 -0.1416911 0.3693264
vn 5.6339850 -1.6548295 -1.1729300
v -0.0214907 -0.1425242 0.3726224
vn 5.1016579 3.1607270 -1.3748658
v -0.0199735 -0.1443539 0.3810488
vn 1.6150731 5.8722048 -0.2958823
v -0.0164453 -0.1445514 0.3891512
vn -0.3632476 5.7325521 2.0611305
v -0.0207613 -0.1445136 0.3923784
vn -0.4904267 -2.8138900 -3.1436176
v -0.0624264 -0.1232736 0.3582208
vn -0.5153226 -3.9385607 -2.7413790
v -0.0578956 -0.1282886 0.3641560
vn -2.5130620 -4.4977851 -1.3820710
v -0.0471627 -0.1377160 0.3771768
vn -1.3239999 -4.3616219 -4.1639142
v -0.0450457 -0.1327335 0.3713752
vn -3.9048898 -3.6041880 1.6543237
v -0.0264871 -0.1552353 0.3899032
vn -0.4026727 -4.3283668 -3.4062612
v -0.0254757 -0.1439042 0.3692848
vn -3.5259118 -4.3589473 -2.5910177
v -0.0238287 -0.1563194 0.3855624
vn -1.1636343 -4.4560070 -3.6145830
v -0.0241461 -0.1489438 0.3757336
vn -2.5804911 -1.1127898 5.5360661
v -0.0192814 -0.1529517 0.3955584
vn -2.3481488 -0.2165790 5.7444186
v -0.0204249 -0.1509341 0.3953416
vn -3.6269810 -3.5591526 1.3300443
v -0.0168933 -0.1646647 0.3928496
vn -1.6522893 2.6894858 4.7745667
v -0.0242789 -0.1460558 0.3934440
vn -2.0713320 0.6138513 5.8993311
v -0.0192549 -0.1486552 0.3955216
vn -0.9366737 -1.4728566 -3.3295541
v -0.0657166 -0.1180694 0.3551752
vn -0.8112723 -2.8999689 -4.9394331
v -0.0585188 -0.1078743 0.3575848
vn 2.3942018 -0.9627388 -5.6928668
v -0.0583587 -0.1126972 0.3589504
vn 1.7807553 -5.1683655 -2.9074941
v -0.0209439 -0.1396719 0.3660064
vn -2.5862665 -4.8427620 -2.9494743
v -0.0231203 -0.1319389 0.3558984
vn -3.9467640 -4.3229117 -1.2743459
v -0.0203160 -0.1325847 0.3541736
vn -2.4181428 -5.2399054 1.7799466
v -0.0098098 -0.1510573 0.3654456
vn -4.7500596 -3.9034255 -0.6510919
v -0.0138258 -0.1422386 0.3461528
vn -4.0174241 -3.6839252 -1.1344959
v -0.0116463 -0.1498814 0.3539216
vn -3.1490784 -5.3422241 -0.5175530
v -0.0099250 -0.1513598 0.3594648
vn -3.6811724 -4.9290614 0.3101993
v -0.0107963 -0.1509796 0.3627568
vn 0.6659467 -5.6121235 1.7639806
v -0.0089913 -0.1512496 0.3653488
vn 4.9942646 3.3685725 0.5893204
v 0.0098491 -0.1338724 0.3665848
vn 4.6403785 -1.3527675 1.0691006
v 0.0099912 -0.1344398 0.3669600
vn 3.2493181 -5.3154516 0.6843349
v 0.0082942 -0.1355712 0.3674256
vn 4.2189765 -4.4467440 1.2357311
v -0.0000418 -0.1410887 0.3693664
vn 3.7576299 -4.7298822 1.6025469
v 0.0049714 -0.1385693 0.3631736
vn 3.0469720 -5.2724695 1.3814628
v 0.0086635 -0.1357811 0.3641376
vn 4.1861181 -4.3227034 1.7742262
v -0.0058246 -0.1483703 0.3666312
vn 4.4251671 -4.1054788 1.7414963
v -0.0021906 -0.1442709 0.3671328
vn 3.0642364 -5.1060553 1.7361462
v -0.0079880 -0.1508706 0.3651000
vn -0.8854808 -2.2591274 -5.6047220
v 0.0278555 -0.1290352 0.3784432
vn 3.6154327 0.9508485 -4.4273558
v 0.0072075 -0.1411870 0.3503872
vn 2.9995985 5.0806217 -1.5583335
v 0.0097900 -0.1343165 0.3614888
vn 4.4349790 -0.7480222 0.2346140
v 0.0108677 -0.1363136 0.3589864
vn 5.0209789 1.6702802 -2.2000144
v 0.0104059 -0.1374246 0.3567992
vn 3.8472686 -0.9981917 0.4900390
v 0.0108817 -0.1355313 0.3614128
vn 4.6951127 3.8774059 -1.0175689
v 0.0105941 -0.1351040 0.3612376
vn 4.9770989 1.7026666 -2.8708162
v 0.0099003 -0.1387925 0.3549264
vn 4.5081763 3.4416244 -0.2453911
v 0.0104820 -0.1344077 0.3636960
vn 2.2977300 0.6405804 -3.8536608
v 0.0308592 -0.1257640 0.3778664
vn 1.7151651 -1.8528446 -5.2240953
v 0.0298372 -0.1285117 0.3782296
vn 5.5295839 -0.0440397 -2.8935368
v -0.0311912 -0.1322794 0.3014776
vn 5.5308418 0.0119878 -2.8924966
v -0.0297130 -0.1321086 0.3042784
vn -0.4144905 -5.8995500 -0.4938099
v -0.0319230 -0.1372170 0.3042720
vn 3.1301551 -3.4597836 -2.3325045
v -0.0306786 -0.1368662 0.3038176
vn -2.3758419 -5.5594282 1.0854263
v -0.0276815 -0.1372301 0.3141104
vn 3.1742139 -4.5576291 -2.8401256
v -0.0343736 -0.1348556 0.2984488
vn 4.3812561 -2.4296525 -3.2108860
v -0.0318440 -0.1350947 0.3009880
vn -2.7825089 -5.2584143 0.9949731
v -0.0482403 -0.1316821 0.2798072
vn -0.7274492 -5.8355765 -0.5645531
v -0.0501460 -0.1312618 0.2631376
vn -1.2448528 -4.7542129 -0.4065523
v -0.0362686 -0.1358728 0.2985800
vn 3.2853286 -2.7956455 -1.4579887
v -0.0442077 -0.1317345 0.2697640
vn 4.7470994 -0.9419231 -3.4630306
v -0.0467272 -0.1302231 0.2644480
vn -1.4007590 -0.7646918 -4.3476133
v -0.0689559 -0.1247639 0.2466616
vn -2.6288490 -0.1101772 -3.8337150
v -0.0710048 -0.1231480 0.2477088
vn -3.0171597 0.1677427 -3.5831754
v -0.0730284 -0.1215550 0.2491880
vn -2.6222124 -3.6980343 -3.6880140
v -0.0686100 -0.1259376 0.2474240
vn -0.5823187 -4.6980200 -3.6092110
v -0.0659555 -0.1273441 0.2480888
vn -2.6360805 -5.2499495 0.0978852
v -0.0687333 -0.1271865 0.2508288
vn -3.0707929 -5.1265888 1.7502542
v -0.0650565 -0.1231327 0.2707096
vn 2.5778573 -3.5322893 -2.8313956
v -0.0506689 -0.1305563 0.2601240
vn -0.6588240 -5.6408019 -1.2883064
v -0.0642839 -0.1283497 0.2496936
vn -3.1663704 2.4214978 -1.1576842
v -0.0863776 -0.0959405 0.3074536
vn -5.7347808 -1.8942143 -0.6401302
v -0.0785165 -0.1166980 0.2625816
vn -5.4559050 -1.9255891 -1.9251965
v -0.0753219 -0.1210200 0.2531248
vn -4.7021856 0.9828119 -2.9969902
v -0.0753511 -0.1196530 0.2525832
vn -4.2257504 -4.0289779 1.0434861
v -0.0837488 -0.1060543 0.2904720
vn -3.2895489 -5.2757468 -0.2038598
v -0.0308672 -0.1244413 0.3473480
vn -4.1455612 -4.3895836 0.1740030
v -0.0221185 -0.1294897 0.3454440
vn -4.2610960 -3.9430711 0.5038266
v -0.0764172 -0.1204372 0.2594720
vn -3.4807196 -5.0935168 1.1214374
v -0.0518451 -0.1120592 0.3423376
vn -4.4716210 -3.9036865 1.6490288
v -0.0364138 -0.1348209 0.3023008
vn -2.9953494 -5.1491270 1.2329214
v -0.0331524 -0.1367522 0.3048096
vn -2.0041122 -5.8584161 0.1648574
v -0.0253166 -0.1377568 0.3173528
vn 3.9762545 -1.3838750 -0.5309703
v 0.0094507 -0.1422796 0.3528856
vn 3.8995085 -2.7321136 -0.3843921
v 0.0075574 -0.1451946 0.3517560
vn 0.6697751 -5.6148853 -0.2028741
v -0.0052739 -0.1523514 0.3561632
vn 2.0570703 -5.0356531 0.8925413
v -0.0004993 -0.1508609 0.3533808
vn 3.1255665 -4.6379128 1.0551900
v 0.0023959 -0.1497969 0.3516928
vn -2.7308352 -5.0894909 -0.5293792
v -0.0687702 -0.0962631 0.3480264
vn -3.0823374 -4.3513622 -2.8046093
v -0.0370614 -0.1219069 0.3564088
vn 4.6636992 -4.0669374 0.0805940
v 0.0298866 -0.1316606 0.3818760
vn 5.0838027 -2.9018884 -0.2473065
v 0.0307993 -0.1307270 0.3809000
vn 5.3676724 -1.6221105 2.5549233
v 0.0304673 -0.1294601 0.3839296
vn 1.4530394 -2.9751990 -4.7818255
v 0.0295610 -0.1301394 0.3789384
vn 3.7035282 -3.8990126 -1.8905627
v 0.0303445 -0.1312025 0.3804448
vn 4.3304629 -2.5888498 -3.2973545
v 0.0306432 -0.1301228 0.3797880
vn 5.6750369 -2.1066370 1.5288798
v 0.0309887 -0.1295051 0.3822032
vn 5.9561224 -0.2335181 0.7427984
v 0.0318945 -0.1267347 0.3817104
vn 4.7672091 -1.5494224 -3.6332464
v 0.0309815 -0.1269685 0.3785640
vn 5.7392468 -0.6613760 -1.9194610
v 0.0316745 -0.1267820 0.3797088
vn 3.6154952 -3.7967665 -3.3545904
v -0.0232742 -0.1434286 0.3704816
vn 6.0319901 0.3441137 -1.4362686
v -0.0206850 -0.1443905 0.3759360
vn 4.6693292 -1.7851629 -3.3645306
v -0.0208109 -0.1477967 0.3766168
vn 3.4691083 3.8734901 -3.1026709
v -0.0143855 -0.1463815 0.3869424
vn 5.3738680 1.2907156 -2.6053133
v -0.0192086 -0.1461946 0.3800544
vn 0.9047053 6.0674210 -1.1335382
v -0.0137513 -0.1450421 0.3907824
vn 1.7600938 5.5258141 -2.3936105
v -0.0133059 -0.1456657 0.3892608
vn -0.9287336 5.6654267 0.3797145
v -0.0126842 -0.1440513 0.3952176
vn 0.4788007 5.6594033 -2.6241863
v -0.0091350 -0.1450508 0.3927312
vn 0.3850198 -3.1524937 -4.9402337
v -0.0521223 -0.1229434 0.3642232
vn 1.4788661 -3.8022194 -4.6854129
v -0.0511667 -0.1328000 0.3712032
vn -2.4292922 -4.2248273 -2.9062827
v -0.0202006 -0.1603240 0.3867512
vn 2.3450327 -3.8237648 -4.2994184
v -0.0225364 -0.1485125 0.3757824
vn -0.6320699 -4.0318928 -4.4147243
v -0.0205510 -0.1555546 0.3823480
vn -1.9816960 -3.5965211 2.0702052
v -0.0137547 -0.1665858 0.3950200
vn -1.9103061 -0.6122324 5.9530635
v -0.0136553 -0.1555480 0.3971032
vn -1.9563851 -0.8071335 5.8979859
v -0.0153894 -0.1540622 0.3967696
vn -0.6260918 -3.3400126 2.8666873
v -0.0093103 -0.1663855 0.3974680
vn -1.9777751 -0.0136232 5.9420972
v -0.0171633 -0.1509530 0.3964352
vn -2.2021697 -5.4145513 -1.4090070
v -0.0145963 -0.1659856 0.3921728
vn -1.8548983 2.7892587 4.5705543
v -0.0131493 -0.1453694 0.3972880
vn -2.0612373 0.5735505 5.9075193
v -0.0154870 -0.1486006 0.3968176
vn -3.3466609 -4.8242016 -1.2764885
v -0.0227719 -0.1293261 0.3502176
vn -0.9514278 -5.4792986 0.7566095
v -0.0092237 -0.1519372 0.3625904
vn -0.8137981 -5.3520150 -0.2675636
v -0.0079552 -0.1524272 0.3593768
vn 4.2312050 -1.6461922 0.9617081
v 0.0106111 -0.1349048 0.3640232
vn 4.1063008 -4.4788227 1.5399446
v 0.0028680 -0.1399272 0.3646456
vn 3.2720950 -4.9817734 1.9324503
v 0.0070065 -0.1375006 0.3621640
vn 3.5412169 -4.4631376 2.4650760
v 0.0052391 -0.1395594 0.3602320
vn 4.3387260 -4.1949224 1.7101443
v 0.0011127 -0.1421733 0.3633048
vn 3.1899011 -4.9666710 2.1476281
v 0.0089823 -0.1367020 0.3611840
vn 2.9099960 -5.2350788 1.8018640
v 0.0099546 -0.1359197 0.3615064
vn 4.3579321 -4.0600162 1.9825189
v -0.0037669 -0.1469965 0.3650544
vn 4.5531044 -3.9532578 1.7658039
v -0.0011276 -0.1443463 0.3641880
vn 2.3475356 -5.5273166 1.6761315
v -0.0076327 -0.1515258 0.3624232
vn 4.2731524 -4.0673399 2.0778871
v -0.0040888 -0.1485520 0.3628352
vn 4.0247693 -4.3053122 2.0796323
v -0.0044271 -0.1507174 0.3590568
vn 3.0990295 -4.2731133 3.4027500
v 0.0081680 -0.1395821 0.3573368
vn 3.2116795 -4.6031356 2.7741873
v 0.0074703 -0.1384431 0.3595480
vn 3.1998060 -4.1042557 3.5143886
v 0.0085865 -0.1408688 0.3554416
vn 4.7679205 -2.7296531 1.6314421
v 0.0098638 -0.1399236 0.3553416
vn 6.0517683 -0.3570326 -1.1743712
v 0.0099934 -0.1392388 0.3551096
vn 4.5665913 -1.9522374 -3.4725192
v 0.0308644 -0.1285901 0.3791048
vn 1.1179266 -5.1248889 -2.2541244
v -0.0333746 -0.1365533 0.3012888
vn -2.4670291 -5.4078846 0.3538537
v -0.0346892 -0.1364227 0.3017608
vn 2.9814248 -3.9735103 -2.2337546
v -0.0465221 -0.1311894 0.2654248
vn -4.4634495 -3.6643364 -0.8055169
v -0.0747615 -0.1224592 0.2535848
vn -2.6351452 -4.5821414 -2.2351542
v -0.0684120 -0.1269082 0.2484760
vn 3.3696275 -3.7556157 3.7231150
v 0.0073363 -0.1434665 0.3538528
vn 3.3917611 -3.8417521 3.5896354
v 0.0052405 -0.1464821 0.3527448
vn 3.2799282 -4.8198676 2.0741670
v -0.0039673 -0.1517164 0.3561880
vn 2.5541339 -5.3236156 1.7577510
v -0.0062899 -0.1519627 0.3593640
vn 3.5943809 -3.7151694 3.5625594
v -0.0005273 -0.1498356 0.3546168
vn 3.3220150 -3.6854148 3.8429711
v 0.0026974 -0.1478866 0.3535104
vn 5.5003519 -1.9421042 -1.0518473
v 0.0311785 -0.1297499 0.3805928
vn 5.7009454 -0.9636930 -0.3257906
v 0.0319141 -0.1275618 0.3808920
vn 3.3475196 -1.9658872 -4.5595131
v -0.0187234 -0.1538565 0.3817592
vn 2.5522935 3.1145661 -4.2831368
v -0.0089853 -0.1468303 0.3899560
vn 3.0007300 0.8888097 -5.4452953
v -0.0063910 -0.1519840 0.3902864
vn 3.9566803 1.2051425 -4.6459284
v -0.0137391 -0.1484875 0.3865048
vn 1.8512772 4.8838186 -3.4527321
v -0.0088030 -0.1459590 0.3913336
vn -1.9662594 5.1105037 -0.5660468
v -0.0054306 -0.1418013 0.3967576
vn 0.3799177 4.5231528 -4.1990738
v -0.0071081 -0.1447702 0.3933696
vn 1.8245198 -2.3221736 -4.8753152
v -0.0177186 -0.1564720 0.3832152
vn -0.1578293 -4.1700597 -3.5863676
v -0.0141054 -0.1653572 0.3903904
vn 0.9815533 -4.4635344 -2.1943517
v -0.0109715 -0.1667851 0.3925952
vn -1.9752440 -0.4316444 5.9388962
v -0.0080658 -0.1583322 0.3987760
vn -2.0106435 -0.5170634 5.8888416
v -0.0124844 -0.1543696 0.3976680
vn -1.7341222 -0.0967317 6.0183849
v -0.0099717 -0.1561280 0.3981352
vn -1.6458998 -0.1185197 6.0435739
v -0.0117437 -0.1508376 0.3981200
vn 2.0835114 -4.7239094 -1.0916091
v -0.0012560 -0.1647682 0.3982936
vn 0.4827940 -3.1496818 3.0425835
v 0.0006654 -0.1636521 0.4007960
vn -1.9936949 -0.4112186 5.9301805
v -0.0061359 -0.1568925 0.3995280
vn -1.8036323 0.4134165 5.9881039
v -0.0133917 -0.1489991 0.3975944
vn -1.7666605 0.1072501 6.0220814
v -0.0100215 -0.1499611 0.3985248
vn -2.0534568 2.7228935 4.4637499
v -0.0093151 -0.1444158 0.3984424
vn 3.7148359 -4.1906853 2.6957357
v 0.0032886 -0.1421402 0.3587096
vn 4.3713989 -4.0464697 1.9597366
v 0.0009692 -0.1435079 0.3606384
vn 4.5846715 -3.8567896 1.8902121
v -0.0015208 -0.1460319 0.3615208
vn 4.0401192 -3.7923045 2.7996080
v 0.0008805 -0.1451798 0.3576928
vn 3.0295975 -3.9997346 3.7531240
v 0.0067410 -0.1419837 0.3556752
vn 3.1018553 -3.6178300 4.0942302
v 0.0047595 -0.1450299 0.3543912
vn 3.4865675 -3.5090454 3.8393402
v 0.0017545 -0.1466799 0.3552544
vn 2.7062786 2.5968151 -4.7944636
v -0.0059475 -0.1474110 0.3914512
vn 2.4242446 1.1874056 -5.6531467
v -0.0043155 -0.1513070 0.3914960
vn 3.0742662 -0.4412373 -5.3601708
v -0.0072643 -0.1551325 0.3894032
vn 1.6974475 3.2726769 -5.0112147
v -0.0053495 -0.1464035 0.3926568
vn -0.4833213 4.1224995 -3.6809640
v 0.0036530 -0.1387305 0.3972224
vn -2.3103430 3.0426831 4.2581649
v -0.0056218 -0.1432696 0.3995064
vn -2.4753067 4.4291754 3.5263076
v -0.0027798 -0.1414662 0.3991328
vn -2.0424721 5.0895419 0.8520277
v -0.0007648 -0.1397196 0.3981264
vn -1.5454857 5.5394454 -1.9512126
v 0.0011603 -0.1392816 0.3975160
vn 1.2752119 1.4313012 -5.9143548
v 0.0022314 -0.1442836 0.3948800
vn 2.8106277 -2.4963462 -4.9373479
v -0.0080183 -0.1616283 0.3908744
vn 2.8741074 -2.2592351 -4.8883610
v 0.0002136 -0.1586216 0.3941568
vn -2.1299462 -0.3107971 5.8844490
v -0.0078306 -0.1546109 0.3988792
vn -1.8303928 -0.4310312 5.9898543
v -0.0090973 -0.1520441 0.3986992
vn 2.8771923 -2.0264895 -4.9681177
v 0.0025070 -0.1576543 0.3950520
vn 3.1915393 -3.8036313 -1.4688574
v 0.0096354 -0.1588998 0.4006848
vn -1.7130021 -0.5761243 6.0114326
v 0.0029613 -0.1502964 0.4030200
vn -1.0488399 -1.1720159 5.9264998
v 0.0049842 -0.1586652 0.4029088
vn -2.1667850 -0.4803770 5.8723011
v -0.0036959 -0.1497711 0.4008672
vn 1.5329994 -3.1078258 3.5636868
v 0.0085929 -0.1589563 0.4030032
vn -2.0494664 0.4727599 5.9196258
v -0.0081405 -0.1468366 0.3989792
vn -2.2896280 0.1601475 5.8378334
v -0.0073111 -0.1489889 0.3994936
vn 3.2485430 -3.8912430 3.6563129
v 0.0040070 -0.1434517 0.3563512
vn 2.2078576 1.5079708 -5.6302433
v -0.0041653 -0.1485046 0.3919840
vn 2.4051425 0.8560728 -5.7398300
v -0.0024252 -0.1504518 0.3924168
vn 2.9825768 -1.5358069 -5.3102121
v -0.0061300 -0.1579129 0.3908960
vn 2.8039291 -0.9318254 -5.5410662
v -0.0013323 -0.1560484 0.3929624
vn 2.6583357 0.0576012 -5.6605973
v -0.0008495 -0.1526112 0.3928104
vn 2.8893285 -1.5369846 -5.3607020
v -0.0034310 -0.1568767 0.3920720
vn 1.7308737 0.9841654 -5.9522624
v 0.0000031 -0.1458000 0.3940760
vn -0.1484149 4.2419848 -2.8704031
v 0.0055263 -0.1381366 0.3976784
vn 1.2055972 1.5304763 -5.8407879
v 0.0044559 -0.1424411 0.3957552
vn -1.8416977 3.0443473 5.1449556
v -0.0038434 -0.1429306 0.3998520
vn -2.2625196 0.4261471 5.6887646
v -0.0012882 -0.1464425 0.4021688
vn -2.7815454 0.3804486 5.6028347
v -0.0041689 -0.1468036 0.4007784
vn -2.6842172 0.1934769 5.6194067
v -0.0028487 -0.1468375 0.4014768
vn -1.0735929 4.8657680 2.0267086
v 0.0058492 -0.1379507 0.3997208
vn -2.0020242 3.6606600 4.6350770
v -0.0009323 -0.1418359 0.4003960
vn 2.0280559 0.5813680 -5.9048510
v 0.0041799 -0.1460167 0.3952456
vn 2.8277664 -0.6691799 -5.5601130
v 0.0008595 -0.1551779 0.3938776
vn 2.5734112 -1.2810746 -5.5599422
v 0.0131353 -0.1524237 0.3996680
vn 2.5867937 -0.6076344 -5.6922884
v 0.0114366 -0.1503867 0.3986472
vn 2.5116496 0.0936840 -5.7077713
v 0.0013278 -0.1513155 0.3937704
vn 2.4541736 -0.0085622 -5.7305012
v 0.0036392 -0.1497106 0.3947880
vn 2.4517140 -0.0212927 -5.7568855
v 0.0060434 -0.1476393 0.3958320
vn 2.5594888 -0.5839825 -5.7055836
v 0.0099173 -0.1479464 0.3977224
vn 4.2039547 -4.1549344 -0.4666833
v 0.0146344 -0.1543153 0.4015344
vn 3.4200835 -2.4307590 -3.8025994
v 0.0147315 -0.1537104 0.4006744
vn -1.5071713 -0.6471295 6.0512872
v 0.0026426 -0.1482384 0.4031568
vn -1.0331995 -0.2557321 6.1673222
v 0.0049344 -0.1479423 0.4036616
vn 1.0019938 0.6991270 5.5853481
v 0.0154101 -0.1456190 0.4050952
vn -0.6359265 0.5335537 6.1513596
v 0.0073307 -0.1443360 0.4041272
vn 2.0426970 -2.4258895 3.5305583
v 0.0158053 -0.1524230 0.4043776
vn -1.9723101 -0.1162964 5.8943162
v 0.0004669 -0.1462729 0.4027904
vn 2.2900758 0.8507917 -5.7863159
v -0.0002913 -0.1491338 0.3934296
vn 0.8587497 4.8005457 -0.6676082
v 0.0112889 -0.1377868 0.4001304
vn 1.2028514 3.5753593 -4.3638291
v 0.0073463 -0.1383546 0.3978248
vn 1.7328281 1.6949402 -5.6849680
v 0.0069064 -0.1407989 0.3968064
vn 2.2067425 -0.0057370 -5.8523312
v 0.0083437 -0.1455264 0.3967664
vn 1.6982150 1.0497520 -5.9458504
v 0.0087331 -0.1421887 0.3972224
vn -2.2585287 2.3567252 5.3084273
v -0.0005184 -0.1435818 0.4016288
vn -1.8127540 1.0039942 5.8190231
v 0.0020775 -0.1453196 0.4032560
vn -0.5630016 4.0864620 4.2061729
v 0.0115167 -0.1390203 0.4025272
vn -1.7832170 3.2479968 5.0402508
v 0.0013760 -0.1428067 0.4019352
vn -1.5052412 2.4556558 5.4258165
v 0.0036990 -0.1437769 0.4033208
vn -0.8909918 2.0729620 5.6563115
v 0.0070022 -0.1435337 0.4039568
vn 3.1191554 -0.8891620 -5.3162680
v 0.0149231 -0.1505524 0.4001704
vn 1.8027067 -0.0542891 -5.9591541
v 0.0101680 -0.1438408 0.3973440
vn 4.4315782 -1.8167995 -1.2380562
v 0.0183124 -0.1500152 0.4027080
vn -1.2826376 -0.3026896 6.0939317
v 0.0024182 -0.1460656 0.4033600
vn 0.2609323 2.7457495 5.4263391
v 0.0123856 -0.1399817 0.4031576
vn 1.8766296 -1.7464591 0.9262317
v 0.0171043 -0.1514165 0.4043320
vn 3.4734607 1.9044551 3.3149610
v 0.0180693 -0.1432567 0.4033600
vn 4.6491942 0.1644502 3.3158598
v 0.0185656 -0.1465774 0.4032776
vn -1.1489854 0.7210001 6.0704432
v 0.0044453 -0.1445899 0.4036912
vn 4.1452537 -1.3847049 2.8563364
v 0.0180883 -0.1499858 0.4037208
vn 1.1853187 4.4081130 3.5538626
v 0.0133702 -0.1387944 0.4021744
vn 2.6997685 2.7740209 -4.0558805
v 0.0144648 -0.1397700 0.3996432
vn 3.2597191 4.8118238 -0.9917823
v 0.0146102 -0.1390486 0.4010656
vn 1.7895505 5.2519712 0.0241104
v 0.0132792 -0.1383310 0.4010792
vn 2.0298028 0.5165184 -5.7404604
v 0.0111376 -0.1429466 0.3976112
vn 4.6249542 -0.2917828 -1.6155906
v 0.0188309 -0.1466463 0.4022976
vn 2.9396720 -0.6973789 -5.4349632
v 0.0148708 -0.1468179 0.3995928
vn 4.1555290 1.1120398 -1.4168518
v 0.0185564 -0.1432694 0.4017848
vn 2.4826622 -0.3334472 -5.7319703
v 0.0133310 -0.1445983 0.3986872
vn 2.7712533 4.4246159 2.5114045
v 0.0145823 -0.1391422 0.4018624
vn 3.7855656 3.9312835 1.4684346
v 0.0167967 -0.1409399 0.4020232
vn 2.6614053 0.3051646 -5.5497785
v 0.0147881 -0.1431867 0.3992888
vn 3.8235769 2.4271700 -2.9676776
v 0.0167848 -0.1411708 0.4007688
# 798 vertices, 0 vertices normals

f 1//1 2//2 3//3
f 1//1 4//4 5//5
f 1//1 3//3 6//6
f 6//6 7//7 1//1
f 1//1 7//7 4//4
f 5//5 2//2 1//1
f 2//2 8//8 3//3
f 9//9 2//2 5//5
f 2//2 10//10 8//8
f 2//2 8//8 10//10
f 9//9 10//10 2//2
f 11//11 6//6 3//3
f 3//3 8//8 11//11
f 12//12 4//4 7//7
f 13//13 5//5 4//4
f 12//12 13//13 4//4
f 9//9 5//5 13//13
f 14//14 6//6 15//15
f 6//6 11//11 16//16
f 16//16 15//15 6//6
f 14//14 7//7 6//6
f 7//7 17//17 12//12
f 17//17 7//7 14//14
f 18//18 8//8 10//10
f 8//8 18//18 19//19
f 8//8 19//19 11//11
f 8//8 19//19 18//18
f 11//11 19//19 8//8
f 20//20 9//9 21//21
f 20//20 22//22 9//9
f 22//22 10//10 9//9
f 21//21 9//9 13//13
f 10//10 22//22 18//18
f 19//19 23//23 11//11
f 11//11 23//23 24//24
f 16//16 11//11 24//24
f 12//12 17//17 25//25
f 12//12 25//25 13//13
f 26//26 27//27 13//13
f 28//28 26//26 13//13
f 21//21 13//13 29//29
f 29//29 13//13 27//27
f 13//13 25//25 28//28
f 30//30 14//14 31//31
f 15//15 31//31 14//14
f 30//30 17//17 14//14
f 32//32 15//15 33//33
f 15//15 16//16 34//34
f 35//35 33//33 15//15
f 34//34 35//35 15//15
f 32//32 31//31 15//15
f 16//16 24//24 36//36
f 34//34 16//16 37//37
f 16//16 36//36 37//37
f 38//38 17//17 30//30
f 17//17 38//38 25//25
f 19//19 18//18 39//39
f 18//18 22//22 40//40
f 39//39 18//18 40//40
f 39//39 41//41 19//19
f 23//23 19//19 42//42
f 42//42 19//19 41//41
f 20//20 29//29 43//43
f 43//43 44//44 20//20
f 20//20 44//44 45//45
f 46//46 22//22 20//20
f 47//47 46//46 20//20
f 47//47 20//20 45//45
f 21//21 29//29 20//20
f 48//48 40//40 22//22
f 22//22 46//46 48//48
f 42//42 49//49 23//23
f 23//23 49//49 24//24
f 49//49 50//50 24//24
f 36//36 24//24 51//51
f 24//24 50//50 52//52
f 51//51 24//24 52//52
f 28//28 25//25 53//53
f 25//25 38//38 53//53
f 26//26 54//54 27//27
f 26//26 55//55 56//56
f 55//55 26//26 28//28
f 56//56 54//54 26//26
f 57//57 58//58 27//27
f 59//59 57//57 27//27
f 60//60 29//29 27//27
f 61//61 60//60 27//27
f 27//27 54//54 59//59
f 27//27 58//58 61//61
f 28//28 53//53 55//55
f 43//43 29//29 60//60
f 31//31 62//62 30//30
f 30//30 62//62 38//38
f 32//32 63//63 31//31
f 62//62 31//31 63//63
f 33//33 64//64 32//32
f 32//32 64//64 63//63
f 33//33 65//65 66//66
f 67//67 33//33 66//66
f 33//33 35//35 65//65
f 67//67 64//64 33//33
f 37//37 35//35 34//34
f 35//35 37//37 65//65
f 51//51 37//37 36//36
f 68//68 69//69 37//37
f 69//69 70//70 37//37
f 51//51 71//71 37//37
f 37//37 71//71 68//68
f 65//65 37//37 70//70
f 38//38 72//72 73//73
f 74//74 38//38 73//73
f 38//38 74//74 53//53
f 62//62 72//72 38//38
f 39//39 75//75 41//41
f 40//40 75//75 39//39
f 40//40 76//76 75//75
f 48//48 76//76 40//40
f 75//75 77//77 41//41
f 42//42 41//41 77//77
f 77//77 78//78 42//42
f 42//42 78//78 49//49
f 44//44 43//43 60//60
f 44//44 79//79 45//45
f 79//79 44//44 61//61
f 61//61 44//44 60//60
f 80//80 45//45 79//79
f 80//80 47//47 45//45
f 46//46 81//81 82//82
f 48//48 46//46 82//82
f 81//81 46//46 47//47
f 81//81 47//47 80//80
f 48//48 82//82 83//83
f 83//83 76//76 48//48
f 78//78 50//50 49//49
f 50//50 84//84 85//85
f 52//52 50//50 85//85
f 84//84 50//50 78//78
f 52//52 85//85 51//51
f 51//51 85//85 86//86
f 87//87 51//51 86//86
f 68//68 51//51 87//87
f 71//71 51//51 68//68
f 53//53 74//74 55//55
f 54//54 56//56 88//88
f 59//59 54//54 88//88
f 89//89 56//56 55//55
f 90//90 91//91 55//55
f 55//55 92//92 90//90
f 55//55 91//91 89//89
f 92//92 55//55 74//74
f 89//89 93//93 56//56
f 93//93 88//88 56//56
f 94//94 95//95 57//57
f 96//96 57//57 95//95
f 97//97 57//57 88//88
f 59//59 88//88 57//57
f 96//96 98//98 57//57
f 57//57 98//98 79//79
f 58//58 57//57 79//79
f 57//57 97//97 94//94
f 61//61 58//58 79//79
f 62//62 99//99 72//72
f 62//62 100//100 99//99
f 63//63 100//100 62//62
f 67//67 100//100 63//63
f 63//63 64//64 67//67
f 66//66 65//65 101//101
f 101//101 65//65 70//70
f 101//101 102//102 66//66
f 66//66 102//102 103//103
f 103//103 104//104 66//66
f 104//104 67//67 66//66
f 67//67 105//105 100//100
f 104//104 106//106 67//67
f 105//105 67//67 106//106
f 87//87 107//107 68//68
f 107//107 108//108 68//68
f 68//68 108//108 69//69
f 107//107 109//109 69//69
f 69//69 108//108 107//107
f 70//70 69//69 109//109
f 103//103 70//70 110//110
f 111//111 110//110 70//70
f 112//112 111//111 70//70
f 112//112 70//70 109//109
f 70//70 102//102 101//101
f 103//103 102//102 70//70
f 72//72 99//99 73//73
f 74//74 73//73 113//113
f 114//114 113//113 73//73
f 73//73 115//115 116//116
f 116//116 114//114 73//73
f 73//73 99//99 115//115
f 113//113 92//92 74//74
f 117//117 77//77 75//75
f 75//75 76//76 117//117
f 76//76 83//83 117//117
f 77//77 117//117 118//118
f 78//78 77//77 118//118
f 78//78 118//118 84//84
f 119//119 79//79 98//98
f 80//80 79//79 120//120
f 119//119 120//120 79//79
f 81//81 80//80 120//120
f 120//120 82//82 81//81
f 120//120 83//83 82//82
f 121//121 117//117 83//83
f 83//83 120//120 121//121
f 85//85 84//84 122//122
f 123//123 84//84 118//118
f 84//84 123//123 122//122
f 124//124 125//125 85//85
f 126//126 124//124 85//85
f 85//85 122//122 126//126
f 85//85 125//125 86//86
f 127//127 86//86 125//125
f 128//128 86//86 129//129
f 130//130 129//129 86//86
f 128//128 87//87 86//86
f 86//86 127//127 131//131
f 130//130 86//86 131//131
f 87//87 132//132 133//133
f 87//87 133//133 134//134
f 107//107 87//87 134//134
f 128//128 135//135 87//87
f 87//87 135//135 132//132
f 136//136 97//97 88//88
f 137//137 138//138 88//88
f 88//88 138//138 136//136
f 93//93 139//139 88//88
f 88//88 139//139 137//137
f 140//140 93//93 89//89
f 89//89 91//91 140//140
f 90//90 92//92 141//141
f 90//90 141//141 91//91
f 140//140 91//91 142//142
f 142//142 91//91 143//143
f 143//143 91//91 141//141
f 92//92 113//113 141//141
f 93//93 140//140 139//139
f 144//144 145//145 94//94
f 94//94 145//145 95//95
f 94//94 97//97 144//144
f 146//146 95//95 145//145
f 146//146 96//96 95//95
f 147//147 96//96 146//146
f 98//98 96//96 147//147
f 97//97 136//136 144//144
f 148//148 98//98 149//149
f 148//148 119//119 98//98
f 98//98 147//147 149//149
f 100//100 150//150 99//99
f 99//99 150//150 115//115
f 105//105 150//150 100//100
f 103//103 151//151 152//152
f 103//103 110//110 151//151
f 152//152 153//153 103//103
f 103//103 153//153 104//104
f 154//154 104//104 155//155
f 104//104 154//154 106//106
f 156//156 155//155 104//104
f 104//104 153//153 156//156
f 105//105 157//157 150//150
f 105//105 158//158 157//157
f 106//106 158//158 105//105
f 159//159 106//106 160//160
f 159//159 158//158 106//106
f 161//161 160//160 106//106
f 154//154 161//161 106//106
f 134//134 162//162 107//107
f 107//107 162//162 109//109
f 112//112 109//109 162//162
f 163//163 151//151 110//110
f 110//110 111//111 163//163
f 162//162 111//111 112//112
f 111//111 162//162 164//164
f 163//163 111//111 164//164
f 113//113 114//114 141//141
f 114//114 116//116 141//141
f 115//115 165//165 166//166
f 115//115 150//150 165//165
f 166//166 167//167 115//115
f 167//167 116//116 115//115
f 116//116 167//167 168//168
f 168//168 141//141 116//116
f 169//169 117//117 121//121
f 118//118 117//117 169//169
f 118//118 169//169 123//123
f 170//170 119//119 171//171
f 119//119 170//170 120//120
f 119//119 148//148 171//171
f 170//170 172//172 120//120
f 121//121 120//120 172//172
f 169//169 121//121 172//172
f 126//126 122//122 123//123
f 123//123 173//173 172//172
f 174//174 123//123 172//172
f 126//126 123//123 175//175
f 123//123 169//169 176//176
f 173//173 123//123 176//176
f 175//175 123//123 174//174
f 177//177 125//125 124//124
f 178//178 124//124 175//175
f 175//175 124//124 126//126
f 178//178 177//177 124//124
f 125//125 177//177 127//127
f 177//177 178//178 127//127
f 127//127 178//178 179//179
f 131//131 127//127 179//179
f 180//180 128//128 181//181
f 129//129 182//182 128//128
f 182//182 183//183 128//128
f 184//184 135//135 128//128
f 180//180 184//184 128//128
f 181//181 128//128 183//183
f 185//185 186//186 129//129
f 129//129 130//130 185//185
f 187//187 182//182 129//129
f 129//129 188//188 189//189
f 188//188 129//129 186//186
f 189//189 187//187 129//129
f 185//185 130//130 131//131
f 185//185 131//131 190//190
f 179//179 191//191 131//131
f 191//191 190//190 131//131
f 135//135 192//192 132//132
f 133//133 132//132 193//193
f 132//132 192//192 194//194
f 193//193 132//132 194//194
f 195//195 134//134 133//133
f 196//196 197//197 133//133
f 193//193 196//196 133//133
f 133//133 197//197 195//195
f 164//164 162//162 134//134
f 195//195 198//198 134//134
f 134//134 198//198 199//199
f 200//200 164//164 134//134
f 199//199 200//200 134//134
f 192//192 135//135 184//184
f 201//201 136//136 202//202
f 144//144 136//136 203//203
f 201//201 203//203 136//136
f 204//204 136//136 138//138
f 136//136 204//204 205//205
f 206//206 202//202 136//136
f 205//205 206//206 136//136
f 207//207 204//204 137//137
f 137//137 204//204 138//138
f 207//207 137//137 208//208
f 137//137 139//139 209//209
f 208//208 137//137 209//209
f 139//139 210//210 209//209
f 140//140 211//211 139//139
f 139//139 211//211 210//210
f 140//140 142//142 212//212
f 212//212 211//211 140//140
f 168//168 143//143 141//141
f 213//213 212//212 142//142
f 214//214 213//213 142//142
f 143//143 215//215 142//142
f 142//142 215//215 214//214
f 168//168 216//216 143//143
f 217//217 143//143 216//216
f 218//218 143//143 217//217
f 143//143 218//218 219//219
f 215//215 143//143 219//219
f 145//145 144//144 220//220
f 220//220 144//144 203//203
f 145//145 220//220 221//221
f 221//221 146//146 145//145
f 221//221 147//147 146//146
f 222//222 147//147 221//221
f 222//222 223//223 147//147
f 149//149 147//147 224//224
f 224//224 147//147 223//223
f 225//225 226//226 148//148
f 227//227 225//225 148//148
f 149//149 228//228 148//148
f 171//171 148//148 226//226
f 148//148 228//228 227//227
f 228//228 149//149 224//224
f 150//150 157//157 165//165
f 229//229 152//152 151//151
f 163//163 229//229 151//151
f 230//230 231//231 152//152
f 152//152 229//229 230//230
f 153//153 152//152 231//231
f 156//156 153//153 231//231
f 154//154 155//155 232//232
f 232//232 161//161 154//154
f 156//156 232//232 155//155
f 156//156 231//231 233//233
f 156//156 234//234 235//235
f 156//156 236//236 232//232
f 156//156 233//233 234//234
f 235//235 237//237 156//156
f 156//156 237//237 236//236
f 157//157 158//158 165//165
f 159//159 238//238 158//158
f 165//165 158//158 238//238
f 159//159 239//239 238//238
f 160//160 239//239 159//159
f 240//240 241//241 160//160
f 160//160 161//161 240//240
f 241//241 239//239 160//160
f 161//161 232//232 236//236
f 240//240 161//161 236//236
f 163//163 164//164 229//229
f 242//242 229//229 164//164
f 200//200 242//242 164//164
f 243//243 166//166 165//165
f 165//165 238//238 243//243
f 166//166 243//243 244//244
f 216//216 166//166 244//244
f 167//167 166//166 216//216
f 168//168 167//167 216//216
f 172//172 176//176 169//169
f 245//245 170//170 246//246
f 246//246 170//170 171//171
f 247//247 170//170 245//245
f 172//172 170//170 247//247
f 246//246 171//171 248//248
f 226//226 249//249 171//171
f 249//249 248//248 171//171
f 172//172 247//247 250//250
f 251//251 172//172 250//250
f 172//172 173//173 176//176
f 172//172 252//252 174//174
f 253//253 172//172 251//251
f 172//172 253//253 252//252
f 174//174 252//252 175//175
f 175//175 252//252 178//178
f 178//178 254//254 179//179
f 178//178 252//252 254//254
f 255//255 179//179 254//254
f 179//179 255//255 191//191
f 256//256 184//184 180//180
f 257//257 180//180 181//181
f 257//257 256//256 180//180
f 258//258 181//181 259//259
f 258//258 260//260 181//181
f 259//259 181//181 183//183
f 181//181 260//260 257//257
f 183//183 182//182 261//261
f 261//261 182//182 187//187
f 261//261 259//259 183//183
f 184//184 256//256 262//262
f 184//184 262//262 192//192
f 190//190 263//263 185//185
f 185//185 263//263 186//186
f 264//264 186//186 265//265
f 264//264 188//188 186//186
f 263//263 265//265 186//186
f 261//261 187//187 259//259
f 259//259 187//187 189//189
f 188//188 264//264 259//259
f 189//189 188//188 259//259
f 191//191 266//266 190//190
f 263//263 190//190 266//266
f 191//191 255//255 266//266
f 257//257 194//194 192//192
f 192//192 262//262 257//257
f 267//267 196//196 193//193
f 193//193 194//194 267//267
f 268//268 267//267 194//194
f 257//257 268//268 194//194
f 269//269 195//195 197//197
f 270//270 198//198 195//195
f 271//271 270//270 195//195
f 269//269 271//271 195//195
f 267//267 272//272 196//196
f 196//196 272//272 197//197
f 197//197 273//273 274//274
f 269//269 197//197 274//274
f 272//272 273//273 197//197
f 198//198 270//270 199//199
f 275//275 200//200 199//199
f 271//271 199//199 270//270
f 276//276 275//275 199//199
f 271//271 276//276 199//199
f 200//200 277//277 278//278
f 278//278 242//242 200//200
f 200//200 275//275 277//277
f 201//201 279//279 203//203
f 201//201 202//202 279//279
f 202//202 206//206 279//279
f 203//203 280//280 220//220
f 280//280 203//203 279//279
f 204//204 207//207 205//205
f 281//281 205//205 282//282
f 205//205 207//207 283//283
f 282//282 205//205 283//283
f 281//281 206//206 205//205
f 206//206 281//281 279//279
f 208//208 283//283 207//207
f 209//209 284//284 208//208
f 208//208 284//284 283//283
f 285//285 209//209 210//210
f 284//284 209//209 285//285
f 286//286 210//210 212//212
f 211//211 212//212 210//210
f 286//286 285//285 210//210
f 212//212 213//213 286//286
f 286//286 213//213 272//272
f 213//213 273//273 272//272
f 273//273 213//213 214//214
f 215//215 273//273 214//214
f 273//273 215//215 274//274
f 274//274 215//215 219//219
f 216//216 244//244 217//217
f 287//287 218//218 217//217
f 288//288 289//289 217//217
f 217//217 244//244 288//288
f 290//290 217//217 289//289
f 217//217 290//290 287//287
f 291//291 218//218 287//287
f 218//218 291//291 271//271
f 219//219 218//218 271//271
f 274//274 219//219 271//271
f 292//292 293//293 220//220
f 220//220 294//294 221//221
f 295//295 296//296 220//220
f 295//295 220//220 297//297
f 297//297 220//220 280//280
f 296//296 292//292 220//220
f 294//294 220//220 293//293
f 298//298 221//221 294//294
f 221//221 299//299 222//222
f 298//298 299//299 221//221
f 299//299 300//300 222//222
f 223//223 222//222 301//301
f 301//301 222//222 300//300
f 223//223 301//301 302//302
f 227//227 224//224 223//223
f 225//225 227//227 223//223
f 223//223 303//303 225//225
f 223//223 302//302 303//303
f 227//227 228//228 224//224
f 225//225 303//303 226//226
f 304//304 226//226 303//303
f 226//226 304//304 305//305
f 305//305 306//306 226//226
f 226//226 306//306 307//307
f 307//307 308//308 226//226
f 226//226 308//308 309//309
f 226//226 309//309 310//310
f 249//249 226//226 310//310
f 230//230 229//229 242//242
f 230//230 233//233 231//231
f 233//233 230//230 234//234
f 230//230 235//235 234//234
f 235//235 230//230 311//311
f 230//230 312//312 311//311
f 242//242 313//313 230//230
f 313//313 312//312 230//230
f 311//311 314//314 235//235
f 237//237 235//235 314//314
f 237//237 240//240 236//236
f 240//240 237//237 314//314
f 315//315 316//316 238//238
f 239//239 315//315 238//238
f 316//316 243//243 238//238
f 317//317 315//315 239//239
f 241//241 317//317 239//239
f 318//318 240//240 319//319
f 240//240 318//318 241//241
f 314//314 319//319 240//240
f 318//318 317//317 241//241
f 320//320 242//242 278//278
f 320//320 313//313 242//242
f 244//244 243//243 316//316
f 288//288 244//244 316//316
f 321//321 322//322 245//245
f 322//322 247//247 245//245
f 323//323 245//245 324//324
f 245//245 246//246 324//324
f 323//323 321//321 245//245
f 248//248 325//325 246//246
f 325//325 324//324 246//246
f 326//326 250//250 247//247
f 322//322 326//326 247//247
f 327//327 325//325 248//248
f 328//328 327//327 248//248
f 248//248 249//249 328//328
f 328//328 249//249 329//329
f 249//249 310//310 330//330
f 329//329 249//249 330//330
f 251//251 250//250 326//326
f 331//331 332//332 251//251
f 253//253 251//251 333//333
f 333//333 251//251 334//334
f 334//334 251//251 332//332
f 331//331 251//251 326//326
f 254//254 252//252 253//253
f 335//335 336//336 253//253
f 337//337 338//338 253//253
f 337//337 253//253 333//333
f 335//335 253//253 338//338
f 253//253 336//336 254//254
f 336//336 339//339 254//254
f 255//255 254//254 340//340
f 254//254 339//339 340//340
f 255//255 341//341 266//266
f 255//255 340//340 341//341
f 262//262 256//256 257//257
f 342//342 268//268 257//257
f 343//343 342//342 257//257
f 343//343 257//257 344//344
f 260//260 344//344 257//257
f 345//345 258//258 259//259
f 345//345 344//344 258//258
f 258//258 344//344 260//260
f 259//259 346//346 345//345
f 259//259 264//264 346//346
f 263//263 266//266 341//341
f 341//341 347//347 263//263
f 263//263 347//347 265//265
f 348//348 264//264 349//349
f 265//265 349//349 264//264
f 348//348 346//346 264//264
f 350//350 265//265 351//351
f 347//347 351//351 265//265
f 349//349 265//265 350//350
f 286//286 272//272 267//267
f 352//352 267//267 268//268
f 353//353 285//285 267//267
f 267//267 285//285 286//286
f 267//267 352//352 353//353
f 342//342 352//352 268//268
f 269//269 274//274 271//271
f 291//291 276//276 271//271
f 354//354 277//277 275//275
f 275//275 276//276 354//354
f 276//276 291//291 355//355
f 354//354 276//276 355//355
f 354//354 278//278 277//277
f 354//354 355//355 278//278
f 278//278 356//356 357//357
f 356//356 278//278 358//358
f 278//278 290//290 358//358
f 290//290 278//278 355//355
f 320//320 278//278 357//357
f 279//279 359//359 280//280
f 360//360 279//279 281//281
f 359//359 279//279 361//361
f 360//360 361//361 279//279
f 362//362 297//297 280//280
f 362//362 280//280 359//359
f 281//281 363//363 360//360
f 282//282 363//363 281//281
f 282//282 283//283 364//364
f 364//364 365//365 282//282
f 282//282 365//365 363//363
f 284//284 364//364 283//283
f 353//353 284//284 285//285
f 364//364 284//284 353//353
f 287//287 355//355 291//291
f 287//287 290//290 355//355
f 288//288 315//315 366//366
f 288//288 367//367 289//289
f 366//366 368//368 288//288
f 288//288 368//368 367//367
f 288//288 316//316 315//315
f 358//358 289//289 367//367
f 358//358 290//290 289//289
f 292//292 369//369 293//293
f 292//292 296//296 370//370
f 292//292 370//370 371//371
f 371//371 369//369 292//292
f 294//294 293//293 372//372
f 373//373 372//372 293//293
f 293//293 369//369 373//373
f 294//294 372//372 374//374
f 294//294 374//374 375//375
f 376//376 294//294 377//377
f 375//375 377//377 294//294
f 378//378 298//298 294//294
f 379//379 294//294 380//380
f 294//294 379//379 381//381
f 294//294 381//381 382//382
f 294//294 382//382 383//383
f 383//383 378//378 294//294
f 380//380 294//294 376//376
f 384//384 295//295 297//297
f 295//295 385//385 386//386
f 386//386 387//387 295//295
f 387//387 388//388 295//295
f 389//389 295//295 384//384
f 390//390 296//296 295//295
f 388//388 390//390 295//295
f 389//389 385//385 295//295
f 391//391 296//296 390//390
f 391//391 370//370 296//296
f 392//392 297//297 362//362
f 297//297 393//393 384//384
f 393//393 297//297 392//392
f 298//298 394//394 299//299
f 378//378 395//395 298//298
f 309//309 394//394 298//298
f 395//395 309//309 298//298
f 299//299 396//396 397//397
f 299//299 397//397 398//398
f 398//398 399//399 299//299
f 299//299 399//399 300//300
f 396//396 299//299 394//394
f 400//400 401//401 300//300
f 400//400 300//300 399//399
f 300//300 401//401 402//402
f 402//402 301//301 300//300
f 302//302 301//301 402//402
f 402//402 403//403 302//302
f 303//303 302//302 403//403
f 403//403 304//304 303//303
f 403//403 404//404 304//304
f 305//305 304//304 404//404
f 404//404 400//400 305//305
f 305//305 400//400 306//306
f 405//405 306//306 406//406
f 400//400 406//406 306//306
f 405//405 307//307 306//306
f 405//405 308//308 307//307
f 396//396 309//309 308//308
f 397//397 396//396 308//308
f 397//397 308//308 405//405
f 310//310 309//309 395//395
f 394//394 309//309 396//396
f 310//310 407//407 408//408
f 310//310 408//408 330//330
f 310//310 395//395 409//409
f 409//409 407//407 310//310
f 410//410 311//311 411//411
f 412//412 413//413 311//311
f 311//311 414//414 314//314
f 410//410 414//414 311//311
f 411//411 311//311 413//413
f 311//311 312//312 412//412
f 356//356 412//412 312//312
f 312//312 357//357 356//356
f 357//357 312//312 320//320
f 320//320 312//312 313//313
f 414//414 415//415 314//314
f 314//314 415//415 319//319
f 366//366 315//315 317//317
f 317//317 318//318 366//366
f 318//318 319//319 416//416
f 318//318 417//417 366//366
f 416//416 417//417 318//318
f 415//415 416//416 319//319
f 418//418 321//321 419//419
f 419//419 321//321 420//420
f 321//321 418//418 322//322
f 420//420 321//321 421//421
f 323//323 422//422 321//321
f 422//422 421//421 321//321
f 418//418 326//326 322//322
f 323//323 423//423 424//424
f 423//423 323//323 324//324
f 424//424 425//425 323//323
f 323//323 425//425 426//426
f 422//422 323//323 427//427
f 323//323 426//426 427//427
f 428//428 324//324 325//325
f 324//324 428//428 423//423
f 429//429 430//430 325//325
f 325//325 327//327 429//429
f 325//325 430//430 428//428
f 326//326 419//419 331//331
f 418//418 419//419 326//326
f 329//329 327//327 328//328
f 327//327 329//329 429//429
f 431//431 432//432 329//329
f 431//431 329//329 330//330
f 329//329 432//432 429//429
f 408//408 431//431 330//330
f 433//433 331//331 419//419
f 331//331 433//433 332//332
f 334//334 332//332 434//434
f 433//433 434//434 332//332
f 334//334 435//435 333//333
f 333//333 435//435 337//337
f 434//434 436//436 334//334
f 334//334 436//436 435//435
f 335//335 338//338 437//437
f 335//335 437//437 336//336
f 437//437 339//339 336//336
f 337//337 438//438 439//439
f 439//439 338//338 337//337
f 337//337 435//435 438//438
f 440//440 338//338 439//439
f 440//440 437//437 338//338
f 437//437 340//340 339//339
f 437//437 341//341 340//340
f 347//347 341//341 441//441
f 441//441 341//341 437//437
f 442//442 443//443 342//342
f 343//343 442//442 342//342
f 443//443 352//352 342//342
f 343//343 344//344 444//444
f 444//444 442//442 343//343
f 344//344 445//445 444//444
f 345//345 446//446 344//344
f 344//344 446//446 445//445
f 345//345 346//346 348//348
f 348//348 446//446 345//345
f 347//347 441//441 351//351
f 349//349 447//447 348//348
f 447//447 448//448 348//348
f 348//348 448//448 446//446
f 350//350 449//449 349//349
f 447//447 349//349 450//450
f 450//450 349//349 449//449
f 350//350 451//451 449//449
f 351//351 451//451 350//350
f 452//452 351//351 453//453
f 441//441 453//453 351//351
f 452//452 451//451 351//351
f 353//353 352//352 443//443
f 353//353 443//443 364//364
f 454//454 412//412 356//356
f 454//454 356//356 455//455
f 455//455 356//356 358//358
f 455//455 358//358 367//367
f 362//362 359//359 456//456
f 456//456 359//359 361//361
f 363//363 457//457 360//360
f 360//360 457//457 458//458
f 361//361 360//360 458//458
f 456//456 361//361 459//459
f 458//458 459//459 361//361
f 362//362 456//456 392//392
f 365//365 457//457 363//363
f 460//460 365//365 364//364
f 364//364 461//461 460//460
f 364//364 462//462 463//463
f 461//461 364//364 463//463
f 462//462 364//364 464//464
f 464//464 364//364 443//443
f 458//458 457//457 365//365
f 460//460 458//458 365//365
f 465//465 466//466 366//366
f 417//417 467//467 366//366
f 366//366 467//467 465//465
f 466//466 368//368 366//366
f 367//367 368//368 466//466
f 468//468 367//367 466//466
f 367//367 468//468 469//469
f 367//367 469//469 455//455
f 373//373 369//369 470//470
f 369//369 371//371 470//470
f 471//471 371//371 370//370
f 391//391 471//471 370//370
f 472//472 470//470 371//371
f 472//472 371//371 471//471
f 372//372 473//473 374//374
f 474//474 473//473 372//372
f 372//372 373//373 474//474
f 373//373 470//470 475//475
f 373//373 475//475 476//476
f 474//474 373//373 476//476
f 374//374 477//477 478//478
f 478//478 479//479 374//374
f 374//374 473//473 477//477
f 375//375 374//374 479//479
f 375//375 479//479 480//480
f 375//375 481//481 377//377
f 375//375 480//480 481//481
f 482//482 376//376 377//377
f 376//376 483//483 380//380
f 482//482 483//483 376//376
f 377//377 484//484 482//482
f 377//377 485//485 486//486
f 377//377 486//486 484//484
f 485//485 377//377 487//487
f 487//487 377//377 481//481
f 378//378 488//488 395//395
f 489//489 378//378 383//383
f 378//378 490//490 488//488
f 378//378 489//489 490//490
f 379//379 491//491 492//492
f 379//379 380//380 491//491
f 381//381 379//379 492//492
f 493//493 491//491 380//380
f 380//380 483//483 494//494
f 493//493 380//380 494//494
f 495//495 382//382 381//381
f 496//496 495//495 381//381
f 496//496 381//381 492//492
f 497//497 383//383 382//382
f 498//498 499//499 382//382
f 382//382 495//495 498//498
f 382//382 499//499 497//497
f 497//497 489//489 383//383
f 389//389 384//384 500//500
f 384//384 393//393 500//500
f 385//385 501//501 386//386
f 389//389 501//501 385//385
f 386//386 502//502 503//503
f 503//503 504//504 386//386
f 386//386 504//504 505//505
f 387//387 386//386 505//505
f 506//506 386//386 501//501
f 506//506 502//502 386//386
f 388//388 387//387 505//505
f 507//507 475//475 388//388
f 505//505 507//507 388//388
f 475//475 472//472 388//388
f 388//388 472//472 471//471
f 388//388 471//471 391//391
f 388//388 391//391 390//390
f 500//500 501//501 389//389
f 456//456 508//508 392//392
f 393//393 392//392 508//508
f 393//393 509//509 500//500
f 509//509 393//393 510//510
f 393//393 508//508 510//510
f 395//395 511//511 409//409
f 511//511 395//395 488//488
f 398//398 397//397 405//405
f 398//398 405//405 406//406
f 406//406 399//399 398//398
f 400//400 399//399 406//406
f 400//400 404//404 401//401
f 401//401 404//404 403//403
f 402//402 401//401 403//403
f 512//512 407//407 409//409
f 408//408 407//407 512//512
f 513//513 431//431 408//408
f 514//514 513//513 408//408
f 512//512 514//514 408//408
f 512//512 409//409 515//515
f 515//515 409//409 511//511
f 410//410 516//516 414//414
f 411//411 517//517 410//410
f 410//410 517//517 516//516
f 413//413 518//518 411//411
f 517//517 411//411 518//518
f 519//519 412//412 454//454
f 413//413 412//412 519//519
f 413//413 519//519 520//520
f 413//413 520//520 518//518
f 415//415 414//414 516//516
f 521//521 415//415 516//516
f 416//416 415//415 521//521
f 417//417 416//416 522//522
f 416//416 521//521 522//522
f 417//417 522//522 523//523
f 524//524 525//525 417//417
f 417//417 525//525 467//467
f 523//523 526//526 417//417
f 526//526 524//524 417//417
f 527//527 419//419 528//528
f 419//419 420//420 528//528
f 419//419 527//527 433//433
f 528//528 420//420 529//529
f 529//529 420//420 421//421
f 530//530 529//529 421//421
f 530//530 421//421 531//531
f 422//422 531//531 421//421
f 427//427 531//531 422//422
f 532//532 423//423 428//428
f 423//423 532//532 533//533
f 424//424 423//423 534//534
f 423//423 533//533 534//534
f 534//534 425//425 424//424
f 535//535 425//425 534//534
f 425//425 536//536 426//426
f 537//537 425//425 535//535
f 538//538 425//425 539//539
f 425//425 537//537 539//539
f 538//538 536//536 425//425
f 540//540 541//541 426//426
f 426//426 536//536 542//542
f 542//542 540//540 426//426
f 426//426 543//543 427//427
f 543//543 426//426 544//544
f 544//544 426//426 541//541
f 427//427 543//543 531//531
f 428//428 545//545 532//532
f 428//428 430//430 545//545
f 429//429 432//432 430//430
f 545//545 430//430 432//432
f 546//546 547//547 431//431
f 431//431 513//513 546//546
f 432//432 431//431 547//547
f 547//547 545//545 432//432
f 433//433 548//548 434//434
f 433//433 527//527 548//548
f 436//436 434//434 549//549
f 434//434 548//548 549//549
f 436//436 438//438 435//435
f 438//438 436//436 550//550
f 550//550 436//436 549//549
f 551//551 441//441 437//437
f 437//437 440//440 551//551
f 550//550 552//552 438//438
f 439//439 438//438 553//553
f 438//438 552//552 553//553
f 554//554 555//555 439//439
f 439//439 553//553 554//554
f 440//440 439//439 555//555
f 551//551 440//440 555//555
f 453//453 441//441 556//556
f 556//556 441//441 551//551
f 443//443 442//442 464//464
f 442//442 444//444 557//557
f 464//464 442//442 557//557
f 557//557 444//444 558//558
f 444//444 445//445 558//558
f 558//558 445//445 559//559
f 446//446 559//559 445//445
f 448//448 559//559 446//446
f 560//560 561//561 447//447
f 450//450 560//560 447//447
f 561//561 562//562 447//447
f 447//447 562//562 559//559
f 559//559 448//448 447//447
f 451//451 560//560 449//449
f 450//450 449//449 560//560
f 560//560 451//451 452//452
f 453//453 563//563 452//452
f 452//452 563//563 564//564
f 452//452 564//564 560//560
f 556//556 565//565 453//453
f 563//563 453//453 565//565
f 454//454 566//566 519//519
f 455//455 566//566 454//454
f 455//455 469//469 566//566
f 456//456 567//567 508//508
f 567//567 456//456 459//459
f 460//460 568//568 458//458
f 569//569 570//570 458//458
f 458//458 570//570 459//459
f 571//571 569//569 458//458
f 572//572 571//571 458//458
f 572//572 458//458 568//568
f 567//567 459//459 573//573
f 570//570 573//573 459//459
f 460//460 461//461 568//568
f 461//461 463//463 574//574
f 461//461 574//574 568//568
f 464//464 557//557 462//462
f 463//463 462//462 557//557
f 574//574 463//463 557//557
f 465//465 467//467 575//575
f 575//575 468//468 465//465
f 465//465 468//468 466//466
f 467//467 525//525 575//575
f 468//468 575//575 576//576
f 469//469 468//468 576//576
f 469//469 576//576 566//566
f 472//472 475//475 470//470
f 473//473 577//577 477//477
f 578//578 473//473 474//474
f 473//473 578//578 577//577
f 474//474 476//476 578//578
f 579//579 580//580 475//475
f 581//581 579//579 475//475
f 475//475 507//507 581//581
f 580//580 578//578 475//475
f 475//475 578//578 476//476
f 477//477 582//582 478//478
f 582//582 477//477 583//583
f 583//583 477//477 577//577
f 478//478 584//584 585//585
f 584//584 478//478 586//586
f 585//585 587//587 478//478
f 582//582 586//586 478//478
f 479//479 478//478 587//587
f 587//587 480//480 479//479
f 588//588 481//481 480//480
f 480//480 587//587 588//588
f 588//588 487//487 481//481
f 589//589 590//590 482//482
f 482//482 484//484 589//589
f 483//483 482//482 591//591
f 591//591 482//482 590//590
f 591//591 494//494 483//483
f 484//484 592//592 589//589
f 486//486 593//593 484//484
f 484//484 593//593 592//592
f 594//594 485//485 595//595
f 487//487 596//596 485//485
f 485//485 585//585 595//595
f 485//485 596//596 585//585
f 485//485 594//594 597//597
f 486//486 485//485 597//597
f 597//597 593//593 486//486
f 596//596 487//487 588//588
f 498//498 488//488 598//598
f 511//511 488//488 498//498
f 598//598 488//488 490//490
f 598//598 489//489 497//497
f 490//490 489//489 598//598
f 493//493 492//492 491//491
f 599//599 496//496 492//492
f 599//599 492//492 493//493
f 600//600 599//599 493//493
f 600//600 493//493 601//601
f 601//601 493//493 494//494
f 591//591 601//601 494//494
f 498//498 495//495 602//602
f 602//602 495//495 496//496
f 602//602 496//496 599//599
f 499//499 598//598 497//497
f 498//498 602//602 511//511
f 498//498 598//598 499//499
f 552//552 501//501 500//500
f 509//509 552//552 500//500
f 552//552 506//506 501//501
f 503//503 502//502 603//603
f 603//603 502//502 604//604
f 502//502 506//506 604//604
f 503//503 605//605 595//595
f 503//503 511//511 602//602
f 605//605 503//503 602//602
f 595//595 584//584 503//503
f 606//606 511//511 503//503
f 503//503 603//603 606//606
f 586//586 503//503 584//584
f 503//503 586//586 607//607
f 607//607 504//504 503//503
f 608//608 504//504 607//607
f 504//504 608//608 581//581
f 504//504 609//609 505//505
f 504//504 581//581 609//609
f 609//609 507//507 505//505
f 552//552 604//604 506//506
f 507//507 609//609 581//581
f 610//610 611//611 508//508
f 510//510 508//508 611//611
f 508//508 567//567 610//610
f 553//553 552//552 509//509
f 612//612 554//554 509//509
f 509//509 554//554 553//553
f 509//509 510//510 613//613
f 612//612 509//509 613//613
f 611//611 614//614 510//510
f 510//510 614//614 613//613
f 606//606 515//515 511//511
f 515//515 615//615 512//512
f 512//512 615//615 514//514
f 513//513 615//615 606//606
f 615//615 513//513 514//514
f 606//606 603//603 513//513
f 513//513 616//616 546//546
f 513//513 603//603 616//616
f 606//606 615//615 515//515
f 617//617 618//618 516//516
f 516//516 517//517 617//617
f 521//521 516//516 619//619
f 619//619 516//516 618//618
f 617//617 517//517 518//518
f 617//617 518//518 520//520
f 620//620 520//520 519//519
f 566//566 620//620 519//519
f 520//520 621//621 617//617
f 621//621 520//520 622//622
f 622//622 520//520 620//620
f 522//522 521//521 619//619
f 522//522 619//619 523//523
f 523//523 619//619 623//623
f 526//526 523//523 623//623
f 624//624 525//525 524//524
f 524//524 526//526 624//624
f 625//625 575//575 525//525
f 624//624 626//626 525//525
f 525//525 626//626 625//625
f 624//624 526//526 623//623
f 527//527 537//537 548//548
f 528//528 627//627 527//527
f 527//527 627//627 537//537
f 528//528 628//628 629//629
f 627//627 528//528 629//629
f 528//528 529//529 628//628
f 530//530 630//630 529//529
f 630//630 631//631 529//529
f 628//628 529//529 631//631
f 632//632 530//530 531//531
f 633//633 530//530 632//632
f 633//633 630//630 530//530
f 543//543 634//634 531//531
f 531//531 634//634 635//635
f 635//635 632//632 531//531
f 636//636 532//532 545//545
f 636//636 533//533 532//532
f 637//637 534//534 533//533
f 533//533 636//636 637//637
f 534//534 637//637 535//535
f 535//535 636//636 616//616
f 636//636 535//535 637//637
f 535//535 616//616 537//537
f 538//538 638//638 536//536
f 638//638 542//542 536//536
f 549//549 548//548 537//537
f 616//616 549//549 537//537
f 639//639 539//539 537//537
f 537//537 627//627 639//639
f 538//538 539//539 640//640
f 538//538 640//640 638//638
f 640//640 539//539 639//639
f 540//540 542//542 641//641
f 540//540 642//642 643//643
f 644//644 642//642 540//540
f 641//641 644//644 540//540
f 540//540 643//643 541//541
f 544//544 541//541 645//645
f 643//643 645//645 541//541
f 646//646 641//641 542//542
f 638//638 646//646 542//542
f 647//647 543//543 544//544
f 543//543 647//647 634//634
f 648//648 647//647 544//544
f 648//648 544//544 645//645
f 547//547 636//636 545//545
f 547//547 546//546 636//636
f 636//636 546//546 616//616
f 549//549 616//616 603//603
f 603//603 649//649 549//549
f 549//549 649//649 550//550
f 552//552 550//550 604//604
f 604//604 550//550 649//649
f 551//551 555//555 650//650
f 556//556 551//551 650//650
f 612//612 651//651 554//554
f 554//554 651//651 555//555
f 651//651 650//650 555//555
f 556//556 650//650 565//565
f 574//574 557//557 558//558
f 574//574 558//558 652//652
f 558//558 559//559 562//562
f 562//562 652//652 558//558
f 561//561 560//560 653//653
f 653//653 560//560 564//564
f 654//654 561//561 655//655
f 656//656 655//655 561//561
f 653//653 656//656 561//561
f 654//654 562//562 561//561
f 654//654 657//657 562//562
f 658//658 652//652 562//562
f 562//562 657//657 658//658
f 563//563 659//659 564//564
f 659//659 563//563 565//565
f 653//653 564//564 656//656
f 659//659 660//660 564//564
f 660//660 656//656 564//564
f 650//650 661//661 565//565
f 565//565 662//662 659//659
f 661//661 663//663 565//565
f 565//565 663//663 662//662
f 576//576 620//620 566//566
f 567//567 573//573 610//610
f 574//574 572//572 568//568
f 664//664 569//569 665//665
f 666//666 667//667 569//569
f 664//664 666//666 569//569
f 569//569 571//571 658//658
f 665//665 569//569 658//658
f 667//667 668//668 569//569
f 569//569 668//668 570//570
f 668//668 573//573 570//570
f 658//658 571//571 652//652
f 652//652 571//571 572//572
f 652//652 572//572 574//574
f 668//668 610//610 573//573
f 625//625 576//576 575//575
f 669//669 620//620 576//576
f 625//625 669//669 576//576
f 580//580 577//577 578//578
f 580//580 583//583 577//577
f 580//580 579//579 670//670
f 670//670 579//579 671//671
f 608//608 579//579 581//581
f 579//579 608//608 671//671
f 670//670 583//583 580//580
f 586//586 582//582 670//670
f 670//670 582//582 583//583
f 595//595 585//585 584//584
f 596//596 672//672 585//585
f 672//672 587//587 585//585
f 670//670 671//671 586//586
f 607//607 586//586 671//671
f 588//588 587//587 672//672
f 588//588 672//672 596//596
f 589//589 592//592 590//590
f 673//673 591//591 590//590
f 590//590 592//592 673//673
f 600//600 601//601 591//591
f 600//600 591//591 673//673
f 592//592 674//674 673//673
f 593//593 674//674 592//592
f 597//597 674//674 593//593
f 594//594 673//673 674//674
f 594//594 595//595 605//605
f 673//673 594//594 605//605
f 594//594 674//674 597//597
f 599//599 605//605 602//602
f 605//605 599//599 600//600
f 600//600 673//673 605//605
f 649//649 603//603 604//604
f 607//607 671//671 608//608
f 611//611 610//610 675//675
f 610//610 667//667 666//666
f 675//675 610//610 666//666
f 667//667 610//610 668//668
f 676//676 611//611 675//675
f 611//611 676//676 614//614
f 677//677 612//612 613//613
f 612//612 677//677 678//678
f 651//651 612//612 678//678
f 679//679 677//677 613//613
f 614//614 679//679 613//613
f 680//680 679//679 614//614
f 676//676 680//680 614//614
f 617//617 621//621 618//618
f 623//623 619//619 618//618
f 618//618 681//681 623//623
f 618//618 621//621 681//681
f 669//669 622//622 620//620
f 681//681 621//621 622//622
f 681//681 622//622 682//682
f 682//682 622//622 669//669
f 624//624 623//623 682//682
f 681//681 682//682 623//623
f 682//682 626//626 624//624
f 625//625 626//626 669//669
f 626//626 682//682 669//669
f 639//639 627//627 629//629
f 629//629 628//628 631//631
f 631//631 683//683 629//629
f 683//683 639//639 629//629
f 630//630 684//684 685//685
f 630//630 685//685 686//686
f 686//686 631//631 630//630
f 630//630 633//633 684//684
f 686//686 683//683 631//631
f 633//633 632//632 635//635
f 633//633 635//635 687//687
f 684//684 633//633 687//687
f 688//688 634//634 647//647
f 689//689 634//634 688//688
f 689//689 635//635 634//634
f 689//689 687//687 635//635
f 640//640 690//690 638//638
f 691//691 646//646 638//638
f 690//690 691//691 638//638
f 683//683 640//640 639//639
f 640//640 683//683 690//690
f 641//641 646//646 692//692
f 692//692 644//644 641//641
f 693//693 642//642 644//644
f 694//694 642//642 695//695
f 693//693 695//695 642//642
f 643//643 642//642 696//696
f 696//696 642//642 694//694
f 696//696 645//645 643//643
f 692//692 697//697 644//644
f 644//644 698//698 699//699
f 693//693 644//644 699//699
f 698//698 644//644 697//697
f 645//645 696//696 700//700
f 648//648 645//645 700//700
f 692//692 646//646 691//691
f 648//648 700//700 647//647
f 701//701 647//647 700//700
f 702//702 647//647 701//701
f 647//647 702//702 688//688
f 661//661 650//650 651//651
f 651//651 678//678 661//661
f 655//655 665//665 654//654
f 654//654 665//665 657//657
f 655//655 656//656 703//703
f 665//665 655//655 703//703
f 703//703 656//656 704//704
f 704//704 656//656 660//660
f 657//657 665//665 658//658
f 705//705 660//660 659//659
f 659//659 662//662 705//705
f 705//705 704//704 660//660
f 663//663 661//661 678//678
f 662//662 663//663 705//705
f 663//663 678//678 677//677
f 706//706 663//663 677//677
f 706//706 705//705 663//663
f 707//707 666//666 664//664
f 664//664 703//703 707//707
f 664//664 665//665 703//703
f 675//675 666//666 707//707
f 708//708 675//675 707//707
f 708//708 676//676 675//675
f 680//680 676//676 708//708
f 677//677 679//679 706//706
f 679//679 680//680 709//709
f 706//706 679//679 709//709
f 708//708 709//709 680//680
f 683//683 686//686 690//690
f 687//687 710//710 684//684
f 684//684 711//711 685//685
f 684//684 710//710 711//711
f 712//712 690//690 685//685
f 690//690 686//686 685//685
f 712//712 685//685 711//711
f 689//689 713//713 687//687
f 687//687 713//713 710//710
f 689//689 688//688 714//714
f 715//715 716//716 688//688
f 716//716 717//717 688//688
f 702//702 715//715 688//688
f 717//717 718//718 688//688
f 718//718 714//714 688//688
f 714//714 719//719 689//689
f 689//689 719//719 713//713
f 690//690 720//720 691//691
f 690//690 712//712 720//720
f 720//720 692//692 691//691
f 692//692 720//720 721//721
f 721//721 697//697 692//692
f 693//693 699//699 722//722
f 722//722 695//695 693//693
f 696//696 694//694 695//695
f 722//722 723//723 695//695
f 695//695 723//723 696//696
f 696//696 701//701 700//700
f 723//723 701//701 696//696
f 724//724 725//725 697//697
f 721//721 724//724 697//697
f 725//725 698//698 697//697
f 726//726 698//698 727//727
f 728//728 699//699 698//698
f 726//726 728//728 698//698
f 698//698 729//729 727//727
f 729//729 698//698 725//725
f 722//722 699//699 728//728
f 730//730 702//702 701//701
f 731//731 701//701 723//723
f 701//701 731//731 730//730
f 715//715 702//702 730//730
f 703//703 704//704 706//706
f 706//706 732//732 703//703
f 732//732 707//707 703//703
f 706//706 704//704 705//705
f 732//732 706//706 709//709
f 707//707 732//732 708//708
f 708//708 732//732 709//709
f 713//713 733//733 710//710
f 710//710 733//733 711//711
f 733//733 734//734 711//711
f 711//711 734//734 712//712
f 735//735 720//720 712//712
f 736//736 712//712 737//737
f 712//712 738//738 735//735
f 736//736 738//738 712//712
f 734//734 737//737 712//712
f 713//713 739//739 733//733
f 719//719 739//739 713//713
f 714//714 718//718 740//740
f 741//741 714//714 740//740
f 714//714 741//741 719//719
f 742//742 716//716 715//715
f 743//743 742//742 715//715
f 731//731 744//744 715//715
f 730//730 731//731 715//715
f 744//744 745//745 715//715
f 715//715 745//745 743//743
f 716//716 746//746 717//717
f 716//716 747//747 746//746
f 716//716 742//742 747//747
f 746//746 718//718 717//717
f 746//746 740//740 718//718
f 748//748 719//719 741//741
f 748//748 739//739 719//719
f 736//736 721//721 720//720
f 735//735 738//738 720//720
f 720//720 738//738 736//736
f 749//749 724//724 721//721
f 736//736 749//749 721//721
f 728//728 723//723 722//722
f 728//728 731//731 723//723
f 750//750 724//724 751//751
f 724//724 752//752 753//753
f 725//725 724//724 750//750
f 724//724 749//749 752//752
f 724//724 753//753 754//754
f 755//755 751//751 724//724
f 754//754 755//755 724//724
f 756//756 725//725 757//757
f 750//750 757//757 725//725
f 729//729 725//725 756//756
f 728//728 726//726 758//758
f 727//727 759//759 726//726
f 726//726 759//759 758//758
f 760//760 761//761 727//727
f 762//762 760//760 727//727
f 761//761 759//759 727//727
f 727//727 729//729 762//762
f 744//744 731//731 728//728
f 763//763 743//743 728//728
f 758//758 763//763 728//728
f 728//728 743//743 745//745
f 728//728 745//745 744//744
f 756//756 762//762 729//729
f 734//734 733//733 739//739
f 737//737 734//734 764//764
f 764//764 734//734 739//739
f 737//737 749//749 736//736
f 764//764 752//752 737//737
f 749//749 737//737 752//752
f 739//739 753//753 752//752
f 764//764 739//739 752//752
f 753//753 739//739 748//748
f 740//740 746//746 765//765
f 766//766 740//740 765//765
f 741//741 740//740 767//767
f 767//767 740//740 766//766
f 741//741 768//768 754//754
f 748//748 741//741 754//754
f 768//768 741//741 769//769
f 769//769 741//741 767//767
f 770//770 747//747 742//742
f 742//742 743//743 770//770
f 771//771 770//770 743//743
f 763//763 771//771 743//743
f 765//765 746//746 772//772
f 773//773 746//746 747//747
f 746//746 773//773 774//774
f 775//775 746//746 774//774
f 775//775 772//772 746//746
f 770//770 773//773 747//747
f 748//748 754//754 753//753
f 757//757 750//750 776//776
f 750//750 751//751 776//776
f 777//777 776//776 751//751
f 751//751 755//755 777//777
f 768//768 755//755 754//754
f 755//755 768//768 777//777
f 778//778 756//756 757//757
f 762//762 756//756 778//778
f 776//776 778//778 757//757
f 779//779 763//763 758//758
f 758//758 761//761 779//779
f 758//758 759//759 761//761
f 760//760 780//780 761//761
f 762//762 781//781 760//760
f 782//782 760//760 783//783
f 783//783 760//760 781//781
f 782//782 780//780 760//760
f 780//780 775//775 761//761
f 779//779 761//761 784//784
f 784//784 761//761 775//775
f 762//762 785//785 781//781
f 762//762 778//778 785//785
f 779//779 771//771 763//763
f 786//786 765//765 772//772
f 766//766 765//765 787//787
f 788//788 787//787 765//765
f 789//789 788//788 765//765
f 786//786 789//789 765//765
f 769//769 767//767 766//766
f 766//766 790//790 769//769
f 790//790 766//766 787//787
f 769//769 777//777 768//768
f 769//769 790//790 777//777
f 774//774 770//770 771//771
f 773//773 770//770 774//774
f 784//784 771//771 779//779
f 784//784 774//774 771//771
f 780//780 772//772 775//775
f 786//786 772//772 780//780
f 775//775 774//774 784//784
f 778//778 776//776 791//791
f 776//776 792//792 793//793
f 791//791 776//776 793//793
f 794//794 792//792 776//776
f 777//777 794//794 776//776
f 790//790 794//794 777//777
f 785//785 778//778 791//791
f 782//782 786//786 780//780
f 781//781 785//785 783//783
f 795//795 786//786 782//782
f 783//783 793//793 782//782
f 793//793 796//796 782//782
f 796//796 795//795 782//782
f 783//783 791//791 793//793
f 783//783 785//785 791//791
f 795//795 789//789 786//786
f 794//794 790//790 787//787
f 797//797 794//794 787//787
f 787//787 798//798 797//797
f 787//787 788//788 798//798
f 788//788 795//795 796//796
f 798//798 788//788 796//796
f 795//795 788//788 789//789
f 797//797 793//793 792//792
f 792//792 794//794 797//797
f 798//798 796//796 793//793
f 797//797 798//798 793//793
# 1595 faces, 0 coords texture

# End of File
