####
#
# OBJ File Generated by Meshlab
#
####
# Object cervical_spine_alone.obj
#
# Vertices: 3487
# Faces: 7030
#
####
vn 0.2185243 2.3390782 3.0422585
v -0.0044006 0.5060485 0.0368099
vn 1.4916079 0.8001081 3.9709575
v -0.0024140 0.5040114 0.0368908
vn 3.1103656 4.9163723 1.3529119
v -0.0011746 0.5051172 0.0332134
vn 0.5789697 5.0668149 0.6846961
v -0.0043021 0.5070191 0.0340379
vn -2.0941432 -0.2542745 2.2477021
v -0.0067430 0.5044489 0.0367045
vn -2.3249099 -3.1314526 3.1468492
v -0.0051158 0.5023313 0.0359158
vn -3.8189437 1.8707149 1.4745287
v -0.0071876 0.5057498 0.0343570
vn -5.1288137 -3.4806831 0.7803055
v -0.0062523 0.5033960 0.0337996
vn 1.7632041 -2.8555377 1.2824491
v 0.0000781 0.4993598 0.0346533
vn 1.4795821 -0.6412056 3.2514906
v -0.0004739 0.5014223 0.0365293
vn -2.5126348 -4.1228256 2.9418066
v -0.0033700 0.5006196 0.0349294
vn -1.0371323 -4.4780250 -0.5726696
v -0.0021541 0.4991829 0.0331106
vn 4.7546082 -2.7528229 0.3067697
v 0.0010402 0.5009384 0.0326833
vn 4.3199916 1.8705813 2.6838536
v 0.0009514 0.5031652 0.0336787
vn 0.3003395 -4.5356312 -2.9746251
v -0.0004592 0.5004413 0.0311479
vn 5.0189691 1.2226268 2.7823000
v 0.0022741 0.5040523 0.0302398
vn 0.1385440 3.9418759 1.1945310
v 0.0013793 0.5053958 0.0300733
vn -4.1034002 3.3097148 -2.8305955
v 0.0008035 0.5045524 0.0293725
vn 0.8471683 3.9517114 -3.6622286
v -0.0018379 0.5049627 0.0306836
vn 2.2481642 4.5523911 -1.6350737
v -0.0050772 0.5068014 0.0303526
vn -0.2750953 -1.6161504 -5.5618181
v -0.0020537 0.5025311 0.0302647
vn -1.0780344 -4.5780663 -2.1435289
v -0.0037850 0.5006247 0.0312865
vn -0.2463496 -3.6694496 -2.4759746
v -0.0056666 0.5018638 0.0290375
vn 3.7953868 0.7012628 -4.7090845
v -0.0049023 0.5040346 0.0289339
vn -4.2926297 -0.0913575 -4.2522063
v 0.0007183 0.5031577 0.0289118
vn -0.1649697 -4.1285038 -2.1049919
v 0.0012164 0.5017387 0.0289832
vn -1.8297914 2.5635767 1.5193062
v -0.0081036 0.5073078 0.0314816
vn 3.5248671 4.3483033 -1.3151984
v -0.0076641 0.5070051 0.0271758
vn -2.2010677 3.3137004 1.0828853
v -0.0094902 0.5075423 0.0277942
vn 5.5215807 0.9947398 -2.2717073
v -0.0071768 0.5051165 0.0267386
vn 1.3528303 -3.1202440 4.7972026
v 0.0012105 0.5015129 0.0219473
vn -0.2324067 -5.3086786 1.4778168
v 0.0027197 0.5025378 0.0233577
vn -4.4877276 -1.5427201 3.5592918
v 0.0012530 0.5046940 0.0238646
vn -1.3778046 -0.7855821 5.9811401
v -0.0010996 0.5047286 0.0226396
vn 2.6086481 -3.0018539 4.3512840
v 0.0007124 0.4985732 0.0207539
vn 4.7169600 -2.7415595 2.6642461
v 0.0049293 0.5001079 0.0174562
vn 5.3059659 -2.3717330 1.6573904
v 0.0063104 0.5038002 0.0188438
vn 4.3321753 -2.8607876 1.1959423
v 0.0056111 0.5037630 0.0229295
vn 0.9756337 3.8614566 3.2532811
v 0.0031385 0.5101595 0.0234679
vn 4.8301768 1.3725193 2.4711409
v 0.0059511 0.5074329 0.0231198
vn 4.6471334 1.8512034 1.4472984
v 0.0074067 0.5091259 0.0186507
vn 1.1787897 5.3759527 0.6812467
v 0.0038678 0.5119122 0.0180486
vn 0.9018227 1.1170807 5.9271779
v -0.0050874 0.5080782 0.0222522
vn -1.6450317 0.7380420 5.9576998
v -0.0012064 0.5081402 0.0226352
vn 0.0609161 3.9505177 3.4754796
v -0.0006446 0.5113066 0.0220500
vn 0.4928804 3.3922362 4.6804271
v -0.0043605 0.5115696 0.0216181
vn 1.0838431 0.2159509 5.9040642
v -0.0044659 0.5044561 0.0222653
vn 4.9767618 1.0433414 3.0744729
v -0.0072981 0.5061386 0.0240797
vn 2.0792089 -3.5267739 2.9692736
v -0.0074399 0.5037842 0.0238646
vn 0.0727399 2.3411880 5.3139553
v -0.0081037 0.5095474 0.0220594
vn 2.4521298 4.5592790 3.0200412
v -0.0084297 0.5077147 0.0243133
vn 0.6618324 2.8291159 4.5913754
v -0.0077753 0.5125930 0.0219132
vn 2.6394303 -3.9996023 -2.0683324
v -0.0073528 0.5034296 0.0266648
vn -2.6936977 -4.0868664 0.7363143
v -0.0089424 0.5032563 0.0273856
vn -2.7101791 -4.5846086 0.8619362
v -0.0101830 0.5038114 0.0243463
vn -3.0006196 -4.6608305 2.3988523
v -0.0119685 0.5040181 0.0212076
vn -2.9054723 -2.8111556 4.4953485
v -0.0084348 0.5018407 0.0217112
vn 0.1471394 -1.0319090 6.1388688
v -0.0039899 0.5013513 0.0222966
vn -1.8768797 -1.5619444 5.5198889
v -0.0076730 0.4996827 0.0215850
vn 0.1020666 -2.0294957 5.6485295
v -0.0043401 0.4986171 0.0218760
vn -3.9604521 -3.3021560 -1.5319171
v -0.0104937 0.5015327 0.0174860
vn -2.4379914 -2.0559583 0.4100804
v -0.0095763 0.4986458 0.0201139
vn -2.1144743 1.3534126 2.9922557
v -0.0107467 0.5126131 0.0219260
vn -2.5824707 2.9456835 4.2736750
v -0.0106109 0.5094602 0.0215005
vn -2.1760597 4.4972205 2.8233781
v -0.0102171 0.5078696 0.0245100
vn -3.1779027 1.2590247 4.0300450
v -0.0134441 0.5071759 0.0223533
vn -5.0598302 -0.3781281 3.2312167
v -0.0110596 0.5059648 0.0246288
vn -4.3002744 3.6973898 -0.1552301
v -0.0116098 0.5119586 0.0187584
vn -3.5861201 4.7047920 1.6214088
v -0.0136893 0.5090367 0.0190257
vn -2.0566468 5.2749248 2.2623949
v -0.0171401 0.5079613 0.0184034
vn -2.3507071 0.1794610 3.8417170
v -0.0176206 0.5059771 0.0206048
vn -0.3829633 -4.5183792 2.0290196
v -0.0160898 0.5035040 0.0194097
vn 0.6145578 4.8406963 0.4680214
v -0.0076829 0.5141172 0.0197356
vn -1.5997514 2.5119412 -0.3478988
v -0.0109632 0.5139769 0.0199364
vn -0.2486526 5.4012895 -1.6192943
v -0.0080339 0.5134963 0.0175031
vn 0.1018438 5.5738201 -1.5459232
v -0.0081001 0.5127483 0.0152041
vn -3.3716190 4.5760098 -1.8930146
v -0.0109072 0.5117342 0.0158635
vn -3.3172665 5.1014118 -0.8600214
v -0.0131354 0.5095722 0.0162977
vn 5.3600368 1.5080806 1.3401999
v 0.0082463 0.5095356 0.0141007
vn 0.8099678 3.3989596 -0.2251860
v 0.0063706 0.5126866 0.0135593
vn -2.2540188 5.3942018 -2.1789734
v 0.0038543 0.5108625 0.0130824
vn -0.9708285 5.8825431 -1.8911334
v 0.0015854 0.5106485 0.0147762
vn 0.4323254 5.7966433 -2.1951289
v -0.0017976 0.5108497 0.0161053
vn 0.6766723 6.0480418 -0.3359973
v -0.0006891 0.5118939 0.0189635
vn -2.8654552 -4.5905166 -1.7865354
v -0.0117659 0.5040997 0.0177075
vn -2.5811899 -3.1168993 -4.2842927
v -0.0104384 0.5056792 0.0146420
vn -3.4097269 -2.4514256 -3.8206520
v -0.0076103 0.5034848 0.0122296
vn -2.1540964 -4.9349499 -3.2017641
v -0.0072759 0.5008536 0.0164502
vn -1.7603953 -4.6259742 -3.8621645
v -0.0078804 0.4994736 0.0185426
vn -0.3143307 4.6467290 -3.3387761
v 0.0068840 0.5092866 0.0086008
vn -1.4615593 4.8411007 -3.4639196
v 0.0036145 0.5093955 0.0100539
vn -1.1968428 5.2706776 -3.1381488
v 0.0004153 0.5090725 0.0114360
vn -2.6124156 -5.1002140 -2.5622616
v -0.0051950 0.5016072 0.0131311
vn -2.4425218 0.0120372 -5.6618867
v -0.0090846 0.5082254 0.0127982
vn -2.8981171 0.9124843 -5.4188700
v -0.0056408 0.5063522 0.0108764
vn 4.3801923 2.1551604 0.0221699
v 0.0092930 0.5085640 0.0094498
vn 4.3545275 2.4769645 0.3203572
v 0.0105657 0.5069450 0.0049252
vn -0.8477470 4.4869919 -1.7355698
v 0.0088265 0.5077120 0.0043539
vn -5.2680826 2.4794948 -2.1378324
v 0.0076793 0.5059184 0.0043579
vn -3.0824189 2.2521038 -4.4136906
v 0.0061319 0.5061625 0.0072326
vn -1.2331843 2.9085276 -5.3519993
v 0.0031332 0.5065836 0.0079079
vn -3.8646631 -4.2739491 -0.3804402
v -0.0300374 0.5034205 0.0001691
vn -3.0705962 -4.8279800 0.9315954
v -0.0279669 0.5027039 0.0055522
vn -4.6923108 -1.3065305 2.8871398
v -0.0295524 0.5050956 0.0062779
vn -3.1806412 -1.4130813 0.9939133
v -0.0319295 0.5047538 0.0032377
vn -3.6369367 -1.9593984 -0.9707673
v -0.0298976 0.5033771 -0.0061420
vn 0.4104214 -5.3090205 -0.0014067
v -0.0270531 0.5020239 -0.0040497
vn 0.8365884 -5.1390238 0.0273419
v -0.0268538 0.5021251 0.0007670
vn 1.3857532 -4.9843149 -0.5553355
v -0.0254706 0.5020607 0.0051161
vn -4.1467175 3.2731824 2.2956579
v -0.0293424 0.5082136 0.0054344
vn -4.6028261 3.5684929 0.6986558
v -0.0308158 0.5080795 0.0015468
vn -3.9830828 1.2776783 -1.2411497
v -0.0311226 0.5078272 -0.0031556
vn -2.3971796 4.1118960 3.8103976
v 0.0054226 0.5074614 -0.0103943
vn -4.5741577 3.3083556 2.3882327
v 0.0075441 0.5059570 -0.0070702
vn 1.0344156 4.2431064 0.7135743
v 0.0089698 0.5072566 -0.0070596
vn 1.7110555 4.1761270 1.5760015
v 0.0078189 0.5086088 -0.0105910
vn -2.4224837 1.4136269 4.6062355
v 0.0049371 0.5039681 -0.0096368
vn -5.4471917 1.5092845 2.5277169
v 0.0066092 0.5036807 -0.0068782
vn -1.3589934 5.0326433 3.2638879
v 0.0022604 0.5074701 -0.0117777
vn -0.8487081 2.0794275 5.3043971
v 0.0016268 0.5048690 -0.0094781
vn -2.6980896 4.9728336 2.7234569
v 0.0050251 0.5095751 -0.0143670
vn -1.7459111 5.4630661 2.5011258
v 0.0026979 0.5089335 -0.0152055
vn 1.4242957 3.4479380 1.1718118
v 0.0070616 0.5105828 -0.0139504
vn -1.2068067 -4.5785513 3.0328493
v 0.0034760 0.4985869 -0.0103081
vn -4.1672487 -3.4229813 1.9676961
v 0.0064315 0.4991887 -0.0070720
vn -5.4484978 0.0248151 2.7506132
v 0.0063654 0.5010997 -0.0067666
vn -2.6519074 -0.1191476 5.3427210
v 0.0040711 0.5013220 -0.0091315
vn -1.1858783 -0.9779686 5.4372125
v 0.0006892 0.5017192 -0.0091917
vn -1.9757707 -4.2338428 3.8807948
v -0.0002285 0.4994909 -0.0110379
vn -1.8773714 -5.2738233 2.8517067
v -0.0006380 0.4983735 -0.0134765
vn 0.0481381 -5.5741858 1.7357388
v 0.0017330 0.4971383 -0.0141435
vn 2.7513916 -4.5416079 -0.7084892
v 0.0058531 0.4984631 -0.0115278
vn 1.5698723 -4.5777621 -1.3161132
v 0.0077868 0.4985350 -0.0077727
vn 3.4084001 -4.0505943 -0.7902759
v 0.0044545 0.4977741 -0.0154406
vn -2.1033680 1.5683744 5.6769338
v -0.0061745 0.5056898 -0.0122185
vn -0.1802723 2.9895408 5.1942024
v -0.0054395 0.5073961 -0.0124164
vn -0.9372813 2.5515132 3.8394899
v -0.0084801 0.5097571 -0.0133802
vn -3.3885574 0.9957197 5.1324954
v -0.0094954 0.5067207 -0.0137130
vn -1.7297896 -0.4276046 5.2289457
v -0.0039366 0.5030419 -0.0103883
vn -0.7585092 3.2904391 5.1180644
v -0.0021125 0.5056469 -0.0110701
vn -2.2989788 -1.1785661 4.3748260
v -0.0087564 0.5026554 -0.0120963
vn -2.0646212 -1.5745990 4.9770880
v -0.0124043 0.5046265 -0.0157839
vn -3.4880605 -2.9513829 2.7193592
v -0.0110776 0.5004365 -0.0154892
vn -3.2695627 2.9048572 3.8956745
v -0.0117673 0.5095471 -0.0161098
vn 0.4139619 3.3169611 3.7908370
v -0.0140833 0.5084384 -0.0154204
vn 1.7024775 3.5822623 3.0041027
v -0.0169785 0.5080721 -0.0139681
vn 1.8659022 -2.7842693 4.6154261
v -0.0153654 0.5052257 -0.0147202
vn 1.0685543 3.8148465 0.5446506
v 0.0065458 0.5114667 -0.0162487
vn -2.1412659 5.4259491 0.3472627
v 0.0048934 0.5109732 -0.0172101
vn 5.9366722 0.5126165 -1.0934739
v 0.0078263 0.5083754 -0.0145202
vn 5.0761328 1.7195835 -0.9370825
v 0.0074718 0.5100761 -0.0171799
vn 0.7962382 3.5858819 -2.4288259
v 0.0058285 0.5108033 -0.0193078
vn 4.0438318 0.9994622 -2.9381289
v 0.0067263 0.5087188 -0.0199497
vn 5.9723058 -1.3485593 -1.3513241
v 0.0068626 0.5072849 -0.0179387
vn 5.3785944 -2.5330601 -1.7154602
v 0.0050245 0.5024779 -0.0197362
vn 3.8758407 0.9324088 -2.7730269
v 0.0058295 0.5065268 -0.0219670
vn 0.3195671 4.6865530 -3.9134262
v 0.0032149 0.5086440 -0.0210826
vn -1.2370241 5.4460382 -0.4800003
v 0.0027785 0.5103232 -0.0180938
vn 0.2162205 5.0886278 -3.6034558
v -0.0003632 0.5083136 -0.0211925
vn -0.0607457 5.8893352 -0.5732329
v -0.0001270 0.5095792 -0.0187517
vn -3.1431556 -3.2726536 0.2977476
v -0.0111641 0.4984140 -0.0187097
vn -4.1740894 -3.9835961 -1.1263082
v -0.0118978 0.5006708 -0.0201171
vn -1.9921905 -2.5221183 -4.5755291
v -0.0076250 0.4987544 -0.0228645
vn -1.0174619 -3.8087692 -0.4374642
v -0.0078647 0.4963538 -0.0205207
vn -1.1493237 -5.3689375 2.9927967
v -0.0077511 0.4983805 -0.0175494
vn 5.7363262 -1.8676666 -1.7264844
v 0.0057562 0.5016661 -0.0155481
vn 2.9194582 -4.0667338 -2.5134206
v 0.0022260 0.4975270 -0.0189836
vn 5.8469257 -1.4843682 -1.7358860
v 0.0071217 0.5055370 -0.0150074
vn 0.6684940 -4.6904345 -2.4897554
v -0.0019242 0.4968187 -0.0216058
vn 3.2059739 -4.4392204 -1.1418707
v 0.0021976 0.4998908 -0.0238654
vn 4.0824175 0.4011084 -2.9074793
v 0.0039181 0.5036557 -0.0250941
vn -2.5114765 -4.0119534 -3.0166631
v -0.0002190 0.5003299 -0.0246163
vn -3.7016709 -3.3452687 0.8009661
v -0.0000049 0.5000136 -0.0273476
vn 2.7163193 -3.6470351 -0.3275662
v 0.0016845 0.4997255 -0.0276097
vn -0.4320446 -2.6456249 -5.5118933
v -0.0031181 0.4992172 -0.0233638
vn 0.0161915 -5.5944257 0.8196371
v -0.0004652 0.4963818 -0.0170379
vn -1.6809105 -5.2839403 0.4117567
v -0.0038213 0.4966044 -0.0184218
vn -2.0928082 -5.6252580 1.0738537
v -0.0147838 0.5033244 -0.0185862
vn -3.8467491 -4.2772784 -1.9640887
v -0.0141372 0.5030672 -0.0225686
vn -0.7718819 -5.8245764 -0.4665284
v -0.0107825 0.5012624 -0.0235467
vn 1.3295598 -1.6505681 -5.2624798
v -0.0068419 0.5023876 -0.0240661
vn -3.9581895 4.7028656 -0.3313661
v -0.0126321 0.5097114 -0.0192256
vn -3.0204701 5.1125894 0.8549757
v -0.0106737 0.5118844 -0.0190447
vn -2.9176478 4.7049398 0.0672936
v -0.0105934 0.5123039 -0.0210263
vn -5.0363445 2.7488699 -1.7924058
v -0.0117038 0.5107639 -0.0210517
vn -3.3742273 2.5912611 -4.0843940
v -0.0113643 0.5096901 -0.0226915
vn -3.0710318 4.8601556 -2.4133964
v -0.0140204 0.5081031 -0.0214993
vn -0.3972430 3.8224123 -4.8249073
v -0.0109457 0.5066578 -0.0243641
vn -3.3620985 1.2496884 -3.7297277
v -0.0146255 0.5057525 -0.0241289
vn -1.1092860 0.9228362 -5.2475657
v -0.0093577 0.5099365 -0.0237753
vn 1.1801386 1.8234904 -5.7431321
v -0.0079372 0.5074781 -0.0240345
vn -1.2161514 1.5404882 -1.0892249
v -0.0109719 0.5125199 -0.0229208
vn 0.8438209 2.9827516 -3.6378050
v -0.0084882 0.5119588 -0.0231987
vn 0.9543171 4.8720684 -0.6423897
v -0.0081787 0.5128859 -0.0211436
vn 0.7986091 5.5691209 1.4701352
v -0.0084118 0.5123666 -0.0187435
vn -0.4339841 3.6834264 -4.1848369
v 0.0012178 0.5054778 -0.0250461
vn 4.7642236 0.7822609 -2.5204377
v 0.0020950 0.5018494 -0.0282554
vn -0.5919194 3.4499364 -1.9434881
v 0.0008459 0.5031989 -0.0282599
vn -5.8865547 1.8083403 0.0224388
v 0.0000675 0.5017545 -0.0277485
vn -4.7093406 0.9064696 -3.5310903
v -0.0003939 0.5024650 -0.0252052
vn -1.0828109 -0.0144710 -6.0326557
v -0.0028172 0.5024801 -0.0237818
vn -0.8378652 2.9210804 -5.2855101
v -0.0015061 0.5059654 -0.0235065
vn 0.9853233 -4.9763470 0.9549422
v -0.0097369 0.5009609 -0.0265777
vn 4.9584594 1.8132380 -2.0372717
v -0.0087289 0.5036166 -0.0263125
vn 0.9036296 1.9226493 -5.7536893
v -0.0047122 0.5063089 -0.0235742
vn 1.3020765 5.1485028 -1.7882521
v -0.0101562 0.5047981 -0.0274347
vn 2.9862871 2.6753840 -4.0913172
v -0.0060581 0.5103635 -0.0226138
vn -3.5350502 1.6436509 -2.7478375
v -0.0121500 0.5039672 -0.0279777
vn -4.0028028 -3.7455292 -0.8890091
v -0.0117127 0.5016842 -0.0272232
vn -1.2789905 -5.2876177 -1.4701910
v -0.0191743 0.5034457 -0.0183718
vn -2.7229588 -0.0386767 -2.9142470
v -0.0199646 0.5054119 -0.0204650
vn -2.1178358 5.0711589 -2.4277110
v -0.0180770 0.5076659 -0.0191770
vn -1.0929132 -3.0348835 4.6822438
v -0.0024715 0.4986112 -0.0318426
vn -3.8614149 -2.9014659 3.0294304
v -0.0008315 0.4996421 -0.0303504
vn -4.3462167 2.4652839 3.0998449
v -0.0010131 0.5011154 -0.0306663
vn 1.1438370 3.2399576 3.7231793
v -0.0036807 0.5014480 -0.0322135
vn 1.3324597 -3.9099076 -0.2601838
v -0.0023981 0.4967793 -0.0344974
vn 2.4859314 -3.9831300 0.3645399
v -0.0000309 0.4990142 -0.0311112
vn -0.6351796 -4.1599050 2.8148544
v -0.0051672 0.4978960 -0.0324701
vn 1.2707052 3.9918988 -0.7294182
v -0.0003552 0.5019797 -0.0315738
vn 2.7895589 4.8313046 -1.4121530
v -0.0023427 0.5015286 -0.0348584
vn 1.0726062 3.6119249 -2.7237673
v -0.0049233 0.5026344 -0.0377582
vn 0.5157060 4.0029716 -0.8346124
v -0.0060164 0.5041624 -0.0348124
vn 0.1121634 4.2270188 -0.0290872
v -0.0082628 0.5044461 -0.0313008
vn 4.4432831 1.8138099 3.6218560
v -0.0072378 0.5023577 -0.0302001
vn 1.0427077 -3.7448714 2.7886300
v -0.0078160 0.4997263 -0.0299102
vn -3.0880897 0.9698533 -2.5057654
v -0.0078260 0.5013154 -0.0377872
vn -5.2811694 1.6839728 -2.0634630
v -0.0081183 0.5018290 -0.0350415
vn -1.7389172 -2.9923079 -2.2485754
v -0.0064617 0.4980099 -0.0378275
vn -4.0280647 -3.6451790 -0.5462579
v -0.0078647 0.4988637 -0.0344699
vn -0.8006837 -3.1955490 0.9552713
v -0.0054981 0.4966546 0.0209121
vn 5.7815847 -1.9870938 1.4265100
v 0.0066302 0.5017362 0.0133906
vn 6.0044503 -1.2927940 1.2813054
v 0.0076590 0.5056212 0.0139411
vn -2.1675653 -4.9732265 -3.1250646
v -0.0047498 0.4995883 0.0167694
vn -1.6898426 -4.7600675 -3.7021224
v -0.0054847 0.4982052 0.0191514
vn 0.9200198 -4.7850580 -3.8601065
v -0.0135476 0.5057570 0.0146769
vn 0.3341553 -0.9068221 -5.5203867
v -0.0126123 0.5075243 0.0133102
vn -1.6474932 4.2177753 -3.5268750
v -0.0127386 0.5092635 0.0140489
vn -2.9790835 2.5799451 -4.4771652
v -0.0101043 0.5106890 0.0136416
vn -0.6418800 3.4137464 -2.7514782
v -0.0082650 0.5122533 0.0131618
vn 2.3788154 5.4988670 -1.8540232
v -0.0057227 0.5113280 0.0144229
vn -0.0892516 2.8024378 -3.8786917
v -0.0066535 0.5109167 0.0119900
vn -0.7126548 -5.0586190 -2.1064487
v 0.0048127 0.4990434 0.0080878
vn -2.3642473 -5.0553956 -2.5649920
v 0.0017415 0.4997976 0.0090593
vn -1.7098830 -2.2963626 -4.7608099
v 0.0018682 0.5012307 0.0070950
vn -2.8966041 -1.3028921 -5.1103559
v 0.0049241 0.5011299 0.0066560
vn -0.1615786 -5.8323431 -1.1820716
v 0.0035925 0.4982235 0.0120082
vn -2.2237065 -5.5127430 -2.0150437
v 0.0012260 0.4991889 0.0118399
vn 3.8804557 -4.1143231 0.9308718
v 0.0069496 0.4996515 0.0090421
vn 3.6147165 -3.8674116 0.5096933
v 0.0058100 0.4987073 0.0127297
vn -5.7402468 -0.0303933 -2.1671100
v 0.0068879 0.5011848 0.0043292
vn -3.2254281 -3.8776517 -0.8260676
v 0.0069459 0.4994972 0.0047329
vn 2.9114506 -4.3121204 1.8027956
v 0.0084942 0.4995531 0.0054211
vn 1.2346355 5.4000149 1.9572383
v -0.0086054 0.5117936 -0.0166622
vn 2.3473749 5.2691903 2.4552176
v -0.0070355 0.5103512 -0.0155069
vn 2.6724377 5.3944583 1.7453618
v -0.0063961 0.5109122 -0.0179727
vn -2.0996289 3.5768716 2.1703782
v -0.0105946 0.5116282 -0.0159962
vn 2.0866661 3.9447114 -4.2802601
v -0.0035659 0.5087668 -0.0215920
vn -2.2711287 -4.0553493 3.9338737
v -0.0038134 0.5002133 -0.0122067
vn -1.8027511 -5.2623038 2.9198537
v -0.0026584 0.4981703 -0.0150661
vn -1.6610918 -5.2303290 3.0530097
v -0.0045676 0.4980513 -0.0164769
vn -1.6332667 -4.8562608 3.5574105
v -0.0068305 0.4998770 -0.0144098
vn -2.2632461 -5.0369205 -2.9864879
v -0.0025221 0.4985320 0.0167794
vn -2.4430950 -5.2417674 -2.4171188
v -0.0030260 0.5002401 0.0140748
vn -2.3876855 -5.2564168 -2.4743454
v -0.0007507 0.4988363 0.0146482
vn -2.0523717 -5.1777649 -2.9023123
v -0.0018390 0.4973558 0.0182091
vn -1.1765176 -5.6245871 -2.3101521
v 0.0012810 0.4975991 0.0154206
vn -2.5047982 -5.3810034 -2.0557013
v -0.0011152 0.5001271 0.0120378
vn -2.5436139 -5.2974086 -2.2013667
v -0.0017242 0.5009771 0.0105053
vn -2.4067125 -2.2966776 -3.7348731
v -0.0025489 0.5021626 0.0084289
vn -2.0792034 1.5011289 -5.4097295
v -0.0016609 0.5047756 0.0081919
vn -1.0998999 0.9971957 -5.9149928
v 0.0025088 0.5037582 0.0069196
vn -1.3652539 3.5340455 -4.8147197
v -0.0005309 0.5069735 0.0090129
vn -2.8187377 1.0389341 -4.9099460
v 0.0054901 0.5034196 0.0067041
vn -5.6876140 0.9187180 -2.1452978
v 0.0071369 0.5035155 0.0043245
vn -4.7480698 3.1399219 -0.2422161
v 0.0079203 0.5057769 0.0005339
vn -6.1887574 0.7795609 -0.3676906
v 0.0076699 0.5033707 0.0006676
vn -6.2510114 0.1930264 -0.2081314
v 0.0072909 0.5008122 0.0007842
vn -3.5209763 -3.5411658 0.4562127
v 0.0074878 0.4985164 0.0010646
vn -6.0988932 0.9504513 0.9169364
v 0.0075251 0.5033710 -0.0031931
vn -6.2006235 0.3507605 0.8125341
v 0.0070815 0.5007102 -0.0030706
vn -3.6793375 -3.3181291 0.3423066
v 0.0071669 0.4982442 -0.0031297
vn 1.4039553 -4.8992577 -0.5269161
v 0.0094507 0.4976633 -0.0035145
vn 1.7369058 -4.6836829 1.2864754
v 0.0097673 0.4981374 0.0013915
vn 4.7284565 -2.2409256 1.4152973
v 0.0116509 0.5000749 0.0014366
vn 5.2005949 -1.9787016 2.8538833
v 0.0094595 0.5016947 0.0056100
vn 4.7177739 -2.2502396 -1.3911816
v 0.0113426 0.4995307 -0.0038974
vn 5.8811989 0.1817502 -1.6627953
v 0.0115111 0.5024338 -0.0037832
vn 5.8755121 0.2528910 0.8322359
v 0.0120027 0.5029538 0.0010181
vn 5.0081058 -1.9897804 -3.1106932
v 0.0088436 0.5005320 -0.0081019
vn 5.6253309 -0.7878059 -2.6463535
v 0.0094862 0.5032858 -0.0079199
vn 5.5868587 1.2706492 -1.5214950
v 0.0099021 0.5057043 -0.0075626
vn 5.1990862 2.3039296 -1.0304826
v 0.0112334 0.5050838 -0.0035879
vn 5.4726505 -1.9814581 -2.3307183
v 0.0069393 0.5010836 -0.0119012
vn 5.6365991 -1.4884286 -2.3265328
v 0.0079452 0.5043420 -0.0116992
vn 5.6812072 0.8077922 -1.2906982
v 0.0087246 0.5069169 -0.0112977
vn 1.1644300 5.2294536 0.1963248
v 0.0096720 0.5066034 -0.0033428
vn 0.3377048 5.2786541 -0.5019020
v 0.0096812 0.5068027 0.0004127
vn 4.8192048 2.8070827 0.0230844
v 0.0115366 0.5055310 0.0005574
vn 5.7617302 -0.7370393 2.2999721
v 0.0102217 0.5044985 0.0054122
vn 5.8118963 -1.3345524 1.9258373
v 0.0086202 0.5056332 0.0096754
vn 5.6748695 -1.8251234 1.9240485
v 0.0077494 0.5022491 0.0095064
vn -4.5471845 3.3704126 0.6213835
v 0.0078567 0.5057949 -0.0032606
vn -0.5066925 3.1565254 -4.7876306
v -0.0039883 0.5086182 0.0108566
vn 0.9445366 5.4702644 -2.7920253
v -0.0028558 0.5098135 0.0130425
vn 1.9210526 5.5836692 -2.0464067
v -0.0051584 0.5120391 0.0171259
vn 1.5379245 5.7458048 0.3961598
v -0.0044723 0.5126581 0.0195162
vn 2.1422875 -3.7369328 0.6511728
v 0.0037540 0.4970701 0.0165309
vn 0.4243948 -4.0455613 0.9931820
v -0.0005671 0.4962249 0.0194617
vn 1.9883562 5.3703737 -0.9055461
v -0.0032116 0.5101847 -0.0195200
vn 3.1621382 4.9750972 -0.6084028
v -0.0058888 0.5114216 -0.0204755
vn 1.6712186 5.7080755 1.9706280
v -0.0037762 0.5095607 -0.0169355
vn 1.5621923 5.1684451 3.0558033
v -0.0044794 0.5087798 -0.0141688
vn -0.0191929 5.2811108 3.2467201
v -0.0012218 0.5074837 -0.0130628
vn -0.1016451 5.7058516 2.2573988
v -0.0005238 0.5085407 -0.0160970
vn -0.0805799 5.1898403 -2.6994405
v -0.0158288 0.5083714 0.0135696
vn -1.2201271 6.1290536 0.1653141
v -0.0163460 0.5084485 0.0157660
vn 2.1030450 -0.2859155 -4.7805295
v -0.0156872 0.5069343 0.0125351
vn 3.3766072 0.2855979 -4.5110030
v -0.0186253 0.5066220 0.0108272
vn 1.7612711 5.1572700 -1.9975108
v -0.0188764 0.5082539 0.0120635
vn 2.7070670 -4.7318783 -3.0315235
v -0.0166554 0.5052382 0.0135707
vn 3.6182342 -3.8323879 -3.0741153
v -0.0195103 0.5045020 0.0114000
vn 4.5290232 -2.7621503 -2.9255731
v -0.0219387 0.5040447 0.0084474
vn 4.8678641 0.3288060 -3.7316215
v -0.0213169 0.5066571 0.0085565
vn 2.3490875 -5.5077457 -1.8425608
v -0.0181181 0.5037731 0.0152614
vn 2.3714743 -5.5846758 -0.9830391
v -0.0211857 0.5029261 0.0125231
vn 1.6628140 -5.2822762 -0.8267968
v -0.0236097 0.5022103 0.0090060
vn 5.1729712 -2.5182981 -2.1314125
v -0.0237864 0.5040929 0.0051025
vn -2.0161812 -3.7058785 1.8276172
v -0.0234254 0.5024795 0.0135715
vn -2.7588670 -4.1082463 1.7196711
v -0.0259709 0.5024846 0.0096814
vn -4.7633066 -0.4164149 3.8735728
v -0.0242677 0.5051898 0.0134858
vn -4.9729424 -0.6105992 3.5172005
v -0.0270029 0.5052225 0.0098292
vn -2.9756713 2.8676102 3.0411425
v -0.0243916 0.5080959 0.0131009
vn -3.9807336 2.9634528 2.7095075
v -0.0269908 0.5082504 0.0092089
vn -0.0168612 5.6346655 1.2564766
v -0.0227558 0.5092511 0.0114563
vn -0.9593974 5.5440297 1.2693454
v -0.0251145 0.5099266 0.0077637
vn -1.6477917 5.6410351 0.8720382
v -0.0270619 0.5100819 0.0039457
vn -1.7561051 5.2011614 -0.0728938
v -0.0280945 0.5103611 0.0000749
vn 3.1387165 3.4493651 -0.8104744
v -0.0230556 0.5097577 0.0063519
vn 2.7071564 3.5518465 -0.6772603
v -0.0244268 0.5101878 0.0027340
vn 3.3874383 3.6864035 -0.0057593
v -0.0248675 0.5099089 -0.0008365
vn 3.0834305 3.5019288 0.3895688
v -0.0240829 0.5097454 -0.0045548
vn -1.6535690 5.3854694 -1.1204907
v -0.0274978 0.5099933 -0.0041215
vn 6.1155629 -0.0890046 -1.2636726
v -0.0243743 0.5071555 0.0020409
vn 6.1976857 -0.2861937 0.6484133
v -0.0245645 0.5068794 -0.0016771
vn 5.8436937 -0.4113607 2.1840777
v -0.0235794 0.5064861 -0.0055016
vn 5.0903864 -0.4530827 3.5292387
v -0.0216330 0.5059626 -0.0093151
vn 3.2661250 3.5088766 0.8951776
v -0.0224892 0.5087625 -0.0083427
vn 5.1152992 -3.1039524 0.7504978
v -0.0249597 0.5039087 -0.0026030
vn 4.0204024 -3.6028390 2.0212333
v -0.0236767 0.5035150 -0.0067821
vn 2.9706631 -4.3739667 1.8424740
v -0.0213529 0.5032538 -0.0110629
vn 1.8724273 -5.7079635 1.5621991
v -0.0185106 0.5039058 -0.0152920
vn 3.7384748 -1.3324199 3.7829380
v -0.0184480 0.5055023 -0.0122319
vn -0.5675884 -5.2155042 -0.3204775
v -0.0255125 0.5021647 -0.0088890
vn -0.8718297 -5.4285183 -1.4225235
v -0.0227966 0.5028824 -0.0137209
vn -3.8828068 -2.0687709 -2.6995859
v -0.0270980 0.5039644 -0.0111749
vn -3.7234271 -1.4265096 -3.4203537
v -0.0237020 0.5047546 -0.0158005
vn -4.0552459 3.0777152 -2.9474249
v -0.0257403 0.5071681 -0.0120366
vn -2.4972098 3.2706056 -2.9137762
v -0.0224184 0.5077808 -0.0162126
vn -0.3294364 5.6466136 -0.6070032
v -0.0228256 0.5088170 -0.0119485
vn -0.0323904 6.1864414 -0.2655249
v -0.0195257 0.5083304 -0.0150698
vn -1.2712952 6.0861793 -0.3062499
v -0.0159715 0.5083312 -0.0174724
vn 3.0636592 3.9311483 2.6719301
v -0.0201419 0.5078856 -0.0116430
vn -1.3236837 5.3978586 -1.7136698
v -0.0256261 0.5092634 -0.0082204
vn -4.5745559 2.2864170 -2.4180014
v -0.0288264 0.5071881 -0.0076897
vn 5.4887938 -2.5988674 -0.8516910
v -0.0249008 0.5042161 0.0013941
vn 5.7270031 -0.0653627 -2.5114315
v -0.0231526 0.5069838 0.0055027
vn 3.2244565 4.3668165 -1.6789544
v -0.0214087 0.5087800 0.0096792
vn -0.2588881 6.1602316 0.8872610
v -0.0197521 0.5082939 0.0141253
vn -2.6988225 4.0981679 2.8393483
v -0.0208653 0.5076093 0.0161890
vn -3.9539657 -0.0584669 4.0892582
v -0.0212427 0.5052311 0.0172364
vn -0.8019499 -3.7040710 1.8614713
v -0.0200512 0.5026618 0.0169752
vn 1.1639900 -5.8224640 -1.8884718
v -0.0147793 0.5043104 0.0169404
vn 1.1410395 -0.1378978 -3.1382177
v -0.0039195 0.4999540 -0.0393158
vn 4.2415705 -0.2961811 -2.6335287
v -0.0013264 0.4993443 -0.0359582
vn 5.3481865 0.2100399 -2.3754573
v 0.0003087 0.5004400 -0.0317488
vn -3.7943263 -3.3209240 -0.7933264
v -0.0097478 0.5001256 -0.0311950
vn -4.5394406 1.7346570 -2.6735191
v -0.0098619 0.5028017 -0.0318564
vn -3.8853564 1.5099789 4.3951912
v 0.0013709 0.5073404 0.0240184
vn -5.9689989 -0.4905099 -0.5447609
v 0.0020125 0.5040169 0.0262087
vn -5.7424769 1.8924830 0.4440601
v 0.0020894 0.5057117 0.0265789
vn 0.0442758 3.2707710 2.8470585
v 0.0029207 0.5068930 0.0269119
vn 5.1553187 0.8619703 3.1006458
v 0.0039726 0.5053276 0.0266773
vn 4.5888338 -2.8736486 1.7367190
v 0.0039114 0.5032514 0.0263401
vn 4.7454109 -3.0507035 1.1061448
v 0.0021988 0.5023814 0.0297449
vn -1.0496767 -3.9017069 -0.4036082
v 0.0024631 0.5022428 0.0259338
vn -5.4771080 -1.1666870 2.4219766
v -0.0096426 0.5052898 0.0278017
vn -3.9483149 -4.2040920 1.1831974
v -0.0068719 0.5025673 0.0303591
vn -5.3752742 -2.2768996 2.1595984
v -0.0077387 0.5046287 0.0310990
vn -4.2725186 -4.5087929 0.7200927
v -0.0048430 0.5015532 0.0329150
vn 3.9942014 2.1590192 -4.3391299
v 0.0046828 0.4867089 -0.0052026
vn 4.9787989 1.8450921 -1.8828044
v 0.0062607 0.4866914 -0.0037252
vn 5.1904082 0.7444701 -2.2705936
v 0.0064653 0.4839929 -0.0047493
vn 3.9812665 2.1958249 -4.3312998
v 0.0043585 0.4850114 -0.0063365
vn 4.6535563 0.9991547 -3.8574452
v 0.0020086 0.4865129 -0.0076451
vn 4.5609188 1.5546743 -3.8794510
v 0.0031288 0.4884342 -0.0056918
vn 4.9301248 1.9300637 -3.2384861
v 0.0047066 0.4897827 -0.0035741
vn 4.4213319 1.8001349 4.0722628
v 0.0047369 0.4863768 0.0029023
vn 4.4448695 1.2202333 4.2218566
v 0.0042807 0.4843501 0.0042364
vn 5.2708721 0.0784672 2.1168749
v 0.0065846 0.4835703 0.0017947
vn 5.2330194 1.4080179 1.8719066
v 0.0063923 0.4865347 0.0010246
vn 4.4880152 1.8169589 3.9750664
v 0.0034529 0.4883105 0.0032316
vn 4.1545634 1.2716445 4.4728479
v 0.0021511 0.4861780 0.0057371
vn 5.0648274 2.0468998 2.3838692
v 0.0052709 0.4898954 0.0006216
vn 5.9236355 1.6075466 0.3946536
v 0.0030536 0.4979856 0.0005875
vn 6.1839933 0.5437560 0.6461183
v 0.0032619 0.4955966 0.0008388
vn 5.9859872 1.4585937 -0.9584146
v 0.0033488 0.4956166 -0.0029314
vn 5.8938594 1.6881032 -1.1501504
v 0.0027207 0.4978515 -0.0034600
vn 6.0064898 0.3520941 -1.4717376
v 0.0023964 0.4999015 -0.0022336
vn 6.0032740 0.5058246 0.9998475
v 0.0025814 0.5000337 -0.0005124
vn 5.2131133 1.4095349 2.8001790
v 0.0017232 0.5004761 0.0009620
vn 4.6099844 3.7271869 1.6838870
v 0.0022010 0.4989228 0.0025378
vn 3.6063807 -0.5638505 -3.8416381
v 0.0019623 0.5025505 -0.0044935
vn 5.5364637 1.2218704 -1.7844830
v 0.0023008 0.5037066 -0.0034150
vn 5.2915306 -1.0624868 -2.2415538
v 0.0023768 0.5014688 -0.0034417
vn 3.6558497 -0.3046847 -4.8544483
v 0.0012902 0.5015604 -0.0043932
vn 5.0107455 -0.1040286 3.7797575
v 0.0018267 0.5020134 0.0008733
vn 5.3984380 -0.0171129 2.1549733
v 0.0027357 0.5019861 -0.0002196
vn 5.0687866 1.3886477 2.6918445
v 0.0020052 0.5045875 0.0005940
vn 3.6314259 0.8596160 4.6900229
v 0.0006985 0.5038484 0.0022758
vn 4.0330114 1.5619479 4.3497992
v 0.0005035 0.5011150 0.0027177
vn 6.1031003 0.5790272 -0.9079369
v 0.0024029 0.4966164 -0.0071757
vn 5.3165722 2.8264909 -0.5064445
v 0.0020345 0.4977506 -0.0075974
vn 5.0794587 3.2320898 -1.7004759
v 0.0018376 0.4987309 -0.0052439
vn 6.1116476 0.0353112 -1.3921194
v 0.0024321 0.4949229 -0.0065624
vn 5.3836670 0.7030706 -2.6008310
v 0.0016868 0.5000670 -0.0038482
vn 5.5620265 -0.9545945 2.1274137
v 0.0024122 0.4927435 0.0157017
vn 5.5603561 1.0863651 0.8336829
v 0.0034354 0.4954757 0.0116378
vn 3.3604789 3.8023410 1.5711768
v 0.0025060 0.4972059 0.0121406
vn 3.7621934 1.6622589 1.8505077
v 0.0025959 0.4950393 0.0161731
vn 5.6381936 -2.2179735 0.5475918
v 0.0024270 0.4912542 0.0139759
vn 5.8986702 -1.4881709 -0.2653689
v 0.0032321 0.4934401 0.0110037
vn 4.2207332 -0.5655891 3.7468338
v 0.0006574 0.4897206 0.0178788
vn 5.5314560 -2.5711558 0.7519543
v 0.0008876 0.4886375 0.0161504
vn 2.6693585 0.8695639 -4.7005072
v 0.0008124 0.5043208 -0.0052667
vn 2.5457561 0.4879164 -5.5830274
v 0.0001833 0.5020278 -0.0051808
vn 5.3437662 2.1792140 -2.2813616
v 0.0011362 0.5064263 -0.0034712
vn 0.1763155 0.8313466 -6.1685858
v -0.0013645 0.5018172 -0.0055457
vn 0.9508258 0.7952671 -6.1294813
v -0.0012697 0.5050894 -0.0054027
vn 4.1255455 3.7430096 0.5266344
v 0.0015878 0.4986673 -0.0084343
vn 2.4058836 4.9706173 -0.3357668
v 0.0008038 0.4993000 -0.0089053
vn 2.3556433 5.5467057 -0.5052947
v 0.0001838 0.4992089 -0.0076665
vn 3.5964127 4.3935566 0.1373450
v 0.0009607 0.4985169 -0.0074620
vn 5.6044717 1.9067054 -0.5278867
v 0.0020120 0.4970961 -0.0110492
vn 3.2829325 4.5395870 -1.8151991
v 0.0012548 0.4979188 -0.0117472
vn 4.3796234 3.5307665 -2.7119670
v 0.0010044 0.4993671 -0.0061276
vn 5.0511546 2.5786679 2.3987832
v 0.0002907 0.5086253 0.0004974
vn 3.7663207 3.1802216 3.0803068
v -0.0005066 0.5093486 0.0012771
vn 3.5218282 1.5466909 4.4961114
v -0.0002724 0.5073566 0.0021283
vn 5.1752787 1.9763656 2.8966985
v 0.0006207 0.5072074 0.0008437
vn 5.6348295 2.2630732 0.3382491
v 0.0014110 0.5070992 -0.0010695
vn 4.8546119 3.0705886 0.4712947
v 0.0006691 0.5090064 -0.0009250
vn 3.8236580 4.5956821 0.5411615
v -0.0005613 0.5102293 -0.0006414
vn 3.6725919 2.0100036 -4.1798248
v 0.0001555 0.5073983 -0.0044344
vn 4.8630729 2.9086151 -2.1165876
v 0.0003963 0.5086545 -0.0030028
vn 1.8099780 2.5565414 -4.6652412
v -0.0012501 0.5085298 -0.0048808
vn 3.1187556 4.0977569 -2.4095783
v -0.0007136 0.5099916 -0.0031301
vn 1.8703113 0.9864023 5.8610597
v -0.0020767 0.5070978 0.0028737
vn 1.1364192 0.9371568 6.0661125
v -0.0015857 0.5037544 0.0030677
vn 0.9353721 2.2803688 5.6675301
v -0.0013231 0.5007426 0.0037236
vn -2.2727668 -5.7278028 0.7169558
v 0.0014811 0.4820027 -0.0065070
vn -2.1433520 -5.8618159 0.1060935
v 0.0022837 0.4818281 -0.0046283
vn -0.9630565 -6.1433887 0.0888570
v -0.0007652 0.4826546 -0.0052144
vn -0.9754293 -6.1921425 -0.1643365
v -0.0010931 0.4825155 -0.0075616
vn -0.0539546 -4.7210350 -2.7910805
v -0.0013048 0.4827601 -0.0100722
vn -0.6790307 -5.2198944 -0.8613487
v 0.0024014 0.4812839 -0.0073063
vn -1.0488628 -5.9878216 -0.2864398
v 0.0040599 0.4810165 -0.0048512
vn 4.2665949 -0.1161716 -3.4993875
v 0.0008207 0.4921940 -0.0187376
vn 5.7932024 -1.8376074 -0.9666815
v 0.0012763 0.4909540 -0.0163548
vn 5.3886271 -2.4539971 -1.1057717
v 0.0001435 0.4886225 -0.0177070
vn 3.2736907 -0.1709130 -4.4612036
v -0.0006582 0.4893491 -0.0197021
vn 5.2331896 0.8309301 -1.3881834
v 0.0024340 0.4948085 -0.0151267
vn 5.9371514 -1.2719300 -0.0278905
v 0.0023035 0.4934420 -0.0140789
vn 2.4089692 2.7248259 -3.8600383
v 0.0000587 0.4941687 -0.0188674
vn 2.8398116 3.7518010 -2.6310818
v 0.0014338 0.4961081 -0.0157274
vn -0.3944889 -1.0208473 -5.8454809
v -0.0034870 0.4897218 -0.0202464
vn 1.8361663 -0.1080220 -5.1472969
v -0.0024299 0.4919182 -0.0207244
vn 0.9357165 3.2576151 -4.5290632
v -0.0025345 0.4934219 -0.0202185
vn -2.4069471 -5.7494459 -0.1112030
v 0.0012912 0.4821458 0.0028883
vn -2.4371371 -5.7825370 0.0434055
v 0.0020718 0.4816947 0.0008250
vn -1.4588248 -5.8894882 0.0994842
v 0.0039192 0.4807881 0.0013183
vn -2.0909433 -5.8414741 0.3288667
v 0.0022454 0.4815763 0.0040154
vn -1.3078401 -5.9891305 0.9983292
v -0.0006701 0.4827293 0.0056298
vn -1.3459365 -6.1183882 0.1157068
v -0.0008736 0.4827822 0.0034684
vn -1.2110353 -6.0566201 0.2837684
v -0.0006785 0.4827484 0.0006096
vn 1.8943243 5.0377083 1.2542782
v -0.0023168 0.5113322 0.0001005
vn -0.1640142 6.2679100 0.2834726
v -0.0039759 0.5113745 -0.0006962
vn -0.1918349 6.2724967 -0.0833280
v -0.0044283 0.5113792 0.0000175
vn 0.2953520 4.4514556 2.5048785
v -0.0042997 0.5113999 0.0012538
vn 1.8763020 3.2226369 4.4664364
v -0.0021417 0.5096753 0.0021703
vn -0.0626496 3.0012157 4.9383774
v -0.0044469 0.5097468 0.0026671
vn -1.0199379 5.9621763 0.5837662
v -0.0014116 0.4993798 -0.0079312
vn -2.5317590 5.1202364 -1.8804183
v -0.0010151 0.4995765 -0.0067874
vn 2.0364153 4.6318688 -3.3547654
v 0.0001206 0.4997332 -0.0066802
vn 0.5701649 5.7099314 -1.0679587
v -0.0007593 0.4995300 -0.0096100
vn -2.2386069 4.2668629 3.2019765
v -0.0035758 0.4984272 -0.0082156
vn -1.1933966 3.9223721 -2.1050754
v -0.0022925 0.4986044 -0.0064069
vn 2.4077091 2.9735951 -4.6964998
v 0.0000871 0.5006642 -0.0058204
vn -2.0176063 2.6963379 -4.9377308
v -0.0010199 0.5002788 -0.0061303
vn -0.1195683 0.9332780 -5.7031293
v -0.0019430 0.5001943 -0.0056030
vn 0.3854927 1.9742658 -5.8758764
v -0.0029262 0.4999088 -0.0058457
vn 0.0077384 0.2570482 -6.1755610
v -0.0031405 0.5023037 -0.0054085
vn -1.7032430 2.5976295 -3.5723763
v -0.0016359 0.4993364 -0.0058890
vn 4.2204475 -4.4708586 0.5885533
v -0.0007549 0.4871493 0.0122945
vn 1.7618977 -5.4827967 1.9243832
v -0.0017360 0.4865019 0.0122893
vn 2.7630067 -4.2786102 3.0570855
v -0.0015612 0.4853404 0.0105892
vn 5.2534103 -3.0356030 1.4534618
v -0.0002334 0.4869792 0.0101438
vn 4.7521992 -3.8683426 -0.9407988
v 0.0000149 0.4874108 0.0144944
vn 1.6273837 -5.4673781 -1.8134246
v -0.0014245 0.4864751 0.0140150
vn 5.2105622 -3.4886134 -0.1199287
v 0.0009936 0.4892021 0.0121589
vn 1.1823809 4.5020471 -2.7010062
v -0.0030022 0.5111372 -0.0033199
vn 0.1841502 6.0993571 -0.6037089
v -0.0043117 0.5114806 -0.0019725
vn -1.5219098 3.8976548 -3.5845127
v -0.0060300 0.5108265 -0.0036757
vn -0.8868495 5.0347629 -1.2553374
v -0.0058912 0.5114823 -0.0026160
vn -1.4516261 6.0512629 0.6395069
v -0.0058400 0.5112144 -0.0013685
vn -0.0313795 5.7135391 2.5917659
v -0.0021211 0.4949940 0.0179483
vn -0.3769676 5.7881207 2.4063714
v -0.0050100 0.4949961 0.0176698
vn -0.3928809 5.5303335 2.8716533
v -0.0048440 0.4942208 0.0195214
vn 0.6407861 5.2763481 3.2316127
v -0.0011668 0.4945162 0.0188690
vn -0.1782682 5.7122626 2.6052127
v -0.0016457 0.4960520 0.0154200
vn -0.3128766 5.7394934 2.5299416
v -0.0049825 0.4959362 0.0153035
vn 1.2775049 5.3527436 2.7071118
v 0.0010090 0.4958850 0.0158513
vn 1.8153176 -2.8506238 3.4319334
v -0.0003748 0.4834644 0.0080891
vn 1.3840362 -3.7341204 3.7042899
v 0.0007738 0.4829232 0.0067175
vn 3.8874416 -0.0967410 4.8827600
v 0.0013475 0.4842907 0.0066219
vn 4.8692608 -1.1288388 3.5083857
v -0.0001115 0.4852891 0.0079910
vn 4.1872940 -4.3230610 -0.3304625
v -0.0011203 0.4873463 -0.0151170
vn 3.5938549 -3.4120004 -3.4268153
v -0.0009331 0.4856267 -0.0125194
vn -0.6055698 -4.5743389 -3.6995876
v -0.0023953 0.4851493 -0.0126707
vn -0.5130272 -5.4591560 -1.0953240
v -0.0025978 0.4866617 -0.0144129
vn 5.5633173 -2.7267942 -0.6588748
v 0.0004713 0.4890078 -0.0138376
vn 5.5698376 -1.5228326 -2.2986293
v 0.0000496 0.4866867 -0.0114227
vn 0.6475995 -4.5738153 3.9746704
v -0.0029263 0.4857482 -0.0162015
vn 4.0885057 -3.5956221 2.3064561
v -0.0017452 0.4855168 -0.0171650
vn 0.0523445 5.3181982 -3.2935698
v -0.0010230 0.4949461 -0.0178732
vn -0.3584793 5.4285460 -3.1253824
v -0.0028538 0.4943773 -0.0186904
vn 0.0282984 5.3910427 -3.1772399
v -0.0004597 0.4963482 -0.0155576
vn -0.5132140 5.3357592 -3.2548084
v -0.0025882 0.4958263 -0.0159832
vn -0.7654579 6.1965923 -0.2526446
v -0.0055251 0.5113108 -0.0003520
vn -1.5617003 5.3114700 -1.4928772
v -0.0019076 0.4988560 0.0065093
vn -0.5891911 4.7331805 3.5089912
v -0.0011728 0.4992017 0.0047754
vn -2.8887625 3.4488175 2.2036233
v -0.0021971 0.4980371 0.0050095
vn -3.5158489 2.7994494 -3.0271227
v -0.0024947 0.4979161 0.0064129
vn -0.5000739 2.5202894 -5.2625942
v -0.0035110 0.4979105 0.0067828
vn -1.0728886 4.9345675 -2.8723452
v -0.0043620 0.4984595 0.0070734
vn -0.7814647 5.7054949 0.7549517
v -0.0035161 0.4991223 0.0092275
vn 0.8439474 5.4963474 0.2341542
v -0.0004925 0.4993215 0.0086429
vn -1.3239493 4.1268530 2.0375981
v -0.0028728 0.4974094 0.0053167
vn -0.7996538 2.7689209 5.4316936
v -0.0030785 0.4990651 0.0041770
vn 0.9344509 4.6275468 3.5229633
v -0.0036362 0.4976994 0.0051125
vn 1.1897993 4.9602890 -1.3436903
v -0.0038349 0.4973684 0.0062368
vn -1.0599114 3.2298481 -1.1288564
v -0.0029843 0.4971490 0.0062623
vn -2.1915405 4.6252398 1.5451982
v -0.0064557 0.5112172 0.0004659
vn -0.7433904 3.9536388 1.3841573
v -0.0034350 0.4998153 -0.0088491
vn -1.8699800 4.9073772 1.2714295
v -0.0053583 0.4991381 -0.0095339
vn -0.1320598 -6.0324011 1.7263658
v -0.0013472 0.4832194 0.0071147
vn 1.0698748 -3.9636385 2.5261185
v 0.0032792 0.4813929 0.0047064
vn -1.2582593 -6.0078306 0.8580813
v -0.0035703 0.4835972 0.0058227
vn -0.5098906 -6.1339016 0.8171991
v -0.0035257 0.4832959 0.0034143
vn -1.5591688 -5.7523804 1.1022809
v -0.0029122 0.4833781 0.0075697
vn -0.3614212 5.2403250 -1.3685905
v -0.0049690 0.4974954 0.0061044
vn -2.6425915 1.7357221 5.2549596
v -0.0043939 0.4999842 0.0035710
vn -1.9558579 4.3372216 3.6025219
v -0.0046782 0.4982100 0.0047444
vn 0.6957995 -4.4939303 2.9921057
v -0.0019036 0.4836111 0.0088458
vn -0.1355253 -6.0714726 -1.2465595
v -0.0040258 0.4830286 -0.0080433
vn -1.0738045 -4.8495293 -3.6298189
v -0.0046931 0.4837903 -0.0100994
vn 3.4301686 -1.6949732 -4.7277846
v 0.0004289 0.4837171 -0.0098976
vn -0.7183779 -1.2457490 5.6523376
v -0.0022385 0.4904563 0.0185858
vn 2.4111416 -2.5351202 5.0282784
v -0.0008875 0.4922465 0.0191100
vn -0.6148144 -3.9283121 4.2495561
v -0.0047998 0.4923764 0.0200782
vn -1.7882478 -5.6478295 1.9957134
v -0.0051246 0.4918930 0.0188118
vn -2.4636695 -5.1336932 1.7957778
v -0.0056079 0.4915405 0.0165815
vn -4.5856900 -1.1706424 3.3599703
v -0.0038310 0.4897186 0.0176058
vn -4.8111639 1.5899044 3.2145822
v -0.0028740 0.4874747 0.0188544
vn -0.3008516 2.4064021 5.2823234
v -0.0018419 0.4876173 0.0195109
vn 0.8368132 3.6797419 -4.9978776
v -0.0040174 0.4985930 -0.0067017
vn -1.0200007 2.2103813 -5.5876417
v -0.0042020 0.4998910 -0.0057917
vn -2.3563950 4.7864127 0.6078514
v -0.0055786 0.4974674 -0.0079092
vn -3.6057405 2.5189309 -4.0998621
v -0.0052867 0.4994039 -0.0055454
vn -2.0043678 -4.0212765 -4.2559881
v -0.0045714 0.4862156 -0.0124838
vn -1.2904612 -4.1639795 -4.4786267
v -0.0059855 0.4910407 -0.0202579
vn -0.1771341 -0.1460078 -5.2285066
v -0.0057575 0.4920394 -0.0210938
vn -0.6937993 1.5397508 -5.4064560
v -0.0030768 0.4870286 -0.0207097
vn -4.6546421 1.6948717 -3.5643411
v -0.0041698 0.4864870 -0.0198857
vn -3.9189436 -1.5975951 -4.4794641
v -0.0049168 0.4886837 -0.0191895
vn -1.8513587 -4.2716646 -4.0153389
v -0.0064745 0.4900476 -0.0189787
vn -0.0209695 -5.2039185 3.3103178
v -0.0034991 0.4848230 0.0104002
vn -1.2859448 -4.5787334 3.6241157
v -0.0035440 0.4864921 0.0124526
vn 3.6567800 -3.6033154 2.0118053
v -0.0010464 0.4843616 0.0090004
vn 1.1156130 -3.2459998 5.0179143
v -0.0055206 0.4862956 0.0121283
vn 0.2550520 -5.5870790 2.2336595
v -0.0058057 0.4853031 0.0110567
vn -1.9163208 -5.6950493 1.4524002
v -0.0047120 0.4843224 0.0087277
vn -3.4281578 4.2064381 -2.0687861
v -0.0073999 0.4975808 0.0081226
vn -1.6624577 5.4793034 0.8717465
v -0.0067019 0.4982802 0.0102860
vn -3.5233917 4.6197853 -1.2126118
v -0.0062180 0.4972737 0.0058887
vn -2.9801705 -2.8648374 3.2676423
v -0.0042479 0.4885974 0.0131704
vn 0.4159465 -2.0594797 5.5136743
v -0.0058366 0.4881979 0.0126655
vn -3.3427610 -4.7705312 -0.4586456
v -0.0027235 0.4866025 0.0143130
vn -5.4841385 -2.8042803 0.7635602
v -0.0034798 0.4879488 0.0148242
vn -3.2788296 -4.2319827 -0.4141811
v -0.0042237 0.4875674 -0.0141296
vn -1.5370932 -2.4831874 -3.9020681
v -0.0065079 0.4889057 -0.0127233
vn -2.3767552 -3.9393003 0.4406327
v -0.0062117 0.4895255 -0.0141443
vn 1.1016043 -3.1512787 -4.6949868
v -0.0067147 0.4862335 -0.0124827
vn 1.5333128 -0.0611785 -5.9283705
v -0.0077395 0.4879510 -0.0127468
vn -2.1194363 -4.6503901 -2.6139667
v -0.0068476 0.4853044 -0.0107286
vn -1.9491357 -5.5226874 1.8942031
v -0.0053898 0.4844322 0.0072816
vn -1.9815975 -4.4662099 2.7193284
v -0.0065088 0.4838057 0.0061294
vn -0.1870085 -6.0653672 1.3523096
v -0.0052713 0.4834293 0.0052005
vn -0.1017227 -6.1787071 1.0952749
v -0.0056146 0.4831885 0.0033675
vn -2.6631947 4.4336095 1.5372651
v -0.0078771 0.4980932 -0.0101308
vn -4.0095873 2.6593223 3.7753699
v -0.0096112 0.4965953 -0.0103987
vn -4.2225804 4.3830290 -0.2375821
v -0.0070882 0.4968605 -0.0068132
vn -3.0512307 -4.1513133 3.4455562
v -0.0048898 0.4866318 -0.0159558
vn -2.7185836 -4.3146539 3.4489782
v -0.0070694 0.4887356 -0.0152281
vn -3.1836355 -4.9176040 -0.3914113
v -0.0073689 0.4884667 -0.0163338
vn -4.8583241 -3.2462652 0.1873735
v -0.0057572 0.4869817 -0.0168169
vn -5.2907014 -0.7008044 1.5253513
v -0.0052923 0.4849390 -0.0181919
vn -3.2449055 -2.7889557 4.4823732
v -0.0045768 0.4842427 -0.0179178
vn 0.8581619 -5.9874382 -0.9017689
v -0.0057348 0.4824954 -0.0074239
vn -0.7449112 -5.2739925 -1.8793507
v -0.0065518 0.4825500 -0.0081283
vn -3.3231084 -2.4813535 -2.2265983
v -0.0078086 0.4833455 -0.0087763
vn -0.6767122 5.5459051 2.4118986
v -0.0055797 0.4842431 0.0212761
vn -3.2176018 4.6575050 2.1372161
v -0.0035122 0.4852112 0.0203827
vn -4.5936255 3.6160874 -1.2503636
v -0.0038086 0.4849433 0.0195134
vn 0.1913987 5.6591420 -1.5727839
v -0.0055280 0.4842065 0.0199688
vn 3.4623990 4.8800735 -0.6829849
v -0.0075007 0.4850724 0.0191899
vn 1.1975335 5.0237513 3.0899377
v -0.0079836 0.4850755 0.0201700
vn -2.2737761 2.7404766 4.0702739
v -0.0068361 0.4832951 0.0224286
vn -1.5066223 1.9683895 4.8705068
v -0.0057016 0.4822676 0.0236612
vn 0.0357982 3.7572320 4.2288918
v -0.0042097 0.4835280 0.0229816
vn 0.5830946 3.6772037 4.4910688
v -0.0026866 0.4850558 0.0210846
vn -6.1476908 0.1865589 -0.3437404
v -0.0068211 0.4994623 -0.0019922
vn -5.9413786 -1.8813553 -0.1465376
v -0.0073440 0.5017604 -0.0015950
vn -5.4772530 -1.4691360 -2.4433374
v -0.0068987 0.5016645 -0.0037536
vn -5.5161376 1.5201826 -2.0769861
v -0.0064594 0.4990334 -0.0041602
vn -5.9389377 0.6769726 1.5382392
v -0.0065739 0.4990441 0.0007343
vn -5.5557795 -1.8917282 2.0590854
v -0.0070639 0.5020728 0.0006996
vn -5.9488149 1.1152802 0.2755429
v -0.0074032 0.4976392 -0.0020072
vn -1.0877814 5.4355793 -2.4702632
v -0.0056683 0.4985110 -0.0117784
vn -1.5770146 5.3554926 -2.3287833
v -0.0085042 0.4972392 -0.0130229
vn -5.6545062 1.9460217 -0.5650287
v -0.0069182 0.4955170 0.0054497
vn -5.0363159 1.5554674 -3.3578906
v -0.0081833 0.4953766 0.0077389
vn -2.5168791 -5.1131115 1.4174933
v -0.0072714 0.4833831 0.0037423
vn 1.9454405 -3.9895656 2.0410469
v -0.0043830 0.4801041 0.0231575
vn 0.3790446 -1.2779994 4.5006495
v -0.0048575 0.4809041 0.0239909
vn -2.1914856 -3.2615070 1.6673715
v -0.0063341 0.4800282 0.0229553
vn 0.2191441 -5.1968327 -1.0624365
v -0.0052701 0.4798223 0.0219650
vn 4.1528816 -3.1087856 1.2099559
v -0.0028126 0.4812324 0.0222795
vn 2.8632238 0.5400718 3.8818030
v -0.0030473 0.4824303 0.0233082
vn 2.4803491 -4.8683729 -2.2416475
v -0.0036782 0.4808485 0.0209762
vn -5.6979342 0.3792365 1.3637831
v -0.0069437 0.4903764 -0.0028436
vn -5.5705242 -0.0833285 0.3270412
v -0.0065631 0.4928265 -0.0018830
vn -5.5921497 -0.2873319 2.1186497
v -0.0080232 0.4917240 -0.0041460
vn -5.9950662 -0.1676646 1.6945542
v -0.0079231 0.4896786 -0.0048802
vn -6.1340556 1.1471138 -0.0133728
v -0.0074285 0.4881035 -0.0017217
vn -6.0901871 0.1888186 -1.1777285
v -0.0075581 0.4894195 0.0012669
vn 0.7694649 -3.7123187 -4.6432505
v -0.0052358 0.4818721 0.0191035
vn 0.4120775 0.7488195 -5.8875613
v -0.0053826 0.4831037 0.0188222
vn -3.3970954 -0.7400101 -4.9288435
v -0.0034547 0.4835580 0.0182436
vn 0.1939455 -4.1320887 -3.6572814
v -0.0029086 0.4829399 0.0182293
vn -1.2255330 -4.7247620 -2.3864980
v -0.0066086 0.4807757 0.0201038
vn -1.9664257 -5.4603643 -1.3335285
v -0.0084764 0.4824388 0.0184820
vn 1.7363433 -3.4596100 -3.8146367
v -0.0076494 0.4827175 0.0177996
vn 4.1952472 0.8220515 -4.3765612
v -0.0073297 0.4835983 0.0179748
vn 0.8970043 -4.3638825 4.1224031
v -0.0055412 0.4812245 -0.0197402
vn 3.3994360 -3.9237309 1.3435227
v -0.0041165 0.4807887 -0.0210153
vn 4.1129279 -3.5560489 1.7622855
v -0.0026354 0.4831923 -0.0189999
vn 0.6124913 -3.7580822 4.1398683
v -0.0036233 0.4833188 -0.0180111
vn -0.4644819 -0.9337136 5.6046448
v -0.0059479 0.4827812 -0.0187534
vn 0.5286085 -5.3301053 3.2802861
v -0.0060553 0.4799133 -0.0217387
vn 2.8049407 -4.1859293 0.8148182
v -0.0052732 0.4793493 -0.0228005
vn 1.4045472 -1.1852051 5.4527702
v -0.0077663 0.4825731 -0.0186278
vn -0.0288904 -4.5904922 3.9790902
v -0.0080381 0.4810145 -0.0196904
vn -0.2775360 -5.4454813 2.9799578
v -0.0071841 0.4795085 -0.0222343
vn 0.3718789 -6.2052355 -0.2548807
v -0.0040285 0.4828342 -0.0056019
vn 0.4250575 -6.2399492 -0.2916901
v -0.0063055 0.4824242 -0.0053900
vn -2.2079422 -5.3833241 -0.3877276
v -0.0076372 0.4824457 -0.0052638
vn -5.6985626 2.1260161 0.7058536
v -0.0072410 0.4962701 0.0028371
vn -6.1230545 0.4655979 -0.8862278
v -0.0073811 0.4948858 0.0001886
vn -5.8578629 0.1316850 -1.3639305
v -0.0080777 0.4923846 0.0014608
vn -6.0659456 0.8788401 0.2598579
v -0.0081273 0.4928825 0.0031994
vn -4.1040845 3.8838444 2.0786564
v -0.0056515 0.4976839 0.0040006
vn -6.0951405 1.1298712 -0.0747239
v -0.0076969 0.4931460 0.0053248
vn -5.7603164 1.1714847 1.1499571
v -0.0081588 0.4952259 -0.0051493
vn -6.0397868 -0.5175169 -1.3558755
v -0.0079688 0.4846296 -0.0083167
vn -3.8682513 -3.1219420 0.8220460
v -0.0075423 0.4861416 -0.0103881
vn -1.3709059 -4.1976261 4.2814984
v -0.0094166 0.4857180 -0.0118037
vn 1.7114428 -5.1325817 0.4056950
v -0.0089541 0.4851772 -0.0125961
vn 2.5774646 -2.1120653 -3.6603251
v -0.0060823 0.4793331 -0.0249352
vn 4.5997200 -1.2572837 -2.8446465
v -0.0051208 0.4801346 -0.0240696
vn 1.0216931 -4.3304911 -0.4231465
v -0.0065122 0.4784997 -0.0241220
vn -1.6915283 -3.1361775 -1.7740430
v -0.0077953 0.4787258 -0.0246708
vn -0.1430760 -0.3830331 -5.0284467
v -0.0070681 0.4797862 -0.0253230
vn 2.4045520 1.7273136 -4.7953529
v -0.0058885 0.4810522 -0.0246998
vn -5.6117578 -2.7893746 -0.0825693
v -0.0083850 0.5040703 -0.0012835
vn -5.2893438 -1.8574082 1.5366328
v -0.0087161 0.5046682 0.0001563
vn -5.2577844 0.1277488 -0.3680532
v -0.0095450 0.5068102 -0.0017566
vn -5.2262936 -1.8552133 -1.9501402
v -0.0085492 0.5045833 -0.0031736
vn -3.9646537 -0.6297338 3.7780557
v -0.0066399 0.4812292 0.0232110
vn -5.2168064 -0.7905954 3.2785726
v -0.0073428 0.4821498 0.0218657
vn -4.3554797 -3.6260872 0.5432858
v -0.0074017 0.4811455 0.0210892
vn -6.0671554 -0.4400368 1.3009181
v -0.0082278 0.4923409 -0.0065820
vn -6.2329769 -0.0839404 -0.4702968
v -0.0080512 0.4891745 0.0035564
vn -0.8128238 5.4509244 -2.7348604
v -0.0064843 0.4836493 -0.0225638
vn 0.6475176 3.5584826 -4.1293097
v -0.0055712 0.4833434 -0.0233076
vn -0.3667317 3.0801890 -4.9224973
v -0.0071518 0.4818063 -0.0245303
vn -1.1764424 3.9832139 -4.2890911
v -0.0086468 0.4830792 -0.0229749
vn -2.6833241 5.1504164 -1.8046794
v -0.0052472 0.4842685 -0.0211750
vn -0.0148816 3.0707026 -4.6165833
v -0.0039077 0.4848511 -0.0216463
vn -0.2285965 5.8837981 -1.9509184
v -0.0075982 0.4836395 -0.0219181
vn -6.1513557 0.9234345 0.0387065
v -0.0079011 0.4851888 -0.0016885
vn -6.1648731 0.8882695 -0.3629344
v -0.0082163 0.4859163 0.0011774
vn -6.2266197 0.2037717 0.4545649
v -0.0081483 0.4860255 0.0036703
vn -4.6498647 -2.7519369 2.0352829
v -0.0075904 0.4848197 0.0061271
vn -3.6459067 -4.7564459 1.3869574
v -0.0068111 0.4852157 0.0078308
vn -5.8722610 -1.7661217 -0.5072645
v -0.0078844 0.4868296 0.0076390
vn -6.2247729 -0.6416262 0.4465652
v -0.0078557 0.4864218 0.0059768
vn -5.1768742 -1.9696568 1.2500055
v -0.0081641 0.4843294 0.0038391
vn -1.9238162 -5.1639190 1.4940760
v -0.0081571 0.4901468 -0.0144828
vn 0.3896171 -2.7363763 -1.8228992
v -0.0088057 0.4904665 -0.0132926
vn 2.5996399 -2.4968343 -0.9203422
v -0.0106462 0.4900446 -0.0148182
vn -1.0083982 -5.1405144 2.3361940
v -0.0092174 0.4899831 -0.0156293
vn 2.6638682 -0.2686375 -5.1994023
v -0.0089819 0.4890473 -0.0131018
vn 4.1692085 1.1899619 -4.2575364
v -0.0094612 0.4870447 -0.0137715
vn 4.8414421 0.4793849 -3.7234094
v -0.0102580 0.4884274 -0.0143333
vn 3.3631256 -1.1790503 3.9748049
v -0.0096113 0.4835238 -0.0175687
vn 0.5378045 -4.8229876 3.9164152
v -0.0103791 0.4827844 -0.0180644
vn -0.1263945 -5.5235147 2.6461582
v -0.0111380 0.4820821 -0.0193003
vn -1.5708270 -5.2459197 2.1776109
v -0.0092020 0.4804477 -0.0207577
vn -2.7226121 -4.9782391 1.4996626
v -0.0081697 0.4794025 -0.0228314
vn -4.4995975 -4.3344870 0.2222792
v -0.0086660 0.4799331 -0.0231703
vn -3.6246674 -4.7306399 -0.8717478
v -0.0098538 0.4806843 -0.0218256
vn -4.3366513 -2.1294632 -2.0265675
v -0.0087935 0.4798996 -0.0242295
vn -4.5918751 -2.5560372 -3.1375327
v -0.0098184 0.4811944 -0.0226743
vn 3.0992482 -5.2209392 -1.3284934
v -0.0103069 0.4836677 0.0134497
vn 4.8275275 -2.9481182 -0.2292123
v -0.0084337 0.4847032 0.0143147
vn 3.4837043 -3.8626766 -2.3941267
v -0.0087142 0.4837874 0.0160918
vn 1.3159704 -5.8709607 0.0771449
v -0.0107127 0.4834345 0.0162293
vn 2.1800535 -5.6216664 0.3737851
v -0.0079954 0.4849954 0.0121308
vn 3.6541653 -2.6772788 3.6660433
v -0.0073477 0.4857648 0.0129539
vn 2.3920932 -3.6666927 -4.2912235
v -0.0118960 0.4838219 0.0115303
vn 0.3455206 -5.1803145 -3.1506171
v -0.0089590 0.4851044 0.0109689
vn 0.2731696 3.1222785 5.3733516
v -0.0098361 0.4851683 0.0202154
vn -1.5013443 1.7391076 5.0294981
v -0.0087180 0.4844272 0.0207935
vn 2.5687752 3.9214048 3.9857104
v -0.0098551 0.4865680 0.0191389
vn 1.2736539 -1.7106630 4.7285299
v -0.0108283 0.4843726 0.0204406
vn -3.1157489 -2.8903322 4.3510413
v -0.0090504 0.4835963 0.0202641
vn 0.5946441 3.4323752 4.9294982
v -0.0120054 0.4862515 0.0202054
vn -3.8171093 -4.3853083 1.7982793
v -0.0089733 0.4828707 0.0197086
vn 0.9403765 -5.4833398 0.9039508
v -0.0113504 0.4839152 0.0193476
vn 5.0838909 -2.7088714 0.0832080
v -0.0103469 0.4844930 -0.0157541
vn 4.3528686 -1.6371982 -3.6269372
v -0.0088335 0.4858235 -0.0134603
vn 4.0429745 -4.4172058 1.2773306
v -0.0112158 0.4838083 -0.0143477
vn 4.9687662 -3.5507197 -0.4255424
v -0.0120881 0.4827836 -0.0161010
vn 2.5923588 -4.6295676 2.0612772
v -0.0114847 0.4833009 -0.0171819
vn 4.6804218 3.1957426 2.1219497
v -0.0097179 0.4843096 -0.0181256
vn 5.4624915 2.1593118 -1.6439426
v -0.0105366 0.4857745 -0.0163597
vn -3.0206726 0.1172115 4.3004255
v -0.0108052 0.4927231 0.0184960
vn -1.2699307 0.2952679 3.0002651
v -0.0090723 0.4932312 0.0199020
vn -1.6546991 5.1669965 2.9880362
v -0.0087015 0.4940779 0.0186477
vn -2.8510325 3.7678180 3.3549492
v -0.0113147 0.4939731 0.0172694
vn -0.7432355 -2.0266380 5.5247083
v -0.0105640 0.4915261 0.0177597
vn -0.1048819 -5.2100353 3.3941498
v -0.0081830 0.4924030 0.0189540
vn -3.2169530 1.5903513 4.9870911
v -0.0122799 0.4919090 0.0172541
vn 4.3882847 3.8643658 -0.8834994
v -0.0111039 0.4858228 -0.0179740
vn 3.3909414 5.1385746 0.1861686
v -0.0099264 0.4849542 -0.0191004
vn 1.8033830 5.1662149 -2.5485029
v -0.0103730 0.4850021 -0.0203767
vn 5.2432356 1.8712870 -2.3617053
v -0.0118400 0.4869466 -0.0188132
vn 5.3860884 0.9216472 -2.0543790
v -0.0114138 0.4874616 -0.0164172
vn 2.0972497 -3.7932544 4.2356997
v -0.0116811 0.4842756 -0.0129398
vn 2.2867949 -2.1777344 5.1717219
v -0.0134252 0.4821373 -0.0131737
vn 4.1632252 -2.6812425 1.7986312
v -0.0123871 0.4813644 -0.0143295
vn 5.3610930 -2.9540021 -1.2615484
v -0.0124663 0.4816219 -0.0154860
vn 3.3681750 1.5404663 4.6952715
v -0.0102953 0.4888704 0.0177234
vn 0.3608643 2.3555856 5.6410327
v -0.0115800 0.4889535 0.0180051
vn -2.2023275 3.0177264 4.9338021
v -0.0137069 0.4890250 0.0177510
vn -2.6054239 3.7373047 4.2013464
v -0.0148966 0.4857678 0.0198010
vn 3.2537596 -1.5402293 3.2107410
v -0.0126730 0.4829227 0.0220250
vn 4.9133258 -3.7980456 -0.2710498
v -0.0130762 0.4824511 0.0210319
vn 3.5585871 -4.3949618 0.2466999
v -0.0127174 0.4832751 0.0187813
vn 3.7075207 -4.3981247 1.1969752
v -0.0129958 0.4823750 0.0159439
vn -1.2844919 -0.0294846 -5.9082661
v -0.0127752 0.4902672 -0.0191256
vn -0.1576162 -4.7470903 -4.1010566
v -0.0092989 0.4911199 -0.0199034
vn 0.1537482 -4.7883530 -3.9830861
v -0.0092209 0.4904743 -0.0190630
vn 1.9568795 -1.0992752 -5.5968714
v -0.0119293 0.4896155 -0.0189657
vn -3.0882823 0.7980648 -4.9757257
v -0.0129484 0.4921016 -0.0192622
vn -0.7664578 0.0571300 -4.2860851
v -0.0093813 0.4920810 -0.0209057
vn -2.8527608 1.7911770 -5.2690468
v -0.0143592 0.4901366 -0.0184969
vn -3.5159564 3.0223155 -4.1237392
v -0.0161049 0.4898971 -0.0175055
vn -4.3011446 2.5219028 -2.6743238
v -0.0152315 0.4925761 -0.0171898
vn -3.5892515 1.8293816 -4.5245743
v -0.0140898 0.4923069 -0.0183244
vn 5.3533549 -3.1585567 -0.8776394
v -0.0138295 0.4798033 -0.0164288
vn 5.1245904 -3.4059529 -0.4416819
v -0.0133254 0.4811805 -0.0175492
vn -3.5261879 3.7286127 2.4338036
v -0.0128906 0.4940867 0.0155891
vn -3.3066583 4.9735909 0.9437917
v -0.0123958 0.4949160 0.0138734
vn -4.2560563 3.3511546 -1.2531941
v -0.0139434 0.4935717 0.0128999
vn -4.3938813 3.0991778 2.8893557
v -0.0140773 0.4922923 0.0154863
vn -1.8660114 5.4990158 2.3777254
v -0.0106205 0.4950181 0.0154103
vn -0.1738753 3.0734429 -5.2333326
v -0.0119731 0.4844409 -0.0212847
vn -1.9707036 -0.0371813 -5.6100330
v -0.0119479 0.4827905 -0.0218723
vn 0.1539070 -0.4845000 -5.9458976
v -0.0138006 0.4823383 -0.0215024
vn -1.0613003 1.8320303 -5.8144054
v -0.0145903 0.4837766 -0.0212124
vn 2.4664438 2.2338486 -4.8897381
v -0.0126703 0.4870968 -0.0198985
vn -1.1032755 2.4161787 -5.5581260
v -0.0142113 0.4871237 -0.0199893
vn 3.6272666 -4.9328756 0.6486017
v -0.0130065 0.4815232 0.0137594
vn 3.7959526 -3.7769003 1.9548342
v -0.0135960 0.4813284 0.0140733
vn 4.9525652 -3.5872586 -1.0952500
v -0.0147839 0.4795329 0.0136173
vn 3.8670940 -3.5777140 -3.1964321
v -0.0153287 0.4798977 0.0117121
vn -1.3931394 5.5329366 -2.6238551
v -0.0129924 0.4941332 -0.0165765
vn -2.7198126 4.7887268 -2.5253868
v -0.0141781 0.4937705 -0.0167542
vn -2.5088239 5.3988810 -1.0681270
v -0.0132974 0.4952644 -0.0139989
vn -1.4291680 5.4640431 -2.6262045
v -0.0115857 0.4953853 -0.0150521
vn -0.9653823 5.5245409 -2.8263116
v -0.0102783 0.4948295 -0.0164656
vn -1.2389020 5.5759244 -2.6142106
v -0.0124240 0.4938914 -0.0174197
vn -2.3358965 4.6080756 -3.1640396
v -0.0133418 0.4934251 -0.0179889
vn -3.4721758 3.2536576 -2.0886154
v -0.0106595 0.4963074 0.0107312
vn -4.1536007 0.9294401 -4.5901704
v -0.0103899 0.4945663 0.0101501
vn -3.6420236 2.3691244 -4.5072618
v -0.0133380 0.4928602 0.0118628
vn -3.2216761 3.9403284 -3.4567356
v -0.0158249 0.4902183 0.0123649
vn -4.2011395 4.3542480 0.2463014
v -0.0162718 0.4903547 0.0134447
vn -3.8704438 3.5658736 3.2746315
v -0.0162807 0.4892016 0.0157080
vn -3.5746088 2.8424878 1.0986387
v -0.0151567 0.4941835 -0.0140266
vn -4.2489023 3.8846030 -1.1211900
v -0.0167099 0.4911700 -0.0153763
vn -3.8540783 2.6597974 3.9269767
v -0.0161403 0.4910373 -0.0139303
vn -3.4719095 1.0079143 5.0851831
v -0.0135258 0.4935653 -0.0125728
vn 3.8775904 -0.4312727 -4.6311131
v -0.0148231 0.4800752 -0.0217576
vn -0.0534978 1.3997760 -5.1134987
v -0.0158311 0.4807249 -0.0222572
vn -3.1170158 2.2877073 -4.9179296
v -0.0171603 0.4806462 -0.0215095
vn -2.9288602 2.1252325 -4.9765482
v -0.0170014 0.4837600 -0.0203906
vn -2.4388173 2.6791923 -5.1284761
v -0.0149200 0.4885121 -0.0189839
vn -2.6666064 2.9455049 -4.8115578
v -0.0164637 0.4881422 -0.0185131
vn -3.8146009 2.3872139 -4.1658812
v -0.0198204 0.4869747 -0.0169852
vn -3.5403519 3.7960548 -3.1688428
v -0.0195891 0.4883906 -0.0160894
vn 5.4303203 -3.1508944 -0.0668940
v -0.0146213 0.4798939 0.0194549
vn 5.4729633 -3.0764468 -0.0200716
v -0.0135376 0.4817854 0.0193752
vn 5.3833809 -3.2230358 0.0483294
v -0.0148078 0.4794731 0.0205639
vn 5.0060635 -3.7112532 -0.1273330
v -0.0163263 0.4769692 0.0176184
vn 5.3577099 -3.2690959 0.1217200
v -0.0153430 0.4786816 0.0171329
vn 5.3644624 -3.2544363 0.1664880
v -0.0139858 0.4807014 0.0164234
vn -3.9204993 3.1058788 3.6670794
v -0.0174607 0.4861013 0.0174321
vn -4.0214128 3.4732766 3.0979822
v -0.0192788 0.4876783 0.0137947
vn -4.6501036 2.3978281 3.4356055
v -0.0196410 0.4853979 0.0150346
vn -3.1931279 5.0217562 0.7742281
v -0.0189488 0.4886129 0.0125687
vn 2.8303607 -2.4701788 4.8381562
v -0.0161329 0.4795758 -0.0131534
vn 0.4913316 -0.8192144 6.1757383
v -0.0147519 0.4835064 -0.0126832
vn 2.3116179 -0.0419899 5.7730346
v -0.0173066 0.4820031 -0.0123016
vn 4.1961756 0.7971265 4.5108509
v -0.0197787 0.4811210 -0.0107289
vn 4.0038958 -1.7054627 4.3558969
v -0.0188988 0.4789380 -0.0114489
vn 2.8485041 -4.3605299 3.1808572
v -0.0189829 0.4775189 -0.0125036
vn 2.5624959 -4.1144519 2.6696358
v -0.0170718 0.4762869 -0.0150014
vn 3.2465568 -3.5251193 2.1510196
v -0.0142467 0.4788189 -0.0146914
vn 4.8014402 -3.6475375 1.2677757
v -0.0159209 0.4765741 -0.0170278
vn 4.7742777 -3.7600515 -0.7908940
v -0.0156743 0.4779635 0.0143254
vn 3.2644870 -4.3056154 -1.8648789
v -0.0173431 0.4767250 0.0123958
vn 3.9810061 -2.7323709 -3.6169786
v -0.0172850 0.4791990 0.0108940
vn 4.6773582 -2.4713235 -3.1400170
v -0.0184915 0.4785442 0.0091039
vn 4.3764153 -0.7298477 -4.2068152
v -0.0183683 0.4804959 0.0083298
vn 3.2751935 -2.1853724 -4.5892086
v -0.0155733 0.4812370 0.0103328
vn 3.5164416 -4.5463629 -2.3878090
v -0.0195454 0.4766929 0.0100819
vn 4.4125233 -3.8389692 1.3629014
v -0.0166311 0.4750938 -0.0185553
vn 5.5206146 -2.9880867 0.1380472
v -0.0161001 0.4759726 -0.0194535
vn -0.5931473 -5.6213689 2.0487237
v -0.0179834 0.4757366 -0.0160244
vn 0.5426259 -3.5856969 -0.0450854
v -0.0173081 0.4740267 -0.0194169
vn 2.8885589 -3.7326868 -1.8746372
v -0.0164681 0.4752501 -0.0213283
vn 0.4204379 -5.9714541 1.4916772
v -0.0195626 0.4770055 -0.0134557
vn -4.7205405 2.1843534 3.2904692
v -0.0183344 0.4835779 0.0183224
vn -5.2104120 1.0949403 3.2987084
v -0.0198927 0.4825710 0.0161718
vn -4.5305758 2.1717138 3.1392407
v -0.0176970 0.4821764 0.0205353
vn -5.4305224 0.5120987 3.1095977
v -0.0193853 0.4795274 0.0175683
vn 1.2099302 -4.2208357 1.0895281
v -0.0172284 0.4758300 0.0182661
vn 0.5434299 -6.1461153 -0.1538164
v -0.0188179 0.4761474 0.0136869
vn 1.4984103 -5.8350968 -0.0460088
v -0.0206891 0.4758242 0.0108245
vn -4.1205130 1.4543037 -4.1610975
v -0.0185019 0.4783786 -0.0217746
vn -2.4301350 0.9127662 -5.0470347
v -0.0176709 0.4781876 -0.0225091
vn -3.5091491 -1.9333762 -4.2632875
v -0.0183143 0.4763287 -0.0218502
vn -4.5179253 -0.1248935 -3.0573916
v -0.0192494 0.4773564 -0.0212944
vn -4.4471002 1.7904229 -3.9295695
v -0.0187752 0.4799844 -0.0205400
vn -5.6834698 0.2407635 -2.4870167
v -0.0197282 0.4787394 -0.0194049
vn -5.2272148 -2.1145768 -1.8014702
v -0.0193067 0.4764642 -0.0205434
vn -4.8134260 -3.2122214 -1.8185489
v -0.0188195 0.4754618 -0.0201929
vn -5.8382549 -1.6046023 -1.0950537
v -0.0199164 0.4773958 -0.0184389
vn -4.4470911 1.0978162 -4.2035260
v -0.0200441 0.4826337 -0.0182091
vn -5.1125240 -1.0562460 -3.3380044
v -0.0209170 0.4802859 -0.0170670
vn -4.6580052 -0.9023015 -3.6368868
v -0.0234964 0.4807755 -0.0144321
vn -4.8062577 0.8419139 -3.9486201
v -0.0229977 0.4828776 -0.0146487
vn 2.1936774 -5.4785018 -1.6915787
v -0.0257091 0.4755487 0.0039705
vn 3.1799493 -5.0148220 -1.3295472
v -0.0240368 0.4761961 0.0029727
vn 3.6739271 -4.2307329 -2.2444117
v -0.0218907 0.4759417 0.0067093
vn 1.6371634 -5.4845014 -0.9037579
v -0.0230928 0.4748596 0.0077073
vn 1.4708741 -5.9046535 0.0039969
v -0.0263959 0.4754439 0.0001949
vn 3.5890961 -4.9701676 -0.3184037
v -0.0249374 0.4763456 -0.0018100
vn 5.6699882 -2.4752073 0.0392542
v -0.0238359 0.4778533 -0.0015542
vn 5.1858587 -2.7959530 -1.9810600
v -0.0231116 0.4774485 0.0027161
vn 0.0482105 -4.9554057 -1.8174236
v -0.0272978 0.4752057 -0.0018349
vn 0.1088620 -6.0428367 -1.0446925
v -0.0256980 0.4763475 -0.0043616
vn -0.1119885 -6.0953488 -0.8812730
v -0.0268379 0.4769182 -0.0060597
vn -1.1069710 -6.0779686 -0.9129845
v -0.0244854 0.4768298 -0.0092016
vn 0.6205588 -6.0606985 0.1283872
v -0.0237875 0.4766387 -0.0077425
vn -1.5859458 -4.4681673 -2.5581067
v -0.0272573 0.4770806 -0.0085551
vn -2.3446794 -4.2812824 -2.6990306
v -0.0251391 0.4772649 -0.0106599
vn 1.2885489 -5.8394732 -1.2338297
v -0.0290359 0.4762089 -0.0053145
vn -1.1723702 -4.6172762 -3.2067564
v -0.0295106 0.4767114 -0.0067958
vn 2.7306428 -5.4388556 -0.7753783
v -0.0292509 0.4761666 -0.0037443
vn 3.0523777 -4.8070364 -2.4235573
v -0.0305787 0.4749260 -0.0031427
vn 1.5884262 -4.8196959 -3.5322945
v -0.0311289 0.4753302 -0.0041822
vn 0.2596328 -4.4845147 -2.0558093
v -0.0282230 0.4765367 -0.0025714
vn -2.9738376 5.2799010 0.2892359
v -0.0296188 0.4848173 0.0006372
vn -0.6780984 6.1313519 -0.7272819
v -0.0278117 0.4852311 0.0002141
vn -1.1716211 5.8708444 0.8525012
v -0.0280358 0.4854026 -0.0027504
vn -4.1295080 3.8412511 -1.4805032
v -0.0299318 0.4843775 -0.0031229
vn -3.3571687 3.8899167 -3.4912310
v -0.0327769 0.4816160 -0.0015605
vn -2.7989583 4.6622877 -1.2180248
v -0.0332070 0.4826362 -0.0001125
vn -2.8491440 3.9084203 3.3420773
v -0.0329668 0.4823917 0.0011688
vn -3.6636531 3.4354434 3.1425898
v -0.0297294 0.4840898 0.0025675
vn 2.8130288 -5.4433303 -1.0345613
v -0.0295736 0.4744829 0.0000664
vn 1.8564982 -5.4103441 -0.0969784
v -0.0279921 0.4755450 0.0009679
vn 2.9117970 -4.9040861 -2.1904893
v -0.0282808 0.4749055 0.0027439
vn 3.0765395 -5.0454321 -1.6440499
v -0.0308946 0.4735440 0.0020190
vn 3.3337228 -5.0191936 -1.7325476
v -0.0301353 0.4747338 -0.0017123
vn -2.3727822 1.9021041 5.4106236
v -0.0319458 0.4783477 0.0032046
vn -4.0041637 1.4208190 4.5166945
v -0.0286593 0.4798013 0.0048149
vn -3.9191236 1.5099225 4.6111870
v -0.0292955 0.4829145 0.0032988
vn -2.2246685 2.2038462 5.2957544
v -0.0323141 0.4811316 0.0019366
vn -1.4745411 1.1354650 5.7102432
v -0.0347189 0.4785295 0.0022385
vn -1.5546039 1.6034567 5.8311152
v -0.0364096 0.4767230 0.0026474
vn -1.5836380 1.7609627 5.8174028
v -0.0344345 0.4760092 0.0033368
vn -1.8313762 1.0874822 5.8590999
v -0.0330890 0.4742923 0.0042942
vn -2.9469283 1.1546642 5.3986602
v -0.0303895 0.4758364 0.0049365
vn -4.1440163 0.7031322 4.6169577
v -0.0278861 0.4767732 0.0064541
vn -1.7499568 2.2551589 5.1160197
v -0.0357809 0.4800777 0.0019745
vn 3.1459486 -5.2134004 0.9825982
v -0.0330881 0.4729649 -0.0014214
vn 1.5921530 -5.1451340 -1.8403040
v -0.0330334 0.4732071 0.0002153
vn 3.3285458 -3.8138962 -2.0024247
v -0.0326710 0.4730897 -0.0027240
vn 4.4332361 -3.3086381 1.4328007
v -0.0345568 0.4710392 -0.0021235
vn 3.4246726 -2.3761039 -3.2963023
v -0.0345771 0.4712282 -0.0030469
vn -4.0247169 2.6567142 -3.9577122
v -0.0337523 0.4773597 -0.0035772
vn -4.1462216 2.7986221 -3.5302522
v -0.0323127 0.4790474 -0.0037362
vn -4.6586933 3.5711274 -2.1904790
v -0.0322927 0.4785244 -0.0044992
vn -4.6810646 1.8462574 -3.5517061
v -0.0334587 0.4771443 -0.0041654
vn -3.1343808 1.7879181 3.5525560
v -0.0379757 0.4772766 0.0021917
vn 2.5278518 -4.1462078 -3.5858946
v -0.0339582 0.4717257 0.0013617
vn 2.2243040 -5.2910657 -0.0050041
v -0.0315591 0.4723320 0.0034683
vn 3.0436502 -4.7832589 0.8392183
v -0.0341774 0.4709585 0.0027107
vn 2.1249244 -3.2120593 -4.1204829
v -0.0362943 0.4697372 0.0010692
vn 1.4722946 -0.7281746 -5.9701495
v -0.0363166 0.4708314 0.0007727
vn 1.4590113 -1.5526043 -5.7240958
v -0.0353247 0.4716713 0.0010116
vn 1.2365850 -3.6916647 0.5673212
v -0.0364313 0.4688490 0.0022336
vn 1.6458488 -4.3912334 -2.0408947
v -0.0353679 0.4725784 0.0004848
vn -4.3953915 -0.4630760 -4.3070445
v -0.0331231 0.4763405 -0.0046948
vn -1.9637724 -1.1219383 -5.7497430
v -0.0338968 0.4749711 -0.0037269
vn -4.8005786 1.1913900 -3.3911953
v -0.0331846 0.4771118 -0.0046172
vn -2.2181401 0.6570708 -5.8060198
v -0.0351114 0.4751798 -0.0032294
vn 3.1014831 -3.8064713 3.0000405
v -0.0357156 0.4697087 -0.0017821
vn 2.0383749 -3.8463514 -0.4364147
v -0.0357904 0.4692062 -0.0026191
vn 3.8304486 -2.2448096 4.3565788
v -0.0353023 0.4710216 -0.0013389
vn 2.6144013 -2.3121569 -2.8608613
v -0.0370215 0.4715809 0.0006482
vn 2.4492874 -2.1219254 5.2312555
v -0.0363187 0.4707952 -0.0007394
vn 2.4792671 -4.1258316 2.8325779
v -0.0352456 0.4724161 -0.0007845
vn 2.7616403 -3.6250341 1.9303548
v -0.0370744 0.4716470 -0.0001961
vn -3.0305278 -3.6123097 1.0760741
v -0.0386618 0.4708634 -0.0002313
vn 0.9277222 -3.5797074 3.8412161
v -0.0368935 0.4697275 -0.0009397
vn 0.3518173 -2.8667254 -5.2553320
v -0.0378516 0.4700368 0.0005854
vn -2.0600827 1.4771456 5.7445230
v -0.0362685 0.4741606 0.0032882
vn -2.9830718 1.4464962 5.2298765
v -0.0380839 0.4738926 0.0026582
vn -1.3998934 0.2229575 5.8140602
v -0.0359035 0.4725477 0.0038976
vn -2.6105235 -0.0714214 5.3649178
v -0.0381379 0.4712269 0.0031991
vn -0.1784655 -4.2185593 -4.1277719
v -0.0382441 0.4707857 0.0002799
vn -1.7074683 -3.0797687 -1.0819757
v -0.0386242 0.4690190 0.0013148
vn -4.4378963 -1.2618762 -1.6975795
v -0.0395015 0.4708743 0.0008316
vn -6.2267156 0.5205332 -0.1485203
v -0.0391220 0.4736426 0.0006264
vn -6.0837479 -0.1410835 0.0373954
v -0.0392415 0.4734314 -0.0007971
vn -4.1888623 0.2399090 -2.7749257
v -0.0391533 0.4733430 -0.0021818
vn -3.2645123 -1.2810930 -0.1504327
v -0.0395252 0.4703873 -0.0017349
vn -1.2555417 -3.5763781 -0.4897385
v -0.0377886 0.4689746 -0.0022565
vn -3.0035498 -2.7682366 2.8421276
v -0.0386934 0.4695961 0.0025384
vn -0.4525432 -2.8736711 4.6825166
v -0.0372327 0.4697153 0.0031671
vn -4.6090078 -0.4403403 2.3316116
v -0.0394135 0.4710321 0.0022586
vn -0.9356543 5.6488481 2.5406773
v -0.0081554 0.4957208 0.0153420
vn -1.3264010 5.6526937 2.2784579
v -0.0091146 0.4963838 0.0134859
vn -1.1166643 5.5957370 2.5733955
v -0.0083897 0.4948924 0.0171183
vn -0.5844268 5.6069231 2.7651877
v -0.0056925 0.4973133 0.0123615
vn -0.1058889 5.6202826 2.7930708
v -0.0023190 0.4976901 0.0120980
vn -2.4214468 5.4090638 1.0315057
v -0.0100199 0.4966690 0.0120566
vn 0.9009967 5.6735315 2.4492960
v 0.0008334 0.4976188 0.0119969
vn 2.9044957 4.8634653 0.2465784
v 0.0016380 0.4986106 0.0084333
vn 5.5142665 2.5434940 0.1041917
v 0.0028205 0.4970753 0.0082342
vn 4.6619873 3.6946127 0.6746330
v 0.0025475 0.4976180 0.0053820
vn 1.7352403 5.8660932 0.5005872
v 0.0007075 0.4984091 0.0060071
vn 2.8501287 4.4411764 3.2002764
v 0.0007048 0.4993278 0.0039055
vn 6.0137348 0.6999197 0.3767682
v 0.0031355 0.4962529 0.0049712
vn 6.1282969 -0.2555856 -0.4048596
v 0.0031383 0.4952213 0.0079549
vn 5.9478407 -1.9727582 -0.0709199
v 0.0024448 0.4929086 0.0070238
vn 6.1594462 -1.1928422 0.2020428
v 0.0027273 0.4939741 0.0042726
vn 5.6372037 -2.6606429 -0.4807415
v 0.0019934 0.4909145 0.0097908
vn 5.8186340 -2.1184616 0.5736485
v 0.0009068 0.4889719 0.0080035
vn 5.3193340 -2.2032666 1.0458686
v 0.0016633 0.4913617 0.0060077
vn 5.2692304 -0.2327913 2.7536509
v 0.0008872 0.4876626 0.0065336
vn 5.5167284 -0.0031108 2.3737798
v 0.0021820 0.4908307 0.0039741
vn -4.7971997 1.0406302 2.3593740
v -0.0391409 0.4738770 0.0018993
vn -5.5520940 2.2427967 0.8590034
v -0.0384882 0.4772555 0.0006024
vn -2.7425640 2.7734034 1.3137683
v -0.0368999 0.4807654 0.0010715
vn -3.4818878 3.6773314 -2.5373318
v -0.0367052 0.4803748 -0.0003455
vn -4.9083195 2.2735677 -1.6997954
v -0.0385357 0.4771524 -0.0011040
vn -2.5820744 3.1153240 -4.6932993
v -0.0357573 0.4795690 -0.0015685
vn -2.7377656 1.9286531 -4.5412645
v -0.0377080 0.4768037 -0.0023859
vn -2.6811938 2.2441640 -5.0407214
v -0.0343583 0.4780041 -0.0026854
vn -1.6414720 0.9947175 -5.9658298
v -0.0360453 0.4757559 -0.0028590
vn -2.2075925 0.7737322 -5.7806549
v -0.0377978 0.4729921 -0.0027864
vn -1.3885727 0.9213636 -6.0486240
v -0.0366771 0.4726225 -0.0031224
vn -1.3340809 1.1414019 -6.0273471
v -0.0372494 0.4717218 -0.0031948
vn -3.2692611 0.2087500 -4.1072526
v -0.0385015 0.4711118 -0.0030148
vn 1.0652764 -0.7531309 -6.0878572
v -0.0350260 0.4718986 -0.0032888
vn 1.2236447 -2.6419990 -5.4512959
v -0.0332984 0.4737491 -0.0033770
vn -0.5791098 0.2040580 -6.2240214
v -0.0358703 0.4723268 -0.0033118
vn 1.2031566 -1.7547884 -3.6402006
v -0.0358879 0.4698857 -0.0036376
vn -0.7177406 -4.1570926 -4.5794196
v -0.0318559 0.4760213 -0.0049600
vn -3.6437347 2.5567083 -4.3872638
v -0.0325048 0.4800479 -0.0030813
vn 0.6712332 -2.9046884 4.9320016
v -0.0350012 0.4713413 0.0037271
vn -0.3700988 -2.4337366 4.4270072
v -0.0324246 0.4726730 0.0046204
vn 1.9191065 -4.9573298 -0.5204426
v -0.0287568 0.4732226 0.0043821
vn -1.1209023 -2.6330571 4.3169980
v -0.0296662 0.4736903 0.0055452
vn 1.7751706 -4.8095121 -0.1389551
v -0.0262074 0.4739828 0.0059712
vn -2.5160534 -2.7587397 4.0622067
v -0.0272586 0.4747156 0.0070772
vn -0.3016263 -5.0246739 1.9099953
v -0.0241060 0.4747204 0.0088844
vn -3.3327954 -2.0916641 4.3337011
v -0.0250656 0.4757969 0.0094101
vn -4.6988497 0.2241364 4.0958104
v -0.0258575 0.4777170 0.0087413
vn -3.7755258 -2.8665543 4.0161858
v -0.0227369 0.4768290 0.0115342
vn -4.6882529 -0.5278220 3.8067641
v -0.0238308 0.4786705 0.0113680
vn -5.0395422 1.1714065 3.5605540
v -0.0241233 0.4815288 0.0101396
vn -4.8255539 1.2321174 3.8239968
v -0.0263608 0.4808791 0.0072648
vn -5.0158749 1.4913440 3.4763613
v -0.0241479 0.4844025 0.0089426
vn -4.6449594 1.5092833 3.9165325
v -0.0265194 0.4838465 0.0058372
vn -4.6077414 2.6177509 3.1341481
v -0.0241268 0.4861403 0.0082365
vn -4.5588503 2.4942939 3.3996685
v -0.0266413 0.4854727 0.0051111
vn -2.7776771 4.9115419 1.3098049
v -0.0238021 0.4869697 0.0076191
vn -3.0140934 4.4948511 1.1135395
v -0.0265165 0.4864397 0.0042888
vn 0.9988598 5.2244005 -1.8170387
v -0.0231612 0.4870701 0.0068884
vn 0.4531561 5.2852368 -1.5338744
v -0.0256211 0.4866296 0.0034269
vn 3.8145769 3.3351650 -3.6438653
v -0.0226884 0.4862911 0.0064332
vn 3.7696943 3.9350681 -2.8640888
v -0.0248795 0.4859364 0.0030245
vn 2.3828571 5.4765401 -1.1700429
v -0.0264446 0.4850408 -0.0001638
vn 2.4841766 5.4154263 1.5674495
v -0.0265234 0.4851561 -0.0029380
vn 4.8277531 2.7473688 -2.9012303
v -0.0240916 0.4846351 0.0029200
vn 4.9281921 3.5924430 -0.9754922
v -0.0253171 0.4839901 -0.0003831
vn 4.8299627 3.5312729 1.6223226
v -0.0252772 0.4842940 -0.0033877
vn 4.9967575 2.4922473 2.8322706
v -0.0241194 0.4849292 -0.0067734
vn 3.6555243 4.0558472 2.6792278
v -0.0250756 0.4863203 -0.0064053
vn 5.5397153 2.5143104 -0.7536819
v -0.0243633 0.4817942 -0.0007498
vn 5.5386028 2.3644087 1.6694162
v -0.0241198 0.4823599 -0.0041084
vn 5.1132970 2.0139730 2.9951534
v -0.0230137 0.4831368 -0.0073120
vn 4.2788148 1.5156500 4.2578888
v -0.0211787 0.4837571 -0.0101251
vn 4.1557922 2.0361333 4.1800833
v -0.0222724 0.4856694 -0.0098066
vn 5.8949280 0.8569533 1.7049391
v -0.0229668 0.4800586 -0.0049836
vn 5.2241702 0.6969135 3.3334827
v -0.0216358 0.4805596 -0.0081428
vn 5.7538996 -1.5722599 1.8095636
v -0.0229035 0.4781774 -0.0058555
vn 4.9634705 -1.5096544 3.4689436
v -0.0211630 0.4784534 -0.0090630
vn 3.6532156 -4.4570146 1.2841763
v -0.0232357 0.4769878 -0.0065393
vn 3.7738993 -3.9417553 2.5169768
v -0.0212198 0.4772359 -0.0098315
vn 1.1494974 -5.6929765 0.5446576
v -0.0216878 0.4766577 -0.0107507
vn -1.6222345 -5.6641455 -1.5696418
v -0.0222671 0.4768373 -0.0117978
vn -2.3025148 -5.6795454 -0.2437436
v -0.0200882 0.4769827 -0.0143109
vn -3.2526124 -5.1964412 1.2214081
v -0.0187795 0.4758947 -0.0168037
vn -3.0541606 -4.2767015 -3.1885898
v -0.0227669 0.4775868 -0.0128436
vn -4.3507552 -3.8566594 -1.9752040
v -0.0206082 0.4775368 -0.0150935
vn -4.9577413 -3.6418099 0.0611534
v -0.0194836 0.4763479 -0.0175821
vn -3.1978190 -4.1112690 -0.9315053
v -0.0184244 0.4746562 -0.0197637
vn -4.9585943 -2.4198458 -2.6510749
v -0.0208037 0.4787788 -0.0159680
vn -4.2047558 -2.5868468 -3.8446920
v -0.0231898 0.4790472 -0.0136103
vn -4.2545915 -1.5601633 -4.2460060
v -0.0254496 0.4787285 -0.0112305
vn -4.6552496 -0.5495043 -4.1674204
v -0.0255212 0.4809204 -0.0114720
vn -3.7351685 -1.6912955 -4.7326097
v -0.0275095 0.4785694 -0.0091032
vn -4.2777905 0.1322041 -4.4083104
v -0.0278926 0.4804016 -0.0092625
vn -4.7862325 1.8388739 -3.2872238
v -0.0280530 0.4820108 -0.0087189
vn -4.8068061 0.7250289 -3.7760653
v -0.0255841 0.4827597 -0.0116248
vn -4.8745470 2.4609611 -3.0724537
v -0.0250816 0.4853568 -0.0107999
vn -4.8900175 2.0153680 -3.3683448
v -0.0253941 0.4840198 -0.0112377
vn -5.0294476 2.4733186 -2.8227310
v -0.0278110 0.4830368 -0.0080556
vn -5.1083260 2.3967807 -2.7224271
v -0.0276699 0.4841815 -0.0074442
vn -4.8445592 3.0147130 -2.5523856
v -0.0271373 0.4857871 -0.0068773
vn -4.4728975 3.5357001 -2.5124712
v -0.0246952 0.4863332 -0.0104708
vn -4.2620111 3.4451733 -2.6285295
v -0.0223811 0.4872347 -0.0136066
vn -4.7697487 1.9118431 -3.5428491
v -0.0226366 0.4861327 -0.0140239
vn -1.3649870 5.2010059 -0.1315730
v -0.0239734 0.4871777 -0.0101024
vn -2.0890572 5.1799283 0.2450964
v -0.0217837 0.4880114 -0.0128988
vn -3.1129730 4.9247136 -0.3129376
v -0.0192728 0.4892336 -0.0148422
vn 0.9685187 4.8289890 3.5889277
v -0.0209126 0.4877223 -0.0122302
vn -1.8043737 4.3133416 3.9396222
v -0.0186041 0.4890232 -0.0137562
vn 2.4055314 2.4938941 5.1251488
v -0.0200675 0.4867569 -0.0118827
vn -0.2541773 2.2780480 5.7402205
v -0.0176752 0.4880318 -0.0129831
vn -2.1582487 1.0776759 5.7243085
v -0.0151304 0.4899029 -0.0128948
vn -2.8715372 -0.2149791 5.5489659
v -0.0122413 0.4914517 -0.0118438
vn 0.2638180 0.4610818 6.2057629
v -0.0163009 0.4859397 -0.0126417
vn -1.3762363 0.0280356 6.1039338
v -0.0136921 0.4876037 -0.0124302
vn -2.8083844 -0.6677479 5.5098414
v -0.0110603 0.4891059 -0.0114862
vn -4.8747015 -1.0799948 3.4052064
v -0.0089832 0.4897006 -0.0098185
vn -4.8038244 -0.3978717 3.5506861
v -0.0093667 0.4926009 -0.0098221
vn -0.3196383 -1.5191275 5.9502120
v -0.0124803 0.4853394 -0.0122738
vn -2.3179064 -2.0221922 5.3845501
v -0.0100748 0.4868364 -0.0113688
vn -4.8855476 -1.8716152 2.3675768
v -0.0083289 0.4873803 -0.0099637
vn -6.2519450 -0.4907917 0.2685117
v -0.0081850 0.4866220 -0.0079497
vn -6.1403370 -0.4567154 1.0449524
v -0.0082329 0.4895320 -0.0073665
vn -6.1785626 0.6501628 0.6463814
v -0.0080982 0.4871843 -0.0048683
vn -6.1299753 0.7088088 -0.0485548
v -0.0084964 0.4846726 -0.0049306
vn -4.4842973 -2.1309295 -0.1336252
v -0.0086269 0.4831392 -0.0050947
vn -5.6952934 -1.6778562 0.2945112
v -0.0081223 0.4835109 -0.0018079
vn -5.5202017 -1.5882764 0.1499614
v -0.0083814 0.4839600 0.0011003
vn -3.1410446 -4.9186797 0.3793201
v -0.0074085 0.4824996 -0.0019024
vn -2.7990510 -4.8716512 0.8249769
v -0.0075320 0.4828412 0.0010783
vn 0.1143398 -6.0405617 0.2991112
v -0.0060638 0.4821870 -0.0021272
vn 0.0105140 -6.1434546 1.0254562
v -0.0060592 0.4826611 0.0009242
vn 0.4227397 -6.2430835 0.0589140
v -0.0038180 0.4826460 -0.0024569
vn 0.0815514 -6.2388425 0.5773474
v -0.0036901 0.4828753 0.0006352
vn -1.0410358 -6.1673551 0.0105616
v -0.0006183 0.4825177 -0.0023653
vn -1.9045162 -5.9698210 -0.2235973
v 0.0025312 0.4816754 -0.0019802
vn -0.8476130 -6.1718068 -0.2806462
v 0.0045146 0.4810478 -0.0018848
vn 2.2970078 -4.0875936 -1.3775898
v 0.0054528 0.4810181 -0.0053331
vn 2.4340019 -5.2713180 -0.3505110
v 0.0057610 0.4810605 -0.0018908
vn 1.8022000 -4.6935596 1.0762354
v 0.0052828 0.4806689 0.0016402
vn 5.1595159 -2.4217224 -0.2680541
v 0.0065999 0.4818605 -0.0018695
vn 4.4327703 -2.3259766 1.9873059
v 0.0062258 0.4817139 0.0019313
vn 3.7303288 -1.0142210 4.3255277
v 0.0039221 0.4826643 0.0049445
vn 6.2078686 -0.0794642 -0.1144868
v 0.0067312 0.4833878 -0.0017140
vn 4.7059650 -1.2210953 -2.3927629
v 0.0061775 0.4822715 -0.0054903
vn 6.1021452 1.2351729 -0.2192362
v 0.0064498 0.4861909 -0.0015136
vn 5.4750090 1.7672200 -0.8484473
v 0.0056261 0.4900298 -0.0016809
vn 5.4695415 0.2408356 -2.7150624
v 0.0028467 0.4924873 -0.0047694
vn 5.7617989 1.7120427 -0.9408941
v 0.0041272 0.4933212 -0.0021652
vn 5.5373659 1.6443774 2.2253356
v 0.0038299 0.4929321 0.0006276
vn 5.6039104 -0.2119274 -2.1378138
v 0.0016059 0.4908827 -0.0073437
vn 6.1358433 -0.9872824 -0.3347635
v 0.0016835 0.4934253 -0.0097301
vn 5.8280649 -0.5630884 -1.8095750
v 0.0008771 0.4886552 -0.0095808
vn 5.9948359 -1.8243470 0.0760619
v 0.0013153 0.4912336 -0.0121592
vn 6.2543874 -0.2854066 0.2501898
v 0.0019855 0.4955870 -0.0107748
vn 4.5734215 0.4977602 -4.0439487
v 0.0010427 0.4846937 -0.0092063
vn 3.7932074 0.9126945 -4.5762968
v 0.0040810 0.4831269 -0.0076250
vn 2.2329984 -2.6083837 -3.6882265
v 0.0034866 0.4818911 -0.0080358
vn -4.7231188 0.7751545 3.7393057
v -0.0094835 0.4951355 -0.0099960
vn 2.4202104 0.7524511 5.5861802
v -0.0188822 0.4846444 -0.0120514
vn 2.8516879 4.2395616 3.0814433
v -0.0230556 0.4867901 -0.0096693
vn -1.0288761 4.1251059 0.1704038
v -0.0263567 0.4870660 -0.0065564
vn -4.8067875 2.4185209 -3.1388788
v -0.0299532 0.4823237 -0.0044246
vn -4.9698048 2.7035892 -2.7111802
v -0.0300818 0.4811458 -0.0053403
vn -4.7252145 3.1215875 -2.6203411
v -0.0301898 0.4802426 -0.0060550
vn -3.8567591 1.5061442 -3.6877775
v -0.0305409 0.4791590 -0.0071885
vn -4.5054989 1.8376784 -2.9109521
v -0.0324425 0.4779774 -0.0053887
vn -3.1661448 -2.0115240 -4.9095154
v -0.0300193 0.4779017 -0.0073003
vn -3.0645764 -1.8953059 -4.6682525
v -0.0321711 0.4769433 -0.0055990
vn -0.6031167 -3.0815527 -3.4445338
v -0.0174012 0.4754359 -0.0220330
vn 0.5749096 -0.3782995 -4.9399872
v -0.0164945 0.4777125 -0.0228938
vn 3.9680207 -1.8313837 -2.8684742
v -0.0154417 0.4773387 -0.0221476
vn 5.5635896 -2.9151258 -0.0404242
v -0.0152622 0.4775674 -0.0202245
vn 5.3171573 -2.4113529 -1.5794142
v -0.0142023 0.4796167 -0.0206259
vn 5.4188533 -3.1572413 0.0661567
v -0.0141300 0.4797947 -0.0192033
vn 5.4787521 -3.0589824 -0.1039723
v -0.0151708 0.4778166 -0.0182818
vn 2.5731478 -3.9702392 -3.6037581
v -0.0133125 0.4815485 -0.0208710
vn 3.5573349 -4.7895918 -0.1629568
v -0.0129868 0.4814632 -0.0198871
vn 3.0731506 -4.9045501 1.4459331
v -0.0124090 0.4821257 -0.0184898
vn -1.5684147 -4.5910926 -3.4339497
v -0.0119061 0.4819883 -0.0214470
vn -0.9226881 -5.9782453 0.1143799
v -0.0116398 0.4817351 -0.0205103
vn -3.4622302 0.9436827 -4.8928084
v -0.0096143 0.4819025 -0.0230494
vn -2.4635983 1.1595540 -4.5214067
v -0.0082762 0.4807256 -0.0248612
vn 6.0953722 0.5083407 -0.2835613
v -0.0234930 0.4795901 -0.0012223
vn 5.3721523 1.9587812 -2.5625176
v -0.0231042 0.4820592 0.0027050
vn 5.7113905 -0.1451468 -2.2832100
v -0.0225355 0.4795872 0.0025073
vn 4.7269878 1.5959196 -3.7367141
v -0.0213782 0.4822411 0.0058329
vn 5.0049872 -0.3370141 -3.5547476
v -0.0207706 0.4796787 0.0056629
vn 4.8195887 -2.6436372 -2.9693332
v -0.0212402 0.4773619 0.0062132
vn 3.6792905 1.0831960 -4.9289002
v -0.0189255 0.4826097 0.0082587
vn 4.4614806 2.2176137 -3.7763202
v -0.0222184 0.4849877 0.0061108
vn 3.2470150 1.9691536 -4.9583421
v -0.0197643 0.4854104 0.0084841
vn 1.5453289 1.7406249 -5.7609777
v -0.0169929 0.4861397 0.0099971
vn 2.3960781 -0.0131833 -5.7677860
v -0.0159482 0.4833998 0.0099447
vn -0.3977571 0.6874208 -6.1571703
v -0.0140057 0.4874000 0.0105412
vn 0.9012581 -1.5247099 -5.9117498
v -0.0128423 0.4849952 0.0106693
vn -2.0937347 -0.1782001 -5.8754816
v -0.0112576 0.4888577 0.0099819
vn -1.2291803 -2.3886495 -5.5336781
v -0.0101402 0.4863715 0.0100636
vn -3.9789207 -0.5680544 -4.7331548
v -0.0092515 0.4897051 0.0088452
vn -3.8760748 -2.5490565 -3.7600479
v -0.0084197 0.4870236 0.0090453
vn -2.2578831 -5.5715289 -0.6355237
v -0.0068435 0.4854577 0.0096307
vn -5.6840200 -0.3916479 -2.1039584
v -0.0081110 0.4897635 0.0074345
vn -4.1608038 0.2592368 -4.5203857
v -0.0098240 0.4929394 0.0095323
vn -5.4710388 0.3716515 -2.9027479
v -0.0082143 0.4932411 0.0073759
vn -6.2734613 0.0724401 0.0155544
v -0.0079823 0.4894923 0.0056649
vn -2.8365138 1.4506265 -5.3382921
v -0.0124189 0.4914850 0.0106600
vn -1.7827771 2.6520567 -5.2866263
v -0.0150748 0.4893533 0.0112637
vn 0.4803050 3.6806264 -4.9530168
v -0.0178075 0.4877964 0.0106703
vn -1.3321677 5.2547340 -2.7624402
v -0.0184258 0.4885898 0.0115044
vn 0.3492730 5.3802347 -2.1869683
v -0.0208101 0.4876780 0.0095236
vn -2.8320022 5.1187258 0.9747538
v -0.0213839 0.4876198 0.0104065
vn 2.6402087 3.5676432 -4.3550496
v -0.0202832 0.4868828 0.0089172
vn -4.4426489 3.1008375 2.8721123
v -0.0217412 0.4868034 0.0112653
vn -4.9938183 1.6732121 3.3853939
v -0.0219157 0.4849684 0.0121372
vn -5.1408596 0.9169263 3.4877675
v -0.0218332 0.4819641 0.0131926
vn -5.1368523 -0.5160646 3.4216447
v -0.0214732 0.4790505 0.0142741
vn -4.6144671 -3.0459275 2.8353064
v -0.0207543 0.4772300 0.0143203
vn -5.1583047 -1.3309215 2.8542876
v -0.0191632 0.4774538 0.0181882
vn -2.3605406 -5.2599072 1.5733485
v -0.0199758 0.4763141 0.0141012
vn -2.7643538 -3.6193976 2.2527649
v -0.0185121 0.4762363 0.0184428
vn -0.6547562 -1.6044517 4.1578598
v -0.0162393 0.4796267 0.0225887
vn -3.4652085 0.6770437 3.8840654
v -0.0172174 0.4807907 0.0220784
vn 0.4232487 1.9511386 4.6986465
v -0.0134684 0.4839483 0.0222990
vn -2.4629819 3.4388852 4.2688780
v -0.0145589 0.4841092 0.0217549
vn 3.1788249 -3.3511634 2.5737829
v -0.0150784 0.4791207 0.0216847
vn -1.3934717 -5.2631869 2.4973018
v -0.0217827 0.4759248 0.0113489
vn -2.0086381 3.9062250 -3.7565804
v -0.0126151 0.4931464 -0.0189289
vn -0.8502693 4.8315945 -3.8571148
v -0.0091435 0.4929250 -0.0200868
vn -1.0198712 5.5406666 -2.7783899
v -0.0118779 0.4936943 -0.0180497
vn -0.6577899 5.3781714 -3.1697614
v -0.0088273 0.4936956 -0.0189358
vn -0.5170686 5.5348072 -2.9280095
v -0.0055719 0.4939415 -0.0189760
vn -0.1352015 4.1289744 -4.2940364
v -0.0056548 0.4931300 -0.0204936
vn -0.4423582 5.4740877 -3.0212884
v -0.0082918 0.4945802 -0.0175070
vn -0.5118890 5.4319811 -3.1033962
v -0.0054353 0.4952088 -0.0166016
vn -0.6047090 5.3350182 -3.2354078
v -0.0082297 0.4957618 -0.0151412
vn -0.5778865 5.1337671 -3.5673308
v -0.0053808 0.4970083 -0.0137867
vn 0.0362981 5.3417025 -3.2577138
v -0.0024290 0.4979224 -0.0129191
vn 1.0045233 5.5469089 -2.7259836
v -0.0001646 0.4981039 -0.0121758
vn 0.0066202 5.6784887 -2.2346714
v -0.0030146 0.4992517 -0.0107272
vn -0.8990394 5.4885302 -2.9025230
v -0.0099042 0.4945310 -0.0172050
vn 4.0009675 -2.9720199 -2.6273077
v -0.0115051 0.4891086 -0.0183020
vn 0.5540902 -5.5262451 -2.6602111
v -0.0093465 0.4895557 -0.0179725
vn -0.8059782 -5.8297701 1.0371711
v -0.0093985 0.4893215 -0.0166606
vn 3.3177094 -2.9125082 -0.2169638
v -0.0113073 0.4893342 -0.0165774
vn -2.4236758 -4.4219079 -3.3666868
v -0.0070121 0.4891169 -0.0175071
vn -4.7197657 -1.9210870 -3.2310226
v -0.0055084 0.4877510 -0.0178005
vn -5.4509745 1.6086925 -2.1319535
v -0.0048801 0.4857222 -0.0189500
vn -3.6817331 4.4996481 0.3703369
v -0.0056154 0.4841716 -0.0199033
vn -3.0810642 3.3271036 3.6173570
v -0.0059069 0.4835951 -0.0191502
vn 0.8024187 5.9946914 0.6424485
v -0.0074699 0.4839065 -0.0202152
vn 1.7262239 4.1661305 3.9892502
v -0.0075690 0.4834722 -0.0190821
vn 2.6654716 -2.8532994 4.4095311
v -0.0095728 0.4909759 0.0174083
vn 0.9973425 -5.7710438 1.6798586
v -0.0079070 0.4920890 0.0180193
vn 5.5159969 0.5209621 2.4113336
v -0.0096068 0.4884103 0.0166785
vn 4.9118052 -2.3179274 2.9887390
v -0.0088248 0.4903748 0.0160593
vn 1.3669035 -4.7164636 2.0737245
v -0.0076463 0.4917831 0.0159620
vn 3.9492993 -1.3261304 3.3823643
v -0.0084548 0.4892560 0.0139460
vn 0.6783192 -3.0688264 3.7788150
v -0.0069657 0.4904607 0.0135811
vn -2.8555164 -4.0591550 2.5502245
v -0.0052856 0.4906380 0.0145556
vn -5.4684167 -2.7235124 1.0935472
v -0.0039024 0.4892086 0.0160510
vn -6.1481991 -0.0463560 0.1849733
v -0.0031642 0.4869150 0.0178882
vn -5.9035482 -0.9848428 -1.3347092
v -0.0028877 0.4861048 0.0170021
vn -4.3402438 2.0652986 -3.4513822
v -0.0037150 0.4843117 0.0187532
vn -4.1870499 -2.7058876 -3.1053264
v -0.0025543 0.4852089 0.0163164
vn 1.3909467 -3.9734850 -2.8924346
v -0.0016046 0.4847916 0.0161762
vn 5.2890744 -3.1865187 -0.7865613
v -0.0008576 0.4854457 0.0169806
vn 3.7026358 -4.1812358 -1.9236406
v -0.0020030 0.4829234 0.0190404
vn 5.7840261 -2.1703293 0.6036360
v -0.0004291 0.4862659 0.0180869
vn 5.2177615 -1.9922476 0.7072824
v -0.0013789 0.4834650 0.0201430
vn 4.0341611 0.4226167 3.6311040
v -0.0005618 0.4870028 0.0192742
vn 4.2519422 1.1528606 3.9754751
v -0.0017752 0.4843308 0.0209610
vn 0.2734754 4.1035366 -4.2066693
v -0.0054380 0.4837306 0.0192162
vn 4.1238904 3.3347011 -3.1089048
v -0.0073326 0.4844329 0.0185321
vn 5.5616770 2.6779575 -0.5198272
v -0.0087215 0.4858091 0.0170118
vn 4.9378247 3.4574952 1.1401901
v -0.0090859 0.4865821 0.0179366
vn 5.8947115 0.7283592 -1.2873073
v -0.0083866 0.4848100 0.0163537
vn 5.8052483 0.6883708 1.9720943
v -0.0085208 0.4859828 0.0146979
vn 5.5766082 0.8090346 1.8649678
v -0.0091563 0.4873579 0.0153948
vn 3.7026596 -0.3214670 4.6892185
v -0.0076751 0.4872837 0.0132351
vn -0.2047307 0.7888390 3.7969353
v -0.0048280 0.4934989 0.0207701
vn 1.8550650 0.5078099 3.3905323
v -0.0002769 0.4936567 0.0198354
vn 4.1184978 0.0573027 -4.4021301
v -0.0029309 0.4842803 -0.0212972
vn 3.8281839 0.9883558 -4.4752889
v -0.0045341 0.4825078 -0.0231052
vn 3.7868428 -0.1671226 -4.2240005
v -0.0016394 0.4867097 -0.0202930
vn 5.4670963 -2.3337328 -0.7774400
v -0.0011608 0.4860591 -0.0188744
vn 5.3026533 -2.0873852 -1.5330327
v -0.0023959 0.4835927 -0.0202979
vn 5.2210670 -1.6277763 -2.4028451
v -0.0039234 0.4815541 -0.0222164
vn -4.2603931 1.6992602 -2.9063611
v -0.0085567 0.5082085 -0.0037075
vn -3.8509212 -0.5597683 -4.3854876
v -0.0075750 0.5053647 -0.0048714
vn -3.5753403 -0.7641608 -4.9154339
v -0.0059666 0.5019168 -0.0050479
vn -1.0296441 0.3052509 -5.6880217
v -0.0056829 0.5057113 -0.0058360
vn -0.9354190 -0.1091577 -6.1105480
v -0.0047382 0.5021652 -0.0055371
vn 0.5084414 0.5070929 -6.1928873
v -0.0034762 0.5056309 -0.0056384
vn 0.4596070 2.4389296 -5.4436717
v -0.0035148 0.5087236 -0.0051267
vn -1.7426190 2.1960716 -4.8429914
v -0.0064061 0.5086848 -0.0050862
vn -3.7059629 3.7468953 -0.7062038
v -0.0078700 0.5105797 -0.0018180
vn -4.9633565 1.8591739 1.7534814
v -0.0088329 0.5086097 0.0000475
vn -3.1377451 2.5536325 3.9679489
v -0.0069882 0.5094403 0.0020026
vn -4.5763731 -0.2744615 3.6073906
v -0.0080556 0.5059092 0.0018773
vn -2.3390710 0.3978565 5.0542464
v -0.0063609 0.5066024 0.0033681
vn 0.4235571 0.6329478 5.8195376
v -0.0042869 0.5068712 0.0036039
vn -4.2142558 -1.3994327 4.2313595
v -0.0063370 0.5026644 0.0023653
vn -1.6560860 -0.4079193 5.8664775
v -0.0050762 0.5031399 0.0031997
vn 0.0777979 0.5313333 6.2242565
v -0.0035694 0.5031818 0.0032148
vn -4.7779608 1.0232456 3.6668606
v -0.0055013 0.4997729 0.0025870
vn 4.6706796 1.8180299 -3.5035031
v 0.0008941 0.5004311 -0.0049930
vn 5.8547258 1.6803110 -0.0177554
v 0.0023986 0.5045319 -0.0012965
vn 5.8255343 0.1531995 -0.8565663
v 0.0028792 0.5019262 -0.0017916
vn -1.6206672 -0.8680441 -5.1877446
v -0.0372690 0.4704417 -0.0035076
vn 0.7938772 0.6370810 -6.1708484
v -0.0357518 0.4711120 -0.0033916
vn -0.4730352 0.9093727 -6.1436787
v -0.0365210 0.4714513 -0.0033929
vn -2.7368016 2.3268633 -5.0693765
v -0.0167082 0.4861546 -0.0194593
vn -4.0077062 1.4537179 -4.4976201
v -0.0199643 0.4849383 -0.0176571
vn -4.7806845 1.3492401 -3.8318157
v -0.0228422 0.4844791 -0.0144004
vn 3.3523512 1.1899674 -0.5407188
v -0.0049493 0.4483635 -0.0120182
vn -0.1053084 3.0701385 -1.5928628
v -0.0088647 0.4507342 -0.0125578
vn 0.9743772 4.6535730 2.7337661
v -0.0084483 0.4500248 -0.0102408
vn 2.8401270 3.0265360 2.7212386
v -0.0066272 0.4490886 -0.0099572
vn 2.6269288 4.1575828 3.7749171
v -0.0076228 0.4470023 -0.0083677
vn 4.1422977 0.6699970 0.5943271
v -0.0050657 0.4455371 -0.0087437
vn 4.8419852 -2.8645813 -2.7895532
v -0.0065993 0.4436773 -0.0097761
vn 4.8843389 -3.0619442 -2.4947717
v -0.0064105 0.4456712 -0.0116943
vn 5.2983427 -2.9719810 -0.8696487
v -0.0075498 0.4450913 -0.0133632
vn 1.6354854 0.6134506 -2.7489355
v -0.0066009 0.4471833 -0.0146863
vn 5.1271729 -2.1877346 -2.3752742
v -0.0063367 0.4408322 -0.0066807
vn 5.3970790 -1.2881277 -2.6553123
v -0.0075098 0.4375422 -0.0054688
vn 3.5093293 -0.8547006 -4.9303341
v -0.0097212 0.4378074 -0.0085265
vn 2.8724945 -3.5693679 -4.0453868
v -0.0095856 0.4405342 -0.0095985
vn 5.4873381 1.4082510 0.4350464
v -0.0057357 0.4435206 -0.0057500
vn 3.6690412 -4.4618688 -1.6323076
v -0.0088629 0.4423038 -0.0119859
vn 0.8571950 5.0696249 3.3941939
v -0.0103528 0.4485781 -0.0088783
vn 3.9766734 -3.7737556 2.3335018
v -0.0100296 0.4423208 0.0126328
vn 5.1767678 -1.9218991 2.7807105
v -0.0073607 0.4428827 0.0094738
vn 5.4229813 -1.4665816 1.7269177
v -0.0066783 0.4456785 0.0108369
vn 5.0725541 -0.2773179 2.8736668
v -0.0075943 0.4466493 0.0131808
vn 5.2538767 0.1049894 2.9101110
v -0.0085921 0.4369259 0.0094832
vn 5.0025787 -1.0121905 3.3609643
v -0.0089376 0.4394880 0.0092204
vn 2.4735310 -1.6247028 5.2017770
v -0.0106931 0.4390326 0.0112279
vn 1.2833345 -1.4369831 3.2746637
v -0.0095813 0.4356331 0.0110206
vn 5.6717877 -1.0712544 1.9802490
v -0.0078332 0.4355474 0.0072357
vn 5.3245497 -1.3995950 2.5270352
v -0.0075979 0.4386000 0.0061928
vn 1.1196473 -3.3645141 1.7110085
v -0.0090132 0.4333408 0.0081201
vn 5.5067024 1.6497288 -0.2972527
v -0.0066416 0.4453436 0.0079351
vn 4.9500389 1.3356738 -1.4684376
v -0.0064699 0.4474231 0.0098267
vn 2.3718684 -1.3725297 -3.2436397
v -0.0087440 0.4351149 -0.0085575
vn -1.5727156 -4.6077366 -2.3732228
v -0.0108515 0.4342210 -0.0077364
vn -0.3927306 -3.5413296 -3.8025770
v -0.0132582 0.4363711 -0.0096180
vn 4.7837377 -2.3544006 -1.8911097
v -0.0075188 0.4343401 -0.0054046
vn -0.0117207 -4.3582134 -1.0897623
v -0.0092639 0.4325395 -0.0047620
vn 0.6345631 -3.0199995 -5.2554717
v -0.0126276 0.4411266 -0.0115057
vn -3.1314969 -2.6599505 -0.4828314
v -0.0105343 0.4418043 -0.0135508
vn 0.0212730 2.6862664 4.7316351
v -0.0098257 0.4483481 0.0143471
vn 2.4331911 2.9154401 3.8619599
v -0.0084176 0.4505019 0.0130246
vn -0.2338112 4.0151081 3.1123953
v -0.0100435 0.4514647 0.0126528
vn -2.3417277 2.5356586 5.2295289
v -0.0108309 0.4495537 0.0132023
vn 3.1201925 1.9024101 -0.0305627
v -0.0066848 0.4503466 0.0113802
vn 0.5672930 3.0922773 -1.1049857
v -0.0094029 0.4521989 0.0106709
vn -3.4520283 -5.1696548 -0.4302902
v -0.0119498 0.4350028 -0.0059118
vn -3.8114285 -4.9692178 -0.1697963
v -0.0113125 0.4343556 -0.0035198
vn -2.4346006 -5.7188401 -0.1025440
v -0.0139284 0.4359746 -0.0031174
vn -2.0031781 -5.8989191 -0.5889682
v -0.0140524 0.4359197 -0.0063239
vn 2.4614079 -4.7054763 -2.1336730
v -0.0108912 0.4413751 0.0160862
vn -3.9883118 -1.6040483 -1.4262462
v -0.0124947 0.4415542 0.0162093
vn -0.7356507 -2.7341599 4.7237182
v -0.0135787 0.4414952 0.0136890
vn 5.4179702 -1.4875158 1.1059294
v -0.0091374 0.4434097 0.0172323
vn -0.9856963 -3.8729601 4.1511407
v -0.0139724 0.4378139 0.0112473
vn -2.1164641 -3.7875566 3.6037617
v -0.0117870 0.4356495 0.0101792
vn -3.1219950 -5.3070860 0.9980394
v -0.0115511 0.4346302 0.0074845
vn -2.7213326 -5.4605646 1.3274504
v -0.0143771 0.4363799 0.0074697
vn 2.1660695 2.8755643 -5.0858912
v -0.0084300 0.4499034 0.0101083
vn 1.1604655 2.2582841 -5.6673403
v -0.0097224 0.4504914 0.0101447
vn 2.4504719 3.9551678 -4.1218810
v -0.0084422 0.4485341 0.0090812
vn 2.6091280 3.5584879 -3.6606750
v -0.0105380 0.4494255 0.0093534
vn -1.2339606 4.2343168 -1.4350530
v -0.0132920 0.4496371 -0.0109465
vn -0.1923480 4.8612337 -2.3667858
v -0.0116422 0.4512445 0.0099239
vn -1.7754202 3.9552765 1.9755877
v -0.0124462 0.4512903 0.0119135
vn -3.7415783 -2.8520443 1.9779689
v -0.0188370 0.4390422 0.0099197
vn -1.8454927 -5.7414885 1.5685703
v -0.0171947 0.4373606 0.0072998
vn -2.0107596 1.7827713 5.6608038
v -0.0125974 0.4488063 0.0128057
vn -2.6810098 1.8157994 4.5827537
v -0.0122598 0.4456145 0.0135736
vn -0.6374009 -2.9769268 3.1280420
v -0.0154034 0.4392418 -0.0190774
vn -3.7213998 0.5512252 4.3598228
v -0.0125538 0.4391917 -0.0174958
vn -2.1740770 4.7319908 -1.3856671
v -0.0128095 0.4398846 -0.0188729
vn 2.3949704 2.3575778 -2.2221577
v -0.0164787 0.4389762 -0.0189060
vn -2.4963465 -2.2609324 2.3833656
v -0.0201583 0.4381283 -0.0189425
vn -1.3281640 -2.5248420 0.4996170
v -0.0188428 0.4351988 -0.0205459
vn -2.1122622 -2.4555833 5.1029572
v -0.0142844 0.4366902 -0.0188744
vn 0.7803152 -2.8844938 3.5996633
v -0.0112164 0.4383518 -0.0169783
vn 0.6284932 1.5689111 -5.0269718
v -0.0124778 0.4388009 -0.0200803
vn 3.1153693 1.9832159 -3.0579054
v -0.0163034 0.4374114 -0.0205748
vn 6.1113443 -0.6264352 -0.4700305
v -0.0166388 0.4433873 -0.0167483
vn 1.2519262 -4.9201159 0.4643647
v -0.0175954 0.4412794 -0.0163442
vn 5.9006739 1.1791016 -1.1482353
v -0.0166456 0.4398946 -0.0227958
vn 0.6222385 -0.2128640 -1.8094026
v -0.0169232 0.4388080 -0.0254603
vn 0.2322401 1.8501461 -3.2589173
v -0.0182872 0.4427150 -0.0235980
vn 5.5533237 1.0828266 -1.9458122
v -0.0168477 0.4424171 -0.0213392
vn 2.7470582 2.3699372 2.4309125
v -0.0168805 0.4394965 0.0202953
vn -3.5326867 4.2169676 1.3766774
v -0.0130760 0.4414755 0.0194157
vn -4.3608537 1.2566161 -3.7267313
v -0.0135071 0.4404088 0.0185606
vn -1.4353800 0.6811196 0.1312968
v -0.0167414 0.4401264 0.0199977
vn 2.5188663 2.3923359 3.5110338
v -0.0162265 0.4378495 0.0213368
vn 0.4463370 2.1274660 4.9363432
v -0.0117887 0.4409875 0.0206249
vn 1.2212172 -3.2661085 -3.8734269
v -0.0181937 0.4421134 0.0188387
vn 5.2372785 -0.7068911 -0.6558747
v -0.0167539 0.4434022 0.0201087
vn -1.2781618 4.4051476 0.3685856
v -0.0144313 0.4494713 -0.0070101
vn 2.7740140 5.4425783 1.3021669
v -0.0113295 0.4477373 -0.0060174
vn 1.8216170 0.6781816 -5.7626252
v -0.0137602 0.4459669 -0.0128459
vn 4.9152622 1.8993012 -2.4402366
v -0.0163795 0.4461407 -0.0144152
vn -0.2883901 5.5472760 -0.1104832
v -0.0163168 0.4472819 -0.0119910
vn -2.7716079 1.4824531 -5.0524950
v -0.0099244 0.4459807 -0.0129366
vn -4.7559528 3.4799490 1.4470721
v -0.0167611 0.4462416 -0.0086839
vn 0.4775770 -3.3897502 -2.6378124
v -0.0126098 0.4385198 0.0183372
vn -0.2036293 -1.5158210 -0.4755645
v -0.0173247 0.4350634 0.0204819
vn 5.2069492 2.4150524 2.3361681
v -0.0173656 0.4391007 0.0237257
vn 3.8374271 2.2254419 2.9665263
v -0.0174341 0.4411812 0.0229057
vn -1.2576921 2.0148835 3.2315459
v -0.0192476 0.4411120 0.0239510
vn 0.3446069 -0.1521644 1.4034133
v -0.0177446 0.4383977 0.0261257
vn -3.5990894 4.7578530 -0.0402503
v -0.0152391 0.4495421 0.0096714
vn -0.3867183 5.4803286 -1.8842739
v -0.0132417 0.4501175 0.0078335
vn -0.2415111 -0.3388440 -5.9851761
v -0.0192164 0.4454100 -0.0216612
vn 3.5217769 -2.0048375 -4.2442818
v -0.0169434 0.4464440 -0.0213371
vn 4.7107148 -2.4093337 -0.3512722
v -0.0140211 0.4497015 -0.0203372
vn 5.8390770 -1.6645608 0.0850237
v -0.0162287 0.4465193 -0.0194828
vn 5.4853878 -0.6693693 1.9974843
v -0.0169406 0.4483176 -0.0165186
vn -1.5308725 -4.0195122 3.2839913
v -0.0187221 0.4427419 0.0134477
vn -3.1126282 -1.9328912 -4.2908235
v -0.0209020 0.4449732 0.0108133
vn -5.4545908 0.2180219 -1.9856503
v -0.0188134 0.4430112 0.0090108
vn 0.7144770 0.1103306 -3.2583108
v -0.0162885 0.4493155 -0.0233343
vn 1.4811318 0.8484100 -0.9528917
v -0.0127558 0.4530752 -0.0213986
vn -1.3304030 0.3191807 -4.6208158
v -0.0198138 0.4479636 -0.0227247
vn -3.7647681 -2.1610467 -3.1000032
v -0.0192600 0.4379752 -0.0231868
vn 1.3145354 -3.2499077 -1.8867168
v -0.0165043 0.4354476 -0.0215562
vn -2.3884149 4.1635780 -4.0193005
v -0.0171625 0.4501652 -0.0218783
vn -1.8400488 3.9864860 -3.8491549
v -0.0155128 0.4527054 -0.0209528
vn -1.7593067 4.3451619 -3.9088826
v -0.0194508 0.4497332 -0.0214498
vn -1.2634426 3.7062025 -4.1196661
v -0.0187003 0.4506138 -0.0201135
vn 4.5271974 2.6513088 2.5289156
v -0.0177564 0.4484634 -0.0135172
vn -0.8483180 2.2563679 5.1305056
v -0.0190935 0.4467941 -0.0114282
vn -3.3207612 -3.3361456 2.7380340
v -0.0203700 0.4428160 -0.0118526
vn -5.8174181 1.1890299 0.4473026
v -0.0182717 0.4421705 -0.0082920
vn 5.7795572 -0.8098409 -2.1937311
v -0.0169845 0.4449797 0.0192906
vn 1.8840035 -3.7260489 -1.5194356
v -0.0184204 0.4433227 0.0168956
vn 4.1036754 -0.9179683 2.3266211
v -0.0163689 0.4478472 0.0211977
vn 3.3543425 0.5170985 4.5474157
v -0.0175688 0.4434670 0.0216436
vn 5.8676357 -0.8371664 -0.2328869
v -0.0174254 0.4478076 0.0167674
vn -2.4974825 -2.4213777 1.6244442
v -0.0194197 0.4374353 0.0240643
vn -4.7271805 -1.2569393 -0.8486421
v -0.0201083 0.4395168 0.0221637
vn 5.6006680 -0.5071164 -1.1929290
v -0.0154953 0.4521284 0.0179955
vn 3.4020636 -0.2588230 2.4845893
v -0.0154533 0.4516200 0.0218126
vn 3.8279948 3.7499838 -1.7025373
v -0.0175690 0.4489191 0.0132867
vn 5.2081237 -0.1989850 -3.3016772
v -0.0175102 0.4519700 0.0141132
vn -2.7579346 -2.5566967 -4.1634727
v -0.0172617 0.4395325 -0.0103869
vn -4.1764855 -0.2355347 -2.9472034
v -0.0193488 0.4385130 -0.0087336
vn -5.8649960 1.4459105 -0.5179134
v -0.0195971 0.4393534 -0.0067127
vn -4.7787685 -0.9780896 -3.2368209
v -0.0205049 0.4404684 -0.0218528
vn -2.5328226 -2.5176156 -1.9014614
v -0.0193053 0.4370580 -0.0083112
vn -3.2395151 -2.8823991 -0.5272998
v -0.0197342 0.4369168 -0.0063166
vn -1.2813611 -4.3907299 -2.8782172
v -0.0170293 0.4368496 -0.0089800
vn -0.9368253 -6.1914062 -0.1899296
v -0.0170011 0.4367329 -0.0063004
vn -0.9599736 3.5779757 -3.9080358
v -0.0195090 0.4524913 -0.0194644
vn -1.4957563 5.1660614 -3.0849528
v -0.0169372 0.4536486 -0.0183930
vn -2.2977953 3.1377330 -4.4899926
v -0.0224717 0.4496951 -0.0203805
vn 0.5373544 -0.2165315 5.9297814
v -0.0192218 0.4494989 0.0225325
vn 0.9182957 2.0998530 1.8713065
v -0.0161818 0.4543153 0.0217812
vn -1.9781603 3.0319939 4.0637040
v -0.0201533 0.4513513 0.0220673
vn 0.0976415 -0.0998049 6.1441956
v -0.0217085 0.4465014 0.0223815
vn -1.9727604 2.3266659 3.3427527
v -0.0238596 0.4495221 0.0219713
vn 1.6513181 2.9930542 0.2062036
v -0.0159964 0.4551294 0.0185788
vn -3.3156033 5.0300117 1.6506532
v -0.0191898 0.4532914 0.0192073
vn -2.0011349 -2.4234180 -4.2844062
v -0.0225388 0.4434226 -0.0207104
vn -2.0350597 0.5989736 -5.6894226
v -0.0231540 0.4469738 -0.0210096
vn 0.0181613 -3.7208309 -0.9162503
v -0.0221465 0.4458342 0.0170199
vn 0.5821027 -5.7421956 -0.2269362
v -0.0230817 0.4446819 0.0136110
vn 2.1645691 -3.4885566 -4.3030682
v -0.0239201 0.4457410 0.0110249
vn -1.7185479 -5.1446013 -1.9768494
v -0.0212123 0.4428765 0.0198009
vn -1.1709127 -2.4127016 4.5817919
v -0.0210067 0.4432500 0.0217823
vn -1.7410223 5.6369309 -1.4436324
v -0.0191149 0.4539689 -0.0165147
vn -1.3258098 4.7288857 -3.4776740
v -0.0232612 0.4514106 -0.0170243
vn -1.8626235 5.4698167 -0.7234471
v -0.0232562 0.4526361 -0.0153679
vn -0.0032687 4.3600278 2.3219209
v -0.0195695 0.4539721 -0.0143337
vn 1.5837209 2.1451337 0.6685900
v -0.0144121 0.4547729 -0.0171506
vn -1.9766387 -4.9743543 1.4141626
v -0.0206392 0.4427267 -0.0169342
vn 2.0539548 -3.8991802 3.7744980
v -0.0237621 0.4441972 -0.0117855
vn 1.8908088 -5.7641835 0.5189384
v -0.0256623 0.4418813 -0.0161200
vn -1.4183429 0.5534640 4.6985011
v -0.0270344 0.4448856 0.0228555
vn 0.7942027 -3.0513840 2.2286515
v -0.0257385 0.4417482 0.0220937
vn 1.8850571 -5.5523663 -1.1735333
v -0.0258180 0.4426199 0.0198597
vn -1.9502040 3.8192289 4.1519098
v -0.0276172 0.4483569 0.0201468
vn 2.7447801 1.4225276 5.0002341
v -0.0217471 0.4495604 -0.0109106
vn 3.4525256 1.1421432 4.5105195
v -0.0179914 0.4514467 -0.0135352
vn -1.2684729 5.0802174 1.7430487
v -0.0244470 0.4512412 -0.0112905
vn 2.5466442 0.6460002 -5.2568197
v -0.0204158 0.4494278 0.0110849
vn -2.7786920 3.7982411 -3.4098983
v -0.0181413 0.4471619 0.0095778
vn 3.5944180 -1.9674535 -4.6895332
v -0.0236220 0.4491950 0.0095125
vn 1.0561633 2.4300537 -2.9269419
v -0.0233264 0.4525841 0.0085829
vn 1.1597677 2.6429517 -2.5187674
v -0.0205196 0.4538134 0.0107179
vn 0.4977005 -1.3338988 -4.3221521
v -0.0268323 0.4431754 -0.0211789
vn -1.2279094 2.2723646 -5.5830841
v -0.0263923 0.4469998 -0.0200997
vn 1.4550309 1.9348516 1.9671311
v -0.0252754 0.4503658 -0.0069852
vn 3.9695487 -2.6009390 4.1034050
v -0.0261757 0.4464563 -0.0082207
vn 1.2793529 -4.3447905 3.2620082
v -0.0292375 0.4413021 -0.0092512
vn 2.8352563 -4.0788150 0.6463613
v -0.0277527 0.4395407 -0.0125659
vn -1.2179316 3.6731586 -4.8490405
v -0.0252863 0.4494902 -0.0187572
vn -2.4515343 2.9188983 -3.6819887
v -0.0280041 0.4503208 -0.0181600
vn -0.2548519 3.4325962 -2.3949423
v -0.0262183 0.4523768 -0.0172941
vn -1.4525280 4.1856508 0.9274756
v -0.0266883 0.4525407 -0.0158138
vn -3.6562603 3.9788311 3.0164785
v -0.0271096 0.4497415 -0.0134613
vn -3.4200044 4.2258210 -2.6156735
v -0.0289498 0.4489352 -0.0075784
vn -3.6397657 2.0429473 -3.7733166
v -0.0305698 0.4439225 -0.0198353
vn -3.3730476 2.3856559 -3.5775867
v -0.0294361 0.4471608 -0.0191672
vn 2.6008644 -4.6665902 -2.4504800
v -0.0289597 0.4407112 -0.0198555
vn -1.4177083 -1.0889966 -2.0693824
v -0.0318516 0.4401172 -0.0206106
vn -3.9151905 2.9416645 0.6382046
v -0.0290429 0.4505529 -0.0157685
vn 3.2192941 -5.2002420 -0.8450180
v -0.0287082 0.4406322 -0.0162980
vn -1.3597326 -2.1306369 -0.1813267
v -0.0323235 0.4383013 -0.0170872
vn 2.8097897 -5.4218130 -1.3865856
v -0.0286970 0.4407876 0.0197116
vn -0.5879965 -1.1680768 0.8648812
v -0.0306583 0.4392757 0.0216010
vn -2.4722915 -2.1859827 0.2070909
v -0.0319376 0.4403109 0.0172839
vn 1.9274058 -5.8255157 -0.0093562
v -0.0296975 0.4406522 0.0169878
vn 3.1047993 -5.2434077 -0.5673346
v -0.0267367 0.4427032 0.0169218
vn -0.9823514 -3.1735635 0.5683669
v -0.0308507 0.4382270 -0.0136208
vn -5.0626421 -0.8388276 1.5441363
v -0.0316207 0.4410294 -0.0121213
vn -5.5921273 1.1729870 0.1742817
v -0.0323371 0.4423472 -0.0164412
vn -1.0630164 5.3198996 2.2595799
v -0.0261133 0.4490592 0.0188066
vn -2.4094779 5.0947118 1.9492196
v -0.0235871 0.4498801 0.0191140
vn -2.0069604 5.0564833 2.8275275
v -0.0230001 0.4519526 0.0168268
vn -0.5295218 5.6262550 1.9994123
v -0.0269098 0.4498083 0.0172310
vn -1.5657429 3.8141546 0.9427958
v -0.0287986 0.4501906 0.0179019
vn -4.7665529 3.7547388 -0.3034648
v -0.0280704 0.4482578 0.0125712
vn -3.0640557 5.0318871 0.1239874
v -0.0248463 0.4518958 0.0146106
vn -2.7503171 5.5250692 0.5066381
v -0.0225084 0.4532207 0.0127941
vn -2.8414841 5.1235204 0.7491111
v -0.0248937 0.4523997 0.0102940
vn -2.5601573 5.0088034 0.3343541
v -0.0270861 0.4516190 0.0076540
vn -4.6899929 3.0380812 2.6818409
v -0.0295232 0.4475541 0.0089695
vn -4.8218484 3.1143250 -1.3636883
v -0.0297914 0.4485474 0.0161884
vn -2.8578141 5.2079296 -0.8453118
v -0.0277434 0.4500099 0.0157786
vn -4.2798362 2.2612581 2.1553049
v -0.0302858 0.4476912 0.0189047
vn -4.2489243 0.9750879 3.3824220
v -0.0305078 0.4440951 0.0205051
vn 3.8842137 -3.7481055 -3.1006775
v -0.0287754 0.4429536 0.0089989
vn 3.5255938 -4.9185271 -0.9393861
v -0.0274657 0.4417877 0.0132190
vn 0.4747002 -4.7624145 0.0323003
v -0.0301579 0.4397830 0.0132613
vn 0.2801064 -3.8732767 -1.0580380
v -0.0310418 0.4401484 0.0092384
vn 1.8116524 -4.6829495 -1.9006089
v -0.0331914 0.4414177 0.0056016
vn 4.0388489 -3.6169214 -3.0490856
v -0.0318679 0.4446323 0.0042481
vn -5.9860492 1.3701328 0.2010014
v -0.0313097 0.4439762 0.0168755
vn -5.7072353 2.4589167 -0.4969615
v -0.0306566 0.4439469 0.0131784
vn 3.3331330 -4.3231373 2.7533360
v -0.0315470 0.4433326 -0.0051385
vn 4.5665183 -2.7977667 3.2114124
v -0.0298836 0.4467479 -0.0042230
vn 5.6272984 -1.5770253 0.6031032
v -0.0313141 0.4478367 -0.0001496
vn 4.4751406 -3.9850645 0.5134699
v -0.0325987 0.4457578 -0.0001594
vn 2.6111233 -5.2301240 2.2040226
v -0.0343844 0.4424214 -0.0035800
vn -0.5139316 -1.8823617 -1.3994772
v -0.0343802 0.4413322 -0.0067065
vn -2.9438560 -2.1196032 -0.6962810
v -0.0319350 0.4420169 -0.0087657
vn 3.5430627 -4.7882814 0.5079309
v -0.0346705 0.4440557 -0.0001362
vn -2.5783217 5.6510406 0.7869715
v -0.0325469 0.4491879 0.0028168
vn -3.0796525 4.8171868 1.6882591
v -0.0307047 0.4500068 0.0050900
vn 1.0535822 1.5070925 -1.1885464
v -0.0279421 0.4513103 0.0035689
vn 1.0200490 4.4140897 0.0540237
v -0.0316571 0.4499543 -0.0002067
vn -2.3572726 4.5210185 3.3665156
v -0.0354684 0.4476022 0.0032375
vn -3.8182850 3.0835211 3.8900492
v -0.0320912 0.4474902 0.0062778
vn -1.7666997 5.2552767 -1.0041699
v -0.0366075 0.4486615 -0.0007124
vn 3.8550019 -4.0377431 -2.2900040
v -0.0344012 0.4436265 0.0025448
vn 2.2336645 -5.2643590 -1.4004221
v -0.0362329 0.4414247 0.0027853
vn 3.2475715 -4.4835753 -0.4878263
v -0.0370068 0.4426882 -0.0002315
vn -2.1847858 4.7218742 -3.0808861
v -0.0340315 0.4484207 -0.0030741
vn -3.1044762 4.2474179 -3.0423806
v -0.0319457 0.4483730 -0.0048788
vn -3.0475614 2.3690791 -4.9029560
v -0.0348416 0.4449176 -0.0051375
vn -2.7109504 2.3398676 -4.6351457
v -0.0380384 0.4454847 -0.0034509
vn 0.9159922 1.5825936 0.7588660
v -0.0280367 0.4508683 -0.0037635
vn 2.3819129 -5.4114118 2.0256088
v -0.0366441 0.4417663 -0.0026088
vn -0.2353585 -4.0581250 -2.3121617
v -0.0394006 0.4409117 -0.0019022
vn -0.9280907 -2.0756295 -1.4801443
v -0.0371641 0.4409685 -0.0048294
vn 0.1798217 -6.0342474 0.4459952
v -0.0399857 0.4406442 0.0017093
vn -0.7714605 -6.0905962 0.8948061
v -0.0432227 0.4410355 0.0012925
vn -0.5948017 -3.8588190 -2.8556900
v -0.0427325 0.4409520 -0.0013371
vn 1.9088945 -5.8030190 0.1695053
v -0.0489623 0.4405974 -0.0009522
vn 0.4759639 -5.2466803 -2.6375723
v -0.0457666 0.4413815 -0.0010341
vn 0.1681013 -6.1124377 1.1740448
v -0.0463505 0.4413390 0.0010694
vn 0.9682761 -6.1478014 0.6480252
v -0.0496459 0.4408378 0.0010082
vn 1.1767212 -1.7323122 -3.3573880
v -0.0486106 0.4411062 -0.0028923
vn 0.6380498 -1.1366519 -4.8448224
v -0.0452161 0.4431810 -0.0027582
vn 1.3506505 -5.2945652 2.9751134
v -0.0516488 0.4398145 -0.0008877
vn 0.1824026 -2.3199735 -1.6562061
v -0.0521747 0.4389174 -0.0026337
vn 1.9338775 -4.9583845 0.2674936
v -0.0529631 0.4405761 0.0006812
vn 1.2017087 -5.8519316 -0.8501931
v -0.0547622 0.4393861 -0.0007028
vn -3.1135995 1.2016238 2.7487268
v -0.0574955 0.4403618 0.0013401
vn -0.7520152 -3.3684595 1.6745751
v -0.0565654 0.4382870 0.0011866
vn 0.5034806 -1.9477214 2.0352750
v -0.0538350 0.4391602 0.0027123
vn -2.0529408 3.2424355 3.7261457
v -0.0548580 0.4417337 0.0019361
vn -2.3026764 4.3467975 -1.4591128
v -0.0555267 0.4421642 -0.0004738
vn -3.8339314 2.1192553 -0.9154640
v -0.0579804 0.4403683 -0.0003110
vn -1.2908059 -1.1990459 -0.6998177
v -0.0582289 0.4382848 -0.0009090
vn -1.2909454 -0.4055625 -3.9329462
v -0.0557337 0.4400617 -0.0021420
vn -2.1841528 4.7930007 -0.6945536
v -0.0520637 0.4438866 -0.0000162
vn -1.5397952 2.8401723 -4.7306404
v -0.0523038 0.4420624 -0.0022150
vn -2.0560343 5.0696044 0.2221404
v -0.0485143 0.4454031 0.0005845
vn -1.7209224 3.6151669 -4.2275710
v -0.0487175 0.4440171 -0.0018819
vn -1.4366599 4.1076598 1.5282003
v -0.0447566 0.4472598 0.0012746
vn -1.3420150 3.6644163 -3.3059282
v -0.0450087 0.4464044 -0.0017175
vn -0.9594561 4.5727668 2.8050933
v -0.0402766 0.4476776 0.0019307
vn -0.5584729 3.5204482 -2.3064933
v -0.0408360 0.4480323 -0.0013542
vn -0.5491150 0.1790200 -6.0567713
v -0.0417129 0.4443744 -0.0022691
vn -1.5492976 1.8475547 5.7460065
v -0.0402636 0.4444424 0.0033420
vn -2.5477669 2.1394382 5.2358589
v -0.0367662 0.4442746 0.0049942
vn -0.9855000 1.9183388 5.6551828
v -0.0439835 0.4447484 0.0029495
vn -1.2079703 -2.8811643 4.3279223
v -0.0437427 0.4417935 0.0030698
vn -0.9759755 -2.7614651 3.3884230
v -0.0406332 0.4411608 0.0039344
vn -0.7023751 2.1905065 4.2694068
v -0.0477738 0.4442768 0.0030449
vn 0.1619148 -3.2091570 4.4432015
v -0.0469629 0.4419110 0.0026713
vn -1.6268008 2.8382108 4.3443594
v -0.0513388 0.4429896 0.0025610
vn 0.5246465 -2.2151191 2.7333779
v -0.0502847 0.4406661 0.0030585
vn -1.1840078 -2.7976134 2.6015296
v -0.0373892 0.4412144 0.0052302
vn -2.4153912 -2.4167686 2.8309541
v -0.0343191 0.4416541 0.0071832
vn -3.8380928 2.2346272 4.4094138
v -0.0333439 0.4442544 0.0070486
vn -5.1864519 -1.5167918 1.3401763
v -0.0320045 0.4412087 0.0098758
vn -5.0016999 2.4458778 2.3704441
v -0.0309584 0.4439491 0.0097171
vn -4.3475800 -1.9309049 0.2194281
v -0.0318541 0.4407462 0.0133664
vn -4.0524940 2.4771740 -4.0779848
v -0.0317464 0.4450983 -0.0073501
vn -4.9675493 3.0126824 -1.3831670
v -0.0294216 0.4453497 -0.0101330
vn -5.3680100 2.6839905 1.6935246
v -0.0296795 0.4456494 -0.0129970
vn -5.4823961 2.2499025 0.2527720
v -0.0306696 0.4464766 -0.0160730
vn 4.6398768 -2.6866779 -3.1894035
v -0.0298157 0.4476468 0.0037554
vn 1.6274335 2.3498693 -2.7151799
v -0.0258642 0.4515472 0.0064206
vn 4.1443219 -2.1741815 -4.1085801
v -0.0262462 0.4484491 0.0070490
vn -2.8836894 5.3442583 1.5673746
v -0.0201209 0.4537203 0.0156958
vn 1.1457022 2.3529236 -1.0299368
v -0.0174753 0.4554715 0.0140505
vn 4.8575072 -1.4693779 3.2481003
v -0.0150295 0.4513438 -0.0167768
vn -0.9792714 -6.1286287 0.2571095
v -0.0170370 0.4368891 -0.0030908
vn -3.0570874 -2.5212636 0.0754075
v -0.0199468 0.4368954 -0.0031208
vn -1.1494418 -6.0233316 0.1764052
v -0.0171493 0.4371336 0.0004643
vn -2.9771621 -2.1943417 -0.0833004
v -0.0202143 0.4370968 0.0005845
vn -5.7484770 2.4169679 -0.4026928
v -0.0193301 0.4399749 0.0006378
vn -5.8343678 2.2016690 0.0859225
v -0.0193278 0.4396807 -0.0032302
vn -5.6077542 2.7157915 -0.4501551
v -0.0174365 0.4432648 0.0006244
vn -5.6678338 2.6335287 0.2273866
v -0.0176396 0.4427625 -0.0035919
vn -5.0734153 3.5127759 -0.4491528
v -0.0159841 0.4467108 0.0005424
vn -5.4068656 3.0408833 0.4284121
v -0.0163367 0.4462443 -0.0036571
vn -1.0353816 5.2127986 -0.3954651
v -0.0139778 0.4486674 0.0005404
vn -1.2435052 4.9445796 0.5345340
v -0.0142628 0.4487120 -0.0030808
vn 2.8010950 5.6092892 -0.3560312
v -0.0110989 0.4474376 0.0007639
vn 2.8483846 5.5913634 0.0292212
v -0.0112077 0.4473624 -0.0026214
vn 3.4101162 5.2317815 -0.1529669
v -0.0078485 0.4457602 0.0011077
vn 3.4781702 5.2001152 -0.3317370
v -0.0078760 0.4455376 -0.0022577
vn 3.3621967 4.9158182 1.3799682
v -0.0081920 0.4455669 -0.0055651
vn 5.0250301 2.6333344 -0.6652445
v -0.0051374 0.4433921 -0.0020853
vn 4.9854078 2.6978760 0.2048777
v -0.0050520 0.4436100 0.0016463
vn 5.7296596 -0.7736735 0.8980912
v -0.0046665 0.4405234 0.0022113
vn 5.5080781 -0.9203962 -0.9531405
v -0.0045989 0.4401825 -0.0019223
vn 5.7302017 -1.8773348 1.4298282
v -0.0061542 0.4372988 0.0027711
vn 5.8589239 -1.9504685 -0.7656141
v -0.0061334 0.4369472 -0.0013410
vn 5.4885397 -2.0891073 1.2584774
v -0.0069975 0.4340969 0.0035407
vn 5.1787963 -2.7693408 -0.5056648
v -0.0068415 0.4337285 -0.0009426
vn 0.5079145 -3.5058975 0.8034133
v -0.0085239 0.4318133 0.0040749
vn 0.2590212 -4.2807388 -0.3404865
v -0.0085626 0.4318506 -0.0005233
vn -3.6900568 -5.0526166 0.2975106
v -0.0109116 0.4339898 0.0037887
vn -3.8228283 -4.9355669 -0.0411779
v -0.0108024 0.4339757 -0.0000115
vn -2.7555888 -5.6198997 0.2258998
v -0.0140255 0.4359097 0.0038283
vn -2.7151744 -5.6454592 -0.0315877
v -0.0138974 0.4358093 0.0003093
vn -1.3208479 -6.0806732 0.3214855
v -0.0173292 0.4371702 0.0041638
vn 5.3806696 -0.9746908 2.2240357
v -0.0056775 0.4414883 0.0058788
vn 5.0283980 2.8090017 0.4891371
v -0.0058479 0.4442362 0.0050178
vn 3.4292188 5.1702709 -0.5950007
v -0.0084229 0.4459737 0.0043156
vn 3.4556627 4.5993896 -2.3496075
v -0.0086464 0.4469765 0.0070963
vn 3.2120354 5.2684107 -0.9069148
v -0.0112550 0.4477046 0.0041056
vn 3.1885817 4.8783083 -2.2677093
v -0.0110640 0.4485925 0.0071045
vn -0.2354338 5.3202567 -1.1893605
v -0.0137628 0.4492602 0.0041834
vn -4.4502301 3.8126140 -0.8205602
v -0.0159569 0.4480347 0.0046771
vn -5.4295435 2.7724926 -1.3400341
v -0.0175321 0.4445404 0.0049129
vn -5.8579445 2.0190303 -0.2058894
v -0.0193171 0.4408959 0.0048571
vn -3.0856228 -1.8374512 0.5443389
v -0.0204495 0.4375197 0.0049215
vn 3.5249772 -2.1350880 3.6630704
v -0.0160403 0.4371672 0.0216419
vn 2.5358901 -1.6826851 1.7047498
v -0.0106977 0.4393401 0.0203870
vn 0.7394642 2.0139718 2.5221727
v -0.0097466 0.4451180 0.0183159
vn -5.0570207 3.1956460 1.6417938
v -0.0115244 0.4437254 0.0169810
vn 2.7438960 -0.1519503 5.1233354
v -0.0156978 0.4460229 0.0139319
vn -0.5990108 4.6384106 2.7445803
v -0.0154633 0.4483244 0.0121847
vn 0.5713835 -1.9512042 -0.0577335
v -0.0130274 0.4350494 -0.0195187
vn 0.4679203 1.0509961 -3.5953784
v -0.0096339 0.4414144 -0.0193895
vn 4.2630205 -2.6134439 -1.2490929
v -0.0095336 0.4394999 -0.0185214
vn 0.5681152 0.7112465 -0.8515214
v -0.0073519 0.4451266 -0.0181020
vn 5.5517602 -2.7125182 0.7126515
v -0.0082457 0.4428418 -0.0161830
vn 2.5503585 -4.3155184 2.3793168
v -0.0097327 0.4409427 -0.0151049
vn -3.4270523 -0.7783491 2.6733112
v -0.0110092 0.4407688 -0.0156027
vn -4.4318690 3.9430656 -0.9937037
v -0.0107315 0.4417680 -0.0175174
vn -4.9350805 3.2986367 -1.7256150
v -0.0093149 0.4439411 -0.0155097
vn 3.7105892 -2.4004512 -3.9654562
v -0.0153229 0.4427144 -0.0132069
vn -0.1036139 -4.6372781 -0.7020180
v -0.0176470 0.4405107 -0.0132353
vn -0.6106906 -5.0031881 1.9668560
v -0.0045516 0.4486539 0.0051858
vn -1.6085517 -5.2738075 2.5912533
v -0.0065329 0.4500423 0.0061283
vn -2.5196493 -5.6943941 0.6907076
v -0.0070332 0.4496972 0.0027882
vn -0.4854585 -5.6266475 0.4226636
v -0.0043776 0.4481865 0.0024433
vn 2.7717748 -2.4514670 2.3934352
v -0.0024033 0.4495618 0.0061373
vn 1.6293650 -2.0518842 4.4212575
v -0.0045913 0.4516264 0.0083564
vn 3.7845800 -3.4766188 0.5416344
v -0.0018518 0.4489375 0.0023554
vn 4.4208322 -0.0873673 4.4101577
v -0.0034823 0.4539028 0.0073257
vn 5.5603342 -0.2529571 2.5571253
v -0.0018714 0.4530496 0.0052810
vn 5.3796811 -1.0569744 2.9569294
v -0.0015321 0.4564010 0.0049284
vn 4.4130907 -1.5708492 4.1132612
v -0.0039201 0.4569323 0.0080475
vn 1.8651098 -3.1466351 4.8118320
v -0.0074188 0.4548540 0.0102024
vn 4.8717303 -2.4074895 3.0586405
v -0.0045600 0.4590273 0.0100712
vn 3.6000462 -3.9259763 1.8562698
v -0.0058959 0.4580615 0.0122981
vn 5.2066979 0.6513414 2.5767195
v -0.0034656 0.4620212 0.0102442
vn 5.8339591 -1.0267667 1.8441978
v -0.0049972 0.4607924 0.0127427
vn 4.9280405 0.3394945 2.1686180
v -0.0022215 0.4602247 0.0079057
vn 4.0847025 -0.3660337 -4.7255816
v -0.0041125 0.4542475 -0.0081040
vn 5.2470417 -0.5667230 -3.1320386
v -0.0019775 0.4533293 -0.0058093
vn 2.5272043 -2.7070034 -2.2376769
v -0.0025077 0.4498655 -0.0062752
vn 1.8830718 -2.2857566 -4.2992926
v -0.0053141 0.4518398 -0.0090444
vn 4.1604905 -1.8224685 -4.2578187
v -0.0045643 0.4570571 -0.0089010
vn 5.0747519 -0.9802483 -3.4805279
v -0.0016496 0.4566615 -0.0057700
vn 1.7508236 -3.0058908 -4.9412041
v -0.0084300 0.4540363 -0.0108463
vn -1.9825671 -5.8921204 -0.7011974
v -0.0067574 0.4497407 -0.0032786
vn -0.7898689 -5.8356609 -1.4259162
v -0.0051726 0.4492714 -0.0046600
vn -0.2352071 -5.7818823 -0.8174677
v -0.0042575 0.4483639 -0.0012152
vn -2.3533919 -5.7810092 -0.3760157
v -0.0069245 0.4493548 -0.0006748
vn -1.5236202 -6.0705152 0.1205072
v -0.0098338 0.4504876 -0.0007168
vn -0.9597661 -6.1888571 -0.3171468
v -0.0089818 0.4502512 -0.0041762
vn -0.3370800 -5.7456274 -2.1585162
v -0.0075577 0.4504214 -0.0070214
vn 4.8545313 0.0642173 -1.5913327
v -0.0025787 0.4605044 -0.0090150
vn 3.9265809 1.7062384 -1.9810030
v -0.0009251 0.4595668 -0.0059628
vn 3.1361303 3.1854975 1.6136532
v -0.0038278 0.4642539 -0.0091356
vn 3.4772477 1.3658741 -2.2303696
v -0.0032026 0.4632050 -0.0110371
vn 1.9900676 3.4594812 -3.5211098
v -0.0058858 0.4648913 -0.0115924
vn 2.1878729 4.2722239 1.8214321
v -0.0060100 0.4655626 -0.0092291
vn 3.6418347 3.5773721 3.2679424
v -0.0039766 0.4622757 -0.0078277
vn 1.8605921 4.0034986 4.3558826
v -0.0067147 0.4634532 -0.0076736
vn 3.2678123 2.8328009 -1.0565479
v -0.0035021 0.4640389 0.0081409
vn 3.6151807 4.1589231 -2.3587182
v -0.0037906 0.4620539 0.0067046
vn 2.2854290 4.5742235 -3.2360518
v -0.0066412 0.4632030 0.0062458
vn 2.5490947 4.7223072 -1.9301695
v -0.0059275 0.4653380 0.0083651
vn 1.9959733 3.5866454 2.9272680
v -0.0057726 0.4649336 0.0115075
vn 5.4693489 0.1351874 -2.0887163
v -0.0056559 0.4596317 -0.0132430
vn -0.5119269 2.9949708 -3.1490965
v -0.0069692 0.4606769 -0.0142188
vn 1.6490662 2.1610680 -5.4323945
v -0.0065506 0.4623842 -0.0126721
vn 4.0781045 -0.3894351 -4.2635813
v -0.0047759 0.4610815 -0.0119886
vn -2.9011686 -3.1927817 2.6918697
v -0.0075991 0.4584014 0.0134876
vn 1.1804693 -2.0076509 5.5656734
v -0.0094309 0.4581791 0.0125748
vn 3.7047224 1.1513664 -1.1964933
v -0.0059037 0.4589192 -0.0171645
vn -1.4092582 3.8080230 -1.6806289
v -0.0067968 0.4593228 -0.0171755
vn -4.8794746 -1.2135509 1.8539809
v -0.0073402 0.4577683 -0.0165244
vn -4.8147469 -1.8591633 -2.2969909
v -0.0074509 0.4581649 -0.0142262
vn -0.5550091 3.1426125 1.2011669
v -0.0098412 0.4675167 0.0101836
vn -2.7761097 3.3252509 3.0995550
v -0.0117749 0.4647392 0.0110089
vn 0.3221290 2.4115167 5.5118198
v -0.0092728 0.4621151 0.0125541
vn -3.8155313 2.1434653 3.9555802
v -0.0070160 0.4608162 0.0135778
vn 1.2218324 2.5319979 2.5927329
v -0.0054091 0.4625401 0.0137216
vn -5.3467197 2.8445694 0.7899072
v -0.0065244 0.4602854 0.0159025
vn 0.6446173 1.2939036 0.6011524
v -0.0050988 0.4618899 0.0167072
vn -1.5686107 -0.0205714 5.0390177
v -0.0088101 0.4562794 -0.0185035
vn -1.7392058 5.2882743 -0.3786683
v -0.0082364 0.4574400 -0.0193597
vn 3.7995629 4.3483691 -1.9500480
v -0.0109506 0.4575582 -0.0205646
vn 2.6526599 2.4555531 2.5984621
v -0.0105590 0.4577047 -0.0187718
vn -0.0004872 -2.8422747 4.8974915
v -0.0115039 0.4556978 -0.0186230
vn -0.6284567 -3.7992063 3.1736617
v -0.0104077 0.4531854 -0.0197801
vn -0.7353112 -3.6125753 -1.5081973
v -0.0097173 0.4539369 0.0199788
vn -1.7120907 -1.7122238 -4.7017684
v -0.0106725 0.4566761 0.0187995
vn -4.3015766 -0.2371055 -4.2601986
v -0.0077247 0.4576234 0.0176804
vn 0.0020473 -2.6092012 -1.9561610
v -0.0070793 0.4557924 0.0172004
vn -1.9506501 -2.2609575 1.3431425
v -0.0113391 0.4544460 0.0226813
vn -3.3840771 -4.7094908 0.9259062
v -0.0123016 0.4568370 0.0213251
vn -2.9369626 -5.1145844 1.0583801
v -0.0133040 0.4552382 -0.0208130
vn -4.7931581 -3.1660781 2.2837510
v -0.0121155 0.4529345 -0.0225039
vn 2.3315418 -1.8437505 -0.9162747
v -0.0081558 0.4529276 -0.0218629
vn 2.9575591 -2.8969884 2.3899021
v -0.0071896 0.4552955 -0.0189113
vn 2.3064411 4.2455792 -0.4851425
v -0.0098114 0.4588040 0.0199029
vn -2.9768698 3.8457079 -0.2692704
v -0.0078393 0.4593071 0.0182231
vn 3.2279625 4.1676474 3.1025405
v -0.0099031 0.4568681 0.0223602
vn 2.8454673 3.1011252 3.3303924
v -0.0109670 0.4591010 0.0222349
vn -0.6761684 0.0036984 3.7391086
v -0.0123601 0.4580559 0.0233357
vn 0.4526265 -0.0011179 2.5268204
v -0.0098276 0.4558552 0.0241439
vn 3.1430607 3.4800272 4.0074100
v -0.0084356 0.4569702 0.0209335
vn 4.6344867 2.4718871 1.2282908
v -0.0121397 0.4621124 0.0147772
vn 1.3090245 -4.5083265 2.7444794
v -0.0131608 0.4571711 0.0140143
vn 2.2145758 1.7342877 -4.1132393
v -0.0108511 0.4555763 -0.0238141
vn 1.6797137 2.4091480 -3.3339882
v -0.0122200 0.4581195 -0.0232455
vn 2.9855831 2.9054906 -4.1004095
v -0.0094621 0.4552928 -0.0214410
vn -0.4389763 -0.8512964 -0.7279227
v -0.0124707 0.4515708 -0.0247067
vn -2.6155763 -1.1517246 -4.5664101
v -0.0134587 0.4560859 -0.0232397
vn -1.2470033 -4.2673211 4.0993218
v -0.0119021 0.4545203 0.0104059
vn -5.3539777 -1.0421168 1.8318291
v -0.0142739 0.4553660 0.0087797
vn -3.6048970 -1.4017326 1.1872441
v -0.0154703 0.4527635 0.0072008
vn -1.4887004 -4.2114606 2.3186088
v -0.0131174 0.4512673 0.0076935
vn -0.4793804 -5.1499691 2.9227750
v -0.0094605 0.4511282 0.0072176
vn -3.5375328 -4.0845604 -1.2790862
v -0.0151748 0.4572944 0.0110361
vn 2.6974292 1.0869503 -1.9970044
v -0.0066087 0.4568968 -0.0202733
vn 2.0642877 -0.4254993 -5.6372862
v -0.0154161 0.4608859 -0.0221991
vn 4.9095922 1.1870980 -3.3797641
v -0.0132888 0.4607527 -0.0204354
vn 5.6565180 2.0971017 0.7804667
v -0.0123595 0.4600407 -0.0184151
vn 0.8030378 2.0542123 -5.2605157
v -0.0103031 0.4614484 -0.0132623
vn 1.1366034 -2.8922386 -5.2496953
v -0.0105141 0.4562021 -0.0125238
vn 2.9478855 -4.1584454 -2.3108971
v -0.0126882 0.4565859 -0.0142980
vn 4.8775387 1.2479880 -2.1643107
v -0.0117302 0.4603258 -0.0149708
vn -1.1320302 5.0914283 0.7952476
v -0.0138810 0.4619858 -0.0119785
vn -3.8249607 3.2913289 -2.5013611
v -0.0129093 0.4635624 -0.0105358
vn 5.4003644 2.3479981 -0.5007887
v -0.0117615 0.4605301 0.0192489
vn 2.9518020 2.6666698 4.1870151
v -0.0128335 0.4609581 0.0213978
vn -0.6410926 -3.4482276 -3.8404741
v -0.0124247 0.4527608 -0.0107377
vn -2.1385813 -3.3787200 -2.0065622
v -0.0143460 0.4511801 -0.0085860
vn -5.1169934 -0.5234619 -1.8466597
v -0.0152588 0.4530970 -0.0083420
vn -3.8219767 -2.7000120 -3.3702486
v -0.0138906 0.4544352 -0.0106723
vn -0.2726738 -5.1568346 -2.6168673
v -0.0108576 0.4508311 -0.0081818
vn 1.6706984 4.6794195 -2.1619711
v -0.0084316 0.4667335 0.0082547
vn 1.8810683 4.7577133 -3.4821563
v -0.0093768 0.4646880 0.0061573
vn -2.4107735 4.0421996 -1.4336934
v -0.0119543 0.4655723 0.0064546
vn 0.5944942 4.1199975 0.8617309
v -0.0085049 0.4667490 -0.0093359
vn 1.3778840 4.2732253 4.3047786
v -0.0095589 0.4649195 -0.0078825
vn -0.8874990 3.4143212 -3.9010999
v -0.0092156 0.4655278 -0.0116949
vn -1.8350033 3.3228679 0.0187689
v -0.0120449 0.4662693 -0.0088138
vn -5.1386671 -1.0397723 -0.1105163
v -0.0153978 0.4530910 0.0036014
vn -2.6230664 -5.0807438 0.1241006
v -0.0135673 0.4510535 0.0034508
vn -1.2090975 -6.1053205 0.4699854
v -0.0101520 0.4508041 0.0032350
vn 4.7785382 -1.1571023 2.4108212
v -0.0121799 0.4579868 -0.0172090
vn 5.7098293 0.2800024 -1.4287378
v -0.0132685 0.4642372 -0.0207482
vn 5.6963534 1.7206296 1.3785412
v -0.0138296 0.4634205 -0.0170091
vn 1.3568150 -5.5961890 1.5574255
v -0.0142404 0.4562517 -0.0172924
vn -2.0845101 -5.3643775 -0.1477029
v -0.0149465 0.4560543 -0.0126496
vn 0.5136428 -5.8115945 1.3600903
v -0.0180425 0.4569060 -0.0146568
vn -0.8877926 5.1109743 -1.0927988
v -0.0138893 0.4632236 0.0117179
vn 1.3942777 3.9976373 -3.9319067
v -0.0167910 0.4639773 0.0120466
vn 3.1268864 3.2703295 -3.6119094
v -0.0141667 0.4652346 0.0154278
vn 5.8597507 0.7077644 -0.9553429
v -0.0131068 0.4639811 0.0177496
vn 5.9498591 0.2830538 -0.6637117
v -0.0120653 0.4611541 0.0171549
vn -5.9743638 1.1989182 0.5596417
v -0.0135782 0.4576716 -0.0041488
vn -6.1421137 0.5202252 1.1844511
v -0.0138953 0.4586735 -0.0061865
vn -6.1266470 0.4651335 0.4451191
v -0.0146420 0.4562677 -0.0083048
vn -6.0442448 1.5165540 0.4530382
v -0.0148881 0.4546560 -0.0055188
vn -6.0136294 1.7084173 0.1778055
v -0.0131227 0.4599914 -0.0009151
vn -5.8905621 1.6026474 1.1526268
v -0.0133655 0.4612613 -0.0042217
vn -6.0272498 1.7598500 -0.0579900
v -0.0141161 0.4561533 -0.0007401
vn 5.6287203 -0.5285774 -1.7440696
v -0.0123194 0.4660856 0.0183002
vn 2.0057943 2.5608673 -2.5111365
v -0.0128977 0.4678380 0.0173207
vn 1.7126669 2.6785319 -0.2893368
v -0.0123950 0.4691758 0.0199612
vn 5.7984056 -0.6325825 0.5160812
v -0.0120845 0.4662578 0.0201177
vn 5.9549174 -0.0716366 1.0245640
v -0.0129657 0.4636011 0.0195982
vn -6.0696263 1.3381552 -0.4315538
v -0.0138825 0.4572972 0.0047412
vn -6.0185432 1.5388734 -0.8148041
v -0.0131132 0.4611835 0.0034827
vn -5.0608764 1.4309387 -2.7165546
v -0.0145701 0.4602973 0.0092820
vn -5.4549747 2.4688692 -0.2246445
v -0.0134088 0.4632999 0.0073826
vn -5.0577164 -1.3428913 0.2855583
v -0.0152052 0.4526821 -0.0008389
vn 0.7887598 -5.6107230 1.0000789
v -0.0148804 0.4572829 0.0205053
vn 0.9566634 -0.8103788 5.8790145
v -0.0155455 0.4592219 0.0222789
vn 0.8357610 -1.5971768 1.6885300
v -0.0197050 0.4537373 0.0237760
vn 2.4152696 -5.2898407 -2.0022466
v -0.0190531 0.4556279 0.0208451
vn 1.3825033 -3.1007793 -3.6761816
v -0.0121494 0.4574810 0.0183050
vn -0.2879662 -5.7601824 -1.8135829
v -0.0152732 0.4556586 -0.0214850
vn 0.5433611 -1.4966482 -5.6555781
v -0.0169156 0.4562908 -0.0218566
vn 2.6934483 -4.9700756 -0.3694866
v -0.0169389 0.4548862 -0.0207484
vn 1.8347260 -0.8174307 -3.1627765
v -0.0184308 0.4543985 -0.0231168
vn -3.6842041 -2.5020230 0.1026939
v -0.0153788 0.4514189 -0.0048715
vn 0.4142883 -4.5265183 -3.5040050
v -0.0175959 0.4576195 0.0118851
vn -0.1899008 0.1695039 -5.8914795
v -0.0173427 0.4603889 0.0110358
vn -5.1584988 1.8680906 2.3387663
v -0.0145118 0.4599154 -0.0096526
vn -0.3563644 0.5784895 5.8711128
v -0.0175661 0.4595889 -0.0115050
vn 0.4922168 -4.2345676 3.7057252
v -0.0181897 0.4574423 -0.0119401
vn -4.3852177 -2.4260623 3.0544178
v -0.0154344 0.4574469 -0.0107602
vn 4.6609678 -1.1925271 3.5852377
v -0.0137609 0.4633783 0.0212976
vn 2.9667311 -2.1074893 4.9798622
v -0.0152701 0.4629254 0.0225267
vn -1.0525529 -0.5105791 5.6541042
v -0.0182276 0.4621096 0.0232055
vn -1.2555399 0.8542121 5.9725571
v -0.0197404 0.4588924 0.0222799
vn 3.1649919 -2.0174387 4.4453030
v -0.0142615 0.4649253 0.0234224
vn 4.9036970 -1.4488034 2.8621881
v -0.0128641 0.4658095 0.0223373
vn 1.0249619 1.8202379 1.8000671
v -0.0131018 0.4686438 0.0231816
vn -0.6891355 -0.1910317 4.0732794
v -0.0162707 0.4647958 0.0243033
vn -1.1303842 1.5795338 5.8296108
v -0.0211524 0.4560719 0.0230939
vn 3.0697858 -0.2376391 -4.5756307
v -0.0147186 0.4639377 -0.0230058
vn -0.4437578 1.0991247 -4.5798330
v -0.0164182 0.4645764 -0.0236053
vn 1.4247510 2.0809832 -0.7741776
v -0.0134392 0.4676615 -0.0209711
vn -1.0338553 -0.2514070 -5.4897408
v -0.0184837 0.4614418 -0.0231865
vn -3.1385643 3.5645652 3.0798054
v -0.0165199 0.4666848 0.0230465
vn -3.1791089 5.2329516 1.0195832
v -0.0155015 0.4677860 0.0216064
vn -3.6428170 2.2718229 3.1930747
v -0.0198697 0.4637234 0.0221833
vn -3.8529983 4.8255086 0.4536040
v -0.0177115 0.4663738 0.0202289
vn 2.5269685 -4.0893054 2.9383311
v -0.0217615 0.4563308 -0.0111021
vn 1.6680872 -5.6986599 1.4049525
v -0.0234181 0.4555131 -0.0132530
vn -1.2853650 -4.0390859 1.1210793
v -0.0246387 0.4535157 -0.0160694
vn 2.1847558 -5.2411718 2.3472662
v -0.0200132 0.4552429 -0.0178081
vn -2.3642313 5.4776855 -0.6392316
v -0.0147546 0.4683902 0.0198612
vn -2.4726851 5.3751068 -1.4269081
v -0.0158069 0.4675269 0.0182442
vn -2.1523433 3.7985125 -2.7398877
v -0.0168622 0.4659613 -0.0224877
vn -3.0012584 5.4178925 0.1298216
v -0.0162543 0.4664688 -0.0203347
vn -3.4222400 2.9498641 -3.5910180
v -0.0198012 0.4631302 -0.0220008
vn -3.7849774 4.8903408 -0.3916617
v -0.0181435 0.4651891 -0.0205394
vn 0.3792875 -3.6901834 -0.8922628
v -0.0221184 0.4508282 -0.0221688
vn 3.0075150 -4.1470642 0.6099731
v -0.0201857 0.4520210 -0.0215170
vn 1.6644526 -4.4339948 3.9834383
v -0.0225035 0.4524783 -0.0195393
vn 0.6882768 -5.2523222 1.1098933
v -0.0233260 0.4511068 -0.0210490
vn -1.9855785 -0.6667153 -4.2547102
v -0.0238019 0.4523847 -0.0229865
vn 0.9777922 -0.9854236 -3.9273422
v -0.0206390 0.4529714 -0.0236494
vn -3.7008281 4.9329176 -0.2690305
v -0.0194457 0.4643499 -0.0191180
vn -3.1859722 5.3785334 0.5094669
v -0.0167005 0.4657180 -0.0175488
vn -3.7594838 1.4313147 -2.6212025
v -0.0221735 0.4612990 -0.0211768
vn -3.9820299 2.5528600 3.3870673
v -0.0225631 0.4600332 0.0208798
vn -3.2271891 0.8515241 4.1218896
v -0.0239983 0.4553409 0.0225307
vn -0.3823290 -2.0085535 1.2047895
v -0.0230493 0.4522187 0.0228456
vn -1.8525219 2.6507144 -5.2115264
v -0.0220964 0.4550625 -0.0224874
vn -1.4177210 2.1465168 -5.5939131
v -0.0209353 0.4564243 -0.0220766
vn -4.5749798 1.7836695 -2.4183729
v -0.0250588 0.4558131 -0.0201343
vn -4.6026630 2.5216131 -2.9918511
v -0.0235602 0.4586789 -0.0193803
vn -4.4967504 -0.8696805 1.5202377
v -0.0259447 0.4546740 0.0195962
vn -0.1416752 -5.0150118 -1.1284125
v -0.0236764 0.4529237 0.0198475
vn 3.4496598 -3.5465922 3.1653786
v -0.0253879 0.4550754 -0.0089978
vn -0.1300678 -3.0693054 -0.9189904
v -0.0281384 0.4525167 -0.0102017
vn -2.5264015 -1.8284130 1.7790550
v -0.0255665 0.4523197 -0.0188989
vn -1.0017924 -1.2728757 -0.4634712
v -0.0257184 0.4504541 -0.0215935
vn 0.6130819 -5.5034585 -0.5368180
v -0.0238198 0.4545455 0.0120270
vn 2.5340190 -5.6359925 -1.0124867
v -0.0203676 0.4560001 0.0139006
vn 2.4776864 -5.6959100 -0.7714012
v -0.0199761 0.4559096 0.0173561
vn 1.5854993 -5.8277016 -1.3109064
v -0.0234468 0.4543686 0.0166043
vn 3.7185585 -3.1924429 -3.1455436
v -0.0228210 0.4559653 0.0092216
vn 2.9683435 -3.7358799 -3.4130442
v -0.0202039 0.4569346 0.0111700
vn -2.9220893 -1.4450483 -0.2416812
v -0.0268389 0.4545608 0.0157774
vn -5.2152290 -1.6166581 0.8094705
v -0.0257676 0.4558679 0.0118908
vn -4.2206392 4.4108152 0.4867946
v -0.0198709 0.4647707 0.0184105
vn -4.5604630 4.1691427 0.8527811
v -0.0214925 0.4632469 0.0160814
vn -5.2247567 2.7630064 1.1786174
v -0.0247246 0.4586496 0.0180374
vn -5.0412545 2.9055378 -2.2158661
v -0.0254411 0.4583314 -0.0155128
vn -4.3371544 4.0857673 -1.9046469
v -0.0232666 0.4614958 -0.0146489
vn -4.2129025 4.4911265 -0.7029365
v -0.0212891 0.4628702 -0.0171872
vn -5.4533949 0.0175579 -2.0223687
v -0.0260895 0.4562517 -0.0160366
vn 1.8766382 -4.6572466 0.0886731
v -0.0348519 0.4513948 0.0023588
vn 4.6343594 -2.3560448 -3.3949370
v -0.0332236 0.4541745 0.0017015
vn 3.6180053 -2.2553198 -4.5973306
v -0.0303663 0.4544043 0.0041950
vn 0.4654033 -2.6076956 0.2214953
v -0.0310346 0.4517182 0.0051656
vn -1.0560176 -2.0936744 4.4857306
v -0.0355580 0.4527195 0.0045729
vn -0.7456130 -2.2258258 4.9689126
v -0.0393873 0.4518936 0.0032613
vn 0.6602292 -5.2765594 0.9660286
v -0.0391741 0.4505281 0.0015898
vn 0.6840765 -6.0014563 -0.0973036
v -0.0392364 0.4513493 -0.0009056
vn 2.6521909 -5.3213654 -0.0148813
v -0.0359695 0.4516862 -0.0007566
vn 5.3725200 -2.2373948 0.4748702
v -0.0344707 0.4540173 -0.0009332
vn -3.0584679 3.9630737 3.2854168
v -0.0347010 0.4602099 0.0019459
vn 0.3144535 2.3036571 -0.2388585
v -0.0318899 0.4630649 0.0011734
vn 0.6965785 2.2818077 0.4221812
v -0.0323282 0.4632051 -0.0017492
vn -3.3241959 4.6752262 -1.2948883
v -0.0352624 0.4609980 -0.0026656
vn -3.3596888 2.9864748 4.3289466
v -0.0309538 0.4602116 0.0045724
vn -0.7013816 4.8960538 1.0756381
v -0.0296705 0.4623441 0.0035128
vn -2.4309328 2.0482690 5.3902693
v -0.0352740 0.4561658 0.0038005
vn -3.2960320 1.6041585 5.0584507
v -0.0317040 0.4569353 0.0056130
vn 2.1931791 -5.6556301 1.0143156
v -0.0359624 0.4514380 -0.0024499
vn -0.1418040 -4.1981702 -1.7098726
v -0.0388426 0.4505890 -0.0034343
vn 4.0817409 -3.2718961 2.9208705
v -0.0332587 0.4531089 -0.0034890
vn 0.2855809 -3.9559438 -1.7102070
v -0.0348265 0.4514439 -0.0052214
vn -3.1718030 4.0483937 -3.0804517
v -0.0321028 0.4616425 -0.0058301
vn -3.4187486 2.3003833 -4.5476894
v -0.0327895 0.4589414 -0.0072930
vn -3.2493930 2.7577932 -4.3303347
v -0.0361551 0.4581176 -0.0051870
vn -2.5957501 3.3228405 -4.5913653
v -0.0396077 0.4569573 -0.0032596
vn -2.0773330 5.1078882 -1.1438677
v -0.0393682 0.4590333 -0.0013550
vn 0.5768388 2.8999896 1.2908318
v -0.0306674 0.4630487 -0.0041347
vn -0.6305468 2.9673309 5.3256950
v -0.0459221 0.4563370 0.0013814
vn -1.1262109 3.6663587 4.5582156
v -0.0430841 0.4570971 0.0014159
vn -1.1720026 4.8891153 -0.4881461
v -0.0433256 0.4582630 -0.0005349
vn -1.6350226 3.2845993 0.6408651
v -0.0470674 0.4577759 0.0002397
vn -0.5697926 1.4547381 6.0747089
v -0.0466006 0.4541230 0.0019511
vn -0.8305657 1.2799722 6.0618315
v -0.0431799 0.4542711 0.0023763
vn -2.8955035 2.3581152 1.9022818
v -0.0490271 0.4553338 0.0013320
vn -2.3261914 3.1639590 -3.7934518
v -0.0468875 0.4566382 -0.0015722
vn -1.3337620 3.3302205 -5.0805249
v -0.0435453 0.4564945 -0.0021793
vn -1.5249348 1.2976522 -5.8954773
v -0.0439957 0.4547095 -0.0028164
vn -3.1187875 2.4933624 -3.5796719
v -0.0485795 0.4545579 -0.0017622
vn -1.3242350 0.3908244 -6.1157117
v -0.0440094 0.4528834 -0.0029320
vn -0.5005593 -3.0452690 -1.9813218
v -0.0435879 0.4505340 -0.0030586
vn -0.1833542 -2.8849759 -3.1578164
v -0.0472919 0.4508058 -0.0026989
vn -1.1506958 1.2299076 -5.9522834
v -0.0478258 0.4525115 -0.0025187
vn -1.0557820 -2.5510092 -3.4244709
v -0.0497831 0.4505984 -0.0023138
vn 0.8601562 -5.8674774 -1.5711200
v -0.0468567 0.4507871 -0.0007323
vn 0.8474354 -5.8639131 -2.0128458
v -0.0491468 0.4501408 -0.0005839
vn -2.4244370 -1.5653799 -0.8140281
v -0.0515695 0.4501736 -0.0009098
vn -1.0982226 -2.8083403 1.4969474
v -0.0501389 0.4494116 0.0013528
vn -2.3521121 0.5813279 3.0256054
v -0.0503599 0.4522318 0.0023270
vn -3.7655990 2.0478749 -1.3497484
v -0.0511629 0.4524046 -0.0010956
vn 0.3878900 -4.2600770 1.7433574
v -0.0468175 0.4498519 0.0013995
vn -0.2362330 -1.2742814 5.8389359
v -0.0469158 0.4515827 0.0023024
vn 0.1916659 -4.8511357 0.8181149
v -0.0430746 0.4500582 0.0012595
vn -0.4767740 -2.0185246 5.3013897
v -0.0432495 0.4514887 0.0026267
vn -1.4807206 1.7158384 5.8204021
v -0.0392291 0.4550296 0.0028664
vn -1.5698599 4.2069106 3.8346491
v -0.0391594 0.4582033 0.0014200
vn 0.2395600 -5.6500216 -0.6620726
v -0.0431677 0.4512966 -0.0008915
vn -1.7604196 -0.8366429 -5.8911219
v -0.0396676 0.4531049 -0.0041792
vn -2.3770037 1.2683394 -5.6010237
v -0.0397915 0.4551609 -0.0040485
vn -3.0273361 0.5273947 -5.4519405
v -0.0360704 0.4559214 -0.0057345
vn -2.6324117 -1.2687317 -5.4966359
v -0.0357792 0.4537595 -0.0058030
vn -3.4140654 0.5373122 -5.1906395
v -0.0327851 0.4566999 -0.0078278
vn -3.1617036 -1.2237478 -5.2159405
v -0.0324363 0.4545666 -0.0079323
vn -0.1324126 -3.6847706 -1.3366797
v -0.0314098 0.4521690 -0.0075207
vn -4.3216724 -0.8928718 -4.3769150
v -0.0292910 0.4554383 -0.0101324
vn 3.1847458 -3.3592477 3.4207318
v -0.0299033 0.4534715 -0.0062894
vn 3.2386398 -0.8441569 5.1669803
v -0.0246571 0.4580741 -0.0082803
vn 3.4148357 -1.0931673 5.1464434
v -0.0291202 0.4568606 -0.0060294
vn 4.4093809 -1.0920796 4.2093906
v -0.0321393 0.4570254 -0.0037499
vn 5.1653376 -1.1807086 0.4372600
v -0.0338827 0.4573845 -0.0011962
vn 3.6100807 -0.7173735 5.0637527
v -0.0273618 0.4612056 -0.0062673
vn 4.2123880 -0.7484302 4.5291033
v -0.0311018 0.4603567 -0.0038454
vn 5.4961491 -1.1220859 0.9180551
v -0.0329136 0.4605912 -0.0014258
vn 4.4715829 -0.6799440 -3.7562718
v -0.0320975 0.4605757 0.0011612
vn 4.6437173 -1.4100416 -3.7019796
v -0.0326261 0.4574347 0.0013278
vn 3.5164807 -1.7952228 -4.8847327
v -0.0297791 0.4575132 0.0034611
vn 2.8639393 1.2819517 -4.3728271
v -0.0282109 0.4615218 0.0031080
vn 3.7829812 0.7924294 -4.6386147
v -0.0253861 0.4618169 0.0054948
vn 3.8225448 -1.3504198 -4.7691588
v -0.0256326 0.4587873 0.0058740
vn -0.1821593 3.2092898 -0.6966190
v -0.0259713 0.4635517 0.0060222
vn -0.2186794 3.7231278 -0.3388740
v -0.0235065 0.4640405 0.0087118
vn 3.6821308 1.4629593 -4.2157655
v -0.0226141 0.4623550 0.0078237
vn -4.0635800 2.9885201 3.6937025
v -0.0269111 0.4614731 0.0071639
vn -4.6487465 3.2774897 2.5368049
v -0.0245744 0.4618090 0.0100984
vn -4.6191359 4.0000477 1.3839874
v -0.0229354 0.4623114 0.0132793
vn -1.2378521 4.8994308 -0.9877455
v -0.0213261 0.4643339 0.0113572
vn -4.2806134 1.5429389 4.2625475
v -0.0275703 0.4585107 0.0080910
vn -5.5806851 1.6342707 2.1341016
v -0.0253327 0.4588122 0.0111276
vn -5.4941082 2.8520694 0.7591063
v -0.0245648 0.4593174 0.0149013
vn -3.9901447 -0.9345003 4.5507283
v -0.0276050 0.4554935 0.0084886
vn -2.4866238 -1.3518057 5.1529064
v -0.0318117 0.4537326 0.0060759
vn 0.3256844 -2.9869852 0.2502322
v -0.0267171 0.4531694 0.0079405
vn 3.5653272 -2.3253965 -4.4873447
v -0.0259189 0.4556756 0.0066685
vn 4.0605407 -1.1317782 -4.6495895
v -0.0228179 0.4592520 0.0082168
vn 2.9591000 -1.0757678 -5.3133554
v -0.0202587 0.4599237 0.0103081
vn 2.3438039 2.3806174 -4.6640434
v -0.0200442 0.4629525 0.0100457
vn -1.3695902 5.4493828 -1.1320556
v -0.0192779 0.4651509 0.0138319
vn -1.4651418 5.2357359 -2.0864267
v -0.0171955 0.4662808 0.0161568
vn 0.4536127 2.2463737 1.1760274
v -0.0268685 0.4639502 -0.0064448
vn 3.5039058 -0.1240151 5.2029405
v -0.0242869 0.4612656 -0.0085460
vn 1.2393913 2.9262323 1.6469854
v -0.0238965 0.4638891 -0.0087975
vn -2.5449080 4.7542934 -2.7125084
v -0.0248691 0.4631396 -0.0105176
vn -3.1705375 3.8899550 -3.6811943
v -0.0290548 0.4616697 -0.0079911
vn -3.8766172 3.3378022 -3.5898077
v -0.0257824 0.4609803 -0.0118893
vn -3.7645354 2.2813392 -4.4355578
v -0.0295960 0.4592788 -0.0092219
vn -4.7409725 1.8993173 -3.5851989
v -0.0273838 0.4577537 -0.0123681
vn -4.1717811 0.8716348 -4.5493288
v -0.0296190 0.4573682 -0.0097810
vn -3.9789951 -1.7829652 -3.2061315
v -0.0274009 0.4557690 -0.0129529
vn -2.7689059 5.3658934 -1.4365907
v -0.0218564 0.4633181 -0.0128825
vn 0.6477339 3.7940388 2.5861185
v -0.0208135 0.4638636 -0.0111217
vn 0.1043787 3.7495241 2.4715886
v -0.0172586 0.4653781 -0.0131498
vn -2.9366844 5.5083380 -0.3154930
v -0.0189449 0.4643301 -0.0150203
vn 1.4146525 2.4075921 1.1214975
v -0.0140087 0.4672444 -0.0166124
vn 1.9796736 2.7209973 5.0036860
v -0.0162767 0.4627746 -0.0124295
vn 2.5303879 0.7478814 5.6620774
v -0.0207105 0.4617020 -0.0106231
vn 2.6627541 -0.9941820 5.5535374
v -0.0212632 0.4588514 -0.0105178
vn 1.3451300 -6.0560040 -0.5072665
v -0.0171870 0.4570971 0.0144830
vn 1.7952508 -5.8771858 -0.5408723
v -0.0164367 0.4573787 0.0174702
vn -1.9785116 -0.6225495 -5.7800169
v -0.0197994 0.4587006 -0.0221300
vn -5.7978010 1.9459214 0.5462525
v -0.0136689 0.4625596 -0.0073168
vn -2.9942234 4.3514657 1.6659071
v -0.0121193 0.4633780 -0.0032096
vn -2.3303509 3.7132988 1.8119876
v -0.0125698 0.4645945 -0.0059697
vn 1.6128910 5.8955989 0.2497043
v -0.0095243 0.4632865 -0.0028868
vn 2.3716292 5.2052312 1.7440524
v -0.0100117 0.4634290 -0.0057244
vn 2.0423810 5.8340292 -0.4476732
v -0.0062488 0.4616163 -0.0025224
vn 2.1312914 5.2463765 1.4808252
v -0.0068256 0.4617559 -0.0054194
vn 2.0048652 5.9106321 -0.5275834
v -0.0024141 0.4607557 -0.0023967
vn 2.5116820 5.6267424 0.3677551
v -0.0034322 0.4607840 -0.0054094
vn 3.9313753 1.7898433 -0.8434406
v 0.0006349 0.4595014 -0.0025220
vn 2.3107347 5.7882476 0.0121891
v -0.0021950 0.4609010 0.0008813
vn 4.0876803 1.6928582 0.6331717
v 0.0006887 0.4594760 0.0013714
vn 5.9413109 -1.4295909 1.2046987
v -0.0003320 0.4560358 0.0015340
vn 5.8876724 -1.2741567 -0.9929491
v -0.0000744 0.4560720 -0.0021870
vn 6.1004515 -1.0570822 0.9101810
v -0.0011872 0.4523257 0.0018905
vn 6.0218577 -1.3523612 -0.6850098
v -0.0009713 0.4523750 -0.0019492
vn 3.5701585 -3.5709713 -0.7279428
v -0.0017488 0.4490892 -0.0018215
vn 4.3420773 1.4666398 1.7072020
v -0.0005737 0.4595453 0.0049498
vn 2.7696865 5.5630589 -0.4029036
v -0.0029027 0.4611403 0.0040435
vn 1.9897279 5.9366221 -0.2807637
v -0.0058951 0.4619573 0.0004668
vn 2.0640912 5.5971889 -0.9625658
v -0.0063946 0.4619665 0.0034859
vn 0.9138381 5.9011288 -0.2169760
v -0.0092067 0.4633696 0.0001197
vn 1.6649876 5.7721329 -1.5382462
v -0.0095612 0.4634663 0.0031905
vn -3.2252135 4.7347612 -0.2158323
v -0.0117652 0.4629159 -0.0002198
vn -2.6415071 4.0943027 -1.6974169
v -0.0120780 0.4637510 0.0029296
vn -1.1226470 -6.1033988 -0.2465506
v -0.0122717 0.4506198 -0.0047022
vn -2.2134366 -5.6864715 0.4587033
v -0.0130414 0.4509988 -0.0008345
vn 3.2240891 -4.4168172 -1.0378838
v -0.0132164 0.4579940 0.0168882
vn 1.8930032 -4.1805243 1.5936410
v -0.0067853 0.4574518 -0.0164881
vn 2.1436923 -3.8423009 -1.2276344
v -0.0064424 0.4574592 -0.0139199
vn 1.2299161 1.9608860 2.7027655
v -0.0061857 0.4593443 0.0195442
vn 2.5660591 -1.6519535 1.3155361
v -0.0073806 0.4547199 0.0215428
vn 4.5174041 -1.8433688 1.2642531
v -0.0056444 0.4570926 0.0185718
vn 6.1768103 -1.0162761 -0.1898074
v -0.0054325 0.4595822 0.0156708
vn 1.3454994 -3.3828773 -0.9167002
v -0.0060006 0.4576379 0.0150602
vn -5.6794004 -1.3379153 -0.5028875
v -0.0067976 0.4585114 0.0154117
vn -1.3601937 -2.5927734 -4.8513737
v -0.0084321 0.4574814 -0.0130658
vn 3.1999931 -4.2618246 -2.7153094
v -0.0071139 0.4567672 -0.0118290
vn -1.2943060 0.9821330 -5.7076955
v -0.0084267 0.4607180 -0.0129401
vn -0.6783574 1.4288384 -5.7472119
v -0.0080832 0.4627988 -0.0127090
vn 4.1986737 -2.7422981 -3.7832031
v -0.0042901 0.4599208 -0.0105755
vn 4.6089249 -2.8088427 -2.8663909
v -0.0054432 0.4584497 -0.0107016
vn -1.9317138 1.6554184 -4.2337017
v -0.0498445 0.4519827 -0.0023846
vn 3.9774218 -0.7945855 2.9653630
v -0.0227015 0.4084647 0.0121759
vn 4.8704700 -2.7102158 1.9033604
v -0.0223494 0.4066199 0.0091966
vn 5.3798528 -1.4733448 2.5799532
v -0.0216292 0.4097999 0.0080855
vn 4.7694950 -0.4001089 3.7511399
v -0.0237689 0.4120518 0.0118081
vn 0.4940925 -2.7986968 3.8555765
v -0.0250024 0.4074607 0.0132383
vn 0.1014616 -4.1202135 1.7383469
v -0.0245478 0.4048141 0.0097895
vn 3.6910486 -1.2076048 -4.6826401
v -0.0234132 0.4109441 -0.0095342
vn 3.9445338 -1.5038242 -4.5264525
v -0.0212385 0.4139598 -0.0085378
vn 4.9235096 -2.2913284 -2.7833598
v -0.0190819 0.4119757 -0.0049331
vn 5.0471225 -2.4045115 -2.7932451
v -0.0210155 0.4090352 -0.0048160
vn 4.0417023 -3.5172889 -1.8935261
v -0.0221370 0.4054789 -0.0048382
vn 2.0983870 -2.0567660 -2.4038663
v -0.0233866 0.4058974 -0.0094626
vn -1.1521420 -2.2590938 -3.1645026
v -0.0276608 0.4070508 -0.0107040
vn -0.2228265 -1.5777634 -5.6958370
v -0.0273346 0.4107276 -0.0109659
vn 3.8832221 -1.5696172 -4.4187088
v -0.0261195 0.4148963 -0.0121122
vn 3.0287051 -1.1840477 -5.2830558
v -0.0238752 0.4168658 -0.0105905
vn -0.2362014 -3.8661115 -4.3544598
v -0.0280952 0.4136868 -0.0124761
vn -1.1595587 -5.3406343 -1.1333375
v -0.0253620 0.4050361 -0.0073252
vn -0.4403274 -5.1703391 -0.7219462
v -0.0243378 0.4042356 -0.0042096
vn -3.5313582 -5.1915240 0.0910137
v -0.0268220 0.4060026 -0.0035379
vn -3.7584867 -5.0215015 -0.2796907
v -0.0274650 0.4065845 -0.0072555
vn 1.5666605 0.9244812 5.8039942
v -0.0237601 0.4211156 0.0136986
vn 0.0439109 1.8825698 5.4199581
v -0.0238568 0.4226839 0.0134317
vn -2.0137973 3.8502636 3.9595973
v -0.0260242 0.4229583 0.0128086
vn 0.7766716 2.4935722 5.2512054
v -0.0259264 0.4203754 0.0145255
vn 3.2445278 0.8288137 1.1384481
v -0.0213623 0.4208823 0.0127550
vn 1.4099278 1.1587954 0.2582226
v -0.0220233 0.4241045 0.0125728
vn 3.8275621 -0.6357063 4.8595037
v -0.0234378 0.4177704 0.0133835
vn 3.3967350 1.0515043 -5.1536179
v -0.0231405 0.4229786 0.0117597
vn 3.7440915 2.9079542 -3.9993947
v -0.0230142 0.4208869 0.0110935
vn 3.5073051 2.9679780 -3.9874923
v -0.0249101 0.4217576 0.0102090
vn 3.0675645 1.0867908 -5.3161230
v -0.0242090 0.4233874 0.0112404
vn 0.2624634 1.7996434 -0.3984779
v -0.0243191 0.4253114 0.0113333
vn 2.7462118 4.1418934 0.2763745
v -0.0239309 0.4222827 -0.0099370
vn 1.4127799 3.1502798 -3.5258167
v -0.0241520 0.4218473 -0.0112720
vn -1.3083581 4.7515965 -1.7828183
v -0.0276062 0.4226738 -0.0099486
vn 1.4742614 4.6742458 0.7517102
v -0.0255486 0.4229273 -0.0087381
vn 4.2383385 3.6973569 2.7318115
v -0.0231472 0.4202589 -0.0090575
vn 2.7987468 0.9942321 -1.8077078
v -0.0216044 0.4196770 -0.0108274
vn 4.1598434 3.6534903 2.9109364
v -0.0245666 0.4210788 -0.0080476
vn 1.3555974 2.3236985 1.8191291
v -0.0264783 0.4156275 0.0179624
vn 5.4291811 -1.2356521 2.8963943
v -0.0256574 0.4141819 0.0156188
vn 4.9834547 -0.5647516 3.6853085
v -0.0248095 0.4155096 0.0143218
vn 1.2769036 2.1306336 4.6584120
v -0.0264415 0.4175997 0.0161326
vn 2.1893277 2.2570710 -4.0500002
v -0.0269746 0.4174435 -0.0135285
vn 1.2849417 1.3047062 -5.6515942
v -0.0259480 0.4194700 -0.0121196
vn -3.0403731 -1.7433412 -1.7774717
v -0.0282922 0.4151409 -0.0149738
vn 2.4257569 -2.3585453 -0.3937517
v -0.0271747 0.4148642 -0.0155608
vn 0.6201646 3.0677464 -1.0997180
v -0.0275305 0.4160060 -0.0156894
vn -0.5293499 4.3198738 -1.2444417
v -0.0268983 0.4234848 0.0096650
vn 4.2241998 4.2111273 1.3828177
v -0.0247279 0.4201427 -0.0063545
vn 3.6540475 4.7218032 1.2986917
v -0.0222539 0.4181867 -0.0070389
vn 0.9897488 5.1842613 1.0910408
v -0.0267548 0.4225419 -0.0065346
vn -4.9867439 -1.0901735 2.4119623
v -0.0280758 0.4144089 0.0163999
vn 0.7937176 0.0182859 5.4491396
v -0.0294293 0.4174485 0.0154604
vn -0.4395176 1.2756451 -5.5860047
v -0.0294832 0.4174955 -0.0130439
vn -3.0646949 -3.6329255 -3.8836493
v -0.0311376 0.4150439 -0.0115247
vn 0.4977828 4.3232117 -3.8837919
v -0.0293919 0.4204196 -0.0114857
vn 3.5180953 -1.3420584 -4.3118820
v -0.0317055 0.4190222 -0.0140687
vn 4.5558472 3.4391711 -1.1906682
v -0.0315089 0.4211024 -0.0127452
vn -0.7882798 -5.0472345 -2.4819667
v -0.0343745 0.4173869 -0.0137653
vn 1.4125323 4.7464256 1.7717530
v -0.0300377 0.4205134 0.0135154
vn -3.0005989 5.2445474 0.9288164
v -0.0287866 0.4213990 0.0113512
vn 4.4564781 0.4588000 -3.9958801
v -0.0322478 0.4243066 0.0150438
vn 5.8422761 -1.0122347 0.1296202
v -0.0314552 0.4215361 0.0180746
vn 0.9771912 -4.0152364 3.5956187
v -0.0322223 0.4178151 0.0173275
vn -2.2311468 -2.8147755 4.9432063
v -0.0307529 0.4141287 0.0138543
vn -1.8874447 -2.4402828 5.2616100
v -0.0280155 0.4119246 0.0138410
vn 5.4172421 -0.0420865 1.0495349
v -0.0290509 0.4219619 0.0280237
vn 0.4868073 0.6135783 2.5560627
v -0.0304383 0.4227219 0.0307813
vn 0.6899381 -1.8249855 2.4744821
v -0.0307028 0.4179709 0.0294271
vn 6.1003418 -1.0851243 0.1870960
v -0.0297649 0.4193760 0.0267738
vn 5.7602129 0.6646742 0.6363028
v -0.0291150 0.4238445 0.0259290
vn 0.3066329 2.8362496 2.5108795
v -0.0308501 0.4267555 0.0271510
vn 5.9091420 -0.9609594 -1.7238210
v -0.0300889 0.4208688 0.0242561
vn -4.0400190 4.3948097 0.1027270
v -0.0300551 0.4213834 0.0088229
vn -4.2056065 3.9872019 -1.1449337
v -0.0299870 0.4211920 0.0070394
vn -5.4478307 2.6720018 -1.5854435
v -0.0316123 0.4182470 0.0073968
vn -3.9450984 3.4149735 -2.9704587
v -0.0319010 0.4195181 0.0101145
vn 1.3196204 4.8062735 -1.1896191
v -0.0269508 0.4226358 0.0073144
vn 6.0380411 0.4662768 0.3161039
v -0.0298180 0.4171644 0.0249692
vn 0.6313543 -2.6906383 1.5057218
v -0.0304148 0.4158801 0.0264023
vn 1.6388901 -1.6326009 -3.2915919
v -0.0306830 0.4176586 0.0226544
vn -4.9390116 -2.5393260 2.2106969
v -0.0330858 0.4150983 0.0124645
vn -4.8133497 -0.8738305 1.3753321
v -0.0342584 0.4122278 0.0098714
vn -3.3345194 -3.0416417 3.2994804
v -0.0314289 0.4101501 0.0120742
vn -2.0070221 -3.4222314 3.6027339
v -0.0283413 0.4083906 0.0128855
vn -0.8023299 5.1412268 2.3317351
v -0.0318830 0.4208578 -0.0101384
vn -3.2202315 4.4994817 0.6988157
v -0.0305105 0.4215517 -0.0076431
vn 3.0173042 1.5587441 4.6410255
v -0.0335901 0.4222971 -0.0110875
vn -3.5774722 -1.7795899 -4.6475492
v -0.0306290 0.4118563 -0.0093588
vn -5.1526494 0.5824599 -1.2195500
v -0.0340966 0.4132018 -0.0066141
vn -5.1061468 -1.6246146 -0.2088428
v -0.0334785 0.4157445 -0.0093143
vn -3.5875421 -3.3358250 1.9986897
v -0.0349711 0.4173591 -0.0108744
vn 5.2194200 1.1158035 -0.8356395
v -0.0297185 0.4234828 -0.0249760
vn 5.3047237 1.2000061 -1.3585498
v -0.0300079 0.4252083 -0.0228750
vn 6.0203667 -1.1150854 1.3197417
v -0.0306597 0.4225334 -0.0212398
vn 6.1483212 -0.7197307 0.5466466
v -0.0301401 0.4207823 -0.0241622
vn 0.4011582 1.2685496 -2.5376556
v -0.0310415 0.4241154 -0.0273251
vn 0.7814791 3.5434465 -4.1511240
v -0.0319932 0.4263890 -0.0240556
vn 0.9773127 -0.6861182 -2.5484259
v -0.0306317 0.4194626 -0.0275713
vn -3.4324703 1.5618651 4.7742801
v -0.0336577 0.4190561 -0.0098336
vn -5.1848097 1.8314669 2.8746762
v -0.0323165 0.4181131 -0.0078873
vn -5.5583167 2.5582101 1.3614643
v -0.0317390 0.4169984 -0.0048409
vn -4.1649852 3.9031725 1.4447714
v -0.0300031 0.4206543 -0.0039213
vn -4.3789639 -4.2395315 0.0634266
v -0.0320033 0.4170884 0.0255145
vn -4.1038175 -3.5938058 -2.3922067
v -0.0308053 0.4162816 0.0237985
vn 0.1777800 -1.4374925 0.7586244
v -0.0296228 0.4144565 0.0248503
vn 4.2630997 1.6943412 -0.9416423
v -0.0294516 0.4279540 -0.0203068
vn 1.5501845 4.1032343 -0.4717985
v -0.0311208 0.4299812 -0.0189164
vn 0.8947233 4.3811407 1.4332228
v -0.0314042 0.4293553 -0.0158320
vn 4.3543525 0.3313051 1.3703638
v -0.0295508 0.4273070 -0.0159361
vn 5.5683050 -2.2483952 1.5661473
v -0.0307162 0.4249580 -0.0164751
vn 5.9154978 -1.8372049 0.9966807
v -0.0306551 0.4240906 -0.0186604
vn 0.4585013 3.2993116 -2.3146632
v -0.0327054 0.4294598 -0.0225743
vn -1.1639702 5.4695363 0.2289507
v -0.0334366 0.4295822 -0.0202442
vn 5.0985613 0.2217093 2.7727897
v -0.0308945 0.4179900 -0.0221016
vn 3.9439211 -3.0192080 2.7029502
v -0.0316448 0.4198698 -0.0196232
vn -0.7113134 -1.9568987 0.9947050
v -0.0328109 0.4176219 -0.0208156
vn -2.9445639 -1.6614671 2.1674907
v -0.0310327 0.4155993 -0.0213479
vn 2.0752592 4.0807257 1.3356103
v -0.0296772 0.4159833 -0.0210883
vn -1.0354388 -5.1361938 -1.0336385
v -0.0346079 0.4193577 -0.0190469
vn -3.8829589 -4.4938369 1.0755512
v -0.0328716 0.4098606 0.0084181
vn -3.1508224 -5.3169866 1.0527990
v -0.0306262 0.4087604 0.0090222
vn -3.7603245 -4.9246721 0.2016788
v -0.0326756 0.4094713 0.0050111
vn -3.1247439 -5.4393477 0.3152193
v -0.0296173 0.4077771 0.0047297
vn -4.7099714 -0.3787553 -0.0742626
v -0.0347004 0.4115387 0.0050771
vn -2.6625340 -5.6464825 -0.1438543
v -0.0322941 0.4098355 -0.0057279
vn -3.4181209 -5.0675426 -0.1436961
v -0.0299500 0.4087472 -0.0065394
vn -3.3863614 -5.2668514 -0.4181632
v -0.0295024 0.4077858 -0.0030489
vn -3.3414371 -5.2940388 -0.5218102
v -0.0322754 0.4094974 -0.0028711
vn -4.5873475 -1.4866712 0.0227033
v -0.0343980 0.4108357 -0.0026026
vn -3.6382465 -2.4902554 -1.3903366
v -0.0339561 0.4104233 -0.0064193
vn -3.2454941 -2.5884857 -2.6966612
v -0.0310850 0.4092020 -0.0089656
vn -2.5452642 5.6129766 1.1708338
v -0.0300515 0.4282364 0.0229768
vn 1.1493700 1.2276212 0.8021623
v -0.0278774 0.4291327 0.0242704
vn 2.0519693 1.9844569 -0.2507288
v -0.0281527 0.4293630 0.0197422
vn -2.0102608 5.8236461 0.9503498
v -0.0305283 0.4286857 0.0202052
vn -2.4932315 5.5701694 1.4840786
v -0.0314495 0.4273487 0.0238135
vn -3.1165135 5.1484175 1.3579584
v -0.0336248 0.4270879 0.0212600
vn 4.6379838 -1.3490982 -3.4449654
v -0.0300642 0.4265407 0.0163864
vn 0.7141632 1.5616605 -0.9586561
v -0.0298857 0.4300088 0.0157635
vn 5.6679697 -2.0343242 -1.4206524
v -0.0291782 0.4258675 0.0193014
vn 0.0626058 2.3269212 -2.0553994
v -0.0329004 0.4283984 0.0142095
vn 5.3543019 -1.2446035 2.8572845
v -0.0323179 0.4252999 -0.0134802
vn 5.8857074 -0.3672279 1.6487358
v -0.0319681 0.4231056 -0.0147555
vn 5.1178246 -3.0475504 -0.0907152
v -0.0322570 0.4208812 -0.0167469
vn -4.3921237 -2.8970928 -0.8240350
v -0.0325916 0.4173325 -0.0242303
vn 0.9982650 -1.9490218 -1.5116740
v -0.0305663 0.4162800 -0.0251309
vn 0.5182064 -0.7906334 -0.5516604
v -0.0289197 0.4139929 -0.0228317
vn -5.3008261 -2.3356509 -1.7439958
v -0.0332108 0.4202522 -0.0226577
vn 5.5615549 -2.2797105 -1.5221674
v -0.0308209 0.4219173 0.0215980
vn 2.5050225 -4.1712170 -1.1716884
v -0.0321054 0.4190397 0.0205976
vn 5.8332720 -1.5674950 0.1068678
v -0.0288828 0.4252448 0.0229583
vn 1.2532048 -5.2219067 -2.0926433
v -0.0344509 0.4187475 -0.0163058
vn -5.5685501 0.1840778 -2.0078936
v -0.0334607 0.4166996 0.0108286
vn -5.7764225 2.0204067 -1.3601174
v -0.0330342 0.4151843 0.0082274
vn 0.6740680 1.4073955 -5.4336863
v -0.0344662 0.4207421 0.0122374
vn 3.8889790 1.1230481 -4.7488317
v -0.0349955 0.4240153 0.0123133
vn 0.3609933 3.1658278 -2.2886121
v -0.0355980 0.4269414 0.0125914
vn 0.2925966 -1.2904520 5.8148928
v -0.0358685 0.4199946 -0.0105828
vn -5.5257735 2.9141521 0.5734462
v -0.0331652 0.4134494 -0.0022675
vn -5.4644475 2.9514802 0.6544077
v -0.0311981 0.4167275 -0.0015914
vn -2.9529009 5.4206629 1.0274868
v -0.0314312 0.4286647 0.0175055
vn -3.1131992 5.3202558 0.7858151
v -0.0334212 0.4273847 0.0168356
vn -4.4549589 2.2018025 2.9626789
v -0.0343238 0.4243979 0.0254860
vn -4.3953285 0.7590258 3.6054831
v -0.0330037 0.4221311 0.0285576
vn -3.8401816 -1.0020659 -2.9261894
v -0.0328107 0.4193766 -0.0262523
vn -4.9816370 -0.2500161 -3.4393222
v -0.0331859 0.4224485 -0.0252510
vn -5.4897490 -1.9180477 1.7550740
v -0.0342436 0.4207427 0.0251501
vn -4.0533309 -1.8766942 2.3843222
v -0.0333053 0.4190172 0.0279775
vn -2.2739384 -5.4896240 1.6681243
v -0.0350174 0.4181072 0.0157793
vn 0.5717453 -5.8665438 1.4794539
v -0.0386704 0.4189492 0.0157167
vn 1.0778420 -5.3045435 -2.1860130
v -0.0385100 0.4186411 0.0128253
vn -2.0483663 -3.7335670 -3.1274521
v -0.0356705 0.4183311 0.0125417
vn -2.1250679 -5.5565472 1.5106794
v -0.0345529 0.4197785 0.0205746
vn 0.4633525 -5.6552734 1.7995358
v -0.0388226 0.4201705 0.0189580
vn -0.2848628 -5.9780169 -1.2979827
v -0.0376536 0.4184616 -0.0136050
vn 0.0546136 -5.5738001 -1.7053512
v -0.0380068 0.4196697 -0.0160013
vn -0.1901583 -5.2621999 2.5809054
v -0.0371574 0.4185790 -0.0115370
vn -2.7455165 5.5797653 0.8145333
v -0.0365504 0.4259635 0.0158349
vn -2.9827235 5.2780476 1.4936268
v -0.0369587 0.4252684 0.0195734
vn -3.3531430 2.2346158 3.8234735
v -0.0370051 0.4238708 0.0225117
vn -4.4225307 -4.2365456 -0.4688197
v -0.0330070 0.4186452 0.0237351
vn -2.9934759 -3.3248632 3.9089646
v -0.0359884 0.4213071 0.0225030
vn 0.2548471 -3.6090240 4.2122660
v -0.0392183 0.4207270 0.0214130
vn 0.0823713 -4.4166608 -3.6528544
v -0.0384349 0.4199941 -0.0184538
vn -1.4341933 1.1132822 -5.3455000
v -0.0392231 0.4218942 -0.0191208
vn -4.3284631 -1.4749335 -4.0284271
v -0.0359030 0.4226129 -0.0207627
vn -2.8590662 1.9764938 -1.8003179
v -0.0360998 0.4283116 -0.0219939
vn -3.3571675 4.7536354 1.6315119
v -0.0351445 0.4286694 -0.0201970
vn -3.3367174 5.1033297 1.0986488
v -0.0334884 0.4280812 -0.0166826
vn -3.7086267 4.8399386 1.3497043
v -0.0353536 0.4271744 -0.0177119
vn 2.1281598 -2.7586880 -5.0932059
v -0.0380555 0.4207581 0.0113545
vn 3.5620081 0.0723157 -4.7871814
v -0.0374892 0.4235500 0.0103252
vn -4.0682325 0.8203148 -4.3982496
v -0.0344748 0.4253983 -0.0232221
vn -3.1197140 4.4519944 -2.3857973
v -0.0400007 0.4237469 -0.0172390
vn -4.7334666 2.7673464 -1.3751006
v -0.0372153 0.4257720 -0.0189231
vn -3.1773438 5.3774533 0.0659314
v -0.0379168 0.4250171 -0.0157094
vn -3.4872317 5.0981116 0.2060003
v -0.0364527 0.4257850 -0.0145654
vn -2.8264456 5.5310750 -0.5892677
v -0.0407764 0.4238154 -0.0136797
vn -2.5114603 5.3070436 -1.0489833
v -0.0386051 0.4245602 -0.0113569
vn -2.9167590 5.4536614 0.9442657
v -0.0402185 0.4245187 0.0148094
vn -2.5272076 5.3459516 1.6493917
v -0.0401862 0.4240290 0.0191234
vn -4.2969275 4.4965177 0.2452445
v -0.0437171 0.4219381 0.0167051
vn -3.4164777 4.6207809 1.5462999
v -0.0432634 0.4221734 0.0199576
vn 0.6571688 4.1924157 -1.8059866
v -0.0380733 0.4260581 0.0110660
vn -2.8809543 5.1108799 2.0608046
v -0.0423998 0.4243923 0.0111658
vn -4.1160307 4.2451272 1.9120641
v -0.0444804 0.4215629 0.0132417
vn 2.7275023 -4.5884762 2.7457886
v -0.0437523 0.4181764 0.0209527
vn 2.2015691 -4.4749908 3.3475013
v -0.0417894 0.4195357 0.0210310
vn -0.5941519 1.0091336 3.8022251
v -0.0425673 0.4211498 0.0223465
vn -0.8013566 -0.5205915 1.9160717
v -0.0452790 0.4184818 0.0226076
vn -1.9847298 -1.6588025 1.1990896
v -0.0467828 0.4165431 0.0192259
vn 2.3526227 -5.3265433 1.9246782
v -0.0444589 0.4169526 0.0187209
vn 2.8239584 -5.2003198 1.8558140
v -0.0419198 0.4187531 0.0184672
vn 1.4185683 -4.4636664 -3.3985038
v -0.0445059 0.4175526 -0.0179417
vn 1.6744595 -4.8129120 -3.4081769
v -0.0418951 0.4191002 -0.0182338
vn 2.3088717 -5.4806209 -1.9001698
v -0.0416057 0.4184071 -0.0158285
vn 2.2216837 -5.4428854 -2.1419392
v -0.0448919 0.4165738 -0.0157030
vn -1.9046844 -1.3126593 -1.3597767
v -0.0478076 0.4158508 -0.0160283
vn -1.9465005 0.0040104 -2.4877372
v -0.0461462 0.4183402 -0.0186822
vn -0.7140534 0.7044700 -3.4244771
v -0.0427791 0.4205792 -0.0197216
vn 2.4812002 -4.9476528 1.7374175
v -0.0449762 0.4154072 -0.0086053
vn 2.5479341 -5.1613226 2.2299972
v -0.0488762 0.4170038 -0.0037234
vn -0.9823803 -3.3240387 -0.4756911
v -0.0507725 0.4145559 -0.0060909
vn -2.1009746 -3.7456615 -0.8165737
v -0.0485552 0.4145880 -0.0092821
vn 3.5927925 -3.7690134 3.5021114
v -0.0426112 0.4192629 -0.0067384
vn 3.6815147 -4.5376420 2.0037606
v -0.0452306 0.4194790 -0.0033855
vn 2.7035561 -5.2629652 1.5971588
v -0.0405180 0.4178445 -0.0106826
vn 3.0672824 -3.4738631 4.1506267
v -0.0390094 0.4199564 -0.0092111
vn 2.4009211 -5.4500809 -0.9434955
v -0.0447012 0.4154005 -0.0126769
vn 2.3279779 -5.6518903 -1.1412404
v -0.0411697 0.4175762 -0.0131977
vn -1.8222435 -2.6082211 -0.8175886
v -0.0479432 0.4144181 -0.0127015
vn 2.2358644 -5.1640038 -1.5061407
v -0.0452497 0.4157845 0.0104132
vn 2.7420495 -5.0464268 -1.6520022
v -0.0415810 0.4174498 0.0120352
vn 2.7996426 -5.4335155 1.1486778
v -0.0419569 0.4174036 0.0154173
vn 1.4705567 -5.3065448 0.7533997
v -0.0449351 0.4153977 0.0152193
vn -2.6154251 -2.1869473 0.7468358
v -0.0473477 0.4154769 0.0152724
vn -2.5027328 -3.2218759 1.4508567
v -0.0481013 0.4154495 0.0114804
vn -1.1241254 -3.4010754 0.2521239
v -0.0500794 0.4149429 0.0078606
vn 2.7154016 -5.0200834 -2.5275578
v -0.0479634 0.4172384 0.0059949
vn -4.6425738 3.3619013 1.5164194
v -0.0451888 0.4199967 0.0206518
vn -5.3987479 3.0109088 0.3292613
v -0.0459140 0.4191258 0.0180639
vn 0.6953150 6.0874453 0.2002437
v -0.0443484 0.4254840 0.0033293
vn 3.9316409 2.9484160 -0.6435786
v -0.0427413 0.4249822 0.0031360
vn 3.3995163 2.8247695 0.0727712
v -0.0428647 0.4250726 -0.0001918
vn -0.3745888 6.1189504 -0.6118479
v -0.0461287 0.4253899 -0.0005639
vn -1.5235057 5.4877262 1.4941106
v -0.0444927 0.4251913 0.0072990
vn 2.7423425 3.7731752 -1.9089003
v -0.0419336 0.4251299 0.0061724
vn -1.3672662 5.5753279 1.6407712
v -0.0474082 0.4251677 0.0047899
vn -4.6362653 3.8849773 -1.1628680
v -0.0456316 0.4194533 -0.0170696
vn -5.2056646 3.3741493 -0.6187880
v -0.0466575 0.4183304 -0.0150665
vn -4.2028284 4.5535774 -0.6701741
v -0.0442970 0.4212972 -0.0143749
vn -3.3464534 4.5423789 -1.8770645
v -0.0434395 0.4216991 -0.0172279
vn 3.9307480 3.3327882 1.9599079
v -0.0423419 0.4246919 -0.0034763
vn -0.6013885 4.9345560 -0.3891476
v -0.0439332 0.4257692 -0.0049003
vn -2.9878893 4.7421002 -2.7598326
v -0.0456270 0.4236189 -0.0068173
vn -1.8025837 5.0176368 -2.7599504
v -0.0485895 0.4239103 -0.0044717
vn -0.7649501 5.7501049 -0.7171499
v -0.0512086 0.4252236 0.0002163
vn -1.3901665 5.2240429 2.3506763
v -0.0515898 0.4245733 0.0038988
vn -1.8175066 4.6009641 -3.5261197
v -0.0521491 0.4236023 -0.0027316
vn 3.8472211 -4.8809614 0.3576631
v -0.0457846 0.4195616 0.0005008
vn 3.0980966 -5.3387823 0.0222192
v -0.0489976 0.4179145 0.0015538
vn 0.8143068 -5.9360762 0.3022229
v -0.0524479 0.4159812 0.0038480
vn 1.0624954 -5.9939523 0.8265232
v -0.0528823 0.4163178 -0.0010768
vn -0.5091191 -4.1576681 -1.0010964
v -0.0536461 0.4149197 -0.0038294
vn 0.2061889 -5.7814546 0.8038214
v -0.0563850 0.4154624 0.0035856
vn 0.8102447 -5.9604988 0.6770353
v -0.0562759 0.4161133 0.0001236
vn -0.6764466 1.7029139 5.9738789
v -0.0730205 0.4169893 0.0031399
vn -0.5864763 1.8000942 5.9719601
v -0.0705154 0.4176703 0.0029814
vn -1.1128699 3.7797234 3.9684098
v -0.0711553 0.4200644 0.0022369
vn -2.2881141 3.0901489 3.7072418
v -0.0747301 0.4183162 0.0024745
vn -3.9319842 1.4026234 2.7919610
v -0.0771852 0.4150387 0.0026917
vn -0.6938173 1.9255074 5.9199967
v -0.0735956 0.4150674 0.0035488
vn -0.7592700 1.4991664 6.0437298
v -0.0702810 0.4153824 0.0036849
vn 1.0570812 -6.0516777 -0.2660376
v -0.0742201 0.4119098 -0.0003731
vn -3.9389024 -3.9767237 1.1295363
v -0.0769321 0.4124624 0.0012257
vn -3.1718407 -2.8517241 0.9208744
v -0.0778110 0.4119287 -0.0006964
vn 0.1533672 -5.7092724 0.6413480
v -0.0759920 0.4115165 -0.0012883
vn 1.4371724 -5.7101631 1.1559808
v -0.0737933 0.4119391 0.0022932
vn -2.0988550 -3.3878629 0.9141351
v -0.0765328 0.4117195 0.0029151
vn 0.3675366 -2.8866360 -3.2971621
v -0.0756763 0.4118475 -0.0030143
vn 1.2135320 -2.6068180 -3.5510869
v -0.0731802 0.4126889 -0.0028814
vn 0.0320092 0.6459801 -6.1445322
v -0.0753900 0.4139932 -0.0030094
vn 0.4465550 0.9410329 -6.1720848
v -0.0734328 0.4152275 -0.0024951
vn -1.8982942 -1.4843891 -1.7136559
v -0.0777767 0.4118739 -0.0027835
vn -2.7396710 1.7888191 -3.9804206
v -0.0769341 0.4147685 -0.0027526
vn -1.4709225 2.4500496 -4.7849398
v -0.0745057 0.4175958 -0.0022784
vn 0.5878469 -1.8283792 3.9972668
v -0.0737689 0.4128470 0.0043118
vn -1.9349291 -0.6300602 2.5095282
v -0.0767441 0.4128447 0.0042198
vn -3.0471270 3.5707045 -0.8357296
v -0.0755925 0.4189811 -0.0002729
vn -5.1312141 1.7767088 -0.5800009
v -0.0778454 0.4151252 -0.0006094
vn -1.2984959 4.5686755 -0.7745255
v -0.0714553 0.4210511 -0.0000371
vn -0.5640907 2.8445756 -5.0826807
v -0.0710083 0.4193138 -0.0018946
vn -1.0555099 5.2655811 -0.7534561
v -0.0674262 0.4215012 0.0002057
vn -0.3954620 3.1856613 -5.1026983
v -0.0672677 0.4200459 -0.0015389
vn -0.1235412 1.3329620 -6.1356287
v -0.0669338 0.4174448 -0.0022294
vn -0.1520682 1.1377444 -6.1743498
v -0.0704141 0.4165177 -0.0023447
vn 0.8606526 -1.9949071 -4.6710081
v -0.0665378 0.4151587 -0.0026673
vn 0.6549724 -2.0078683 -4.0123014
v -0.0698972 0.4139488 -0.0029876
vn 1.5882374 -5.6613717 -0.8036907
v -0.0664558 0.4141921 -0.0009326
vn 1.8176298 -5.8070388 -0.7569600
v -0.0700032 0.4131473 -0.0008158
vn 1.5953423 -5.9411178 0.5116051
v -0.0666323 0.4147049 0.0014376
vn 2.0848782 -5.8960228 0.4586673
v -0.0701152 0.4133498 0.0017404
vn 1.4289422 -4.0441017 3.0160792
v -0.0666745 0.4146310 0.0036340
vn 0.5876794 -2.4238780 2.8387964
v -0.0700298 0.4133630 0.0041587
vn -0.4109740 0.2525100 5.9063725
v -0.0670094 0.4161769 0.0041533
vn 0.4519865 -5.1768093 2.4940071
v -0.0632749 0.4152901 0.0035516
vn -0.7882826 -1.0153028 5.1029134
v -0.0636091 0.4166766 0.0048181
vn -1.5625682 2.8250360 5.3506527
v -0.0637067 0.4189831 0.0038646
vn -0.9648741 2.4560671 5.6916037
v -0.0672374 0.4182728 0.0032952
vn -1.3625767 4.2422552 4.3312612
v -0.0636003 0.4211995 0.0023579
vn -0.8269846 4.1618495 4.2308779
v -0.0673465 0.4205889 0.0021587
vn -1.1564759 4.8619809 -0.3130920
v -0.0636589 0.4225842 0.0004089
vn -1.6811813 4.5397844 3.9369347
v -0.0598423 0.4221066 0.0027066
vn -1.2866920 5.0566111 -0.3993154
v -0.0597697 0.4234336 0.0006332
vn -0.9229262 3.5248406 -4.8876219
v -0.0597446 0.4218708 -0.0012869
vn -0.6956619 3.2999873 -4.9865389
v -0.0635569 0.4210728 -0.0013787
vn -1.0185189 1.8116006 -5.9022079
v -0.0598732 0.4191940 -0.0022238
vn -0.3923565 1.4496114 -6.0861254
v -0.0634147 0.4184999 -0.0021795
vn -0.6512616 -1.5789144 -5.4226317
v -0.0600472 0.4166116 -0.0027861
vn 0.1627043 -2.0244200 -5.1601443
v -0.0632323 0.4160407 -0.0025350
vn 0.0122619 -5.4346662 -1.6797514
v -0.0598954 0.4152069 -0.0014223
vn 0.7200339 -5.5911784 -1.2985086
v -0.0630966 0.4148532 -0.0010141
vn 0.7151241 -6.1816735 0.5619748
v -0.0596877 0.4156166 0.0009012
vn 0.8375814 -6.1506944 0.5515387
v -0.0631311 0.4153019 0.0012953
vn 0.0431517 -5.6686859 1.7335845
v -0.0598369 0.4155253 0.0036433
vn -1.2746031 -1.8680406 4.4339371
v -0.0569474 0.4171553 0.0065260
vn -1.2035943 -1.5751368 4.8399663
v -0.0601855 0.4169831 0.0055183
vn -2.0644538 2.9447489 4.9746742
v -0.0565050 0.4205732 0.0056259
vn -1.7903745 2.8566389 5.1824813
v -0.0601078 0.4197167 0.0046817
vn -1.7315574 4.9302740 3.2089505
v -0.0558632 0.4233193 0.0032961
vn -2.1154606 3.3588438 4.6956692
v -0.0528429 0.4214343 0.0066827
vn -1.2866522 5.4167848 -0.3460095
v -0.0556539 0.4244239 0.0006823
vn -1.8822529 4.0403171 -4.2250967
v -0.0559563 0.4228041 -0.0016740
vn -2.8229277 2.1605577 -5.0957155
v -0.0532038 0.4203346 -0.0044422
vn -2.1308324 2.0370507 -5.4967661
v -0.0564852 0.4197901 -0.0031314
vn -2.9095352 -0.5199518 -5.3749208
v -0.0537439 0.4170577 -0.0047810
vn -1.8962598 -1.1268040 -5.4856620
v -0.0568777 0.4168524 -0.0035837
vn -0.4748442 -4.6598482 -1.2731352
v -0.0567416 0.4150403 -0.0023942
vn -3.3455451 2.5190830 -4.5281053
v -0.0501655 0.4207578 -0.0063026
vn -4.1253476 0.3345619 -4.6140680
v -0.0508665 0.4172822 -0.0066630
vn -3.9942420 3.2465816 -3.4996679
v -0.0474634 0.4208371 -0.0085131
vn -5.1687946 1.4358739 -3.0324602
v -0.0487598 0.4174234 -0.0093017
vn -4.3539567 3.9137185 -2.1423249
v -0.0455300 0.4208907 -0.0112904
vn -5.4770660 2.5378587 -1.4568671
v -0.0474317 0.4175351 -0.0121624
vn -2.9611864 4.9534574 -2.3901763
v -0.0432403 0.4234970 -0.0098637
vn -1.3922663 5.6625853 -1.4268268
v -0.0414377 0.4252651 -0.0080632
vn 1.8876209 3.1032984 2.1016262
v -0.0400788 0.4253749 -0.0062973
vn -0.0334629 4.0866461 1.9808117
v -0.0374317 0.4258152 -0.0096498
vn 4.3306646 -1.7174069 3.7966065
v -0.0403629 0.4223248 -0.0058984
vn 3.1865003 -0.0334864 5.1702509
v -0.0367502 0.4235144 -0.0091339
vn 1.3393521 2.2185402 2.3716207
v -0.0327360 0.4277389 -0.0116911
vn -3.0176506 5.4484806 0.3860105
v -0.0347525 0.4271420 -0.0130759
vn 4.9984150 -2.4677200 2.2068191
v -0.0425481 0.4220939 -0.0029520
vn 5.5292330 -2.6383841 0.6030068
v -0.0434496 0.4223220 0.0001712
vn 5.2321343 -2.6537454 -1.5739951
v -0.0430055 0.4223167 0.0033233
vn 3.8306172 -4.6144471 -1.6615725
v -0.0453292 0.4196623 0.0043293
vn 3.8245790 -4.0044360 -2.9140429
v -0.0434720 0.4195124 0.0076348
vn 4.7820563 -1.9174521 -2.9524102
v -0.0416606 0.4223691 0.0060682
vn 4.2825942 -1.0174353 -3.8939457
v -0.0396778 0.4229125 0.0083032
vn 3.4958904 -3.6980338 -3.6494517
v -0.0407715 0.4200350 0.0097582
vn 1.2352524 3.6906652 -1.4807305
v -0.0401160 0.4258490 0.0087577
vn -1.3491457 -1.8492892 3.8980794
v -0.0538333 0.4175332 0.0078060
vn -3.4269862 -0.5152475 4.3732405
v -0.0507072 0.4179865 0.0093016
vn -2.6580441 3.8869224 4.0692801
v -0.0492486 0.4218863 0.0079264
vn -4.8434043 1.3172609 3.4520936
v -0.0480770 0.4183004 0.0116168
vn -3.5119252 4.0140262 3.2614536
v -0.0464599 0.4218839 0.0102351
vn -5.4365244 2.6479940 1.3545579
v -0.0464436 0.4183832 0.0146089
vn -1.5086087 2.8066502 4.5477967
v -0.0398204 0.4227784 0.0215430
vn -5.4715304 3.0727577 -0.1381257
v -0.0328742 0.4137280 0.0013259
vn -5.4577494 3.0945814 -0.2662707
v -0.0310886 0.4169461 0.0015841
vn -3.7006264 4.5922041 -0.5210873
v -0.0287536 0.4209726 0.0017530
vn -3.7428663 4.6992521 0.5845679
v -0.0287705 0.4208258 -0.0010527
vn 1.4161046 5.2422490 -0.4059600
v -0.0264931 0.4216913 0.0019337
vn 1.2437711 5.2019444 0.3037911
v -0.0264487 0.4216882 -0.0007878
vn 1.1960678 5.0266762 0.6702023
v -0.0266112 0.4220526 -0.0036001
vn 3.9405687 4.8401651 0.1431591
v -0.0240018 0.4192030 -0.0007214
vn 4.0989285 4.6888247 0.1581215
v -0.0242939 0.4195053 -0.0036224
vn 3.1834848 5.4074941 0.0680079
v -0.0203173 0.4168122 -0.0007615
vn 3.4947140 5.2160196 0.0445296
v -0.0209792 0.4172857 -0.0040862
vn 4.2995934 1.5840626 -0.4765943
v -0.0167630 0.4148900 -0.0009183
vn 4.6759648 1.4461317 -1.6497723
v -0.0182598 0.4151950 -0.0050658
vn 3.7033298 1.2162822 -1.9402615
v -0.0199100 0.4168915 -0.0084650
vn 5.3479180 -2.3556449 -0.6673227
v -0.0176376 0.4112905 -0.0006315
vn 4.4366989 1.7521262 0.8369393
v -0.0171923 0.4150317 0.0034634
vn 5.2537093 -2.3549936 1.6419697
v -0.0181282 0.4114613 0.0038506
vn 5.4479103 -2.4543011 1.7929447
v -0.0202653 0.4084764 0.0041806
vn 5.4769454 -2.7422469 -0.5723389
v -0.0195707 0.4081806 -0.0003699
vn 4.2747746 -3.4186087 1.4106920
v -0.0214456 0.4052095 0.0048913
vn 3.8842144 -3.8519998 -0.3730921
v -0.0209419 0.4049253 -0.0000660
vn -0.1150543 -4.9943438 0.6472449
v -0.0237650 0.4039139 0.0051253
vn -0.4976968 -5.6076374 -0.1550324
v -0.0234443 0.4040337 0.0002955
vn -3.4500661 -5.2443166 0.0623274
v -0.0266264 0.4059035 0.0048953
vn -3.2606905 -5.3576484 -0.0064924
v -0.0261689 0.4057956 0.0006177
vn -3.0032630 -5.4925413 -0.0822943
v -0.0292817 0.4073690 0.0007805
vn -3.6558633 -5.0576181 -0.0679856
v -0.0323267 0.4092030 0.0009260
vn -4.9279265 -0.8797508 0.0103760
v -0.0343478 0.4110554 0.0010653
vn -5.4698052 2.9735529 -0.6861697
v -0.0328563 0.4142407 0.0048242
vn -5.3893909 2.9360611 -1.1939013
v -0.0311113 0.4174287 0.0046216
vn -3.5062597 4.6434717 -1.1513097
v -0.0288349 0.4214376 0.0045274
vn 1.5113294 4.9452262 -0.6379012
v -0.0266950 0.4221431 0.0046538
vn 4.1141787 4.1148162 -1.4202687
v -0.0250709 0.4201651 0.0079345
vn 4.1090879 4.5963821 -0.0522428
v -0.0245704 0.4194894 0.0051118
vn 3.9623408 4.8106751 0.0640038
v -0.0241021 0.4192128 0.0021969
vn 3.3446572 5.3023872 -0.2487350
v -0.0213770 0.4174682 0.0058925
vn 3.2221460 5.3924909 0.0198425
v -0.0205028 0.4169459 0.0026362
vn 4.2530808 1.7909909 1.5694393
v -0.0186587 0.4158521 0.0072421
vn 3.6555278 4.5838342 -1.7531947
v -0.0225016 0.4185199 0.0089100
vn 4.6093216 1.3301952 1.2645010
v -0.0205341 0.4174629 0.0103500
vn 4.5318155 -1.5417302 4.0491171
v -0.0217037 0.4148145 0.0108110
vn 4.8255472 -1.9516623 3.2565351
v -0.0197001 0.4125520 0.0076359
vn -3.2395215 -5.1644483 1.2464069
v -0.0274738 0.4067837 0.0092500
vn 0.3062615 3.7514429 -0.1389159
v -0.0283144 0.4154975 -0.0185948
vn 1.2430794 -1.1210483 -0.2678101
v -0.0275822 0.4141855 -0.0190080
vn -3.7023563 -1.4410851 1.6808064
v -0.0287884 0.4148102 -0.0185056
vn 1.8107787 -1.7392203 5.0130858
v -0.0257171 0.4111185 0.0140899
vn 5.2565832 -1.6646332 2.9919996
v -0.0255838 0.4125214 0.0146994
vn 4.2393260 -2.9288173 3.0619771
v -0.0262380 0.4134298 0.0162769
vn -1.9568155 -4.3835053 1.6670288
v -0.0271305 0.4131164 0.0164323
vn -3.8141749 -4.3194685 0.8891324
v -0.0274758 0.4140830 0.0182888
vn 2.9227285 -3.0248408 1.3554883
v -0.0265882 0.4138902 0.0182558
vn 1.5849911 -2.2094660 0.7839636
v -0.0268617 0.4138892 0.0200082
vn -4.6885357 -3.3110118 -0.8838341
v -0.0278868 0.4144683 0.0199555
vn 2.0020177 3.0460939 0.3641138
v -0.0269170 0.4154485 0.0195230
vn -4.9118423 1.8232403 -0.6991096
v -0.0277258 0.4147941 0.0186205
vn 5.3605824 2.1799886 1.2673410
v -0.0292574 0.4158986 0.0238741
vn 1.0109683 2.7976546 -2.9941211
v -0.0294872 0.4161001 0.0229813
vn 0.8596507 -1.9031719 0.9512818
v -0.0276390 0.4140484 0.0216161
vn 3.7079349 3.1653538 2.0513692
v -0.0274637 0.4151165 0.0210044
vn 4.8768306 2.8952272 2.0870724
v -0.0284589 0.4151576 0.0225176
vn 0.5727111 -1.5024817 0.5299877
v -0.0286269 0.4141805 0.0232917
vn -4.8012800 -1.2309906 -1.8200572
v -0.0285694 0.4148571 0.0214930
vn -4.0605416 -1.3218951 -3.3711238
v -0.0295964 0.4154080 0.0228338
vn -2.3226182 2.7916698 -0.6280256
v -0.0281147 0.4154282 0.0202399
vn -0.2715480 5.0968080 -0.8925292
v -0.0284506 0.4153040 0.0218883
vn 4.8040442 -2.0548234 3.3735194
v -0.0251269 0.4129191 0.0140551
vn 3.2862201 1.1187588 -2.1057262
v -0.0134464 0.4328691 -0.0124069
vn 4.7988548 1.8613043 3.0358238
v -0.0143093 0.4331939 -0.0097900
vn 3.9016228 4.0829849 2.4409642
v -0.0143252 0.4307008 -0.0081136
vn 4.3651071 0.7500871 -0.5385288
v -0.0125667 0.4299663 -0.0095444
vn 5.4091487 -2.0265710 -1.7270885
v -0.0144674 0.4277386 -0.0107636
vn 4.4478912 1.3179160 -2.6002386
v -0.0142517 0.4301346 -0.0132906
vn 0.8805006 2.2363501 -1.3233255
v -0.0150493 0.4361734 -0.0120893
vn 2.8026752 3.3011544 2.1359427
v -0.0149277 0.4355420 -0.0102173
vn -0.6506113 2.9786656 -5.2241440
v -0.0162215 0.4305440 -0.0137030
vn -1.5496497 2.1610136 -5.5141363
v -0.0171625 0.4329749 -0.0125594
vn 4.7028255 2.2662406 -1.4339248
v -0.0119173 0.4282838 -0.0065473
vn 4.8883343 -1.5226337 -3.3011494
v -0.0124234 0.4259474 -0.0072873
vn 4.7222781 -1.8121591 -3.6391740
v -0.0142849 0.4231131 -0.0074805
vn 4.7087235 -3.1709595 -1.8463159
v -0.0161304 0.4244049 -0.0105186
vn 5.0234642 -3.5412979 0.4228476
v -0.0159826 0.4239471 -0.0139737
vn 5.5832119 -2.4796526 -0.3303419
v -0.0145959 0.4264356 -0.0146140
vn 1.8898377 1.1506513 -1.5666523
v -0.0138309 0.4288249 -0.0159599
vn 5.2120476 -2.4657259 1.8694478
v -0.0146330 0.4261915 0.0125374
vn 5.1238127 -1.9544778 2.6287615
v -0.0142997 0.4246600 0.0104071
vn 5.0179763 -2.4341981 2.7646272
v -0.0123108 0.4272447 0.0101434
vn 5.5217500 -1.8373044 2.0563624
v -0.0126341 0.4295590 0.0131017
vn 4.5644994 -3.3994572 1.5037541
v -0.0157639 0.4240928 0.0146485
vn 4.0991707 -2.5974503 3.2015028
v -0.0152591 0.4217162 0.0117601
vn 5.5610466 -2.7208192 0.5227999
v -0.0143012 0.4277411 0.0152892
vn 4.0377102 -3.4266412 1.1102114
v -0.0159663 0.4227135 0.0205033
vn 1.6805723 0.2674740 2.6062715
v -0.0158392 0.4239933 0.0219725
vn 1.3599240 -0.5847844 4.6398535
v -0.0191355 0.4226894 0.0226649
vn -0.2073290 -2.8190219 0.3839211
v -0.0186027 0.4209003 0.0211764
vn 5.4447923 -2.7611153 -1.0096811
v -0.0152770 0.4247262 0.0177296
vn 2.0252190 0.7856362 2.1416030
v -0.0143851 0.4269034 0.0192707
vn 1.1973394 -4.2163448 -1.6622009
v -0.0169011 0.4223430 0.0173749
vn 3.0262702 -3.9650199 -0.2889054
v -0.0175332 0.4211036 -0.0181190
vn 1.5279617 -2.2824049 -1.7093132
v -0.0178164 0.4210735 -0.0201885
vn 5.6870179 -2.4686918 -0.8883112
v -0.0165291 0.4237395 -0.0167845
vn 5.0188036 -3.5785604 0.5216967
v -0.0171428 0.4222652 -0.0159487
vn -0.7858940 -3.3296876 0.7396388
v -0.0184607 0.4210318 -0.0155904
vn -2.1903000 -3.7877073 0.1335170
v -0.0188434 0.4209346 -0.0178698
vn -2.2739835 -4.4113150 1.5307900
v -0.0205057 0.4216092 -0.0197226
vn 2.3437481 3.5875547 -4.4048262
v -0.0151324 0.4333323 0.0108328
vn 2.3140819 3.2759035 -4.7642722
v -0.0133686 0.4329068 0.0112887
vn 3.5270295 4.4660678 -2.5204964
v -0.0130622 0.4307147 0.0091847
vn 3.1628523 4.5428486 -2.5764358
v -0.0154664 0.4321189 0.0091999
vn -0.0722894 4.8447194 -1.5010536
v -0.0171369 0.4357867 0.0116774
vn 1.1930277 4.1391077 -2.9969585
v -0.0143093 0.4357649 0.0123039
vn 1.7121370 5.0112505 -3.0894904
v -0.0178373 0.4342860 0.0095912
vn 1.9065866 2.2145648 -4.2463698
v -0.0182724 0.4234949 -0.0203990
vn 2.4536109 1.0123360 -3.0895772
v -0.0159603 0.4256525 -0.0178029
vn -1.7631494 3.7674694 -2.0329931
v -0.0181202 0.4357453 -0.0109613
vn 1.5044895 4.4224362 2.6152148
v -0.0173102 0.4354805 -0.0086467
vn 3.7031455 2.5659957 4.2413020
v -0.0161335 0.4332851 -0.0085454
vn 0.9776336 1.9415494 0.9187624
v -0.0132553 0.4364875 0.0143689
vn 3.8114436 1.1430902 -0.7028388
v -0.0114773 0.4324943 0.0118987
vn -1.4564854 3.3843923 2.9708579
v -0.0175289 0.4354014 0.0139955
vn 3.8109338 -0.0062354 3.9176469
v -0.0221255 0.4241968 0.0239962
vn -1.3322601 -2.5313990 1.0141060
v -0.0224924 0.4229421 0.0235160
vn -3.2209868 -2.2084963 -4.6921482
v -0.0216315 0.4236158 0.0220623
vn -4.6187854 -0.8839746 -3.7945364
v -0.0191461 0.4228085 0.0203094
vn -4.8605509 -1.9322498 -1.3954434
v -0.0177342 0.4229016 0.0173818
vn -1.1148832 -3.8644979 2.7975872
v -0.0182556 0.4203569 0.0122157
vn -0.1004820 -3.9654977 1.4277651
v -0.0156532 0.4177410 0.0083334
vn 4.3287401 -2.2193184 2.6296167
v -0.0136649 0.4195081 0.0084115
vn -3.1925824 -2.8679554 2.9697974
v -0.0183470 0.4237736 0.0152880
vn -3.0772195 -5.0802188 0.5873830
v -0.0189366 0.4201134 0.0095716
vn -3.8046718 -4.9740729 -0.3605431
v -0.0174386 0.4193248 0.0071004
vn -3.5748661 -3.7442431 3.3904338
v -0.0212413 0.4233797 0.0116092
vn -3.8683984 -4.7579794 0.7902005
v -0.0208023 0.4217248 0.0090476
vn -2.3154495 -3.7075989 3.8515730
v -0.0212774 0.4265957 0.0138082
vn -3.4624500 -5.1848288 -0.2553020
v -0.0197261 0.4212506 0.0061509
vn -3.8991108 1.3627503 4.3541107
v -0.0170744 0.4268114 0.0160948
vn -0.4607597 -0.5819943 5.9605746
v -0.0195090 0.4282130 0.0150750
vn -3.8982549 -4.8701148 0.7122799
v -0.0186164 0.4199650 -0.0061082
vn -3.8559537 -4.8326087 0.7397908
v -0.0174135 0.4195437 -0.0036348
vn -3.0917425 -5.4419603 0.3052853
v -0.0200096 0.4212136 -0.0034678
vn -3.2909117 -5.2773995 0.2273984
v -0.0208066 0.4216711 -0.0064582
vn -1.4051526 -4.7337098 -1.5183014
v -0.0177190 0.4189504 -0.0076999
vn -0.4860294 -4.6307211 -1.0114673
v -0.0155192 0.4176152 -0.0042753
vn -2.9765141 -4.1889982 -2.3338680
v -0.0216349 0.4219428 -0.0096093
vn 3.7728686 4.2957067 2.2329388
v -0.0183118 0.4338901 -0.0064129
vn 3.9163566 3.8838110 2.2920809
v -0.0165474 0.4319298 -0.0069908
vn 0.1653921 -4.6110744 -2.2247610
v -0.0184878 0.4221886 -0.0114479
vn 2.5892415 -2.7773318 -3.1940026
v -0.0154932 0.4197931 -0.0085475
vn -0.6770281 -2.9964828 0.8377045
v -0.0186291 0.4214008 -0.0131410
vn -2.0475395 -2.1158624 -5.0742245
v -0.0207375 0.4254950 -0.0127869
vn -5.5129671 -1.2711571 -1.0026714
v -0.0195415 0.4233895 -0.0136699
vn -2.7307796 -4.9808121 -2.0980773
v -0.0233244 0.4251826 -0.0112569
vn -1.2559404 1.7692508 5.7195206
v -0.0174693 0.4315401 0.0146655
vn 1.7713856 1.7325735 4.1033583
v -0.0136567 0.4330136 0.0155614
vn -3.3967755 2.5383670 4.5477195
v -0.0154256 0.4294925 0.0166712
vn 1.7803048 0.8559774 2.2410727
v -0.0131265 0.4306533 0.0172599
vn 1.1154251 3.0567012 4.6608572
v -0.0206556 0.4329745 0.0136944
vn 1.1930140 2.8090644 5.1511197
v -0.0210845 0.4315379 0.0152250
vn 1.7572212 -3.3274474 4.2694678
v -0.0225229 0.4277747 0.0159048
vn -2.5702820 1.7393408 -5.2472987
v -0.0177379 0.4298794 -0.0131313
vn -2.0637541 3.8135819 -3.9753742
v -0.0158684 0.4286330 -0.0156301
vn -4.1425686 2.3381011 -3.6230819
v -0.0175319 0.4272855 -0.0144461
vn -1.6485326 2.9905372 -5.0716591
v -0.0198878 0.4316628 -0.0120544
vn -1.2739891 1.4240234 -5.8814454
v -0.0197863 0.4286214 -0.0128936
vn -1.6531281 -5.8977776 0.0579846
v -0.0229204 0.4227051 -0.0059343
vn -3.0960908 -3.1287549 -1.5262288
v -0.0244613 0.4227947 -0.0073318
vn -5.6513767 -1.3374616 -0.6176667
v -0.0244660 0.4258812 -0.0083037
vn -2.0097370 4.6897793 0.4486477
v -0.0199341 0.4352733 -0.0081243
vn -1.2110490 4.5576158 0.3038924
v -0.0202413 0.4350101 -0.0062377
vn -3.6140645 4.2142768 -2.2865641
v -0.0210812 0.4336352 -0.0094847
vn -5.0233746 3.6362100 0.6310515
v -0.0216552 0.4331614 -0.0065754
vn -2.2684407 4.8581610 -0.3275498
v -0.0204755 0.4347896 0.0103967
vn 3.2852573 5.1400614 -1.1323953
v -0.0181428 0.4331864 0.0069499
vn -0.8270754 3.7231524 -0.2504099
v -0.0203705 0.4349155 0.0073279
vn -2.2855852 5.3539677 2.0387073
v -0.0201716 0.4341424 0.0125252
vn -5.4934092 2.8305464 -1.0351815
v -0.0217957 0.4322850 0.0076450
vn -4.1738863 3.5951123 -2.5083082
v -0.0228396 0.4320801 0.0109532
vn -1.1845247 -4.1141415 -0.1579925
v -0.0243200 0.4268324 0.0146684
vn -2.4495950 -3.0251851 -4.5122304
v -0.0251362 0.4288669 0.0132774
vn -4.9381070 -2.6533425 1.9941866
v -0.0238450 0.4275860 0.0122152
vn -3.9132843 -2.5902932 2.2676058
v -0.0243121 0.4243129 0.0102630
vn 5.2660832 2.8516288 0.1206177
v -0.0227250 0.4255319 0.0229275
vn 5.9686170 1.5925784 0.7351822
v -0.0230869 0.4273275 0.0241472
vn 0.3193623 0.1231723 1.1828700
v -0.0229059 0.4268640 0.0260055
vn 2.0723727 4.6811085 3.0828924
v -0.0201026 0.4237430 0.0220481
vn -0.4071732 3.4610789 -3.1853347
v -0.0208174 0.4241048 0.0216840
vn 1.6912725 0.7000594 -3.2041798
v -0.0225699 0.4253534 0.0218912
vn 6.0660529 0.6874919 -0.9288512
v -0.0235301 0.4282629 0.0218610
vn 4.7073731 1.5046276 1.8471816
v -0.0232129 0.4293942 0.0235429
vn 2.3739998 -1.8736868 -2.3042936
v -0.0233904 0.4269968 0.0204945
vn -5.0823617 -2.4628558 1.7704434
v -0.0239071 0.4257917 0.0238798
vn -3.8328297 -3.2759326 -2.5914640
v -0.0234862 0.4251964 0.0222897
vn -2.8396695 -5.4243178 1.1633915
v -0.0225220 0.4228000 0.0084331
vn -2.2224953 -5.7925801 0.2911295
v -0.0222629 0.4226279 0.0057542
vn -3.7078474 -3.8335600 0.7740414
v -0.0248390 0.4232335 0.0059288
vn -0.1883023 1.1406311 3.6006303
v -0.0241435 0.4292475 0.0245509
vn -3.0151675 -4.0269885 0.1625613
v -0.0246038 0.4228630 -0.0208229
vn -2.2658324 -2.1954777 5.2842441
v -0.0210700 0.4226871 -0.0195300
vn -0.5103081 -2.9707754 3.8866625
v -0.0238738 0.4236543 -0.0188092
vn -4.7556362 -1.6731806 -2.5758750
v -0.0259051 0.4259245 -0.0229409
vn 0.4040327 -0.5500503 -2.1243658
v -0.0237846 0.4249342 -0.0248661
vn 0.6900633 -2.4267735 -2.3825300
v -0.0222959 0.4223038 -0.0225805
vn 6.0213566 0.7232597 1.3972782
v -0.0240559 0.4276861 -0.0225552
vn 1.2672026 0.8284197 -1.4343548
v -0.0234987 0.4286203 -0.0244850
vn 2.8343713 1.7517682 -1.5071133
v -0.0243469 0.4308011 -0.0219055
vn 5.7840858 0.7187213 1.3734708
v -0.0251920 0.4287051 -0.0199848
vn 4.9381542 3.3954268 0.7702980
v -0.0238052 0.4255741 -0.0204877
vn 5.4774199 2.8004749 -0.6608739
v -0.0234736 0.4254426 -0.0225983
vn -5.6746969 0.6883609 -1.5813718
v -0.0243048 0.4293860 0.0110252
vn -5.6658735 1.2916586 0.1351186
v -0.0248668 0.4267300 0.0086839
vn -1.7862483 -5.9722238 -0.2155341
v -0.0227863 0.4224840 -0.0034505
vn -3.5436563 -3.6271427 -0.2560860
v -0.0253589 0.4229265 -0.0038603
vn -5.6468964 1.8533680 1.3722732
v -0.0240343 0.4283118 -0.0073807
vn -3.1862676 0.6448354 5.0517631
v -0.0254858 0.4297629 -0.0099430
vn -3.5894737 -2.4564815 3.9899707
v -0.0263141 0.4280960 -0.0110923
vn -2.7318215 -5.0668530 0.3314473
v -0.0266660 0.4265052 -0.0132167
vn 6.2175407 -0.0411705 -0.2911851
v -0.0238195 0.4308178 0.0195730
vn 4.7038436 0.3691214 2.1767232
v -0.0233060 0.4318992 0.0225137
vn 6.0873466 -0.1956618 0.2115898
v -0.0239173 0.4341457 0.0183274
vn 5.3133173 0.2478047 1.6210277
v -0.0232494 0.4346446 0.0216564
vn 2.3718534 -3.2454298 -0.8378139
v -0.0239119 0.4284092 0.0186445
vn -5.2714343 2.8038685 -1.9404345
v -0.0235562 0.4293279 0.0090913
vn -5.5300817 2.5823646 -1.3578238
v -0.0228379 0.4295648 0.0073239
vn -5.1349845 3.2718222 -1.2754490
v -0.0238198 0.4275000 0.0069647
vn 4.2227659 2.6997609 -0.4116530
v -0.0230408 0.4342965 0.0150706
vn 4.6714931 0.6663891 3.1685348
v -0.0234186 0.4306563 0.0165332
vn -2.0983267 4.6111312 1.1219454
v -0.0236648 0.4319033 -0.0099351
vn -5.5518842 2.5120487 1.4525247
v -0.0229721 0.4307590 -0.0068368
vn 0.7230870 3.7522893 -3.9615674
v -0.0229750 0.4312867 -0.0122752
vn 5.1016855 1.2254221 -1.5846847
v -0.0252965 0.4314376 -0.0132750
vn 4.0031881 0.7051115 3.3270371
v -0.0254093 0.4336357 -0.0111277
vn 0.3370293 -2.4345405 5.5456400
v -0.0287542 0.4299253 -0.0106442
vn -5.6554909 2.5491164 -0.2965953
v -0.0223506 0.4296370 0.0047354
vn -5.0697088 3.4831052 -0.2771221
v -0.0237259 0.4270282 0.0048239
vn -5.4159193 0.8407534 0.1809260
v -0.0254817 0.4250447 0.0053299
vn 6.1901026 -0.6823224 0.3368824
v -0.0252399 0.4315096 -0.0177253
vn 5.8236437 0.7185212 -1.1825287
v -0.0253784 0.4294039 -0.0151528
vn 5.6720738 -0.6125526 1.0529845
v -0.0254047 0.4269484 -0.0168135
vn 4.7655621 0.6132987 -2.0828698
v -0.0247463 0.4329422 -0.0200466
vn 4.2225823 1.8672268 3.4141395
v -0.0235812 0.4249287 -0.0188828
vn 2.4443505 -3.4104266 2.9746313
v -0.0235117 0.4283260 0.0169052
vn -2.3181875 -5.4372239 1.9567608
v -0.0258015 0.4283599 0.0156649
vn -2.7039430 -5.1404681 0.5022417
v -0.0259153 0.4295638 0.0187473
vn 0.1046191 -5.7587843 1.6409080
v -0.0292316 0.4303107 0.0184625
vn -0.0611071 -6.0683408 0.8072745
v -0.0294051 0.4293581 0.0158463
vn 0.6817835 -5.3150096 -2.6586673
v -0.0303457 0.4296094 0.0138169
vn -1.1851386 -3.7067323 -2.9511001
v -0.0272377 0.4286603 0.0135548
vn 2.2716975 1.5553467 -4.5722294
v -0.0237062 0.4279192 -0.0129288
vn 0.9093221 -3.7311449 -1.8980355
v -0.0241933 0.4259691 -0.0137637
vn -0.2524589 -3.2935038 1.6849711
v -0.0259546 0.4255742 -0.0166706
vn 0.4507042 2.2028213 1.7598507
v -0.0239061 0.4414721 0.0235906
vn 3.4241724 0.2796792 2.5670376
v -0.0228482 0.4400268 0.0232683
vn 4.9337821 1.4148439 -0.5131693
v -0.0225582 0.4401267 0.0208342
vn 0.2991738 4.3231778 -0.3688508
v -0.0240421 0.4416476 0.0210209
vn -1.4585946 2.0245628 3.1280191
v -0.0261110 0.4397077 0.0240761
vn 3.6097763 -1.1802931 4.5372601
v -0.0243343 0.4378863 0.0234568
vn 5.8272600 -1.1507269 0.8034609
v -0.0231018 0.4375313 0.0210476
vn 4.8877363 0.3923326 0.4718156
v -0.0231419 0.4393869 -0.0140815
vn 0.9285583 1.9576387 0.9875298
v -0.0238814 0.4414065 -0.0129777
vn 1.6711941 1.5908775 3.5572767
v -0.0252963 0.4383100 -0.0110399
vn 5.7333465 -1.5089831 1.9244843
v -0.0246199 0.4368795 -0.0131181
vn 6.1422615 -1.1642832 0.3063909
v -0.0247938 0.4345441 -0.0157497
vn 5.3821740 0.2189242 -1.1356337
v -0.0234058 0.4384707 -0.0159887
vn 0.7393854 3.9702432 -0.6443564
v -0.0249446 0.4412444 -0.0156431
vn -3.4385600 1.4877096 -4.0834188
v -0.0253541 0.4283164 -0.0237361
vn -2.8590455 1.9015810 -4.7746034
v -0.0259476 0.4302285 -0.0220450
vn -5.3597178 -1.1832833 -2.8267510
v -0.0270477 0.4286977 -0.0206838
vn 5.1257501 -0.2594917 -2.2061670
v -0.0244905 0.4357023 -0.0192857
vn 3.4365597 1.6972936 -1.9643457
v -0.0241839 0.4392602 -0.0194461
vn -0.9418089 -5.0892959 2.2964249
v -0.0300453 0.4284777 -0.0119001
vn -0.6991507 -5.3422542 -2.3035760
v -0.0308784 0.4292473 -0.0139211
vn 3.3637028 -1.3758637 4.9748940
v -0.0293249 0.4335546 -0.0094073
vn 0.0818643 -1.5679007 5.3661695
v -0.0257471 0.4312541 0.0235963
vn 1.7128756 0.0619220 5.4064097
v -0.0259886 0.4345571 0.0243388
vn 0.6420658 0.3083843 5.9245934
v -0.0292160 0.4324789 0.0245454
vn 2.1533346 -4.2835498 2.1629426
v -0.0286589 0.4305365 0.0236562
vn -3.6854811 -4.3922253 1.7156060
v -0.0267063 0.4298584 0.0216145
vn -5.1945915 -2.3344705 1.8640853
v -0.0251423 0.4279648 0.0228543
vn 0.7486994 -5.5669818 0.1559882
v -0.0292146 0.4308841 0.0212405
vn -3.2488647 -3.5980959 -1.7300603
v -0.0282395 0.4300984 -0.0166566
vn -5.3462381 -2.9209166 -0.3088531
v -0.0270401 0.4268261 -0.0185583
vn 0.7775334 -4.9355679 -2.7331412
v -0.0320140 0.4308759 -0.0164977
vn -2.6024222 2.2861359 4.5226932
v -0.0281671 0.4366282 0.0237676
vn -1.9793680 2.8866832 4.8842793
v -0.0306808 0.4342817 0.0238190
vn -4.1069927 4.6784887 0.0373715
v -0.0272678 0.4382851 0.0156778
vn -4.0367198 4.7748775 -0.5501201
v -0.0265074 0.4393063 0.0180568
vn -0.0004714 4.7564340 -1.0199823
v -0.0246587 0.4407232 0.0173148
vn -1.3623421 4.3782034 -1.7750142
v -0.0254610 0.4401217 0.0147008
vn -2.7101748 5.5745916 0.1664332
v -0.0296571 0.4365904 0.0130090
vn -3.4447389 5.1027718 -0.2726629
v -0.0291912 0.4366755 0.0158369
vn -0.9530540 4.0652528 2.7648551
v -0.0285163 0.4378216 -0.0107339
vn 1.7282372 1.9169232 2.1166830
v -0.0296599 0.4363902 -0.0079055
vn 2.5703092 -3.9104724 3.5166240
v -0.0319825 0.4291503 -0.0098583
vn 2.7364321 -0.8475481 -5.3129072
v -0.0280854 0.4342527 0.0127130
vn 0.6740082 -0.6500170 -6.0186396
v -0.0279768 0.4311613 0.0131547
vn 3.0569730 -2.4983790 -4.6586933
v -0.0309014 0.4315913 0.0121177
vn 4.0901208 -2.3392513 -4.1227336
v -0.0307522 0.4340568 0.0104760
vn 0.9827623 2.1998887 -2.8778439
v -0.0283649 0.4369552 0.0115897
vn 2.2042913 1.7036358 -2.5658770
v -0.0243690 0.4395919 0.0140487
vn 4.8890963 0.1456823 -3.4128370
v -0.0242993 0.4371648 0.0148380
vn 2.7143128 2.2421093 -2.8741510
v -0.0308553 0.4362490 0.0095028
vn -2.8640089 -2.6595654 -4.3103552
v -0.0290674 0.4316731 -0.0194468
vn -1.0164196 1.1834062 -5.6596284
v -0.0266552 0.4327400 -0.0208744
vn 0.3221079 -1.8944030 -4.4065986
v -0.0332481 0.4313796 -0.0190925
vn -2.5401683 0.0245636 -4.7455759
v -0.0308724 0.4352329 -0.0204199
vn 1.1965165 -0.6951451 -5.7373943
v -0.0268668 0.4355317 -0.0209516
vn -3.1932280 2.3691471 -2.8247244
v -0.0351845 0.4336051 -0.0183542
vn -3.1537755 5.2958202 1.2052994
v -0.0280011 0.4397636 -0.0179846
vn -3.3332100 5.1369381 1.4002074
v -0.0279665 0.4393202 -0.0162005
vn 0.3368489 4.8406281 -0.8362810
v -0.0262589 0.4408472 -0.0184350
vn -1.0107098 4.2013879 -1.9797692
v -0.0278559 0.4402888 -0.0201605
vn -3.7846923 4.0699496 -0.7931741
v -0.0296888 0.4391743 -0.0194549
vn -3.9138353 4.4249096 -0.4097567
v -0.0314537 0.4374648 -0.0171963
vn 1.0838640 1.3864090 -4.6226196
v -0.0270128 0.4387006 -0.0214630
vn -2.3295302 1.0984180 -3.8954768
v -0.0295472 0.4379524 -0.0213106
vn -0.9394559 5.0296202 1.0712147
v -0.0323569 0.4367803 0.0103642
vn -3.6584046 4.9243913 1.0449378
v -0.0324384 0.4348568 0.0136647
vn -3.8854373 4.8011394 -0.6880841
v -0.0321019 0.4351456 0.0163565
vn -3.4979410 4.3128996 2.9139938
v -0.0340356 0.4348955 0.0110852
vn -3.2035294 4.6006107 0.0116693
v -0.0322221 0.4360949 0.0191803
vn -3.4111774 5.2255325 -0.2026501
v -0.0288799 0.4374510 0.0186719
vn -4.7421656 3.6911337 1.6605738
v -0.0349166 0.4323171 0.0141899
vn -5.1030984 3.5412583 -0.3085327
v -0.0343566 0.4324701 0.0168297
vn 3.0633588 -4.8413467 0.1008188
v -0.0325234 0.4280950 0.0236919
vn 3.0786922 -4.8100424 0.9755408
v -0.0309024 0.4292999 0.0236513
vn 0.9811805 -0.5497372 4.5664234
v -0.0313774 0.4304290 0.0253999
vn 0.0377796 -1.4435927 2.4033420
v -0.0335134 0.4279367 0.0256213
vn -1.4156516 -1.6450881 0.9054729
v -0.0360455 0.4269143 0.0234134
vn 2.7349985 -5.5387316 -0.9998987
v -0.0338794 0.4279801 0.0221066
vn 3.1856763 -5.2205696 -1.3067094
v -0.0317619 0.4294827 0.0214020
vn -4.5284543 4.3264947 0.1633196
v -0.0337876 0.4351400 -0.0162042
vn -4.4467030 4.3274050 0.7115113
v -0.0339064 0.4348263 -0.0141428
vn -3.2639658 5.1143646 1.3175610
v -0.0313463 0.4369259 -0.0139386
vn -5.1287184 3.1633291 -0.0911537
v -0.0347658 0.4329876 0.0195778
vn 3.7357144 -3.7098439 -3.3735087
v -0.0339242 0.4304493 0.0098628
vn 3.0982790 -4.8945932 -2.1917105
v -0.0331185 0.4284878 0.0132240
vn 2.0931976 -5.1195192 -1.3478416
v -0.0354608 0.4267000 0.0132064
vn 2.7035646 -4.7878609 -2.8502166
v -0.0365600 0.4279300 0.0103001
vn 4.6261292 -2.3807340 -3.4200687
v -0.0330615 0.4334797 0.0080601
vn 3.8128045 -4.0089874 -2.9085281
v -0.0362323 0.4312171 0.0061548
vn 4.8431807 -2.8240650 -2.7909284
v -0.0349523 0.4337504 0.0051610
vn 2.7281878 -4.7157717 -2.9993372
v -0.0382498 0.4287396 0.0073614
vn -3.7162485 1.7817428 4.1925635
v -0.0343134 0.4300115 0.0245346
vn -2.4319131 2.7575805 4.3596959
v -0.0331125 0.4321381 0.0244102
vn -4.4780083 3.1284261 2.1214106
v -0.0344371 0.4327546 0.0222527
vn -5.5558333 1.9071387 2.0082917
v -0.0354308 0.4296992 0.0226928
vn 2.8521304 -5.4614944 0.5695994
v -0.0326758 0.4282907 0.0162171
vn 2.1019731 -5.7704749 0.4679748
v -0.0352019 0.4269164 0.0164491
vn -2.2841020 -2.1915326 0.5148333
v -0.0377672 0.4263787 0.0139477
vn -1.9800948 -2.7897711 0.5105773
v -0.0385292 0.4268829 0.0113622
vn -2.4816623 -2.1380847 0.5915274
v -0.0371137 0.4266421 0.0169021
vn 0.7720938 -4.5505648 1.6867503
v -0.0359152 0.4269298 -0.0086203
vn 3.9708071 -3.0209534 3.7688804
v -0.0333858 0.4314356 -0.0069170
vn 3.8745327 -3.3906457 3.5493555
v -0.0360561 0.4310796 -0.0043667
vn -0.0735326 -4.1893802 1.6550843
v -0.0381576 0.4277324 -0.0055708
vn -3.7022703 -1.7957385 -2.2052133
v -0.0396643 0.4288783 -0.0076781
vn -3.9211907 -1.8985345 -1.1715229
v -0.0383701 0.4280756 -0.0098419
vn -0.6920038 -3.0688884 -0.0793783
v -0.0365444 0.4255859 -0.0124971
vn 2.6775103 -5.4933219 -0.3929614
v -0.0334252 0.4279554 -0.0122261
vn -5.4042444 -0.7538178 -0.3937615
v -0.0377374 0.4279134 -0.0125882
vn -5.2436705 3.1337457 0.5900983
v -0.0361755 0.4322596 -0.0148139
vn 3.1979449 -4.6767173 -2.5060470
v -0.0344066 0.4297065 -0.0168416
vn 2.8153160 -4.8427076 -2.5198970
v -0.0341756 0.4287061 -0.0147430
vn -0.9602599 -2.9279618 -1.6513169
v -0.0367171 0.4269649 -0.0158690
vn 0.6536468 -3.3075981 -3.8896985
v -0.0356833 0.4293137 -0.0182220
vn -2.8750029 0.1164993 -2.2604513
v -0.0372630 0.4304775 -0.0183377
vn -5.8441706 -0.1318871 -0.4005066
v -0.0374176 0.4288479 -0.0155817
vn -1.8866544 5.4913182 -1.4207785
v -0.0390842 0.4367653 -0.0020302
vn 0.5191547 5.9743843 -0.5498418
v -0.0369690 0.4371519 -0.0013775
vn -0.4841367 5.1754313 -1.9998612
v -0.0365608 0.4367151 -0.0044042
vn -2.6232986 3.5028477 -4.3057656
v -0.0395565 0.4342654 -0.0053025
vn -1.8871017 5.5596356 0.9077037
v -0.0408387 0.4364306 0.0014146
vn 0.3643480 5.4715118 0.3701010
v -0.0369209 0.4375243 0.0017977
vn -2.2146323 3.8728833 -3.7098002
v -0.0429086 0.4343259 -0.0035658
vn 2.6562295 -5.3142366 -1.5124774
v -0.0405348 0.4298930 0.0036712
vn -1.0998386 -3.2382889 0.7330725
v -0.0400777 0.4270281 0.0091592
vn -0.6338084 -3.6825404 0.6556266
v -0.0419343 0.4272365 0.0071044
vn -0.3032806 -3.5809021 1.1836089
v -0.0443174 0.4271514 0.0057591
vn 1.6769038 -5.8162613 -0.8788504
v -0.0436100 0.4289519 0.0026049
vn 4.2066827 -4.4232397 -1.0648832
v -0.0376164 0.4319038 0.0024963
vn -2.6356890 4.8365211 2.7041843
v -0.0383435 0.4356470 0.0057203
vn 0.0007457 5.7619452 1.1333408
v -0.0360334 0.4366922 0.0049510
vn -2.4151664 4.2308574 3.8966663
v -0.0427853 0.4333104 0.0048886
vn -3.1649199 3.9367313 3.6843739
v -0.0403117 0.4330308 0.0071197
vn 1.6977804 -5.6876006 0.7030227
v -0.0404214 0.4295203 -0.0023466
vn 4.3185921 -4.1402316 1.4394037
v -0.0376680 0.4319172 -0.0013377
vn 1.2937874 -5.6852913 -0.8153321
v -0.0435198 0.4283885 -0.0015784
vn -2.5517161 -1.8622209 -2.9010620
v -0.0415620 0.4298514 -0.0060741
vn -1.3641056 -1.9235597 -3.7444842
v -0.0440319 0.4298196 -0.0047582
vn -1.6972363 5.3043475 0.4123338
v -0.0650135 0.4309737 0.0009725
vn -0.0205156 3.9093623 4.5027027
v -0.0639361 0.4300359 0.0028814
vn -0.7851532 3.8044786 4.5849042
v -0.0613429 0.4308150 0.0024711
vn -1.6515150 5.2361288 0.0086550
v -0.0617091 0.4318287 0.0006895
vn -4.4853067 2.1992762 -0.4370805
v -0.0677052 0.4292097 -0.0002156
vn -4.8440356 1.0953230 0.7762691
v -0.0678254 0.4285378 0.0021762
vn -3.1869648 4.5496073 0.9556859
v -0.0664629 0.4299621 0.0023499
vn -0.6704934 3.1576900 3.9954216
v -0.0658920 0.4295429 0.0036268
vn 0.8307734 0.7702239 5.9996257
v -0.0652885 0.4281839 0.0038917
vn 0.8080481 0.8615738 6.0884161
v -0.0635743 0.4281745 0.0035263
vn -2.7157612 0.6659719 3.1393192
v -0.0672173 0.4283750 0.0038337
vn -1.2116221 -2.2672777 3.6727095
v -0.0662393 0.4267300 0.0039610
vn 0.6192698 -3.2611084 3.4325643
v -0.0637212 0.4260956 0.0034588
vn -2.0388465 2.3932691 -2.7356617
v -0.0667977 0.4295318 -0.0022501
vn -0.2261891 4.1392579 -3.8648138
v -0.0643736 0.4301819 -0.0016393
vn 1.0084555 -1.0148865 -5.2026324
v -0.0642779 0.4276660 -0.0025880
vn -1.6304989 -0.6841738 -2.9955010
v -0.0668742 0.4274746 -0.0029295
vn -2.8770614 -2.5377743 -1.0435289
v -0.0675502 0.4261825 -0.0009619
vn -2.9287317 -3.5180750 0.9766909
v -0.0671346 0.4259964 0.0019444
vn 0.2943333 -4.9871531 -2.5658944
v -0.0644566 0.4258625 -0.0011368
vn 0.0478493 -5.9393220 0.4054446
v -0.0642149 0.4255482 0.0013318
vn 0.6526035 -0.3537045 -5.9109435
v -0.0611296 0.4283864 -0.0019822
vn 0.8689793 -3.9889011 -3.1535578
v -0.0610455 0.4263390 -0.0012422
vn 1.4961462 -5.9064288 0.4690165
v -0.0609824 0.4261384 0.0008143
vn 1.5739620 -3.8754196 3.9189315
v -0.0608069 0.4268315 0.0026717
vn 1.1161976 -3.7259693 -3.2932212
v -0.0578166 0.4273114 -0.0012477
vn 1.9465243 -5.8988867 0.4634569
v -0.0578170 0.4271760 0.0007055
vn 1.1725794 -3.5622036 3.6818399
v -0.0578498 0.4275694 0.0025912
vn 0.2409447 0.5236552 6.0888715
v -0.0580489 0.4297867 0.0029821
vn 0.5176395 0.4123619 5.9599605
v -0.0609172 0.4288419 0.0032743
vn 1.6016786 -6.0568523 0.2301027
v -0.0548741 0.4282317 0.0008036
vn 0.3310015 -3.3309138 3.1000371
v -0.0550098 0.4281859 0.0027814
vn -0.3376873 0.7120135 6.1615300
v -0.0551317 0.4303846 0.0029008
vn -0.8012713 3.1964035 4.9313231
v -0.0553981 0.4327620 0.0022591
vn -0.9199272 3.5399432 4.6390343
v -0.0584719 0.4318681 0.0022888
vn -0.5175381 -3.1943877 2.4328964
v -0.0523598 0.4283587 0.0031101
vn -1.0040283 1.0765902 6.0733862
v -0.0522113 0.4305905 0.0030760
vn -0.7903938 3.1307395 5.2405977
v -0.0520477 0.4333864 0.0022309
vn -0.8513051 3.9265671 0.0600030
v -0.0521862 0.4353418 0.0005487
vn -1.4758439 4.3411474 -0.0689594
v -0.0557059 0.4341646 0.0005341
vn -1.8753474 1.3574697 5.7659340
v -0.0494086 0.4303184 0.0038359
vn -0.9937613 3.3981123 5.1594553
v -0.0487096 0.4333982 0.0025624
vn -0.6309447 4.3511133 0.3255445
v -0.0485184 0.4358408 0.0006138
vn -1.2518582 3.2177668 -5.0000243
v -0.0488208 0.4337714 -0.0016433
vn -0.8564047 2.9511249 -5.2607722
v -0.0521182 0.4333523 -0.0012567
vn -1.7415714 3.8510363 4.6108999
v -0.0455940 0.4332228 0.0034198
vn -0.5809200 5.1377544 0.5229033
v -0.0450178 0.4358836 0.0008785
vn -1.4606857 3.7716448 -4.3032236
v -0.0457687 0.4340343 -0.0023801
vn -2.2404923 -1.3344752 -4.8840194
v -0.0465074 0.4300346 -0.0034209
vn -1.1686542 -0.8898858 -5.6025839
v -0.0492139 0.4303002 -0.0025457
vn -0.4854314 -4.6690598 -2.0323923
v -0.0492245 0.4282118 -0.0012599
vn -0.0792372 -4.4817252 -2.5946021
v -0.0520412 0.4285554 -0.0011972
vn -0.7245855 -0.2775702 -6.0428896
v -0.0521090 0.4304751 -0.0019320
vn -0.3515406 -5.3156471 -1.3810321
v -0.0463348 0.4279970 -0.0012813
vn 0.4816456 -6.0455847 -0.8161585
v -0.0462747 0.4285051 0.0020718
vn -0.4285482 -5.9846182 -0.5711889
v -0.0491385 0.4287566 0.0014992
vn -1.2464091 -2.8124533 1.8559122
v -0.0498085 0.4278747 0.0038586
vn 0.3496553 -6.0720673 -0.2000170
v -0.0520131 0.4288684 0.0010591
vn -0.9480517 -2.9152052 1.3981779
v -0.0471088 0.4271635 0.0048679
vn -2.6295536 1.4592464 5.2534876
v -0.0467847 0.4300092 0.0051655
vn -2.9318295 1.0240397 4.9295731
v -0.0442670 0.4299876 0.0066099
vn -3.6309745 0.8042294 4.4151077
v -0.0419993 0.4299529 0.0082731
vn -3.8858149 0.9737548 4.3897171
v -0.0398798 0.4297210 0.0100575
vn -3.5934124 3.5688026 3.6893711
v -0.0380649 0.4326635 0.0094056
vn -3.3245978 4.3867164 2.9546318
v -0.0361855 0.4351070 0.0085271
vn -4.8305411 1.5784849 3.5221667
v -0.0379436 0.4294545 0.0119681
vn -4.1822610 3.5383070 3.0067782
v -0.0362193 0.4324788 0.0117672
vn -5.4534545 2.3768942 1.8714349
v -0.0366786 0.4292301 0.0142782
vn -5.7593355 2.4137731 0.4304827
v -0.0361460 0.4293271 0.0169884
vn -1.9181199 -2.0101862 0.4854463
v -0.0367552 0.4268438 0.0199929
vn -5.8999596 1.8866539 0.5795066
v -0.0360423 0.4296703 0.0198741
vn 3.0568516 -5.4292603 0.4142641
v -0.0348074 0.4276286 0.0194106
vn 2.9823420 -4.9642282 0.6367175
v -0.0327011 0.4294060 0.0189395
vn -0.5744005 4.9952793 0.3275598
v -0.0344872 0.4367230 0.0077943
vn 4.2881970 1.9160821 -3.1107516
v -0.0330497 0.4356812 0.0073553
vn 4.1808805 1.7798823 -1.5693316
v -0.0342859 0.4359304 0.0046360
vn 5.3313360 -3.0016990 -1.1185808
v -0.0360462 0.4343171 0.0019870
vn 4.2442989 1.8133717 -0.5217215
v -0.0350612 0.4365327 0.0017135
vn 5.2979445 -2.8188579 1.3835726
v -0.0360470 0.4343460 -0.0010174
vn 4.0612903 2.5239048 0.3095277
v -0.0353059 0.4365571 -0.0009638
vn 4.8818231 -1.8554225 3.2572620
v -0.0346324 0.4341435 -0.0035468
vn 3.1314471 3.6747239 1.1626205
v -0.0347437 0.4363788 -0.0034686
vn 4.4164691 -0.3438969 3.9469752
v -0.0324909 0.4348386 -0.0058170
vn 0.7685918 2.5909734 0.5004992
v -0.0330930 0.4373079 -0.0057973
vn -2.6926363 4.6532440 -3.0165582
v -0.0351126 0.4356089 -0.0067799
vn -3.6075404 3.0496633 -4.0537958
v -0.0375098 0.4325837 -0.0075006
vn -1.0559448 5.7286363 -0.1211147
v -0.0315712 0.4363258 -0.0086827
vn -3.6791382 4.5816727 -1.9026270
v -0.0339208 0.4346556 -0.0092222
vn -4.7441349 3.3702018 -2.1764424
v -0.0364666 0.4317799 -0.0097293
vn -4.2342205 4.5729709 0.1855033
v -0.0337640 0.4345224 -0.0117741
vn -5.3799086 3.1477728 -0.1690297
v -0.0361395 0.4315253 -0.0121742
vn -3.0037398 5.3445878 0.7736598
v -0.0310694 0.4361559 -0.0114516
vn -2.9044132 5.2758284 1.6618053
v -0.0280833 0.4384696 -0.0134665
vn 0.9107696 -3.9357176 -3.0045955
v -0.0548432 0.4281504 -0.0012293
vn 0.0951054 -0.0217161 -6.1089544
v -0.0580671 0.4293875 -0.0017619
vn -0.1670706 -0.0472861 -6.0935111
v -0.0550810 0.4301513 -0.0017908
vn -0.9222132 3.2050176 -4.8265066
v -0.0584967 0.4317124 -0.0011995
vn -0.9613883 2.9678020 -5.1452980
v -0.0554083 0.4325767 -0.0011784
vn -1.6425366 4.9246449 -0.1172804
v -0.0588082 0.4329111 0.0005683
vn -0.7109375 3.5981617 -4.6052513
v -0.0614407 0.4307126 -0.0012795
vn -3.2597880 4.5222397 2.4857888
v -0.0317377 0.4354321 0.0217518
vn -3.9155188 4.7266717 1.0294948
v -0.0286673 0.4373527 0.0214222
vn -4.2076411 4.5799241 0.0331545
v -0.0263975 0.4397735 0.0213240
vn 5.1399145 1.7855089 -1.4537938
v -0.0235122 0.4396497 0.0171901
vn 6.1909785 -0.1099408 -0.7147676
v -0.0236641 0.4370554 0.0177187
vn -3.1769025 0.1117093 -5.1583962
v -0.0251889 0.4309900 0.0124024
vn -0.1814021 3.7269101 -4.3982806
v -0.0246049 0.4333276 0.0127996
vn -3.8132005 -3.6711273 -1.6165762
v -0.0247686 0.4270688 0.0210245
vn 0.3155723 3.0492694 4.4049559
v -0.0213559 0.4235899 -0.0194519
vn 2.3114231 5.5044899 -0.5021842
v -0.0215328 0.4238726 -0.0203456
vn -4.3044467 2.3490467 3.1199920
v -0.0193865 0.4235859 -0.0184665
vn -1.6063102 5.4482384 -1.2612149
v -0.0190460 0.4241206 -0.0193467
vn 3.9440937 2.9651566 -3.5329096
v -0.0217428 0.4233459 -0.0215300
vn -5.6029320 2.5856705 -0.5041055
v -0.0185377 0.4246123 -0.0164322
vn -3.2125106 4.2592878 -2.6335487
v -0.0175297 0.4257821 -0.0171992
vn -4.9928942 -0.3550341 2.9239480
v -0.0190916 0.4223933 -0.0182254
vn -6.1198063 -0.4366864 -0.2914925
v -0.0189925 0.4226898 -0.0159234
vn -5.6730881 0.8057315 0.0551330
v -0.0254761 0.4247259 0.0022433
vn -3.3972785 -3.9615180 0.2993173
v -0.0249121 0.4227781 0.0024673
vn -5.3133125 3.3196759 0.2132617
v -0.0239652 0.4269604 0.0020341
vn -5.3327112 3.2666833 0.4401252
v -0.0241126 0.4269769 -0.0009164
vn -5.6295705 0.7654997 0.4103317
v -0.0256081 0.4247351 -0.0007407
vn -5.6531138 2.7203832 0.2692737
v -0.0224996 0.4297301 0.0018932
vn -5.6251440 2.7535245 0.3624843
v -0.0225947 0.4297796 -0.0009772
vn -5.5578823 2.7554853 0.8017358
v -0.0227009 0.4300255 -0.0038513
vn -5.2981601 3.2744069 0.6728486
v -0.0242396 0.4272997 -0.0040596
vn -5.4543362 3.0691121 0.1571089
v -0.0212471 0.4325390 0.0017322
vn -5.3818336 3.1266112 0.3549139
v -0.0213732 0.4326565 -0.0010291
vn -5.4352264 3.0526867 0.6443238
v -0.0214551 0.4328519 -0.0037828
vn -0.1614000 4.1265664 0.2513917
v -0.0198632 0.4346055 -0.0011023
vn -0.4620163 3.6694889 0.5263674
v -0.0201169 0.4350163 -0.0036329
vn 4.1138611 4.6760311 -0.0774859
v -0.0181444 0.4327257 -0.0013916
vn 4.4501376 4.2498169 0.6560866
v -0.0184611 0.4330926 -0.0039669
vn 3.5479512 5.1646748 -0.3147455
v -0.0155960 0.4308617 -0.0018653
vn 3.8439543 4.8622622 0.3231806
v -0.0161905 0.4311241 -0.0045424
vn 2.9698474 5.4996328 -0.4693221
v -0.0127481 0.4290266 -0.0025449
vn 3.4381912 5.0224485 0.4809604
v -0.0138025 0.4293439 -0.0054737
vn 4.1907415 2.2056425 -1.3104628
v -0.0101602 0.4277546 -0.0034368
vn 2.9719992 5.5257111 -0.1450843
v -0.0122262 0.4290657 0.0005599
vn 4.2710028 1.9949195 -0.0765177
v -0.0093316 0.4276218 0.0002669
vn 5.7000551 -1.8645939 -0.4028260
v -0.0097965 0.4247893 0.0000783
vn 5.2946615 -1.7703638 -2.1989386
v -0.0106326 0.4250520 -0.0038283
vn 5.6982570 -2.4719527 -0.7540269
v -0.0114789 0.4217414 -0.0000345
vn 5.3651099 -2.1563151 -2.3302026
v -0.0123824 0.4221142 -0.0039989
vn 4.9104195 -3.3245373 -0.7462463
v -0.0126083 0.4186281 -0.0001998
vn 4.0636539 -3.1250708 -2.0626204
v -0.0134009 0.4188842 -0.0045216
vn -0.1168584 -4.5015531 -0.2140949
v -0.0144967 0.4170303 -0.0002228
vn 4.4954529 -3.0090172 1.0898058
v -0.0123661 0.4185714 0.0042440
vn 0.0306543 -4.7029452 0.4575910
v -0.0143515 0.4171326 0.0040660
vn -3.9493363 -4.8330131 -0.3096803
v -0.0164170 0.4190305 0.0035853
vn -4.0803537 -4.6622224 0.2804654
v -0.0164795 0.4191887 -0.0001611
vn -3.1796348 -5.3755479 -0.1526318
v -0.0191175 0.4209718 0.0030255
vn -3.0213182 -5.4532375 0.2298243
v -0.0192313 0.4210396 -0.0002499
vn -1.8842056 -5.9333701 0.2958031
v -0.0221280 0.4223538 0.0026221
vn -1.7945672 -6.0003242 0.0472478
v -0.0223197 0.4222820 -0.0004074
vn -3.6955938 -4.0412221 0.1472195
v -0.0250064 0.4228808 -0.0005588
vn -5.3518209 0.6897175 -0.2943273
v -0.0259180 0.4249576 -0.0041609
vn 5.5311441 -1.9810615 1.6267469
v -0.0114170 0.4217735 0.0040419
vn 5.2062521 -1.5400348 2.7958226
v -0.0132398 0.4229144 0.0074305
vn 5.4943390 -1.4871533 1.4693531
v -0.0100616 0.4247715 0.0040030
vn 5.1590772 -2.1329792 2.6155682
v -0.0114420 0.4256333 0.0073589
vn 4.8667412 2.0922406 0.9157534
v -0.0099362 0.4274305 0.0039032
vn 5.0468941 1.5613987 0.8689491
v -0.0107815 0.4280294 0.0070117
vn 5.1478167 1.0941060 0.1779850
v -0.0114596 0.4293269 0.0095946
vn 3.5968480 5.0477638 -0.9314103
v -0.0128230 0.4296893 0.0065055
vn 3.3212702 5.3007050 -0.1676190
v -0.0124969 0.4290810 0.0036198
vn 3.4865839 5.2120457 -0.2621573
v -0.0154188 0.4310114 0.0037310
vn 3.3656387 5.1233573 -1.0822700
v -0.0155956 0.4313465 0.0065561
vn 3.9038758 4.8901510 -0.1241577
v -0.0180305 0.4328503 0.0040508
vn 4.0133057 4.8054280 -0.1982316
v -0.0179412 0.4327523 0.0012693
vn -0.2101479 4.0805683 -0.0215550
v -0.0197614 0.4346029 0.0015309
vn -0.4833593 4.0719790 -0.1430549
v -0.0199266 0.4345886 0.0042926
vn 3.4543829 5.2404103 -0.2176780
v -0.0153014 0.4309057 0.0009117
vn -5.5808578 2.8298254 -0.3665300
v -0.0212618 0.4324364 0.0046051
vn -1.4591101 5.0265732 2.8806758
v -0.0176022 0.4245844 0.0210161
vn -3.8864059 3.7273753 -2.4848671
v -0.0186615 0.4240279 0.0202353
vn -3.9336429 3.6694813 2.2936287
v -0.0161854 0.4265274 0.0186786
vn -5.3276300 2.4167066 0.0203836
v -0.0171024 0.4245715 0.0177400
vn -2.3971610 4.6633320 -2.0940022
v -0.0218143 0.4332815 0.0130478
vn -2.2772996 -5.8363976 0.1520405
v -0.0021463 0.4647337 0.0015379
vn -1.2456012 -5.9474916 0.8540903
v -0.0009997 0.4642802 0.0025439
vn -1.0112611 -5.8553557 1.6594379
v -0.0033534 0.4653305 0.0050679
vn -1.5469899 -6.0780563 0.1995753
v -0.0040202 0.4652723 0.0025096
vn -2.6345448 -5.6363945 0.1169913
v -0.0019192 0.4646685 -0.0008300
vn -0.7051690 -5.6771445 0.3824477
v -0.0000850 0.4635580 -0.0008910
vn -1.2124221 -6.1006832 0.1970742
v -0.0042010 0.4654151 -0.0006095
vn -2.4220207 -5.7793884 0.0070198
v -0.0022209 0.4646774 -0.0030801
vn -1.9846520 -5.8281975 -0.6982411
v -0.0011641 0.4641664 -0.0040556
vn -1.0839990 -6.1644340 -0.2660468
v -0.0042774 0.4652870 -0.0035314
vn -1.2591637 -6.0687866 -0.8032791
v -0.0038149 0.4654503 -0.0057856
vn 2.8828270 5.2161164 -1.9398673
v -0.0008302 0.4774571 0.0069830
vn 2.9856558 1.3055073 1.2805579
v 0.0008393 0.4769228 0.0081790
vn 4.3486471 1.2617587 1.5900022
v 0.0017746 0.4751069 0.0056390
vn 3.0057046 5.4027076 -0.9289044
v -0.0003263 0.4765017 0.0050374
vn 2.7891283 5.3333521 -1.3695796
v -0.0033085 0.4777671 0.0049393
vn 3.1201651 4.9081073 -2.3222616
v -0.0031930 0.4789389 0.0076937
vn 3.7526009 2.3537731 1.4222485
v -0.0013706 0.4786066 0.0097021
vn 2.3930745 1.1242350 2.0422716
v -0.0025388 0.4747625 0.0181147
vn 2.5492821 -2.4962029 -1.7521605
v -0.0031724 0.4720318 0.0169183
vn 3.9986413 -2.8562169 -2.3721602
v -0.0030363 0.4740703 0.0153679
vn 1.4446800 1.2432438 0.5617638
v -0.0021116 0.4773878 0.0156798
vn -2.9398012 -1.0289116 -3.8649101
v -0.0052976 0.4722859 0.0170379
vn -2.5991855 -2.4396079 -2.4184797
v -0.0046134 0.4733504 0.0158587
vn 5.5134578 -2.1059933 -0.9999203
v -0.0033843 0.4755916 0.0133110
vn 1.6281353 2.5828514 2.4205484
v -0.0033585 0.4796270 0.0126840
vn -1.1250029 -3.4930267 -0.0786691
v -0.0045760 0.4741127 0.0141175
vn 2.5327468 5.1241655 2.2397704
v -0.0029686 0.4777445 -0.0072660
vn 2.5882483 5.5904894 0.7978986
v -0.0024885 0.4770451 -0.0054269
vn 3.1274381 5.3323293 0.7480626
v 0.0000231 0.4762112 -0.0061782
vn 3.1973803 4.8608770 1.2515535
v -0.0013483 0.4778771 -0.0085093
vn 2.0233781 4.5785551 -0.6019958
v -0.0040545 0.4801024 -0.0100897
vn 3.1893437 4.8672161 2.2798431
v -0.0047434 0.4790028 -0.0075007
vn 3.1195655 5.3266602 0.9378808
v -0.0049567 0.4784115 -0.0052415
vn 2.4989557 4.7703924 -3.1071956
v -0.0062112 0.4804043 0.0069877
vn 1.9995383 4.5413518 -0.8384019
v -0.0055268 0.4814561 0.0084226
vn 3.0200748 5.1694870 -0.2265558
v -0.0040024 0.4804294 0.0094348
vn 4.0436320 2.6646781 1.7093951
v -0.0024506 0.4794324 0.0110272
vn -0.0548448 4.8603611 3.0448563
v -0.0057026 0.4806893 0.0106811
vn 3.4664786 1.1320262 -2.5392599
v -0.0001065 0.4766653 -0.0098674
vn 4.0042109 2.1206737 -3.3698573
v -0.0028351 0.4779959 -0.0116337
vn 5.4078040 -2.1477427 1.7700987
v -0.0032942 0.4757361 0.0119115
vn -1.6028644 3.3254974 4.7769489
v -0.0080183 0.4782754 0.0117180
vn -3.1845918 1.6122832 4.9235139
v -0.0056195 0.4772205 0.0128750
vn 1.0062467 -2.7530310 4.8395748
v -0.0056716 0.4732934 0.0123199
vn 0.8023260 -3.8096085 4.8117843
v -0.0070714 0.4711823 0.0111297
vn 1.4868822 -3.7223997 4.5649748
v -0.0058715 0.4705405 0.0104580
vn 3.2811031 -2.7775097 4.2281108
v -0.0044752 0.4721903 0.0109995
vn 2.8198562 -2.0725682 5.0565176
v -0.0040094 0.4694152 0.0087448
vn 3.8108001 -2.4370687 4.2712154
v -0.0029236 0.4713108 0.0084845
vn 0.5085891 0.4839049 3.5791605
v -0.0072800 0.4692726 0.0244378
vn 1.0643281 -1.5029098 0.9539638
v -0.0061653 0.4666611 0.0236161
vn 2.9612625 -2.4518957 -0.3277876
v -0.0051398 0.4684826 0.0209282
vn 3.8432655 2.0426788 3.4607668
v -0.0053583 0.4709438 0.0213378
vn -3.7760921 -1.5085417 1.7524211
v -0.0087813 0.4680697 0.0232553
vn -1.1269796 -2.6628113 -0.1666885
v -0.0079734 0.4665542 0.0226662
vn -2.0344055 -4.1195259 -2.8033595
v -0.0078977 0.4689108 0.0199224
vn -0.2544897 -3.9790030 -4.7718048
v -0.0080649 0.4692344 -0.0107521
vn 1.7875766 -3.1176329 -5.0171542
v -0.0049431 0.4683943 -0.0096363
vn -0.0882831 -4.4990473 -4.0452795
v -0.0064264 0.4668810 -0.0088207
vn -2.1949418 -2.9285271 -3.5281324
v -0.0104125 0.4674847 -0.0093891
vn -0.5724059 -1.2374351 -5.0172319
v -0.0064880 0.4711209 0.0178941
vn 1.1421373 -5.4583926 -0.4727416
v -0.0102171 0.4712545 0.0177287
vn 4.5373693 0.6867381 -2.9205110
v -0.0088809 0.4726035 0.0174425
vn 2.6805565 -2.7245338 -1.1436192
v -0.0040175 0.4703999 0.0184819
vn -4.5443997 2.4720082 2.5882859
v -0.0044549 0.4762833 0.0151906
vn 1.9334632 -1.8385665 -1.8531817
v -0.0065779 0.4676641 -0.0249669
vn 3.7477937 -2.3587654 -0.4050019
v -0.0051879 0.4692853 -0.0224001
vn 0.0253080 -4.4998312 3.1019719
v -0.0077135 0.4687150 -0.0209540
vn -0.2675452 -3.1092563 0.1078803
v -0.0082450 0.4666623 -0.0238468
vn -2.7088795 -1.9977119 -2.0456691
v -0.0096293 0.4679546 -0.0247507
vn 0.4796625 1.1158830 -4.0293684
v -0.0079408 0.4700059 -0.0256600
vn 2.8002405 2.6886194 -4.1894841
v -0.0059406 0.4714881 -0.0230011
vn -4.2969708 -3.5871737 -1.0184383
v -0.0103634 0.4696263 -0.0230045
vn -5.6559629 -2.3632584 0.3147479
v -0.0089558 0.4703457 0.0213691
vn -1.2471948 -4.4168677 2.1704459
v -0.0105156 0.4722202 0.0199531
vn 0.4220325 -3.0400226 2.7969084
v -0.0050783 0.4709957 -0.0182948
vn -3.6308799 -0.6306810 4.6701756
v -0.0059970 0.4723337 -0.0186023
vn 1.0958196 -3.3436351 4.4046979
v -0.0095603 0.4710421 -0.0191378
vn 4.6939554 -2.2552116 0.0568113
v -0.0035768 0.4719045 -0.0195930
vn 1.1015317 -4.6839828 -3.0152674
v -0.0130741 0.4706688 -0.0216630
vn 0.4925193 5.5166321 -2.2444682
v -0.0081273 0.4730424 -0.0214796
vn -2.2019374 4.5974426 -1.8811542
v -0.0055542 0.4743624 -0.0201186
vn 2.6402698 1.9873818 -3.3036485
v -0.0039232 0.4738941 -0.0207727
vn 0.6183156 4.2314925 3.5972707
v -0.0083560 0.4727539 -0.0197003
vn -4.5110407 3.1588144 2.3269382
v -0.0060350 0.4734738 -0.0190880
vn 3.3619246 4.2761927 -2.2458532
v -0.0112349 0.4748635 -0.0198522
vn 4.2095666 3.4381204 1.9924431
v -0.0099051 0.4737087 -0.0186734
vn -1.2962204 2.2815127 -3.7685881
v -0.0101671 0.4718183 -0.0241242
vn -1.5782678 -4.6126394 3.3618500
v -0.0089705 0.4698382 0.0094448
vn -5.1161575 -1.9738204 1.4258060
v -0.0102933 0.4708485 0.0084544
vn -3.2918057 -1.4980532 1.4880084
v -0.0118919 0.4679246 0.0068364
vn -1.3354790 -4.7546463 2.5051062
v -0.0096050 0.4667582 0.0067056
vn -0.8830752 -5.3761258 2.4428449
v -0.0064785 0.4661679 0.0061389
vn -0.0135144 -3.9843214 4.6846662
v -0.0057013 0.4681801 0.0084656
vn -1.1046014 1.5964767 3.0618653
v -0.0089074 0.4719699 0.0228930
vn 2.3974912 5.3711357 2.1030092
v -0.0067209 0.4801448 -0.0071400
vn -0.2606539 4.6922913 -0.6463715
v -0.0080035 0.4810139 -0.0081302
vn 1.9178765 5.7817926 1.3287628
v -0.0074123 0.4797955 -0.0052108
vn -2.0525708 4.7404251 0.9673051
v -0.0098172 0.4802863 -0.0053884
vn 3.8473678 4.5140090 -1.5891815
v -0.0086699 0.4731423 0.0187465
vn 5.4170856 3.1282547 0.4779230
v -0.0102956 0.4754287 0.0174341
vn 4.7034407 3.9209781 1.1642274
v -0.0101373 0.4748840 0.0192563
vn -0.7441831 3.4965937 -4.5854459
v -0.0085253 0.4769928 -0.0132419
vn 3.8625543 4.2601089 -1.3952705
v -0.0113687 0.4761708 -0.0159644
vn -0.0014546 5.6303625 1.5931824
v -0.0127929 0.4766119 -0.0132203
vn -3.5285425 4.3901167 -0.5967295
v -0.0110712 0.4773108 -0.0112695
vn -3.8126321 3.3391502 -1.3922145
v -0.0104224 0.4794355 -0.0090867
vn -0.6924024 4.4641447 -2.5308423
v -0.0066040 0.4797659 -0.0121279
vn -4.0030956 2.1834593 -3.7484202
v -0.0054195 0.4768179 -0.0144390
vn -3.8366451 0.1079730 -3.6623106
v -0.0056418 0.4751901 -0.0141622
vn 1.7365532 -0.2844140 -5.1188650
v -0.0084564 0.4744737 -0.0135477
vn 5.3447256 -1.0278394 -0.4922067
v -0.0103424 0.4733219 -0.0165540
vn 3.2939839 -4.8184543 0.5691094
v -0.0104812 0.4709167 0.0140390
vn 5.8373361 -0.1350189 1.1529419
v -0.0094108 0.4735029 0.0144805
vn 3.8136873 4.1276779 1.6689258
v -0.0103800 0.4764115 0.0141048
vn 2.8199174 5.3796644 -1.5028875
v -0.0062207 0.4794622 0.0047344
vn 2.6259544 5.6600103 -0.6256735
v -0.0055803 0.4787891 0.0021423
vn -0.0398712 5.5023327 -1.6844882
v -0.0082910 0.4798744 0.0019150
vn -0.1399133 5.4517384 -1.3023481
v -0.0087620 0.4807547 0.0046911
vn -1.3845598 4.5826969 -0.4752172
v -0.0084800 0.4815092 0.0071950
vn 3.1623976 -5.0403218 1.6717205
v -0.0136265 0.4710645 0.0205735
vn 2.2545438 -5.6390934 1.5379201
v -0.0135407 0.4701605 0.0173816
vn 2.5806684 -5.4651327 -0.4708234
v -0.0136524 0.4693849 0.0144688
vn -6.1921501 -0.4801348 -0.7801685
v -0.0101396 0.4761954 0.0017826
vn -6.1034317 0.5223544 -0.6387911
v -0.0099542 0.4733715 0.0016053
vn -6.1312499 0.3506665 -1.0288932
v -0.0104686 0.4734506 0.0042951
vn -6.1578484 -0.6404206 -0.9905152
v -0.0107331 0.4768561 0.0044117
vn -5.7593498 1.9895031 -0.1654034
v -0.0102899 0.4715890 0.0013482
vn -6.0752964 1.3223323 -0.8386557
v -0.0110227 0.4701442 0.0029729
vn -5.9320426 1.4828711 0.4740832
v -0.0115169 0.4696735 0.0060611
vn -6.0651760 -0.2527192 0.2885574
v -0.0107212 0.4719483 0.0069813
vn -1.1107625 -5.5419235 -1.8931879
v -0.0116186 0.4709449 0.0114516
vn 3.1413274 -3.4917011 3.8030519
v -0.0083681 0.4713202 0.0118257
vn 1.6407882 -4.5677838 -3.5012536
v -0.0143060 0.4701159 0.0118987
vn -5.1024170 1.1312499 0.1634849
v -0.0113074 0.4784835 -0.0056282
vn -6.1541753 0.1787572 1.0845398
v -0.0107639 0.4748055 -0.0050144
vn -5.9012504 0.4959022 1.2610555
v -0.0100061 0.4740743 -0.0025568
vn -6.0133686 0.2638972 1.6080725
v -0.0103662 0.4768689 -0.0027828
vn -6.1023512 1.2069496 0.6997888
v -0.0103883 0.4721619 -0.0021390
vn -6.0567927 1.0593970 0.9335054
v -0.0107213 0.4710303 -0.0036069
vn -6.1773653 0.9907588 0.0994587
v -0.0108133 0.4701072 -0.0002994
vn -6.0374384 1.6942443 0.2518658
v -0.0104079 0.4716150 -0.0003704
vn -6.0789289 0.7937954 0.2168364
v -0.0098802 0.4734249 -0.0004260
vn -6.2347040 0.1184208 0.0055514
v -0.0100166 0.4760083 -0.0004435
vn -6.0831099 1.0456833 1.1499616
v -0.0111130 0.4749282 -0.0075276
vn -6.1394892 0.8985065 0.6303038
v -0.0113373 0.4712458 -0.0064877
vn -4.4942842 -0.2841047 -2.0011256
v -0.0120499 0.4687258 -0.0080789
vn -5.6167064 -0.6250589 0.4731508
v -0.0120674 0.4682427 -0.0060344
vn -5.9552546 -0.4080266 -0.6300486
v -0.0111353 0.4710026 -0.0084480
vn -2.4069638 -4.0309792 -1.0219810
v -0.0108382 0.4658220 -0.0064838
vn 2.8191516 -0.3110178 4.5440197
v -0.0126925 0.4733425 0.0227927
vn -0.3909341 -1.1502043 5.0822282
v -0.0104412 0.4731325 0.0214096
vn 2.8496144 4.0217891 2.6144664
v -0.0098282 0.4743387 0.0208792
vn 3.4357827 2.3489435 4.5398970
v -0.0122005 0.4753942 0.0216082
vn 3.8989224 3.8095939 -1.8238666
v -0.0124399 0.4776202 0.0156121
vn 5.5718160 2.3554044 0.6892408
v -0.0117890 0.4778053 0.0183929
vn -2.1133370 5.5372853 0.5675869
v -0.0108448 0.4768204 0.0118559
vn 1.2607390 4.9917068 -2.3056934
v -0.0128658 0.4768697 0.0134475
vn -3.2699623 3.7252500 1.9021375
v -0.0098190 0.4791687 -0.0025920
vn 0.8031119 1.3442528 -5.3465695
v -0.0132510 0.4725654 -0.0228200
vn 0.3622022 1.5268960 -5.6648946
v -0.0161036 0.4753929 -0.0221609
vn 4.1515112 2.5738389 -3.6489623
v -0.0136179 0.4771312 -0.0199631
vn 5.4909220 2.3573232 0.0278555
v -0.0132233 0.4782355 -0.0170724
vn 2.4405553 -5.5222898 1.3442303
v -0.0131342 0.4706108 -0.0134193
vn 2.4331009 -4.2780523 3.8220668
v -0.0153398 0.4696951 -0.0129868
vn 3.2220361 -4.7172561 0.9624212
v -0.0156192 0.4678857 -0.0151083
vn 3.8734083 -4.7375207 -0.7376537
v -0.0124017 0.4707138 -0.0155433
vn -2.2554114 -4.5475931 2.1783297
v -0.0119826 0.4715183 -0.0112864
vn -0.3323255 -1.6660496 5.8407979
v -0.0148146 0.4720496 -0.0114972
vn 1.0001931 -3.9857709 -3.9661057
v -0.0092461 0.4713492 -0.0132818
vn 2.6184583 3.3239870 4.2462964
v -0.0145743 0.4779396 -0.0141540
vn -5.5078917 -0.1699744 -2.6845670
v -0.0115458 0.4739610 0.0085302
vn -3.0813437 -2.1753020 -4.5303230
v -0.0125099 0.4726296 0.0098476
vn -5.8429503 1.9803966 -0.6935695
v -0.0112235 0.4763803 0.0088547
vn -6.1748962 0.4616092 -0.9954323
v -0.0111570 0.4755262 0.0073777
vn -4.3571024 3.3964429 -2.5966778
v -0.0117857 0.4757629 0.0098773
vn 1.9373620 -2.5373559 -0.9377985
v -0.0169592 0.4673176 -0.0234078
vn -0.1159406 0.4550101 -5.3393736
v -0.0176335 0.4691623 -0.0240772
vn 1.2621509 -0.9163078 2.8215680
v -0.0151621 0.4702565 0.0246147
vn 3.7644682 -5.0003481 0.0358252
v -0.0154428 0.4697998 0.0225446
vn 3.6970744 -4.8631630 -0.9519789
v -0.0177760 0.4683614 0.0220067
vn 3.2000141 -5.2387972 0.5215749
v -0.0170253 0.4690407 0.0195634
vn 2.6722603 -5.5274582 1.2759806
v -0.0166440 0.4684061 0.0167707
vn 3.1478653 -5.3580518 -0.8356780
v -0.0153579 0.4690950 -0.0208210
vn 2.6660185 -4.3740654 1.9912274
v -0.0167213 0.4684634 -0.0224859
vn 3.1311076 -5.2715673 0.4252909
v -0.0137118 0.4699527 -0.0184244
vn 3.7909956 2.4545577 1.2874116
v -0.0134748 0.4802955 -0.0160436
vn -1.1525362 4.3778911 -0.1268465
v -0.0153464 0.4811655 -0.0170897
vn -1.0556142 3.4463634 2.2213254
v -0.0154076 0.4806895 -0.0150409
vn 2.7454274 2.0507131 3.4638278
v -0.0141202 0.4800176 -0.0148520
vn 2.6287444 2.3500762 -1.6068223
v -0.0135962 0.4804733 -0.0185695
vn 1.9008093 3.0619912 -2.7997174
v -0.0147338 0.4796223 -0.0204273
vn -3.1286485 4.5127115 -1.2447863
v -0.0167154 0.4795988 -0.0195052
vn 0.3017935 -1.8627092 2.0653801
v -0.0196586 0.4662472 0.0239277
vn -2.0793636 3.4564888 3.0715120
v -0.0164486 0.4790218 -0.0142529
vn 1.0594910 2.4342866 5.5083361
v -0.0167934 0.4753617 -0.0116091
vn -2.0279186 2.4959188 5.0661707
v -0.0139900 0.4747926 -0.0113115
vn -2.7897692 2.4730134 -5.0528040
v -0.0195499 0.4705427 -0.0223626
vn 0.4166809 1.7157623 -3.3357351
v -0.0160764 0.4784459 -0.0220935
vn 3.7389450 -4.8184595 -0.6003522
v -0.0178944 0.4675123 -0.0201677
vn 4.2462816 -4.5456581 0.7377386
v -0.0195792 0.4655933 -0.0217702
vn 1.1393936 -2.3305733 -2.5582852
v -0.0199886 0.4649931 -0.0237243
vn -0.8563092 3.8737173 1.1212949
v -0.0143703 0.4817725 0.0199465
vn 2.6135099 2.1548200 0.9828031
v -0.0120498 0.4812545 0.0197044
vn 1.9250016 2.9800000 -2.1545298
v -0.0129420 0.4806657 0.0159083
vn -2.9474642 4.8389850 -1.3153861
v -0.0151558 0.4806640 0.0172512
vn -1.8297180 3.0105977 2.8908491
v -0.0158790 0.4798144 0.0218266
vn 2.1694508 1.6221145 4.6730881
v -0.0139533 0.4785771 0.0222464
vn -4.9298954 3.8903191 -0.0088007
v -0.0168511 0.4786757 0.0192471
vn -5.0798564 3.6446190 0.5904161
v -0.0172727 0.4782493 -0.0162161
vn -3.8890781 3.0303836 -2.1433713
v -0.0185093 0.4774265 -0.0209822
vn -3.5697169 1.7989926 -2.5328803
v -0.0200539 0.4751456 -0.0209346
vn 1.0379884 3.3450713 -5.0432305
v -0.0156403 0.4764092 0.0112552
vn 1.9822831 2.5372696 -5.1416149
v -0.0181011 0.4755369 0.0100557
vn -1.3853643 4.5014277 -1.3563831
v -0.0188951 0.4773673 0.0115094
vn -1.7482374 4.4630003 -1.7872666
v -0.0166225 0.4790811 0.0137335
vn 0.4773673 -0.9401413 -5.9157653
v -0.0151594 0.4725563 0.0103449
vn 2.3136992 -0.6846144 -5.6885076
v -0.0175984 0.4722387 0.0100588
vn -1.5941546 4.3287191 2.0790982
v -0.0181835 0.4771717 -0.0126862
vn 2.7455182 1.5067587 5.3888760
v -0.0199703 0.4741524 -0.0102366
vn 3.2837424 -0.3730977 5.3056364
v -0.0201944 0.4712624 -0.0098076
vn 1.9997931 -0.5688977 5.8618960
v -0.0175128 0.4717557 -0.0110926
vn -0.3219878 4.1158113 1.5040798
v -0.0203147 0.4760803 -0.0110036
vn 1.0117166 -5.0502748 -1.1811018
v -0.0199418 0.4665723 0.0119120
vn 2.4989583 -4.9187579 -0.8714217
v -0.0164788 0.4677495 0.0136570
vn 1.0790715 -5.7654567 0.7411293
v -0.0193452 0.4669644 0.0160895
vn -2.9330430 -4.4871407 -0.3946097
v -0.0214144 0.4672021 0.0158671
vn -3.5127563 -3.6089950 0.8071406
v -0.0225262 0.4672023 0.0123067
vn 3.5651989 -2.7173467 -4.1591072
v -0.0195839 0.4689198 0.0094815
vn 2.8197324 -3.3089824 -4.3190360
v -0.0169265 0.4694451 0.0111957
vn 1.3770757 -4.9217219 1.8343153
v -0.0195780 0.4659980 -0.0135577
vn 3.0760617 -3.2363338 4.2747369
v -0.0181882 0.4687065 -0.0118074
vn 3.4723952 -2.4886756 4.4427862
v -0.0208355 0.4683022 -0.0100359
vn 0.0888506 -3.7595670 0.6947704
v -0.0220860 0.4662090 -0.0106585
vn 2.3877914 -5.6090384 0.7315266
v -0.0197484 0.4656072 -0.0169712
vn 3.4448874 -5.1609969 -0.7467971
v -0.0166658 0.4676054 -0.0177521
vn -4.4702749 -3.3089292 -2.3685014
v -0.0233991 0.4676028 -0.0113088
vn -4.5464449 -3.0861082 1.2511926
v -0.0225932 0.4669957 -0.0141258
vn -2.8338623 -2.8133092 1.5461736
v -0.0231283 0.4652556 -0.0165787
vn -5.1517749 3.5115488 0.7528508
v -0.0184024 0.4771175 -0.0185284
vn 3.6334696 -4.8878222 -1.2555171
v -0.0205631 0.4659739 0.0207210
vn -0.8385478 -2.5638349 0.7803562
v -0.0220019 0.4648155 0.0216301
vn -1.2541140 -3.1160018 -1.3081145
v -0.0223657 0.4655256 0.0186659
vn 2.9666193 -5.2583551 -0.7025886
v -0.0194269 0.4675464 0.0189524
vn 3.1947234 -5.1819935 0.9666965
v -0.0211997 0.4643123 -0.0210822
vn 2.2094040 -5.4797435 0.9886023
v -0.0212456 0.4645341 -0.0192016
vn -0.8024328 -2.1313288 -0.8776119
v -0.0226434 0.4632421 -0.0222483
vn -2.3848715 -2.4370914 0.5449603
v -0.0235109 0.4640916 -0.0193885
vn -4.9283743 3.8766367 0.0751925
v -0.0182612 0.4768048 0.0206124
vn -2.7690752 1.7786123 2.6089380
v -0.0192132 0.4757487 0.0226714
vn -4.6498666 4.1827240 0.2616622
v -0.0181344 0.4769869 0.0165567
vn -5.1062407 2.9150808 0.8423485
v -0.0213621 0.4736753 0.0187671
vn -4.5693369 1.1824377 3.2318525
v -0.0208991 0.4725076 0.0215289
vn -3.7036278 2.3796413 -4.2951326
v -0.0213724 0.4682715 -0.0226146
vn -1.8848982 0.5738178 -5.0990834
v -0.0208750 0.4667182 -0.0238111
vn -4.1962004 0.2293706 -3.1912155
v -0.0228801 0.4655639 -0.0225392
vn -5.6784968 1.4004085 -1.6253077
v -0.0230156 0.4674391 -0.0206728
vn -4.4266782 2.2322588 -2.1382470
v -0.0218870 0.4715946 -0.0205358
vn -5.3000150 3.2450073 -0.2116050
v -0.0203429 0.4737628 -0.0170846
vn -4.8478775 2.7030005 -2.6902246
v -0.0218851 0.4729528 -0.0138360
vn -3.6335783 4.1909161 -2.5972724
v -0.0207744 0.4748738 -0.0124914
vn -4.6421075 4.0748959 -0.8186498
v -0.0188786 0.4760399 -0.0146446
vn -5.3152809 1.5061202 2.2863610
v -0.0224970 0.4676085 0.0213488
vn -4.2014527 2.3024967 3.7879791
v -0.0211709 0.4690060 0.0224045
vn -5.4860220 1.6813123 2.0541477
v -0.0219382 0.4699304 0.0204496
vn -5.9666662 1.4888216 0.1154397
v -0.0226810 0.4681795 0.0193014
vn -4.5434055 -0.5127705 2.3728857
v -0.0226513 0.4664700 0.0216494
vn -3.0665305 0.8533517 4.9472299
v -0.0205098 0.4679496 0.0234326
vn -5.5574794 -0.6927209 -0.8751218
v -0.0229015 0.4668040 0.0188421
vn -5.0645027 -0.8635140 -0.1485055
v -0.0222963 0.4708183 0.0185530
vn -6.0490112 0.5112114 -0.0126395
v -0.0216707 0.4707134 0.0163834
vn -5.4373097 2.7395103 0.8235212
v -0.0212839 0.4736185 0.0154457
vn -2.3368068 4.9962001 1.9473960
v -0.0299913 0.4759056 0.0020728
vn -2.7977533 4.6221352 2.9734278
v -0.0259408 0.4759015 0.0053616
vn 1.5330459 3.5732017 -0.5068940
v -0.0243469 0.4769113 0.0044167
vn 1.5515168 3.4904013 -0.7405635
v -0.0261782 0.4772457 0.0014352
vn -2.2805207 4.5396090 1.6241026
v -0.0340409 0.4746343 0.0010715
vn -2.6231666 2.3348131 5.0112562
v -0.0338015 0.4723436 0.0029587
vn -2.9343328 2.5336041 4.6398368
v -0.0307672 0.4730616 0.0043921
vn -2.6148043 4.9792299 -1.6558433
v -0.0308867 0.4756197 -0.0028497
vn -2.7608762 4.4677920 -2.4167249
v -0.0344626 0.4740044 -0.0018617
vn 0.4914125 5.6231818 -0.1135217
v -0.0277842 0.4765832 -0.0018796
vn 3.2739854 -5.1553106 0.1404650
v -0.0307999 0.4670502 -0.0000770
vn 1.4784611 -4.7176743 -0.8561561
v -0.0287364 0.4670612 0.0026639
vn -1.0342546 -4.2884946 3.3770144
v -0.0298040 0.4674748 0.0039988
vn 0.6242129 -4.7277117 2.9237134
v -0.0321512 0.4667592 0.0025663
vn 1.7083642 -5.2712841 -1.4320958
v -0.0335210 0.4655412 -0.0017982
vn -0.8512146 -4.1657424 -1.7354631
v -0.0311900 0.4662102 -0.0047997
vn 3.1825390 -4.7091007 1.7815745
v -0.0296103 0.4669656 -0.0035042
vn 4.5376692 -2.6363459 3.0717745
v -0.0285568 0.4689674 -0.0033271
vn 5.0587549 -2.9447641 -0.5590526
v -0.0292128 0.4693538 -0.0005835
vn 4.2781825 -2.4274440 -3.8543115
v -0.0269277 0.4699987 0.0020446
vn 1.3961279 3.6132383 0.0371428
v -0.0259400 0.4767956 -0.0048445
vn -3.0034943 4.3366418 -3.1377702
v -0.0287650 0.4749663 -0.0060318
vn -1.0807337 0.7625006 -6.1200027
v -0.0454512 0.4660878 -0.0015822
vn -1.2079985 1.1197058 -6.0070338
v -0.0432871 0.4669394 -0.0018891
vn -0.7658318 -1.2431965 -5.8923287
v -0.0433632 0.4640175 -0.0020315
vn -0.7424659 -0.9274750 -6.0649619
v -0.0461960 0.4638425 -0.0015378
vn -2.5296502 2.5517585 -4.0567927
v -0.0466251 0.4675414 -0.0011199
vn -1.6712918 3.4434845 -4.1464038
v -0.0436242 0.4694237 -0.0010877
vn -3.1151652 1.0663137 -4.0919409
v -0.0485512 0.4645155 -0.0011703
vn -1.7566729 -1.8962759 -1.7963018
v -0.0492219 0.4619958 -0.0008858
vn -0.1348157 -4.1939969 -2.3077865
v -0.0467173 0.4617285 -0.0007668
vn -0.4551504 -2.9558907 3.4087882
v -0.0471997 0.4620289 0.0011080
vn -1.9525068 -0.8579316 0.7919252
v -0.0499049 0.4623226 0.0004927
vn -3.2584634 1.3924298 1.4158143
v -0.0491596 0.4650512 0.0005038
vn -0.9967391 0.1429246 6.1175485
v -0.0468362 0.4645638 0.0012227
vn 0.2084967 -3.5439236 3.7237267
v -0.0439312 0.4622151 0.0010215
vn -0.3169188 -0.5544669 6.2160754
v -0.0443346 0.4645134 0.0013983
vn -0.5119975 0.0350614 6.2608733
v -0.0441434 0.4660553 0.0013992
vn -0.9868951 0.6772320 6.1376300
v -0.0454806 0.4668266 0.0012497
vn -2.2984407 2.3470967 1.3453602
v -0.0470917 0.4683066 0.0006695
vn -0.9407546 1.3375905 5.9798012
v -0.0427675 0.4684337 0.0014339
vn -1.6519269 3.7659478 1.3635670
v -0.0436294 0.4702272 0.0005072
vn -1.4613096 1.9669294 5.7165556
v -0.0397614 0.4695472 0.0016721
vn -1.9448674 4.4550819 1.6164888
v -0.0404210 0.4711727 0.0005258
vn -2.0175426 4.0513201 -3.8955479
v -0.0405835 0.4704647 -0.0011132
vn -2.4820738 4.2393284 1.6974769
v -0.0374179 0.4727557 0.0007164
vn -2.8377550 4.1715732 -3.1754820
v -0.0376253 0.4720142 -0.0014006
vn -2.2010117 1.5211220 -5.5773454
v -0.0376627 0.4694792 -0.0027802
vn -1.5751294 1.4510050 -5.7806964
v -0.0404856 0.4680810 -0.0023097
vn -0.6467001 -1.6594394 -5.6944532
v -0.0373176 0.4662202 -0.0030490
vn -0.2575916 -1.3554480 -5.8326974
v -0.0402844 0.4647167 -0.0025184
vn 1.9470490 -4.4680634 -1.9348358
v -0.0368419 0.4637176 -0.0013143
vn 0.9758266 -3.7140253 -1.5974407
v -0.0400563 0.4619305 -0.0012549
vn -0.0284501 -4.3202572 -2.1810601
v -0.0435656 0.4618170 -0.0009814
vn 0.7557219 -3.5723615 3.5987499
v -0.0405479 0.4625609 0.0010889
vn 1.4783338 -3.6230674 3.4751265
v -0.0374385 0.4639356 0.0013160
vn -0.3360393 -1.3498042 6.1042576
v -0.0384725 0.4661725 0.0019584
vn -0.4129453 -0.8465764 6.2035956
v -0.0414231 0.4650660 0.0015380
vn -0.7478508 -0.0043640 6.2260056
v -0.0420151 0.4668489 0.0016141
vn -1.1834246 0.1883328 6.0782652
v -0.0391657 0.4679374 0.0021289
vn -1.4458935 0.2043802 5.9556336
v -0.0363129 0.4690277 0.0027469
vn -2.0741284 2.2381873 5.4344850
v -0.0368134 0.4708781 0.0020966
vn -2.2180476 -0.0046523 5.8272543
v -0.0334443 0.4699783 0.0034690
vn -3.0406740 -0.3380849 5.4150119
v -0.0306520 0.4705427 0.0047990
vn -2.7271686 -2.1476707 4.4418526
v -0.0279704 0.4705273 0.0066013
vn -3.6481361 2.0375717 4.4654608
v -0.0279350 0.4728652 0.0063985
vn -4.6969290 -0.7048125 3.9821692
v -0.0248066 0.4712049 0.0092969
vn -4.5680423 2.1041102 3.5535140
v -0.0247276 0.4736010 0.0091044
vn -3.4391530 4.4927230 2.4830153
v -0.0237427 0.4756416 0.0081820
vn -4.8903422 1.9083126 2.8803861
v -0.0230374 0.4735284 0.0121775
vn -3.2224894 4.4112988 2.3453851
v -0.0220141 0.4758413 0.0110211
vn 0.5991608 4.3150911 -1.0271106
v -0.0207557 0.4768397 0.0094310
vn 1.0237753 3.8919826 -0.9104570
v -0.0224819 0.4766627 0.0070819
vn 3.9237957 1.7840523 -4.4425139
v -0.0200956 0.4749273 0.0086383
vn 4.6084538 1.1539457 -4.0309291
v -0.0219847 0.4747178 0.0065889
vn 4.9363484 0.5831233 -3.7315478
v -0.0239383 0.4748777 0.0041145
vn 5.5878038 -0.1372524 -2.6792352
v -0.0259101 0.4751895 0.0015248
vn 4.4723163 -0.5771093 -4.3459616
v -0.0219732 0.4720233 0.0065178
vn 4.5763350 -0.8448726 -4.1618681
v -0.0240944 0.4722883 0.0040629
vn 4.8855042 -1.5316455 -3.5587914
v -0.0262392 0.4726692 0.0016947
vn 4.7224531 -1.8727102 0.0711042
v -0.0283780 0.4720609 -0.0009600
vn 5.6658173 0.7057983 -0.0637994
v -0.0265798 0.4752980 -0.0013577
vn 4.0943460 -2.2036467 -4.1364875
v -0.0246695 0.4696749 0.0043734
vn 3.9467134 -2.1774118 -4.2439308
v -0.0222451 0.4693074 0.0069277
vn 0.4848390 -4.4375215 -1.3713702
v -0.0230529 0.4673232 0.0078074
vn 1.2707924 -4.1726704 -1.0834718
v -0.0254078 0.4678022 0.0049849
vn -4.1081781 -3.4129288 2.0344965
v -0.0242384 0.4681032 0.0087155
vn -3.0587287 -3.4257267 3.8943667
v -0.0262545 0.4686473 0.0059097
vn -4.9068546 -1.6582496 3.2712121
v -0.0243611 0.4696270 0.0089824
vn -5.8642855 -0.7621118 2.0507879
v -0.0227544 0.4690813 0.0123411
vn -5.7298775 -0.1907683 2.5039966
v -0.0229549 0.4708718 0.0124263
vn -2.4543605 -3.2531939 2.8732421
v -0.0264288 0.4699781 0.0062240
vn -6.0657692 -0.4151166 -0.0480416
v -0.0218135 0.4687304 0.0158895
vn 3.9597952 -0.3970893 -4.8207188
v -0.0197741 0.4719555 0.0085850
vn 4.9238753 -1.6534806 3.4756224
v -0.0264597 0.4724254 -0.0036248
vn 5.5704365 0.3885317 2.6441417
v -0.0256860 0.4748976 -0.0040442
vn 4.5788655 -0.7715338 4.2122569
v -0.0247115 0.4717740 -0.0058947
vn 4.9552479 1.0022367 3.5981176
v -0.0241779 0.4742740 -0.0063831
vn 1.3202649 3.9107187 0.3460648
v -0.0244094 0.4761043 -0.0072522
vn 4.1133580 1.3518261 4.5013533
v -0.0223372 0.4738765 -0.0085026
vn 1.2669821 4.2797685 1.4402106
v -0.0224894 0.4757864 -0.0092856
vn -2.4090295 4.4222641 -3.0990419
v -0.0233838 0.4751874 -0.0106661
vn -2.9757869 4.1720123 -3.4208164
v -0.0266110 0.4745355 -0.0084096
vn -3.5741460 1.6990587 -4.4975891
v -0.0241171 0.4731878 -0.0116449
vn -3.5722153 1.0997479 -4.5758944
v -0.0274743 0.4723330 -0.0094141
vn -3.6755586 1.6996089 -4.2940807
v -0.0299102 0.4724219 -0.0073899
vn -3.6548948 2.2058682 -4.1489630
v -0.0323291 0.4721476 -0.0053524
vn -3.0771019 -1.8722708 -4.9450908
v -0.0270721 0.4693050 -0.0092437
vn -3.4954207 -1.1272243 -5.0416241
v -0.0295872 0.4692506 -0.0074025
vn -3.3476536 -1.4772296 -4.8791785
v -0.0320957 0.4686645 -0.0056186
vn -1.3996282 -2.1410491 -5.2045174
v -0.0346453 0.4676160 -0.0040037
vn -3.0508411 1.8516821 -4.9597244
v -0.0349257 0.4710134 -0.0037556
vn -1.1625965 -4.1089673 -2.3047755
v -0.0289340 0.4667967 -0.0068565
vn -2.6147349 -3.7374873 -4.2058253
v -0.0255141 0.4678761 -0.0090486
vn 0.7857845 -3.9276643 0.8303329
v -0.0243800 0.4667124 -0.0082106
vn 2.3667181 -4.1118340 3.0624516
v -0.0264971 0.4672653 -0.0059206
vn 3.8898644 -1.9629538 4.4675040
v -0.0233481 0.4686503 -0.0079277
vn 4.0194526 -1.8167280 4.4386706
v -0.0255642 0.4692272 -0.0057101
vn 4.1133852 -0.4218702 4.6857395
v -0.0225838 0.4712787 -0.0079457
vn -4.6256390 -0.6171562 -3.9208925
v -0.0238717 0.4702740 -0.0115409
vn -5.8751354 1.2535187 -1.4620363
v -0.0227285 0.4699719 -0.0142709
vn -5.9841590 1.2706755 0.1282852
v -0.0231208 0.4684127 -0.0170186
vn -4.0995297 4.3692603 1.4782798
v -0.0197912 0.4756305 0.0136532
vn 1.3856463 -4.2553053 3.2825506
v -0.0346272 0.4655247 0.0016533
vn -2.5920148 1.3600820 5.4412618
v -0.0189204 0.4711905 0.0229847
vn 0.1542190 0.9433973 6.1120720
v -0.0160153 0.4754641 0.0229436
vn -1.9026625 1.8079407 5.6849022
v -0.0175267 0.4703141 0.0237799
vn 0.9656672 1.7234102 5.8312817
v -0.0145476 0.4744176 0.0230067
vn 2.2358594 0.6546677 5.8127613
v -0.0136839 0.4761441 0.0222021
vn -1.6385039 3.3224607 -4.7141666
v -0.0132922 0.4754568 0.0108080
vn 2.0327101 3.9488473 -3.6605594
v -0.0143615 0.4787246 0.0135841
vn 4.8536563 2.8028340 2.7285116
v -0.0119839 0.4768212 0.0203929
vn -4.1914134 2.4160514 -1.9320005
v -0.0103815 0.4788520 0.0017192
vn -3.2920508 2.1042452 -0.4121338
v -0.0113973 0.4799162 0.0046277
vn 0.2396784 6.0244360 -0.3299623
v -0.0075639 0.4791424 -0.0004371
vn -4.6090970 3.5905042 -0.3644974
v -0.0094455 0.4782582 -0.0004443
vn 1.2744591 5.9496207 1.0400918
v -0.0074374 0.4793395 -0.0027546
vn 2.3831453 5.7718444 -0.2641131
v -0.0048545 0.4783537 -0.0003690
vn 2.7079697 5.6562419 0.1348208
v -0.0047465 0.4781738 -0.0028048
vn 2.4036093 5.7917233 -0.1098331
v -0.0017489 0.4767746 -0.0003762
vn 2.4462016 5.7440052 -0.0658409
v -0.0018224 0.4766448 -0.0029808
vn 2.5917606 5.6122012 -0.0235791
v 0.0016893 0.4756716 -0.0004417
vn 2.7936702 5.5900731 -0.4027462
v 0.0012176 0.4755194 -0.0034252
vn 4.1511197 1.7029264 0.1181252
v 0.0043076 0.4742007 -0.0004772
vn 4.3632307 1.6579106 -1.6254250
v 0.0033673 0.4741526 -0.0039875
vn 4.1786952 1.2723045 -2.1021497
v 0.0017201 0.4749060 -0.0070946
vn 5.3341122 -1.5227681 -2.8359547
v 0.0024830 0.4711086 -0.0040201
vn 4.4750962 -1.7285259 -4.0337114
v 0.0005713 0.4722061 -0.0070883
vn 3.7943578 -1.7540487 -4.6778827
v -0.0015691 0.4738164 -0.0096603
vn 4.8306108 -1.4452465 -3.4525614
v -0.0037304 0.4749908 -0.0117729
vn 4.1719103 -0.7374777 -4.5488849
v -0.0007252 0.4692992 -0.0074061
vn 3.5668030 -2.3120956 -4.6133561
v -0.0034641 0.4705015 -0.0097560
vn 2.3703635 -3.7416604 -4.0356236
v -0.0059072 0.4711989 -0.0123501
vn 5.4958663 -0.5548569 -2.8421381
v 0.0016248 0.4682563 -0.0043795
vn 2.8393793 -0.6028231 -5.0008821
v -0.0013722 0.4671608 -0.0081533
vn 5.3696656 -0.2301322 -2.7227178
v 0.0014087 0.4661908 -0.0050350
vn 1.8988944 -2.7364364 -1.7964222
v 0.0009175 0.4639462 -0.0055163
vn 0.2404068 -3.4472826 -3.6627867
v -0.0025915 0.4655738 -0.0080439
vn -0.4502062 -5.9845133 -1.6417204
v -0.0073067 0.4658843 -0.0064469
vn -0.2996599 -6.2581396 -0.3508152
v -0.0073338 0.4655405 -0.0035489
vn -2.6407125 -4.5735412 0.4061263
v -0.0102908 0.4655690 -0.0032386
vn -0.5024999 -6.2199025 0.5653998
v -0.0069751 0.4655608 -0.0003334
vn -2.7968121 -5.0771689 0.9967679
v -0.0095217 0.4659525 -0.0000632
vn -5.6646132 -1.9644495 0.4700924
v -0.0108435 0.4676719 -0.0001292
vn -5.7045150 -1.0356894 0.8953980
v -0.0114791 0.4676917 -0.0031431
vn -2.1200261 -5.7687464 0.3514020
v -0.0094781 0.4663844 0.0031850
vn -4.2253671 -2.1925569 -0.5783047
v -0.0115805 0.4674580 0.0030798
vn -1.0739968 -6.1609826 0.5253235
v -0.0067581 0.4659538 0.0030174
vn 5.8782425 -1.4188886 -0.0564066
v 0.0023796 0.4658439 -0.0008272
vn 3.3920851 -3.6517324 0.2476313
v 0.0017700 0.4639192 -0.0009126
vn 5.3089800 -0.4458524 2.7140634
v 0.0015145 0.4664390 0.0034039
vn 2.3109946 -2.9451060 1.8291692
v 0.0010100 0.4643492 0.0037090
vn 4.1248999 -0.3962653 4.5658550
v -0.0011521 0.4678505 0.0065452
vn 1.4091314 -3.1395957 3.8633232
v -0.0020279 0.4660293 0.0068117
vn 4.5037079 -1.0488793 4.1829200
v -0.0006008 0.4698701 0.0059376
vn 5.3983507 -0.5571533 3.0476170
v 0.0016086 0.4685404 0.0029503
vn 5.2346492 -1.4316498 3.0262518
v 0.0024127 0.4712081 0.0028197
vn 4.7887568 -1.8357637 3.6253445
v 0.0005530 0.4724218 0.0056942
vn 4.1580615 -1.9359058 4.2087460
v -0.0009130 0.4740146 0.0084382
vn 4.5898986 -1.4477767 3.9646273
v -0.0026271 0.4753185 0.0104179
vn 4.3287635 1.6871308 1.7395678
v 0.0031664 0.4743201 0.0028813
vn 2.7761998 5.6125546 0.1029779
v 0.0007630 0.4758288 0.0024538
vn 5.6923900 -1.4491348 0.1344932
v 0.0036456 0.4707501 -0.0005616
vn 5.8620095 -1.3363330 -0.0674093
v 0.0028159 0.4678800 -0.0006940
vn 2.6295338 5.6531401 -0.3347928
v -0.0025404 0.4771043 0.0022916
vn 5.8053932 -1.0799555 0.0719625
v -0.0045240 0.4755397 -0.0142407
vn 1.6891499 2.5797954 -1.9271293
v -0.0041736 0.4781549 -0.0143367
vn 2.3860917 -3.2744536 -1.9056485
v -0.0049531 0.4733186 -0.0143360
vn 5.3681264 -1.6940966 2.1303639
v -0.0033506 0.4746547 -0.0169651
vn 1.4806411 1.4919307 -0.7147318
v -0.0026901 0.4770081 -0.0180593
vn 1.9557725 -4.1847644 2.6759470
v -0.0045529 0.4732817 -0.0164054
vn -3.1682656 -0.7856148 -4.4904909
v -0.0057279 0.4738879 -0.0141037
vn -4.4086890 -2.9507847 1.3053873
v -0.0052170 0.4734996 -0.0164340
vn -6.1540265 0.8444837 -0.0730149
v -0.0052152 0.4748141 -0.0168691
vn -3.8971350 3.3331192 -1.9712681
v -0.0048821 0.4762477 -0.0176330
vn -5.2242742 0.7482325 2.7772741
v -0.0116645 0.4743214 -0.0094243
vn -4.0728693 3.7402391 2.6285255
v -0.0094296 0.4791360 0.0097631
vn 1.5090377 5.3271804 0.3741019
v -0.0071211 0.4727099 0.0196723
vn 2.3305192 -0.7234165 5.2750053
v -0.0079793 0.4739314 0.0124149
vn -2.8183498 3.6586180 1.1382262
v -0.0054411 0.4736477 0.0186055
vn -3.5523293 3.1078334 1.8017201
v -0.0045920 0.4749900 0.0173636
vn 2.6739311 1.1223593 3.3690360
v -0.0038082 0.4727238 0.0196272
vn -4.4787250 -3.4723809 -1.8290228
v -0.0107599 0.4701470 -0.0101455
vn -1.6741614 -4.8176351 -2.8526812
v -0.0096603 0.4699984 -0.0114212
vn -0.6830477 -1.9897132 5.8673654
v -0.0356375 0.4673363 0.0025239
vn -1.4854546 -2.1481414 5.6150780
v -0.0329364 0.4682338 0.0033532
vn -2.1426461 -2.3678153 5.3696461
v -0.0302663 0.4688546 0.0045155
vn -3.5057929 4.7573094 -1.0586283
v -0.0114062 0.4764511 0.0109673
vn 0.0847139 5.3351088 -2.9107230
v -0.0130662 0.4764037 0.0121091
vn 2.2701011 3.9080927 -4.3117104
v -0.0144814 0.4772410 0.0123815
vn -5.3230491 3.2857516 0.3427275
v -0.0106886 0.4774095 0.0091642
vn -4.5066695 3.2061148 1.8000200
v -0.0102911 0.4797625 0.0074455
vn -6.0302668 1.0652776 0.6767961
v -0.0109215 0.4775982 0.0071935
vn -0.3679207 -4.3078938 4.5349035
v -0.0066037 0.4698344 0.0097602
vn -0.5964655 -4.4264498 4.1526856
v -0.0075094 0.4701751 0.0101971
vn -1.0764629 4.4493628 1.7197485
v -0.0073396 0.4816929 0.0092106
# 3487 vertices, 0 vertices normals

f 1//1 2//2 3//3
f 1//1 3//3 4//4
f 1//1 5//5 6//6
f 1//1 6//6 2//2
f 1//1 4//4 7//7
f 1//1 7//7 5//5
f 5//5 7//7 8//8
f 5//5 8//8 6//6
f 9//9 10//10 11//11
f 9//9 11//11 12//12
f 9//9 13//13 14//14
f 9//9 14//14 10//10
f 9//9 12//12 15//15
f 9//9 15//15 13//13
f 3//3 14//14 16//16
f 3//3 16//16 17//17
f 3//3 17//17 18//18
f 3//3 18//18 19//19
f 3//3 2//2 10//10
f 3//3 10//10 14//14
f 3//3 19//19 20//20
f 3//3 20//20 4//4
f 21//21 22//22 23//23
f 21//21 23//23 24//24
f 21//21 15//15 12//12
f 21//21 12//12 22//22
f 21//21 25//25 26//26
f 21//21 26//26 15//15
f 20//20 27//27 7//7
f 20//20 7//7 4//4
f 20//20 28//28 29//29
f 20//20 29//29 27//27
f 20//20 19//19 21//21
f 20//20 21//21 24//24
f 20//20 24//24 30//30
f 20//20 30//30 28//28
f 31//31 32//32 33//33
f 31//31 33//33 34//34
f 31//31 35//35 36//36
f 31//31 36//36 37//37
f 31//31 37//37 38//38
f 31//31 38//38 32//32
f 39//39 40//40 41//41
f 39//39 41//41 42//42
f 43//43 44//44 45//45
f 43//43 45//45 46//46
f 43//43 47//47 34//34
f 43//43 34//34 44//44
f 43//43 48//48 49//49
f 43//43 49//49 47//47
f 43//43 50//50 51//51
f 43//43 51//51 48//48
f 43//43 46//46 52//52
f 43//43 52//52 50//50
f 49//49 48//48 30//30
f 49//49 30//30 53//53
f 49//49 53//53 54//54
f 49//49 54//54 55//55
f 49//49 55//55 56//56
f 49//49 56//56 57//57
f 49//49 57//57 58//58
f 49//49 58//58 47//47
f 57//57 59//59 60//60
f 57//57 60//60 58//58
f 57//57 61//61 62//62
f 57//57 62//62 59//59
f 50//50 52//52 63//63
f 50//50 63//63 64//64
f 50//50 64//64 65//65
f 50//50 65//65 51//51
f 66//66 67//67 65//65
f 66//66 65//65 64//64
f 66//66 64//64 68//68
f 66//66 68//68 69//69
f 66//66 56//56 55//55
f 66//66 55//55 67//67
f 66//66 69//69 70//70
f 66//66 70//70 71//71
f 66//66 71//71 72//72
f 66//66 72//72 56//56
f 63//63 52//52 73//73
f 63//63 73//73 74//74
f 63//63 74//74 68//68
f 63//63 68//68 64//64
f 68//68 74//74 73//73
f 68//68 73//73 75//75
f 68//68 75//75 76//76
f 68//68 76//76 77//77
f 68//68 77//77 78//78
f 68//68 78//78 69//69
f 42//42 41//41 79//79
f 42//42 79//79 80//80
f 42//42 80//80 81//81
f 42//42 81//81 82//82
f 42//42 82//82 83//83
f 42//42 83//83 84//84
f 61//61 57//57 56//56
f 61//61 56//56 85//85
f 61//61 85//85 86//86
f 61//61 86//86 87//87
f 61//61 88//88 89//89
f 61//61 89//89 62//62
f 81//81 80//80 90//90
f 81//81 90//90 91//91
f 81//81 91//91 92//92
f 81//81 92//92 82//82
f 87//87 93//93 88//88
f 87//87 88//88 61//61
f 87//87 86//86 94//94
f 87//87 94//94 95//95
f 90//90 96//96 97//97
f 90//90 97//97 98//98
f 90//90 98//98 99//99
f 90//90 99//99 100//100
f 90//90 100//100 101//101
f 90//90 101//101 91//91
f 102//102 103//103 104//104
f 102//102 104//104 105//105
f 102//102 106//106 107//107
f 102//102 107//107 108//108
f 102//102 108//108 109//109
f 102//102 109//109 103//103
f 105//105 104//104 110//110
f 105//105 110//110 111//111
f 105//105 111//111 112//112
f 105//105 112//112 102//102
f 113//113 114//114 115//115
f 113//113 115//115 116//116
f 113//113 117//117 118//118
f 113//113 118//118 114//114
f 113//113 119//119 120//120
f 113//113 120//120 117//117
f 113//113 121//121 122//122
f 113//113 122//122 119//119
f 113//113 116//116 123//123
f 113//113 123//123 121//121
f 124//124 125//125 126//126
f 124//124 126//126 127//127
f 124//124 127//127 128//128
f 124//124 128//128 129//129
f 124//124 129//129 130//130
f 124//124 130//130 131//131
f 124//124 132//132 133//133
f 124//124 133//133 125//125
f 124//124 131//131 134//134
f 124//124 134//134 132//132
f 135//135 136//136 137//137
f 135//135 137//137 138//138
f 139//139 140//140 136//136
f 139//139 136//136 135//135
f 135//135 138//138 141//141
f 135//135 141//141 139//139
f 142//142 143//143 141//141
f 142//142 141//141 138//138
f 142//142 138//138 144//144
f 142//142 144//144 145//145
f 142//142 145//145 146//146
f 142//142 146//146 147//147
f 148//148 149//149 121//121
f 148//148 121//121 123//123
f 148//148 123//123 150//150
f 148//148 150//150 151//151
f 148//148 151//151 152//152
f 148//148 152//152 149//149
f 153//153 154//154 155//155
f 153//153 155//155 156//156
f 153//153 156//156 157//157
f 153//153 157//157 152//152
f 153//153 152//152 151//151
f 153//153 151//151 154//154
f 157//157 158//158 149//149
f 157//157 149//149 152//152
f 157//157 159//159 160//160
f 157//157 160//160 158//158
f 161//161 143//143 142//142
f 161//161 142//142 162//162
f 161//161 162//162 163//163
f 161//161 163//163 164//164
f 161//161 164//164 165//165
f 161//161 165//165 143//143
f 155//155 166//166 134//134
f 155//155 134//134 167//167
f 155//155 154//154 168//168
f 155//155 168//168 166//166
f 155//155 167//167 169//169
f 155//155 169//169 170//170
f 155//155 170//170 171//171
f 155//155 171//171 156//156
f 170//170 172//172 173//173
f 170//170 173//173 174//174
f 170//170 169//169 175//175
f 170//170 175//175 172//172
f 169//169 167//167 176//176
f 169//169 176//176 177//177
f 169//169 164//164 163//163
f 169//169 163//163 175//175
f 162//162 142//142 147//147
f 162//162 147//147 178//178
f 162//162 178//178 179//179
f 162//162 179//179 180//180
f 162//162 180//180 181//181
f 162//162 181//181 163//163
f 182//182 183//183 184//184
f 182//182 184//184 185//185
f 186//186 187//187 182//182
f 186//186 182//182 185//185
f 186//186 188//188 189//189
f 186//186 189//189 187//187
f 186//186 190//190 191//191
f 186//186 191//191 188//188
f 186//186 192//192 193//193
f 186//186 193//193 190//190
f 186//186 185//185 184//184
f 186//186 184//184 192//192
f 184//184 194//194 193//193
f 184//184 193//193 192//192
f 184//184 183//183 195//195
f 184//184 195//195 194//194
f 196//196 171//171 197//197
f 196//196 197//197 198//198
f 196//196 198//198 199//199
f 196//196 199//199 200//200
f 196//196 200//200 201//201
f 196//196 201//201 202//202
f 196//196 202//202 159//159
f 196//196 159//159 157//157
f 196//196 157//157 156//156
f 196//196 156//156 171//171
f 181//181 201//201 175//175
f 181//181 175//175 163//163
f 181//181 180//180 203//203
f 181//181 203//203 204//204
f 181//181 205//205 202//202
f 181//181 202//202 201//201
f 181//181 204//204 191//191
f 181//181 191//191 205//205
f 204//204 206//206 188//188
f 204//204 188//188 191//191
f 190//190 193//193 207//207
f 190//190 207//207 191//191
f 179//179 189//189 208//208
f 179//179 208//208 209//209
f 179//179 209//209 203//203
f 179//179 203//203 180//180
f 189//189 179//179 210//210
f 189//189 210//210 211//211
f 189//189 211//211 212//212
f 189//189 212//212 187//187
f 189//189 188//188 206//206
f 189//189 206//206 208//208
f 213//213 214//214 215//215
f 213//213 215//215 216//216
f 217//217 218//218 214//214
f 217//217 214//214 213//213
f 213//213 216//216 219//219
f 213//213 219//219 217//217
f 216//216 215//215 220//220
f 216//216 220//220 221//221
f 216//216 221//221 222//222
f 216//216 222//222 223//223
f 216//216 223//223 224//224
f 216//216 224//224 225//225
f 216//216 225//225 226//226
f 216//216 226//226 219//219
f 227//227 228//228 223//223
f 227//227 223//223 222//222
f 227//227 229//229 230//230
f 227//227 230//230 228//228
f 59//59 62//62 231//231
f 59//59 231//231 60//60
f 37//37 36//36 232//232
f 37//37 232//232 233//233
f 37//37 41//41 40//40
f 37//37 40//40 38//38
f 37//37 233//233 79//79
f 37//37 79//79 41//41
f 89//89 88//88 234//234
f 89//89 234//234 235//235
f 89//89 235//235 231//231
f 89//89 231//231 62//62
f 94//94 86//86 236//236
f 94//94 236//236 237//237
f 94//94 237//237 238//238
f 94//94 238//238 239//239
f 240//240 76//76 241//241
f 240//240 241//241 242//242
f 240//240 242//242 94//94
f 240//240 94//94 239//239
f 240//240 239//239 77//77
f 240//240 77//77 76//76
f 243//243 244//244 245//245
f 243//243 245//245 246//246
f 243//243 247//247 248//248
f 243//243 248//248 244//244
f 243//243 249//249 250//250
f 243//243 250//250 247//247
f 243//243 246//246 251//251
f 243//243 251//251 252//252
f 243//243 252//252 253//253
f 243//243 253//253 249//249
f 254//254 255//255 256//256
f 254//254 256//256 195//195
f 254//254 195//195 183//183
f 254//254 183//183 257//257
f 254//254 257//257 137//137
f 254//254 137//137 255//255
f 191//191 207//207 258//258
f 191//191 258//258 205//205
f 130//130 129//129 259//259
f 130//130 259//259 260//260
f 130//130 260//260 176//176
f 130//130 176//176 131//131
f 261//261 177//177 176//176
f 261//261 176//176 260//260
f 261//261 260//260 259//259
f 261//261 259//259 262//262
f 261//261 262//262 165//165
f 261//261 165//165 177//177
f 263//263 234//234 264//264
f 263//263 264//264 265//265
f 263//263 266//266 235//235
f 263//263 235//235 234//234
f 263//263 265//265 267//267
f 263//263 267//267 266//266
f 268//268 264//264 93//93
f 268//268 93//93 269//269
f 268//268 269//269 244//244
f 268//268 244//244 248//248
f 268//268 248//248 265//265
f 268//268 265//265 264//264
f 269//269 93//93 87//87
f 269//269 87//87 270//270
f 269//269 270//270 245//245
f 269//269 245//245 244//244
f 270//270 87//87 95//95
f 270//270 95//95 271//271
f 270//270 271//271 272//272
f 270//270 272//272 245//245
f 272//272 271//271 273//273
f 272//272 273//273 101//101
f 272//272 101//101 100//100
f 272//272 100//100 274//274
f 272//272 274//274 246//246
f 272//272 246//246 245//245
f 274//274 100//100 99//99
f 274//274 99//99 275//275
f 274//274 275//275 251//251
f 274//274 251//251 246//246
f 275//275 99//99 276//276
f 275//275 276//276 277//277
f 275//275 277//277 278//278
f 275//275 278//278 251//251
f 278//278 279//279 252//252
f 278//278 252//252 251//251
f 278//278 277//277 280//280
f 278//278 280//280 281//281
f 278//278 281//281 282//282
f 278//278 282//282 279//279
f 282//282 283//283 284//284
f 282//282 284//284 279//279
f 282//282 281//281 126//126
f 282//282 126//126 125//125
f 282//282 125//125 133//133
f 282//282 133//133 283//283
f 284//284 285//285 286//286
f 284//284 286//286 253//253
f 284//284 253//253 252//252
f 284//284 252//252 279//279
f 284//284 283//283 287//287
f 284//284 287//287 285//285
f 287//287 288//288 289//289
f 287//287 289//289 285//285
f 287//287 283//283 133//133
f 287//287 133//133 290//290
f 287//287 290//290 291//291
f 287//287 291//291 288//288
f 291//291 292//292 293//293
f 291//291 293//293 288//288
f 291//291 290//290 294//294
f 291//291 294//294 295//295
f 291//291 295//295 296//296
f 291//291 296//296 292//292
f 296//296 116//116 115//115
f 296//296 115//115 292//292
f 296//296 295//295 168//168
f 296//296 168//168 150//150
f 296//296 150//150 123//123
f 296//296 123//123 116//116
f 295//295 294//294 166//166
f 295//295 166//166 168//168
f 294//294 290//290 133//133
f 294//294 133//133 132//132
f 294//294 132//132 134//134
f 294//294 134//134 166//166
f 293//293 297//297 298//298
f 293//293 298//298 299//299
f 293//293 299//299 289//289
f 293//293 289//289 288//288
f 293//293 292//292 115//115
f 293//293 115//115 297//297
f 299//299 298//298 98//98
f 299//299 98//98 97//97
f 299//299 97//97 300//300
f 299//299 300//300 289//289
f 300//300 97//97 96//96
f 300//300 96//96 301//301
f 300//300 301//301 302//302
f 300//300 302//302 286//286
f 300//300 286//286 285//285
f 300//300 285//285 289//289
f 302//302 301//301 233//233
f 302//302 233//233 232//232
f 302//302 232//232 250//250
f 302//302 250//250 249//249
f 302//302 249//249 253//253
f 302//302 253//253 286//286
f 301//301 96//96 79//79
f 301//301 79//79 233//233
f 298//298 276//276 99//99
f 298//298 99//99 98//98
f 298//298 297//297 303//303
f 298//298 303//303 276//276
f 303//303 280//280 277//277
f 303//303 277//277 276//276
f 303//303 297//297 115//115
f 303//303 115//115 114//114
f 303//303 114//114 118//118
f 303//303 118//118 280//280
f 281//281 280//280 118//118
f 281//281 118//118 126//126
f 273//273 271//271 95//95
f 273//273 95//95 304//304
f 273//273 304//304 305//305
f 273//273 305//305 92//92
f 273//273 92//92 91//91
f 273//273 91//91 101//101
f 305//305 304//304 242//242
f 305//305 242//242 241//241
f 305//305 241//241 306//306
f 305//305 306//306 83//83
f 305//305 83//83 82//82
f 305//305 82//82 92//92
f 306//306 241//241 76//76
f 306//306 76//76 75//75
f 306//306 75//75 73//73
f 306//306 73//73 307//307
f 306//306 307//307 84//84
f 306//306 84//84 83//83
f 307//307 73//73 52//52
f 307//307 52//52 46//46
f 307//307 46//46 45//45
f 307//307 45//45 84//84
f 304//304 95//95 94//94
f 304//304 94//94 242//242
f 267//267 308//308 309//309
f 267//267 309//309 266//266
f 267//267 265//265 248//248
f 267//267 248//248 247//247
f 267//267 247//247 250//250
f 267//267 250//250 308//308
f 309//309 35//35 60//60
f 309//309 60//60 231//231
f 309//309 231//231 235//235
f 309//309 235//235 266//266
f 309//309 308//308 36//36
f 309//309 36//36 35//35
f 308//308 250//250 232//232
f 308//308 232//232 36//36
f 264//264 234//234 88//88
f 264//264 88//88 93//93
f 262//262 259//259 139//139
f 262//262 139//139 141//141
f 262//262 141//141 143//143
f 262//262 143//143 165//165
f 259//259 129//129 128//128
f 259//259 128//128 139//139
f 258//258 310//310 160//160
f 258//258 160//160 159//159
f 258//258 159//159 202//202
f 258//258 202//202 205//205
f 258//258 207//207 311//311
f 258//258 311//311 310//310
f 311//311 256//256 312//312
f 311//311 312//312 310//310
f 311//311 207//207 193//193
f 311//311 193//193 194//194
f 311//311 194//194 195//195
f 311//311 195//195 256//256
f 312//312 313//313 314//314
f 312//312 314//314 315//315
f 312//312 315//315 160//160
f 312//312 160//160 310//310
f 312//312 256//256 255//255
f 312//312 255//255 313//313
f 315//315 314//314 119//119
f 315//315 119//119 122//122
f 315//315 122//122 158//158
f 315//315 158//158 160//160
f 314//314 140//140 120//120
f 314//314 120//120 119//119
f 314//314 313//313 136//136
f 314//314 136//136 140//140
f 313//313 255//255 137//137
f 313//313 137//137 136//136
f 257//257 183//183 182//182
f 257//257 182//182 144//144
f 257//257 144//144 138//138
f 257//257 138//138 137//137
f 239//239 238//238 78//78
f 239//239 78//78 77//77
f 238//238 316//316 317//317
f 238//238 317//317 78//78
f 238//238 237//237 318//318
f 238//238 318//318 316//316
f 318//318 319//319 320//320
f 318//318 320//320 316//316
f 318//318 237//237 236//236
f 318//318 236//236 321//321
f 318//318 321//321 322//322
f 318//318 322//322 319//319
f 322//322 323//323 324//324
f 322//322 324//324 319//319
f 322//322 321//321 325//325
f 322//322 325//325 326//326
f 322//322 326//326 327//327
f 322//322 327//327 323//323
f 327//327 109//109 328//328
f 327//327 328//328 323//323
f 327//327 326//326 329//329
f 327//327 329//329 330//330
f 327//327 330//330 103//103
f 327//327 103//103 109//109
f 330//330 329//329 331//331
f 330//330 331//331 332//332
f 330//330 332//332 104//104
f 330//330 104//104 103//103
f 332//332 331//331 333//333
f 332//332 333//333 334//334
f 332//332 334//334 110//110
f 332//332 110//110 104//104
f 334//334 333//333 335//335
f 334//334 335//335 336//336
f 334//334 336//336 337//337
f 334//334 337//337 110//110
f 337//337 338//338 111//111
f 337//337 111//111 110//110
f 337//337 336//336 339//339
f 337//337 339//339 340//340
f 337//337 340//340 341//341
f 337//337 341//341 338//338
f 341//341 342//342 343//343
f 341//341 343//343 338//338
f 341//341 340//340 344//344
f 341//341 344//344 345//345
f 341//341 345//345 346//346
f 341//341 346//346 342//342
f 346//346 347//347 348//348
f 346//346 348//348 342//342
f 346//346 345//345 349//349
f 346//346 349//349 350//350
f 346//346 350//350 351//351
f 346//346 351//351 347//347
f 351//351 352//352 353//353
f 351//351 353//353 347//347
f 351//351 350//350 354//354
f 351//351 354//354 355//355
f 351//351 355//355 210//210
f 351//351 210//210 352//352
f 355//355 354//354 356//356
f 355//355 356//356 357//357
f 355//355 357//357 211//211
f 355//355 211//211 210//210
f 357//357 356//356 358//358
f 357//357 358//358 359//359
f 357//357 359//359 212//212
f 357//357 212//212 211//211
f 359//359 358//358 360//360
f 359//359 360//360 361//361
f 359//359 361//361 362//362
f 359//359 362//362 212//212
f 362//362 182//182 187//187
f 362//362 187//187 212//212
f 362//362 361//361 146//146
f 362//362 146//146 145//145
f 362//362 145//145 144//144
f 362//362 144//144 182//182
f 361//361 360//360 363//363
f 361//361 363//363 146//146
f 363//363 360//360 364//364
f 363//363 364//364 348//348
f 363//363 348//348 347//347
f 363//363 347//347 353//353
f 363//363 353//353 147//147
f 363//363 147//147 146//146
f 364//364 360//360 358//358
f 364//364 358//358 365//365
f 364//364 365//365 112//112
f 364//364 112//112 343//343
f 364//364 343//343 342//342
f 364//364 342//342 348//348
f 365//365 358//358 356//356
f 365//365 356//356 106//106
f 365//365 106//106 102//102
f 365//365 102//102 112//112
f 356//356 354//354 107//107
f 356//356 107//107 106//106
f 354//354 350//350 349//349
f 354//354 349//349 107//107
f 353//353 352//352 178//178
f 353//353 178//178 147//147
f 352//352 210//210 179//179
f 352//352 179//179 178//178
f 349//349 345//345 344//344
f 349//349 344//344 366//366
f 349//349 366//366 108//108
f 349//349 108//108 107//107
f 366//366 344//344 367//367
f 366//366 367//367 328//328
f 366//366 328//328 109//109
f 366//366 109//109 108//108
f 367//367 344//344 340//340
f 367//367 340//340 339//339
f 367//367 339//339 368//368
f 367//367 368//368 324//324
f 367//367 324//324 323//323
f 367//367 323//323 328//328
f 368//368 339//339 336//336
f 368//368 336//336 335//335
f 368//368 335//335 369//369
f 368//368 369//369 320//320
f 368//368 320//320 319//319
f 368//368 319//319 324//324
f 369//369 335//335 333//333
f 369//369 333//333 370//370
f 369//369 370//370 70//70
f 369//369 70//70 317//317
f 369//369 317//317 316//316
f 369//369 316//316 320//320
f 370//370 333//333 331//331
f 370//370 331//331 371//371
f 370//370 371//371 71//71
f 370//370 71//71 70//70
f 371//371 331//331 329//329
f 371//371 329//329 372//372
f 371//371 372//372 72//72
f 371//371 72//72 71//71
f 372//372 329//329 326//326
f 372//372 326//326 325//325
f 372//372 325//325 373//373
f 372//372 373//373 72//72
f 373//373 325//325 321//321
f 373//373 321//321 236//236
f 373//373 236//236 86//86
f 373//373 86//86 85//85
f 373//373 85//85 56//56
f 373//373 56//56 72//72
f 343//343 112//112 111//111
f 343//343 111//111 338//338
f 317//317 70//70 69//69
f 317//317 69//69 78//78
f 374//374 229//229 227//227
f 374//374 227//227 222//222
f 374//374 222//222 221//221
f 374//374 221//221 375//375
f 374//374 375//375 217//217
f 374//374 217//217 229//229
f 375//375 221//221 220//220
f 375//375 220//220 376//376
f 375//375 376//376 218//218
f 375//375 218//218 217//217
f 376//376 220//220 198//198
f 376//376 198//198 197//197
f 376//376 197//197 174//174
f 376//376 174//174 218//218
f 230//230 377//377 378//378
f 230//230 378//378 228//228
f 230//230 229//229 217//217
f 230//230 217//217 219//219
f 230//230 219//219 226//226
f 230//230 226//226 377//377
f 378//378 208//208 206//206
f 378//378 206//206 224//224
f 378//378 224//224 223//223
f 378//378 223//223 228//228
f 378//378 377//377 209//209
f 378//378 209//209 208//208
f 377//377 226//226 203//203
f 377//377 203//203 209//209
f 226//226 225//225 204//204
f 226//226 204//204 203//203
f 225//225 224//224 206//206
f 225//225 206//206 204//204
f 220//220 215//215 199//199
f 220//220 199//199 198//198
f 218//218 174//174 173//173
f 218//218 173//173 214//214
f 215//215 214//214 173//173
f 215//215 173//173 199//199
f 201//201 200//200 172//172
f 201//201 172//172 175//175
f 200//200 199//199 173//173
f 200//200 173//173 172//172
f 197//197 171//171 170//170
f 197//197 170//170 174//174
f 169//169 177//177 165//165
f 169//169 165//165 164//164
f 176//176 167//167 134//134
f 176//176 134//134 131//131
f 168//168 154//154 151//151
f 168//168 151//151 150//150
f 158//158 122//122 121//121
f 158//158 121//121 149//149
f 140//140 139//139 128//128
f 140//140 128//128 120//120
f 128//128 127//127 117//117
f 128//128 117//117 120//120
f 127//127 126//126 118//118
f 127//127 118//118 117//117
f 96//96 90//90 80//80
f 96//96 80//80 79//79
f 379//379 44//44 34//34
f 379//379 34//34 33//33
f 379//379 33//33 380//380
f 379//379 380//380 381//381
f 379//379 381//381 382//382
f 379//379 382//382 39//39
f 382//382 383//383 40//40
f 382//382 40//40 39//39
f 382//382 381//381 18//18
f 382//382 18//18 17//17
f 382//382 17//17 16//16
f 382//382 16//16 383//383
f 383//383 384//384 38//38
f 383//383 38//38 40//40
f 383//383 16//16 385//385
f 383//383 385//385 384//384
f 385//385 26//26 386//386
f 385//385 386//386 384//384
f 385//385 16//16 14//14
f 385//385 14//14 13//13
f 385//385 13//13 15//15
f 385//385 15//15 26//26
f 386//386 380//380 33//33
f 386//386 33//33 32//32
f 386//386 32//32 38//38
f 386//386 38//38 384//384
f 386//386 26//26 25//25
f 386//386 25//25 380//380
f 381//381 380//380 25//25
f 381//381 25//25 18//18
f 67//67 55//55 54//54
f 67//67 54//54 387//387
f 67//67 387//387 29//29
f 67//67 29//29 65//65
f 387//387 54//54 388//388
f 387//387 388//388 389//389
f 387//387 389//389 27//27
f 387//387 27//27 29//29
f 389//389 388//388 390//390
f 389//389 390//390 8//8
f 389//389 8//8 7//7
f 389//389 7//7 27//27
f 390//390 22//22 12//12
f 390//390 12//12 11//11
f 390//390 11//11 6//6
f 390//390 6//6 8//8
f 390//390 388//388 23//23
f 390//390 23//23 22//22
f 388//388 54//54 53//53
f 388//388 53//53 23//23
f 65//65 29//29 28//28
f 65//65 28//28 51//51
f 60//60 35//35 31//31
f 60//60 31//31 58//58
f 58//58 31//31 34//34
f 58//58 34//34 47//47
f 53//53 30//30 24//24
f 53//53 24//24 23//23
f 51//51 28//28 30//30
f 51//51 30//30 48//48
f 25//25 21//21 19//19
f 25//25 19//19 18//18
f 11//11 10//10 2//2
f 11//11 2//2 6//6
f 45//45 44//44 379//379
f 45//45 379//379 39//39
f 84//84 45//45 39//39
f 84//84 39//39 42//42
f 391//391 392//392 393//393
f 391//391 393//393 394//394
f 391//391 394//394 395//395
f 391//391 395//395 396//396
f 391//391 396//396 397//397
f 391//391 397//397 392//392
f 398//398 399//399 400//400
f 398//398 400//400 401//401
f 398//398 402//402 403//403
f 398//398 403//403 399//399
f 398//398 401//401 404//404
f 398//398 404//404 402//402
f 405//405 406//406 407//407
f 405//405 407//407 408//408
f 405//405 408//408 409//409
f 405//405 409//409 410//410
f 405//405 410//410 411//411
f 405//405 411//411 412//412
f 413//413 414//414 415//415
f 413//413 415//415 416//416
f 417//417 418//418 419//419
f 417//417 419//419 420//420
f 417//417 420//420 421//421
f 417//417 421//421 411//411
f 417//417 411//411 410//410
f 417//417 410//410 418//418
f 408//408 422//422 423//423
f 408//408 423//423 424//424
f 408//408 407//407 425//425
f 408//408 425//425 422//422
f 408//408 424//424 426//426
f 408//408 426//426 409//409
f 427//427 428//428 429//429
f 427//427 429//429 430//430
f 427//427 431//431 432//432
f 427//427 432//432 428//428
f 427//427 433//433 434//434
f 427//427 434//434 431//431
f 435//435 413//413 416//416
f 435//435 416//416 436//436
f 435//435 437//437 414//414
f 435//435 414//414 413//413
f 435//435 436//436 438//438
f 435//435 438//438 439//439
f 440//440 441//441 442//442
f 440//440 442//442 443//443
f 444//444 445//445 441//441
f 444//444 441//441 440//440
f 440//440 443//443 423//423
f 440//440 423//423 444//444
f 443//443 446//446 424//424
f 443//443 424//424 423//423
f 447//447 448//448 449//449
f 447//447 449//449 450//450
f 447//447 450//450 451//451
f 447//447 451//451 452//452
f 447//447 452//452 453//453
f 447//447 453//453 448//448
f 454//454 455//455 437//437
f 454//454 437//437 435//435
f 454//454 456//456 457//457
f 454//454 457//457 455//455
f 454//454 435//435 439//439
f 454//454 439//439 456//456
f 420//420 449//449 458//458
f 420//420 458//458 459//459
f 420//420 459//459 460//460
f 420//420 460//460 421//421
f 420//420 419//419 450//450
f 420//420 450//450 449//449
f 461//461 462//462 463//463
f 461//461 463//463 464//464
f 461//461 464//464 465//465
f 461//461 465//465 466//466
f 461//461 466//466 467//467
f 461//461 467//467 462//462
f 468//468 469//469 470//470
f 468//468 470//470 471//471
f 468//468 472//472 473//473
f 468//468 473//473 469//469
f 468//468 474//474 475//475
f 468//468 475//475 472//472
f 468//468 471//471 476//476
f 468//468 476//476 477//477
f 468//468 477//477 478//478
f 468//468 478//478 474//474
f 479//479 480//480 481//481
f 479//479 481//481 482//482
f 479//479 482//482 483//483
f 479//479 483//483 484//484
f 479//479 484//484 485//485
f 479//479 485//485 480//480
f 486//486 487//487 488//488
f 486//486 488//488 489//489
f 486//486 490//490 448//448
f 486//486 448//448 453//453
f 486//486 489//489 491//491
f 486//486 491//491 490//490
f 492//492 493//493 494//494
f 492//492 494//494 442//442
f 492//492 442//442 441//441
f 492//492 441//441 495//495
f 492//492 496//496 497//497
f 492//492 497//497 493//493
f 438//438 436//436 498//498
f 438//438 498//498 499//499
f 438//438 500//500 501//501
f 438//438 501//501 502//502
f 438//438 499//499 503//503
f 438//438 503//503 500//500
f 504//504 505//505 506//506
f 504//504 506//506 507//507
f 508//508 509//509 505//505
f 508//508 505//505 504//504
f 504//504 507//507 510//510
f 504//504 510//510 508//508
f 500//500 503//503 497//497
f 500//500 497//497 501//501
f 503//503 499//499 493//493
f 503//503 493//493 497//497
f 486//486 453//453 457//457
f 486//486 457//457 511//511
f 512//512 511//511 513//513
f 512//512 513//513 514//514
f 487//487 512//512 514//514
f 487//487 514//514 515//515
f 516//516 517//517 518//518
f 516//516 518//518 519//519
f 516//516 520//520 521//521
f 516//516 521//521 517//517
f 516//516 519//519 522//522
f 516//516 522//522 520//520
f 523//523 524//524 525//525
f 523//523 525//525 526//526
f 527//527 528//528 529//529
f 527//527 529//529 530//530
f 527//527 531//531 532//532
f 527//527 532//532 528//528
f 527//527 530//530 533//533
f 527//527 533//533 534//534
f 535//535 474//474 478//478
f 535//535 478//478 536//536
f 535//535 537//537 475//475
f 535//535 475//475 474//474
f 535//535 536//536 538//538
f 535//535 538//538 537//537
f 487//487 515//515 539//539
f 487//487 539//539 488//488
f 540//540 541//541 542//542
f 540//540 542//542 543//543
f 540//540 543//543 544//544
f 540//540 544//544 545//545
f 540//540 545//545 546//546
f 540//540 546//546 547//547
f 548//548 542//542 549//549
f 548//548 549//549 550//550
f 548//548 550//550 551//551
f 548//548 551//551 552//552
f 548//548 552//552 543//543
f 548//548 543//543 542//542
f 488//488 539//539 553//553
f 488//488 553//553 489//489
f 554//554 555//555 496//496
f 554//554 496//496 492//492
f 483//483 524//524 523//523
f 483//483 523//523 556//556
f 483//483 482//482 557//557
f 483//483 557//557 524//524
f 483//483 558//558 559//559
f 483//483 559//559 484//484
f 483//483 556//556 560//560
f 483//483 560//560 558//558
f 544//544 543//543 552//552
f 544//544 552//552 551//551
f 544//544 551//551 561//561
f 544//544 561//561 545//545
f 549//549 562//562 563//563
f 549//549 563//563 550//550
f 549//549 542//542 541//541
f 549//549 541//541 460//460
f 556//556 523//523 564//564
f 556//556 564//564 560//560
f 465//465 464//464 565//565
f 465//465 565//565 566//566
f 465//465 529//529 528//528
f 465//465 528//528 567//567
f 568//568 569//569 570//570
f 568//568 570//570 571//571
f 568//568 571//571 572//572
f 568//568 572//572 573//573
f 568//568 573//573 574//574
f 568//568 574//574 575//575
f 576//576 577//577 501//501
f 576//576 501//501 497//497
f 578//578 579//579 577//577
f 578//578 577//577 576//576
f 465//465 566//566 580//580
f 465//465 580//580 529//529
f 476//476 581//581 582//582
f 476//476 582//582 477//477
f 476//476 583//583 584//584
f 476//476 584//584 585//585
f 476//476 585//585 586//586
f 476//476 586//586 581//581
f 587//587 506//506 505//505
f 587//587 505//505 588//588
f 587//587 564//564 589//589
f 587//587 589//589 506//506
f 587//587 588//588 590//590
f 587//587 590//590 591//591
f 587//587 592//592 560//560
f 587//587 560//560 564//564
f 545//545 593//593 594//594
f 545//545 594//594 546//546
f 545//545 561//561 595//595
f 545//545 595//595 593//593
f 588//588 596//596 597//597
f 588//588 597//597 590//590
f 588//588 598//598 599//599
f 588//588 599//599 596//596
f 580//580 600//600 530//530
f 580//580 530//530 529//529
f 580//580 601//601 602//602
f 580//580 602//602 600//600
f 580//580 603//603 604//604
f 580//580 604//604 601//601
f 580//580 566//566 605//605
f 580//580 605//605 603//603
f 558//558 606//606 607//607
f 558//558 607//607 608//608
f 558//558 608//608 609//609
f 558//558 609//609 559//559
f 558//558 560//560 592//592
f 558//558 592//592 606//606
f 578//578 496//496 555//555
f 578//578 555//555 610//610
f 578//578 610//610 611//611
f 578//578 611//611 612//612
f 613//613 614//614 615//615
f 613//613 615//615 616//616
f 613//613 600//600 602//602
f 613//613 602//602 614//614
f 613//613 533//533 530//530
f 613//613 530//530 600//600
f 613//613 616//616 617//617
f 613//613 617//617 618//618
f 566//566 565//565 619//619
f 566//566 619//619 620//620
f 566//566 620//620 621//621
f 566//566 621//621 605//605
f 622//622 623//623 624//624
f 622//622 624//624 625//625
f 622//622 625//625 626//626
f 622//622 626//626 627//627
f 622//622 628//628 629//629
f 622//622 629//629 630//630
f 622//622 630//630 631//631
f 622//622 631//631 623//623
f 632//632 633//633 634//634
f 632//632 634//634 635//635
f 636//636 637//637 633//633
f 636//636 633//633 632//632
f 632//632 635//635 638//638
f 632//632 638//638 636//636
f 610//610 555//555 639//639
f 610//610 639//639 640//640
f 593//593 595//595 641//641
f 593//593 641//641 642//642
f 608//608 607//607 643//643
f 608//608 643//643 609//609
f 644//644 645//645 646//646
f 644//644 646//646 647//647
f 644//644 648//648 649//649
f 644//644 649//649 645//645
f 644//644 647//647 650//650
f 644//644 650//650 648//648
f 651//651 652//652 653//653
f 651//651 653//653 654//654
f 651//651 655//655 656//656
f 651//651 656//656 652//652
f 657//657 658//658 659//659
f 657//657 659//659 660//660
f 657//657 650//650 647//647
f 657//657 647//647 661//661
f 657//657 661//661 662//662
f 657//657 662//662 663//663
f 657//657 663//663 664//664
f 657//657 664//664 658//658
f 665//665 666//666 667//667
f 665//665 667//667 668//668
f 665//665 668//668 618//618
f 665//665 618//618 669//669
f 665//665 670//670 671//671
f 665//665 671//671 666//666
f 665//665 669//669 672//672
f 665//665 672//672 673//673
f 665//665 673//673 674//674
f 665//665 674//674 670//670
f 619//619 565//565 675//675
f 619//619 675//675 676//676
f 619//619 676//676 677//677
f 619//619 677//677 620//620
f 678//678 679//679 680//680
f 678//678 680//680 681//681
f 678//678 641//641 595//595
f 678//678 595//595 682//682
f 678//678 681//681 683//683
f 678//678 683//683 641//641
f 652//652 679//679 638//638
f 652//652 638//638 684//684
f 652//652 656//656 680//680
f 652//652 680//680 679//679
f 605//605 621//621 685//685
f 605//605 685//685 686//686
f 605//605 686//686 687//687
f 605//605 687//687 688//688
f 689//689 690//690 671//671
f 689//689 671//671 691//691
f 689//689 691//691 692//692
f 689//689 692//692 693//693
f 689//689 693//693 694//694
f 689//689 694//694 690//690
f 695//695 696//696 697//697
f 695//695 697//697 698//698
f 695//695 698//698 634//634
f 695//695 634//634 633//633
f 695//695 633//633 637//637
f 695//695 637//637 696//696
f 699//699 629//629 628//628
f 699//699 628//628 700//700
f 699//699 700//700 701//701
f 699//699 701//701 646//646
f 699//699 646//646 645//645
f 699//699 645//645 629//629
f 684//684 638//638 635//635
f 684//684 635//635 612//612
f 684//684 702//702 653//653
f 684//684 653//653 652//652
f 680//680 656//656 703//703
f 680//680 703//703 681//681
f 670//670 674//674 691//691
f 670//670 691//691 671//671
f 704//704 705//705 706//706
f 704//704 706//706 707//707
f 708//708 709//709 705//705
f 708//708 705//705 704//704
f 704//704 707//707 710//710
f 704//704 710//710 708//708
f 656//656 655//655 711//711
f 656//656 711//711 712//712
f 656//656 712//712 713//713
f 656//656 713//713 703//703
f 714//714 715//715 716//716
f 714//714 716//716 717//717
f 714//714 718//718 643//643
f 714//714 643//643 607//607
f 714//714 717//717 713//713
f 714//714 713//713 718//718
f 714//714 607//607 606//606
f 714//714 606//606 715//715
f 719//719 602//602 601//601
f 719//719 601//601 720//720
f 719//719 720//720 721//721
f 719//719 721//721 722//722
f 719//719 722//722 614//614
f 719//719 614//614 602//602
f 723//723 604//604 724//724
f 723//723 724//724 725//725
f 723//723 720//720 601//601
f 723//723 601//601 604//604
f 723//723 725//725 721//721
f 723//723 721//721 720//720
f 673//673 672//672 726//726
f 673//673 726//726 727//727
f 673//673 727//727 728//728
f 673//673 728//728 729//729
f 673//673 729//729 730//730
f 673//673 730//730 674//674
f 731//731 730//730 729//729
f 731//731 729//729 732//732
f 731//731 733//733 692//692
f 731//731 692//692 730//730
f 731//731 732//732 734//734
f 731//731 734//734 733//733
f 735//735 736//736 737//737
f 735//735 737//737 738//738
f 735//735 739//739 740//740
f 735//735 740//740 736//736
f 735//735 741//741 742//742
f 735//735 742//742 739//739
f 743//743 744//744 627//627
f 743//743 627//627 745//745
f 746//746 747//747 744//744
f 746//746 744//744 743//743
f 743//743 745//745 748//748
f 743//743 748//748 746//746
f 738//738 737//737 663//663
f 738//738 663//663 662//662
f 738//738 662//662 749//749
f 738//738 749//749 750//750
f 751//751 752//752 688//688
f 751//751 688//688 753//753
f 751//751 753//753 754//754
f 751//751 754//754 755//755
f 751//751 726//726 756//756
f 751//751 756//756 757//757
f 751//751 755//755 727//727
f 751//751 727//727 726//726
f 758//758 759//759 760//760
f 758//758 760//760 761//761
f 762//762 763//763 759//759
f 762//762 759//759 758//758
f 758//758 761//761 764//764
f 758//758 764//764 762//762
f 765//765 766//766 767//767
f 765//765 767//767 768//768
f 757//757 756//756 766//766
f 757//757 766//766 765//765
f 765//765 768//768 769//769
f 765//765 769//769 757//757
f 753//753 688//688 687//687
f 753//753 687//687 770//770
f 753//753 770//770 771//771
f 753//753 771//771 772//772
f 753//753 772//772 773//773
f 753//753 773//773 754//754
f 748//748 745//745 774//774
f 748//748 774//774 775//775
f 748//748 775//775 776//776
f 748//748 776//776 777//777
f 750//750 746//746 778//778
f 750//750 778//778 779//779
f 750//750 749//749 747//747
f 750//750 747//747 746//746
f 750//750 780//780 781//781
f 750//750 781//781 738//738
f 782//782 783//783 784//784
f 782//782 784//784 785//785
f 782//782 786//786 787//787
f 782//782 787//787 783//783
f 788//788 789//789 790//790
f 788//788 790//790 791//791
f 773//773 792//792 793//793
f 773//773 793//793 754//754
f 794//794 795//795 796//796
f 794//794 796//796 797//797
f 794//794 761//761 798//798
f 794//794 798//798 795//795
f 794//794 797//797 764//764
f 794//794 764//764 761//761
f 799//799 800//800 801//801
f 799//799 801//801 802//802
f 799//799 803//803 768//768
f 799//799 768//768 767//767
f 799//799 802//802 804//804
f 799//799 804//804 803//803
f 805//805 806//806 807//807
f 805//805 807//807 808//808
f 738//738 781//781 806//806
f 738//738 806//806 805//805
f 805//805 808//808 735//735
f 805//805 735//735 738//738
f 809//809 810//810 811//811
f 809//809 811//811 812//812
f 809//809 812//812 813//813
f 809//809 813//813 814//814
f 809//809 814//814 815//815
f 809//809 815//815 810//810
f 796//796 816//816 817//817
f 796//796 817//817 818//818
f 796//796 818//818 819//819
f 796//796 819//819 820//820
f 796//796 820//820 821//821
f 796//796 821//821 797//797
f 822//822 811//811 810//810
f 822//822 810//810 790//790
f 822//822 823//823 824//824
f 822//822 824//824 825//825
f 822//822 790//790 789//789
f 822//822 789//789 823//823
f 802//802 801//801 826//826
f 802//802 826//826 827//827
f 802//802 827//827 828//828
f 802//802 828//828 829//829
f 789//789 788//788 830//830
f 789//789 830//830 831//831
f 789//789 831//831 832//832
f 789//789 832//832 833//833
f 834//834 835//835 779//779
f 834//834 779//779 836//836
f 834//834 836//836 837//837
f 834//834 837//837 838//838
f 834//834 838//838 839//839
f 834//834 839//839 835//835
f 821//821 776//776 764//764
f 821//821 764//764 797//797
f 821//821 840//840 777//777
f 821//821 777//777 776//776
f 821//821 841//841 842//842
f 821//821 842//842 840//840
f 821//821 820//820 843//843
f 821//821 843//843 841//841
f 844//844 771//771 845//845
f 844//844 845//845 846//846
f 844//844 846//846 847//847
f 844//844 847//847 848//848
f 844//844 848//848 849//849
f 844//844 849//849 850//850
f 844//844 851//851 772//772
f 844//844 772//772 771//771
f 844//844 850//850 852//852
f 844//844 852//852 851//851
f 853//853 807//807 839//839
f 853//853 839//839 838//838
f 853//853 838//838 837//837
f 853//853 837//837 854//854
f 853//853 854//854 808//808
f 853//853 808//808 807//807
f 855//855 856//856 857//857
f 855//855 857//857 858//858
f 854//854 859//859 856//856
f 854//854 856//856 855//855
f 855//855 858//858 808//808
f 855//855 808//808 854//854
f 860//860 861//861 852//852
f 860//860 852//852 850//850
f 860//860 850//850 862//862
f 860//860 862//862 863//863
f 860//860 863//863 864//864
f 860//860 864//864 861//861
f 850//850 849//849 865//865
f 850//850 865//865 862//862
f 866//866 840//840 842//842
f 866//866 842//842 867//867
f 866//866 868//868 777//777
f 866//866 777//777 840//840
f 866//866 867//867 869//869
f 866//866 869//869 868//868
f 854//854 837//837 870//870
f 854//854 870//870 871//871
f 854//854 871//871 872//872
f 854//854 872//872 859//859
f 873//873 874//874 875//875
f 873//873 875//875 876//876
f 873//873 877//877 828//828
f 873//873 828//828 874//874
f 873//873 876//876 878//878
f 873//873 878//878 877//877
f 879//879 876//876 875//875
f 879//879 875//875 880//880
f 879//879 881//881 878//878
f 879//879 878//878 876//876
f 882//882 829//829 828//828
f 882//882 828//828 877//877
f 882//882 877//877 878//878
f 882//882 878//878 883//883
f 882//882 883//883 884//884
f 882//882 884//884 885//885
f 886//886 887//887 888//888
f 886//886 888//888 889//889
f 886//886 890//890 891//891
f 886//886 891//891 887//887
f 891//891 892//892 893//893
f 891//891 893//893 887//887
f 891//891 890//890 894//894
f 891//891 894//894 895//895
f 896//896 897//897 898//898
f 896//896 898//898 895//895
f 896//896 899//899 900//900
f 896//896 900//900 897//897
f 896//896 901//901 902//902
f 896//896 902//902 899//899
f 903//903 904//904 905//905
f 903//903 905//905 901//901
f 903//903 901//901 896//896
f 903//903 896//896 906//906
f 907//907 908//908 909//909
f 907//907 909//909 910//910
f 907//907 910//910 911//911
f 907//907 911//911 912//912
f 907//907 912//912 913//913
f 907//907 913//913 914//914
f 915//915 916//916 917//917
f 915//915 917//917 918//918
f 915//915 919//919 906//906
f 915//915 906//906 894//894
f 920//920 921//921 922//922
f 920//920 922//922 923//923
f 920//920 924//924 925//925
f 920//920 925//925 926//926
f 920//920 926//926 927//927
f 920//920 927//927 928//928
f 920//920 928//928 929//929
f 920//920 929//929 921//921
f 920//920 923//923 930//930
f 920//920 930//930 924//924
f 931//931 919//919 915//915
f 931//931 915//915 932//932
f 931//931 933//933 904//904
f 931//931 904//904 919//919
f 931//931 934//934 935//935
f 931//931 935//935 933//933
f 936//936 937//937 938//938
f 936//936 938//938 939//939
f 924//924 930//930 940//940
f 924//924 940//940 925//925
f 941//941 932//932 915//915
f 941//941 915//915 918//918
f 941//941 918//918 942//942
f 941//941 942//942 943//943
f 941//941 944//944 945//945
f 941//941 945//945 946//946
f 941//941 943//943 947//947
f 941//941 947//947 944//944
f 941//941 946//946 948//948
f 941//941 948//948 932//932
f 949//949 950//950 939//939
f 949//949 939//939 951//951
f 939//939 950//950 952//952
f 939//939 952//952 936//936
f 953//953 954//954 934//934
f 953//953 934//934 955//955
f 946//946 945//945 956//956
f 946//946 956//956 948//948
f 957//957 955//955 958//958
f 957//957 958//958 959//959
f 957//957 959//959 960//960
f 957//957 960//960 961//961
f 957//957 961//961 953//953
f 957//957 953//953 955//955
f 945//945 944//944 962//962
f 945//945 962//962 956//956
f 963//963 926//926 925//925
f 963//963 925//925 964//964
f 963//963 965//965 927//927
f 963//963 927//927 926//926
f 963//963 964//964 966//966
f 963//963 966//966 965//965
f 967//967 962//962 968//968
f 967//967 968//968 969//969
f 959//959 956//956 962//962
f 959//959 962//962 967//967
f 967//967 969//969 960//960
f 967//967 960//960 959//959
f 960//960 969//969 970//970
f 960//960 970//970 971//971
f 960//960 971//971 972//972
f 960//960 972//972 973//973
f 960//960 973//973 974//974
f 960//960 974//974 961//961
f 975//975 976//976 966//966
f 975//975 966//966 977//977
f 975//975 977//977 969//969
f 975//975 969//969 968//968
f 975//975 968//968 947//947
f 975//975 947//947 976//976
f 978//978 979//979 798//798
f 978//978 798//798 980//980
f 978//978 521//521 981//981
f 978//978 981//981 979//979
f 978//978 980//980 517//517
f 978//978 517//517 521//521
f 981//981 982//982 546//546
f 981//981 546//546 594//594
f 981//981 594//594 983//983
f 981//981 983//983 979//979
f 981//981 521//521 520//520
f 981//981 520//520 982//982
f 983//983 795//795 798//798
f 983//983 798//798 979//979
f 983//983 594//594 593//593
f 983//983 593//593 816//816
f 983//983 816//816 796//796
f 983//983 796//796 795//795
f 982//982 984//984 547//547
f 982//982 547//547 546//546
f 982//982 520//520 522//522
f 982//982 522//522 984//984
f 984//984 429//429 985//985
f 984//984 985//985 547//547
f 984//984 522//522 430//430
f 984//984 430//430 429//429
f 985//985 986//986 987//987
f 985//985 987//987 988//988
f 985//985 988//988 540//540
f 985//985 540//540 547//547
f 985//985 429//429 428//428
f 985//985 428//428 986//986
f 988//988 987//987 412//412
f 988//988 412//412 989//989
f 988//988 989//989 541//541
f 988//988 541//541 540//540
f 989//989 412//412 411//411
f 989//989 411//411 421//421
f 989//989 421//421 460//460
f 989//989 460//460 541//541
f 987//987 990//990 405//405
f 987//987 405//405 412//412
f 987//987 986//986 991//991
f 987//987 991//991 990//990
f 991//991 992//992 993//993
f 991//991 993//993 990//990
f 991//991 986//986 428//428
f 991//991 428//428 432//432
f 991//991 432//432 994//994
f 991//991 994//994 992//992
f 994//994 995//995 996//996
f 994//994 996//996 992//992
f 994//994 432//432 431//431
f 994//994 431//431 510//510
f 994//994 510//510 507//507
f 994//994 507//507 995//995
f 995//995 997//997 998//998
f 995//995 998//998 996//996
f 995//995 507//507 526//526
f 995//995 526//526 997//997
f 997//997 403//403 402//402
f 997//997 402//402 998//998
f 997//997 526//526 525//525
f 997//997 525//525 403//403
f 990//990 993//993 406//406
f 990//990 406//406 405//405
f 980//980 798//798 761//761
f 980//980 761//761 760//760
f 980//980 760//760 518//518
f 980//980 518//518 517//517
f 977//977 999//999 970//970
f 977//977 970//970 969//969
f 977//977 966//966 964//964
f 977//977 964//964 999//999
f 999//999 940//940 1000//1000
f 999//999 1000//1000 970//970
f 999//999 964//964 925//925
f 999//999 925//925 940//940
f 1000//1000 1001//1001 1002//1002
f 1000//1000 1002//1002 1003//1003
f 1000//1000 1003//1003 971//971
f 1000//1000 971//971 970//970
f 1000//1000 940//940 930//930
f 1000//1000 930//930 1001//1001
f 1003//1003 1002//1002 1004//1004
f 1003//1003 1004//1004 1005//1005
f 1003//1003 1005//1005 972//972
f 1003//1003 972//972 971//971
f 1005//1005 1004//1004 1006//1006
f 1005//1005 1006//1006 1007//1007
f 1005//1005 1007//1007 1008//1008
f 1005//1005 1008//1008 972//972
f 1008//1008 1007//1007 952//952
f 1008//1008 952//952 1009//1009
f 1008//1008 1009//1009 1010//1010
f 1008//1008 1010//1010 1011//1011
f 1008//1008 1011//1011 973//973
f 1008//1008 973//973 972//972
f 1012//1012 1013//1013 933//933
f 1012//1012 933//933 935//935
f 1012//1012 1014//1014 950//950
f 1012//1012 950//950 1013//1013
f 1015//1015 935//935 934//934
f 1015//1015 934//934 954//954
f 1013//1013 905//905 904//904
f 1013//1013 904//904 933//933
f 1013//1013 950//950 1016//1016
f 1013//1013 1016//1016 905//905
f 1004//1004 911//911 1017//1017
f 1004//1004 1017//1017 1006//1006
f 1004//1004 1002//1002 912//912
f 1004//1004 912//912 911//911
f 1002//1002 1001//1001 913//913
f 1002//1002 913//913 912//912
f 1001//1001 930//930 923//923
f 1001//1001 923//923 913//913
f 976//976 947//947 943//943
f 976//976 943//943 1018//1018
f 976//976 1018//1018 965//965
f 976//976 965//965 966//966
f 1018//1018 943//943 942//942
f 1018//1018 942//942 1019//1019
f 1018//1018 1019//1019 927//927
f 1018//1018 927//927 965//965
f 1019//1019 942//942 1020//1020
f 1019//1019 1020//1020 1021//1021
f 1019//1019 1021//1021 928//928
f 1019//1019 928//928 927//927
f 1021//1021 1020//1020 1022//1022
f 1021//1021 1022//1022 1023//1023
f 1021//1021 1023//1023 929//929
f 1021//1021 929//929 928//928
f 1023//1023 1022//1022 1024//1024
f 1023//1023 1024//1024 1025//1025
f 1023//1023 1025//1025 1026//1026
f 1023//1023 1026//1026 929//929
f 1026//1026 1025//1025 1027//1027
f 1026//1026 1027//1027 1028//1028
f 1026//1026 1028//1028 1029//1029
f 1026//1026 1029//1029 1030//1030
f 1026//1026 1030//1030 921//921
f 1026//1026 921//921 929//929
f 1030//1030 1029//1029 1031//1031
f 1030//1030 1031//1031 1032//1032
f 1030//1030 1032//1032 922//922
f 1030//1030 922//922 921//921
f 1032//1032 1031//1031 1033//1033
f 1032//1032 1033//1033 1034//1034
f 1032//1032 1034//1034 914//914
f 1032//1032 914//914 922//922
f 1034//1034 1033//1033 1035//1035
f 1034//1034 1035//1035 1036//1036
f 1034//1034 1036//1036 907//907
f 1034//1034 907//907 914//914
f 1036//1036 1035//1035 1037//1037
f 1036//1036 1037//1037 1038//1038
f 1036//1036 1038//1038 908//908
f 1036//1036 908//908 907//907
f 1038//1038 1037//1037 1039//1039
f 1038//1038 1039//1039 1040//1040
f 1038//1038 1040//1040 1041//1041
f 1038//1038 1041//1041 908//908
f 1041//1041 1042//1042 909//909
f 1041//1041 909//909 908//908
f 1041//1041 1040//1040 1043//1043
f 1041//1041 1043//1043 1044//1044
f 1041//1041 1044//1044 1045//1045
f 1041//1041 1045//1045 1042//1042
f 1045//1045 1046//1046 1047//1047
f 1045//1045 1047//1047 1042//1042
f 1045//1045 1044//1044 1048//1048
f 1045//1045 1048//1048 1049//1049
f 1045//1045 1049//1049 1050//1050
f 1045//1045 1050//1050 1046//1046
f 1050//1050 1051//1051 1052//1052
f 1050//1050 1052//1052 1046//1046
f 1050//1050 1049//1049 1053//1053
f 1050//1050 1053//1053 1054//1054
f 1050//1050 1054//1054 847//847
f 1050//1050 847//847 1051//1051
f 1054//1054 1053//1053 1055//1055
f 1054//1054 1055//1055 1056//1056
f 1054//1054 1056//1056 848//848
f 1054//1054 848//848 847//847
f 1056//1056 1055//1055 1057//1057
f 1056//1056 1057//1057 1058//1058
f 1056//1056 1058//1058 849//849
f 1056//1056 849//849 848//848
f 1058//1058 1057//1057 898//898
f 1058//1058 898//898 1059//1059
f 1058//1058 1059//1059 865//865
f 1058//1058 865//865 849//849
f 1059//1059 898//898 897//897
f 1059//1059 897//897 1060//1060
f 1059//1059 1060//1060 1061//1061
f 1059//1059 1061//1061 865//865
f 1061//1061 1062//1062 862//862
f 1061//1061 862//862 865//865
f 1061//1061 1060//1060 1063//1063
f 1061//1061 1063//1063 1064//1064
f 1061//1061 1064//1064 1065//1065
f 1061//1061 1065//1065 1062//1062
f 1065//1065 880//880 1066//1066
f 1065//1065 1066//1066 1062//1062
f 1065//1065 1064//1064 1067//1067
f 1065//1065 1067//1067 881//881
f 1065//1065 881//881 879//879
f 1065//1065 879//879 880//880
f 1067//1067 1064//1064 1063//1063
f 1067//1067 1063//1063 1068//1068
f 1067//1067 1068//1068 884//884
f 1067//1067 884//884 883//883
f 1067//1067 883//883 878//878
f 1067//1067 878//878 881//881
f 1068//1068 1063//1063 900//900
f 1068//1068 900//900 1069//1069
f 1068//1068 1069//1069 1070//1070
f 1068//1068 1070//1070 884//884
f 1070//1070 1069//1069 1071//1071
f 1070//1070 1071//1071 1072//1072
f 1070//1070 1072//1072 1073//1073
f 1070//1070 1073//1073 1074//1074
f 1070//1070 1074//1074 885//885
f 1070//1070 885//885 884//884
f 1075//1075 1076//1076 1077//1077
f 1075//1075 1077//1077 1078//1078
f 1075//1075 1078//1078 1079//1079
f 1075//1075 1079//1079 1080//1080
f 1075//1075 1080//1080 1081//1081
f 1075//1075 1081//1081 1082//1082
f 1081//1081 833//833 832//832
f 1081//1081 832//832 1082//1082
f 1081//1081 1080//1080 1083//1083
f 1081//1081 1083//1083 1084//1084
f 1081//1081 1084//1084 1085//1085
f 1081//1081 1085//1085 833//833
f 1085//1085 823//823 789//789
f 1085//1085 789//789 833//833
f 1085//1085 1084//1084 1086//1086
f 1085//1085 1086//1086 1087//1087
f 1085//1085 1087//1087 824//824
f 1085//1085 824//824 823//823
f 1087//1087 1086//1086 1088//1088
f 1087//1087 1088//1088 1089//1089
f 1087//1087 1089//1089 1090//1090
f 1087//1087 1090//1090 824//824
f 1090//1090 1091//1091 825//825
f 1090//1090 825//825 824//824
f 1090//1090 1089//1089 1092//1092
f 1090//1090 1092//1092 1093//1093
f 1090//1090 1093//1093 1094//1094
f 1090//1090 1094//1094 1091//1091
f 1094//1094 1095//1095 1096//1096
f 1094//1094 1096//1096 1091//1091
f 1094//1094 1093//1093 1097//1097
f 1094//1094 1097//1097 1098//1098
f 1094//1094 1098//1098 1099//1099
f 1094//1094 1099//1099 1095//1095
f 1099//1099 1100//1100 1101//1101
f 1099//1099 1101//1101 1095//1095
f 1099//1099 1098//1098 687//687
f 1099//1099 687//687 686//686
f 1099//1099 686//686 685//685
f 1099//1099 685//685 1100//1100
f 1101//1101 654//654 653//653
f 1101//1101 653//653 702//702
f 1101//1101 702//702 1096//1096
f 1101//1101 1096//1096 1095//1095
f 1101//1101 1100//1100 1102//1102
f 1101//1101 1102//1102 654//654
f 1102//1102 655//655 651//651
f 1102//1102 651//651 654//654
f 1102//1102 1100//1100 685//685
f 1102//1102 685//685 1103//1103
f 1102//1102 1103//1103 711//711
f 1102//1102 711//711 655//655
f 1103//1103 685//685 621//621
f 1103//1103 621//621 1104//1104
f 1103//1103 1104//1104 1105//1105
f 1103//1103 1105//1105 711//711
f 1105//1105 1106//1106 712//712
f 1105//1105 712//712 711//711
f 1105//1105 1104//1104 677//677
f 1105//1105 677//677 1107//1107
f 1105//1105 1107//1107 1108//1108
f 1105//1105 1108//1108 1106//1106
f 1108//1108 643//643 718//718
f 1108//1108 718//718 1106//1106
f 1108//1108 1107//1107 1109//1109
f 1108//1108 1109//1109 1110//1110
f 1108//1108 1110//1110 609//609
f 1108//1108 609//609 643//643
f 1110//1110 1109//1109 1111//1111
f 1110//1110 1111//1111 1112//1112
f 1110//1110 1112//1112 559//559
f 1110//1110 559//559 609//609
f 1112//1112 1111//1111 1113//1113
f 1112//1112 1113//1113 485//485
f 1112//1112 485//485 484//484
f 1112//1112 484//484 559//559
f 1113//1113 1111//1111 675//675
f 1113//1113 675//675 463//463
f 1113//1113 463//463 462//462
f 1113//1113 462//462 1114//1114
f 1113//1113 1114//1114 480//480
f 1113//1113 480//480 485//485
f 1114//1114 462//462 467//467
f 1114//1114 467//467 1115//1115
f 1114//1114 1115//1115 481//481
f 1114//1114 481//481 480//480
f 1115//1115 467//467 1116//1116
f 1115//1115 1116//1116 1117//1117
f 1115//1115 1117//1117 1118//1118
f 1115//1115 1118//1118 481//481
f 1118//1118 1117//1117 1119//1119
f 1118//1118 1119//1119 1120//1120
f 1118//1118 1120//1120 1121//1121
f 1118//1118 1121//1121 557//557
f 1118//1118 557//557 482//482
f 1118//1118 482//482 481//481
f 1121//1121 1120//1120 400//400
f 1121//1121 400//400 399//399
f 1121//1121 399//399 403//403
f 1121//1121 403//403 525//525
f 1121//1121 525//525 524//524
f 1121//1121 524//524 557//557
f 1120//1120 1119//1119 1122//1122
f 1120//1120 1122//1122 400//400
f 1122//1122 1119//1119 1123//1123
f 1122//1122 1123//1123 393//393
f 1122//1122 393//393 392//392
f 1122//1122 392//392 1124//1124
f 1122//1122 1124//1124 401//401
f 1122//1122 401//401 400//400
f 1124//1124 392//392 397//397
f 1124//1124 397//397 1125//1125
f 1124//1124 1125//1125 404//404
f 1124//1124 404//404 401//401
f 1125//1125 397//397 1126//1126
f 1125//1125 1126//1126 1127//1127
f 1125//1125 1127//1127 1128//1128
f 1125//1125 1128//1128 404//404
f 1127//1127 1126//1126 425//425
f 1127//1127 425//425 407//407
f 1127//1127 407//407 406//406
f 1127//1127 406//406 1128//1128
f 1126//1126 397//397 396//396
f 1126//1126 396//396 1129//1129
f 1126//1126 1129//1129 1130//1130
f 1126//1126 1130//1130 425//425
f 1130//1130 1129//1129 1131//1131
f 1130//1130 1131//1131 1132//1132
f 1130//1130 1132//1132 473//473
f 1130//1130 473//473 1133//1133
f 1130//1130 1133//1133 422//422
f 1130//1130 422//422 425//425
f 1133//1133 473//473 472//472
f 1133//1133 472//472 444//444
f 1133//1133 444//444 423//423
f 1133//1133 423//423 422//422
f 1132//1132 1131//1131 532//532
f 1132//1132 532//532 531//531
f 1132//1132 531//531 469//469
f 1132//1132 469//469 473//473
f 1131//1131 395//395 1134//1134
f 1131//1131 1134//1134 532//532
f 1131//1131 1129//1129 396//396
f 1131//1131 396//396 395//395
f 1134//1134 1135//1135 1136//1136
f 1134//1134 1136//1136 567//567
f 1134//1134 567//567 528//528
f 1134//1134 528//528 532//532
f 1134//1134 395//395 394//394
f 1134//1134 394//394 1135//1135
f 1136//1136 1116//1116 467//467
f 1136//1136 467//467 466//466
f 1136//1136 466//466 465//465
f 1136//1136 465//465 567//567
f 1136//1136 1135//1135 1123//1123
f 1136//1136 1123//1123 1116//1116
f 1135//1135 394//394 393//393
f 1135//1135 393//393 1123//1123
f 1123//1123 1119//1119 1117//1117
f 1123//1123 1117//1117 1116//1116
f 1111//1111 1109//1109 676//676
f 1111//1111 676//676 675//675
f 1109//1109 1107//1107 677//677
f 1109//1109 677//677 676//676
f 1106//1106 718//718 713//713
f 1106//1106 713//713 712//712
f 1104//1104 621//621 620//620
f 1104//1104 620//620 677//677
f 1098//1098 1097//1097 770//770
f 1098//1098 770//770 687//687
f 1097//1097 1093//1093 1092//1092
f 1097//1097 1092//1092 845//845
f 1097//1097 845//845 771//771
f 1097//1097 771//771 770//770
f 1096//1096 702//702 684//684
f 1096//1096 684//684 1137//1137
f 1096//1096 1137//1137 825//825
f 1096//1096 825//825 1091//1091
f 1137//1137 684//684 612//612
f 1137//1137 612//612 611//611
f 1137//1137 611//611 822//822
f 1137//1137 822//822 825//825
f 1092//1092 1089//1089 1088//1088
f 1092//1092 1088//1088 1138//1138
f 1092//1092 1138//1138 846//846
f 1092//1092 846//846 845//845
f 1138//1138 1088//1088 1052//1052
f 1138//1138 1052//1052 1051//1051
f 1138//1138 1051//1051 847//847
f 1138//1138 847//847 846//846
f 1088//1088 1086//1086 1139//1139
f 1088//1088 1139//1139 1052//1052
f 1139//1139 1086//1086 1084//1084
f 1139//1139 1084//1084 1083//1083
f 1139//1139 1083//1083 1140//1140
f 1139//1139 1140//1140 1047//1047
f 1139//1139 1047//1047 1046//1046
f 1139//1139 1046//1046 1052//1052
f 1140//1140 1083//1083 1080//1080
f 1140//1140 1080//1080 1079//1079
f 1140//1140 1079//1079 910//910
f 1140//1140 910//910 909//909
f 1140//1140 909//909 1042//1042
f 1140//1140 1042//1042 1047//1047
f 1079//1079 1078//1078 1141//1141
f 1079//1079 1141//1141 910//910
f 1141//1141 1078//1078 1077//1077
f 1141//1141 1077//1077 1142//1142
f 1141//1141 1142//1142 937//937
f 1141//1141 937//937 1017//1017
f 1141//1141 1017//1017 911//911
f 1141//1141 911//911 910//910
f 1143//1143 1073//1073 1072//1072
f 1143//1143 1072//1072 1144//1144
f 1143//1143 1144//1144 1145//1145
f 1143//1143 1145//1145 938//938
f 1144//1144 1072//1072 1071//1071
f 1144//1144 1071//1071 1146//1146
f 1144//1144 1146//1146 1147//1147
f 1144//1144 1147//1147 1145//1145
f 1146//1146 1071//1071 899//899
f 1146//1146 899//899 902//902
f 1146//1146 902//902 1016//1016
f 1146//1146 1016//1016 1147//1147
f 1071//1071 1069//1069 900//900
f 1071//1071 900//900 899//899
f 1066//1066 1148//1148 864//864
f 1066//1066 864//864 863//863
f 1066//1066 863//863 862//862
f 1066//1066 862//862 1062//1062
f 1066//1066 880//880 875//875
f 1066//1066 875//875 1148//1148
f 1148//1148 875//875 874//874
f 1148//1148 874//874 1149//1149
f 1148//1148 1149//1149 1150//1150
f 1148//1148 1150//1150 864//864
f 1150//1150 1151//1151 861//861
f 1150//1150 861//861 864//864
f 1150//1150 1149//1149 827//827
f 1150//1150 827//827 826//826
f 1150//1150 826//826 1152//1152
f 1150//1150 1152//1152 1151//1151
f 1152//1152 1153//1153 1154//1154
f 1152//1152 1154//1154 1151//1151
f 1152//1152 826//826 801//801
f 1152//1152 801//801 1155//1155
f 1152//1152 1155//1155 1156//1156
f 1152//1152 1156//1156 1153//1153
f 1156//1156 1157//1157 793//793
f 1156//1156 793//793 1153//1153
f 1156//1156 1155//1155 1158//1158
f 1156//1156 1158//1158 1159//1159
f 1156//1156 1159//1159 728//728
f 1156//1156 728//728 1157//1157
f 1159//1159 1158//1158 734//734
f 1159//1159 734//734 732//732
f 1159//1159 732//732 729//729
f 1159//1159 729//729 728//728
f 1158//1158 1155//1155 801//801
f 1158//1158 801//801 800//800
f 1158//1158 800//800 1160//1160
f 1158//1158 1160//1160 734//734
f 1160//1160 800//800 799//799
f 1160//1160 799//799 707//707
f 1160//1160 707//707 706//706
f 1160//1160 706//706 1161//1161
f 1160//1160 1161//1161 733//733
f 1160//1160 733//733 734//734
f 1161//1161 706//706 694//694
f 1161//1161 694//694 693//693
f 1161//1161 693//693 692//692
f 1161//1161 692//692 733//733
f 1157//1157 755//755 754//754
f 1157//1157 754//754 793//793
f 1157//1157 728//728 727//727
f 1157//1157 727//727 755//755
f 1154//1154 792//792 851//851
f 1154//1154 851//851 852//852
f 1154//1154 852//852 861//861
f 1154//1154 861//861 1151//1151
f 1154//1154 1153//1153 793//793
f 1154//1154 793//793 792//792
f 1149//1149 874//874 828//828
f 1149//1149 828//828 827//827
f 1063//1063 1060//1060 897//897
f 1063//1063 897//897 900//900
f 1057//1057 1055//1055 892//892
f 1057//1057 892//892 891//891
f 1057//1057 891//891 895//895
f 1057//1057 895//895 898//898
f 1055//1055 1053//1053 1162//1162
f 1055//1055 1162//1162 892//892
f 1162//1162 1053//1053 1049//1049
f 1162//1162 1049//1049 1048//1048
f 1162//1162 1048//1048 1163//1163
f 1162//1162 1163//1163 1164//1164
f 1162//1162 1164//1164 893//893
f 1162//1162 893//893 892//892
f 1164//1164 1163//1163 1165//1165
f 1164//1164 1165//1165 1166//1166
f 1164//1164 1166//1166 1167//1167
f 1164//1164 1167//1167 893//893
f 1167//1167 1166//1166 857//857
f 1167//1167 857//857 856//856
f 1167//1167 856//856 859//859
f 1167//1167 859//859 888//888
f 1167//1167 888//888 887//887
f 1167//1167 887//887 893//893
f 1166//1166 1165//1165 1168//1168
f 1166//1166 1168//1168 857//857
f 1168//1168 1165//1165 1169//1169
f 1168//1168 1169//1169 1170//1170
f 1168//1168 1170//1170 1171//1171
f 1168//1168 1171//1171 1172//1172
f 1168//1168 1172//1172 858//858
f 1168//1168 858//858 857//857
f 1172//1172 1171//1171 1173//1173
f 1172//1172 1173//1173 1174//1174
f 1172//1172 1174//1174 741//741
f 1172//1172 741//741 858//858
f 1174//1174 1173//1173 1175//1175
f 1174//1174 1175//1175 1176//1176
f 1174//1174 1176//1176 742//742
f 1174//1174 742//742 741//741
f 1176//1176 1175//1175 1177//1177
f 1176//1176 1177//1177 1178//1178
f 1176//1176 1178//1178 1179//1179
f 1176//1176 1179//1179 742//742
f 1178//1178 1177//1177 1180//1180
f 1178//1178 1180//1180 716//716
f 1178//1178 716//716 715//715
f 1178//1178 715//715 1179//1179
f 1180//1180 1177//1177 1181//1181
f 1180//1180 1181//1181 1182//1182
f 1180//1180 1182//1182 683//683
f 1180//1180 683//683 1183//1183
f 1180//1180 1183//1183 717//717
f 1180//1180 717//717 716//716
f 1183//1183 683//683 681//681
f 1183//1183 681//681 703//703
f 1183//1183 703//703 713//713
f 1183//1183 713//713 717//717
f 1182//1182 1181//1181 817//817
f 1182//1182 817//817 642//642
f 1182//1182 642//642 641//641
f 1182//1182 641//641 683//683
f 1181//1181 1184//1184 818//818
f 1181//1181 818//818 817//817
f 1181//1181 1177//1177 1175//1175
f 1181//1181 1175//1175 1184//1184
f 1184//1184 1185//1185 819//819
f 1184//1184 819//819 818//818
f 1184//1184 1175//1175 1173//1173
f 1184//1184 1173//1173 1185//1185
f 1185//1185 1186//1186 1187//1187
f 1185//1185 1187//1187 819//819
f 1185//1185 1173//1173 1171//1171
f 1185//1185 1171//1171 1186//1186
f 1187//1187 1188//1188 1189//1189
f 1187//1187 1189//1189 843//843
f 1187//1187 843//843 820//820
f 1187//1187 820//820 819//819
f 1187//1187 1186//1186 1190//1190
f 1187//1187 1190//1190 1188//1188
f 1190//1190 1039//1039 1037//1037
f 1190//1190 1037//1037 1188//1188
f 1190//1190 1186//1186 1171//1171
f 1190//1190 1171//1171 1170//1170
f 1190//1190 1170//1170 1169//1169
f 1190//1190 1169//1169 1039//1039
f 1189//1189 1035//1035 1033//1033
f 1189//1189 1033//1033 1191//1191
f 1189//1189 1191//1191 841//841
f 1189//1189 841//841 843//843
f 1189//1189 1188//1188 1037//1037
f 1189//1189 1037//1037 1035//1035
f 1191//1191 1033//1033 1031//1031
f 1191//1191 1031//1031 1192//1192
f 1191//1191 1192//1192 842//842
f 1191//1191 842//842 841//841
f 1192//1192 1031//1031 1029//1029
f 1192//1192 1029//1029 1193//1193
f 1192//1192 1193//1193 867//867
f 1192//1192 867//867 842//842
f 1193//1193 1029//1029 1028//1028
f 1193//1193 1028//1028 1194//1194
f 1193//1193 1194//1194 869//869
f 1193//1193 869//869 867//867
f 1194//1194 1028//1028 1027//1027
f 1194//1194 1027//1027 1195//1195
f 1194//1194 1195//1195 1196//1196
f 1194//1194 1196//1196 869//869
f 1196//1196 1195//1195 1197//1197
f 1196//1196 1197//1197 1198//1198
f 1196//1196 1198//1198 1199//1199
f 1196//1196 1199//1199 1200//1200
f 1196//1196 1200//1200 868//868
f 1196//1196 868//868 869//869
f 1200//1200 1199//1199 1201//1201
f 1200//1200 1201//1201 1202//1202
f 1200//1200 1202//1202 777//777
f 1200//1200 777//777 868//868
f 1199//1199 1198//1198 870//870
f 1199//1199 870//870 1203//1203
f 1199//1199 1203//1203 778//778
f 1199//1199 778//778 1201//1201
f 1203//1203 870//870 837//837
f 1203//1203 837//837 836//836
f 1203//1203 836//836 779//779
f 1203//1203 779//779 778//778
f 1198//1198 1197//1197 871//871
f 1198//1198 871//871 870//870
f 1197//1197 1204//1204 872//872
f 1197//1197 872//872 871//871
f 1197//1197 1195//1195 1027//1027
f 1197//1197 1027//1027 1204//1204
f 1204//1204 1024//1024 889//889
f 1204//1204 889//889 872//872
f 1204//1204 1027//1027 1025//1025
f 1204//1204 1025//1025 1024//1024
f 1169//1169 1043//1043 1040//1040
f 1169//1169 1040//1040 1039//1039
f 1169//1169 1165//1165 1163//1163
f 1169//1169 1163//1163 1043//1043
f 1163//1163 1048//1048 1044//1044
f 1163//1163 1044//1044 1043//1043
f 1024//1024 1022//1022 886//886
f 1024//1024 886//886 889//889
f 1022//1022 1020//1020 917//917
f 1022//1022 917//917 886//886
f 1020//1020 942//942 918//918
f 1020//1020 918//918 917//917
f 974//974 954//954 953//953
f 974//974 953//953 961//961
f 968//968 962//962 944//944
f 968//968 944//944 947//947
f 959//959 958//958 948//948
f 959//959 948//948 956//956
f 958//958 955//955 934//934
f 958//958 934//934 931//931
f 958//958 931//931 932//932
f 958//958 932//932 948//948
f 1016//1016 902//902 901//901
f 1016//1016 901//901 905//905
f 923//923 922//922 914//914
f 923//923 914//914 913//913
f 919//919 904//904 903//903
f 919//919 903//903 906//906
f 906//906 896//896 895//895
f 906//906 895//895 894//894
f 916//916 915//915 894//894
f 916//916 894//894 890//890
f 916//916 890//890 886//886
f 916//916 886//886 917//917
f 889//889 888//888 859//859
f 889//889 859//859 872//872
f 858//858 741//741 735//735
f 858//858 735//735 808//808
f 851//851 792//792 773//773
f 851//851 773//773 772//772
f 839//839 807//807 806//806
f 839//839 806//806 781//781
f 839//839 781//781 780//780
f 839//839 780//780 835//835
f 822//822 611//611 610//610
f 822//822 610//610 811//811
f 817//817 816//816 593//593
f 817//817 593//593 642//642
f 1205//1205 1206//1206 787//787
f 1205//1205 787//787 786//786
f 815//815 791//791 790//790
f 815//815 790//790 810//810
f 1205//1205 1207//1207 1208//1208
f 1205//1205 1208//1208 1206//1206
f 1208//1208 1209//1209 1210//1210
f 1208//1208 1210//1210 1206//1206
f 1208//1208 1211//1211 1212//1212
f 1208//1208 1212//1212 1209//1209
f 1212//1212 538//538 536//536
f 1212//1212 536//536 1209//1209
f 1212//1212 1211//1211 1213//1213
f 1212//1212 1213//1213 1214//1214
f 1212//1212 1214//1214 1215//1215
f 1212//1212 1215//1215 538//538
f 1215//1215 1216//1216 537//537
f 1215//1215 537//537 538//538
f 1215//1215 1214//1214 639//639
f 1215//1215 639//639 1217//1217
f 1215//1215 1217//1217 495//495
f 1215//1215 495//495 1216//1216
f 1217//1217 639//639 555//555
f 1217//1217 555//555 554//554
f 1217//1217 554//554 492//492
f 1217//1217 492//492 495//495
f 1216//1216 445//445 475//475
f 1216//1216 475//475 537//537
f 1216//1216 495//495 441//441
f 1216//1216 441//441 445//445
f 1214//1214 1213//1213 640//640
f 1214//1214 640//640 639//639
f 1213//1213 1211//1211 1218//1218
f 1213//1213 1218//1218 813//813
f 1213//1213 813//813 812//812
f 1213//1213 812//812 640//640
f 1210//1210 478//478 477//477
f 1210//1210 477//477 582//582
f 1210//1210 582//582 787//787
f 1210//1210 787//787 1206//1206
f 1210//1210 1209//1209 536//536
f 1210//1210 536//536 478//478
f 812//812 811//811 610//610
f 812//812 610//610 640//640
f 804//804 782//782 785//785
f 804//804 785//785 803//803
f 803//803 785//785 1219//1219
f 803//803 1219//1219 768//768
f 1219//1219 1220//1220 1221//1221
f 1219//1219 1221//1221 1222//1222
f 1219//1219 1222//1222 769//769
f 1219//1219 769//769 768//768
f 1219//1219 785//785 784//784
f 1219//1219 784//784 1220//1220
f 1222//1222 1221//1221 722//722
f 1222//1222 722//722 721//721
f 1222//1222 721//721 725//725
f 1222//1222 725//725 769//769
f 1221//1221 615//615 614//614
f 1221//1221 614//614 722//722
f 1221//1221 1220//1220 1223//1223
f 1221//1221 1223//1223 615//615
f 1223//1223 1224//1224 616//616
f 1223//1223 616//616 615//615
f 1223//1223 1220//1220 784//784
f 1223//1223 784//784 586//586
f 1223//1223 586//586 585//585
f 1223//1223 585//585 1224//1224
f 1224//1224 1225//1225 617//617
f 1224//1224 617//617 616//616
f 1224//1224 585//585 584//584
f 1224//1224 584//584 1225//1225
f 1225//1225 584//584 708//708
f 1225//1225 708//708 1226//1226
f 1225//1225 1226//1226 1227//1227
f 1225//1225 1227//1227 617//617
f 1227//1227 1226//1226 1228//1228
f 1227//1227 1228//1228 1229//1229
f 1227//1227 1229//1229 672//672
f 1227//1227 672//672 669//669
f 1227//1227 669//669 618//618
f 1227//1227 618//618 617//617
f 1229//1229 1228//1228 766//766
f 1229//1229 766//766 756//756
f 1229//1229 756//756 726//726
f 1229//1229 726//726 672//672
f 1228//1228 710//710 767//767
f 1228//1228 767//767 766//766
f 1228//1228 1226//1226 708//708
f 1228//1228 708//708 710//710
f 799//799 767//767 710//710
f 799//799 710//710 707//707
f 787//787 582//582 581//581
f 787//787 581//581 783//783
f 784//784 783//783 581//581
f 784//784 581//581 586//586
f 1201//1201 778//778 746//746
f 1201//1201 746//746 748//748
f 780//780 750//750 779//779
f 780//780 779//779 835//835
f 776//776 775//775 762//762
f 776//776 762//762 764//764
f 775//775 774//774 1230//1230
f 775//775 1230//1230 762//762
f 1230//1230 1231//1231 763//763
f 1230//1230 763//763 762//762
f 1230//1230 774//774 1232//1232
f 1230//1230 1232//1232 1233//1233
f 1230//1230 1233//1233 1234//1234
f 1230//1230 1234//1234 1231//1231
f 1234//1234 572//572 571//571
f 1234//1234 571//571 1231//1231
f 1234//1234 1233//1233 1235//1235
f 1234//1234 1235//1235 1236//1236
f 1234//1234 1236//1236 1237//1237
f 1234//1234 1237//1237 572//572
f 1237//1237 1238//1238 573//573
f 1237//1237 573//573 572//572
f 1237//1237 1236//1236 597//597
f 1237//1237 597//597 596//596
f 1237//1237 596//596 599//599
f 1237//1237 599//599 1238//1238
f 1238//1238 1239//1239 574//574
f 1238//1238 574//574 573//573
f 1238//1238 599//599 1240//1240
f 1238//1238 1240//1240 1239//1239
f 1240//1240 1241//1241 624//624
f 1240//1240 624//624 1239//1239
f 1240//1240 599//599 598//598
f 1240//1240 598//598 1242//1242
f 1240//1240 1242//1242 659//659
f 1240//1240 659//659 1241//1241
f 1242//1242 598//598 509//509
f 1242//1242 509//509 1243//1243
f 1242//1242 1243//1243 660//660
f 1242//1242 660//660 659//659
f 1243//1243 509//509 508//508
f 1243//1243 508//508 1244//1244
f 1243//1243 1244//1244 1245//1245
f 1243//1243 1245//1245 660//660
f 1245//1245 650//650 657//657
f 1245//1245 657//657 660//660
f 1245//1245 1244//1244 1246//1246
f 1245//1245 1246//1246 1247//1247
f 1245//1245 1247//1247 648//648
f 1245//1245 648//648 650//650
f 1247//1247 1246//1246 1248//1248
f 1247//1247 1248//1248 1249//1249
f 1247//1247 1249//1249 649//649
f 1247//1247 649//649 648//648
f 1249//1249 1248//1248 575//575
f 1249//1249 575//575 631//631
f 1249//1249 631//631 630//630
f 1249//1249 630//630 649//649
f 1248//1248 1246//1246 434//434
f 1248//1248 434//434 433//433
f 1248//1248 433//433 568//568
f 1248//1248 568//568 575//575
f 1246//1246 1244//1244 508//508
f 1246//1246 508//508 434//434
f 1241//1241 1250//1250 625//625
f 1241//1241 625//625 624//624
f 1241//1241 659//659 658//658
f 1241//1241 658//658 1250//1250
f 1250//1250 1251//1251 626//626
f 1250//1250 626//626 625//625
f 1250//1250 658//658 664//664
f 1250//1250 664//664 1251//1251
f 1251//1251 1252//1252 1253//1253
f 1251//1251 1253//1253 626//626
f 1251//1251 664//664 1254//1254
f 1251//1251 1254//1254 1252//1252
f 1254//1254 1255//1255 1256//1256
f 1254//1254 1256//1256 1252//1252
f 1254//1254 664//664 663//663
f 1254//1254 663//663 737//737
f 1254//1254 737//737 736//736
f 1254//1254 736//736 1255//1255
f 1256//1256 1235//1235 1233//1233
f 1256//1256 1233//1233 1232//1232
f 1256//1256 1232//1232 1253//1253
f 1256//1256 1253//1253 1252//1252
f 1256//1256 1255//1255 1257//1257
f 1256//1256 1257//1257 1235//1235
f 1257//1257 597//597 1236//1236
f 1257//1257 1236//1236 1235//1235
f 1257//1257 1255//1255 736//736
f 1257//1257 736//736 740//740
f 1257//1257 740//740 590//590
f 1257//1257 590//590 597//597
f 1253//1253 1232//1232 774//774
f 1253//1253 774//774 745//745
f 1253//1253 745//745 627//627
f 1253//1253 627//627 626//626
f 1239//1239 624//624 623//623
f 1239//1239 623//623 574//574
f 1231//1231 571//571 570//570
f 1231//1231 570//570 763//763
f 769//769 725//725 724//724
f 769//769 724//724 757//757
f 763//763 570//570 1258//1258
f 763//763 1258//1258 759//759
f 1258//1258 1259//1259 519//519
f 1258//1258 519//519 518//518
f 1258//1258 518//518 760//760
f 1258//1258 760//760 759//759
f 1258//1258 570//570 569//569
f 1258//1258 569//569 1259//1259
f 1259//1259 569//569 427//427
f 1259//1259 427//427 430//430
f 1259//1259 430//430 522//522
f 1259//1259 522//522 519//519
f 757//757 724//724 752//752
f 757//757 752//752 751//751
f 752//752 603//603 605//605
f 752//752 605//605 688//688
f 752//752 724//724 604//604
f 752//752 604//604 603//603
f 749//749 662//662 661//661
f 749//749 661//661 701//701
f 749//749 701//701 700//700
f 749//749 700//700 747//747
f 747//747 700//700 628//628
f 747//747 628//628 744//744
f 744//744 628//628 622//622
f 744//744 622//622 627//627
f 742//742 1179//1179 591//591
f 742//742 591//591 739//739
f 740//740 739//739 591//591
f 740//740 591//591 590//590
f 730//730 692//692 691//691
f 730//730 691//691 674//674
f 709//709 1260//1260 1261//1261
f 709//709 1261//1261 705//705
f 709//709 708//708 584//584
f 709//709 584//584 583//583
f 709//709 583//583 1262//1262
f 709//709 1262//1262 1260//1260
f 1262//1262 1263//1263 1264//1264
f 1262//1262 1264//1264 1260//1260
f 1262//1262 583//583 476//476
f 1262//1262 476//476 471//471
f 1262//1262 471//471 470//470
f 1262//1262 470//470 1263//1263
f 1264//1264 667//667 666//666
f 1264//1264 666//666 1265//1265
f 1264//1264 1265//1265 1261//1261
f 1264//1264 1261//1261 1260//1260
f 1264//1264 1263//1263 534//534
f 1264//1264 534//534 667//667
f 1265//1265 666//666 671//671
f 1265//1265 671//671 690//690
f 1265//1265 690//690 694//694
f 1265//1265 694//694 1261//1261
f 1263//1263 470//470 527//527
f 1263//1263 527//527 534//534
f 1261//1261 694//694 706//706
f 1261//1261 706//706 705//705
f 701//701 661//661 647//647
f 701//701 647//647 646//646
f 698//698 697//697 1266//1266
f 698//698 1266//1266 1267//1267
f 698//698 1267//1267 1268//1268
f 698//698 1268//1268 634//634
f 1268//1268 1267//1267 1269//1269
f 1268//1268 1269//1269 1270//1270
f 1268//1268 1270//1270 577//577
f 1268//1268 577//577 579//579
f 1268//1268 579//579 635//635
f 1268//1268 635//635 634//634
f 1270//1270 1269//1269 1271//1271
f 1270//1270 1271//1271 502//502
f 1270//1270 502//502 501//501
f 1270//1270 501//501 577//577
f 1271//1271 1272//1272 456//456
f 1271//1271 456//456 439//439
f 1271//1271 439//439 438//438
f 1271//1271 438//438 502//502
f 1271//1271 1269//1269 1273//1273
f 1271//1271 1273//1273 1272//1272
f 1273//1273 513//513 511//511
f 1273//1273 511//511 1272//1272
f 1273//1273 1269//1269 1267//1267
f 1273//1273 1267//1267 1266//1266
f 1273//1273 1266//1266 1274//1274
f 1273//1273 1274//1274 513//513
f 1272//1272 511//511 457//457
f 1272//1272 457//457 456//456
f 1266//1266 697//697 1275//1275
f 1266//1266 1275//1275 1274//1274
f 1275//1275 1276//1276 553//553
f 1275//1275 553//553 1274//1274
f 1275//1275 697//697 696//696
f 1275//1275 696//696 1277//1277
f 1275//1275 1277//1277 1278//1278
f 1275//1275 1278//1278 1276//1276
f 1278//1278 1279//1279 491//491
f 1278//1278 491//491 1276//1276
f 1278//1278 1277//1277 1280//1280
f 1278//1278 1280//1280 1281//1281
f 1278//1278 1281//1281 1282//1282
f 1278//1278 1282//1282 1279//1279
f 1282//1282 459//459 458//458
f 1282//1282 458//458 1279//1279
f 1282//1282 1281//1281 562//562
f 1282//1282 562//562 549//549
f 1282//1282 549//549 460//460
f 1282//1282 460//460 459//459
f 1281//1281 1280//1280 1283//1283
f 1281//1281 1283//1283 562//562
f 1283//1283 1280//1280 637//637
f 1283//1283 637//637 636//636
f 1283//1283 636//636 678//678
f 1283//1283 678//678 682//682
f 1283//1283 682//682 563//563
f 1283//1283 563//563 562//562
f 1280//1280 1277//1277 696//696
f 1280//1280 696//696 637//637
f 1279//1279 458//458 490//490
f 1279//1279 490//490 491//491
f 1276//1276 491//491 489//489
f 1276//1276 489//489 553//553
f 682//682 595//595 561//561
f 682//682 561//561 563//563
f 679//679 678//678 636//636
f 679//679 636//636 638//638
f 675//675 565//565 464//464
f 675//675 464//464 463//463
f 668//668 667//667 534//534
f 668//668 534//534 533//533
f 668//668 533//533 613//613
f 668//668 613//613 618//618
f 649//649 630//630 629//629
f 649//649 629//629 645//645
f 635//635 579//579 578//578
f 635//635 578//578 612//612
f 631//631 575//575 574//574
f 631//631 574//574 623//623
f 598//598 588//588 505//505
f 598//598 505//505 509//509
f 592//592 587//587 591//591
f 592//592 591//591 1179//1179
f 592//592 1179//1179 715//715
f 592//592 715//715 606//606
f 569//569 568//568 433//433
f 569//569 433//433 427//427
f 563//563 561//561 551//551
f 563//563 551//551 550//550
f 531//531 527//527 470//470
f 531//531 470//470 469//469
f 526//526 507//507 506//506
f 526//526 506//506 589//589
f 1274//1274 553//553 539//539
f 1274//1274 539//539 515//515
f 514//514 513//513 1274//1274
f 514//514 1274//1274 515//515
f 508//508 510//510 431//431
f 508//508 431//431 434//434
f 499//499 498//498 494//494
f 499//499 494//494 493//493
f 498//498 436//436 416//416
f 498//498 416//416 1284//1284
f 498//498 1284//1284 446//446
f 498//498 446//446 494//494
f 1284//1284 416//416 415//415
f 1284//1284 415//415 426//426
f 1284//1284 426//426 424//424
f 1284//1284 424//424 446//446
f 494//494 446//446 443//443
f 494//494 443//443 442//442
f 490//490 458//458 449//449
f 490//490 449//449 448//448
f 475//475 445//445 444//444
f 475//475 444//444 472//472
f 457//457 453//453 452//452
f 457//457 452//452 455//455
f 455//455 452//452 451//451
f 455//455 451//451 437//437
f 451//451 450//450 419//419
f 451//451 419//419 1285//1285
f 451//451 1285//1285 414//414
f 451//451 414//414 437//437
f 1285//1285 419//419 418//418
f 1285//1285 418//418 1286//1286
f 1285//1285 1286//1286 415//415
f 1285//1285 415//415 414//414
f 1286//1286 418//418 410//410
f 1286//1286 410//410 409//409
f 1286//1286 409//409 426//426
f 1286//1286 426//426 415//415
f 1128//1128 998//998 402//402
f 1128//1128 402//402 404//404
f 526//526 589//589 564//564
f 526//526 564//564 523//523
f 748//748 777//777 1202//1202
f 748//748 1202//1202 1201//1201
f 497//497 496//496 578//578
f 497//497 578//578 576//576
f 998//998 1128//1128 406//406
f 998//998 406//406 993//993
f 992//992 996//996 998//998
f 992//992 998//998 993//993
f 974//974 973//973 1011//1011
f 974//974 1011//1011 1287//1287
f 1015//1015 954//954 974//974
f 1015//1015 974//974 1287//1287
f 1288//1288 1015//1015 1287//1287
f 1288//1288 1287//1287 1289//1289
f 512//512 487//487 486//486
f 512//512 486//486 511//511
f 815//815 814//814 1207//1207
f 815//815 1207//1207 1205//1205
f 1205//1205 786//786 791//791
f 1205//1205 791//791 815//815
f 782//782 788//788 791//791
f 782//782 791//791 786//786
f 831//831 830//830 804//804
f 831//831 804//804 1290//1290
f 832//832 831//831 1290//1290
f 832//832 1290//1290 1291//1291
f 1082//1082 832//832 1291//1291
f 1082//1082 1291//1291 1292//1292
f 1075//1075 1082//1082 1292//1292
f 1075//1075 1292//1292 1076//1076
f 830//830 788//788 782//782
f 830//830 782//782 804//804
f 1208//1208 1207//1207 1218//1218
f 1208//1208 1218//1218 1211//1211
f 814//814 813//813 1218//1218
f 814//814 1218//1218 1207//1207
f 1009//1009 952//952 950//950
f 1009//1009 950//950 1014//1014
f 1289//1289 1010//1010 1009//1009
f 1289//1289 1009//1009 1014//1014
f 1012//1012 1288//1288 1289//1289
f 1012//1012 1289//1289 1014//1014
f 935//935 1015//1015 1288//1288
f 935//935 1288//1288 1012//1012
f 1011//1011 1010//1010 1289//1289
f 1011//1011 1289//1289 1287//1287
f 802//802 829//829 1290//1290
f 802//802 1290//1290 804//804
f 882//882 1291//1291 1290//1290
f 882//882 1290//1290 829//829
f 882//882 885//885 1292//1292
f 882//882 1292//1292 1291//1291
f 1074//1074 1076//1076 1292//1292
f 1074//1074 1292//1292 885//885
f 1074//1074 1073//1073 1077//1077
f 1074//1074 1077//1077 1076//1076
f 1142//1142 1077//1077 1073//1073
f 1142//1142 1073//1073 1143//1143
f 937//937 1142//1142 1143//1143
f 937//937 1143//1143 938//938
f 936//936 952//952 1007//1007
f 936//936 1007//1007 1006//1006
f 1006//1006 1017//1017 937//937
f 1006//1006 937//937 936//936
f 951//951 939//939 938//938
f 951//951 938//938 1145//1145
f 1147//1147 949//949 951//951
f 1147//1147 951//951 1145//1145
f 1147//1147 1016//1016 950//950
f 1147//1147 950//950 949//949
f 1293//1293 1294//1294 1295//1295
f 1293//1293 1295//1295 1296//1296
f 1293//1293 1296//1296 1297//1297
f 1293//1293 1297//1297 1298//1298
f 1293//1293 1298//1298 1299//1299
f 1293//1293 1299//1299 1300//1300
f 1293//1293 1300//1300 1301//1301
f 1293//1293 1301//1301 1302//1302
f 1303//1303 1304//1304 1305//1305
f 1303//1303 1305//1305 1306//1306
f 1303//1303 1299//1299 1298//1298
f 1303//1303 1298//1298 1307//1307
f 1303//1303 1306//1306 1308//1308
f 1303//1303 1308//1308 1299//1299
f 1300//1300 1299//1299 1308//1308
f 1300//1300 1308//1308 1301//1301
f 1296//1296 1295//1295 1309//1309
f 1296//1296 1309//1309 1297//1297
f 1310//1310 1311//1311 1312//1312
f 1310//1310 1312//1312 1313//1313
f 1314//1314 1315//1315 1316//1316
f 1314//1314 1316//1316 1317//1317
f 1314//1314 1318//1318 1319//1319
f 1314//1314 1319//1319 1315//1315
f 1314//1314 1317//1317 1320//1320
f 1314//1314 1320//1320 1318//1318
f 1312//1312 1311//1311 1321//1321
f 1312//1312 1321//1321 1322//1322
f 1311//1311 1310//1310 1316//1316
f 1311//1311 1316//1316 1315//1315
f 1323//1323 1324//1324 1325//1325
f 1323//1323 1325//1325 1305//1305
f 1323//1323 1326//1326 1327//1327
f 1323//1323 1327//1327 1324//1324
f 1323//1323 1305//1305 1304//1304
f 1323//1323 1304//1304 1326//1326
f 1308//1308 1306//1306 1328//1328
f 1308//1308 1328//1328 1329//1329
f 1330//1330 1331//1331 1332//1332
f 1330//1330 1332//1332 1333//1333
f 1334//1334 1335//1335 1332//1332
f 1334//1334 1332//1332 1331//1331
f 1331//1331 1330//1330 1313//1313
f 1331//1331 1313//1313 1334//1334
f 1336//1336 1337//1337 1338//1338
f 1336//1336 1338//1338 1339//1339
f 1336//1336 1324//1324 1327//1327
f 1336//1336 1327//1327 1337//1337
f 1336//1336 1339//1339 1325//1325
f 1336//1336 1325//1325 1324//1324
f 1310//1310 1340//1340 1341//1341
f 1310//1310 1341//1341 1342//1342
f 1310//1310 1313//1313 1343//1343
f 1310//1310 1343//1343 1340//1340
f 1310//1310 1342//1342 1344//1344
f 1310//1310 1344//1344 1316//1316
f 1345//1345 1317//1317 1316//1316
f 1345//1345 1316//1316 1344//1344
f 1345//1345 1346//1346 1320//1320
f 1345//1345 1320//1320 1317//1317
f 1345//1345 1344//1344 1347//1347
f 1345//1345 1347//1347 1346//1346
f 1348//1348 1349//1349 1335//1335
f 1348//1348 1335//1335 1334//1334
f 1348//1348 1334//1334 1322//1322
f 1348//1348 1322//1322 1350//1350
f 1348//1348 1350//1350 1351//1351
f 1348//1348 1351//1351 1349//1349
f 1295//1295 1294//1294 1352//1352
f 1295//1295 1352//1352 1309//1309
f 1332//1332 1335//1335 1353//1353
f 1332//1332 1353//1353 1354//1354
f 1349//1349 1351//1351 1353//1353
f 1349//1349 1353//1353 1335//1335
f 1344//1344 1355//1355 1356//1356
f 1344//1344 1356//1356 1347//1347
f 1357//1357 1358//1358 1330//1330
f 1357//1357 1330//1330 1333//1333
f 1359//1359 1360//1360 1361//1361
f 1359//1359 1361//1361 1362//1362
f 1359//1359 1363//1363 1364//1364
f 1359//1359 1364//1364 1365//1365
f 1359//1359 1365//1365 1366//1366
f 1359//1359 1366//1366 1360//1360
f 1362//1362 1361//1361 1367//1367
f 1362//1362 1367//1367 1368//1368
f 1362//1362 1369//1369 1370//1370
f 1362//1362 1370//1370 1359//1359
f 1371//1371 1372//1372 1373//1373
f 1371//1371 1373//1373 1374//1374
f 1375//1375 1376//1376 1377//1377
f 1375//1375 1377//1377 1378//1378
f 1375//1375 1379//1379 1380//1380
f 1375//1375 1380//1380 1376//1376
f 1375//1375 1378//1378 1381//1381
f 1375//1375 1381//1381 1382//1382
f 1352//1352 1383//1383 1384//1384
f 1352//1352 1384//1384 1309//1309
f 1352//1352 1385//1385 1386//1386
f 1352//1352 1386//1386 1387//1387
f 1352//1352 1294//1294 1388//1388
f 1352//1352 1388//1388 1385//1385
f 1352//1352 1387//1387 1389//1389
f 1352//1352 1389//1389 1383//1383
f 1378//1378 1377//1377 1390//1390
f 1378//1378 1390//1390 1391//1391
f 1392//1392 1393//1393 1394//1394
f 1392//1392 1394//1394 1395//1395
f 1396//1396 1354//1354 1353//1353
f 1396//1396 1353//1353 1397//1397
f 1374//1374 1373//1373 1398//1398
f 1374//1374 1398//1398 1399//1399
f 1399//1399 1400//1400 1401//1401
f 1399//1399 1401//1401 1374//1374
f 1369//1369 1401//1401 1402//1402
f 1369//1369 1402//1402 1386//1386
f 1369//1369 1362//1362 1374//1374
f 1369//1369 1374//1374 1401//1401
f 1355//1355 1403//1403 1404//1404
f 1355//1355 1404//1404 1405//1405
f 1399//1399 1406//1406 1407//1407
f 1399//1399 1407//1407 1400//1400
f 1399//1399 1398//1398 1408//1408
f 1399//1399 1408//1408 1406//1406
f 1409//1409 1372//1372 1410//1410
f 1409//1409 1410//1410 1364//1364
f 1411//1411 1412//1412 1407//1407
f 1411//1411 1407//1407 1406//1406
f 1411//1411 1406//1406 1408//1408
f 1411//1411 1408//1408 1413//1413
f 1411//1411 1413//1413 1414//1414
f 1411//1411 1414//1414 1412//1412
f 1389//1389 1387//1387 1415//1415
f 1389//1389 1415//1415 1416//1416
f 1389//1389 1416//1416 1417//1417
f 1389//1389 1417//1417 1418//1418
f 1419//1419 1382//1382 1381//1381
f 1419//1419 1381//1381 1420//1420
f 1421//1421 1422//1422 1382//1382
f 1421//1421 1382//1382 1419//1419
f 1419//1419 1420//1420 1423//1423
f 1419//1419 1423//1423 1421//1421
f 1424//1424 1395//1395 1394//1394
f 1424//1424 1394//1394 1425//1425
f 1423//1423 1426//1426 1427//1427
f 1423//1423 1427//1427 1421//1421
f 1423//1423 1428//1428 1429//1429
f 1423//1423 1429//1429 1426//1426
f 1418//1418 1430//1430 1431//1431
f 1418//1418 1431//1431 1432//1432
f 1409//1409 1364//1364 1363//1363
f 1409//1409 1363//1363 1433//1433
f 1434//1434 1435//1435 1432//1432
f 1434//1434 1432//1432 1431//1431
f 1434//1434 1436//1436 1437//1437
f 1434//1434 1437//1437 1435//1435
f 1414//1414 1438//1438 1439//1439
f 1414//1414 1439//1439 1412//1412
f 1414//1414 1413//1413 1440//1440
f 1414//1414 1440//1440 1438//1438
f 1441//1441 1427//1427 1442//1442
f 1441//1441 1442//1442 1443//1443
f 1441//1441 1444//1444 1421//1421
f 1441//1441 1421//1421 1427//1427
f 1441//1441 1443//1443 1445//1445
f 1441//1441 1445//1445 1444//1444
f 1442//1442 1446//1446 1447//1447
f 1442//1442 1447//1447 1443//1443
f 1398//1398 1448//1448 1449//1449
f 1398//1398 1449//1449 1408//1408
f 1398//1398 1373//1373 1433//1433
f 1398//1398 1433//1433 1448//1448
f 1403//1403 1420//1420 1450//1450
f 1403//1403 1450//1450 1451//1451
f 1403//1403 1451//1451 1452//1452
f 1403//1403 1452//1452 1404//1404
f 1453//1453 1425//1425 1394//1394
f 1453//1453 1394//1394 1454//1454
f 1453//1453 1381//1381 1378//1378
f 1453//1453 1378//1378 1425//1425
f 1453//1453 1450//1450 1420//1420
f 1453//1453 1420//1420 1381//1381
f 1455//1455 1456//1456 1457//1457
f 1455//1455 1457//1457 1458//1458
f 1455//1455 1458//1458 1459//1459
f 1455//1455 1459//1459 1439//1439
f 1455//1455 1439//1439 1438//1438
f 1455//1455 1438//1438 1456//1456
f 1460//1460 1417//1417 1461//1461
f 1460//1460 1461//1461 1462//1462
f 1460//1460 1363//1363 1359//1359
f 1460//1460 1359//1359 1370//1370
f 1454//1454 1444//1444 1463//1463
f 1454//1454 1463//1463 1464//1464
f 1454//1454 1464//1464 1465//1465
f 1454//1454 1465//1465 1453//1453
f 1444//1444 1445//1445 1466//1466
f 1444//1444 1466//1466 1463//1463
f 1444//1444 1454//1454 1422//1422
f 1444//1444 1422//1422 1421//1421
f 1467//1467 1461//1461 1417//1417
f 1467//1467 1417//1417 1416//1416
f 1467//1467 1468//1468 1458//1458
f 1467//1467 1458//1458 1469//1469
f 1467//1467 1416//1416 1415//1415
f 1467//1467 1415//1415 1468//1468
f 1470//1470 1429//1429 1428//1428
f 1470//1470 1428//1428 1471//1471
f 1470//1470 1471//1471 1405//1405
f 1470//1470 1405//1405 1404//1404
f 1470//1470 1472//1472 1473//1473
f 1470//1470 1473//1473 1474//1474
f 1470//1470 1404//1404 1452//1452
f 1470//1470 1452//1452 1472//1472
f 1448//1448 1460//1460 1462//1462
f 1448//1448 1462//1462 1475//1475
f 1448//1448 1433//1433 1363//1363
f 1448//1448 1363//1363 1460//1460
f 1448//1448 1475//1475 1476//1476
f 1448//1448 1476//1476 1449//1449
f 1461//1461 1467//1467 1477//1477
f 1461//1461 1477//1477 1478//1478
f 1461//1461 1478//1478 1479//1479
f 1461//1461 1479//1479 1480//1480
f 1456//1456 1438//1438 1440//1440
f 1456//1456 1440//1440 1481//1481
f 1456//1456 1481//1481 1482//1482
f 1456//1456 1482//1482 1483//1483
f 1456//1456 1483//1483 1484//1484
f 1456//1456 1484//1484 1457//1457
f 1469//1469 1458//1458 1457//1457
f 1469//1469 1457//1457 1485//1485
f 1469//1469 1486//1486 1477//1477
f 1469//1469 1477//1477 1467//1467
f 1475//1475 1487//1487 1488//1488
f 1475//1475 1488//1488 1476//1476
f 1475//1475 1489//1489 1490//1490
f 1475//1475 1490//1490 1487//1487
f 1484//1484 1491//1491 1485//1485
f 1484//1484 1485//1485 1457//1457
f 1484//1484 1483//1483 1482//1482
f 1484//1484 1482//1482 1491//1491
f 1489//1489 1475//1475 1462//1462
f 1489//1489 1462//1462 1492//1492
f 1489//1489 1492//1492 1493//1493
f 1489//1489 1493//1493 1490//1490
f 1494//1494 1465//1465 1464//1464
f 1494//1494 1464//1464 1495//1495
f 1494//1494 1495//1495 1496//1496
f 1494//1494 1496//1496 1497//1497
f 1494//1494 1497//1497 1498//1498
f 1494//1494 1498//1498 1465//1465
f 1499//1499 1480//1480 1479//1479
f 1499//1499 1479//1479 1500//1500
f 1499//1499 1500//1500 1501//1501
f 1499//1499 1501//1501 1493//1493
f 1499//1499 1493//1493 1492//1492
f 1499//1499 1492//1492 1480//1480
f 1502//1502 1503//1503 1504//1504
f 1502//1502 1504//1504 1505//1505
f 1502//1502 1505//1505 1506//1506
f 1502//1502 1506//1506 1466//1466
f 1502//1502 1466//1466 1445//1445
f 1502//1502 1445//1445 1503//1503
f 1507//1507 1508//1508 1509//1509
f 1507//1507 1509//1509 1510//1510
f 1507//1507 1510//1510 1511//1511
f 1507//1507 1511//1511 1512//1512
f 1507//1507 1513//1513 1514//1514
f 1507//1507 1514//1514 1508//1508
f 1466//1466 1515//1515 1516//1516
f 1466//1466 1516//1516 1463//1463
f 1517//1517 1518//1518 1519//1519
f 1517//1517 1519//1519 1520//1520
f 1517//1517 1520//1520 1521//1521
f 1517//1517 1521//1521 1522//1522
f 1517//1517 1452//1452 1451//1451
f 1517//1517 1451//1451 1518//1518
f 1506//1506 1513//1513 1515//1515
f 1506//1506 1515//1515 1466//1466
f 1490//1490 1493//1493 1501//1501
f 1490//1490 1501//1501 1487//1487
f 1515//1515 1513//1513 1523//1523
f 1515//1515 1523//1523 1516//1516
f 1513//1513 1507//1507 1524//1524
f 1513//1513 1524//1524 1523//1523
f 1525//1525 1526//1526 1527//1527
f 1525//1525 1527//1527 1528//1528
f 1525//1525 1529//1529 1530//1530
f 1525//1525 1530//1530 1531//1531
f 1525//1525 1528//1528 1532//1532
f 1525//1525 1532//1532 1529//1529
f 1533//1533 1534//1534 1535//1535
f 1533//1533 1535//1535 1536//1536
f 1537//1537 1538//1538 1534//1534
f 1537//1537 1534//1534 1533//1533
f 1533//1533 1536//1536 1539//1539
f 1533//1533 1539//1539 1537//1537
f 1540//1540 1532//1532 1528//1528
f 1540//1540 1528//1528 1522//1522
f 1541//1541 1542//1542 1532//1532
f 1541//1541 1532//1532 1540//1540
f 1540//1540 1522//1522 1521//1521
f 1540//1540 1521//1521 1541//1541
f 1543//1543 1544//1544 1545//1545
f 1543//1543 1545//1545 1546//1546
f 1536//1536 1547//1547 1544//1544
f 1536//1536 1544//1544 1543//1543
f 1543//1543 1546//1546 1539//1539
f 1543//1543 1539//1539 1536//1536
f 1548//1548 1542//1542 1549//1549
f 1548//1548 1549//1549 1550//1550
f 1549//1549 1542//1542 1541//1541
f 1549//1549 1541//1541 1551//1551
f 1549//1549 1551//1551 1552//1552
f 1549//1549 1552//1552 1553//1553
f 1554//1554 1555//1555 1556//1556
f 1554//1554 1556//1556 1557//1557
f 1554//1554 1558//1558 1559//1559
f 1554//1554 1559//1559 1555//1555
f 1554//1554 1560//1560 1561//1561
f 1554//1554 1561//1561 1558//1558
f 1554//1554 1557//1557 1562//1562
f 1554//1554 1562//1562 1560//1560
f 1560//1560 1562//1562 1563//1563
f 1560//1560 1563//1563 1561//1561
f 1564//1564 1565//1565 1566//1566
f 1564//1564 1566//1566 1567//1567
f 1564//1564 1567//1567 1568//1568
f 1564//1564 1568//1568 1569//1569
f 1564//1564 1569//1569 1570//1570
f 1564//1564 1570//1570 1565//1565
f 1570//1570 1571//1571 1563//1563
f 1570//1570 1563//1563 1565//1565
f 1569//1569 1568//1568 1571//1571
f 1569//1569 1571//1571 1570//1570
f 1571//1571 1568//1568 1572//1572
f 1571//1571 1572//1572 1573//1573
f 1571//1571 1573//1573 1561//1561
f 1571//1571 1561//1561 1563//1563
f 1573//1573 1572//1572 1574//1574
f 1573//1573 1574//1574 1575//1575
f 1573//1573 1575//1575 1558//1558
f 1573//1573 1558//1558 1561//1561
f 1575//1575 1574//1574 1576//1576
f 1575//1575 1576//1576 1577//1577
f 1575//1575 1577//1577 1559//1559
f 1575//1575 1559//1559 1558//1558
f 1577//1577 1576//1576 1578//1578
f 1577//1577 1578//1578 1579//1579
f 1577//1577 1579//1579 1580//1580
f 1577//1577 1580//1580 1559//1559
f 1580//1580 1579//1579 1539//1539
f 1580//1580 1539//1539 1546//1546
f 1580//1580 1546//1546 1549//1549
f 1580//1580 1549//1549 1553//1553
f 1580//1580 1553//1553 1555//1555
f 1580//1580 1555//1555 1559//1559
f 1579//1579 1578//1578 1537//1537
f 1579//1579 1537//1537 1539//1539
f 1578//1578 1581//1581 1582//1582
f 1578//1578 1582//1582 1537//1537
f 1578//1578 1576//1576 1583//1583
f 1578//1578 1583//1583 1581//1581
f 1583//1583 1584//1584 1585//1585
f 1583//1583 1585//1585 1581//1581
f 1583//1583 1576//1576 1574//1574
f 1583//1583 1574//1574 1586//1586
f 1583//1583 1586//1586 1587//1587
f 1583//1583 1587//1587 1584//1584
f 1587//1587 1556//1556 1552//1552
f 1587//1587 1552//1552 1584//1584
f 1587//1587 1586//1586 1588//1588
f 1587//1587 1588//1588 1589//1589
f 1587//1587 1589//1589 1557//1557
f 1587//1587 1557//1557 1556//1556
f 1589//1589 1588//1588 1567//1567
f 1589//1589 1567//1567 1566//1566
f 1589//1589 1566//1566 1562//1562
f 1589//1589 1562//1562 1557//1557
f 1588//1588 1586//1586 1574//1574
f 1588//1588 1574//1574 1572//1572
f 1588//1588 1572//1572 1568//1568
f 1588//1588 1568//1568 1567//1567
f 1585//1585 1551//1551 1541//1541
f 1585//1585 1541//1541 1590//1590
f 1585//1585 1590//1590 1582//1582
f 1585//1585 1582//1582 1581//1581
f 1585//1585 1584//1584 1552//1552
f 1585//1585 1552//1552 1551//1551
f 1590//1590 1541//1541 1521//1521
f 1590//1590 1521//1521 1591//1591
f 1590//1590 1591//1591 1592//1592
f 1590//1590 1592//1592 1582//1582
f 1592//1592 1591//1591 1593//1593
f 1592//1592 1593//1593 1594//1594
f 1592//1592 1594//1594 1512//1512
f 1592//1592 1512//1512 1538//1538
f 1592//1592 1538//1538 1537//1537
f 1592//1592 1537//1537 1582//1582
f 1594//1594 1593//1593 1595//1595
f 1594//1594 1595//1595 1524//1524
f 1594//1594 1524//1524 1507//1507
f 1594//1594 1507//1507 1512//1512
f 1595//1595 1519//1519 1497//1497
f 1595//1595 1497//1497 1496//1496
f 1595//1595 1496//1496 1523//1523
f 1595//1595 1523//1523 1524//1524
f 1595//1595 1593//1593 1520//1520
f 1595//1595 1520//1520 1519//1519
f 1593//1593 1591//1591 1521//1521
f 1593//1593 1521//1521 1520//1520
f 1566//1566 1565//1565 1563//1563
f 1566//1566 1563//1563 1562//1562
f 1556//1556 1555//1555 1553//1553
f 1556//1556 1553//1553 1552//1552
f 1550//1550 1545//1545 1596//1596
f 1550//1550 1596//1596 1530//1530
f 1550//1550 1530//1530 1529//1529
f 1550//1550 1529//1529 1548//1548
f 1550//1550 1549//1549 1546//1546
f 1550//1550 1546//1546 1545//1545
f 1596//1596 1486//1486 1469//1469
f 1596//1596 1469//1469 1597//1597
f 1596//1596 1597//1597 1531//1531
f 1596//1596 1531//1531 1530//1530
f 1596//1596 1545//1545 1544//1544
f 1596//1596 1544//1544 1486//1486
f 1597//1597 1469//1469 1485//1485
f 1597//1597 1485//1485 1598//1598
f 1597//1597 1598//1598 1500//1500
f 1597//1597 1500//1500 1531//1531
f 1598//1598 1485//1485 1491//1491
f 1598//1598 1491//1491 1599//1599
f 1598//1598 1599//1599 1501//1501
f 1598//1598 1501//1501 1500//1500
f 1599//1599 1491//1491 1482//1482
f 1599//1599 1482//1482 1488//1488
f 1599//1599 1488//1488 1487//1487
f 1599//1599 1487//1487 1501//1501
f 1548//1548 1529//1529 1532//1532
f 1548//1548 1532//1532 1542//1542
f 1547//1547 1526//1526 1478//1478
f 1547//1547 1478//1478 1477//1477
f 1547//1547 1477//1477 1486//1486
f 1547//1547 1486//1486 1544//1544
f 1547//1547 1536//1536 1527//1527
f 1547//1547 1527//1527 1526//1526
f 1538//1538 1512//1512 1511//1511
f 1538//1538 1511//1511 1534//1534
f 1536//1536 1535//1535 1600//1600
f 1536//1536 1600//1600 1527//1527
f 1600//1600 1535//1535 1601//1601
f 1600//1600 1601//1601 1602//1602
f 1600//1600 1602//1602 1517//1517
f 1600//1600 1517//1517 1522//1522
f 1600//1600 1522//1522 1528//1528
f 1600//1600 1528//1528 1527//1527
f 1602//1602 1601//1601 1473//1473
f 1602//1602 1473//1473 1472//1472
f 1602//1602 1472//1472 1452//1452
f 1602//1602 1452//1452 1517//1517
f 1601//1601 1511//1511 1510//1510
f 1601//1601 1510//1510 1473//1473
f 1601//1601 1535//1535 1534//1534
f 1601//1601 1534//1534 1511//1511
f 1531//1531 1500//1500 1479//1479
f 1531//1531 1479//1479 1525//1525
f 1526//1526 1525//1525 1479//1479
f 1526//1526 1479//1479 1478//1478
f 1523//1523 1496//1496 1495//1495
f 1523//1523 1495//1495 1516//1516
f 1519//1519 1518//1518 1498//1498
f 1519//1519 1498//1498 1497//1497
f 1518//1518 1451//1451 1450//1450
f 1518//1518 1450//1450 1498//1498
f 1516//1516 1495//1495 1464//1464
f 1516//1516 1464//1464 1463//1463
f 1514//1514 1505//1505 1504//1504
f 1514//1514 1504//1504 1508//1508
f 1514//1514 1513//1513 1506//1506
f 1514//1514 1506//1506 1505//1505
f 1510//1510 1509//1509 1474//1474
f 1510//1510 1474//1474 1473//1473
f 1509//1509 1508//1508 1504//1504
f 1509//1509 1504//1504 1603//1603
f 1509//1509 1603//1603 1604//1604
f 1509//1509 1604//1604 1474//1474
f 1604//1604 1603//1603 1447//1447
f 1604//1604 1447//1447 1446//1446
f 1604//1604 1446//1446 1426//1426
f 1604//1604 1426//1426 1429//1429
f 1604//1604 1429//1429 1470//1470
f 1604//1604 1470//1470 1474//1474
f 1603//1603 1504//1504 1503//1503
f 1603//1603 1503//1503 1447//1447
f 1503//1503 1445//1445 1443//1443
f 1503//1503 1443//1443 1447//1447
f 1498//1498 1450//1450 1453//1453
f 1498//1498 1453//1453 1465//1465
f 1492//1492 1462//1462 1461//1461
f 1492//1492 1461//1461 1480//1480
f 1488//1488 1482//1482 1481//1481
f 1488//1488 1481//1481 1476//1476
f 1481//1481 1440//1440 1449//1449
f 1481//1481 1449//1449 1476//1476
f 1468//1468 1415//1415 1402//1402
f 1468//1468 1402//1402 1605//1605
f 1468//1468 1605//1605 1459//1459
f 1468//1468 1459//1459 1458//1458
f 1605//1605 1402//1402 1401//1401
f 1605//1605 1401//1401 1400//1400
f 1605//1605 1400//1400 1407//1407
f 1605//1605 1407//1407 1459//1459
f 1459//1459 1407//1407 1412//1412
f 1459//1459 1412//1412 1439//1439
f 1454//1454 1394//1394 1393//1393
f 1454//1454 1393//1393 1422//1422
f 1449//1449 1440//1440 1413//1413
f 1449//1449 1413//1413 1408//1408
f 1446//1446 1442//1442 1427//1427
f 1446//1446 1427//1427 1426//1426
f 1437//1437 1436//1436 1325//1325
f 1437//1437 1325//1325 1339//1339
f 1437//1437 1339//1339 1338//1338
f 1437//1437 1338//1338 1606//1606
f 1437//1437 1606//1606 1607//1607
f 1437//1437 1607//1607 1435//1435
f 1607//1607 1606//1606 1608//1608
f 1607//1607 1608//1608 1609//1609
f 1607//1607 1609//1609 1610//1610
f 1607//1607 1610//1610 1611//1611
f 1607//1607 1611//1611 1432//1432
f 1607//1607 1432//1432 1435//1435
f 1611//1611 1610//1610 1612//1612
f 1611//1611 1612//1612 1613//1613
f 1611//1611 1613//1613 1418//1418
f 1611//1611 1418//1418 1432//1432
f 1613//1613 1612//1612 1614//1614
f 1613//1613 1614//1614 1615//1615
f 1613//1613 1615//1615 1389//1389
f 1613//1613 1389//1389 1418//1418
f 1615//1615 1614//1614 1616//1616
f 1615//1615 1616//1616 1617//1617
f 1615//1615 1617//1617 1383//1383
f 1615//1615 1383//1383 1389//1389
f 1617//1617 1616//1616 1618//1618
f 1617//1617 1618//1618 1619//1619
f 1617//1617 1619//1619 1384//1384
f 1617//1617 1384//1384 1383//1383
f 1619//1619 1618//1618 1620//1620
f 1619//1619 1620//1620 1621//1621
f 1619//1619 1621//1621 1622//1622
f 1619//1619 1622//1622 1384//1384
f 1622//1622 1297//1297 1309//1309
f 1622//1622 1309//1309 1384//1384
f 1622//1622 1621//1621 1623//1623
f 1622//1622 1623//1623 1307//1307
f 1622//1622 1307//1307 1298//1298
f 1622//1622 1298//1298 1297//1297
f 1623//1623 1621//1621 1620//1620
f 1623//1623 1620//1620 1624//1624
f 1623//1623 1624//1624 1625//1625
f 1623//1623 1625//1625 1626//1626
f 1623//1623 1626//1626 1303//1303
f 1623//1623 1303//1303 1307//1307
f 1626//1626 1625//1625 1627//1627
f 1626//1626 1627//1627 1628//1628
f 1626//1626 1628//1628 1304//1304
f 1626//1626 1304//1304 1303//1303
f 1628//1628 1627//1627 1629//1629
f 1628//1628 1629//1629 1630//1630
f 1628//1628 1630//1630 1326//1326
f 1628//1628 1326//1326 1304//1304
f 1630//1630 1629//1629 1631//1631
f 1630//1630 1631//1631 1632//1632
f 1630//1630 1632//1632 1327//1327
f 1630//1630 1327//1327 1326//1326
f 1632//1632 1631//1631 1633//1633
f 1632//1632 1633//1633 1634//1634
f 1632//1632 1634//1634 1337//1337
f 1632//1632 1337//1337 1327//1327
f 1634//1634 1633//1633 1635//1635
f 1634//1634 1635//1635 1636//1636
f 1634//1634 1636//1636 1338//1338
f 1634//1634 1338//1338 1337//1337
f 1636//1636 1635//1635 1637//1637
f 1636//1636 1637//1637 1608//1608
f 1636//1636 1608//1608 1606//1606
f 1636//1636 1606//1606 1338//1338
f 1635//1635 1633//1633 1346//1346
f 1635//1635 1346//1346 1347//1347
f 1635//1635 1347//1347 1356//1356
f 1635//1635 1356//1356 1637//1637
f 1633//1633 1631//1631 1320//1320
f 1633//1633 1320//1320 1346//1346
f 1631//1631 1629//1629 1318//1318
f 1631//1631 1318//1318 1320//1320
f 1629//1629 1627//1627 1319//1319
f 1629//1629 1319//1319 1318//1318
f 1627//1627 1625//1625 1638//1638
f 1627//1627 1638//1638 1319//1319
f 1638//1638 1625//1625 1624//1624
f 1638//1638 1624//1624 1639//1639
f 1638//1638 1639//1639 1321//1321
f 1638//1638 1321//1321 1311//1311
f 1638//1638 1311//1311 1315//1315
f 1638//1638 1315//1315 1319//1319
f 1639//1639 1624//1624 1620//1620
f 1639//1639 1620//1620 1640//1640
f 1639//1639 1640//1640 1641//1641
f 1639//1639 1641//1641 1321//1321
f 1641//1641 1640//1640 1642//1642
f 1641//1641 1642//1642 1643//1643
f 1641//1641 1643//1643 1351//1351
f 1641//1641 1351//1351 1350//1350
f 1641//1641 1350//1350 1322//1322
f 1641//1641 1322//1322 1321//1321
f 1643//1643 1642//1642 1644//1644
f 1643//1643 1644//1644 1397//1397
f 1643//1643 1397//1397 1353//1353
f 1643//1643 1353//1353 1351//1351
f 1644//1644 1616//1616 1614//1614
f 1644//1644 1614//1614 1645//1645
f 1644//1644 1645//1645 1396//1396
f 1644//1644 1396//1396 1397//1397
f 1644//1644 1642//1642 1618//1618
f 1644//1644 1618//1618 1616//1616
f 1642//1642 1640//1640 1620//1620
f 1642//1642 1620//1620 1618//1618
f 1614//1614 1612//1612 1646//1646
f 1614//1614 1646//1646 1645//1645
f 1612//1612 1610//1610 1647//1647
f 1612//1612 1647//1647 1646//1646
f 1647//1647 1610//1610 1609//1609
f 1647//1647 1609//1609 1648//1648
f 1647//1647 1648//1648 1355//1355
f 1647//1647 1355//1355 1405//1405
f 1647//1647 1405//1405 1471//1471
f 1647//1647 1471//1471 1646//1646
f 1609//1609 1608//1608 1637//1637
f 1609//1609 1637//1637 1648//1648
f 1425//1425 1378//1378 1391//1391
f 1425//1425 1391//1391 1424//1424
f 1424//1424 1391//1391 1649//1649
f 1424//1424 1649//1649 1395//1395
f 1649//1649 1650//1650 1380//1380
f 1649//1649 1380//1380 1379//1379
f 1649//1649 1379//1379 1392//1392
f 1649//1649 1392//1392 1395//1395
f 1649//1649 1391//1391 1390//1390
f 1649//1649 1390//1390 1650//1650
f 1650//1650 1343//1343 1651//1651
f 1650//1650 1651//1651 1380//1380
f 1650//1650 1390//1390 1340//1340
f 1650//1650 1340//1340 1343//1343
f 1651//1651 1330//1330 1358//1358
f 1651//1651 1358//1358 1652//1652
f 1651//1651 1652//1652 1376//1376
f 1651//1651 1376//1376 1380//1380
f 1651//1651 1343//1343 1313//1313
f 1651//1651 1313//1313 1330//1330
f 1652//1652 1358//1358 1342//1342
f 1652//1652 1342//1342 1341//1341
f 1652//1652 1341//1341 1377//1377
f 1652//1652 1377//1377 1376//1376
f 1422//1422 1393//1393 1375//1375
f 1422//1422 1375//1375 1382//1382
f 1423//1423 1420//1420 1403//1403
f 1423//1423 1403//1403 1653//1653
f 1423//1423 1653//1653 1654//1654
f 1423//1423 1654//1654 1428//1428
f 1415//1415 1387//1387 1386//1386
f 1415//1415 1386//1386 1402//1402
f 1410//1410 1372//1372 1371//1371
f 1410//1410 1371//1371 1368//1368
f 1410//1410 1368//1368 1367//1367
f 1410//1410 1367//1367 1655//1655
f 1410//1410 1655//1655 1365//1365
f 1410//1410 1365//1365 1364//1364
f 1655//1655 1367//1367 1656//1656
f 1655//1655 1656//1656 1657//1657
f 1655//1655 1657//1657 1366//1366
f 1655//1655 1366//1366 1365//1365
f 1657//1657 1656//1656 1658//1658
f 1657//1657 1658//1658 1659//1659
f 1657//1657 1659//1659 1660//1660
f 1657//1657 1660//1660 1366//1366
f 1660//1660 1661//1661 1360//1360
f 1660//1660 1360//1360 1366//1366
f 1660//1660 1659//1659 1301//1301
f 1660//1660 1301//1301 1308//1308
f 1660//1660 1308//1308 1329//1329
f 1660//1660 1329//1329 1661//1661
f 1661//1661 1662//1662 1361//1361
f 1661//1661 1361//1361 1360//1360
f 1661//1661 1329//1329 1663//1663
f 1661//1661 1663//1663 1662//1662
f 1662//1662 1656//1656 1367//1367
f 1662//1662 1367//1367 1361//1361
f 1662//1662 1663//1663 1658//1658
f 1662//1662 1658//1658 1656//1656
f 1659//1659 1658//1658 1302//1302
f 1659//1659 1302//1302 1301//1301
f 1393//1393 1392//1392 1379//1379
f 1393//1393 1379//1379 1375//1375
f 1390//1390 1377//1377 1341//1341
f 1390//1390 1341//1341 1340//1340
f 1386//1386 1385//1385 1664//1664
f 1386//1386 1664//1664 1369//1369
f 1385//1385 1388//1388 1328//1328
f 1385//1385 1328//1328 1664//1664
f 1664//1664 1665//1665 1370//1370
f 1664//1664 1370//1370 1369//1369
f 1665//1665 1430//1430 1418//1418
f 1665//1665 1418//1418 1417//1417
f 1665//1665 1417//1417 1460//1460
f 1665//1665 1460//1460 1370//1370
f 1374//1374 1362//1362 1368//1368
f 1374//1374 1368//1368 1371//1371
f 1396//1396 1645//1645 1646//1646
f 1396//1396 1646//1646 1471//1471
f 1654//1654 1396//1396 1471//1471
f 1654//1654 1471//1471 1428//1428
f 1356//1356 1355//1355 1648//1648
f 1356//1356 1648//1648 1637//1637
f 1403//1403 1355//1355 1344//1344
f 1403//1403 1344//1344 1342//1342
f 1358//1358 1653//1653 1403//1403
f 1358//1358 1403//1403 1342//1342
f 1329//1329 1328//1328 1388//1388
f 1329//1329 1388//1388 1663//1663
f 1302//1302 1658//1658 1663//1663
f 1302//1302 1663//1663 1388//1388
f 1302//1302 1388//1388 1294//1294
f 1302//1302 1294//1294 1293//1293
f 1436//1436 1434//1434 1431//1431
f 1436//1436 1431//1431 1430//1430
f 1328//1328 1306//1306 1305//1305
f 1328//1328 1305//1305 1325//1325
f 1430//1430 1665//1665 1664//1664
f 1430//1430 1664//1664 1328//1328
f 1325//1325 1436//1436 1430//1430
f 1325//1325 1430//1430 1328//1328
f 1433//1433 1373//1373 1372//1372
f 1433//1433 1372//1372 1409//1409
f 1654//1654 1357//1357 1354//1354
f 1654//1654 1354//1354 1396//1396
f 1654//1654 1653//1653 1358//1358
f 1654//1654 1358//1358 1357//1357
f 1334//1334 1313//1313 1312//1312
f 1334//1334 1312//1312 1322//1322
f 1333//1333 1332//1332 1354//1354
f 1333//1333 1354//1354 1357//1357
f 1666//1666 1667//1667 1668//1668
f 1666//1666 1668//1668 1669//1669
f 1666//1666 1670//1670 1671//1671
f 1666//1666 1671//1671 1667//1667
f 1666//1666 1669//1669 1672//1672
f 1666//1666 1672//1672 1670//1670
f 1673//1673 1674//1674 1675//1675
f 1673//1673 1675//1675 1676//1676
f 1673//1673 1676//1676 1677//1677
f 1673//1673 1677//1677 1671//1671
f 1673//1673 1671//1671 1670//1670
f 1673//1673 1670//1670 1674//1674
f 1678//1678 1679//1679 1677//1677
f 1678//1678 1677//1677 1676//1676
f 1680//1680 1681//1681 1679//1679
f 1680//1680 1679//1679 1678//1678
f 1678//1678 1676//1676 1682//1682
f 1678//1678 1682//1682 1680//1680
f 1683//1683 1684//1684 1685//1685
f 1683//1683 1685//1685 1686//1686
f 1683//1683 1687//1687 1688//1688
f 1683//1683 1688//1688 1684//1684
f 1683//1683 1686//1686 1689//1689
f 1683//1683 1689//1689 1687//1687
f 1690//1690 1691//1691 1692//1692
f 1690//1690 1692//1692 1693//1693
f 1690//1690 1693//1693 1694//1694
f 1690//1690 1694//1694 1695//1695
f 1690//1690 1695//1695 1696//1696
f 1690//1690 1696//1696 1691//1691
f 1687//1687 1697//1697 1698//1698
f 1687//1687 1698//1698 1688//1688
f 1699//1699 1700//1700 1701//1701
f 1699//1699 1701//1701 1702//1702
f 1699//1699 1703//1703 1697//1697
f 1699//1699 1697//1697 1700//1700
f 1699//1699 1702//1702 1704//1704
f 1699//1699 1704//1704 1703//1703
f 1705//1705 1680//1680 1682//1682
f 1705//1705 1682//1682 1706//1706
f 1705//1705 1706//1706 1707//1707
f 1705//1705 1707//1707 1708//1708
f 1705//1705 1708//1708 1709//1709
f 1705//1705 1709//1709 1680//1680
f 1710//1710 1711//1711 1712//1712
f 1710//1710 1712//1712 1713//1713
f 1679//1679 1714//1714 1715//1715
f 1679//1679 1715//1715 1677//1677
f 1711//1711 1710//1710 1716//1716
f 1711//1711 1716//1716 1717//1717
f 1711//1711 1717//1717 1718//1718
f 1711//1711 1718//1718 1719//1719
f 1709//1709 1720//1720 1721//1721
f 1709//1709 1721//1721 1722//1722
f 1723//1723 1724//1724 1709//1709
f 1723//1723 1709//1709 1722//1722
f 1723//1723 1725//1725 1726//1726
f 1723//1723 1726//1726 1724//1724
f 1727//1727 1728//1728 1729//1729
f 1727//1727 1729//1729 1730//1730
f 1727//1727 1718//1718 1717//1717
f 1727//1727 1717//1717 1728//1728
f 1727//1727 1730//1730 1731//1731
f 1727//1727 1731//1731 1732//1732
f 1733//1733 1734//1734 1735//1735
f 1733//1733 1735//1735 1736//1736
f 1733//1733 1737//1737 1738//1738
f 1733//1733 1738//1738 1734//1734
f 1732//1732 1731//1731 1739//1739
f 1732//1732 1739//1739 1740//1740
f 1732//1732 1741//1741 1742//1742
f 1732//1732 1742//1742 1727//1727
f 1734//1734 1743//1743 1744//1744
f 1734//1734 1744//1744 1735//1735
f 1745//1745 1746//1746 1747//1747
f 1745//1745 1747//1747 1748//1748
f 1745//1745 1749//1749 1743//1743
f 1745//1745 1743//1743 1746//1746
f 1715//1715 1722//1722 1750//1750
f 1715//1715 1750//1750 1751//1751
f 1715//1715 1714//1714 1723//1723
f 1715//1715 1723//1723 1722//1722
f 1752//1752 1753//1753 1729//1729
f 1752//1752 1729//1729 1754//1754
f 1752//1752 1754//1754 1741//1741
f 1752//1752 1741//1741 1755//1755
f 1752//1752 1755//1755 1756//1756
f 1752//1752 1756//1756 1753//1753
f 1757//1757 1758//1758 1759//1759
f 1757//1757 1759//1759 1760//1760
f 1757//1757 1760//1760 1761//1761
f 1757//1757 1761//1761 1677//1677
f 1757//1757 1751//1751 1762//1762
f 1757//1757 1762//1762 1758//1758
f 1729//1729 1728//1728 1763//1763
f 1729//1729 1763//1763 1754//1754
f 1729//1729 1753//1753 1764//1764
f 1729//1729 1764//1764 1765//1765
f 1729//1729 1765//1765 1766//1766
f 1729//1729 1766//1766 1730//1730
f 1767//1767 1768//1768 1769//1769
f 1767//1767 1769//1769 1770//1770
f 1767//1767 1770//1770 1771//1771
f 1767//1767 1771//1771 1772//1772
f 1743//1743 1773//1773 1774//1774
f 1743//1743 1774//1774 1746//1746
f 1775//1775 1776//1776 1777//1777
f 1775//1775 1777//1777 1778//1778
f 1689//1689 1779//1779 1776//1776
f 1689//1689 1776//1776 1775//1775
f 1775//1775 1778//1778 1768//1768
f 1775//1775 1768//1768 1689//1689
f 1780//1780 1720//1720 1709//1709
f 1780//1780 1709//1709 1708//1708
f 1780//1780 1781//1781 1782//1782
f 1780//1780 1782//1782 1720//1720
f 1780//1780 1708//1708 1707//1707
f 1780//1780 1707//1707 1781//1781
f 1740//1740 1739//1739 1756//1756
f 1740//1740 1756//1756 1755//1755
f 1783//1783 1784//1784 1704//1704
f 1783//1783 1704//1704 1702//1702
f 1783//1783 1702//1702 1701//1701
f 1783//1783 1701//1701 1785//1785
f 1783//1783 1785//1785 1786//1786
f 1783//1783 1786//1786 1784//1784
f 1760//1760 1759//1759 1787//1787
f 1760//1760 1787//1787 1788//1788
f 1760//1760 1788//1788 1789//1789
f 1760//1760 1789//1789 1761//1761
f 1766//1766 1790//1790 1731//1731
f 1766//1766 1731//1731 1730//1730
f 1766//1766 1765//1765 1791//1791
f 1766//1766 1791//1791 1792//1792
f 1793//1793 1790//1790 1770//1770
f 1793//1793 1770//1770 1769//1769
f 1793//1793 1769//1769 1794//1794
f 1793//1793 1794//1794 1795//1795
f 1793//1793 1739//1739 1731//1731
f 1793//1793 1731//1731 1790//1790
f 1750//1750 1796//1796 1797//1797
f 1750//1750 1797//1797 1798//1798
f 1750//1750 1798//1798 1799//1799
f 1750//1750 1799//1799 1800//1800
f 1801//1801 1802//1802 1803//1803
f 1801//1801 1803//1803 1804//1804
f 1805//1805 1806//1806 1802//1802
f 1805//1805 1802//1802 1801//1801
f 1801//1801 1804//1804 1807//1807
f 1801//1801 1807//1807 1805//1805
f 1808//1808 1809//1809 1810//1810
f 1808//1808 1810//1810 1811//1811
f 1808//1808 1811//1811 1812//1812
f 1808//1808 1812//1812 1799//1799
f 1808//1808 1799//1799 1798//1798
f 1808//1808 1798//1798 1809//1809
f 1813//1813 1814//1814 1805//1805
f 1813//1813 1805//1805 1807//1807
f 1813//1813 1815//1815 1816//1816
f 1813//1813 1816//1816 1814//1814
f 1813//1813 1787//1787 1759//1759
f 1813//1813 1759//1759 1758//1758
f 1813//1813 1807//1807 1817//1817
f 1813//1813 1817//1817 1787//1787
f 1818//1818 1819//1819 1820//1820
f 1818//1818 1820//1820 1821//1821
f 1818//1818 1822//1822 1734//1734
f 1818//1818 1734//1734 1738//1738
f 1823//1823 1824//1824 1756//1756
f 1823//1823 1756//1756 1739//1739
f 1825//1825 1826//1826 1824//1824
f 1825//1825 1824//1824 1823//1823
f 1823//1823 1739//1739 1793//1793
f 1823//1823 1793//1793 1825//1825
f 1777//1777 1804//1804 1803//1803
f 1777//1777 1803//1803 1778//1778
f 1777//1777 1776//1776 1827//1827
f 1777//1777 1827//1827 1804//1804
f 1815//1815 1796//1796 1721//1721
f 1815//1815 1721//1721 1816//1816
f 1815//1815 1813//1813 1758//1758
f 1815//1815 1758//1758 1762//1762
f 1815//1815 1762//1762 1828//1828
f 1815//1815 1828//1828 1829//1829
f 1830//1830 1831//1831 1832//1832
f 1830//1830 1832//1832 1833//1833
f 1830//1830 1833//1833 1803//1803
f 1830//1830 1803//1803 1802//1802
f 1819//1819 1774//1774 1834//1834
f 1819//1819 1834//1834 1835//1835
f 1819//1819 1747//1747 1746//1746
f 1819//1819 1746//1746 1774//1774
f 1819//1819 1835//1835 1836//1836
f 1819//1819 1836//1836 1837//1837
f 1838//1838 1839//1839 1840//1840
f 1838//1838 1840//1840 1841//1841
f 1838//1838 1835//1835 1834//1834
f 1838//1838 1834//1834 1839//1839
f 1838//1838 1841//1841 1836//1836
f 1838//1838 1836//1836 1835//1835
f 1819//1819 1837//1837 1842//1842
f 1819//1819 1842//1842 1820//1820
f 1843//1843 1844//1844 1845//1845
f 1843//1843 1845//1845 1791//1791
f 1843//1843 1791//1791 1765//1765
f 1843//1843 1765//1765 1764//1764
f 1843//1843 1764//1764 1846//1846
f 1843//1843 1846//1846 1844//1844
f 1847//1847 1841//1841 1840//1840
f 1847//1847 1840//1840 1848//1848
f 1847//1847 1849//1849 1836//1836
f 1847//1847 1836//1836 1841//1841
f 1847//1847 1848//1848 1850//1850
f 1847//1847 1850//1850 1849//1849
f 1795//1795 1794//1794 1833//1833
f 1795//1795 1833//1833 1832//1832
f 1795//1795 1832//1832 1851//1851
f 1795//1795 1851//1851 1852//1852
f 1795//1795 1852//1852 1853//1853
f 1795//1795 1853//1853 1854//1854
f 1795//1795 1854//1854 1825//1825
f 1795//1795 1825//1825 1793//1793
f 1855//1855 1810//1810 1809//1809
f 1855//1855 1809//1809 1856//1856
f 1855//1855 1856//1856 1850//1850
f 1855//1855 1850//1850 1848//1848
f 1857//1857 1858//1858 1845//1845
f 1857//1857 1845//1845 1844//1844
f 1857//1857 1859//1859 1860//1860
f 1857//1857 1860//1860 1858//1858
f 1857//1857 1844//1844 1846//1846
f 1857//1857 1846//1846 1859//1859
f 1861//1861 1862//1862 1863//1863
f 1861//1861 1863//1863 1864//1864
f 1861//1861 1865//1865 1866//1866
f 1861//1861 1866//1866 1862//1862
f 1860//1860 1867//1867 1868//1868
f 1860//1860 1868//1868 1858//1858
f 1860//1860 1859//1859 1869//1869
f 1860//1860 1869//1869 1867//1867
f 1842//1842 1837//1837 1870//1870
f 1842//1842 1870//1870 1871//1871
f 1842//1842 1871//1871 1872//1872
f 1842//1842 1872//1872 1820//1820
f 1873//1873 1874//1874 1826//1826
f 1873//1873 1826//1826 1866//1866
f 1873//1873 1875//1875 1876//1876
f 1873//1873 1876//1876 1874//1874
f 1873//1873 1866//1866 1865//1865
f 1873//1873 1865//1865 1875//1875
f 1872//1872 1871//1871 1877//1877
f 1872//1872 1877//1877 1878//1878
f 1872//1872 1878//1878 1821//1821
f 1872//1872 1821//1821 1820//1820
f 1852//1852 1851//1851 1879//1879
f 1852//1852 1879//1879 1880//1880
f 1864//1864 1863//1863 1881//1881
f 1864//1864 1881//1881 1882//1882
f 1864//1864 1882//1882 1865//1865
f 1864//1864 1865//1865 1861//1861
f 1883//1883 1884//1884 1885//1885
f 1883//1883 1885//1885 1886//1886
f 1883//1883 1887//1887 1888//1888
f 1883//1883 1888//1888 1884//1884
f 1883//1883 1886//1886 1889//1889
f 1883//1883 1889//1889 1890//1890
f 1870//1870 1891//1891 1892//1892
f 1870//1870 1892//1892 1893//1893
f 1870//1870 1837//1837 1836//1836
f 1870//1870 1836//1836 1849//1849
f 1870//1870 1893//1893 1877//1877
f 1870//1870 1877//1877 1871//1871
f 1882//1882 1881//1881 1875//1875
f 1882//1882 1875//1875 1865//1865
f 1894//1894 1895//1895 1896//1896
f 1894//1894 1896//1896 1876//1876
f 1875//1875 1881//1881 1853//1853
f 1875//1875 1853//1853 1897//1897
f 1898//1898 1899//1899 1900//1900
f 1898//1898 1900//1900 1901//1901
f 1898//1898 1902//1902 1903//1903
f 1898//1898 1903//1903 1904//1904
f 1898//1898 1904//1904 1905//1905
f 1898//1898 1905//1905 1906//1906
f 1898//1898 1906//1906 1907//1907
f 1898//1898 1907//1907 1899//1899
f 1908//1908 1909//1909 1910//1910
f 1908//1908 1910//1910 1911//1911
f 1908//1908 1912//1912 1913//1913
f 1908//1908 1913//1913 1909//1909
f 1908//1908 1914//1914 1915//1915
f 1908//1908 1915//1915 1912//1912
f 1916//1916 1906//1906 1905//1905
f 1916//1916 1905//1905 1917//1917
f 1918//1918 1907//1907 1906//1906
f 1918//1918 1906//1906 1916//1916
f 1916//1916 1917//1917 1919//1919
f 1916//1916 1919//1919 1918//1918
f 1911//1911 1920//1920 1921//1921
f 1911//1911 1921//1921 1922//1922
f 1911//1911 1922//1922 1923//1923
f 1911//1911 1923//1923 1924//1924
f 1911//1911 1910//1910 1925//1925
f 1911//1911 1925//1925 1920//1920
f 1926//1926 1927//1927 1928//1928
f 1926//1926 1928//1928 1929//1929
f 1926//1926 1930//1930 1931//1931
f 1926//1926 1931//1931 1927//1927
f 1926//1926 1929//1929 1932//1932
f 1926//1926 1932//1932 1930//1930
f 1933//1933 1929//1929 1928//1928
f 1933//1933 1928//1928 1934//1934
f 1933//1933 1934//1934 1935//1935
f 1933//1933 1935//1935 1936//1936
f 1933//1933 1936//1936 1932//1932
f 1933//1933 1932//1932 1929//1929
f 1937//1937 1938//1938 1939//1939
f 1937//1937 1939//1939 1940//1940
f 1941//1941 1939//1939 1942//1942
f 1941//1941 1942//1942 1943//1943
f 1944//1944 1945//1945 1946//1946
f 1944//1944 1946//1946 1947//1947
f 1946//1946 1945//1945 1948//1948
f 1946//1946 1948//1948 1949//1949
f 1946//1946 1949//1949 1930//1930
f 1946//1946 1930//1930 1932//1932
f 1946//1946 1932//1932 1936//1936
f 1946//1946 1936//1936 1947//1947
f 1949//1949 1948//1948 1950//1950
f 1949//1949 1950//1950 1951//1951
f 1949//1949 1951//1951 1931//1931
f 1949//1949 1931//1931 1930//1930
f 1951//1951 1950//1950 1904//1904
f 1951//1951 1904//1904 1903//1903
f 1951//1951 1903//1903 1952//1952
f 1951//1951 1952//1952 1931//1931
f 1952//1952 1903//1903 1902//1902
f 1952//1952 1902//1902 1914//1914
f 1952//1952 1914//1914 1908//1908
f 1952//1952 1908//1908 1953//1953
f 1952//1952 1953//1953 1927//1927
f 1952//1952 1927//1927 1931//1931
f 1953//1953 1908//1908 1911//1911
f 1953//1953 1911//1911 1924//1924
f 1953//1953 1924//1924 1928//1928
f 1953//1953 1928//1928 1927//1927
f 1950//1950 1948//1948 1942//1942
f 1950//1950 1942//1942 1954//1954
f 1950//1950 1954//1954 1905//1905
f 1950//1950 1905//1905 1904//1904
f 1954//1954 1942//1942 1939//1939
f 1954//1954 1939//1939 1938//1938
f 1954//1954 1938//1938 1917//1917
f 1954//1954 1917//1917 1905//1905
f 1948//1948 1945//1945 1943//1943
f 1948//1948 1943//1943 1942//1942
f 1938//1938 1937//1937 1955//1955
f 1938//1938 1955//1955 1917//1917
f 1956//1956 1935//1935 1934//1934
f 1956//1956 1934//1934 1923//1923
f 1956//1956 1923//1923 1922//1922
f 1956//1956 1922//1922 1957//1957
f 1955//1955 1958//1958 1919//1919
f 1955//1955 1919//1919 1917//1917
f 1957//1957 1922//1922 1921//1921
f 1957//1957 1921//1921 1959//1959
f 1958//1958 1960//1960 1961//1961
f 1958//1958 1961//1961 1919//1919
f 1961//1961 1960//1960 1962//1962
f 1961//1961 1962//1962 1880//1880
f 1961//1961 1880//1880 1879//1879
f 1961//1961 1879//1879 1963//1963
f 1961//1961 1963//1963 1918//1918
f 1961//1961 1918//1918 1919//1919
f 1963//1963 1879//1879 1964//1964
f 1963//1963 1964//1964 1965//1965
f 1963//1963 1965//1965 1966//1966
f 1963//1963 1966//1966 1918//1918
f 1966//1966 1967//1967 1907//1907
f 1966//1966 1907//1907 1918//1918
f 1966//1966 1965//1965 1968//1968
f 1966//1966 1968//1968 1969//1969
f 1966//1966 1969//1969 1970//1970
f 1966//1966 1970//1970 1967//1967
f 1970//1970 1971//1971 1972//1972
f 1970//1970 1972//1972 1967//1967
f 1970//1970 1969//1969 1925//1925
f 1970//1970 1925//1925 1910//1910
f 1970//1970 1910//1910 1909//1909
f 1970//1970 1909//1909 1971//1971
f 1972//1972 1973//1973 1900//1900
f 1972//1972 1900//1900 1899//1899
f 1972//1972 1899//1899 1907//1907
f 1972//1972 1907//1907 1967//1967
f 1972//1972 1971//1971 1974//1974
f 1972//1972 1974//1974 1973//1973
f 1974//1974 1975//1975 1976//1976
f 1974//1974 1976//1976 1973//1973
f 1974//1974 1971//1971 1909//1909
f 1974//1974 1909//1909 1913//1913
f 1974//1974 1913//1913 1977//1977
f 1974//1974 1977//1977 1975//1975
f 1977//1977 1978//1978 1979//1979
f 1977//1977 1979//1979 1975//1975
f 1977//1977 1913//1913 1912//1912
f 1977//1977 1912//1912 1980//1980
f 1977//1977 1980//1980 1981//1981
f 1977//1977 1981//1981 1978//1978
f 1981//1981 1982//1982 1983//1983
f 1981//1981 1983//1983 1978//1978
f 1981//1981 1980//1980 1984//1984
f 1981//1981 1984//1984 1985//1985
f 1981//1981 1985//1985 1986//1986
f 1981//1981 1986//1986 1982//1982
f 1986//1986 1893//1893 1892//1892
f 1986//1986 1892//1892 1982//1982
f 1986//1986 1985//1985 1890//1890
f 1986//1986 1890//1890 1889//1889
f 1986//1986 1889//1889 1877//1877
f 1986//1986 1877//1877 1893//1893
f 1985//1985 1984//1984 1987//1987
f 1985//1985 1987//1987 1890//1890
f 1987//1987 1984//1984 1915//1915
f 1987//1987 1915//1915 1988//1988
f 1987//1987 1988//1988 1901//1901
f 1987//1987 1901//1901 1989//1989
f 1987//1987 1989//1989 1883//1883
f 1987//1987 1883//1883 1890//1890
f 1989//1989 1901//1901 1900//1900
f 1989//1989 1900//1900 1990//1990
f 1989//1989 1990//1990 1887//1887
f 1989//1989 1887//1887 1883//1883
f 1990//1990 1900//1900 1973//1973
f 1990//1990 1973//1973 1976//1976
f 1990//1990 1976//1976 1991//1991
f 1990//1990 1991//1991 1887//1887
f 1991//1991 1992//1992 1888//1888
f 1991//1991 1888//1888 1887//1887
f 1991//1991 1976//1976 1975//1975
f 1991//1991 1975//1975 1979//1979
f 1991//1991 1979//1979 1993//1993
f 1991//1991 1993//1993 1992//1992
f 1988//1988 1915//1915 1914//1914
f 1988//1988 1914//1914 1902//1902
f 1988//1988 1902//1902 1898//1898
f 1988//1988 1898//1898 1901//1901
f 1984//1984 1980//1980 1912//1912
f 1984//1984 1912//1912 1915//1915
f 1983//1983 1994//1994 1797//1797
f 1983//1983 1797//1797 1993//1993
f 1983//1983 1993//1993 1979//1979
f 1983//1983 1979//1979 1978//1978
f 1983//1983 1982//1982 1892//1892
f 1983//1983 1892//1892 1994//1994
f 1994//1994 1995//1995 1798//1798
f 1994//1994 1798//1798 1797//1797
f 1994//1994 1892//1892 1891//1891
f 1994//1994 1891//1891 1995//1995
f 1995//1995 1856//1856 1809//1809
f 1995//1995 1809//1809 1798//1798
f 1995//1995 1891//1891 1850//1850
f 1995//1995 1850//1850 1856//1856
f 1969//1969 1968//1968 1996//1996
f 1969//1969 1996//1996 1925//1925
f 1996//1996 1968//1968 1997//1997
f 1996//1996 1997//1997 1998//1998
f 1996//1996 1998//1998 1999//1999
f 1996//1996 1999//1999 2000//2000
f 1996//1996 2000//2000 1920//1920
f 1996//1996 1920//1920 1925//1925
f 2000//2000 1999//1999 2001//2001
f 2000//2000 2001//2001 2002//2002
f 2000//2000 2002//2002 1921//1921
f 2000//2000 1921//1921 1920//1920
f 2002//2002 2001//2001 2003//2003
f 2002//2002 2003//2003 2004//2004
f 2002//2002 2004//2004 1959//1959
f 2002//2002 1959//1959 1921//1921
f 2003//2003 2001//2001 1895//1895
f 2003//2003 1895//1895 1894//1894
f 2005//2005 1897//1897 1853//1853
f 2005//2005 1853//1853 1852//1852
f 2005//2005 1852//1852 1880//1880
f 2005//2005 1880//1880 1962//1962
f 2001//2001 1999//1999 2006//2006
f 2001//2001 2006//2006 1895//1895
f 2006//2006 1999//1999 1998//1998
f 2006//2006 1998//1998 2007//2007
f 2006//2006 2007//2007 2008//2008
f 2006//2006 2008//2008 2009//2009
f 2006//2006 2009//2009 1896//1896
f 2006//2006 1896//1896 1895//1895
f 2009//2009 2008//2008 2010//2010
f 2009//2009 2010//2010 1868//1868
f 2009//2009 1868//1868 1867//1867
f 2009//2009 1867//1867 1896//1896
f 2010//2010 2008//2008 2011//2011
f 2010//2010 2011//2011 1792//1792
f 2010//2010 1792//1792 1791//1791
f 2010//2010 1791//1791 1845//1845
f 2010//2010 1845//1845 1858//1858
f 2010//2010 1858//1858 1868//1868
f 2008//2008 2007//2007 2012//2012
f 2008//2008 2012//2012 2011//2011
f 2007//2007 1998//1998 1997//1997
f 2007//2007 1997//1997 2012//2012
f 1997//1997 1968//1968 1965//1965
f 1997//1997 1965//1965 1964//1964
f 1997//1997 1964//1964 2013//2013
f 1997//1997 2013//2013 2012//2012
f 1964//1964 1879//1879 1851//1851
f 1964//1964 1851//1851 2013//2013
f 1934//1934 1928//1928 1924//1924
f 1934//1934 1924//1924 1923//1923
f 1896//1896 1867//1867 1869//1869
f 1896//1896 1869//1869 1876//1876
f 1891//1891 1870//1870 1849//1849
f 1891//1891 1849//1849 1850//1850
f 1889//1889 1886//1886 1878//1878
f 1889//1889 1878//1878 1877//1877
f 1888//1888 1828//1828 2014//2014
f 1888//1888 2014//2014 1884//1884
f 1888//1888 1992//1992 1829//1829
f 1888//1888 1829//1829 1828//1828
f 1886//1886 1885//1885 1821//1821
f 1886//1886 1821//1821 1878//1878
f 1885//1885 2015//2015 1818//1818
f 1885//1885 1818//1818 1821//1821
f 1885//1885 1884//1884 2014//2014
f 1885//1885 2014//2014 2015//2015
f 1881//1881 1863//1863 1854//1854
f 1881//1881 1854//1854 1853//1853
f 1876//1876 1869//1869 2016//2016
f 1876//1876 2016//2016 1874//1874
f 1869//1869 1859//1859 1846//1846
f 1869//1869 1846//1846 2016//2016
f 1866//1866 1826//1826 1825//1825
f 1866//1866 1825//1825 1862//1862
f 1863//1863 1862//1862 1825//1825
f 1863//1863 1825//1825 1854//1854
f 1855//1855 1848//1848 1840//1840
f 1855//1855 1840//1840 1810//1810
f 1851//1851 1832//1832 1831//1831
f 1851//1851 1831//1831 2013//2013
f 1840//1840 1839//1839 1811//1811
f 1840//1840 1811//1811 1810//1810
f 1839//1839 1834//1834 1812//1812
f 1839//1839 1812//1812 1811//1811
f 1834//1834 1774//1774 1773//1773
f 1834//1834 1773//1773 1812//1812
f 1833//1833 1794//1794 1778//1778
f 1833//1833 1778//1778 1803//1803
f 1831//1831 1830//1830 1771//1771
f 1831//1831 1771//1771 2011//2011
f 1831//1831 2011//2011 2012//2012
f 1831//1831 2012//2012 2013//2013
f 1830//1830 1802//1802 1806//1806
f 1830//1830 1806//1806 2017//2017
f 1830//1830 2017//2017 1772//1772
f 1830//1830 1772//1772 1771//1771
f 2017//2017 1806//1806 2018//2018
f 2017//2017 2018//2018 2019//2019
f 2017//2017 2019//2019 1786//1786
f 2017//2017 1786//1786 1772//1772
f 2019//2019 2018//2018 2020//2020
f 2019//2019 2020//2020 2021//2021
f 2019//2019 2021//2021 1784//1784
f 2019//2019 1784//1784 1786//1786
f 2021//2021 2020//2020 2022//2022
f 2021//2021 2022//2022 2023//2023
f 2021//2021 2023//2023 1704//1704
f 2021//2021 1704//1704 1784//1784
f 2023//2023 2022//2022 2024//2024
f 2023//2023 2024//2024 2025//2025
f 2023//2023 2025//2025 1703//1703
f 2023//2023 1703//1703 1704//1704
f 2025//2025 2024//2024 2026//2026
f 2025//2025 2026//2026 1698//1698
f 2025//2025 1698//1698 1697//1697
f 2025//2025 1697//1697 1703//1703
f 2026//2026 2024//2024 2027//2027
f 2026//2026 2027//2027 2028//2028
f 2026//2026 2028//2028 2029//2029
f 2026//2026 2029//2029 2030//2030
f 2026//2026 2030//2030 1688//1688
f 2026//2026 1688//1688 1698//1698
f 2030//2030 2029//2029 2031//2031
f 2030//2030 2031//2031 2032//2032
f 2030//2030 2032//2032 1684//1684
f 2030//2030 1684//1684 1688//1688
f 2032//2032 2031//2031 1672//1672
f 2032//2032 1672//1672 2033//2033
f 2032//2032 2033//2033 1685//1685
f 2032//2032 1685//1685 1684//1684
f 2033//2033 1672//1672 1669//1669
f 2033//2033 1669//1669 1692//1692
f 2033//2033 1692//1692 1691//1691
f 2033//2033 1691//1691 1685//1685
f 2031//2031 2029//2029 1675//1675
f 2031//2031 1675//1675 1674//1674
f 2031//2031 1674//1674 1670//1670
f 2031//2031 1670//1670 1672//1672
f 2029//2029 2028//2028 2034//2034
f 2029//2029 2034//2034 1675//1675
f 2034//2034 2028//2028 2027//2027
f 2034//2034 2027//2027 2035//2035
f 2034//2034 2035//2035 1706//1706
f 2034//2034 1706//1706 1682//1682
f 2034//2034 1682//1682 1676//1676
f 2034//2034 1676//1676 1675//1675
f 2035//2035 2027//2027 2036//2036
f 2035//2035 2036//2036 2037//2037
f 2035//2035 2037//2037 1707//1707
f 2035//2035 1707//1707 1706//1706
f 2037//2037 2036//2036 2038//2038
f 2037//2037 2038//2038 2039//2039
f 2037//2037 2039//2039 1781//1781
f 2037//2037 1781//1781 1707//1707
f 2039//2039 2038//2038 2040//2040
f 2039//2039 2040//2040 2041//2041
f 2039//2039 2041//2041 1782//1782
f 2039//2039 1782//1782 1781//1781
f 2041//2041 2040//2040 1805//1805
f 2041//2041 1805//1805 1814//1814
f 2041//2041 1814//1814 1816//1816
f 2041//2041 1816//1816 1782//1782
f 2040//2040 2018//2018 1806//1806
f 2040//2040 1806//1806 1805//1805
f 2040//2040 2038//2038 2020//2020
f 2040//2040 2020//2020 2018//2018
f 2038//2038 2036//2036 2022//2022
f 2038//2038 2022//2022 2020//2020
f 2036//2036 2027//2027 2024//2024
f 2036//2036 2024//2024 2022//2022
f 1828//1828 1762//1762 1751//1751
f 1828//1828 1751//1751 2014//2014
f 1829//1829 1992//1992 1993//1993
f 1829//1829 1993//1993 1797//1797
f 1829//1829 1797//1797 1796//1796
f 1829//1829 1796//1796 1815//1815
f 1827//1827 1776//1776 1779//1779
f 1827//1827 1779//1779 2042//2042
f 1827//1827 2042//2042 2043//2043
f 1827//1827 2043//2043 1817//1817
f 1827//1827 1817//1817 1807//1807
f 1827//1827 1807//1807 1804//1804
f 2043//2043 2042//2042 1695//1695
f 2043//2043 1695//1695 1694//1694
f 2043//2043 1694//1694 1789//1789
f 2043//2043 1789//1789 1788//1788
f 2043//2043 1788//1788 1787//1787
f 2043//2043 1787//1787 1817//1817
f 2042//2042 1779//1779 1696//1696
f 2042//2042 1696//1696 1695//1695
f 1818//1818 2015//2015 2044//2044
f 1818//1818 2044//2044 1822//1822
f 1816//1816 1721//1721 1720//1720
f 1816//1816 1720//1720 1782//1782
f 1812//1812 1773//1773 1800//1800
f 1812//1812 1800//1800 1799//1799
f 1796//1796 1750//1750 1722//1722
f 1796//1796 1722//1722 1721//1721
f 1794//1794 1769//1769 1768//1768
f 1794//1794 1768//1768 1778//1778
f 1792//1792 2011//2011 1771//1771
f 1792//1792 1771//1771 1770//1770
f 1792//1792 1770//1770 1790//1790
f 1792//1792 1790//1790 1766//1766
f 1789//1789 1694//1694 1693//1693
f 1789//1789 1693//1693 1668//1668
f 1789//1789 1668//1668 1667//1667
f 1789//1789 1667//1667 1761//1761
f 2044//2044 2015//2015 2014//2014
f 2044//2044 2014//2014 1751//1751
f 2044//2044 1751//1751 1750//1750
f 2044//2044 1750//1750 1800//1800
f 1786//1786 1785//1785 1767//1767
f 1786//1786 1767//1767 1772//1772
f 1779//1779 1689//1689 1686//1686
f 1779//1779 1686//1686 1696//1696
f 1763//1763 1728//1728 1717//1717
f 1763//1763 1717//1717 1716//1716
f 1763//1763 1716//1716 2045//2045
f 1763//1763 2045//2045 1742//1742
f 1763//1763 1742//1742 1741//1741
f 1763//1763 1741//1741 1754//1754
f 2045//2045 1716//1716 1710//1710
f 2045//2045 1710//1710 2046//2046
f 2045//2045 2046//2046 1719//1719
f 2045//2045 1719//1719 1718//1718
f 2045//2045 1718//1718 1727//1727
f 2045//2045 1727//1727 1742//1742
f 1761//1761 1667//1667 1671//1671
f 1761//1761 1671//1671 1677//1677
f 1749//1749 2047//2047 1744//1744
f 1749//1749 1744//1744 1743//1743
f 1749//1749 2048//2048 2049//2049
f 1749//1749 2049//2049 2047//2047
f 2049//2049 2050//2050 1726//1726
f 2049//2049 1726//1726 2047//2047
f 2049//2049 2048//2048 1733//1733
f 2049//2049 1733//1733 1736//1736
f 2049//2049 1736//1736 2051//2051
f 2049//2049 2051//2051 2050//2050
f 2051//2051 1679//1679 1681//1681
f 2051//2051 1681//1681 2050//2050
f 2051//2051 1736//1736 1735//1735
f 2051//2051 1735//1735 2052//2052
f 2051//2051 2052//2052 1714//1714
f 2051//2051 1714//1714 1679//1679
f 2052//2052 1735//1735 1744//1744
f 2052//2052 1744//1744 1725//1725
f 2052//2052 1725//1725 1723//1723
f 2052//2052 1723//1723 1714//1714
f 2050//2050 1681//1681 1724//1724
f 2050//2050 1724//1724 1726//1726
f 2047//2047 1726//1726 1725//1725
f 2047//2047 1725//1725 1744//1744
f 1748//1748 1747//1747 1738//1738
f 1748//1748 1738//1738 1737//1737
f 1822//1822 2044//2044 1800//1800
f 1822//1822 1800//1800 1773//1773
f 1822//1822 1773//1773 1743//1743
f 1822//1822 1743//1743 1734//1734
f 1724//1724 1681//1681 1680//1680
f 1724//1724 1680//1680 1709//1709
f 1696//1696 1686//1686 1685//1685
f 1696//1696 1685//1685 1691//1691
f 1693//1693 1692//1692 1669//1669
f 1693//1693 1669//1669 1668//1668
f 1751//1751 1757//1757 1677//1677
f 1751//1751 1677//1677 1715//1715
f 1764//1764 1753//1753 1756//1756
f 1764//1764 1756//1756 1824//1824
f 1824//1824 1826//1826 1874//1874
f 1824//1824 1874//1874 2016//2016
f 1824//1824 2016//2016 1846//1846
f 1824//1824 1846//1846 1764//1764
f 1732//1732 1740//1740 1755//1755
f 1732//1732 1755//1755 1741//1741
f 1818//1818 1738//1738 1747//1747
f 1818//1818 1747//1747 1819//1819
f 1768//1768 2053//2053 2054//2054
f 1768//1768 2054//2054 1689//1689
f 1768//1768 1767//1767 2055//2055
f 1768//1768 2055//2055 2053//2053
f 1785//1785 1701//1701 1712//1712
f 1785//1785 1712//1712 2056//2056
f 1713//1713 1712//1712 1701//1701
f 1713//1713 1701//1701 1700//1700
f 1697//1697 2057//2057 1713//1713
f 1697//1697 1713//1713 1700//1700
f 1689//1689 2054//2054 2058//2058
f 1689//1689 2058//2058 1687//1687
f 1687//1687 2058//2058 2057//2057
f 1687//1687 2057//2057 1697//1697
f 1785//1785 2056//2056 2055//2055
f 1785//1785 2055//2055 1767//1767
f 1711//1711 1719//1719 2053//2053
f 1711//1711 2053//2053 2055//2055
f 2046//2046 1710//1710 2058//2058
f 2046//2046 2058//2058 2054//2054
f 2046//2046 2054//2054 2053//2053
f 2046//2046 2053//2053 1719//1719
f 1713//1713 2057//2057 2058//2058
f 1713//1713 2058//2058 1710//1710
f 1712//1712 1711//1711 2055//2055
f 1712//1712 2055//2055 2056//2056
f 1737//1737 1733//1733 2048//2048
f 1737//1737 2048//2048 1748//1748
f 1748//1748 2048//2048 1749//1749
f 1748//1748 1749//1749 1745//1745
f 1897//1897 1894//1894 1876//1876
f 1897//1897 1876//1876 1875//1875
f 2005//2005 2003//2003 1894//1894
f 2005//2005 1894//1894 1897//1897
f 2004//2004 2003//2003 2005//2005
f 2004//2004 2005//2005 1962//1962
f 1959//1959 2004//2004 1962//1962
f 1959//1959 1962//1962 1960//1960
f 1958//1958 1957//1957 1959//1959
f 1958//1958 1959//1959 1960//1960
f 1955//1955 1956//1956 1957//1957
f 1955//1955 1957//1957 1958//1958
f 1955//1955 1937//1937 1935//1935
f 1955//1955 1935//1935 1956//1956
f 1947//1947 1936//1936 1940//1940
f 1947//1947 1940//1940 2059//2059
f 1936//1936 1935//1935 1937//1937
f 1936//1936 1937//1937 1940//1940
f 1944//1944 1941//1941 1943//1943
f 1944//1944 1943//1943 1945//1945
f 1941//1941 2059//2059 1940//1940
f 1941//1941 1940//1940 1939//1939
f 1947//1947 2059//2059 1941//1941
f 1947//1947 1941//1941 1944//1944
f 2060//2060 2061//2061 2062//2062
f 2060//2060 2062//2062 2063//2063
f 2060//2060 2064//2064 2065//2065
f 2060//2060 2065//2065 2061//2061
f 2066//2066 2067//2067 2068//2068
f 2066//2066 2068//2068 2069//2069
f 2066//2066 2069//2069 2070//2070
f 2066//2066 2070//2070 2071//2071
f 2066//2066 2071//2071 2072//2072
f 2066//2066 2072//2072 2073//2073
f 2066//2066 2074//2074 2075//2075
f 2066//2066 2075//2075 2067//2067
f 2066//2066 2073//2073 2076//2076
f 2066//2066 2076//2076 2074//2074
f 2077//2077 2078//2078 2079//2079
f 2077//2077 2079//2079 2080//2080
f 2077//2077 2071//2071 2070//2070
f 2077//2077 2070//2070 2078//2078
f 2077//2077 2080//2080 2072//2072
f 2077//2077 2072//2072 2071//2071
f 2081//2081 2082//2082 2083//2083
f 2081//2081 2083//2083 2084//2084
f 2085//2085 2086//2086 2082//2082
f 2085//2085 2082//2082 2081//2081
f 2081//2081 2084//2084 2087//2087
f 2081//2081 2087//2087 2085//2085
f 2088//2088 2086//2086 2085//2085
f 2088//2088 2085//2085 2089//2089
f 2088//2088 2089//2089 2090//2090
f 2088//2088 2090//2090 2091//2091
f 2088//2088 2091//2091 2092//2092
f 2088//2088 2092//2092 2086//2086
f 2082//2082 2086//2086 2092//2092
f 2082//2082 2092//2092 2083//2083
f 2093//2093 2094//2094 2095//2095
f 2093//2093 2095//2095 2096//2096
f 2093//2093 2097//2097 2098//2098
f 2093//2093 2098//2098 2094//2094
f 2093//2093 2096//2096 2099//2099
f 2093//2093 2099//2099 2097//2097
f 2100//2100 2101//2101 2102//2102
f 2100//2100 2102//2102 2103//2103
f 2074//2074 2104//2104 2105//2105
f 2074//2074 2105//2105 2075//2075
f 2074//2074 2076//2076 2106//2106
f 2074//2074 2106//2106 2107//2107
f 2074//2074 2107//2107 2108//2108
f 2074//2074 2108//2108 2104//2104
f 2091//2091 2090//2090 2109//2109
f 2091//2091 2109//2109 2092//2092
f 2099//2099 2110//2110 2111//2111
f 2099//2099 2111//2111 2097//2097
f 2099//2099 2096//2096 2112//2112
f 2099//2099 2112//2112 2110//2110
f 2113//2113 2100//2100 2103//2103
f 2113//2113 2103//2103 2114//2114
f 2106//2106 2115//2115 2104//2104
f 2106//2106 2104//2104 2108//2108
f 2106//2106 2076//2076 2116//2116
f 2106//2106 2116//2116 2115//2115
f 2115//2115 2117//2117 2105//2105
f 2115//2115 2105//2105 2104//2104
f 2115//2115 2118//2118 2119//2119
f 2115//2115 2119//2119 2117//2117
f 2115//2115 2116//2116 2120//2120
f 2115//2115 2120//2120 2118//2118
f 2121//2121 2084//2084 2083//2083
f 2121//2121 2083//2083 2122//2122
f 2121//2121 2114//2114 2103//2103
f 2121//2121 2103//2103 2084//2084
f 2121//2121 2123//2123 2124//2124
f 2121//2121 2124//2124 2114//2114
f 2114//2114 2124//2124 2125//2125
f 2114//2114 2125//2125 2126//2126
f 2114//2114 2126//2126 2127//2127
f 2114//2114 2127//2127 2113//2113
f 2128//2128 2129//2129 2130//2130
f 2128//2128 2130//2130 2131//2131
f 2128//2128 2132//2132 2133//2133
f 2128//2128 2133//2133 2129//2129
f 2128//2128 2131//2131 2134//2134
f 2128//2128 2134//2134 2132//2132
f 2135//2135 2136//2136 2137//2137
f 2135//2135 2137//2137 2138//2138
f 2109//2109 2139//2139 2136//2136
f 2109//2109 2136//2136 2135//2135
f 2135//2135 2138//2138 2122//2122
f 2135//2135 2122//2122 2109//2109
f 2140//2140 2131//2131 2130//2130
f 2140//2140 2130//2130 2141//2141
f 2140//2140 2142//2142 2134//2134
f 2140//2140 2134//2134 2131//2131
f 2126//2126 2143//2143 2144//2144
f 2126//2126 2144//2144 2145//2145
f 2126//2126 2145//2145 2146//2146
f 2126//2126 2146//2146 2127//2127
f 2117//2117 2147//2147 2148//2148
f 2117//2117 2148//2148 2095//2095
f 2117//2117 2119//2119 2149//2149
f 2117//2117 2149//2149 2147//2147
f 2116//2116 2150//2150 2151//2151
f 2116//2116 2151//2151 2152//2152
f 2116//2116 2076//2076 2073//2073
f 2116//2116 2073//2073 2150//2150
f 2116//2116 2152//2152 2153//2153
f 2116//2116 2153//2153 2120//2120
f 2154//2154 2155//2155 2156//2156
f 2154//2154 2156//2156 2157//2157
f 2154//2154 2158//2158 2159//2159
f 2154//2154 2159//2159 2155//2155
f 2154//2154 2157//2157 2160//2160
f 2154//2154 2160//2160 2158//2158
f 2148//2148 2112//2112 2096//2096
f 2148//2148 2096//2096 2095//2095
f 2148//2148 2147//2147 2161//2161
f 2148//2148 2161//2161 2162//2162
f 2148//2148 2162//2162 2163//2163
f 2148//2148 2163//2163 2164//2164
f 2141//2141 2165//2165 2166//2166
f 2141//2141 2166//2166 2167//2167
f 2168//2168 2169//2169 2170//2170
f 2168//2168 2170//2170 2171//2171
f 2168//2168 2171//2171 2172//2172
f 2168//2168 2172//2172 2173//2173
f 2168//2168 2173//2173 2156//2156
f 2168//2168 2156//2156 2155//2155
f 2168//2168 2174//2174 2175//2175
f 2168//2168 2175//2175 2169//2169
f 2168//2168 2155//2155 2159//2159
f 2168//2168 2159//2159 2174//2174
f 2176//2176 2157//2157 2156//2156
f 2176//2176 2156//2156 2177//2177
f 2176//2176 2178//2178 2179//2179
f 2176//2176 2179//2179 2180//2180
f 2176//2176 2177//2177 2181//2181
f 2176//2176 2181//2181 2178//2178
f 2182//2182 2183//2183 2145//2145
f 2182//2182 2145//2145 2144//2144
f 2182//2182 2184//2184 2185//2185
f 2182//2182 2185//2185 2183//2183
f 2182//2182 2144//2144 2186//2186
f 2182//2182 2186//2186 2184//2184
f 2187//2187 2188//2188 2189//2189
f 2187//2187 2189//2189 2190//2190
f 2187//2187 2190//2190 2191//2191
f 2187//2187 2191//2191 2192//2192
f 2187//2187 2192//2192 2193//2193
f 2187//2187 2193//2193 2188//2188
f 2194//2194 2195//2195 2196//2196
f 2194//2194 2196//2196 2197//2197
f 2194//2194 2198//2198 2133//2133
f 2194//2194 2133//2133 2195//2195
f 2194//2194 2197//2197 2199//2199
f 2194//2194 2199//2199 2198//2198
f 2200//2200 2201//2201 2196//2196
f 2200//2200 2196//2196 2202//2202
f 2200//2200 2123//2123 2203//2203
f 2200//2200 2203//2203 2201//2201
f 2200//2200 2202//2202 2124//2124
f 2200//2200 2124//2124 2123//2123
f 2172//2172 2171//2171 2204//2204
f 2172//2172 2204//2204 2205//2205
f 2172//2172 2205//2205 2206//2206
f 2172//2172 2206//2206 2173//2173
f 2179//2179 2207//2207 2208//2208
f 2179//2179 2208//2208 2209//2209
f 2179//2179 2178//2178 2210//2210
f 2179//2179 2210//2210 2207//2207
f 2124//2124 2211//2211 2212//2212
f 2124//2124 2212//2212 2125//2125
f 2202//2202 2213//2213 2211//2211
f 2202//2202 2211//2211 2124//2124
f 2206//2206 2214//2214 2181//2181
f 2206//2206 2181//2181 2177//2177
f 2206//2206 2177//2177 2156//2156
f 2206//2206 2156//2156 2173//2173
f 2144//2144 2143//2143 2215//2215
f 2144//2144 2215//2215 2216//2216
f 2123//2123 2121//2121 2217//2217
f 2123//2123 2217//2217 2218//2218
f 2123//2123 2218//2218 2219//2219
f 2123//2123 2219//2219 2203//2203
f 2149//2149 2119//2119 2205//2205
f 2149//2149 2205//2205 2204//2204
f 2149//2149 2220//2220 2161//2161
f 2149//2149 2161//2161 2147//2147
f 2151//2151 2221//2221 2222//2222
f 2151//2151 2222//2222 2163//2163
f 2151//2151 2150//2150 2193//2193
f 2151//2151 2193//2193 2192//2192
f 2151//2151 2192//2192 2191//2191
f 2151//2151 2191//2191 2221//2221
f 2223//2223 2201//2201 2203//2203
f 2223//2223 2203//2203 2224//2224
f 2223//2223 2197//2197 2196//2196
f 2223//2223 2196//2196 2201//2201
f 2223//2223 2224//2224 2199//2199
f 2223//2223 2199//2199 2197//2197
f 2133//2133 2132//2132 2213//2213
f 2133//2133 2213//2213 2195//2195
f 2133//2133 2225//2225 2226//2226
f 2133//2133 2226//2226 2129//2129
f 2133//2133 2198//2198 2199//2199
f 2133//2133 2199//2199 2225//2225
f 2227//2227 2207//2207 2210//2210
f 2227//2227 2210//2210 2228//2228
f 2227//2227 2160//2160 2208//2208
f 2227//2227 2208//2208 2207//2207
f 2226//2226 2225//2225 2229//2229
f 2226//2226 2229//2229 2230//2230
f 2226//2226 2230//2230 2130//2130
f 2226//2226 2130//2130 2129//2129
f 2231//2231 2143//2143 2126//2126
f 2231//2231 2126//2126 2125//2125
f 2231//2231 2232//2232 2233//2233
f 2231//2231 2233//2233 2234//2234
f 2231//2231 2125//2125 2212//2212
f 2231//2231 2212//2212 2235//2235
f 2231//2231 2235//2235 2236//2236
f 2231//2231 2236//2236 2232//2232
f 2231//2231 2234//2234 2215//2215
f 2231//2231 2215//2215 2143//2143
f 2120//2120 2237//2237 2238//2238
f 2120//2120 2238//2238 2214//2214
f 2120//2120 2153//2153 2239//2239
f 2120//2120 2239//2239 2237//2237
f 2120//2120 2214//2214 2206//2206
f 2120//2120 2206//2206 2118//2118
f 2199//2199 2224//2224 2240//2240
f 2199//2199 2240//2240 2241//2241
f 2199//2199 2241//2241 2242//2242
f 2199//2199 2242//2242 2225//2225
f 2235//2235 2243//2243 2229//2229
f 2235//2235 2229//2229 2244//2244
f 2235//2235 2244//2244 2245//2245
f 2235//2235 2245//2245 2236//2236
f 2235//2235 2212//2212 2142//2142
f 2235//2235 2142//2142 2243//2243
f 2181//2181 2214//2214 2238//2238
f 2181//2181 2238//2238 2246//2246
f 2181//2181 2246//2246 2247//2247
f 2181//2181 2247//2247 2248//2248
f 2175//2175 2174//2174 2249//2249
f 2175//2175 2249//2249 2250//2250
f 2175//2175 2251//2251 2170//2170
f 2175//2175 2170//2170 2169//2169
f 2175//2175 2250//2250 2252//2252
f 2175//2175 2252//2252 2251//2251
f 2225//2225 2242//2242 2244//2244
f 2225//2225 2244//2244 2229//2229
f 2217//2217 2253//2253 2254//2254
f 2217//2217 2254//2254 2218//2218
f 2234//2234 2233//2233 2253//2253
f 2234//2234 2253//2253 2217//2217
f 2248//2248 2255//2255 2228//2228
f 2248//2248 2228//2228 2210//2210
f 2248//2248 2247//2247 2256//2256
f 2248//2248 2256//2256 2257//2257
f 2248//2248 2257//2257 2249//2249
f 2248//2248 2249//2249 2255//2255
f 2258//2258 2259//2259 2252//2252
f 2258//2258 2252//2252 2257//2257
f 2260//2260 2261//2261 2259//2259
f 2260//2260 2259//2259 2258//2258
f 2258//2258 2257//2257 2256//2256
f 2258//2258 2256//2256 2260//2260
f 2262//2262 2263//2263 2241//2241
f 2262//2262 2241//2241 2240//2240
f 2262//2262 2264//2264 2265//2265
f 2262//2262 2265//2265 2263//2263
f 2262//2262 2240//2240 2219//2219
f 2262//2262 2219//2219 2266//2266
f 2262//2262 2267//2267 2268//2268
f 2262//2262 2268//2268 2264//2264
f 2269//2269 2270//2270 2271//2271
f 2269//2269 2271//2271 2272//2272
f 2269//2269 2272//2272 2273//2273
f 2269//2269 2273//2273 2274//2274
f 2269//2269 2274//2274 2275//2275
f 2269//2269 2275//2275 2270//2270
f 2276//2276 2277//2277 2278//2278
f 2276//2276 2278//2278 2279//2279
f 2276//2276 2279//2279 2280//2280
f 2276//2276 2280//2280 2281//2281
f 2276//2276 2281//2281 2282//2282
f 2276//2276 2282//2282 2277//2277
f 2283//2283 2284//2284 2285//2285
f 2283//2283 2285//2285 2286//2286
f 2283//2283 2287//2287 2288//2288
f 2283//2283 2288//2288 2284//2284
f 2283//2283 2289//2289 2290//2290
f 2283//2283 2290//2290 2287//2287
f 2283//2283 2291//2291 2292//2292
f 2283//2283 2292//2292 2289//2289
f 2283//2283 2286//2286 2293//2293
f 2283//2283 2293//2293 2291//2291
f 2294//2294 2295//2295 2296//2296
f 2294//2294 2296//2296 2297//2297
f 2294//2294 2297//2297 2298//2298
f 2294//2294 2298//2298 2299//2299
f 2294//2294 2299//2299 2300//2300
f 2294//2294 2300//2300 2301//2301
f 2302//2302 2265//2265 2264//2264
f 2302//2302 2264//2264 2303//2303
f 2302//2302 2303//2303 2273//2273
f 2302//2302 2273//2273 2272//2272
f 2302//2302 2272//2272 2271//2271
f 2302//2302 2271//2271 2265//2265
f 2304//2304 2305//2305 2306//2306
f 2304//2304 2306//2306 2307//2307
f 2308//2308 2309//2309 2305//2305
f 2308//2308 2305//2305 2304//2304
f 2304//2304 2307//2307 2310//2310
f 2304//2304 2310//2310 2308//2308
f 2311//2311 2312//2312 2313//2313
f 2311//2311 2313//2313 2314//2314
f 2311//2311 2281//2281 2280//2280
f 2311//2311 2280//2280 2312//2312
f 2311//2311 2314//2314 2282//2282
f 2311//2311 2282//2282 2281//2281
f 2307//2307 2306//2306 2315//2315
f 2307//2307 2315//2315 2316//2316
f 2307//2307 2316//2316 2317//2317
f 2307//2307 2317//2317 2318//2318
f 2307//2307 2319//2319 2320//2320
f 2307//2307 2320//2320 2310//2310
f 2307//2307 2318//2318 2321//2321
f 2307//2307 2321//2321 2319//2319
f 2284//2284 2288//2288 2322//2322
f 2284//2284 2322//2322 2323//2323
f 2284//2284 2323//2323 2324//2324
f 2284//2284 2324//2324 2325//2325
f 2284//2284 2325//2325 2326//2326
f 2284//2284 2326//2326 2285//2285
f 2324//2324 2323//2323 2301//2301
f 2324//2324 2301//2301 2300//2300
f 2324//2324 2327//2327 2328//2328
f 2324//2324 2328//2328 2325//2325
f 2329//2329 2330//2330 2331//2331
f 2329//2329 2331//2331 2332//2332
f 2329//2329 2332//2332 2333//2333
f 2329//2329 2333//2333 2334//2334
f 2329//2329 2334//2334 2335//2335
f 2329//2329 2335//2335 2330//2330
f 2336//2336 2337//2337 2338//2338
f 2336//2336 2338//2338 2339//2339
f 2336//2336 2340//2340 2341//2341
f 2336//2336 2341//2341 2337//2337
f 2336//2336 2339//2339 2342//2342
f 2336//2336 2342//2342 2343//2343
f 2344//2344 2345//2345 2343//2343
f 2344//2344 2343//2343 2342//2342
f 2344//2344 2342//2342 2346//2346
f 2344//2344 2346//2346 2347//2347
f 2344//2344 2347//2347 2348//2348
f 2344//2344 2348//2348 2345//2345
f 2339//2339 2338//2338 2346//2346
f 2339//2339 2346//2346 2342//2342
f 2341//2341 2340//2340 2349//2349
f 2341//2341 2349//2349 2350//2350
f 2341//2341 2350//2350 2333//2333
f 2341//2341 2333//2333 2337//2337
f 2350//2350 2349//2349 2334//2334
f 2350//2350 2334//2334 2333//2333
f 2333//2333 2332//2332 2351//2351
f 2333//2333 2351//2351 2352//2352
f 2333//2333 2352//2352 2338//2338
f 2333//2333 2338//2338 2337//2337
f 2346//2346 2338//2338 2352//2352
f 2346//2346 2352//2352 2347//2347
f 2352//2352 2351//2351 2348//2348
f 2352//2352 2348//2348 2347//2347
f 2351//2351 2332//2332 2331//2331
f 2351//2351 2331//2331 2353//2353
f 2351//2351 2353//2353 2354//2354
f 2351//2351 2354//2354 2348//2348
f 2354//2354 2353//2353 2355//2355
f 2354//2354 2355//2355 2356//2356
f 2354//2354 2356//2356 2357//2357
f 2354//2354 2357//2357 2358//2358
f 2354//2354 2358//2358 2345//2345
f 2354//2354 2345//2345 2348//2348
f 2358//2358 2357//2357 2359//2359
f 2358//2358 2359//2359 2360//2360
f 2358//2358 2360//2360 2343//2343
f 2358//2358 2343//2343 2345//2345
f 2360//2360 2359//2359 2361//2361
f 2360//2360 2361//2361 2362//2362
f 2360//2360 2362//2362 2336//2336
f 2360//2360 2336//2336 2343//2343
f 2362//2362 2361//2361 2363//2363
f 2362//2362 2363//2363 2364//2364
f 2362//2362 2364//2364 2340//2340
f 2362//2362 2340//2340 2336//2336
f 2364//2364 2363//2363 2365//2365
f 2364//2364 2365//2365 2366//2366
f 2364//2364 2366//2366 2349//2349
f 2364//2364 2349//2349 2340//2340
f 2366//2366 2365//2365 2367//2367
f 2366//2366 2367//2367 2335//2335
f 2366//2366 2335//2335 2334//2334
f 2366//2366 2334//2334 2349//2349
f 2367//2367 2365//2365 2368//2368
f 2367//2367 2368//2368 2369//2369
f 2367//2367 2369//2369 2370//2370
f 2367//2367 2370//2370 2371//2371
f 2367//2367 2371//2371 2330//2330
f 2367//2367 2330//2330 2335//2335
f 2371//2371 2370//2370 2372//2372
f 2371//2371 2372//2372 2373//2373
f 2371//2371 2373//2373 2331//2331
f 2371//2371 2331//2331 2330//2330
f 2373//2373 2372//2372 2374//2374
f 2373//2373 2374//2374 2355//2355
f 2373//2373 2355//2355 2353//2353
f 2373//2373 2353//2353 2331//2331
f 2374//2374 2372//2372 2375//2375
f 2374//2374 2375//2375 2376//2376
f 2374//2374 2376//2376 2377//2377
f 2374//2374 2377//2377 2378//2378
f 2374//2374 2378//2378 2356//2356
f 2374//2374 2356//2356 2355//2355
f 2378//2378 2377//2377 2379//2379
f 2378//2378 2379//2379 2380//2380
f 2378//2378 2380//2380 2357//2357
f 2378//2378 2357//2357 2356//2356
f 2380//2380 2379//2379 2381//2381
f 2380//2380 2381//2381 2382//2382
f 2380//2380 2382//2382 2359//2359
f 2380//2380 2359//2359 2357//2357
f 2382//2382 2381//2381 2383//2383
f 2382//2382 2383//2383 2384//2384
f 2382//2382 2384//2384 2361//2361
f 2382//2382 2361//2361 2359//2359
f 2384//2384 2383//2383 2385//2385
f 2384//2384 2385//2385 2386//2386
f 2384//2384 2386//2386 2363//2363
f 2384//2384 2363//2363 2361//2361
f 2386//2386 2385//2385 2387//2387
f 2386//2386 2387//2387 2368//2368
f 2386//2386 2368//2368 2365//2365
f 2386//2386 2365//2365 2363//2363
f 2387//2387 2385//2385 2328//2328
f 2387//2387 2328//2328 2327//2327
f 2387//2387 2327//2327 2388//2388
f 2387//2387 2388//2388 2389//2389
f 2387//2387 2389//2389 2369//2369
f 2387//2387 2369//2369 2368//2368
f 2389//2389 2388//2388 2390//2390
f 2389//2389 2390//2390 2391//2391
f 2389//2389 2391//2391 2370//2370
f 2389//2389 2370//2370 2369//2369
f 2391//2391 2390//2390 2392//2392
f 2391//2391 2392//2392 2375//2375
f 2391//2391 2375//2375 2372//2372
f 2391//2391 2372//2372 2370//2370
f 2392//2392 2390//2390 2393//2393
f 2392//2392 2393//2393 2320//2320
f 2392//2392 2320//2320 2319//2319
f 2392//2392 2319//2319 2394//2394
f 2392//2392 2394//2394 2376//2376
f 2392//2392 2376//2376 2375//2375
f 2394//2394 2319//2319 2321//2321
f 2394//2394 2321//2321 2395//2395
f 2394//2394 2395//2395 2377//2377
f 2394//2394 2377//2377 2376//2376
f 2395//2395 2321//2321 2396//2396
f 2395//2395 2396//2396 2397//2397
f 2395//2395 2397//2397 2379//2379
f 2395//2395 2379//2379 2377//2377
f 2397//2397 2396//2396 2398//2398
f 2397//2397 2398//2398 2399//2399
f 2397//2397 2399//2399 2381//2381
f 2397//2397 2381//2381 2379//2379
f 2399//2399 2398//2398 2326//2326
f 2399//2399 2326//2326 2400//2400
f 2399//2399 2400//2400 2383//2383
f 2399//2399 2383//2383 2381//2381
f 2400//2400 2326//2326 2325//2325
f 2400//2400 2325//2325 2328//2328
f 2400//2400 2328//2328 2385//2385
f 2400//2400 2385//2385 2383//2383
f 2398//2398 2396//2396 2401//2401
f 2398//2398 2401//2401 2402//2402
f 2398//2398 2402//2402 2285//2285
f 2398//2398 2285//2285 2326//2326
f 2402//2402 2401//2401 2403//2403
f 2402//2402 2403//2403 2404//2404
f 2402//2402 2404//2404 2286//2286
f 2402//2402 2286//2286 2285//2285
f 2404//2404 2403//2403 2405//2405
f 2404//2404 2405//2405 2406//2406
f 2404//2404 2406//2406 2293//2293
f 2404//2404 2293//2293 2286//2286
f 2406//2406 2405//2405 2313//2313
f 2406//2406 2313//2313 2312//2312
f 2406//2406 2312//2312 2280//2280
f 2406//2406 2280//2280 2293//2293
f 2405//2405 2403//2403 2317//2317
f 2405//2405 2317//2317 2407//2407
f 2405//2405 2407//2407 2260//2260
f 2405//2405 2260//2260 2313//2313
f 2407//2407 2317//2317 2316//2316
f 2407//2407 2316//2316 2408//2408
f 2407//2407 2408//2408 2261//2261
f 2407//2407 2261//2261 2260//2260
f 2408//2408 2316//2316 2315//2315
f 2408//2408 2315//2315 2409//2409
f 2408//2408 2409//2409 2410//2410
f 2408//2408 2410//2410 2261//2261
f 2410//2410 2409//2409 2411//2411
f 2410//2410 2411//2411 2412//2412
f 2410//2410 2412//2412 2413//2413
f 2410//2410 2413//2413 2414//2414
f 2410//2410 2414//2414 2259//2259
f 2410//2410 2259//2259 2261//2261
f 2414//2414 2413//2413 2170//2170
f 2414//2414 2170//2170 2251//2251
f 2414//2414 2251//2251 2252//2252
f 2414//2414 2252//2252 2259//2259
f 2411//2411 2415//2415 2288//2288
f 2411//2411 2288//2288 2287//2287
f 2411//2411 2287//2287 2290//2290
f 2411//2411 2290//2290 2412//2412
f 2411//2411 2409//2409 2315//2315
f 2411//2411 2315//2315 2415//2415
f 2415//2415 2416//2416 2322//2322
f 2415//2415 2322//2322 2288//2288
f 2415//2415 2315//2315 2306//2306
f 2415//2415 2306//2306 2416//2416
f 2416//2416 2417//2417 2418//2418
f 2416//2416 2418//2418 2322//2322
f 2416//2416 2306//2306 2305//2305
f 2416//2416 2305//2305 2417//2417
f 2418//2418 2419//2419 2294//2294
f 2418//2418 2294//2294 2301//2301
f 2418//2418 2301//2301 2323//2323
f 2418//2418 2323//2323 2322//2322
f 2418//2418 2417//2417 2420//2420
f 2418//2418 2420//2420 2419//2419
f 2420//2420 2421//2421 2422//2422
f 2420//2420 2422//2422 2419//2419
f 2420//2420 2417//2417 2305//2305
f 2420//2420 2305//2305 2309//2309
f 2420//2420 2309//2309 2423//2423
f 2420//2420 2423//2423 2421//2421
f 2423//2423 2266//2266 2254//2254
f 2423//2423 2254//2254 2421//2421
f 2423//2423 2309//2309 2308//2308
f 2423//2423 2308//2308 2267//2267
f 2423//2423 2267//2267 2262//2262
f 2423//2423 2262//2262 2266//2266
f 2422//2422 2253//2253 2233//2233
f 2422//2422 2233//2233 2295//2295
f 2422//2422 2295//2295 2294//2294
f 2422//2422 2294//2294 2419//2419
f 2422//2422 2421//2421 2254//2254
f 2422//2422 2254//2254 2253//2253
f 2403//2403 2401//2401 2318//2318
f 2403//2403 2318//2318 2317//2317
f 2401//2401 2396//2396 2321//2321
f 2401//2401 2321//2321 2318//2318
f 2393//2393 2390//2390 2388//2388
f 2393//2393 2388//2388 2424//2424
f 2393//2393 2424//2424 2425//2425
f 2393//2393 2425//2425 2426//2426
f 2393//2393 2426//2426 2310//2310
f 2393//2393 2310//2310 2320//2320
f 2426//2426 2425//2425 2427//2427
f 2426//2426 2427//2427 2428//2428
f 2426//2426 2428//2428 2308//2308
f 2426//2426 2308//2308 2310//2310
f 2428//2428 2427//2427 2429//2429
f 2428//2428 2429//2429 2268//2268
f 2428//2428 2268//2268 2267//2267
f 2428//2428 2267//2267 2308//2308
f 2429//2429 2427//2427 2299//2299
f 2429//2429 2299//2299 2298//2298
f 2429//2429 2298//2298 2273//2273
f 2429//2429 2273//2273 2303//2303
f 2429//2429 2303//2303 2264//2264
f 2429//2429 2264//2264 2268//2268
f 2427//2427 2425//2425 2300//2300
f 2427//2427 2300//2300 2299//2299
f 2425//2425 2424//2424 2324//2324
f 2425//2425 2324//2324 2300//2300
f 2424//2424 2388//2388 2327//2327
f 2424//2424 2327//2327 2324//2324
f 2314//2314 2313//2313 2260//2260
f 2314//2314 2260//2260 2256//2256
f 2314//2314 2256//2256 2247//2247
f 2314//2314 2247//2247 2282//2282
f 2298//2298 2297//2297 2274//2274
f 2298//2298 2274//2274 2273//2273
f 2297//2297 2296//2296 2275//2275
f 2297//2297 2275//2275 2274//2274
f 2296//2296 2232//2232 2236//2236
f 2296//2296 2236//2236 2275//2275
f 2296//2296 2295//2295 2233//2233
f 2296//2296 2233//2233 2232//2232
f 2293//2293 2280//2280 2279//2279
f 2293//2293 2279//2279 2291//2291
f 2292//2292 2291//2291 2279//2279
f 2292//2292 2279//2279 2278//2278
f 2292//2292 2278//2278 2238//2238
f 2292//2292 2238//2238 2237//2237
f 2292//2292 2237//2237 2239//2239
f 2292//2292 2239//2239 2289//2289
f 2289//2289 2239//2239 2220//2220
f 2289//2289 2220//2220 2290//2290
f 2282//2282 2247//2247 2246//2246
f 2282//2282 2246//2246 2277//2277
f 2278//2278 2277//2277 2246//2246
f 2278//2278 2246//2246 2238//2238
f 2275//2275 2236//2236 2245//2245
f 2275//2275 2245//2245 2270//2270
f 2271//2271 2270//2270 2245//2245
f 2271//2271 2245//2245 2430//2430
f 2271//2271 2430//2430 2263//2263
f 2271//2271 2263//2263 2265//2265
f 2430//2430 2245//2245 2244//2244
f 2430//2430 2244//2244 2242//2242
f 2430//2430 2242//2242 2241//2241
f 2430//2430 2241//2241 2263//2263
f 2266//2266 2219//2219 2218//2218
f 2266//2266 2218//2218 2254//2254
f 2257//2257 2252//2252 2250//2250
f 2257//2257 2250//2250 2249//2249
f 2255//2255 2249//2249 2174//2174
f 2255//2255 2174//2174 2159//2159
f 2255//2255 2159//2159 2158//2158
f 2255//2255 2158//2158 2228//2228
f 2248//2248 2210//2210 2178//2178
f 2248//2248 2178//2178 2181//2181
f 2240//2240 2224//2224 2203//2203
f 2240//2240 2203//2203 2219//2219
f 2239//2239 2153//2153 2161//2161
f 2239//2239 2161//2161 2220//2220
f 2234//2234 2217//2217 2138//2138
f 2234//2234 2138//2138 2215//2215
f 2230//2230 2229//2229 2243//2243
f 2230//2230 2243//2243 2165//2165
f 2230//2230 2165//2165 2141//2141
f 2230//2230 2141//2141 2130//2130
f 2228//2228 2158//2158 2160//2160
f 2228//2228 2160//2160 2227//2227
f 2222//2222 2221//2221 2431//2431
f 2222//2222 2431//2431 2432//2432
f 2222//2222 2432//2432 2433//2433
f 2222//2222 2433//2433 2434//2434
f 2222//2222 2434//2434 2164//2164
f 2222//2222 2164//2164 2163//2163
f 2434//2434 2433//2433 2435//2435
f 2434//2434 2435//2435 2436//2436
f 2434//2434 2436//2436 2437//2437
f 2434//2434 2437//2437 2164//2164
f 2437//2437 2112//2112 2148//2148
f 2437//2437 2148//2148 2164//2164
f 2437//2437 2436//2436 2438//2438
f 2437//2437 2438//2438 2439//2439
f 2437//2437 2439//2439 2110//2110
f 2437//2437 2110//2110 2112//2112
f 2439//2439 2438//2438 2440//2440
f 2439//2439 2440//2440 2441//2441
f 2439//2439 2441//2441 2111//2111
f 2439//2439 2111//2111 2110//2110
f 2441//2441 2440//2440 2442//2442
f 2441//2441 2442//2442 2443//2443
f 2441//2441 2443//2443 2444//2444
f 2441//2441 2444//2444 2111//2111
f 2444//2444 2098//2098 2097//2097
f 2444//2444 2097//2097 2111//2111
f 2444//2444 2443//2443 2068//2068
f 2444//2444 2068//2068 2067//2067
f 2444//2444 2067//2067 2075//2075
f 2444//2444 2075//2075 2098//2098
f 2443//2443 2442//2442 2445//2445
f 2443//2443 2445//2445 2068//2068
f 2445//2445 2442//2442 2446//2446
f 2445//2445 2446//2446 2447//2447
f 2445//2445 2447//2447 2448//2448
f 2445//2445 2448//2448 2449//2449
f 2445//2445 2449//2449 2069//2069
f 2445//2445 2069//2069 2068//2068
f 2449//2449 2448//2448 2450//2450
f 2449//2449 2450//2450 2451//2451
f 2449//2449 2451//2451 2070//2070
f 2449//2449 2070//2070 2069//2069
f 2451//2451 2450//2450 2452//2452
f 2451//2451 2452//2452 2453//2453
f 2451//2451 2453//2453 2078//2078
f 2451//2451 2078//2078 2070//2070
f 2453//2453 2452//2452 2454//2454
f 2453//2453 2454//2454 2455//2455
f 2453//2453 2455//2455 2079//2079
f 2453//2453 2079//2079 2078//2078
f 2455//2455 2454//2454 2185//2185
f 2455//2455 2185//2185 2456//2456
f 2455//2455 2456//2456 2189//2189
f 2455//2455 2189//2189 2079//2079
f 2456//2456 2185//2185 2184//2184
f 2456//2456 2184//2184 2457//2457
f 2456//2456 2457//2457 2190//2190
f 2456//2456 2190//2190 2189//2189
f 2457//2457 2184//2184 2186//2186
f 2457//2457 2186//2186 2458//2458
f 2457//2457 2458//2458 2191//2191
f 2457//2457 2191//2191 2190//2190
f 2458//2458 2186//2186 2459//2459
f 2458//2458 2459//2459 2431//2431
f 2458//2458 2431//2431 2221//2221
f 2458//2458 2221//2221 2191//2191
f 2459//2459 2186//2186 2144//2144
f 2459//2459 2144//2144 2216//2216
f 2459//2459 2216//2216 2137//2137
f 2459//2459 2137//2137 2460//2460
f 2459//2459 2460//2460 2432//2432
f 2459//2459 2432//2432 2431//2431
f 2460//2460 2137//2137 2136//2136
f 2460//2460 2136//2136 2461//2461
f 2460//2460 2461//2461 2433//2433
f 2460//2460 2433//2433 2432//2432
f 2461//2461 2136//2136 2139//2139
f 2461//2461 2139//2139 2462//2462
f 2461//2461 2462//2462 2435//2435
f 2461//2461 2435//2435 2433//2433
f 2462//2462 2139//2139 2463//2463
f 2462//2462 2463//2463 2464//2464
f 2462//2462 2464//2464 2465//2465
f 2462//2462 2465//2465 2435//2435
f 2465//2465 2438//2438 2436//2436
f 2465//2465 2436//2436 2435//2435
f 2465//2465 2464//2464 2466//2466
f 2465//2465 2466//2466 2467//2467
f 2465//2465 2467//2467 2440//2440
f 2465//2465 2440//2440 2438//2438
f 2467//2467 2466//2466 2468//2468
f 2467//2467 2468//2468 2446//2446
f 2467//2467 2446//2446 2442//2442
f 2467//2467 2442//2442 2440//2440
f 2468//2468 2466//2466 2469//2469
f 2468//2468 2469//2469 2470//2470
f 2468//2468 2470//2470 2471//2471
f 2468//2468 2471//2471 2472//2472
f 2468//2468 2472//2472 2447//2447
f 2468//2468 2447//2447 2446//2446
f 2472//2472 2471//2471 2063//2063
f 2472//2472 2063//2063 2062//2062
f 2472//2472 2062//2062 2448//2448
f 2472//2472 2448//2448 2447//2447
f 2471//2471 2470//2470 2085//2085
f 2471//2471 2085//2085 2087//2087
f 2471//2471 2087//2087 2102//2102
f 2471//2471 2102//2102 2063//2063
f 2470//2470 2469//2469 2089//2089
f 2470//2470 2089//2089 2085//2085
f 2469//2469 2466//2466 2464//2464
f 2469//2469 2464//2464 2463//2463
f 2469//2469 2463//2463 2090//2090
f 2469//2469 2090//2090 2089//2089
f 2463//2463 2139//2139 2109//2109
f 2463//2463 2109//2109 2090//2090
f 2454//2454 2452//2452 2065//2065
f 2454//2454 2065//2065 2473//2473
f 2454//2454 2473//2473 2183//2183
f 2454//2454 2183//2183 2185//2185
f 2473//2473 2065//2065 2064//2064
f 2473//2473 2064//2064 2146//2146
f 2473//2473 2146//2146 2145//2145
f 2473//2473 2145//2145 2183//2183
f 2452//2452 2450//2450 2061//2061
f 2452//2452 2061//2061 2065//2065
f 2450//2450 2448//2448 2062//2062
f 2450//2450 2062//2062 2061//2061
f 2149//2149 2204//2204 2413//2413
f 2149//2149 2413//2413 2412//2412
f 2149//2149 2412//2412 2290//2290
f 2149//2149 2290//2290 2220//2220
f 2413//2413 2204//2204 2171//2171
f 2413//2413 2171//2171 2170//2170
f 2217//2217 2121//2121 2122//2122
f 2217//2217 2122//2122 2138//2138
f 2216//2216 2215//2215 2138//2138
f 2216//2216 2138//2138 2137//2137
f 2213//2213 2202//2202 2196//2196
f 2213//2213 2196//2196 2195//2195
f 2213//2213 2132//2132 2134//2134
f 2213//2213 2134//2134 2211//2211
f 2212//2212 2211//2211 2134//2134
f 2212//2212 2134//2134 2142//2142
f 2209//2209 2208//2208 2176//2176
f 2209//2209 2176//2176 2180//2180
f 2209//2209 2180//2180 2474//2474
f 2209//2209 2474//2474 2475//2475
f 2209//2209 2475//2475 2476//2476
f 2209//2209 2476//2476 2179//2179
f 2476//2476 2475//2475 2107//2107
f 2476//2476 2107//2107 2106//2106
f 2476//2476 2106//2106 2108//2108
f 2476//2476 2108//2108 2474//2474
f 2476//2476 2474//2474 2180//2180
f 2476//2476 2180//2180 2179//2179
f 2475//2475 2474//2474 2108//2108
f 2475//2475 2108//2108 2107//2107
f 2208//2208 2160//2160 2157//2157
f 2208//2208 2157//2157 2176//2176
f 2206//2206 2205//2205 2119//2119
f 2206//2206 2119//2119 2118//2118
f 2193//2193 2150//2150 2073//2073
f 2193//2193 2073//2073 2072//2072
f 2193//2193 2072//2072 2080//2080
f 2193//2193 2080//2080 2188//2188
f 2189//2189 2188//2188 2080//2080
f 2189//2189 2080//2080 2079//2079
f 2163//2163 2162//2162 2152//2152
f 2163//2163 2152//2152 2151//2151
f 2162//2162 2161//2161 2153//2153
f 2162//2162 2153//2153 2152//2152
f 2146//2146 2064//2064 2477//2477
f 2146//2146 2477//2477 2127//2127
f 2122//2122 2083//2083 2092//2092
f 2122//2122 2092//2092 2109//2109
f 2117//2117 2095//2095 2094//2094
f 2117//2117 2094//2094 2105//2105
f 2105//2105 2094//2094 2098//2098
f 2105//2105 2098//2098 2075//2075
f 2103//2103 2102//2102 2087//2087
f 2103//2103 2087//2087 2084//2084
f 2477//2477 2064//2064 2060//2060
f 2477//2477 2060//2060 2063//2063
f 2477//2477 2478//2478 2479//2479
f 2477//2477 2479//2479 2480//2480
f 2481//2481 2482//2482 2483//2483
f 2481//2481 2483//2483 2484//2484
f 2482//2482 2100//2100 2485//2485
f 2482//2482 2485//2485 2483//2483
f 2100//2100 2113//2113 2486//2486
f 2100//2100 2486//2486 2485//2485
f 2167//2167 2487//2487 2140//2140
f 2167//2167 2140//2140 2141//2141
f 2487//2487 2488//2488 2142//2142
f 2487//2487 2142//2142 2140//2140
f 2489//2489 2490//2490 2491//2491
f 2489//2489 2491//2491 2492//2492
f 2493//2493 2489//2489 2492//2492
f 2493//2493 2492//2492 2494//2494
f 2490//2490 2495//2495 2496//2496
f 2490//2490 2496//2496 2491//2491
f 2166//2166 2165//2165 2243//2243
f 2166//2166 2243//2243 2142//2142
f 2488//2488 2494//2494 2166//2166
f 2488//2488 2166//2166 2142//2142
f 2496//2496 2493//2493 2494//2494
f 2496//2496 2494//2494 2488//2488
f 2486//2486 2481//2481 2484//2484
f 2486//2486 2484//2484 2495//2495
f 2494//2494 2492//2492 2167//2167
f 2494//2494 2167//2167 2166//2166
f 2492//2492 2491//2491 2487//2487
f 2492//2492 2487//2487 2167//2167
f 2491//2491 2496//2496 2488//2488
f 2491//2491 2488//2488 2487//2487
f 2495//2495 2484//2484 2493//2493
f 2495//2495 2493//2493 2496//2496
f 2484//2484 2483//2483 2489//2489
f 2484//2484 2489//2489 2493//2493
f 2483//2483 2485//2485 2490//2490
f 2483//2483 2490//2490 2489//2489
f 2485//2485 2486//2486 2495//2495
f 2485//2485 2495//2495 2490//2490
f 2113//2113 2480//2480 2481//2481
f 2113//2113 2481//2481 2486//2486
f 2480//2480 2479//2479 2482//2482
f 2480//2480 2482//2482 2481//2481
f 2113//2113 2127//2127 2477//2477
f 2113//2113 2477//2477 2480//2480
f 2479//2479 2101//2101 2100//2100
f 2479//2479 2100//2100 2482//2482
f 2101//2101 2497//2497 2063//2063
f 2101//2101 2063//2063 2102//2102
f 2477//2477 2063//2063 2497//2497
f 2477//2477 2497//2497 2478//2478
f 2478//2478 2497//2497 2101//2101
f 2478//2478 2101//2101 2479//2479
f 2498//2498 2499//2499 2500//2500
f 2498//2498 2500//2500 2501//2501
f 2498//2498 2501//2501 2502//2502
f 2498//2498 2502//2502 2503//2503
f 2498//2498 2504//2504 2505//2505
f 2498//2498 2505//2505 2499//2499
f 2498//2498 2503//2503 2506//2506
f 2498//2498 2506//2506 2507//2507
f 2502//2502 2501//2501 2508//2508
f 2502//2502 2508//2508 2509//2509
f 2502//2502 2509//2509 2510//2510
f 2502//2502 2510//2510 2511//2511
f 2502//2502 2511//2511 2512//2512
f 2502//2502 2512//2512 2513//2513
f 2502//2502 2513//2513 2514//2514
f 2502//2502 2514//2514 2503//2503
f 2515//2515 2516//2516 2517//2517
f 2515//2515 2517//2517 2518//2518
f 2519//2519 2520//2520 2516//2516
f 2519//2519 2516//2516 2515//2515
f 2515//2515 2518//2518 2521//2521
f 2515//2515 2521//2521 2519//2519
f 2522//2522 2523//2523 2524//2524
f 2522//2522 2524//2524 2525//2525
f 2522//2522 2526//2526 2527//2527
f 2522//2522 2527//2527 2523//2523
f 2522//2522 2525//2525 2528//2528
f 2522//2522 2528//2528 2526//2526
f 2529//2529 2530//2530 2531//2531
f 2529//2529 2531//2531 2532//2532
f 2529//2529 2532//2532 2533//2533
f 2529//2529 2533//2533 2534//2534
f 2529//2529 2534//2534 2535//2535
f 2529//2529 2535//2535 2530//2530
f 2536//2536 2537//2537 2538//2538
f 2536//2536 2538//2538 2539//2539
f 2536//2536 2540//2540 2541//2541
f 2536//2536 2541//2541 2537//2537
f 2536//2536 2539//2539 2542//2542
f 2536//2536 2542//2542 2540//2540
f 2530//2530 2543//2543 2544//2544
f 2530//2530 2544//2544 2531//2531
f 2505//2505 2504//2504 2545//2545
f 2505//2505 2545//2545 2546//2546
f 2505//2505 2546//2546 2547//2547
f 2505//2505 2547//2547 2499//2499
f 2541//2541 2548//2548 2549//2549
f 2541//2541 2549//2549 2537//2537
f 2541//2541 2540//2540 2550//2550
f 2541//2541 2550//2550 2548//2548
f 2525//2525 2524//2524 2551//2551
f 2525//2525 2551//2551 2552//2552
f 2525//2525 2552//2552 2553//2553
f 2525//2525 2553//2553 2554//2554
f 2525//2525 2554//2554 2555//2555
f 2525//2525 2555//2555 2528//2528
f 2556//2556 2557//2557 2558//2558
f 2556//2556 2558//2558 2520//2520
f 2556//2556 2520//2520 2519//2519
f 2556//2556 2519//2519 2559//2559
f 2556//2556 2560//2560 2561//2561
f 2556//2556 2561//2561 2557//2557
f 2556//2556 2562//2562 2563//2563
f 2556//2556 2563//2563 2560//2560
f 2556//2556 2559//2559 2564//2564
f 2556//2556 2564//2564 2562//2562
f 2504//2504 2498//2498 2507//2507
f 2504//2504 2507//2507 2545//2545
f 2560//2560 2563//2563 2565//2565
f 2560//2560 2565//2565 2561//2561
f 2559//2559 2519//2519 2528//2528
f 2559//2559 2528//2528 2555//2555
f 2559//2559 2566//2566 2567//2567
f 2559//2559 2567//2567 2564//2564
f 2568//2568 2569//2569 2570//2570
f 2568//2568 2570//2570 2571//2571
f 2568//2568 2572//2572 2573//2573
f 2568//2568 2573//2573 2569//2569
f 2568//2568 2571//2571 2574//2574
f 2568//2568 2574//2574 2572//2572
f 2547//2547 2546//2546 2575//2575
f 2547//2547 2575//2575 2576//2576
f 2547//2547 2576//2576 2500//2500
f 2547//2547 2500//2500 2499//2499
f 2577//2577 2578//2578 2572//2572
f 2577//2577 2572//2572 2574//2574
f 2577//2577 2511//2511 2510//2510
f 2577//2577 2510//2510 2578//2578
f 2577//2577 2579//2579 2512//2512
f 2577//2577 2512//2512 2511//2511
f 2577//2577 2580//2580 2581//2581
f 2577//2577 2581//2581 2579//2579
f 2577//2577 2574//2574 2582//2582
f 2577//2577 2582//2582 2580//2580
f 2583//2583 2584//2584 2548//2548
f 2583//2583 2548//2548 2550//2550
f 2583//2583 2585//2585 2586//2586
f 2583//2583 2586//2586 2584//2584
f 2583//2583 2550//2550 2587//2587
f 2583//2583 2587//2587 2588//2588
f 2583//2583 2588//2588 2589//2589
f 2583//2583 2589//2589 2567//2567
f 2583//2583 2567//2567 2566//2566
f 2583//2583 2566//2566 2585//2585
f 2590//2590 2506//2506 2591//2591
f 2590//2590 2591//2591 2592//2592
f 2593//2593 2507//2507 2506//2506
f 2593//2593 2506//2506 2590//2590
f 2590//2590 2592//2592 2594//2594
f 2590//2590 2594//2594 2593//2593
f 2580//2580 2594//2594 2592//2592
f 2580//2580 2592//2592 2581//2581
f 2574//2574 2571//2571 2595//2595
f 2574//2574 2595//2595 2596//2596
f 2574//2574 2596//2596 2597//2597
f 2574//2574 2597//2597 2582//2582
f 2598//2598 2599//2599 2575//2575
f 2598//2598 2575//2575 2546//2546
f 2600//2600 2601//2601 2599//2599
f 2600//2600 2599//2599 2598//2598
f 2598//2598 2546//2546 2545//2545
f 2598//2598 2545//2545 2600//2600
f 2602//2602 2542//2542 2603//2603
f 2602//2602 2603//2603 2604//2604
f 2550//2550 2540//2540 2605//2605
f 2550//2550 2605//2605 2587//2587
f 2602//2602 2604//2604 2606//2606
f 2602//2602 2606//2606 2607//2607
f 2564//2564 2567//2567 2589//2589
f 2564//2564 2589//2589 2608//2608
f 2564//2564 2608//2608 2609//2609
f 2564//2564 2609//2609 2610//2610
f 2564//2564 2610//2610 2611//2611
f 2564//2564 2611//2611 2562//2562
f 2612//2612 2613//2613 2614//2614
f 2612//2612 2614//2614 2551//2551
f 2612//2612 2551//2551 2524//2524
f 2612//2612 2524//2524 2615//2615
f 2612//2612 2615//2615 2616//2616
f 2612//2612 2616//2616 2617//2617
f 2612//2612 2618//2618 2619//2619
f 2612//2612 2619//2619 2613//2613
f 2612//2612 2617//2617 2620//2620
f 2612//2612 2620//2620 2618//2618
f 2552//2552 2551//2551 2614//2614
f 2552//2552 2614//2614 2621//2621
f 2552//2552 2621//2621 2622//2622
f 2552//2552 2622//2622 2553//2553
f 2623//2623 2563//2563 2562//2562
f 2623//2623 2562//2562 2611//2611
f 2623//2623 2624//2624 2565//2565
f 2623//2623 2565//2565 2563//2563
f 2623//2623 2611//2611 2625//2625
f 2623//2623 2625//2625 2624//2624
f 2613//2613 2619//2619 2626//2626
f 2613//2613 2626//2626 2614//2614
f 2627//2627 2535//2535 2628//2628
f 2627//2627 2628//2628 2629//2629
f 2627//2627 2630//2630 2631//2631
f 2627//2627 2631//2631 2632//2632
f 2627//2627 2632//2632 2530//2530
f 2627//2627 2530//2530 2535//2535
f 2633//2633 2634//2634 2635//2635
f 2633//2633 2635//2635 2636//2636
f 2633//2633 2636//2636 2637//2637
f 2633//2633 2637//2637 2638//2638
f 2633//2633 2638//2638 2631//2631
f 2633//2633 2631//2631 2634//2634
f 2611//2611 2610//2610 2639//2639
f 2611//2611 2639//2639 2640//2640
f 2595//2595 2641//2641 2642//2642
f 2595//2595 2642//2642 2596//2596
f 2597//2597 2643//2643 2644//2644
f 2597//2597 2644//2644 2645//2645
f 2597//2597 2645//2645 2646//2646
f 2597//2597 2646//2646 2582//2582
f 2647//2647 2648//2648 2619//2619
f 2647//2647 2619//2619 2618//2618
f 2647//2647 2649//2649 2650//2650
f 2647//2647 2650//2650 2648//2648
f 2647//2647 2618//2618 2620//2620
f 2647//2647 2620//2620 2651//2651
f 2652//2652 2653//2653 2654//2654
f 2652//2652 2654//2654 2640//2640
f 2607//2607 2606//2606 2653//2653
f 2607//2607 2653//2653 2652//2652
f 2652//2652 2640//2640 2639//2639
f 2652//2652 2639//2639 2607//2607
f 2587//2587 2655//2655 2656//2656
f 2587//2587 2656//2656 2588//2588
f 2657//2657 2658//2658 2601//2601
f 2657//2657 2601//2601 2600//2600
f 2657//2657 2600//2600 2593//2593
f 2657//2657 2593//2593 2659//2659
f 2657//2657 2644//2644 2643//2643
f 2657//2657 2643//2643 2658//2658
f 2657//2657 2659//2659 2660//2660
f 2657//2657 2660//2660 2661//2661
f 2657//2657 2661//2661 2662//2662
f 2657//2657 2662//2662 2644//2644
f 2654//2654 2653//2653 2663//2663
f 2654//2654 2663//2663 2664//2664
f 2654//2654 2664//2664 2665//2665
f 2654//2654 2665//2665 2640//2640
f 2636//2636 2666//2666 2667//2667
f 2636//2636 2667//2667 2668//2668
f 2636//2636 2635//2635 2669//2669
f 2636//2636 2669//2669 2666//2666
f 2636//2636 2668//2668 2670//2670
f 2636//2636 2670//2670 2637//2637
f 2608//2608 2589//2589 2671//2671
f 2608//2608 2671//2671 2672//2672
f 2672//2672 2673//2673 2674//2674
f 2672//2672 2674//2674 2675//2675
f 2672//2672 2675//2675 2676//2676
f 2672//2672 2676//2676 2677//2677
f 2668//2668 2667//2667 2678//2678
f 2668//2668 2678//2678 2679//2679
f 2668//2668 2679//2679 2646//2646
f 2668//2668 2646//2646 2680//2680
f 2681//2681 2682//2682 2683//2683
f 2681//2681 2683//2683 2684//2684
f 2681//2681 2685//2685 2686//2686
f 2681//2681 2686//2686 2682//2682
f 2682//2682 2686//2686 2687//2687
f 2682//2682 2687//2687 2683//2683
f 2688//2688 2689//2689 2690//2690
f 2688//2688 2690//2690 2691//2691
f 2688//2688 2691//2691 2692//2692
f 2688//2688 2692//2692 2693//2693
f 2688//2688 2693//2693 2694//2694
f 2688//2688 2694//2694 2689//2689
f 2695//2695 2696//2696 2635//2635
f 2695//2695 2635//2635 2634//2634
f 2695//2695 2634//2634 2631//2631
f 2695//2695 2631//2631 2630//2630
f 2695//2695 2630//2630 2697//2697
f 2695//2695 2697//2697 2696//2696
f 2692//2692 2691//2691 2661//2661
f 2692//2692 2661//2661 2660//2660
f 2692//2692 2698//2698 2699//2699
f 2692//2692 2699//2699 2693//2693
f 2692//2692 2660//2660 2667//2667
f 2692//2692 2667//2667 2666//2666
f 2692//2692 2666//2666 2669//2669
f 2692//2692 2669//2669 2698//2698
f 2646//2646 2679//2679 2580//2580
f 2646//2646 2580//2580 2582//2582
f 2646//2646 2645//2645 2700//2700
f 2646//2646 2700//2700 2701//2701
f 2661//2661 2691//2691 2690//2690
f 2661//2661 2690//2690 2702//2702
f 2703//2703 2704//2704 2705//2705
f 2703//2703 2705//2705 2706//2706
f 2703//2703 2707//2707 2708//2708
f 2703//2703 2708//2708 2626//2626
f 2703//2703 2706//2706 2709//2709
f 2703//2703 2709//2709 2707//2707
f 2646//2646 2710//2710 2711//2711
f 2646//2646 2711//2711 2680//2680
f 2646//2646 2701//2701 2712//2712
f 2646//2646 2712//2712 2710//2710
f 2704//2704 2686//2686 2685//2685
f 2704//2704 2685//2685 2713//2713
f 2704//2704 2703//2703 2648//2648
f 2704//2704 2648//2648 2650//2650
f 2704//2704 2713//2713 2714//2714
f 2704//2704 2714//2714 2705//2705
f 2715//2715 2716//2716 2717//2717
f 2715//2715 2717//2717 2718//2718
f 2715//2715 2718//2718 2719//2719
f 2715//2715 2719//2719 2720//2720
f 2702//2702 2690//2690 2721//2721
f 2702//2702 2721//2721 2722//2722
f 2702//2702 2723//2723 2662//2662
f 2702//2702 2662//2662 2661//2661
f 2724//2724 2725//2725 2726//2726
f 2724//2724 2726//2726 2727//2727
f 2724//2724 2728//2728 2729//2729
f 2724//2724 2729//2729 2730//2730
f 2724//2724 2727//2727 2731//2731
f 2724//2724 2731//2731 2728//2728
f 2732//2732 2733//2733 2696//2696
f 2732//2732 2696//2696 2697//2697
f 2732//2732 2710//2710 2712//2712
f 2732//2732 2712//2712 2734//2734
f 2732//2732 2697//2697 2711//2711
f 2732//2732 2711//2711 2710//2710
f 2732//2732 2735//2735 2736//2736
f 2732//2732 2736//2736 2733//2733
f 2732//2732 2734//2734 2737//2737
f 2732//2732 2737//2737 2735//2735
f 2738//2738 2739//2739 2694//2694
f 2738//2738 2694//2694 2740//2740
f 2738//2738 2740//2740 2741//2741
f 2738//2738 2741//2741 2742//2742
f 2738//2738 2742//2742 2743//2743
f 2738//2738 2743//2743 2739//2739
f 2741//2741 2740//2740 2699//2699
f 2741//2741 2699//2699 2744//2744
f 2741//2741 2744//2744 2745//2745
f 2741//2741 2745//2745 2742//2742
f 2745//2745 2744//2744 2736//2736
f 2745//2745 2736//2736 2735//2735
f 2745//2745 2735//2735 2743//2743
f 2745//2745 2743//2743 2742//2742
f 2719//2719 2728//2728 2731//2731
f 2719//2719 2731//2731 2746//2746
f 2719//2719 2718//2718 2729//2729
f 2719//2719 2729//2729 2728//2728
f 2719//2719 2747//2747 2748//2748
f 2719//2719 2748//2748 2720//2720
f 2719//2719 2746//2746 2749//2749
f 2719//2719 2749//2749 2747//2747
f 2748//2748 2750//2750 2751//2751
f 2748//2748 2751//2751 2720//2720
f 2748//2748 2747//2747 2752//2752
f 2748//2748 2752//2752 2753//2753
f 2754//2754 2755//2755 2756//2756
f 2754//2754 2756//2756 2757//2757
f 2754//2754 2757//2757 2758//2758
f 2754//2754 2758//2758 2759//2759
f 2754//2754 2759//2759 2760//2760
f 2754//2754 2760//2760 2755//2755
f 2743//2743 2735//2735 2737//2737
f 2743//2743 2737//2737 2761//2761
f 2743//2743 2761//2761 2762//2762
f 2743//2743 2762//2762 2763//2763
f 2748//2748 2753//2753 2764//2764
f 2748//2748 2764//2764 2750//2750
f 2765//2765 2726//2726 2676//2676
f 2765//2765 2676//2676 2766//2766
f 2765//2765 2766//2766 2767//2767
f 2765//2765 2767//2767 2768//2768
f 2765//2765 2769//2769 2727//2727
f 2765//2765 2727//2727 2726//2726
f 2765//2765 2770//2770 2771//2771
f 2765//2765 2771//2771 2769//2769
f 2765//2765 2768//2768 2772//2772
f 2765//2765 2772//2772 2770//2770
f 2773//2773 2774//2774 2775//2775
f 2773//2773 2775//2775 2776//2776
f 2773//2773 2757//2757 2756//2756
f 2773//2773 2756//2756 2774//2774
f 2773//2773 2776//2776 2758//2758
f 2773//2773 2758//2758 2757//2757
f 2767//2767 2766//2766 2777//2777
f 2767//2767 2777//2777 2778//2778
f 2767//2767 2779//2779 2780//2780
f 2767//2767 2780//2780 2768//2768
f 2767//2767 2778//2778 2781//2781
f 2767//2767 2781//2781 2779//2779
f 2782//2782 2783//2783 2784//2784
f 2782//2782 2784//2784 2785//2785
f 2782//2782 2723//2723 2702//2702
f 2782//2782 2702//2702 2783//2783
f 2782//2782 2785//2785 2786//2786
f 2782//2782 2786//2786 2787//2787
f 2782//2782 2788//2788 2789//2789
f 2782//2782 2789//2789 2723//2723
f 2782//2782 2787//2787 2790//2790
f 2782//2782 2790//2790 2788//2788
f 2761//2761 2737//2737 2791//2791
f 2761//2761 2791//2791 2762//2762
f 2792//2792 2712//2712 2701//2701
f 2792//2792 2701//2701 2793//2793
f 2792//2792 2793//2793 2794//2794
f 2792//2792 2794//2794 2795//2795
f 2792//2792 2795//2795 2734//2734
f 2792//2792 2734//2734 2712//2712
f 2796//2796 2737//2737 2734//2734
f 2796//2796 2734//2734 2795//2795
f 2796//2796 2795//2795 2794//2794
f 2796//2796 2794//2794 2797//2797
f 2796//2796 2797//2797 2791//2791
f 2796//2796 2791//2791 2737//2737
f 2798//2798 2799//2799 2800//2800
f 2798//2798 2800//2800 2801//2801
f 2802//2802 2803//2803 2799//2799
f 2802//2802 2799//2799 2798//2798
f 2798//2798 2801//2801 2804//2804
f 2798//2798 2804//2804 2802//2802
f 2805//2805 2772//2772 2806//2806
f 2805//2805 2806//2806 2807//2807
f 2805//2805 2807//2807 2808//2808
f 2805//2805 2808//2808 2809//2809
f 2805//2805 2810//2810 2770//2770
f 2805//2805 2770//2770 2772//2772
f 2802//2802 2811//2811 2812//2812
f 2802//2802 2812//2812 2803//2803
f 2802//2802 2813//2813 2814//2814
f 2802//2802 2814//2814 2811//2811
f 2815//2815 2816//2816 2810//2810
f 2815//2815 2810//2810 2805//2805
f 2815//2815 2805//2805 2809//2809
f 2815//2815 2809//2809 2817//2817
f 2815//2815 2785//2785 2784//2784
f 2815//2815 2784//2784 2816//2816
f 2815//2815 2818//2818 2786//2786
f 2815//2815 2786//2786 2785//2785
f 2815//2815 2817//2817 2819//2819
f 2815//2815 2819//2819 2818//2818
f 2820//2820 2821//2821 2822//2822
f 2820//2820 2822//2822 2823//2823
f 2820//2820 2824//2824 2825//2825
f 2820//2820 2825//2825 2826//2826
f 2820//2820 2826//2826 2827//2827
f 2820//2820 2827//2827 2821//2821
f 2828//2828 2829//2829 2821//2821
f 2828//2828 2821//2821 2827//2827
f 2828//2828 2827//2827 2830//2830
f 2828//2828 2830//2830 2831//2831
f 2828//2828 2831//2831 2832//2832
f 2828//2828 2832//2832 2829//2829
f 2833//2833 2834//2834 2835//2835
f 2833//2833 2835//2835 2836//2836
f 2833//2833 2836//2836 2837//2837
f 2833//2833 2837//2837 2824//2824
f 2833//2833 2824//2824 2820//2820
f 2833//2833 2820//2820 2834//2834
f 2826//2826 2825//2825 2830//2830
f 2826//2826 2830//2830 2827//2827
f 2830//2830 2825//2825 2838//2838
f 2830//2830 2838//2838 2831//2831
f 2836//2836 2835//2835 2839//2839
f 2836//2836 2839//2839 2837//2837
f 2839//2839 2840//2840 2838//2838
f 2839//2839 2838//2838 2837//2837
f 2839//2839 2835//2835 2841//2841
f 2839//2839 2841//2841 2842//2842
f 2839//2839 2842//2842 2843//2843
f 2839//2839 2843//2843 2840//2840
f 2843//2843 2844//2844 2832//2832
f 2843//2843 2832//2832 2840//2840
f 2843//2843 2842//2842 2845//2845
f 2843//2843 2845//2845 2846//2846
f 2843//2843 2846//2846 2847//2847
f 2843//2843 2847//2847 2844//2844
f 2847//2847 2848//2848 2849//2849
f 2847//2847 2849//2849 2844//2844
f 2847//2847 2846//2846 2850//2850
f 2847//2847 2850//2850 2851//2851
f 2847//2847 2851//2851 2852//2852
f 2847//2847 2852//2852 2848//2848
f 2852//2852 2853//2853 2854//2854
f 2852//2852 2854//2854 2848//2848
f 2852//2852 2851//2851 2855//2855
f 2852//2852 2855//2855 2856//2856
f 2852//2852 2856//2856 2857//2857
f 2852//2852 2857//2857 2853//2853
f 2857//2857 2858//2858 2859//2859
f 2857//2857 2859//2859 2853//2853
f 2857//2857 2856//2856 2860//2860
f 2857//2857 2860//2860 2861//2861
f 2857//2857 2861//2861 2862//2862
f 2857//2857 2862//2862 2858//2858
f 2862//2862 2863//2863 2864//2864
f 2862//2862 2864//2864 2858//2858
f 2862//2862 2861//2861 2865//2865
f 2862//2862 2865//2865 2866//2866
f 2862//2862 2866//2866 2867//2867
f 2862//2862 2867//2867 2863//2863
f 2867//2867 2868//2868 2869//2869
f 2867//2867 2869//2869 2863//2863
f 2867//2867 2866//2866 2802//2802
f 2867//2867 2802//2802 2804//2804
f 2867//2867 2804//2804 2819//2819
f 2867//2867 2819//2819 2868//2868
f 2869//2869 2870//2870 2871//2871
f 2869//2869 2871//2871 2872//2872
f 2869//2869 2872//2872 2864//2864
f 2869//2869 2864//2864 2863//2863
f 2869//2869 2868//2868 2873//2873
f 2869//2869 2873//2873 2870//2870
f 2873//2873 2874//2874 2875//2875
f 2873//2873 2875//2875 2870//2870
f 2873//2873 2868//2868 2819//2819
f 2873//2873 2819//2819 2817//2817
f 2873//2873 2817//2817 2809//2809
f 2873//2873 2809//2809 2874//2874
f 2875//2875 2876//2876 2855//2855
f 2875//2875 2855//2855 2877//2877
f 2875//2875 2877//2877 2871//2871
f 2875//2875 2871//2871 2870//2870
f 2875//2875 2874//2874 2878//2878
f 2875//2875 2878//2878 2876//2876
f 2878//2878 2879//2879 2860//2860
f 2878//2878 2860//2860 2876//2876
f 2878//2878 2874//2874 2809//2809
f 2878//2878 2809//2809 2808//2808
f 2878//2878 2808//2808 2880//2880
f 2878//2878 2880//2880 2879//2879
f 2880//2880 2813//2813 2865//2865
f 2880//2880 2865//2865 2879//2879
f 2880//2880 2808//2808 2807//2807
f 2880//2880 2807//2807 2881//2881
f 2880//2880 2881//2881 2814//2814
f 2880//2880 2814//2814 2813//2813
f 2881//2881 2807//2807 2806//2806
f 2881//2881 2806//2806 2882//2882
f 2881//2881 2882//2882 2883//2883
f 2881//2881 2883//2883 2814//2814
f 2883//2883 2884//2884 2811//2811
f 2883//2883 2811//2811 2814//2814
f 2883//2883 2882//2882 2885//2885
f 2883//2883 2885//2885 2886//2886
f 2883//2883 2886//2886 2749//2749
f 2883//2883 2749//2749 2884//2884
f 2886//2886 2885//2885 2887//2887
f 2886//2886 2887//2887 2752//2752
f 2886//2886 2752//2752 2747//2747
f 2886//2886 2747//2747 2749//2749
f 2887//2887 2885//2885 2780//2780
f 2887//2887 2780//2780 2779//2779
f 2887//2887 2779//2779 2781//2781
f 2887//2887 2781//2781 2888//2888
f 2887//2887 2888//2888 2753//2753
f 2887//2887 2753//2753 2752//2752
f 2888//2888 2781//2781 2889//2889
f 2888//2888 2889//2889 2890//2890
f 2888//2888 2890//2890 2764//2764
f 2888//2888 2764//2764 2753//2753
f 2890//2890 2889//2889 2758//2758
f 2890//2890 2758//2758 2776//2776
f 2890//2890 2776//2776 2775//2775
f 2890//2890 2775//2775 2764//2764
f 2889//2889 2781//2781 2778//2778
f 2889//2889 2778//2778 2891//2891
f 2889//2889 2891//2891 2759//2759
f 2889//2889 2759//2759 2758//2758
f 2891//2891 2778//2778 2777//2777
f 2891//2891 2777//2777 2892//2892
f 2891//2891 2892//2892 2760//2760
f 2891//2891 2760//2760 2759//2759
f 2892//2892 2777//2777 2675//2675
f 2892//2892 2675//2675 2674//2674
f 2892//2892 2674//2674 2709//2709
f 2892//2892 2709//2709 2760//2760
f 2885//2885 2882//2882 2806//2806
f 2885//2885 2806//2806 2780//2780
f 2884//2884 2893//2893 2812//2812
f 2884//2884 2812//2812 2811//2811
f 2884//2884 2749//2749 2746//2746
f 2884//2884 2746//2746 2893//2893
f 2893//2893 2894//2894 2895//2895
f 2893//2893 2895//2895 2812//2812
f 2893//2893 2746//2746 2731//2731
f 2893//2893 2731//2731 2894//2894
f 2895//2895 2771//2771 2896//2896
f 2895//2895 2896//2896 2897//2897
f 2895//2895 2897//2897 2803//2803
f 2895//2895 2803//2803 2812//2812
f 2895//2895 2894//2894 2769//2769
f 2895//2895 2769//2769 2771//2771
f 2897//2897 2896//2896 2898//2898
f 2897//2897 2898//2898 2899//2899
f 2897//2897 2899//2899 2799//2799
f 2897//2897 2799//2799 2803//2803
f 2899//2899 2898//2898 2900//2900
f 2899//2899 2900//2900 2901//2901
f 2899//2899 2901//2901 2800//2800
f 2899//2899 2800//2800 2799//2799
f 2901//2901 2900//2900 2902//2902
f 2901//2901 2902//2902 2903//2903
f 2901//2901 2903//2903 2904//2904
f 2901//2901 2904//2904 2800//2800
f 2904//2904 2905//2905 2801//2801
f 2904//2904 2801//2801 2800//2800
f 2904//2904 2903//2903 2906//2906
f 2904//2904 2906//2906 2907//2907
f 2904//2904 2907//2907 2908//2908
f 2904//2904 2908//2908 2905//2905
f 2908//2908 2787//2787 2786//2786
f 2908//2908 2786//2786 2905//2905
f 2908//2908 2907//2907 2909//2909
f 2908//2908 2909//2909 2910//2910
f 2908//2908 2910//2910 2790//2790
f 2908//2908 2790//2790 2787//2787
f 2910//2910 2909//2909 2762//2762
f 2910//2910 2762//2762 2791//2791
f 2910//2910 2791//2791 2797//2797
f 2910//2910 2797//2797 2790//2790
f 2909//2909 2907//2907 2906//2906
f 2909//2909 2906//2906 2911//2911
f 2909//2909 2911//2911 2763//2763
f 2909//2909 2763//2763 2762//2762
f 2911//2911 2906//2906 2722//2722
f 2911//2911 2722//2722 2721//2721
f 2911//2911 2721//2721 2912//2912
f 2911//2911 2912//2912 2763//2763
f 2912//2912 2721//2721 2690//2690
f 2912//2912 2690//2690 2689//2689
f 2912//2912 2689//2689 2694//2694
f 2912//2912 2694//2694 2739//2739
f 2912//2912 2739//2739 2743//2743
f 2912//2912 2743//2743 2763//2763
f 2906//2906 2903//2903 2902//2902
f 2906//2906 2902//2902 2722//2722
f 2905//2905 2786//2786 2818//2818
f 2905//2905 2818//2818 2801//2801
f 2902//2902 2900//2900 2784//2784
f 2902//2902 2784//2784 2783//2783
f 2902//2902 2783//2783 2702//2702
f 2902//2902 2702//2702 2722//2722
f 2900//2900 2898//2898 2816//2816
f 2900//2900 2816//2816 2784//2784
f 2898//2898 2896//2896 2810//2810
f 2898//2898 2810//2810 2816//2816
f 2896//2896 2771//2771 2770//2770
f 2896//2896 2770//2770 2810//2810
f 2894//2894 2731//2731 2727//2727
f 2894//2894 2727//2727 2769//2769
f 2879//2879 2865//2865 2861//2861
f 2879//2879 2861//2861 2860//2860
f 2877//2877 2855//2855 2851//2851
f 2877//2877 2851//2851 2850//2850
f 2877//2877 2850//2850 2913//2913
f 2877//2877 2913//2913 2871//2871
f 2913//2913 2850//2850 2846//2846
f 2913//2913 2846//2846 2845//2845
f 2913//2913 2845//2845 2914//2914
f 2913//2913 2914//2914 2915//2915
f 2913//2913 2915//2915 2872//2872
f 2913//2913 2872//2872 2871//2871
f 2915//2915 2914//2914 2916//2916
f 2915//2915 2916//2916 2917//2917
f 2915//2915 2917//2917 2864//2864
f 2915//2915 2864//2864 2872//2872
f 2917//2917 2916//2916 2918//2918
f 2917//2917 2918//2918 2859//2859
f 2917//2917 2859//2859 2858//2858
f 2917//2917 2858//2858 2864//2864
f 2918//2918 2916//2916 2919//2919
f 2918//2918 2919//2919 2823//2823
f 2918//2918 2823//2823 2822//2822
f 2918//2918 2822//2822 2854//2854
f 2918//2918 2854//2854 2853//2853
f 2918//2918 2853//2853 2859//2859
f 2919//2919 2841//2841 2835//2835
f 2919//2919 2835//2835 2834//2834
f 2919//2919 2834//2834 2820//2820
f 2919//2919 2820//2820 2823//2823
f 2919//2919 2916//2916 2914//2914
f 2919//2919 2914//2914 2841//2841
f 2914//2914 2845//2845 2842//2842
f 2914//2914 2842//2842 2841//2841
f 2876//2876 2860//2860 2856//2856
f 2876//2876 2856//2856 2855//2855
f 2866//2866 2865//2865 2813//2813
f 2866//2866 2813//2813 2802//2802
f 2854//2854 2822//2822 2849//2849
f 2854//2854 2849//2849 2848//2848
f 2849//2849 2822//2822 2821//2821
f 2849//2849 2821//2821 2829//2829
f 2849//2849 2829//2829 2832//2832
f 2849//2849 2832//2832 2844//2844
f 2840//2840 2832//2832 2831//2831
f 2840//2840 2831//2831 2838//2838
f 2838//2838 2825//2825 2824//2824
f 2838//2838 2824//2824 2837//2837
f 2819//2819 2804//2804 2801//2801
f 2819//2819 2801//2801 2818//2818
f 2806//2806 2772//2772 2768//2768
f 2806//2806 2768//2768 2780//2780
f 2797//2797 2794//2794 2788//2788
f 2797//2797 2788//2788 2790//2790
f 2794//2794 2793//2793 2789//2789
f 2794//2794 2789//2789 2788//2788
f 2793//2793 2701//2701 2700//2700
f 2793//2793 2700//2700 2789//2789
f 2789//2789 2700//2700 2662//2662
f 2789//2789 2662//2662 2723//2723
f 2777//2777 2766//2766 2676//2676
f 2777//2777 2676//2676 2675//2675
f 2775//2775 2920//2920 2750//2750
f 2775//2775 2750//2750 2764//2764
f 2775//2775 2774//2774 2714//2714
f 2775//2775 2714//2714 2920//2920
f 2920//2920 2921//2921 2751//2751
f 2920//2920 2751//2751 2750//2750
f 2920//2920 2714//2714 2713//2713
f 2920//2920 2713//2713 2921//2921
f 2921//2921 2922//2922 2716//2716
f 2921//2921 2716//2716 2751//2751
f 2921//2921 2713//2713 2685//2685
f 2921//2921 2685//2685 2922//2922
f 2922//2922 2684//2684 2717//2717
f 2922//2922 2717//2717 2716//2716
f 2922//2922 2685//2685 2681//2681
f 2922//2922 2681//2681 2684//2684
f 2774//2774 2756//2756 2705//2705
f 2774//2774 2705//2705 2714//2714
f 2760//2760 2709//2709 2706//2706
f 2760//2760 2706//2706 2755//2755
f 2756//2756 2755//2755 2706//2706
f 2756//2756 2706//2706 2705//2705
f 2751//2751 2716//2716 2715//2715
f 2751//2751 2715//2715 2720//2720
f 2744//2744 2699//2699 2698//2698
f 2744//2744 2698//2698 2736//2736
f 2740//2740 2694//2694 2693//2693
f 2740//2740 2693//2693 2699//2699
f 2736//2736 2698//2698 2669//2669
f 2736//2736 2669//2669 2733//2733
f 2733//2733 2669//2669 2635//2635
f 2733//2733 2635//2635 2696//2696
f 2729//2729 2718//2718 2717//2717
f 2729//2729 2717//2717 2923//2923
f 2729//2729 2923//2923 2924//2924
f 2729//2729 2924//2924 2730//2730
f 2923//2923 2717//2717 2684//2684
f 2923//2923 2684//2684 2683//2683
f 2923//2923 2683//2683 2687//2687
f 2923//2923 2687//2687 2924//2924
f 2726//2726 2725//2725 2677//2677
f 2726//2726 2677//2677 2676//2676
f 2925//2925 2926//2926 2607//2607
f 2925//2925 2607//2607 2639//2639
f 2925//2925 2639//2639 2610//2610
f 2925//2925 2610//2610 2609//2609
f 2704//2704 2650//2650 2687//2687
f 2704//2704 2687//2687 2686//2686
f 2711//2711 2697//2697 2630//2630
f 2711//2711 2630//2630 2627//2627
f 2711//2711 2627//2627 2629//2629
f 2711//2711 2629//2629 2680//2680
f 2709//2709 2674//2674 2673//2673
f 2709//2709 2673//2673 2707//2707
f 2708//2708 2707//2707 2673//2673
f 2708//2708 2673//2673 2927//2927
f 2708//2708 2927//2927 2622//2622
f 2708//2708 2622//2622 2621//2621
f 2708//2708 2621//2621 2614//2614
f 2708//2708 2614//2614 2626//2626
f 2927//2927 2673//2673 2651//2651
f 2927//2927 2651//2651 2620//2620
f 2927//2927 2620//2620 2617//2617
f 2927//2927 2617//2617 2622//2622
f 2703//2703 2626//2626 2619//2619
f 2703//2703 2619//2619 2648//2648
f 2700//2700 2645//2645 2644//2644
f 2700//2700 2644//2644 2662//2662
f 2687//2687 2650//2650 2649//2649
f 2687//2687 2649//2649 2924//2924
f 2680//2680 2629//2629 2670//2670
f 2680//2680 2670//2670 2668//2668
f 2679//2679 2678//2678 2594//2594
f 2679//2679 2594//2594 2580//2580
f 2678//2678 2659//2659 2593//2593
f 2678//2678 2593//2593 2594//2594
f 2678//2678 2667//2667 2660//2660
f 2678//2678 2660//2660 2659//2659
f 2670//2670 2629//2629 2628//2628
f 2670//2670 2628//2628 2928//2928
f 2670//2670 2928//2928 2929//2929
f 2670//2670 2929//2929 2637//2637
f 2929//2929 2928//2928 2930//2930
f 2929//2929 2930//2930 2931//2931
f 2929//2929 2931//2931 2543//2543
f 2929//2929 2543//2543 2932//2932
f 2929//2929 2932//2932 2638//2638
f 2929//2929 2638//2638 2637//2637
f 2932//2932 2543//2543 2530//2530
f 2932//2932 2530//2530 2632//2632
f 2932//2932 2632//2632 2631//2631
f 2932//2932 2631//2631 2638//2638
f 2931//2931 2930//2930 2933//2933
f 2931//2931 2933//2933 2934//2934
f 2931//2931 2934//2934 2544//2544
f 2931//2931 2544//2544 2543//2543
f 2934//2934 2933//2933 2592//2592
f 2934//2934 2592//2592 2591//2591
f 2934//2934 2591//2591 2514//2514
f 2934//2934 2514//2514 2544//2544
f 2933//2933 2930//2930 2935//2935
f 2933//2933 2935//2935 2936//2936
f 2933//2933 2936//2936 2581//2581
f 2933//2933 2581//2581 2592//2592
f 2936//2936 2935//2935 2534//2534
f 2936//2936 2534//2534 2533//2533
f 2936//2936 2533//2533 2579//2579
f 2936//2936 2579//2579 2581//2581
f 2935//2935 2628//2628 2535//2535
f 2935//2935 2535//2535 2534//2534
f 2935//2935 2930//2930 2928//2928
f 2935//2935 2928//2928 2628//2628
f 2665//2665 2937//2937 2938//2938
f 2665//2665 2938//2938 2625//2625
f 2665//2665 2625//2625 2611//2611
f 2665//2665 2611//2611 2640//2640
f 2665//2665 2664//2664 2939//2939
f 2665//2665 2939//2939 2937//2937
f 2939//2939 2940//2940 2941//2941
f 2939//2939 2941//2941 2937//2937
f 2939//2939 2664//2664 2663//2663
f 2939//2939 2663//2663 2942//2942
f 2939//2939 2942//2942 2943//2943
f 2939//2939 2943//2943 2940//2940
f 2943//2943 2944//2944 2945//2945
f 2943//2943 2945//2945 2940//2940
f 2943//2943 2942//2942 2946//2946
f 2943//2943 2946//2946 2947//2947
f 2943//2943 2947//2947 2948//2948
f 2943//2943 2948//2948 2944//2944
f 2948//2948 2601//2601 2658//2658
f 2948//2948 2658//2658 2944//2944
f 2948//2948 2947//2947 2949//2949
f 2948//2948 2949//2949 2950//2950
f 2948//2948 2950//2950 2599//2599
f 2948//2948 2599//2599 2601//2601
f 2950//2950 2949//2949 2951//2951
f 2950//2950 2951//2951 2952//2952
f 2950//2950 2952//2952 2575//2575
f 2950//2950 2575//2575 2599//2599
f 2952//2952 2951//2951 2953//2953
f 2952//2952 2953//2953 2954//2954
f 2952//2952 2954//2954 2576//2576
f 2952//2952 2576//2576 2575//2575
f 2954//2954 2953//2953 2955//2955
f 2954//2954 2955//2955 2956//2956
f 2954//2954 2956//2956 2500//2500
f 2954//2954 2500//2500 2576//2576
f 2956//2956 2955//2955 2957//2957
f 2956//2956 2957//2957 2508//2508
f 2956//2956 2508//2508 2501//2501
f 2956//2956 2501//2501 2500//2500
f 2957//2957 2955//2955 2958//2958
f 2957//2957 2958//2958 2959//2959
f 2957//2957 2959//2959 2960//2960
f 2957//2957 2960//2960 2961//2961
f 2957//2957 2961//2961 2509//2509
f 2957//2957 2509//2509 2508//2508
f 2961//2961 2960//2960 2962//2962
f 2961//2961 2962//2962 2963//2963
f 2961//2961 2963//2963 2510//2510
f 2961//2961 2510//2510 2509//2509
f 2963//2963 2962//2962 2964//2964
f 2963//2963 2964//2964 2965//2965
f 2963//2963 2965//2965 2578//2578
f 2963//2963 2578//2578 2510//2510
f 2965//2965 2964//2964 2966//2966
f 2965//2965 2966//2966 2573//2573
f 2965//2965 2573//2573 2572//2572
f 2965//2965 2572//2572 2578//2578
f 2966//2966 2964//2964 2967//2967
f 2966//2966 2967//2967 2968//2968
f 2966//2966 2968//2968 2969//2969
f 2966//2966 2969//2969 2970//2970
f 2966//2966 2970//2970 2569//2569
f 2966//2966 2569//2569 2573//2573
f 2970//2970 2969//2969 2971//2971
f 2970//2970 2971//2971 2972//2972
f 2970//2970 2972//2972 2570//2570
f 2970//2970 2570//2570 2569//2569
f 2972//2972 2971//2971 2973//2973
f 2972//2972 2973//2973 2974//2974
f 2972//2972 2974//2974 2641//2641
f 2972//2972 2641//2641 2570//2570
f 2974//2974 2973//2973 2938//2938
f 2974//2974 2938//2938 2975//2975
f 2974//2974 2975//2975 2642//2642
f 2974//2974 2642//2642 2641//2641
f 2975//2975 2938//2938 2937//2937
f 2975//2975 2937//2937 2941//2941
f 2975//2975 2941//2941 2976//2976
f 2975//2975 2976//2976 2642//2642
f 2976//2976 2597//2597 2596//2596
f 2976//2976 2596//2596 2642//2642
f 2976//2976 2941//2941 2940//2940
f 2976//2976 2940//2940 2945//2945
f 2976//2976 2945//2945 2643//2643
f 2976//2976 2643//2643 2597//2597
f 2973//2973 2971//2971 2565//2565
f 2973//2973 2565//2565 2624//2624
f 2973//2973 2624//2624 2625//2625
f 2973//2973 2625//2625 2938//2938
f 2971//2971 2969//2969 2561//2561
f 2971//2971 2561//2561 2565//2565
f 2969//2969 2968//2968 2557//2557
f 2969//2969 2557//2557 2561//2561
f 2968//2968 2967//2967 2558//2558
f 2968//2968 2558//2558 2557//2557
f 2967//2967 2964//2964 2962//2962
f 2967//2967 2962//2962 2977//2977
f 2967//2967 2977//2977 2978//2978
f 2967//2967 2978//2978 2558//2558
f 2978//2978 2977//2977 2979//2979
f 2978//2978 2979//2979 2980//2980
f 2978//2978 2980//2980 2517//2517
f 2978//2978 2517//2517 2516//2516
f 2978//2978 2516//2516 2520//2520
f 2978//2978 2520//2520 2558//2558
f 2980//2980 2979//2979 2981//2981
f 2980//2980 2981//2981 2982//2982
f 2980//2980 2982//2982 2983//2983
f 2980//2980 2983//2983 2517//2517
f 2983//2983 2982//2982 2984//2984
f 2983//2983 2984//2984 2538//2538
f 2983//2983 2538//2538 2537//2537
f 2983//2983 2537//2537 2549//2549
f 2983//2983 2549//2549 2518//2518
f 2983//2983 2518//2518 2517//2517
f 2984//2984 2985//2985 2986//2986
f 2984//2984 2986//2986 2987//2987
f 2984//2984 2987//2987 2539//2539
f 2984//2984 2539//2539 2538//2538
f 2984//2984 2982//2982 2981//2981
f 2984//2984 2981//2981 2985//2985
f 2987//2987 2986//2986 2988//2988
f 2987//2987 2988//2988 2603//2603
f 2987//2987 2603//2603 2542//2542
f 2987//2987 2542//2542 2539//2539
f 2988//2988 2989//2989 2990//2990
f 2988//2988 2990//2990 2991//2991
f 2988//2988 2991//2991 2604//2604
f 2988//2988 2604//2604 2603//2603
f 2988//2988 2986//2986 2992//2992
f 2988//2988 2992//2992 2989//2989
f 2992//2992 2953//2953 2951//2951
f 2992//2992 2951//2951 2989//2989
f 2992//2992 2986//2986 2985//2985
f 2992//2992 2985//2985 2958//2958
f 2992//2992 2958//2958 2955//2955
f 2992//2992 2955//2955 2953//2953
f 2991//2991 2990//2990 2946//2946
f 2991//2991 2946//2946 2993//2993
f 2991//2991 2993//2993 2606//2606
f 2991//2991 2606//2606 2604//2604
f 2993//2993 2946//2946 2942//2942
f 2993//2993 2942//2942 2663//2663
f 2993//2993 2663//2663 2653//2653
f 2993//2993 2653//2653 2606//2606
f 2990//2990 2949//2949 2947//2947
f 2990//2990 2947//2947 2946//2946
f 2990//2990 2989//2989 2951//2951
f 2990//2990 2951//2951 2949//2949
f 2985//2985 2981//2981 2959//2959
f 2985//2985 2959//2959 2958//2958
f 2981//2981 2979//2979 2960//2960
f 2981//2981 2960//2960 2959//2959
f 2979//2979 2977//2977 2962//2962
f 2979//2979 2962//2962 2960//2960
f 2945//2945 2944//2944 2658//2658
f 2945//2945 2658//2658 2643//2643
f 2671//2671 2589//2589 2588//2588
f 2671//2671 2588//2588 2656//2656
f 2641//2641 2595//2595 2571//2571
f 2641//2641 2571//2571 2570//2570
f 2622//2622 2617//2617 2616//2616
f 2622//2622 2616//2616 2553//2553
f 2616//2616 2615//2615 2994//2994
f 2616//2616 2994//2994 2995//2995
f 2616//2616 2995//2995 2554//2554
f 2616//2616 2554//2554 2553//2553
f 2995//2995 2994//2994 2996//2996
f 2995//2995 2996//2996 2997//2997
f 2995//2995 2997//2997 2555//2555
f 2995//2995 2555//2555 2554//2554
f 2997//2997 2996//2996 2585//2585
f 2997//2997 2585//2585 2566//2566
f 2997//2997 2566//2566 2559//2559
f 2997//2997 2559//2559 2555//2555
f 2996//2996 2527//2527 2586//2586
f 2996//2996 2586//2586 2585//2585
f 2996//2996 2994//2994 2523//2523
f 2996//2996 2523//2523 2527//2527
f 2994//2994 2615//2615 2524//2524
f 2994//2994 2524//2524 2523//2523
f 2600//2600 2545//2545 2507//2507
f 2600//2600 2507//2507 2593//2593
f 2591//2591 2506//2506 2503//2503
f 2591//2591 2503//2503 2514//2514
f 2586//2586 2521//2521 2518//2518
f 2586//2586 2518//2518 2584//2584
f 2586//2586 2527//2527 2526//2526
f 2586//2586 2526//2526 2521//2521
f 2584//2584 2518//2518 2549//2549
f 2584//2584 2549//2549 2548//2548
f 2579//2579 2533//2533 2532//2532
f 2579//2579 2532//2532 2512//2512
f 2544//2544 2514//2514 2513//2513
f 2544//2544 2513//2513 2531//2531
f 2532//2532 2531//2531 2513//2513
f 2532//2532 2513//2513 2512//2512
f 2528//2528 2519//2519 2521//2521
f 2528//2528 2521//2521 2526//2526
f 2608//2608 2672//2672 2677//2677
f 2608//2608 2677//2677 2609//2609
f 2725//2725 2925//2925 2609//2609
f 2725//2725 2609//2609 2677//2677
f 2725//2725 2724//2724 2926//2926
f 2725//2725 2926//2926 2925//2925
f 2655//2655 2926//2926 2724//2724
f 2655//2655 2724//2724 2730//2730
f 2655//2655 2730//2730 2924//2924
f 2655//2655 2924//2924 2649//2649
f 2656//2656 2655//2655 2649//2649
f 2656//2656 2649//2649 2647//2647
f 2651//2651 2671//2671 2656//2656
f 2651//2651 2656//2656 2647//2647
f 2672//2672 2671//2671 2651//2651
f 2672//2672 2651//2651 2673//2673
f 2655//2655 2587//2587 2605//2605
f 2655//2655 2605//2605 2998//2998
f 2540//2540 2542//2542 2602//2602
f 2540//2540 2602//2602 2605//2605
f 2655//2655 2998//2998 2607//2607
f 2655//2655 2607//2607 2926//2926
f 2998//2998 2605//2605 2602//2602
f 2998//2998 2602//2602 2607//2607
f 2999//2999 3000//3000 3001//3001
f 2999//2999 3001//3001 3002//3002
f 2999//2999 3003//3003 3004//3004
f 2999//2999 3004//3004 3000//3000
f 2999//2999 3002//3002 3005//3005
f 2999//2999 3005//3005 3003//3003
f 3006//3006 3007//3007 3004//3004
f 3006//3006 3004//3004 3003//3003
f 3006//3006 3008//3008 3009//3009
f 3006//3006 3009//3009 3007//3007
f 3006//3006 3003//3003 3005//3005
f 3006//3006 3005//3005 3008//3008
f 3010//3010 3011//3011 3012//3012
f 3010//3010 3012//3012 3013//3013
f 3010//3010 3013//3013 3014//3014
f 3010//3010 3014//3014 3015//3015
f 3010//3010 3015//3015 3016//3016
f 3010//3010 3016//3016 3011//3011
f 3017//3017 3018//3018 3019//3019
f 3017//3017 3019//3019 3020//3020
f 3019//3019 3018//3018 3021//3021
f 3019//3019 3021//3021 3022//3022
f 3019//3019 3023//3023 3024//3024
f 3019//3019 3024//3024 3020//3020
f 3019//3019 3022//3022 3025//3025
f 3019//3019 3025//3025 3023//3023
f 3026//3026 3027//3027 3028//3028
f 3026//3026 3028//3028 3029//3029
f 3026//3026 3029//3029 3030//3030
f 3026//3026 3030//3030 3031//3031
f 3026//3026 3031//3031 3032//3032
f 3026//3026 3032//3032 3027//3027
f 3015//3015 3033//3033 3034//3034
f 3015//3015 3034//3034 3035//3035
f 3024//3024 3036//3036 3035//3035
f 3024//3024 3035//3035 3037//3037
f 3030//3030 3029//3029 3038//3038
f 3030//3030 3038//3038 3039//3039
f 3024//3024 3023//3023 3040//3040
f 3024//3024 3040//3040 3036//3036
f 3024//3024 3037//3037 3041//3041
f 3024//3024 3041//3041 3042//3042
f 3043//3043 3044//3044 3045//3045
f 3043//3043 3045//3045 3046//3046
f 3045//3045 3047//3047 3048//3048
f 3045//3045 3048//3048 3046//3046
f 3049//3049 3050//3050 3051//3051
f 3049//3049 3051//3051 3052//3052
f 3050//3050 3049//3049 3053//3053
f 3050//3050 3053//3053 3054//3054
f 3050//3050 3054//3054 3055//3055
f 3050//3050 3055//3055 3051//3051
f 3056//3056 3057//3057 3058//3058
f 3056//3056 3058//3058 3059//3059
f 3060//3060 3055//3055 3061//3061
f 3060//3060 3061//3061 3062//3062
f 3063//3063 3051//3051 3055//3055
f 3063//3063 3055//3055 3060//3060
f 3043//3043 3025//3025 3064//3064
f 3043//3043 3064//3064 3042//3042
f 3065//3065 3066//3066 3067//3067
f 3065//3065 3067//3067 3068//3068
f 3065//3065 3068//3068 3069//3069
f 3065//3065 3069//3069 3070//3070
f 3065//3065 3070//3070 3071//3071
f 3065//3065 3071//3071 3066//3066
f 3068//3068 3067//3067 3072//3072
f 3068//3068 3072//3072 3069//3069
f 3054//3054 3053//3053 3073//3073
f 3054//3054 3073//3073 3055//3055
f 3055//3055 3073//3073 3074//3074
f 3055//3055 3074//3074 3061//3061
f 3067//3067 3075//3075 3076//3076
f 3067//3067 3076//3076 3077//3077
f 3067//3067 3066//3066 3078//3078
f 3067//3067 3078//3078 3075//3075
f 3067//3067 3077//3077 3079//3079
f 3067//3067 3079//3079 3072//3072
f 3080//3080 3081//3081 3082//3082
f 3080//3080 3082//3082 3071//3071
f 3080//3080 3083//3083 3084//3084
f 3080//3080 3084//3084 3081//3081
f 3080//3080 3085//3085 3086//3086
f 3080//3080 3086//3086 3083//3083
f 3080//3080 3071//3071 3070//3070
f 3080//3080 3070//3070 3087//3087
f 3088//3088 3089//3089 3090//3090
f 3088//3088 3090//3090 3091//3091
f 3088//3088 3091//3091 3092//3092
f 3088//3088 3092//3092 3093//3093
f 3053//3053 3049//3049 3094//3094
f 3053//3053 3094//3094 3073//3073
f 3095//3095 3031//3031 3030//3030
f 3095//3095 3030//3030 3096//3096
f 3095//3095 3097//3097 3032//3032
f 3095//3095 3032//3032 3031//3031
f 3095//3095 3096//3096 3098//3098
f 3095//3095 3098//3098 3097//3097
f 3099//3099 3062//3062 3100//3100
f 3099//3099 3100//3100 3101//3101
f 3077//3077 3076//3076 3084//3084
f 3077//3077 3084//3084 3083//3083
f 3102//3102 3103//3103 3104//3104
f 3102//3102 3104//3104 3105//3105
f 3102//3102 3105//3105 3106//3106
f 3102//3102 3106//3106 3107//3107
f 3102//3102 3108//3108 3109//3109
f 3102//3102 3109//3109 3110//3110
f 3102//3102 3110//3110 3111//3111
f 3102//3102 3111//3111 3103//3103
f 3062//3062 3061//3061 3112//3112
f 3062//3062 3112//3112 3113//3113
f 3062//3062 3113//3113 3114//3114
f 3062//3062 3114//3114 3100//3100
f 3069//3069 3072//3072 3087//3087
f 3069//3069 3087//3087 3070//3070
f 3115//3115 3116//3116 3117//3117
f 3115//3115 3117//3117 3118//3118
f 3115//3115 3118//3118 3119//3119
f 3115//3115 3119//3119 3033//3033
f 3061//3061 3074//3074 3120//3120
f 3061//3061 3120//3120 3121//3121
f 3061//3061 3121//3121 3122//3122
f 3061//3061 3122//3122 3112//3112
f 3123//3123 3124//3124 3125//3125
f 3123//3123 3125//3125 3126//3126
f 3125//3125 3124//3124 3127//3127
f 3125//3125 3127//3127 3128//3128
f 3125//3125 3128//3128 3129//3129
f 3125//3125 3129//3129 3130//3130
f 3112//3112 3131//3131 3088//3088
f 3112//3112 3088//3088 3132//3132
f 3112//3112 3122//3122 3133//3133
f 3112//3112 3133//3133 3131//3131
f 3129//3129 3090//3090 3089//3089
f 3129//3129 3089//3089 3130//3130
f 3134//3134 3135//3135 3136//3136
f 3134//3134 3136//3136 3137//3137
f 3138//3138 3139//3139 3140//3140
f 3138//3138 3140//3140 3141//3141
f 3136//3136 3142//3142 3143//3143
f 3136//3136 3143//3143 3137//3137
f 3135//3135 3144//3144 3145//3145
f 3135//3135 3145//3145 3139//3139
f 3146//3146 3147//3147 3145//3145
f 3146//3146 3145//3145 3148//3148
f 3146//3146 3059//3059 3149//3149
f 3146//3146 3149//3149 3147//3147
f 3106//3106 3096//3096 3030//3030
f 3106//3106 3030//3030 3107//3107
f 3106//3106 3134//3134 3098//3098
f 3106//3106 3098//3098 3096//3096
f 3150//3150 3151//3151 3152//3152
f 3150//3150 3152//3152 3153//3153
f 3120//3120 3074//3074 3151//3151
f 3120//3120 3151//3151 3150//3150
f 3114//3114 3154//3154 3155//3155
f 3114//3114 3155//3155 3100//3100
f 3156//3156 3157//3157 3154//3154
f 3156//3156 3154//3154 3114//3114
f 3158//3158 3098//3098 3134//3134
f 3158//3158 3134//3134 3137//3137
f 3085//3085 3159//3159 3160//3160
f 3085//3085 3160//3160 3161//3161
f 3085//3085 3103//3103 3111//3111
f 3085//3085 3111//3111 3086//3086
f 3085//3085 3161//3161 3162//3162
f 3085//3085 3162//3162 3103//3103
f 3163//3163 3164//3164 3165//3165
f 3163//3163 3165//3165 3166//3166
f 3167//3167 3168//3168 3164//3164
f 3167//3167 3164//3164 3163//3163
f 3163//3163 3166//3166 3169//3169
f 3163//3163 3169//3169 3167//3167
f 3103//3103 3162//3162 3170//3170
f 3103//3103 3170//3170 3104//3104
f 3171//3171 3130//3130 3089//3089
f 3171//3171 3089//3089 3172//3172
f 3173//3173 3174//3174 3171//3171
f 3173//3173 3171//3171 3175//3175
f 3159//3159 3079//3079 3176//3176
f 3159//3159 3176//3176 3177//3177
f 3087//3087 3072//3072 3079//3079
f 3087//3087 3079//3079 3159//3159
f 3120//3120 3150//3150 3178//3178
f 3120//3120 3178//3178 3179//3179
f 3120//3120 3179//3179 3180//3180
f 3120//3120 3180//3180 3181//3181
f 3120//3120 3181//3181 3182//3182
f 3120//3120 3182//3182 3121//3121
f 3079//3079 3183//3183 3184//3184
f 3079//3079 3184//3184 3176//3176
f 3077//3077 3185//3185 3183//3183
f 3077//3077 3183//3183 3079//3079
f 3186//3186 3187//3187 3188//3188
f 3186//3186 3188//3188 3189//3189
f 3186//3186 3189//3189 3170//3170
f 3186//3186 3170//3170 3162//3162
f 3190//3190 3191//3191 3192//3192
f 3190//3190 3192//3192 3187//3187
f 3162//3162 3161//3161 3191//3191
f 3162//3162 3191//3191 3190//3190
f 3190//3190 3187//3187 3186//3186
f 3190//3190 3186//3186 3162//3162
f 3179//3179 3178//3178 3193//3193
f 3179//3179 3193//3193 3180//3180
f 3189//3189 3188//3188 3194//3194
f 3189//3189 3194//3194 3170//3170
f 3170//3170 3195//3195 3196//3196
f 3170//3170 3196//3196 3104//3104
f 3160//3160 3159//3159 3177//3177
f 3160//3160 3177//3177 3197//3197
f 3160//3160 3198//3198 3191//3191
f 3160//3160 3191//3191 3161//3161
f 3184//3184 3183//3183 3199//3199
f 3184//3184 3199//3199 3200//3200
f 3184//3184 3200//3200 3201//3201
f 3184//3184 3201//3201 3176//3176
f 3202//3202 3203//3203 3204//3204
f 3202//3202 3204//3204 3205//3205
f 3202//3202 3206//3206 3207//3207
f 3202//3202 3207//3207 3203//3203
f 3202//3202 3205//3205 3208//3208
f 3202//3202 3208//3208 3206//3206
f 3188//3188 3187//3187 3209//3209
f 3188//3188 3209//3209 3194//3194
f 3198//3198 3210//3210 3192//3192
f 3198//3198 3192//3192 3191//3191
f 3198//3198 3160//3160 3211//3211
f 3198//3198 3211//3211 3210//3210
f 3212//3212 3213//3213 3214//3214
f 3212//3212 3214//3214 3215//3215
f 3216//3216 3217//3217 3213//3213
f 3216//3216 3213//3213 3212//3212
f 3195//3195 3170//3170 3194//3194
f 3195//3195 3194//3194 3218//3218
f 3195//3195 3219//3219 3220//3220
f 3195//3195 3220//3220 3221//3221
f 3195//3195 3221//3221 3168//3168
f 3195//3195 3168//3168 3196//3196
f 3195//3195 3218//3218 3222//3222
f 3195//3195 3222//3222 3219//3219
f 3223//3223 3224//3224 3182//3182
f 3223//3223 3182//3182 3225//3225
f 3223//3223 3225//3225 3226//3226
f 3223//3223 3226//3226 3227//3227
f 3223//3223 3228//3228 3229//3229
f 3223//3223 3229//3229 3224//3224
f 3230//3230 3231//3231 3232//3232
f 3230//3230 3232//3232 3233//3233
f 3230//3230 3234//3234 3235//3235
f 3230//3230 3235//3235 3165//3165
f 3230//3230 3233//3233 3236//3236
f 3230//3230 3236//3236 3237//3237
f 3230//3230 3237//3237 3238//3238
f 3230//3230 3238//3238 3234//3234
f 3210//3210 3211//3211 3239//3239
f 3210//3210 3239//3239 3192//3192
f 3240//3240 3180//3180 3193//3193
f 3240//3240 3193//3193 3241//3241
f 3240//3240 3241//3241 3242//3242
f 3240//3240 3242//3242 3243//3243
f 3240//3240 3243//3243 3181//3181
f 3240//3240 3181//3181 3180//3180
f 3244//3244 3200//3200 3199//3199
f 3244//3244 3199//3199 3245//3245
f 3244//3244 3246//3246 3201//3201
f 3244//3244 3201//3201 3200//3200
f 3244//3244 3245//3245 3247//3247
f 3244//3244 3247//3247 3246//3246
f 3248//3248 3249//3249 3206//3206
f 3248//3248 3206//3206 3208//3208
f 3248//3248 3208//3208 3250//3250
f 3248//3248 3250//3250 3251//3251
f 3248//3248 3251//3251 3252//3252
f 3248//3248 3252//3252 3249//3249
f 3253//3253 3197//3197 3177//3177
f 3253//3253 3177//3177 3254//3254
f 3253//3253 3254//3254 3255//3255
f 3253//3253 3255//3255 3256//3256
f 3253//3253 3256//3256 3257//3257
f 3253//3253 3257//3257 3197//3197
f 3258//3258 3239//3239 3211//3211
f 3258//3258 3211//3211 3257//3257
f 3258//3258 3259//3259 3260//3260
f 3258//3258 3260//3260 3261//3261
f 3258//3258 3261//3261 3209//3209
f 3258//3258 3209//3209 3239//3239
f 3262//3262 3263//3263 3264//3264
f 3262//3262 3264//3264 3265//3265
f 3262//3262 3266//3266 3267//3267
f 3262//3262 3267//3267 3263//3263
f 3262//3262 3265//3265 3268//3268
f 3262//3262 3268//3268 3266//3266
f 3269//3269 3264//3264 3252//3252
f 3269//3269 3252//3252 3251//3251
f 3270//3270 3265//3265 3264//3264
f 3270//3270 3264//3264 3269//3269
f 3269//3269 3251//3251 3271//3271
f 3269//3269 3271//3271 3270//3270
f 3272//3272 3273//3273 3274//3274
f 3272//3272 3274//3274 3275//3275
f 3272//3272 3276//3276 3277//3277
f 3272//3272 3277//3277 3278//3278
f 3272//3272 3279//3279 3280//3280
f 3272//3272 3280//3280 3276//3276
f 3272//3272 3275//3275 3281//3281
f 3272//3272 3281//3281 3279//3279
f 3282//3282 3283//3283 3284//3284
f 3282//3282 3284//3284 3285//3285
f 3282//3282 3286//3286 3287//3287
f 3282//3282 3287//3287 3288//3288
f 3282//3282 3288//3288 3289//3289
f 3282//3282 3289//3289 3290//3290
f 3282//3282 3290//3290 3291//3291
f 3282//3282 3291//3291 3283//3283
f 3279//3279 3281//3281 3292//3292
f 3279//3279 3292//3292 3293//3293
f 3294//3294 3295//3295 3296//3296
f 3294//3294 3296//3296 3297//3297
f 3294//3294 3298//3298 3299//3299
f 3294//3294 3299//3299 3295//3295
f 3294//3294 3297//3297 3300//3300
f 3294//3294 3300//3300 3298//3298
f 3301//3301 3302//3302 3303//3303
f 3301//3301 3303//3303 3304//3304
f 3301//3301 3300//3300 3297//3297
f 3301//3301 3297//3297 3302//3302
f 3301//3301 3304//3304 3305//3305
f 3301//3301 3305//3305 3300//3300
f 3304//3304 3303//3303 3306//3306
f 3304//3304 3306//3306 3305//3305
f 3306//3306 3303//3303 3307//3307
f 3306//3306 3307//3307 3308//3308
f 3306//3306 3308//3308 3309//3309
f 3306//3306 3309//3309 3310//3310
f 3306//3306 3310//3310 3311//3311
f 3306//3306 3311//3311 3305//3305
f 3311//3311 3310//3310 3312//3312
f 3311//3311 3312//3312 3313//3313
f 3311//3311 3313//3313 3299//3299
f 3311//3311 3299//3299 3298//3298
f 3311//3311 3298//3298 3300//3300
f 3311//3311 3300//3300 3305//3305
f 3313//3313 3312//3312 3314//3314
f 3313//3313 3314//3314 3315//3315
f 3313//3313 3315//3315 3316//3316
f 3313//3313 3316//3316 3299//3299
f 3316//3316 3315//3315 3317//3317
f 3316//3316 3317//3317 3318//3318
f 3316//3316 3318//3318 3319//3319
f 3316//3316 3319//3319 3320//3320
f 3316//3316 3320//3320 3295//3295
f 3316//3316 3295//3295 3299//3299
f 3320//3320 3319//3319 3321//3321
f 3320//3320 3321//3321 3322//3322
f 3320//3320 3322//3322 3296//3296
f 3320//3320 3296//3296 3295//3295
f 3322//3322 3321//3321 3323//3323
f 3322//3322 3323//3323 3324//3324
f 3322//3322 3324//3324 3325//3325
f 3322//3322 3325//3325 3296//3296
f 3325//3325 3302//3302 3297//3297
f 3325//3325 3297//3297 3296//3296
f 3325//3325 3324//3324 3326//3326
f 3325//3325 3326//3326 3307//3307
f 3325//3325 3307//3307 3303//3303
f 3325//3325 3303//3303 3302//3302
f 3326//3326 3324//3324 3323//3323
f 3326//3326 3323//3323 3327//3327
f 3326//3326 3327//3327 3328//3328
f 3326//3326 3328//3328 3329//3329
f 3326//3326 3329//3329 3308//3308
f 3326//3326 3308//3308 3307//3307
f 3330//3330 3331//3331 3314//3314
f 3330//3330 3314//3314 3312//3312
f 3330//3330 3312//3312 3310//3310
f 3330//3330 3310//3310 3309//3309
f 3331//3331 3332//3332 3333//3333
f 3331//3331 3333//3333 3314//3314
f 3333//3333 3332//3332 3334//3334
f 3333//3333 3334//3334 3277//3277
f 3333//3333 3277//3277 3276//3276
f 3333//3333 3276//3276 3317//3317
f 3333//3333 3317//3317 3315//3315
f 3333//3333 3315//3315 3314//3314
f 3334//3334 3335//3335 3278//3278
f 3334//3334 3278//3278 3277//3277
f 3335//3335 3336//3336 3337//3337
f 3335//3335 3337//3337 3278//3278
f 3337//3337 3336//3336 3338//3338
f 3337//3337 3338//3338 3339//3339
f 3337//3337 3339//3339 3340//3340
f 3337//3337 3340//3340 3273//3273
f 3337//3337 3273//3273 3272//3272
f 3337//3337 3272//3272 3278//3278
f 3340//3340 3339//3339 3341//3341
f 3340//3340 3341//3341 3342//3342
f 3340//3340 3342//3342 3343//3343
f 3340//3340 3343//3343 3344//3344
f 3340//3340 3344//3344 3274//3274
f 3340//3340 3274//3274 3273//3273
f 3344//3344 3343//3343 3345//3345
f 3344//3344 3345//3345 3346//3346
f 3344//3344 3346//3346 3347//3347
f 3344//3344 3347//3347 3274//3274
f 3347//3347 3348//3348 3275//3275
f 3347//3347 3275//3275 3274//3274
f 3347//3347 3346//3346 3349//3349
f 3347//3347 3349//3349 3350//3350
f 3347//3347 3350//3350 3351//3351
f 3347//3347 3351//3351 3348//3348
f 3351//3351 3352//3352 3353//3353
f 3351//3351 3353//3353 3348//3348
f 3351//3351 3350//3350 3354//3354
f 3351//3351 3354//3354 3291//3291
f 3351//3351 3291//3291 3290//3290
f 3351//3351 3290//3290 3352//3352
f 3354//3354 3350//3350 3349//3349
f 3354//3354 3349//3349 3355//3355
f 3354//3354 3355//3355 3356//3356
f 3354//3354 3356//3356 3357//3357
f 3354//3354 3357//3357 3283//3283
f 3354//3354 3283//3283 3291//3291
f 3357//3357 3356//3356 3358//3358
f 3357//3357 3358//3358 3359//3359
f 3357//3357 3359//3359 3284//3284
f 3357//3357 3284//3284 3283//3283
f 3358//3358 3356//3356 3223//3223
f 3358//3358 3223//3223 3227//3227
f 3360//3360 3361//3361 3362//3362
f 3360//3360 3362//3362 3338//3338
f 3360//3360 3338//3338 3336//3336
f 3360//3360 3336//3336 3363//3363
f 3362//3362 3361//3361 3364//3364
f 3362//3362 3364//3364 3270//3270
f 3362//3362 3270//3270 3271//3271
f 3362//3362 3271//3271 3341//3341
f 3362//3362 3341//3341 3339//3339
f 3362//3362 3339//3339 3338//3338
f 3356//3356 3355//3355 3228//3228
f 3356//3356 3228//3228 3223//3223
f 3355//3355 3349//3349 3365//3365
f 3355//3355 3365//3365 3228//3228
f 3365//3365 3349//3349 3346//3346
f 3365//3365 3346//3346 3345//3345
f 3365//3365 3345//3345 3213//3213
f 3365//3365 3213//3213 3217//3217
f 3365//3365 3217//3217 3229//3229
f 3365//3365 3229//3229 3228//3228
f 3353//3353 3352//3352 3366//3366
f 3353//3353 3366//3366 3367//3367
f 3353//3353 3367//3367 3292//3292
f 3353//3353 3292//3292 3281//3281
f 3353//3353 3281//3281 3275//3275
f 3353//3353 3275//3275 3348//3348
f 3367//3367 3366//3366 3368//3368
f 3367//3367 3368//3368 3369//3369
f 3367//3367 3369//3369 3370//3370
f 3367//3367 3370//3370 3292//3292
f 3370//3370 3369//3369 3371//3371
f 3370//3370 3371//3371 3372//3372
f 3370//3370 3372//3372 3373//3373
f 3370//3370 3373//3373 3374//3374
f 3370//3370 3374//3374 3293//3293
f 3370//3370 3293//3293 3292//3292
f 3374//3374 3373//3373 3375//3375
f 3374//3374 3375//3375 3376//3376
f 3374//3374 3376//3376 3377//3377
f 3374//3374 3377//3377 3293//3293
f 3377//3377 3378//3378 3279//3279
f 3377//3377 3279//3279 3293//3293
f 3377//3377 3376//3376 3379//3379
f 3377//3377 3379//3379 3380//3380
f 3377//3377 3380//3380 3381//3381
f 3377//3377 3381//3381 3378//3378
f 3381//3381 3382//3382 3383//3383
f 3381//3381 3383//3383 3378//3378
f 3381//3381 3380//3380 3384//3384
f 3381//3381 3384//3384 3287//3287
f 3381//3381 3287//3287 3286//3286
f 3381//3381 3286//3286 3382//3382
f 3384//3384 3380//3380 3379//3379
f 3384//3384 3379//3379 3385//3385
f 3384//3384 3385//3385 3386//3386
f 3384//3384 3386//3386 3387//3387
f 3384//3384 3387//3387 3288//3288
f 3384//3384 3288//3288 3287//3287
f 3387//3387 3386//3386 3388//3388
f 3387//3387 3388//3388 3389//3389
f 3387//3387 3389//3389 3289//3289
f 3387//3387 3289//3289 3288//3288
f 3389//3389 3388//3388 3390//3390
f 3389//3389 3390//3390 3368//3368
f 3389//3389 3368//3368 3366//3366
f 3389//3389 3366//3366 3289//3289
f 3390//3390 3388//3388 3232//3232
f 3390//3390 3232//3232 3220//3220
f 3390//3390 3220//3220 3219//3219
f 3390//3390 3219//3219 3371//3371
f 3390//3390 3371//3371 3369//3369
f 3390//3390 3369//3369 3368//3368
f 3388//3388 3386//3386 3233//3233
f 3388//3388 3233//3233 3232//3232
f 3386//3386 3385//3385 3236//3236
f 3386//3386 3236//3236 3233//3233
f 3385//3385 3379//3379 3391//3391
f 3385//3385 3391//3391 3236//3236
f 3391//3391 3379//3379 3376//3376
f 3391//3391 3376//3376 3375//3375
f 3391//3391 3375//3375 3259//3259
f 3391//3391 3259//3259 3392//3392
f 3391//3391 3392//3392 3237//3237
f 3391//3391 3237//3237 3236//3236
f 3392//3392 3259//3259 3258//3258
f 3392//3392 3258//3258 3393//3393
f 3392//3392 3393//3393 3238//3238
f 3392//3392 3238//3238 3237//3237
f 3393//3393 3258//3258 3257//3257
f 3393//3393 3257//3257 3256//3256
f 3393//3393 3256//3256 3247//3247
f 3393//3393 3247//3247 3238//3238
f 3383//3383 3319//3319 3318//3318
f 3383//3383 3318//3318 3280//3280
f 3383//3383 3280//3280 3279//3279
f 3383//3383 3279//3279 3378//3378
f 3383//3383 3382//3382 3321//3321
f 3383//3383 3321//3321 3319//3319
f 3382//3382 3286//3286 3323//3323
f 3382//3382 3323//3323 3321//3321
f 3375//3375 3373//3373 3260//3260
f 3375//3375 3260//3260 3259//3259
f 3373//3373 3372//3372 3222//3222
f 3373//3373 3222//3222 3260//3260
f 3372//3372 3371//3371 3219//3219
f 3372//3372 3219//3219 3222//3222
f 3366//3366 3352//3352 3290//3290
f 3366//3366 3290//3290 3289//3289
f 3345//3345 3343//3343 3214//3214
f 3345//3345 3214//3214 3213//3213
f 3343//3343 3342//3342 3394//3394
f 3343//3343 3394//3394 3214//3214
f 3394//3394 3342//3342 3341//3341
f 3394//3394 3341//3341 3271//3271
f 3394//3394 3271//3271 3251//3251
f 3394//3394 3251//3251 3250//3250
f 3394//3394 3250//3250 3215//3215
f 3394//3394 3215//3215 3214//3214
f 3318//3318 3317//3317 3276//3276
f 3318//3318 3276//3276 3280//3280
f 3395//3395 3327//3327 3323//3323
f 3395//3395 3323//3323 3286//3286
f 3395//3395 3286//3286 3282//3282
f 3395//3395 3282//3282 3285//3285
f 3270//3270 3364//3364 3268//3268
f 3270//3270 3268//3268 3265//3265
f 3264//3264 3263//3263 3396//3396
f 3264//3264 3396//3396 3252//3252
f 3396//3396 3397//3397 3249//3249
f 3396//3396 3249//3249 3252//3252
f 3396//3396 3263//3263 3267//3267
f 3396//3396 3267//3267 3398//3398
f 3399//3399 3398//3398 3178//3178
f 3399//3399 3178//3178 3150//3150
f 3397//3397 3207//3207 3206//3206
f 3397//3397 3206//3206 3249//3249
f 3399//3399 3150//3150 3153//3153
f 3399//3399 3153//3153 3400//3400
f 3261//3261 3260//3260 3222//3222
f 3261//3261 3222//3222 3218//3218
f 3261//3261 3218//3218 3194//3194
f 3261//3261 3194//3194 3209//3209
f 3257//3257 3211//3211 3160//3160
f 3257//3257 3160//3160 3197//3197
f 3255//3255 3254//3254 3201//3201
f 3255//3255 3201//3201 3246//3246
f 3255//3255 3246//3246 3247//3247
f 3255//3255 3247//3247 3256//3256
f 3254//3254 3177//3177 3176//3176
f 3254//3254 3176//3176 3201//3201
f 3250//3250 3208//3208 3205//3205
f 3250//3250 3205//3205 3215//3215
f 3247//3247 3245//3245 3234//3234
f 3247//3247 3234//3234 3238//3238
f 3245//3245 3199//3199 3235//3235
f 3245//3245 3235//3235 3234//3234
f 3243//3243 3242//3242 3226//3226
f 3243//3243 3226//3226 3225//3225
f 3243//3243 3225//3225 3182//3182
f 3243//3243 3182//3182 3181//3181
f 3239//3239 3209//3209 3187//3187
f 3239//3239 3187//3187 3192//3192
f 3235//3235 3199//3199 3183//3183
f 3235//3235 3183//3183 3185//3185
f 3235//3235 3185//3185 3166//3166
f 3235//3235 3166//3166 3165//3165
f 3232//3232 3231//3231 3221//3221
f 3232//3232 3221//3221 3220//3220
f 3231//3231 3230//3230 3165//3165
f 3231//3231 3165//3165 3164//3164
f 3231//3231 3164//3164 3168//3168
f 3231//3231 3168//3168 3221//3221
f 3229//3229 3217//3217 3216//3216
f 3229//3229 3216//3216 3133//3133
f 3229//3229 3133//3133 3122//3122
f 3229//3229 3122//3122 3224//3224
f 3224//3224 3122//3122 3121//3121
f 3224//3224 3121//3121 3182//3182
f 3216//3216 3212//3212 3401//3401
f 3216//3216 3401//3401 3172//3172
f 3216//3216 3172//3172 3131//3131
f 3216//3216 3131//3131 3133//3133
f 3402//3402 3215//3215 3205//3205
f 3402//3402 3205//3205 3204//3204
f 3402//3402 3204//3204 3154//3154
f 3402//3402 3154//3154 3157//3157
f 3207//3207 3403//3403 3155//3155
f 3207//3207 3155//3155 3203//3203
f 3204//3204 3203//3203 3155//3155
f 3204//3204 3155//3155 3154//3154
f 3172//3172 3089//3089 3088//3088
f 3172//3172 3088//3088 3131//3131
f 3404//3404 3123//3123 3126//3126
f 3404//3404 3126//3126 3405//3405
f 3404//3404 3117//3117 3406//3406
f 3404//3404 3406//3406 3407//3407
f 3406//3406 3408//3408 3158//3158
f 3406//3406 3158//3158 3407//3407
f 3406//3406 3117//3117 3116//3116
f 3406//3406 3116//3116 3409//3409
f 3406//3406 3409//3409 3410//3410
f 3406//3406 3410//3410 3408//3408
f 3410//3410 3032//3032 3097//3097
f 3410//3410 3097//3097 3408//3408
f 3410//3410 3409//3409 3411//3411
f 3410//3410 3411//3411 3412//3412
f 3410//3410 3412//3412 3027//3027
f 3410//3410 3027//3027 3032//3032
f 3412//3412 3411//3411 3413//3413
f 3412//3412 3413//3413 3414//3414
f 3412//3412 3414//3414 3028//3028
f 3412//3412 3028//3028 3027//3027
f 3414//3414 3413//3413 3415//3415
f 3414//3414 3415//3415 3416//3416
f 3414//3414 3416//3416 3417//3417
f 3414//3414 3417//3417 3028//3028
f 3417//3417 3038//3038 3029//3029
f 3417//3417 3029//3029 3028//3028
f 3417//3417 3416//3416 3418//3418
f 3417//3417 3418//3418 3419//3419
f 3417//3417 3419//3419 3420//3420
f 3417//3417 3420//3420 3038//3038
f 3420//3420 3421//3421 3039//3039
f 3420//3420 3039//3039 3038//3038
f 3420//3420 3419//3419 3422//3422
f 3420//3420 3422//3422 3423//3423
f 3420//3420 3423//3423 3424//3424
f 3420//3420 3424//3424 3421//3421
f 3422//3422 3419//3419 3418//3418
f 3422//3422 3418//3418 3425//3425
f 3426//3426 3427//3427 3428//3428
f 3426//3426 3428//3428 3429//3429
f 3426//3426 3429//3429 3058//3058
f 3426//3426 3058//3058 3057//3057
f 3429//3429 3428//3428 3007//3007
f 3429//3429 3007//3007 3009//3009
f 3429//3429 3009//3009 3430//3430
f 3429//3429 3430//3430 3058//3058
f 3430//3430 3009//3009 3008//3008
f 3430//3430 3008//3008 3431//3431
f 3430//3430 3431//3431 3432//3432
f 3430//3430 3432//3432 3149//3149
f 3430//3430 3149//3149 3059//3059
f 3430//3430 3059//3059 3058//3058
f 3432//3432 3431//3431 3433//3433
f 3432//3432 3433//3433 3434//3434
f 3432//3432 3434//3434 3435//3435
f 3432//3432 3435//3435 3436//3436
f 3432//3432 3436//3436 3147//3147
f 3432//3432 3147//3147 3149//3149
f 3436//3436 3435//3435 3140//3140
f 3436//3436 3140//3140 3139//3139
f 3436//3436 3139//3139 3145//3145
f 3436//3436 3145//3145 3147//3147
f 3435//3435 3434//3434 3437//3437
f 3435//3435 3437//3437 3438//3438
f 3435//3435 3438//3438 3128//3128
f 3435//3435 3128//3128 3140//3140
f 3438//3438 3437//3437 3091//3091
f 3438//3438 3091//3091 3090//3090
f 3438//3438 3090//3090 3129//3129
f 3438//3438 3129//3129 3128//3128
f 3437//3437 3439//3439 3092//3092
f 3437//3437 3092//3092 3091//3091
f 3437//3437 3434//3434 3433//3433
f 3437//3437 3433//3433 3439//3439
f 3439//3439 3002//3002 3001//3001
f 3439//3439 3001//3001 3092//3092
f 3439//3439 3433//3433 3005//3005
f 3439//3439 3005//3005 3002//3002
f 3433//3433 3431//3431 3008//3008
f 3433//3433 3008//3008 3005//3005
f 3428//3428 3427//3427 3440//3440
f 3428//3428 3440//3440 3441//3441
f 3428//3428 3441//3441 3004//3004
f 3428//3428 3004//3004 3007//3007
f 3441//3441 3440//3440 3442//3442
f 3441//3441 3442//3442 3443//3443
f 3441//3441 3443//3443 3000//3000
f 3441//3441 3000//3000 3004//3004
f 3443//3443 3442//3442 3444//3444
f 3443//3443 3444//3444 3445//3445
f 3443//3443 3445//3445 3001//3001
f 3443//3443 3001//3001 3000//3000
f 3445//3445 3444//3444 3047//3047
f 3445//3445 3047//3047 3093//3093
f 3445//3445 3093//3093 3092//3092
f 3445//3445 3092//3092 3001//3001
f 3446//3446 3447//3447 3448//3448
f 3446//3446 3448//3448 3449//3449
f 3446//3446 3449//3449 3450//3450
f 3446//3446 3450//3450 3048//3048
f 3450//3450 3449//3449 3012//3012
f 3450//3450 3012//3012 3011//3011
f 3450//3450 3011//3011 3016//3016
f 3450//3450 3016//3016 3451//3451
f 3450//3450 3451//3451 3046//3046
f 3450//3450 3046//3046 3048//3048
f 3449//3449 3448//3448 3452//3452
f 3449//3449 3452//3452 3012//3012
f 3452//3452 3415//3415 3413//3413
f 3452//3452 3413//3413 3453//3453
f 3452//3452 3453//3453 3013//3013
f 3452//3452 3013//3013 3012//3012
f 3452//3452 3448//3448 3454//3454
f 3452//3452 3454//3454 3415//3415
f 3454//3454 3418//3418 3416//3416
f 3454//3454 3416//3416 3415//3415
f 3454//3454 3448//3448 3447//3447
f 3454//3454 3447//3447 3455//3455
f 3454//3454 3455//3455 3425//3425
f 3454//3454 3425//3425 3418//3418
f 3453//3453 3413//3413 3411//3411
f 3453//3453 3411//3411 3456//3456
f 3453//3453 3456//3456 3014//3014
f 3453//3453 3014//3014 3013//3013
f 3456//3456 3411//3411 3409//3409
f 3456//3456 3409//3409 3116//3116
f 3456//3456 3116//3116 3115//3115
f 3456//3456 3115//3115 3014//3014
f 3421//3421 3457//3457 3458//3458
f 3421//3421 3458//3458 3039//3039
f 3421//3421 3424//3424 3459//3459
f 3421//3421 3459//3459 3457//3457
f 3457//3457 3460//3460 3461//3461
f 3457//3457 3461//3461 3458//3458
f 3457//3457 3459//3459 3462//3462
f 3457//3457 3462//3462 3460//3460
f 3462//3462 3075//3075 3078//3078
f 3462//3462 3078//3078 3460//3460
f 3462//3462 3459//3459 3463//3463
f 3462//3462 3463//3463 3464//3464
f 3462//3462 3464//3464 3076//3076
f 3462//3462 3076//3076 3075//3075
f 3464//3464 3463//3463 3109//3109
f 3464//3464 3109//3109 3465//3465
f 3464//3464 3465//3465 3084//3084
f 3464//3464 3084//3084 3076//3076
f 3465//3465 3109//3109 3108//3108
f 3465//3465 3108//3108 3466//3466
f 3465//3465 3466//3466 3081//3081
f 3465//3465 3081//3081 3084//3084
f 3466//3466 3108//3108 3458//3458
f 3466//3466 3458//3458 3461//3461
f 3466//3466 3461//3461 3082//3082
f 3466//3466 3082//3082 3081//3081
f 3461//3461 3460//3460 3078//3078
f 3461//3461 3078//3078 3082//3082
f 3408//3408 3097//3097 3098//3098
f 3408//3408 3098//3098 3158//3158
f 3407//3407 3158//3158 3137//3137
f 3407//3407 3137//3137 3143//3143
f 3168//3168 3167//3167 3467//3467
f 3168//3168 3467//3467 3196//3196
f 3159//3159 3085//3085 3080//3080
f 3159//3159 3080//3080 3087//3087
f 3156//3156 3114//3114 3041//3041
f 3156//3156 3041//3041 3468//3468
f 3155//3155 3403//3403 3101//3101
f 3155//3155 3101//3101 3100//3100
f 3151//3151 3074//3074 3073//3073
f 3151//3151 3073//3073 3094//3094
f 3152//3152 3469//3469 3099//3099
f 3152//3152 3099//3099 3101//3101
f 3166//3166 3111//3111 3110//3110
f 3166//3166 3110//3110 3169//3169
f 3115//3115 3033//3033 3015//3015
f 3115//3115 3015//3015 3014//3014
f 3112//3112 3132//3132 3470//3470
f 3112//3112 3470//3470 3113//3113
f 3105//3105 3104//3104 3196//3196
f 3105//3105 3196//3196 3467//3467
f 3106//3106 3144//3144 3135//3135
f 3106//3106 3135//3135 3134//3134
f 3471//3471 3472//3472 3022//3022
f 3471//3471 3022//3022 3021//3021
f 3471//3471 3469//3469 3052//3052
f 3471//3471 3052//3052 3473//3473
f 3471//3471 3473//3473 3017//3017
f 3471//3471 3017//3017 3472//3472
f 3472//3472 3064//3064 3025//3025
f 3472//3472 3025//3025 3022//3022
f 3472//3472 3017//3017 3020//3020
f 3472//3472 3020//3020 3064//3064
f 3094//3094 3049//3049 3052//3052
f 3094//3094 3052//3052 3469//3469
f 3111//3111 3166//3166 3185//3185
f 3111//3111 3185//3185 3077//3077
f 3086//3086 3111//3111 3077//3077
f 3086//3086 3077//3077 3083//3083
f 3082//3082 3078//3078 3066//3066
f 3082//3082 3066//3066 3071//3071
f 3064//3064 3020//3020 3024//3024
f 3064//3064 3024//3024 3042//3042
f 3463//3463 3169//3169 3110//3110
f 3463//3463 3110//3110 3109//3109
f 3474//3474 3475//3475 3056//3056
f 3474//3474 3056//3056 3059//3059
f 3148//3148 3474//3474 3059//3059
f 3148//3148 3059//3059 3146//3146
f 3052//3052 3051//3051 3063//3063
f 3052//3052 3063//3063 3473//3473
f 3042//3042 3041//3041 3470//3470
f 3042//3042 3470//3470 3043//3043
f 3470//3470 3041//3041 3114//3114
f 3470//3470 3114//3114 3113//3113
f 3043//3043 3040//3040 3023//3023
f 3043//3043 3023//3023 3025//3025
f 3107//3107 3030//3030 3039//3039
f 3107//3107 3039//3039 3458//3458
f 3107//3107 3458//3458 3108//3108
f 3107//3107 3108//3108 3102//3102
f 3018//3018 3017//3017 3473//3473
f 3018//3018 3473//3473 3063//3063
f 3021//3021 3018//3018 3063//3063
f 3021//3021 3063//3063 3060//3060
f 3471//3471 3021//3021 3060//3060
f 3471//3471 3060//3060 3469//3469
f 3469//3469 3060//3060 3062//3062
f 3469//3469 3062//3062 3099//3099
f 3329//3329 3330//3330 3309//3309
f 3329//3329 3309//3309 3308//3308
f 3329//3329 3328//3328 3331//3331
f 3329//3329 3331//3331 3330//3330
f 3332//3332 3331//3331 3328//3328
f 3332//3332 3328//3328 3476//3476
f 3334//3334 3332//3332 3476//3476
f 3334//3334 3476//3476 3477//3477
f 3335//3335 3334//3334 3477//3477
f 3335//3335 3477//3477 3478//3478
f 3336//3336 3335//3335 3478//3478
f 3336//3336 3478//3478 3363//3363
f 3328//3328 3327//3327 3395//3395
f 3328//3328 3395//3395 3476//3476
f 3477//3477 3476//3476 3395//3395
f 3477//3477 3395//3395 3285//3285
f 3478//3478 3477//3477 3285//3285
f 3478//3478 3285//3285 3284//3284
f 3363//3363 3478//3478 3284//3284
f 3363//3363 3284//3284 3359//3359
f 3358//3358 3360//3360 3363//3363
f 3358//3358 3363//3363 3359//3359
f 3358//3358 3227//3227 3361//3361
f 3358//3358 3361//3361 3360//3360
f 3364//3364 3361//3361 3227//3227
f 3364//3364 3227//3227 3226//3226
f 3268//3268 3364//3364 3226//3226
f 3268//3268 3226//3226 3242//3242
f 3266//3266 3268//3268 3242//3242
f 3266//3266 3242//3242 3241//3241
f 3267//3267 3266//3266 3241//3241
f 3267//3267 3241//3241 3193//3193
f 3398//3398 3267//3267 3193//3193
f 3398//3398 3193//3193 3178//3178
f 3153//3153 3152//3152 3101//3101
f 3153//3153 3101//3101 3403//3403
f 3397//3397 3399//3399 3400//3400
f 3397//3397 3400//3400 3207//3207
f 3396//3396 3398//3398 3399//3399
f 3396//3396 3399//3399 3397//3397
f 3207//3207 3400//3400 3153//3153
f 3207//3207 3153//3153 3403//3403
f 3152//3152 3151//3151 3094//3094
f 3152//3152 3094//3094 3469//3469
f 3157//3157 3156//3156 3479//3479
f 3157//3157 3479//3479 3480//3480
f 3481//3481 3402//3402 3157//3157
f 3481//3481 3157//3157 3480//3480
f 3212//3212 3215//3215 3402//3402
f 3212//3212 3402//3402 3481//3481
f 3479//3479 3482//3482 3173//3173
f 3479//3479 3173//3173 3175//3175
f 3212//3212 3481//3481 3480//3480
f 3212//3212 3480//3480 3401//3401
f 3459//3459 3424//3424 3169//3169
f 3459//3459 3169//3169 3463//3463
f 3467//3467 3144//3144 3106//3106
f 3467//3467 3106//3106 3105//3105
f 3145//3145 3144//3144 3467//3467
f 3145//3145 3467//3467 3148//3148
f 3167//3167 3474//3474 3148//3148
f 3167//3167 3148//3148 3467//3467
f 3404//3404 3405//3405 3118//3118
f 3404//3404 3118//3118 3117//3117
f 3404//3404 3407//3407 3143//3143
f 3404//3404 3143//3143 3123//3123
f 3124//3124 3123//3123 3143//3143
f 3124//3124 3143//3143 3142//3142
f 3141//3141 3127//3127 3124//3124
f 3141//3141 3124//3124 3142//3142
f 3136//3136 3138//3138 3141//3141
f 3136//3136 3141//3141 3142//3142
f 3135//3135 3139//3139 3138//3138
f 3135//3135 3138//3138 3136//3136
f 3128//3128 3127//3127 3141//3141
f 3128//3128 3141//3141 3140//3140
f 3118//3118 3405//3405 3483//3483
f 3118//3118 3483//3483 3119//3119
f 3484//3484 3483//3483 3405//3405
f 3484//3484 3405//3405 3126//3126
f 3174//3174 3484//3484 3126//3126
f 3174//3174 3126//3126 3125//3125
f 3171//3171 3174//3174 3125//3125
f 3171//3171 3125//3125 3130//3130
f 3171//3171 3172//3172 3401//3401
f 3171//3171 3401//3401 3175//3175
f 3479//3479 3175//3175 3401//3401
f 3479//3479 3401//3401 3480//3480
f 3484//3484 3482//3482 3468//3468
f 3484//3484 3468//3468 3483//3483
f 3173//3173 3482//3482 3484//3484
f 3173//3173 3484//3484 3174//3174
f 3167//3167 3169//3169 3475//3475
f 3167//3167 3475//3475 3474//3474
f 3424//3424 3423//3423 3057//3057
f 3424//3424 3057//3057 3056//3056
f 3422//3422 3426//3426 3057//3057
f 3422//3422 3057//3057 3423//3423
f 3422//3422 3425//3425 3427//3427
f 3422//3422 3427//3427 3426//3426
f 3440//3440 3427//3427 3425//3425
f 3440//3440 3425//3425 3455//3455
f 3442//3442 3440//3440 3455//3455
f 3442//3442 3455//3455 3447//3447
f 3444//3444 3442//3442 3447//3447
f 3444//3444 3447//3447 3446//3446
f 3047//3047 3444//3444 3446//3446
f 3047//3047 3446//3446 3048//3048
f 3475//3475 3169//3169 3424//3424
f 3475//3475 3424//3424 3056//3056
f 3045//3045 3485//3485 3093//3093
f 3045//3045 3093//3093 3047//3047
f 3088//3088 3486//3486 3044//3044
f 3088//3088 3044//3044 3132//3132
f 3485//3485 3486//3486 3088//3088
f 3485//3485 3088//3088 3093//3093
f 3485//3485 3045//3045 3044//3044
f 3485//3485 3044//3044 3486//3486
f 3451//3451 3040//3040 3043//3043
f 3451//3451 3043//3043 3046//3046
f 3036//3036 3040//3040 3451//3451
f 3036//3036 3451//3451 3016//3016
f 3044//3044 3043//3043 3470//3470
f 3044//3044 3470//3470 3132//3132
f 3035//3035 3036//3036 3016//3016
f 3035//3035 3016//3016 3015//3015
f 3487//3487 3037//3037 3035//3035
f 3487//3487 3035//3035 3034//3034
f 3041//3041 3037//3037 3487//3487
f 3041//3041 3487//3487 3468//3468
f 3034//3034 3033//3033 3119//3119
f 3034//3034 3119//3119 3487//3487
f 3119//3119 3483//3483 3468//3468
f 3119//3119 3468//3468 3487//3487
f 3479//3479 3156//3156 3468//3468
f 3479//3479 3468//3468 3482//3482
# 7030 faces, 0 coords texture

# End of File
