# File generated by ImageToStl.com - Free Image and 3D model conversion tools

o obj1
v 0.065534 0.51142699 -0.021736
v 0.063359 0.500081 -0.024722
v 0.060453 0.501715 -0.025968
v 0.069765 0.49890399 -0.022802
v 0.070811 0.51002097 -0.019327
v 0.064761 0.519692 -0.026316
v 0.068456 0.52248102 -0.021266
v 0.062521 0.51439101 -0.026592
v 0.062602 0.51123202 -0.025055
v 0.057421 0.50247997 -0.025754
v 0.058558 0.50121701 -0.024118
v 0.059027 0.499616 -0.021786
v 0.061256 0.50024098 -0.023456
v 0.062855 0.50031698 -0.023507
v 0.060582 0.510445 -0.027327
v 0.056846 0.50940901 -0.027624
v 0.054089 0.50199097 -0.026122
v 0.053838 0.50239998 -0.024642
v 0.056052 0.50238001 -0.025717
v 0.072758 0.498577 -0.021778
v 0.064678 0.49928501 -0.022092
v 0.065353 0.49811199 -0.020658
v 0.066263 0.49871701 -0.021548
v 0.068098 0.499414 -0.022209
v 0.069938 0.49937099 -0.021807
v 0.07541 0.49876699 -0.019417
v 0.073183 0.51019597 -0.017924
v 0.073282 0.51996702 -0.017122
v 0.068213 0.52713799 -0.023703
v 0.068962 0.52829701 -0.028122
v 0.063187 0.518363 -0.032121
v 0.066164 0.52341902 -0.03461
v 0.072892 0.53169698 -0.023683
v 0.073001 0.53094298 -0.017404
v 0.074852 0.528651 -0.013827
v 0.069404 0.53014803 -0.02289
v 0.061176 0.51503199 -0.03102
v 0.057561 0.49840501 -0.025875
v 0.057902 0.49878901 -0.024344
v 0.056183 0.49829701 -0.02584
v 0.058466 0.498108 -0.021586
v 0.057977 0.49836701 -0.02249
v 0.061508 0.498063 -0.024157
v 0.063347 0.49802199 -0.023764
v 0.064308 0.49755999 -0.022194
v 0.057471 0.51309001 -0.029571
v 0.051735 0.51102 -0.027565
v 0.052461 0.51521301 -0.028433
v 0.050811 0.50394797 -0.026317
v 0.049843 0.50244701 -0.022759
v 0.048696 0.50376397 -0.024633
v 0.050688 0.50231898 -0.023799
v 0.052893 0.50235099 -0.025102
v 0.053785 0.49957499 -0.025714
v 0.07067 0.49933001 -0.020878
v 0.064582 0.49691799 -0.020633
v 0.066105 0.49707201 -0.022122
v 0.068077 0.496786 -0.023001
v 0.069713 0.49665001 -0.022121
v 0.070725 0.49667299 -0.020453
v 0.076345 0.51036698 -0.01462
v 0.079291 0.49974799 -0.016694
v 0.070725 0.49757501 -0.017593
v 0.07216 0.498804 -0.018127
v 0.073574 0.49973401 -0.018483
v 0.075981 0.50080299 -0.017634
v 0.075926 0.51916701 -0.013748
v 0.072164 0.53368199 -0.031031
v 0.060908 0.51690799 -0.038171
v 0.063171 0.518071 -0.03997
v 0.065715 0.52306801 -0.041964
v 0.068007 0.53119302 -0.040618
v 0.076992 0.532314 -0.020566
v 0.074961 0.53615803 -0.02528
v 0.07803 0.536789 -0.013003
v 0.076138 0.539841 -0.014237
v 0.076577 0.53558201 -0.020112
v 0.075383 0.52160698 -0.011168
v 0.076229 0.52731103 -0.011968
v 0.079536 0.53479898 -0.011773
v 0.058378 0.51693302 -0.034648
v 0.057375 0.494378 -0.023779
v 0.058095 0.49404401 -0.022661
v 0.056236 0.495296 -0.024997
v 0.054217 0.49579701 -0.025058
v 0.059624 0.49380201 -0.023504
v 0.060453 0.49263099 -0.023292
v 0.062569 0.49339399 -0.023223
v 0.064231 0.49275801 -0.02124
v 0.063498 0.49279001 -0.022171
v 0.053652 0.520702 -0.030747
v 0.04263 0.50742602 -0.024109
v 0.043155 0.50732899 -0.021396
v 0.046048 0.51026702 -0.022375
v 0.047611 0.51310498 -0.02672
v 0.048114 0.51697701 -0.027157
v 0.048386 0.52087301 -0.027578
v 0.046101 0.50564802 -0.024862
v 0.047839 0.50508302 -0.025541
v 0.048942 0.50089002 -0.02451
v 0.04963 0.50002599 -0.023252
v 0.048255 0.50176197 -0.025757
v 0.0511 0.49974799 -0.025077
v 0.051085 0.49676499 -0.025454
v 0.070348 0.496297 -0.01857
v 0.065571 0.493016 -0.021971
v 0.067328 0.49234399 -0.022184
v 0.06921 0.49282899 -0.021914
v 0.070443 0.49283099 -0.020269
v 0.070955 0.492769 -0.019087
v 0.080338 0.49915701 -0.013459
v 0.078231 0.50989997 -0.008952
v 0.076715 0.49966499 -0.015218
v 0.076511 0.50067598 -0.016217
v 0.073255 0.49610201 -0.019221
v 0.070629 0.49631 -0.017602
v 0.075601 0.49678901 -0.018929
v 0.077029 0.49692601 -0.017992
v 0.073577 0.534612 -0.031387
v 0.069764 0.53291398 -0.040096
v 0.061326 0.51901501 -0.045541
v 0.06183 0.524324 -0.047865
v 0.059233 0.51744699 -0.044312
v 0.057089 0.51779503 -0.042445
v 0.067942 0.53300202 -0.04414
v 0.065609 0.53406101 -0.046496
v 0.0716 0.53816998 -0.03182
v 0.074051 0.54033703 -0.02292
v 0.075869 0.538607 -0.020672
v 0.075076 0.53617603 -0.031556
v 0.08221 0.540025 -0.00963
v 0.081135 0.54221803 -0.010303
v 0.077574 0.54230702 -0.01233
v 0.078151 0.54279703 -0.014305
v 0.074983 0.52791101 -0.010575
v 0.07438 0.52248299 -0.009968
v 0.078266 0.53487003 -0.010249
v 0.078604 0.51775301 -0.008808
v 0.082368 0.539262 -0.008046
v 0.055951 0.52185601 -0.035961
v 0.056682 0.52106398 -0.042
v 0.059161 0.49245399 -0.021819
v 0.057695 0.49452299 -0.022296
v 0.055087 0.493727 -0.023089
v 0.053295 0.49495199 -0.024217
v 0.050773 0.495076 -0.024574
v 0.063154 0.49295199 -0.020417
v 0.061199 0.49184901 -0.021301
v 0.063809 0.492989 -0.020926
v 0.065108 0.49166799 -0.020286
v 0.049147 0.52794403 -0.027603
v 0.05206 0.52988303 -0.030974
v 0.054185 0.533135 -0.03404
v 0.041919 0.50516403 -0.021625
v 0.043 0.50565702 -0.023274
v 0.040843 0.50680703 -0.022696
v 0.044149 0.51127899 -0.02509
v 0.040657 0.50809199 -0.024425
v 0.039764 0.50920099 -0.024837
v 0.040674 0.50870198 -0.024251
v 0.045203 0.51587999 -0.026147
v 0.045127 0.52074498 -0.025608
v 0.044822 0.52560902 -0.024739
v 0.046431 0.50245899 -0.026753
v 0.041622 0.50321901 -0.024209
v 0.044198 0.50258398 -0.026144
v 0.050074 0.49803701 -0.024899
v 0.049575 0.49924001 -0.023173
v 0.048344 0.499594 -0.025242
v 0.046917 0.49945599 -0.026178
v 0.049973 0.49841699 -0.02312
v 0.049588 0.49610701 -0.022845
v 0.067862 0.491478 -0.019703
v 0.070549 0.492603 -0.018127
v 0.070983 0.49260899 -0.018383
v 0.072973 0.49225801 -0.019028
v 0.082359 0.49990201 -0.010956
v 0.07848 0.49988601 -0.012573
v 0.077142 0.49757999 -0.012994
v 0.076632 0.49759799 -0.013937
v 0.076424 0.49826699 -0.014528
v 0.079277 0.50057602 -0.011486
v 0.079677 0.51670802 -0.004681
v 0.080197 0.510759 -0.003501
v 0.083321 0.49839801 -0.008146
v 0.077152 0.49658301 -0.015386
v 0.074495 0.49097499 -0.018629
v 0.076613 0.49092799 -0.017272
v 0.075636 0.49039999 -0.017819
v 0.077407 0.491328 -0.016006
v 0.070546 0.535815 -0.039075
v 0.068725 0.538302 -0.042374
v 0.053487 0.52449399 -0.05454
v 0.055304 0.51782101 -0.049665
v 0.054611 0.51656002 -0.048201
v 0.054248 0.53738898 -0.054336
v 0.05736 0.54096502 -0.052509
v 0.050616 0.53627598 -0.056598
v 0.053403 0.51844698 -0.047999
v 0.059155 0.544025 -0.04706
v 0.05766 0.54470301 -0.052237
v 0.069943 0.53860199 -0.037496
v 0.06915 0.53924298 -0.02343
v 0.068634 0.53781402 -0.030516
v 0.066126 0.538194 -0.035964
v 0.075106 0.54407799 -0.017323
v 0.070032 0.54313803 -0.017305
v 0.083568 0.54476798 -0.008274
v 0.084144 0.54176003 -0.007977
v 0.081814 0.54914802 -0.007708
v 0.081566 0.54786098 -0.009022
v 0.083609 0.54155803 -0.006508
v 0.078168 0.54707801 -0.011714
v 0.075992 0.54738301 -0.014242
v 0.04262 0.51900601 -0.010439
v 0.041204 0.52498603 -0.011335
v 0.038482 0.53120297 -0.01139
v 0.042734 0.51632601 -0.008814
v 0.036022 0.53443301 -0.010867
v 0.04346 0.51419997 -0.005385
v 0.037329 0.53860003 -0.00957
v 0.037224 0.54101598 -0.006632
v 0.057407 0.52835602 -0.042954
v 0.048558 0.52100497 -0.052373
v 0.058738 0.49473199 -0.020352
v 0.060582 0.49393901 -0.018888
v 0.056949 0.49520999 -0.020427
v 0.055821 0.49498099 -0.019938
v 0.053994 0.49527299 -0.02029
v 0.053104 0.49606201 -0.021057
v 0.049656 0.49608099 -0.021636
v 0.063373 0.494977 -0.019279
v 0.061695 0.493523 -0.018781
v 0.064673 0.49365601 -0.018639
v 0.066236 0.49284801 -0.018135
v 0.049896 0.534724 -0.027447
v 0.044929 0.53050601 -0.024033
v 0.045727 0.53508502 -0.02276
v 0.050722 0.53908497 -0.026818
v 0.057102 0.539258 -0.038979
v 0.05747 0.53744602 -0.045942
v 0.0497 0.54170799 -0.032316
v 0.040847 0.503667 -0.022378
v 0.040659 0.504228 -0.022494
v 0.039919 0.50466698 -0.024077
v 0.042376 0.514965 -0.023501
v 0.041227 0.51087803 -0.023395
v 0.037624 0.51023799 -0.023805
v 0.04255 0.51912999 -0.021962
v 0.038983 0.50566798 -0.025776
v 0.037408 0.50617498 -0.026093
v 0.035433 0.50611901 -0.024805
v 0.042244 0.52330601 -0.020698
v 0.042087 0.52748799 -0.019438
v 0.042634 0.53166902 -0.017818
v 0.045053 0.49891701 -0.026211
v 0.042971 0.50108403 -0.025675
v 0.04083 0.50177598 -0.024225
v 0.048305 0.49835801 -0.024279
v 0.046224 0.498193 -0.024705
v 0.044344 0.49810401 -0.025622
v 0.04869 0.49818599 -0.021409
v 0.048655 0.49730399 -0.020862
v 0.069474 0.49314299 -0.01773
v 0.069927 0.49304399 -0.017521
v 0.071612 0.490659 -0.016869
v 0.071999 0.49188399 -0.015663
v 0.080068 0.50057101 -0.009576
v 0.077722 0.4966 -0.013461
v 0.079163 0.49742299 -0.013351
v 0.077014 0.496131 -0.013289
v 0.076923 0.495565 -0.014131
v 0.081122 0.49778801 -0.011413
v 0.084922 0.51599997 0
v 0.081092 0.51983702 0
v 0.039807 0.51448202 0
v 0.084971 0.49979901 -0.005003
v 0.084861 0.49918801 -0.002202
v 0.082437 0.505355 -0.001063
v 0.080445 0.49840599 -0.008095
v 0.081536 0.499798 -0.006875
v 0.0824 0.50046498 -0.004589
v 0.080925 0.498202 -0.007429
v 0.077769 0.49195001 -0.014426
v 0.073598 0.489568 -0.01645
v 0.074886 0.490347 -0.014886
v 0.075642 0.49089599 -0.014315
v 0.076874 0.49199101 -0.014141
v 0.06735 0.54093999 -0.042019
v 0.060252 0.54496002 -0.044968
v 0.050189 0.52038401 -0.055004
v 0.048602 0.51949698 -0.053664
v 0.044209 0.530384 -0.0612
v 0.041284 0.52725101 -0.060509
v 0.047134 0.536861 -0.058525
v 0.050257 0.53584802 -0.054488
v 0.054231 0.538791 -0.052579
v 0.055773 0.541179 -0.052638
v 0.055429 0.54517299 -0.052046
v 0.04628 0.53599101 -0.056475
v 0.058956 0.55487299 -0.04818
v 0.059657 0.55561203 -0.051758
v 0.059674 0.55419499 -0.046645
v 0.057577 0.55578399 -0.052612
v 0.064933 0.54087597 -0.040465
v 0.061905 0.54236299 -0.025346
v 0.060053 0.54366499 -0.024298
v 0.061459 0.540806 -0.027092
v 0.054726 0.54656798 -0.022912
v 0.058193 0.54098499 -0.029182
v 0.070399 0.54541099 -0.013927
v 0.049628 0.54754603 -0.022075
v 0.086225 0.54419303 -0.006182
v 0.085642 0.54656899 -0.005891
v 0.083685 0.55181402 -0.005608
v 0.085911 0.54399902 -0.004979
v 0.081263 0.55662298 -0.005137
v 0.080493 0.55553198 -0.006171
v 0.077717 0.55424702 -0.009243
v 0.086981 0.54624701 -0.002419
v 0.075533 0.551171 -0.011494
v 0.070927 0.54967397 -0.010394
v 0.037634 0.52293801 -0.011511
v 0.040458 0.520899 -0.010933
v 0.036426 0.519068 -0.011972
v 0.035374 0.529158 -0.011641
v 0.040062 0.51696199 -0.010374
v 0.041443 0.51395702 -0.011206
v 0.032262 0.53418797 -0.010787
v 0.043342 0.51221901 -0.00837
v 0.03386 0.537404 -0.009514
v 0.046141 0.516936 -0.009832
v 0.04555 0.515414 -0.006199
v 0.043235 0.51477098 -0.002096
v 0.034132 0.53952098 -0.00683
v 0.036871 0.53756899 -0.003203
v 0.039041 0.53440702 -0.001993
v 0.08707 0.546682 0
v 0.080734 0.540874 0
v 0.048856 0.53515702 -0.054083
v 0.040384 0.52659398 -0.05939
v 0.040779 0.52775598 -0.057949
v 0.058284 0.49333301 -0.018438
v 0.059207 0.49313399 -0.018029
v 0.060223 0.49345699 -0.016539
v 0.061593 0.493954 -0.017231
v 0.056208 0.49619499 -0.018726
v 0.055437 0.495002 -0.018701
v 0.053774 0.49420199 -0.018797
v 0.052153 0.49387801 -0.018796
v 0.050587 0.494331 -0.018876
v 0.048696 0.496342 -0.018869
v 0.063151 0.49350101 -0.017142
v 0.064321 0.49277601 -0.015635
v 0.066136 0.49218401 -0.015106
v 0.067434 0.491965 -0.015934
v 0.068587 0.49278599 -0.01679
v 0.046523 0.54006398 -0.021458
v 0.04334 0.535896 -0.016771
v 0.043296 0.5402 -0.018091
v 0.046579 0.54248601 -0.024778
v 0.05511 0.54562598 -0.042444
v 0.055737 0.54597098 -0.047754
v 0.054132 0.53957599 -0.051445
v 0.049127 0.54478198 -0.034339
v 0.046644 0.54052103 -0.030009
v 0.039772 0.501876 -0.022944
v 0.039514 0.50205702 -0.023623
v 0.038753 0.502249 -0.025257
v 0.039446 0.512164 -0.022196
v 0.0374 0.50870103 -0.02293
v 0.035334 0.50648397 -0.021643
v 0.036273 0.5104 -0.022003
v 0.037122 0.50622398 -0.017992
v 0.03376 0.50631398 -0.0225
v 0.040989 0.51574999 -0.02103
v 0.037654 0.50331098 -0.025968
v 0.035887 0.50402498 -0.025986
v 0.003418 0.50481403 -0.031688
v 0.002855 0.50440001 -0.032967
v 0.004282 0.50457901 -0.032262
v 0.003479 0.50429398 -0.033993
v 0.004415 0.50434297 -0.033533
v 0.033989 0.504942 -0.0245
v 0.041632 0.51947403 -0.019434
v 0.041389 0.52329099 -0.017788
v 0.041232 0.52712703 -0.016344
v 0.042705 0.50022501 -0.025114
v 0.041164 0.500229 -0.02432
v 0.040075 0.50013298 -0.023317
v 0.047485 0.49802601 -0.022359
v 0.046377 0.49803799 -0.021831
v 0.045558 0.49910301 -0.021576
v 0.045095 0.49885699 -0.021358
v 0.043783 0.49987799 -0.02182
v 0.048063 0.497991 -0.020206
v 0.046367 0.49665099 -0.020163
v 0.049132 0.49764499 -0.016912
v 0.047943 0.498476 -0.018884
v 0.069558 0.49377099 -0.017115
v 0.069748 0.494506 -0.014777
v 0.072941 0.491579 -0.014789
v 0.070322 0.495159 -0.013449
v 0.081346 0.49667099 -0.009948
v 0.0811 0.49042901 -0.013913
v 0.079506 0.49103999 -0.014687
v 0.082107 0.48975399 -0.011412
v 0.077758 0.49165899 -0.014246
v 0.082478 0.49032399 -0.009605
v 0.083211 0.50580102 0
v 0.082437 0.505355 0.001063
v 0.080197 0.510759 0.003501
v 0.079677 0.51670802 0.004681
v 0.040591 0.51980603 -0.000822
v 0.071651 0.52350599 0
v 0.040591 0.51980603 0.000822
v 0.04346 0.51419997 0.005385
v 0.041497 0.51359701 0
v 0.045636 0.51384401 -0.002628
v 0.038753 0.53186101 0
v 0.04084 0.52311897 -0.000822
v 0.039485 0.52947998 -0.000823
v 0.040529 0.52526098 -0.000822
v 0.043235 0.51477098 0.002096
v 0.045636 0.51384401 0.002628
v 0.082462 0.49974099 -0.002547
v 0.084857 0.49739701 0
v 0.082199 0.49818301 -0.001154
v 0.079842 0.49641201 -0.007994
v 0.080418 0.49513099 -0.008283
v 0.083476 0.49786699 -0.00614
v 0.083855 0.49810401 -0.003922
v 0.082795 0.49600399 -0.007714
v 0.074097 0.49164999 -0.014583
v 0.075032 0.49169001 -0.014125
v 0.076243 0.49254599 -0.013999
v 0.077941 0.49039999 -0.013298
v 0.077179 0.49154499 -0.012301
v 0.058284 0.54450703 -0.043034
v 0.057989 0.55409098 -0.044163
v 0.037152 0.530828 -0.061789
v 0.036501 0.53004098 -0.060219
v 0.042565 0.53769499 -0.059866
v 0.033335 0.53535199 -0.062886
v 0.033582 0.53248602 -0.062752
v 0.040924 0.53608 -0.058666
v 0.043755 0.53575999 -0.056417
v 0.056654 0.55583203 -0.048913
v 0.065058 0.564569 -0.048913
v 0.06257 0.56561798 -0.050058
v 0.060255 0.56512499 -0.050062
v 0.065272 0.562455 -0.046447
v 0.063279 0.56245202 -0.045387
v 0.058934 0.56470799 -0.048627
v 0.050531 0.543899 -0.028295
v 0.045474 0.55072302 -0.021061
v 0.044963 0.54898202 -0.02499
v 0.087472 0.54752201 -0.002925
v 0.087079 0.54911602 -0.002801
v 0.084867 0.55334002 -0.002229
v 0.083223 0.55535799 -0.002651
v 0.079159 0.56475401 -0.002633
v 0.080767 0.56415898 -0.004885
v 0.07711 0.557724 -0.008498
v 0.077022 0.564623 -0.007305
v 0.073396 0.561818 -0.011145
v 0.087801 0.54775298 0
v 0.070517 0.56096202 -0.012657
v 0.04374 0.55571198 -0.019005
v 0.033669 0.52218401 -0.012338
v 0.032089 0.51837301 -0.012918
v 0.031885 0.52847499 -0.011979
v 0.034907 0.51441401 -0.012827
v 0.031439 0.51296097 -0.012812
v 0.037513 0.51533097 -0.011442
v 0.028645 0.53363699 -0.011808
v 0.039464 0.51169401 -0.01225
v 0.043066 0.511841 -0.011812
v 0.030467 0.53613502 -0.010225
v 0.044591 0.51859301 -0.012395
v 0.030856 0.53868002 -0.00727
v 0.047265 0.51564801 -0.013132
v 0.047944 0.51658797 -0.009821
v 0.050651 0.51495898 -0.007963
v 0.034098 0.53584802 -0.00262
v 0.032996 0.53003299 0
v 0.036073 0.53064197 0
v 0.087472 0.54752201 0.002925
v 0.086981 0.54624701 0.002419
v 0.037224 0.54101598 0.006632
v 0.073508 0.53259599 0
v 0.039041 0.53440702 0.001993
v 0.036882 0.530568 -0.058181
v 0.059148 0.49639001 -0.015408
v 0.060508 0.49655101 -0.015671
v 0.057552 0.496656 -0.015765
v 0.05657 0.496829 -0.017154
v 0.056101 0.49737701 -0.018237
v 0.062483 0.496658 -0.017188
v 0.063197 0.49562901 -0.015247
v 0.055374 0.49661699 -0.017875
v 0.054064 0.49654299 -0.016858
v 0.050766 0.49716699 -0.015623
v 0.064862 0.495334 -0.013672
v 0.066926 0.49561301 -0.013701
v 0.068719 0.495886 -0.014697
v 0.06924 0.49487001 -0.016146
v 0.042423 0.54307199 -0.021455
v 0.041069 0.53120703 -0.01457
v 0.040443 0.53517002 -0.013085
v 0.041416 0.54138398 -0.024625
v 0.051267 0.55593997 -0.039658
v 0.045123 0.55130398 -0.037438
v 0.045799 0.53891599 -0.033342
v 0.042694 0.54245698 -0.035395
v 0.041361 0.53791201 -0.027881
v 0.040261 0.50161898 -0.02205
v 0.038758 0.501508 -0.024194
v 0.037597 0.50218099 -0.025472
v 0.038154 0.51683599 -0.021142
v 0.037185 0.51353002 -0.022199
v 0.035723 0.51040798 -0.023037
v 0.034438 0.508358 -0.021624
v 0.035966 0.50993901 -0.01884
v 0.037419 0.50963801 -0.017879
v 0.032889 0.50345099 -0.02184
v 0.039896 0.509058 -0.017077
v 0.036541 0.51060802 -0.016406
v 0.033969 0.5036 -0.023071
v 0.038549 0.52011901 -0.019611
v 0.035964 0.50156498 -0.025282
v 0.034714 0.50296801 -0.025188
v 0.004694 0.50440001 -0.032805
v 0.004139 0.516675 -0.034858
v 0.002932 0.51747 -0.033187
v 0.000124 0.51798397 -0.035147
v -0.001205 0.51945502 -0.036492
v 0.001166 0.51834399 -0.03731
v 0.00272 0.51758999 -0.037043
v 0.038668 0.52351499 -0.018356
v 0.038515 0.52705598 -0.017211
v 0.0379 0.53055799 -0.016866
v 0.041719 0.499549 -0.021562
v 0.040513 0.50178099 -0.021778
v 0.045672 0.496472 -0.020171
v 0.044555 0.49653599 -0.019871
v 0.04301 0.497237 -0.019901
v 0.041116 0.49994701 -0.020726
v 0.041714 0.498851 -0.020729
v 0.047085 0.49835601 -0.017895
v 0.045756 0.498337 -0.017115
v 0.051451 0.503223 -0.015615
v 0.049289 0.502774 -0.017073
v 0.048394 0.50281602 -0.016788
v 0.069892 0.49784499 -0.012635
v 0.071547 0.495213 -0.012033
v 0.072688 0.49813399 -0.011965
v 0.082149 0.491133 -0.008456
v 0.081749 0.49161199 -0.008091
v 0.079304 0.48986399 -0.012738
v 0.080304 0.489535 -0.010654
v 0.080589 0.491189 -0.00789
v 0.080163 0.489831 -0.009609
v 0.084861 0.49918801 0.002202
v 0.084971 0.49979901 0.005003
v 0.078231 0.50989997 0.008952
v 0.083321 0.49839801 0.008146
v 0.078604 0.51775301 0.008808
v 0.042734 0.51632601 0.008814
v 0.04084 0.52311897 0.000822
v 0.040529 0.52526098 0.000822
v 0.039485 0.52947998 0.000823
v 0.046141 0.516936 0.009832
v 0.043342 0.51221901 0.00837
v 0.04555 0.515414 0.006199
v 0.041443 0.51395702 0.011206
v 0.043167 0.51266497 0
v 0.047402 0.51312101 -0.002612
v 0.051634 0.51401001 -0.007076
v 0.047402 0.51312101 0.002612
v 0.036871 0.53756899 0.003203
v 0.050651 0.51495898 0.007963
v 0.051634 0.51401001 0.007076
v 0.08363 0.49628299 -0.001368
v 0.0819 0.49678701 0
v 0.082199 0.49818301 0.001154
v 0.082462 0.49974099 0.002547
v 0.082674 0.49489999 0
v 0.083069 0.49057999 -0.007631
v 0.083883 0.48957801 0
v 0.084111 0.48930001 -0.003562
v 0.083264 0.48962301 -0.00687
v 0.083781 0.48920599 -0.005273
v 0.072873 0.49488699 -0.012396
v 0.07506 0.493922 -0.012687
v 0.075146 0.494894 -0.01249
v 0.078402 0.49125299 -0.010458
v 0.075007 0.49548399 -0.011633
v 0.043443 0.55547303 -0.02243
v 0.033399 0.53115398 -0.060108
v 0.0335 0.53166598 -0.059028
v 0.026695 0.53227103 -0.059346
v 0.026349 0.53372997 -0.063407
v 0.026938 0.531596 -0.062178
v 0.028808 0.53030002 -0.059603
v 0.055956 0.56442702 -0.044671
v 0.052702 0.56204998 -0.042592
v 0.067094 0.57216901 -0.047425
v 0.069151 0.56797397 -0.045707
v 0.064648 0.577838 -0.047069
v 0.059433 0.57389599 -0.048035
v 0.069244 0.57996303 -0.042549
v 0.068773 0.56520599 -0.044559
v 0.05407 0.56996101 -0.04664
v 0.064597 0.56691098 -0.04428
v 0.043317 0.56179601 -0.026034
v 0.087408 0.54935598 0
v 0.085042 0.55367202 0
v 0.083629 0.55558902 0
v 0.081225 0.56128198 0
v 0.080915 0.56933999 -0.005275
v 0.080871 0.56980699 -0.002743
v 0.079488 0.56484699 0
v 0.081222 0.57013798 0
v 0.07337 0.56581402 -0.012989
v 0.077809 0.56790799 -0.00982
v 0.069426 0.56539398 -0.013639
v 0.087079 0.54911602 0.002801
v 0.04385 0.55902398 -0.017598
v 0.04378 0.562038 -0.017285
v 0.029777 0.52095097 -0.012469
v 0.029334 0.51602602 -0.013713
v 0.02841 0.52757198 -0.012801
v 0.030145 0.51290601 -0.014186
v 0.02497 0.53288603 -0.012746
v 0.034285 0.50917399 -0.013372
v 0.031807 0.50916201 -0.013986
v 0.037052 0.50916702 -0.011848
v 0.027037 0.53494 -0.01097
v 0.041014 0.51017702 -0.014009
v 0.042825 0.515324 -0.013635
v 0.0276 0.53757399 -0.007329
v 0.04542 0.51195502 -0.014231
v 0.031025 0.53461897 -0.001703
v 0.049221 0.51591802 -0.010387
v 0.04863 0.51332301 -0.013333
v 0.050784 0.51456797 -0.011204
v 0.029958 0.53190398 0
v 0.034098 0.53584802 0.00262
v 0.031025 0.53461897 0.001703
v 0.086225 0.54419303 0.006182
v 0.085911 0.54399902 0.004979
v 0.085642 0.54656899 0.005891
v 0.083609 0.54155803 0.006508
v 0.037329 0.53860003 0.00957
v 0.034132 0.53952098 0.00683
v 0.03386 0.537404 0.009514
v 0.082368 0.539262 0.008046
v 0.062158 0.50054502 -0.01613
v 0.06197 0.501055 -0.016017
v 0.059834 0.502446 -0.015399
v 0.056299 0.50259697 -0.017653
v 0.055194 0.50295103 -0.017534
v 0.063263 0.50019097 -0.01625
v 0.065107 0.50172698 -0.013815
v 0.067335 0.50091499 -0.013598
v 0.068397 0.50006503 -0.013818
v 0.07013 0.498862 -0.013891
v 0.040372 0.537139 -0.014879
v 0.036854 0.53356999 -0.018698
v 0.036196 0.53532797 -0.021953
v 0.040589 0.53707802 -0.019224
v 0.049288 0.56150597 -0.041834
v 0.039916 0.55324 -0.043391
v 0.042578 0.55974698 -0.045317
v 0.040504 0.54521102 -0.038365
v 0.038305 0.54750901 -0.041876
v 0.041163 0.53544497 -0.031188
v 0.037957 0.53424698 -0.033446
v 0.040065 0.53512299 -0.024002
v 0.037699 0.50159901 -0.022914
v 0.037117 0.50223398 -0.02203
v 0.034152 0.51747 -0.021376
v 0.032716 0.51409101 -0.021258
v 0.032852 0.511751 -0.020052
v 0.036394 0.51338297 -0.019256
v 0.037135 0.51307601 -0.016088
v 0.034771 0.51095903 -0.014603
v 0.040301 0.50775599 -0.016081
v 0.034344 0.50438398 -0.017578
v -0.024071 0.517766 -0.007464
v -0.021074 0.51936698 -0.007634
v -0.026581 0.51722902 -0.005194
v -0.028077 0.51680899 0
v -0.000852 0.523278 0
v 0.042427 0.51126897 -0.015182
v 0.042572 0.50919998 -0.015562
v 0.034437 0.50295401 -0.018118
v 0.03524 0.50339001 -0.020495
v 0.036298 0.50330001 -0.021775
v 0.037742 0.509018 -0.014024
v 0.034554 0.521137 -0.02082
v 0.002597 0.52783197 -0.041665
v 0.002257 0.52168202 -0.038098
v -0.000183 0.52045298 -0.033394
v 0.003475 0.51978999 -0.032806
v -0.003316 0.52350199 -0.038325
v -0.001646 0.52200103 -0.036216
v -0.000974 0.522053 -0.039316
v 0.034454 0.52487803 -0.020327
v 0.034069 0.52860701 -0.020337
v 0.033437 0.53219002 -0.021198
v 0.040087 0.50132501 -0.020637
v 0.038353 0.50018698 -0.021528
v 0.042678 0.50008398 -0.017602
v 0.040834 0.50192797 -0.020304
v 0.046476 0.50388998 -0.015996
v 0.045523 0.50389302 -0.016683
v 0.043667 0.50439602 -0.017967
v 0.053961 0.50179601 -0.015411
v 0.05157 0.50203502 -0.01485
v 0.056353 0.50206 -0.01604
v 0.049136 0.50253701 -0.01469
v 0.073195 0.49718899 -0.012349
v 0.07357 0.49779299 -0.012072
v 0.075958 0.49694699 -0.011538
v 0.081242 0.489831 -0.006742
v 0.080137 0.49128699 -0.00809
v 0.080485 0.491276 -0.005922
v 0.081536 0.499798 0.006875
v 0.0824 0.50046498 0.004589
v 0.076345 0.51036698 0.01462
v 0.080338 0.49915701 0.013459
v 0.075926 0.51916701 0.013748
v 0.075383 0.52160698 0.011168
v 0.082359 0.49990201 0.010956
v 0.080068 0.50057101 0.009576
v 0.080445 0.49840599 0.008095
v 0.080925 0.498202 0.007429
v 0.07438 0.52248299 0.009968
v 0.04262 0.51900601 0.010439
v 0.040062 0.51696199 0.010374
v 0.047944 0.51658797 0.009821
v 0.044591 0.51859301 0.012395
v 0.047265 0.51564801 0.013132
v 0.043066 0.511841 0.011812
v 0.039464 0.51169401 0.01225
v 0.037513 0.51533097 0.011442
v 0.044949 0.51183802 0
v 0.050306 0.51263201 -0.003075
v 0.052766 0.51316297 -0.006525
v 0.050306 0.51263201 0.003075
v 0.052608 0.51335001 -0.010966
v 0.052766 0.51316297 0.006525
v 0.030856 0.53868002 0.00727
v 0.049221 0.51591802 0.010387
v 0.050784 0.51456797 0.011204
v 0.052608 0.51335001 0.010966
v 0.083583 0.49166501 0
v 0.08375 0.49086601 0
v 0.08363 0.49628299 0.001368
v 0.083855 0.49810401 0.003922
v 0.083476 0.49786699 0.00614
v 0.081875 0.489081 -0.002536
v 0.082004 0.489438 0
v 0.084111 0.48930001 0.003562
v 0.081875 0.489081 0.002536
v 0.08177 0.48930901 -0.004678
v 0.074553 0.497578 -0.010453
v 0.075027 0.496676 -0.008954
v 0.076252 0.49673 -0.007538
v 0.074912 0.49790901 -0.008694
v 0.028857 0.53038102 -0.05886
v 0.021596 0.53417301 -0.059466
v 0.019742 0.53612202 -0.062635
v 0.023704 0.53213298 -0.054276
v 0.023616 0.52835 -0.056505
v 0.017893 0.53457898 -0.057042
v 0.02074 0.53406399 -0.051285
v 0.016999 0.53292102 -0.060245
v 0.02078 0.53017098 -0.059895
v 0.013107 0.53548098 -0.059827
v 0.014672 0.53677303 -0.060591
v 0.04808 0.56716102 -0.046335
v 0.042336 0.56605703 -0.049538
v 0.07102 0.574884 -0.042161
v 0.073079 0.57103199 -0.04086
v 0.073244 0.58185399 -0.037356
v 0.072607 0.56973702 -0.039403
v 0.064074 0.58646703 -0.046079
v 0.058852 0.58640099 -0.049855
v 0.068677 0.58676201 -0.041448
v 0.053065 0.585154 -0.05232
v 0.072645 0.58828402 -0.036485
v 0.067074 0.57268202 -0.040506
v 0.047623 0.58214998 -0.054143
v 0.043456 0.56687599 -0.024715
v 0.043958 0.56394899 -0.023006
v 0.044533 0.56671202 -0.017719
v 0.084867 0.55334002 0.002229
v 0.083223 0.55535799 0.002651
v 0.079159 0.56475401 0.002633
v 0.081633 0.57264102 -0.009
v 0.081827 0.57358098 -0.002979
v 0.078751 0.57014602 -0.012318
v 0.081725 0.57395899 0
v 0.080871 0.56980699 0.002743
v 0.081827 0.57358098 0.002979
v 0.074827 0.56867802 -0.01514
v 0.070113 0.56945503 -0.015021
v 0.083685 0.55181402 0.005608
v 0.071755 0.57255799 -0.018337
v 0.032811 0.51965302 -0.014737
v 0.027969 0.521119 -0.014824
v 0.027181 0.52979201 -0.01511
v 0.032771 0.51471502 -0.014618
v 0.035687 0.51604301 -0.014933
v 0.021679 0.53364098 -0.014623
v 0.023504 0.53484797 -0.011249
v 0.02446 0.53612602 -0.006753
v 0.028672 0.53305 5.7E-05
v 0.026617 0.53297299 0
v 0.038649 0.50891101 -0.016084
v 0.043267 0.505593 -0.017142
v 0.050403 0.512523 -0.013006
v 0.052158 0.51159602 -0.012887
v 0.028672 0.53305 -5.7E-05
v 0.0276 0.53757399 0.007329
v 0.02446 0.53612602 0.006753
v 0.084144 0.54176003 0.007977
v 0.083568 0.54476798 0.008274
v 0.081814 0.54914802 0.007708
v 0.08221 0.540025 0.00963
v 0.032262 0.53418797 0.010787
v 0.036022 0.53443301 0.010867
v 0.028645 0.53363699 0.011808
v 0.030467 0.53613502 0.010225
v 0.078266 0.53487003 0.010249
v 0.079536 0.53479898 0.011773
v 0.038482 0.53120297 0.01139
v 0.065699 0.50039703 -0.014828
v 0.063394 0.50062603 -0.015387
v 0.061035 0.50111902 -0.015625
v 0.058736 0.50194001 -0.016265
v 0.067879 0.499881 -0.013713
v 0.070251 0.49976301 -0.013095
v 0.072422 0.499506 -0.012116
v 0.036557 0.53406799 -0.025182
v 0.032139 0.53479898 -0.02322
v 0.029269 0.53587902 -0.024959
v 0.034578 0.53559899 -0.027514
v 0.036652 0.56545597 -0.052845
v 0.035826 0.55895197 -0.050804
v 0.035106 0.554353 -0.049292
v 0.035175 0.54865301 -0.045095
v 0.030561 0.56414998 -0.05527
v 0.035833 0.53590101 -0.036476
v 0.034596 0.53874397 -0.039397
v 0.038651 0.53283799 -0.027245
v 0.03886 0.53669798 -0.027666
v 0.03296 0.53741401 -0.030191
v 0.037292 0.499935 -0.01984
v 0.036028 0.50070202 -0.01914
v 0.030998 0.51845801 -0.020484
v 0.029155 0.517488 -0.020875
v 0.036709 0.51793402 -0.01836
v 0.03406 0.51752102 -0.019922
v 0.038504 0.51756799 -0.015946
v 0.036654 0.504179 -0.016741
v -0.002844 0.52153701 -0.002782
v 0.002034 0.51999599 -0.004336
v 0.001153 0.516801 -0.005623
v 0.003578 0.52192301 -0.001701
v 0.002023 0.52224803 0
v 0.002034 0.51999599 0.004336
v -0.002844 0.52153701 0.002782
v 0.001153 0.516801 0.005623
v 0.003578 0.52192301 0.001701
v -0.030513 0.51752299 0
v -0.030201 0.51462102 -0.002234
v -0.028814 0.51427501 -0.005657
v -0.026567 0.51541501 -0.007833
v -0.030201 0.51462102 0.002234
v -0.028814 0.51427501 0.005657
v -0.026567 0.51541501 0.007833
v -0.026581 0.51722902 0.005194
v -0.023605 0.51678097 -0.009361
v -0.020606 0.51726699 -0.011005
v -0.017269 0.51825202 -0.011203
v -0.017956 0.52009302 -0.008072
v 0.035248 0.501899 -0.01837
v 0.031013 0.52078998 -0.021112
v 0.004454 0.53007799 -0.047383
v 0.006797 0.53135198 -0.050151
v 0.003777 0.53097397 -0.042873
v 0.008951 0.53396702 -0.052254
v 0.005685 0.52092999 -0.034409
v 0.00269 0.52669901 -0.045997
v 0.001871 0.52467799 -0.040102
v -0.005 0.52577001 -0.034667
v -0.002362 0.52573901 -0.032812
v 0.000281 0.524409 -0.031502
v -0.007135 0.523637 -0.035844
v -0.008642 0.52040601 -0.035961
v -0.006558 0.52222502 -0.038575
v -0.003323 0.52077198 -0.041287
v -0.010019 0.51750302 -0.035116
v 0.00083 0.52288198 -0.045482
v -0.001288 0.519508 -0.045143
v 0.031242 0.52401102 -0.02079
v 0.030167 0.52721399 -0.021363
v 0.029145 0.53024602 -0.022478
v 0.039942 0.50127 -0.019186
v 0.041936 0.50600201 -0.01853
v 0.047009 0.50384998 -0.014904
v 0.045023 0.50497103 -0.01612
v 0.056728 0.50788999 -0.012995
v 0.058699 0.50752598 -0.013254
v 0.060535 0.50696301 -0.013666
v 0.055014 0.50872898 -0.012869
v 0.061927 0.505597 -0.01424
v 0.053714 0.510324 -0.012876
v 0.074336 0.499347 -0.010392
v 0.077253 0.49637601 -0.01196
v 0.0769 0.496591 -0.010435
v 0.075748 0.49884599 -0.008392
v 0.080158 0.49242699 -0.005182
v 0.078623 0.494515 -0.006879
v 0.078046 0.49584699 -0.006819
v 0.077838 0.495067 -0.005515
v 0.082795 0.49600399 0.007714
v 0.07541 0.49876699 0.019417
v 0.079291 0.49974799 0.016694
v 0.073183 0.51019597 0.017924
v 0.073282 0.51996702 0.017122
v 0.076715 0.49966499 0.015218
v 0.076511 0.50067598 0.016217
v 0.077142 0.49757999 0.012994
v 0.07848 0.49988601 0.012573
v 0.076632 0.49759799 0.013937
v 0.076424 0.49826699 0.014528
v 0.079277 0.50057602 0.011486
v 0.074852 0.528651 0.013827
v 0.076229 0.52731103 0.011968
v 0.074983 0.52791101 0.010575
v 0.081122 0.49778801 0.011413
v 0.081346 0.49667099 0.009948
v 0.079163 0.49742299 0.013351
v 0.079842 0.49641201 0.007994
v 0.080418 0.49513099 0.008283
v 0.041204 0.52498603 0.011335
v 0.040458 0.520899 0.010933
v 0.036426 0.519068 0.011972
v 0.04542 0.51195502 0.014231
v 0.042825 0.515324 0.013635
v 0.04863 0.51332301 0.013333
v 0.041014 0.51017702 0.014009
v 0.037052 0.50916702 0.011848
v 0.034907 0.51441401 0.012827
v 0.052885 0.51119798 -0.003729
v 0.046748 0.51196802 0
v 0.05407 0.51241601 -0.006388
v 0.052885 0.51119798 0.003729
v 0.054376 0.51200902 -0.010948
v 0.05407 0.51241601 0.006388
v 0.054376 0.51200902 0.010948
v 0.027037 0.53494 0.01097
v 0.050403 0.512523 0.013006
v 0.052158 0.51159602 0.012887
v 0.053714 0.510324 0.012876
v 0.083264 0.48962301 0.00687
v 0.083781 0.48920599 0.005273
v 0.083069 0.49057999 0.007631
v 0.080564 0.49249399 -0.002263
v 0.080836 0.49145699 0
v 0.080564 0.49249399 0.002263
v 0.080463 0.49198201 -0.003342
v 0.08177 0.48930901 0.004678
v 0.080463 0.49198201 0.003342
v 0.080028 0.49301699 -0.004326
v 0.075918 0.49827701 -0.007443
v 0.076593 0.497114 -0.006007
v 0.076368 0.49788699 -0.007054
v 0.077268 0.49687001 -0.008448
v 0.078653 0.496519 -0.007601
v 0.018631 0.52785301 -0.054418
v 0.021252 0.52918398 -0.051427
v 0.022226 0.53242803 -0.048773
v 0.015738 0.52977699 -0.056788
v 0.012973 0.54075301 -0.055796
v 0.016527 0.53811598 -0.053819
v 0.022049 0.53848499 -0.049967
v 0.02448 0.53573698 -0.047551
v 0.020384 0.543387 -0.053129
v 0.012673 0.53232199 -0.056918
v 0.009066 0.53343701 -0.055139
v 0.008847 0.53716099 -0.059639
v 0.005433 0.53396201 -0.053137
v 0.009049 0.54038697 -0.060086
v 0.042189 0.57883698 -0.0555
v 0.03633 0.57689703 -0.057145
v 0.076357 0.578035 -0.032736
v 0.076411 0.574983 -0.031665
v 0.076744 0.58303201 -0.031591
v 0.075634 0.57309097 -0.030807
v 0.075831 0.59042197 -0.031098
v 0.070646 0.57545298 -0.02962
v 0.052193 0.59481603 -0.053178
v 0.057406 0.59610701 -0.049913
v 0.062343 0.59748501 -0.046189
v 0.066884 0.59946197 -0.04216
v 0.070909 0.599976 -0.037243
v 0.046803 0.59299898 -0.055854
v 0.07367 0.60128498 -0.03164
v 0.041402 0.59094101 -0.058398
v 0.072146 0.57467401 -0.022304
v 0.044218 0.57027102 -0.019547
v 0.081263 0.55662298 0.005137
v 0.080767 0.56415898 0.004885
v 0.080915 0.56933999 0.005275
v 0.080493 0.55553198 0.006171
v 0.081463 0.57818198 -0.015396
v 0.079182 0.57384098 -0.017655
v 0.081732 0.58509803 -0.019053
v 0.082681 0.58334702 -0.012539
v 0.082691 0.57916701 -0.006931
v 0.082589 0.579557 0
v 0.076763 0.57248199 -0.018324
v 0.082691 0.57916701 0.006931
v 0.081633 0.57264102 0.009
v 0.082681 0.58334702 0.012539
v 0.07709 0.57381999 -0.022199
v 0.031786 0.52473801 -0.015082
v 0.036082 0.52304 -0.014545
v 0.024985 0.53222698 -0.017023
v 0.018818 0.53617799 -0.015604
v 0.019498 0.53477299 -0.011343
v 0.02119 0.53657597 -0.006557
v 0.024093 0.53520799 0
v 0.025919 0.533566 -0.002382
v 0.037462 0.502823 -0.016816
v 0.03941 0.50199401 -0.017548
v 0.025919 0.533566 0.002382
v 0.02119 0.53657597 0.006557
v 0.023504 0.53484797 0.011249
v 0.019498 0.53477299 0.011343
v 0.081135 0.54221803 0.010303
v 0.081566 0.54786098 0.009022
v 0.077574 0.54230702 0.01233
v 0.07803 0.536789 0.013003
v 0.035374 0.529158 0.011641
v 0.031885 0.52847499 0.011979
v 0.02497 0.53288603 0.012746
v 0.02841 0.52757198 0.012801
v 0.037634 0.52293801 0.011511
v 0.065332 0.50391197 -0.013806
v 0.066947 0.50337797 -0.012811
v 0.068563 0.50349998 -0.011682
v 0.063693 0.50477999 -0.01445
v 0.070374 0.503286 -0.01095
v 0.07192 0.50274801 -0.010055
v 0.072746 0.50247103 -0.008193
v 0.02735 0.536704 -0.027886
v 0.028675 0.53362697 -0.022887
v 0.026825 0.53514099 -0.025181
v 0.025536 0.53627902 -0.03082
v 0.030598 0.57486498 -0.059216
v 0.029121 0.55788201 -0.055122
v 0.030423 0.55198002 -0.05226
v 0.03266 0.54739201 -0.048663
v 0.024801 0.56301701 -0.058461
v 0.032567 0.54127097 -0.042408
v 0.024965 0.57258397 -0.06134
v 0.037222 0.53681201 -0.031258
v 0.03442 0.53609502 -0.034061
v 0.03159 0.53697002 -0.033161
v 0.02987 0.53658301 -0.036224
v 0.023565 0.53474897 -0.033435
v 0.028383 0.52519202 -0.02067
v 0.036152 0.52633297 -0.017035
v 0.033035 0.52598101 -0.020109
v 0.001865 0.51996797 -0.008839
v -0.000838 0.517851 -0.01028
v 0.002613 0.522654 -0.007226
v -0.003851 0.51769501 -0.002835
v -0.001934 0.515288 -0.006706
v -0.003698 0.51664799 -0.011386
v 0.002089 0.52585202 -0.005232
v 0.004809 0.5244 0
v 0.005368 0.52500403 -0.001921
v 0.005368 0.52500403 0.001921
v -0.000838 0.517851 0.01028
v -0.001934 0.515288 0.006706
v -0.003698 0.51664799 0.011386
v 0.001865 0.51996797 0.008839
v -0.003851 0.51769501 0.002835
v 0.039896 0.509058 0.017077
v -0.006354 0.51713598 0.004485
v -0.009205 0.516536 0.006495
v -0.011926 0.51686299 0.00815
v 0.037419 0.50963801 0.017879
v 0.040301 0.50775599 0.016081
v 0.002613 0.522654 0.007226
v 0.002089 0.52585202 0.005232
v -0.029934 0.51300699 -0.00871
v -0.031656 0.512793 -0.005709
v -0.027342 0.51327997 -0.011036
v -0.032786 0.51495701 0
v -0.032958 0.51381499 -0.002444
v -0.024613 0.51437002 -0.013131
v -0.032958 0.51381499 0.002444
v -0.031656 0.512793 0.005709
v -0.029934 0.51300699 0.00871
v -0.027342 0.51327997 0.011036
v -0.024071 0.517766 0.007464
v -0.023605 0.51678097 0.009361
v -0.024613 0.51437002 0.013131
v -0.022946 0.51748598 -0.013696
v -0.020454 0.51946598 -0.013697
v -0.016792 0.51931602 -0.013961
v -0.013854 0.517851 -0.011209
v -0.014811 0.518843 -0.009001
v 0.001174 0.52860999 -0.04326
v 0.004069 0.53167802 -0.045808
v 0.003404 0.533499 -0.049198
v 0.012508 0.53542298 -0.052268
v 0.00531 0.53374398 -0.04449
v 0.004739 0.524607 -0.03481
v -0.000694 0.52592498 -0.045247
v -0.007604 0.523027 -0.031837
v -0.011012 0.51965702 -0.03203
v -0.004352 0.526281 -0.031545
v -0.001672 0.52963901 -0.030735
v 0.00089 0.53340602 -0.029759
v -0.008667 0.519171 -0.038488
v -0.004637 0.51735401 -0.040976
v -0.012836 0.51591003 -0.034783
v -0.002636 0.51578802 -0.044154
v -0.014533 0.51681399 -0.033009
v -0.001514 0.52314001 -0.048907
v -0.003411 0.51982802 -0.05053
v 0.025701 0.52524 -0.023039
v 0.024111 0.52988499 -0.022654
v 0.05624 0.51085001 -0.01124
v 0.058245 0.51001 -0.011318
v 0.060251 0.50940698 -0.010787
v 0.06234 0.50897902 -0.010562
v 0.06428 0.50805998 -0.010167
v 0.073855 0.50160903 -0.006723
v 0.077109 0.498225 -0.006324
v 0.074708 0.50078899 -0.005123
v 0.077124 0.495895 -0.00312
v 0.076258 0.49727499 -0.004254
v 0.07683 0.49758601 -0.002518
v 0.081749 0.49161199 0.008091
v 0.072758 0.498577 0.021778
v 0.070811 0.51002097 0.019327
v 0.07067 0.49933001 0.020878
v 0.070725 0.49757501 0.017593
v 0.07216 0.498804 0.018127
v 0.073574 0.49973401 0.018483
v 0.075981 0.50080299 0.017634
v 0.068456 0.52248102 0.021266
v 0.073001 0.53094298 0.017404
v 0.077029 0.49692601 0.017992
v 0.077152 0.49658301 0.015386
v 0.075601 0.49678901 0.018929
v 0.077014 0.496131 0.013289
v 0.077722 0.4966 0.013461
v 0.076923 0.495565 0.014131
v 0.082478 0.49032399 0.009605
v 0.082107 0.48975399 0.011412
v 0.0811 0.49042901 0.013913
v 0.082149 0.491133 0.008456
v 0.079506 0.49103999 0.014687
v 0.033669 0.52218401 0.012338
v 0.032089 0.51837301 0.012918
v 0.031439 0.51296097 0.012812
v 0.042427 0.51126897 0.015182
v 0.042572 0.50919998 0.015562
v 0.038649 0.50891101 0.016084
v 0.043267 0.505593 0.017142
v 0.034285 0.50917399 0.013372
v 0.037742 0.509018 0.014024
v 0.056312 0.51093102 -0.0032
v 0.048521 0.512954 0
v 0.055483 0.51180297 -0.006417
v 0.056936 0.511379 -0.006356
v 0.056312 0.51093102 0.0032
v 0.055483 0.51180297 0.006417
v 0.056936 0.511379 0.006356
v 0.05624 0.51085001 0.01124
v 0.055014 0.50872898 0.012869
v 0.056728 0.50788999 0.012995
v 0.021679 0.53364098 0.014623
v 0.045023 0.50497103 0.01612
v 0.047009 0.50384998 0.014904
v 0.049136 0.50253701 0.01469
v 0.081242 0.489831 0.006742
v 0.080589 0.491189 0.00789
v 0.079716 0.494661 0
v 0.078582 0.495175 -0.000657
v 0.078582 0.495175 0.000657
v 0.077124 0.495895 0.00312
v 0.080028 0.49301699 0.004326
v 0.080158 0.49242699 0.005182
v 0.080485 0.491276 0.005922
v 0.079977 0.49579 -0.007328
v 0.07739 0.497879 -0.003839
v 0.079383 0.49613401 -0.006255
v 0.078568 0.49649999 -0.005168
v 0.018533 0.53037298 -0.051044
v 0.021612 0.52969497 -0.048907
v 0.024091 0.53175497 -0.046816
v 0.026449 0.53485698 -0.045392
v 0.028972 0.53742999 -0.043755
v 0.015585 0.53306901 -0.05185
v 0.004428 0.54661202 -0.061525
v 0.008159 0.54589897 -0.059157
v 0.016204 0.54832101 -0.057048
v 0.027456 0.53915203 -0.047594
v 0.02528 0.54183298 -0.05009
v 0.030823 0.53851002 -0.040434
v 0.024871 0.54919702 -0.054059
v 0.021852 0.55352199 -0.056936
v 0.029055 0.544442 -0.049647
v 0.004642 0.53683299 -0.058331
v 0.002758 0.53596097 -0.054188
v 0.001188 0.53577203 -0.049785
v 0.005155 0.54004699 -0.059993
v 0.002216 0.53771901 -0.060601
v 0.000994 0.54384398 -0.062203
v 0.035954 0.58898997 -0.060849
v 0.030202 0.58753002 -0.062764
v 0.080144 0.57975 -0.020611
v 0.078396 0.57558501 -0.02164
v 0.079567 0.58505702 -0.02566
v 0.078016 0.59270197 -0.025259
v 0.075543 0.603517 -0.025732
v 0.052979 0.601915 -0.051667
v 0.04793 0.60085601 -0.054784
v 0.057932 0.60290998 -0.048346
v 0.062914 0.60336798 -0.044973
v 0.067384 0.60374397 -0.040831
v 0.070997 0.60492897 -0.036067
v 0.073538 0.60678297 -0.030719
v 0.042681 0.59985298 -0.05755
v 0.075408 0.607651 -0.024844
v 0.037353 0.59842402 -0.06004
v 0.077022 0.564623 0.007305
v 0.077809 0.56790799 0.00982
v 0.078751 0.57014602 0.012318
v 0.07711 0.557724 0.008498
v 0.078168 0.54707801 0.011714
v 0.077717 0.55424702 0.009243
v 0.07998 0.59142399 -0.012176
v 0.079498 0.59264302 -0.018783
v 0.080922 0.587753 -0.006577
v 0.081093 0.58766299 0
v 0.080922 0.587753 0.006577
v 0.07998 0.59142399 0.012176
v 0.081463 0.57818198 0.015396
v 0.079182 0.57384098 0.017655
v 0.081732 0.58509803 0.019053
v 0.079498 0.59264302 0.018783
v 0.033327 0.52890497 -0.014628
v 0.022179 0.53426498 -0.019061
v 0.016998 0.53618002 -0.017154
v 0.017271 0.53700602 -0.011434
v 0.017872 0.53783101 -0.006829
v 0.022863 0.53516603 -0.002495
v 0.020911 0.536017 0
v 0.022863 0.53516603 0.002495
v 0.017872 0.53783101 0.006829
v 0.017271 0.53700602 0.011434
v 0.018818 0.53617799 0.015604
v 0.016998 0.53618002 0.017154
v 0.076138 0.539841 0.014237
v 0.078151 0.54279703 0.014305
v 0.029777 0.52095097 0.012469
v 0.027969 0.521119 0.014824
v 0.027181 0.52979201 0.01511
v 0.066167 0.50779003 -0.009174
v 0.067998 0.508026 -0.008318
v 0.068432 0.507631 -0.006264
v 0.068674 0.506962 -0.004296
v 0.024629 0.53583002 -0.027435
v 0.022799 0.53408802 -0.023281
v 0.021405 0.53653002 -0.027597
v 0.024199 0.58663201 -0.064214
v 0.018824 0.56093901 -0.060615
v 0.030309 0.53940302 -0.045155
v 0.019023 0.57120299 -0.063278
v 0.032626 0.536731 -0.037402
v 0.018106 0.58615202 -0.065443
v 0.027866 0.53689402 -0.038876
v 0.025919 0.53431898 -0.040387
v 0.021508 0.53282303 -0.035658
v 0.018812 0.53078401 -0.036475
v 0.020343 0.53382701 -0.028839
v 0.028477 0.53213102 -0.018492
v 0.024597 0.53152698 -0.019963
v 0.031963 0.53224099 -0.016671
v 0.001148 0.52142501 -0.012712
v -0.00183 0.520509 -0.01547
v 0.0009 0.52452701 -0.011301
v 0.002446 0.52712297 -0.010007
v 0.00471 0.53004903 -0.010193
v -0.005193 0.51506001 -0.00743
v -0.006354 0.51713598 -0.004485
v -0.00696 0.51672399 -0.012523
v -0.004921 0.51958299 -0.01718
v 0.006065 0.533081 -0.008113
v 0.004852 0.52735698 -0.005765
v 0.00781 0.52765298 -0.002022
v 0.007744 0.52609801 0
v 0.00781 0.52765298 0.002022
v 0.004852 0.52735698 0.005765
v 0.001148 0.52142501 0.012712
v -0.00183 0.520509 0.01547
v 0.0009 0.52452701 0.011301
v -0.004921 0.51958299 0.01718
v -0.00696 0.51672399 0.012523
v -0.005193 0.51506001 0.00743
v 0.002446 0.52712297 0.010007
v 0.037122 0.50622398 0.017992
v 0.035966 0.50993901 0.01884
v 0.036541 0.51060802 0.016406
v 0.036273 0.5104 0.022003
v 0.034344 0.50438398 0.017578
v 0.032889 0.50345099 0.02184
v 0.03376 0.50631398 0.0225
v 0.036654 0.504179 0.016741
v -0.014811 0.518843 0.009001
v -0.013854 0.517851 0.011209
v -0.011146 0.51704502 0.010061
v -0.008526 0.51542598 0.007914
v 0.00471 0.53004903 0.010193
v 0.006065 0.533081 0.008113
v -0.030117 0.51471198 -0.011115
v -0.033185 0.51376098 -0.009331
v -0.027444 0.51638001 -0.013304
v -0.02504 0.51893002 -0.014677
v -0.022297 0.52149397 -0.014148
v -0.035751 0.51493198 -0.000981
v -0.033388 0.51541197 0
v -0.035751 0.51493198 0.000981
v -0.036698 0.51418197 -0.00821
v -0.030117 0.51471198 0.011115
v -0.033185 0.51376098 0.009331
v -0.027444 0.51638001 0.013304
v -0.036698 0.51418197 0.00821
v -0.02504 0.51893002 0.014677
v -0.022297 0.52149397 0.014148
v -0.020606 0.51726699 0.011005
v -0.021074 0.51936698 0.007634
v -0.022946 0.51748598 0.013696
v -0.019117 0.52316302 -0.013187
v -0.018026 0.52329397 -0.016496
v -0.015509 0.52155501 -0.018212
v -0.012146 0.52006501 -0.017893
v -0.013479 0.51866698 -0.013971
v -0.011146 0.51704502 -0.010061
v -0.011926 0.51686299 -0.00815
v -0.00056 0.53629202 -0.042595
v -0.001974 0.53362501 -0.046938
v -7.6E-05 0.53696698 -0.045121
v 0.008175 0.53483301 -0.045912
v 0.00332 0.52773398 -0.036036
v 0.003246 0.53067201 -0.038276
v 0.004501 0.53363001 -0.040032
v 0.004972 0.53133899 -0.032621
v 0.004897 0.53021699 -0.028428
v -0.002857 0.530563 -0.05037
v -0.003956 0.52739602 -0.053847
v -0.011073 0.51932299 -0.029541
v -0.014042 0.51736599 -0.031569
v -0.017711 0.51513398 -0.031908
v -0.008167 0.517061 -0.027416
v -0.004427 0.51836997 -0.026287
v -0.010445 0.51583898 -0.037732
v -0.007146 0.51528698 -0.040194
v -0.015733 0.51458198 -0.035241
v -0.002858 0.51175898 -0.043071
v -0.003552 0.515679 -0.049485
v -0.018653 0.51618701 -0.03578
v -0.018638 0.51365697 -0.036066
v -0.005869 0.52330798 -0.055751
v -0.006438 0.51861501 -0.055394
v 0.021293 0.53373998 -0.021623
v 0.018269 0.53557003 -0.023233
v 0.058378 0.51104498 -0.006421
v 0.059828 0.510764 -0.006612
v 0.061362 0.51060802 -0.006595
v 0.062863 0.51053202 -0.006082
v 0.075284 0.50091302 -0.003161
v 0.069267 0.50706398 -0.002124
v 0.07758 0.49748999 -0.001352
v 0.080119 0.49629399 -0.001625
v 0.078653 0.49636999 -0.003502
v 0.069765 0.49890399 0.022802
v 0.068098 0.499414 0.022209
v 0.069938 0.49937099 0.021807
v 0.065534 0.51142699 0.021736
v 0.070725 0.49667299 0.020453
v 0.070348 0.496297 0.01857
v 0.069713 0.49665001 0.022121
v 0.073255 0.49610201 0.019221
v 0.070629 0.49631 0.017602
v 0.072892 0.53169698 0.023683
v 0.068213 0.52713799 0.023703
v 0.064761 0.519692 0.026316
v 0.069404 0.53014803 0.02289
v 0.076577 0.53558201 0.020112
v 0.076992 0.532314 0.020566
v 0.077407 0.491328 0.016006
v 0.076613 0.49092799 0.017272
v 0.074495 0.49097499 0.018629
v 0.075636 0.49039999 0.017819
v 0.077769 0.49195001 0.014426
v 0.072973 0.49225801 0.019028
v 0.077758 0.49165899 0.014246
v 0.080163 0.489831 0.009609
v 0.080304 0.489535 0.010654
v 0.079304 0.48986399 0.012738
v 0.077941 0.49039999 0.013298
v 0.029334 0.51602602 0.013713
v 0.030145 0.51290601 0.014186
v 0.031807 0.50916201 0.013986
v 0.037462 0.502823 0.016816
v 0.03941 0.50199401 0.017548
v 0.041936 0.50600201 0.01853
v 0.039942 0.50127 0.019186
v 0.058844 0.51075399 -0.002605
v 0.050285 0.51301003 0
v 0.058844 0.51075399 0.002605
v 0.058378 0.51104498 0.006421
v 0.059828 0.510764 0.006612
v 0.058245 0.51001 0.011318
v 0.060251 0.50940698 0.010787
v 0.058699 0.50752598 0.013254
v 0.05157 0.50203502 0.01485
v 0.053961 0.50179601 0.015411
v 0.024985 0.53222698 0.017023
v 0.043667 0.50439602 0.017967
v 0.045523 0.50389302 0.016683
v 0.046476 0.50388998 0.015996
v 0.048394 0.50281602 0.016788
v 0.080137 0.49128699 0.00809
v 0.079657 0.49696401 0
v 0.07758 0.49748999 0.001352
v 0.077838 0.495067 0.005515
v 0.07683 0.49758601 0.002518
v 0.076258 0.49727499 0.004254
v 0.078623 0.494515 0.006879
v 0.078634 0.49753401 -0.001762
v 0.076227 0.50134999 -0.001447
v 0.010794 0.53711301 -0.046246
v 0.013732 0.53720701 -0.045839
v 0.015633 0.53392601 -0.045223
v 0.017998 0.53158301 -0.044552
v 0.021191 0.53094101 -0.043979
v 0.023667 0.53207499 -0.041857
v -0.005381 0.55065 -0.064942
v 0.00103 0.55201 -0.063452
v 0.00694 0.55496699 -0.062439
v 0.012821 0.55815297 -0.06182
v -0.001787 0.53438598 -0.05844
v -0.004123 0.53255302 -0.057026
v -0.006601 0.53857797 -0.064431
v -0.002742 0.53549302 -0.060604
v -0.010901 0.55362099 -0.066746
v 0.031933 0.59705502 -0.062243
v 0.026287 0.597251 -0.064086
v 0.076791 0.60463899 -0.019488
v 0.076076 0.60818899 -0.018685
v 0.041524 0.61003298 -0.054822
v 0.046693 0.60994202 -0.052326
v 0.051719 0.61006302 -0.049549
v 0.056544 0.61038798 -0.0464
v 0.061237 0.61088997 -0.043075
v 0.065606 0.61139399 -0.039275
v 0.068989 0.612836 -0.034702
v 0.071494 0.61366099 -0.02943
v 0.073099 0.613446 -0.023691
v 0.036389 0.60979003 -0.057367
v 0.073866 0.61322802 -0.017775
v 0.030938 0.60929 -0.058805
v 0.073396 0.561818 0.011145
v 0.07337 0.56581402 0.012989
v 0.074827 0.56867802 0.01514
v 0.076763 0.57248199 0.018324
v 0.075533 0.551171 0.011494
v 0.075992 0.54738301 0.014242
v 0.075106 0.54407799 0.017323
v 0.077225 0.60439301 -0.012971
v 0.077531 0.603894 -0.006495
v 0.07774 0.60408902 0
v 0.077531 0.603894 0.006495
v 0.077225 0.60439301 0.012971
v 0.076791 0.60463899 0.019488
v 0.080144 0.57975 0.020611
v 0.078396 0.57558501 0.02164
v 0.07709 0.57381999 0.022199
v 0.079567 0.58505702 0.02566
v 0.078016 0.59270197 0.025259
v 0.075543 0.603517 0.025732
v 0.019068 0.53592598 -0.019088
v 0.01719 0.54123098 -0.010448
v 0.015238 0.53560698 -0.014499
v 0.014836 0.53672302 -0.007029
v 0.019469 0.535339 -0.002285
v 0.017392 0.53541303 0
v 0.019469 0.535339 0.002285
v 0.014836 0.53672302 0.007029
v 0.01719 0.54123098 0.010448
v 0.022179 0.53426498 0.019061
v 0.019068 0.53592598 0.019088
v 0.015238 0.53560698 0.014499
v 0.075869 0.538607 0.020672
v 0.032811 0.51965302 0.014737
v 0.031786 0.52473801 0.015082
v 0.036082 0.52304 0.014545
v 0.063663 0.51011598 -0.004966
v 0.063961 0.50959098 -0.003475
v 0.064594 0.50951499 -0.002054
v 0.065025 0.50935602 -0.000565
v 0.020215 0.53876001 -0.02334
v 0.01801 0.54089999 -0.025175
v 0.020479 0.59755898 -0.065491
v 0.012945 0.57067102 -0.0652
v 0.012029 0.58554101 -0.066577
v 0.01467 0.59677798 -0.066633
v 0.015607 0.530922 -0.037427
v 0.013698 0.53379399 -0.038654
v 0.018681 0.53281897 -0.031287
v 0.015761 0.53119498 -0.032163
v 0.015292 0.53545099 -0.018951
v 0.017022 0.53875297 -0.019734
v -0.002713 0.52472299 -0.01593
v -0.004517 0.52792501 -0.01367
v -0.001309 0.52813101 -0.01511
v 0.001306 0.53099102 -0.014553
v 0.002514 0.53461802 -0.012987
v 0.005695 0.53568798 -0.011019
v 0.008351 0.53833002 -0.010619
v -0.009205 0.516536 -0.006495
v -0.008526 0.51542598 -0.007914
v -0.010273 0.51756197 -0.013463
v -0.008452 0.51940298 -0.017954
v -0.004414 0.52165997 -0.017717
v 0.008581 0.53575802 -0.007002
v 0.010248 0.541978 -0.010325
v 0.007439 0.52967 -0.006481
v 0.010773 0.52950799 -0.002094
v 0.010518 0.527933 0
v 0.010773 0.52950799 0.002094
v 0.007439 0.52967 0.006481
v 0.008581 0.53575802 0.007002
v 0.001306 0.53099102 0.014553
v -0.001309 0.52813101 0.01511
v -0.004517 0.52792501 0.01367
v -0.002713 0.52472299 0.01593
v 0.002514 0.53461802 0.012987
v -0.008452 0.51940298 0.017954
v -0.004414 0.52165997 0.017717
v -0.010273 0.51756197 0.013463
v 0.005695 0.53568798 0.011019
v 0.034771 0.51095903 0.014603
v 0.041227 0.51087803 0.023395
v 0.035334 0.50648397 0.021643
v 0.034438 0.508358 0.021624
v 0.037135 0.51307601 0.016088
v 0.037624 0.51023799 0.023805
v 0.034437 0.50295401 0.018118
v 0.033989 0.504942 0.0245
v 0.033969 0.5036 0.023071
v 0.03524 0.50339001 0.020495
v 0.036298 0.50330001 0.021775
v 0.035433 0.50611901 0.024805
v 0.035248 0.501899 0.01837
v 0.036028 0.50070202 0.01914
v -0.020454 0.51946598 0.013697
v -0.017269 0.51825202 0.011203
v -0.016792 0.51931602 0.013961
v -0.013479 0.51866698 0.013971
v -0.017956 0.52009302 0.008072
v 0.008351 0.53833002 0.010619
v 0.010248 0.541978 0.010325
v -0.033019 0.515567 -0.015922
v -0.03659 0.51473999 -0.014703
v -0.029565 0.51692402 -0.016928
v -0.026229 0.51886702 -0.016983
v -0.023254 0.52123898 -0.015856
v -0.020413 0.523664 -0.016619
v -0.036648 0.51582599 0
v -0.040181 0.51555997 -0.007803
v -0.039042 0.515679 -0.001908
v -0.0398 0.51714599 0
v -0.040181 0.51555997 0.007803
v -0.039042 0.515679 0.001908
v -0.040303 0.51459801 -0.013712
v -0.029565 0.51692402 0.016928
v -0.033019 0.515567 0.015922
v -0.026229 0.51886702 0.016983
v -0.03659 0.51473999 0.014703
v -0.023254 0.52123898 0.015856
v -0.040303 0.51459801 0.013712
v -0.020413 0.523664 0.016619
v -0.019117 0.52316302 0.013187
v -0.018618 0.52181298 -0.019974
v -0.015519 0.52066398 -0.020053
v -0.011653 0.52081299 -0.019961
v -0.007964 0.52065998 -0.018968
v -0.007573 0.53127497 -0.059819
v 0.00555 0.536928 -0.040717
v 0.005286 0.53395998 -0.035503
v 0.008115 0.52942502 -0.029045
v 0.007514 0.53344202 -0.035249
v -0.004732 0.52860802 -0.027183
v -0.002613 0.52896303 -0.025881
v -0.003753 0.52313399 -0.026101
v -0.010749 0.52792799 -0.059161
v -0.011507 0.52354097 -0.058582
v -0.018424 0.51903898 -0.025459
v -0.022187 0.51814002 -0.024387
v -0.021691 0.51419699 -0.031168
v -0.022368 0.51608801 -0.035962
v -0.025529 0.51696903 -0.023325
v -0.014989 0.519481 -0.02519
v -0.012406 0.51955098 -0.022565
v -0.009096 0.52035898 -0.021141
v -0.01288 0.51363701 -0.037104
v -0.010574 0.51500601 -0.039999
v -0.004107 0.50774997 -0.042707
v -0.002743 0.51182902 -0.047557
v -0.005739 0.51410198 -0.053542
v -0.021677 0.51379198 -0.037007
v -0.016306 0.51279002 -0.03738
v -0.008803 0.51489699 -0.055618
v -0.009341 0.517465 -0.05652
v -0.01031 0.52031797 -0.057345
v 0.012828 0.53487599 -0.016782
v 0.009174 0.53394002 -0.016563
v 0.014786 0.53512299 -0.025681
v 0.00626 0.53246301 -0.015777
v 0.068956 0.50693202 0
v 0.065106 0.50948 0
v 0.07746 0.50213301 0
v 0.079901 0.49790701 0
v 0.063359 0.500081 0.024722
v 0.062855 0.50031698 0.023507
v 0.064678 0.49928501 0.022092
v 0.065353 0.49811199 0.020658
v 0.066263 0.49871701 0.021548
v 0.068077 0.496786 0.023001
v 0.066105 0.49707201 0.022122
v 0.060453 0.501715 0.025968
v 0.062521 0.51439101 0.026592
v 0.062602 0.51123202 0.025055
v 0.070443 0.49283099 0.020269
v 0.070955 0.492769 0.019087
v 0.06921 0.49282899 0.021914
v 0.067328 0.49234399 0.022184
v 0.074961 0.53615803 0.02528
v 0.072164 0.53368199 0.031031
v 0.068962 0.52829701 0.028122
v 0.063187 0.518363 0.032121
v 0.066164 0.52341902 0.03461
v 0.074886 0.490347 0.014886
v 0.075642 0.49089599 0.014315
v 0.073598 0.489568 0.01645
v 0.076874 0.49199101 0.014141
v 0.070549 0.492603 0.018127
v 0.070983 0.49260899 0.018383
v 0.071612 0.490659 0.016869
v 0.078402 0.49125299 0.010458
v 0.077179 0.49154499 0.012301
v 0.076243 0.49254599 0.013999
v 0.032771 0.51471502 0.014618
v 0.035687 0.51604301 0.014933
v 0.037292 0.499935 0.01984
v 0.040087 0.50132501 0.020637
v 0.040834 0.50192797 0.020304
v 0.038353 0.50018698 0.021528
v 0.042678 0.50008398 0.017602
v 0.059385 0.51092899 -0.001375
v 0.052106 0.51275301 0
v 0.059385 0.51092899 0.001375
v 0.061362 0.51060802 0.006595
v 0.062863 0.51053202 0.006082
v 0.063663 0.51011598 0.004966
v 0.063961 0.50959098 0.003475
v 0.06234 0.50897902 0.010562
v 0.06428 0.50805998 0.010167
v 0.060535 0.50696301 0.013666
v 0.061927 0.505597 0.01424
v 0.056353 0.50206 0.01604
v 0.051451 0.503223 0.015615
v 0.049289 0.502774 0.017073
v 0.055194 0.50295103 0.017534
v 0.033327 0.52890497 0.014628
v 0.045756 0.498337 0.017115
v 0.047085 0.49835601 0.017895
v 0.047943 0.498476 0.018884
v 0.078046 0.49584699 0.006819
v 0.076252 0.49673 0.007538
v 0.075027 0.496676 0.008954
v 0.080119 0.49629399 0.001625
v 0.078653 0.49636999 0.003502
v 0.079383 0.49613401 0.006255
v 0.079977 0.49579 0.007328
v 0.076593 0.497114 0.006007
v 0.009001 0.53719199 -0.040066
v 0.012107 0.53705901 -0.039336
v -0.004869 0.56511903 -0.068556
v 0.000791 0.56809902 -0.068096
v 0.006926 0.56951803 -0.066843
v -0.011111 0.56509501 -0.0685
v -0.009099 0.53934503 -0.065384
v -0.015606 0.55862999 -0.068016
v -0.017109 0.56746 -0.068383
v 0.025955 0.60930598 -0.06002
v 0.020686 0.60996997 -0.062099
v 0.076386 0.60799497 -0.012436
v 0.074292 0.61309201 -0.011824
v 0.040183 0.62217599 -0.048688
v 0.032475 0.62198102 -0.051806
v 0.04632 0.62212402 -0.044817
v 0.054089 0.62364697 -0.038505
v 0.059564 0.62491202 -0.032141
v 0.062173 0.62557101 -0.027247
v 0.064945 0.62506402 -0.021873
v 0.067891 0.62340897 -0.016015
v 0.028284 0.62209803 -0.05356
v 0.069045 0.62298298 -0.011284
v 0.024585 0.62190199 -0.054173
v 0.069426 0.56539398 0.013639
v 0.070517 0.56096202 0.012657
v 0.070927 0.54967397 0.010394
v 0.070113 0.56945503 0.015021
v 0.071755 0.57255799 0.018337
v 0.072146 0.57467401 0.022304
v 0.070399 0.54541099 0.013927
v 0.070032 0.54313803 0.017305
v 0.074051 0.54033703 0.02292
v 0.06915 0.53924298 0.02343
v 0.07672 0.60817897 -0.006207
v 0.076969 0.60872102 0
v 0.07672 0.60817897 0.006207
v 0.076386 0.60799497 0.012436
v 0.076076 0.60818899 0.018685
v 0.075408 0.607651 0.024844
v 0.075634 0.57309097 0.030807
v 0.076411 0.574983 0.031665
v 0.076357 0.578035 0.032736
v 0.076744 0.58303201 0.031591
v 0.070646 0.57545298 0.02962
v 0.075831 0.59042197 0.031098
v 0.07367 0.60128498 0.03164
v 0.073538 0.60678297 0.030719
v 0.015261 0.53976297 -0.013765
v 0.014132 0.54003602 -0.009357
v 0.012415 0.53391898 -0.006192
v 0.01639 0.53367001 -0.002628
v 0.014457 0.53396398 0
v 0.01639 0.53367001 0.002628
v 0.012415 0.53391898 0.006192
v 0.014132 0.54003602 0.009357
v 0.015261 0.53976297 0.013765
v 0.031963 0.53224099 0.016671
v 0.028477 0.53213102 0.018492
v 0.017022 0.53875297 0.019734
v 0.038504 0.51756799 0.015946
v 0.036152 0.52633297 0.017035
v 0.036709 0.51793402 0.01836
v 0.059665 0.51094502 -0.000416
v 0.060247 0.51125199 0
v 0.011063 0.53665203 -0.027147
v 0.016968 0.53658003 -0.026976
v 0.015016 0.61059201 -0.062708
v 0.006075 0.58412099 -0.067679
v 0.008939 0.59555 -0.067802
v 0.009373 0.612607 -0.063525
v 0.013143 0.53150499 -0.033074
v 0.010554 0.53311002 -0.034123
v 0.015283 0.532323 -0.028078
v 0.013968 0.54289597 -0.011758
v -0.0056 0.52165997 -0.021719
v -0.003356 0.52410799 -0.021318
v -0.002516 0.528193 -0.019592
v -0.001657 0.532157 -0.018816
v 0.00122 0.53139901 -0.020279
v 0.004071 0.53082699 -0.018944
v 0.011246 0.53836101 -0.007709
v 0.0102 0.531371 -0.005287
v 0.013717 0.53134602 -0.00253
v 0.01223 0.53120899 0
v 0.013717 0.53134602 0.00253
v 0.0102 0.531371 0.005287
v 0.011246 0.53836101 0.007709
v 0.013968 0.54289597 0.011758
v -0.001657 0.532157 0.018816
v 0.00122 0.53139901 0.020279
v 0.004071 0.53082699 0.018944
v -0.002516 0.528193 0.019592
v -0.0056 0.52165997 0.021719
v -0.003356 0.52410799 0.021318
v 0.00626 0.53246301 0.015777
v -0.007964 0.52065998 0.018968
v -0.009096 0.52035898 0.021141
v -0.012146 0.52006501 0.017893
v 0.009174 0.53394002 0.016563
v 0.042376 0.514965 0.023501
v 0.044149 0.51127899 0.02509
v 0.040657 0.50809199 0.024425
v 0.0374 0.50870103 0.02293
v 0.035723 0.51040798 0.023037
v 0.036394 0.51338297 0.019256
v 0.039764 0.50920099 0.024837
v 0.037408 0.50617498 0.026093
v 0.003479 0.50429398 0.033993
v 0.002855 0.50440001 0.032967
v 0.004415 0.50434297 0.033533
v 0.003418 0.50481403 0.031688
v 0.004694 0.50440001 0.032805
v 0.035887 0.50402498 0.025986
v 0.034714 0.50296801 0.025188
v 0.035964 0.50156498 0.025282
v 0.037117 0.50223398 0.02203
v 0.037654 0.50331098 0.025968
v -0.018026 0.52329397 0.016496
v -0.015509 0.52155501 0.018212
v 0.012828 0.53487599 0.016782
v 0.015292 0.53545099 0.018951
v -0.039359 0.51549399 -0.020188
v -0.042837 0.51650798 -0.02022
v -0.035798 0.51487601 -0.020782
v -0.032246 0.51505202 -0.021559
v -0.02879 0.515845 -0.0224
v -0.04346 0.51740998 -0.008068
v -0.042262 0.51691598 -0.00222
v -0.042951 0.51846498 0
v -0.043602 0.51656997 -0.014452
v -0.042262 0.51691598 0.00222
v -0.043602 0.51656997 0.014452
v -0.04346 0.51740998 0.008068
v -0.046204 0.51776201 -0.02088
v -0.032246 0.51505202 0.021559
v -0.035798 0.51487601 0.020782
v -0.02879 0.515845 0.0224
v -0.039359 0.51549399 0.020188
v -0.025529 0.51696903 0.023325
v -0.042837 0.51650798 0.02022
v -0.022187 0.51814002 0.024387
v -0.046204 0.51776201 0.02088
v -0.018424 0.51903898 0.025459
v -0.018618 0.52181298 0.019974
v 0.008787 0.53281599 -0.029907
v -0.000133 0.531443 -0.025545
v -0.016294 0.53440303 -0.061238
v -0.018488 0.52734798 -0.058228
v -0.015121 0.523265 -0.057749
v -0.012425 0.51955402 -0.057414
v -0.025688 0.51554602 -0.03254
v -0.025678 0.513147 -0.030638
v -0.026492 0.517654 -0.037915
v -0.02411 0.51574802 -0.038214
v -0.013829 0.51500702 -0.040585
v -0.0078 0.50765502 -0.042244
v -0.003079 0.50769502 -0.046372
v -0.005811 0.50447601 -0.045959
v -0.011 0.50747699 -0.041917
v -0.005319 0.50985998 -0.050767
v -0.008687 0.51112002 -0.052505
v -0.008413 0.51303101 -0.054315
v -0.019594 0.51228702 -0.03819
v -0.017001 0.51487398 -0.041702
v -0.011404 0.51713598 -0.056262
v -0.010866 0.51456499 -0.055351
v -0.009994 0.51283997 -0.0538
v 0.069267 0.50706398 0.002124
v 0.065025 0.50935602 0.000565
v 0.076227 0.50134999 0.001447
v 0.059665 0.51094502 0.000416
v 0.078634 0.49753401 0.001762
v 0.057421 0.50247997 0.025754
v 0.058558 0.50121701 0.024118
v 0.059027 0.499616 0.021786
v 0.061256 0.50024098 0.023456
v 0.063347 0.49802199 0.023764
v 0.064308 0.49755999 0.022194
v 0.061508 0.498063 0.024157
v 0.064582 0.49691799 0.020633
v 0.065571 0.493016 0.021971
v 0.060582 0.510445 0.027327
v 0.056846 0.50940901 0.027624
v 0.054089 0.50199097 0.026122
v 0.053838 0.50239998 0.024642
v 0.056052 0.50238001 0.025717
v 0.061176 0.51503199 0.03102
v 0.067862 0.491478 0.019703
v 0.065108 0.49166799 0.020286
v 0.0716 0.53816998 0.03182
v 0.075076 0.53617603 0.031556
v 0.073577 0.534612 0.031387
v 0.068007 0.53119302 0.040618
v 0.069764 0.53291398 0.040096
v 0.063171 0.518071 0.03997
v 0.065715 0.52306801 0.041964
v 0.060908 0.51690799 0.038171
v 0.074097 0.49164999 0.014583
v 0.075032 0.49169001 0.014125
v 0.072941 0.491579 0.014789
v 0.071999 0.49188399 0.015663
v 0.069927 0.49304399 0.017521
v 0.069474 0.49314299 0.01773
v 0.075007 0.49548399 0.011633
v 0.075146 0.494894 0.01249
v 0.07506 0.493922 0.012687
v 0.072873 0.49488699 0.012396
v 0.037699 0.50159901 0.022914
v 0.041116 0.49994701 0.020726
v 0.040513 0.50178099 0.021778
v 0.041719 0.499549 0.021562
v 0.041714 0.498851 0.020729
v 0.04301 0.497237 0.019901
v 0.044555 0.49653599 0.019871
v 0.054021 0.51268703 0
v 0.064594 0.50951499 0.002054
v 0.066167 0.50779003 0.009174
v 0.067998 0.508026 0.008318
v 0.068432 0.507631 0.006264
v 0.068674 0.506962 0.004296
v 0.063693 0.50477999 0.01445
v 0.065332 0.50391197 0.013806
v 0.066947 0.50337797 0.012811
v 0.058736 0.50194001 0.016265
v 0.061035 0.50111902 0.015625
v 0.056299 0.50259697 0.017653
v 0.054064 0.49654299 0.016858
v 0.050766 0.49716699 0.015623
v 0.049132 0.49764499 0.016912
v 0.056101 0.49737701 0.018237
v 0.055374 0.49661699 0.017875
v 0.033035 0.52598101 0.020109
v 0.045672 0.496472 0.020171
v 0.046367 0.49665099 0.020163
v 0.048063 0.497991 0.020206
v 0.048655 0.49730399 0.020862
v 0.076368 0.49788699 0.007054
v 0.075918 0.49827701 0.007443
v 0.074912 0.49790901 0.008694
v 0.074553 0.497578 0.010453
v 0.07739 0.497879 0.003839
v 0.078568 0.49649999 0.005168
v 0.078653 0.496519 0.007601
v -0.012242 0.58176202 -0.069624
v -0.005983 0.582156 -0.069417
v 0.000143 0.58257699 -0.068688
v -0.018415 0.581626 -0.069144
v -0.019208 0.540829 -0.061002
v -0.021552 0.56176299 -0.067189
v -0.014516 0.54378402 -0.066432
v -0.023058 0.57002801 -0.06791
v -0.024113 0.58413303 -0.068178
v 0.020948 0.62248403 -0.054868
v 0.014746 0.62269402 -0.05603
v 0.074332 0.61404002 -0.005927
v 0.069762 0.62325001 -0.00712
v 0.033996 0.63297999 -0.039865
v 0.040102 0.632743 -0.03628
v 0.027929 0.63329899 -0.042715
v 0.04674 0.63272601 -0.031695
v 0.052771 0.63241601 -0.025439
v 0.057742 0.63315302 -0.015273
v 0.059444 0.63355303 -0.009916
v 0.060485 0.63361198 0
v 0.021876 0.632873 -0.044494
v 0.04385 0.55902398 0.017598
v 0.04374 0.55571198 0.019005
v 0.045474 0.55072302 0.021061
v 0.04378 0.562038 0.017285
v 0.049628 0.54754603 0.022075
v 0.044533 0.56671202 0.017719
v 0.044218 0.57027102 0.019547
v 0.043958 0.56394899 0.023006
v 0.054726 0.54656798 0.022912
v 0.060053 0.54366499 0.024298
v 0.067774 0.53781402 0.030516
v 0.061905 0.54236299 0.025346
v 0.074434 0.61436802 0
v 0.074332 0.61404002 0.005927
v 0.074292 0.61309201 0.011824
v 0.073866 0.61322802 0.017775
v 0.073099 0.613446 0.023691
v 0.071494 0.61366099 0.02943
v 0.072607 0.56973702 0.039403
v 0.073079 0.57103199 0.04086
v 0.067074 0.57268202 0.040506
v 0.07102 0.574884 0.042161
v 0.073244 0.58185399 0.037356
v 0.072645 0.58828402 0.036485
v 0.043456 0.56687599 0.024715
v 0.070909 0.599976 0.037243
v 0.070997 0.60492897 0.036067
v 0.068989 0.612836 0.034702
v 0.028383 0.52519202 0.02067
v 0.024597 0.53152698 0.019963
v 0.025701 0.52524 0.023039
v 0.032852 0.511751 0.020052
v 0.03406 0.51752102 0.019922
v 0.032716 0.51409101 0.021258
v 0.056031 0.51276201 0
v 0.00886 0.534356 -0.024716
v 0.006059 0.53220803 -0.02259
v 0.001535 0.62246501 -0.056995
v 0.003116 0.59492999 -0.068829
v -0.000378 0.612486 -0.064488
v 0.011904 0.52912402 -0.030313
v 0.002226 0.53031701 -0.022822
v 0.00886 0.534356 0.024716
v 0.011063 0.53665203 0.027147
v 0.002226 0.53031701 0.022822
v 0.006059 0.53220803 0.02259
v 0.014786 0.53512299 0.025681
v -0.000133 0.531443 0.025545
v -0.002613 0.52896303 0.025881
v -0.004732 0.52860802 0.027183
v 0.018269 0.53557003 0.023233
v -0.003753 0.52313399 0.026101
v -0.012406 0.51955098 0.022565
v -0.011653 0.52081299 0.019961
v 0.021293 0.53373998 0.021623
v 0.047611 0.51310498 0.02672
v 0.046048 0.51026702 0.022375
v 0.043155 0.50732899 0.021396
v 0.040674 0.50870198 0.024251
v 0.045203 0.51587999 0.026147
v 0.04255 0.51912999 0.021962
v 0.048114 0.51697701 0.027157
v 0.039446 0.512164 0.022196
v 0.037185 0.51353002 0.022199
v 0.038983 0.50566798 0.025776
v 0.038753 0.502249 0.025257
v 0.004139 0.516675 0.034858
v 0.004282 0.50457901 0.032262
v 0.00272 0.51758999 0.037043
v 0.001166 0.51834399 0.03731
v -0.001205 0.51945502 0.036492
v 0.000124 0.51798397 0.035147
v 0.002932 0.51747 0.033187
v 0.037597 0.50218099 0.025472
v 0.038758 0.501508 0.024194
v -0.015519 0.52066398 0.020053
v -0.037592 0.515459 -0.029829
v -0.03365 0.51410598 -0.030082
v -0.029665 0.51297599 -0.030308
v -0.046815 0.51889598 -0.008732
v -0.045506 0.51770103 -0.002756
v -0.045958 0.51844603 -0.00035
v -0.046885 0.51820099 -0.015908
v -0.046277 0.51862901 0
v -0.045506 0.51770103 0.002756
v -0.045958 0.51844603 0.00035
v -0.049596 0.51947802 -0.020916
v -0.046815 0.51889598 0.008732
v -0.049596 0.51947802 0.020916
v -0.046885 0.51820099 0.015908
v -0.041373 0.517138 -0.029599
v -0.021691 0.51419699 0.031168
v -0.025678 0.513147 0.030638
v -0.029665 0.51297599 0.030308
v -0.03365 0.51410598 0.030082
v -0.017711 0.51513398 0.031908
v -0.037592 0.515459 0.029829
v -0.014042 0.51736599 0.031569
v -0.041373 0.517138 0.029599
v -0.014989 0.519481 0.02519
v -0.004427 0.51836997 0.026287
v -0.008167 0.517061 0.027416
v -0.011073 0.51932299 0.029541
v -0.017841 0.53365701 -0.059383
v -0.024103 0.53444803 -0.058468
v -0.021339 0.52226001 -0.055559
v -0.024547 0.52576399 -0.056045
v -0.027716 0.52927399 -0.056394
v -0.018071 0.51881701 -0.05528
v -0.015172 0.51515299 -0.054547
v -0.03008 0.515971 -0.031355
v -0.02943 0.51799399 -0.036546
v -0.022349 0.51374698 -0.039594
v -0.02522 0.515535 -0.04071
v -0.006886 0.50702399 -0.048254
v -0.014376 0.50794101 -0.04367
v -0.009337 0.505777 -0.046717
v -0.020262 0.51522899 -0.042254
v -0.01047 0.50820601 -0.050528
v -0.012217 0.51133001 -0.053561
v 0.075284 0.50091302 0.003161
v 0.074708 0.50078899 0.005123
v 0.057902 0.49878901 0.024344
v 0.058466 0.498108 0.021586
v 0.057977 0.49836701 0.02249
v 0.057561 0.49840501 0.025875
v 0.056183 0.49829701 0.02584
v 0.062569 0.49339399 0.023223
v 0.064231 0.49275801 0.02124
v 0.063498 0.49279001 0.022171
v 0.060453 0.49263099 0.023292
v 0.059624 0.49380201 0.023504
v 0.063809 0.492989 0.020926
v 0.057471 0.51309001 0.029571
v 0.051735 0.51102 0.027565
v 0.052461 0.51521301 0.028433
v 0.050811 0.50394797 0.026317
v 0.049843 0.50244701 0.022759
v 0.048696 0.50376397 0.024633
v 0.050688 0.50231898 0.023799
v 0.052893 0.50235099 0.025102
v 0.053785 0.49957499 0.025714
v 0.058378 0.51693302 0.034648
v 0.066236 0.49284801 0.018135
v 0.064673 0.49365601 0.018639
v 0.063373 0.494977 0.019279
v 0.070546 0.535815 0.039075
v 0.069943 0.53860199 0.037496
v 0.066126 0.538194 0.035964
v 0.067942 0.53300202 0.04414
v 0.068725 0.538302 0.042374
v 0.061326 0.51901501 0.045541
v 0.06183 0.524324 0.047865
v 0.059233 0.51744699 0.044312
v 0.065609 0.53406101 0.046496
v 0.057089 0.51779503 0.042445
v 0.070322 0.495159 0.013449
v 0.071547 0.495213 0.012033
v 0.069748 0.494506 0.014777
v 0.069558 0.49377099 0.017115
v 0.068587 0.49278599 0.01679
v 0.067434 0.491965 0.015934
v 0.07357 0.49779299 0.012072
v 0.072688 0.49813399 0.011965
v 0.040261 0.50161898 0.02205
v 0.043783 0.49987799 0.02182
v 0.042705 0.50022501 0.025114
v 0.041164 0.500229 0.02432
v 0.040075 0.50013298 0.023317
v 0.045095 0.49885699 0.021358
v 0.045558 0.49910301 0.021576
v 0.046377 0.49803799 0.021831
v 0.068563 0.50349998 0.011682
v 0.070374 0.503286 0.01095
v 0.07192 0.50274801 0.010055
v 0.072746 0.50247103 0.008193
v 0.073855 0.50160903 0.006723
v 0.063394 0.50062603 0.015387
v 0.065699 0.50039703 0.014828
v 0.067879 0.499881 0.013713
v 0.059834 0.502446 0.015399
v 0.05657 0.496829 0.017154
v 0.057552 0.496656 0.015765
v 0.059148 0.49639001 0.015408
v 0.053774 0.49420199 0.018797
v 0.052153 0.49387801 0.018796
v 0.050587 0.494331 0.018876
v 0.048696 0.496342 0.018869
v 0.056208 0.49619499 0.018726
v 0.058284 0.49333301 0.018438
v 0.055437 0.495002 0.018701
v 0.030998 0.51845801 0.020484
v 0.031013 0.52078998 0.021112
v 0.031242 0.52401102 0.02079
v 0.00089 0.53340602 0.029759
v 0.047485 0.49802601 0.022359
v 0.04869 0.49818599 0.021409
v 0.049588 0.49610701 0.022845
v 0.049656 0.49608099 0.021636
v 0.077268 0.49687001 0.008448
v 0.0769 0.496591 0.010435
v 0.077253 0.49637601 0.01196
v 0.075958 0.49694699 0.011538
v 0.077109 0.498225 0.006324
v -0.011334 0.59595299 -0.069729
v -0.01702 0.59783697 -0.069104
v -0.002823 0.59505498 -0.069556
v -0.022806 0.599356 -0.068304
v -0.030939 0.54069197 -0.058833
v -0.023811 0.546947 -0.061976
v -0.032097 0.54405701 -0.059553
v -0.027718 0.53760701 -0.05815
v -0.0279 0.56121099 -0.065365
v -0.029165 0.57053298 -0.066257
v -0.029851 0.58629203 -0.066696
v -0.028584 0.59986699 -0.067028
v 0.016418 0.63334101 -0.044896
v 0.008544 0.63285202 -0.046612
v 0.069928 0.623402 0
v 0.023452 0.64210302 -0.02927
v 0.029257 0.64161199 -0.026693
v 0.034751 0.64182699 -0.022501
v 0.017671 0.64208001 -0.030738
v 0.039879 0.64200699 -0.016834
v 0.042867 0.64188403 -0.012118
v 0.044269 0.64237499 -0.008186
v 0.045253 0.64240497 0
v 0.069762 0.62325001 0.00712
v 0.059444 0.63355303 0.009916
v 0.069045 0.62298298 0.011284
v 0.044269 0.64237499 0.008186
v 0.043317 0.56179601 0.026034
v 0.043443 0.55547303 0.02243
v 0.044963 0.54898202 0.02499
v 0.050531 0.543899 0.028295
v 0.058193 0.54098499 0.029182
v 0.061459 0.540806 0.027092
v 0.067891 0.62340897 0.016015
v 0.064945 0.62506402 0.021873
v 0.062173 0.62557101 0.027247
v 0.068773 0.56520599 0.044559
v 0.069151 0.56797397 0.045707
v 0.064597 0.56691098 0.04428
v 0.067094 0.57216901 0.047425
v 0.069244 0.57996303 0.042549
v 0.068677 0.58676201 0.041448
v 0.066884 0.59946197 0.04216
v 0.067384 0.60374397 0.040831
v 0.065606 0.61139399 0.039275
v 0.059564 0.62491202 0.032141
v 0.029145 0.53024602 0.022478
v 0.030167 0.52721399 0.021363
v 0.024111 0.52988499 0.022654
v 0.028675 0.53362697 0.022887
v 0.038154 0.51683599 0.021142
v 0.029155 0.517488 0.020875
v 0.034152 0.51747 0.021376
v -0.006607 0.623115 -0.056758
v -0.006021 0.61190701 -0.065052
v -0.004978 0.63332802 -0.045961
v 0.016968 0.53658003 0.026976
v 0.015283 0.532323 0.028078
v 0.011904 0.52912402 0.030313
v 0.01801 0.54089999 0.025175
v 0.020215 0.53876001 0.02334
v 0.008787 0.53281599 0.029907
v 0.008115 0.52942502 0.029045
v 0.004897 0.53021699 0.028428
v 0.022799 0.53408802 0.023281
v 0.04263 0.50742602 0.024109
v 0.040843 0.50680703 0.022696
v 0.040659 0.504228 0.022494
v 0.039919 0.50466698 0.024077
v 0.045127 0.52074498 0.025608
v 0.042244 0.52330601 0.020698
v 0.048386 0.52087301 0.027578
v 0.040989 0.51574999 0.02103
v 0.053652 0.520702 0.030747
v 0.039514 0.50205702 0.023623
v 0.039772 0.501876 0.022944
v 0.002597 0.52783197 0.041665
v 0.002257 0.52168202 0.038098
v -0.000974 0.522053 0.039316
v -0.003316 0.52350199 0.038325
v -0.001646 0.52200103 0.036216
v -0.000183 0.52045298 0.033394
v 0.003475 0.51978999 0.032806
v -0.03868 0.51881802 -0.032108
v -0.034478 0.51718003 -0.031455
v -0.050409 0.51950699 -0.009685
v -0.048856 0.51822501 -0.003454
v -0.049275 0.51933098 -0.000845
v -0.050467 0.51935703 -0.01678
v -0.049635 0.518911 0
v -0.052791 0.521375 -0.02096
v -0.049275 0.51933098 0.000845
v -0.048856 0.51822501 0.003454
v -0.050409 0.51950699 0.009685
v -0.04491 0.51946098 -0.029459
v -0.050467 0.51935703 0.01678
v -0.04491 0.51946098 0.029459
v -0.052791 0.521375 0.02096
v -0.042803 0.52067697 -0.033039
v -0.022368 0.51608801 0.035962
v -0.018653 0.51618701 0.03578
v -0.025688 0.51554602 0.03254
v -0.03008 0.515971 0.031355
v -0.034478 0.51718003 0.031455
v -0.03868 0.51881802 0.032108
v -0.014533 0.51681399 0.033009
v -0.011012 0.51965702 0.03203
v -0.007604 0.523027 0.031837
v -0.042803 0.52067697 0.033039
v -0.001672 0.52963901 0.030735
v -0.004352 0.526281 0.031545
v -0.030996 0.53265297 -0.055972
v -0.030457 0.52348 -0.052654
v -0.033398 0.52649099 -0.052693
v -0.028303 0.52011698 -0.051249
v -0.035548 0.530128 -0.051811
v -0.038808 0.53263497 -0.051251
v -0.026265 0.51656002 -0.04969
v -0.023504 0.51363498 -0.048578
v -0.032491 0.518031 -0.035792
v -0.035437 0.51899803 -0.035455
v -0.028281 0.51712602 -0.041146
v -0.026948 0.51460701 -0.042668
v -0.023674 0.51494002 -0.042391
v -0.013079 0.50714999 -0.047505
v -0.017704 0.509031 -0.045388
v -0.016453 0.50946999 -0.047744
v -0.019938 0.51172799 -0.047993
v 0.075748 0.49884599 0.008392
v 0.057375 0.494378 0.023779
v 0.058095 0.49404401 0.022661
v 0.056236 0.495296 0.024997
v 0.054217 0.49579701 0.025058
v 0.063154 0.49295199 0.020417
v 0.061199 0.49184901 0.021301
v 0.059161 0.49245399 0.021819
v 0.057695 0.49452299 0.022296
v 0.046101 0.50564802 0.024862
v 0.047839 0.50508302 0.025541
v 0.0511 0.49974799 0.025077
v 0.04963 0.50002599 0.023252
v 0.048942 0.50089002 0.02451
v 0.048255 0.50176197 0.025757
v 0.051085 0.49676499 0.025454
v 0.055951 0.52185601 0.035961
v 0.056682 0.52106398 0.042
v 0.063151 0.49350101 0.017142
v 0.064321 0.49277601 0.015635
v 0.066136 0.49218401 0.015106
v 0.061695 0.493523 0.018781
v 0.061593 0.493954 0.017231
v 0.06735 0.54093999 0.042019
v 0.064933 0.54087597 0.040465
v 0.059155 0.544025 0.04706
v 0.060252 0.54496002 0.044968
v 0.054248 0.53738898 0.054336
v 0.05736 0.54096502 0.052509
v 0.053487 0.52449399 0.05454
v 0.055304 0.51782101 0.049665
v 0.050616 0.53627598 0.056598
v 0.054611 0.51656002 0.048201
v 0.053403 0.51844698 0.047999
v 0.05766 0.54470301 0.052237
v 0.069892 0.49784499 0.012635
v 0.06924 0.49487001 0.016146
v 0.068719 0.495886 0.014697
v 0.073195 0.49718899 0.012349
v 0.044344 0.49810401 0.025622
v 0.04083 0.50177598 0.024225
v 0.042971 0.50108403 0.025675
v 0.045053 0.49891701 0.026211
v 0.046224 0.498193 0.024705
v 0.070251 0.49976301 0.013095
v 0.072422 0.499506 0.012116
v 0.074336 0.499347 0.010392
v 0.06197 0.501055 0.016017
v 0.062158 0.50054502 0.01613
v 0.065107 0.50172698 0.013815
v 0.063263 0.50019097 0.01625
v 0.067335 0.50091499 0.013598
v 0.060508 0.49655101 0.015671
v 0.059207 0.49313399 0.018029
v 0.060223 0.49345699 0.016539
v 0.053104 0.49606201 0.021057
v 0.053994 0.49527299 0.02029
v 0.055821 0.49498099 0.019938
v 0.056949 0.49520999 0.020427
v 0.058738 0.49473199 0.020352
v 0.060582 0.49393901 0.018888
v 0.034554 0.521137 0.02082
v 0.034454 0.52487803 0.020327
v 0.034069 0.52860701 0.020337
v 0.033437 0.53219002 0.021198
v -0.002362 0.52573901 0.032812
v 0.000281 0.524409 0.031502
v 0.004739 0.524607 0.03481
v 0.004972 0.53133899 0.032621
v 0.048305 0.49835801 0.024279
v 0.049973 0.49841699 0.02312
v 0.050773 0.495076 0.024574
v 0.053295 0.49495199 0.024217
v -0.017268 0.61340302 -0.064048
v -0.022936 0.613401 -0.063508
v -0.01164 0.612508 -0.064722
v -0.02853 0.61306 -0.062513
v -0.032806 0.55725902 -0.06283
v -0.037176 0.53987801 -0.055338
v -0.041899 0.54304802 -0.054484
v -0.034189 0.53614199 -0.055481
v -0.03701 0.55250299 -0.059856
v -0.034652 0.56813198 -0.063842
v -0.0357 0.58598 -0.064484
v -0.034249 0.59930402 -0.065148
v -0.034029 0.61259198 -0.061039
v 0.010403 0.64244002 -0.030837
v -0.003313 0.64182401 -0.03211
v 0.01585 0.64701903 -0.017474
v 0.02011 0.64723098 -0.014926
v 0.023724 0.64735699 -0.011651
v 0.027059 0.64747697 -0.009332
v 0.029247 0.64741099 -0.006755
v 0.01024 0.64654702 -0.01928
v 0.030836 0.64739001 0
v 0.057742 0.63315302 0.015273
v 0.042867 0.64188403 0.012118
v 0.029247 0.64741099 0.006755
v 0.063279 0.56245202 0.045387
v 0.057989 0.55409098 0.044163
v 0.058284 0.54450703 0.043034
v 0.052771 0.63241601 0.025439
v 0.06257 0.56561798 0.050058
v 0.065058 0.564569 0.048913
v 0.065272 0.562455 0.046447
v 0.064648 0.577838 0.047069
v 0.064074 0.58646703 0.046079
v 0.062343 0.59748501 0.046189
v 0.062914 0.60336798 0.044973
v 0.061237 0.61088997 0.043075
v 0.054089 0.62364697 0.038505
v 0.04674 0.63272601 0.031695
v 0.032139 0.53479898 0.02322
v 0.026825 0.53514099 0.025181
v 0.029269 0.53587902 0.024959
v 0.02735 0.536704 0.027886
v 0.041632 0.51947403 0.019434
v 0.038549 0.52011901 0.019611
v 0.038668 0.52351499 0.018356
v -0.016713 0.62400299 -0.055423
v -0.013687 0.63415498 -0.043959
v -0.010322 0.642012 -0.031527
v 0.018681 0.53281897 0.031287
v 0.015761 0.53119498 0.032163
v 0.013143 0.53150499 0.033074
v 0.010554 0.53311002 0.034123
v 0.021405 0.53653002 0.027597
v 0.020343 0.53382701 0.028839
v 0.024629 0.53583002 0.027435
v 0.007514 0.53344202 0.035249
v 0.043 0.50565702 0.023274
v 0.041919 0.50516403 0.021625
v 0.040847 0.503667 0.022378
v 0.044822 0.52560902 0.024739
v 0.042087 0.52748799 0.019438
v 0.049147 0.52794403 0.027603
v 0.05206 0.52988303 0.030974
v 0.054185 0.533135 0.03404
v 0.006797 0.53135198 0.050151
v 0.004454 0.53007799 0.047383
v 0.003777 0.53097397 0.042873
v 0.008951 0.53396702 0.052254
v 0.005685 0.52092999 0.034409
v 0.001871 0.52467799 0.040102
v 0.00269 0.52669901 0.045997
v 0.00083 0.52288198 0.045482
v -0.001288 0.519508 0.045143
v -0.003323 0.52077198 0.041287
v -0.006558 0.52222502 0.038575
v -0.008642 0.52040601 0.035961
v -0.010019 0.51750302 0.035116
v -0.007135 0.523637 0.035844
v -0.005 0.52577001 0.034667
v -0.038313 0.52054 -0.035461
v -0.04125 0.521788 -0.035793
v -0.052147 0.51929402 -0.003725
v -0.053876 0.520307 -0.010633
v -0.052498 0.52057499 -0.001136
v -0.053972 0.52094299 -0.017272
v -0.052901 0.51982898 0
v -0.055175 0.52275699 -0.023486
v -0.052498 0.52057499 0.001136
v -0.04817 0.52225602 -0.029397
v -0.052147 0.51929402 0.003725
v -0.053876 0.520307 0.010633
v -0.053972 0.52094299 0.017272
v -0.046754 0.52290201 -0.033837
v -0.055175 0.52275699 0.023486
v -0.04817 0.52225602 0.029397
v -0.046754 0.52290201 0.033837
v -0.044169 0.52299303 -0.036248
v -0.021677 0.51379198 0.037007
v -0.018638 0.51365697 0.036066
v -0.026492 0.517654 0.037915
v -0.02411 0.51574802 0.038214
v -0.02943 0.51799399 0.036546
v -0.032491 0.518031 0.035792
v -0.035437 0.51899803 0.035455
v -0.038313 0.52054 0.035461
v -0.04125 0.521788 0.035793
v -0.012836 0.51591003 0.034783
v -0.015733 0.51458198 0.035241
v -0.044169 0.52299303 0.036248
v -0.04126 0.53553402 -0.0494
v -0.037415 0.52655399 -0.048175
v -0.04003 0.52961099 -0.048288
v -0.035115 0.52319902 -0.048032
v -0.032724 0.51995403 -0.047722
v -0.030547 0.51675099 -0.04657
v -0.042689 0.532381 -0.047414
v -0.044824 0.53512698 -0.045532
v -0.02807 0.51381201 -0.045394
v -0.024845 0.511545 -0.045173
v -0.03131 0.51889199 -0.041181
v -0.034473 0.52034003 -0.041307
v -0.029595 0.51664603 -0.043425
v -0.021272 0.510261 -0.045853
v 0.055087 0.493727 0.023089
v 0.046431 0.50245899 0.026753
v 0.041622 0.50321901 0.024209
v 0.044198 0.50258398 0.026144
v 0.050074 0.49803701 0.024899
v 0.049575 0.49924001 0.023173
v 0.048344 0.499594 0.025242
v 0.046917 0.49945599 0.026178
v 0.057407 0.52835602 0.042954
v 0.048558 0.52100497 0.052373
v 0.064862 0.495334 0.013672
v 0.063197 0.49562901 0.015247
v 0.062483 0.496658 0.017188
v 0.066926 0.49561301 0.013701
v 0.058956 0.55487299 0.04818
v 0.059657 0.55561203 0.051758
v 0.059674 0.55419499 0.046645
v 0.055429 0.54517299 0.052046
v 0.055773 0.541179 0.052638
v 0.054231 0.538791 0.052579
v 0.050257 0.53584802 0.054488
v 0.050189 0.52038401 0.055004
v 0.044209 0.530384 0.0612
v 0.041284 0.52725101 0.060509
v 0.047134 0.536861 0.058525
v 0.048602 0.51949698 0.053664
v 0.04628 0.53599101 0.056475
v 0.057577 0.55578399 0.052612
v 0.068397 0.50006503 0.013818
v 0.07013 0.498862 0.013891
v 0.038515 0.52705598 0.017211
v 0.0379 0.53055799 0.016866
v 0.036854 0.53356999 0.018698
v 0.036196 0.53532797 0.021953
v 0.00531 0.53374398 0.04449
v 0.00332 0.52773398 0.036036
v 0.003246 0.53067201 0.038276
v 0.004501 0.53363001 0.040032
v 0.00555 0.536928 0.040717
v 0.005286 0.53395998 0.035503
v -0.024166 0.62417603 -0.054585
v -0.031933 0.624708 -0.051716
v -0.039397 0.56452602 -0.061088
v -0.047938 0.54256999 -0.047996
v -0.044724 0.53749001 -0.048694
v -0.041951 0.54939699 -0.056607
v -0.044174 0.56159902 -0.057708
v -0.040714 0.58310199 -0.061898
v -0.039796 0.59813702 -0.063151
v -0.039385 0.611875 -0.059172
v -0.039787 0.62391102 -0.048629
v -0.00108 0.64670002 -0.019518
v -0.007902 0.64631599 -0.018822
v 0.017556 0.64885902 -0.005965
v 0.012915 0.64902002 -0.007682
v 0.00061 0.64904302 -0.009121
v 0.020896 0.64857203 0
v 0.039879 0.64200699 0.016834
v 0.034751 0.64182699 0.022501
v 0.027059 0.64747697 0.009332
v 0.060255 0.56512499 0.050062
v 0.059433 0.57389599 0.048035
v 0.058852 0.58640099 0.049855
v 0.057406 0.59610701 0.049913
v 0.057932 0.60290998 0.048346
v 0.056544 0.61038798 0.0464
v 0.04632 0.62212402 0.044817
v 0.051719 0.61006302 0.049549
v 0.040102 0.632743 0.03628
v 0.036557 0.53406799 0.025182
v 0.025536 0.53627902 0.03082
v 0.034578 0.53559899 0.027514
v 0.03296 0.53741401 0.030191
v 0.041389 0.52329099 0.017788
v 0.042634 0.53166902 0.017818
v 0.041232 0.52712703 0.016344
v -0.021121 0.634233 -0.042663
v -0.020648 0.64176399 -0.028472
v -0.015598 0.646222 -0.01779
v 0.018812 0.53078401 0.036475
v 0.015607 0.530922 0.037427
v 0.021508 0.53282303 0.035658
v 0.013698 0.53379399 0.038654
v 0.012107 0.53705901 0.039336
v 0.009001 0.53719199 0.040066
v 0.023565 0.53474897 0.033435
v 0.044929 0.53050601 0.024033
v 0.049896 0.534724 0.027447
v 0.045727 0.53508502 0.02276
v 0.050722 0.53908497 0.026818
v 0.057102 0.539258 0.038979
v 0.05747 0.53744602 0.045942
v 0.0497 0.54170799 0.032316
v 0.003404 0.533499 0.049198
v 0.004069 0.53167802 0.045808
v 0.005433 0.53396201 0.053137
v 0.001174 0.52860999 0.04326
v 0.012508 0.53542298 0.052268
v 0.009066 0.53343701 0.055139
v -0.000694 0.52592498 0.045247
v -0.001514 0.52314001 0.048907
v -0.003411 0.51982802 0.05053
v -0.002636 0.51578802 0.044154
v -0.004637 0.51735401 0.040976
v -0.008667 0.519171 0.038488
v -0.04066 0.52342498 -0.040565
v -0.037591 0.52183402 -0.041085
v -0.054972 0.52132601 -0.003728
v -0.056731 0.522618 -0.011234
v -0.055573 0.52226597 -0.001343
v -0.05683 0.52358598 -0.018199
v -0.056004 0.521281 0
v -0.057249 0.52555603 -0.024487
v -0.055573 0.52226597 0.001343
v -0.051287 0.52519399 -0.029593
v -0.054972 0.52132601 0.003728
v -0.050307 0.52588701 -0.033937
v -0.056731 0.522618 0.011234
v -0.05683 0.52358598 0.018199
v -0.057249 0.52555603 0.024487
v -0.046952 0.52455997 -0.036649
v -0.051287 0.52519399 0.029593
v -0.050307 0.52588701 0.033937
v -0.046952 0.52455997 0.036649
v -0.043897 0.52472401 -0.040432
v -0.016306 0.51279002 0.03738
v -0.01288 0.51363701 0.037104
v -0.010445 0.51583898 0.037732
v -0.019594 0.51228702 0.03819
v -0.022349 0.51374698 0.039594
v -0.02522 0.515535 0.04071
v -0.028281 0.51712602 0.041146
v -0.03131 0.51889199 0.041181
v -0.034473 0.52034003 0.041307
v -0.037591 0.52183402 0.041085
v -0.04066 0.52342498 0.040565
v -0.043897 0.52472401 0.040432
v -0.048448 0.53655398 -0.044842
v -0.045865 0.52891201 -0.043905
v -0.048711 0.53048599 -0.042938
v -0.042866 0.52745903 -0.044842
v -0.040014 0.52559 -0.045483
v -0.03733 0.52345198 -0.045314
v -0.034749 0.52121198 -0.044543
v -0.032158 0.519005 -0.043985
v -0.051006 0.532911 -0.042096
v -0.052842 0.53603899 -0.041353
v 0.048856 0.53515702 0.054083
v 0.040384 0.52659398 0.05939
v 0.040779 0.52775598 0.057949
v 0.055737 0.54597098 0.047754
v 0.056654 0.55583203 0.048913
v 0.054132 0.53957599 0.051445
v 0.043755 0.53575999 0.056417
v 0.037152 0.530828 0.061789
v 0.042565 0.53769499 0.059866
v 0.033335 0.53535199 0.062886
v 0.033582 0.53248602 0.062752
v 0.036501 0.53004098 0.060219
v 0.040924 0.53608 0.058666
v 0.058934 0.56470799 0.048627
v 0.041069 0.53120703 0.01457
v 0.040443 0.53517002 0.013085
v 0.040372 0.537139 0.014879
v 0.040589 0.53707802 0.019224
v 0.015585 0.53306901 0.05185
v 0.008175 0.53483301 0.045912
v 0.010794 0.53711301 0.046246
v 0.013732 0.53720701 0.045839
v -0.030391 0.63354897 -0.04047
v -0.039327 0.63135302 -0.038594
v -0.045257 0.57916403 -0.059544
v -0.05106 0.54233098 -0.046458
v -0.047614 0.54853898 -0.052942
v -0.049231 0.55986398 -0.054063
v -0.049677 0.575414 -0.056817
v -0.043756 0.59583497 -0.060744
v -0.04445 0.61079901 -0.056663
v -0.047509 0.62177199 -0.045345
v -0.049147 0.609752 -0.05344
v -0.005645 0.64848202 -0.010191
v -0.015454 0.64802802 -0.009873
v -0.00767 0.65056503 0
v 0.017556 0.64885902 0.005965
v 0.023724 0.64735699 0.011651
v 0.029257 0.64161199 0.026693
v 0.02011 0.64723098 0.014926
v 0.033996 0.63297999 0.039865
v 0.05407 0.56996101 0.04664
v 0.055956 0.56442702 0.044671
v 0.053065 0.585154 0.05232
v 0.052193 0.59481603 0.053178
v 0.052979 0.601915 0.051667
v 0.04793 0.60085601 0.054784
v 0.046693 0.60994202 0.052326
v 0.040183 0.62217599 0.048688
v 0.040065 0.53512299 0.024002
v 0.03159 0.53697002 0.033161
v 0.038651 0.53283799 0.027245
v 0.03886 0.53669798 0.027666
v 0.04334 0.535896 0.016771
v 0.043296 0.5402 0.018091
v -0.028571 0.64099199 -0.026593
v -0.025129 0.64547902 -0.016326
v -0.021353 0.64739299 -0.00854
v 0.027866 0.53689402 0.038876
v 0.025919 0.53431898 0.040387
v 0.02987 0.53658301 0.036224
v 0.023667 0.53207499 0.041857
v 0.021191 0.53094101 0.043979
v 0.017998 0.53158301 0.044552
v 0.015633 0.53392601 0.045223
v 0.046523 0.54006398 0.021458
v 0.046579 0.54248601 0.024778
v 0.05511 0.54562598 0.042444
v 0.049127 0.54478198 0.034339
v 0.046644 0.54052103 0.030009
v -7.6E-05 0.53696698 0.045121
v -0.00056 0.53629202 0.042595
v 0.002758 0.53596097 0.054188
v 0.001188 0.53577203 0.049785
v 0.008847 0.53716099 0.059639
v 0.004642 0.53683299 0.058331
v 0.013107 0.53548098 0.059827
v -0.001974 0.53362501 0.046938
v 0.012673 0.53232199 0.056918
v 0.016999 0.53292102 0.060245
v -0.002857 0.530563 0.05037
v -0.003956 0.52739602 0.053847
v -0.005869 0.52330798 0.055751
v -0.003552 0.515679 0.049485
v -0.002858 0.51175898 0.043071
v -0.006438 0.51861501 0.055394
v -0.007146 0.51528698 0.040194
v -0.059365 0.525518 -0.011275
v -0.057586 0.52376699 -0.003799
v -0.058587 0.52409101 -0.001265
v -0.059727 0.52635002 -0.018527
v -0.058769 0.523404 0
v -0.059722 0.52860999 -0.024042
v -0.058587 0.52409101 0.001265
v -0.054551 0.52783102 -0.030294
v -0.057586 0.52376699 0.003799
v -0.059365 0.525518 0.011275
v -0.053728 0.52914602 -0.033583
v -0.05217 0.52850002 -0.036959
v -0.049613 0.52643299 -0.036923
v -0.057695 0.53077602 -0.030371
v -0.059727 0.52635002 0.018527
v -0.059722 0.52860999 0.024042
v -0.054551 0.52783102 0.030294
v -0.047133 0.52601498 -0.040531
v -0.053728 0.52914602 0.033583
v -0.05217 0.52850002 0.036959
v -0.049613 0.52643299 0.036923
v -0.057695 0.53077602 0.030371
v -0.047133 0.52601498 0.040531
v -0.010574 0.51500601 0.039999
v -0.013829 0.51500702 0.040585
v -0.017001 0.51487398 0.041702
v -0.020262 0.51522899 0.042254
v -0.023674 0.51494002 0.042391
v -0.026948 0.51460701 0.042668
v -0.029595 0.51664603 0.043425
v -0.032158 0.519005 0.043985
v -0.034749 0.52121198 0.044543
v -0.03733 0.52345198 0.045314
v -0.040014 0.52559 0.045483
v -0.042866 0.52745903 0.044842
v -0.055666 0.54178703 -0.042727
v -0.054385 0.533768 -0.039695
v -0.052272 0.53078598 -0.039898
v -0.049947 0.52801102 -0.040352
v -0.056331 0.53687 -0.039818
v -0.057439 0.54031497 -0.039795
v 0.036882 0.530568 0.058181
v 0.051267 0.55593997 0.039658
v 0.052702 0.56204998 0.042592
v 0.033399 0.53115398 0.060108
v 0.0335 0.53166598 0.059028
v 0.026695 0.53227103 0.059346
v 0.026349 0.53372997 0.063407
v 0.026938 0.531596 0.062178
v 0.028808 0.53030002 0.059603
v 0.042423 0.54307199 0.021455
v 0.041416 0.54138398 0.024625
v 0.041361 0.53791201 0.027881
v 0.041163 0.53544497 0.031188
v 0.018533 0.53037298 0.051044
v 0.015738 0.52977699 0.056788
v 0.021612 0.52969497 0.048907
v 0.024091 0.53175497 0.046816
v -0.035321 0.63983899 -0.023626
v -0.045714 0.630835 -0.034054
v -0.05224 0.62011802 -0.042326
v -0.039623 0.63899797 -0.022162
v -0.048073 0.59275502 -0.057823
v -0.052632 0.54917997 -0.048429
v -0.054601 0.55972302 -0.050494
v -0.054117 0.57272202 -0.053086
v -0.052224 0.59004998 -0.054323
v -0.053462 0.60877699 -0.049632
v -0.032188 0.64596701 0
v -0.029865 0.64621502 -0.004536
v -0.029865 0.64621502 0.004536
v -0.021353 0.64739299 0.00854
v -0.015454 0.64802802 0.009873
v -0.005645 0.64848202 0.010191
v 0.00061 0.64904302 0.009121
v 0.012915 0.64902002 0.007682
v 0.01585 0.64701903 0.017474
v 0.023452 0.64210302 0.02927
v 0.027929 0.63329899 0.042715
v 0.032475 0.62198102 0.051806
v 0.028284 0.62209803 0.05356
v 0.04808 0.56716102 0.046335
v 0.047623 0.58214998 0.054143
v 0.046803 0.59299898 0.055854
v 0.042681 0.59985298 0.05755
v 0.041524 0.61003298 0.054822
v 0.041402 0.59094101 0.058398
v 0.036389 0.60979003 0.057367
v 0.037957 0.53424698 0.033446
v 0.037222 0.53681201 0.031258
v 0.035833 0.53590101 0.036476
v 0.034596 0.53874397 0.039397
v -0.032482 0.64466202 -0.012287
v 0.032626 0.536731 0.037402
v 0.03442 0.53609502 0.034061
v 0.030823 0.53851002 0.040434
v 0.028972 0.53742999 0.043755
v 0.026449 0.53485698 0.045392
v 0.045123 0.55130398 0.037438
v 0.045799 0.53891599 0.033342
v 0.042694 0.54245698 0.035395
v -0.004123 0.53255302 0.057026
v -0.001787 0.53438598 0.05844
v 0.002216 0.53771901 0.060601
v 0.009049 0.54038697 0.060086
v 0.014672 0.53677303 0.060591
v 0.005155 0.54004699 0.059993
v 0.019742 0.53612202 0.062635
v -0.007573 0.53127497 0.059819
v 0.02078 0.53017098 0.059895
v -0.010749 0.52792799 0.059161
v -0.011507 0.52354097 0.058582
v -0.01031 0.52031797 0.057345
v -0.004107 0.50774997 0.042707
v -0.002743 0.51182902 0.047557
v -0.005739 0.51410198 0.053542
v -0.008803 0.51489699 0.055618
v -0.009341 0.517465 0.05652
v -0.062135 0.52815503 -0.011042
v -0.060453 0.52580303 -0.004033
v -0.061595 0.52585202 -0.000767
v -0.062197 0.529544 -0.018268
v -0.061471 0.52558798 0
v -0.062197 0.53136301 -0.023402
v -0.061595 0.52585202 0.000767
v -0.060453 0.52580303 0.004033
v -0.062135 0.52815503 0.011042
v -0.062197 0.529544 0.018268
v -0.054519 0.53081399 -0.036759
v -0.057265 0.53218901 -0.033132
v -0.063761 0.53610998 -0.028455
v -0.061049 0.53302801 -0.028959
v -0.064371 0.53441799 -0.022462
v -0.062197 0.53136301 0.023402
v -0.063761 0.53610998 0.028455
v -0.061049 0.53302801 0.028959
v -0.057265 0.53218901 0.033132
v -0.054519 0.53081399 0.036759
v -0.049947 0.52801102 0.040352
v -0.052272 0.53078598 0.039898
v -0.064371 0.53441799 0.022462
v -0.045865 0.52891201 0.043905
v -0.0078 0.50765502 0.042244
v -0.011 0.50747699 0.041917
v -0.014376 0.50794101 0.04367
v -0.017704 0.509031 0.045388
v -0.021272 0.510261 0.045853
v -0.024845 0.511545 0.045173
v -0.02807 0.51381201 0.045394
v -0.030547 0.51675099 0.04657
v -0.032724 0.51995403 0.047722
v -0.035115 0.52319902 0.048032
v -0.037415 0.52655399 0.048175
v -0.04003 0.52961099 0.048288
v -0.057183 0.55043399 -0.043522
v -0.056447 0.53353101 -0.036651
v -0.057988 0.53661698 -0.036639
v -0.058434 0.53969097 -0.036472
v -0.062459 0.55103499 -0.03939
v 0.049288 0.56150597 0.041834
v 0.042336 0.56605703 0.049538
v 0.028857 0.53038102 0.05886
v 0.021596 0.53417301 0.059466
v 0.023704 0.53213298 0.054276
v 0.023616 0.52835 0.056505
v 0.017893 0.53457898 0.057042
v 0.02074 0.53406399 0.051285
v 0.040504 0.54521102 0.038365
v 0.018631 0.52785301 0.054418
v 0.021252 0.52918398 0.051427
v 0.022226 0.53242803 0.048773
v -0.038764 0.643013 -0.008474
v -0.052909 0.62822402 -0.028935
v -0.058167 0.617154 -0.03855
v -0.044293 0.63766497 -0.018352
v -0.05765 0.60679102 -0.046136
v -0.059569 0.56000698 -0.046335
v -0.058665 0.57152498 -0.048787
v -0.056459 0.588898 -0.050263
v -0.042317 0.64147401 0
v -0.042106 0.641698 -0.005443
v -0.042106 0.641698 0.005443
v -0.032482 0.64466202 0.012287
v -0.025129 0.64547902 0.016326
v -0.038764 0.643013 0.008474
v -0.015598 0.646222 0.01779
v -0.007902 0.64631599 0.018822
v -0.00108 0.64670002 0.019518
v 0.01024 0.64654702 0.01928
v 0.010403 0.64244002 0.030837
v 0.017671 0.64208001 0.030738
v 0.021876 0.632873 0.044494
v 0.024585 0.62190199 0.054173
v 0.020948 0.62248403 0.054868
v 0.030938 0.60929 0.058805
v 0.025955 0.60930598 0.06002
v 0.042189 0.57883698 0.0555
v 0.037353 0.59842402 0.06004
v 0.035954 0.58898997 0.060849
v 0.03633 0.57689703 0.057145
v 0.031933 0.59705502 0.062243
v 0.038305 0.54750901 0.041876
v 0.032567 0.54127097 0.042408
v 0.035175 0.54865301 0.045095
v 0.03266 0.54739201 0.048663
v 0.030309 0.53940302 0.045155
v 0.027456 0.53915203 0.047594
v 0.02448 0.53573698 0.047551
v 0.039916 0.55324 0.043391
v 0.042578 0.55974698 0.045317
v -0.002742 0.53549302 0.060604
v -0.006601 0.53857797 0.064431
v 0.000994 0.54384398 0.062203
v 0.012973 0.54075301 0.055796
v 0.004428 0.54661202 0.061525
v -0.009099 0.53934503 0.065384
v -0.016294 0.53440303 0.061238
v -0.018488 0.52734798 0.058228
v -0.015121 0.523265 0.057749
v -0.012425 0.51955402 0.057414
v -0.011404 0.51713598 0.056262
v -0.003079 0.50769502 0.046372
v -0.005319 0.50985998 0.050767
v -0.005811 0.50447601 0.045959
v -0.008687 0.51112002 0.052505
v -0.008413 0.51303101 0.054315
v -0.010866 0.51456499 0.055351
v -0.009994 0.51283997 0.0538
v -0.065039 0.53061402 -0.01108
v -0.063427 0.52761698 -0.003875
v -0.064582 0.52765697 -0.000325
v -0.064499 0.53289801 -0.018084
v -0.064507 0.52709299 0
v -0.064582 0.52765697 0.000325
v -0.063427 0.52761698 0.003875
v -0.065039 0.53061402 0.01108
v -0.064499 0.53289801 0.018084
v -0.0606 0.535429 -0.032459
v -0.066168 0.53983402 -0.028724
v -0.067024 0.53705299 -0.02179
v -0.06998 0.53930402 -0.021234
v -0.067482 0.53556699 -0.018139
v -0.067024 0.53705299 0.02179
v -0.066168 0.53983402 0.028724
v -0.0606 0.535429 0.032459
v -0.056447 0.53353101 0.036651
v -0.06998 0.53930402 0.021234
v -0.054385 0.533768 0.039695
v -0.048711 0.53048599 0.042938
v -0.051006 0.532911 0.042096
v -0.067482 0.53556699 0.018139
v -0.042689 0.532381 0.047414
v -0.009337 0.505777 0.046717
v -0.013079 0.50714999 0.047505
v -0.016453 0.50946999 0.047744
v -0.019938 0.51172799 0.047993
v -0.023504 0.51363498 0.048578
v -0.026265 0.51656002 0.04969
v -0.028303 0.52011698 0.051249
v -0.030457 0.52348 0.052654
v -0.033398 0.52649099 0.052693
v -0.035548 0.530128 0.051811
v -0.038808 0.53263497 0.051251
v -0.063984 0.56061202 -0.041568
v -0.066038 0.544945 -0.03312
v -0.063668 0.53895199 -0.031538
v -0.067952 0.55130601 -0.0355
v -0.068221 0.56068301 -0.036596
v 0.036652 0.56545597 0.052845
v 0.022049 0.53848499 0.049967
v 0.020384 0.543387 0.053129
v 0.016527 0.53811598 0.053819
v -0.04822 0.63664103 -0.01401
v -0.05857 0.62462002 -0.023607
v -0.062869 0.61418098 -0.033121
v -0.061558 0.60410702 -0.042674
v -0.064773 0.60222602 -0.038102
v -0.060486 0.58925003 -0.045746
v -0.062903 0.57157803 -0.044025
v -0.049547 0.63647997 -0.00912
v -0.049767 0.63615 0
v -0.049547 0.63647997 0.00912
v -0.04822 0.63664103 0.01401
v -0.044293 0.63766497 0.018352
v -0.039623 0.63899797 0.022162
v -0.035321 0.63983899 0.023626
v -0.028571 0.64099199 0.026593
v -0.020648 0.64176399 0.028472
v -0.010322 0.642012 0.031527
v -0.003313 0.64182401 0.03211
v 0.008544 0.63285202 0.046612
v -0.004978 0.63332802 0.045961
v 0.016418 0.63334101 0.044896
v 0.014746 0.62269402 0.05603
v 0.020686 0.60996997 0.062099
v 0.015016 0.61059201 0.062708
v 0.020479 0.59755898 0.065491
v 0.026287 0.597251 0.064086
v 0.030202 0.58753002 0.062764
v 0.030598 0.57486498 0.059216
v 0.030561 0.56414998 0.05527
v 0.024199 0.58663201 0.064214
v 0.035106 0.554353 0.049292
v 0.029055 0.544442 0.049647
v 0.030423 0.55198002 0.05226
v 0.024871 0.54919702 0.054059
v 0.02528 0.54183298 0.05009
v 0.035826 0.55895197 0.050804
v -0.005381 0.55065 0.064942
v -0.010901 0.55362099 0.066746
v 0.00103 0.55201 0.063452
v -0.015606 0.55862999 0.068016
v 0.008159 0.54589897 0.059157
v 0.016204 0.54832101 0.057048
v 0.00694 0.55496699 0.062439
v -0.019208 0.540829 0.061002
v -0.021552 0.56176299 0.067189
v -0.014516 0.54378402 0.066432
v -0.017841 0.53365701 0.059383
v -0.024103 0.53444803 0.058468
v -0.021339 0.52226001 0.055559
v -0.024547 0.52576399 0.056045
v -0.027716 0.52927399 0.056394
v -0.018071 0.51881701 0.05528
v -0.015172 0.51515299 0.054547
v -0.006886 0.50702399 0.048254
v -0.01047 0.50820601 0.050528
v -0.012217 0.51133001 0.053561
v -0.066436 0.52933902 -0.003426
v -0.068045 0.53294402 -0.011327
v -0.067652 0.52936399 0
v -0.067668 0.52848798 0
v -0.066436 0.52933902 0.003426
v -0.068045 0.53294402 0.011327
v -0.069329 0.54263002 -0.027866
v -0.073122 0.541224 -0.020697
v -0.073938 0.54009098 -0.017486
v -0.07068 0.537925 -0.017992
v -0.071123 0.53515297 -0.011457
v -0.07068 0.537925 0.017992
v -0.063668 0.53895199 0.031538
v -0.069329 0.54263002 0.027866
v -0.057988 0.53661698 0.036639
v -0.073122 0.541224 0.020697
v -0.056331 0.53687 0.039818
v -0.073938 0.54009098 0.017486
v -0.052842 0.53603899 0.041353
v -0.044824 0.53512698 0.045532
v -0.048448 0.53655398 0.044842
v -0.071123 0.53515297 0.011457
v -0.04126 0.53553402 0.0494
v -0.030996 0.53265297 0.055972
v -0.034189 0.53614199 0.055481
v -0.066681 0.57209301 -0.038878
v -0.071278 0.54694098 -0.027859
v -0.072274 0.55233502 -0.030448
v -0.072132 0.56075102 -0.031352
v -0.070157 0.57230002 -0.033493
v 0.021852 0.55352199 0.056936
v -0.06077 0.62354201 -0.013025
v -0.068792 0.60881197 -0.022062
v -0.067146 0.61027598 -0.027175
v -0.067527 0.60029399 -0.033187
v -0.063984 0.58945501 -0.040749
v -0.067145 0.588247 -0.03566
v -0.059521 0.62472999 0
v -0.06077 0.62354201 0.013025
v -0.05857 0.62462002 0.023607
v -0.052909 0.62822402 0.028935
v -0.045714 0.630835 0.034054
v -0.039327 0.63135302 0.038594
v -0.030391 0.63354897 0.04047
v -0.021121 0.634233 0.042663
v -0.013687 0.63415498 0.043959
v -0.006607 0.623115 0.056758
v -0.016713 0.62400299 0.055423
v 0.001535 0.62246501 0.056995
v 0.009373 0.612607 0.063525
v 0.008939 0.59555 0.067802
v 0.01467 0.59677798 0.066633
v 0.018106 0.58615202 0.065443
v 0.012029 0.58554101 0.066577
v 0.024965 0.57258397 0.06134
v 0.024801 0.56301701 0.058461
v 0.029121 0.55788201 0.055122
v 0.019023 0.57120299 0.063278
v -0.017109 0.56746 0.068383
v -0.011111 0.56509501 0.0685
v -0.004869 0.56511903 0.068556
v 0.000791 0.56809902 0.068096
v 0.006926 0.56951803 0.066843
v -0.023058 0.57002801 0.06791
v 0.012821 0.55815297 0.06182
v 0.018824 0.56093901 0.060615
v 0.012945 0.57067102 0.0652
v -0.023811 0.546947 0.061976
v -0.030939 0.54069197 0.058833
v -0.032097 0.54405701 0.059553
v -0.027718 0.53760701 0.05815
v -0.0279 0.56121099 0.065365
v -0.029165 0.57053298 0.066257
v -0.069476 0.53101802 -0.003195
v -0.070927 0.53046203 0
v -0.069476 0.53101802 0.003195
v -0.075095 0.54494399 -0.020323
v -0.075704 0.54320699 -0.016767
v -0.074266 0.53725302 -0.011487
v -0.076718 0.54014802 -0.010546
v -0.072547 0.532664 -0.003264
v -0.074266 0.53725302 0.011487
v -0.066038 0.544945 0.03312
v -0.071278 0.54694098 0.027859
v -0.058434 0.53969097 0.036472
v -0.075095 0.54494399 0.020323
v -0.057439 0.54031497 0.039795
v -0.075704 0.54320699 0.016767
v -0.055666 0.54178703 0.042727
v -0.076718 0.54014802 0.010546
v -0.05106 0.54233098 0.046458
v -0.044724 0.53749001 0.048694
v -0.047938 0.54256999 0.047996
v -0.072547 0.532664 0.003264
v -0.037176 0.53987801 0.055338
v -0.075906 0.55429697 -0.024851
v -0.075751 0.56159902 -0.025917
v -0.073667 0.572357 -0.028078
v -0.069432 0.58701903 -0.030072
v -0.068555 0.61084199 -0.004858
v -0.069087 0.60986102 -0.012827
v -0.068755 0.60955501 -0.0185
v -0.068229 0.59795898 -0.028299
v -0.071858 0.592457 -0.017719
v -0.07036 0.59573799 -0.023191
v -0.068368 0.60978299 0
v -0.068555 0.61084199 0.004858
v -0.069087 0.60986102 0.012827
v -0.068755 0.60955501 0.0185
v -0.068792 0.60881197 0.022062
v -0.067146 0.61027598 0.027175
v -0.062869 0.61418098 0.033121
v -0.058167 0.617154 0.03855
v -0.05224 0.62011802 0.042326
v -0.047509 0.62177199 0.045345
v -0.039787 0.62391102 0.048629
v -0.031933 0.624708 0.051716
v -0.024166 0.62417603 0.054585
v -0.022936 0.613401 0.063508
v -0.02853 0.61306 0.062513
v -0.017268 0.61340302 0.064048
v -0.01164 0.612508 0.064722
v -0.006021 0.61190701 0.065052
v -0.000378 0.612486 0.064488
v 0.003116 0.59492999 0.068829
v 0.006075 0.58412099 0.067679
v 0.000143 0.58257699 0.068688
v -0.018415 0.581626 0.069144
v -0.012242 0.58176202 0.069624
v -0.005983 0.582156 0.069417
v -0.024113 0.58413303 0.068178
v -0.029851 0.58629203 0.066696
v -0.041899 0.54304802 0.054484
v -0.03701 0.55250299 0.059856
v -0.032806 0.55725902 0.06283
v -0.034652 0.56813198 0.063842
v -0.0357 0.58598 0.064484
v -0.074355 0.53037 0
v -0.078971 0.55562598 -0.018886
v -0.080219 0.55343199 -0.012526
v -0.075408 0.53609103 -0.002195
v -0.080075 0.54868197 -0.007082
v -0.074717 0.53446698 0
v -0.075408 0.53609103 0.002195
v -0.067952 0.55130601 0.0355
v -0.072274 0.55233502 0.030448
v -0.062459 0.55103499 0.03939
v -0.075906 0.55429697 0.024851
v -0.057183 0.55043399 0.043522
v -0.078971 0.55562598 0.018886
v -0.052632 0.54917997 0.048429
v -0.080219 0.55343199 0.012526
v -0.047614 0.54853898 0.052942
v -0.080075 0.54868197 0.007082
v -0.041951 0.54939699 0.056607
v -0.079016 0.56234002 -0.020235
v -0.076215 0.57217801 -0.022198
v -0.071385 0.58660799 -0.024185
v -0.073485 0.591187 -0.005988
v -0.072717 0.59148598 -0.011889
v -0.071816 0.59085 0
v -0.072961 0.58522499 -0.018304
v -0.07404 0.585379 -0.012275
v -0.073485 0.59268701 0.005988
v -0.072717 0.592987 0.011889
v -0.071858 0.59396201 0.017719
v -0.07036 0.59573799 0.023191
v -0.068229 0.59795898 0.028299
v -0.067527 0.60029399 0.033187
v -0.064773 0.60222602 0.038102
v -0.061558 0.60410702 0.042674
v -0.05765 0.60679102 0.046136
v -0.053462 0.60877699 0.049632
v -0.049147 0.609752 0.05344
v -0.04445 0.61079901 0.056663
v -0.039385 0.611875 0.059172
v -0.034029 0.61259198 0.061039
v -0.034249 0.59930402 0.065148
v -0.028584 0.59986699 0.067028
v -0.022806 0.599356 0.068304
v -0.01702 0.59783697 0.069104
v -0.011334 0.59595299 0.069729
v -0.002823 0.59505498 0.069556
v -0.044174 0.56159902 0.057708
v -0.039397 0.56452602 0.061088
v -0.040714 0.58310199 0.061898
v -0.039796 0.59813702 0.063151
v -0.080761 0.561459 -0.013917
v -0.081237 0.55856699 -0.007802
v -0.079177 0.543441 -0.002251
v -0.080868 0.55397201 -0.002923
v -0.076598 0.53731698 0
v -0.079177 0.543441 0.002251
v -0.072132 0.56075102 0.031352
v -0.075751 0.56159902 0.025917
v -0.068221 0.56068301 0.036596
v -0.063984 0.56061202 0.041568
v -0.059569 0.56000698 0.046335
v -0.079016 0.56234002 0.020235
v -0.054601 0.55972302 0.050494
v -0.080761 0.561459 0.013917
v -0.049231 0.55986398 0.054063
v -0.081237 0.55856699 0.007802
v -0.080868 0.55397201 0.002923
v -0.077876 0.57140201 -0.015958
v -0.075104 0.58661002 -0.00624
v -0.075409 0.58681601 0
v -0.075104 0.58661002 0.00624
v -0.079723 0.56972998 -0.009942
v -0.080559 0.56687403 -0.003977
v -0.07404 0.585379 0.012275
v -0.072961 0.58522499 0.018304
v -0.071385 0.58660799 0.024185
v -0.069432 0.58701903 0.030072
v -0.067145 0.588247 0.03566
v -0.063984 0.58945501 0.040749
v -0.060486 0.58925003 0.045746
v -0.056459 0.588898 0.050263
v -0.052224 0.59004998 0.054323
v -0.048073 0.59275502 0.057823
v -0.043756 0.59583497 0.060744
v -0.045257 0.57916403 0.059544
v -0.049677 0.575414 0.056817
v -0.079421 0.54774201 0
v -0.080908 0.56161898 0
v -0.073667 0.572357 0.028078
v -0.070157 0.57230002 0.033493
v -0.066681 0.57209301 0.038878
v -0.076215 0.57217801 0.022198
v -0.062903 0.57157803 0.044025
v -0.058665 0.57152498 0.048787
v -0.054117 0.57272202 0.053086
v -0.077876 0.57140201 0.015958
v -0.079723 0.56972998 0.009942
v -0.080559 0.56687403 0.003977
f 1 2 3
f 1 4 2
f 1 5 4
f 1 6 7
f 7 5 1
f 6 1 8
f 1 9 8
f 3 9 1
f 10 3 11
f 2 11 3
f 11 2 12
f 12 2 13
f 13 2 14
f 14 2 4
f 15 9 3
f 16 15 3
f 3 17 16
f 18 17 19
f 3 19 17
f 19 3 10
f 5 20 4
f 14 4 21
f 21 4 22
f 22 4 23
f 23 4 24
f 24 4 25
f 20 25 4
f 5 26 20
f 5 27 26
f 7 28 5
f 27 5 28
f 6 29 7
f 6 30 29
f 8 31 6
f 32 6 31
f 32 30 6
f 7 33 34
f 7 34 28
f 35 28 34
f 7 29 36
f 33 7 36
f 15 8 9
f 15 37 8
f 31 8 37
f 10 11 38
f 39 38 11
f 40 19 38
f 10 38 19
f 11 12 39
f 41 42 12
f 39 12 42
f 43 41 13
f 13 41 12
f 44 43 14
f 13 14 43
f 14 21 44
f 45 44 21
f 16 46 15
f 37 15 46
f 16 17 47
f 48 46 47
f 16 47 46
f 49 47 17
f 17 50 49
f 51 49 50
f 52 50 53
f 17 53 50
f 53 17 18
f 40 54 19
f 18 19 54
f 18 54 53
f 25 20 55
f 55 20 26
f 21 22 45
f 56 45 22
f 23 57 22
f 56 22 57
f 58 57 24
f 24 57 23
f 25 59 24
f 58 24 59
f 59 25 60
f 55 60 25
f 61 62 26
f 27 61 26
f 55 26 63
f 63 26 64
f 64 26 65
f 65 26 66
f 62 66 26
f 27 28 61
f 67 61 28
f 28 35 67
f 29 30 36
f 30 33 36
f 30 68 33
f 32 68 30
f 37 69 31
f 70 31 69
f 31 70 32
f 71 32 70
f 32 72 68
f 71 72 32
f 33 73 34
f 73 33 74
f 33 68 74
f 35 34 75
f 34 76 75
f 77 76 34
f 73 77 34
f 67 35 78
f 79 78 35
f 79 35 80
f 75 80 35
f 46 81 37
f 69 37 81
f 39 42 82
f 83 82 42
f 82 84 39
f 38 39 84
f 38 84 40
f 54 40 85
f 84 85 40
f 41 43 86
f 87 86 43
f 86 83 41
f 42 41 83
f 87 43 88
f 44 88 43
f 44 45 88
f 45 89 88
f 90 88 89
f 45 56 89
f 46 91 81
f 46 48 91
f 49 92 47
f 93 94 92
f 47 92 94
f 94 95 47
f 47 95 48
f 96 48 95
f 91 48 97
f 96 97 48
f 98 92 49
f 98 49 99
f 99 49 51
f 51 50 100
f 101 100 50
f 100 102 51
f 99 51 102
f 103 101 52
f 50 52 101
f 54 103 53
f 52 53 103
f 85 104 54
f 103 54 104
f 55 63 60
f 105 60 63
f 56 57 106
f 57 58 106
f 107 106 58
f 56 106 89
f 59 108 58
f 107 58 108
f 108 59 109
f 60 109 59
f 60 105 109
f 110 109 105
f 61 111 62
f 111 61 112
f 61 67 112
f 111 113 62
f 114 62 113
f 66 62 114
f 115 116 64
f 63 64 116
f 116 105 63
f 117 115 65
f 64 65 115
f 66 117 65
f 117 66 118
f 114 118 66
f 67 78 112
f 68 119 74
f 72 120 68
f 119 68 120
f 70 121 71
f 122 71 121
f 69 123 70
f 121 70 123
f 81 124 69
f 69 124 123
f 71 125 72
f 71 122 125
f 126 125 122
f 125 120 72
f 77 73 74
f 127 128 74
f 128 129 74
f 129 77 74
f 130 127 74
f 119 130 74
f 80 75 131
f 132 131 75
f 132 75 133
f 76 133 75
f 76 134 133
f 134 76 129
f 77 129 76
f 135 136 79
f 79 136 78
f 135 79 137
f 79 80 137
f 78 138 112
f 78 136 138
f 137 80 139
f 131 139 80
f 91 140 81
f 81 140 124
f 141 124 140
f 86 142 83
f 142 143 83
f 83 144 82
f 143 144 83
f 82 144 84
f 144 145 84
f 85 84 145
f 146 104 145
f 145 104 85
f 147 148 88
f 148 87 88
f 148 142 87
f 87 142 86
f 88 90 147
f 149 147 90
f 106 150 89
f 150 149 89
f 89 149 90
f 97 151 91
f 152 91 151
f 91 152 140
f 153 140 152
f 154 92 155
f 92 154 156
f 156 93 92
f 155 92 98
f 95 94 157
f 158 157 94
f 158 94 93
f 159 158 160
f 93 160 158
f 160 93 156
f 96 95 161
f 157 161 95
f 97 96 162
f 161 162 96
f 151 97 163
f 97 162 163
f 102 164 99
f 98 99 164
f 165 155 166
f 155 98 166
f 164 166 98
f 167 168 101
f 100 101 168
f 101 103 167
f 104 167 103
f 168 169 100
f 102 100 169
f 164 102 170
f 170 102 169
f 171 104 172
f 146 172 104
f 168 167 171
f 104 171 167
f 116 110 105
f 108 173 107
f 173 150 107
f 106 107 150
f 173 108 174
f 109 174 108
f 175 174 110
f 109 110 174
f 110 115 176
f 116 115 110
f 175 110 176
f 177 111 112
f 178 179 111
f 179 180 111
f 180 181 111
f 181 113 111
f 182 111 177
f 178 111 182
f 138 183 112
f 183 184 112
f 184 185 112
f 185 177 112
f 118 114 186
f 186 114 181
f 113 181 114
f 117 187 115
f 176 115 187
f 118 188 117
f 117 188 187
f 189 187 188
f 186 190 118
f 188 118 190
f 120 191 119
f 130 119 191
f 125 192 120
f 191 120 192
f 193 122 194
f 121 194 122
f 121 123 194
f 195 194 123
f 122 196 126
f 197 126 196
f 122 193 196
f 198 196 193
f 123 124 195
f 199 195 124
f 141 199 124
f 200 192 126
f 125 126 192
f 126 197 200
f 201 200 197
f 130 191 127
f 202 127 191
f 128 127 203
f 204 203 127
f 202 205 127
f 205 204 127
f 128 206 129
f 206 128 207
f 203 207 128
f 129 206 134
f 208 209 132
f 131 132 209
f 132 210 208
f 133 211 132
f 210 132 211
f 131 209 139
f 212 139 209
f 211 133 213
f 134 213 133
f 206 214 134
f 213 134 214
f 215 136 216
f 135 216 136
f 137 217 135
f 216 135 217
f 138 136 218
f 215 218 136
f 139 219 137
f 217 137 219
f 183 138 220
f 218 220 138
f 139 221 219
f 221 139 222
f 212 222 139
f 153 223 140
f 140 223 141
f 223 224 141
f 199 141 224
f 225 142 226
f 148 226 142
f 142 225 143
f 143 225 227
f 144 143 228
f 227 228 143
f 145 144 229
f 228 229 144
f 229 230 145
f 231 146 230
f 145 230 146
f 146 231 172
f 149 232 147
f 232 233 147
f 148 147 233
f 233 226 148
f 232 149 234
f 150 234 149
f 173 235 150
f 235 234 150
f 236 152 151
f 163 237 151
f 151 237 236
f 238 236 237
f 152 236 153
f 239 153 236
f 153 240 223
f 241 223 240
f 240 153 242
f 153 239 242
f 165 243 155
f 154 155 243
f 156 154 244
f 243 244 154
f 244 245 156
f 160 156 245
f 246 157 247
f 158 247 157
f 158 159 248
f 158 248 247
f 157 246 161
f 249 161 246
f 245 250 160
f 251 159 250
f 160 250 159
f 159 251 248
f 252 248 251
f 161 249 162
f 162 249 253
f 162 253 163
f 254 163 253
f 163 254 237
f 255 237 254
f 166 164 256
f 170 256 164
f 165 166 257
f 256 257 166
f 257 258 165
f 243 165 258
f 169 168 259
f 171 259 168
f 260 170 259
f 169 259 170
f 170 260 256
f 261 256 260
f 262 259 172
f 172 259 171
f 172 231 262
f 263 262 231
f 264 235 173
f 173 174 264
f 265 264 174
f 187 174 176
f 175 176 174
f 266 174 187
f 267 265 266
f 174 266 265
f 185 268 177
f 268 182 177
f 269 178 270
f 182 270 178
f 271 179 269
f 178 269 179
f 179 271 180
f 272 180 271
f 272 186 180
f 181 180 186
f 270 182 273
f 268 273 182
f 183 274 184
f 275 274 183
f 183 220 275
f 276 275 220
f 184 277 185
f 278 277 279
f 184 279 277
f 184 274 279
f 280 268 185
f 185 277 281
f 282 281 277
f 281 283 185
f 185 283 280
f 190 186 284
f 272 284 186
f 266 187 285
f 189 285 187
f 188 190 286
f 287 286 190
f 285 189 286
f 188 286 189
f 288 287 190
f 284 288 190
f 191 192 202
f 289 202 192
f 290 289 200
f 192 200 289
f 193 194 291
f 291 194 292
f 195 292 194
f 193 291 293
f 294 293 291
f 193 293 198
f 198 293 295
f 224 292 199
f 199 292 195
f 198 296 196
f 297 196 296
f 196 297 197
f 197 297 298
f 299 201 298
f 197 298 201
f 295 300 198
f 296 198 300
f 200 201 301
f 302 301 201
f 290 200 303
f 301 303 200
f 299 304 201
f 201 304 302
f 205 202 305
f 289 305 202
f 204 306 203
f 203 306 307
f 205 308 204
f 306 204 308
f 203 307 207
f 309 207 307
f 305 310 205
f 308 205 310
f 214 206 311
f 207 311 206
f 207 309 311
f 312 311 309
f 209 208 313
f 314 313 208
f 208 210 314
f 315 314 210
f 209 313 212
f 313 316 212
f 210 317 315
f 317 210 318
f 210 211 318
f 213 319 211
f 318 211 319
f 222 212 320
f 316 320 212
f 214 321 213
f 319 213 321
f 311 322 214
f 322 321 214
f 216 323 324
f 325 324 323
f 323 216 326
f 217 326 216
f 327 215 324
f 216 324 215
f 328 218 327
f 218 215 327
f 217 219 326
f 326 219 329
f 220 218 330
f 328 330 218
f 329 219 331
f 221 331 219
f 332 333 330
f 220 330 333
f 220 333 334
f 220 334 276
f 222 335 221
f 221 335 331
f 335 222 336
f 336 222 337
f 320 338 222
f 338 339 222
f 339 337 222
f 224 223 340
f 241 340 223
f 292 224 341
f 342 341 224
f 342 224 340
f 225 226 343
f 344 343 226
f 344 226 345
f 345 226 346
f 226 233 346
f 343 347 225
f 227 225 347
f 348 228 347
f 227 347 228
f 349 229 348
f 228 348 229
f 350 230 349
f 229 349 230
f 231 230 351
f 350 351 230
f 351 352 231
f 263 231 352
f 232 353 233
f 346 233 353
f 232 234 353
f 353 234 354
f 355 354 235
f 234 235 354
f 235 264 356
f 357 356 264
f 355 235 356
f 358 239 238
f 236 238 239
f 237 255 238
f 359 238 255
f 238 359 358
f 358 359 360
f 242 239 361
f 358 361 239
f 240 362 241
f 363 241 362
f 363 364 241
f 241 364 340
f 362 240 365
f 242 365 240
f 361 366 242
f 242 366 365
f 243 258 367
f 244 243 367
f 245 244 368
f 367 368 244
f 250 245 369
f 368 369 245
f 249 246 370
f 371 370 246
f 246 247 371
f 372 371 247
f 247 373 372
f 374 372 373
f 375 373 248
f 373 247 248
f 248 252 375
f 253 249 376
f 249 370 376
f 251 250 377
f 250 369 377
f 252 251 378
f 251 377 378
f 379 380 381
f 380 382 381
f 382 383 381
f 252 381 383
f 252 378 384
f 375 252 384
f 376 385 253
f 254 253 385
f 385 386 254
f 255 254 386
f 386 387 255
f 359 255 387
f 261 388 256
f 257 256 388
f 258 257 389
f 388 389 257
f 367 258 390
f 389 390 258
f 260 259 391
f 262 391 259
f 391 392 260
f 261 260 393
f 260 392 393
f 393 394 261
f 388 261 395
f 394 395 261
f 262 263 396
f 397 391 396
f 262 396 391
f 352 398 263
f 398 399 263
f 396 263 399
f 357 264 400
f 265 400 264
f 267 401 265
f 400 265 401
f 285 267 266
f 402 267 285
f 403 401 402
f 267 402 401
f 268 280 273
f 404 273 280
f 405 406 270
f 269 270 406
f 270 273 405
f 407 405 273
f 406 408 269
f 271 269 408
f 272 271 284
f 408 284 271
f 409 407 404
f 273 404 407
f 274 410 279
f 411 410 274
f 411 274 412
f 412 274 413
f 413 274 275
f 414 415 276
f 275 276 415
f 415 276 416
f 276 415 275
f 413 275 417
f 276 417 275
f 276 334 418
f 419 418 334
f 276 420 414
f 414 420 421
f 422 423 420
f 421 420 423
f 276 418 424
f 425 424 418
f 277 278 282
f 426 282 278
f 279 427 278
f 279 410 427
f 427 428 278
f 426 278 428
f 280 429 404
f 430 404 429
f 429 280 283
f 281 282 431
f 431 282 432
f 426 432 282
f 433 283 431
f 283 281 431
f 433 430 283
f 429 283 430
f 408 288 284
f 285 286 402
f 434 402 286
f 435 287 436
f 288 436 287
f 434 286 435
f 435 286 287
f 408 437 288
f 437 438 288
f 436 288 438
f 439 305 290
f 289 290 305
f 303 440 290
f 439 290 440
f 292 341 291
f 294 291 341
f 294 441 293
f 441 294 442
f 341 442 294
f 443 295 293
f 444 443 293
f 445 444 441
f 293 441 444
f 446 300 443
f 443 300 295
f 297 364 298
f 298 364 299
f 297 296 364
f 364 296 340
f 296 300 340
f 447 340 300
f 299 363 304
f 448 304 363
f 299 364 363
f 446 447 300
f 301 302 449
f 450 449 302
f 304 451 302
f 450 302 451
f 449 452 301
f 303 301 452
f 440 303 453
f 452 453 303
f 448 454 304
f 304 454 451
f 305 439 310
f 455 310 439
f 310 307 308
f 306 308 307
f 455 309 310
f 309 307 310
f 455 312 309
f 311 312 322
f 456 322 312
f 456 312 457
f 455 457 312
f 313 314 458
f 459 458 314
f 314 315 459
f 460 459 315
f 458 320 313
f 316 313 320
f 315 317 460
f 461 460 317
f 462 317 463
f 318 463 317
f 462 461 317
f 319 464 318
f 318 464 463
f 465 463 464
f 466 464 321
f 464 319 321
f 458 467 320
f 467 338 320
f 322 468 321
f 466 321 468
f 322 456 468
f 469 468 456
f 323 470 325
f 471 325 470
f 323 326 470
f 472 470 326
f 325 471 473
f 474 473 471
f 475 325 473
f 324 325 327
f 475 327 325
f 476 472 329
f 329 472 326
f 477 328 475
f 327 475 328
f 330 328 478
f 477 478 328
f 476 329 479
f 329 331 479
f 330 480 332
f 478 480 330
f 479 331 481
f 335 481 331
f 480 482 332
f 483 332 482
f 333 332 484
f 483 484 332
f 333 484 334
f 334 484 419
f 336 485 335
f 481 335 485
f 486 485 487
f 336 487 485
f 336 337 487
f 420 487 337
f 339 420 337
f 488 489 467
f 467 489 338
f 490 338 489
f 490 339 338
f 339 491 420
f 490 492 339
f 492 420 339
f 339 491 420
f 340 447 342
f 442 341 493
f 342 493 341
f 342 447 493
f 446 493 447
f 344 345 494
f 494 345 495
f 496 343 494
f 344 494 343
f 496 497 343
f 498 347 497
f 343 497 347
f 499 495 346
f 345 346 495
f 499 346 500
f 353 500 346
f 347 501 348
f 349 348 501
f 498 501 347
f 501 502 349
f 350 349 502
f 503 351 502
f 350 502 351
f 351 503 352
f 398 352 503
f 504 500 354
f 353 354 500
f 505 504 355
f 354 355 504
f 506 355 507
f 356 507 355
f 506 505 355
f 400 507 357
f 357 507 356
f 360 508 358
f 508 361 358
f 387 509 359
f 360 359 509
f 509 510 360
f 508 360 510
f 508 511 361
f 366 361 511
f 448 363 362
f 448 362 512
f 365 512 362
f 513 512 365
f 366 514 365
f 514 515 365
f 513 365 515
f 511 516 366
f 514 366 516
f 367 390 517
f 369 368 518
f 518 368 367
f 367 517 518
f 377 369 519
f 518 519 369
f 520 376 521
f 370 521 376
f 521 370 522
f 522 370 371
f 522 371 523
f 372 523 371
f 374 524 372
f 523 372 524
f 374 373 525
f 373 375 525
f 526 525 375
f 374 527 524
f 528 524 527
f 527 374 525
f 375 384 526
f 529 526 384
f 376 520 385
f 530 385 520
f 378 377 531
f 519 531 377
f 531 532 378
f 378 532 384
f 381 533 534
f 535 379 534
f 381 534 379
f 536 380 535
f 379 535 380
f 536 537 380
f 537 538 380
f 382 380 538
f 538 539 382
f 383 382 539
f 539 534 383
f 533 383 534
f 532 529 384
f 385 530 386
f 540 386 530
f 387 386 541
f 540 541 386
f 509 387 542
f 541 542 387
f 395 543 388
f 543 389 388
f 543 544 389
f 390 389 544
f 390 544 517
f 391 397 392
f 545 392 397
f 393 392 546
f 545 546 392
f 394 393 546
f 546 547 394
f 395 394 547
f 548 543 549
f 395 549 543
f 549 395 547
f 397 396 550
f 399 550 396
f 551 545 550
f 397 550 545
f 552 553 503
f 398 503 553
f 398 553 399
f 550 399 554
f 553 554 399
f 401 507 400
f 403 555 401
f 555 507 401
f 403 402 556
f 434 556 402
f 557 555 556
f 403 556 555
f 404 430 558
f 559 558 430
f 404 558 409
f 405 407 560
f 561 560 407
f 405 560 406
f 406 560 437
f 408 406 437
f 562 563 409
f 407 409 563
f 563 561 407
f 558 562 409
f 427 410 411
f 564 411 565
f 412 565 411
f 564 427 411
f 566 412 413
f 566 567 412
f 567 565 412
f 566 413 568
f 413 417 568
f 569 568 417
f 414 421 415
f 491 415 423
f 421 423 415
f 570 415 416
f 571 415 570
f 572 415 571
f 415 572 420
f 416 570 415
f 415 571 491
f 571 415 570
f 573 574 575
f 417 575 574
f 417 574 569
f 576 569 574
f 424 575 417
f 418 419 577
f 578 577 419
f 579 578 484
f 419 484 578
f 418 577 425
f 580 425 577
f 423 422 491
f 420 491 422
f 581 487 492
f 420 492 487
f 491 572 571
f 420 491 572
f 425 582 424
f 583 582 580
f 425 580 582
f 424 582 575
f 584 432 428
f 426 428 432
f 428 427 585
f 427 564 586
f 587 586 564
f 585 427 586
f 588 584 585
f 428 585 584
f 430 433 559
f 589 559 433
f 590 591 584
f 432 584 591
f 432 591 431
f 431 591 592
f 593 592 591
f 431 592 433
f 589 433 592
f 435 594 434
f 434 594 556
f 436 595 435
f 594 435 595
f 436 438 595
f 596 595 438
f 560 438 437
f 561 597 560
f 560 597 438
f 597 598 438
f 596 438 598
f 439 440 455
f 457 455 440
f 453 599 440
f 440 599 457
f 445 441 600
f 442 600 441
f 493 601 442
f 600 442 601
f 446 443 444
f 446 444 493
f 601 493 444
f 601 444 602
f 603 602 444
f 444 445 603
f 445 604 603
f 604 445 605
f 600 605 445
f 448 512 606
f 607 606 512
f 606 454 448
f 608 609 450
f 449 450 609
f 610 450 611
f 451 611 450
f 612 608 610
f 450 610 608
f 452 449 613
f 609 613 449
f 611 451 614
f 614 451 606
f 454 606 451
f 613 615 452
f 453 452 615
f 599 453 616
f 616 453 615
f 469 456 599
f 456 457 599
f 458 459 467
f 617 467 459
f 459 460 617
f 618 617 460
f 461 619 460
f 618 460 619
f 619 461 620
f 462 620 461
f 463 621 462
f 622 462 621
f 465 621 463
f 462 623 620
f 624 623 622
f 462 622 623
f 466 465 464
f 466 625 465
f 625 626 465
f 626 621 465
f 627 625 468
f 625 466 468
f 488 467 628
f 617 628 467
f 627 468 629
f 469 629 468
f 616 630 599
f 469 599 629
f 630 629 599
f 470 631 471
f 632 471 631
f 631 470 633
f 472 633 470
f 471 632 474
f 632 634 474
f 635 633 476
f 472 476 633
f 636 474 637
f 637 474 634
f 474 636 473
f 473 636 638
f 638 477 473
f 475 473 477
f 479 639 476
f 635 476 639
f 478 477 640
f 638 640 477
f 640 641 478
f 641 480 478
f 639 479 642
f 481 642 479
f 643 482 641
f 480 641 482
f 485 644 481
f 642 481 644
f 645 482 646
f 643 646 482
f 482 645 483
f 645 484 483
f 645 647 484
f 579 484 647
f 486 648 485
f 644 485 648
f 486 487 649
f 581 649 487
f 486 649 648
f 650 648 649
f 488 651 489
f 652 489 651
f 651 488 653
f 628 653 488
f 490 489 654
f 652 654 489
f 490 655 656
f 656 655 657
f 656 581 490
f 490 581 492
f 655 490 658
f 654 658 490
f 499 659 495
f 660 495 659
f 661 494 660
f 495 660 494
f 662 496 661
f 494 661 496
f 496 662 497
f 497 662 498
f 662 663 498
f 501 498 663
f 500 664 499
f 659 499 664
f 665 664 504
f 664 500 504
f 501 663 502
f 663 552 502
f 503 502 552
f 665 504 666
f 505 666 504
f 506 667 505
f 666 505 667
f 506 507 555
f 506 555 667
f 668 667 555
f 511 508 669
f 510 669 508
f 510 509 670
f 542 670 509
f 510 670 669
f 671 669 670
f 516 511 672
f 669 672 511
f 607 512 673
f 513 673 512
f 513 674 673
f 675 673 674
f 515 676 513
f 513 676 674
f 677 674 676
f 515 514 678
f 678 514 516
f 678 679 515
f 676 515 679
f 678 516 680
f 672 680 516
f 544 681 517
f 681 518 517
f 518 681 519
f 519 681 531
f 682 531 681
f 683 530 520
f 520 521 684
f 685 684 521
f 684 683 520
f 522 686 521
f 521 686 685
f 522 523 686
f 687 686 523
f 688 687 524
f 523 524 687
f 637 688 528
f 528 688 524
f 689 525 690
f 526 690 525
f 691 692 693
f 693 692 694
f 694 692 695
f 692 527 695
f 689 696 697
f 525 696 689
f 527 697 696
f 527 689 697
f 689 527 525
f 690 526 698
f 698 526 699
f 700 699 529
f 526 529 699
f 696 701 527
f 528 527 701
f 701 636 528
f 637 528 636
f 532 700 529
f 683 702 530
f 540 530 702
f 532 531 700
f 682 700 531
f 703 535 534
f 704 703 534
f 539 704 534
f 705 536 706
f 535 706 536
f 706 535 703
f 707 537 708
f 536 708 537
f 708 536 705
f 538 537 709
f 707 709 537
f 709 704 538
f 539 538 704
f 702 710 540
f 541 540 710
f 710 711 541
f 542 541 711
f 542 711 670
f 712 670 711
f 713 544 548
f 543 548 544
f 714 681 544
f 713 714 544
f 545 551 546
f 715 547 551
f 546 551 547
f 547 715 549
f 715 716 549
f 548 549 716
f 548 716 713
f 717 551 554
f 550 554 551
f 717 718 551
f 551 718 715
f 719 715 718
f 720 721 552
f 553 552 721
f 722 720 663
f 720 552 663
f 554 553 721
f 717 554 723
f 721 723 554
f 555 557 724
f 668 555 724
f 556 594 557
f 725 557 594
f 557 725 724
f 724 725 726
f 559 589 558
f 727 562 589
f 558 589 562
f 563 597 561
f 562 728 563
f 727 729 562
f 728 562 729
f 728 597 563
f 567 730 565
f 731 565 730
f 565 731 564
f 587 564 731
f 566 732 733
f 566 734 732
f 566 735 734
f 566 568 735
f 566 736 567
f 566 733 736
f 567 737 738
f 736 737 567
f 730 567 739
f 567 738 739
f 568 740 735
f 568 569 740
f 741 740 569
f 576 742 569
f 569 742 741
f 575 582 573
f 743 573 582
f 744 573 745
f 743 745 573
f 573 744 574
f 574 746 576
f 747 576 746
f 574 744 746
f 747 748 576
f 742 576 748
f 577 578 749
f 749 578 750
f 578 579 750
f 750 579 751
f 577 749 580
f 749 752 580
f 647 753 579
f 753 751 579
f 580 752 583
f 752 754 583
f 581 656 649
f 755 649 656
f 756 582 757
f 583 757 582
f 743 582 756
f 757 583 758
f 758 583 754
f 588 759 584
f 759 760 584
f 590 584 760
f 588 585 761
f 586 761 585
f 761 586 762
f 587 762 586
f 730 763 731
f 763 762 731
f 587 731 762
f 588 761 759
f 759 761 760
f 590 760 761
f 592 727 589
f 591 590 764
f 764 590 765
f 590 761 766
f 762 766 761
f 766 767 590
f 767 765 590
f 764 768 591
f 591 768 593
f 727 592 768
f 592 593 768
f 725 594 596
f 595 596 594
f 769 725 598
f 596 598 725
f 598 597 770
f 728 771 597
f 597 771 770
f 772 769 770
f 598 770 769
f 601 773 600
f 600 773 605
f 773 601 602
f 602 603 774
f 775 774 603
f 776 777 602
f 773 602 777
f 602 774 776
f 774 778 776
f 779 776 778
f 780 603 781
f 604 781 603
f 782 783 780
f 783 775 780
f 603 780 775
f 781 604 777
f 605 777 604
f 773 777 605
f 784 614 607
f 606 607 614
f 785 784 673
f 673 784 607
f 608 786 609
f 787 609 786
f 788 786 612
f 608 612 786
f 613 609 789
f 789 609 787
f 790 610 791
f 791 610 611
f 610 790 612
f 792 612 790
f 791 611 793
f 614 793 611
f 612 792 788
f 794 788 792
f 789 795 613
f 615 613 795
f 793 614 796
f 796 614 784
f 795 797 615
f 616 615 797
f 797 798 616
f 799 630 798
f 616 798 630
f 628 617 800
f 618 800 617
f 801 800 619
f 618 619 800
f 619 620 801
f 802 801 620
f 620 623 802
f 803 804 621
f 622 621 804
f 621 626 803
f 803 626 805
f 806 624 804
f 622 804 624
f 624 807 623
f 802 623 807
f 806 808 624
f 807 624 808
f 625 809 626
f 626 809 805
f 809 625 810
f 627 810 625
f 810 627 630
f 629 630 627
f 653 628 811
f 800 811 628
f 630 799 810
f 810 799 812
f 632 631 813
f 813 631 814
f 631 633 814
f 815 814 633
f 632 813 816
f 817 816 813
f 632 816 634
f 818 815 635
f 633 635 815
f 637 634 688
f 688 634 816
f 639 819 635
f 635 819 818
f 636 701 638
f 640 638 701
f 819 639 820
f 820 639 642
f 640 696 641
f 701 696 640
f 641 696 643
f 696 643 697
f 820 642 821
f 644 821 642
f 644 648 821
f 822 821 648
f 823 824 646
f 825 646 824
f 825 647 646
f 645 646 647
f 647 825 753
f 826 753 825
f 650 827 648
f 822 648 827
f 649 755 650
f 828 650 755
f 829 827 828
f 650 828 827
f 830 654 651
f 651 654 652
f 830 651 831
f 653 831 651
f 831 653 832
f 811 832 653
f 833 658 830
f 654 830 658
f 834 657 835
f 655 835 657
f 835 655 658
f 836 837 834
f 834 837 657
f 837 755 657
f 656 657 755
f 838 658 839
f 833 839 658
f 658 838 835
f 840 835 838
f 664 841 659
f 661 660 842
f 660 659 842
f 841 842 659
f 842 843 661
f 843 844 661
f 662 661 844
f 844 722 662
f 663 662 722
f 665 841 664
f 845 841 665
f 846 845 666
f 665 666 845
f 724 847 668
f 667 668 847
f 669 671 672
f 848 672 671
f 670 712 671
f 849 671 712
f 671 849 848
f 850 848 849
f 672 848 680
f 851 680 848
f 673 675 785
f 852 785 675
f 675 674 853
f 854 853 674
f 854 674 855
f 677 855 674
f 856 852 853
f 675 853 852
f 677 676 857
f 857 676 679
f 855 677 858
f 858 677 857
f 679 678 859
f 680 859 678
f 859 860 679
f 857 679 860
f 680 851 859
f 861 859 851
f 862 682 714
f 681 714 682
f 862 863 682
f 700 682 863
f 864 683 865
f 702 683 864
f 683 684 865
f 866 867 685
f 867 684 685
f 684 867 865
f 864 865 867
f 868 866 686
f 685 686 866
f 868 686 817
f 687 817 686
f 688 816 687
f 816 817 687
f 823 689 869
f 869 689 690
f 689 823 697
f 869 690 698
f 695 870 871
f 870 872 871
f 871 873 695
f 874 695 873
f 695 875 876
f 876 875 877
f 875 695 878
f 874 878 695
f 879 880 694
f 881 694 880
f 882 693 881
f 694 881 693
f 879 694 883
f 884 883 694
f 885 884 886
f 694 886 884
f 693 882 691
f 887 691 882
f 888 692 887
f 691 887 692
f 889 890 888
f 692 888 890
f 698 699 891
f 891 869 698
f 891 699 863
f 700 863 699
f 710 702 892
f 864 892 702
f 703 893 894
f 703 894 895
f 896 895 894
f 706 703 897
f 895 897 703
f 898 703 899
f 898 893 703
f 899 703 704
f 704 898 899
f 704 709 898
f 900 705 901
f 705 706 901
f 897 902 706
f 901 706 902
f 903 708 900
f 705 900 708
f 904 707 903
f 903 707 708
f 905 906 707
f 709 707 906
f 707 904 905
f 907 905 904
f 908 709 909
f 906 909 709
f 709 908 898
f 711 710 910
f 892 910 710
f 910 911 711
f 712 711 911
f 849 712 912
f 911 912 712
f 716 913 713
f 862 714 913
f 714 713 913
f 715 719 716
f 914 716 719
f 716 914 913
f 723 915 717
f 718 717 915
f 719 718 915
f 914 719 916
f 915 916 719
f 721 720 917
f 917 720 918
f 720 722 918
f 919 918 722
f 723 721 920
f 917 920 721
f 921 919 844
f 722 844 919
f 915 723 922
f 920 922 723
f 726 923 724
f 847 724 923
f 725 769 726
f 924 726 769
f 924 925 726
f 923 726 926
f 925 926 726
f 727 768 729
f 927 729 768
f 729 928 728
f 929 771 928
f 728 928 771
f 930 928 927
f 729 927 928
f 931 763 739
f 739 763 730
f 932 933 732
f 932 732 934
f 933 733 732
f 934 732 935
f 734 935 732
f 733 933 936
f 937 936 933
f 733 938 939
f 733 940 938
f 733 941 940
f 733 936 941
f 736 733 942
f 942 733 939
f 734 735 943
f 944 943 735
f 734 943 935
f 945 944 740
f 944 735 740
f 736 942 737
f 737 946 738
f 947 738 946
f 948 946 942
f 737 942 946
f 738 947 949
f 950 949 947
f 739 738 949
f 931 739 950
f 949 950 739
f 741 951 740
f 945 740 951
f 742 952 741
f 951 741 952
f 952 742 953
f 748 953 742
f 743 756 745
f 954 955 745
f 744 745 955
f 756 956 745
f 954 745 956
f 957 746 955
f 955 746 744
f 746 957 747
f 958 747 957
f 958 959 747
f 748 747 959
f 959 953 748
f 960 961 750
f 749 750 961
f 750 751 960
f 962 960 751
f 963 752 961
f 749 961 752
f 753 964 751
f 962 751 964
f 752 963 754
f 965 754 963
f 753 826 964
f 964 826 922
f 758 754 966
f 965 966 754
f 967 828 837
f 755 837 828
f 968 956 757
f 756 757 956
f 757 758 968
f 969 968 758
f 758 966 969
f 969 966 970
f 762 763 766
f 763 971 766
f 972 766 971
f 763 931 971
f 973 971 931
f 974 764 975
f 765 975 764
f 976 975 767
f 765 767 975
f 768 764 977
f 974 977 764
f 767 766 978
f 766 972 978
f 978 979 767
f 976 767 979
f 977 980 768
f 980 927 768
f 772 925 769
f 924 769 925
f 981 772 771
f 770 771 772
f 929 982 771
f 771 982 983
f 983 981 771
f 925 772 984
f 772 981 984
f 985 984 981
f 783 778 775
f 774 775 778
f 986 777 987
f 776 987 777
f 988 776 779
f 987 776 988
f 777 986 781
f 989 781 986
f 778 783 990
f 991 778 990
f 779 778 991
f 992 993 779
f 779 993 988
f 994 992 991
f 779 991 992
f 781 989 780
f 995 780 989
f 780 995 782
f 996 782 995
f 782 996 997
f 998 997 996
f 999 783 997
f 782 997 783
f 783 999 990
f 785 1000 784
f 796 784 1000
f 785 852 1000
f 1001 1000 852
f 786 1002 787
f 1003 787 1002
f 1004 1002 788
f 786 788 1002
f 1005 789 1003
f 787 1003 789
f 1006 1004 794
f 794 1004 788
f 795 789 1007
f 1005 1007 789
f 793 1008 791
f 1009 791 1008
f 790 791 1010
f 791 1009 1010
f 1011 792 1010
f 790 1010 792
f 792 1011 794
f 1012 794 1011
f 1008 793 1013
f 796 1013 793
f 794 1012 1006
f 1006 1012 1014
f 795 1007 797
f 798 797 1007
f 1013 796 1015
f 1000 1015 796
f 1016 1017 1007
f 798 1007 1017
f 1017 799 798
f 1016 812 1017
f 799 1017 812
f 811 800 1018
f 801 1018 800
f 1018 801 802
f 1019 802 1020
f 807 1020 802
f 802 1019 1018
f 1021 1018 1019
f 1022 803 1023
f 805 1023 803
f 1024 1025 1022
f 803 1022 1025
f 804 803 1026
f 1025 1026 803
f 1026 1027 804
f 806 804 1027
f 809 1028 805
f 805 1028 1023
f 1029 808 1027
f 806 1027 808
f 1030 1020 808
f 807 808 1020
f 808 1029 1030
f 1031 1030 1029
f 1028 809 812
f 812 809 810
f 811 1018 832
f 812 1016 1028
f 1016 1032 1028
f 814 1033 813
f 1034 813 1033
f 814 815 1033
f 1035 1033 815
f 1034 868 813
f 817 813 868
f 815 818 1035
f 1036 1035 818
f 1036 818 1037
f 819 1037 818
f 1037 819 1038
f 820 1038 819
f 821 1038 820
f 1039 1040 822
f 1040 821 822
f 1040 1038 821
f 1041 823 869
f 823 1041 824
f 1041 1042 824
f 1039 822 1043
f 1043 822 827
f 824 1042 914
f 913 914 1042
f 826 825 916
f 825 824 916
f 824 914 916
f 916 915 826
f 922 826 915
f 829 1044 827
f 827 1044 1043
f 1045 829 967
f 829 828 967
f 1046 1044 1045
f 829 1045 1044
f 831 1047 830
f 833 830 1047
f 831 832 1047
f 1018 1021 832
f 832 1021 1048
f 1049 1047 1048
f 832 1048 1047
f 839 833 1050
f 1047 1050 833
f 840 1051 835
f 1051 834 835
f 836 834 1052
f 1052 834 1051
f 1053 836 1054
f 1052 1054 836
f 837 836 967
f 1053 967 836
f 945 838 944
f 944 838 839
f 944 839 943
f 1050 943 839
f 838 945 840
f 951 840 945
f 1055 1051 951
f 840 951 1051
f 842 841 1056
f 841 1057 1056
f 841 845 1057
f 1058 1057 845
f 843 842 1059
f 1059 842 1056
f 844 843 921
f 1059 921 843
f 845 846 1058
f 1060 1058 846
f 846 847 1060
f 1061 1060 847
f 847 923 1061
f 1062 1061 923
f 1063 851 850
f 850 851 848
f 1064 850 849
f 912 1064 849
f 1064 1065 850
f 1063 850 1065
f 851 1063 861
f 1066 861 1063
f 856 1067 852
f 1001 852 1067
f 1068 853 1069
f 854 1069 853
f 1069 854 1070
f 855 1070 854
f 1071 856 1068
f 853 1068 856
f 1070 855 1072
f 1072 855 858
f 1071 1073 856
f 1067 856 1073
f 858 857 1074
f 860 1074 857
f 1074 1075 858
f 1072 858 1075
f 859 861 860
f 1076 860 861
f 860 1076 1074
f 1077 1074 1076
f 861 1066 1076
f 1078 1076 1066
f 913 1042 862
f 1041 863 1042
f 1042 863 862
f 869 891 1041
f 863 1041 891
f 910 892 1079
f 1079 892 902
f 892 864 902
f 867 902 864
f 1080 1081 866
f 867 866 1081
f 868 1034 866
f 1080 866 1034
f 871 872 1082
f 1083 1082 872
f 1082 1084 871
f 873 871 1084
f 870 1085 872
f 1085 1086 872
f 872 1086 1083
f 1083 1086 1087
f 873 1084 1088
f 874 873 1089
f 1090 1089 873
f 1090 873 1088
f 874 1089 878
f 1091 878 1089
f 877 1092 1093
f 1092 1094 1093
f 875 1095 877
f 1092 877 1095
f 876 877 1096
f 1096 877 1093
f 876 1096 1097
f 1096 1098 1097
f 1098 1099 1097
f 1099 1100 1097
f 1101 1097 1102
f 1095 875 1103
f 878 1103 875
f 1104 1103 878
f 1104 878 1091
f 1105 881 1106
f 1106 881 880
f 1107 882 1105
f 881 1105 882
f 880 879 1108
f 1108 879 883
f 1108 1109 880
f 880 1109 1106
f 1110 887 1107
f 882 1107 887
f 1108 883 1111
f 1111 883 1112
f 1113 1112 884
f 884 1112 883
f 1114 1113 885
f 884 885 1113
f 886 1115 885
f 1116 885 1115
f 1117 1114 1116
f 885 1116 1114
f 1110 1118 887
f 888 887 1118
f 1118 1119 888
f 889 888 1119
f 1119 1120 889
f 1121 889 1120
f 890 889 1122
f 1122 889 1121
f 1123 1124 898
f 893 898 1124
f 893 1124 894
f 894 1124 1125
f 1125 998 894
f 896 894 998
f 998 996 896
f 1126 896 996
f 1126 1127 896
f 895 896 1127
f 1128 895 1127
f 897 895 1128
f 902 897 1128
f 1123 898 1129
f 908 1129 898
f 900 1130 903
f 1131 903 1130
f 1130 900 1132
f 901 1132 900
f 901 902 1133
f 1133 902 1134
f 1132 901 1133
f 902 1128 1134
f 904 903 1131
f 907 904 1131
f 1135 1136 905
f 906 905 1136
f 905 907 1135
f 1137 1135 907
f 909 906 1138
f 906 1136 1138
f 1131 1139 907
f 1137 907 1139
f 1140 909 1141
f 1141 909 1138
f 909 1140 908
f 1129 908 1140
f 1079 911 910
f 1142 912 1079
f 1079 912 911
f 1142 1143 912
f 1064 912 1143
f 917 1144 920
f 964 920 1144
f 918 1145 917
f 1144 917 1145
f 1145 918 1146
f 919 1146 918
f 1146 919 1147
f 919 921 1147
f 922 920 964
f 1147 921 1148
f 1059 1148 921
f 926 1149 923
f 1062 923 1149
f 1150 926 984
f 925 984 926
f 1150 1151 926
f 1149 926 1151
f 1152 930 980
f 927 980 930
f 930 1153 928
f 928 1153 929
f 1153 982 929
f 1154 1153 1152
f 1152 1153 930
f 950 1155 931
f 973 931 1155
f 1156 932 1157
f 932 934 1157
f 932 1156 1158
f 1159 932 1158
f 1160 932 1159
f 1161 932 1160
f 1161 1162 932
f 933 932 1162
f 937 933 1162
f 1163 1157 935
f 934 935 1157
f 1163 935 1164
f 943 1164 935
f 1165 1166 937
f 1166 941 937
f 936 937 941
f 1167 1165 1162
f 937 1162 1165
f 1168 1169 938
f 939 938 1169
f 938 940 1168
f 1170 1168 940
f 1169 948 939
f 942 939 948
f 1170 940 1166
f 941 1166 940
f 1050 1164 943
f 1171 947 1172
f 946 1172 947
f 948 1173 946
f 1172 946 1173
f 947 1174 950
f 1155 950 1174
f 1171 1174 947
f 1173 948 1175
f 1169 1175 948
f 951 952 1055
f 953 1055 952
f 1055 953 1176
f 1177 1176 953
f 953 959 1177
f 1178 1177 959
f 955 954 1179
f 1180 1179 954
f 955 1179 957
f 1181 956 1182
f 968 1182 956
f 1183 958 1184
f 957 1184 958
f 957 1179 1184
f 1178 959 1183
f 959 958 1183
f 1185 1186 960
f 1186 961 960
f 962 1187 960
f 960 1187 1185
f 1188 1185 1187
f 1189 963 1186
f 1186 963 961
f 1144 1187 964
f 964 1187 962
f 963 1190 965
f 963 1189 1190
f 1191 1190 1189
f 1192 966 1190
f 966 965 1190
f 966 1193 970
f 1194 1193 1192
f 966 1192 1193
f 967 1053 1045
f 1045 1053 1195
f 969 1196 968
f 968 1196 1182
f 1196 969 1197
f 970 1197 969
f 1197 970 1198
f 1193 1198 970
f 1199 978 971
f 971 978 972
f 973 1199 971
f 1174 973 1155
f 1199 973 1200
f 1174 1200 973
f 975 1201 974
f 1202 974 1201
f 975 976 1201
f 1203 1201 976
f 1152 977 1202
f 974 1202 977
f 1204 1203 979
f 976 979 1203
f 977 1152 980
f 978 1205 979
f 978 1206 1205
f 1199 1207 978
f 1206 978 1207
f 1205 1204 979
f 981 983 985
f 1153 1208 982
f 983 982 985
f 1208 985 982
f 984 985 1150
f 1209 1150 985
f 1210 985 1208
f 1210 1211 985
f 1209 985 1211
f 989 986 1212
f 1213 1212 986
f 1214 1213 987
f 986 987 1213
f 987 988 1214
f 988 1215 1214
f 988 993 1215
f 1216 1215 993
f 995 989 1217
f 1212 1217 989
f 999 1218 990
f 1218 1219 990
f 1219 1220 990
f 1220 994 990
f 994 991 990
f 993 992 1221
f 1222 1221 992
f 1222 992 994
f 993 1221 1216
f 1223 1216 1221
f 994 1220 1224
f 1225 1224 1220
f 1224 1226 994
f 1222 994 1226
f 996 995 1126
f 1217 1126 995
f 998 1227 997
f 1228 1227 998
f 1228 998 1229
f 1229 998 1125
f 999 997 1230
f 997 1227 1230
f 1231 1230 1227
f 1232 1218 1230
f 999 1230 1218
f 1001 1233 1000
f 1000 1233 1015
f 1067 1234 1001
f 1233 1001 1234
f 1235 1236 1002
f 1003 1002 1236
f 1235 1002 1237
f 1004 1237 1002
f 1005 1003 1032
f 1236 1032 1003
f 1004 1006 1237
f 1238 1237 1006
f 1007 1005 1016
f 1032 1016 1005
f 1006 1014 1238
f 1239 1238 1014
f 1240 1008 1241
f 1013 1241 1008
f 1008 1240 1009
f 1242 1009 1240
f 1009 1242 1010
f 1243 1010 1242
f 1010 1243 1011
f 1243 1244 1011
f 1245 1012 1244
f 1011 1244 1012
f 1246 1014 1245
f 1012 1245 1014
f 1241 1013 1247
f 1015 1247 1013
f 1014 1246 1239
f 1248 1239 1246
f 1247 1015 1249
f 1249 1015 1233
f 1019 1020 1250
f 1250 1020 1251
f 1020 1030 1251
f 1030 1252 1251
f 1021 1019 1253
f 1250 1253 1019
f 1254 1048 1255
f 1021 1255 1048
f 1021 1253 1255
f 1022 1023 1235
f 1236 1235 1023
f 1237 1024 1235
f 1022 1235 1024
f 1023 1028 1236
f 1032 1236 1028
f 1025 1024 1256
f 1256 1024 1257
f 1256 1258 1025
f 1026 1025 1258
f 1024 1237 1257
f 1238 1257 1237
f 1026 1258 1027
f 1259 1027 1258
f 1029 1027 1260
f 1259 1260 1027
f 1261 1031 1260
f 1029 1260 1031
f 1262 1263 1030
f 1252 1030 1263
f 1264 1262 1031
f 1030 1031 1262
f 1031 1261 1264
f 1264 1261 1265
f 1266 1080 1033
f 1034 1033 1080
f 1033 1035 1266
f 1267 1266 1035
f 1035 1036 1267
f 1267 1036 1268
f 1037 1269 1036
f 1036 1269 1268
f 1038 1270 1037
f 1269 1037 1270
f 1040 1271 1038
f 1038 1271 1270
f 1272 1271 1039
f 1040 1039 1271
f 1272 1039 1273
f 1043 1273 1039
f 1043 1044 1273
f 1044 1274 1273
f 1044 1046 1274
f 1275 1274 1046
f 1276 1046 1195
f 1045 1195 1046
f 1046 1276 1275
f 1275 1276 1277
f 1047 1049 1050
f 1278 1050 1049
f 1048 1254 1049
f 1279 1049 1254
f 1049 1279 1278
f 1050 1278 1164
f 1055 1176 1051
f 1052 1051 1176
f 1280 1054 1176
f 1052 1176 1054
f 1280 1281 1054
f 1282 1054 1281
f 1195 1053 1282
f 1054 1282 1053
f 1059 1056 1148
f 1283 1148 1057
f 1056 1057 1148
f 1057 1058 1283
f 1283 1058 1284
f 1060 1284 1058
f 1060 1061 1284
f 1284 1061 1285
f 1062 1285 1061
f 1285 1062 1286
f 1149 1286 1062
f 1065 1287 1063
f 1066 1063 1287
f 1143 1288 1064
f 1065 1064 1288
f 1065 1288 1287
f 1078 1066 1289
f 1289 1066 1287
f 1073 1290 1067
f 1234 1067 1290
f 1068 1069 1225
f 1224 1225 1069
f 1224 1069 1226
f 1070 1226 1069
f 1068 1225 1071
f 1291 1071 1225
f 1070 1072 1226
f 1292 1226 1072
f 1291 1293 1071
f 1293 1073 1071
f 1292 1072 1294
f 1072 1075 1294
f 1293 1295 1073
f 1290 1073 1295
f 1296 1075 1077
f 1074 1077 1075
f 1297 1294 1296
f 1075 1296 1294
f 1076 1078 1077
f 1298 1077 1078
f 1077 1298 1296
f 1299 1296 1298
f 1298 1078 1300
f 1289 1300 1078
f 1301 1302 1079
f 1142 1079 1302
f 1079 1081 1301
f 1303 1301 1081
f 1081 1080 1303
f 1266 1303 1080
f 1304 1083 1305
f 1087 1305 1083
f 1083 1304 1082
f 1082 1304 1306
f 1307 1084 1306
f 1306 1084 1082
f 1084 1307 1088
f 1308 1088 1307
f 1086 1085 1309
f 1310 1309 1085
f 1086 1309 1087
f 1311 1087 1309
f 1305 1087 1312
f 1311 1312 1087
f 1313 1314 1308
f 1088 1308 1314
f 1315 1090 1314
f 1314 1090 1088
f 1315 1316 1090
f 1090 1316 1089
f 1317 1091 1316
f 1316 1091 1089
f 1317 1318 1091
f 1091 1318 1104
f 1319 1320 1092
f 1094 1092 1320
f 1092 1095 1319
f 1095 1321 1319
f 1320 1322 1094
f 1323 1094 1322
f 1093 1094 1324
f 1323 1324 1094
f 1093 1324 1096
f 1098 1096 1324
f 1325 1321 1103
f 1321 1095 1103
f 1326 1327 1097
f 1328 1097 1327
f 1179 1097 1184
f 1328 1184 1097
f 1101 1326 1097
f 1180 1097 1179
f 1102 1097 1180
f 1097 1102 1101
f 1101 1329 1326
f 1102 1330 1101
f 1331 1101 1330
f 1329 1101 1332
f 1331 1332 1101
f 1181 1333 1102
f 1333 1330 1102
f 1180 1181 1102
f 1334 1100 1335
f 1336 1335 1100
f 1336 1100 1337
f 1099 1337 1100
f 1098 1324 1099
f 1337 1099 1324
f 1103 1104 1325
f 1338 1325 1104
f 1339 1338 1318
f 1104 1318 1338
f 1340 1106 1341
f 1109 1341 1106
f 1342 1105 1340
f 1105 1106 1340
f 1105 1342 1107
f 1343 1107 1342
f 1107 1343 1110
f 1344 1110 1343
f 1109 1108 1345
f 1346 1345 1108
f 1111 1347 1108
f 1346 1108 1347
f 1341 1109 1348
f 1345 1348 1109
f 1110 1344 1118
f 1349 1350 1112
f 1111 1112 1350
f 1351 1349 1113
f 1113 1349 1112
f 1350 1352 1111
f 1347 1111 1352
f 1113 1114 1351
f 1353 1351 1114
f 1114 1117 1353
f 1354 1353 1117
f 1355 1116 1356
f 1115 1356 1116
f 1117 1116 1357
f 1355 1357 1116
f 1357 1354 1117
f 1118 1344 1358
f 1118 1358 1119
f 1119 1358 1359
f 1119 1359 1120
f 1120 1359 1360
f 1361 1362 1360
f 1120 1360 1362
f 1120 1362 1121
f 1121 1362 1363
f 1122 1121 1364
f 1363 1364 1121
f 1365 1123 1366
f 1123 1129 1366
f 1123 1365 1124
f 1125 1124 1367
f 1365 1367 1124
f 1125 1367 1229
f 1217 1368 1126
f 1127 1126 1368
f 1128 1127 1369
f 1369 1127 1370
f 1370 1127 1371
f 1368 1371 1127
f 1370 1372 1369
f 1372 1128 1369
f 1134 1128 1373
f 1372 1373 1128
f 1366 1129 1374
f 1375 1374 1140
f 1129 1140 1374
f 1376 1130 1133
f 1132 1133 1130
f 1377 1131 1376
f 1130 1376 1131
f 1378 1139 1377
f 1131 1377 1139
f 1376 1133 1379
f 1134 1379 1133
f 1134 1380 1379
f 1381 1382 1135
f 1136 1135 1382
f 1135 1137 1381
f 1137 1383 1381
f 1384 1138 1382
f 1136 1382 1138
f 1137 1139 1383
f 1141 1138 1385
f 1384 1385 1138
f 1139 1378 1386
f 1387 1139 1386
f 1383 1139 1387
f 1388 1141 1389
f 1385 1389 1141
f 1375 1140 1388
f 1141 1388 1140
f 1390 1143 1302
f 1142 1302 1143
f 1143 1390 1288
f 1391 1288 1390
f 1145 1188 1144
f 1187 1144 1188
f 1146 1392 1145
f 1188 1145 1392
f 1147 1393 1146
f 1146 1393 1392
f 1148 1394 1147
f 1393 1147 1394
f 1283 1395 1148
f 1394 1148 1395
f 1149 1151 1286
f 1150 1209 1151
f 1151 1209 1396
f 1286 1151 1397
f 1396 1397 1151
f 1202 1398 1152
f 1398 1154 1152
f 1154 1210 1153
f 1208 1153 1210
f 1399 1400 1398
f 1154 1398 1400
f 1401 1156 1157
f 1402 1403 1401
f 1156 1401 1403
f 1158 1156 1403
f 1401 1157 1404
f 1404 1157 1163
f 1158 1405 1159
f 1406 1159 1405
f 1407 1405 1403
f 1158 1403 1405
f 1408 1160 1409
f 1159 1409 1160
f 1159 1406 1409
f 1167 1161 1408
f 1160 1408 1161
f 1161 1167 1162
f 1164 1410 1163
f 1163 1411 1412
f 1413 1411 1163
f 1413 1163 1410
f 1163 1412 1404
f 1164 1278 1414
f 1164 1414 1415
f 1164 1415 1410
f 1166 1165 1416
f 1417 1416 1165
f 1165 1167 1417
f 1167 1418 1417
f 1419 1417 1418
f 1416 1420 1166
f 1170 1166 1420
f 1167 1408 1418
f 1421 1418 1408
f 1175 1169 1422
f 1168 1422 1169
f 1170 1420 1168
f 1422 1168 1420
f 1200 1171 1423
f 1172 1423 1171
f 1172 1424 1423
f 1173 1425 1172
f 1424 1172 1425
f 1171 1200 1174
f 1173 1175 1425
f 1425 1175 1426
f 1426 1175 1422
f 1176 1177 1280
f 1427 1280 1177
f 1177 1178 1427
f 1427 1178 1428
f 1183 1429 1178
f 1429 1428 1178
f 1333 1181 1430
f 1181 1182 1430
f 1430 1182 1431
f 1182 1432 1431
f 1433 1431 1432
f 1196 1432 1182
f 1184 1328 1183
f 1429 1183 1328
f 1434 1435 1185
f 1186 1185 1435
f 1188 1392 1185
f 1185 1392 1434
f 1393 1434 1392
f 1436 1189 1435
f 1186 1435 1189
f 1189 1437 1191
f 1189 1436 1437
f 1438 1437 1436
f 1439 1192 1191
f 1190 1191 1192
f 1440 1439 1437
f 1191 1437 1439
f 1441 1194 1439
f 1192 1439 1194
f 1198 1193 1442
f 1194 1442 1193
f 1442 1194 1443
f 1194 1441 1443
f 1282 1444 1195
f 1276 1195 1444
f 1432 1196 1445
f 1197 1445 1196
f 1197 1446 1445
f 1198 1447 1197
f 1446 1197 1447
f 1447 1198 1448
f 1442 1448 1198
f 1199 1200 1207
f 1449 1207 1200
f 1423 1449 1200
f 1398 1202 1450
f 1201 1450 1202
f 1451 1450 1203
f 1201 1203 1450
f 1204 1451 1203
f 1204 1205 1452
f 1206 1452 1205
f 1204 1453 1451
f 1453 1204 1454
f 1454 1204 1452
f 1452 1206 1455
f 1207 1455 1206
f 1449 1455 1207
f 1456 1457 1209
f 1396 1209 1457
f 1456 1209 1400
f 1400 1209 1211
f 1368 1217 1458
f 1212 1458 1217
f 1213 1459 1212
f 1458 1212 1459
f 1214 1460 1213
f 1459 1213 1460
f 1215 1461 1214
f 1460 1214 1461
f 1461 1215 1462
f 1216 1462 1215
f 1223 1463 1216
f 1462 1216 1463
f 1464 1465 1232
f 1218 1232 1465
f 1465 1466 1218
f 1219 1218 1466
f 1220 1219 1467
f 1466 1467 1219
f 1220 1467 1225
f 1291 1225 1467
f 1222 1226 1221
f 1292 1221 1226
f 1221 1292 1223
f 1294 1223 1292
f 1294 1297 1223
f 1463 1223 1297
f 1468 1231 1228
f 1227 1228 1231
f 1229 1469 1228
f 1468 1228 1469
f 1367 1469 1229
f 1470 1232 1231
f 1230 1231 1232
f 1231 1471 1470
f 1471 1231 1468
f 1232 1470 1464
f 1472 1464 1470
f 1234 1473 1233
f 1233 1473 1249
f 1290 1474 1234
f 1473 1234 1474
f 1257 1238 1475
f 1239 1475 1238
f 1239 1248 1475
f 1476 1475 1248
f 1247 1477 1241
f 1478 1241 1477
f 1241 1478 1240
f 1479 1240 1478
f 1240 1479 1242
f 1480 1242 1479
f 1242 1480 1243
f 1481 1243 1480
f 1243 1481 1244
f 1482 1244 1481
f 1244 1482 1245
f 1483 1245 1482
f 1245 1483 1246
f 1484 1246 1483
f 1246 1484 1248
f 1485 1248 1484
f 1249 1486 1247
f 1486 1477 1247
f 1248 1485 1476
f 1487 1476 1485
f 1473 1488 1249
f 1486 1249 1488
f 1489 1250 1490
f 1490 1250 1251
f 1253 1250 1489
f 1490 1251 1491
f 1491 1251 1252
f 1491 1252 1492
f 1492 1252 1263
f 1489 1493 1253
f 1253 1493 1255
f 1494 1254 1493
f 1255 1493 1254
f 1495 1279 1494
f 1254 1494 1279
f 1256 1257 1496
f 1475 1496 1257
f 1496 1497 1256
f 1258 1256 1497
f 1259 1258 1498
f 1497 1498 1258
f 1259 1498 1260
f 1499 1260 1498
f 1500 1261 1499
f 1260 1499 1261
f 1261 1500 1265
f 1501 1265 1500
f 1262 1502 1263
f 1503 1263 1502
f 1263 1503 1492
f 1504 1492 1503
f 1505 1502 1264
f 1262 1264 1502
f 1264 1265 1505
f 1506 1505 1265
f 1265 1501 1506
f 1507 1506 1501
f 1267 1303 1266
f 1268 1508 1267
f 1508 1303 1267
f 1509 1510 1268
f 1510 1508 1268
f 1269 1509 1268
f 1509 1269 1511
f 1511 1269 1270
f 1511 1270 1512
f 1271 1512 1270
f 1271 1272 1512
f 1512 1272 1513
f 1273 1514 1272
f 1272 1514 1513
f 1515 1514 1274
f 1273 1274 1514
f 1516 1515 1275
f 1515 1274 1275
f 1277 1516 1275
f 1444 1517 1276
f 1276 1517 1277
f 1517 1518 1277
f 1277 1519 1516
f 1277 1518 1519
f 1279 1520 1278
f 1414 1278 1520
f 1279 1495 1520
f 1427 1521 1280
f 1521 1281 1280
f 1281 1521 1522
f 1523 1522 1521
f 1281 1522 1282
f 1444 1282 1522
f 1284 1524 1283
f 1395 1283 1524
f 1284 1285 1524
f 1525 1524 1285
f 1285 1286 1525
f 1526 1525 1286
f 1286 1397 1526
f 1397 1527 1526
f 1528 1289 1288
f 1287 1288 1289
f 1391 1528 1288
f 1528 1529 1289
f 1529 1300 1289
f 1295 1530 1290
f 1290 1530 1474
f 1467 1531 1291
f 1293 1291 1531
f 1293 1531 1295
f 1532 1295 1531
f 1532 1533 1295
f 1530 1295 1533
f 1296 1299 1297
f 1534 1297 1299
f 1535 1463 1534
f 1534 1463 1297
f 1299 1298 1536
f 1300 1536 1298
f 1536 1537 1299
f 1299 1537 1534
f 1300 1529 1536
f 1538 1390 1302
f 1539 1302 1301
f 1538 1302 1539
f 1303 1508 1301
f 1539 1301 1508
f 1305 1540 1541
f 1305 1541 1542
f 1304 1305 1542
f 1312 1540 1305
f 1304 1542 1543
f 1306 1304 1543
f 1544 1307 1543
f 1307 1306 1543
f 1545 1308 1544
f 1307 1544 1308
f 1308 1545 1313
f 1546 1313 1545
f 1310 1547 1309
f 1548 1309 1547
f 1309 1548 1311
f 1548 1549 1311
f 1312 1311 1550
f 1549 1550 1311
f 1550 1551 1312
f 1540 1312 1551
f 1313 1546 1552
f 1553 1552 1546
f 1552 1554 1313
f 1313 1554 1314
f 1314 1554 1315
f 1315 1554 1555
f 1555 1556 1315
f 1316 1315 1556
f 1557 1317 1556
f 1316 1556 1317
f 1318 1317 1558
f 1317 1557 1558
f 1559 1339 1558
f 1558 1339 1318
f 1560 1561 1319
f 1561 1320 1319
f 1560 1319 1321
f 1562 1563 1320
f 1561 1562 1320
f 1320 1563 1322
f 1564 1560 1325
f 1325 1560 1321
f 1565 1322 1566
f 1563 1566 1322
f 1322 1565 1323
f 1567 1323 1565
f 1324 1323 1337
f 1337 1323 1567
f 1568 1564 1338
f 1325 1338 1564
f 1429 1328 1569
f 1328 1327 1569
f 1570 1571 1329
f 1326 1329 1571
f 1326 1571 1327
f 1572 1327 1571
f 1569 1327 1573
f 1572 1573 1327
f 1332 1574 1329
f 1329 1574 1570
f 1575 1331 1330
f 1575 1330 1333
f 1332 1331 1576
f 1577 1576 1331
f 1578 1331 1575
f 1579 1577 1578
f 1331 1578 1577
f 1332 1580 1574
f 1576 1580 1332
f 1333 1430 1581
f 1582 1581 1430
f 1575 1333 1581
f 1583 1584 1585
f 1335 1585 1584
f 1585 1335 1586
f 1335 1336 1586
f 1587 1334 1584
f 1584 1334 1335
f 1586 1336 1567
f 1337 1567 1336
f 1338 1339 1568
f 1588 1568 1339
f 1339 1559 1588
f 1589 1588 1559
f 1590 1341 1591
f 1348 1591 1341
f 1592 1340 1590
f 1590 1340 1341
f 1593 1342 1592
f 1340 1592 1342
f 1594 1343 1593
f 1342 1593 1343
f 1595 1344 1594
f 1344 1343 1594
f 1344 1595 1358
f 1345 1346 1596
f 1596 1346 1347
f 1597 1348 1598
f 1345 1598 1348
f 1599 1598 1596
f 1598 1345 1596
f 1600 1601 1352
f 1347 1352 1601
f 1599 1596 1601
f 1601 1596 1347
f 1591 1348 1602
f 1602 1348 1597
f 1603 1604 1349
f 1604 1350 1349
f 1605 1603 1351
f 1349 1351 1603
f 1604 1606 1350
f 1352 1350 1606
f 1607 1605 1353
f 1351 1353 1605
f 1606 1608 1352
f 1352 1608 1600
f 1609 1607 1354
f 1354 1607 1353
f 1610 1354 1357
f 1610 1609 1354
f 1584 1355 1587
f 1356 1587 1355
f 1357 1355 1583
f 1584 1583 1355
f 1583 1610 1357
f 1358 1595 1611
f 1358 1611 1359
f 1359 1611 1612
f 1613 1360 1612
f 1359 1612 1360
f 1360 1613 1361
f 1614 1361 1613
f 1361 1614 1550
f 1551 1550 1614
f 1550 1549 1361
f 1362 1361 1549
f 1362 1549 1363
f 1548 1363 1549
f 1363 1548 1364
f 1547 1364 1548
f 1366 1374 1469
f 1615 1469 1374
f 1366 1469 1365
f 1365 1469 1367
f 1371 1368 1616
f 1458 1616 1368
f 1372 1370 1371
f 1616 1617 1371
f 1372 1371 1617
f 1373 1372 1618
f 1619 1618 1372
f 1619 1372 1617
f 1620 1373 1621
f 1621 1373 1618
f 1620 1622 1373
f 1623 1615 1375
f 1374 1375 1615
f 1624 1623 1388
f 1375 1388 1623
f 1625 1377 1379
f 1377 1376 1379
f 1377 1625 1378
f 1626 1378 1625
f 1627 1628 1378
f 1386 1378 1628
f 1378 1626 1627
f 1627 1626 1629
f 1380 1630 1379
f 1625 1379 1630
f 1622 1631 1380
f 1630 1380 1631
f 1620 1632 1622
f 1631 1622 1632
f 1633 1634 1381
f 1382 1381 1634
f 1381 1383 1633
f 1387 1633 1383
f 1635 1384 1634
f 1382 1634 1384
f 1635 1636 1384
f 1385 1384 1636
f 1389 1385 1637
f 1636 1637 1385
f 1628 1638 1386
f 1387 1386 1638
f 1638 1639 1387
f 1633 1387 1639
f 1637 1640 1389
f 1641 1389 1640
f 1641 1642 1389
f 1389 1642 1388
f 1642 1624 1388
f 1390 1643 1391
f 1391 1643 1644
f 1643 1390 1538
f 1391 1644 1645
f 1645 1644 1646
f 1645 1528 1391
f 1393 1394 1434
f 1394 1395 1434
f 1395 1524 1434
f 1396 1457 1397
f 1397 1647 1527
f 1648 1527 1647
f 1397 1457 1647
f 1647 1457 1649
f 1450 1399 1398
f 1650 1456 1399
f 1400 1399 1456
f 1450 1650 1399
f 1651 1401 1404
f 1401 1651 1652
f 1653 1401 1652
f 1654 1401 1653
f 1655 1401 1654
f 1402 1401 1655
f 1403 1402 1407
f 1656 1407 1402
f 1656 1402 1657
f 1402 1655 1657
f 1658 1651 1404
f 1412 1659 1404
f 1404 1659 1660
f 1404 1660 1658
f 1405 1661 1406
f 1662 1406 1661
f 1663 1661 1407
f 1405 1407 1661
f 1406 1662 1409
f 1407 1656 1663
f 1664 1663 1656
f 1662 1408 1409
f 1421 1408 1662
f 1665 1410 1415
f 1665 1666 1410
f 1413 1410 1667
f 1410 1666 1667
f 1411 1667 1412
f 1413 1667 1411
f 1659 1412 1668
f 1669 1668 1412
f 1412 1667 1669
f 1665 1414 1520
f 1665 1415 1414
f 1417 1670 1416
f 1671 1416 1670
f 1672 1670 1419
f 1417 1419 1670
f 1416 1671 1673
f 1416 1673 1420
f 1418 1421 1674
f 1675 1674 1421
f 1676 1672 1418
f 1419 1418 1672
f 1418 1674 1676
f 1420 1673 1422
f 1421 1662 1675
f 1673 1426 1422
f 1423 1677 1449
f 1424 1677 1423
f 1424 1425 1677
f 1425 1678 1677
f 1426 1678 1425
f 1426 1673 1678
f 1679 1678 1673
f 1427 1680 1521
f 1681 1521 1680
f 1428 1680 1427
f 1429 1569 1428
f 1569 1680 1428
f 1430 1431 1582
f 1431 1682 1582
f 1682 1431 1433
f 1683 1433 1684
f 1682 1433 1685
f 1685 1433 1683
f 1433 1432 1684
f 1686 1684 1445
f 1432 1445 1684
f 1687 1688 1434
f 1435 1434 1688
f 1524 1525 1434
f 1687 1434 1525
f 1689 1436 1688
f 1435 1688 1436
f 1436 1690 1438
f 1436 1691 1690
f 1436 1692 1691
f 1692 1436 1693
f 1689 1693 1436
f 1694 1440 1438
f 1440 1437 1438
f 1695 1694 1690
f 1438 1690 1694
f 1439 1440 1441
f 1696 1441 1440
f 1440 1694 1696
f 1696 1694 1697
f 1443 1441 1698
f 1696 1698 1441
f 1443 1699 1442
f 1700 1442 1699
f 1442 1700 1448
f 1698 1701 1443
f 1443 1701 1699
f 1522 1702 1444
f 1517 1444 1702
f 1703 1686 1446
f 1445 1446 1686
f 1703 1446 1447
f 1447 1448 1703
f 1704 1703 1448
f 1704 1448 1705
f 1700 1705 1448
f 1706 1455 1707
f 1449 1707 1455
f 1449 1677 1707
f 1707 1677 1708
f 1451 1709 1450
f 1709 1650 1450
f 1709 1451 1710
f 1453 1710 1451
f 1455 1454 1452
f 1453 1454 1711
f 1712 1711 1454
f 1706 1454 1455
f 1706 1713 1454
f 1713 1712 1454
f 1650 1649 1456
f 1457 1456 1649
f 1616 1458 1714
f 1459 1714 1458
f 1460 1714 1459
f 1714 1460 1461
f 1714 1461 1715
f 1462 1715 1461
f 1463 1535 1462
f 1462 1535 1715
f 1464 1716 1465
f 1717 1465 1716
f 1718 1466 1717
f 1465 1717 1466
f 1719 1716 1472
f 1716 1464 1472
f 1531 1467 1718
f 1466 1718 1467
f 1471 1468 1469
f 1471 1469 1615
f 1470 1471 1615
f 1623 1720 1615
f 1615 1720 1470
f 1721 1472 1720
f 1470 1720 1472
f 1722 1719 1721
f 1472 1721 1719
f 1474 1723 1473
f 1488 1473 1723
f 1530 1724 1474
f 1723 1474 1724
f 1725 1496 1476
f 1475 1476 1496
f 1476 1487 1725
f 1726 1725 1487
f 1478 1477 1727
f 1727 1477 1728
f 1486 1728 1477
f 1727 1729 1478
f 1479 1478 1729
f 1730 1480 1729
f 1479 1729 1480
f 1481 1480 1730
f 1731 1482 1730
f 1481 1730 1482
f 1482 1731 1483
f 1732 1483 1731
f 1732 1484 1483
f 1732 1733 1484
f 1485 1484 1733
f 1733 1734 1485
f 1487 1485 1734
f 1486 1488 1728
f 1735 1728 1488
f 1726 1487 1736
f 1734 1736 1487
f 1488 1723 1735
f 1737 1735 1723
f 1738 1739 1490
f 1490 1739 1489
f 1740 1493 1739
f 1489 1739 1493
f 1491 1741 1490
f 1738 1490 1741
f 1492 1742 1491
f 1491 1742 1741
f 1742 1492 1743
f 1743 1492 1504
f 1744 1494 1740
f 1740 1494 1493
f 1494 1744 1495
f 1745 1495 1744
f 1520 1495 1746
f 1495 1745 1746
f 1747 1746 1745
f 1748 1497 1725
f 1496 1725 1497
f 1749 1498 1748
f 1497 1748 1498
f 1749 1750 1498
f 1499 1498 1750
f 1750 1751 1499
f 1500 1499 1751
f 1751 1752 1500
f 1501 1500 1752
f 1507 1501 1753
f 1752 1753 1501
f 1754 1504 1755
f 1503 1755 1504
f 1502 1756 1503
f 1755 1503 1756
f 1502 1505 1756
f 1757 1756 1505
f 1758 1743 1754
f 1504 1754 1743
f 1757 1505 1759
f 1506 1759 1505
f 1759 1506 1760
f 1507 1760 1506
f 1760 1507 1761
f 1753 1761 1507
f 1762 1539 1508
f 1510 1762 1508
f 1763 1762 1509
f 1510 1509 1762
f 1509 1511 1763
f 1764 1763 1511
f 1764 1511 1765
f 1512 1765 1511
f 1766 1765 1513
f 1512 1513 1765
f 1766 1513 1767
f 1514 1767 1513
f 1768 1767 1515
f 1514 1515 1767
f 1516 1769 1515
f 1768 1515 1769
f 1769 1516 1770
f 1519 1770 1516
f 1702 1771 1517
f 1517 1771 1518
f 1771 1772 1518
f 1773 1518 1772
f 1518 1773 1770
f 1518 1770 1519
f 1665 1520 1746
f 1523 1521 1774
f 1681 1774 1521
f 1702 1522 1775
f 1523 1775 1522
f 1774 1776 1523
f 1775 1523 1776
f 1525 1526 1687
f 1777 1687 1526
f 1526 1527 1777
f 1777 1527 1778
f 1648 1778 1527
f 1528 1645 1529
f 1779 1529 1645
f 1779 1780 1529
f 1529 1780 1536
f 1533 1781 1530
f 1530 1781 1724
f 1718 1782 1531
f 1532 1531 1782
f 1782 1783 1532
f 1533 1532 1783
f 1784 1781 1783
f 1533 1783 1781
f 1535 1534 1785
f 1537 1785 1534
f 1715 1535 1786
f 1535 1785 1786
f 1780 1787 1536
f 1536 1787 1537
f 1537 1787 1785
f 1553 1643 1788
f 1538 1788 1643
f 1539 1762 1538
f 1788 1538 1762
f 1789 1790 1551
f 1540 1551 1790
f 1540 1790 1791
f 1541 1540 1791
f 1541 1791 1542
f 1542 1791 1792
f 1542 1792 1543
f 1543 1792 1793
f 1543 1793 1794
f 1544 1543 1794
f 1545 1544 1646
f 1794 1646 1544
f 1546 1545 1644
f 1646 1644 1545
f 1644 1643 1546
f 1546 1643 1553
f 1551 1614 1789
f 1632 1789 1614
f 1788 1795 1553
f 1552 1553 1795
f 1554 1552 1796
f 1795 1796 1552
f 1797 1555 1796
f 1796 1555 1554
f 1797 1798 1555
f 1556 1555 1798
f 1799 1557 1798
f 1556 1798 1557
f 1799 1800 1557
f 1800 1558 1557
f 1558 1800 1559
f 1801 1559 1800
f 1802 1589 1801
f 1559 1801 1589
f 1561 1560 1803
f 1803 1560 1804
f 1805 1804 1560
f 1805 1560 1564
f 1803 1806 1561
f 1561 1806 1562
f 1806 1563 1562
f 1807 1566 1808
f 1563 1808 1566
f 1806 1808 1563
f 1568 1809 1564
f 1805 1564 1809
f 1566 1807 1810
f 1811 1810 1807
f 1812 1565 1810
f 1566 1810 1565
f 1565 1812 1567
f 1586 1567 1812
f 1588 1813 1568
f 1809 1568 1813
f 1569 1573 1680
f 1680 1573 1681
f 1814 1570 1815
f 1816 1815 1570
f 1814 1817 1570
f 1571 1570 1817
f 1570 1574 1816
f 1818 1572 1817
f 1571 1817 1572
f 1818 1819 1572
f 1573 1572 1819
f 1774 1681 1819
f 1573 1819 1681
f 1820 1574 1821
f 1580 1821 1574
f 1574 1820 1816
f 1581 1578 1575
f 1822 1823 1824
f 1823 1825 1824
f 1824 1825 1826
f 1576 1826 1825
f 1576 1827 1580
f 1576 1828 1827
f 1576 1577 1828
f 1577 1579 1828
f 1581 1582 1578
f 1579 1578 1582
f 1828 1579 1829
f 1830 1829 1579
f 1682 1830 1582
f 1579 1582 1830
f 1580 1827 1821
f 1821 1827 1831
f 1583 1585 1832
f 1585 1833 1832
f 1812 1833 1586
f 1585 1586 1833
f 1832 1610 1583
f 1813 1588 1834
f 1588 1589 1834
f 1589 1802 1834
f 1835 1834 1802
f 1591 1602 1836
f 1837 1836 1602
f 1590 1591 1838
f 1836 1838 1591
f 1592 1590 1839
f 1838 1839 1590
f 1839 1840 1592
f 1593 1592 1840
f 1840 1629 1593
f 1594 1593 1629
f 1629 1626 1594
f 1595 1594 1626
f 1625 1611 1626
f 1595 1626 1611
f 1841 1597 1842
f 1598 1842 1597
f 1843 1842 1599
f 1598 1599 1842
f 1844 1602 1841
f 1597 1841 1602
f 1843 1599 1845
f 1601 1845 1599
f 1846 1847 1608
f 1600 1608 1847
f 1847 1845 1600
f 1601 1600 1845
f 1602 1844 1837
f 1848 1837 1844
f 1603 1849 1604
f 1850 1604 1849
f 1849 1603 1851
f 1605 1851 1603
f 1604 1850 1606
f 1852 1606 1850
f 1851 1605 1853
f 1607 1853 1605
f 1606 1852 1608
f 1854 1608 1852
f 1853 1607 1855
f 1609 1855 1607
f 1608 1854 1846
f 1856 1846 1854
f 1857 1855 1858
f 1609 1858 1855
f 1858 1609 1610
f 1832 1858 1610
f 1630 1612 1625
f 1611 1625 1612
f 1613 1612 1631
f 1630 1631 1612
f 1631 1632 1613
f 1614 1613 1632
f 1616 1714 1617
f 1619 1617 1714
f 1786 1619 1715
f 1714 1715 1619
f 1618 1619 1859
f 1619 1786 1859
f 1859 1860 1618
f 1621 1618 1860
f 1621 1789 1620
f 1632 1620 1789
f 1860 1790 1621
f 1621 1790 1789
f 1720 1623 1861
f 1861 1623 1862
f 1862 1623 1863
f 1624 1863 1623
f 1863 1624 1864
f 1642 1864 1624
f 1628 1627 1865
f 1627 1866 1865
f 1865 1867 1628
f 1868 1628 1867
f 1868 1638 1628
f 1627 1839 1866
f 1838 1866 1839
f 1839 1627 1840
f 1840 1627 1629
f 1634 1633 1869
f 1869 1633 1639
f 1635 1634 1870
f 1870 1634 1869
f 1635 1871 1636
f 1871 1635 1872
f 1635 1870 1872
f 1873 1872 1870
f 1871 1874 1636
f 1637 1636 1874
f 1874 1875 1637
f 1876 1637 1875
f 1876 1640 1637
f 1639 1638 1877
f 1868 1877 1638
f 1869 1639 1878
f 1877 1878 1639
f 1879 1641 1880
f 1640 1880 1641
f 1880 1640 1881
f 1876 1881 1640
f 1864 1642 1879
f 1641 1879 1642
f 1645 1646 1779
f 1794 1779 1646
f 1882 1883 1647
f 1648 1647 1883
f 1882 1647 1884
f 1647 1649 1884
f 1885 1778 1883
f 1648 1883 1778
f 1650 1886 1649
f 1884 1649 1886
f 1650 1709 1886
f 1710 1886 1709
f 1887 1888 1658
f 1651 1658 1888
f 1889 1651 1888
f 1890 1651 1889
f 1652 1651 1890
f 1652 1891 1653
f 1892 1653 1891
f 1891 1652 1893
f 1890 1893 1652
f 1653 1892 1654
f 1894 1654 1892
f 1655 1654 1657
f 1894 1657 1654
f 1894 1895 1657
f 1657 1895 1656
f 1664 1656 1895
f 1658 1660 1896
f 1658 1896 1897
f 1897 1898 1658
f 1899 1900 1898
f 1658 1898 1900
f 1887 1658 1900
f 1660 1659 1896
f 1896 1659 1901
f 1668 1901 1659
f 1675 1662 1674
f 1661 1674 1662
f 1902 1674 1663
f 1661 1663 1674
f 1664 1902 1663
f 1902 1664 1903
f 1895 1903 1664
f 1665 1746 1904
f 1665 1904 1905
f 1665 1906 1666
f 1665 1905 1906
f 1667 1666 1669
f 1666 1907 1669
f 1907 1666 1908
f 1906 1908 1666
f 1668 1669 1909
f 1910 1909 1669
f 1669 1907 1910
f 1901 1668 1911
f 1909 1911 1668
f 1912 1913 1670
f 1913 1671 1670
f 1672 1914 1670
f 1912 1670 1914
f 1913 1679 1671
f 1673 1671 1679
f 1672 1915 1914
f 1676 1915 1672
f 1915 1676 1916
f 1674 1916 1676
f 1902 1917 1674
f 1916 1674 1917
f 1677 1678 1918
f 1919 1918 1678
f 1708 1677 1918
f 1679 1920 1678
f 1919 1678 1920
f 1679 1913 1920
f 1921 1920 1913
f 1682 1685 1830
f 1922 1830 1685
f 1683 1923 1924
f 1925 1924 1923
f 1924 1685 1683
f 1683 1684 1923
f 1686 1926 1684
f 1923 1684 1926
f 1924 1922 1685
f 1686 1703 1927
f 1928 1927 1703
f 1926 1686 1927
f 1777 1929 1687
f 1688 1687 1929
f 1885 1689 1929
f 1688 1929 1689
f 1693 1689 1930
f 1885 1930 1689
f 1931 1695 1691
f 1690 1691 1695
f 1932 1931 1692
f 1691 1692 1931
f 1932 1692 1933
f 1693 1933 1692
f 1933 1693 1934
f 1930 1934 1693
f 1694 1695 1697
f 1935 1697 1695
f 1695 1936 1935
f 1931 1937 1695
f 1936 1695 1937
f 1697 1938 1696
f 1698 1696 1938
f 1938 1697 1939
f 1935 1939 1697
f 1938 1940 1698
f 1701 1698 1940
f 1701 1941 1699
f 1942 1699 1941
f 1699 1942 1700
f 1943 1700 1942
f 1705 1700 1943
f 1940 1944 1701
f 1945 1701 1944
f 1941 1701 1945
f 1946 1771 1775
f 1702 1775 1771
f 1703 1704 1947
f 1948 1947 1704
f 1928 1703 1947
f 1948 1704 1949
f 1705 1949 1704
f 1943 1950 1705
f 1949 1705 1950
f 1706 1707 1713
f 1707 1951 1713
f 1707 1952 1951
f 1952 1707 1953
f 1708 1953 1707
f 1953 1708 1954
f 1918 1954 1708
f 1710 1955 1886
f 1956 1955 1710
f 1712 1957 1711
f 1711 1957 1956
f 1955 1956 1957
f 1951 1957 1713
f 1712 1713 1957
f 1958 1959 1719
f 1716 1719 1959
f 1960 1717 1959
f 1716 1959 1717
f 1717 1960 1718
f 1718 1960 1782
f 1961 1958 1722
f 1719 1722 1958
f 1962 1720 1861
f 1963 1721 1964
f 1720 1964 1721
f 1964 1720 1962
f 1965 1722 1963
f 1721 1963 1722
f 1722 1965 1961
f 1966 1961 1965
f 1723 1724 1737
f 1967 1737 1724
f 1967 1724 1968
f 1968 1724 1781
f 1969 1748 1726
f 1725 1726 1748
f 1726 1736 1969
f 1970 1969 1736
f 1728 1971 1727
f 1729 1727 1972
f 1972 1727 1971
f 1971 1728 1973
f 1735 1973 1728
f 1729 1972 1730
f 1974 1730 1972
f 1730 1974 1731
f 1975 1731 1974
f 1731 1975 1732
f 1976 1733 1975
f 1732 1975 1733
f 1733 1976 1734
f 1977 1734 1976
f 1734 1977 1736
f 1737 1973 1735
f 1978 1970 1977
f 1736 1977 1970
f 1973 1737 1979
f 1979 1737 1967
f 1738 1980 1739
f 1981 1739 1980
f 1740 1739 1982
f 1981 1982 1739
f 1741 1983 1738
f 1980 1738 1983
f 1744 1740 1984
f 1982 1984 1740
f 1983 1741 1985
f 1741 1742 1985
f 1743 1986 1742
f 1985 1742 1986
f 1743 1758 1986
f 1987 1986 1758
f 1745 1744 1988
f 1984 1988 1744
f 1747 1745 1989
f 1988 1989 1745
f 1746 1747 1904
f 1990 1904 1747
f 1990 1747 1991
f 1747 1989 1991
f 1748 1969 1749
f 1992 1749 1969
f 1750 1749 1993
f 1992 1993 1749
f 1993 1994 1750
f 1751 1750 1994
f 1752 1751 1995
f 1994 1995 1751
f 1753 1752 1996
f 1995 1996 1752
f 1761 1753 1997
f 1996 1997 1753
f 1754 1755 1998
f 1999 1998 1755
f 2000 1758 1998
f 1754 1998 1758
f 2001 1999 1756
f 1755 1756 1999
f 1757 2002 1756
f 2001 1756 2002
f 1759 2003 1757
f 2003 2002 1757
f 2000 2004 1758
f 1987 1758 2004
f 2003 1759 2005
f 1759 1760 2005
f 1761 2006 1760
f 2005 1760 2006
f 2006 1761 2007
f 1997 2007 1761
f 1762 1763 1788
f 1795 1788 1763
f 1763 1764 1795
f 1796 1795 1764
f 1796 1764 1797
f 1765 1797 1764
f 1765 1766 1797
f 1798 1797 1766
f 1767 1799 1766
f 1798 1766 1799
f 1800 1799 1768
f 1767 1768 1799
f 1769 1801 1768
f 1800 1768 1801
f 1770 1802 1769
f 1801 1769 1802
f 1773 1835 1770
f 1802 1770 1835
f 2008 1772 1946
f 1771 1946 1772
f 1772 2008 2009
f 2010 2009 2008
f 1772 2009 1773
f 1773 2009 1835
f 1774 1819 1776
f 2011 1776 1819
f 1775 1776 1946
f 2012 1946 1776
f 1776 2011 2012
f 2012 2011 2013
f 1778 2014 1777
f 1929 1777 2014
f 1778 1885 2014
f 1929 2014 1885
f 1793 2015 1794
f 1779 1794 2015
f 2015 1780 1779
f 1780 2015 1787
f 2016 1787 2015
f 2017 1968 1784
f 1784 1968 1781
f 1783 1782 2018
f 1960 2018 1782
f 2019 1784 2018
f 1783 2018 1784
f 2019 2017 1784
f 1787 2020 1785
f 1786 1785 2020
f 1786 2020 1859
f 1787 2016 2020
f 2021 2020 2016
f 1790 1860 1791
f 2021 1791 1860
f 1791 2021 1792
f 2016 1792 2021
f 1804 1805 2022
f 2023 2022 1805
f 1806 1803 2024
f 2025 2024 1803
f 2026 2023 1809
f 1805 1809 2023
f 1808 1806 2027
f 2024 2027 1806
f 2027 2028 1808
f 2028 1807 1808
f 2028 2029 1807
f 1811 1807 2029
f 2030 2026 1813
f 2026 1809 1813
f 2029 2031 1811
f 2032 1811 2031
f 2032 2033 1811
f 1810 1811 2033
f 1833 1812 2033
f 1810 2033 1812
f 2034 2030 1834
f 2030 1813 1834
f 2035 1815 2036
f 1816 2036 1815
f 2037 2036 1816
f 1820 2038 1816
f 2037 1816 2038
f 1815 2039 1814
f 2040 1814 2039
f 2041 2039 2035
f 1815 2035 2039
f 2040 2042 1814
f 1817 1814 2042
f 2043 1818 2042
f 2042 1818 1817
f 2043 1819 1818
f 2011 1819 2043
f 1821 1831 2044
f 2044 1831 2045
f 1821 2044 1820
f 2038 1820 2044
f 2046 1826 2047
f 2048 1824 2046
f 1826 2046 1824
f 2049 1822 2048
f 1824 2048 1822
f 2050 1823 2049
f 1822 2049 1823
f 2051 2052 1823
f 1825 1823 2052
f 1823 2050 2051
f 2052 2046 1825
f 2047 1825 2046
f 1827 1829 1831
f 2053 1831 1829
f 1827 1828 1829
f 2053 1829 1922
f 1830 1922 1829
f 1831 2053 2045
f 2054 2045 2053
f 2033 2055 1833
f 1832 1833 2055
f 2055 1858 1832
f 1835 2034 1834
f 2009 2034 1835
f 1848 2056 1837
f 2057 1837 2056
f 2058 1836 2057
f 1837 2057 1836
f 1866 1838 2058
f 2058 1838 1836
f 2059 1841 2060
f 1842 2060 1841
f 1842 1843 2060
f 2060 1843 2061
f 2062 1844 2059
f 1841 2059 1844
f 2061 1843 2063
f 1845 2064 1843
f 1843 2064 2065
f 2063 1843 2065
f 2066 1848 2062
f 1844 2062 1848
f 2067 2064 1847
f 1845 1847 2064
f 2068 2069 1856
f 1846 1856 2069
f 2069 2067 1846
f 1847 1846 2067
f 2066 2070 1848
f 2056 1848 2070
f 2071 2072 1849
f 1850 1849 2072
f 1851 2071 1849
f 2072 2073 1850
f 2073 1852 1850
f 1853 2071 1851
f 2073 2074 1852
f 1854 1852 2074
f 2075 2071 1855
f 1855 2071 1853
f 1856 1854 2076
f 2074 2076 1854
f 2077 2075 1857
f 1855 1857 2075
f 2068 1856 2078
f 2076 2078 1856
f 2079 1857 2055
f 1858 2055 1857
f 2080 2081 2079
f 1857 2079 2081
f 1857 2081 2077
f 2077 2081 2082
f 2020 2021 1859
f 1860 1859 2021
f 1962 1861 2083
f 2083 1861 1862
f 2083 1862 2084
f 1863 2085 1862
f 2086 1862 2085
f 1862 2086 2084
f 2084 2086 2087
f 1864 2088 1863
f 2085 1863 2088
f 2088 1864 2089
f 1879 2089 1864
f 2090 1865 2058
f 1866 2058 1865
f 2090 2091 1865
f 1867 1865 2091
f 2092 1867 2093
f 2091 2093 1867
f 1877 1868 2092
f 1867 2092 1868
f 1878 1873 1869
f 1869 1873 1870
f 1872 2094 1871
f 2094 1874 1871
f 2095 2096 1873
f 1872 1873 2096
f 2096 2094 1872
f 1873 1878 2095
f 2097 2095 1878
f 2094 1875 1874
f 1876 1875 1881
f 2094 2098 1875
f 2098 2099 1875
f 1881 1875 2099
f 1878 1877 2097
f 2092 2097 1877
f 2089 1880 2099
f 1881 2099 1880
f 1880 2089 1879
f 1934 1930 1882
f 1882 1930 1883
f 1882 1884 2100
f 1934 1882 2101
f 2100 2101 1882
f 1885 1883 1930
f 1886 1955 1884
f 2100 1884 1955
f 1888 2102 1889
f 2103 1889 2104
f 2102 2104 1889
f 1887 2105 1888
f 2102 1888 2105
f 2106 2105 1900
f 1887 1900 2105
f 1893 1890 2103
f 2103 1890 1889
f 1891 2107 1892
f 1892 2107 2108
f 2109 2108 2107
f 2110 2107 1893
f 1891 1893 2107
f 2108 1894 1892
f 2103 2111 1893
f 2110 1893 2111
f 2108 1895 1894
f 1895 2108 1903
f 1903 2108 2112
f 1897 1896 2113
f 1901 2113 1896
f 2114 1898 1897
f 2115 2114 2113
f 1897 2113 2114
f 1898 2114 2116
f 1898 2116 2117
f 2118 2117 2116
f 2119 2120 2117
f 1898 2117 2120
f 1899 1898 2120
f 2106 1900 2121
f 1899 2121 1900
f 2120 2121 1899
f 2113 1901 2122
f 1911 2122 1901
f 1902 1903 2123
f 2123 1903 2124
f 1902 2123 1917
f 2125 2124 2112
f 1903 2112 2124
f 1905 1904 2126
f 2127 2126 1904
f 2127 1904 2128
f 1990 2128 1904
f 1908 1906 2126
f 1905 2126 1906
f 1907 2129 1910
f 1907 1908 2129
f 2129 1908 2130
f 2126 2130 1908
f 1909 1910 2131
f 2132 2131 1910
f 1911 1909 2133
f 2131 2133 1909
f 1910 2129 2132
f 2134 2132 2129
f 2122 1911 2135
f 2135 1911 2133
f 2136 2137 1914
f 1912 1914 2137
f 1913 1912 1921
f 1912 2137 1921
f 2136 1914 2138
f 1915 2138 1914
f 1915 1916 2138
f 2139 2138 1916
f 2140 2139 1917
f 1916 1917 2139
f 2123 2141 1917
f 2140 1917 2141
f 1954 1918 2142
f 1919 2142 1918
f 2142 1919 1921
f 1920 1921 1919
f 2137 2143 1921
f 2142 1921 2143
f 2144 1922 1924
f 2053 1922 2054
f 2144 2054 1922
f 1923 1926 1925
f 2145 1925 1926
f 2145 2146 1925
f 1925 2146 2147
f 1925 2147 1924
f 2148 1924 2147
f 2144 1924 2148
f 1927 2145 1926
f 1928 2149 1927
f 2145 1927 2149
f 1928 2150 2149
f 2150 1928 2151
f 1947 2151 1928
f 1931 2152 1937
f 1931 1932 2152
f 2153 2152 1932
f 1932 2154 2153
f 1932 1933 2154
f 2155 2154 1933
f 1933 1934 2155
f 2156 2155 1934
f 1934 2101 2156
f 1939 1935 2157
f 1935 1936 2157
f 2157 1936 2158
f 2158 1936 1937
f 2158 1937 2159
f 2152 2159 1937
f 1939 2160 1938
f 1940 1938 2160
f 2160 1939 2157
f 1944 1940 2161
f 1940 2160 2162
f 2163 2162 2160
f 2161 1940 2162
f 1945 2164 1941
f 2165 1941 2164
f 1942 1941 2166
f 2165 2166 1941
f 2166 2167 1942
f 1943 1942 2167
f 1950 1943 2167
f 2168 1945 1944
f 1944 2161 2168
f 2169 2168 2161
f 2168 2170 1945
f 2164 1945 2170
f 2171 2172 2012
f 2012 2172 1946
f 2172 2173 1946
f 2174 1946 2173
f 2175 2151 1948
f 1947 1948 2151
f 1948 1949 2175
f 2176 2175 1949
f 1949 1950 2176
f 2177 2176 2178
f 1950 2178 2176
f 2166 2178 2167
f 1950 2167 2178
f 1957 1951 1952
f 1953 2179 1952
f 1957 1952 2179
f 1953 1954 2180
f 2181 2180 1954
f 2179 1953 2180
f 2142 2182 1954
f 2181 1954 2182
f 2183 2101 1955
f 2101 2100 1955
f 2179 2183 1957
f 1955 1957 2183
f 1958 1961 2184
f 2185 2184 1961
f 2186 1959 2184
f 1958 2184 1959
f 1959 2186 1960
f 2018 1960 2186
f 2187 2185 1966
f 1961 1966 2185
f 1962 2188 2189
f 2189 2188 2190
f 2188 1962 2191
f 1962 2084 2191
f 1962 2083 2084
f 1962 2189 1964
f 1964 2189 1963
f 2192 1963 2189
f 1963 2192 1965
f 2193 1965 2192
f 1965 2193 1966
f 2194 1966 2193
f 1966 2194 2187
f 2195 2187 2194
f 1968 2196 1967
f 1979 1967 2196
f 2017 2197 1968
f 2196 1968 2197
f 1970 2198 1969
f 1992 1969 2198
f 1970 1978 2198
f 1973 2199 1971
f 2200 1971 2199
f 1971 2200 1972
f 2200 2201 1972
f 1972 2201 1974
f 1973 1979 2199
f 2202 2199 1979
f 1975 1974 2203
f 2201 2203 1974
f 1976 1975 2204
f 2203 2204 1975
f 1977 1976 2205
f 2204 2205 1976
f 1978 1977 2206
f 1977 2205 2206
f 2198 1978 2207
f 1978 2208 2207
f 2209 2207 2208
f 1978 2206 2208
f 2208 2206 2210
f 2196 2202 1979
f 2211 2212 1983
f 1981 1980 2212
f 1983 2212 1980
f 1981 2212 1982
f 1982 2212 2213
f 1982 2213 1984
f 2214 1984 2213
f 1985 1987 1983
f 2211 1983 1987
f 1988 1984 2214
f 1987 1985 1986
f 2211 1987 2004
f 2214 2215 1988
f 1988 2215 1989
f 2215 2216 1989
f 1991 1989 2216
f 2128 1990 2216
f 1991 2216 1990
f 2207 1993 2198
f 1992 2198 1993
f 1994 1993 2209
f 2207 2209 1993
f 1994 2209 1995
f 2217 1995 2209
f 2218 1996 2217
f 1995 2217 1996
f 2219 1997 2218
f 1996 2218 1997
f 2007 1997 2219
f 2220 1998 2221
f 1998 1999 2221
f 1998 2220 2000
f 2222 2000 2220
f 2223 2221 2001
f 1999 2001 2221
f 2000 2222 2004
f 2211 2004 2222
f 2002 2224 2001
f 2223 2001 2224
f 2224 2002 2225
f 2003 2225 2002
f 2225 2003 2226
f 2005 2226 2003
f 2006 2227 2005
f 2226 2005 2227
f 2227 2006 2228
f 2007 2228 2006
f 2228 2007 2229
f 2219 2229 2007
f 2010 2008 2230
f 2230 2008 2231
f 2173 2231 2008
f 2034 2009 2232
f 2010 2232 2009
f 2010 2230 2232
f 2233 2232 2230
f 2234 2013 2043
f 2011 2043 2013
f 2013 2235 2012
f 2171 2012 2235
f 2234 2236 2013
f 2235 2013 2236
f 2017 2019 2237
f 2238 2237 2019
f 2197 2017 2239
f 2237 2239 2017
f 2018 2186 2019
f 2238 2019 2186
f 2240 2241 2022
f 2025 2022 2241
f 2023 2240 2022
f 2241 2242 2025
f 2024 2025 2242
f 2243 2240 2023
f 2244 2243 2026
f 2023 2026 2243
f 2242 2245 2024
f 2027 2024 2245
f 2030 2244 2026
f 2245 2246 2027
f 2028 2027 2246
f 2029 2028 2247
f 2247 2028 2246
f 2247 2031 2029
f 2248 2244 2030
f 2232 2248 2034
f 2030 2034 2248
f 2031 2080 2032
f 2079 2032 2080
f 2033 2032 2055
f 2079 2055 2032
f 2037 2249 2036
f 2114 2036 2249
f 2114 2035 2036
f 2114 2115 2035
f 2041 2035 2115
f 2249 2037 2250
f 2250 2037 2038
f 2251 2250 2252
f 2038 2252 2250
f 2038 2044 2252
f 2039 2253 2040
f 2253 2254 2040
f 2255 2253 2041
f 2039 2041 2253
f 2254 2256 2040
f 2040 2256 2042
f 2257 2255 2115
f 2041 2115 2255
f 2234 2043 2256
f 2042 2256 2043
f 2044 2045 2252
f 2258 2252 2045
f 2045 2054 2258
f 2054 2259 2258
f 2046 2052 2260
f 2046 2260 2261
f 2046 2261 2048
f 2262 2049 2261
f 2048 2261 2049
f 2049 2262 2050
f 2263 2050 2262
f 2263 2264 2050
f 2051 2050 2264
f 2265 2266 2051
f 2052 2051 2266
f 2265 2051 2264
f 2260 2052 2266
f 2054 2144 2259
f 2267 2268 2056
f 2057 2056 2268
f 2056 2070 2267
f 2268 2090 2057
f 2058 2057 2090
f 2269 2059 2270
f 2059 2060 2270
f 2271 2270 2061
f 2060 2061 2270
f 2272 2062 2269
f 2059 2269 2062
f 2273 2271 2063
f 2061 2063 2271
f 2274 2066 2272
f 2062 2272 2066
f 2273 2063 2275
f 2065 2275 2063
f 2275 2065 2276
f 2064 2276 2065
f 2277 2276 2067
f 2067 2276 2064
f 2070 2066 2278
f 2274 2278 2066
f 2279 2277 2069
f 2067 2069 2277
f 2078 2280 2068
f 2281 2068 2280
f 2281 2279 2068
f 2069 2068 2279
f 2278 2282 2070
f 2267 2070 2282
f 2071 2075 2283
f 2284 2283 2075
f 2283 2285 2071
f 2071 2285 2072
f 2286 2073 2285
f 2072 2285 2073
f 2287 2074 2286
f 2073 2286 2074
f 2288 2076 2287
f 2074 2287 2076
f 2075 2077 2289
f 2290 2289 2077
f 2284 2075 2289
f 2288 2078 2076
f 2077 2082 2290
f 2291 2290 2082
f 2280 2078 2292
f 2288 2292 2078
f 2081 2080 2174
f 2082 2081 2293
f 2174 2293 2081
f 2082 2293 2291
f 2294 2291 2293
f 2087 2295 2084
f 2191 2084 2295
f 2085 2296 2086
f 2297 2086 2296
f 2296 2085 2298
f 2088 2298 2085
f 2086 2297 2087
f 2299 2087 2297
f 2087 2299 2295
f 2300 2295 2299
f 2298 2088 2301
f 2089 2301 2088
f 2099 2302 2089
f 2301 2089 2302
f 2090 2268 2303
f 2304 2303 2268
f 2303 2091 2090
f 2093 2091 2305
f 2091 2303 2305
f 2305 2306 2093
f 2307 2093 2306
f 2097 2092 2307
f 2093 2307 2092
f 2308 2098 2096
f 2094 2096 2098
f 2309 2308 2095
f 2096 2095 2308
f 2095 2097 2309
f 2307 2309 2097
f 2098 2310 2099
f 2311 2099 2310
f 2310 2098 2308
f 2302 2099 2311
f 2183 2312 2101
f 2156 2101 2312
f 2102 2313 2104
f 2314 2104 2313
f 2313 2102 2315
f 2105 2315 2102
f 2111 2103 2314
f 2104 2314 2103
f 2106 2315 2105
f 2121 2316 2106
f 2315 2106 2316
f 2317 2107 2318
f 2318 2107 2110
f 2107 2317 2109
f 2112 2109 2317
f 2109 2112 2108
f 2110 2319 2318
f 2111 2319 2110
f 2111 2314 2319
f 2319 2314 2320
f 2317 2125 2112
f 2122 2257 2113
f 2257 2115 2113
f 2114 2249 2116
f 2116 2249 2321
f 2322 2116 2321
f 2118 2116 2322
f 2323 2119 2324
f 2117 2324 2119
f 2118 2325 2117
f 2324 2117 2325
f 2325 2118 2326
f 2322 2326 2118
f 2121 2120 2323
f 2119 2323 2120
f 2316 2121 2327
f 2323 2327 2121
f 2122 2328 2257
f 2122 2135 2328
f 2329 2328 2135
f 2330 2124 2125
f 2331 2124 2330
f 2332 2123 2331
f 2124 2331 2123
f 2141 2123 2332
f 2125 2317 2333
f 2318 2333 2317
f 2125 2333 2330
f 2334 2330 2333
f 2126 2127 2130
f 2335 2130 2127
f 2128 2336 2127
f 2335 2127 2336
f 2336 2128 2215
f 2216 2215 2128
f 2337 2134 2130
f 2129 2130 2134
f 2338 2337 2335
f 2130 2335 2337
f 2132 2134 2339
f 2340 2339 2134
f 2341 2342 2132
f 2131 2132 2342
f 2132 2339 2341
f 2343 2341 2339
f 2131 2342 2133
f 2344 2133 2342
f 2133 2344 2135
f 2345 2135 2344
f 2134 2337 2340
f 2346 2340 2337
f 2135 2345 2329
f 2143 2137 2347
f 2136 2347 2137
f 2138 2347 2136
f 2139 2348 2138
f 2138 2348 2347
f 2140 2348 2139
f 2141 2348 2140
f 2349 2348 2332
f 2141 2332 2348
f 2143 2350 2142
f 2142 2350 2182
f 2350 2143 2347
f 2144 2148 2259
f 2146 2145 2351
f 2149 2351 2145
f 2352 2147 2353
f 2146 2353 2147
f 2351 2354 2146
f 2353 2146 2354
f 2259 2148 2352
f 2147 2352 2148
f 2351 2149 2150
f 2351 2150 2355
f 2355 2150 2151
f 2355 2151 2175
f 2159 2152 2356
f 2153 2356 2152
f 2356 2153 2357
f 2154 2357 2153
f 2357 2154 2358
f 2155 2358 2154
f 2312 2358 2156
f 2155 2156 2358
f 2160 2157 2359
f 2359 2157 2360
f 2158 2360 2157
f 2361 2158 2159
f 2362 2158 2361
f 2360 2158 2362
f 2356 2363 2159
f 2361 2159 2363
f 2160 2359 2163
f 2364 2163 2359
f 2169 2161 2162
f 2365 2163 2366
f 2366 2163 2364
f 2162 2163 2169
f 2365 2169 2163
f 2165 2164 2367
f 2368 2367 2164
f 2164 2170 2368
f 2369 2368 2170
f 2178 2166 2367
f 2165 2367 2166
f 2170 2168 2369
f 2370 2369 2168
f 2169 2371 2168
f 2370 2168 2371
f 2371 2169 2372
f 2365 2372 2169
f 2235 2236 2171
f 2171 2236 2373
f 2374 2172 2373
f 2171 2373 2172
f 2375 2173 2374
f 2172 2374 2173
f 2173 2375 2231
f 2376 2231 2375
f 2377 2293 2378
f 2293 2174 2378
f 2174 2247 2379
f 2380 2379 2247
f 2174 2379 2378
f 2355 2175 2381
f 2176 2381 2175
f 2176 2177 2381
f 2381 2177 2382
f 2178 2367 2383
f 2384 2383 2367
f 2177 2178 2383
f 2382 2177 2327
f 2383 2327 2177
f 2183 2179 2312
f 2180 2312 2179
f 2182 2180 2181
f 2358 2312 2182
f 2180 2182 2312
f 2182 2350 2358
f 2357 2358 2350
f 2185 2187 2385
f 2386 2385 2187
f 2385 2387 2185
f 2184 2185 2387
f 2186 2184 2238
f 2387 2238 2184
f 2187 2195 2386
f 2388 2386 2195
f 2190 2389 2189
f 2192 2189 2389
f 2188 2390 2190
f 2190 2390 2391
f 2390 2188 2392
f 2191 2392 2188
f 2391 2393 2190
f 2389 2190 2393
f 2295 2392 2191
f 2193 2192 2394
f 2389 2394 2192
f 2194 2193 2395
f 2394 2395 2193
f 2395 2396 2194
f 2195 2194 2396
f 2396 2397 2195
f 2388 2195 2397
f 2197 2398 2196
f 2202 2196 2398
f 2398 2197 2399
f 2239 2399 2197
f 2202 2400 2199
f 2200 2199 2401
f 2401 2199 2400
f 2201 2200 2402
f 2401 2402 2200
f 2402 2403 2201
f 2201 2403 2203
f 2203 2403 2404
f 2398 2405 2202
f 2202 2405 2400
f 2203 2404 2204
f 2406 2205 2404
f 2204 2404 2205
f 2205 2406 2206
f 2206 2406 2210
f 2209 2208 2217
f 2218 2217 2407
f 2208 2407 2217
f 2208 2210 2407
f 2408 2407 2210
f 2406 2409 2210
f 2408 2210 2409
f 2212 2211 2410
f 2410 2211 2222
f 2410 2411 2212
f 2411 2213 2212
f 2412 2214 2411
f 2213 2411 2214
f 2336 2215 2412
f 2214 2412 2215
f 2407 2413 2218
f 2219 2218 2413
f 2219 2413 2229
f 2223 2414 2221
f 2415 2221 2414
f 2416 2220 2415
f 2221 2415 2220
f 2220 2416 2222
f 2410 2222 2416
f 2224 2417 2223
f 2414 2223 2417
f 2417 2224 2418
f 2225 2418 2224
f 2226 2419 2225
f 2418 2225 2419
f 2419 2226 2420
f 2420 2226 2227
f 2420 2227 2421
f 2228 2421 2227
f 2229 2422 2228
f 2421 2228 2422
f 2422 2229 2423
f 2413 2423 2229
f 2424 2230 2376
f 2231 2376 2230
f 2424 2233 2230
f 2232 2233 2248
f 2425 2248 2233
f 2233 2426 2425
f 2427 2425 2426
f 2424 2426 2233
f 2256 2428 2234
f 2429 2234 2428
f 2234 2429 2236
f 2236 2429 2373
f 2430 2373 2429
f 2237 2387 2431
f 2385 2431 2387
f 2387 2237 2238
f 2237 2431 2239
f 2432 2239 2431
f 2239 2432 2399
f 2433 2399 2432
f 2434 2241 2240
f 2434 2240 2243
f 2435 2241 2434
f 2436 2241 2435
f 2436 2242 2241
f 2245 2242 2437
f 2242 2436 2437
f 2244 2438 2243
f 2243 2438 2439
f 2434 2243 2439
f 2244 2248 2438
f 2440 2438 2248
f 2245 2441 2246
f 2245 2437 2441
f 2247 2246 2380
f 2441 2380 2246
f 2440 2248 2425
f 2442 2249 2443
f 2250 2443 2249
f 2321 2249 2442
f 2250 2251 2443
f 2444 2443 2251
f 2252 2258 2251
f 2259 2251 2258
f 2259 2444 2251
f 2253 2445 2254
f 2446 2254 2445
f 2447 2445 2255
f 2255 2445 2253
f 2256 2254 2428
f 2446 2428 2254
f 2255 2257 2447
f 2448 2447 2257
f 2257 2328 2448
f 2449 2448 2328
f 2259 2352 2444
f 2450 2451 2260
f 2260 2452 2450
f 2453 2450 2452
f 2266 2454 2260
f 2452 2260 2454
f 2455 2260 2456
f 2260 2451 2456
f 2261 2260 2455
f 2455 2456 2261
f 2456 2262 2261
f 2457 2458 2262
f 2459 2262 2458
f 2456 2457 2262
f 2460 2263 2459
f 2262 2459 2263
f 2263 2460 2461
f 2462 2461 2460
f 2461 2463 2263
f 2463 2264 2263
f 2463 2464 2264
f 2265 2264 2464
f 2464 2377 2265
f 2265 2377 2266
f 2454 2266 2378
f 2377 2378 2266
f 2267 2282 2465
f 2466 2465 2282
f 2268 2267 2304
f 2304 2267 2465
f 2270 2467 2269
f 2468 2269 2467
f 2469 2467 2271
f 2271 2467 2270
f 2470 2272 2468
f 2269 2468 2272
f 2471 2469 2273
f 2271 2273 2469
f 2272 2470 2274
f 2472 2274 2470
f 2471 2273 2473
f 2275 2473 2273
f 2472 2474 2274
f 2274 2474 2278
f 2473 2275 2475
f 2275 2276 2475
f 2276 2277 2475
f 2476 2475 2277
f 2477 2476 2279
f 2277 2279 2476
f 2474 2478 2278
f 2282 2278 2478
f 2279 2281 2477
f 2479 2477 2281
f 2479 2281 2480
f 2480 2281 2280
f 2480 2280 2481
f 2292 2481 2280
f 2478 2482 2282
f 2466 2282 2482
f 2283 2284 2483
f 2484 2483 2284
f 2284 2289 2484
f 2285 2283 2485
f 2486 2485 2283
f 2283 2483 2486
f 2286 2285 2487
f 2485 2487 2285
f 2286 2488 2287
f 2489 2287 2488
f 2286 2487 2488
f 2287 2489 2288
f 2288 2489 2490
f 2288 2490 2292
f 2491 2292 2490
f 2290 2462 2289
f 2492 2289 2462
f 2290 2461 2462
f 2290 2463 2461
f 2464 2463 2291
f 2290 2291 2463
f 2493 2289 2492
f 2484 2289 2493
f 2291 2294 2464
f 2377 2464 2294
f 2481 2292 2494
f 2491 2494 2292
f 2293 2377 2294
f 2295 2300 2392
f 2495 2392 2300
f 2297 2496 2299
f 2497 2299 2496
f 2496 2297 2498
f 2296 2498 2297
f 2298 2499 2296
f 2498 2296 2499
f 2301 2500 2298
f 2500 2499 2298
f 2501 2300 2497
f 2299 2497 2300
f 2502 2495 2501
f 2300 2501 2495
f 2302 2503 2301
f 2500 2301 2503
f 2311 2504 2302
f 2503 2302 2504
f 2505 2304 2506
f 2465 2506 2304
f 2305 2303 2505
f 2304 2505 2303
f 2306 2305 2507
f 2505 2507 2305
f 2507 2504 2306
f 2508 2306 2504
f 2306 2508 2307
f 2309 2307 2508
f 2308 2309 2310
f 2508 2310 2309
f 2310 2508 2311
f 2504 2311 2508
f 2315 2509 2313
f 2313 2509 2314
f 2314 2509 2320
f 2509 2315 2384
f 2316 2384 2315
f 2383 2384 2327
f 2384 2316 2327
f 2318 2372 2333
f 2371 2372 2319
f 2318 2319 2372
f 2319 2320 2371
f 2320 2370 2371
f 2509 2369 2320
f 2370 2320 2369
f 2326 2322 2510
f 2321 2510 2322
f 2511 2512 2442
f 2442 2512 2321
f 2510 2321 2512
f 2513 2324 2514
f 2325 2514 2324
f 2324 2513 2323
f 2327 2323 2513
f 2514 2325 2515
f 2326 2515 2325
f 2510 2516 2326
f 2326 2516 2515
f 2514 2382 2513
f 2327 2513 2382
f 2449 2328 2517
f 2328 2329 2517
f 2517 2329 2518
f 2345 2518 2329
f 2519 2331 2520
f 2330 2520 2331
f 2521 2520 2334
f 2330 2334 2520
f 2522 2332 2519
f 2331 2519 2332
f 2332 2522 2349
f 2334 2333 2372
f 2334 2372 2366
f 2521 2334 2364
f 2366 2364 2334
f 2412 2338 2336
f 2335 2336 2338
f 2337 2523 2346
f 2524 2346 2523
f 2338 2525 2337
f 2523 2337 2525
f 2525 2338 2411
f 2412 2411 2338
f 2526 2527 2346
f 2340 2346 2527
f 2339 2340 2528
f 2528 2340 2527
f 2343 2339 2529
f 2528 2529 2339
f 2530 2342 2341
f 2341 2531 2530
f 2532 2530 2531
f 2341 2343 2531
f 2531 2343 2533
f 2530 2534 2342
f 2344 2342 2534
f 2533 2343 2535
f 2529 2535 2343
f 2518 2345 2534
f 2345 2344 2534
f 2526 2346 2536
f 2346 2524 2536
f 2347 2348 2349
f 2349 2537 2347
f 2538 2347 2537
f 2350 2347 2538
f 2349 2522 2537
f 2363 2537 2522
f 2350 2538 2357
f 2537 2357 2538
f 2516 2354 2355
f 2351 2355 2354
f 2353 2511 2352
f 2444 2352 2511
f 2511 2353 2512
f 2354 2512 2353
f 2512 2354 2510
f 2516 2510 2354
f 2355 2381 2516
f 2515 2516 2381
f 2520 2521 2362
f 2360 2362 2521
f 2521 2364 2360
f 2359 2360 2364
f 2361 2363 2519
f 2522 2519 2363
f 2361 2519 2362
f 2362 2519 2520
f 2366 2372 2365
f 2384 2368 2509
f 2369 2509 2368
f 2384 2367 2368
f 2373 2430 2374
f 2539 2374 2430
f 2374 2539 2375
f 2540 2375 2539
f 2540 2541 2375
f 2376 2375 2541
f 2541 2542 2376
f 2424 2376 2542
f 2379 2454 2378
f 2543 2452 2379
f 2544 2543 2379
f 2379 2452 2454
f 2545 2544 2380
f 2380 2544 2379
f 2546 2545 2380
f 2547 2546 2548
f 2380 2548 2546
f 2548 2380 2441
f 2515 2381 2514
f 2382 2514 2381
f 2431 2386 2549
f 2388 2549 2386
f 2386 2431 2385
f 2549 2388 2550
f 2550 2388 2397
f 2394 2389 2551
f 2393 2551 2389
f 2552 2391 2553
f 2553 2391 2390
f 2392 2495 2390
f 2553 2390 2495
f 2552 2554 2391
f 2393 2391 2554
f 2554 2555 2393
f 2551 2393 2555
f 2395 2394 2556
f 2551 2556 2394
f 2396 2395 2557
f 2556 2557 2395
f 2557 2558 2396
f 2397 2396 2558
f 2559 2550 2558
f 2550 2397 2558
f 2399 2560 2398
f 2405 2398 2560
f 2433 2561 2399
f 2560 2399 2561
f 2562 2401 2563
f 2400 2563 2401
f 2564 2563 2405
f 2405 2563 2400
f 2402 2401 2562
f 2565 2403 2562
f 2562 2403 2402
f 2404 2403 2565
f 2406 2404 2565
f 2405 2560 2564
f 2565 2409 2406
f 2407 2408 2413
f 2566 2413 2408
f 2408 2409 2566
f 2567 2566 2568
f 2566 2409 2568
f 2565 2568 2409
f 2411 2410 2525
f 2416 2525 2410
f 2413 2566 2423
f 2567 2423 2566
f 2523 2415 2524
f 2414 2524 2415
f 2536 2524 2569
f 2414 2569 2524
f 2417 2570 2414
f 2569 2414 2570
f 2415 2523 2416
f 2525 2416 2523
f 2418 2571 2417
f 2571 2570 2417
f 2418 2419 2571
f 2571 2419 2572
f 2572 2419 2573
f 2420 2573 2419
f 2573 2420 2574
f 2421 2574 2420
f 2422 2574 2421
f 2422 2575 2574
f 2576 2574 2575
f 2575 2422 2577
f 2423 2577 2422
f 2423 2567 2577
f 2542 2578 2424
f 2426 2424 2578
f 2425 2427 2440
f 2579 2440 2427
f 2427 2426 2580
f 2580 2426 2578
f 2580 2581 2427
f 2579 2427 2581
f 2428 2446 2582
f 2583 2582 2446
f 2428 2582 2429
f 2430 2429 2582
f 2584 2539 2582
f 2430 2582 2539
f 2432 2431 2585
f 2549 2585 2431
f 2586 2433 2585
f 2432 2585 2433
f 2586 2587 2433
f 2561 2433 2587
f 2434 2588 2435
f 2588 2589 2435
f 2588 2434 2590
f 2439 2590 2434
f 2591 2436 2589
f 2435 2589 2436
f 2592 2437 2591
f 2591 2437 2436
f 2437 2592 2441
f 2593 2441 2592
f 2590 2439 2594
f 2438 2594 2439
f 2594 2438 2579
f 2579 2438 2440
f 2547 2548 2593
f 2441 2593 2548
f 2511 2442 2444
f 2443 2444 2442
f 2445 2595 2446
f 2583 2446 2595
f 2447 2595 2445
f 2447 2448 2596
f 2447 2596 2595
f 2597 2595 2596
f 2448 2449 2596
f 2598 2596 2449
f 2449 2517 2599
f 2600 2599 2517
f 2599 2601 2449
f 2449 2601 2598
f 2602 2603 2450
f 2602 2450 2604
f 2453 2604 2450
f 2450 2603 2451
f 2605 2456 2603
f 2451 2603 2456
f 2606 2453 2543
f 2452 2543 2453
f 2604 2453 2607
f 2606 2607 2453
f 2605 2608 2456
f 2457 2456 2608
f 2458 2457 2609
f 2608 2609 2457
f 2609 2610 2458
f 2610 2611 2458
f 2458 2611 2459
f 2459 2611 2612
f 2613 2460 2612
f 2459 2612 2460
f 2460 2613 2462
f 2492 2462 2613
f 2482 2614 2466
f 2466 2614 2615
f 2466 2615 2465
f 2506 2465 2615
f 2467 2616 2468
f 2617 2468 2616
f 2467 2469 2616
f 2618 2616 2469
f 2619 2470 2617
f 2468 2617 2470
f 2618 2469 2620
f 2471 2620 2469
f 2470 2619 2472
f 2621 2472 2619
f 2622 2620 2473
f 2471 2473 2620
f 2621 2623 2472
f 2623 2474 2472
f 2475 2624 2473
f 2622 2473 2624
f 2478 2474 2625
f 2623 2625 2474
f 2475 2476 2624
f 2626 2624 2476
f 2627 2626 2477
f 2476 2477 2626
f 2477 2479 2627
f 2628 2627 2479
f 2482 2478 2629
f 2629 2478 2625
f 2628 2479 2630
f 2630 2479 2480
f 2481 2631 2480
f 2630 2480 2631
f 2494 2632 2481
f 2632 2631 2481
f 2629 2633 2482
f 2614 2482 2633
f 2483 2484 2634
f 2635 2634 2484
f 2636 2635 2493
f 2484 2493 2635
f 2634 2637 2483
f 2486 2483 2637
f 2637 2638 2486
f 2485 2486 2638
f 2638 2639 2485
f 2487 2485 2639
f 2639 2640 2487
f 2487 2640 2488
f 2640 2641 2488
f 2489 2488 2641
f 2641 2642 2489
f 2490 2489 2642
f 2491 2490 2643
f 2642 2643 2490
f 2494 2491 2644
f 2491 2643 2644
f 2613 2636 2492
f 2492 2636 2493
f 2632 2494 2645
f 2644 2645 2494
f 2495 2502 2553
f 2502 2646 2553
f 2497 2647 2501
f 2648 2501 2647
f 2496 2649 2497
f 2497 2649 2647
f 2498 2650 2496
f 2649 2496 2650
f 2499 2651 2498
f 2650 2498 2651
f 2500 2652 2499
f 2651 2499 2652
f 2503 2653 2500
f 2652 2500 2653
f 2501 2648 2502
f 2654 2502 2648
f 2655 2646 2654
f 2502 2654 2646
f 2653 2503 2507
f 2507 2503 2504
f 2653 2506 2652
f 2615 2652 2506
f 2507 2505 2653
f 2506 2653 2505
f 2518 2656 2517
f 2600 2517 2656
f 2534 2657 2518
f 2658 2518 2657
f 2656 2518 2658
f 2526 2536 2659
f 2660 2659 2536
f 2659 2661 2526
f 2528 2527 2661
f 2527 2526 2661
f 2528 2661 2529
f 2529 2661 2656
f 2529 2656 2535
f 2662 2535 2656
f 2534 2530 2657
f 2532 2657 2530
f 2531 2663 2532
f 2531 2533 2664
f 2531 2664 2665
f 2666 2663 2665
f 2531 2665 2663
f 2663 2667 2532
f 2657 2532 2667
f 2668 2664 2535
f 2664 2533 2535
f 2535 2662 2668
f 2660 2536 2669
f 2536 2569 2669
f 2670 2540 2584
f 2539 2584 2540
f 2671 2541 2670
f 2540 2670 2541
f 2671 2672 2541
f 2542 2541 2672
f 2672 2673 2542
f 2578 2542 2673
f 2674 2606 2675
f 2543 2675 2606
f 2545 2543 2544
f 2545 2546 2543
f 2675 2543 2546
f 2546 2547 2675
f 2676 2675 2547
f 2547 2593 2676
f 2677 2676 2593
f 2678 2585 2550
f 2549 2550 2585
f 2678 2550 2679
f 2559 2679 2550
f 2555 2680 2551
f 2556 2551 2680
f 2553 2646 2552
f 2681 2552 2646
f 2554 2552 2682
f 2681 2682 2552
f 2682 2683 2554
f 2555 2554 2683
f 2683 2684 2555
f 2680 2555 2684
f 2557 2556 2685
f 2680 2685 2556
f 2558 2557 2686
f 2685 2686 2557
f 2686 2559 2558
f 2559 2686 2687
f 2688 2687 2686
f 2687 2679 2559
f 2561 2689 2560
f 2564 2560 2689
f 2689 2561 2690
f 2587 2690 2561
f 2564 2691 2563
f 2563 2691 2562
f 2562 2691 2565
f 2689 2691 2564
f 2565 2692 2568
f 2692 2693 2568
f 2565 2691 2692
f 2567 2693 2694
f 2695 2694 2693
f 2567 2568 2693
f 2696 2577 2694
f 2694 2577 2567
f 2570 2697 2569
f 2697 2698 2569
f 2669 2569 2698
f 2571 2699 2570
f 2697 2570 2699
f 2699 2571 2700
f 2572 2700 2571
f 2700 2572 2701
f 2573 2701 2572
f 2701 2573 2576
f 2574 2576 2573
f 2702 2701 2703
f 2576 2703 2701
f 2704 2703 2575
f 2576 2575 2703
f 2575 2577 2704
f 2704 2577 2696
f 2673 2705 2578
f 2580 2578 2705
f 2581 2706 2579
f 2594 2579 2706
f 2705 2707 2580
f 2581 2580 2707
f 2707 2708 2581
f 2706 2581 2708
f 2595 2597 2583
f 2709 2583 2597
f 2582 2583 2584
f 2709 2584 2583
f 2584 2709 2670
f 2710 2670 2709
f 2585 2678 2586
f 2711 2586 2678
f 2587 2586 2712
f 2711 2712 2586
f 2712 2713 2587
f 2587 2713 2690
f 2714 2715 2588
f 2589 2588 2715
f 2716 2714 2590
f 2588 2590 2714
f 2591 2589 2717
f 2589 2715 2717
f 2706 2716 2594
f 2590 2594 2716
f 2717 2718 2591
f 2718 2592 2591
f 2593 2592 2719
f 2718 2719 2592
f 2677 2593 2720
f 2719 2720 2593
f 2721 2597 2598
f 2596 2598 2597
f 2597 2721 2709
f 2709 2721 2710
f 2601 2722 2598
f 2721 2598 2722
f 2599 2600 2723
f 2659 2723 2600
f 2723 2724 2599
f 2601 2599 2724
f 2600 2661 2659
f 2656 2661 2600
f 2601 2725 2722
f 2724 2725 2601
f 2602 2726 2603
f 2727 2603 2726
f 2728 2729 2604
f 2604 2729 2602
f 2729 2726 2602
f 2603 2727 2605
f 2730 2731 2604
f 2732 2730 2607
f 2604 2607 2730
f 2604 2731 2728
f 2727 2733 2605
f 2605 2733 2608
f 2607 2606 2734
f 2674 2734 2606
f 2735 2732 2734
f 2607 2734 2732
f 2736 2608 2733
f 2737 2609 2736
f 2608 2736 2609
f 2737 2738 2609
f 2610 2609 2738
f 2610 2739 2611
f 2740 2611 2739
f 2738 2741 2610
f 2739 2610 2741
f 2740 2742 2611
f 2612 2611 2742
f 2636 2613 2742
f 2612 2742 2613
f 2651 2614 2650
f 2633 2650 2614
f 2652 2615 2651
f 2651 2615 2614
f 2743 2617 2744
f 2616 2744 2617
f 2745 2744 2618
f 2616 2618 2744
f 2746 2619 2743
f 2617 2743 2619
f 2620 2747 2618
f 2745 2618 2747
f 2748 2621 2746
f 2619 2746 2621
f 2620 2622 2747
f 2749 2747 2622
f 2623 2621 2750
f 2748 2750 2621
f 2749 2622 2751
f 2624 2751 2622
f 2623 2750 2625
f 2752 2751 2626
f 2624 2626 2751
f 2753 2754 2625
f 2754 2755 2625
f 2755 2629 2625
f 2756 2753 2750
f 2625 2750 2753
f 2757 2752 2627
f 2626 2627 2752
f 2758 2757 2628
f 2627 2628 2757
f 2630 2759 2628
f 2758 2628 2759
f 2755 2760 2629
f 2760 2633 2629
f 2631 2759 2630
f 2761 2631 2762
f 2762 2631 2763
f 2631 2632 2763
f 2764 2759 2761
f 2631 2761 2759
f 2763 2632 2765
f 2765 2632 2645
f 2760 2649 2633
f 2649 2650 2633
f 2766 2767 2635
f 2767 2634 2635
f 2635 2636 2766
f 2742 2766 2636
f 2767 2768 2634
f 2637 2634 2768
f 2768 2769 2637
f 2638 2637 2769
f 2769 2770 2638
f 2639 2638 2770
f 2640 2639 2771
f 2770 2771 2639
f 2771 2772 2640
f 2641 2640 2772
f 2772 2773 2641
f 2642 2641 2773
f 2773 2774 2642
f 2643 2642 2774
f 2774 2775 2643
f 2775 2644 2643
f 2775 2776 2644
f 2645 2644 2776
f 2765 2645 2777
f 2777 2645 2776
f 2778 2681 2655
f 2646 2655 2681
f 2779 2654 2780
f 2780 2654 2648
f 2780 2648 2781
f 2647 2781 2648
f 2781 2647 2760
f 2649 2760 2647
f 2782 2655 2779
f 2654 2779 2655
f 2655 2782 2778
f 2783 2778 2782
f 2658 2662 2656
f 2667 2784 2657
f 2658 2657 2784
f 2658 2784 2662
f 2668 2662 2784
f 2660 2785 2723
f 2724 2723 2785
f 2723 2659 2660
f 2660 2698 2785
f 2786 2785 2698
f 2660 2669 2698
f 2666 2787 2663
f 2667 2663 2787
f 2665 2664 2668
f 2668 2784 2665
f 2788 2665 2784
f 2788 2789 2665
f 2790 2665 2789
f 2665 2790 2666
f 2666 2790 2791
f 2791 2792 2666
f 2787 2666 2792
f 2784 2667 2788
f 2787 2788 2667
f 2670 2710 2671
f 2793 2671 2710
f 2794 2672 2793
f 2671 2793 2672
f 2795 2673 2794
f 2672 2794 2673
f 2796 2705 2795
f 2673 2795 2705
f 2675 2676 2674
f 2797 2674 2676
f 2734 2674 2798
f 2797 2798 2674
f 2799 2797 2677
f 2676 2677 2797
f 2800 2799 2720
f 2677 2720 2799
f 2679 2801 2678
f 2711 2678 2801
f 2679 2687 2802
f 2803 2802 2687
f 2679 2802 2801
f 2804 2801 2802
f 2685 2680 2805
f 2684 2805 2680
f 2682 2681 2806
f 2681 2778 2806
f 2682 2806 2683
f 2807 2683 2806
f 2807 2808 2683
f 2684 2683 2808
f 2808 2809 2684
f 2805 2684 2809
f 2686 2685 2688
f 2805 2688 2685
f 2688 2810 2687
f 2803 2687 2810
f 2809 2810 2805
f 2688 2805 2810
f 2690 2691 2689
f 2713 2691 2690
f 2811 2691 2812
f 2812 2691 2713
f 2813 2691 2811
f 2814 2691 2813
f 2815 2691 2814
f 2816 2691 2815
f 2817 2691 2816
f 2818 2691 2817
f 2692 2691 2818
f 2692 2695 2693
f 2692 2818 2695
f 2819 2695 2818
f 2694 2695 2820
f 2820 2695 2819
f 2821 2696 2820
f 2694 2820 2696
f 2696 2821 2822
f 2823 2822 2821
f 2704 2696 2822
f 2824 2786 2697
f 2698 2697 2786
f 2699 2825 2697
f 2825 2824 2697
f 2700 2826 2699
f 2825 2699 2826
f 2701 2702 2700
f 2826 2700 2702
f 2827 2702 2828
f 2703 2828 2702
f 2704 2828 2703
f 2702 2827 2826
f 2829 2826 2827
f 2704 2822 2828
f 2830 2828 2822
f 2831 2707 2796
f 2705 2796 2707
f 2708 2832 2706
f 2716 2706 2832
f 2707 2831 2708
f 2833 2708 2831
f 2834 2832 2833
f 2708 2833 2832
f 2710 2721 2793
f 2793 2721 2722
f 2835 2712 2801
f 2711 2801 2712
f 2812 2713 2835
f 2712 2835 2713
f 2715 2714 2836
f 2837 2836 2714
f 2714 2716 2837
f 2832 2837 2716
f 2836 2838 2715
f 2717 2715 2838
f 2838 2839 2717
f 2718 2717 2839
f 2719 2718 2840
f 2839 2840 2718
f 2840 2800 2719
f 2720 2719 2800
f 2793 2722 2794
f 2725 2794 2722
f 2724 2785 2841
f 2724 2842 2725
f 2842 2724 2843
f 2841 2843 2724
f 2794 2725 2795
f 2842 2795 2725
f 2729 2844 2726
f 2726 2844 2727
f 2727 2844 2733
f 2729 2728 2844
f 2845 2844 2728
f 2845 2728 2846
f 2731 2846 2728
f 2847 2730 2848
f 2732 2848 2730
f 2847 2849 2730
f 2730 2849 2731
f 2846 2731 2849
f 2732 2735 2848
f 2848 2735 2850
f 2790 2850 2735
f 2733 2844 2736
f 2851 2736 2844
f 2852 2735 2798
f 2734 2798 2735
f 2735 2852 2790
f 2791 2790 2852
f 2853 2737 2851
f 2736 2851 2737
f 2854 2738 2853
f 2737 2853 2738
f 2741 2738 2855
f 2855 2738 2854
f 2856 2740 2857
f 2739 2857 2740
f 2741 2858 2739
f 2857 2739 2858
f 2856 2766 2740
f 2742 2740 2766
f 2858 2741 2859
f 2860 2859 2741
f 2741 2855 2860
f 2861 2743 2862
f 2744 2862 2743
f 2863 2862 2745
f 2744 2745 2862
f 2864 2746 2861
f 2743 2861 2746
f 2747 2865 2745
f 2863 2745 2865
f 2746 2864 2748
f 2866 2748 2864
f 2747 2749 2865
f 2867 2865 2749
f 2750 2748 2756
f 2866 2756 2748
f 2867 2749 2868
f 2751 2868 2749
f 2869 2868 2752
f 2751 2752 2868
f 2870 2869 2757
f 2752 2757 2869
f 2781 2754 2780
f 2871 2780 2754
f 2754 2781 2755
f 2755 2781 2760
f 2754 2753 2871
f 2871 2753 2872
f 2873 2872 2874
f 2753 2874 2872
f 2874 2753 2756
f 2875 2874 2866
f 2756 2866 2874
f 2757 2758 2870
f 2876 2870 2758
f 2759 2764 2758
f 2876 2758 2764
f 2877 2878 2879
f 2761 2879 2878
f 2764 2761 2878
f 2762 2880 2761
f 2880 2879 2761
f 2762 2763 2881
f 2763 2765 2881
f 2881 2882 2762
f 2880 2762 2882
f 2883 2876 2878
f 2764 2878 2876
f 2881 2765 2884
f 2777 2884 2765
f 2856 2885 2766
f 2885 2767 2766
f 2768 2767 2886
f 2767 2885 2886
f 2886 2887 2768
f 2769 2768 2887
f 2887 2888 2769
f 2770 2769 2888
f 2771 2770 2889
f 2888 2889 2770
f 2772 2771 2890
f 2889 2890 2771
f 2773 2772 2891
f 2772 2890 2891
f 2891 2892 2773
f 2774 2773 2892
f 2892 2893 2774
f 2775 2774 2893
f 2893 2894 2775
f 2776 2775 2894
f 2894 2895 2776
f 2777 2776 2895
f 2895 2896 2777
f 2896 2884 2777
f 2806 2778 2897
f 2783 2897 2778
f 2779 2898 2782
f 2899 2782 2898
f 2780 2871 2779
f 2779 2871 2898
f 2782 2899 2783
f 2900 2783 2899
f 2897 2783 2901
f 2900 2901 2783
f 2786 2902 2785
f 2841 2785 2902
f 2903 2902 2824
f 2824 2902 2786
f 2788 2787 2904
f 2787 2792 2904
f 2789 2788 2904
f 2789 2905 2790
f 2850 2790 2905
f 2906 2789 2907
f 2904 2907 2789
f 2789 2906 2905
f 2905 2906 2908
f 2909 2908 2906
f 2852 2907 2791
f 2792 2791 2907
f 2792 2907 2904
f 2843 2796 2842
f 2842 2796 2795
f 2796 2843 2831
f 2910 2831 2843
f 2798 2797 2911
f 2799 2911 2797
f 2907 2852 2911
f 2798 2911 2852
f 2800 2912 2799
f 2911 2799 2912
f 2912 2800 2913
f 2913 2800 2840
f 2914 2835 2804
f 2801 2804 2835
f 2802 2803 2915
f 2916 2915 2803
f 2915 2917 2802
f 2804 2802 2917
f 2803 2810 2916
f 2918 2916 2810
f 2917 2914 2804
f 2806 2897 2807
f 2919 2807 2897
f 2919 2920 2807
f 2808 2807 2920
f 2920 2921 2808
f 2809 2808 2921
f 2921 2918 2809
f 2809 2918 2810
f 2922 2811 2923
f 2812 2923 2811
f 2922 2924 2811
f 2813 2811 2924
f 2835 2914 2812
f 2914 2923 2812
f 2813 2925 2814
f 2926 2814 2925
f 2813 2927 2925
f 2813 2924 2927
f 2926 2928 2814
f 2928 2815 2814
f 2816 2815 2929
f 2928 2929 2815
f 2929 2930 2816
f 2817 2816 2930
f 2817 2931 2818
f 2931 2819 2818
f 2817 2930 2931
f 2932 2933 2931
f 2933 2819 2931
f 2820 2819 2933
f 2821 2820 2934
f 2933 2934 2820
f 2821 2934 2935
f 2935 2934 2936
f 2823 2821 2935
f 2937 2823 2938
f 2935 2938 2823
f 2830 2822 2937
f 2823 2937 2822
f 2903 2824 2939
f 2825 2939 2824
f 2826 2829 2825
f 2939 2825 2829
f 2940 2827 2830
f 2830 2827 2828
f 2827 2940 2829
f 2829 2940 2941
f 2942 2939 2941
f 2941 2939 2829
f 2943 2940 2937
f 2830 2937 2940
f 2944 2833 2910
f 2833 2831 2910
f 2832 2834 2837
f 2945 2837 2834
f 2946 2834 2944
f 2944 2834 2833
f 2947 2945 2946
f 2946 2945 2834
f 2948 2836 2945
f 2945 2836 2837
f 2949 2838 2948
f 2836 2948 2838
f 2950 2839 2949
f 2838 2949 2839
f 2913 2840 2950
f 2839 2950 2840
f 2841 2902 2951
f 2952 2951 2902
f 2841 2910 2843
f 2841 2951 2910
f 2944 2910 2951
f 2844 2845 2953
f 2851 2844 2953
f 2845 2846 2953
f 2954 2846 2955
f 2849 2955 2846
f 2954 2953 2846
f 2848 2850 2908
f 2905 2908 2850
f 2956 2848 2908
f 2956 2847 2848
f 2956 2957 2847
f 2955 2849 2957
f 2847 2957 2849
f 2851 2953 2954
f 2853 2851 2958
f 2851 2954 2958
f 2959 2853 2958
f 2960 2853 2959
f 2960 2961 2853
f 2854 2853 2961
f 2961 2962 2854
f 2855 2854 2962
f 2962 2963 2855
f 2860 2855 2963
f 2857 2964 2856
f 2964 2857 2965
f 2858 2965 2857
f 2966 2856 2964
f 2856 2966 2885
f 2886 2885 2966
f 2965 2858 2967
f 2968 2967 2858
f 2858 2859 2968
f 2963 2969 2860
f 2859 2860 2969
f 2969 2970 2859
f 2968 2859 2970
f 2971 2861 2972
f 2862 2972 2861
f 2973 2972 2863
f 2862 2863 2972
f 2974 2864 2971
f 2971 2864 2861
f 2865 2975 2863
f 2975 2973 2863
f 2864 2974 2866
f 2866 2974 2875
f 2865 2867 2975
f 2975 2867 2976
f 2976 2867 2977
f 2868 2977 2867
f 2978 2977 2869
f 2868 2869 2977
f 2979 2978 2870
f 2978 2869 2870
f 2870 2876 2979
f 2876 2883 2979
f 2871 2872 2898
f 2980 2898 2872
f 2981 2980 2873
f 2872 2873 2980
f 2873 2982 2981
f 2983 2981 2982
f 2874 2875 2873
f 2982 2873 2875
f 2974 2984 2875
f 2982 2875 2984
f 2878 2877 2883
f 2985 2883 2877
f 2986 2877 2987
f 2879 2987 2877
f 2880 2988 2879
f 2987 2879 2988
f 2877 2986 2985
f 2989 2985 2986
f 2882 2990 2880
f 2880 2990 2988
f 2882 2881 2991
f 2884 2991 2881
f 2990 2882 2992
f 2882 2991 2992
f 2979 2883 2993
f 2985 2993 2883
f 2896 2994 2884
f 2991 2884 2994
f 2887 2886 2995
f 2966 2995 2886
f 2888 2887 2996
f 2995 2996 2887
f 2996 2997 2888
f 2889 2888 2997
f 2997 2998 2889
f 2890 2889 2998
f 2998 2999 2890
f 2891 2890 2999
f 2999 3000 2891
f 2892 2891 3000
f 3000 3001 2892
f 2892 3001 2893
f 3001 3002 2893
f 2894 2893 3002
f 2895 2894 3003
f 3002 3003 2894
f 3003 3004 2895
f 2896 2895 3004
f 2994 2896 3005
f 3004 3005 2896
f 2897 2901 2919
f 2919 2901 3006
f 3007 2900 3008
f 2899 3008 2900
f 2898 2980 2899
f 3008 2899 2980
f 2900 3007 2901
f 2901 3007 3009
f 2901 3009 3006
f 3006 3009 3010
f 2902 2903 2952
f 3011 2952 2903
f 2903 2939 3011
f 2942 3011 2939
f 2911 2912 2907
f 2906 2907 2912
f 2909 2906 2913
f 2913 2906 2912
f 3012 2909 2950
f 2909 2913 2950
f 3013 3014 3012
f 2909 3012 3014
f 3014 2908 2909
f 2956 2908 3014
f 2917 3015 2914
f 2923 2914 3015
f 2915 2916 3016
f 3017 3016 2916
f 3016 3015 2915
f 2917 2915 3015
f 2916 3018 3017
f 3019 3017 3018
f 3018 2916 2918
f 2921 3020 2918
f 3018 2918 3020
f 3006 3021 2919
f 2920 2919 3021
f 3021 3020 2920
f 2921 2920 3020
f 3022 3023 2923
f 2922 2923 3023
f 3022 2923 3015
f 3024 2924 3023
f 2922 3023 2924
f 3025 2924 3024
f 3026 2927 3025
f 2924 3025 2927
f 2927 3027 2925
f 3028 2925 3027
f 2925 3028 2926
f 3029 2926 3028
f 2928 2926 3030
f 3029 3030 2926
f 3027 2927 3026
f 3030 3031 2928
f 2929 2928 3031
f 3031 3032 2929
f 2930 2929 3032
f 3032 2932 2930
f 2931 2930 2932
f 2932 3032 3033
f 3034 3033 3032
f 3033 3035 2932
f 2933 2932 3035
f 2934 2933 3035
f 3036 2936 3035
f 2934 3035 2936
f 2936 3036 3037
f 3036 3038 3037
f 2938 2935 3037
f 2936 3037 2935
f 3039 3040 3037
f 2938 3037 3040
f 3040 2943 2938
f 2937 2938 2943
f 3041 2941 2943
f 2943 2941 2940
f 3042 2942 3041
f 2941 3041 2942
f 3043 3011 3042
f 2942 3042 3011
f 3044 3041 3040
f 2943 3040 3041
f 3045 2946 2951
f 2944 2951 2946
f 2947 3046 2945
f 2948 2945 3046
f 3047 2947 3045
f 2946 3045 2947
f 3048 3046 3047
f 2947 3047 3046
f 3049 2949 3046
f 2948 3046 2949
f 2950 2949 3012
f 3049 3012 2949
f 2952 3050 2951
f 3045 2951 3050
f 3043 3050 3011
f 2952 3011 3050
f 2955 3051 2954
f 3052 2954 3051
f 3051 2955 3053
f 2957 3053 2955
f 3054 2958 3052
f 2954 3052 2958
f 2956 3055 2957
f 2956 3056 3055
f 2956 3013 3056
f 2956 3014 3013
f 3053 2957 3057
f 3055 3057 2957
f 2959 2958 3058
f 3059 3060 3054
f 2958 3054 3060
f 3058 2958 3060
f 3061 2959 3058
f 2960 2959 3061
f 3062 2960 3061
f 2961 2960 3063
f 3064 3063 2960
f 2960 3062 3064
f 3064 3062 3065
f 2962 2961 3066
f 3063 3066 2961
f 3066 3067 2962
f 2963 2962 3067
f 2963 3067 2969
f 2966 2964 3068
f 3068 2964 2965
f 2965 2967 3068
f 2966 3068 2995
f 2970 2967 2968
f 2967 3069 3068
f 3069 2967 3070
f 2970 3070 2967
f 3067 3070 2969
f 2970 2969 3070
f 2972 3071 2971
f 3072 2971 3071
f 2972 2973 3071
f 3073 3071 2973
f 2984 2974 3072
f 2971 3072 2974
f 3073 2973 3074
f 2975 3074 2973
f 3073 3074 2976
f 2975 2976 3074
f 2977 3075 2976
f 3073 2976 3075
f 2977 2978 3075
f 3076 3075 2978
f 2993 3076 2979
f 2978 2979 3076
f 2980 2981 3008
f 3077 3008 2981
f 2981 2983 3077
f 3078 3077 2983
f 3079 3078 3080
f 3080 3078 2983
f 2984 3080 2982
f 2983 2982 3080
f 3080 2984 3081
f 3072 3081 2984
f 2993 2985 3082
f 2989 3082 2985
f 2987 3083 2986
f 3084 2986 3083
f 2988 3085 2987
f 3083 2987 3085
f 2986 3084 2989
f 3086 2989 3084
f 2990 3087 2988
f 3085 2988 3087
f 3088 3082 3086
f 3086 3082 2989
f 3087 2990 3089
f 2992 3089 2990
f 2994 3090 2991
f 2992 2991 3090
f 3089 2992 3091
f 3090 3091 2992
f 3082 3092 2993
f 3076 2993 3092
f 3090 2994 3093
f 3005 3093 2994
f 2996 2995 3069
f 3068 3069 2995
f 2996 3069 2997
f 3069 3070 2997
f 2998 2997 3070
f 2998 3070 2999
f 3070 3067 2999
f 3000 2999 3067
f 3001 3000 3066
f 3067 3066 3000
f 3002 3001 3063
f 3066 3063 3001
f 3063 3064 3002
f 3003 3002 3064
f 3064 3065 3003
f 3004 3003 3065
f 3065 3094 3004
f 3005 3004 3094
f 3094 3095 3005
f 3093 3005 3095
f 3010 3096 3006
f 3006 3096 3021
f 3008 3077 3007
f 3097 3007 3077
f 3007 3097 3009
f 3098 3009 3097
f 3009 3098 3010
f 3099 3010 3098
f 3099 3100 3010
f 3096 3010 3100
f 3013 3012 3049
f 3013 3048 3056
f 3101 3056 3048
f 3048 3013 3046
f 3049 3046 3013
f 3016 3102 3015
f 3022 3015 3102
f 3102 3016 3103
f 3104 3103 3016
f 3104 3016 3017
f 3017 3019 3104
f 3105 3104 3019
f 3020 3106 3018
f 3018 3106 3019
f 3107 3105 3106
f 3019 3106 3105
f 3096 3106 3021
f 3020 3021 3106
f 3102 3108 3022
f 3108 3023 3022
f 3109 3024 3108
f 3108 3024 3023
f 3110 3025 3109
f 3024 3109 3025
f 3110 3111 3025
f 3026 3025 3111
f 3111 3112 3026
f 3027 3026 3112
f 3113 3028 3112
f 3027 3112 3028
f 3113 3114 3028
f 3029 3028 3114
f 3115 3030 3114
f 3029 3114 3030
f 3030 3115 3031
f 3116 3031 3115
f 3034 3032 3116
f 3031 3116 3032
f 3117 3034 3118
f 3116 3118 3034
f 3033 3034 3119
f 3117 3119 3034
f 3119 3036 3033
f 3035 3033 3036
f 3119 3120 3036
f 3120 3038 3036
f 3120 3121 3038
f 3122 3038 3121
f 3122 3039 3038
f 3038 3039 3037
f 3123 3044 3039
f 3044 3040 3039
f 3124 3123 3122
f 3039 3122 3123
f 3125 3042 3044
f 3041 3044 3042
f 3126 3043 3125
f 3042 3125 3043
f 3126 3127 3043
f 3050 3043 3127
f 3128 3125 3123
f 3044 3123 3125
f 3127 3047 3050
f 3045 3050 3047
f 3127 3101 3047
f 3048 3047 3101
f 3129 3054 3130
f 3052 3130 3054
f 3130 3052 3131
f 3131 3052 3051
f 3051 3053 3131
f 3132 3131 3053
f 3133 3132 3057
f 3053 3057 3132
f 3134 3059 3129
f 3054 3129 3059
f 3056 3135 3055
f 3057 3055 3135
f 3056 3101 3135
f 3136 3135 3101
f 3137 3133 3135
f 3057 3135 3133
f 3058 3138 3139
f 3139 3138 3140
f 3141 3058 3139
f 3141 3062 3058
f 3062 3061 3058
f 3060 3138 3058
f 3060 3059 3138
f 3142 3138 3059
f 3059 3134 3142
f 3143 3142 3134
f 3065 3062 3094
f 3141 3094 3062
f 3081 3072 3144
f 3071 3144 3072
f 3071 3073 3144
f 3145 3144 3073
f 3075 3146 3073
f 3145 3073 3146
f 3092 3146 3076
f 3075 3076 3146
f 3077 3078 3097
f 3147 3097 3078
f 3147 3078 3148
f 3148 3078 3079
f 3149 3150 3079
f 3150 3148 3079
f 3079 3080 3149
f 3081 3149 3080
f 3149 3081 3151
f 3144 3151 3081
f 3088 3152 3082
f 3092 3082 3152
f 3083 3153 3084
f 3154 3084 3153
f 3153 3083 3155
f 3085 3155 3083
f 3084 3154 3086
f 3156 3086 3154
f 3087 3157 3085
f 3155 3085 3157
f 3156 3158 3086
f 3158 3088 3086
f 3089 3159 3087
f 3157 3087 3159
f 3152 3088 3160
f 3160 3088 3158
f 3159 3089 3161
f 3091 3161 3089
f 3093 3162 3090
f 3090 3162 3091
f 3162 3163 3091
f 3161 3091 3163
f 3152 3164 3092
f 3146 3092 3164
f 3095 3165 3093
f 3162 3093 3165
f 3141 3095 3094
f 3165 3095 3139
f 3141 3139 3095
f 3100 3107 3096
f 3106 3096 3107
f 3147 3166 3097
f 3097 3166 3098
f 3098 3166 3099
f 3099 3166 3167
f 3167 3168 3099
f 3100 3099 3168
f 3168 3169 3100
f 3100 3169 3107
f 3127 3126 3101
f 3136 3101 3126
f 3108 3102 3170
f 3171 3170 3102
f 3171 3102 3172
f 3172 3102 3103
f 3103 3104 3173
f 3173 3104 3105
f 3174 3172 3175
f 3103 3175 3172
f 3175 3103 3173
f 3169 3173 3107
f 3105 3107 3173
f 3176 3108 3170
f 3177 3108 3176
f 3108 3177 3109
f 3178 3109 3177
f 3179 3109 3178
f 3180 3109 3179
f 3109 3180 3110
f 3181 3110 3180
f 3182 3110 3181
f 3111 3110 3183
f 3182 3183 3110
f 3112 3111 3184
f 3183 3184 3111
f 3113 3112 3185
f 3184 3185 3112
f 3186 3113 3185
f 3114 3113 3187
f 3186 3187 3113
f 3114 3187 3115
f 3188 3115 3187
f 3116 3115 3118
f 3188 3118 3115
f 3118 3188 3189
f 3190 3189 3188
f 3191 3118 3189
f 3117 3118 3192
f 3191 3192 3118
f 3193 3117 3192
f 3119 3117 3194
f 3193 3194 3117
f 3120 3119 3194
f 3194 3195 3120
f 3121 3120 3195
f 3196 3124 3121
f 3122 3121 3124
f 3121 3195 3196
f 3197 3196 3195
f 3128 3123 3137
f 3124 3137 3123
f 3133 3137 3196
f 3124 3196 3137
f 3136 3126 3128
f 3128 3126 3125
f 3135 3136 3137
f 3128 3137 3136
f 3198 3129 3199
f 3130 3199 3129
f 3199 3130 3200
f 3131 3200 3130
f 3129 3198 3134
f 3201 3134 3198
f 3197 3200 3132
f 3131 3132 3200
f 3132 3133 3197
f 3133 3196 3197
f 3134 3201 3143
f 3202 3143 3201
f 3139 3140 3165
f 3140 3203 3165
f 3203 3140 3204
f 3205 3204 3140
f 3140 3138 3205
f 3142 3205 3138
f 3143 3206 3142
f 3205 3142 3206
f 3202 3207 3143
f 3206 3143 3207
f 3208 3151 3145
f 3144 3145 3151
f 3208 3145 3164
f 3146 3164 3145
f 3166 3147 3209
f 3148 3209 3147
f 3209 3148 3210
f 3150 3210 3148
f 3151 3211 3149
f 3150 3149 3211
f 3211 3212 3150
f 3210 3150 3212
f 3208 3213 3151
f 3213 3211 3151
f 3164 3152 3214
f 3160 3214 3152
f 3153 3215 3154
f 3216 3154 3215
f 3155 3217 3153
f 3153 3217 3215
f 3156 3154 3218
f 3154 3216 3218
f 3219 3217 3157
f 3155 3157 3217
f 3218 3220 3156
f 3158 3156 3220
f 3221 3219 3159
f 3157 3159 3219
f 3220 3222 3158
f 3160 3158 3222
f 3223 3221 3161
f 3161 3221 3159
f 3214 3160 3224
f 3222 3224 3160
f 3225 3223 3163
f 3161 3163 3223
f 3163 3162 3203
f 3203 3162 3165
f 3163 3203 3225
f 3204 3225 3203
f 3208 3164 3213
f 3213 3164 3214
f 3166 3209 3167
f 3226 3167 3209
f 3226 3227 3167
f 3168 3167 3227
f 3227 3228 3168
f 3169 3168 3228
f 3228 3175 3169
f 3173 3169 3175
f 3170 3171 3229
f 3230 3229 3171
f 3230 3171 3174
f 3172 3174 3171
f 3231 3176 3229
f 3170 3229 3176
f 3175 3228 3174
f 3232 3174 3228
f 3174 3232 3230
f 3233 3230 3232
f 3231 3234 3176
f 3234 3177 3176
f 3177 3234 3178
f 3235 3178 3234
f 3235 3236 3178
f 3179 3178 3236
f 3236 3237 3179
f 3180 3179 3237
f 3238 3180 3237
f 3180 3238 3181
f 3238 3239 3181
f 3182 3181 3240
f 3239 3240 3181
f 3183 3182 3241
f 3240 3241 3182
f 3242 3183 3241
f 3184 3183 3243
f 3242 3243 3183
f 3244 3185 3243
f 3184 3243 3185
f 3186 3185 3245
f 3244 3245 3185
f 3246 3186 3245
f 3186 3246 3187
f 3187 3246 3247
f 3188 3187 3190
f 3187 3247 3190
f 3248 3249 3247
f 3190 3247 3249
f 3250 3189 3249
f 3190 3249 3189
f 3251 3191 3250
f 3189 3250 3191
f 3191 3251 3192
f 3252 3192 3251
f 3253 3193 3252
f 3192 3252 3193
f 3195 3194 3253
f 3193 3253 3194
f 3200 3197 3253
f 3195 3253 3197
f 3199 3252 3198
f 3251 3198 3252
f 3253 3252 3200
f 3199 3200 3252
f 3250 3201 3251
f 3198 3251 3201
f 3201 3250 3202
f 3249 3202 3250
f 3207 3202 3248
f 3249 3248 3202
f 3225 3204 3254
f 3255 3254 3204
f 3206 3255 3205
f 3204 3205 3255
f 3207 3256 3206
f 3255 3206 3256
f 3248 3257 3207
f 3256 3207 3257
f 3210 3258 3209
f 3226 3209 3258
f 3258 3210 3259
f 3212 3259 3210
f 3212 3211 3260
f 3260 3211 3213
f 3259 3212 3261
f 3260 3261 3212
f 3260 3213 3262
f 3224 3263 3214
f 3263 3213 3214
f 3262 3213 3263
f 3216 3264 3218
f 3218 3264 3265
f 3215 3266 3216
f 3264 3216 3266
f 3217 3267 3215
f 3267 3266 3215
f 3219 3268 3217
f 3217 3268 3267
f 3218 3265 3220
f 3269 3220 3265
f 3221 3270 3219
f 3268 3219 3270
f 3222 3220 3271
f 3269 3271 3220
f 3223 3272 3221
f 3270 3221 3272
f 3271 3273 3222
f 3224 3222 3273
f 3223 3225 3272
f 3254 3272 3225
f 3273 3274 3224
f 3263 3224 3274
f 3258 3275 3226
f 3227 3226 3275
f 3275 3232 3227
f 3228 3227 3232
f 3233 3276 3230
f 3229 3230 3276
f 3231 3229 3277
f 3276 3277 3229
f 3234 3231 3278
f 3277 3278 3231
f 3232 3275 3233
f 3279 3233 3275
f 3233 3279 3276
f 3280 3276 3279
f 3281 3235 3278
f 3234 3278 3235
f 3236 3235 3282
f 3282 3235 3281
f 3282 3283 3236
f 3237 3236 3283
f 3283 3284 3237
f 3238 3237 3284
f 3284 3285 3238
f 3239 3238 3285
f 3285 3286 3239
f 3240 3239 3286
f 3287 3241 3286
f 3241 3240 3286
f 3288 3242 3287
f 3241 3287 3242
f 3288 3289 3242
f 3289 3243 3242
f 3289 3290 3243
f 3244 3243 3290
f 3245 3244 3291
f 3290 3291 3244
f 3246 3245 3257
f 3291 3257 3245
f 3257 3248 3246
f 3247 3246 3248
f 3254 3255 3292
f 3256 3292 3255
f 3272 3254 3293
f 3292 3293 3254
f 3257 3291 3256
f 3292 3256 3291
f 3275 3258 3279
f 3259 3279 3258
f 3279 3259 3280
f 3261 3280 3259
f 3261 3260 3294
f 3262 3294 3260
f 3280 3261 3295
f 3295 3261 3294
f 3274 3294 3263
f 3262 3263 3294
f 3265 3264 3296
f 3297 3296 3264
f 3264 3266 3297
f 3298 3297 3266
f 3269 3265 3299
f 3296 3299 3265
f 3266 3267 3298
f 3298 3267 3300
f 3267 3268 3300
f 3301 3300 3268
f 3268 3270 3301
f 3302 3301 3270
f 3271 3269 3303
f 3299 3303 3269
f 3270 3272 3302
f 3293 3302 3272
f 3303 3304 3271
f 3273 3271 3304
f 3304 3305 3273
f 3274 3273 3305
f 3305 3295 3274
f 3274 3295 3294
f 3276 3280 3277
f 3295 3277 3280
f 3278 3277 3305
f 3295 3305 3277
f 3281 3278 3304
f 3305 3304 3278
f 3282 3281 3303
f 3304 3303 3281
f 3303 3299 3282
f 3283 3282 3299
f 3299 3296 3283
f 3284 3283 3296
f 3296 3297 3284
f 3297 3285 3284
f 3297 3298 3285
f 3286 3285 3298
f 3298 3300 3286
f 3287 3286 3300
f 3300 3301 3287
f 3288 3287 3301
f 3301 3302 3288
f 3289 3288 3302
f 3302 3293 3289
f 3290 3289 3293
f 3291 3290 3292
f 3293 3292 3290
# Vertices: 3305, normals: 0, texture coordinates: 0, faces: 6592

