# https://github.com/mikedh/trimesh

o hat_ribs.obj
v 0.08998400 0.19951600 0.10051900
v 0.08753400 0.18900500 0.09851300
v 0.08482500 0.18956600 0.09664600
v 0.07718800 0.21071600 0.11190200
v 0.07752600 0.20857700 0.11306200
v 0.08839700 0.20369400 0.09800000
v 0.07479600 0.19745700 0.11121000
v 0.08357900 0.19520300 0.09571800
v 0.08564900 0.20425900 0.09716300
v 0.07272500 0.19632200 0.11051200
v 0.07619600 0.21165000 0.11192900
v 0.06129700 0.21583700 0.12259900
v 0.06318200 0.21748500 0.12262000
v 0.06252900 0.21498700 0.12393300
v 0.06063900 0.20463600 0.12301100
v 0.07174400 0.20092300 0.10916900
v 0.05979800 0.20421300 0.12284100
v 0.05936900 0.20875800 0.12085700
v 0.04332300 0.21457900 0.12817400
v 0.04487400 0.22259300 0.12868100
v 0.04713500 0.22466200 0.12971900
v 0.04617800 0.22337100 0.13044300
v 0.04467300 0.21298500 0.13102500
v 0.04364200 0.21212000 0.13027900
v 0.02600000 0.21929300 0.13423200
v 0.02674800 0.22195400 0.13185700
v 0.02860400 0.23093200 0.13287400
v 0.03028000 0.23205100 0.13397000
v 0.02877500 0.23073000 0.13543400
v 0.02707800 0.22068400 0.13496400
v 0.00907200 0.22831800 0.13606800
v 0.00880200 0.22814200 0.13656400
v 0.01020600 0.22960500 0.13389900
v 0.01141400 0.23832900 0.13456000
v 0.01291600 0.23922300 0.13595700
v 0.01074600 0.23694600 0.13735100
v -0.00696000 0.24516700 0.13699600
v -0.00869900 0.23653700 0.13470900
v -0.00876700 0.23636800 0.13498100
v -0.00616900 0.23825100 0.13254900
v -0.00538700 0.24671000 0.13355900
v -0.00405900 0.24733900 0.13491100
v -0.02131300 0.25443000 0.13215500
v -0.02413800 0.25383000 0.13405300
v -0.02640300 0.24425400 0.13114700
v -0.02605600 0.24428500 0.13079000
v -0.02323800 0.24466800 0.12947100
v -0.02249200 0.25373100 0.13042900
v -0.03864400 0.26131600 0.12484800
v -0.03797100 0.26192300 0.12710700
v -0.04110800 0.26098000 0.12724400
v -0.04367500 0.25130800 0.12500800
v -0.04319600 0.25055200 0.12399000
v -0.03890000 0.25250700 0.12346300
v -0.05362100 0.25966200 0.11452000
v -0.05372000 0.26916200 0.11654400
v -0.05288300 0.26791800 0.11722100
v -0.05672100 0.26617100 0.11719900
v -0.06009200 0.25554300 0.11494700
v -0.05950400 0.25546800 0.11440000
v -0.07363400 0.25949400 0.10142700
v -0.06683000 0.26452600 0.10221500
v -0.06705400 0.27411300 0.10392000
v -0.06667200 0.27221200 0.10481500
v -0.07065800 0.27120500 0.10463200
v -0.07367400 0.25998400 0.10122100
v -0.08421500 0.26639100 0.08570000
v -0.08190200 0.26470500 0.08414600
v -0.07683700 0.27121100 0.08779300
v -0.07686300 0.27810100 0.08833800
v -0.07719900 0.27833700 0.09169300
v -0.08232200 0.27381900 0.08907800
v -0.08436700 0.28322500 0.07203600
v -0.08599900 0.27766200 0.06961200
v -0.08265800 0.27515300 0.06738700
v -0.07892600 0.27706100 0.06991200
v -0.07928000 0.28532700 0.07091200
v -0.07927400 0.28569200 0.07369700
v -0.07816500 0.29249800 0.05566900
v -0.08268300 0.29037100 0.05325800
v -0.08370700 0.28408400 0.05094700
v -0.08201200 0.28332800 0.04922300
v -0.07730000 0.28383600 0.05219700
v -0.07738900 0.29002000 0.05234700
v -0.07190700 0.29093800 0.03407200
v -0.07431500 0.29561100 0.03756100
v -0.07739000 0.29081600 0.03471100
v -0.07817500 0.28918200 0.03397600
v -0.07258000 0.28435500 0.03808300
v -0.07103800 0.28552400 0.03464500
v -0.05823800 0.28420200 0.02239800
v -0.05866500 0.28840100 0.02127000
v -0.06703100 0.29447700 0.02032600
v -0.06551800 0.28877800 0.02027500
v -0.06616500 0.28533400 0.01844100
v -0.06291400 0.27953400 0.02126600
v 0.09173300 0.17006300 0.11126400
v 0.08876800 0.16021400 0.10917000
v 0.08462400 0.15976200 0.10791100
v 0.07786600 0.17887100 0.12121000
v 0.09051700 0.17320400 0.10878600
v 0.07690200 0.18091400 0.12067700
v 0.07500900 0.16795000 0.11843600
v 0.08456400 0.16598900 0.10451100
v 0.07335800 0.16644600 0.11791000
v 0.06335500 0.18814900 0.12954700
v 0.06160000 0.18963400 0.12915900
v 0.08616300 0.17505600 0.11142000
v 0.07306700 0.18210600 0.12166600
v 0.05893100 0.18996200 0.12920000
v 0.06273000 0.17726500 0.12838500
v 0.07254200 0.17304600 0.11683500
v 0.06016800 0.17638600 0.12800300
v 0.04679600 0.19642900 0.13406700
v 0.04475500 0.19845900 0.13351400
v 0.04345000 0.19831900 0.13359100
v 0.05930000 0.18226900 0.12569900
v 0.04430800 0.19103900 0.13141400
v 0.04741900 0.18545800 0.13414300
v 0.04441100 0.18564000 0.13377600
v 0.03017400 0.20533400 0.13664800
v 0.02739200 0.20700800 0.13600600
v 0.02699800 0.20595900 0.13549400
v 0.02752700 0.19775200 0.13423800
v 0.02680200 0.19370500 0.13616000
v 0.03077500 0.19275800 0.13670300
v 0.01311600 0.21377700 0.13624800
v 0.01023800 0.21601500 0.13512500
v 0.01107600 0.21480600 0.13594000
v 0.01127800 0.20613500 0.13380700
v 0.00980900 0.20106100 0.13596400
v 0.01367000 0.19922100 0.13720900
v -0.00409200 0.22160500 0.13434500
v -0.00750200 0.22387700 0.13343100
v -0.00565800 0.22174800 0.13386400
v -0.00553000 0.21289700 0.13197400
v -0.00742800 0.20869000 0.13491400
v -0.00288900 0.20690800 0.13579000
v -0.02152500 0.22878300 0.13210600
v -0.02452000 0.23252700 0.12981500
v -0.02177900 0.22974100 0.13103400
v -0.02126400 0.22116100 0.12921900
v -0.02496500 0.21614100 0.13308400
v -0.01922800 0.21488100 0.13387800
v -0.03832600 0.23558400 0.12670400
v -0.04245500 0.23830700 0.12478500
v -0.03776400 0.23592800 0.12488500
v -0.03830800 0.22553600 0.12422800
v -0.04161900 0.22383700 0.12760300
v -0.03534100 0.22230400 0.12929800
v -0.05495100 0.24011100 0.11847100
v -0.05871500 0.24283400 0.11485700
v -0.05329100 0.23996100 0.11602400
v -0.05327800 0.23163700 0.11556400
v -0.05801100 0.22709400 0.11825300
v -0.05099900 0.22905700 0.12268100
v -0.06978100 0.24447900 0.10710000
v -0.07333000 0.24670700 0.10214600
v -0.06739600 0.24329000 0.10458500
v -0.06723200 0.23599900 0.10426600
v -0.07130300 0.23144000 0.10476600
v -0.06587200 0.23171500 0.11209300
v -0.08294400 0.24403100 0.09378800
v -0.08416200 0.25179100 0.08738500
v -0.07902300 0.24994200 0.09180500
v -0.07628500 0.24325400 0.09023100
v -0.08095200 0.23515600 0.08950700
v -0.07913900 0.23646500 0.09996000
v -0.08777700 0.24996600 0.07668800
v -0.08593800 0.25810700 0.06844900
v -0.08224000 0.25587300 0.07435600
v -0.08044300 0.24834200 0.07255800
v -0.08352700 0.24363000 0.07226300
v -0.08562500 0.24011700 0.08321600
v -0.08761300 0.25613900 0.05826400
v -0.08264100 0.26502500 0.05000500
v -0.08170100 0.26120500 0.05633800
v -0.07863300 0.25508100 0.05502100
v -0.08280000 0.25214100 0.05495300
v -0.08521400 0.24717600 0.06588500
v -0.08498500 0.25972600 0.03913700
v -0.08005800 0.26938400 0.03075200
v -0.07683400 0.26422900 0.03836900
v -0.07350200 0.25822800 0.03721100
v -0.07731200 0.25778300 0.03869600
v -0.08407400 0.25436800 0.04850000
v -0.07834500 0.26604300 0.02796100
v -0.07555400 0.26438300 0.02443900
v -0.07868800 0.25982600 0.03360200
v -0.06555300 0.26681900 0.02430600
v -0.06518200 0.26565300 0.02110500
v -0.06355000 0.26100000 0.02203900
v -0.06589900 0.25752800 0.02268300
v -0.07464600 0.24152900 0.01909800
v -0.08416900 0.23622100 0.03105600
v -0.07578900 0.24318700 0.02087200
v -0.06100100 0.24171400 0.01610300
v -0.07619900 0.23429300 0.02564900
v -0.06373300 0.23524800 0.01491400
v -0.08299500 0.22994700 0.03858500
v -0.08695300 0.23222500 0.04723000
v -0.07579300 0.24688600 0.02204200
v -0.05942400 0.23950500 0.01809500
v -0.07893900 0.22796300 0.04292600
v -0.07388100 0.23392800 0.02913000
v -0.07103300 0.23499600 0.02829800
v -0.08108300 0.21796800 0.05582300
v -0.08396800 0.22233500 0.05328400
v -0.08782700 0.22524900 0.06275000
v -0.08050000 0.24184400 0.03823700
v -0.07255200 0.23858900 0.02822200
v -0.08029300 0.22091500 0.05661600
v -0.07768700 0.22979200 0.04270400
v -0.07908500 0.23314700 0.04275200
v -0.08011500 0.21150600 0.07057300
v -0.08131100 0.20736800 0.06855600
v -0.08504000 0.21209600 0.06653600
v -0.08578400 0.21823000 0.07815500
v -0.08472600 0.23318600 0.05310600
v -0.08254200 0.21912400 0.07299700
v -0.08125600 0.22627000 0.05792800
v -0.07452200 0.21244900 0.08684800
v -0.07341300 0.20491400 0.08496500
v -0.07394100 0.20015300 0.08261100
v -0.07952400 0.20333300 0.08011900
v -0.07527000 0.21165600 0.09125700
v -0.08432400 0.22438800 0.06855100
v -0.08005000 0.21531400 0.08239800
v -0.06829300 0.20972800 0.09489900
v -0.06358000 0.20529800 0.09878300
v -0.06224800 0.19926700 0.09789000
v -0.06342900 0.19569400 0.09632800
v -0.06953000 0.19798100 0.09386900
v -0.06236700 0.20790700 0.10380700
v -0.04758800 0.20423700 0.11469900
v -0.05426700 0.20604900 0.10737500
v -0.04978200 0.20004800 0.10970900
v -0.04789900 0.19433900 0.10841500
v -0.04982500 0.18968200 0.10721800
v -0.05596700 0.19280800 0.10517500
v -0.04124500 0.18680000 0.11474400
v -0.03159300 0.19710000 0.12182700
v -0.03785600 0.20008600 0.11679600
v -0.03398400 0.19438200 0.11788100
v -0.03221500 0.18820300 0.11645300
v -0.03473900 0.18351700 0.11623000
v -0.01839500 0.17602200 0.12172800
v -0.02518300 0.18018300 0.12169200
v -0.01526800 0.18924300 0.12747000
v -0.02090500 0.19193700 0.12330100
v -0.01801600 0.18616300 0.12313000
v -0.01590200 0.18092100 0.12220000
v -0.00004400 0.17218800 0.12675500
v -0.00167600 0.16899400 0.12692000
v -0.00903300 0.17214600 0.12694700
v 0.00156900 0.18132800 0.13149500
v -0.00351500 0.18367300 0.12866400
v -0.00123600 0.17933800 0.12830000
v 0.01580800 0.17209100 0.13174200
v 0.01781100 0.16624400 0.12964100
v 0.01539600 0.16137500 0.12864900
v 0.00807900 0.16517300 0.13098800
v 0.01808900 0.17230000 0.13366200
v 0.01445700 0.17528700 0.13124400
v 0.03223200 0.16641800 0.13299800
v 0.03289200 0.16448200 0.13229500
v 0.03384800 0.15715600 0.12909500
v 0.03236100 0.15357600 0.12865500
v 0.02532400 0.15757100 0.13160200
v 0.03408700 0.16240600 0.13419100
v 0.05062500 0.15367400 0.13214600
v 0.04936600 0.15674200 0.13126300
v 0.04876500 0.15516300 0.13034100
v 0.04881900 0.14697700 0.12586900
v 0.04851300 0.14506400 0.12556500
v 0.04192800 0.14908100 0.13077000
v 0.05722700 0.13971700 0.12681400
v 0.06601800 0.14421500 0.12791600
v 0.06586500 0.14679800 0.12774900
v 0.06397500 0.14562000 0.12668800
v 0.06396000 0.13841900 0.12043700
v 0.06358100 0.13615200 0.12038100
v 0.07885900 0.12969000 0.11303100
v 0.07202300 0.13099000 0.12110600
v 0.08119200 0.13584800 0.12170600
v 0.08242100 0.13878300 0.12147600
v 0.07959200 0.13847400 0.12057300
v 0.07895500 0.13174300 0.11286300
v 0.06511600 0.10881200 0.11568900
v 0.06191700 0.10995500 0.11258600
v 0.07108400 0.11579600 0.11829000
v 0.05643400 0.11745100 0.12093300
v 0.05138600 0.11104400 0.11490700
v 0.07143800 0.11307700 0.11913700
v 0.06293800 0.11275400 0.11272000
v 0.06712400 0.11642900 0.11594700
v 0.05027100 0.11264500 0.11229600
v 0.05311500 0.11990700 0.11795800
v 0.05550900 0.11929400 0.11957600
v 0.03640500 0.12769600 0.12209800
v 0.03739100 0.12513900 0.12345100
v 0.03388000 0.11781800 0.11903700
v 0.04988500 0.11550600 0.11374700
v 0.03134500 0.11883800 0.11653000
v 0.03189600 0.12206100 0.11683500
v 0.03479400 0.12706300 0.12136400
v 0.01821000 0.13459100 0.12102600
v 0.01926900 0.13583700 0.12220100
v 0.02069700 0.13301400 0.12422600
v 0.01841200 0.12555900 0.12077500
v 0.01477700 0.12699400 0.11726800
v 0.01633600 0.12942900 0.11788500
v 0.00079400 0.13774800 0.11667900
v 0.00282600 0.14402600 0.12093900
v 0.00261500 0.14497400 0.12105900
v 0.00452400 0.14217000 0.12288500
v 0.00241400 0.13385400 0.11945800
v -0.00222500 0.13526600 0.11595400
v -0.01884600 0.14343500 0.11222800
v -0.01485100 0.14570400 0.11427700
v -0.01354600 0.15228900 0.11881000
v -0.01375500 0.15429400 0.11851400
v -0.01201900 0.15072300 0.12070100
v -0.01352200 0.14173200 0.11644700
v -0.02892500 0.14973600 0.11240100
v -0.03477200 0.15223400 0.10782300
v -0.02989400 0.15377100 0.11012300
v -0.02942500 0.16029100 0.11447600
v -0.03005100 0.16319900 0.11431500
v -0.02744000 0.16003600 0.11653000
v -0.04303900 0.16851400 0.11121700
v -0.04418900 0.15737300 0.10713800
v -0.05028400 0.15932400 0.10060400
v -0.04459000 0.16145200 0.10453000
v -0.04438400 0.16843600 0.10861300
v -0.04621200 0.17108200 0.10850200
v -0.06018800 0.17881300 0.09939400
v -0.05755000 0.17626900 0.10347300
v -0.05755600 0.16468100 0.09903000
v -0.06333000 0.16750900 0.09157200
v -0.05757900 0.16881000 0.09645700
v -0.05763800 0.17642600 0.10026400
v -0.06919600 0.18343400 0.08985100
v -0.07186700 0.18630200 0.08840900
v -0.06996900 0.18338100 0.09325300
v -0.06912400 0.17181100 0.08910200
v -0.07429000 0.17438900 0.08049000
v -0.06880900 0.17523200 0.08656900
v -0.07811800 0.18157700 0.07528900
v -0.07843900 0.19041200 0.07810600
v -0.08320500 0.19329400 0.07691100
v -0.08035600 0.19127500 0.08217300
v -0.07920600 0.17761000 0.07756300
v -0.08128000 0.18192700 0.06772400
v -0.08082900 0.18864500 0.06249900
v -0.08154400 0.19157200 0.05547600
v -0.08226600 0.19698700 0.06498200
v -0.08508900 0.20109100 0.06323600
v -0.08726000 0.19704600 0.06859500
v -0.08437000 0.18610100 0.06587000
v -0.08203500 0.20107200 0.04312500
v -0.07960900 0.19704100 0.05063900
v -0.08530500 0.19564300 0.05452500
v -0.08143200 0.20366000 0.05163000
v -0.08371700 0.20906800 0.05033700
v -0.08668800 0.20524200 0.05567300
v -0.08391300 0.20458600 0.04284500
v -0.08422400 0.21025200 0.03104700
v -0.07630600 0.20549700 0.03916400
v -0.08593900 0.21210700 0.04183900
v -0.07843100 0.21176700 0.03941500
v -0.08091500 0.21683300 0.03686900
v -0.08580300 0.21257600 0.02888100
v -0.07481100 0.21383400 0.02117600
v -0.06929300 0.21064400 0.02715700
v -0.07445900 0.22307700 0.02392100
v -0.07064400 0.21692000 0.02684600
v -0.07341900 0.21762900 0.02036900
v -0.06017700 0.21220600 0.01494900
v -0.05820200 0.21690500 0.01601800
v -0.06038800 0.21950700 0.01567000
v -0.06339700 0.16173400 -0.08472400
v -0.06138200 0.15193200 -0.07916300
v -0.05624600 0.15537400 -0.09149600
v -0.06919100 0.16804300 -0.07627600
v -0.06592600 0.15809000 -0.07118000
v -0.06485600 0.16181400 -0.08673300
v -0.07176200 0.16685100 -0.07836900
v -0.05493300 0.14656300 -0.08595000
v -0.05943300 0.14623900 -0.08904800
v -0.06614400 0.15240900 -0.08201400
v -0.04833700 0.14878500 -0.09644800
v -0.05751900 0.15551000 -0.09295900
v -0.07164800 0.17380400 -0.06525300
v -0.06895600 0.16339000 -0.06127300
v -0.07375100 0.17229400 -0.06723000
v -0.07009400 0.15889100 -0.07258100
v -0.06585600 0.15676300 -0.08427400
v -0.07143100 0.16244400 -0.07590400
v -0.07425400 0.16891100 -0.06622400
v -0.04858700 0.13966600 -0.09030500
v -0.05102700 0.14088100 -0.09427700
v -0.05127400 0.14533100 -0.09669600
v -0.05928000 0.15113700 -0.09174100
v -0.03945500 0.14372600 -0.10152600
v -0.04932200 0.15002300 -0.09880700
v -0.06856200 0.16908000 -0.05111900
v -0.07194100 0.17931200 -0.05367100
v -0.07484100 0.17730900 -0.05581800
v -0.07157500 0.16396900 -0.06114400
v -0.07416600 0.17342500 -0.05445100
v -0.07159800 0.16985100 -0.05018600
v -0.04134100 0.13387600 -0.09520800
v -0.04231800 0.13513400 -0.09783100
v -0.04278300 0.14035000 -0.10164400
v -0.04093300 0.14432200 -0.10395800
v -0.03265600 0.12972600 -0.09922700
v -0.03040500 0.13838000 -0.10546200
v -0.06817600 0.17495800 -0.04109300
v -0.07055900 0.18517000 -0.04249200
v -0.07372200 0.18375400 -0.04509200
v -0.07491800 0.17997100 -0.04460100
v -0.06974900 0.17479500 -0.03892100
v -0.03365000 0.13036700 -0.10285300
v -0.03463800 0.13382800 -0.10437300
v -0.03205800 0.13855900 -0.10746000
v -0.02508000 0.12365600 -0.10364800
v -0.02508900 0.12326000 -0.10153600
v -0.02133100 0.13208700 -0.10646600
v -0.06718200 0.18189800 -0.02936600
v -0.06681800 0.19156600 -0.03245400
v -0.07023600 0.18968200 -0.03474600
v -0.07121500 0.18429600 -0.03346400
v -0.02606000 0.12756300 -0.10548300
v -0.02281200 0.13276300 -0.10907800
v -0.01720600 0.12163800 -0.10586600
v -0.01631700 0.11730100 -0.10359600
v -0.01635100 0.11814400 -0.10217900
v -0.01192600 0.12651200 -0.10811100
v -0.05909900 0.18527700 -0.02155000
v -0.05811100 0.19454800 -0.02497600
v -0.06327800 0.19367700 -0.02567500
v -0.06515800 0.18955000 -0.02494000
v -0.01340100 0.12716100 -0.11021900
v -0.00378300 0.12185300 -0.10992200
v -0.00792100 0.11641300 -0.10662800
v -0.00699900 0.11167600 -0.10368700
v -0.00786300 0.11267700 -0.10277900
v -0.00234300 0.12110200 -0.10687500
v -0.05138000 0.18584300 -0.01243300
v -0.04933900 0.19096200 -0.02015800
v -0.05392000 0.19539100 -0.01906200
v -0.05826700 0.18939600 -0.01617300
v 0.00358500 0.11415500 -0.10779300
v 0.00530900 0.11436400 -0.10405100
v 0.00146900 0.11141700 -0.10602900
v 0.00322500 0.10972700 -0.10379700
v 0.00165100 0.10977500 -0.10038300
v -0.08203500 0.20107200 -0.04312500
v -0.07630600 0.20549700 -0.03916400
v -0.08379400 0.21282000 -0.03066900
v -0.08437000 0.18610100 -0.06587000
v -0.08154400 0.19157200 -0.05547600
v -0.08530500 0.19564300 -0.05452500
v -0.07960900 0.19704100 -0.05063900
v -0.06929300 0.21064400 -0.02715700
v -0.07843100 0.21176700 -0.03941500
v -0.07064400 0.21692000 -0.02684600
v -0.07481100 0.21383400 -0.02117600
v -0.08518700 0.20590700 -0.04395400
v -0.08593900 0.21210700 -0.04183900
v -0.07445900 0.22307700 -0.02392100
v -0.08091500 0.21683300 -0.03686900
v -0.07341900 0.21762900 -0.02036900
v -0.08035600 0.19127500 -0.08217300
v -0.07920600 0.17761000 -0.07756300
v -0.08726000 0.19704600 -0.06859500
v -0.07995300 0.18428400 -0.06873500
v -0.08082900 0.18864500 -0.06249900
v -0.08668800 0.20524200 -0.05567300
v -0.08143200 0.20366000 -0.05163000
v -0.06017700 0.21220600 -0.01494900
v -0.05820200 0.21690500 -0.01601800
v -0.06038800 0.21950700 -0.01567000
v -0.08371700 0.20906800 -0.05033700
v -0.08320500 0.19329400 -0.07691100
v -0.07186700 0.18630200 -0.08840900
v -0.06996900 0.18338100 -0.09325300
v -0.07170800 0.17644300 -0.08098200
v -0.06912400 0.17181100 -0.08910200
v -0.08508900 0.20109100 -0.06323600
v -0.07811800 0.18157700 -0.07528900
v -0.08226600 0.19698700 -0.06498200
v -0.06919600 0.18343400 -0.08985100
v -0.07843900 0.19041200 -0.07810600
v -0.05763800 0.17642600 -0.10026400
v -0.06018800 0.17881300 -0.09939400
v -0.05755000 0.17626900 -0.10347300
v -0.06333000 0.16750900 -0.09157200
v -0.06880900 0.17523200 -0.08656900
v -0.05755600 0.16468100 -0.09903000
v -0.05757900 0.16881000 -0.09645700
v -0.04459000 0.16145200 -0.10453000
v -0.04438400 0.16843600 -0.10861300
v -0.04621200 0.17108200 -0.10850200
v -0.04303900 0.16851400 -0.11121700
v -0.04418900 0.15737300 -0.10713800
v -0.05028400 0.15932400 -0.10060400
v -0.03477200 0.15223400 -0.10782300
v -0.02989400 0.15377100 -0.11012300
v -0.02942500 0.16029100 -0.11447600
v -0.03005100 0.16319900 -0.11431500
v -0.02744000 0.16003600 -0.11653000
v -0.02892500 0.14973600 -0.11240100
v -0.01352200 0.14173200 -0.11644700
v -0.01884600 0.14343500 -0.11222800
v -0.01485100 0.14570400 -0.11427700
v -0.01354600 0.15228900 -0.11881000
v -0.01375500 0.15429400 -0.11851400
v -0.01201900 0.15072300 -0.12070100
v 0.00452400 0.14217000 -0.12288500
v 0.00241400 0.13385400 -0.11945800
v -0.00222500 0.13526600 -0.11595400
v 0.00079400 0.13774800 -0.11667900
v 0.00282600 0.14402600 -0.12093900
v 0.00261500 0.14497400 -0.12105900
v 0.01926900 0.13583700 -0.12220100
v 0.02069700 0.13301400 -0.12422600
v 0.01841200 0.12555900 -0.12077500
v 0.01477700 0.12699400 -0.11726800
v 0.01633600 0.12942900 -0.11788500
v 0.01821000 0.13459100 -0.12102600
v 0.03479400 0.12706300 -0.12136400
v 0.03640500 0.12769600 -0.12209800
v 0.03739100 0.12513900 -0.12345100
v 0.03388000 0.11781800 -0.11903700
v 0.03134500 0.11883800 -0.11653000
v 0.03189600 0.12206100 -0.11683500
v 0.04988500 0.11550600 -0.11374700
v 0.05311500 0.11990700 -0.11795800
v 0.05550900 0.11929400 -0.11957600
v 0.05643400 0.11745100 -0.12093300
v 0.05138600 0.11104400 -0.11490700
v 0.05027100 0.11264500 -0.11229600
v 0.06562300 0.10968500 -0.11009500
v 0.06426500 0.11257700 -0.11185500
v 0.06791600 0.11577900 -0.11649300
v 0.07143500 0.11569100 -0.11788100
v 0.07143800 0.11307700 -0.11913700
v 0.06637400 0.10815700 -0.11338500
v 0.00146900 0.11141700 0.10602900
v 0.00322500 0.10972700 0.10379700
v 0.00358500 0.11415500 0.10779300
v -0.00378300 0.12185300 0.10992200
v -0.00792100 0.11641300 0.10662800
v 0.00530900 0.11436400 0.10405100
v 0.00165100 0.10977500 0.10038300
v -0.00699900 0.11167600 0.10368700
v -0.00234300 0.12110200 0.10687500
v -0.01192600 0.12651200 0.10811100
v -0.01340100 0.12716100 0.11021900
v -0.01720600 0.12163800 0.10586600
v -0.00786300 0.11267700 0.10277900
v -0.01631700 0.11730100 0.10359600
v -0.02133100 0.13208700 0.10646600
v -0.01635100 0.11814400 0.10217900
v -0.02281200 0.13276300 0.10907800
v -0.02606000 0.12756300 0.10548300
v -0.02508000 0.12365600 0.10364800
v -0.03040500 0.13838000 0.10546200
v -0.02508900 0.12326000 0.10153600
v -0.03205800 0.13855900 0.10746000
v -0.03463800 0.13382800 0.10437300
v -0.03365000 0.13036700 0.10285300
v -0.03945500 0.14372600 0.10152600
v -0.03265600 0.12972600 0.09922700
v -0.04093300 0.14432200 0.10395800
v -0.04278300 0.14035000 0.10164400
v -0.04231800 0.13513400 0.09783100
v -0.04833700 0.14878500 0.09644800
v -0.04134100 0.13387600 0.09520800
v -0.04932200 0.15002300 0.09880700
v -0.05127400 0.14533100 0.09669600
v -0.05102700 0.14088100 0.09427700
v -0.05624600 0.15537400 0.09149600
v -0.05493300 0.14656300 0.08595000
v -0.04858700 0.13966600 0.09030500
v -0.05751900 0.15551000 0.09295900
v -0.05928000 0.15113700 0.09174100
v -0.05943300 0.14623900 0.08904800
v -0.06339700 0.16173400 0.08472400
v -0.06138200 0.15193200 0.07916300
v -0.06614400 0.15240900 0.08201400
v -0.06485600 0.16181400 0.08673300
v -0.06585600 0.15676300 0.08427400
v -0.06919100 0.16804300 0.07627600
v -0.06592600 0.15809000 0.07118000
v -0.07009400 0.15889100 0.07258100
v -0.07143100 0.16244400 0.07590400
v -0.07176200 0.16685100 0.07836900
v -0.07164800 0.17380400 0.06525300
v -0.06895600 0.16339000 0.06127300
v -0.07157500 0.16396900 0.06114400
v -0.07425400 0.16891100 0.06622400
v -0.07375100 0.17229400 0.06723000
v -0.07194100 0.17931200 0.05367100
v -0.06856200 0.16908000 0.05111900
v -0.06817600 0.17495800 0.04109300
v -0.07159800 0.16985100 0.05018600
v -0.07416600 0.17342500 0.05445100
v -0.07484100 0.17730900 0.05581800
v -0.07055900 0.18517000 0.04249200
v -0.06974900 0.17479500 0.03892100
v -0.06718200 0.18189800 0.02936600
v -0.06389800 0.18059000 0.03220500
v -0.07491800 0.17997100 0.04460100
v -0.07372200 0.18375400 0.04509200
v -0.06681800 0.19156600 0.03245400
v -0.07121500 0.18429600 0.03346400
v -0.06515800 0.18955000 0.02494000
v -0.05909900 0.18527700 0.02155000
v -0.05751300 0.18471700 0.02427200
v -0.07023600 0.18968200 0.03474600
v -0.05811100 0.19454800 0.02497600
v -0.06327800 0.19367700 0.02567500
v -0.05826700 0.18939600 0.01617300
v -0.05392000 0.19539100 0.01906200
v -0.05138000 0.18584300 0.01243300
v -0.04863700 0.18690800 0.01895300
v -0.04933900 0.19096200 0.02015800
v -0.05658900 0.19463300 0.02265700
v -0.07556300 0.35711900 -0.06455600
v -0.07733000 0.35628500 -0.04978400
v -0.07347800 0.35901900 -0.04719500
v -0.06984200 0.34624200 -0.08046900
v -0.07359500 0.35020000 -0.07976600
v -0.07333800 0.35211900 -0.06478700
v -0.07980400 0.35103300 -0.06741400
v -0.07844000 0.35221200 -0.04980100
v -0.07037800 0.35198600 -0.03617700
v -0.07026200 0.35711700 -0.03793900
v -0.06852400 0.35876000 -0.03779900
v -0.07001400 0.35513900 -0.04809700
v -0.06462000 0.33342000 -0.09778200
v -0.06114500 0.34101600 -0.09425800
v -0.07313400 0.34155900 -0.08501700
v -0.06524000 0.34301100 -0.09414600
v -0.07422500 0.34685500 -0.08386800
v -0.07419400 0.34737900 -0.06819400
v -0.08026100 0.34646100 -0.06596400
v -0.06706300 0.34840200 -0.03585500
v -0.07580800 0.35153500 -0.04818900
v -0.05929400 0.34325000 -0.01956500
v -0.06261100 0.34682900 -0.01996400
v -0.06299800 0.35082400 -0.02214500
v -0.06268100 0.35173800 -0.03352400
v -0.05778800 0.35641400 -0.02361000
v -0.07285400 0.35078100 -0.05070300
v -0.05684800 0.32561500 -0.10782400
v -0.05292200 0.32583600 -0.10788100
v -0.06897100 0.33396000 -0.09685600
v -0.05028100 0.33265500 -0.10433300
v -0.07657500 0.34196600 -0.08203300
v -0.05349400 0.33615800 -0.10566900
v -0.06448100 0.34018300 -0.09744100
v -0.07662400 0.34213700 -0.08446400
v -0.06565500 0.34878300 -0.03479700
v -0.05703500 0.34482100 -0.02004100
v -0.05323900 0.34890100 -0.02072800
v -0.04039600 0.32052800 -0.11777300
v -0.04264400 0.31853800 -0.11690900
v -0.05485400 0.32716200 -0.10924900
v -0.03982800 0.31812100 -0.11594600
v -0.06699400 0.33458900 -0.09791300
v -0.03659000 0.32670200 -0.11200000
v -0.03977600 0.32933800 -0.11454200
v -0.05165400 0.33386500 -0.10822100
v -0.02466500 0.31988800 -0.12386900
v -0.02434800 0.31489400 -0.12333200
v -0.03810500 0.32639300 -0.11663900
v -0.02669600 0.31172300 -0.12153300
v -0.02375600 0.31441500 -0.11936800
v -0.02196600 0.32083400 -0.11730500
v -0.02413100 0.32338500 -0.11990800
v -0.00818900 0.31725200 -0.12345800
v -0.00642800 0.31477000 -0.12594800
v -0.00788100 0.30883900 -0.12669100
v -0.01006000 0.30591800 -0.12473200
v -0.00811900 0.30875500 -0.12154000
v -0.00625200 0.31598600 -0.11983900
v 0.00996800 0.31254300 -0.11875300
v 0.00878500 0.31408300 -0.12085300
v 0.01063900 0.31162400 -0.12408600
v 0.00914400 0.30353800 -0.12594700
v 0.00730700 0.30143400 -0.12537300
v 0.00760700 0.30261500 -0.12174800
v 0.02337200 0.29860800 -0.11720100
v 0.02554400 0.31002700 -0.11390100
v 0.02507500 0.30980500 -0.11608200
v 0.02681800 0.30693200 -0.11858300
v 0.02546900 0.29801600 -0.12112100
v 0.02435000 0.29692300 -0.12192300
v 0.04015100 0.29414400 -0.11351100
v 0.03815700 0.29548600 -0.10923100
v 0.03993700 0.30591400 -0.10639400
v 0.04028300 0.30532700 -0.10829300
v 0.04215300 0.30291200 -0.11058700
v 0.04133600 0.29597300 -0.11282800
v 0.05380200 0.29083700 -0.10066000
v 0.05202500 0.28857100 -0.10062100
v 0.05085200 0.29060200 -0.09852600
v 0.05283900 0.30203100 -0.09610800
v 0.05297100 0.30110000 -0.09632800
v 0.05472900 0.29887200 -0.09835300
v 0.06261100 0.29260000 -0.08339200
v 0.06165700 0.28386800 -0.08530800
v 0.06062600 0.28192800 -0.08544400
v 0.05895300 0.28430000 -0.08434900
v 0.06023300 0.29571300 -0.08207700
v 0.06114800 0.29579600 -0.08122200
v 0.06426900 0.29025800 -0.06393500
v 0.06801400 0.28843100 -0.06637600
v 0.06875100 0.27978500 -0.06855700
v 0.06777100 0.27690600 -0.06878000
v 0.06362000 0.27885000 -0.06804300
v 0.06335500 0.29049100 -0.06575100
v -0.03767700 0.16913700 0.02153900
v -0.05050100 0.16193200 0.01871600
v -0.05165900 0.16582900 0.02098200
v -0.03902200 0.17227600 0.02117600
v -0.04004600 0.16163800 0.01855100
v -0.04113800 0.16572900 0.02782700
v -0.04274900 0.16990600 0.02810400
v -0.05063200 0.15839200 0.02561000
v -0.04536000 0.15834700 0.02303700
v -0.05166800 0.16221000 0.02838000
v -0.04527800 0.16343000 0.03407500
v -0.04739400 0.16582500 0.03432400
v -0.05378200 0.15884800 0.03566000
v -0.05258900 0.15535500 0.03272100
v -0.04776800 0.15591500 0.03035200
v -0.04687600 0.15920700 0.04072900
v -0.05085300 0.16148200 0.04118800
v -0.05409600 0.15391200 0.04227600
v -0.05332200 0.15101900 0.03920500
v -0.05079300 0.15254000 0.03680900
v -0.04761700 0.15429400 0.04684300
v -0.05088300 0.15568700 0.04746000
v -0.05325400 0.14903700 0.04887000
v -0.05285700 0.14677600 0.04593400
v -0.05124700 0.14848900 0.04370500
v -0.05060600 0.15010600 0.05415100
v -0.04790000 0.15020300 0.05369900
v -0.05183000 0.14442000 0.05556500
v -0.05313800 0.14189700 0.05214400
v -0.05224800 0.14331600 0.04950900
v -0.04881800 0.13903600 0.06103900
v -0.04846200 0.14537100 0.06129600
v -0.04647900 0.14504900 0.05957300
v -0.05048800 0.13697400 0.05780100
v -0.05031900 0.13830300 0.05533600
v -0.04765100 0.13182900 0.06311900
v -0.04436800 0.13477600 0.06658500
v -0.04467200 0.13945600 0.06657600
v -0.04431400 0.13969800 0.06508600
v -0.04774100 0.13336300 0.06094200
v -0.04346800 0.12845800 0.06542100
v -0.04344500 0.12703500 0.06787700
v -0.04004000 0.12970600 0.07152600
v -0.04040200 0.13375400 0.07169900
v -0.04073200 0.13456200 0.06972000
v -0.03665300 0.12843200 0.07272500
v -0.03898000 0.12402300 0.07003500
v -0.03819000 0.12414200 0.07289900
v -0.03671000 0.12619800 0.07424200
v -0.03600000 0.12649200 0.07359800
v 0.00543000 0.37748500 0.03788700
v 0.01611100 0.37116200 0.04768500
v 0.02009800 0.36635100 0.04146400
v 0.00061400 0.37551400 0.03833300
v 0.00848000 0.37455400 0.03401100
v -0.00196400 0.37885800 0.04206100
v 0.00157500 0.38036900 0.04124800
v 0.01248200 0.37569400 0.05425000
v 0.01421000 0.36725200 0.04898800
v 0.01698300 0.36297200 0.04244700
v 0.00344300 0.37234300 0.03466400
v 0.01165300 0.37240600 0.05498000
v 0.00793800 0.37733000 0.06081000
v -0.00562700 0.38220500 0.04484000
v -0.00282000 0.38340600 0.04405500
v 0.00941500 0.38010100 0.06109700
v 0.00388900 0.38534500 0.06607900
v 0.00327500 0.38299000 0.06542600
v -0.01049200 0.38537600 0.04698500
v -0.00715400 0.38668800 0.04663100
v -0.01116000 0.38993900 0.04955800
v -0.00320400 0.39122900 0.06871300
v -0.00333900 0.38861100 0.06820700
v -0.01420800 0.38891100 0.04966200
v -0.01548000 0.39376400 0.05178600
v -0.01428200 0.39416200 0.05210400
v -0.01120400 0.39689600 0.06840400
v -0.01177900 0.39333000 0.06886900
v -0.02030700 0.39760100 0.06672700
v -0.02029400 0.39699800 0.05354600
v -0.01858000 0.39812400 0.05272900
v -0.01953900 0.40184800 0.06601800
v -0.02791900 0.40622200 0.06274500
v -0.02776100 0.40259700 0.06384000
v -0.02672400 0.39928000 0.05385200
v -0.02413500 0.40134200 0.05158500
v -0.02956100 0.40336800 0.04915800
v -0.03533600 0.41038500 0.05800400
v -0.03532600 0.40688300 0.05995200
v -0.03147400 0.40190900 0.05127200
v -0.03494700 0.40458500 0.04703100
v -0.03189000 0.40673200 0.04530200
v -0.04159100 0.41469000 0.05245500
v -0.04312400 0.40999500 0.05541900
v -0.04955100 0.41228700 0.04980300
v -0.03783700 0.40663500 0.04233500
v -0.03428400 0.40819600 0.04043800
v -0.04980600 0.41785000 0.04815200
v -0.05358100 0.41605200 0.04157200
v -0.05489700 0.41180100 0.04302300
v -0.03940800 0.40802800 0.03728300
v -0.03630900 0.40969800 0.03555800
v -0.03775300 0.40936300 0.03023700
v -0.04471400 0.41623100 0.03818000
v -0.04885200 0.41366900 0.03737600
v -0.03995700 0.40795300 0.03196200
v -0.04134800 0.40649000 0.02683500
v -0.03787600 0.40693700 0.02569200
v -0.04275400 0.41482600 0.02995500
v -0.04517000 0.41288200 0.03035200
v -0.04798200 0.40964000 0.02346300
v -0.04489800 0.40341000 0.02341700
v -0.03933200 0.40442700 0.02110300
v -0.04455200 0.41264200 0.02184200
v 0.03724300 0.33423800 0.05546500
v 0.04038900 0.33100000 0.04270700
v 0.04333200 0.32937100 0.04370100
v 0.03100400 0.33834100 0.06633200
v 0.03975500 0.33458300 0.05591900
v 0.03320800 0.34657000 0.05951100
v 0.03847300 0.34296200 0.05039300
v 0.04150200 0.33808300 0.04070000
v 0.04210200 0.33681300 0.04003800
v 0.02339200 0.34207900 0.07628900
v 0.03318100 0.33909700 0.06696800
v 0.02716900 0.35060200 0.06785000
v 0.03974800 0.34146700 0.05141700
v 0.02727200 0.35007700 0.07076800
v 0.03409600 0.34590000 0.06152600
v 0.01358100 0.34556100 0.08416200
v 0.02515300 0.34335200 0.07674300
v 0.01905500 0.35403000 0.07429700
v 0.01803700 0.35332200 0.07793900
v 0.01479600 0.34753000 0.08397600
v 0.00256500 0.34866600 0.09029200
v 0.01006600 0.35718900 0.07957700
v 0.00803500 0.35675300 0.08374900
v 0.00388700 0.35149100 0.09050100
v -0.00777800 0.35389800 0.09595900
v 0.00072100 0.36137700 0.08312700
v -0.00189300 0.36232700 0.08769400
v -0.00629300 0.35706900 0.09703500
v -0.01794200 0.36056800 0.09964400
v -0.00809700 0.36772300 0.08396100
v -0.01181100 0.36917000 0.08809400
v -0.01590900 0.36579200 0.09935400
v -0.02700000 0.36930500 0.09510200
v -0.01743800 0.37300700 0.08218900
v -0.02099300 0.37565300 0.08515300
v -0.02544600 0.37402100 0.09415800
v -0.03590400 0.37696400 0.08872300
v -0.02590500 0.37919500 0.07858800
v -0.03015100 0.38263200 0.08038900
v -0.03543600 0.38116900 0.08829600
v -0.04410900 0.38459400 0.08128600
v -0.03360400 0.38513500 0.07321500
v -0.03740300 0.38890500 0.07306800
v -0.04310600 0.38928900 0.08019100
v -0.04955200 0.39101300 0.07057800
v -0.03973800 0.39033200 0.06506100
v -0.04224000 0.39457100 0.06278700
v -0.04888900 0.39563600 0.06918000
v -0.05362800 0.39541200 0.05875900
v -0.04211400 0.39448900 0.05364000
v -0.04594500 0.40022600 0.05200000
v -0.05205800 0.40136600 0.05685400
v -0.05407000 0.39563500 0.04598400
v -0.04295000 0.39601600 0.04472900
v -0.04811100 0.40102500 0.04167200
v -0.05507400 0.40170600 0.04436200
v -0.04969500 0.39105700 0.03473000
v -0.04203500 0.39501500 0.03403300
v -0.04579600 0.39670900 0.03347700
v -0.05166100 0.39694100 0.03595700
v -0.04793800 0.38753800 0.02314800
v -0.04026000 0.39213800 0.02414900
v -0.04229000 0.39391900 0.02807500
v -0.04291000 0.39124700 0.02267500
v -0.04760500 0.39097200 0.02417600
v 0.05382600 0.31933400 0.06704700
v 0.05384900 0.31048400 0.06931500
v 0.05958800 0.30677900 0.05377100
v 0.05384000 0.32023000 0.06565400
v 0.05854500 0.31544900 0.05135700
v 0.04714900 0.32509400 0.07875900
v 0.04719800 0.32321000 0.08175800
v 0.04602100 0.31622600 0.08286500
v 0.05177300 0.30683200 0.06910100
v 0.05650200 0.30379100 0.05281900
v 0.05496700 0.30666800 0.05350000
v 0.05293200 0.31554600 0.05132400
v 0.05073400 0.31907200 0.06615100
v 0.05545400 0.31682700 0.05013600
v 0.04443600 0.32384600 0.07917200
v 0.03432700 0.32776600 0.08927000
v 0.03794400 0.33101200 0.08939000
v 0.03647200 0.32843600 0.09277700
v 0.03546500 0.32114400 0.09467000
v 0.04353900 0.31196800 0.08285500
v 0.05102500 0.30932400 0.06956200
v 0.04331900 0.31470800 0.08303600
v 0.03310300 0.31998800 0.09456000
v 0.02102700 0.32421600 0.10427600
v 0.02277000 0.33270800 0.09697600
v 0.02615100 0.33507000 0.09785200
v 0.02397600 0.33303400 0.10166300
v 0.02284500 0.32406500 0.10473900
v 0.03336300 0.31797200 0.09472200
v 0.02098100 0.32161800 0.10511300
v 0.00720300 0.32593200 0.11288000
v 0.00740400 0.32696200 0.11205400
v 0.00986700 0.33550200 0.10260600
v 0.01280300 0.33790500 0.10385100
v 0.01024700 0.33673300 0.10885800
v 0.00937700 0.32841900 0.11256300
v -0.00475700 0.33520100 0.11585000
v -0.00739200 0.33216700 0.11566900
v -0.00725900 0.33134100 0.11465000
v -0.00341000 0.34009600 0.10564200
v -0.00071400 0.34181800 0.10853800
v -0.00425800 0.34140900 0.11264400
v -0.01870400 0.34680200 0.11019900
v -0.01978400 0.34003200 0.11360900
v -0.02220200 0.33828100 0.11331000
v -0.02203300 0.33654200 0.11362100
v -0.01701600 0.34368700 0.10493300
v -0.01450700 0.34699300 0.10748100
v -0.02777600 0.35205400 0.10316600
v -0.03289800 0.35203600 0.10567200
v -0.03378600 0.34639500 0.10876500
v -0.03625100 0.34508400 0.10843300
v -0.03559100 0.34236200 0.10810700
v -0.02972100 0.34959000 0.10142700
v -0.04073000 0.35701300 0.09517900
v -0.03977900 0.35834400 0.09668100
v -0.04483000 0.35920000 0.09761800
v -0.04634200 0.35317600 0.10093100
v -0.04783700 0.35332400 0.09976000
v -0.04781300 0.34977100 0.10088500
v -0.05846000 0.35733900 0.09138000
v -0.05033000 0.36426800 0.08639100
v -0.04971800 0.36616700 0.08825000
v -0.05483000 0.36646400 0.08703600
v -0.05654800 0.36182200 0.09135300
v -0.05968600 0.35962100 0.09007000
v -0.06681700 0.36549700 0.07969000
v -0.06779700 0.36682000 0.07695100
v -0.05796900 0.36987000 0.07461000
v -0.05779100 0.37232900 0.07649100
v -0.06337700 0.37382900 0.07518300
v -0.06578100 0.36897500 0.07950700
v -0.07035500 0.37272800 0.06094800
v -0.06703200 0.37155500 0.06433400
v -0.06913200 0.37527500 0.06398500
v -0.06201200 0.37377100 0.06027100
v -0.06172400 0.37788500 0.06239400
v -0.06604400 0.37981300 0.06034200
v -0.06746000 0.38017600 0.04754500
v -0.06801400 0.37993600 0.04562700
v -0.06397100 0.37349100 0.04841100
v -0.06482100 0.38312200 0.04580700
v -0.05984200 0.37649200 0.04539800
v -0.06069800 0.38233600 0.04715000
v -0.05866400 0.38011300 0.03608000
v -0.06078600 0.37823400 0.03568800
v -0.06283300 0.37320800 0.03506300
v -0.05817700 0.37090300 0.03299900
v -0.05524500 0.38013700 0.03290500
v -0.05399400 0.37385400 0.03148400
v -0.04796300 0.37453800 0.02075200
v -0.05226400 0.37438000 0.02214200
v -0.05361000 0.37284500 0.02134600
v -0.05605300 0.36793800 0.02017600
v -0.05083200 0.36509500 0.01950400
v -0.04372200 0.36959500 0.02227000
v 0.06477800 0.27018000 0.09584100
v 0.06528200 0.26215300 0.09721900
v 0.07546600 0.25630300 0.08308000
v 0.06401700 0.27297100 0.09397600
v 0.07506300 0.26489000 0.08181600
v 0.05439700 0.27858600 0.10768400
v 0.05463200 0.27570400 0.10993900
v 0.05449300 0.26781200 0.11094000
v 0.06311900 0.25894100 0.09610000
v 0.07272200 0.25278500 0.08154700
v 0.07046200 0.25638600 0.08140200
v 0.07029000 0.26621100 0.07935600
v 0.07356700 0.26701900 0.08022700
v 0.06162500 0.27209200 0.09293700
v 0.05161600 0.27624100 0.10610800
v 0.03963900 0.28248400 0.11601800
v 0.04160900 0.28440400 0.11768500
v 0.04112500 0.28036500 0.12033100
v 0.04038600 0.27302900 0.12061300
v 0.05251100 0.26530200 0.10953300
v 0.06244200 0.26269400 0.09551500
v 0.05180700 0.26845700 0.10778100
v 0.03898000 0.27360000 0.11741400
v 0.02482600 0.27930100 0.12416400
v 0.02564500 0.28743700 0.12289600
v 0.02692300 0.28928300 0.12476600
v 0.02620400 0.28506300 0.12828500
v 0.02510100 0.27769500 0.12842200
v 0.03914400 0.27156000 0.11968600
v 0.02374600 0.27618100 0.12708500
v 0.00727900 0.28130200 0.13008400
v 0.00961700 0.28458900 0.12776800
v 0.01071700 0.29281100 0.12631500
v 0.01153800 0.29333700 0.12945500
v 0.00975100 0.28920400 0.13164900
v 0.00879700 0.28334100 0.13114000
v -0.00826000 0.28676600 0.13065900
v -0.00933100 0.28649200 0.12895200
v -0.00626600 0.28881600 0.12797300
v -0.00481400 0.29718900 0.12684300
v -0.00458200 0.29773300 0.12923400
v -0.00638800 0.29507800 0.13151900
v -0.02238800 0.30048500 0.12795300
v -0.02380100 0.29415100 0.12679200
v -0.02563100 0.29129800 0.12484000
v -0.02161600 0.29355500 0.12440300
v -0.02003500 0.30177100 0.12388500
v -0.02061500 0.30229000 0.12741800
v -0.03556800 0.30762400 0.12159600
v -0.03792100 0.30532900 0.12183700
v -0.03909700 0.29741700 0.12006200
v -0.04073100 0.29705300 0.11784600
v -0.03530900 0.29941600 0.11769900
v -0.03460100 0.30630200 0.11818400
v -0.04770000 0.31244600 0.11028500
v -0.04964600 0.31240500 0.11314500
v -0.05202600 0.31065300 0.11281700
v -0.05331900 0.30431100 0.11208700
v -0.05522800 0.30188700 0.10872500
v -0.04838100 0.30504200 0.10880700
v -0.06108400 0.30967200 0.09890700
v -0.05985600 0.31719500 0.10003500
v -0.06272200 0.31721900 0.10305600
v -0.06505400 0.31574700 0.10197600
v -0.06647200 0.30831000 0.10060500
v -0.06771400 0.30643400 0.09663800
v -0.07733900 0.31077700 0.08170900
v -0.07025500 0.31468700 0.08549800
v -0.07002200 0.32168700 0.08741100
v -0.07187400 0.32107300 0.08864300
v -0.07513500 0.32007800 0.08757700
v -0.07703600 0.31352600 0.08693600
v -0.08162500 0.31760200 0.06957900
v -0.07849000 0.31700400 0.06459400
v -0.07482200 0.31802500 0.06897900
v -0.07451600 0.32586800 0.07123000
v -0.07875700 0.32429000 0.07249600
v -0.07871400 0.32486700 0.07040700
v -0.07762600 0.32940800 0.05222200
v -0.07946000 0.32448400 0.05202300
v -0.07702300 0.32321200 0.04687000
v -0.07296600 0.32195700 0.05176200
v -0.07337200 0.32928900 0.05418000
v -0.07652400 0.33011100 0.05563300
v -0.06934700 0.33294800 0.03968300
v -0.07091800 0.33308800 0.03834300
v -0.07326600 0.32916200 0.03783500
v -0.07341200 0.32938600 0.03474400
v -0.06538000 0.32342300 0.03604600
v -0.06727800 0.33102100 0.03810800
v -0.05586900 0.33219700 0.02565800
v -0.05872200 0.33310900 0.02553400
v -0.06049400 0.33116000 0.02341500
v -0.06163500 0.32729900 0.02362700
v -0.06085100 0.32087900 0.01978100
v -0.05585600 0.32028700 0.02200100
v 0.07191800 0.23946200 0.10992300
v 0.07159600 0.22784800 0.10851300
v 0.08360400 0.22553800 0.09324800
v 0.07140600 0.24212100 0.10821900
v 0.08254200 0.23592100 0.09478300
v 0.05735100 0.24622200 0.11708900
v 0.05704800 0.24471500 0.11866600
v 0.05778500 0.23400800 0.12008900
v 0.06907500 0.22401200 0.10474400
v 0.07826900 0.22175900 0.08804200
v 0.07888300 0.22651600 0.08927200
v 0.07956700 0.23841100 0.09252000
v 0.08110600 0.23894100 0.09343600
v 0.07049000 0.24379200 0.10780200
v 0.05576300 0.24485500 0.11636800
v 0.04054500 0.24861900 0.12388400
v 0.04265400 0.24933700 0.12512400
v 0.04174900 0.24768700 0.12758400
v 0.04172400 0.23764700 0.12866200
v 0.05715800 0.23031000 0.11794000
v 0.06827700 0.22987000 0.10440000
v 0.05769400 0.23951600 0.11418000
v 0.04272800 0.24490200 0.12212800
v 0.02755600 0.25109900 0.12872900
v 0.02547800 0.25452700 0.12983900
v 0.02774900 0.25489700 0.13102400
v 0.02601300 0.25386300 0.13323400
v 0.02534700 0.24417600 0.13445600
v 0.04170500 0.23445900 0.12689800
v 0.02603300 0.24190300 0.13253800
v 0.01019100 0.25009100 0.13638100
v 0.01185300 0.25832500 0.13163600
v 0.00983600 0.26096700 0.13220200
v 0.01260100 0.26178800 0.13354700
v 0.01019700 0.26144300 0.13618400
v 0.00870700 0.25145800 0.13789100
v -0.00797500 0.25903700 0.13659500
v -0.00616100 0.25762300 0.13604700
v -0.00397500 0.26566400 0.13095900
v -0.00536200 0.26920800 0.13129900
v -0.00252600 0.26938400 0.13389300
v -0.00577000 0.26936800 0.13547300
v -0.02182300 0.27628400 0.13199300
v -0.02424100 0.26746500 0.13331200
v -0.02251100 0.26457200 0.13186700
v -0.01984100 0.27228800 0.12755600
v -0.02050600 0.27679800 0.12744700
v -0.01765900 0.27642900 0.13088700
v -0.03310000 0.28152200 0.12618000
v -0.03727100 0.28224600 0.12516800
v -0.04064900 0.27246700 0.12616700
v -0.03882000 0.26984600 0.12563500
v -0.03600600 0.27538700 0.12189800
v -0.03563200 0.28297500 0.12147500
v -0.05006000 0.28776300 0.11262900
v -0.04701800 0.28748300 0.11780700
v -0.05221700 0.28735000 0.11646000
v -0.05585900 0.27876700 0.11692600
v -0.05395200 0.27572800 0.11670300
v -0.05072900 0.28036600 0.11311000
v -0.06430300 0.28639400 0.10277500
v -0.06345400 0.29317500 0.10223900
v -0.06068300 0.29244100 0.10833200
v -0.06593300 0.29283100 0.10581400
v -0.06989400 0.28320200 0.10454100
v -0.06757100 0.28130000 0.10502900
v -0.07916800 0.28400300 0.08985400
v -0.07604800 0.28904600 0.08942200
v -0.07355400 0.29490600 0.08731000
v -0.07126600 0.29671300 0.09508600
v -0.07838200 0.29382900 0.09233200
v -0.08127400 0.28712500 0.08921700
v -0.08315300 0.29296000 0.07035500
v -0.08177000 0.29037800 0.07211500
v -0.07940000 0.29406000 0.07199300
v -0.07806200 0.29912300 0.06972000
v -0.07695900 0.30063600 0.07827000
v -0.08181100 0.30082000 0.07526100
v -0.08080400 0.30545800 0.05609100
v -0.08106800 0.30064900 0.05135800
v -0.07901300 0.29989200 0.05514500
v -0.07630800 0.30007400 0.05390700
v -0.07608500 0.30752600 0.05289800
v -0.07615200 0.30756100 0.06094000
v -0.07319300 0.31318200 0.04375400
v -0.07475500 0.31016500 0.04009300
v -0.07290500 0.30310200 0.03944800
v -0.07116400 0.30132800 0.03856100
v -0.06974300 0.30153300 0.03618000
v -0.06954800 0.31037600 0.03547200
v -0.05826600 0.30651300 0.02315000
v -0.06571900 0.31572700 0.02729100
v -0.06597600 0.30855800 0.02282700
v -0.06498700 0.30300600 0.02021700
v -0.06164100 0.29917600 0.02212100
v -0.05913000 0.30281200 0.02152300
v -0.05292200 0.32583600 0.10788100
v -0.03982800 0.31812100 0.11594600
v -0.04264400 0.31853800 0.11690900
v -0.06462000 0.33342000 0.09778200
v -0.06114500 0.34101600 0.09425800
v -0.05684800 0.32561500 0.10782400
v -0.05028100 0.33265500 0.10433300
v -0.03659000 0.32670200 0.11200000
v -0.02375600 0.31441500 0.11936800
v -0.02669600 0.31172300 0.12153300
v -0.04039600 0.32052800 0.11777300
v -0.02434800 0.31489400 0.12333200
v -0.06798300 0.33427500 0.09738400
v -0.07313400 0.34155900 0.08501700
v -0.06984200 0.34624200 0.08046900
v -0.07359500 0.35020000 0.07976600
v -0.06524000 0.34301100 0.09414600
v -0.05349400 0.33615800 0.10566900
v -0.05485400 0.32716200 0.10924900
v -0.02196600 0.32083400 0.11730500
v -0.03977600 0.32933800 0.11454200
v -0.00811900 0.30875500 0.12154000
v -0.01006000 0.30591800 0.12473200
v -0.00788100 0.30883900 0.12669100
v -0.02466500 0.31988800 0.12386900
v -0.03810500 0.32639300 0.11663900
v -0.00642800 0.31477000 0.12594800
v -0.07662400 0.34213700 0.08446400
v -0.06448100 0.34018300 0.09744100
v -0.07657500 0.34196600 0.08203300
v -0.05165400 0.33386500 0.10822100
v -0.07419400 0.34737900 0.06819400
v -0.07333800 0.35211900 0.06478700
v -0.07556300 0.35711900 0.06455600
v -0.07422500 0.34685500 0.08386800
v -0.07980400 0.35103300 0.06741400
v -0.02413100 0.32338500 0.11990800
v -0.00625200 0.31598600 0.11983900
v 0.00760700 0.30261500 0.12174800
v 0.00730700 0.30143400 0.12537300
v 0.00914400 0.30353800 0.12594700
v 0.01063900 0.31162400 0.12408600
v -0.00818900 0.31725200 0.12345800
v 0.00878500 0.31408300 0.12085300
v -0.08026100 0.34646100 0.06596400
v -0.07285400 0.35078100 0.05070300
v -0.07001400 0.35513900 0.04809700
v -0.07361600 0.35923700 0.04786400
v -0.07733000 0.35628500 0.04978400
v -0.07844000 0.35221200 0.04980100
v 0.00996800 0.31254300 0.11875300
v 0.02337200 0.29860800 0.11720100
v 0.02435000 0.29692300 0.12192300
v 0.02546900 0.29801600 0.12112100
v 0.02681800 0.30693200 0.11858300
v 0.02507500 0.30980500 0.11608200
v 0.02554400 0.31002700 0.11390100
v -0.07434100 0.35042100 0.04912600
v -0.06268100 0.35173800 0.03352400
v -0.06565500 0.34878300 0.03479700
v -0.06852400 0.35876000 0.03779900
v -0.07026200 0.35711700 0.03793900
v -0.07037800 0.35198600 0.03617700
v 0.03815700 0.29548600 0.10923100
v 0.04015100 0.29414400 0.11351100
v 0.04133600 0.29597300 0.11282800
v 0.04215300 0.30291200 0.11058700
v 0.04028300 0.30532700 0.10829300
v 0.03993700 0.30591400 0.10639400
v -0.06706300 0.34840200 0.03585500
v -0.05778800 0.35641400 0.02361000
v -0.05323900 0.34890100 0.02072800
v -0.05703500 0.34482100 0.02004100
v -0.06299800 0.35082400 0.02214500
v -0.06261100 0.34682900 0.01996400
v -0.05929400 0.34325000 0.01956500
v 0.05085200 0.29060200 0.09852600
v 0.05202500 0.28857100 0.10062100
v 0.05380200 0.29083700 0.10066000
v 0.05472900 0.29887200 0.09835300
v 0.05290500 0.30156500 0.09621800
v 0.05930600 0.28249100 0.08492200
v 0.05872000 0.28350700 0.08387500
v 0.05788400 0.28469300 0.08332800
v 0.05891000 0.29017500 0.08217300
v 0.06071100 0.28459400 0.08487400
v 0.05982200 0.28346100 0.08485400
v 0.06118800 0.28896100 0.08391600
v 0.06074500 0.29460500 0.08214400
v 0.06165100 0.29297800 0.08276300
v 0.05983400 0.29595100 0.08107700
v 0.05955000 0.29588100 0.08103700
v 0.06658800 0.27641200 0.06922400
v 0.06491500 0.27878400 0.06812900
v 0.06619500 0.29019700 0.06585700
v 0.06761900 0.27835200 0.06908800
v 0.06857300 0.28708400 0.06717200
v 0.06676200 0.29033700 0.06593500
v 0.08224300 0.24293800 0.02591900
v 0.07799400 0.24535400 0.01442400
v 0.07692300 0.24171800 0.02786800
v 0.07980600 0.23943400 0.03944500
v 0.08571700 0.23986700 0.03759600
v 0.08587800 0.23440000 0.02434100
v 0.08263400 0.23695400 0.01394600
v 0.07515700 0.25438300 0.01941700
v 0.07139800 0.25212500 0.01730000
v 0.07325600 0.24329500 0.01651600
v 0.07978300 0.25188600 0.01246000
v 0.08304500 0.24287700 0.01174800
v 0.08151100 0.23305700 0.02662900
v 0.08429300 0.22893100 0.03618500
v 0.08657700 0.22159800 0.04354900
v 0.08127400 0.23603200 0.05107500
v 0.08857100 0.22938400 0.03407600
v 0.08651400 0.23667400 0.04972000
v 0.07757900 0.23611300 0.01706600
v 0.08457200 0.23585100 0.01039400
v 0.08230600 0.23485300 0.01351200
v 0.08509000 0.23097900 0.00983600
v 0.07380300 0.26741900 0.01769700
v 0.07619600 0.26382700 0.02756500
v 0.07780400 0.26380400 0.01101000
v 0.07571200 0.25218300 0.02993900
v 0.06789200 0.26613300 0.01758200
v 0.07127000 0.26067900 0.00994600
v 0.07378000 0.24901500 0.01148200
v 0.07026600 0.25050800 0.02748000
v 0.07721900 0.24009000 0.01079900
v 0.07967400 0.25304400 -0.00004100
v 0.08186900 0.24737100 -0.00004200
v 0.08275400 0.24212700 -0.00004200
v 0.09124600 0.22310100 0.04251700
v 0.09409400 0.21340300 0.04735300
v 0.09007800 0.21208500 0.04694400
v 0.08718900 0.22297900 0.05399400
v 0.09045800 0.21153300 0.05520100
v 0.08295800 0.23539300 0.06087500
v 0.08495400 0.22585000 0.05691300
v 0.09190100 0.22367400 0.05445700
v 0.08784200 0.23458700 0.06008700
v 0.07820100 0.23321300 0.01069400
v 0.08350000 0.23782000 -0.00004200
v 0.08475700 0.21732700 0.00642100
v 0.08686300 0.22665100 0.02249200
v 0.08048900 0.22643600 0.02225000
v 0.08511600 0.22615000 0.00812000
v 0.08492900 0.23307000 -0.00004300
v 0.07241200 0.27350000 0.01295300
v 0.06594500 0.27040700 0.01189900
v 0.06931800 0.26220100 0.02700700
v 0.07179700 0.26095300 0.03694700
v 0.07797500 0.26193800 0.03779000
v 0.07702700 0.26295100 -0.00004000
v 0.07614200 0.25002400 0.04053400
v 0.06709700 0.26981900 -0.00003700
v 0.07091900 0.26003000 -0.00003800
v 0.07388700 0.25027600 -0.00003900
v 0.07615900 0.24464000 -0.00004000
v 0.07172300 0.24958500 0.03793000
v 0.07978300 0.25188600 -0.01246000
v 0.08304500 0.24287700 -0.01174800
v 0.08457200 0.23585100 -0.01039400
v 0.08509000 0.23097900 -0.00983600
v 0.09543300 0.21160100 0.05530500
v 0.09179800 0.20649500 0.04918500
v 0.09531800 0.20652900 0.04800600
v 0.08892400 0.22707200 0.06003400
v 0.09182900 0.20147000 0.06057100
v 0.08229300 0.23517800 0.06618300
v 0.08435800 0.22545200 0.06288000
v 0.08831400 0.22632400 0.06628200
v 0.08718100 0.23405200 0.06634700
v 0.07729400 0.23951600 -0.00004100
v 0.07986700 0.22848100 0.00898500
v 0.07765200 0.22016700 0.00758600
v 0.08132800 0.20949400 0.01377000
v 0.08511600 0.22615000 -0.00812000
v 0.08916300 0.20851000 0.01476100
v 0.08409800 0.21634300 -0.00004300
v 0.08422800 0.21879300 0.03186800
v 0.09013800 0.21781100 0.03153200
v 0.08619100 0.20072400 0.02222900
v 0.06936500 0.28702900 -0.00003700
v 0.06983600 0.28843400 0.00787800
v 0.07336400 0.27281600 -0.00003900
v 0.06876500 0.27818700 0.01609900
v 0.06279900 0.28506900 0.00673200
v 0.06172300 0.27678900 0.01561200
v 0.07210200 0.26095300 0.04722100
v 0.07253600 0.25001000 0.04838700
v 0.07914000 0.26163400 0.04837300
v 0.07780400 0.26380400 -0.01101000
v 0.07662600 0.24902100 0.05119200
v 0.06267100 0.28382700 -0.00003500
v 0.06594500 0.27040700 -0.01189900
v 0.07127000 0.26067900 -0.00994600
v 0.07378000 0.24901500 -0.01148200
v 0.07721900 0.24009000 -0.01079900
v 0.07515700 0.25438300 -0.01941700
v 0.07799400 0.24535400 -0.01442400
v 0.08263400 0.23695400 -0.01394600
v 0.08230600 0.23485300 -0.01351200
v 0.09775700 0.20175500 0.06238400
v 0.09000600 0.19186100 0.03109100
v 0.08801100 0.21118900 0.04148000
v 0.09352200 0.20952000 0.04101100
v 0.09329800 0.18198400 0.04052000
v 0.09740400 0.18197600 0.04163100
v 0.09395100 0.19118000 0.03333900
v 0.09282500 0.19900900 0.07200300
v 0.09595800 0.18751200 0.06526700
v 0.09446600 0.18707000 0.07595400
v 0.08228700 0.23507300 0.07154600
v 0.08331900 0.22557100 0.06895200
v 0.08786900 0.22518100 0.07243600
v 0.08598600 0.23420400 0.07255200
v 0.07820100 0.23321300 -0.01069400
v 0.07824200 0.23530600 -0.00004100
v 0.08028400 0.22383900 0.00733300
v 0.08033600 0.21454400 -0.00004200
v 0.07980000 0.23061700 -0.00004100
v 0.08086700 0.20846000 0.00736100
v 0.09222600 0.19952600 0.02358300
v 0.08686300 0.22665100 -0.02249200
v 0.08475700 0.21732700 -0.00642100
v 0.08916300 0.20851000 -0.01476100
v 0.08010400 0.20490400 0.00582600
v 0.08025300 0.20019700 -0.00004200
v 0.08010400 0.20490400 -0.00582600
v 0.08086700 0.20846000 -0.00736100
v 0.06370400 0.29956500 -0.00003500
v 0.06344200 0.29964600 0.00942600
v 0.06983600 0.28843400 -0.00787800
v 0.06315300 0.29434100 0.01471400
v 0.07241200 0.27350000 -0.01295300
v 0.07029900 0.27955200 0.02472100
v 0.06521900 0.29061300 0.02192700
v 0.05652400 0.29633800 0.00829900
v 0.05696400 0.29634200 -0.00003400
v 0.05851500 0.29070300 0.01570600
v 0.06287100 0.27488000 0.02370800
v 0.07301200 0.26072000 0.05763800
v 0.07265700 0.25105300 0.05882300
v 0.07724700 0.25020200 0.06187600
v 0.07981100 0.26164000 0.05912200
v 0.07380300 0.26741900 -0.01769700
v 0.05652400 0.29633800 -0.00829900
v 0.06279900 0.28506900 -0.00673200
v 0.06172300 0.27678900 -0.01561200
v 0.06789200 0.26613300 -0.01758200
v 0.07139800 0.25212500 -0.01730000
v 0.07325600 0.24329500 -0.01651600
v 0.07757900 0.23611300 -0.01706600
v 0.07571200 0.25218300 -0.02993900
v 0.07026600 0.25050800 -0.02748000
v 0.08224300 0.24293800 -0.02591900
v 0.07692300 0.24171800 -0.02786800
v 0.08587800 0.23440000 -0.02434100
v 0.08048900 0.22643600 -0.02225000
v 0.09891600 0.18783000 0.06519500
v 0.09785000 0.19728000 0.07407700
v 0.09444200 0.16987800 0.05181100
v 0.09428000 0.18155700 0.06014200
v 0.10219200 0.17232700 0.07220200
v 0.09923100 0.16754900 0.05110400
v 0.09939600 0.18067900 0.06278500
v 0.09068300 0.20064300 0.08382200
v 0.09064200 0.18784800 0.08602700
v 0.09726200 0.18654800 0.07625400
v 0.09446800 0.18722500 0.08719000
v 0.08188500 0.23537300 0.07686000
v 0.08283500 0.22526400 0.07514800
v 0.08764500 0.22388800 0.07850700
v 0.08590000 0.23360200 0.07886900
v 0.07986700 0.22848100 -0.00898500
v 0.07765200 0.22016700 -0.00758600
v 0.08132800 0.20949400 -0.01377000
v 0.08028400 0.22383900 -0.00733300
v 0.08422800 0.21879300 -0.03186800
v 0.09013800 0.21781100 -0.03153200
v 0.09222600 0.19952600 -0.02358300
v 0.05960200 0.31186500 -0.00003400
v 0.06006900 0.31274100 0.00829100
v 0.06344200 0.29964600 -0.00942600
v 0.05840700 0.31193300 0.01296100
v 0.05903800 0.30438500 0.01562400
v 0.06025400 0.29765700 0.01364000
v 0.06315300 0.29434100 -0.01471400
v 0.06876500 0.27818700 -0.01609900
v 0.05981400 0.28724500 0.02296100
v 0.07151600 0.27920500 0.03344700
v 0.06818300 0.28771200 0.02933000
v 0.06175900 0.28491800 0.03049000
v 0.05273900 0.30923500 0.00709700
v 0.05259100 0.30851200 -0.00003200
v 0.05407100 0.30237700 0.01633300
v 0.05273900 0.30923500 -0.00709700
v 0.06349800 0.27322800 0.03192900
v 0.07411700 0.26174000 0.06770400
v 0.07253500 0.25195500 0.06926600
v 0.07753400 0.25239400 0.07246600
v 0.07934200 0.26296200 0.06954900
v 0.07619600 0.26382700 -0.02756500
v 0.05407100 0.30237700 -0.01633300
v 0.06025400 0.29765700 -0.01364000
v 0.05851500 0.29070300 -0.01570600
v 0.05981400 0.28724500 -0.02296100
v 0.06287100 0.27488000 -0.02370800
v 0.06931800 0.26220100 -0.02700700
v 0.08151100 0.23305700 -0.02662900
v 0.07614200 0.25002400 -0.04053400
v 0.07172300 0.24958500 -0.03793000
v 0.07179700 0.26095300 -0.03694700
v 0.07980600 0.23943400 -0.03944500
v 0.08571700 0.23986700 -0.03759600
v 0.08429300 0.22893100 -0.03618500
v 0.08857100 0.22938400 -0.03407600
v 0.08619100 0.20072400 -0.02222900
v 0.09547900 0.19860300 0.08633200
v 0.10218800 0.15928900 0.05859100
v 0.09602600 0.16181500 0.05901700
v 0.09622600 0.17337400 0.06993400
v 0.10004700 0.16943800 0.08469700
v 0.10193000 0.16354600 0.07354800
v 0.09601200 0.16968600 0.08217900
v 0.08657900 0.20422300 0.09474000
v 0.08630500 0.18957300 0.09578800
v 0.09086800 0.18950700 0.09766500
v 0.09156400 0.20152000 0.09791400
v 0.08191700 0.23676300 0.08204700
v 0.08224400 0.22311700 0.08079900
v 0.08683000 0.22271600 0.08439300
v 0.08577000 0.23505500 0.08499500
v 0.08801100 0.21118900 -0.04148000
v 0.09352200 0.20952000 -0.04101100
v 0.09395100 0.19118000 -0.03333900
v 0.09531800 0.20652900 -0.04800600
v 0.05454300 0.32096700 -0.00003200
v 0.05481900 0.32116900 0.00785500
v 0.06006900 0.31274100 -0.00829100
v 0.05385200 0.31798700 0.01479400
v 0.05903800 0.30438500 -0.01562400
v 0.05557700 0.31592700 0.01976900
v 0.05939400 0.30485100 0.02161200
v 0.07029900 0.27955200 -0.02472100
v 0.06521900 0.29061300 -0.02192700
v 0.07116400 0.27668900 0.04197700
v 0.06817000 0.28609600 0.03740100
v 0.06222700 0.28334900 0.03847500
v 0.06520200 0.27274000 0.04011900
v 0.04768600 0.31775700 0.00669300
v 0.04764800 0.31766900 -0.00003000
v 0.04864200 0.31575800 0.01521200
v 0.04768600 0.31775700 -0.00669300
v 0.05381600 0.30267300 0.02207400
v 0.04864200 0.31575800 -0.01521200
v 0.07309100 0.26642000 0.07687400
v 0.07207200 0.25253700 0.07972400
v 0.07722700 0.25502600 0.08290000
v 0.07710500 0.26681100 0.07928700
v 0.07797500 0.26193800 -0.03779000
v 0.04888400 0.31315400 -0.02052500
v 0.05381600 0.30267300 -0.02207400
v 0.06818300 0.28771200 -0.02933000
v 0.06175900 0.28491800 -0.03049000
v 0.06349800 0.27322800 -0.03192900
v 0.07253600 0.25001000 -0.04838700
v 0.07662600 0.24902100 -0.05119200
v 0.07210200 0.26095300 -0.04722100
v 0.07914000 0.26163400 -0.04837300
v 0.08657700 0.22159800 -0.04354900
v 0.08127400 0.23603200 -0.05107500
v 0.08651400 0.23667400 -0.04972000
v 0.09124600 0.22310100 -0.04251700
v 0.09000600 0.19186100 -0.03109100
v 0.10493900 0.15134900 0.06649700
v 0.09673000 0.15949200 0.07136100
v 0.09840200 0.15394400 0.06586400
v 0.09454900 0.15944400 0.08297000
v 0.10015900 0.15934800 0.08563000
v 0.09674300 0.16920700 0.09735100
v 0.09363700 0.17061400 0.09476600
v 0.10279100 0.15314600 0.07901700
v 0.09897700 0.15313900 0.07700900
v 0.09857800 0.16093300 0.07213800
v 0.09134400 0.15895000 0.09566900
v 0.08122000 0.23745200 0.08731900
v 0.08113300 0.22200500 0.08672900
v 0.08543700 0.22175200 0.09041100
v 0.08659100 0.23406700 0.09118100
v 0.09179800 0.20649500 -0.04918500
v 0.09740400 0.18197600 -0.04163100
v 0.09775700 0.20175500 -0.06238400
v 0.09409400 0.21340300 -0.04735300
v 0.09007800 0.21208500 -0.04694400
v 0.04775500 0.33399000 -0.00003000
v 0.04902300 0.33343600 0.00810300
v 0.05481900 0.32116900 -0.00785500
v 0.04833000 0.32752900 0.01442000
v 0.05840700 0.31193300 -0.01296100
v 0.04661800 0.32625400 0.01492400
v 0.04888400 0.31315400 0.02052500
v 0.05385200 0.31798700 -0.01479400
v 0.05939400 0.30485100 -0.02161200
v 0.05002100 0.31201400 0.02628300
v 0.05623500 0.31416900 0.02514200
v 0.05991800 0.30453800 0.02757900
v 0.07151600 0.27920500 -0.03344700
v 0.07180000 0.27626800 0.05086700
v 0.06845700 0.28604300 0.04576300
v 0.06299300 0.28351700 0.04662400
v 0.06647700 0.27306700 0.04840600
v 0.04187200 0.33001600 0.00693800
v 0.04095500 0.33073800 -0.00002800
v 0.04187200 0.33001600 -0.00693800
v 0.05413900 0.30251900 0.02780300
v 0.04661800 0.32625400 -0.01492400
v 0.04833000 0.32752900 -0.01442000
v 0.05557700 0.31592700 -0.01976900
v 0.05623500 0.31416900 -0.02514200
v 0.05002100 0.31201400 -0.02628300
v 0.05413900 0.30251900 -0.02780300
v 0.07116400 0.27668900 -0.04197700
v 0.06817000 0.28609600 -0.03740100
v 0.06222700 0.28334900 -0.03847500
v 0.06520200 0.27274000 -0.04011900
v 0.07301200 0.26072000 -0.05763800
v 0.07265700 0.25105300 -0.05882300
v 0.07724700 0.25020200 -0.06187600
v 0.07981100 0.26164000 -0.05912200
v 0.08718900 0.22297900 -0.05399400
v 0.08295800 0.23539300 -0.06087500
v 0.08495400 0.22585000 -0.05691300
v 0.09190100 0.22367400 -0.05445700
v 0.08784200 0.23458700 -0.06008700
v 0.09329800 0.18198400 -0.04052000
v 0.09182900 0.20147000 -0.06057100
v 0.10201100 0.14770100 0.08509600
v 0.10467800 0.14315100 0.07465400
v 0.09721100 0.15946900 0.07379000
v 0.09911400 0.14653500 0.07382700
v 0.09564900 0.15822600 0.09772800
v 0.08916700 0.17324000 0.10655600
v 0.09321600 0.17164400 0.10967700
v 0.08527700 0.16060300 0.10704900
v 0.09674700 0.14748300 0.08280900
v 0.09044000 0.15905600 0.10952100
v 0.09891600 0.18783000 -0.06519500
v 0.09939600 0.18067900 -0.06278500
v 0.09923100 0.16754900 -0.05110400
v 0.09543300 0.21160100 -0.05530500
v 0.09785000 0.19728000 -0.07407700
v 0.09282500 0.19900900 -0.07200300
v 0.09045800 0.21153300 -0.05520100
v 0.03708700 0.35346500 -0.00002600
v 0.03800000 0.34997100 0.01208300
v 0.04246500 0.34286900 -0.00957600
v 0.04246500 0.34286900 0.00957600
v 0.04902300 0.33343600 -0.00810300
v 0.03943400 0.33886000 0.01538300
v 0.04719000 0.33245200 0.01326800
v 0.04793900 0.33300300 0.01776400
v 0.04884200 0.32771200 0.01891600
v 0.04687500 0.32581000 0.01917800
v 0.05991800 0.30453800 -0.02757900
v 0.05103700 0.31179500 0.03218500
v 0.05425600 0.30197400 0.03352400
v 0.05651700 0.31345800 0.03076400
v 0.06069900 0.30442400 0.03352000
v 0.07127800 0.27678300 0.05967700
v 0.06925600 0.28740700 0.05395500
v 0.06384400 0.28575700 0.05428700
v 0.06641400 0.27357500 0.05679500
v 0.03558900 0.33958100 0.00845600
v 0.03051000 0.35031900 -0.00002400
v 0.03122500 0.34673100 -0.01098000
v 0.03558900 0.33958100 -0.00845600
v 0.03943400 0.33886000 -0.01538300
v 0.04149900 0.33711400 -0.01810700
v 0.04687500 0.32581000 -0.01917800
v 0.04719000 0.33245200 -0.01326800
v 0.04884200 0.32771200 -0.01891600
v 0.06069900 0.30442400 -0.03352000
v 0.05651700 0.31345800 -0.03076400
v 0.05103700 0.31179500 -0.03218500
v 0.05425600 0.30197400 -0.03352400
v 0.06647700 0.27306700 -0.04840600
v 0.07180000 0.27626800 -0.05086700
v 0.06845700 0.28604300 -0.04576300
v 0.06299300 0.28351700 -0.04662400
v 0.07934200 0.26296200 -0.06954900
v 0.07411700 0.26174000 -0.06770400
v 0.07253500 0.25195500 -0.06926600
v 0.07753400 0.25239400 -0.07246600
v 0.08892400 0.22707200 -0.06003400
v 0.08229300 0.23517800 -0.06618300
v 0.08435800 0.22545200 -0.06288000
v 0.08831400 0.22632400 -0.06628200
v 0.08718100 0.23405200 -0.06634700
v 0.09595800 0.18751200 -0.06526700
v 0.09428000 0.18155700 -0.06014200
v 0.09622600 0.17337400 -0.06993400
v 0.09444200 0.16987800 -0.05181100
v 0.09446600 0.18707000 -0.07595400
v 0.09380500 0.14469900 0.09003400
v 0.09968300 0.14330500 0.09158600
v 0.10114400 0.13468100 0.08170200
v 0.09555900 0.13864100 0.07998000
v 0.09726200 0.18654800 -0.07625400
v 0.10219200 0.17232700 -0.07220200
v 0.10218800 0.15928900 -0.05859100
v 0.09547900 0.19860300 -0.08633200
v 0.09068300 0.20064300 -0.08382200
v 0.09064200 0.18784800 -0.08602700
v 0.03156900 0.36476400 -0.00002400
v 0.03409800 0.35610700 0.01769200
v 0.03014600 0.36610000 -0.01474900
v 0.03409800 0.35610700 -0.01769200
v 0.03800000 0.34997100 -0.01208300
v 0.03171200 0.35241200 0.01919600
v 0.03565300 0.34661900 0.01484000
v 0.03774900 0.34338400 -0.01391400
v 0.03774900 0.34338400 0.01391400
v 0.04149900 0.33711400 0.01810700
v 0.04286000 0.33597200 0.02126200
v 0.04846600 0.33322600 0.02232000
v 0.04892500 0.32776700 0.02340400
v 0.04742000 0.32605000 0.02373100
v 0.05188100 0.31226200 0.03806300
v 0.05401800 0.30138400 0.03923300
v 0.06155000 0.30505700 0.03944300
v 0.05681800 0.31369600 0.03643500
v 0.06878200 0.27768400 0.06823900
v 0.06868600 0.29007200 0.06194700
v 0.06458600 0.29008000 0.06129300
v 0.06573200 0.27412200 0.06515000
v 0.03122500 0.34673100 0.01098000
v 0.02733100 0.35287100 0.01659000
v 0.02332700 0.36283900 0.01363800
v 0.02501600 0.36163000 -0.00002300
v 0.02733100 0.35287100 -0.01659000
v 0.03171200 0.35241200 -0.01919600
v 0.03565300 0.34661900 -0.01484000
v 0.04793900 0.33300300 -0.01776400
v 0.04846600 0.33322600 -0.02232000
v 0.04286000 0.33597200 -0.02126200
v 0.04742000 0.32605000 -0.02373100
v 0.04892500 0.32776700 -0.02340400
v 0.05401800 0.30138400 -0.03923300
v 0.06155000 0.30505700 -0.03944300
v 0.05681800 0.31369600 -0.03643500
v 0.05188100 0.31226200 -0.03806300
v 0.06384400 0.28575700 -0.05428700
v 0.06641400 0.27357500 -0.05679500
v 0.07127800 0.27678300 -0.05967700
v 0.06925600 0.28740700 -0.05395500
v 0.07722700 0.25502600 -0.08290000
v 0.07710500 0.26681100 -0.07928700
v 0.07309100 0.26642000 -0.07687400
v 0.07207200 0.25253700 -0.07972400
v 0.08598600 0.23420400 -0.07255200
v 0.08228700 0.23507300 -0.07154600
v 0.08331900 0.22557100 -0.06895200
v 0.08786900 0.22518100 -0.07243600
v 0.09601200 0.16968600 -0.08217900
v 0.09454900 0.15944400 -0.08297000
v 0.09673000 0.15949200 -0.07136100
v 0.09602600 0.16181500 -0.05901700
v 0.09446800 0.18722500 -0.08719000
v 0.09024300 0.14261300 0.09748500
v 0.09636700 0.14006000 0.09878300
v 0.09521100 0.13339700 0.10081100
v 0.09645300 0.12627900 0.08821800
v 0.09213600 0.12680400 0.09957500
v 0.09011100 0.13110400 0.08565800
v 0.10193000 0.16354600 -0.07354800
v 0.10004700 0.16943800 -0.08469700
v 0.10493900 0.15134900 -0.06649700
v 0.10279100 0.15314600 -0.07901700
v 0.09156400 0.20152000 -0.09791400
v 0.08657900 0.20422300 -0.09474000
v 0.08630500 0.18957300 -0.09578800
v 0.09086800 0.18950700 -0.09766500
v 0.02422300 0.37603000 -0.00002200
v 0.02308900 0.37718900 0.01564300
v 0.03014600 0.36610000 0.01474900
v 0.02251000 0.35547600 0.02790800
v 0.02859000 0.36119000 0.02853700
v 0.02314300 0.37173500 0.02778500
v 0.02308900 0.37718900 -0.01564300
v 0.02314300 0.37173500 -0.02778500
v 0.02859000 0.36119000 -0.02853700
v 0.04349200 0.33545900 0.02488800
v 0.04720900 0.32594900 0.02828700
v 0.04876800 0.33309800 0.02694100
v 0.04852800 0.32764800 0.02788700
v 0.05276600 0.31347100 0.04379400
v 0.05454600 0.30127900 0.04491700
v 0.06180500 0.30480100 0.04537700
v 0.05736700 0.31461000 0.04197700
v 0.01306400 0.37239400 0.01401000
v 0.01798100 0.37304600 -0.00002000
v 0.01306400 0.37239400 -0.01401000
v 0.02332700 0.36283900 -0.01363800
v 0.01478400 0.37261400 -0.01541300
v 0.01552200 0.37158200 -0.02609900
v 0.02251000 0.35547600 -0.02790800
v 0.04852800 0.32764800 -0.02788700
v 0.04876800 0.33309800 -0.02694100
v 0.04349200 0.33545900 -0.02488800
v 0.04720900 0.32594900 -0.02828700
v 0.05276600 0.31347100 -0.04379400
v 0.05454600 0.30127900 -0.04491700
v 0.06180500 0.30480100 -0.04537700
v 0.05736700 0.31461000 -0.04197700
v 0.06868600 0.29007200 -0.06194700
v 0.06458600 0.29008000 -0.06129300
v 0.06573200 0.27412200 -0.06515000
v 0.06878200 0.27768400 -0.06823900
v 0.08590000 0.23360200 -0.07886900
v 0.08188500 0.23537300 -0.07686000
v 0.08283500 0.22526400 -0.07514800
v 0.08764500 0.22388800 -0.07850700
v 0.09363700 0.17061400 -0.09476600
v 0.09134400 0.15895000 -0.09566900
v 0.09721100 0.15946900 -0.07379000
v 0.10015900 0.15934800 -0.08563000
v 0.09564900 0.15822600 -0.09772800
v 0.09897700 0.15313900 -0.07700900
v 0.09857800 0.16093300 -0.07213800
v 0.09840200 0.15394400 -0.06586400
v 0.08754100 0.14086800 0.09997100
v 0.08765100 0.12967200 0.09804300
v 0.08816100 0.13107100 0.10131900
v 0.09427600 0.13790900 0.10246400
v 0.09199500 0.12834000 0.10339900
v 0.08864500 0.12007800 0.10248200
v 0.09028800 0.11840000 0.09414300
v 0.08318800 0.12356800 0.10089400
v 0.08598800 0.12473800 0.09331100
v 0.09674300 0.16920700 -0.09735100
v 0.10467800 0.14315100 -0.07465400
v 0.10201100 0.14770100 -0.08509600
v 0.09674700 0.14748300 -0.08280900
v 0.02068300 0.37848700 -0.00002100
v 0.02051200 0.37843500 0.01231000
v 0.01478400 0.37261400 0.01541300
v 0.01552200 0.37158200 0.02609900
v 0.02145500 0.35648300 0.03022700
v 0.02730500 0.36192600 0.03044900
v 0.02162000 0.37240200 0.02900300
v 0.01452100 0.37204100 0.02698300
v 0.02051200 0.37843500 -0.01231000
v 0.01248500 0.37558400 -0.01165500
v 0.02162000 0.37240200 -0.02900300
v 0.02730500 0.36192600 -0.03044900
v 0.02145500 0.35648300 -0.03022700
v 0.04340900 0.33554100 0.02857800
v 0.04555000 0.32626300 0.03259700
v 0.04796700 0.32774900 0.03234500
v 0.04850600 0.33338200 0.03143000
v 0.05370400 0.31541900 0.04937200
v 0.05580200 0.30163400 0.05057600
v 0.06143700 0.30356100 0.05132500
v 0.05813100 0.31618200 0.04741300
v 0.01248500 0.37558400 0.01165500
v 0.01466900 0.37818900 -0.00001900
v 0.01452100 0.37204100 -0.02698300
v 0.04555000 0.32626300 -0.03259700
v 0.04796700 0.32774900 -0.03234500
v 0.04850600 0.33338200 -0.03143000
v 0.04340900 0.33554100 -0.02857800
v 0.05813100 0.31618200 -0.04741300
v 0.05370400 0.31541900 -0.04937200
v 0.05580200 0.30163400 -0.05057600
v 0.06143700 0.30356100 -0.05132500
v 0.08577000 0.23505500 -0.08499500
v 0.08191700 0.23676300 -0.08204700
v 0.08224400 0.22311700 -0.08079900
v 0.08683000 0.22271600 -0.08439300
v 0.08916700 0.17324000 -0.10655600
v 0.08527700 0.16060300 -0.10704900
v 0.09044000 0.15905600 -0.10952100
v 0.09321600 0.17164400 -0.10967700
v 0.09911400 0.14653500 -0.07382700
v 0.08545800 0.13954700 0.10294300
v 0.08595100 0.13238600 0.10405500
v 0.09032900 0.12889900 0.10710800
v 0.09107100 0.13752600 0.10605800
v 0.08353200 0.11601100 0.10715200
v 0.07950500 0.12006800 0.10340300
v 0.08298900 0.11248800 0.10092800
v 0.07936400 0.11820300 0.09910200
v 0.10114400 0.13468100 -0.08170200
v 0.09968300 0.14330500 -0.09158600
v 0.09380500 0.14469900 -0.09003400
v 0.09555900 0.13864100 -0.07998000
v 0.02040100 0.35748900 0.03254600
v 0.02602100 0.36266100 0.03236000
v 0.02009600 0.37306900 0.03022100
v 0.01351900 0.37250000 0.02786700
v 0.02602100 0.36266100 -0.03236000
v 0.02009600 0.37306900 -0.03022100
v 0.02040100 0.35748900 -0.03254600
v 0.01351900 0.37250000 -0.02786700
v 0.04262000 0.33619700 0.03206500
v 0.04433400 0.32714700 0.03681500
v 0.04748900 0.32837700 0.03676600
v 0.04745300 0.33456900 0.03566400
v 0.04262000 0.33619700 -0.03206500
v 0.04433400 0.32714700 -0.03681500
v 0.04748900 0.32837700 -0.03676600
v 0.04745300 0.33456900 -0.03566400
v 0.08659100 0.23406700 -0.09118100
v 0.08122000 0.23745200 -0.08731900
v 0.08113300 0.22200500 -0.08672900
v 0.08543700 0.22175200 -0.09041100
v 0.08407700 0.13868100 0.10646000
v 0.08357200 0.13305600 0.10686000
v 0.08840200 0.12882900 0.11072400
v 0.08848900 0.13759300 0.11014300
v 0.07374900 0.11660800 0.10763200
v 0.07742500 0.11344600 0.11193700
v 0.07117900 0.11402500 0.10499100
v 0.07473900 0.10810600 0.10785100
v 0.09645300 0.12627900 -0.08821800
v 0.09213600 0.12680400 -0.09957500
v 0.09521100 0.13339700 -0.10081100
v 0.09636700 0.14006000 -0.09878300
v 0.09024300 0.14261300 -0.09748500
v 0.09011100 0.13110400 -0.08565800
v 0.01934600 0.35849500 0.03486500
v 0.02473600 0.36339600 0.03427200
v 0.01857100 0.37373500 0.03143900
v 0.01251800 0.37295900 0.02875100
v 0.01934600 0.35849500 -0.03486500
v 0.02473600 0.36339600 -0.03427200
v 0.01857100 0.37373500 -0.03143900
v 0.01251800 0.37295900 -0.02875100
v 0.04115200 0.33741100 0.03543000
v 0.04515200 0.32866500 0.04108800
v 0.04703500 0.32944100 0.04115300
v 0.04570600 0.33647800 0.03968800
v 0.04570600 0.33647800 -0.03968800
v 0.04115200 0.33741100 -0.03543000
v 0.04515200 0.32866500 -0.04108800
v 0.04703500 0.32944100 -0.04115300
v 0.08246500 0.13852900 0.11001000
v 0.08117200 0.13362500 0.10966600
v 0.08587400 0.12892900 0.11392900
v 0.08675600 0.13734800 0.11459300
v 0.06903900 0.11608600 0.11312200
v 0.06344200 0.11439800 0.11245400
v 0.07187100 0.11431800 0.11766000
v 0.06605000 0.10928200 0.11525400
v 0.08864500 0.12007800 -0.10248200
v 0.09028800 0.11840000 -0.09414300
v 0.09199500 0.12834000 -0.10339900
v 0.08765100 0.12967200 -0.09804300
v 0.08318800 0.12356800 -0.10089400
v 0.09427600 0.13790900 -0.10246400
v 0.08754100 0.14086800 -0.09997100
v 0.08816100 0.13107100 -0.10131900
v 0.08598800 0.12473800 -0.09331100
v 0.01829200 0.35950100 0.03718300
v 0.02345200 0.36413200 0.03618300
v 0.01704800 0.37440300 0.03265600
v 0.01151600 0.37341900 0.02963600
v 0.01151600 0.37341900 -0.02963600
v 0.01829200 0.35950100 -0.03718300
v 0.02345200 0.36413200 -0.03618300
v 0.01704800 0.37440300 -0.03265600
v 0.08003700 0.13799500 0.11302400
v 0.07881100 0.13368600 0.11261000
v 0.08280200 0.12918700 0.11676200
v 0.08335900 0.13702600 0.11799800
v 0.08353200 0.11601100 -0.10715200
v 0.07950500 0.12006800 -0.10340300
v 0.08298900 0.11248800 -0.10092800
v 0.09107100 0.13752600 -0.10605800
v 0.09032900 0.12889900 -0.10710800
v 0.07936400 0.11820300 -0.09910200
v 0.08545800 0.13954700 -0.10294300
v 0.08595100 0.13238600 -0.10405500
v 0.01723700 0.36050700 0.03950200
v 0.02216700 0.36486800 0.03809500
v 0.01552400 0.37506900 0.03387400
v 0.01051500 0.37387800 0.03052000
v 0.01552400 0.37506900 -0.03387400
v 0.01051500 0.37387800 -0.03052000
v 0.01723700 0.36050700 -0.03950200
v 0.02216700 0.36486800 -0.03809500
v 0.07742500 0.11344600 -0.11193700
v 0.07374900 0.11660800 -0.10763200
v 0.07117900 0.11402500 -0.10499100
v 0.07473900 0.10810600 -0.10785100
v 0.08848900 0.13759300 -0.11014300
v 0.08407700 0.13868100 -0.10646000
v 0.08840200 0.12882900 -0.11072400
v 0.08357200 0.13305600 -0.10686000
v 0.01618300 0.36151300 0.04182000
v 0.02088200 0.36560300 0.04000700
v 0.01400000 0.37573600 0.03509200
v 0.00951300 0.37433800 0.03140400
v 0.02088200 0.36560300 -0.04000700
v 0.01400000 0.37573600 -0.03509200
v 0.00951300 0.37433800 -0.03140400
v 0.01618300 0.36151300 -0.04182000
v 0.06903900 0.11608600 -0.11312200
v 0.07187100 0.11431800 -0.11766000
v 0.06344200 0.11439800 -0.11245400
v 0.06605000 0.10928200 -0.11525400
v 0.08675600 0.13734800 -0.11459300
v 0.08246500 0.13852900 -0.11001000
v 0.08117200 0.13362500 -0.10966600
v 0.08587400 0.12892900 -0.11392900
v 0.08335900 0.13702600 -0.11799800
v 0.08003700 0.13799500 -0.11302400
v 0.07881100 0.13368600 -0.11261000
v 0.08280200 0.12918700 -0.11676200
v -0.07190700 0.29093800 -0.03407200
v -0.07431500 0.29561100 -0.03756100
v -0.06412300 0.29262600 -0.02281500
v -0.07730000 0.28383600 -0.05219700
v -0.07738900 0.29002000 -0.05234700
v -0.07103800 0.28552400 -0.03464500
v -0.05866500 0.28840100 -0.02127000
v -0.07816500 0.29249800 -0.05566900
v -0.07739000 0.29081600 -0.03471100
v -0.06551800 0.28877800 -0.02027500
v -0.08265800 0.27515300 -0.06738700
v -0.07892600 0.27706100 -0.06991200
v -0.08201200 0.28332800 -0.04922300
v -0.07928000 0.28532700 -0.07091200
v -0.07258000 0.28435500 -0.03808300
v -0.05823800 0.28420200 -0.02239800
v -0.07927400 0.28569200 -0.07369700
v -0.08268300 0.29037100 -0.05325800
v -0.07817500 0.28918200 -0.03397600
v -0.06616500 0.28533400 -0.01844100
v -0.08421500 0.26639100 -0.08570000
v -0.08190200 0.26470500 -0.08414600
v -0.08599900 0.27766200 -0.06961200
v -0.07683700 0.27121100 -0.08779300
v -0.08370700 0.28408400 -0.05094700
v -0.07686300 0.27810100 -0.08833800
v -0.06291400 0.27953400 -0.02126600
v -0.07719900 0.27833700 -0.09169300
v -0.08436700 0.28322500 -0.07203600
v -0.07065800 0.27120500 -0.10463200
v -0.07367400 0.25998400 -0.10122100
v -0.08232200 0.27381900 -0.08907800
v -0.07288700 0.25982200 -0.10111000
v -0.06683000 0.26452600 -0.10221500
v -0.06705400 0.27411300 -0.10392000
v -0.06697600 0.27346800 -0.10550000
v -0.05288300 0.26791800 -0.11722100
v -0.05672100 0.26617100 -0.11719900
v -0.06009200 0.25554300 -0.11494700
v -0.05950400 0.25546800 -0.11440000
v -0.05362100 0.25966200 -0.11452000
v -0.05378600 0.26820300 -0.11545200
v -0.03864400 0.26131600 -0.12484800
v -0.03797100 0.26192300 -0.12710700
v -0.04110800 0.26098000 -0.12724400
v -0.04367500 0.25130800 -0.12500800
v -0.04319600 0.25055200 -0.12399000
v -0.03890000 0.25250700 -0.12346300
v -0.02323800 0.24466800 -0.12947100
v -0.02249200 0.25373100 -0.13042900
v -0.02131300 0.25443000 -0.13215500
v -0.02413800 0.25383000 -0.13405300
v -0.02623000 0.24427000 -0.13096800
v -0.00869900 0.23653700 -0.13470900
v -0.00839500 0.23681000 -0.13362000
v -0.00616900 0.23825100 -0.13254900
v -0.00696000 0.24516700 -0.13699600
v -0.00538700 0.24671000 -0.13355900
v -0.00405900 0.24733900 -0.13491100
v 0.01074600 0.23694600 -0.13735100
v 0.00907200 0.22831800 -0.13606800
v 0.00940500 0.22884600 -0.13483500
v 0.01020600 0.22960500 -0.13389900
v 0.01291600 0.23922300 -0.13595700
v 0.01141400 0.23832900 -0.13456000
v 0.03028000 0.23205100 -0.13397000
v 0.02877500 0.23073000 -0.13543400
v 0.02707800 0.22068400 -0.13496400
v 0.02600000 0.21929300 -0.13423200
v 0.02674800 0.22195400 -0.13185700
v 0.02860400 0.23093200 -0.13287400
v 0.04487400 0.22259300 -0.12868100
v 0.04713500 0.22466200 -0.12971900
v 0.04617800 0.22337100 -0.13044300
v 0.04467300 0.21298500 -0.13102500
v 0.04364200 0.21212000 -0.13027900
v 0.04332300 0.21457900 -0.12817400
v 0.05936900 0.20875800 -0.12085700
v 0.06123400 0.21614700 -0.12183700
v 0.06318200 0.21748500 -0.12262000
v 0.06252900 0.21498700 -0.12393300
v 0.06063900 0.20463600 -0.12301100
v 0.05979800 0.20421300 -0.12284100
v 0.07272500 0.19632200 -0.11051200
v 0.07174400 0.20092300 -0.10916900
v 0.07669200 0.21118300 -0.11191500
v 0.07752600 0.20857700 -0.11306200
v 0.07479600 0.19745700 -0.11121000
v 0.08753400 0.18900500 -0.09851300
v 0.08482500 0.18956600 -0.09664600
v 0.08357900 0.19520300 -0.09571800
v 0.08564900 0.20425900 -0.09716300
v 0.08839700 0.20369400 -0.09800000
v 0.08998400 0.19951600 -0.10051900
v 0.09051700 0.17320400 -0.10878600
v 0.08672900 0.15917500 -0.10610800
v 0.08876800 0.16021400 -0.10917000
v 0.08616300 0.17505600 -0.11142000
v 0.08456400 0.16598900 -0.10451100
v 0.07786600 0.17887100 -0.12121000
v 0.07690200 0.18091400 -0.12067700
v 0.09173300 0.17006300 -0.11126400
v 0.07254200 0.17304600 -0.11683500
v 0.07335800 0.16644600 -0.11791000
v 0.07500900 0.16795000 -0.11843600
v 0.07450400 0.18315300 -0.12297900
v 0.06273000 0.17726500 -0.12838500
v 0.06335500 0.18814900 -0.12954700
v 0.06160000 0.18963400 -0.12915900
v 0.05893100 0.18996200 -0.12920000
v 0.05930000 0.18226900 -0.12569900
v 0.06016800 0.17638600 -0.12800300
v 0.04441100 0.18564000 -0.13377600
v 0.04741900 0.18545800 -0.13414300
v 0.04679600 0.19642900 -0.13406700
v 0.04475500 0.19845900 -0.13351400
v 0.04345000 0.19831900 -0.13359100
v 0.04430800 0.19103900 -0.13141400
v 0.02752700 0.19775200 -0.13423800
v 0.02732900 0.19321000 -0.13550600
v 0.03086800 0.19284800 -0.13710600
v 0.03017400 0.20533400 -0.13664800
v 0.02739200 0.20700800 -0.13600600
v 0.02699800 0.20595900 -0.13549400
v 0.01105300 0.21462100 -0.13463800
v 0.01127800 0.20613500 -0.13380700
v 0.01010900 0.20123900 -0.13537800
v 0.01411500 0.20019900 -0.13625000
v 0.01311600 0.21377700 -0.13624800
v 0.01023800 0.21601500 -0.13512500
v -0.00750200 0.22387700 -0.13343100
v -0.00559700 0.22176200 -0.13336200
v -0.00553000 0.21289700 -0.13197400
v -0.00619300 0.20925300 -0.13367300
v -0.00272200 0.20713000 -0.13517200
v -0.00409200 0.22160500 -0.13434500
v -0.02152500 0.22878300 -0.13210600
v -0.02487300 0.23166300 -0.13001000
v -0.02161100 0.22933500 -0.13002500
v -0.02126400 0.22116100 -0.12921900
v -0.02398300 0.21746000 -0.13156500
v -0.01922800 0.21488100 -0.13387800
v -0.03534100 0.22230400 -0.12929800
v -0.03832600 0.23558400 -0.12670400
v -0.04245500 0.23830700 -0.12478500
v -0.03776400 0.23592800 -0.12488500
v -0.03830800 0.22553600 -0.12422800
v -0.04093100 0.22383200 -0.12591900
v -0.05099900 0.22905700 -0.12268100
v -0.05801100 0.22709400 -0.11825300
v -0.05495100 0.24011100 -0.11847100
v -0.05871500 0.24283400 -0.11485700
v -0.05329100 0.23996100 -0.11602400
v -0.05327800 0.23163700 -0.11556400
v -0.07130300 0.23144000 -0.10476600
v -0.06587200 0.23171500 -0.11209300
v -0.06723200 0.23599900 -0.10426600
v -0.06978100 0.24447900 -0.10710000
v -0.07333000 0.24670700 -0.10214600
v -0.06739600 0.24329000 -0.10458500
v -0.07628500 0.24325400 -0.09023100
v -0.08095200 0.23515600 -0.08950700
v -0.07913900 0.23646500 -0.09996000
v -0.07902300 0.24994200 -0.09180500
v -0.08294400 0.24403100 -0.09378800
v -0.08416200 0.25179100 -0.08738500
v -0.08224000 0.25587300 -0.07435600
v -0.08044300 0.24834200 -0.07255800
v -0.08352700 0.24363000 -0.07226300
v -0.08562500 0.24011700 -0.08321600
v -0.08593800 0.25810700 -0.06844900
v -0.08777700 0.24996600 -0.07668800
v -0.08264100 0.26502500 -0.05000500
v -0.08170100 0.26120500 -0.05633800
v -0.07863300 0.25508100 -0.05502100
v -0.08280000 0.25214100 -0.05495300
v -0.08521400 0.24717600 -0.06588500
v -0.08761300 0.25613900 -0.05826400
v -0.08498500 0.25972600 -0.03913700
v -0.08005800 0.26938400 -0.03075200
v -0.07683400 0.26422900 -0.03836900
v -0.07350200 0.25822800 -0.03721100
v -0.07731200 0.25778300 -0.03869600
v -0.08407400 0.25436800 -0.04850000
v -0.07868800 0.25982600 -0.03360200
v -0.07555400 0.26438300 -0.02443900
v -0.06518200 0.26565300 -0.02110500
v -0.06555300 0.26681900 -0.02430600
v -0.06355000 0.26100000 -0.02203900
v -0.06589900 0.25752800 -0.02268300
v -0.05050100 0.16193200 -0.01871600
v -0.03902200 0.17227600 -0.02117600
v -0.05165900 0.16582900 -0.02098200
v -0.04004600 0.16163800 -0.01855100
v -0.03767700 0.16913700 -0.02153900
v -0.05166800 0.16221000 -0.02838000
v -0.05063200 0.15839200 -0.02561000
v -0.04113800 0.16572900 -0.02782700
v -0.04274900 0.16990600 -0.02810400
v -0.04536000 0.15834700 -0.02303700
v -0.04739400 0.16582500 -0.03432400
v -0.05378200 0.15884800 -0.03566000
v -0.05258900 0.15535500 -0.03272100
v -0.04776800 0.15591500 -0.03035200
v -0.04527800 0.16343000 -0.03407500
v -0.04687600 0.15920700 -0.04072900
v -0.05085300 0.16148200 -0.04118800
v -0.05409600 0.15391200 -0.04227600
v -0.05332200 0.15101900 -0.03920500
v -0.05079300 0.15254000 -0.03680900
v -0.05124700 0.14848900 -0.04370500
v -0.04761700 0.15429400 -0.04684300
v -0.05088300 0.15568700 -0.04746000
v -0.05325400 0.14903700 -0.04887000
v -0.05285700 0.14677600 -0.04593400
v -0.05313800 0.14189700 -0.05214400
v -0.05224800 0.14331600 -0.04950900
v -0.04790000 0.15020300 -0.05369900
v -0.05060600 0.15010600 -0.05415100
v -0.05183000 0.14442000 -0.05556500
v -0.04881800 0.13903600 -0.06103900
v -0.05048800 0.13697400 -0.05780100
v -0.05031900 0.13830300 -0.05533600
v -0.04647900 0.14504900 -0.05957300
v -0.04846200 0.14537100 -0.06129600
v -0.04467200 0.13945600 -0.06657600
v -0.04436800 0.13477600 -0.06658500
v -0.04765100 0.13182900 -0.06311900
v -0.04774100 0.13336300 -0.06094200
v -0.04431400 0.13969800 -0.06508600
v -0.04073200 0.13456200 -0.06972000
v -0.04040200 0.13375400 -0.07169900
v -0.04004000 0.12970600 -0.07152600
v -0.04344500 0.12703500 -0.06787700
v -0.04346800 0.12845800 -0.06542100
v -0.03898000 0.12402300 -0.07003500
v -0.03665300 0.12843200 -0.07272500
v -0.03808900 0.12849900 -0.07325900
v -0.03600000 0.12649200 -0.07359800
v -0.03709800 0.12600800 -0.07396500
v -0.03862100 0.12352900 -0.07254500
v 0.08242100 0.13878300 -0.12147600
v 0.07885900 0.12969000 -0.11303100
v 0.08119200 0.13584800 -0.12170600
v 0.07959200 0.13847400 -0.12057300
v 0.07895500 0.13174300 -0.11286300
v 0.06601800 0.14421500 -0.12791600
v 0.06586500 0.14679800 -0.12774900
v 0.07202300 0.13099000 -0.12110600
v 0.06396000 0.13841900 -0.12043700
v 0.06358100 0.13615200 -0.12038100
v 0.05722700 0.13971700 -0.12681400
v 0.06397500 0.14562000 -0.12668800
v 0.04192800 0.14908100 -0.13077000
v 0.05062500 0.15367400 -0.13214600
v 0.04936600 0.15674200 -0.13126300
v 0.04876500 0.15516300 -0.13034100
v 0.04881900 0.14697700 -0.12586900
v 0.04851300 0.14506400 -0.12556500
v 0.03236100 0.15357600 -0.12865500
v 0.02532400 0.15757100 -0.13160200
v 0.03408700 0.16240600 -0.13419100
v 0.03223200 0.16641800 -0.13299800
v 0.03289200 0.16448200 -0.13229500
v 0.03384800 0.15715600 -0.12909500
v 0.01781100 0.16624400 -0.12964100
v 0.01539600 0.16137500 -0.12864900
v 0.00807900 0.16517300 -0.13098800
v 0.01808900 0.17230000 -0.13366200
v 0.01445700 0.17528700 -0.13124400
v 0.01580800 0.17209100 -0.13174200
v -0.00123600 0.17933800 -0.12830000
v -0.00004400 0.17218800 -0.12675500
v -0.00167600 0.16899400 -0.12692000
v -0.00903300 0.17214600 -0.12694700
v 0.00156900 0.18132800 -0.13149500
v -0.00351500 0.18367300 -0.12866400
v -0.02090500 0.19193700 -0.12330100
v -0.01801600 0.18616300 -0.12313000
v -0.01590200 0.18092100 -0.12220000
v -0.01839500 0.17602200 -0.12172800
v -0.02518300 0.18018300 -0.12169200
v -0.01526800 0.18924300 -0.12747000
v -0.03159300 0.19710000 -0.12182700
v -0.03785600 0.20008600 -0.11679600
v -0.03398400 0.19438200 -0.11788100
v -0.03221500 0.18820300 -0.11645300
v -0.03473900 0.18351700 -0.11623000
v -0.04124500 0.18680000 -0.11474400
v -0.05596700 0.19280800 -0.10517500
v -0.04758800 0.20423700 -0.11469900
v -0.05426700 0.20604900 -0.10737500
v -0.04978200 0.20004800 -0.10970900
v -0.04789900 0.19433900 -0.10841500
v -0.04982500 0.18968200 -0.10721800
v -0.06342900 0.19569400 -0.09632800
v -0.06953000 0.19798100 -0.09386900
v -0.06236700 0.20790700 -0.10380700
v -0.06829300 0.20972800 -0.09489900
v -0.06358000 0.20529800 -0.09878300
v -0.06224800 0.19926700 -0.09789000
v -0.07341300 0.20491400 -0.08496500
v -0.07394100 0.20015300 -0.08261100
v -0.07952400 0.20333300 -0.08011900
v -0.07527000 0.21165600 -0.09125700
v -0.08005000 0.21531400 -0.08239800
v -0.07452200 0.21244900 -0.08684800
v -0.08254200 0.21912400 -0.07299700
v -0.08011500 0.21150600 -0.07057300
v -0.08131100 0.20736800 -0.06855600
v -0.08504000 0.21209600 -0.06653600
v -0.08578400 0.21823000 -0.07815500
v -0.08432400 0.22438800 -0.06855100
v -0.08472600 0.23318600 -0.05310600
v -0.08125600 0.22627000 -0.05792800
v -0.08029300 0.22091500 -0.05661600
v -0.08108300 0.21796800 -0.05582300
v -0.08396800 0.22233500 -0.05328400
v -0.08782700 0.22524900 -0.06275000
v -0.08695300 0.23222500 -0.04723000
v -0.08050000 0.24184400 -0.03823700
v -0.07908500 0.23314700 -0.04275200
v -0.07768700 0.22979200 -0.04270400
v -0.07893900 0.22796300 -0.04292600
v -0.08299500 0.22994700 -0.03858500
v -0.07619900 0.23429300 -0.02564900
v -0.08416900 0.23622100 -0.03105600
v -0.07579300 0.24688600 -0.02204200
v -0.07255200 0.23858900 -0.02822200
v -0.07103300 0.23499600 -0.02829800
v -0.07388100 0.23392800 -0.02913000
v -0.06292800 0.23516900 -0.01454900
v -0.06453800 0.23532800 -0.01528000
v -0.07464600 0.24152900 -0.01909800
v -0.06100100 0.24171400 -0.01610300
v -0.05975200 0.23838100 -0.01707000
v -0.05934200 0.23814100 -0.01612500
v 0.00848000 0.37455400 -0.03401100
v 0.02009800 0.36635100 -0.04146400
v 0.01611100 0.37116200 -0.04768500
v 0.00344300 0.37234300 -0.03466400
v 0.00543000 0.37748500 -0.03788700
v 0.01698300 0.36297200 -0.04244700
v 0.01421000 0.36725200 -0.04898800
v 0.01248200 0.37569400 -0.05425000
v 0.01165300 0.37240600 -0.05498000
v 0.00061400 0.37551400 -0.03833300
v 0.00157500 0.38036900 -0.04124800
v -0.00196400 0.37885800 -0.04206100
v 0.00941500 0.38010100 -0.06109700
v 0.00793800 0.37733000 -0.06081000
v -0.00562700 0.38220500 -0.04484000
v -0.00282000 0.38340600 -0.04405500
v 0.00388900 0.38534500 -0.06607900
v 0.00327500 0.38299000 -0.06542600
v -0.01049200 0.38537600 -0.04698500
v -0.00715400 0.38668800 -0.04663100
v -0.00320400 0.39122900 -0.06871300
v -0.00333900 0.38861100 -0.06820700
v -0.01420800 0.38891100 -0.04966200
v -0.01116000 0.38993900 -0.04955800
v -0.01120400 0.39689600 -0.06840400
v -0.01177900 0.39333000 -0.06886900
v -0.01548000 0.39376400 -0.05178600
v -0.01428200 0.39416200 -0.05210400
v -0.01953900 0.40184800 -0.06601800
v -0.02030700 0.39760100 -0.06672700
v -0.02029400 0.39699800 -0.05354600
v -0.01858000 0.39812400 -0.05272900
v -0.02791900 0.40622200 -0.06274500
v -0.02776100 0.40259700 -0.06384000
v -0.02672400 0.39928000 -0.05385200
v -0.02413500 0.40134200 -0.05158500
v -0.03533600 0.41038500 -0.05800400
v -0.03532600 0.40688300 -0.05995200
v -0.03147400 0.40190900 -0.05127200
v -0.02956100 0.40336800 -0.04915800
v -0.04159100 0.41469000 -0.05245500
v -0.04312400 0.40999500 -0.05541900
v -0.03494700 0.40458500 -0.04703100
v -0.03189000 0.40673200 -0.04530200
v -0.04980600 0.41785000 -0.04815200
v -0.04955100 0.41228700 -0.04980300
v -0.03783700 0.40663500 -0.04233500
v -0.03428400 0.40819600 -0.04043800
v -0.05358100 0.41605200 -0.04157200
v -0.05489700 0.41180100 -0.04302300
v -0.03940800 0.40802800 -0.03728300
v -0.03630900 0.40969800 -0.03555800
v -0.04471400 0.41623100 -0.03818000
v -0.04885200 0.41366900 -0.03737600
v -0.03995700 0.40795300 -0.03196200
v -0.03775300 0.40936300 -0.03023700
v -0.04275400 0.41482600 -0.02995500
v -0.04517000 0.41288200 -0.03035200
v -0.04134800 0.40649000 -0.02683500
v -0.03787600 0.40693700 -0.02569200
v -0.04455200 0.41264200 -0.02184200
v -0.04798200 0.40964000 -0.02346300
v -0.04489800 0.40341000 -0.02341700
v -0.03933200 0.40442700 -0.02110300
v 0.04038900 0.33100000 -0.04270700
v 0.03724300 0.33423800 -0.05546500
v 0.03975500 0.33458300 -0.05591900
v 0.04150200 0.33808300 -0.04070000
v 0.04210200 0.33681300 -0.04003800
v 0.04333200 0.32937100 -0.04370100
v 0.03100400 0.33834100 -0.06633200
v 0.03318100 0.33909700 -0.06696800
v 0.03847300 0.34296200 -0.05039300
v 0.03974800 0.34146700 -0.05141700
v 0.03409600 0.34590000 -0.06152600
v 0.02339200 0.34207900 -0.07628900
v 0.02515300 0.34335200 -0.07674300
v 0.03320800 0.34657000 -0.05951100
v 0.02727200 0.35007700 -0.07076800
v 0.02716900 0.35060200 -0.06785000
v 0.01358100 0.34556100 -0.08416200
v 0.01479600 0.34753000 -0.08397600
v 0.01803700 0.35332200 -0.07793900
v 0.01905500 0.35403000 -0.07429700
v 0.00256500 0.34866600 -0.09029200
v 0.00388700 0.35149100 -0.09050100
v 0.00803500 0.35675300 -0.08374900
v 0.01006600 0.35718900 -0.07957700
v -0.00777800 0.35389800 -0.09595900
v -0.00629300 0.35706900 -0.09703500
v -0.00189300 0.36232700 -0.08769400
v 0.00072100 0.36137700 -0.08312700
v -0.01794200 0.36056800 -0.09964400
v -0.01590900 0.36579200 -0.09935400
v -0.01181100 0.36917000 -0.08809400
v -0.00809700 0.36772300 -0.08396100
v -0.02700000 0.36930500 -0.09510200
v -0.02544600 0.37402100 -0.09415800
v -0.02099300 0.37565300 -0.08515300
v -0.01743800 0.37300700 -0.08218900
v -0.03590400 0.37696400 -0.08872300
v -0.03543600 0.38116900 -0.08829600
v -0.03015100 0.38263200 -0.08038900
v -0.02590500 0.37919500 -0.07858800
v -0.04410900 0.38459400 -0.08128600
v -0.04310600 0.38928900 -0.08019100
v -0.03740300 0.38890500 -0.07306800
v -0.03360400 0.38513500 -0.07321500
v -0.04955200 0.39101300 -0.07057800
v -0.04888900 0.39563600 -0.06918000
v -0.04224000 0.39457100 -0.06278700
v -0.03973800 0.39033200 -0.06506100
v -0.05362800 0.39541200 -0.05875900
v -0.05205800 0.40136600 -0.05685400
v -0.04594500 0.40022600 -0.05200000
v -0.04211400 0.39448900 -0.05364000
v -0.05407000 0.39563500 -0.04598400
v -0.05507400 0.40170600 -0.04436200
v -0.04811100 0.40102500 -0.04167200
v -0.04295000 0.39601600 -0.04472900
v -0.04969500 0.39105700 -0.03473000
v -0.05166800 0.39264200 -0.03754400
v -0.04618400 0.39530700 -0.03372600
v -0.04203500 0.39501500 -0.03403300
v -0.04793800 0.38753800 -0.02314800
v -0.04760500 0.39097200 -0.02417600
v -0.04291000 0.39124700 -0.02267500
v -0.03721800 0.39319100 -0.02422900
v 0.05854500 0.31544900 -0.05135700
v 0.05958800 0.30677900 -0.05377100
v 0.05384900 0.31048400 -0.06931500
v 0.05545400 0.31682700 -0.05013600
v 0.05382600 0.31933400 -0.06704700
v 0.05496700 0.30666800 -0.05350000
v 0.05650200 0.30379100 -0.05281900
v 0.05177300 0.30683200 -0.06910100
v 0.04602100 0.31622600 -0.08286500
v 0.04353900 0.31196800 -0.08285500
v 0.05293200 0.31554600 -0.05132400
v 0.05384000 0.32023000 -0.06565400
v 0.04719800 0.32321000 -0.08175800
v 0.05102500 0.30932400 -0.06956200
v 0.05073400 0.31907200 -0.06615100
v 0.04331900 0.31470800 -0.08303600
v 0.03546500 0.32114400 -0.09467000
v 0.03336300 0.31797200 -0.09472200
v 0.03310300 0.31998800 -0.09456000
v 0.04714900 0.32509400 -0.07875900
v 0.03647200 0.32843600 -0.09277700
v 0.04443600 0.32384600 -0.07917200
v 0.03432700 0.32776600 -0.08927000
v 0.02284500 0.32406500 -0.10473900
v 0.02098100 0.32161800 -0.10511300
v 0.02102700 0.32421600 -0.10427600
v 0.02277000 0.33270800 -0.09697600
v 0.03794400 0.33101200 -0.08939000
v 0.02397600 0.33303400 -0.10166300
v 0.02615100 0.33507000 -0.09785200
v 0.00937700 0.32841900 -0.11256300
v 0.00720300 0.32593200 -0.11288000
v 0.00740400 0.32696200 -0.11205400
v 0.00986700 0.33550200 -0.10260600
v 0.01280300 0.33790500 -0.10385100
v 0.01024700 0.33673300 -0.10885800
v -0.00475700 0.33520100 -0.11585000
v -0.00739200 0.33216700 -0.11566900
v -0.00725900 0.33134100 -0.11465000
v -0.00341000 0.34009600 -0.10564200
v -0.00071400 0.34181800 -0.10853800
v -0.00425800 0.34140900 -0.11264400
v -0.01978400 0.34003200 -0.11360900
v -0.02220200 0.33828100 -0.11331000
v -0.02203300 0.33654200 -0.11362100
v -0.01701600 0.34368700 -0.10493300
v -0.01450700 0.34699300 -0.10748100
v -0.01870400 0.34680200 -0.11019900
v -0.03378600 0.34639500 -0.10876500
v -0.03625100 0.34508400 -0.10843300
v -0.03559100 0.34236200 -0.10810700
v -0.02972100 0.34959000 -0.10142700
v -0.02777600 0.35205400 -0.10316600
v -0.03289800 0.35203600 -0.10567200
v -0.04634200 0.35317600 -0.10093100
v -0.04783700 0.35332400 -0.09976000
v -0.04781300 0.34977100 -0.10088500
v -0.04073000 0.35701300 -0.09517900
v -0.03977900 0.35834400 -0.09668100
v -0.04483000 0.35920000 -0.09761800
v -0.05654800 0.36182200 -0.09135300
v -0.05968600 0.35962100 -0.09007000
v -0.05846000 0.35733900 -0.09138000
v -0.05033000 0.36426800 -0.08639100
v -0.04971800 0.36616700 -0.08825000
v -0.05483000 0.36646400 -0.08703600
v -0.06578100 0.36897500 -0.07950700
v -0.06779700 0.36682000 -0.07695100
v -0.06681700 0.36549700 -0.07969000
v -0.05796900 0.36987000 -0.07461000
v -0.05779100 0.37232900 -0.07649100
v -0.06337700 0.37382900 -0.07518300
v -0.06913200 0.37527500 -0.06398500
v -0.07035500 0.37272800 -0.06094800
v -0.06703200 0.37155500 -0.06433400
v -0.06201200 0.37377100 -0.06027100
v -0.06172400 0.37788500 -0.06239400
v -0.06604400 0.37981300 -0.06034200
v -0.06746000 0.38017600 -0.04754500
v -0.06801400 0.37993600 -0.04562700
v -0.06397100 0.37349100 -0.04841100
v -0.05984200 0.37649200 -0.04539800
v -0.06069800 0.38233600 -0.04715000
v -0.06482100 0.38312200 -0.04580700
v -0.06078600 0.37823400 -0.03568800
v -0.06283300 0.37320800 -0.03506300
v -0.05817700 0.37090300 -0.03299900
v -0.05399400 0.37385400 -0.03148400
v -0.05524500 0.38013700 -0.03290500
v -0.05866400 0.38011300 -0.03608000
v -0.05361000 0.37284500 -0.02134600
v -0.05605300 0.36793800 -0.02017600
v -0.05083200 0.36509500 -0.01950400
v -0.04372200 0.36959500 -0.02227000
v -0.04796300 0.37453800 -0.02075200
v -0.05226400 0.37438000 -0.02214200
v 0.07506300 0.26489000 -0.08181600
v 0.07546600 0.25630300 -0.08308000
v 0.06528200 0.26215300 -0.09721900
v 0.07356700 0.26701900 -0.08022700
v 0.06477800 0.27018000 -0.09584100
v 0.07029000 0.26621100 -0.07935600
v 0.07046200 0.25638600 -0.08140200
v 0.07272200 0.25278500 -0.08154700
v 0.06311900 0.25894100 -0.09610000
v 0.05449300 0.26781200 -0.11094000
v 0.05251100 0.26530200 -0.10953300
v 0.06401700 0.27297100 -0.09397600
v 0.05463200 0.27570400 -0.10993900
v 0.06162500 0.27209200 -0.09293700
v 0.06244200 0.26269400 -0.09551500
v 0.05180700 0.26845700 -0.10778100
v 0.04038600 0.27302900 -0.12061300
v 0.03914400 0.27156000 -0.11968600
v 0.03898000 0.27360000 -0.11741400
v 0.05439700 0.27858600 -0.10768400
v 0.04112500 0.28036500 -0.12033100
v 0.05161600 0.27624100 -0.10610800
v 0.03963900 0.28248400 -0.11601800
v 0.02510100 0.27769500 -0.12842200
v 0.02374600 0.27618100 -0.12708500
v 0.02482600 0.27930100 -0.12416400
v 0.02564500 0.28743700 -0.12289600
v 0.04160900 0.28440400 -0.11768500
v 0.02620400 0.28506300 -0.12828500
v 0.02692300 0.28928300 -0.12476600
v 0.00879700 0.28334100 -0.13114000
v 0.00727900 0.28130200 -0.13008400
v 0.00961700 0.28458900 -0.12776800
v 0.01071700 0.29281100 -0.12631500
v 0.01153800 0.29333700 -0.12945500
v 0.00975100 0.28920400 -0.13164900
v -0.00826000 0.28676600 -0.13065900
v -0.00933100 0.28649200 -0.12895200
v -0.00626600 0.28881600 -0.12797300
v -0.00481400 0.29718900 -0.12684300
v -0.00458200 0.29773300 -0.12923400
v -0.00638800 0.29507800 -0.13151900
v -0.02380100 0.29415100 -0.12679200
v -0.02563100 0.29129800 -0.12484000
v -0.02161600 0.29355500 -0.12440300
v -0.02003500 0.30177100 -0.12388500
v -0.02061500 0.30229000 -0.12741800
v -0.02238800 0.30048500 -0.12795300
v -0.03909700 0.29741700 -0.12006200
v -0.04073100 0.29705300 -0.11784600
v -0.03530900 0.29941600 -0.11769900
v -0.03460100 0.30630200 -0.11818400
v -0.03556800 0.30762400 -0.12159600
v -0.03792100 0.30532900 -0.12183700
v -0.05331900 0.30431100 -0.11208700
v -0.05522800 0.30188700 -0.10872500
v -0.04838100 0.30504200 -0.10880700
v -0.04770000 0.31244600 -0.11028500
v -0.04964600 0.31240500 -0.11314500
v -0.05202600 0.31065300 -0.11281700
v -0.06647200 0.30831000 -0.10060500
v -0.06771400 0.30643400 -0.09663800
v -0.06108400 0.30967200 -0.09890700
v -0.05985600 0.31719500 -0.10003500
v -0.06272200 0.31721900 -0.10305600
v -0.06505400 0.31574700 -0.10197600
v -0.07703600 0.31352600 -0.08693600
v -0.07733900 0.31077700 -0.08170900
v -0.07025500 0.31468700 -0.08549800
v -0.07002200 0.32168700 -0.08741100
v -0.07187400 0.32107300 -0.08864300
v -0.07513500 0.32007800 -0.08757700
v -0.08162500 0.31760200 -0.06957900
v -0.07849000 0.31700400 -0.06459400
v -0.07482200 0.31802500 -0.06897900
v -0.07451600 0.32586800 -0.07123000
v -0.07875700 0.32429000 -0.07249600
v -0.07871400 0.32486700 -0.07040700
v -0.07946000 0.32448400 -0.05202300
v -0.07702300 0.32321200 -0.04687000
v -0.07296600 0.32195700 -0.05176200
v -0.07337200 0.32928900 -0.05418000
v -0.07652400 0.33011100 -0.05563300
v -0.07762600 0.32940800 -0.05222200
v -0.07326600 0.32916200 -0.03783500
v -0.07034000 0.32341800 -0.03711600
v -0.06538000 0.32342300 -0.03604600
v -0.06727800 0.33102100 -0.03810800
v -0.06934700 0.33294800 -0.03968300
v -0.07091800 0.33308800 -0.03834300
v -0.06075700 0.32758400 -0.02227600
v -0.06085100 0.32087900 -0.01978100
v -0.05585600 0.32028700 -0.02200100
v -0.05586900 0.33219700 -0.02565800
v -0.05872200 0.33310900 -0.02553400
v -0.06049400 0.33116000 -0.02341500
v 0.08254200 0.23592100 -0.09478300
v 0.08360400 0.22553800 -0.09324800
v 0.07159600 0.22784800 -0.10851300
v 0.08110600 0.23894100 -0.09343600
v 0.07191800 0.23946200 -0.10992300
v 0.07956700 0.23841100 -0.09252000
v 0.07888300 0.22651600 -0.08927200
v 0.07826900 0.22175900 -0.08804200
v 0.06907500 0.22401200 -0.10474400
v 0.05778500 0.23400800 -0.12008900
v 0.05715800 0.23031000 -0.11794000
v 0.07140600 0.24212100 -0.10821900
v 0.05704800 0.24471500 -0.11866600
v 0.07049000 0.24379200 -0.10780200
v 0.06827700 0.22987000 -0.10440000
v 0.05769400 0.23951600 -0.11418000
v 0.04172400 0.23764700 -0.12866200
v 0.04170500 0.23445900 -0.12689800
v 0.04272800 0.24490200 -0.12212800
v 0.05735100 0.24622200 -0.11708900
v 0.04174900 0.24768700 -0.12758400
v 0.05576300 0.24485500 -0.11636800
v 0.04054500 0.24861900 -0.12388400
v 0.02534700 0.24417600 -0.13445600
v 0.02603300 0.24190300 -0.13253800
v 0.02755600 0.25109900 -0.12872900
v 0.02547800 0.25452700 -0.12983900
v 0.04265400 0.24933700 -0.12512400
v 0.02601300 0.25386300 -0.13323400
v 0.02774900 0.25489700 -0.13102400
v 0.00870700 0.25145800 -0.13789100
v 0.01019100 0.25009100 -0.13638100
v 0.01185300 0.25832500 -0.13163600
v 0.00983600 0.26096700 -0.13220200
v 0.01260100 0.26178800 -0.13354700
v 0.01019700 0.26144300 -0.13618400
v -0.00797500 0.25903700 -0.13659500
v -0.00616100 0.25762300 -0.13604700
v -0.00397500 0.26566400 -0.13095900
v -0.00536200 0.26920800 -0.13129900
v -0.00252600 0.26938400 -0.13389300
v -0.00577000 0.26936800 -0.13547300
v -0.02424100 0.26746500 -0.13331200
v -0.02251100 0.26457200 -0.13186700
v -0.01984100 0.27228800 -0.12755600
v -0.02050600 0.27679800 -0.12744700
v -0.01765900 0.27642900 -0.13088700
v -0.02182300 0.27628400 -0.13199300
v -0.04064900 0.27246700 -0.12616700
v -0.03882000 0.26984600 -0.12563500
v -0.03600600 0.27538700 -0.12189800
v -0.03563200 0.28297500 -0.12147500
v -0.03310000 0.28152200 -0.12618000
v -0.03727100 0.28224600 -0.12516800
v -0.05585900 0.27876700 -0.11692600
v -0.05395200 0.27572800 -0.11670300
v -0.05072900 0.28036600 -0.11311000
v -0.05006000 0.28776300 -0.11262900
v -0.04701800 0.28748300 -0.11780700
v -0.05221700 0.28735000 -0.11646000
v -0.06989400 0.28320200 -0.10454100
v -0.06757100 0.28130000 -0.10502900
v -0.06430300 0.28639400 -0.10277500
v -0.06345400 0.29317500 -0.10223900
v -0.06068300 0.29244100 -0.10833200
v -0.06593300 0.29283100 -0.10581400
v -0.08127400 0.28712500 -0.08921700
v -0.07916800 0.28400300 -0.08985400
v -0.07604800 0.28904600 -0.08942200
v -0.07355400 0.29490600 -0.08731000
v -0.07126600 0.29671300 -0.09508600
v -0.07838200 0.29382900 -0.09233200
v -0.08315300 0.29296000 -0.07035500
v -0.08177000 0.29037800 -0.07211500
v -0.07940000 0.29406000 -0.07199300
v -0.07806200 0.29912300 -0.06972000
v -0.07695900 0.30063600 -0.07827000
v -0.08181100 0.30082000 -0.07526100
v -0.08106800 0.30064900 -0.05135800
v -0.07901300 0.29989200 -0.05514500
v -0.07630800 0.30007400 -0.05390700
v -0.07608500 0.30752600 -0.05289800
v -0.07615200 0.30756100 -0.06094000
v -0.08080400 0.30545800 -0.05609100
v -0.07290500 0.30310200 -0.03944800
v -0.07116400 0.30132800 -0.03856100
v -0.06974300 0.30153300 -0.03618000
v -0.06954800 0.31037600 -0.03547200
v -0.07319300 0.31318200 -0.04375400
v -0.07475500 0.31016500 -0.04009300
v -0.06498700 0.30300600 -0.02021700
v -0.06164100 0.29917600 -0.02212100
v -0.05913000 0.30281200 -0.02152300
v -0.05826600 0.30651300 -0.02315000
v -0.06564100 0.31225800 -0.02838400
v -0.06597600 0.30855800 -0.02282700
v 0.01384400 0.38098800 -0.05014890
v 0.01448810 0.38961040 -0.05262080
v 0.01273390 0.38289440 -0.05601450
v 0.01458390 0.37882800 -0.04850540
v 0.01334790 0.38382800 -0.03818070
v 0.01278280 0.37566640 -0.03741940
v 0.00506840 0.39505520 -0.07800540
v 0.01747060 0.38822400 -0.03811210
v 0.01663960 0.38752880 -0.03785110
v 0.01446810 0.38618960 -0.03633090
v 0.01566360 0.38682320 -0.03720400
v 0.01996940 0.39076720 -0.05029070
v 0.00845830 0.38554480 -0.07136910
v 0.01452030 0.38089840 -0.05776040
v 0.00748790 0.38790880 -0.07010600
v 0.01928720 0.37264160 -0.02963470
v 0.01361410 0.38517840 -0.03157970
v 0.00821390 0.37543520 -0.02812020
v 0.01297370 0.38465280 -0.02834560
v 0.01202220 0.38413760 -0.02439900
v 0.00971220 0.38245920 -0.01450450
v 0.00878800 0.37342480 -0.02880050
v 0.01006580 0.37190400 -0.02909080
v 0.00083000 0.38984400 -0.08361100
v -0.00741430 0.39976400 -0.09414440
v -0.00468670 0.40262640 -0.09373740
v 0.00067160 0.40074960 -0.09938630
v 0.00494670 0.39741440 -0.08905580
v 0.01706270 0.39296400 -0.07397490
v 0.01799810 0.38821200 -0.03681960
v 0.01731580 0.38738400 -0.03538900
v 0.01643840 0.38674800 -0.03527040
v 0.01543160 0.38635520 -0.03556840
v 0.01536610 0.38608800 -0.03422680
v 0.01454950 0.38553440 -0.03279580
v 0.02541820 0.38544080 -0.03859400
v 0.02215490 0.38886800 -0.03727690
v 0.01705890 0.38912240 -0.07564230
v 0.00470900 0.38986880 -0.08867890
v 0.00788300 0.38855520 -0.08455030
v 0.02218900 0.37821440 -0.04583650
v 0.02456160 0.37833520 -0.02896180
v 0.02301490 0.37274400 -0.02084640
v 0.01351590 0.36970640 -0.02622420
v 0.01891240 0.36922960 -0.02144790
v 0.01627380 0.38434080 -0.02774790
v 0.00631740 0.37407680 -0.02532960
v 0.00643670 0.37268880 -0.02649190
v 0.01592040 0.38522320 -0.02248820
v 0.01425900 0.38505120 -0.02080980
v 0.01251240 0.38434320 -0.02259050
v 0.01324360 0.38476880 -0.02176180
v 0.01651310 0.38386640 -0.02478670
v 0.00813850 0.37875280 -0.01774380
v 0.01336200 0.38538320 -0.01496770
v 0.00982460 0.38248640 -0.01328590
v 0.00904030 0.38050000 -0.01541260
v 0.00787110 0.37226240 -0.02773420
v 0.00723430 0.37171360 -0.02656900
v -0.00302760 0.39192880 -0.09147240
v -0.00937620 0.39740160 -0.10356610
v -0.00735820 0.40336720 -0.10131760
v -0.00602610 0.40405840 -0.09542730
v 0.00064740 0.40100560 -0.10196690
v -0.00151390 0.40217120 -0.10162500
v -0.00145020 0.40213360 -0.10017510
v 0.00635040 0.39770880 -0.09556800
v 0.00213800 0.39992880 -0.10025060
v 0.00597110 0.39753360 -0.09064730
v 0.00848930 0.39687520 -0.08839230
v 0.01098050 0.39624720 -0.08613870
v 0.01180940 0.39633600 -0.08270400
v 0.00946470 0.39463520 -0.09191510
v 0.01769990 0.38719600 -0.03405620
v 0.01931850 0.38750640 -0.03247780
v 0.01655180 0.38640400 -0.03358860
v 0.02341080 0.38557680 -0.02641950
v 0.02535890 0.38052240 -0.01923030
v 0.02509570 0.37696080 -0.01730230
v 0.02460000 0.37546320 -0.01720820
v 0.00919900 0.38965840 -0.08551460
v 0.00684740 0.38916720 -0.08647760
v -0.00107530 0.39276720 -0.09882320
v 0.00039940 0.39226640 -0.09754850
v 0.00134050 0.39254720 -0.09826950
v 0.00436380 0.39264080 -0.09547000
v 0.00759350 0.39013840 -0.08788360
v 0.02169320 0.37115840 -0.01936360
v 0.02300030 0.37276400 -0.01907050
v 0.01689150 0.36893360 -0.02051440
v 0.01391190 0.36907680 -0.02175830
v 0.01036500 0.36979040 -0.02424180
v 0.02005230 0.37021760 -0.01871990
v 0.01849310 0.36921040 -0.01977210
v 0.01727620 0.38576000 -0.03053380
v 0.01723030 0.38482640 -0.02789580
v 0.00727660 0.37701040 -0.01936450
v 0.00632170 0.37255760 -0.02537650
v 0.00674980 0.37355920 -0.02177830
v 0.01705060 0.38525200 -0.02168920
v 0.01654960 0.38567760 -0.01590330
v 0.01706600 0.38455360 -0.02303260
v 0.01800040 0.38471520 -0.02282940
v 0.01790600 0.38477680 -0.02594810
v 0.00787390 0.37625920 -0.01762170
v 0.01478300 0.38520720 -0.01294210
v 0.01329750 0.38488480 -0.01249200
v 0.01194180 0.38427120 -0.01232850
v 0.01234440 0.38328000 -0.01144790
v 0.01094520 0.38217280 -0.01204640
v 0.01181260 0.37819360 -0.01159620
v 0.00856950 0.37061920 -0.02490340
v -0.00764690 0.39538160 -0.10452720
v -0.00300360 0.39482240 -0.10474160
v -0.00226770 0.39420240 -0.10287640
v -0.01098440 0.40077680 -0.11300970
v -0.00959320 0.39870000 -0.11385600
v -0.00916200 0.39770080 -0.11056920
v -0.00715430 0.40334800 -0.10632250
v -0.00831330 0.40407200 -0.11374250
v -0.00725450 0.40326480 -0.10333050
v -0.00590050 0.40361280 -0.10147530
v -0.00294380 0.40304560 -0.10038400
v -0.00393160 0.40347520 -0.10039440
v -0.00475420 0.40373040 -0.10143230
v 0.00067170 0.40127280 -0.10434480
v 0.00192270 0.40027360 -0.10277310
v -0.00399820 0.40346160 -0.10297400
v 0.00546510 0.39849040 -0.11272910
v 0.00728270 0.39736400 -0.09144380
v 0.00743590 0.39600960 -0.09731620
v 0.00654470 0.39280640 -0.09482190
v 0.01860460 0.38695680 -0.03249020
v 0.01981590 0.38708480 -0.03075770
v 0.01835330 0.38564800 -0.02914450
v 0.01989310 0.38660960 -0.02900270
v 0.01983380 0.38613360 -0.02718660
v 0.01976860 0.38573120 -0.02526770
v 0.01958260 0.38541600 -0.02345150
v 0.01896940 0.38529680 -0.02214000
v 0.02296660 0.38338800 -0.01853950
v 0.01940610 0.38511280 -0.01953500
v 0.02491320 0.38029680 -0.01816370
v 0.02402580 0.38146880 -0.01819940
v 0.02416790 0.37706960 -0.01678230
v 0.02286100 0.37276800 -0.01759550
v 0.02256040 0.37405760 -0.01694970
v 0.02348430 0.37556480 -0.01671620
v -0.00148320 0.39359680 -0.10130700
v 0.00157100 0.39356160 -0.10018390
v 0.00031800 0.39409840 -0.10184390
v 0.00606890 0.39333760 -0.09522850
v 0.00569790 0.39293440 -0.09509850
v 0.00522220 0.39248560 -0.09494930
v 0.01601720 0.36933200 -0.02014160
v 0.00900750 0.37060320 -0.02320000
v 0.01446030 0.36961840 -0.02056870
v 0.01753570 0.37089360 -0.01839050
v 0.02011000 0.37157200 -0.01767420
v 0.01653370 0.36997920 -0.01913270
v 0.00764800 0.37208960 -0.02245030
v 0.00746770 0.37152560 -0.02383620
v 0.00793390 0.37276800 -0.02114960
v 0.01812730 0.38525840 -0.02137420
v 0.01821690 0.38493760 -0.01487440
v 0.01879660 0.38559680 -0.02745130
v 0.00939310 0.37562560 -0.01637070
v 0.01020110 0.37643440 -0.01423030
v 0.01504950 0.38376080 -0.01185030
v 0.01376360 0.38047920 -0.01099560
v 0.01528700 0.38225440 -0.01108600
v 0.01168570 0.37686880 -0.01264310
v 0.01309960 0.37837760 -0.01151560
v -0.00480030 0.39514080 -0.10773580
v -0.00698360 0.39723440 -0.11401320
v -0.00445320 0.39566560 -0.11057060
v -0.00316260 0.39533360 -0.10796870
v -0.00161440 0.39560480 -0.10816430
v -0.00116360 0.39516000 -0.10566150
v -0.00057140 0.39456480 -0.10366500
v -0.00837670 0.39893520 -0.11771920
v -0.01000920 0.40515520 -0.11813600
v -0.00977780 0.40532640 -0.12512290
v -0.00729790 0.40468480 -0.11353260
v -0.00544830 0.40360960 -0.10619830
v -0.00567920 0.40391040 -0.10970400
v -0.00855650 0.40552560 -0.11749330
v -0.00739080 0.40538640 -0.11576960
v -0.00372180 0.40355920 -0.10579210
v -0.00127360 0.40261440 -0.10677510
v 0.00202210 0.40048880 -0.10534460
v 0.00119270 0.40146880 -0.10753800
v 0.00640630 0.39410960 -0.09668850
v 0.00208280 0.40152640 -0.11097430
v 0.00131910 0.39504320 -0.10396680
v 0.00063890 0.39546000 -0.10597190
v 0.00014830 0.39587680 -0.10840340
v -0.00301520 0.39571920 -0.11079070
v 0.00348720 0.39704720 -0.12027410
v 0.00899870 0.39907120 -0.12179960
v 0.00231790 0.39701600 -0.11716190
v 0.00324050 0.40198960 -0.11555140
v 0.02069300 0.38159120 -0.01518240
v 0.02183530 0.38219040 -0.01662050
v 0.02292510 0.38036080 -0.01708970
v 0.02193580 0.37562480 -0.01656880
v 0.02160570 0.37978560 -0.01578510
v 0.02127320 0.37264880 -0.01727970
v 0.02075990 0.37416480 -0.01685400
v 0.01101480 0.37061440 -0.02159130
v 0.00920510 0.37132720 -0.02175810
v 0.01517880 0.37046240 -0.01945760
v 0.01621640 0.37152640 -0.01860070
v 0.01863840 0.37198400 -0.01767760
v 0.01174740 0.37543680 -0.01397410
v 0.01461240 0.37851840 -0.01173050
v 0.01629830 0.38030080 -0.01194550
v 0.00123710 0.39656160 -0.12308750
v 0.00028680 0.39702320 -0.12585580
v -0.00596050 0.39766560 -0.11768300
v -0.00705740 0.39839120 -0.11819480
v 0.00115090 0.39717120 -0.12816860
v -0.00051160 0.40202720 -0.13572510
v -0.00604980 0.40891600 -0.12496880
v -0.00744480 0.40889600 -0.12544700
v -0.00536810 0.40493520 -0.11377080
v -0.00353590 0.40390320 -0.10948410
v -0.00583200 0.40715520 -0.12083310
v -0.00447630 0.40595200 -0.11831070
v -0.00064940 0.40289840 -0.11041520
v 0.00030510 0.40350560 -0.11502520
v 0.00062980 0.39668960 -0.11729700
v 0.00913190 0.39658400 -0.12619160
v 0.00548780 0.39597200 -0.12874160
v 0.00182250 0.39675120 -0.12026790
v 0.01083630 0.40122000 -0.12959440
v 0.01156970 0.39851840 -0.12815550
v 0.00161850 0.40392000 -0.11936430
v 0.01794690 0.37534880 -0.01604580
v 0.01585300 0.37841440 -0.01244750
v 0.00297260 0.39631680 -0.12753960
v 0.00055000 0.40116320 -0.13609830
v 0.00018690 0.40314320 -0.13631650
v -0.00316760 0.40932720 -0.13172590
v 0.00140080 0.40602960 -0.12554990
v -0.00039470 0.40918480 -0.12900590
v 0.00013070 0.40784240 -0.12735940
v -0.00218500 0.41018960 -0.13104680
v -0.00158930 0.40540000 -0.11893430
v -0.00265430 0.40463040 -0.11435060
v 0.01116860 0.39773440 -0.13280660
v 0.00343250 0.39865680 -0.13618310
v 0.00570020 0.39816160 -0.13618010
v 0.00232970 0.40728640 -0.13011380
v 0.00338700 0.40555600 -0.12749740
v 0.00364410 0.40640240 -0.13158530
v 0.00479830 0.40496560 -0.13324060
v 0.00193870 0.40183120 -0.13739590
v 0.00048400 0.40544320 -0.13563560
v 0.00229450 0.40812560 -0.13291260
v 0.00180980 0.40684000 -0.12812700
v 0.00095400 0.40892800 -0.13109030
v 0.00474780 0.39947520 -0.13729000
v 0.00243300 0.40776080 -0.13159670
v 0.01273390 0.38289440 0.05601450
v 0.01448810 0.38961040 0.05262080
v 0.01384400 0.38098800 0.05014890
v 0.01458390 0.37882800 0.04850540
v 0.01452030 0.38089840 0.05776040
v 0.00845830 0.38554480 0.07136910
v 0.00748790 0.38790880 0.07010600
v 0.00506840 0.39505520 0.07800540
v 0.01663960 0.38752880 0.03785110
v 0.01747060 0.38822400 0.03811210
v 0.01566360 0.38682320 0.03720400
v 0.01446810 0.38618960 0.03633090
v 0.01334790 0.38382800 0.03818070
v 0.01996940 0.39076720 0.05029070
v 0.01278280 0.37566640 0.03741940
v 0.01928720 0.37264160 0.02963470
v 0.02218900 0.37821440 0.04583650
v 0.01705890 0.38912240 0.07564230
v 0.00083000 0.38984400 0.08361100
v 0.00470900 0.38986880 0.08867890
v 0.00788300 0.38855520 0.08455030
v -0.00741430 0.39976400 0.09414440
v -0.00468670 0.40262640 0.09373740
v 0.00067160 0.40074960 0.09938630
v 0.00494670 0.39741440 0.08905580
v 0.01706270 0.39296400 0.07397490
v 0.01731580 0.38738400 0.03538900
v 0.01799810 0.38821200 0.03681960
v 0.01643840 0.38674800 0.03527040
v 0.01543160 0.38635520 0.03556840
v 0.01536610 0.38608800 0.03422680
v 0.01361410 0.38517840 0.03157970
v 0.01454950 0.38553440 0.03279580
v 0.00821390 0.37543520 0.02812020
v 0.01297370 0.38465280 0.02834560
v 0.01202220 0.38413760 0.02439900
v 0.00971220 0.38245920 0.01450450
v 0.02541820 0.38544080 0.03859400
v 0.02215490 0.38886800 0.03727690
v 0.00878800 0.37342480 0.02880050
v 0.01006580 0.37190400 0.02909080
v 0.02301490 0.37274400 0.02084640
v 0.02456160 0.37833520 0.02896180
v 0.01351590 0.36970640 0.02622420
v 0.01891240 0.36922960 0.02144790
v 0.00919900 0.38965840 0.08551460
v 0.00946470 0.39463520 0.09191510
v -0.00302760 0.39192880 0.09147240
v 0.00684740 0.38916720 0.08647760
v 0.00039940 0.39226640 0.09754850
v -0.00107530 0.39276720 0.09882320
v 0.00436380 0.39264080 0.09547000
v 0.00134050 0.39254720 0.09826950
v 0.00759350 0.39013840 0.08788360
v -0.00937620 0.39740160 0.10356610
v -0.00602610 0.40405840 0.09542730
v -0.00735820 0.40336720 0.10131760
v -0.00151390 0.40217120 0.10162500
v 0.00064740 0.40100560 0.10196690
v -0.00145020 0.40213360 0.10017510
v 0.00213800 0.39992880 0.10025060
v 0.00635040 0.39770880 0.09556800
v 0.00597110 0.39753360 0.09064730
v 0.00848930 0.39687520 0.08839230
v 0.01098050 0.39624720 0.08613870
v 0.01180940 0.39633600 0.08270400
v 0.01769990 0.38719600 0.03405620
v 0.01655180 0.38640400 0.03358860
v 0.01931850 0.38750640 0.03247780
v 0.01627380 0.38434080 0.02774790
v 0.00631740 0.37407680 0.02532960
v 0.00643670 0.37268880 0.02649190
v 0.01425900 0.38505120 0.02080980
v 0.01592040 0.38522320 0.02248820
v 0.01251240 0.38434320 0.02259050
v 0.01324360 0.38476880 0.02176180
v 0.01651310 0.38386640 0.02478670
v 0.00813850 0.37875280 0.01774380
v 0.01336200 0.38538320 0.01496770
v 0.00982460 0.38248640 0.01328590
v 0.00904030 0.38050000 0.01541260
v 0.02341080 0.38557680 0.02641950
v 0.02509570 0.37696080 0.01730230
v 0.02535890 0.38052240 0.01923030
v 0.02460000 0.37546320 0.01720820
v 0.00787110 0.37226240 0.02773420
v 0.00723430 0.37171360 0.02656900
v 0.02169320 0.37115840 0.01936360
v 0.02300030 0.37276400 0.01907050
v 0.01689150 0.36893360 0.02051440
v 0.01391190 0.36907680 0.02175830
v 0.01036500 0.36979040 0.02424180
v 0.01849310 0.36921040 0.01977210
v 0.02005230 0.37021760 0.01871990
v 0.00654470 0.39280640 0.09482190
v 0.00743590 0.39600960 0.09731620
v -0.00300360 0.39482240 0.10474160
v -0.00764690 0.39538160 0.10452720
v -0.00226770 0.39420240 0.10287640
v -0.00148320 0.39359680 0.10130700
v 0.00569790 0.39293440 0.09509850
v 0.00606890 0.39333760 0.09522850
v 0.00157100 0.39356160 0.10018390
v 0.00522220 0.39248560 0.09494930
v 0.00031800 0.39409840 0.10184390
v -0.00959320 0.39870000 0.11385600
v -0.01098440 0.40077680 0.11300970
v -0.00916200 0.39770080 0.11056920
v -0.00831330 0.40407200 0.11374250
v -0.00715430 0.40334800 0.10632250
v -0.00725450 0.40326480 0.10333050
v -0.00393160 0.40347520 0.10039440
v -0.00294380 0.40304560 0.10038400
v -0.00475420 0.40373040 0.10143230
v -0.00590050 0.40361280 0.10147530
v -0.00399820 0.40346160 0.10297400
v 0.00067170 0.40127280 0.10434480
v 0.00192270 0.40027360 0.10277310
v 0.00546510 0.39849040 0.11272910
v 0.00728270 0.39736400 0.09144380
v 0.01860460 0.38695680 0.03249020
v 0.01727620 0.38576000 0.03053380
v 0.01835330 0.38564800 0.02914450
v 0.01981590 0.38708480 0.03075770
v 0.01723030 0.38482640 0.02789580
v 0.00727660 0.37701040 0.01936450
v 0.00632170 0.37255760 0.02537650
v 0.00674980 0.37355920 0.02177830
v 0.01654960 0.38567760 0.01590330
v 0.01705060 0.38525200 0.02168920
v 0.01706600 0.38455360 0.02303260
v 0.01790600 0.38477680 0.02594810
v 0.01800040 0.38471520 0.02282940
v 0.00787390 0.37625920 0.01762170
v 0.01329750 0.38488480 0.01249200
v 0.01478300 0.38520720 0.01294210
v 0.01194180 0.38427120 0.01232850
v 0.01234440 0.38328000 0.01144790
v 0.01094520 0.38217280 0.01204640
v 0.01181260 0.37819360 0.01159620
v 0.01989310 0.38660960 0.02900270
v 0.01976860 0.38573120 0.02526770
v 0.01983380 0.38613360 0.02718660
v 0.01896940 0.38529680 0.02214000
v 0.01958260 0.38541600 0.02345150
v 0.02296660 0.38338800 0.01853950
v 0.01940610 0.38511280 0.01953500
v 0.02491320 0.38029680 0.01816370
v 0.02416790 0.37706960 0.01678230
v 0.02402580 0.38146880 0.01819940
v 0.02286100 0.37276800 0.01759550
v 0.02256040 0.37405760 0.01694970
v 0.02348430 0.37556480 0.01671620
v 0.00856950 0.37061920 0.02490340
v 0.01601720 0.36933200 0.02014160
v 0.01446030 0.36961840 0.02056870
v 0.00900750 0.37060320 0.02320000
v 0.01753570 0.37089360 0.01839050
v 0.01653370 0.36997920 0.01913270
v 0.02011000 0.37157200 0.01767420
v 0.00640630 0.39410960 0.09668850
v -0.00161440 0.39560480 0.10816430
v -0.00316260 0.39533360 0.10796870
v -0.00480030 0.39514080 0.10773580
v -0.00116360 0.39516000 0.10566150
v -0.00445320 0.39566560 0.11057060
v -0.00698360 0.39723440 0.11401320
v -0.00057140 0.39456480 0.10366500
v 0.00131910 0.39504320 0.10396680
v -0.00837670 0.39893520 0.11771920
v -0.01000920 0.40515520 0.11813600
v -0.00977780 0.40532640 0.12512290
v -0.00855650 0.40552560 0.11749330
v -0.00729790 0.40468480 0.11353260
v -0.00739080 0.40538640 0.11576960
v -0.00544830 0.40360960 0.10619830
v -0.00567920 0.40391040 0.10970400
v -0.00372180 0.40355920 0.10579210
v -0.00127360 0.40261440 0.10677510
v 0.00202210 0.40048880 0.10534460
v 0.00119270 0.40146880 0.10753800
v 0.00208280 0.40152640 0.11097430
v 0.00063890 0.39546000 0.10597190
v -0.00301520 0.39571920 0.11079070
v 0.00014830 0.39587680 0.10840340
v 0.00899870 0.39907120 0.12179960
v 0.00348720 0.39704720 0.12027410
v 0.00231790 0.39701600 0.11716190
v 0.00324050 0.40198960 0.11555140
v 0.01879660 0.38559680 0.02745130
v 0.00764800 0.37208960 0.02245030
v 0.00746770 0.37152560 0.02383620
v 0.00793390 0.37276800 0.02114960
v 0.01812730 0.38525840 0.02137420
v 0.01821690 0.38493760 0.01487440
v 0.00939310 0.37562560 0.01637070
v 0.01020110 0.37643440 0.01423030
v 0.01504950 0.38376080 0.01185030
v 0.01376360 0.38047920 0.01099560
v 0.01528700 0.38225440 0.01108600
v 0.01168570 0.37686880 0.01264310
v 0.01309960 0.37837760 0.01151560
v 0.02183530 0.38219040 0.01662050
v 0.02069300 0.38159120 0.01518240
v 0.02292510 0.38036080 0.01708970
v 0.02193580 0.37562480 0.01656880
v 0.02160570 0.37978560 0.01578510
v 0.02127320 0.37264880 0.01727970
v 0.02075990 0.37416480 0.01685400
v 0.01101480 0.37061440 0.02159130
v 0.01517880 0.37046240 0.01945760
v 0.00920510 0.37132720 0.02175810
v 0.01863840 0.37198400 0.01767760
v 0.01621640 0.37152640 0.01860070
v 0.00123710 0.39656160 0.12308750
v 0.00028680 0.39702320 0.12585580
v -0.00596050 0.39766560 0.11768300
v -0.00705740 0.39839120 0.11819480
v 0.00115090 0.39717120 0.12816860
v -0.00051160 0.40202720 0.13572510
v -0.00604980 0.40891600 0.12496880
v -0.00744480 0.40889600 0.12544700
v -0.00583200 0.40715520 0.12083310
v -0.00536810 0.40493520 0.11377080
v -0.00447630 0.40595200 0.11831070
v -0.00353590 0.40390320 0.10948410
v -0.00064940 0.40289840 0.11041520
v 0.00030510 0.40350560 0.11502520
v 0.00062980 0.39668960 0.11729700
v 0.01083630 0.40122000 0.12959440
v 0.00913190 0.39658400 0.12619160
v 0.01156970 0.39851840 0.12815550
v 0.00548780 0.39597200 0.12874160
v 0.00182250 0.39675120 0.12026790
v 0.00161850 0.40392000 0.11936430
v 0.01174740 0.37543680 0.01397410
v 0.01461240 0.37851840 0.01173050
v 0.01629830 0.38030080 0.01194550
v 0.01794690 0.37534880 0.01604580
v 0.00297260 0.39631680 0.12753960
v 0.00055000 0.40116320 0.13609830
v 0.00018690 0.40314320 0.13631650
v -0.00316760 0.40932720 0.13172590
v 0.00140080 0.40602960 0.12554990
v 0.00013070 0.40784240 0.12735940
v -0.00039470 0.40918480 0.12900590
v -0.00218500 0.41018960 0.13104680
v -0.00158930 0.40540000 0.11893430
v -0.00265430 0.40463040 0.11435060
v 0.00338700 0.40555600 0.12749740
v 0.00232970 0.40728640 0.13011380
v 0.00364410 0.40640240 0.13158530
v 0.00479830 0.40496560 0.13324060
v 0.01116860 0.39773440 0.13280660
v 0.00343250 0.39865680 0.13618310
v 0.00570020 0.39816160 0.13618010
v 0.01585300 0.37841440 0.01244750
v 0.00193870 0.40183120 0.13739590
v 0.00048400 0.40544320 0.13563560
v 0.00229450 0.40812560 0.13291260
v 0.00180980 0.40684000 0.12812700
v 0.00095400 0.40892800 0.13109030
v 0.00243300 0.40776080 0.13159670
v 0.00474780 0.39947520 0.13729000
f 1 2 3
f 4 5 1
f 1 3 6
f 4 1 6
f 5 2 1
f 5 7 2
f 7 3 2
f 3 8 9
f 7 10 3
f 3 9 6
f 10 8 3
f 11 4 6
f 12 13 4
f 4 11 12
f 13 5 4
f 13 14 5
f 14 7 5
f 11 6 9
f 14 15 7
f 15 10 7
f 10 16 8
f 16 9 8
f 16 11 9
f 15 17 10
f 17 16 10
f 18 12 11
f 18 11 16
f 19 20 12
f 19 12 18
f 20 13 12
f 20 21 13
f 21 14 13
f 21 22 14
f 22 15 14
f 22 23 15
f 23 17 15
f 17 18 16
f 23 24 17
f 24 18 17
f 24 19 18
f 25 26 19
f 25 19 24
f 26 20 19
f 26 27 20
f 27 21 20
f 27 28 21
f 28 22 21
f 28 29 22
f 29 23 22
f 29 30 23
f 30 24 23
f 30 25 24
f 31 32 25
f 31 25 30
f 32 26 25
f 32 33 26
f 33 27 26
f 33 34 27
f 34 28 27
f 34 35 28
f 35 29 28
f 35 36 29
f 36 30 29
f 36 31 30
f 37 38 31
f 38 32 31
f 37 31 36
f 38 39 32
f 39 33 32
f 39 40 33
f 40 34 33
f 40 41 34
f 41 35 34
f 41 42 35
f 42 36 35
f 42 37 36
f 43 44 37
f 43 37 42
f 44 38 37
f 44 45 38
f 39 38 45
f 45 46 39
f 46 40 39
f 46 47 40
f 47 41 40
f 47 48 41
f 48 42 41
f 48 43 42
f 49 50 43
f 49 43 48
f 50 44 43
f 50 51 44
f 51 45 44
f 51 52 45
f 52 46 45
f 52 53 46
f 53 47 46
f 53 54 47
f 54 48 47
f 54 49 48
f 55 56 49
f 55 49 54
f 56 50 49
f 57 50 56
f 57 51 50
f 57 58 51
f 58 52 51
f 58 59 52
f 59 53 52
f 59 60 53
f 60 54 53
f 60 55 54
f 61 62 55
f 61 55 60
f 62 56 55
f 62 63 56
f 57 56 63
f 63 64 57
f 64 58 57
f 64 65 58
f 65 59 58
f 65 66 59
f 66 60 59
f 66 61 60
f 67 68 61
f 67 61 66
f 68 62 61
f 68 69 62
f 69 63 62
f 69 70 63
f 64 63 70
f 70 71 64
f 71 65 64
f 71 72 65
f 72 66 65
f 72 67 66
f 73 74 67
f 74 68 67
f 73 67 72
f 74 75 68
f 75 69 68
f 75 76 69
f 76 70 69
f 76 77 70
f 77 71 70
f 77 78 71
f 78 72 71
f 78 73 72
f 79 80 73
f 79 73 78
f 80 74 73
f 80 81 74
f 81 75 74
f 81 82 75
f 82 76 75
f 82 83 76
f 83 77 76
f 83 84 77
f 84 78 77
f 84 79 78
f 85 86 79
f 85 79 84
f 86 80 79
f 86 87 80
f 87 81 80
f 87 88 81
f 88 82 81
f 88 89 82
f 89 83 82
f 89 90 83
f 90 84 83
f 90 85 84
f 91 92 85
f 91 85 90
f 92 86 85
f 92 93 86
f 93 87 86
f 93 94 87
f 94 88 87
f 94 95 88
f 95 89 88
f 95 96 89
f 96 90 89
f 96 91 90
f 91 96 95
f 92 91 95
f 92 94 93
f 92 95 94
f 97 98 99
f 98 97 100
f 97 101 102
f 97 99 101
f 97 102 100
f 99 98 103
f 98 100 103
f 99 104 101
f 104 99 105
f 99 103 105
f 103 100 106
f 100 102 107
f 100 107 106
f 104 108 101
f 101 108 109
f 101 109 102
f 102 109 110
f 102 110 107
f 105 103 111
f 103 106 111
f 108 104 112
f 104 105 112
f 112 105 113
f 105 111 113
f 111 106 114
f 106 107 115
f 106 115 114
f 107 110 116
f 107 116 115
f 108 112 109
f 109 112 117
f 109 117 110
f 110 117 118
f 110 118 116
f 113 111 119
f 111 114 119
f 112 113 117
f 117 113 120
f 113 119 120
f 119 114 121
f 114 115 122
f 114 122 121
f 115 116 123
f 115 123 122
f 116 118 124
f 116 124 123
f 117 120 118
f 118 120 125
f 118 125 124
f 120 119 126
f 119 121 126
f 120 126 125
f 126 121 127
f 121 122 128
f 121 128 127
f 122 123 129
f 129 128 122
f 123 124 130
f 123 130 129
f 124 125 131
f 124 131 130
f 125 126 132
f 125 132 131
f 126 127 132
f 132 127 133
f 127 128 134
f 127 134 133
f 128 129 135
f 128 135 134
f 129 130 136
f 129 136 135
f 130 131 137
f 130 137 136
f 131 132 138
f 131 138 137
f 132 133 138
f 138 133 139
f 133 134 140
f 133 140 139
f 134 135 141
f 134 141 140
f 135 136 142
f 135 142 141
f 136 137 143
f 136 143 142
f 137 138 144
f 137 144 143
f 138 139 144
f 144 139 145
f 139 140 146
f 139 146 145
f 141 147 140
f 140 147 146
f 141 142 148
f 141 148 147
f 142 143 149
f 142 149 148
f 144 150 143
f 143 150 149
f 144 145 150
f 150 145 151
f 145 146 152
f 145 152 151
f 146 147 153
f 146 153 152
f 147 148 154
f 147 154 153
f 148 149 155
f 148 155 154
f 150 156 149
f 149 156 155
f 150 151 156
f 156 151 157
f 151 152 158
f 151 158 157
f 152 153 159
f 152 159 158
f 153 154 160
f 153 160 159
f 154 155 161
f 154 161 160
f 155 156 162
f 155 162 161
f 156 157 162
f 162 157 163
f 157 158 164
f 157 164 163
f 158 159 165
f 158 165 164
f 159 160 166
f 159 166 165
f 160 161 167
f 160 167 166
f 161 162 168
f 161 168 167
f 162 163 168
f 168 163 169
f 163 164 170
f 163 170 169
f 164 165 171
f 164 171 170
f 165 166 172
f 165 172 171
f 166 167 173
f 166 173 172
f 167 168 174
f 167 174 173
f 168 169 174
f 174 169 175
f 169 170 176
f 169 176 175
f 170 171 177
f 170 177 176
f 171 172 178
f 171 178 177
f 172 173 179
f 172 179 178
f 173 174 180
f 173 180 179
f 174 175 180
f 180 175 181
f 175 176 182
f 175 182 181
f 176 177 183
f 176 183 182
f 177 178 184
f 177 184 183
f 178 179 185
f 178 185 184
f 179 180 186
f 179 186 185
f 180 181 186
f 187 181 182
f 188 181 187
f 189 186 181
f 188 189 181
f 182 183 190
f 182 190 191
f 191 187 182
f 183 184 192
f 183 192 190
f 184 185 193
f 184 193 192
f 185 186 189
f 185 189 193
f 188 187 191
f 189 188 193
f 193 188 191
f 193 191 190
f 193 190 192
f 194 195 196
f 194 196 197
f 198 195 194
f 198 194 199
f 199 194 197
f 200 201 195
f 200 195 198
f 201 202 195
f 196 195 202
f 197 196 202
f 202 203 197
f 199 197 203
f 204 200 198
f 204 198 205
f 205 198 199
f 206 205 199
f 206 199 203
f 207 208 200
f 207 200 204
f 208 201 200
f 208 209 201
f 209 210 201
f 201 210 202
f 210 211 202
f 202 211 203
f 211 206 203
f 212 207 204
f 212 204 213
f 213 204 205
f 213 205 206
f 214 213 206
f 214 206 211
f 215 216 207
f 215 207 212
f 216 208 207
f 216 217 208
f 217 209 208
f 217 218 209
f 218 219 209
f 209 219 210
f 219 214 210
f 210 214 211
f 220 215 212
f 220 212 221
f 221 212 213
f 221 213 214
f 219 221 214
f 222 223 215
f 222 215 220
f 223 216 215
f 223 224 216
f 224 217 216
f 224 225 217
f 225 218 217
f 225 226 218
f 226 227 218
f 218 227 219
f 227 221 219
f 228 222 220
f 228 220 227
f 227 220 221
f 229 230 222
f 229 222 228
f 230 223 222
f 230 231 223
f 231 224 223
f 231 232 224
f 232 225 224
f 232 233 225
f 233 226 225
f 233 234 226
f 234 228 226
f 228 227 226
f 229 228 234
f 235 236 229
f 236 230 229
f 235 229 234
f 236 237 230
f 237 231 230
f 237 238 231
f 238 232 231
f 238 239 232
f 239 233 232
f 239 240 233
f 240 234 233
f 240 235 234
f 241 242 235
f 241 235 240
f 242 236 235
f 242 243 236
f 243 237 236
f 243 244 237
f 244 238 237
f 244 245 238
f 245 239 238
f 245 246 239
f 246 240 239
f 246 241 240
f 247 248 241
f 247 241 246
f 248 242 241
f 248 249 242
f 249 243 242
f 249 250 243
f 250 244 243
f 250 251 244
f 251 245 244
f 251 252 245
f 252 246 245
f 252 247 246
f 253 254 247
f 253 247 252
f 254 248 247
f 254 255 248
f 255 249 248
f 255 256 249
f 256 250 249
f 256 257 250
f 257 251 250
f 257 258 251
f 258 252 251
f 258 253 252
f 259 260 253
f 259 253 258
f 260 254 253
f 260 261 254
f 261 255 254
f 261 262 255
f 262 256 255
f 262 263 256
f 263 257 256
f 263 264 257
f 264 258 257
f 264 259 258
f 265 266 259
f 259 264 265
f 266 260 259
f 266 267 260
f 267 261 260
f 267 268 261
f 268 262 261
f 268 269 262
f 269 263 262
f 269 270 263
f 270 264 263
f 270 265 264
f 271 272 265
f 272 266 265
f 271 265 270
f 272 273 266
f 273 267 266
f 273 274 267
f 274 268 267
f 274 275 268
f 275 269 268
f 275 276 269
f 276 270 269
f 276 271 270
f 277 278 271
f 278 272 271
f 277 271 276
f 278 279 272
f 279 273 272
f 279 280 273
f 280 274 273
f 280 281 274
f 281 275 274
f 281 282 275
f 282 276 275
f 282 277 276
f 283 284 277
f 283 277 282
f 284 278 277
f 284 285 278
f 285 279 278
f 285 286 279
f 286 280 279
f 286 287 280
f 287 281 280
f 287 288 281
f 288 282 281
f 288 283 282
f 285 283 286
f 285 284 283
f 283 288 287
f 287 286 283
f 289 290 291
f 292 293 289
f 289 291 294
f 292 289 294
f 293 290 289
f 290 295 296
f 293 297 290
f 290 296 291
f 297 295 290
f 298 299 291
f 294 291 299
f 298 291 296
f 292 299 300
f 294 299 292
f 292 300 301
f 301 293 292
f 301 302 293
f 302 297 293
f 297 303 295
f 303 296 295
f 303 298 296
f 302 304 297
f 304 303 297
f 305 306 298
f 306 299 298
f 305 298 303
f 306 300 299
f 307 308 300
f 301 300 308
f 307 300 306
f 301 308 309
f 309 302 301
f 309 310 302
f 310 304 302
f 304 305 303
f 310 311 304
f 311 305 304
f 311 312 305
f 312 306 305
f 312 307 306
f 313 314 307
f 314 308 307
f 313 307 312
f 314 315 308
f 309 308 315
f 309 315 316
f 316 310 309
f 316 317 310
f 317 311 310
f 317 318 311
f 318 312 311
f 318 313 312
f 319 320 313
f 319 313 318
f 320 314 313
f 320 321 314
f 321 315 314
f 321 322 315
f 316 315 322
f 316 322 323
f 323 317 316
f 323 324 317
f 324 318 317
f 324 319 318
f 325 326 319
f 325 319 324
f 326 320 319
f 326 327 320
f 327 321 320
f 327 328 321
f 328 322 321
f 328 329 322
f 323 322 329
f 323 329 330
f 330 324 323
f 330 325 324
f 331 332 325
f 331 325 330
f 332 326 325
f 332 333 326
f 333 327 326
f 333 334 327
f 334 328 327
f 334 335 328
f 335 329 328
f 335 336 329
f 330 329 336
f 330 336 331
f 331 336 337
f 331 337 338
f 338 332 331
f 338 339 332
f 339 333 332
f 339 340 333
f 340 334 333
f 340 341 334
f 341 335 334
f 341 342 335
f 342 336 335
f 342 337 336
f 343 344 337
f 338 337 344
f 343 337 342
f 338 344 345
f 345 339 338
f 345 346 339
f 346 340 339
f 346 347 340
f 347 341 340
f 347 348 341
f 348 342 341
f 348 343 342
f 349 350 343
f 350 344 343
f 349 343 348
f 350 351 344
f 345 344 351
f 345 351 352
f 352 346 345
f 352 353 346
f 353 347 346
f 353 354 347
f 354 348 347
f 349 348 354
f 355 349 356
f 356 349 354
f 355 350 349
f 355 357 350
f 357 351 350
f 357 358 351
f 351 358 352
f 352 358 359
f 359 353 352
f 359 360 353
f 360 354 353
f 360 356 354
f 361 355 356
f 361 362 355
f 362 357 355
f 363 361 356
f 363 356 360
f 362 364 357
f 364 358 357
f 364 365 358
f 359 358 365
f 359 365 366
f 366 360 359
f 366 363 360
f 367 361 363
f 367 368 361
f 368 362 361
f 368 369 362
f 369 364 362
f 370 367 363
f 370 363 366
f 369 371 364
f 371 365 364
f 371 372 365
f 366 365 372
f 366 372 370
f 373 367 370
f 373 368 367
f 373 374 368
f 374 369 368
f 374 375 369
f 375 371 369
f 370 372 376
f 370 376 373
f 375 377 371
f 377 372 371
f 377 376 372
f 373 376 378
f 378 374 373
f 379 375 374
f 379 374 378
f 377 375 379
f 380 381 376
f 376 381 378
f 380 376 377
f 379 380 377
f 379 378 380
f 378 381 380
f 382 383 384
f 385 386 382
f 386 383 382
f 387 382 384
f 388 385 382
f 388 382 387
f 383 389 384
f 390 389 383
f 390 383 391
f 391 383 386
f 384 389 392
f 393 384 392
f 387 384 393
f 385 394 395
f 386 385 395
f 396 394 385
f 396 385 388
f 391 386 397
f 397 386 395
f 393 398 387
f 387 398 399
f 387 399 388
f 388 399 400
f 388 400 396
f 389 401 392
f 402 401 389
f 402 389 390
f 403 402 390
f 403 390 404
f 404 390 391
f 404 391 398
f 398 391 397
f 392 401 405
f 406 392 405
f 393 392 406
f 406 404 393
f 393 404 398
f 407 395 394
f 408 407 394
f 409 408 394
f 409 394 396
f 397 395 410
f 410 395 407
f 396 400 411
f 396 411 409
f 398 397 399
f 399 397 410
f 399 410 400
f 400 410 412
f 400 412 411
f 401 413 405
f 414 413 401
f 414 401 402
f 415 414 402
f 415 402 403
f 416 415 403
f 416 403 406
f 406 403 404
f 417 418 405
f 417 405 413
f 416 405 418
f 406 405 416
f 419 407 408
f 410 407 412
f 412 407 419
f 420 419 408
f 421 420 408
f 421 408 409
f 409 411 422
f 409 422 421
f 411 412 423
f 411 423 422
f 412 419 423
f 424 417 413
f 424 413 414
f 425 424 414
f 425 414 415
f 426 425 415
f 426 415 416
f 416 418 426
f 427 428 417
f 427 417 424
f 417 428 429
f 418 417 429
f 426 418 429
f 423 419 430
f 419 420 430
f 420 431 430
f 432 431 420
f 432 420 421
f 421 422 433
f 421 433 432
f 422 423 430
f 422 430 433
f 434 427 424
f 434 424 425
f 435 434 425
f 435 425 426
f 426 429 435
f 436 437 427
f 437 428 427
f 436 427 434
f 437 438 428
f 428 438 429
f 435 429 439
f 438 439 429
f 433 430 440
f 441 440 430
f 441 430 431
f 442 441 431
f 442 431 432
f 432 433 443
f 432 443 442
f 433 440 443
f 444 436 434
f 444 434 435
f 435 439 444
f 445 446 436
f 446 437 436
f 445 436 444
f 446 447 437
f 447 438 437
f 447 448 438
f 439 438 448
f 444 439 449
f 449 439 448
f 443 440 450
f 451 450 440
f 451 440 441
f 452 451 441
f 452 441 442
f 442 443 453
f 442 453 452
f 443 450 453
f 444 449 445
f 454 446 445
f 445 455 454
f 445 449 455
f 454 456 446
f 456 447 446
f 456 457 447
f 457 448 447
f 457 458 448
f 448 458 449
f 458 455 449
f 451 453 450
f 451 452 453
f 454 457 456
f 454 455 457
f 455 458 457
f 459 460 461
f 462 463 459
f 462 459 464
f 463 465 459
f 464 459 461
f 459 465 460
f 460 466 461
f 465 467 460
f 460 467 468
f 460 468 466
f 466 469 461
f 464 461 470
f 471 470 461
f 461 472 473
f 461 473 471
f 461 469 474
f 474 472 461
f 475 476 462
f 476 463 462
f 475 462 477
f 477 462 464
f 478 463 476
f 478 479 463
f 463 479 465
f 477 464 480
f 480 464 470
f 479 481 465
f 465 481 467
f 469 466 482
f 466 468 483
f 466 483 482
f 481 473 467
f 467 473 472
f 467 472 468
f 468 472 484
f 468 484 483
f 483 474 469
f 483 469 482
f 480 470 471
f 471 473 485
f 471 485 480
f 474 484 472
f 481 485 473
f 483 484 474
f 486 487 475
f 475 487 488
f 488 476 475
f 486 475 477
f 489 478 476
f 489 476 490
f 488 490 476
f 477 491 486
f 480 491 477
f 489 492 478
f 478 492 479
f 492 493 479
f 479 493 481
f 480 485 491
f 493 485 481
f 493 491 485
f 494 487 486
f 494 486 495
f 495 486 491
f 496 497 487
f 496 487 494
f 488 487 497
f 488 497 498
f 498 490 488
f 499 489 490
f 500 489 499
f 489 500 492
f 501 499 490
f 498 501 490
f 495 491 493
f 500 495 492
f 492 495 493
f 502 496 494
f 502 494 500
f 500 494 495
f 503 504 496
f 503 496 502
f 504 497 496
f 504 505 497
f 498 497 505
f 498 505 506
f 506 501 498
f 507 508 499
f 507 499 501
f 508 502 499
f 499 502 500
f 506 507 501
f 508 503 502
f 509 510 503
f 509 503 508
f 510 504 503
f 510 511 504
f 511 505 504
f 511 512 505
f 506 505 512
f 506 512 513
f 513 507 506
f 513 514 507
f 514 508 507
f 514 509 508
f 515 516 509
f 515 509 514
f 516 510 509
f 516 517 510
f 517 511 510
f 517 518 511
f 518 512 511
f 518 519 512
f 513 512 519
f 513 519 520
f 520 514 513
f 520 515 514
f 521 522 515
f 522 516 515
f 521 515 520
f 522 523 516
f 523 517 516
f 523 524 517
f 524 518 517
f 524 525 518
f 525 519 518
f 525 526 519
f 520 519 526
f 520 526 521
f 521 527 528
f 528 522 521
f 521 526 527
f 528 529 522
f 529 523 522
f 529 530 523
f 530 524 523
f 530 531 524
f 531 525 524
f 531 532 525
f 532 526 525
f 532 527 526
f 533 534 527
f 528 527 534
f 533 527 532
f 528 534 535
f 535 529 528
f 535 536 529
f 536 530 529
f 536 537 530
f 537 531 530
f 537 538 531
f 538 532 531
f 538 533 532
f 539 540 533
f 539 533 538
f 540 534 533
f 540 541 534
f 535 534 541
f 535 541 542
f 542 536 535
f 542 543 536
f 543 537 536
f 543 544 537
f 544 538 537
f 544 539 538
f 545 546 539
f 545 539 544
f 546 540 539
f 546 547 540
f 547 541 540
f 547 548 541
f 542 541 548
f 542 548 549
f 549 543 542
f 549 550 543
f 550 544 543
f 550 545 544
f 549 548 545
f 549 545 550
f 548 546 545
f 548 547 546
f 551 552 553
f 554 555 551
f 555 552 551
f 554 551 553
f 552 556 553
f 552 557 556
f 555 558 552
f 558 557 552
f 553 556 559
f 553 559 554
f 554 559 560
f 561 555 554
f 554 560 561
f 561 562 555
f 562 558 555
f 556 557 559
f 558 563 557
f 557 563 559
f 562 564 558
f 564 563 558
f 560 559 563
f 561 560 565
f 560 566 565
f 566 560 563
f 567 562 561
f 561 565 567
f 567 568 562
f 568 564 562
f 564 566 563
f 568 569 564
f 569 566 564
f 567 565 570
f 566 571 565
f 570 565 571
f 569 571 566
f 572 568 567
f 567 570 572
f 573 569 568
f 572 573 568
f 573 574 569
f 574 571 569
f 572 570 575
f 576 570 571
f 570 576 575
f 574 576 571
f 577 573 572
f 572 575 577
f 578 574 573
f 577 578 573
f 578 579 574
f 579 576 574
f 577 575 580
f 576 581 575
f 580 575 581
f 579 581 576
f 582 578 577
f 577 580 582
f 583 579 578
f 582 583 578
f 583 584 579
f 584 581 579
f 582 580 585
f 586 585 580
f 587 586 580
f 587 580 581
f 584 587 581
f 588 583 582
f 582 585 588
f 589 584 583
f 588 589 583
f 589 590 584
f 590 587 584
f 588 585 591
f 586 592 585
f 592 591 585
f 590 586 587
f 593 586 590
f 593 592 586
f 594 589 588
f 588 591 594
f 595 590 589
f 594 595 589
f 595 593 590
f 594 591 596
f 597 596 591
f 592 597 591
f 598 592 593
f 598 597 592
f 599 598 593
f 599 593 595
f 600 595 594
f 594 596 600
f 600 599 595
f 600 596 601
f 602 601 596
f 597 602 596
f 603 597 598
f 603 602 597
f 604 603 598
f 604 598 599
f 605 604 599
f 605 599 600
f 600 601 605
f 605 601 606
f 607 608 601
f 606 601 608
f 602 607 601
f 609 602 603
f 609 607 602
f 610 609 603
f 610 603 604
f 611 610 604
f 611 604 605
f 605 606 611
f 611 606 612
f 612 606 608
f 613 607 609
f 613 608 607
f 614 608 613
f 614 615 608
f 608 615 612
f 616 613 609
f 616 609 610
f 617 616 610
f 617 610 611
f 611 612 617
f 617 612 618
f 615 618 612
f 619 614 613
f 619 613 616
f 620 621 614
f 621 615 614
f 620 614 619
f 621 622 615
f 615 622 618
f 623 619 616
f 623 616 617
f 617 618 623
f 623 618 624
f 622 624 618
f 625 620 619
f 625 619 623
f 626 621 620
f 627 626 620
f 627 620 625
f 626 628 621
f 628 622 621
f 628 629 622
f 629 630 622
f 630 624 622
f 623 624 625
f 630 631 624
f 631 625 624
f 625 631 627
f 630 626 627
f 630 628 626
f 631 630 627
f 628 630 629
f 632 633 634
f 635 636 632
f 635 632 637
f 636 638 632
f 637 632 634
f 632 638 633
f 633 639 640
f 638 639 633
f 633 640 641
f 634 633 641
f 634 641 642
f 643 634 642
f 637 634 643
f 644 645 635
f 644 635 646
f 645 636 635
f 646 635 637
f 645 647 636
f 647 648 636
f 636 648 638
f 646 637 649
f 649 637 643
f 648 650 638
f 638 650 639
f 639 651 640
f 639 652 651
f 650 652 639
f 640 653 654
f 640 651 653
f 641 640 654
f 641 654 655
f 642 641 655
f 643 642 656
f 642 655 657
f 656 642 657
f 658 643 656
f 649 643 658
f 659 660 644
f 659 644 661
f 660 645 644
f 661 644 646
f 660 662 645
f 662 647 645
f 661 646 663
f 663 646 649
f 662 664 647
f 664 665 647
f 647 665 648
f 665 666 648
f 648 666 650
f 663 649 650
f 650 649 658
f 666 663 650
f 650 658 652
f 652 667 651
f 651 668 653
f 651 667 668
f 652 658 667
f 657 653 668
f 657 654 653
f 657 655 654
f 658 656 667
f 656 657 669
f 667 656 669
f 657 668 669
f 670 671 659
f 670 659 672
f 671 660 659
f 672 659 661
f 671 673 660
f 673 662 660
f 672 661 674
f 674 661 663
f 673 675 662
f 675 664 662
f 674 663 666
f 675 676 664
f 676 677 664
f 664 677 665
f 677 674 665
f 665 674 666
f 667 669 668
f 678 679 670
f 679 671 670
f 678 670 680
f 680 670 672
f 679 681 671
f 681 673 671
f 680 672 677
f 677 672 674
f 681 682 673
f 682 675 673
f 682 683 675
f 683 676 675
f 683 684 676
f 684 680 676
f 676 680 677
f 685 686 678
f 685 678 684
f 686 679 678
f 684 678 680
f 686 687 679
f 687 681 679
f 687 688 681
f 688 682 681
f 688 689 682
f 689 683 682
f 689 690 683
f 690 684 683
f 690 685 684
f 691 692 685
f 691 685 690
f 692 686 685
f 692 693 686
f 693 687 686
f 693 694 687
f 694 688 687
f 694 695 688
f 695 689 688
f 695 696 689
f 696 690 689
f 696 691 690
f 697 698 691
f 697 691 696
f 698 692 691
f 698 699 692
f 699 693 692
f 699 700 693
f 700 694 693
f 700 701 694
f 701 695 694
f 701 702 695
f 702 696 695
f 702 697 696
f 703 704 697
f 703 697 702
f 704 698 697
f 704 705 698
f 705 699 698
f 705 706 699
f 706 700 699
f 706 707 700
f 707 701 700
f 707 708 701
f 708 702 701
f 708 703 702
f 709 710 703
f 709 703 708
f 710 704 703
f 710 711 704
f 711 705 704
f 711 712 705
f 712 706 705
f 713 706 712
f 713 707 706
f 713 714 707
f 714 708 707
f 714 709 708
f 715 716 709
f 716 710 709
f 715 709 714
f 716 717 710
f 717 711 710
f 717 718 711
f 718 712 711
f 718 719 712
f 713 712 719
f 719 720 713
f 720 714 713
f 720 715 714
f 721 722 715
f 722 716 715
f 721 715 720
f 722 723 716
f 723 717 716
f 723 724 717
f 724 718 717
f 724 725 718
f 725 719 718
f 725 726 719
f 726 720 719
f 726 721 720
f 726 722 721
f 722 726 725
f 722 725 724
f 722 724 723
f 727 728 729
f 727 729 730
f 728 727 731
f 731 727 732
f 727 733 732
f 727 730 733
f 729 728 734
f 728 735 734
f 728 731 735
f 730 729 736
f 729 734 736
f 730 736 733
f 731 732 735
f 735 732 737
f 732 738 737
f 732 733 738
f 733 739 738
f 733 736 739
f 736 734 740
f 734 741 740
f 734 735 741
f 735 737 741
f 736 740 739
f 741 737 742
f 737 743 742
f 737 738 743
f 738 744 743
f 738 739 744
f 739 745 744
f 739 740 745
f 740 741 746
f 740 746 745
f 741 742 746
f 746 742 747
f 742 748 747
f 742 743 748
f 743 749 748
f 743 744 749
f 744 750 749
f 744 745 750
f 745 751 750
f 745 746 751
f 746 747 751
f 747 748 752
f 747 752 753
f 751 747 753
f 748 754 752
f 748 749 754
f 749 755 754
f 749 750 755
f 750 756 755
f 750 751 756
f 751 753 756
f 752 754 757
f 752 757 758
f 753 752 758
f 756 753 759
f 753 758 759
f 754 760 757
f 754 755 760
f 755 761 760
f 755 756 761
f 756 759 761
f 757 760 762
f 757 762 763
f 758 757 763
f 759 758 764
f 758 763 764
f 761 759 765
f 759 764 765
f 760 766 762
f 760 761 766
f 761 765 766
f 762 766 767
f 762 767 768
f 763 762 768
f 763 768 769
f 764 763 769
f 765 764 770
f 764 769 770
f 766 765 771
f 765 770 771
f 766 771 767
f 767 771 772
f 767 772 773
f 768 767 773
f 768 773 774
f 769 768 774
f 770 769 775
f 769 774 775
f 771 770 776
f 770 775 776
f 776 772 771
f 772 776 773
f 776 774 773
f 776 775 774
f 777 778 779
f 780 777 781
f 782 783 777
f 777 779 781
f 783 778 777
f 782 777 780
f 783 784 778
f 778 785 786
f 778 786 779
f 784 785 778
f 779 786 787
f 779 787 781
f 785 780 787
f 788 782 780
f 788 780 785
f 780 781 787
f 789 790 782
f 789 782 788
f 790 783 782
f 790 791 783
f 791 784 783
f 791 792 784
f 784 788 785
f 792 788 784
f 785 787 786
f 792 789 788
f 793 794 789
f 793 789 792
f 794 790 789
f 794 795 790
f 795 791 790
f 795 796 791
f 796 792 791
f 796 793 792
f 797 798 793
f 797 793 796
f 798 794 793
f 798 799 794
f 799 795 794
f 799 800 795
f 800 796 795
f 800 797 796
f 801 802 797
f 802 798 797
f 801 797 800
f 802 803 798
f 803 799 798
f 803 804 799
f 804 800 799
f 804 801 800
f 805 806 801
f 805 801 804
f 806 802 801
f 806 807 802
f 807 803 802
f 807 808 803
f 808 804 803
f 808 805 804
f 809 810 805
f 809 805 808
f 810 806 805
f 810 811 806
f 811 807 806
f 811 812 807
f 812 808 807
f 812 809 808
f 813 814 809
f 813 809 812
f 814 810 809
f 814 815 810
f 815 811 810
f 815 816 811
f 816 812 811
f 816 813 812
f 817 818 813
f 818 814 813
f 817 813 816
f 818 819 814
f 819 815 814
f 819 820 815
f 820 816 815
f 820 817 816
f 821 822 817
f 821 817 820
f 822 818 817
f 822 823 818
f 823 819 818
f 823 824 819
f 824 820 819
f 824 821 820
f 825 826 821
f 825 821 824
f 826 822 821
f 826 827 822
f 827 823 822
f 827 828 823
f 828 824 823
f 828 825 824
f 829 830 825
f 825 828 829
f 830 826 825
f 830 831 826
f 831 827 826
f 831 832 827
f 832 828 827
f 832 829 828
f 833 834 829
f 834 830 829
f 833 829 832
f 834 835 830
f 835 831 830
f 835 836 831
f 836 832 831
f 836 833 832
f 837 838 833
f 837 833 836
f 838 834 833
f 838 839 834
f 839 835 834
f 839 840 835
f 840 836 835
f 840 837 836
f 837 840 839
f 837 839 838
f 841 842 843
f 844 841 845
f 846 847 841
f 845 841 843
f 841 847 842
f 844 846 841
f 847 848 842
f 843 842 848
f 845 843 849
f 843 848 849
f 850 844 851
f 852 846 844
f 851 844 845
f 850 852 844
f 851 845 853
f 853 845 849
f 854 855 846
f 846 855 847
f 852 854 846
f 855 853 847
f 847 853 848
f 853 849 848
f 856 850 857
f 858 852 850
f 857 850 851
f 856 858 850
f 857 851 855
f 855 851 853
f 859 854 852
f 858 859 852
f 860 857 854
f 854 857 855
f 859 860 854
f 861 856 860
f 862 858 856
f 860 856 857
f 861 862 856
f 863 859 858
f 862 863 858
f 864 860 859
f 863 864 859
f 864 861 860
f 865 861 864
f 866 862 861
f 865 866 861
f 867 863 862
f 866 867 862
f 868 864 863
f 867 868 863
f 868 865 864
f 869 865 868
f 870 866 865
f 869 870 865
f 871 867 866
f 870 871 866
f 872 868 867
f 871 872 867
f 872 869 868
f 873 869 872
f 874 870 869
f 873 874 869
f 875 871 870
f 874 875 870
f 876 872 871
f 875 876 871
f 876 873 872
f 877 873 876
f 878 874 873
f 877 878 873
f 879 875 874
f 878 879 874
f 880 876 875
f 879 880 875
f 880 877 876
f 881 877 880
f 882 878 877
f 881 882 877
f 883 879 878
f 882 883 878
f 884 880 879
f 883 884 879
f 884 881 880
f 885 881 884
f 886 882 881
f 885 886 881
f 887 883 882
f 886 887 882
f 888 884 883
f 887 888 883
f 888 885 884
f 889 885 888
f 890 886 885
f 889 890 885
f 891 887 886
f 890 891 886
f 892 888 887
f 891 892 887
f 892 889 888
f 893 889 892
f 894 890 889
f 893 894 889
f 895 891 890
f 894 895 890
f 896 892 891
f 895 896 891
f 896 893 892
f 897 893 896
f 898 894 893
f 897 898 893
f 899 895 894
f 898 899 894
f 900 896 895
f 899 900 895
f 900 897 896
f 901 897 900
f 902 898 897
f 901 902 897
f 903 898 902
f 898 903 899
f 903 904 899
f 905 900 899
f 904 905 899
f 905 901 900
f 901 905 904
f 902 901 904
f 904 903 902
f 906 907 908
f 909 906 910
f 911 912 906
f 906 908 910
f 912 907 906
f 911 906 909
f 912 913 907
f 907 914 915
f 907 915 908
f 913 914 907
f 908 915 916
f 917 910 908
f 917 908 916
f 918 909 919
f 920 911 909
f 920 909 918
f 909 910 919
f 917 919 910
f 921 922 911
f 921 911 920
f 922 912 911
f 922 923 912
f 923 913 912
f 923 924 913
f 913 925 914
f 924 925 913
f 914 926 916
f 914 916 915
f 925 926 914
f 926 917 916
f 926 918 917
f 918 919 917
f 927 920 918
f 927 918 926
f 928 921 920
f 928 920 927
f 929 930 921
f 929 921 928
f 930 922 921
f 930 931 922
f 931 923 922
f 931 932 923
f 932 924 923
f 932 933 924
f 924 934 925
f 933 934 924
f 925 927 926
f 934 927 925
f 934 928 927
f 935 929 928
f 935 928 934
f 936 937 929
f 936 929 935
f 937 930 929
f 937 938 930
f 938 931 930
f 938 939 931
f 939 932 931
f 939 940 932
f 940 933 932
f 940 941 933
f 933 935 934
f 941 935 933
f 941 936 935
f 942 943 936
f 942 936 941
f 937 936 943
f 943 944 937
f 944 938 937
f 944 945 938
f 945 939 938
f 945 946 939
f 946 940 939
f 946 947 940
f 947 941 940
f 947 942 941
f 948 949 942
f 948 942 947
f 949 943 942
f 949 950 943
f 950 944 943
f 950 951 944
f 951 945 944
f 951 952 945
f 952 946 945
f 952 953 946
f 953 947 946
f 953 948 947
f 954 955 948
f 955 949 948
f 954 948 953
f 955 956 949
f 956 950 949
f 956 957 950
f 957 951 950
f 957 958 951
f 958 952 951
f 958 959 952
f 959 953 952
f 959 954 953
f 960 961 954
f 960 954 959
f 961 955 954
f 961 962 955
f 962 956 955
f 962 963 956
f 963 957 956
f 963 964 957
f 964 958 957
f 964 965 958
f 965 959 958
f 965 960 959
f 966 967 960
f 966 960 965
f 967 961 960
f 967 968 961
f 968 962 961
f 968 969 962
f 969 963 962
f 969 970 963
f 970 964 963
f 970 971 964
f 971 965 964
f 971 966 965
f 972 966 973
f 973 966 971
f 972 967 966
f 972 974 967
f 974 968 967
f 974 975 968
f 975 969 968
f 975 976 969
f 976 970 969
f 976 977 970
f 977 971 970
f 977 973 971
f 978 972 973
f 978 979 972
f 979 974 972
f 980 978 973
f 980 973 977
f 979 981 974
f 981 975 974
f 981 982 975
f 982 976 975
f 982 983 976
f 983 977 976
f 983 980 977
f 984 978 980
f 984 985 978
f 985 979 978
f 985 986 979
f 986 981 979
f 987 984 980
f 987 980 983
f 986 988 981
f 988 982 981
f 988 989 982
f 989 983 982
f 989 987 983
f 990 984 987
f 990 991 984
f 991 985 984
f 991 992 985
f 992 986 985
f 992 993 986
f 993 988 986
f 994 990 987
f 994 987 989
f 993 995 988
f 995 989 988
f 995 994 989
f 996 990 994
f 996 997 990
f 997 991 990
f 997 998 991
f 998 992 991
f 998 999 992
f 999 993 992
f 999 1000 993
f 1000 995 993
f 1001 996 994
f 1001 994 995
f 1000 1001 995
f 996 1001 1000
f 996 1000 999
f 996 999 998
f 996 998 997
f 1002 1003 1004
f 1005 1002 1006
f 1007 1008 1002
f 1002 1004 1006
f 1008 1003 1002
f 1007 1002 1005
f 1008 1009 1003
f 1003 1010 1011
f 1003 1011 1004
f 1009 1010 1003
f 1004 1011 1012
f 1004 1012 1013
f 1004 1013 1014
f 1004 1014 1006
f 1015 1005 1014
f 1016 1007 1005
f 1016 1005 1015
f 1005 1006 1014
f 1017 1018 1007
f 1017 1007 1016
f 1018 1008 1007
f 1018 1019 1008
f 1019 1009 1008
f 1019 1020 1009
f 1009 1021 1010
f 1020 1021 1009
f 1010 1022 1012
f 1010 1012 1011
f 1021 1022 1010
f 1022 1013 1012
f 1022 1015 1013
f 1015 1014 1013
f 1023 1016 1015
f 1023 1015 1022
f 1024 1017 1016
f 1024 1016 1023
f 1025 1026 1017
f 1025 1017 1024
f 1026 1018 1017
f 1026 1027 1018
f 1027 1019 1018
f 1027 1028 1019
f 1028 1020 1019
f 1028 1029 1020
f 1020 1030 1021
f 1029 1030 1020
f 1021 1023 1022
f 1030 1023 1021
f 1030 1024 1023
f 1031 1025 1024
f 1031 1024 1030
f 1032 1033 1025
f 1032 1025 1031
f 1033 1026 1025
f 1033 1034 1026
f 1034 1027 1026
f 1034 1035 1027
f 1035 1028 1027
f 1035 1036 1028
f 1036 1029 1028
f 1036 1037 1029
f 1029 1031 1030
f 1037 1031 1029
f 1037 1032 1031
f 1038 1039 1032
f 1038 1032 1037
f 1039 1033 1032
f 1039 1040 1033
f 1040 1034 1033
f 1040 1041 1034
f 1041 1035 1034
f 1041 1042 1035
f 1042 1036 1035
f 1042 1043 1036
f 1043 1037 1036
f 1043 1038 1037
f 1044 1045 1038
f 1044 1038 1043
f 1045 1039 1038
f 1045 1046 1039
f 1046 1040 1039
f 1046 1047 1040
f 1047 1041 1040
f 1047 1048 1041
f 1048 1042 1041
f 1048 1049 1042
f 1049 1043 1042
f 1049 1044 1043
f 1050 1051 1044
f 1051 1045 1044
f 1050 1044 1049
f 1051 1052 1045
f 1052 1046 1045
f 1052 1053 1046
f 1053 1047 1046
f 1053 1054 1047
f 1054 1048 1047
f 1054 1055 1048
f 1055 1049 1048
f 1055 1050 1049
f 1056 1057 1050
f 1056 1050 1055
f 1057 1051 1050
f 1057 1058 1051
f 1058 1052 1051
f 1058 1059 1052
f 1059 1053 1052
f 1059 1060 1053
f 1060 1054 1053
f 1060 1061 1054
f 1061 1055 1054
f 1061 1056 1055
f 1062 1063 1056
f 1062 1056 1061
f 1063 1057 1056
f 1063 1064 1057
f 1064 1058 1057
f 1064 1065 1058
f 1065 1059 1058
f 1065 1066 1059
f 1066 1060 1059
f 1066 1067 1060
f 1067 1061 1060
f 1067 1062 1061
f 1068 1069 1062
f 1068 1062 1067
f 1069 1063 1062
f 1069 1070 1063
f 1070 1064 1063
f 1070 1071 1064
f 1071 1065 1064
f 1071 1072 1065
f 1072 1066 1065
f 1072 1073 1066
f 1073 1067 1066
f 1073 1068 1067
f 1074 1075 1068
f 1074 1068 1073
f 1075 1069 1068
f 1075 1076 1069
f 1076 1070 1069
f 1076 1077 1070
f 1077 1071 1070
f 1077 1078 1071
f 1078 1072 1071
f 1079 1072 1078
f 1079 1073 1072
f 1079 1074 1073
f 1080 1081 1074
f 1080 1074 1079
f 1081 1075 1074
f 1081 1082 1075
f 1082 1076 1075
f 1082 1083 1076
f 1083 1077 1076
f 1083 1084 1077
f 1084 1078 1077
f 1084 1085 1078
f 1085 1079 1078
f 1085 1080 1079
f 1086 1087 1080
f 1087 1081 1080
f 1086 1080 1085
f 1087 1088 1081
f 1088 1082 1081
f 1088 1089 1082
f 1089 1083 1082
f 1089 1090 1083
f 1090 1084 1083
f 1090 1091 1084
f 1091 1085 1084
f 1091 1086 1085
f 1092 1093 1086
f 1092 1086 1091
f 1093 1087 1086
f 1093 1094 1087
f 1094 1088 1087
f 1094 1095 1088
f 1095 1089 1088
f 1095 1096 1089
f 1096 1090 1089
f 1096 1097 1090
f 1097 1091 1090
f 1097 1092 1091
f 1092 1097 1094
f 1092 1094 1093
f 1094 1097 1096
f 1094 1096 1095
f 1098 1099 1100
f 1101 1098 1102
f 1103 1104 1098
f 1098 1100 1102
f 1104 1099 1098
f 1103 1098 1101
f 1104 1105 1099
f 1099 1106 1107
f 1099 1107 1100
f 1105 1106 1099
f 1100 1107 1108
f 1100 1108 1109
f 1100 1109 1110
f 1100 1110 1102
f 1111 1101 1110
f 1112 1103 1101
f 1101 1111 1112
f 1101 1102 1110
f 1113 1114 1103
f 1113 1103 1112
f 1114 1104 1103
f 1114 1115 1104
f 1115 1105 1104
f 1115 1116 1105
f 1105 1117 1106
f 1116 1117 1105
f 1106 1118 1108
f 1106 1108 1107
f 1117 1118 1106
f 1118 1109 1108
f 1118 1111 1109
f 1111 1110 1109
f 1119 1112 1111
f 1119 1111 1118
f 1120 1113 1112
f 1120 1112 1119
f 1121 1122 1113
f 1121 1113 1120
f 1122 1114 1113
f 1122 1123 1114
f 1123 1115 1114
f 1123 1124 1115
f 1124 1116 1115
f 1124 1125 1116
f 1116 1126 1117
f 1125 1126 1116
f 1117 1119 1118
f 1126 1119 1117
f 1126 1120 1119
f 1127 1121 1120
f 1127 1120 1126
f 1128 1129 1121
f 1128 1121 1127
f 1129 1122 1121
f 1129 1130 1122
f 1130 1123 1122
f 1130 1131 1123
f 1131 1124 1123
f 1131 1132 1124
f 1132 1125 1124
f 1132 1133 1125
f 1125 1127 1126
f 1133 1127 1125
f 1133 1128 1127
f 1134 1135 1128
f 1134 1128 1133
f 1135 1129 1128
f 1135 1136 1129
f 1136 1130 1129
f 1136 1137 1130
f 1137 1131 1130
f 1137 1138 1131
f 1138 1132 1131
f 1138 1139 1132
f 1139 1133 1132
f 1139 1134 1133
f 1140 1141 1134
f 1140 1134 1139
f 1141 1135 1134
f 1141 1142 1135
f 1142 1136 1135
f 1142 1143 1136
f 1143 1137 1136
f 1143 1144 1137
f 1144 1138 1137
f 1144 1145 1138
f 1145 1139 1138
f 1145 1140 1139
f 1146 1147 1140
f 1147 1141 1140
f 1146 1140 1145
f 1147 1148 1141
f 1148 1142 1141
f 1148 1149 1142
f 1149 1143 1142
f 1149 1150 1143
f 1150 1144 1143
f 1150 1151 1144
f 1151 1145 1144
f 1151 1146 1145
f 1152 1153 1146
f 1152 1146 1151
f 1153 1147 1146
f 1153 1154 1147
f 1154 1148 1147
f 1154 1155 1148
f 1155 1149 1148
f 1155 1156 1149
f 1156 1150 1149
f 1156 1157 1150
f 1157 1151 1150
f 1157 1152 1151
f 1158 1159 1152
f 1158 1152 1157
f 1159 1153 1152
f 1159 1160 1153
f 1160 1154 1153
f 1160 1161 1154
f 1161 1155 1154
f 1161 1162 1155
f 1162 1156 1155
f 1162 1163 1156
f 1163 1157 1156
f 1163 1158 1157
f 1164 1165 1158
f 1164 1158 1163
f 1165 1159 1158
f 1165 1166 1159
f 1160 1159 1166
f 1166 1167 1160
f 1167 1161 1160
f 1167 1168 1161
f 1168 1162 1161
f 1168 1169 1162
f 1169 1163 1162
f 1169 1164 1163
f 1170 1171 1164
f 1170 1164 1169
f 1171 1165 1164
f 1171 1172 1165
f 1172 1166 1165
f 1172 1173 1166
f 1173 1167 1166
f 1173 1174 1167
f 1174 1168 1167
f 1174 1175 1168
f 1175 1169 1168
f 1175 1170 1169
f 1176 1177 1170
f 1176 1170 1175
f 1177 1171 1170
f 1177 1178 1171
f 1178 1172 1171
f 1178 1179 1172
f 1179 1173 1172
f 1179 1180 1173
f 1180 1174 1173
f 1180 1181 1174
f 1181 1175 1174
f 1181 1176 1175
f 1182 1183 1176
f 1183 1177 1176
f 1182 1176 1181
f 1183 1184 1177
f 1184 1178 1177
f 1184 1185 1178
f 1185 1179 1178
f 1185 1186 1179
f 1186 1180 1179
f 1186 1187 1180
f 1187 1181 1180
f 1187 1182 1181
f 1188 1189 1182
f 1182 1187 1188
f 1189 1183 1182
f 1189 1190 1183
f 1190 1184 1183
f 1190 1191 1184
f 1191 1185 1184
f 1191 1192 1185
f 1192 1186 1185
f 1192 1193 1186
f 1193 1187 1186
f 1193 1188 1187
f 1189 1188 1191
f 1193 1192 1188
f 1188 1192 1191
f 1189 1191 1190
f 1194 1195 1196
f 1197 1198 1194
f 1197 1194 1199
f 1198 1200 1194
f 1194 1196 1199
f 1194 1200 1195
f 1200 1201 1195
f 1195 1202 1203
f 1195 1201 1202
f 1196 1195 1203
f 1199 1196 1204
f 1196 1203 1205
f 1204 1196 1205
f 1206 1197 1199
f 1207 1208 1197
f 1208 1198 1197
f 1207 1197 1206
f 1209 1210 1198
f 1208 1209 1198
f 1210 1211 1198
f 1200 1198 1211
f 1206 1199 1212
f 1212 1199 1204
f 1200 1211 1201
f 1201 1213 1202
f 1201 1214 1213
f 1211 1214 1201
f 1202 1215 1216
f 1203 1202 1216
f 1202 1213 1215
f 1203 1216 1217
f 1205 1203 1217
f 1204 1205 1218
f 1219 1204 1218
f 1212 1204 1219
f 1218 1205 1220
f 1205 1217 1220
f 1221 1206 1222
f 1221 1223 1206
f 1223 1207 1206
f 1222 1206 1224
f 1206 1212 1224
f 1225 1207 1223
f 1225 1226 1207
f 1226 1208 1207
f 1226 1227 1208
f 1227 1209 1208
f 1209 1228 1210
f 1227 1229 1209
f 1229 1228 1209
f 1228 1222 1210
f 1211 1210 1222
f 1211 1224 1214
f 1224 1211 1222
f 1224 1212 1219
f 1213 1230 1231
f 1213 1231 1215
f 1214 1230 1213
f 1214 1219 1230
f 1224 1219 1214
f 1215 1232 1233
f 1216 1215 1233
f 1215 1231 1232
f 1216 1233 1234
f 1217 1216 1234
f 1217 1234 1235
f 1220 1217 1235
f 1218 1220 1236
f 1230 1218 1236
f 1219 1218 1230
f 1220 1235 1237
f 1236 1220 1237
f 1238 1223 1221
f 1238 1221 1228
f 1228 1221 1222
f 1238 1225 1223
f 1239 1225 1238
f 1239 1240 1225
f 1240 1226 1225
f 1240 1241 1226
f 1241 1227 1226
f 1242 1229 1227
f 1241 1242 1227
f 1229 1238 1228
f 1243 1238 1229
f 1242 1243 1229
f 1230 1236 1231
f 1231 1244 1232
f 1231 1236 1244
f 1232 1245 1246
f 1233 1232 1246
f 1232 1244 1245
f 1233 1246 1247
f 1234 1233 1247
f 1234 1247 1248
f 1235 1234 1248
f 1235 1248 1249
f 1237 1235 1249
f 1236 1237 1244
f 1237 1249 1250
f 1244 1237 1250
f 1251 1239 1238
f 1251 1238 1243
f 1252 1240 1239
f 1253 1252 1239
f 1253 1239 1251
f 1252 1254 1240
f 1254 1241 1240
f 1254 1255 1241
f 1255 1242 1241
f 1255 1256 1242
f 1256 1243 1242
f 1251 1243 1256
f 1244 1250 1245
f 1245 1257 1258
f 1246 1245 1258
f 1245 1250 1257
f 1246 1258 1259
f 1247 1246 1259
f 1247 1259 1260
f 1248 1247 1260
f 1248 1260 1261
f 1249 1248 1261
f 1249 1261 1262
f 1250 1249 1262
f 1250 1262 1257
f 1263 1253 1251
f 1263 1251 1256
f 1264 1254 1252
f 1265 1264 1252
f 1265 1252 1253
f 1266 1265 1253
f 1266 1253 1263
f 1264 1267 1254
f 1267 1255 1254
f 1267 1268 1255
f 1268 1256 1255
f 1268 1269 1256
f 1269 1263 1256
f 1257 1270 1271
f 1258 1257 1271
f 1257 1262 1270
f 1258 1271 1272
f 1259 1258 1272
f 1259 1272 1273
f 1260 1259 1273
f 1260 1273 1274
f 1261 1260 1274
f 1262 1261 1274
f 1262 1274 1270
f 1269 1266 1263
f 1266 1267 1264
f 1264 1265 1266
f 1268 1266 1269
f 1266 1268 1267
f 1275 1271 1270
f 1276 1275 1270
f 1270 1277 1276
f 1274 1278 1270
f 1278 1277 1270
f 1279 1272 1271
f 1280 1279 1271
f 1271 1275 1280
f 1272 1281 1273
f 1272 1279 1281
f 1273 1282 1274
f 1281 1283 1273
f 1273 1283 1282
f 1274 1284 1285
f 1285 1278 1274
f 1282 1284 1274
f 1280 1275 1286
f 1276 1286 1275
f 1276 1277 1287
f 1286 1276 1287
f 1278 1287 1277
f 1278 1285 1288
f 1287 1278 1288
f 1281 1279 1289
f 1280 1289 1279
f 1289 1280 1286
f 1281 1290 1283
f 1290 1281 1289
f 1282 1291 1284
f 1282 1283 1291
f 1283 1290 1291
f 1284 1291 1288
f 1285 1284 1288
f 1289 1286 1290
f 1286 1287 1290
f 1287 1288 1290
f 1288 1291 1290
f 1292 1293 1294
f 1295 1296 1292
f 1294 1295 1292
f 1297 1298 1292
f 1296 1297 1292
f 1293 1292 1298
f 1293 1299 1300
f 1293 1300 1301
f 1293 1302 1299
f 1303 1302 1293
f 1303 1293 1298
f 1293 1301 1294
f 1301 1304 1294
f 1294 1305 1295
f 1294 1304 1305
f 1295 1305 1306
f 1295 1306 1307
f 1296 1295 1307
f 1308 1296 1309
f 1296 1307 1309
f 1308 1297 1296
f 1310 1298 1297
f 1304 1310 1297
f 1304 1297 1308
f 1311 1303 1298
f 1312 1298 1310
f 1313 1311 1298
f 1313 1298 1312
f 1299 1314 1315
f 1316 1314 1299
f 1316 1299 1302
f 1300 1299 1317
f 1299 1315 1317
f 1318 1319 1300
f 1300 1319 1320
f 1318 1300 1321
f 1301 1300 1320
f 1300 1317 1321
f 1301 1320 1322
f 1301 1322 1310
f 1301 1310 1304
f 1323 1316 1302
f 1323 1302 1303
f 1323 1303 1324
f 1325 1324 1303
f 1325 1303 1311
f 1304 1308 1305
f 1305 1308 1326
f 1305 1326 1306
f 1306 1326 1327
f 1306 1327 1328
f 1307 1306 1329
f 1330 1329 1306
f 1330 1306 1328
f 1309 1307 1331
f 1307 1329 1332
f 1307 1332 1331
f 1308 1309 1326
f 1327 1326 1309
f 1327 1309 1333
f 1309 1334 1333
f 1309 1331 1334
f 1310 1322 1335
f 1312 1310 1335
f 1336 1325 1311
f 1336 1311 1313
f 1337 1312 1338
f 1339 1312 1335
f 1339 1338 1312
f 1340 1313 1312
f 1340 1312 1337
f 1341 1336 1313
f 1341 1313 1340
f 1314 1342 1343
f 1314 1343 1318
f 1316 1342 1314
f 1314 1318 1344
f 1314 1344 1315
f 1315 1344 1345
f 1317 1315 1346
f 1315 1345 1346
f 1347 1342 1316
f 1323 1347 1316
f 1321 1317 1348
f 1317 1346 1348
f 1318 1343 1319
f 1318 1321 1344
f 1319 1343 1349
f 1319 1349 1350
f 1320 1319 1350
f 1320 1350 1351
f 1352 1322 1320
f 1352 1320 1351
f 1344 1321 1353
f 1321 1348 1353
f 1335 1322 1352
f 1354 1347 1323
f 1324 1354 1323
f 1324 1355 1354
f 1356 1355 1324
f 1356 1324 1325
f 1357 1356 1325
f 1357 1325 1336
f 1327 1333 1358
f 1328 1327 1359
f 1359 1327 1360
f 1358 1360 1327
f 1330 1328 1359
f 1333 1329 1330
f 1361 1329 1333
f 1361 1332 1329
f 1333 1330 1358
f 1358 1330 1362
f 1330 1359 1362
f 1334 1331 1363
f 1331 1332 1364
f 1331 1364 1363
f 1332 1361 1365
f 1332 1365 1364
f 1334 1361 1333
f 1361 1334 1366
f 1334 1363 1366
f 1335 1352 1367
f 1368 1335 1367
f 1335 1368 1369
f 1370 1339 1335
f 1335 1369 1370
f 1371 1357 1336
f 1371 1336 1341
f 1372 1337 1338
f 1373 1340 1337
f 1373 1337 1372
f 1374 1338 1339
f 1374 1375 1338
f 1375 1372 1338
f 1376 1339 1370
f 1376 1374 1339
f 1341 1340 1373
f 1373 1371 1341
f 1377 1378 1342
f 1377 1342 1379
f 1380 1343 1342
f 1378 1380 1342
f 1347 1379 1342
f 1349 1343 1381
f 1382 1381 1343
f 1380 1382 1343
f 1344 1353 1345
f 1346 1345 1383
f 1345 1353 1384
f 1345 1384 1383
f 1348 1346 1385
f 1346 1383 1385
f 1386 1379 1347
f 1354 1386 1347
f 1353 1348 1387
f 1348 1385 1387
f 1349 1381 1388
f 1388 1389 1349
f 1350 1349 1389
f 1350 1389 1390
f 1351 1350 1390
f 1351 1390 1391
f 1351 1391 1392
f 1351 1392 1352
f 1367 1352 1392
f 1353 1387 1384
f 1354 1393 1386
f 1394 1354 1355
f 1393 1354 1394
f 1395 1355 1356
f 1395 1394 1355
f 1396 1395 1356
f 1396 1356 1357
f 1396 1357 1371
f 1358 1362 1397
f 1358 1397 1360
f 1376 1398 1359
f 1376 1359 1399
f 1400 1359 1360
f 1399 1359 1400
f 1401 1359 1398
f 1401 1362 1359
f 1402 1403 1360
f 1400 1360 1403
f 1402 1360 1397
f 1361 1366 1365
f 1397 1362 1404
f 1362 1405 1406
f 1362 1406 1404
f 1401 1405 1362
f 1366 1363 1407
f 1363 1364 1408
f 1363 1408 1407
f 1364 1409 1408
f 1364 1365 1409
f 1365 1366 1410
f 1365 1410 1409
f 1366 1407 1410
f 1367 1392 1411
f 1412 1367 1411
f 1368 1367 1412
f 1413 1368 1412
f 1369 1368 1413
f 1369 1414 1370
f 1369 1413 1415
f 1369 1415 1414
f 1416 1372 1370
f 1417 1376 1370
f 1417 1370 1372
f 1370 1414 1416
f 1396 1371 1418
f 1371 1419 1418
f 1419 1371 1373
f 1375 1417 1372
f 1372 1416 1373
f 1420 1419 1373
f 1421 1373 1416
f 1421 1422 1373
f 1373 1422 1423
f 1373 1423 1424
f 1373 1424 1420
f 1399 1374 1376
f 1399 1375 1374
f 1400 1417 1375
f 1399 1400 1375
f 1403 1376 1417
f 1403 1398 1376
f 1377 1425 1426
f 1427 1425 1377
f 1377 1426 1378
f 1379 1427 1377
f 1378 1426 1428
f 1378 1428 1380
f 1379 1429 1427
f 1386 1429 1379
f 1382 1380 1430
f 1380 1428 1431
f 1380 1431 1430
f 1381 1432 1433
f 1434 1432 1381
f 1381 1433 1388
f 1434 1381 1382
f 1434 1382 1435
f 1382 1430 1435
f 1385 1383 1436
f 1383 1384 1437
f 1383 1437 1436
f 1384 1387 1438
f 1384 1438 1437
f 1387 1385 1439
f 1385 1436 1439
f 1440 1429 1386
f 1393 1440 1386
f 1387 1439 1438
f 1388 1433 1441
f 1388 1442 1389
f 1388 1441 1442
f 1389 1442 1443
f 1429 1389 1443
f 1444 1389 1429
f 1390 1389 1444
f 1445 1390 1444
f 1391 1390 1445
f 1391 1445 1446
f 1392 1391 1446
f 1447 1392 1446
f 1411 1392 1447
f 1448 1440 1393
f 1446 1445 1393
f 1449 1393 1445
f 1449 1448 1393
f 1393 1394 1446
f 1394 1395 1450
f 1451 1446 1394
f 1450 1451 1394
f 1395 1452 1450
f 1411 1395 1396
f 1452 1395 1447
f 1395 1411 1447
f 1411 1396 1453
f 1396 1418 1453
f 1402 1397 1454
f 1454 1397 1455
f 1397 1404 1455
f 1402 1398 1403
f 1402 1401 1398
f 1400 1403 1417
f 1456 1401 1402
f 1401 1457 1405
f 1456 1457 1401
f 1458 1459 1402
f 1454 1460 1402
f 1458 1402 1460
f 1456 1402 1459
f 1455 1404 1461
f 1404 1406 1462
f 1404 1462 1461
f 1405 1454 1463
f 1454 1405 1457
f 1405 1463 1406
f 1406 1463 1464
f 1406 1464 1462
f 1410 1407 1465
f 1407 1408 1466
f 1407 1466 1465
f 1408 1467 1466
f 1408 1409 1467
f 1409 1410 1468
f 1409 1468 1467
f 1410 1465 1468
f 1412 1411 1469
f 1470 1469 1411
f 1411 1453 1471
f 1470 1411 1471
f 1415 1412 1469
f 1413 1412 1415
f 1414 1415 1470
f 1424 1414 1471
f 1414 1422 1421
f 1414 1421 1416
f 1423 1422 1414
f 1424 1423 1414
f 1414 1470 1471
f 1415 1469 1472
f 1415 1472 1470
f 1419 1420 1418
f 1453 1418 1473
f 1418 1474 1473
f 1418 1420 1474
f 1471 1420 1424
f 1420 1471 1475
f 1420 1475 1474
f 1425 1476 1477
f 1478 1476 1425
f 1425 1477 1426
f 1427 1478 1425
f 1426 1477 1479
f 1426 1480 1481
f 1426 1479 1480
f 1428 1426 1481
f 1482 1478 1427
f 1483 1482 1427
f 1429 1483 1427
f 1428 1481 1434
f 1428 1434 1484
f 1428 1484 1431
f 1429 1443 1483
f 1444 1429 1440
f 1435 1430 1485
f 1430 1431 1486
f 1430 1486 1485
f 1431 1484 1487
f 1431 1487 1486
f 1432 1488 1489
f 1490 1488 1432
f 1432 1489 1433
f 1481 1490 1432
f 1481 1432 1434
f 1433 1489 1491
f 1433 1491 1441
f 1434 1435 1484
f 1484 1435 1492
f 1435 1485 1492
f 1439 1436 1493
f 1436 1437 1494
f 1436 1494 1493
f 1437 1438 1495
f 1437 1495 1494
f 1438 1439 1496
f 1438 1496 1495
f 1439 1493 1496
f 1497 1444 1440
f 1448 1497 1440
f 1441 1491 1498
f 1441 1498 1499
f 1442 1441 1500
f 1500 1441 1499
f 1443 1442 1500
f 1501 1443 1500
f 1502 1483 1443
f 1501 1502 1443
f 1497 1503 1444
f 1503 1445 1444
f 1503 1449 1445
f 1504 1447 1446
f 1451 1504 1446
f 1504 1452 1447
f 1505 1497 1448
f 1506 1505 1448
f 1506 1448 1449
f 1507 1449 1503
f 1507 1506 1449
f 1508 1451 1450
f 1509 1450 1452
f 1509 1508 1450
f 1510 1504 1451
f 1508 1510 1451
f 1511 1452 1504
f 1511 1509 1452
f 1471 1453 1512
f 1453 1473 1512
f 1457 1460 1454
f 1454 1455 1463
f 1463 1455 1513
f 1455 1461 1513
f 1456 1459 1514
f 1456 1514 1515
f 1456 1516 1457
f 1515 1516 1456
f 1516 1460 1457
f 1517 1518 1458
f 1519 1458 1516
f 1516 1458 1460
f 1519 1517 1458
f 1518 1459 1458
f 1518 1514 1459
f 1513 1461 1520
f 1461 1462 1521
f 1461 1521 1520
f 1462 1464 1522
f 1462 1522 1521
f 1463 1513 1464
f 1464 1513 1523
f 1464 1523 1522
f 1468 1465 1524
f 1465 1466 1525
f 1465 1525 1524
f 1466 1467 1526
f 1466 1526 1525
f 1467 1468 1527
f 1467 1527 1526
f 1468 1524 1527
f 1472 1469 1470
f 1471 1512 1475
f 1512 1473 1528
f 1473 1474 1528
f 1474 1475 1529
f 1474 1529 1528
f 1475 1512 1530
f 1475 1530 1531
f 1475 1531 1529
f 1476 1532 1533
f 1534 1532 1476
f 1476 1533 1477
f 1478 1534 1476
f 1477 1533 1535
f 1477 1535 1479
f 1536 1534 1478
f 1499 1536 1478
f 1499 1478 1482
f 1479 1535 1480
f 1480 1535 1537
f 1490 1480 1538
f 1481 1480 1490
f 1480 1537 1538
f 1500 1499 1482
f 1539 1540 1482
f 1540 1500 1482
f 1539 1482 1483
f 1502 1539 1483
f 1484 1492 1487
f 1492 1485 1541
f 1485 1486 1542
f 1485 1542 1541
f 1486 1487 1543
f 1486 1543 1542
f 1487 1492 1544
f 1487 1544 1543
f 1488 1545 1546
f 1547 1545 1488
f 1488 1546 1489
f 1547 1488 1490
f 1489 1546 1548
f 1489 1548 1491
f 1547 1490 1549
f 1490 1538 1549
f 1491 1548 1550
f 1498 1491 1550
f 1492 1541 1544
f 1496 1493 1551
f 1493 1494 1552
f 1493 1552 1551
f 1494 1495 1553
f 1494 1553 1552
f 1495 1496 1554
f 1495 1554 1553
f 1496 1551 1554
f 1505 1555 1497
f 1555 1503 1497
f 1556 1498 1550
f 1556 1557 1498
f 1498 1536 1499
f 1557 1536 1498
f 1540 1501 1500
f 1558 1501 1540
f 1558 1559 1501
f 1559 1502 1501
f 1560 1539 1502
f 1559 1560 1502
f 1555 1507 1503
f 1510 1511 1504
f 1561 1562 1505
f 1561 1505 1506
f 1562 1555 1505
f 1563 1506 1507
f 1563 1561 1506
f 1564 1507 1555
f 1564 1563 1507
f 1565 1510 1508
f 1566 1565 1508
f 1566 1508 1509
f 1567 1509 1511
f 1567 1566 1509
f 1568 1511 1510
f 1565 1568 1510
f 1568 1567 1511
f 1512 1569 1530
f 1528 1569 1512
f 1513 1520 1523
f 1518 1570 1514
f 1515 1514 1570
f 1515 1571 1516
f 1515 1570 1572
f 1572 1571 1515
f 1573 1519 1516
f 1573 1516 1571
f 1517 1574 1518
f 1575 1574 1517
f 1576 1575 1517
f 1576 1517 1519
f 1518 1577 1570
f 1578 1577 1518
f 1574 1579 1518
f 1579 1578 1518
f 1580 1576 1519
f 1580 1519 1573
f 1523 1520 1521
f 1523 1521 1522
f 1527 1524 1581
f 1524 1525 1582
f 1524 1582 1581
f 1525 1526 1583
f 1525 1583 1582
f 1526 1527 1584
f 1526 1584 1583
f 1527 1581 1584
f 1528 1585 1569
f 1529 1585 1528
f 1531 1585 1529
f 1530 1569 1586
f 1587 1531 1530
f 1587 1530 1586
f 1531 1588 1589
f 1588 1531 1587
f 1531 1589 1585
f 1532 1590 1591
f 1592 1590 1532
f 1532 1591 1533
f 1534 1592 1532
f 1533 1591 1593
f 1533 1593 1535
f 1594 1592 1534
f 1536 1594 1534
f 1535 1593 1595
f 1535 1595 1547
f 1535 1547 1596
f 1535 1596 1537
f 1536 1597 1594
f 1598 1597 1536
f 1557 1598 1536
f 1537 1596 1599
f 1538 1537 1600
f 1537 1599 1600
f 1549 1538 1601
f 1538 1600 1601
f 1560 1602 1539
f 1602 1540 1539
f 1602 1558 1540
f 1544 1541 1603
f 1541 1542 1604
f 1541 1604 1603
f 1542 1543 1605
f 1542 1605 1604
f 1543 1544 1606
f 1543 1606 1605
f 1544 1603 1606
f 1545 1607 1608
f 1545 1608 1546
f 1595 1607 1545
f 1595 1545 1547
f 1546 1608 1609
f 1546 1609 1548
f 1547 1549 1596
f 1550 1548 1609
f 1596 1549 1610
f 1549 1601 1610
f 1550 1609 1611
f 1550 1611 1612
f 1613 1556 1550
f 1613 1550 1597
f 1550 1612 1597
f 1554 1551 1552
f 1554 1552 1553
f 1562 1564 1555
f 1614 1556 1613
f 1614 1615 1556
f 1615 1557 1556
f 1616 1598 1557
f 1615 1616 1557
f 1617 1558 1602
f 1617 1618 1558
f 1618 1559 1558
f 1619 1560 1559
f 1618 1619 1559
f 1619 1620 1560
f 1620 1602 1560
f 1621 1622 1561
f 1621 1561 1563
f 1622 1562 1561
f 1622 1623 1562
f 1623 1564 1562
f 1624 1563 1564
f 1624 1621 1563
f 1623 1624 1564
f 1588 1568 1565
f 1589 1588 1565
f 1625 1565 1566
f 1589 1565 1625
f 1626 1566 1567
f 1627 1625 1566
f 1626 1627 1566
f 1567 1568 1588
f 1628 1567 1588
f 1628 1629 1567
f 1629 1626 1567
f 1569 1630 1586
f 1569 1585 1631
f 1569 1631 1630
f 1632 1570 1577
f 1572 1570 1633
f 1632 1633 1570
f 1572 1578 1571
f 1634 1571 1579
f 1571 1634 1573
f 1579 1571 1578
f 1635 1578 1572
f 1572 1633 1635
f 1634 1574 1573
f 1636 1573 1574
f 1636 1580 1573
f 1574 1634 1579
f 1575 1636 1574
f 1637 1638 1575
f 1637 1575 1576
f 1638 1636 1575
f 1639 1637 1576
f 1639 1576 1580
f 1577 1640 1632
f 1577 1578 1640
f 1635 1640 1578
f 1641 1580 1636
f 1641 1639 1580
f 1583 1584 1581
f 1583 1581 1582
f 1631 1585 1589
f 1642 1587 1586
f 1643 1586 1644
f 1644 1586 1630
f 1586 1643 1642
f 1588 1587 1645
f 1587 1631 1645
f 1646 1587 1642
f 1646 1647 1587
f 1647 1631 1587
f 1645 1628 1588
f 1589 1625 1648
f 1631 1589 1648
f 1590 1649 1650
f 1651 1649 1590
f 1590 1650 1652
f 1590 1652 1591
f 1653 1651 1590
f 1592 1653 1590
f 1591 1652 1654
f 1591 1654 1655
f 1591 1655 1593
f 1612 1653 1592
f 1594 1597 1592
f 1597 1612 1592
f 1593 1655 1656
f 1595 1593 1657
f 1593 1656 1657
f 1654 1595 1658
f 1595 1654 1607
f 1595 1657 1658
f 1596 1610 1599
f 1598 1613 1597
f 1659 1613 1598
f 1616 1659 1598
f 1600 1599 1660
f 1599 1610 1661
f 1599 1661 1660
f 1601 1600 1662
f 1600 1660 1662
f 1610 1601 1663
f 1601 1662 1663
f 1620 1617 1602
f 1606 1603 1664
f 1603 1604 1665
f 1603 1665 1664
f 1604 1605 1666
f 1604 1666 1665
f 1605 1606 1667
f 1605 1667 1666
f 1606 1664 1667
f 1654 1668 1607
f 1668 1608 1607
f 1608 1669 1670
f 1668 1669 1608
f 1608 1670 1671
f 1609 1608 1671
f 1609 1671 1672
f 1609 1672 1611
f 1610 1663 1661
f 1673 1611 1672
f 1673 1674 1611
f 1674 1612 1611
f 1612 1675 1653
f 1676 1675 1612
f 1674 1676 1612
f 1659 1614 1613
f 1677 1614 1659
f 1677 1678 1614
f 1678 1615 1614
f 1678 1679 1615
f 1679 1616 1615
f 1680 1659 1616
f 1679 1680 1616
f 1681 1617 1620
f 1681 1682 1617
f 1682 1618 1617
f 1683 1619 1618
f 1682 1683 1618
f 1683 1684 1619
f 1684 1620 1619
f 1684 1681 1620
f 1685 1686 1621
f 1685 1621 1624
f 1686 1622 1621
f 1686 1687 1622
f 1687 1623 1622
f 1687 1688 1623
f 1688 1624 1623
f 1688 1685 1624
f 1648 1625 1628
f 1628 1625 1689
f 1625 1627 1689
f 1690 1626 1629
f 1691 1627 1626
f 1690 1691 1626
f 1692 1689 1627
f 1691 1692 1627
f 1645 1648 1628
f 1628 1689 1629
f 1693 1629 1689
f 1693 1690 1629
f 1631 1694 1630
f 1630 1695 1696
f 1694 1695 1630
f 1644 1630 1697
f 1630 1696 1697
f 1631 1648 1645
f 1698 1694 1631
f 1647 1698 1631
f 1632 1640 1699
f 1632 1699 1700
f 1701 1633 1632
f 1701 1632 1700
f 1635 1633 1701
f 1699 1640 1635
f 1635 1701 1702
f 1699 1635 1702
f 1638 1641 1636
f 1638 1637 1639
f 1638 1639 1641
f 1703 1646 1642
f 1643 1695 1642
f 1703 1642 1694
f 1695 1694 1642
f 1643 1704 1696
f 1695 1643 1696
f 1643 1644 1704
f 1705 1644 1697
f 1704 1644 1705
f 1706 1646 1703
f 1707 1647 1646
f 1706 1707 1646
f 1708 1698 1647
f 1707 1708 1647
f 1709 1710 1649
f 1649 1711 1709
f 1649 1712 1711
f 1649 1710 1650
f 1713 1712 1649
f 1651 1713 1649
f 1650 1710 1714
f 1650 1714 1715
f 1652 1650 1715
f 1716 1713 1651
f 1675 1672 1651
f 1716 1651 1672
f 1675 1651 1653
f 1652 1715 1717
f 1654 1652 1717
f 1654 1717 1668
f 1655 1654 1718
f 1654 1658 1718
f 1655 1718 1656
f 1656 1718 1719
f 1657 1656 1720
f 1656 1719 1720
f 1658 1657 1721
f 1657 1720 1721
f 1718 1658 1722
f 1658 1721 1722
f 1680 1677 1659
f 1662 1660 1723
f 1660 1661 1724
f 1660 1724 1723
f 1661 1663 1725
f 1661 1725 1724
f 1663 1662 1726
f 1662 1723 1726
f 1663 1726 1725
f 1667 1664 1727
f 1664 1665 1728
f 1664 1728 1727
f 1665 1666 1729
f 1665 1729 1728
f 1666 1667 1730
f 1666 1730 1729
f 1667 1727 1730
f 1668 1731 1669
f 1717 1731 1668
f 1669 1732 1733
f 1669 1733 1734
f 1734 1735 1669
f 1669 1735 1670
f 1731 1732 1669
f 1670 1735 1736
f 1671 1670 1737
f 1670 1736 1737
f 1671 1716 1672
f 1671 1737 1716
f 1738 1673 1672
f 1738 1672 1675
f 1739 1673 1738
f 1739 1740 1673
f 1740 1674 1673
f 1741 1676 1674
f 1740 1741 1674
f 1676 1738 1675
f 1742 1738 1676
f 1741 1742 1676
f 1743 1677 1680
f 1743 1744 1677
f 1744 1678 1677
f 1744 1745 1678
f 1745 1679 1678
f 1746 1680 1679
f 1745 1746 1679
f 1746 1743 1680
f 1747 1681 1684
f 1747 1748 1681
f 1748 1682 1681
f 1749 1683 1682
f 1748 1749 1682
f 1749 1750 1683
f 1750 1684 1683
f 1750 1747 1684
f 1751 1752 1685
f 1752 1686 1685
f 1751 1685 1688
f 1752 1753 1686
f 1753 1687 1686
f 1753 1754 1687
f 1754 1688 1687
f 1754 1751 1688
f 1692 1693 1689
f 1755 1690 1693
f 1755 1756 1690
f 1757 1691 1690
f 1756 1757 1690
f 1757 1758 1691
f 1758 1692 1691
f 1755 1693 1692
f 1758 1755 1692
f 1698 1703 1694
f 1696 1704 1759
f 1696 1759 1760
f 1761 1696 1760
f 1697 1696 1761
f 1762 1705 1697
f 1697 1761 1762
f 1763 1703 1698
f 1708 1763 1698
f 1700 1699 1764
f 1764 1699 1702
f 1700 1764 1765
f 1765 1766 1700
f 1766 1701 1700
f 1702 1701 1767
f 1701 1766 1768
f 1701 1768 1767
f 1702 1767 1769
f 1764 1702 1769
f 1763 1706 1703
f 1704 1770 1771
f 1704 1771 1759
f 1704 1705 1770
f 1772 1705 1762
f 1705 1772 1773
f 1705 1773 1770
f 1774 1706 1763
f 1774 1775 1706
f 1775 1707 1706
f 1776 1708 1707
f 1775 1776 1707
f 1777 1763 1708
f 1776 1777 1708
f 1709 1778 1779
f 1711 1778 1709
f 1709 1780 1710
f 1709 1779 1780
f 1781 1714 1710
f 1781 1710 1782
f 1783 1710 1780
f 1783 1782 1710
f 1711 1784 1778
f 1784 1711 1785
f 1711 1712 1786
f 1711 1786 1785
f 1737 1736 1712
f 1786 1712 1736
f 1737 1712 1713
f 1716 1737 1713
f 1781 1732 1714
f 1715 1714 1732
f 1715 1732 1731
f 1717 1715 1731
f 1718 1722 1719
f 1720 1719 1787
f 1719 1722 1788
f 1719 1788 1787
f 1721 1720 1789
f 1720 1787 1789
f 1722 1721 1790
f 1721 1789 1790
f 1722 1790 1788
f 1726 1723 1791
f 1723 1724 1792
f 1723 1792 1791
f 1724 1725 1793
f 1724 1793 1792
f 1725 1726 1794
f 1725 1794 1793
f 1726 1791 1794
f 1728 1730 1727
f 1728 1729 1730
f 1781 1733 1732
f 1733 1795 1796
f 1733 1796 1734
f 1781 1795 1733
f 1734 1796 1797
f 1734 1797 1798
f 1734 1798 1735
f 1735 1798 1797
f 1735 1797 1799
f 1735 1799 1800
f 1736 1735 1801
f 1735 1800 1801
f 1786 1736 1801
f 1742 1739 1738
f 1802 1739 1742
f 1802 1803 1739
f 1803 1740 1739
f 1803 1804 1740
f 1804 1741 1740
f 1805 1742 1741
f 1804 1805 1741
f 1805 1802 1742
f 1806 1743 1746
f 1806 1807 1743
f 1807 1744 1743
f 1807 1808 1744
f 1808 1745 1744
f 1809 1746 1745
f 1808 1809 1745
f 1809 1806 1746
f 1810 1747 1750
f 1810 1811 1747
f 1811 1748 1747
f 1812 1749 1748
f 1811 1812 1748
f 1812 1813 1749
f 1813 1750 1749
f 1813 1810 1750
f 1751 1754 1753
f 1751 1753 1752
f 1814 1755 1758
f 1814 1815 1755
f 1815 1756 1755
f 1816 1757 1756
f 1815 1816 1756
f 1816 1817 1757
f 1817 1758 1757
f 1817 1814 1758
f 1759 1771 1818
f 1759 1818 1819
f 1760 1759 1819
f 1760 1820 1761
f 1760 1821 1820
f 1821 1760 1822
f 1760 1819 1822
f 1762 1761 1823
f 1824 1761 1820
f 1761 1773 1823
f 1761 1824 1773
f 1825 1772 1762
f 1762 1823 1825
f 1777 1774 1763
f 1765 1764 1826
f 1764 1827 1828
f 1764 1828 1826
f 1764 1769 1827
f 1765 1826 1829
f 1829 1830 1765
f 1830 1766 1765
f 1830 1768 1766
f 1767 1768 1831
f 1767 1831 1832
f 1769 1767 1832
f 1827 1768 1830
f 1768 1827 1833
f 1768 1833 1831
f 1769 1832 1834
f 1834 1827 1769
f 1770 1824 1820
f 1770 1821 1771
f 1770 1820 1821
f 1824 1770 1773
f 1771 1821 1835
f 1771 1835 1818
f 1836 1772 1825
f 1773 1772 1836
f 1837 1838 1773
f 1838 1823 1773
f 1773 1836 1837
f 1777 1776 1774
f 1776 1775 1774
f 1778 1839 1840
f 1784 1839 1778
f 1778 1840 1779
f 1840 1841 1779
f 1842 1779 1841
f 1842 1783 1779
f 1783 1780 1779
f 1781 1842 1841
f 1781 1841 1795
f 1842 1781 1843
f 1781 1782 1844
f 1781 1844 1843
f 1782 1783 1845
f 1782 1845 1844
f 1783 1842 1846
f 1783 1846 1845
f 1784 1847 1839
f 1784 1848 1847
f 1784 1799 1848
f 1799 1784 1800
f 1784 1785 1800
f 1849 1800 1785
f 1850 1849 1785
f 1850 1785 1786
f 1851 1786 1801
f 1851 1850 1786
f 1789 1787 1852
f 1787 1788 1853
f 1787 1853 1852
f 1788 1790 1854
f 1788 1854 1853
f 1790 1789 1855
f 1789 1852 1855
f 1790 1855 1854
f 1794 1791 1856
f 1791 1792 1857
f 1791 1857 1856
f 1792 1793 1858
f 1792 1858 1857
f 1793 1794 1859
f 1793 1859 1858
f 1794 1856 1859
f 1841 1860 1795
f 1860 1796 1795
f 1860 1861 1796
f 1797 1796 1861
f 1797 1861 1848
f 1797 1848 1799
f 1849 1862 1800
f 1862 1801 1800
f 1862 1851 1801
f 1863 1802 1805
f 1863 1864 1802
f 1864 1803 1802
f 1864 1865 1803
f 1865 1804 1803
f 1866 1805 1804
f 1865 1866 1804
f 1866 1863 1805
f 1867 1806 1809
f 1867 1868 1806
f 1868 1807 1806
f 1868 1869 1807
f 1869 1808 1807
f 1870 1809 1808
f 1869 1870 1808
f 1870 1867 1809
f 1813 1811 1810
f 1813 1812 1811
f 1871 1814 1817
f 1871 1872 1814
f 1872 1815 1814
f 1873 1816 1815
f 1872 1873 1815
f 1874 1817 1816
f 1873 1874 1816
f 1874 1871 1817
f 1818 1835 1875
f 1818 1875 1876
f 1819 1818 1876
f 1822 1819 1877
f 1819 1876 1877
f 1821 1822 1835
f 1835 1822 1878
f 1822 1877 1878
f 1825 1823 1838
f 1879 1836 1825
f 1825 1838 1879
f 1829 1826 1880
f 1826 1828 1881
f 1826 1881 1880
f 1827 1830 1828
f 1834 1833 1827
f 1828 1830 1882
f 1828 1882 1881
f 1829 1880 1883
f 1830 1829 1883
f 1830 1883 1882
f 1832 1831 1884
f 1831 1885 1884
f 1831 1833 1885
f 1832 1884 1886
f 1834 1832 1886
f 1887 1833 1834
f 1887 1885 1833
f 1834 1886 1887
f 1835 1878 1875
f 1888 1836 1879
f 1889 1837 1836
f 1889 1836 1888
f 1889 1890 1837
f 1890 1838 1837
f 1891 1879 1838
f 1891 1838 1890
f 1839 1861 1860
f 1847 1861 1839
f 1839 1860 1840
f 1840 1860 1841
f 1842 1843 1846
f 1846 1843 1892
f 1843 1844 1893
f 1843 1893 1892
f 1844 1845 1894
f 1844 1894 1893
f 1845 1846 1895
f 1845 1895 1894
f 1846 1892 1895
f 1847 1848 1861
f 1896 1897 1849
f 1897 1862 1849
f 1896 1849 1850
f 1898 1896 1850
f 1898 1850 1851
f 1899 1851 1862
f 1899 1898 1851
f 1855 1852 1900
f 1852 1853 1901
f 1852 1901 1900
f 1853 1854 1902
f 1853 1902 1901
f 1854 1855 1903
f 1854 1903 1902
f 1855 1900 1903
f 1859 1856 1857
f 1859 1857 1858
f 1897 1899 1862
f 1904 1863 1866
f 1904 1905 1863
f 1905 1864 1863
f 1905 1906 1864
f 1906 1865 1864
f 1907 1866 1865
f 1906 1907 1865
f 1907 1904 1866
f 1870 1868 1867
f 1870 1869 1868
f 1908 1909 1871
f 1908 1871 1874
f 1909 1872 1871
f 1910 1873 1872
f 1909 1910 1872
f 1911 1874 1873
f 1910 1911 1873
f 1911 1908 1874
f 1876 1875 1878
f 1877 1876 1878
f 1891 1888 1879
f 1883 1880 1912
f 1880 1881 1913
f 1880 1913 1912
f 1881 1882 1914
f 1881 1914 1913
f 1882 1883 1915
f 1882 1915 1914
f 1883 1912 1915
f 1884 1916 1917
f 1886 1884 1917
f 1884 1885 1916
f 1918 1885 1887
f 1918 1916 1885
f 1887 1886 1919
f 1886 1917 1919
f 1887 1919 1918
f 1920 1888 1891
f 1921 1922 1888
f 1920 1921 1888
f 1889 1888 1922
f 1923 1924 1889
f 1924 1890 1889
f 1889 1922 1923
f 1925 1891 1890
f 1925 1890 1924
f 1925 1920 1891
f 1895 1892 1926
f 1892 1893 1927
f 1892 1927 1926
f 1893 1894 1928
f 1893 1928 1927
f 1894 1895 1929
f 1894 1929 1928
f 1895 1926 1929
f 1930 1931 1896
f 1930 1896 1898
f 1931 1897 1896
f 1931 1932 1897
f 1932 1899 1897
f 1933 1898 1899
f 1933 1930 1898
f 1932 1933 1899
f 1903 1900 1934
f 1900 1901 1935
f 1900 1935 1934
f 1901 1902 1936
f 1901 1936 1935
f 1902 1903 1937
f 1902 1937 1936
f 1903 1934 1937
f 1938 1904 1907
f 1938 1939 1904
f 1939 1905 1904
f 1939 1940 1905
f 1940 1906 1905
f 1941 1907 1906
f 1940 1941 1906
f 1941 1938 1907
f 1909 1908 1911
f 1910 1909 1911
f 1915 1912 1942
f 1912 1913 1943
f 1912 1943 1942
f 1913 1914 1944
f 1913 1944 1943
f 1914 1945 1944
f 1914 1915 1945
f 1915 1942 1945
f 1917 1916 1946
f 1947 1916 1918
f 1947 1946 1916
f 1917 1946 1948
f 1919 1917 1948
f 1918 1919 1949
f 1918 1949 1947
f 1919 1948 1949
f 1950 1921 1920
f 1951 1950 1920
f 1951 1920 1925
f 1922 1921 1952
f 1952 1921 1953
f 1954 1953 1921
f 1950 1954 1921
f 1923 1922 1952
f 1955 1956 1923
f 1956 1924 1923
f 1923 1952 1955
f 1957 1953 1924
f 1956 1957 1924
f 1953 1925 1924
f 1958 1951 1925
f 1925 1953 1958
f 1929 1926 1959
f 1926 1927 1960
f 1926 1960 1959
f 1927 1928 1961
f 1927 1961 1960
f 1928 1929 1962
f 1928 1962 1961
f 1929 1959 1962
f 1963 1964 1930
f 1963 1930 1933
f 1964 1931 1930
f 1964 1965 1931
f 1965 1932 1931
f 1965 1966 1932
f 1966 1933 1932
f 1966 1963 1933
f 1937 1934 1935
f 1937 1935 1936
f 1941 1939 1938
f 1941 1940 1939
f 1945 1942 1967
f 1942 1943 1968
f 1942 1968 1967
f 1943 1944 1969
f 1943 1969 1968
f 1944 1945 1970
f 1944 1970 1969
f 1945 1967 1970
f 1948 1946 1947
f 1948 1947 1949
f 1971 1950 1951
f 1971 1972 1950
f 1972 1954 1950
f 1973 1971 1951
f 1973 1951 1958
f 1974 1955 1952
f 1957 1952 1953
f 1975 1974 1952
f 1975 1952 1957
f 1953 1954 1958
f 1958 1954 1976
f 1954 1972 1976
f 1977 1956 1955
f 1974 1977 1955
f 1978 1957 1956
f 1977 1978 1956
f 1978 1975 1957
f 1976 1973 1958
f 1962 1959 1979
f 1959 1960 1980
f 1959 1980 1979
f 1960 1961 1981
f 1960 1981 1980
f 1961 1962 1982
f 1961 1982 1981
f 1962 1979 1982
f 1983 1984 1963
f 1983 1963 1966
f 1984 1964 1963
f 1984 1985 1964
f 1985 1965 1964
f 1985 1986 1965
f 1986 1966 1965
f 1986 1983 1966
f 1968 1970 1967
f 1968 1969 1970
f 1987 1988 1971
f 1987 1971 1973
f 1988 1972 1971
f 1976 1972 1989
f 1972 1988 1989
f 1990 1973 1976
f 1990 1987 1973
f 1991 1974 1975
f 1992 1977 1974
f 1991 1992 1974
f 1993 1975 1978
f 1993 1991 1975
f 1989 1990 1976
f 1994 1978 1977
f 1992 1994 1977
f 1994 1993 1978
f 1982 1979 1995
f 1979 1980 1996
f 1979 1996 1995
f 1980 1981 1997
f 1980 1997 1996
f 1981 1982 1998
f 1981 1998 1997
f 1982 1995 1998
f 1999 2000 1983
f 2000 1984 1983
f 1999 1983 1986
f 2000 2001 1984
f 2001 1985 1984
f 2001 2002 1985
f 2002 1986 1985
f 2002 1999 1986
f 2003 1988 1987
f 2004 2003 1987
f 2004 1987 1990
f 1989 1988 2005
f 1988 2003 2005
f 2006 1990 1989
f 2006 1989 2005
f 2006 2004 1990
f 2007 1991 1993
f 2008 1992 1991
f 2007 2008 1991
f 2009 1994 1992
f 2008 2009 1992
f 2010 2007 1993
f 2010 1993 1994
f 2009 2010 1994
f 1996 1998 1995
f 1996 1997 1998
f 2002 2000 1999
f 2002 2001 2000
f 2005 2003 2004
f 2006 2005 2004
f 2011 2007 2010
f 2012 2008 2007
f 2011 2012 2007
f 2013 2009 2008
f 2012 2013 2008
f 2014 2010 2009
f 2013 2014 2009
f 2014 2011 2010
f 2012 2011 2014
f 2012 2014 2013
f 2015 2016 2017
f 2018 2019 2015
f 2018 2015 2020
f 2019 2016 2015
f 2020 2015 2021
f 2015 2017 2021
f 2019 2022 2016
f 2022 2023 2016
f 2016 2023 2024
f 2016 2024 2017
f 2017 2024 2021
f 2025 2026 2018
f 2025 2018 2027
f 2026 2019 2018
f 2027 2018 2020
f 2026 2028 2019
f 2028 2022 2019
f 2020 2029 2027
f 2020 2030 2029
f 2020 2021 2030
f 2024 2030 2021
f 2028 2031 2022
f 2031 2032 2022
f 2022 2032 2023
f 2032 2033 2023
f 2023 2033 2034
f 2023 2034 2024
f 2024 2034 2030
f 2035 2036 2025
f 2036 2026 2025
f 2035 2025 2037
f 2037 2025 2027
f 2036 2038 2026
f 2038 2028 2026
f 2037 2027 2039
f 2039 2027 2029
f 2038 2040 2028
f 2040 2031 2028
f 2039 2029 2033
f 2033 2029 2041
f 2029 2030 2041
f 2034 2041 2030
f 2040 2042 2031
f 2042 2043 2031
f 2031 2043 2032
f 2043 2039 2032
f 2032 2039 2033
f 2033 2041 2034
f 2044 2045 2035
f 2044 2035 2046
f 2045 2036 2035
f 2046 2035 2037
f 2047 2038 2036
f 2045 2047 2036
f 2046 2037 2043
f 2043 2037 2039
f 2047 2048 2038
f 2048 2040 2038
f 2048 2049 2040
f 2049 2042 2040
f 2049 2050 2042
f 2050 2046 2042
f 2042 2046 2043
f 2051 2052 2044
f 2051 2044 2050
f 2052 2045 2044
f 2050 2044 2046
f 2052 2053 2045
f 2053 2047 2045
f 2053 2054 2047
f 2054 2048 2047
f 2054 2055 2048
f 2055 2049 2048
f 2055 2056 2049
f 2056 2050 2049
f 2056 2051 2050
f 2057 2058 2051
f 2058 2052 2051
f 2057 2051 2056
f 2058 2059 2052
f 2059 2053 2052
f 2059 2060 2053
f 2060 2054 2053
f 2060 2061 2054
f 2061 2055 2054
f 2061 2062 2055
f 2062 2056 2055
f 2062 2057 2056
f 2063 2064 2057
f 2063 2057 2062
f 2064 2058 2057
f 2064 2065 2058
f 2065 2059 2058
f 2065 2066 2059
f 2066 2060 2059
f 2066 2067 2060
f 2067 2061 2060
f 2067 2062 2061
f 2067 2063 2062
f 2068 2069 2063
f 2069 2070 2063
f 2070 2064 2063
f 2063 2067 2071
f 2071 2068 2063
f 2070 2072 2064
f 2072 2065 2064
f 2072 2073 2065
f 2073 2066 2065
f 2073 2071 2066
f 2071 2067 2066
f 2074 2068 2071
f 2074 2075 2068
f 2069 2068 2075
f 2076 2070 2069
f 2076 2069 2075
f 2076 2077 2070
f 2077 2072 2070
f 2078 2074 2071
f 2078 2071 2073
f 2077 2079 2072
f 2079 2073 2072
f 2079 2078 2073
f 2080 2081 2074
f 2080 2074 2078
f 2081 2075 2074
f 2081 2082 2075
f 2076 2075 2082
f 2082 2083 2076
f 2083 2077 2076
f 2083 2084 2077
f 2084 2079 2077
f 2085 2080 2078
f 2085 2078 2079
f 2084 2085 2079
f 2086 2087 2080
f 2086 2080 2085
f 2087 2081 2080
f 2087 2088 2081
f 2088 2082 2081
f 2088 2089 2082
f 2089 2083 2082
f 2089 2090 2083
f 2090 2084 2083
f 2090 2091 2084
f 2091 2085 2084
f 2091 2086 2085
f 2092 2093 2086
f 2092 2086 2091
f 2093 2087 2086
f 2093 2094 2087
f 2094 2088 2087
f 2094 2095 2088
f 2095 2089 2088
f 2095 2096 2089
f 2096 2090 2089
f 2096 2097 2090
f 2097 2091 2090
f 2097 2092 2091
f 2098 2099 2092
f 2098 2092 2097
f 2099 2093 2092
f 2099 2100 2093
f 2094 2093 2100
f 2095 2094 2100
f 2100 2101 2095
f 2101 2096 2095
f 2101 2102 2096
f 2102 2097 2096
f 2102 2098 2097
f 2103 2104 2098
f 2103 2098 2102
f 2104 2099 2098
f 2104 2105 2099
f 2105 2100 2099
f 2106 2107 2100
f 2107 2101 2100
f 2105 2106 2100
f 2107 2108 2101
f 2108 2102 2101
f 2108 2103 2102
f 2107 2104 2103
f 2107 2103 2108
f 2107 2105 2104
f 2107 2106 2105
f 2109 2110 2111
f 2109 2112 2113
f 2109 2113 2110
f 2114 2115 2109
f 2109 2111 2116
f 2115 2112 2109
f 2114 2109 2116
f 2117 2118 2110
f 2117 2110 2113
f 2118 2111 2110
f 2118 2119 2111
f 2119 2116 2111
f 2115 2120 2112
f 2120 2113 2112
f 2120 2117 2113
f 2119 2114 2116
f 2121 2122 2114
f 2121 2114 2119
f 2122 2115 2114
f 2122 2123 2115
f 2120 2115 2123
f 2124 2125 2117
f 2124 2117 2120
f 2125 2118 2117
f 2125 2126 2118
f 2126 2119 2118
f 2126 2121 2119
f 2123 2124 2120
f 2127 2128 2121
f 2127 2121 2126
f 2128 2122 2121
f 2128 2129 2122
f 2129 2123 2122
f 2129 2130 2123
f 2130 2124 2123
f 2130 2131 2124
f 2131 2125 2124
f 2131 2132 2125
f 2132 2126 2125
f 2132 2127 2126
f 2133 2134 2127
f 2133 2127 2132
f 2134 2128 2127
f 2134 2135 2128
f 2135 2129 2128
f 2135 2136 2129
f 2136 2130 2129
f 2136 2137 2130
f 2137 2131 2130
f 2137 2138 2131
f 2138 2132 2131
f 2138 2133 2132
f 2139 2140 2133
f 2139 2133 2138
f 2140 2134 2133
f 2140 2141 2134
f 2141 2135 2134
f 2141 2142 2135
f 2142 2136 2135
f 2142 2143 2136
f 2143 2137 2136
f 2143 2144 2137
f 2144 2138 2137
f 2144 2139 2138
f 2145 2146 2139
f 2145 2139 2144
f 2146 2140 2139
f 2146 2147 2140
f 2147 2141 2140
f 2147 2148 2141
f 2142 2141 2148
f 2148 2149 2142
f 2149 2143 2142
f 2149 2150 2143
f 2150 2144 2143
f 2150 2145 2144
f 2151 2152 2145
f 2152 2146 2145
f 2151 2145 2150
f 2152 2153 2146
f 2153 2147 2146
f 2153 2154 2147
f 2154 2148 2147
f 2154 2155 2148
f 2155 2149 2148
f 2155 2156 2149
f 2156 2150 2149
f 2156 2151 2150
f 2157 2158 2151
f 2157 2151 2156
f 2158 2152 2151
f 2158 2159 2152
f 2159 2153 2152
f 2159 2160 2153
f 2160 2154 2153
f 2160 2161 2154
f 2161 2155 2154
f 2161 2162 2155
f 2162 2156 2155
f 2162 2157 2156
f 2163 2157 2164
f 2164 2157 2162
f 2163 2158 2157
f 2163 2165 2158
f 2165 2159 2158
f 2165 2166 2159
f 2166 2160 2159
f 2166 2167 2160
f 2167 2161 2160
f 2167 2168 2161
f 2168 2162 2161
f 2168 2164 2162
f 2163 2164 2169
f 2169 2170 2163
f 2170 2165 2163
f 2171 2169 2164
f 2171 2164 2168
f 2170 2172 2165
f 2172 2166 2165
f 2172 2173 2166
f 2173 2167 2166
f 2173 2174 2167
f 2174 2168 2167
f 2174 2171 2168
f 2175 2169 2171
f 2175 2176 2169
f 2170 2169 2176
f 2176 2177 2170
f 2177 2172 2170
f 2178 2175 2171
f 2178 2171 2174
f 2177 2179 2172
f 2179 2173 2172
f 2179 2180 2173
f 2180 2174 2173
f 2180 2178 2174
f 2181 2175 2178
f 2181 2182 2175
f 2182 2176 2175
f 2182 2183 2176
f 2177 2176 2183
f 2183 2184 2177
f 2184 2179 2177
f 2185 2181 2178
f 2185 2178 2180
f 2184 2186 2179
f 2186 2180 2179
f 2186 2185 2180
f 2187 2181 2185
f 2187 2188 2181
f 2188 2182 2181
f 2188 2189 2182
f 2189 2183 2182
f 2189 2190 2183
f 2190 2184 2183
f 2190 2191 2184
f 2191 2186 2184
f 2192 2187 2185
f 2192 2185 2186
f 2191 2192 2186
f 2193 2187 2192
f 2193 2194 2187
f 2194 2188 2187
f 2194 2195 2188
f 2195 2189 2188
f 2195 2196 2189
f 2196 2190 2189
f 2196 2197 2190
f 2191 2190 2197
f 2198 2192 2191
f 2197 2198 2191
f 2198 2193 2192
f 2199 2193 2198
f 2199 2200 2193
f 2200 2194 2193
f 2200 2201 2194
f 2201 2195 2194
f 2201 2202 2195
f 2202 2196 2195
f 2202 2203 2196
f 2203 2197 2196
f 2198 2197 2204
f 2203 2204 2197
f 2204 2199 2198
f 2204 2200 2199
f 2201 2200 2204
f 2203 2201 2204
f 2203 2202 2201
f 2205 2206 2207
f 2205 2208 2209
f 2205 2209 2206
f 2210 2211 2205
f 2210 2205 2207
f 2211 2208 2205
f 2212 2213 2206
f 2212 2206 2209
f 2213 2207 2206
f 2213 2210 2207
f 2211 2214 2208
f 2214 2209 2208
f 2214 2212 2209
f 2215 2216 2210
f 2215 2210 2213
f 2216 2211 2210
f 2216 2217 2211
f 2217 2214 2211
f 2218 2219 2212
f 2219 2213 2212
f 2218 2212 2214
f 2219 2215 2213
f 2217 2218 2214
f 2220 2221 2215
f 2220 2215 2219
f 2221 2216 2215
f 2221 2222 2216
f 2222 2217 2216
f 2222 2223 2217
f 2223 2218 2217
f 2223 2224 2218
f 2224 2219 2218
f 2224 2220 2219
f 2225 2226 2220
f 2226 2221 2220
f 2225 2220 2224
f 2226 2227 2221
f 2227 2222 2221
f 2227 2228 2222
f 2228 2223 2222
f 2228 2229 2223
f 2229 2224 2223
f 2229 2225 2224
f 2230 2231 2225
f 2230 2225 2229
f 2231 2226 2225
f 2231 2232 2226
f 2232 2227 2226
f 2232 2233 2227
f 2233 2228 2227
f 2233 2234 2228
f 2234 2229 2228
f 2234 2230 2229
f 2235 2236 2230
f 2235 2230 2234
f 2236 2231 2230
f 2236 2237 2231
f 2237 2232 2231
f 2237 2238 2232
f 2238 2233 2232
f 2238 2239 2233
f 2239 2234 2233
f 2239 2235 2234
f 2240 2241 2235
f 2240 2235 2239
f 2241 2236 2235
f 2241 2242 2236
f 2242 2237 2236
f 2242 2243 2237
f 2243 2238 2237
f 2243 2244 2238
f 2244 2239 2238
f 2244 2240 2239
f 2245 2246 2240
f 2245 2240 2244
f 2246 2241 2240
f 2246 2247 2241
f 2247 2242 2241
f 2247 2248 2242
f 2248 2243 2242
f 2248 2249 2243
f 2249 2244 2243
f 2249 2245 2244
f 2250 2251 2245
f 2250 2245 2249
f 2251 2246 2245
f 2252 2247 2246
f 2253 2252 2246
f 2251 2253 2246
f 2247 2252 2254
f 2254 2248 2247
f 2254 2255 2248
f 2255 2249 2248
f 2255 2250 2249
f 2250 2253 2251
f 2250 2255 2254
f 2250 2254 2253
f 2252 2253 2254
f 2256 2257 2258
f 2256 2259 2260
f 2261 2262 2256
f 2256 2260 2257
f 2261 2256 2258
f 2262 2259 2256
f 2257 2263 2258
f 2264 2265 2257
f 2264 2257 2260
f 2265 2263 2257
f 2266 2261 2258
f 2266 2258 2263
f 2262 2267 2259
f 2267 2260 2259
f 2267 2264 2260
f 2268 2269 2261
f 2269 2262 2261
f 2268 2261 2266
f 2269 2270 2262
f 2270 2267 2262
f 2265 2266 2263
f 2271 2272 2264
f 2271 2264 2267
f 2272 2265 2264
f 2272 2273 2265
f 2273 2266 2265
f 2273 2268 2266
f 2270 2271 2267
f 2274 2275 2268
f 2274 2268 2273
f 2275 2269 2268
f 2275 2276 2269
f 2276 2270 2269
f 2276 2277 2270
f 2277 2271 2270
f 2277 2278 2271
f 2278 2272 2271
f 2278 2279 2272
f 2279 2273 2272
f 2279 2274 2273
f 2280 2281 2274
f 2280 2274 2279
f 2281 2275 2274
f 2281 2282 2275
f 2282 2276 2275
f 2282 2283 2276
f 2283 2277 2276
f 2283 2284 2277
f 2284 2278 2277
f 2284 2285 2278
f 2285 2279 2278
f 2285 2280 2279
f 2286 2287 2280
f 2286 2280 2285
f 2287 2281 2280
f 2287 2288 2281
f 2288 2282 2281
f 2288 2289 2282
f 2289 2283 2282
f 2289 2290 2283
f 2290 2284 2283
f 2290 2291 2284
f 2291 2285 2284
f 2291 2286 2285
f 2292 2293 2286
f 2292 2286 2291
f 2293 2287 2286
f 2293 2294 2287
f 2294 2288 2287
f 2294 2295 2288
f 2295 2289 2288
f 2295 2296 2289
f 2296 2290 2289
f 2296 2297 2290
f 2297 2291 2290
f 2297 2292 2291
f 2298 2299 2292
f 2298 2292 2297
f 2299 2293 2292
f 2299 2300 2293
f 2300 2294 2293
f 2300 2301 2294
f 2301 2295 2294
f 2301 2302 2295
f 2302 2296 2295
f 2302 2303 2296
f 2303 2297 2296
f 2303 2298 2297
f 2304 2305 2298
f 2305 2299 2298
f 2304 2298 2303
f 2305 2306 2299
f 2306 2300 2299
f 2306 2307 2300
f 2307 2301 2300
f 2307 2308 2301
f 2308 2302 2301
f 2308 2309 2302
f 2309 2303 2302
f 2309 2304 2303
f 2310 2311 2304
f 2310 2304 2309
f 2311 2305 2304
f 2311 2312 2305
f 2312 2306 2305
f 2312 2313 2306
f 2313 2307 2306
f 2313 2314 2307
f 2314 2308 2307
f 2314 2315 2308
f 2315 2309 2308
f 2315 2310 2309
f 2316 2317 2310
f 2316 2310 2315
f 2317 2311 2310
f 2317 2318 2311
f 2318 2312 2311
f 2318 2319 2312
f 2319 2313 2312
f 2319 2320 2313
f 2320 2314 2313
f 2320 2321 2314
f 2321 2315 2314
f 2321 2316 2315
f 2322 2323 2316
f 2322 2316 2321
f 2323 2317 2316
f 2323 2324 2317
f 2324 2318 2317
f 2324 2325 2318
f 2325 2319 2318
f 2325 2326 2319
f 2326 2320 2319
f 2326 2327 2320
f 2327 2321 2320
f 2322 2321 2327
f 2328 2329 2322
f 2328 2322 2327
f 2329 2323 2322
f 2329 2330 2323
f 2330 2324 2323
f 2330 2331 2324
f 2331 2325 2324
f 2331 2332 2325
f 2332 2326 2325
f 2332 2333 2326
f 2333 2327 2326
f 2333 2328 2327
f 2334 2335 2328
f 2334 2328 2333
f 2335 2329 2328
f 2335 2336 2329
f 2336 2330 2329
f 2336 2337 2330
f 2337 2331 2330
f 2337 2338 2331
f 2338 2332 2331
f 2338 2339 2332
f 2339 2333 2332
f 2339 2334 2333
f 2340 2341 2334
f 2341 2335 2334
f 2340 2334 2339
f 2341 2342 2335
f 2342 2336 2335
f 2342 2343 2336
f 2343 2337 2336
f 2343 2344 2337
f 2344 2338 2337
f 2344 2345 2338
f 2345 2339 2338
f 2345 2340 2339
f 2346 2340 2347
f 2347 2340 2345
f 2346 2341 2340
f 2346 2348 2341
f 2348 2342 2341
f 2348 2349 2342
f 2349 2343 2342
f 2349 2350 2343
f 2350 2344 2343
f 2350 2351 2344
f 2351 2345 2344
f 2351 2347 2345
f 2351 2346 2347
f 2349 2348 2346
f 2349 2346 2351
f 2349 2351 2350
f 2352 2353 2354
f 2355 2352 2356
f 2352 2355 2357
f 2352 2354 2356
f 2352 2357 2353
f 2353 2357 2358
f 2353 2358 2354
f 2356 2354 2359
f 2354 2358 2360
f 2354 2360 2359
f 2357 2355 2361
f 2355 2356 2361
f 2361 2356 2362
f 2356 2359 2362
f 2357 2361 2358
f 2358 2361 2363
f 2358 2363 2360
f 2362 2359 2364
f 2359 2360 2365
f 2359 2365 2364
f 2360 2363 2366
f 2360 2366 2365
f 2361 2362 2363
f 2363 2362 2367
f 2362 2364 2367
f 2363 2367 2366
f 2367 2364 2368
f 2364 2365 2369
f 2364 2369 2368
f 2365 2366 2370
f 2365 2370 2369
f 2366 2367 2371
f 2366 2371 2370
f 2367 2368 2371
f 2371 2368 2372
f 2368 2369 2373
f 2368 2373 2372
f 2369 2370 2374
f 2369 2374 2373
f 2370 2371 2375
f 2370 2375 2374
f 2371 2372 2375
f 2375 2372 2376
f 2372 2373 2377
f 2372 2377 2376
f 2373 2374 2378
f 2373 2378 2377
f 2374 2375 2379
f 2374 2379 2378
f 2375 2376 2379
f 2379 2376 2380
f 2376 2377 2381
f 2376 2381 2380
f 2377 2378 2382
f 2377 2382 2381
f 2378 2379 2383
f 2378 2383 2382
f 2379 2380 2383
f 2383 2380 2384
f 2380 2381 2385
f 2380 2385 2384
f 2381 2382 2386
f 2381 2386 2385
f 2382 2383 2387
f 2382 2387 2386
f 2383 2384 2387
f 2387 2384 2388
f 2384 2385 2389
f 2384 2389 2388
f 2385 2386 2390
f 2385 2390 2389
f 2386 2387 2391
f 2386 2391 2390
f 2387 2388 2391
f 2391 2388 2392
f 2388 2389 2393
f 2388 2393 2392
f 2389 2390 2394
f 2389 2394 2393
f 2390 2391 2395
f 2390 2395 2394
f 2391 2392 2395
f 2395 2392 2396
f 2392 2393 2397
f 2392 2397 2396
f 2393 2394 2398
f 2393 2398 2397
f 2394 2395 2399
f 2394 2399 2398
f 2395 2396 2399
f 2399 2396 2400
f 2396 2397 2401
f 2396 2401 2400
f 2397 2398 2402
f 2397 2402 2401
f 2398 2399 2403
f 2398 2403 2402
f 2399 2400 2403
f 2403 2400 2404
f 2400 2401 2405
f 2400 2405 2404
f 2401 2402 2406
f 2401 2406 2405
f 2402 2403 2407
f 2402 2407 2406
f 2403 2404 2407
f 2407 2404 2408
f 2404 2405 2409
f 2404 2409 2408
f 2405 2406 2410
f 2405 2410 2409
f 2406 2407 2411
f 2406 2411 2410
f 2407 2408 2411
f 2411 2408 2412
f 2408 2409 2413
f 2408 2413 2412
f 2409 2410 2414
f 2409 2414 2413
f 2410 2411 2415
f 2410 2415 2414
f 2411 2412 2415
f 2414 2415 2412
f 2414 2412 2413
f 2416 2417 2418
f 2419 2416 2420
f 2416 2418 2421
f 2416 2419 2417
f 2420 2416 2421
f 2417 2422 2423
f 2419 2424 2417
f 2418 2417 2423
f 2417 2424 2422
f 2421 2418 2425
f 2418 2423 2426
f 2425 2418 2426
f 2420 2424 2419
f 2420 2425 2424
f 2420 2421 2425
f 2422 2427 2428
f 2424 2429 2422
f 2423 2422 2428
f 2422 2429 2427
f 2423 2428 2430
f 2426 2423 2430
f 2424 2425 2429
f 2425 2426 2429
f 2426 2430 2431
f 2429 2426 2431
f 2427 2432 2433
f 2429 2431 2427
f 2428 2427 2433
f 2427 2431 2432
f 2428 2433 2434
f 2430 2428 2434
f 2430 2434 2435
f 2431 2430 2435
f 2431 2435 2432
f 2432 2436 2437
f 2433 2432 2437
f 2432 2435 2436
f 2433 2437 2438
f 2434 2433 2438
f 2434 2438 2439
f 2435 2434 2439
f 2435 2439 2436
f 2436 2440 2441
f 2437 2436 2441
f 2436 2439 2440
f 2437 2441 2442
f 2438 2437 2442
f 2438 2442 2443
f 2439 2438 2443
f 2439 2443 2440
f 2440 2444 2445
f 2441 2440 2445
f 2440 2443 2444
f 2441 2445 2446
f 2442 2441 2446
f 2442 2446 2447
f 2443 2442 2447
f 2443 2447 2444
f 2444 2448 2449
f 2445 2444 2449
f 2444 2447 2448
f 2445 2449 2450
f 2446 2445 2450
f 2446 2450 2451
f 2447 2446 2451
f 2447 2451 2448
f 2448 2452 2453
f 2449 2448 2453
f 2448 2451 2452
f 2449 2453 2454
f 2450 2449 2454
f 2450 2454 2455
f 2451 2450 2455
f 2451 2455 2452
f 2452 2456 2457
f 2453 2452 2457
f 2452 2455 2456
f 2453 2457 2458
f 2454 2453 2458
f 2454 2458 2459
f 2455 2454 2459
f 2455 2459 2456
f 2456 2460 2461
f 2457 2456 2461
f 2456 2459 2460
f 2457 2461 2462
f 2458 2457 2462
f 2458 2462 2463
f 2459 2458 2463
f 2459 2463 2460
f 2460 2464 2465
f 2461 2460 2465
f 2460 2463 2464
f 2461 2465 2466
f 2462 2461 2466
f 2462 2466 2467
f 2463 2462 2467
f 2463 2467 2464
f 2464 2468 2469
f 2465 2464 2469
f 2464 2467 2468
f 2465 2469 2470
f 2466 2465 2470
f 2466 2470 2471
f 2467 2466 2471
f 2467 2471 2468
f 2468 2472 2473
f 2469 2468 2473
f 2468 2471 2472
f 2469 2473 2474
f 2470 2469 2474
f 2470 2474 2475
f 2471 2470 2475
f 2471 2475 2472
f 2472 2476 2477
f 2473 2472 2477
f 2472 2475 2476
f 2473 2477 2478
f 2474 2473 2478
f 2474 2478 2479
f 2475 2474 2479
f 2475 2479 2476
f 2478 2477 2476
f 2476 2479 2478
f 2480 2481 2482
f 2483 2480 2484
f 2485 2481 2480
f 2480 2482 2484
f 2485 2480 2483
f 2481 2486 2487
f 2485 2486 2481
f 2481 2487 2482
f 2484 2482 2488
f 2482 2487 2489
f 2482 2489 2488
f 2490 2483 2491
f 2483 2484 2491
f 2485 2483 2490
f 2491 2484 2492
f 2484 2488 2492
f 2486 2485 2493
f 2485 2490 2494
f 2485 2494 2493
f 2486 2493 2487
f 2487 2493 2495
f 2487 2495 2489
f 2492 2488 2496
f 2488 2489 2497
f 2488 2497 2496
f 2489 2495 2498
f 2489 2498 2497
f 2490 2491 2494
f 2494 2491 2499
f 2491 2492 2499
f 2499 2492 2500
f 2492 2496 2500
f 2493 2494 2501
f 2493 2501 2495
f 2494 2499 2501
f 2495 2501 2502
f 2495 2502 2498
f 2500 2496 2503
f 2496 2497 2504
f 2496 2504 2503
f 2497 2498 2505
f 2497 2505 2504
f 2498 2502 2506
f 2498 2506 2505
f 2501 2499 2507
f 2499 2500 2507
f 2507 2500 2508
f 2500 2503 2508
f 2501 2507 2502
f 2502 2507 2509
f 2502 2509 2506
f 2508 2503 2510
f 2503 2504 2511
f 2503 2511 2510
f 2504 2505 2512
f 2504 2512 2511
f 2505 2506 2513
f 2505 2513 2512
f 2506 2509 2514
f 2506 2514 2513
f 2507 2508 2509
f 2509 2508 2515
f 2508 2510 2515
f 2509 2515 2514
f 2515 2510 2516
f 2510 2511 2517
f 2510 2517 2516
f 2512 2518 2511
f 2511 2518 2517
f 2512 2513 2519
f 2512 2519 2518
f 2513 2514 2520
f 2513 2520 2519
f 2514 2515 2521
f 2514 2521 2520
f 2515 2516 2521
f 2521 2516 2522
f 2516 2517 2523
f 2516 2523 2522
f 2517 2518 2524
f 2517 2524 2523
f 2518 2519 2525
f 2518 2525 2524
f 2519 2520 2526
f 2519 2526 2525
f 2520 2521 2527
f 2520 2527 2526
f 2521 2522 2527
f 2527 2522 2528
f 2522 2523 2529
f 2522 2529 2528
f 2523 2524 2530
f 2523 2530 2529
f 2524 2525 2531
f 2524 2531 2530
f 2525 2526 2532
f 2525 2532 2531
f 2526 2527 2533
f 2526 2533 2532
f 2527 2528 2533
f 2533 2528 2534
f 2528 2529 2535
f 2528 2535 2534
f 2529 2530 2536
f 2529 2536 2535
f 2530 2531 2537
f 2530 2537 2536
f 2531 2532 2538
f 2531 2538 2537
f 2532 2533 2539
f 2532 2539 2538
f 2533 2534 2539
f 2539 2534 2540
f 2534 2535 2541
f 2534 2541 2540
f 2535 2536 2542
f 2535 2542 2541
f 2536 2537 2543
f 2536 2543 2542
f 2537 2538 2544
f 2537 2544 2543
f 2538 2539 2545
f 2538 2545 2544
f 2539 2540 2545
f 2545 2540 2546
f 2540 2541 2547
f 2540 2547 2546
f 2541 2542 2548
f 2541 2548 2547
f 2542 2543 2549
f 2542 2549 2548
f 2543 2544 2550
f 2543 2550 2549
f 2544 2545 2551
f 2544 2551 2550
f 2545 2546 2551
f 2551 2546 2552
f 2546 2547 2553
f 2546 2553 2552
f 2547 2548 2554
f 2554 2553 2547
f 2548 2549 2555
f 2548 2555 2554
f 2549 2550 2556
f 2549 2556 2555
f 2550 2551 2557
f 2550 2557 2556
f 2551 2552 2557
f 2557 2552 2558
f 2552 2553 2559
f 2552 2559 2558
f 2553 2554 2560
f 2553 2560 2559
f 2554 2555 2561
f 2554 2561 2560
f 2555 2556 2562
f 2555 2562 2561
f 2556 2557 2563
f 2556 2563 2562
f 2557 2558 2563
f 2563 2558 2564
f 2558 2559 2565
f 2558 2565 2564
f 2559 2560 2566
f 2559 2566 2565
f 2560 2561 2567
f 2560 2567 2566
f 2561 2562 2568
f 2561 2568 2567
f 2562 2563 2569
f 2562 2569 2568
f 2563 2564 2569
f 2569 2564 2570
f 2564 2565 2571
f 2564 2571 2570
f 2565 2566 2572
f 2565 2572 2571
f 2566 2567 2573
f 2566 2573 2572
f 2567 2568 2574
f 2567 2574 2573
f 2568 2569 2575
f 2568 2575 2574
f 2569 2570 2575
f 2575 2570 2571
f 2575 2571 2572
f 2572 2573 2574
f 2575 2572 2574
f 2576 2577 2578
f 2579 2576 2580
f 2576 2579 2581
f 2576 2578 2580
f 2576 2581 2582
f 2576 2582 2577
f 2577 2583 2584
f 2582 2583 2577
f 2577 2584 2578
f 2580 2578 2585
f 2578 2584 2586
f 2578 2586 2585
f 2581 2579 2587
f 2579 2580 2587
f 2587 2580 2588
f 2580 2585 2588
f 2582 2581 2589
f 2581 2587 2589
f 2583 2582 2590
f 2582 2589 2590
f 2583 2590 2584
f 2584 2590 2591
f 2584 2591 2586
f 2588 2585 2592
f 2585 2586 2593
f 2585 2593 2592
f 2586 2591 2594
f 2586 2594 2593
f 2589 2587 2595
f 2587 2588 2595
f 2595 2588 2596
f 2588 2592 2596
f 2590 2589 2597
f 2589 2595 2597
f 2590 2597 2591
f 2591 2597 2598
f 2591 2598 2594
f 2596 2592 2599
f 2592 2593 2600
f 2592 2600 2599
f 2593 2594 2601
f 2593 2601 2600
f 2594 2598 2602
f 2594 2602 2601
f 2597 2595 2603
f 2595 2596 2603
f 2603 2596 2604
f 2596 2599 2604
f 2597 2603 2598
f 2598 2603 2605
f 2598 2605 2602
f 2604 2599 2606
f 2599 2600 2607
f 2599 2607 2606
f 2600 2601 2608
f 2600 2608 2607
f 2601 2602 2609
f 2601 2609 2608
f 2602 2605 2610
f 2602 2610 2609
f 2603 2604 2605
f 2605 2604 2611
f 2604 2606 2611
f 2605 2611 2610
f 2611 2606 2612
f 2606 2607 2613
f 2606 2613 2612
f 2607 2608 2614
f 2607 2614 2613
f 2608 2609 2615
f 2608 2615 2614
f 2609 2610 2616
f 2609 2616 2615
f 2610 2611 2617
f 2610 2617 2616
f 2611 2612 2617
f 2617 2612 2618
f 2612 2613 2619
f 2612 2619 2618
f 2613 2614 2620
f 2613 2620 2619
f 2614 2615 2621
f 2614 2621 2620
f 2615 2616 2622
f 2615 2622 2621
f 2616 2617 2623
f 2616 2623 2622
f 2617 2618 2623
f 2623 2618 2624
f 2618 2619 2625
f 2618 2625 2624
f 2619 2620 2626
f 2619 2626 2625
f 2620 2621 2627
f 2620 2627 2626
f 2621 2622 2628
f 2621 2628 2627
f 2622 2623 2629
f 2622 2629 2628
f 2623 2624 2629
f 2629 2624 2630
f 2624 2625 2631
f 2624 2631 2630
f 2625 2626 2632
f 2625 2632 2631
f 2626 2627 2633
f 2626 2633 2632
f 2627 2628 2634
f 2627 2634 2633
f 2628 2629 2635
f 2628 2635 2634
f 2629 2630 2635
f 2635 2630 2636
f 2630 2631 2637
f 2630 2637 2636
f 2631 2632 2638
f 2631 2638 2637
f 2632 2633 2639
f 2632 2639 2638
f 2633 2634 2640
f 2633 2640 2639
f 2634 2635 2641
f 2634 2641 2640
f 2635 2636 2641
f 2641 2636 2642
f 2636 2637 2643
f 2636 2643 2642
f 2637 2638 2644
f 2637 2644 2643
f 2638 2639 2645
f 2638 2645 2644
f 2639 2640 2646
f 2639 2646 2645
f 2640 2641 2647
f 2640 2647 2646
f 2641 2642 2647
f 2647 2642 2648
f 2642 2643 2649
f 2642 2649 2648
f 2643 2644 2650
f 2643 2650 2649
f 2644 2645 2651
f 2644 2651 2650
f 2645 2646 2652
f 2645 2652 2651
f 2646 2647 2653
f 2653 2652 2646
f 2647 2648 2653
f 2653 2648 2654
f 2648 2649 2655
f 2648 2655 2654
f 2649 2650 2656
f 2649 2656 2655
f 2650 2651 2657
f 2650 2657 2656
f 2651 2652 2658
f 2651 2658 2657
f 2652 2653 2659
f 2652 2659 2658
f 2653 2654 2659
f 2659 2654 2660
f 2654 2655 2661
f 2654 2661 2660
f 2655 2656 2662
f 2655 2662 2661
f 2656 2657 2663
f 2656 2663 2662
f 2657 2658 2664
f 2657 2664 2663
f 2658 2659 2665
f 2658 2665 2664
f 2659 2660 2665
f 2665 2660 2666
f 2660 2661 2667
f 2660 2667 2666
f 2661 2662 2668
f 2661 2668 2667
f 2662 2663 2669
f 2662 2669 2668
f 2663 2664 2670
f 2663 2670 2669
f 2664 2665 2671
f 2664 2671 2670
f 2665 2666 2671
f 2666 2667 2668
f 2666 2668 2671
f 2670 2671 2668
f 2670 2668 2669
f 2672 2673 2674
f 2675 2672 2676
f 2672 2675 2677
f 2672 2674 2676
f 2672 2677 2678
f 2672 2678 2673
f 2673 2679 2680
f 2678 2679 2673
f 2673 2680 2674
f 2676 2674 2681
f 2674 2680 2682
f 2674 2682 2681
f 2677 2675 2683
f 2675 2676 2683
f 2683 2676 2684
f 2676 2681 2684
f 2678 2677 2685
f 2677 2683 2685
f 2679 2678 2686
f 2678 2685 2686
f 2679 2686 2680
f 2680 2686 2687
f 2680 2687 2682
f 2684 2681 2688
f 2681 2682 2689
f 2681 2689 2688
f 2682 2687 2690
f 2682 2690 2689
f 2683 2691 2685
f 2683 2684 2691
f 2691 2684 2692
f 2684 2688 2692
f 2686 2685 2693
f 2685 2691 2693
f 2686 2693 2687
f 2687 2693 2694
f 2687 2694 2690
f 2692 2688 2695
f 2688 2689 2696
f 2688 2696 2695
f 2689 2690 2697
f 2689 2697 2696
f 2690 2694 2698
f 2690 2698 2697
f 2693 2691 2699
f 2691 2692 2699
f 2699 2692 2700
f 2692 2695 2700
f 2693 2699 2694
f 2694 2699 2701
f 2694 2701 2698
f 2700 2695 2702
f 2695 2696 2703
f 2695 2703 2702
f 2696 2697 2704
f 2696 2704 2703
f 2697 2698 2705
f 2697 2705 2704
f 2698 2701 2706
f 2698 2706 2705
f 2699 2700 2701
f 2701 2700 2707
f 2700 2702 2707
f 2701 2707 2706
f 2707 2702 2708
f 2702 2703 2709
f 2702 2709 2708
f 2703 2704 2710
f 2703 2710 2709
f 2704 2705 2711
f 2704 2711 2710
f 2705 2706 2712
f 2705 2712 2711
f 2706 2707 2713
f 2706 2713 2712
f 2707 2708 2713
f 2713 2708 2714
f 2708 2709 2715
f 2708 2715 2714
f 2709 2710 2716
f 2709 2716 2715
f 2710 2711 2717
f 2710 2717 2716
f 2711 2712 2718
f 2711 2718 2717
f 2712 2713 2719
f 2712 2719 2718
f 2713 2714 2719
f 2719 2714 2720
f 2714 2715 2721
f 2714 2721 2720
f 2715 2716 2722
f 2715 2722 2721
f 2716 2717 2723
f 2716 2723 2722
f 2717 2718 2724
f 2717 2724 2723
f 2718 2719 2725
f 2718 2725 2724
f 2719 2720 2725
f 2725 2720 2726
f 2720 2721 2727
f 2720 2727 2726
f 2721 2722 2728
f 2721 2728 2727
f 2722 2723 2729
f 2722 2729 2728
f 2723 2724 2730
f 2723 2730 2729
f 2724 2725 2731
f 2724 2731 2730
f 2725 2726 2731
f 2731 2726 2732
f 2726 2727 2733
f 2726 2733 2732
f 2727 2728 2734
f 2727 2734 2733
f 2728 2729 2735
f 2728 2735 2734
f 2729 2730 2736
f 2729 2736 2735
f 2730 2731 2737
f 2730 2737 2736
f 2731 2732 2737
f 2737 2732 2738
f 2732 2733 2739
f 2732 2739 2738
f 2733 2734 2740
f 2733 2740 2739
f 2734 2735 2741
f 2734 2741 2740
f 2735 2736 2742
f 2735 2742 2741
f 2736 2737 2743
f 2736 2743 2742
f 2737 2738 2743
f 2743 2738 2744
f 2738 2739 2745
f 2738 2745 2744
f 2739 2740 2746
f 2739 2746 2745
f 2740 2741 2747
f 2740 2747 2746
f 2741 2742 2748
f 2741 2748 2747
f 2742 2743 2749
f 2742 2749 2748
f 2743 2744 2749
f 2749 2744 2750
f 2744 2745 2751
f 2744 2751 2750
f 2745 2746 2752
f 2745 2752 2751
f 2746 2747 2753
f 2746 2753 2752
f 2747 2748 2754
f 2747 2754 2753
f 2748 2749 2755
f 2748 2755 2754
f 2749 2750 2755
f 2755 2750 2756
f 2750 2751 2757
f 2750 2757 2756
f 2751 2752 2758
f 2751 2758 2757
f 2752 2753 2759
f 2752 2759 2758
f 2753 2754 2760
f 2753 2760 2759
f 2754 2755 2761
f 2761 2760 2754
f 2755 2756 2761
f 2761 2756 2762
f 2756 2757 2763
f 2756 2763 2762
f 2758 2764 2757
f 2757 2764 2763
f 2758 2759 2765
f 2758 2765 2764
f 2759 2760 2766
f 2759 2766 2765
f 2760 2761 2767
f 2760 2767 2766
f 2761 2762 2767
f 2767 2762 2765
f 2762 2763 2764
f 2762 2764 2765
f 2767 2765 2766
f 2768 2769 2770
f 2770 2771 2768
f 2769 2768 2772
f 2768 2773 2772
f 2771 2773 2768
f 2774 2770 2769
f 2775 2769 2776
f 2769 2777 2778
f 2769 2778 2776
f 2769 2772 2777
f 2779 2769 2775
f 2779 2774 2769
f 2780 2781 2770
f 2782 2780 2770
f 2771 2770 2781
f 2770 2774 2782
f 2783 2773 2771
f 2781 2783 2771
f 2772 2784 2777
f 2772 2773 2785
f 2772 2786 2784
f 2772 2787 2786
f 2772 2788 2787
f 2772 2785 2788
f 2789 2785 2773
f 2789 2773 2790
f 2783 2790 2773
f 2782 2774 2791
f 2792 2791 2774
f 2774 2793 2792
f 2774 2794 2793
f 2774 2795 2794
f 2796 2795 2774
f 2774 2779 2796
f 2776 2797 2775
f 2779 2775 2797
f 2797 2776 2798
f 2776 2778 2799
f 2776 2799 2798
f 2778 2777 2800
f 2777 2801 2800
f 2802 2777 2784
f 2801 2777 2802
f 2799 2778 2800
f 2796 2779 2803
f 2803 2779 2804
f 2779 2797 2804
f 2780 2805 2781
f 2782 2791 2780
f 2780 2791 2806
f 2807 2805 2780
f 2807 2780 2806
f 2783 2781 2808
f 2805 2808 2781
f 2783 2809 2810
f 2811 2790 2783
f 2809 2783 2808
f 2812 2783 2810
f 2811 2783 2812
f 2802 2784 2813
f 2784 2786 2813
f 2785 2814 2788
f 2785 2815 2814
f 2815 2785 2789
f 2816 2786 2817
f 2786 2787 2818
f 2818 2819 2786
f 2786 2819 2817
f 2820 2786 2816
f 2786 2820 2813
f 2818 2787 2788
f 2821 2788 2814
f 2822 2818 2788
f 2822 2788 2823
f 2788 2821 2824
f 2823 2788 2824
f 2825 2789 2790
f 2815 2789 2825
f 2826 2790 2811
f 2790 2826 2825
f 2827 2791 2792
f 2806 2791 2827
f 2792 2828 2827
f 2829 2792 2830
f 2828 2792 2829
f 2793 2830 2792
f 2794 2830 2793
f 2794 2831 2832
f 2832 2833 2794
f 2830 2794 2833
f 2834 2835 2794
f 2836 2834 2794
f 2836 2794 2795
f 2831 2794 2835
f 2836 2795 2837
f 2838 2837 2795
f 2795 2839 2838
f 2796 2839 2795
f 2805 2840 2796
f 2796 2803 2805
f 2796 2838 2839
f 2840 2838 2796
f 2841 2797 2798
f 2841 2842 2797
f 2804 2797 2842
f 2843 2841 2798
f 2798 2799 2843
f 2801 2843 2799
f 2801 2799 2800
f 2843 2801 2802
f 2813 2843 2802
f 2808 2805 2803
f 2809 2808 2803
f 2804 2844 2803
f 2803 2845 2846
f 2845 2803 2844
f 2803 2847 2809
f 2846 2847 2803
f 2842 2844 2804
f 2848 2805 2807
f 2805 2848 2840
f 2849 2807 2806
f 2806 2850 2851
f 2850 2806 2827
f 2806 2852 2853
f 2851 2852 2806
f 2854 2849 2806
f 2806 2853 2854
f 2848 2807 2849
f 2809 2847 2810
f 2810 2855 2812
f 2856 2810 2847
f 2855 2810 2856
f 2811 2812 2857
f 2858 2811 2857
f 2858 2859 2811
f 2859 2826 2811
f 2812 2860 2861
f 2855 2860 2812
f 2857 2812 2861
f 2843 2813 2862
f 2820 2863 2813
f 2813 2863 2862
f 2821 2814 2864
f 2814 2815 2865
f 2814 2865 2866
f 2864 2814 2866
f 2825 2826 2815
f 2865 2815 2826
f 2816 2817 2822
f 2867 2816 2868
f 2822 2868 2816
f 2820 2816 2867
f 2817 2819 2822
f 2818 2822 2819
f 2820 2867 2869
f 2870 2871 2820
f 2870 2820 2869
f 2871 2863 2820
f 2872 2821 2864
f 2824 2821 2872
f 2873 2822 2874
f 2822 2873 2868
f 2822 2875 2874
f 2823 2875 2822
f 2875 2823 2876
f 2823 2877 2876
f 2872 2823 2824
f 2878 2823 2872
f 2877 2823 2878
f 2826 2879 2865
f 2879 2826 2859
f 2827 2880 2881
f 2880 2827 2828
f 2827 2881 2882
f 2827 2882 2850
f 2828 2883 2884
f 2885 2880 2828
f 2886 2887 2828
f 2883 2828 2887
f 2884 2885 2828
f 2886 2828 2888
f 2829 2888 2828
f 2829 2830 2889
f 2889 2888 2829
f 2830 2890 2891
f 2892 2830 2891
f 2889 2830 2892
f 2830 2833 2890
f 2831 2893 2832
f 2893 2831 2894
f 2831 2835 2894
f 2832 2893 2895
f 2895 2833 2832
f 2895 2890 2833
f 2894 2835 2834
f 2834 2896 2894
f 2834 2836 2897
f 2838 2834 2897
f 2898 2896 2834
f 2898 2834 2838
f 2836 2837 2897
f 2897 2837 2838
f 2838 2840 2898
f 2854 2840 2848
f 2899 2840 2854
f 2840 2899 2898
f 2842 2841 2900
f 2841 2843 2900
f 2842 2901 2844
f 2901 2842 2900
f 2902 2843 2862
f 2900 2843 2902
f 2901 2903 2844
f 2904 2905 2844
f 2906 2907 2844
f 2844 2908 2845
f 2903 2904 2844
f 2905 2906 2844
f 2844 2909 2908
f 2907 2909 2844
f 2845 2910 2846
f 2845 2911 2910
f 2908 2911 2845
f 2912 2846 2910
f 2847 2846 2912
f 2847 2913 2856
f 2913 2847 2914
f 2914 2847 2915
f 2847 2912 2915
f 2849 2854 2848
f 2850 2852 2851
f 2850 2882 2916
f 2850 2916 2852
f 2853 2852 2917
f 2852 2916 2918
f 2852 2918 2917
f 2919 2920 2853
f 2854 2853 2921
f 2920 2921 2853
f 2853 2917 2919
f 2854 2921 2899
f 2913 2855 2856
f 2855 2913 2860
f 2858 2857 2922
f 2861 2922 2857
f 2923 2858 2924
f 2858 2923 2859
f 2858 2922 2924
f 2923 2879 2859
f 2861 2860 2925
f 2860 2913 2926
f 2860 2926 2925
f 2861 2927 2922
f 2925 2927 2861
f 2862 2863 2902
f 2871 2902 2863
f 2864 2866 2872
f 2866 2865 2928
f 2879 2929 2865
f 2865 2929 2928
f 2872 2866 2930
f 2928 2930 2866
f 2931 2867 2868
f 2869 2867 2931
f 2868 2909 2931
f 2868 2932 2909
f 2873 2932 2868
f 2931 2870 2869
f 2870 2907 2871
f 2870 2931 2907
f 2933 2902 2871
f 2871 2906 2905
f 2871 2905 2933
f 2871 2907 2906
f 2872 2930 2934
f 2872 2935 2878
f 2934 2935 2872
f 2936 2873 2874
f 2936 2932 2873
f 2876 2874 2875
f 2936 2874 2876
f 2876 2878 2937
f 2938 2936 2876
f 2876 2877 2878
f 2937 2938 2876
f 2935 2939 2878
f 2939 2940 2878
f 2878 2940 2937
f 2879 2923 2929
f 2941 2881 2880
f 2880 2942 2943
f 2880 2943 2941
f 2942 2880 2885
f 2881 2944 2945
f 2944 2881 2941
f 2945 2946 2881
f 2882 2881 2946
f 2916 2882 2947
f 2882 2946 2947
f 2948 2884 2883
f 2887 2949 2883
f 2949 2950 2883
f 2883 2950 2948
f 2885 2884 2942
f 2884 2948 2942
f 2886 2951 2887
f 2952 2886 2888
f 2953 2951 2886
f 2953 2886 2952
f 2954 2949 2887
f 2955 2954 2887
f 2887 2951 2955
f 2888 2889 2952
f 2889 2892 2895
f 2889 2895 2956
f 2889 2956 2952
f 2895 2891 2890
f 2892 2891 2895
f 2956 2895 2893
f 2956 2893 2957
f 2894 2958 2893
f 2893 2959 2957
f 2959 2893 2958
f 2894 2896 2958
f 2896 2898 2960
f 2961 2959 2896
f 2962 2963 2896
f 2964 2965 2896
f 2964 2896 2963
f 2960 2962 2896
f 2896 2966 2967
f 2968 2966 2896
f 2968 2896 2965
f 2969 2961 2896
f 2969 2896 2967
f 2959 2958 2896
f 2898 2899 2960
f 2920 2899 2921
f 2899 2920 2919
f 2960 2899 2919
f 2902 2901 2900
f 2903 2901 2902
f 2902 2933 2903
f 2903 2933 2904
f 2933 2905 2904
f 2907 2931 2909
f 2909 2932 2908
f 2908 2970 2971
f 2908 2932 2970
f 2908 2972 2911
f 2908 2971 2972
f 2911 2972 2910
f 2912 2910 2972
f 2973 2915 2912
f 2972 2974 2912
f 2973 2912 2974
f 2913 2914 2975
f 2975 2926 2913
f 2975 2914 2976
f 2976 2914 2973
f 2914 2915 2973
f 2947 2918 2916
f 2960 2919 2917
f 2917 2918 2962
f 2962 2960 2917
f 2962 2918 2947
f 2924 2922 2927
f 2924 2977 2923
f 2923 2978 2928
f 2928 2929 2923
f 2977 2978 2923
f 2979 2977 2924
f 2927 2979 2924
f 2980 2925 2981
f 2979 2927 2925
f 2979 2925 2980
f 2925 2926 2981
f 2981 2926 2975
f 2978 2930 2928
f 2930 2982 2934
f 2930 2978 2977
f 2930 2977 2982
f 2970 2932 2936
f 2982 2935 2934
f 2935 2982 2939
f 2936 2938 2970
f 2937 2940 2983
f 2983 2984 2937
f 2984 2938 2937
f 2984 2970 2938
f 2982 2940 2939
f 2982 2983 2940
f 2965 2944 2941
f 2941 2943 2965
f 2985 2943 2942
f 2942 2986 2985
f 2986 2942 2987
f 2942 2988 2987
f 2942 2948 2988
f 2985 2965 2943
f 2944 2965 2945
f 2965 2964 2945
f 2964 2946 2945
f 2964 2963 2946
f 2947 2946 2963
f 2963 2962 2947
f 2989 2986 2948
f 2990 2948 2950
f 2990 2989 2948
f 2986 2988 2948
f 2949 2954 2991
f 2949 2992 2950
f 2991 2992 2949
f 2992 2990 2950
f 2951 2953 2993
f 2955 2951 2993
f 2952 2956 2994
f 2994 2953 2952
f 2993 2953 2994
f 2954 2995 2991
f 2954 2955 2995
f 2993 2996 2955
f 2995 2955 2996
f 2994 2956 2957
f 2957 2997 2994
f 2959 2997 2957
f 2959 2961 2997
f 2961 2969 2998
f 2998 2997 2961
f 2965 2999 2968
f 2985 2999 2965
f 2966 3000 2967
f 3001 2966 2985
f 2985 2966 3002
f 3001 3000 2966
f 2966 2968 2999
f 2966 2999 3002
f 3003 2969 2967
f 3004 2967 3000
f 3003 2967 3004
f 2969 3003 3005
f 2969 3005 2998
f 2971 2970 2974
f 2970 2984 3006
f 3006 2974 2970
f 2971 2974 2972
f 3006 2976 2973
f 3006 2973 2974
f 2976 2981 2975
f 3006 2981 2976
f 2977 2979 2980
f 2980 2982 2977
f 2980 2981 3006
f 2980 3006 2982
f 2982 3007 2983
f 2982 3006 3007
f 2984 2983 3007
f 2984 3007 3006
f 3008 2985 2986
f 3008 3001 2985
f 3002 2999 2985
f 2986 2987 2988
f 2986 2989 3008
f 2990 3009 2989
f 3001 2989 3009
f 3001 3008 2989
f 3009 2990 3010
f 2992 3011 2990
f 2990 3011 3010
f 3012 2991 3005
f 3013 2991 3014
f 3015 2992 2991
f 2991 2996 3016
f 2995 2996 2991
f 2991 3016 3005
f 2991 3012 3014
f 2991 3013 3015
f 2992 3015 3011
f 3017 2996 2993
f 2994 3017 2993
f 3017 2994 2997
f 3017 3016 2996
f 3017 2997 2998
f 3016 3017 2998
f 2998 3005 3016
f 3018 3000 3001
f 3018 3004 3000
f 3009 3019 3001
f 3020 3018 3001
f 3020 3001 3019
f 3003 3021 3022
f 3021 3003 3023
f 3023 3003 3024
f 3024 3003 3018
f 3004 3018 3003
f 3003 3022 3005
f 3005 3022 3012
f 3010 3025 3009
f 3019 3009 3025
f 3010 3011 3026
f 3026 3025 3010
f 3015 3027 3011
f 3011 3027 3026
f 3012 3028 3014
f 3022 3028 3012
f 3014 3029 3013
f 3029 3015 3013
f 3028 3029 3014
f 3027 3015 3029
f 3030 3024 3018
f 3020 3030 3018
f 3025 3030 3019
f 3020 3019 3030
f 3021 3028 3022
f 3028 3021 3029
f 3029 3021 3031
f 3023 3031 3021
f 3024 3031 3023
f 3024 3030 3027
f 3024 3027 3031
f 3027 3025 3026
f 3030 3025 3027
f 3029 3031 3027
f 3032 3033 3034
f 3034 3035 3032
f 3032 3036 3037
f 3032 3037 3038
f 3036 3032 3035
f 3038 3039 3032
f 3033 3032 3039
f 3040 3033 3041
f 3042 3043 3033
f 3040 3042 3033
f 3043 3044 3033
f 3044 3034 3033
f 3041 3033 3045
f 3033 3039 3045
f 3044 3046 3034
f 3034 3046 3035
f 3035 3046 3047
f 3035 3047 3036
f 3048 3036 3047
f 3036 3048 3049
f 3036 3049 3037
f 3037 3050 3038
f 3051 3050 3037
f 3037 3049 3052
f 3051 3037 3052
f 3050 3039 3038
f 3039 3050 3053
f 3053 3054 3039
f 3054 3055 3039
f 3055 3056 3039
f 3039 3056 3057
f 3057 3045 3039
f 3058 3040 3059
f 3041 3059 3040
f 3060 3042 3040
f 3058 3060 3040
f 3059 3041 3045
f 3061 3043 3042
f 3061 3042 3060
f 3061 3062 3043
f 3043 3063 3044
f 3063 3043 3064
f 3064 3043 3062
f 3065 3046 3044
f 3063 3066 3044
f 3066 3067 3044
f 3067 3068 3044
f 3068 3065 3044
f 3069 3045 3057
f 3070 3045 3069
f 3070 3059 3045
f 3046 3065 3071
f 3072 3046 3071
f 3046 3072 3047
f 3073 3074 3047
f 3047 3072 3075
f 3048 3047 3074
f 3073 3047 3076
f 3076 3047 3075
f 3069 3049 3048
f 3069 3048 3074
f 3052 3049 3077
f 3078 3077 3049
f 3057 3078 3049
f 3049 3069 3057
f 3053 3050 3079
f 3079 3050 3051
f 3051 3052 3080
f 3081 3082 3051
f 3079 3051 3082
f 3083 3084 3051
f 3051 3084 3081
f 3051 3080 3085
f 3085 3083 3051
f 3080 3052 3077
f 3079 3086 3053
f 3087 3053 3088
f 3088 3053 3086
f 3053 3087 3054
f 3054 3087 3055
f 3089 3090 3055
f 3055 3091 3089
f 3091 3055 3087
f 3055 3092 3093
f 3055 3093 3094
f 3056 3055 3094
f 3092 3055 3090
f 3095 3056 3094
f 3056 3095 3096
f 3096 3097 3056
f 3056 3097 3057
f 3097 3096 3057
f 3057 3096 3078
f 3058 3098 3099
f 3099 3060 3058
f 3058 3059 3098
f 3059 3100 3098
f 3100 3059 3070
f 3060 3099 3062
f 3061 3060 3062
f 3064 3062 3099
f 3101 3063 3064
f 3101 3066 3063
f 3064 3099 3101
f 3068 3102 3065
f 3102 3103 3065
f 3071 3065 3103
f 3104 3066 3105
f 3106 3067 3066
f 3066 3107 3106
f 3104 3107 3066
f 3105 3066 3108
f 3101 3108 3066
f 3068 3067 3106
f 3102 3068 3109
f 3068 3106 3110
f 3111 3068 3110
f 3112 3109 3068
f 3112 3068 3111
f 3069 3113 3070
f 3114 3115 3069
f 3113 3069 3115
f 3074 3116 3069
f 3069 3116 3114
f 3070 3113 3100
f 3072 3071 3117
f 3117 3071 3103
f 3075 3072 3118
f 3117 3118 3072
f 3076 3119 3073
f 3073 3116 3074
f 3116 3073 3120
f 3120 3073 3119
f 3121 3076 3075
f 3121 3075 3122
f 3075 3123 3122
f 3075 3118 3123
f 3124 3125 3076
f 3076 3125 3119
f 3124 3076 3121
f 3077 3078 3085
f 3077 3085 3080
f 3085 3078 3126
f 3127 3078 3096
f 3127 3126 3078
f 3128 3129 3079
f 3086 3079 3129
f 3130 3128 3079
f 3082 3130 3079
f 3081 3084 3082
f 3131 3130 3082
f 3084 3131 3082
f 3083 3132 3133
f 3134 3084 3083
f 3135 3083 3085
f 3083 3135 3132
f 3133 3134 3083
f 3136 3131 3084
f 3134 3136 3084
f 3126 3135 3085
f 3137 3138 3086
f 3086 3129 3139
f 3086 3140 3141
f 3140 3086 3138
f 3086 3139 3137
f 3142 3086 3141
f 3086 3142 3088
f 3143 3144 3087
f 3143 3087 3145
f 3145 3087 3146
f 3146 3087 3088
f 3144 3091 3087
f 3088 3142 3146
f 3147 3148 3089
f 3089 3148 3090
f 3089 3091 3147
f 3149 3090 3148
f 3149 3092 3090
f 3091 3144 3147
f 3093 3092 3149
f 3149 3150 3093
f 3151 3094 3093
f 3151 3093 3096
f 3093 3150 3127
f 3096 3093 3127
f 3151 3095 3094
f 3096 3095 3151
f 3152 3098 3100
f 3152 3099 3098
f 3153 3101 3099
f 3153 3099 3154
f 3154 3099 3152
f 3113 3155 3100
f 3152 3100 3155
f 3101 3156 3108
f 3153 3156 3101
f 3157 3102 3109
f 3158 3103 3102
f 3159 3158 3102
f 3159 3102 3157
f 3103 3118 3117
f 3118 3103 3158
f 3110 3104 3105
f 3110 3107 3104
f 3160 3105 3161
f 3105 3160 3110
f 3161 3105 3108
f 3107 3110 3106
f 3162 3161 3108
f 3108 3163 3164
f 3162 3108 3164
f 3108 3156 3163
f 3157 3109 3165
f 3165 3109 3112
f 3166 3110 3167
f 3160 3167 3110
f 3166 3168 3110
f 3110 3168 3111
f 3169 3111 3168
f 3169 3170 3111
f 3112 3111 3165
f 3165 3111 3171
f 3171 3111 3170
f 3113 3172 3155
f 3113 3173 3174
f 3113 3175 3176
f 3115 3177 3113
f 3113 3174 3172
f 3113 3176 3173
f 3177 3178 3113
f 3113 3178 3175
f 3114 3179 3115
f 3179 3114 3180
f 3180 3114 3116
f 3179 3181 3115
f 3115 3181 3177
f 3120 3182 3116
f 3183 3116 3182
f 3184 3116 3183
f 3184 3180 3116
f 3158 3185 3118
f 3123 3118 3185
f 3120 3119 3182
f 3125 3182 3119
f 3186 3121 3122
f 3121 3186 3124
f 3187 3122 3188
f 3123 3188 3122
f 3187 3186 3122
f 3123 3185 3188
f 3189 3125 3124
f 3186 3190 3124
f 3124 3190 3189
f 3191 3182 3125
f 3189 3191 3125
f 3135 3126 3132
f 3133 3132 3126
f 3192 3126 3127
f 3133 3126 3192
f 3192 3127 3150
f 3193 3194 3128
f 3129 3128 3195
f 3195 3128 3194
f 3128 3196 3193
f 3196 3128 3130
f 3197 3198 3129
f 3195 3197 3129
f 3139 3129 3198
f 3199 3130 3131
f 3199 3196 3130
f 3131 3136 3199
f 3134 3133 3192
f 3200 3136 3134
f 3134 3192 3200
f 3199 3136 3200
f 3138 3137 3201
f 3198 3137 3139
f 3198 3201 3137
f 3138 3202 3140
f 3138 3203 3202
f 3201 3203 3138
f 3140 3202 3204
f 3140 3205 3141
f 3140 3204 3206
f 3206 3205 3140
f 3142 3141 3207
f 3141 3205 3208
f 3207 3141 3208
f 3207 3146 3142
f 3144 3143 3147
f 3147 3143 3145
f 3147 3145 3146
f 3209 3147 3146
f 3207 3209 3146
f 3148 3147 3209
f 3210 3148 3209
f 3148 3211 3149
f 3210 3212 3148
f 3211 3148 3212
f 3211 3150 3149
f 3150 3212 3213
f 3150 3214 3200
f 3150 3215 3216
f 3214 3150 3216
f 3150 3200 3192
f 3217 3218 3150
f 3150 3218 3219
f 3215 3150 3219
f 3150 3213 3220
f 3217 3150 3220
f 3150 3211 3212
f 3152 3155 3154
f 3154 3156 3153
f 3156 3154 3163
f 3163 3154 3221
f 3154 3155 3172
f 3172 3221 3154
f 3165 3159 3157
f 3222 3158 3159
f 3158 3223 3185
f 3222 3223 3158
f 3224 3159 3165
f 3159 3224 3222
f 3160 3161 3225
f 3225 3178 3160
f 3178 3226 3160
f 3160 3226 3167
f 3225 3161 3162
f 3162 3164 3225
f 3173 3176 3163
f 3221 3173 3163
f 3176 3175 3163
f 3163 3175 3164
f 3175 3225 3164
f 3227 3224 3165
f 3171 3228 3165
f 3165 3228 3227
f 3166 3167 3229
f 3168 3166 3169
f 3169 3166 3229
f 3167 3226 3229
f 3230 3171 3169
f 3169 3229 3231
f 3171 3170 3169
f 3169 3231 3230
f 3171 3232 3228
f 3171 3233 3232
f 3230 3233 3171
f 3174 3221 3172
f 3174 3173 3221
f 3178 3225 3175
f 3177 3226 3178
f 3234 3235 3177
f 3235 3226 3177
f 3181 3236 3177
f 3236 3234 3177
f 3179 3236 3181
f 3236 3179 3180
f 3180 3184 3237
f 3180 3238 3236
f 3238 3180 3237
f 3239 3183 3182
f 3182 3191 3239
f 3240 3183 3239
f 3237 3183 3240
f 3237 3184 3183
f 3223 3188 3185
f 3190 3186 3187
f 3188 3241 3187
f 3187 3241 3242
f 3187 3242 3190
f 3222 3243 3188
f 3188 3223 3222
f 3188 3243 3241
f 3244 3189 3245
f 3189 3190 3242
f 3245 3189 3242
f 3244 3191 3189
f 3239 3191 3244
f 3193 3216 3215
f 3193 3215 3194
f 3193 3196 3216
f 3195 3194 3215
f 3215 3197 3195
f 3196 3214 3216
f 3214 3196 3199
f 3198 3197 3246
f 3197 3215 3246
f 3246 3247 3198
f 3248 3198 3247
f 3248 3249 3198
f 3249 3201 3198
f 3199 3200 3214
f 3201 3247 3250
f 3203 3201 3251
f 3201 3250 3251
f 3201 3249 3247
f 3252 3204 3202
f 3203 3253 3202
f 3202 3253 3252
f 3203 3251 3253
f 3252 3254 3204
f 3254 3206 3204
f 3255 3208 3205
f 3255 3205 3206
f 3206 3256 3255
f 3256 3206 3254
f 3257 3209 3207
f 3207 3208 3257
f 3257 3208 3255
f 3210 3209 3257
f 3257 3258 3210
f 3210 3258 3212
f 3258 3213 3212
f 3259 3220 3213
f 3213 3258 3259
f 3219 3260 3215
f 3215 3260 3246
f 3217 3220 3261
f 3217 3262 3218
f 3262 3217 3263
f 3263 3217 3261
f 3246 3218 3264
f 3265 3218 3246
f 3218 3262 3264
f 3260 3219 3218
f 3265 3260 3218
f 3266 3261 3220
f 3259 3266 3220
f 3222 3224 3243
f 3227 3267 3224
f 3241 3243 3224
f 3267 3241 3224
f 3229 3226 3235
f 3227 3228 3267
f 3232 3267 3228
f 3235 3231 3229
f 3268 3233 3230
f 3230 3269 3268
f 3230 3231 3269
f 3231 3235 3269
f 3232 3233 3267
f 3233 3268 3267
f 3238 3235 3234
f 3236 3238 3234
f 3270 3269 3235
f 3235 3238 3270
f 3237 3240 3270
f 3238 3237 3270
f 3239 3244 3240
f 3240 3244 3270
f 3245 3242 3241
f 3241 3267 3245
f 3270 3244 3245
f 3267 3270 3245
f 3247 3246 3271
f 3246 3264 3271
f 3246 3260 3265
f 3249 3248 3247
f 3271 3250 3247
f 3250 3272 3251
f 3272 3250 3264
f 3250 3271 3264
f 3273 3251 3272
f 3251 3274 3253
f 3273 3274 3251
f 3266 3252 3275
f 3276 3252 3277
f 3252 3253 3278
f 3279 3256 3252
f 3252 3256 3254
f 3266 3279 3252
f 3276 3275 3252
f 3278 3277 3252
f 3274 3278 3253
f 3255 3256 3280
f 3255 3280 3257
f 3256 3279 3280
f 3258 3257 3280
f 3259 3258 3280
f 3259 3280 3279
f 3279 3266 3259
f 3281 3282 3261
f 3283 3261 3282
f 3284 3261 3283
f 3285 3261 3284
f 3261 3285 3263
f 3266 3281 3261
f 3264 3262 3285
f 3262 3263 3285
f 3264 3286 3272
f 3264 3285 3287
f 3286 3264 3287
f 3275 3281 3266
f 3268 3288 3267
f 3288 3270 3267
f 3288 3268 3269
f 3270 3288 3269
f 3272 3289 3273
f 3289 3272 3286
f 3290 3274 3273
f 3273 3289 3290
f 3274 3291 3278
f 3290 3291 3274
f 3276 3292 3275
f 3275 3292 3281
f 3277 3293 3276
f 3276 3293 3292
f 3277 3278 3293
f 3293 3278 3291
f 3281 3292 3282
f 3293 3282 3292
f 3294 3282 3293
f 3282 3294 3283
f 3283 3294 3284
f 3291 3295 3284
f 3285 3284 3295
f 3294 3291 3284
f 3285 3295 3287
f 3286 3295 3289
f 3295 3286 3287
f 3290 3289 3291
f 3291 3289 3295
f 3291 3294 3293

