# File generated by ImageToStl.com - Free Image and 3D model conversion tools

o obj1
v 0.06530208 0.03554457 -0.00851457
v 0.06610917 0.03527278 -0.00452464
v 0.06533308 0.0305805 -0.00557969
v 0.06488925 0.03184069 -0.01021548
v 0.06479899 0.03915963 -0.01078262
v 0.06611945 0.04021921 -0.00421144
v 0.06107047 0.0325644 -0.01386761
v 0.06199311 0.01746072 0.00289756
v 0.05917737 0.01841953 0.00701389
v 0.05815874 0.01215489 0.00603731
v 0.0594586 0.01200623 0.00280347
v 0.06395764 0.02038888 -0.00046535
v 0.06484097 0.02585014 0.00232686
v 0.06340106 0.02421499 0.00577038
v 0.06429429 0.01226196 -0.00830819
v 0.0642955 0.0156203 -0.00465402
v 0.06083272 0.01219186 -0.00275835
v 0.05941914 0.01087484 -0.00711043
v 0.06390103 0.0146348 -0.0119279
v 0.06483994 0.01883885 -0.00782164
v 0.06472611 0.02490687 -0.01317863
v 0.06482192 0.02801561 -0.01177006
v 0.06511791 0.0260105 -0.00767095
v 0.06490147 0.02216563 -0.01092413
v 0.06291442 0.01951067 -0.01438469
v 0.06253515 0.02472503 -0.01580698
v 0.06318399 0.02854411 -0.01517894
v 0.05919457 0.02423261 0.00825535
v 0.05530037 0.02250217 0.01186976
v 0.05510411 0.01828494 0.00949884
v 0.0540255 0.01329853 0.00789106
v 0.05815854 0.032713 0.01249437
v 0.05980846 0.03221129 0.01420293
v 0.06312615 0.03358962 0.01133484
v 0.05994661 0.03367023 0.01021398
v 0.05611024 0.03382373 0.00916421
v 0.05435343 0.03552325 0.01326451
v 0.05650705 0.03320994 0.01702335
v 0.05533205 0.00609769 0.00495772
v 0.05658523 0.00677131 -0.00073684
v 0.06080535 0.04189946 -0.00153942
v 0.06128267 0.0407143 0.00296057
v 0.0652657 0.04177638 0.00306614
v 0.06339372 0.04339306 -0.00281297
v 0.06046889 0.04211649 -0.008838
v 0.05831954 0.04052772 -0.00400456
v 0.05781611 0.03865452 0.00162401
v 0.05657663 0.02642931 -0.01439876
v 0.05160265 0.03298798 0.00770907
v 0.04916328 0.0344789 0.01156748
v 0.05261675 0.03303595 -0.01195555
v 0.05642352 0.03737639 -0.0116202
v 0.05717121 0.01877601 -0.01359736
v 0.05075784 0.01696595 -0.01349051
v 0.04988344 0.02397897 -0.01440419
v 0.04830677 0.03030196 -0.01177582
v 0.05307301 0.0088836 0.00716815
v 0.04933991 0.0129897 0.00971207
v 0.04927387 0.00791627 0.00784061
v 0.04982815 0.00400129 0.004785
v 0.04971461 0.00301751 -0.000284
v 0.04855899 0.00505899 -0.00531372
v 0.05394369 0.00803533 -0.00590613
v 0.0458629 0.03513833 0.01642697
v 0.04961352 0.03694057 0.01749272
v 0.04860877 0.02403782 0.01903211
v 0.0469745 0.02145486 0.01677705
v 0.05122893 0.0214671 0.0147606
v 0.05275507 0.02504729 0.01855851
v 0.04557846 0.02642281 0.02108652
v 0.04279488 0.02224744 0.01847454
v 0.04997334 0.02710205 0.02278049
v 0.04772289 0.03684079 0.02585694
v 0.0496989 0.03534664 0.02298
v 0.04623383 0.03820248 0.02162406
v 0.04432183 0.03934304 0.02614945
v 0.04830646 0.03365526 0.02791462
v 0.05199188 0.03131578 0.02465861
v 0.04343116 0.03579509 0.02931276
v 0.05158024 0.03491812 -0.00081309
v 0.05432245 0.03664274 0.0003248
v 0.05430757 0.0387434 -0.0051142
v 0.05061037 0.03586211 -0.0053169
v 0.05003273 0.03240509 0.00111108
v 0.05344644 0.03442873 0.0043209
v 0.04811918 0.03210311 -0.00532776
v 0.04402811 0.0327273 0.01009894
v 0.04146928 0.03497537 0.0151227
v 0.04495052 0.02789786 0.02459901
v 0.04696016 0.02820939 0.02713838
v 0.04233834 0.03020656 0.0288147
v 0.0418261 0.02883395 0.0252222
v 0.0409007 0.02786305 0.02170472
v 0.04504051 0.01757164 -0.012274
v 0.04380819 0.02430687 -0.01620897
v 0.03892425 0.03004002 0.02528141
v 0.0377724 0.03177005 0.02774205
v 0.03482688 0.0318478 0.02385873
v 0.03743958 0.02961718 0.02249013
v 0.03984326 0.01619185 -0.01224283
v 0.038008 0.02357693 -0.01391688
v 0.03819702 0.03832432 0.00283684
v 0.04104815 0.0345679 0.00310977
v 0.04084715 0.03462381 -0.00300746
v 0.03702032 0.03938024 -0.00079992
v 0.03592894 0.04012833 0.00651295
v 0.03973765 0.0364111 0.0084621
v 0.0326915 0.04287319 0.00335491
v 0.03724803 0.01193895 0.01306166
v 0.0440537 0.01206435 0.01147326
v 0.04510698 0.01735159 0.01376791
v 0.04016177 0.01784093 0.0156208
v 0.03553759 0.01976827 0.01734543
v 0.03188747 0.01570057 0.01580684
v 0.03895506 0.00532349 0.01036967
v 0.04416214 0.00658531 0.00889169
v 0.03146391 0.00807575 0.01364967
v 0.03431027 0.00335868 0.01166987
v 0.02761378 0.01165327 0.01615481
v 0.03828997 0.03071073 -0.00793458
v 0.04371643 0.02944506 -0.01077832
v 0.04453626 0.03062943 -0.0044705
v 0.03238031 0.02679648 -0.00834013
v 0.03009858 0.03500281 -0.00651419
v 0.0350106 0.04015672 -0.00559608
v 0.03305136 0.02027353 -0.01305772
v 0.03481011 0.01308654 -0.01193413
v 0.02405688 -0.01290106 0.01576451
v 0.02629672 -0.00944934 0.01420791
v 0.02468001 -0.00744082 0.01921166
v 0.02154545 -0.01193151 0.01943011
v 0.01720176 -0.01447875 0.01646906
v 0.02156854 -0.01430655 0.01262102
v 0.02451567 -0.01064009 0.00953605
v 0.02709175 -0.00469894 -0.00079034
v 0.02985164 -0.0027107 -0.00179819
v 0.03054443 -0.00322 0.00397842
v 0.02658033 -0.00600462 0.00530735
v 0.02443117 -0.00514388 -0.00552482
v 0.02833967 -0.00062593 -0.00715011
v 0.02290353 -0.00792177 0.00117806
v 0.02397542 0.03642876 0.01791196
v 0.01965872 0.03254817 0.01727538
v 0.02207774 0.02727022 0.01900357
v 0.02576729 0.03043509 0.0198966
v 0.02884564 0.04081175 0.01489125
v 0.02439132 0.04311077 0.01159583
v 0.02025275 0.04085705 0.01319569
v 0.01790964 0.03658399 0.01237711
v 0.02176366 0.04466973 0.00832246
v 0.02844689 0.04387706 0.0079179
v 0.02457623 0.04632289 0.00459915
v 0.0177021 0.04451729 0.00795963
v 0.02021834 0.04498051 0.00137725
v 0.02087142 0.01055577 -0.01138002
v 0.02735692 0.01598977 -0.01328934
v 0.02975042 0.00922866 -0.01112972
v 0.02529662 0.00434189 -0.0100494
v 0.01791161 0.00223482 -0.00997659
v 0.01227855 0.00429437 -0.00891657
v 0.01333482 0.01181804 -0.01001246
v 0.02194448 -0.00117218 -0.00926141
v 0.01874407 -0.01201174 0.00294204
v 0.02144933 -0.01134825 0.00567488
v 0.01778943 -0.01491038 0.00841367
v 0.01537334 -0.01447705 0.00357039
v 0.01951829 -0.01117032 -0.00112443
v 0.0152721 -0.01420055 -0.00244825
v 0.02016409 -0.00932586 -0.00639257
v 0.01582248 -0.01070428 -0.0083408
v 0.02000991 -0.00582615 -0.00997625
v 0.01617991 -0.00432694 -0.01043299
v 0.01369952 -0.01297689 0.02028376
v 0.01684788 -0.0104298 0.02368598
v 0.01064771 -0.00704565 0.02492268
v 0.00699258 -0.01114479 0.01931871
v 0.01116024 -0.01453668 0.01142896
v 0.01019809 -0.00256249 -0.00924415
v 0.00898818 -0.00884939 -0.0073355
v 0.00988636 -0.01391478 0.00451049
v 0.00553288 -0.0123409 0.01070758
v 0.00449755 -0.0115073 0.00589711
v 0.00644502 -0.00153909 0.0248029
v 0.00260741 -0.00374181 0.02101485
v -4.673E-05 -0.00378585 0.01604885
v 0.00243997 -0.00945903 0.0140137
v -0.00301734 0.02471042 0.01507083
v -0.00216655 0.02850853 0.01544408
v -0.00418248 0.02992581 0.01000657
v -0.00466319 0.02472435 0.0117893
v -0.00361523 0.0196283 0.01342936
v -0.00203014 0.02081401 0.01699429
v -2.925E-05 0.02378338 0.01925437
v -0.00294175 -0.00021294 -0.00278362
v 0.00270427 -0.00537049 -0.00500557
v 0.00326259 -0.00935797 4.94E-06
v -0.00166304 -0.00553274 0.00260246
v -0.00038343 0.00274846 -0.00599148
v 0.00412072 0.00023321 -0.0073203
v -0.00487397 -0.00067401 0.00567171
v -0.0063143 0.00238197 0.00108126
v -0.00552962 0.00722629 -0.00435211
v -0.00036557 0.00771068 -0.00654924
v -0.00544176 0.01752548 0.00722008
v -0.00684753 0.02052841 0.00396869
v -0.00699625 0.01637896 0.00205049
v -0.00580941 0.01419444 0.00722625
v -0.00481851 0.01845452 0.00993442
v -0.00589489 0.02320811 0.00759459
v -0.0047773 0.01388554 0.01124931
v -0.00669376 0.00677912 0.00126607
v -0.00552113 0.00467574 0.00702764
v -0.00250792 -0.00291168 0.0108537
v -0.00360748 0.00298964 0.01198705
v -0.00424955 0.00870004 0.01190776
v -0.00594416 0.00967795 0.00727794
v -0.00708673 0.01164309 0.00140834
v -0.00618664 0.01871033 -0.00288202
v -0.00598063 0.01329242 -0.00386756
v -0.00064336 0.01956219 -0.00572324
v -0.00024267 0.01379419 -0.00657926
v 0.00628517 0.01952343 -0.00755494
v 0.00675921 0.01295998 -0.00825769
v 0.0058817 0.00635235 -0.00802526
v 0.01303169 0.01963327 -0.00923924
v 0.01182962 0.02613552 -0.00680371
v 0.01844936 0.02769471 -0.00743092
v 0.01955263 0.02077619 -0.01106144
v 0.00522225 0.02535052 -0.00534324
v 0.00422601 0.0298795 -0.00088371
v 0.00966915 0.03136771 -0.00303102
v -0.00106858 0.02502525 -0.00337283
v -0.00105138 0.0294655 0.00129832
v -0.00036559 0.0320648 0.00743409
v 0.00387949 0.033343 0.00490587
v -0.00617456 0.02404257 -0.00062149
v -0.00570712 0.02824628 0.00404697
v 0.00518678 0.03267393 0.01131098
v 0.00896478 0.03468759 0.00925504
v 0.00834614 0.03471179 0.00279395
v 0.0013328 0.03087145 0.01356108
v 0.00355218 0.02655056 0.01814586
v 0.0073292 0.02894344 0.01638528
v 0.00929577 0.02362483 0.01968507
v 0.01292492 0.0260544 0.01807483
v 0.01106959 0.03111336 0.01457934
v 0.00556168 0.02107597 0.02102795
v 0.00715109 0.01469869 0.02286899
v 0.01112524 0.01734435 0.02168068
v 0.00178432 0.01807998 0.02109235
v 0.00314833 0.0121256 0.022546
v 0.00435335 0.00538671 0.02415784
v 0.00878081 0.00814199 0.02429874
v -0.00096068 0.01569038 0.01848497
v -0.00023509 0.00997321 0.01988967
v 0.00103858 0.00346119 0.02086355
v -0.00247679 0.00880065 0.0161198
v -0.00115654 0.00268449 0.01647508
v -0.00309137 0.01449683 0.01499565
v 0.01148168 0.00243651 0.02499134
v 0.01570835 0.00644006 0.02158975
v 0.01299151 0.01127119 0.02193119
v 0.01991985 0.01076425 0.01966144
v 0.01705863 0.01508247 0.02066084
v 0.01491824 0.02033311 0.02017977
v 0.02093172 0.01891398 0.01981263
v 0.01854627 0.0238282 0.01937579
v 0.01644009 0.02907054 0.01730887
v 0.01448863 0.03363109 0.01302009
v 0.01562532 0.04008565 0.00692724
v 0.01267432 0.03687161 0.00757406
v 0.01661275 0.04056841 0.00019643
v 0.01259175 0.03711454 0.00091588
v 0.02132509 0.03652329 -0.00432013
v 0.01555218 0.03333753 -0.0041805
v 0.02466903 0.03068178 -0.00757042
v 0.02604818 0.04138838 -0.00290116
v 0.02624487 0.0235935 -0.01062641
v 0.02971394 0.04523198 -0.00063452
v 0.02462792 0.02249064 0.02006458
v 0.02786173 0.01877964 0.01844822
v 0.03155121 0.02226589 0.01923801
v 0.02819553 0.0257694 0.02065237
v 0.02391304 0.01499347 0.01856814
v 0.02352895 0.0075144 0.0179405
v 0.02739135 0.00444843 0.01592162
v 0.01935117 0.00304884 0.02058658
v 0.0234102 0.00012777 0.01888801
v 0.02685522 -0.00260885 0.01635551
v 0.03034186 0.00079707 0.01366638
v 0.01553298 -0.00170953 0.02506468
v 0.02037725 -0.00498475 0.02309591
v 0.03104031 -0.00226369 0.00947692
v 0.03504113 -0.00052555 0.00792839
v 0.02765102 -0.00474054 0.01167774
v 0.03433795 -0.00078829 0.00249819
v 0.0387805 0.00097724 0.00151908
v 0.03951427 0.00091072 0.00685711
v 0.04391724 0.00162105 0.00067479
v 0.04451697 0.0022598 0.00585488
v 0.04321615 0.00336554 -0.0048512
v 0.03831238 0.00172557 -0.00434983
v 0.03678489 0.00640067 -0.00889379
v 0.04162996 0.00887485 -0.00903494
v 0.03387107 -0.00047743 -0.00330861
v 0.03229893 0.00320632 -0.00823103
v 0.04669114 0.01067696 -0.00885259
v 0.05188019 0.01249493 -0.00909435
v 0.05780785 0.014056 -0.010484
v 0.03475805 0.02598003 0.02077768
v 0.0317543 0.02924949 0.02120333
v 0.02981323 0.03294474 0.02191902
v 0.03387171 0.0349827 0.02472982
v 0.03533766 0.03768847 0.02296544
v 0.03045765 0.03707823 0.02032967
v 0.03847614 0.03750044 0.01942252
v 0.03416025 0.04000023 0.0174893
v 0.03795413 0.0388795 0.01338877
v 0.03285297 0.04157649 0.01087775
v 0.0397089 0.03788844 0.02535471
v 0.04250743 0.03695793 0.02091161
v 0.03780424 0.0364714 0.02867205
v 0.03856029 0.02364502 0.01982454
v 0.00019038 -0.00794644 0.00837194
v 0.00913885 -0.01249863 -0.00185599
v 0.04637272 0.03035867 0.00398349
v 0.05010337 0.0174902 0.01198046
v 0.05744156 0.03612584 0.00594806
v 0.06143952 0.03737587 0.00723346
v 0.0654988 0.03730891 0.00787917
v 0.06502764 0.03091464 0.0105974
v 0.06788404 0.03408409 0.00642218
v 0.06728875 0.03820084 0.00137624
v 0.06628031 0.03042181 0.00429592
v 0.06616844 0.03336083 4.314E-05
v 0.06519496 0.02832555 -0.00147044
v 0.06471274 0.02325496 -0.00402331
v 0.064266 0.02795942 0.00815583
v 0.06088591 0.02951087 0.01398744
v 0.06043585 0.02695406 0.01131068
v 0.0581665 0.02920431 0.01776937
v 0.05655195 0.02556122 0.0150985
v 0.05524914 0.02985905 0.0212898
v 0.05283022 0.03412971 0.01982716
v 0.09824777 0.01733806 -0.00649228
v 0.09774055 0.01732432 -0.00433992
v 0.09633601 0.01487289 -0.00649452
v 0.09787898 0.01528164 -0.00814771
v 0.09710944 0.01766062 -0.00978785
v 0.09806778 0.01962195 -0.00744242
v 0.09835093 0.02089959 -0.00485494
v 0.09838724 0.03058128 -0.01425444
v 0.09828221 0.02902632 -0.01199618
v 0.09703829 0.02701574 -0.01451077
v 0.09739082 0.02908871 -0.01691234
v 0.09494045 0.01383784 -0.0134634
v 0.09328724 0.01467867 -0.01546463
v 0.09516915 0.01740623 -0.01456217
v 0.09662674 0.01528141 -0.01231607
v 0.09735908 0.01263655 -0.01072126
v 0.09433653 0.01219028 -0.01271077
v 0.09190107 0.02317748 -0.00115448
v 0.09172893 0.01954691 -0.00188064
v 0.09458681 0.01864907 -0.0033385
v 0.09548197 0.02194109 -0.00319594
v 0.0897082 0.02274604 0.00059522
v 0.08994512 0.01967016 0.00028403
v 0.08834799 0.02271642 0.00209331
v 0.08665088 0.0241634 0.00237728
v 0.08589441 0.02221025 0.00340871
v 0.08795857 0.02041073 0.0022824
v 0.08766704 0.0250542 0.00069274
v 0.0822916 0.03052219 0.00642341
v 0.08122974 0.03245663 0.00590048
v 0.07830998 0.03220247 0.00718526
v 0.08023795 0.02931679 0.00837103
v 0.08335064 0.02906241 0.00434909
v 0.08227839 0.03131609 0.00432576
v 0.08294514 0.0271664 0.00619164
v 0.08225108 0.03240779 0.00289778
v 0.08014559 0.03459568 0.00441709
v 0.08392482 0.02988533 0.00194273
v 0.07957745 0.02636989 0.00776622
v 0.08094897 0.02483613 0.00605428
v 0.08027279 0.0406128 -0.00194676
v 0.0842412 0.03901834 -0.00413989
v 0.08399097 0.04190829 -0.00636356
v 0.0795823 0.04315761 -0.00431908
v 0.08124986 0.03803473 -0.00040754
v 0.08412704 0.03614933 -0.00157343
v 0.07685161 0.04084663 -0.00049702
v 0.0775648 0.03900883 -0.0006657
v 0.0789201 0.03901132 -0.0012612
v 0.0747835 0.04289585 -0.00201138
v 0.07932363 0.0379617 -0.00062537
v 0.07959227 0.03647119 0.00203445
v 0.07769334 0.03777473 0.00060174
v 0.07657842 0.03733612 0.00393827
v 0.07646731 0.03539083 0.0058162
v 0.07527766 0.03907258 0.0025936
v 0.07327479 0.03345015 0.00684479
v 0.074975 0.0308173 0.00775275
v 0.08104689 0.01349504 -0.02453632
v 0.07853302 0.01552408 -0.02246913
v 0.08044575 0.01959621 -0.02306153
v 0.0833048 0.01696263 -0.02459215
v 0.0853531 0.01401153 -0.0237731
v 0.08208006 0.01092433 -0.02258783
v 0.0793476 0.01295436 -0.01988424
v 0.08043125 0.02616557 -0.01975322
v 0.07921777 0.03044384 -0.01766774
v 0.08204903 0.03260088 -0.01582432
v 0.08413702 0.02937318 -0.01768759
v 0.07716843 0.02624545 -0.02003988
v 0.07613254 0.02895993 -0.01888723
v 0.07295655 0.03855198 0.00579838
v 0.07314549 0.04020884 0.00178028
v 0.07126724 0.03880066 0.00376754
v 0.07576407 0.00822795 -0.00598731
v 0.07405891 0.00824812 -0.01037291
v 0.07620685 0.01106786 -0.01193668
v 0.07843441 0.01092645 -0.00882171
v 0.07050224 0.0081864 -0.00576107
v 0.07101503 0.00820001 -0.00873887
v 0.07879813 0.0422335 -0.00751994
v 0.07455289 0.04267168 -0.00634034
v 0.07103653 0.04160247 -0.00579278
v 0.0714485 0.04127185 -0.00202408
v 0.07646052 0.03526558 -0.01474793
v 0.07728432 0.03708234 -0.01303319
v 0.07992501 0.03537789 -0.01418695
v 0.07772907 0.03341264 -0.01604185
v 0.07483863 0.03199265 -0.01733098
v 0.07395668 0.03466902 -0.01527495
v 0.07408825 0.03726927 -0.01263523
v 0.07739735 0.02141267 -0.02050169
v 0.07428193 0.02381047 -0.02045564
v 0.07246824 0.027169 -0.01975954
v 0.07158788 0.04034454 0.00062348
v 0.06888498 0.0411648 -0.00103871
v 0.07008717 0.03973385 0.00159022
v 0.07110613 0.031796 0.00767113
v 0.07003831 0.03611602 0.00682111
v 0.06861465 0.03226146 0.00812894
v 0.07153592 0.02981546 0.00876687
v 0.06863299 0.02856632 0.00808695
v 0.06959539 0.03798927 0.00455522
v 0.06868849 0.03719521 0.00199724
v 0.06760892 0.03428505 0.0045351
v 0.07193392 0.01657617 -0.01764495
v 0.07067195 0.01473078 -0.01572729
v 0.06750546 0.01756724 -0.0161065
v 0.07107174 0.02010494 -0.01938187
v 0.07577818 0.01441423 -0.01727597
v 0.07366868 0.0123445 -0.01453154
v 0.07526252 0.01766878 -0.02033442
v 0.06761017 0.0318341 0.0024632
v 0.06822664 0.03345486 0.00043207
v 0.06789491 0.03038729 -9.144E-05
v 0.06672426 0.02993895 0.0026677
v 0.06667326 0.02795923 0.00708648
v 0.06639721 0.0310179 0.00609239
v 0.0670837 0.02439652 0.005442
v 0.0692853 0.0251534 0.00791193
v 0.06526103 0.02653428 0.0045541
v 0.0699031 0.01194027 -0.01427435
v 0.07179004 0.0092708 -0.01337633
v 0.06891417 0.00899658 -0.010758
v 0.06768597 0.01241438 -0.01304099
v 0.06654512 0.00937953 -0.00795385
v 0.06632506 0.02252964 0.003084
v 0.06483328 0.0231087 0.00233351
v 0.06680904 0.01954303 0.00119189
v 0.06897286 0.02156412 0.00387682
v 0.06585716 0.02042899 -0.00123895
v 0.0668921 0.0250194 -0.00037097
v 0.06737296 0.02478129 -0.00364181
v 0.06668661 0.02219468 -0.00280622
v 0.06597043 0.02404491 0.00092899
v 0.06581834 0.02715407 0.00230018
v 0.06737171 0.02739694 -0.00018207
v 0.06669456 0.03580952 -0.00721113
v 0.06750278 0.03558367 -0.00497533
v 0.06699653 0.03907382 -0.00466095
v 0.0659309 0.03857756 -0.00819467
v 0.06648674 0.03319298 -0.00884237
v 0.0675448 0.03221815 -0.00607608
v 0.06528769 0.03518751 -0.0111985
v 0.0688897 0.0287562 -0.018064
v 0.07143637 0.03048967 -0.01817605
v 0.06897724 0.02511463 -0.01908426
v 0.06729446 0.03055857 -0.01582297
v 0.07058456 0.03329437 -0.01573819
v 0.06676501 0.02404076 -0.01634431
v 0.06497718 0.01298956 -0.01110995
v 0.06532684 0.02390413 -0.01422376
v 0.0652751 0.02973023 -0.01331943
v 0.06477534 0.01809265 -0.01343744
v 0.06488143 0.01529975 -0.00840827
v 0.06553088 0.01950466 -0.01022146
v 0.06566666 0.01788658 -0.00511168
v 0.06629431 0.02097949 -0.00673105
v 0.06588304 0.01218845 -0.00544082
v 0.0668328 0.01622921 -0.00344354
v 0.06969784 0.01130216 -0.00294342
v 0.0695034 0.01583907 -0.00210096
v 0.06900872 0.01872921 -0.00014024
v 0.07397337 0.01192866 -0.00220737
v 0.07258481 0.01653345 -0.0011137
v 0.07098262 0.01980849 0.00117328
v 0.07741442 0.01357519 -0.00105332
v 0.07536765 0.01797391 -7.51E-05
v 0.07335984 0.02102428 0.00255101
v 0.07782032 0.01947028 0.00152665
v 0.07574812 0.02209585 0.00392765
v 0.07389906 0.02380001 0.00722258
v 0.07112543 0.02265203 0.00598696
v 0.07241199 0.0268236 0.00900386
v 0.07708682 0.02517697 0.0078191
v 0.07606618 0.02823509 0.0088716
v 0.07830893 0.02346539 0.00507268
v 0.08009633 0.0209337 0.00300056
v 0.08239893 0.02255307 0.00410467
v 0.08425775 0.01990331 0.00275255
v 0.08428749 0.02460091 0.00444829
v 0.08212372 0.01765229 0.00201657
v 0.08472277 0.01487358 0.00038971
v 0.08674244 0.01739796 0.0016049
v 0.07984013 0.01541754 0.00098323
v 0.08240881 0.01242967 -0.00109915
v 0.08473571 0.01203347 -0.00432202
v 0.08701739 0.01405106 -0.0023424
v 0.07954297 0.01030217 -0.00315972
v 0.08170902 0.01107581 -0.00647121
v 0.08400241 0.01298528 -0.00926292
v 0.08674603 0.01389721 -0.00713001
v 0.08124029 0.01281004 -0.01158538
v 0.08441787 0.01221238 -0.01427114
v 0.08701833 0.01245476 -0.01173348
v 0.07884882 0.01253788 -0.01429829
v 0.08176532 0.01197307 -0.01695092
v 0.08443674 0.00977604 -0.01935245
v 0.08718944 0.01062534 -0.01643623
v 0.0892537 0.01220573 -0.01787581
v 0.09160241 0.01216582 -0.01498979
v 0.08971144 0.01129404 -0.01366387
v 0.08688606 0.0126497 -0.02077799
v 0.08984569 0.01659706 -0.02144386
v 0.09134605 0.01568492 -0.01839374
v 0.08866497 0.01841589 -0.02391167
v 0.09200919 0.02273314 -0.02234269
v 0.09274983 0.02092144 -0.02007767
v 0.08623605 0.0213796 -0.02353038
v 0.08955093 0.02508361 -0.02160919
v 0.09264314 0.02802269 -0.01891234
v 0.09515002 0.02626611 -0.01989508
v 0.08353329 0.02399026 -0.02245403
v 0.08688524 0.02758385 -0.0202566
v 0.08979139 0.03030793 -0.01739106
v 0.09211983 0.03303226 -0.01513338
v 0.09512545 0.03104163 -0.01656915
v 0.08710925 0.03273182 -0.01535346
v 0.08945061 0.03585553 -0.01317005
v 0.09106509 0.0367469 -0.01038649
v 0.09327652 0.03379778 -0.01211926
v 0.08458966 0.03560879 -0.01357232
v 0.08646117 0.03848154 -0.01104814
v 0.08783747 0.03964316 -0.00845809
v 0.08751375 0.03679107 -0.00582539
v 0.08985209 0.03399969 -0.00763362
v 0.08289833 0.04085143 -0.00931017
v 0.08165909 0.03821091 -0.01201532
v 0.07819293 0.03980858 -0.01055491
v 0.07453657 0.04011653 -0.00972289
v 0.07058342 0.03697674 -0.01285605
v 0.07093103 0.04025944 -0.00971646
v 0.06715294 0.03653863 -0.01286438
v 0.06716141 0.04108581 -0.00957235
v 0.06758282 0.04232721 -0.00489506
v 0.06813207 0.0384956 -0.00130544
v 0.06815267 0.03494363 -0.00225539
v 0.06807355 0.03139077 -0.00312929
v 0.06743129 0.02860566 -0.00715282
v 0.06794788 0.02796386 -0.003648
v 0.06698301 0.0246793 -0.00752274
v 0.0661489 0.02419906 -0.01115406
v 0.06622487 0.02905149 -0.0104505
v 0.08973085 0.03157593 -0.00388674
v 0.09228621 0.02903358 -0.00616525
v 0.09252101 0.03160004 -0.00930487
v 0.08723675 0.0338446 -0.00253595
v 0.09577594 0.02762935 -0.00810982
v 0.09588169 0.03017745 -0.01078463
v 0.096503 0.03259546 -0.01342319
v 0.09859034 0.02681648 -0.00945977
v 0.09863837 0.02404837 -0.00694751
v 0.09779978 0.02228023 -0.00951626
v 0.09728833 0.0248181 -0.01192401
v 0.09589748 0.02522159 -0.00513308
v 0.09260194 0.02705538 -0.00274349
v 0.09628208 0.02011974 -0.01207726
v 0.09523302 0.02249615 -0.0145858
v 0.0949963 0.02458937 -0.01736495
v 0.09356007 0.01925182 -0.01725435
v 0.09239175 0.01214183 -0.01123272
v 0.08961704 0.01335045 -0.00939854
v 0.09474306 0.01311363 -0.00889928
v 0.09182118 0.01441875 -0.0072356
v 0.08901856 0.01500766 -0.00514343
v 0.09342824 0.01611484 -0.0051173
v 0.09075449 0.0168279 -0.00333319
v 0.08913355 0.01631831 -0.00069797
v 0.08509145 0.02633131 0.0031033
v 0.0857258 0.02739348 0.00111036
v 0.08917847 0.02574434 -0.00016881
v 0.08818096 0.02871522 -0.00069236
v 0.0856258 0.03149921 9.273E-05
v 0.08305151 0.03409331 0.00089924
v 0.15593661 -0.00256405 -0.04924873
v 0.15702789 0.00084722 -0.04760061
v 0.15780033 -0.00199433 -0.04421858
v 0.15603669 -0.00522745 -0.04692667
v 0.15208712 -0.0066281 -0.04862524
v 0.15296304 -0.0026773 -0.05139084
v 0.15352087 0.00259249 -0.05050715
v 0.15615815 -0.00193451 -0.03949716
v 0.15615882 0.00066335 -0.04133224
v 0.1528023 -0.00022233 -0.03983527
v 0.15364501 -0.00285837 -0.03838534
v 0.15721168 -0.00475375 -0.04053045
v 0.15438038 -0.00591592 -0.03786838
v 0.15147331 -0.00310615 -0.03686791
v 0.14958517 -0.00093157 -0.03749611
v 0.14717302 -0.00417139 -0.03632428
v 0.15087052 -0.0055565 -0.03561541
v 0.15100636 -0.01051245 -0.04203222
v 0.15276212 -0.00778809 -0.04030673
v 0.14950092 -0.00749017 -0.03851342
v 0.14764559 -0.01178658 -0.04134244
v 0.15165943 -0.00989686 -0.04510051
v 0.15541872 -0.00786851 -0.0432861
v 0.14717907 -0.0103022 -0.04609917
v 0.15047514 0.00640992 -0.04807256
v 0.15322396 0.00590569 -0.0467228
v 0.1484428 0.00326357 -0.05072063
v 0.1480789 0.00635543 -0.04530932
v 0.1507282 0.00597586 -0.04291691
v 0.14548899 0.0039899 -0.04723168
v 0.14969428 0.00222205 -0.03939398
v 0.15217522 0.00278896 -0.04150501
v 0.14670032 0.00432948 -0.03975916
v 0.14572524 0.00091778 -0.03693081
v 0.14876126 -0.00226209 -0.05134409
v 0.14589158 -0.00236723 -0.05102916
v 0.14448015 0.00014292 -0.05043113
v 0.14297682 0.00105936 -0.04782327
v 0.14814225 -0.00626265 -0.04920577
v 0.14480057 -0.00474091 -0.04948353
v 0.1430741 -0.00258986 -0.04948426
v 0.14204764 -0.00249674 -0.04723602
v 0.14304124 -0.00661588 -0.04560431
v 0.14338753 -0.0101233 -0.04107855
v 0.14028034 -0.00787388 -0.04065229
v 0.13964716 -0.00588878 -0.04370638
v 0.13975565 -0.00224793 -0.04525376
v 0.09693663 0.0206314 -0.02546674
v 0.09942099 0.01919767 -0.02673928
v 0.09762532 0.0143234 -0.0301015
v 0.09476415 0.01890727 -0.02725539
v 0.0968006 0.02193637 -0.02165494
v 0.1003559 0.02023618 -0.02261495
v 0.09305073 0.02098107 -0.0231262
v 0.09523705 0.00834831 -0.01381079
v 0.09357424 0.00737628 -0.01439265
v 0.09461529 0.00601353 -0.01590673
v 0.09695549 0.00624515 -0.01609509
v 0.09422256 0.01243928 -0.01543992
v 0.0929663 0.00974128 -0.01537362
v 0.09826815 0.01206014 -0.01479866
v 0.10293181 0.01766289 -0.0278171
v 0.1020115 0.01291843 -0.03068681
v 0.09798612 0.00793784 -0.03333404
v 0.09436737 0.00721136 -0.03391578
v 0.09372027 0.01236166 -0.03182311
v 0.10160752 0.00761677 -0.0333428
v 0.09194762 0.01612498 -0.02838177
v 0.09119284 0.00649487 -0.01644259
v 0.09282289 0.00540825 -0.01808346
v 0.09481593 0.00488795 -0.02033689
v 0.09742863 0.00297836 -0.02401665
v 0.0921134 0.00435363 -0.02285727
v 0.09330455 0.00176882 -0.02553071
v 0.10030807 0.00471125 -0.0186728
v 0.10168213 0.00224467 -0.02542221
v 0.10367766 0.00411053 -0.02113558
v 0.09749576 0.00042474 -0.02929316
v 0.10106055 0.00027585 -0.02976628
v 0.09386463 0.00018811 -0.02942852
v 0.09112446 0.01239332 -0.01825647
v 0.09100675 0.00921952 -0.01696558
v 0.09011363 0.00359591 -0.02404594
v 0.0904539 0.00501539 -0.02065474
v 0.08848335 0.00438105 -0.02312709
v 0.09003071 0.00148957 -0.02589637
v 0.08701719 0.00178444 -0.0251694
v 0.07996979 0.01186853 -0.02920928
v 0.08235423 0.01279778 -0.03034585
v 0.0820068 0.00943314 -0.03164683
v 0.07861675 0.00940761 -0.02952003
v 0.07952891 0.01228614 -0.0267597
v 0.08227459 0.01393149 -0.02709285
v 0.07764482 0.00904301 -0.02625693
v 0.08044633 0.01101239 -0.02472068
v 0.08257408 0.01182272 -0.02428011
v 0.07977405 0.00836713 -0.02387413
v 0.08261826 0.00869607 -0.02272847
v 0.07793223 0.00583002 -0.02970117
v 0.07848298 0.00467175 -0.02719626
v 0.08112935 0.00535458 -0.03235212
v 0.08177797 0.00285988 -0.02989392
v 0.08585521 0.00541254 -0.03408745
v 0.08597267 0.00219057 -0.03185176
v 0.08620997 0.00058333 -0.02844794
v 0.08277085 0.00195858 -0.02682299
v 0.08025233 0.00436052 -0.02444796
v 0.08449498 0.00317051 -0.02397193
v 0.08289372 0.00542448 -0.02246681
v 0.08673824 0.00534501 -0.02185327
v 0.0856961 0.00705313 -0.02091125
v 0.08575122 0.0097508 -0.02192646
v 0.08846386 0.00824298 -0.0191115
v 0.08855609 0.01111064 -0.02037225
v 0.08815542 0.01424733 -0.02262595
v 0.08545368 0.01278981 -0.02376624
v 0.08776456 0.01627817 -0.02592881
v 0.08511489 0.01507275 -0.02684638
v 0.08898768 0.01463039 -0.02989049
v 0.08576908 0.01357203 -0.03065456
v 0.09001061 0.01091412 -0.03290691
v 0.08596766 0.00992326 -0.03284781
v 0.09040224 0.00615479 -0.03453157
v 0.09419478 0.00231902 -0.03296268
v 0.09025223 0.00203923 -0.03281779
v 0.09006797 8.32E-06 -0.02933057
v 0.09778679 0.0025212 -0.03303452
v 0.10122386 0.00242639 -0.03332605
v 0.10504888 0.00704513 -0.03391007
v 0.10463112 0.00215486 -0.0337971
v 0.10468411 -6.052E-05 -0.03064465
v 0.10806299 0.001623 -0.03454218
v 0.10832317 -0.00058439 -0.03169461
v 0.10922428 0.00086371 -0.0281053
v 0.10548895 0.00154928 -0.02678035
v 0.11047897 0.00323712 -0.02484478
v 0.10701101 0.00379669 -0.02320612
v 0.11128325 0.00772054 -0.02362518
v 0.10788438 0.00866928 -0.02180006
v 0.10478729 0.00939719 -0.01944459
v 0.10794074 0.01384071 -0.02247583
v 0.10408249 0.01476423 -0.02096657
v 0.10062668 0.01587567 -0.019248
v 0.1016382 0.01050724 -0.01682825
v 0.097381 0.01740816 -0.01795164
v 0.09360171 0.01729297 -0.01893805
v 0.08984786 0.01900817 -0.02455829
v 0.09083886 0.01575789 -0.02111724
v 0.10386329 0.01852979 -0.0241191
v 0.10789365 0.01674243 -0.02538661
v 0.1068323 0.01539895 -0.02857167
v 0.11141755 0.01410577 -0.02709334
v 0.11034539 0.01308213 -0.03018088
v 0.10920127 0.01031907 -0.03299993
v 0.10573969 0.01188902 -0.03153738
v 0.10844503 0.00609667 -0.03481895
v 0.11274924 0.00887406 -0.03446151
v 0.11197238 0.00493107 -0.03572396
v 0.11155899 0.00089249 -0.03553637
v 0.11561128 0.00393182 -0.03693685
v 0.11518969 0.00011021 -0.03658455
v 0.11563353 -0.00139633 -0.03383815
v 0.11196128 -0.00102227 -0.03278578
v 0.11660898 -0.00033403 -0.03063191
v 0.11290597 0.00024347 -0.02939977
v 0.11776412 0.00230572 -0.02795901
v 0.11407879 0.00281264 -0.02642627
v 0.11863101 0.00586644 -0.02659924
v 0.11489718 0.00673661 -0.0252066
v 0.11895305 0.00944802 -0.02772949
v 0.1152987 0.01047907 -0.02614414
v 0.111624 0.01194638 -0.02439757
v 0.11500536 0.01264026 -0.02879355
v 0.11855757 0.01151682 -0.03041138
v 0.11747109 0.0103649 -0.03340282
v 0.11387591 0.01155248 -0.03185598
v 0.11640105 0.00770072 -0.0358313
v 0.12107594 0.00928568 -0.03497215
v 0.12005174 0.00658526 -0.03717046
v 0.11928187 0.00291895 -0.03805542
v 0.12371161 0.00553536 -0.03853765
v 0.12290674 0.00196141 -0.0392741
v 0.12249687 -0.00156836 -0.03857395
v 0.11886173 -0.00071829 -0.03758767
v 0.12288652 -0.0030729 -0.03594419
v 0.11925248 -0.00217155 -0.03487545
v 0.12401716 -0.00160846 -0.03303715
v 0.12030444 -0.00102091 -0.03184397
v 0.12519936 0.00119801 -0.03078868
v 0.12147707 0.00181168 -0.02943636
v 0.12616466 0.00454896 -0.02933882
v 0.12240311 0.00523494 -0.027959
v 0.12625067 0.00774708 -0.03093263
v 0.12263618 0.00865807 -0.02928855
v 0.12571058 0.00937474 -0.03373953
v 0.12216451 0.01044232 -0.032068
v 0.12472787 0.00823268 -0.03651706
v 0.129353 0.00864363 -0.03534837
v 0.1283609 0.00720812 -0.03802892
v 0.12730207 0.00449969 -0.039984
v 0.13207984 0.00637445 -0.03943796
v 0.13087773 0.00361296 -0.04141877
v 0.13001579 3.936E-05 -0.04180079
v 0.12648967 0.00098066 -0.04053635
v 0.12965736 -0.00323281 -0.04065897
v 0.1260981 -0.00240125 -0.03964171
v 0.1301814 -0.004588 -0.03790382
v 0.12664601 -0.0037867 -0.03678778
v 0.1313162 -0.00286711 -0.03553593
v 0.12765679 -0.00222295 -0.03432287
v 0.13270247 -0.00011643 -0.03344699
v 0.1289013 0.00054423 -0.03220425
v 0.13375372 0.00333951 -0.03250758
v 0.12995392 0.00391483 -0.03088332
v 0.13374665 0.00642534 -0.03411157
v 0.12991564 0.00700033 -0.03256334
v 0.13318789 0.00795932 -0.03685611
v 0.13773832 0.00594095 -0.03560061
v 0.13700326 0.00706718 -0.03839902
v 0.13572063 0.00559721 -0.04095133
v 0.14085497 0.0061611 -0.04011176
v 0.13924088 0.00483186 -0.04250267
v 0.13769722 0.00204122 -0.04402891
v 0.1343922 0.00282286 -0.04276027
v 0.13678606 -0.00166762 -0.0439475
v 0.13351609 -0.00080637 -0.04286193
v 0.13646016 -0.00517614 -0.04273078
v 0.13312471 -0.00417984 -0.04167756
v 0.13697517 -0.00685962 -0.03995074
v 0.13359401 -0.00563458 -0.0390207
v 0.1384872 -0.00470409 -0.03763089
v 0.1349294 -0.00365055 -0.03670128
v 0.140156 -0.00162891 -0.03591643
v 0.13644384 -0.00079612 -0.0347647
v 0.1416523 0.00200394 -0.035561
v 0.13764353 0.00275135 -0.0339651
v 0.14194611 0.00527511 -0.03736594
v 0.14462787 0.0055555 -0.0424233
v 0.14256036 0.00417495 -0.04445837
v 0.14068395 0.00146071 -0.04554931
v 0.1438096 -0.00268334 -0.03662607
v 0.14209256 -0.00553108 -0.03820771
v 0.1456506 -0.00662385 -0.03849047
v 0.08880654 0.00571414 -0.01897416
v 0.15555882 0.0035885 -0.04409347
v 0.18097959 0.00749911 0.02608661
v 0.17919709 0.009674 0.02761916
v 0.17947389 0.0060626 0.03097124
v 0.18110497 0.0042461 0.02714978
v 0.18133 0.00797794 0.02278703
v 0.17888449 0.01121693 0.02362153
v 0.18163784 0.00382047 0.0224903
v 0.1784995 0.01120106 0.01724691
v 0.17877972 0.01152843 0.01990415
v 0.18092498 0.00833713 0.01882636
v 0.17949359 0.00903752 0.01549379
v 0.17653804 0.01305932 0.01571006
v 0.17594844 0.01396111 0.01978052
v 0.18022399 -0.000808 0.01700791
v 0.18122379 0.00426718 0.01773982
v 0.18056092 -0.00057838 0.02298624
v 0.176827 -0.00382709 0.01474487
v 0.17619339 -0.00234177 0.01190011
v 0.17888327 0.00133804 0.0128898
v 0.17991352 0.00535069 0.01376876
v 0.17682746 0.002976 0.01136158
v 0.17454778 0.00125809 0.01113956
v 0.17365047 0.00511108 0.01189332
v 0.1770307 0.00605785 0.01182481
v 0.1771924 -0.00609736 0.0200445
v 0.17327997 -0.0072496 0.015907
v 0.17255194 -0.004667 0.01140269
v 0.17361809 -0.00643401 0.02143781
v 0.17316239 -0.00629884 0.02390398
v 0.16859072 -0.00664151 0.02252975
v 0.17039634 -0.00745542 0.01978813
v 0.17717695 -0.00430038 0.02411481
v 0.16474858 0.00822524 0.01360804
v 0.16671182 0.00352028 0.01137644
v 0.16338587 0.00266801 0.01107305
v 0.16135339 0.00580937 0.012867
v 0.16929218 0.00851781 0.01328248
v 0.17015214 0.00428807 0.01158783
v 0.16603385 -0.00774878 0.02737465
v 0.16328806 -0.00604111 0.02817481
v 0.16304578 -0.00569746 0.02430988
v 0.16714408 -0.00712384 0.02503126
v 0.16525598 -0.00533835 0.0134076
v 0.16813391 -0.00632279 0.01448119
v 0.16612378 -0.00668144 0.01772514
v 0.16314042 -0.00499934 0.01504157
v 0.16466092 -0.00454821 0.01055989
v 0.16845725 -0.00488648 0.0108111
v 0.16131808 -0.00372786 0.01162829
v 0.16383293 -0.00461332 0.02081833
v 0.16148463 -0.00268852 0.01700241
v 0.16137035 -0.00106149 0.00972393
v 0.16025336 0.00100779 0.01138834
v 0.16425216 -0.00069364 0.00884313
v 0.15927765 -0.00162586 0.01363458
v 0.15883574 -5.127E-05 0.02529358
v 0.15909091 6.188E-05 0.0278135
v 0.15642433 0.00252077 0.0272672
v 0.15656 0.00205983 0.02362011
v 0.16092768 -0.0021241 0.02471233
v 0.1614822 -0.00264138 0.02806822
v 0.16032127 -0.00042032 0.02212724
v 0.11730045 0.01646612 0.00881205
v 0.12086415 0.01612975 0.00900682
v 0.12028492 0.01181656 0.00965689
v 0.11588001 0.01289288 0.01002887
v 0.11152063 0.01445259 0.01091354
v 0.11475716 0.02050324 0.00938678
v 0.12012944 0.0207774 0.01073751
v 0.11470897 0.03469749 0.01473781
v 0.11464057 0.03604537 0.01714339
v 0.116058 0.03890716 0.01676655
v 0.11558639 0.03619852 0.01306299
v 0.11438276 0.03154887 0.0116765
v 0.11343182 0.03155409 0.01449641
v 0.11326097 0.03252456 0.01739217
v 0.11186709 0.03464118 0.02641201
v 0.11206644 0.03604886 0.02852296
v 0.11341728 0.03881756 0.02495037
v 0.11250147 0.03595671 0.02384793
v 0.11172621 0.03247652 0.02330158
v 0.11137979 0.0313281 0.02662482
v 0.11127323 0.03096745 0.03011951
v 0.11172228 0.03062768 0.02005854
v 0.11168313 0.02898898 0.01818842
v 0.11087916 0.02559858 0.02044256
v 0.111173 0.02891168 0.02244297
v 0.11250426 0.03320087 0.0201911
v 0.11634237 0.02611374 0.0105642
v 0.12047422 0.02560435 0.01155205
v 0.10816333 0.01671135 0.01292223
v 0.11021265 0.02211056 0.0111975
v 0.11277407 0.02674334 0.01167363
v 0.11125249 0.02662266 0.01506943
v 0.11000931 0.02186453 0.01389715
v 0.11087549 0.02292215 0.0177228
v 0.11104094 0.02074752 0.01580537
v 0.11183818 0.01197974 0.01624951
v 0.11583129 0.01212227 0.01496407
v 0.1160303 0.0147151 0.0200833
v 0.11247588 0.01483139 0.0215677
v 0.11065695 0.01783996 0.01646684
v 0.11073547 0.01958982 0.0197626
v 0.11000555 0.01826989 0.0142659
v 0.11011103 0.01670825 0.0213691
v 0.10953315 0.01457912 0.01685473
v 0.11052925 0.02048231 0.02551736
v 0.11070452 0.02276588 0.02319993
v 0.11298487 0.0187777 0.02617397
v 0.11373374 0.02372008 0.02983626
v 0.1110267 0.0252321 0.02879782
v 0.11649592 0.01688065 0.02547452
v 0.11719893 0.02134243 0.02977907
v 0.11846329 0.02741607 0.03223895
v 0.1145905 0.02983292 0.03165406
v 0.12019431 0.0166291 0.02371233
v 0.12087403 0.01946708 0.02885175
v 0.12202699 0.02488278 0.0313375
v 0.12341446 0.03015338 0.03026003
v 0.11982778 0.03323053 0.03076272
v 0.1242137 0.01856001 0.0280041
v 0.12519196 0.02283895 0.03085952
v 0.12678015 0.0275765 0.02987882
v 0.12822457 0.03121019 0.02745528
v 0.12458608 0.0337454 0.02727795
v 0.12854108 0.02108251 0.03080606
v 0.13024913 0.02537455 0.02981279
v 0.13191703 0.02889464 0.02776515
v 0.13320111 0.03113661 0.0245683
v 0.12939991 0.03329605 0.02398686
v 0.13395919 0.02333297 0.03000209
v 0.13564502 0.02661013 0.02791907
v 0.1370243 0.02888887 0.02505947
v 0.1379106 0.02970259 0.02148541
v 0.13403562 0.03168423 0.02077381
v 0.13944316 0.02435282 0.0282104
v 0.14086959 0.02659414 0.02544401
v 0.14186539 0.02773593 0.02205032
v 0.14213267 0.02713462 0.01874035
v 0.13817486 0.02887317 0.01810736
v 0.1446712 0.02431821 0.02576927
v 0.14575087 0.02554555 0.0224759
v 0.14607823 0.02528855 0.01913977
v 0.14517759 0.02254104 0.01701156
v 0.1412137 0.02409532 0.01679987
v 0.14973149 0.02329052 0.0228262
v 0.15013723 0.0231676 0.01945831
v 0.1492776 0.02090082 0.01700289
v 0.14796261 0.01746679 0.01617154
v 0.14401107 0.01900366 0.01611918
v 0.15409052 0.02110361 0.01963499
v 0.15336184 0.01913651 0.01692723
v 0.15198839 0.01582382 0.01601024
v 0.15073849 0.01259014 0.01493892
v 0.14695375 0.01410817 0.01508923
v 0.15728052 0.01727667 0.01683444
v 0.15590619 0.01399637 0.01568365
v 0.15448521 0.0108631 0.01448764
v 0.15296361 0.00758759 0.01447229
v 0.1496397 0.00922669 0.0148178
v 0.15988997 0.01176207 0.01497767
v 0.15808676 0.00867773 0.01386543
v 0.15594716 0.00562888 0.01396458
v 0.15469664 0.00312447 0.01632783
v 0.15184088 0.00508035 0.01678921
v 0.15856096 0.00338145 0.01301915
v 0.15738387 0.00087843 0.01533299
v 0.15867722 3.357E-05 0.01875945
v 0.155478 0.00256694 0.01977283
v 0.15279582 0.00476092 0.02348167
v 0.15216281 0.00460109 0.02013468
v 0.14920938 0.0069308 0.02329913
v 0.14870785 0.00636555 0.02009975
v 0.14878717 0.00673531 0.01689498
v 0.14532207 0.00797005 0.01984157
v 0.1455293 0.00809011 0.01670125
v 0.1461758 0.01061928 0.01487891
v 0.14212632 0.00912835 0.01621693
v 0.14270547 0.01179622 0.0146801
v 0.14322278 0.015487 0.01498167
v 0.1393521 0.01276482 0.01418388
v 0.13956764 0.01671296 0.0146718
v 0.1401647 0.02046174 0.01573355
v 0.13583699 0.01769946 0.01428205
v 0.13622226 0.02174415 0.01524808
v 0.13713633 0.02549101 0.016369
v 0.13224377 0.02281471 0.01459261
v 0.13311912 0.02685319 0.01574269
v 0.13423795 0.0305251 0.01740934
v 0.12914969 0.02818824 0.01491479
v 0.13030352 0.03213558 0.0166101
v 0.1303135 0.0337878 0.02007357
v 0.12643787 0.03362384 0.01581748
v 0.12684733 0.03612041 0.01940408
v 0.12577933 0.03569119 0.02351927
v 0.1235235 0.03845346 0.01850217
v 0.12215885 0.03795037 0.0229002
v 0.12093445 0.03657853 0.02712739
v 0.11848077 0.03913612 0.0218131
v 0.11696254 0.03829705 0.02609958
v 0.11569228 0.03529577 0.02976967
v 0.11524556 0.03912368 0.02090893
v 0.11365391 0.03649026 0.02044943
v 0.11961944 0.0396094 0.01725233
v 0.11917877 0.03589265 0.01319091
v 0.12290878 0.03486716 0.01469831
v 0.12171251 0.03042696 0.01245647
v 0.11800887 0.03105514 0.01092725
v 0.12534496 0.02951185 0.01380864
v 0.12433229 0.02497616 0.0127048
v 0.12824631 0.02385538 0.01382809
v 0.12836687 0.01923028 0.01244782
v 0.12465768 0.02032417 0.01131812
v 0.13209443 0.01844894 0.01348829
v 0.13243382 0.01403814 0.01261427
v 0.12876189 0.01447001 0.01116005
v 0.13594906 0.01353225 0.01359633
v 0.13572443 0.01053059 0.01451327
v 0.13240746 0.01076531 0.01319204
v 0.13885367 0.00991899 0.0154651
v 0.13833809 0.01024832 0.01856302
v 0.13489157 0.01094977 0.01754481
v 0.1418682 0.00927715 0.01934049
v 0.141927 0.01040026 0.02255174
v 0.13820039 0.01171438 0.02189505
v 0.14560623 0.00879313 0.02300646
v 0.14597625 0.00914191 0.02626008
v 0.14220318 0.01098478 0.0258955
v 0.14966781 0.00714279 0.02654077
v 0.15032199 0.00777712 0.02966551
v 0.14650191 0.00968303 0.02947658
v 0.15326472 0.00498589 0.0268119
v 0.15409948 0.00579823 0.02990132
v 0.15558986 0.00813432 0.03163733
v 0.15166737 0.01013516 0.03142908
v 0.15782715 0.00369477 0.03020549
v 0.15965651 0.006036 0.03191857
v 0.16120577 0.00898698 0.03183184
v 0.15720497 0.0110984 0.03131166
v 0.16128282 0.0014865 0.0302899
v 0.16374338 0.00377277 0.03197614
v 0.16547422 0.00683813 0.03244273
v 0.1669042 0.00985207 0.03058549
v 0.16259877 0.01167442 0.02998788
v 0.16788061 0.00123647 0.03251914
v 0.17011547 0.0047483 0.03333175
v 0.17129369 0.00837084 0.03145401
v 0.17187747 0.01136414 0.02811197
v 0.16782627 0.01231142 0.02762928
v 0.17453668 0.00272079 0.03345191
v 0.17590125 0.00752852 0.03204534
v 0.17602836 0.0117635 0.02873043
v 0.17582713 0.01359995 0.02418489
v 0.17209359 0.01335411 0.02410728
v 0.17262976 0.01401821 0.0195599
v 0.16925146 0.01450594 0.01943616
v 0.16858673 0.01400752 0.02383192
v 0.16560254 0.01576709 0.01958173
v 0.16497564 0.01535247 0.02364967
v 0.16398978 0.01386797 0.0271982
v 0.1610938 0.01705838 0.02351925
v 0.16007474 0.0157075 0.02683871
v 0.15874752 0.01369411 0.02949307
v 0.156278 0.01777343 0.02657321
v 0.15486269 0.01580769 0.02923412
v 0.15327409 0.01311638 0.03087666
v 0.15099499 0.01787386 0.02890969
v 0.14930084 0.01514354 0.0306589
v 0.1477109 0.01203753 0.03130333
v 0.14546059 0.01719968 0.03053623
v 0.14385127 0.01394902 0.03114875
v 0.14261687 0.01141342 0.02929897
v 0.13996361 0.01580911 0.03110398
v 0.13875774 0.01323866 0.02902394
v 0.13838974 0.01272107 0.02539156
v 0.13495621 0.01506438 0.02866782
v 0.13459644 0.0141856 0.02478391
v 0.13443989 0.01271104 0.02101947
v 0.13082491 0.0153116 0.02403333
v 0.13079578 0.01336915 0.01993046
v 0.13135506 0.01115358 0.01630136
v 0.12715173 0.01367981 0.01878962
v 0.12768711 0.0110899 0.01490757
v 0.12868817 0.01049522 0.01144299
v 0.12365615 0.01115517 0.01395216
v 0.12453044 0.01109993 0.01034291
v 0.12497064 0.01535867 0.00990407
v 0.11964327 0.01174403 0.01388155
v 0.11965363 0.01461701 0.01847323
v 0.12341928 0.01399716 0.01809848
v 0.123709 0.01644932 0.02292013
v 0.12719844 0.01596623 0.02324948
v 0.12755732 0.01774481 0.02794132
v 0.13113822 0.01649908 0.02832663
v 0.13211864 0.01932833 0.03093496
v 0.13603762 0.01762905 0.03106164
v 0.13771969 0.02122185 0.03013156
v 0.14156993 0.0191729 0.03032185
v 0.14323728 0.02216292 0.02850677
v 0.14702708 0.01995249 0.02869676
v 0.14851455 0.02201831 0.02604506
v 0.15247454 0.01988531 0.02629982
v 0.1536236 0.02110909 0.02308913
v 0.15739524 0.01897031 0.02330189
v 0.15787491 0.01910792 0.01976444
v 0.16165562 0.01728475 0.0197903
v 0.16111751 0.01543921 0.01655793
v 0.165379 0.01395749 0.01573361
v 0.16941281 0.01304806 0.01526898
v 0.17311642 0.01258195 0.01535989
v 0.17324507 0.00909505 0.01297241
v 0.17705165 0.01015298 0.01268491
v 0.1782762 0.00082503 0.0324521
v 0.17150758 -0.00157516 0.03292057
v 0.17490602 -0.00411665 0.03189086
v 0.17662589 -0.00448353 0.02812968
v 0.17965521 -0.00022958 0.02803722
v 0.17004193 -0.00693061 0.02965869
v 0.17208934 -0.00696174 0.02690443
v 0.16741161 -0.00426687 0.03051534
v 0.16454287 -0.00117466 0.03039085
v 0.11123969 0.02681926 0.02579389
v 0.16795555 -0.00050492 0.00909977
v 0.17166156 7.855E-05 0.00987719
v 0.16655913 0.00437438 -0.03247136
v 0.16454212 0.00367228 -0.03442334
v 0.16236748 0.00492999 -0.03272944
v 0.16536494 0.00696031 -0.02894429
v 0.16738486 0.00032881 -0.03200712
v 0.16375749 -0.00029057 -0.03452006
v 0.16820271 0.00249619 -0.02756993
v 0.1663129 0.00279735 -0.0248946
v 0.16544072 -0.00036684 -0.02395794
v 0.16748032 -0.0030359 -0.02615005
v 0.16401994 0.00468606 -0.02466783
v 0.16267456 0.00112681 -0.02317072
v 0.15924558 0.00617217 -0.03131608
v 0.16102923 0.00841425 -0.02762598
v 0.16074845 0.00636797 -0.02414378
v 0.16404091 -0.00316921 -0.0230905
v 0.16158012 -0.00259681 -0.0217043
v 0.16429016 -0.00636781 -0.0247018
v 0.16050522 -0.00690845 -0.02301457
v 0.16027695 0.00084428 -0.03391039
v 0.16117062 -0.00655535 -0.03136073
v 0.15829985 -0.00694489 -0.03047721
v 0.15910286 -0.00263483 -0.03166706
v 0.16248471 -0.00413337 -0.03297459
v 0.15290728 -0.00311584 -0.02408811
v 0.15435453 0.00023167 -0.02228517
v 0.15095556 0.00226597 -0.0227173
v 0.14951998 -2.696E-05 -0.0244785
v 0.15661205 -0.00514966 -0.02255553
v 0.15785798 -0.00149561 -0.0211329
v 0.15289289 -0.00736585 -0.02508494
v 0.15563215 -0.00863494 -0.02542331
v 0.15269504 -0.00171444 -0.02834914
v 0.15269193 -0.0065117 -0.027657
v 0.15494999 -0.00708383 -0.02921794
v 0.15414484 0.00339151 -0.03072677
v 0.15690845 0.00225767 -0.03265385
v 0.15612063 -0.00188465 -0.02989478
v 0.14969054 0.00120566 -0.02770518
v 0.15100989 0.00482686 -0.02964468
v 0.11205427 0.01211032 -0.0214046
v 0.11383295 0.01755019 -0.02265868
v 0.11731371 0.01595062 -0.02334317
v 0.11672018 0.01138077 -0.02223412
v 0.10904646 0.01540939 -0.02206005
v 0.11075837 0.01953618 -0.02211241
v 0.10801943 0.01056382 -0.01837919
v 0.10640613 0.01392606 -0.01943383
v 0.10646462 0.02227084 -0.00782331
v 0.1055493 0.02768331 -0.01017628
v 0.10382576 0.02543646 -0.00793266
v 0.10448681 0.0229363 -0.00749386
v 0.10944844 0.02139308 -0.00949556
v 0.10963188 0.02698745 -0.01169173
v 0.1093516 0.02931794 -0.01668067
v 0.10557678 0.03103931 -0.01569821
v 0.10151377 0.0310345 -0.01532697
v 0.10149173 0.02943049 -0.01095482
v 0.10154016 0.02542403 -0.00837511
v 0.10318126 0.02151544 -0.00726917
v 0.09846193 0.02610642 -0.00985512
v 0.09905629 0.02347114 -0.00817475
v 0.10059347 0.02402287 -0.00675574
v 0.10141936 0.0212248 -0.00589346
v 0.09935462 0.02093907 -0.00627702
v 0.10283608 0.01200853 -0.01301493
v 0.10094847 0.01394031 -0.01273355
v 0.10356453 0.01397741 -0.01630978
v 0.10471597 0.01108513 -0.01548263
v 0.09866847 0.01791402 -0.0069562
v 0.09923232 0.01745287 -0.00521235
v 0.09855979 0.01971347 -0.00821181
v 0.09763511 0.01737359 -0.00977485
v 0.09821644 0.01644578 -0.00791432
v 0.09845173 0.01425573 -0.00738952
v 0.10392754 0.01242456 -0.0101191
v 0.10119587 0.01303035 -0.00828553
v 0.10012432 0.01594138 -0.01482729
v 0.10192215 0.01532921 -0.01739141
v 0.09757507 0.01446038 -0.01108399
v 0.09712161 0.01646249 -0.01499773
v 0.10036805 0.01884318 -0.02217293
v 0.10234747 0.01736192 -0.0213915
v 0.10000237 0.0173488 -0.01837425
v 0.09808882 0.0193834 -0.02025989
v 0.10053787 0.02075644 -0.02400395
v 0.10401935 0.01901858 -0.02397522
v 0.09689375 0.02196829 -0.02221307
v 0.09856195 0.03057417 -0.01513804
v 0.09822589 0.02884538 -0.01240507
v 0.10150041 0.02804585 -0.01917007
v 0.09806791 0.02867432 -0.01795221
v 0.09692873 0.0268352 -0.01529711
v 0.09621563 0.01934239 -0.01218312
v 0.09411367 0.02230229 -0.02017105
v 0.09529688 0.0199291 -0.01771531
v 0.0949375 0.02489992 -0.01810913
v 0.0973037 0.02555671 -0.02086568
v 0.09524688 0.02215915 -0.01503504
v 0.09796409 0.02193279 -0.01024916
v 0.09715351 0.02436721 -0.01255093
v 0.10108567 0.02435761 -0.02226877
v 0.1050138 0.0274378 -0.02002756
v 0.10457613 0.02292774 -0.02246579
v 0.10856573 0.0261721 -0.02064639
v 0.10771731 0.02133671 -0.02194316
v 0.10672979 0.01766738 -0.02248115
v 0.10464554 0.01583423 -0.02026253
v 0.11184863 0.02405253 -0.02057044
v 0.11272886 0.02683966 -0.01772343
v 0.11612507 0.02425379 -0.01835873
v 0.1151535 0.0219521 -0.02135719
v 0.11947034 0.02210673 -0.01926823
v 0.11851213 0.02019821 -0.02244575
v 0.12296241 0.02051218 -0.02044725
v 0.12207896 0.01869623 -0.02351554
v 0.12106112 0.0147166 -0.02417709
v 0.12578715 0.01729706 -0.02455042
v 0.12488935 0.01355693 -0.02496635
v 0.12438082 0.00995232 -0.02383656
v 0.12061977 0.01069922 -0.02301691
v 0.12473241 0.00920539 -0.02090295
v 0.12113561 0.00956915 -0.01985257
v 0.11749081 0.00942044 -0.01866005
v 0.11392423 0.00951004 -0.01688159
v 0.12188082 0.01284757 -0.01733388
v 0.11832125 0.01358118 -0.01597791
v 0.11502428 0.014148 -0.01394696
v 0.11178014 0.01483761 -0.01169511
v 0.1101895 0.00976896 -0.0147312
v 0.11916919 0.01792749 -0.01450845
v 0.11570162 0.0192176 -0.01322875
v 0.11285751 0.02053355 -0.01091077
v 0.10849635 0.01559644 -0.0092929
v 0.11624263 0.02339975 -0.01479321
v 0.11279627 0.02519194 -0.01364991
v 0.11983319 0.02166943 -0.01586246
v 0.12271803 0.01660644 -0.01584587
v 0.12340806 0.02004428 -0.01707084
v 0.12633659 0.01530387 -0.01705313
v 0.12699172 0.01852982 -0.01829191
v 0.12656383 0.01898436 -0.02159198
v 0.13064462 0.01718462 -0.01936571
v 0.13026237 0.0176822 -0.02268491
v 0.12954068 0.01605287 -0.02557638
v 0.13416415 0.01652208 -0.02361938
v 0.13348638 0.01492089 -0.02641207
v 0.13264011 0.01129808 -0.02636622
v 0.12872428 0.01238821 -0.0257097
v 0.13198459 0.00794146 -0.025355
v 0.12811153 0.00894193 -0.02470181
v 0.13201451 0.00739377 -0.02267582
v 0.1283059 0.00842826 -0.02192417
v 0.13266683 0.00943918 -0.0202495
v 0.1289904 0.01061796 -0.01943433
v 0.12539677 0.01182835 -0.01849133
v 0.12999319 0.01403977 -0.01809074
v 0.13370332 0.01282164 -0.01901692
v 0.13440268 0.01586879 -0.02033194
v 0.13759124 0.01164867 -0.01980181
v 0.13834274 0.01460668 -0.02112113
v 0.13816591 0.01529939 -0.02433373
v 0.14223862 0.01322627 -0.02188387
v 0.14218685 0.01427422 -0.02500256
v 0.141463 0.01261201 -0.02766522
v 0.13749194 0.01381056 -0.02709941
v 0.14039958 0.00919778 -0.02769737
v 0.13655049 0.01026283 -0.02705643
v 0.1396382 0.00614578 -0.02617503
v 0.13586287 0.00700207 -0.02584989
v 0.1394826 0.00517678 -0.02357011
v 0.13579895 0.00628269 -0.02317008
v 0.14029777 0.00720869 -0.02136579
v 0.1365177 0.00837967 -0.02083113
v 0.14146678 0.01034509 -0.02040322
v 0.14397904 0.00586147 -0.02195681
v 0.14531669 0.0089293 -0.02103417
v 0.14614743 0.01182431 -0.02262752
v 0.14901628 0.00731044 -0.02180781
v 0.14999038 0.01025874 -0.02337982
v 0.15005904 0.01160826 -0.02622713
v 0.14621438 0.01320554 -0.0256086
v 0.14895041 0.0098389 -0.02881144
v 0.1453042 0.01130321 -0.02820287
v 0.14756587 0.00643318 -0.02904533
v 0.14408182 0.00794064 -0.02834451
v 0.14651954 0.00328864 -0.02713994
v 0.14317566 0.00490215 -0.02662036
v 0.14628685 0.0020835 -0.024363
v 0.14296342 0.0037497 -0.02397889
v 0.14752625 0.00423726 -0.02247791
v 0.15255338 0.00547979 -0.02261729
v 0.15601972 0.00358515 -0.02313981
v 0.15711874 0.00704165 -0.02445907
v 0.1535864 0.00847243 -0.02408582
v 0.15722866 0.00868927 -0.0272424
v 0.1536451 0.00984029 -0.02677116
v 0.15593621 0.00723565 -0.03027074
v 0.15251377 0.00837023 -0.02943268
v 0.15946271 0.00219176 -0.02287957
v 0.10672248 0.01126926 -0.01250373
v 0.10482094 0.01717984 -0.00753477
v 0.10184091 0.0168315 -0.00541402
v 0.15934187 -0.00904275 -0.02680148
v 0.16309772 -0.0079122 -0.02871715
v 0.16601743 -0.00480171 -0.03035847
v 0.10633238 0.04619594 0.01110717
v 0.10384118 0.0475429 0.01271248
v 0.10370436 0.04461202 0.01263591
v 0.10675883 0.04383979 0.01107512
v 0.10664169 0.04393926 0.00826123
v 0.10552574 0.04638079 0.00892246
v 0.10477412 0.03817937 0.0115228
v 0.10565714 0.03784771 0.01023681
v 0.10640387 0.04086699 0.01067332
v 0.10392357 0.04118745 0.01187285
v 0.10300014 0.03641771 0.01144551
v 0.10447109 0.035168 0.009727
v 0.10123783 0.04084761 0.01304072
v 0.10254147 0.0332861 0.01028807
v 0.10331344 0.03241523 0.00949813
v 0.10148038 0.03174651 0.01064632
v 0.10251459 0.03051727 0.00976495
v 0.10044283 0.03506823 0.01243957
v 0.09957644 0.0294394 0.01013624
v 0.10150432 0.02964703 0.0086818
v 0.10243001 0.03216034 0.00802646
v 0.10237867 0.0431166 0.00172255
v 0.10186448 0.04103905 0.0028036
v 0.10010449 0.04257621 0.00382913
v 0.10075915 0.04502859 0.00222556
v 0.1042923 0.0437391 0.00279301
v 0.10350236 0.04093682 0.00377655
v 0.09601486 0.02924467 0.01123253
v 0.09517623 0.02807685 0.00917038
v 0.09830993 0.02738057 0.00792746
v 0.1003252 0.02875194 0.00703613
v 0.09819993 0.03941372 0.01384937
v 0.09733908 0.04423789 0.01598357
v 0.09474862 0.04360896 0.01705946
v 0.09529492 0.03928757 0.01571847
v 0.10042066 0.0449807 0.01461541
v 0.09486378 0.037145 0.01415795
v 0.09634788 0.03598265 0.01314983
v 0.09922078 0.02869295 0.00568988
v 0.09714425 0.02851497 0.00584286
v 0.09282844 0.03602732 0.01619725
v 0.09343941 0.03493422 0.01477011
v 0.09382848 0.04645033 0.01784595
v 0.09206313 0.04658894 0.01736718
v 0.09219915 0.04351132 0.01793335
v 0.09165096 0.03755245 0.01691726
v 0.09218423 0.04010151 0.01729582
v 0.08987665 0.04044945 0.01822473
v 0.08956289 0.03718321 0.01735623
v 0.08962451 0.03417728 0.01619507
v 0.09352592 0.04744655 0.00377023
v 0.09150553 0.04919823 0.00472421
v 0.09266871 0.05019302 0.00581352
v 0.09537901 0.04823231 0.00389919
v 0.09333055 0.04583278 0.00462864
v 0.09108581 0.04761227 0.00588842
v 0.09515462 0.04485681 0.00344263
v 0.09346233 0.03756292 0.00628454
v 0.09214164 0.03842242 0.00597356
v 0.09323671 0.04037435 0.00537488
v 0.09536725 0.03853365 0.00582883
v 0.09246603 0.03599849 0.00720681
v 0.09098622 0.03684998 0.00687526
v 0.09423127 0.03552404 0.00751062
v 0.09337043 0.03047021 0.0135426
v 0.09569784 0.0314157 0.01310649
v 0.09423976 0.03364624 0.01349103
v 0.09139683 0.03182419 0.01384808
v 0.09436261 0.04238943 0.00442298
v 0.09240478 0.04386688 0.00558783
v 0.09038615 0.04550613 0.00703259
v 0.09217187 0.03206625 0.00893354
v 0.0901102 0.03417615 0.00841083
v 0.09171971 0.03301261 0.01529036
v 0.08881771 0.03229994 0.01470376
v 0.0895045 0.0488826 0.01568115
v 0.08903134 0.04971378 0.01418915
v 0.08901536 0.04684871 0.0139835
v 0.08959717 0.04668297 0.01592527
v 0.08785616 0.03812524 0.01610428
v 0.08681623 0.03562898 0.0150328
v 0.08657618 0.03243086 0.01342357
v 0.09067369 0.0515152 0.00702925
v 0.08871866 0.05172021 0.0063042
v 0.09115742 0.0525077 0.00891195
v 0.09393723 0.0513248 0.00775145
v 0.08806956 0.05350897 0.00951398
v 0.09023055 0.03805983 0.00747645
v 0.09077609 0.03961234 0.00704402
v 0.08864488 0.03789395 0.00823849
v 0.08893152 0.040386 0.00817447
v 0.0890075 0.03562459 0.00786004
v 0.08951683 0.03209099 0.00987607
v 0.08948945 0.03069835 0.01086685
v 0.08717038 0.03191326 0.01116546
v 0.0871068 0.03387312 0.01002111
v 0.09217668 0.029282 0.01026746
v 0.08732272 0.03915215 0.01449926
v 0.08789533 0.04136566 0.01454265
v 0.08698276 0.04139164 0.01251302
v 0.08595403 0.03809666 0.01294301
v 0.08882429 0.0409264 0.01662098
v 0.08974642 0.03014465 0.0128026
v 0.08401274 0.03660382 0.01010059
v 0.08499104 0.03890181 0.01057823
v 0.08637986 0.03833272 0.00907823
v 0.08604386 0.03570642 0.00876235
v 0.08479434 0.03505883 0.01176232
v 0.08697027 0.04116969 0.00915063
v 0.08620373 0.04162321 0.01060528
v 0.08690268 0.04440896 0.01036738
v 0.08764392 0.04389647 0.00887406
v 0.08762204 0.0442964 0.01225227
v 0.08823796 0.04722408 0.01192279
v 0.08743624 0.04730447 0.00987682
v 0.08838661 0.04415086 0.01440227
v 0.0892962 0.04394758 0.0165201
v 0.09010185 0.04389046 0.01828226
v 0.09027448 0.04701678 0.01750959
v 0.0877341 0.05041621 0.0095627
v 0.08812235 0.04931564 0.00710877
v 0.08793295 0.04662041 0.00804584
v 0.08846372 0.05042204 0.01200904
v 0.08935507 0.05317783 0.01232783
v 0.08987692 0.05230284 0.01490042
v 0.09285871 0.05233547 0.01440284
v 0.09223007 0.0528679 0.01153168
v 0.09015532 0.05015052 0.01689857
v 0.0933477 0.04975042 0.01671409
v 0.09515032 0.05117067 0.01048051
v 0.09602001 0.05135877 0.01347241
v 0.09803353 0.04946208 0.00953498
v 0.09674787 0.04965023 0.00664761
v 0.09918309 0.04986513 0.01257028
v 0.09964514 0.04830072 0.0054324
v 0.09845789 0.04670319 0.00310652
v 0.10103132 0.04801448 0.00809067
v 0.10417848 0.04655003 0.0062937
v 0.10263696 0.04683883 0.00370406
v 0.10259809 0.04834671 0.01063228
v 0.09941765 0.04900072 0.01543979
v 0.10578427 0.04398896 0.00530519
v 0.10475077 0.04112815 0.0057921
v 0.10589314 0.04105525 0.00824705
v 0.10482117 0.03813707 0.00829444
v 0.10393428 0.03804112 0.00598933
v 0.10260192 0.03485164 0.00597061
v 0.10134979 0.03461408 0.00428527
v 0.1027701 0.0378985 0.00418224
v 0.10364363 0.0351151 0.00798569
v 0.10128541 0.03166235 0.00630322
v 0.09976291 0.03142387 0.00496493
v 0.09788471 0.03206395 0.00501671
v 0.09972601 0.03535393 0.00459649
v 0.09636939 0.03380077 0.00705009
v 0.09800156 0.0369528 0.0059842
v 0.09945368 0.03974539 0.00508561
v 0.10122246 0.03840886 0.00407177
v 0.09698051 0.04088562 0.00442541
v 0.09778057 0.04358014 0.0033265
v 0.09500308 0.03034776 0.00779771
v 0.09626771 0.05016533 0.0153998
v 0.08963359 0.04297497 0.00780085
v 0.09144583 0.04171431 0.00632793
v 0.09283943 0.02889675 0.01229459
v 0.09822354 0.03294525 0.01247673
v 0.09577819 0.04765514 0.01713816
v 0.10597739 0.04173536 -0.00187385
v 0.10721385 0.03962209 -0.00181971
v 0.10648819 0.03890483 -0.00513836
v 0.10488266 0.04201923 -0.00501742
v 0.10354221 0.04217543 0.0012599
v 0.10535561 0.04001385 0.00047689
v 0.10472127 0.03773239 0.00088752
v 0.10645059 0.03689202 -0.00124776
v 0.10453521 0.03508746 0.0013354
v 0.10192106 0.03851023 0.00227743
v 0.10228016 0.03358455 0.00301335
v 0.10414378 0.03153918 0.00109936
v 0.10595728 0.0340052 -6.577E-05
v 0.10541932 0.03725245 -0.00814779
v 0.10457317 0.03899158 -0.00857534
v 0.10253976 0.04177403 -0.00578288
v 0.09990011 0.04333812 -0.0039817
v 0.10067265 0.04441595 -0.0011021
v 0.10198328 0.02415148 0.00334047
v 0.10211574 0.02367815 0.00175237
v 0.10224726 0.02537247 0.00080593
v 0.1021425 0.0262141 0.00303647
v 0.09959482 0.02642074 0.00421979
v 0.09956955 0.02320616 0.00350303
v 0.10141107 0.02201132 0.00090426
v 0.10470886 0.03568625 -0.01038733
v 0.10387941 0.03404333 -0.00998343
v 0.10285603 0.03415578 -0.01250032
v 0.10380148 0.03683356 -0.0112129
v 0.10450856 0.03528577 -0.00707503
v 0.10120199 0.02388058 -0.00103451
v 0.10253188 0.0299279 -0.00519454
v 0.10181684 0.0269313 -0.00272637
v 0.10041896 0.02654719 -0.00380618
v 0.10054654 0.0290363 -0.00658108
v 0.1034948 0.03104703 -0.00172936
v 0.10267799 0.02808399 -0.0004404
v 0.10245623 0.03019551 -0.00808936
v 0.10302549 0.03198949 -0.00894716
v 0.1035556 0.03292006 -0.00598603
v 0.10137543 0.02943834 -0.00950581
v 0.09879787 0.02008214 0.00141608
v 0.10020201 0.02083978 -3.85E-05
v 0.09934509 0.04324179 0.00059903
v 0.09718371 0.04547715 0.00032895
v 0.09668349 0.04299919 0.00144043
v 0.09809486 0.04126573 0.00153361
v 0.10046493 0.0417163 0.00096343
v 0.09869567 0.02702362 -0.00427993
v 0.09877509 0.02807674 -0.00624761
v 0.09669654 0.02605156 0.00422881
v 0.09637565 0.02328337 0.00496344
v 0.09545193 0.02066131 0.00300023
v 0.09824471 0.02463881 -0.00314328
v 0.09638589 0.02397269 -0.00302446
v 0.09659324 0.02724012 -0.00421253
v 0.09957619 0.02250678 -0.00230642
v 0.09713157 0.02130479 -0.00132725
v 0.09537465 0.04087088 0.00249777
v 0.09789203 0.04046347 0.00277614
v 0.09885991 0.02941622 -0.00792314
v 0.09903793 0.03084638 -0.00934004
v 0.09676234 0.02895765 -0.00687901
v 0.09633484 0.03129512 -0.00917596
v 0.09434987 0.04589895 0.00266297
v 0.09433032 0.04381682 0.00209961
v 0.09329351 0.04218817 0.0027864
v 0.09124802 0.04837511 0.00405239
v 0.09036437 0.04586019 0.00537332
v 0.09243982 0.04384364 0.00428649
v 0.09297789 0.0315813 -0.00807033
v 0.09383809 0.02904246 -0.00524803
v 0.09341674 0.03479086 -0.010726
v 0.09648349 0.03367296 -0.01120688
v 0.08993451 0.03433771 -0.00765946
v 0.09059786 0.03696123 -0.00957672
v 0.08885708 0.03087372 0.00544834
v 0.08875645 0.02894803 0.00658281
v 0.09136254 0.02791092 0.00631287
v 0.09234719 0.03016809 0.00515943
v 0.09388176 0.03272807 0.00445396
v 0.09123668 0.03372241 0.00455702
v 0.0886059 0.02774733 0.00787796
v 0.08627342 0.02828712 0.005941
v 0.08688278 0.02748908 0.0077752
v 0.09044508 0.02567321 0.0076701
v 0.08739799 0.02568594 0.00847132
v 0.08946922 0.04629085 -0.00303867
v 0.08933301 0.04364057 -0.00621839
v 0.08666813 0.04394953 -0.00572642
v 0.084596 0.04567603 -0.00477667
v 0.0929423 0.04432455 -0.00414467
v 0.09230641 0.04226541 -0.00727135
v 0.08786422 0.03613149 0.00630122
v 0.0859436 0.0366425 0.0070803
v 0.08630929 0.03315189 0.00664509
v 0.08956379 0.03484186 0.00611373
v 0.08820053 0.0500631 0.00291704
v 0.0869616 0.04932326 0.00041242
v 0.08520013 0.04985723 0.00303565
v 0.0877438 0.05010467 0.00513257
v 0.08761353 0.02366194 0.00723123
v 0.08477098 0.02512202 0.0076559
v 0.0856784 0.02287704 0.00598999
v 0.08960745 0.02269143 0.00605743
v 0.08779745 0.02123651 0.0039142
v 0.08630488 0.0288358 0.00450127
v 0.08541925 0.0267383 0.00730993
v 0.08498099 0.0308266 0.00461283
v 0.08443085 0.02871434 0.00434258
v 0.08475209 0.03195944 0.00563493
v 0.08262593 0.03254103 0.00575912
v 0.08255892 0.03101278 0.00450898
v 0.08714391 0.03476804 -0.00526837
v 0.08758166 0.03671414 -0.00673735
v 0.08860088 0.03229025 -0.00497452
v 0.08468984 0.03371111 -0.00293826
v 0.08466724 0.03714078 -0.00458235
v 0.0866615 0.02173003 0.0019605
v 0.08418783 0.02405146 0.00298679
v 0.09000316 0.02286815 0.00013517
v 0.09098783 0.02031999 0.00182887
v 0.08647345 0.02499883 -0.00046056
v 0.08646838 0.04259153 -0.0068507
v 0.0886202 0.04138113 -0.00797666
v 0.08791221 0.03918102 -0.00818741
v 0.08485832 0.04102551 -0.00647213
v 0.08299762 0.04755897 -0.0023107
v 0.08185463 0.04770938 -0.00111722
v 0.08347011 0.04897752 0.0006208
v 0.084754 0.04830668 -0.00173817
v 0.08269689 0.04634249 -0.00329657
v 0.08112074 0.04579406 -0.00252668
v 0.0811011 0.04384142 -0.00380207
v 0.08135901 0.03625129 0.00340902
v 0.08203338 0.0355381 0.00517383
v 0.08279096 0.0382004 0.00490766
v 0.08167554 0.03827881 0.00265793
v 0.08051238 0.0377756 0.00030771
v 0.08042171 0.03508358 0.00212939
v 0.08076058 0.04499919 -0.00111039
v 0.08062617 0.04321005 -0.00103442
v 0.08185077 0.04603201 0.00015242
v 0.08208785 0.04364396 0.00107185
v 0.08083582 0.0328862 2.532E-05
v 0.08078318 0.0312209 0.0033566
v 0.08081206 0.0336579 0.00455403
v 0.08374621 0.02836934 -0.00035228
v 0.08260368 0.02787875 0.00231129
v 0.08138209 0.03706457 -0.0023246
v 0.08073054 0.04066571 -0.00064445
v 0.08174355 0.04058798 -0.0037165
v 0.0820832 0.04093879 0.00181891
v 0.0833687 0.04120827 0.00415887
v 0.08341212 0.04421416 0.00324453
v 0.08422645 0.041509 0.00675116
v 0.08471028 0.04467468 0.00562354
v 0.0848526 0.0475422 0.00440613
v 0.08337844 0.04692881 0.00201489
v 0.08682643 0.04430538 0.00707362
v 0.08732448 0.04746914 0.00618328
v 0.08934137 0.04270304 0.00639755
v 0.08849829 0.03906762 0.00647728
v 0.09049185 0.03788467 0.00529388
v 0.09115421 0.0410389 0.00497734
v 0.08627122 0.04056676 0.00761013
v 0.08369163 0.0377561 0.00724059
v 0.09219653 0.03665851 0.00396024
v 0.09266029 0.03960185 0.0034714
v 0.09506647 0.03542913 0.00366812
v 0.09525693 0.0384843 0.00332842
v 0.09840865 0.03425393 0.0036025
v 0.09842519 0.03788214 0.00320758
v 0.10020448 0.04081865 0.00227635
v 0.09674317 0.03134949 0.00378795
v 0.08332521 0.02602262 0.00541641
v 0.08281875 0.02838858 0.00422178
v 0.08474177 0.0270558 0.00549633
v 0.08643281 0.03027518 -0.00234234
v 0.08886371 0.02766227 -0.00228251
v 0.0907793 0.03009075 -0.00417769
v 0.08288119 0.03422222 0.00743783
v 0.09139473 0.03975102 -0.00958773
v 0.09516846 0.04072546 -0.0084495
v 0.09424811 0.03807121 -0.01068938
v 0.09802668 0.03933178 -0.00921261
v 0.09715679 0.03678254 -0.01140123
v 0.1010518 0.03832791 -0.01027159
v 0.10011283 0.03570361 -0.01188869
v 0.09936967 0.0329385 -0.01105536
v 0.10176919 0.03167469 -0.01120039
v 0.09891193 0.04134463 -0.0064642
v 0.10196132 0.04013475 -0.00779523
v 0.09590705 0.04275588 -0.00537918
v 0.09675206 0.04491393 -0.0025086
v 0.09393965 0.04660637 -0.00091205
v 0.09095982 0.04894751 0.00101149
v 0.09419982 0.02055996 -0.0001109
v 0.09234323 0.02146989 0.00454537
v 0.09334408 0.02303392 -0.00215688
v 0.09154563 0.02700454 -0.00161487
v 0.09385386 0.02677666 -0.00331814
v 0.09352613 0.02410623 0.00619029
v 0.09400877 0.02664714 0.00540928
v 0.09708886 0.02827525 0.00343884
v 0.09488858 0.02907086 0.00441187
v 0.09993532 0.02964624 0.00372812
v 0.10275214 0.02883006 0.00211947
v 0.10548239 0.03628482 -0.00405853
v 0.10457747 0.03366676 -0.00283908
v 0.09231552 0.0291763 -0.00303692
v 0.11371358 0.03971267 0.01218555
v 0.11581308 0.04057238 0.01322219
v 0.11588922 0.03675103 0.01285991
v 0.11277096 0.03747866 0.01253781
v 0.11163894 0.04124552 0.0119183
v 0.11301727 0.04309451 0.01336463
v 0.11049503 0.03930746 0.01180191
v 0.1123459 0.03429822 0.02013805
v 0.11289944 0.03365871 0.01824513
v 0.11453197 0.03698295 0.01839282
v 0.11301064 0.03664529 0.02075939
v 0.11151541 0.03567821 0.02286148
v 0.11098471 0.03295555 0.02161656
v 0.11096419 0.0297183 0.01979462
v 0.11094212 0.03444683 0.02455648
v 0.11214115 0.03823855 0.02424962
v 0.11104996 0.03597295 0.02645774
v 0.11022489 0.03270287 0.02726432
v 0.11051383 0.03208451 0.0243127
v 0.11103119 0.03700275 0.01271942
v 0.10968597 0.03791607 0.01208807
v 0.10943643 0.03601261 0.01367277
v 0.10897701 0.03771163 0.01324102
v 0.11186372 0.03430361 0.01292109
v 0.11000551 0.02605784 0.02019368
v 0.11042301 0.02643091 0.01737439
v 0.11192714 0.02961211 0.01654472
v 0.11025771 0.02887387 0.02374211
v 0.10971684 0.02548753 0.0235543
v 0.10681276 0.03096023 0.02871919
v 0.10851663 0.02966464 0.02947458
v 0.10942875 0.0337709 0.02952746
v 0.10626838 0.0344356 0.02856196
v 0.10347063 0.0324687 0.02810956
v 0.10521363 0.02945808 0.02873681
v 0.10730375 0.03690701 0.01401348
v 0.1073608 0.03842625 0.01354146
v 0.10723772 0.03899249 0.01205617
v 0.1085859 0.01827447 0.01851761
v 0.10910539 0.02030755 0.01938348
v 0.10862244 0.01893906 0.02158083
v 0.10805081 0.0166376 0.01950465
v 0.10842438 0.01852006 0.01666139
v 0.10917734 0.02098176 0.01698071
v 0.10750663 0.01630642 0.01699288
v 0.1081323 0.02833499 0.01486059
v 0.11026499 0.03133468 0.01405889
v 0.11209976 0.02967019 0.01426158
v 0.1100864 0.02702451 0.01540294
v 0.10620233 0.0312566 0.0146504
v 0.10788466 0.03364104 0.01424412
v 0.10607874 0.02725678 0.01486023
v 0.10477404 0.02919015 0.01439187
v 0.10530858 0.01903712 0.02743941
v 0.10293449 0.02039706 0.02968547
v 0.0997948 0.0180828 0.02812823
v 0.10116928 0.01662517 0.02606323
v 0.10488153 0.01571107 0.0242566
v 0.10788261 0.01688777 0.02348156
v 0.10818738 0.02061385 0.02552008
v 0.10703713 0.02544038 0.02911909
v 0.10419542 0.02484449 0.02997996
v 0.10882466 0.02500803 0.0267125
v 0.10780814 0.02503594 0.0146332
v 0.10626568 0.02535034 0.01469446
v 0.10524344 0.03626988 0.01439193
v 0.10562229 0.03828559 0.01358744
v 0.10698706 0.02251879 0.01364063
v 0.10439637 0.02366184 0.01382502
v 0.10443471 0.02608753 0.01418895
v 0.10447438 0.03944685 0.01289361
v 0.10162824 0.0387065 0.01481039
v 0.10224725 0.02482862 0.03091781
v 0.10068654 0.02240604 0.03102624
v 0.10291564 0.02859912 0.02982894
v 0.10043053 0.02750306 0.03112173
v 0.1061008 0.01498086 0.01522971
v 0.1069697 0.01667986 0.01464959
v 0.1063575 0.01411804 0.01743068
v 0.10399552 0.01339107 0.01760717
v 0.10436087 0.01495548 0.01490445
v 0.10518811 0.01698999 0.01335829
v 0.10191668 0.03861711 0.02709918
v 0.10000114 0.03804977 0.02715448
v 0.10153211 0.03526815 0.0275998
v 0.10362606 0.03707749 0.02766906
v 0.10308071 0.03080885 0.01492124
v 0.10369662 0.0334538 0.01509048
v 0.10609003 0.01977315 0.01319932
v 0.10329568 0.02040152 0.01274264
v 0.1008563 0.02387612 0.01372602
v 0.10219265 0.02689522 0.0141222
v 0.09970617 0.02115305 0.01301821
v 0.10200428 0.01530283 0.02427702
v 0.09849977 0.01696864 0.02416675
v 0.10092118 0.01490473 0.02232025
v 0.10387577 0.01359437 0.020929
v 0.10190582 0.01346628 0.01920254
v 0.09975425 0.01405578 0.01999334
v 0.09913959 0.01449254 0.01760234
v 0.10176841 0.01383705 0.01720254
v 0.10199696 0.02900942 0.01488047
v 0.10003207 0.02941508 0.01502604
v 0.10004831 0.03195115 0.01557223
v 0.09904145 0.02729935 0.01418544
v 0.1012302 0.04280781 0.01507102
v 0.10416461 0.04216139 0.01291055
v 0.09882901 0.03979794 0.01628244
v 0.09821321 0.04294067 0.01653219
v 0.10188662 0.01532435 0.01471393
v 0.09879235 0.01607115 0.01522212
v 0.09941 0.03529247 0.01599428
v 0.09736729 0.03223093 0.01667864
v 0.09683694 0.0343538 0.01736511
v 0.09789024 0.01813279 0.02675934
v 0.0981627 0.02047145 0.02969135
v 0.09557246 0.01926999 0.02818939
v 0.0955751 0.01792184 0.0252411
v 0.0979447 0.0298371 0.01589722
v 0.09664997 0.02855528 0.01598865
v 0.09608198 0.04242902 0.0174656
v 0.09640339 0.03842574 0.01688051
v 0.09326361 0.04550147 0.01845683
v 0.09756777 0.04614945 0.01683553
v 0.0929708 0.0411862 0.01859582
v 0.09469698 0.0221375 0.02887031
v 0.09242487 0.02342549 0.02873976
v 0.09225457 0.02017394 0.0281676
v 0.09612671 0.02348739 0.03039179
v 0.09327415 0.02619249 0.03043847
v 0.09222433 0.04360653 0.0267177
v 0.092564 0.0473869 0.02466979
v 0.09005748 0.0471441 0.0241206
v 0.08959448 0.04461826 0.02637481
v 0.09600775 0.04429787 0.02587682
v 0.09600807 0.04717752 0.02408481
v 0.09337995 0.04046483 0.02791493
v 0.09632323 0.04101467 0.02702881
v 0.0880647 0.04149545 0.02858881
v 0.08987752 0.0402688 0.02842756
v 0.09138508 0.03945735 0.02871075
v 0.09118371 0.03709256 0.03020538
v 0.09434175 0.03752095 0.02933208
v 0.09433102 0.02628659 0.0159343
v 0.09735812 0.02489784 0.0140215
v 0.09649036 0.02216737 0.0137197
v 0.09364681 0.02315047 0.01514176
v 0.09080257 0.02455741 0.0154476
v 0.09165768 0.02636414 0.01568347
v 0.09271555 0.02962692 0.01687628
v 0.09524148 0.03162762 0.01709926
v 0.09015755 0.02830464 0.01634177
v 0.08995719 0.04539666 0.02216445
v 0.09011086 0.04870221 0.02167605
v 0.09037959 0.04712862 0.0210453
v 0.09098063 0.03281685 0.03067758
v 0.08848318 0.03725939 0.03100322
v 0.08724092 0.03294162 0.03180293
v 0.0955165 0.03390786 0.02978489
v 0.08613898 0.02824374 0.03050898
v 0.08966501 0.02806082 0.03018648
v 0.09225997 0.04938893 0.02053469
v 0.0944234 0.04926689 0.01988302
v 0.09357683 0.0481488 0.01856796
v 0.09075177 0.04905187 0.01958137
v 0.09222752 0.049355 0.02226
v 0.08809967 0.02672079 0.01603609
v 0.08674622 0.02169578 0.02841626
v 0.08602313 0.02449223 0.02892326
v 0.08316495 0.02377157 0.02841174
v 0.0852521 0.01984976 0.02772952
v 0.08925871 0.02093043 0.02841882
v 0.08933856 0.02452193 0.02858502
v 0.08888137 0.01830589 0.0268438
v 0.08638562 0.03533798 0.02513242
v 0.0863535 0.03624535 0.02678788
v 0.08789865 0.03851622 0.02547044
v 0.08722203 0.03648797 0.02388725
v 0.08585201 0.03411626 0.02302754
v 0.08527718 0.03342843 0.02496421
v 0.08482292 0.03364544 0.02710136
v 0.08316794 0.03130203 0.02663135
v 0.08327776 0.03102422 0.02482074
v 0.08111754 0.02938365 0.0278834
v 0.08408729 0.03376226 0.0294064
v 0.08073191 0.028592 0.02483472
v 0.0844918 0.03232369 0.01810192
v 0.08313933 0.03104499 0.01974883
v 0.08496104 0.03296719 0.02043716
v 0.08618618 0.03397956 0.01839484
v 0.08120985 0.02453785 0.02395314
v 0.08137271 0.02359976 0.02649649
v 0.08272693 0.02838547 0.03020031
v 0.08439175 0.03359593 0.03149255
v 0.08624734 0.03790139 0.03076268
v 0.08611158 0.0371985 0.02893214
v 0.08795365 0.04020927 0.02716149
v 0.08935592 0.04299829 0.02494111
v 0.08902258 0.04066182 0.02351242
v 0.08809954 0.03795876 0.02218521
v 0.09010442 0.04195784 0.02095328
v 0.08919358 0.03874803 0.02007885
v 0.08784006 0.03613506 0.01914386
v 0.08678384 0.03527733 0.02116051
v 0.09171014 0.03750584 0.01848357
v 0.08971095 0.03503937 0.01770248
v 0.08741546 0.03358107 0.01650075
v 0.09409958 0.03494463 0.01732877
v 0.09139701 0.03253206 0.01680858
v 0.08870646 0.03108976 0.01637321
v 0.08599541 0.02923296 0.01621098
v 0.08430825 0.03159903 0.0163394
v 0.08257735 0.02898849 0.01874892
v 0.08429704 0.02676654 0.01816975
v 0.08347319 0.02363022 0.02019798
v 0.08144286 0.02639574 0.02129406
v 0.086641 0.02440841 0.01708666
v 0.0865553 0.0218927 0.01922037
v 0.08711506 0.01907825 0.02142354
v 0.08373685 0.02097724 0.02260014
v 0.08966555 0.02220872 0.01611128
v 0.08971676 0.02030698 0.01827593
v 0.09025817 0.01788722 0.02033098
v 0.0914285 0.0170795 0.02307781
v 0.08813167 0.01749136 0.02408597
v 0.09259968 0.01838116 0.01706854
v 0.09330972 0.01703913 0.01926807
v 0.09441047 0.01671727 0.02207291
v 0.09231554 0.01798126 0.02597944
v 0.09620212 0.01543865 0.01836498
v 0.09703397 0.0155628 0.02105524
v 0.09574202 0.01687333 0.01603738
v 0.09281378 0.02053804 0.01545475
v 0.09579267 0.01930652 0.01448891
v 0.0988021 0.01808564 0.01317053
v 0.10226724 0.01745882 0.01298916
v 0.08415844 0.01928205 0.02522969
v 0.08154472 0.02951398 0.02213527
v 0.08393328 0.03165484 0.02254866
v 0.09529784 0.04924587 0.02193724
v 0.09928905 0.046698 0.022838
v 0.09895626 0.04870784 0.02075441
v 0.09800036 0.04952821 0.01863509
v 0.09716649 0.04866398 0.01702953
v 0.10266525 0.04746855 0.01947625
v 0.10230191 0.04865892 0.01709328
v 0.10148799 0.04850764 0.01511567
v 0.10125077 0.04602255 0.01490981
v 0.1064759 0.04729546 0.01606099
v 0.10600133 0.04713102 0.01349306
v 0.10485981 0.04508335 0.01258422
v 0.10971664 0.04499092 0.01323009
v 0.10861097 0.04313846 0.01158032
v 0.10757189 0.04087138 0.01175185
v 0.10994082 0.04560851 0.01589268
v 0.11317762 0.04367388 0.01613772
v 0.10931295 0.04467021 0.01885613
v 0.11232471 0.04287142 0.01897242
v 0.11492544 0.04039448 0.01902005
v 0.11602527 0.04091964 0.01617229
v 0.11570999 0.0369864 0.01566371
v 0.11394876 0.03328148 0.01555918
v 0.11429358 0.03302292 0.01293393
v 0.11163077 0.04154489 0.02170034
v 0.11363251 0.03948897 0.02159114
v 0.11137102 0.0404349 0.02507199
v 0.10883769 0.04295143 0.02178248
v 0.10851568 0.04100192 0.02465295
v 0.10766784 0.03855794 0.02736016
v 0.1104698 0.03779148 0.0281099
v 0.10549176 0.04211287 0.02420959
v 0.10487998 0.03981286 0.02658822
v 0.10244309 0.04328253 0.02406401
v 0.10224172 0.04076019 0.02610786
v 0.09933996 0.04402045 0.02469947
v 0.09943079 0.04083934 0.02604491
v 0.09727855 0.03783508 0.02812424
v 0.09883676 0.03461149 0.02884185
v 0.09783462 0.0307586 0.03096868
v 0.10082073 0.03163772 0.02951679
v 0.09484995 0.02900273 0.03176642
v 0.09814495 0.02551931 0.03162304
v 0.10270086 0.0457154 0.02193819
v 0.10584653 0.04434362 0.02172654
v 0.10613246 0.04611626 0.01886391
v 0.10706913 0.01446305 0.02057287
v 0.10866523 0.02158441 0.01469014
v 0.10784142 0.01904862 0.01441059
v 0.1093052 0.02419258 0.01519605
v 0.10969015 0.02364288 0.01734825
v 0.10929279 0.02318997 0.02007403
v 0.10904218 0.02213871 0.02293844
v 0.10971852 0.02903058 0.02719676
v 0.09093165 0.04724755 0.01957066
v 0.17787185 0.00402963 -0.00379168
v 0.17763548 0.00619208 0.00089545
v 0.17872374 -0.00014459 0.00016041
v 0.17743118 -0.000505 -0.00444112
v 0.17505191 0.00490396 -0.00470531
v 0.17548747 0.00710038 -0.00196193
v 0.17395119 0.00062165 -0.00463516
v 0.17733882 0.00496326 0.00539375
v 0.1782461 0.00048538 0.00432664
v 0.17344107 0.00804378 -0.00151693
v 0.17461672 0.00865198 0.00225908
v 0.17438324 0.00730503 0.00588061
v 0.17680643 0.00039647 0.00645868
v 0.17491792 0.00117456 0.00637822
v 0.17635086 -0.0029571 0.00650049
v 0.17386828 -0.00441996 0.00700033
v 0.17726249 -0.00508883 0.00407782
v 0.17342648 -0.00775116 0.00393847
v 0.17222476 0.00551999 -0.00422945
v 0.17284732 -0.00246304 -0.00448465
v 0.17490375 -0.00491313 -0.00406052
v 0.17130153 -0.00699749 -0.00385571
v 0.17038864 -0.00267324 -0.00415883
v 0.17105268 0.0014058 -0.00372949
v 0.16955693 -0.00481877 0.00728635
v 0.1669445 -0.00456051 0.00482624
v 0.16714567 -0.00531126 0.0026708
v 0.16955435 -0.00775589 0.00368713
v 0.16686276 0.00016731 0.00717469
v 0.16524351 -0.00168412 0.00465702
v 0.16749677 -0.00890761 0.00031097
v 0.16589916 -0.00685428 0.00157919
v 0.17252894 -0.00899289 -0.00017788
v 0.16718239 -0.0069038 -0.00361548
v 0.1641923 -0.00299516 0.00173826
v 0.16401118 -0.0060482 0.00091047
v 0.16305681 -0.00701762 -0.00087758
v 0.16523252 0.0032758 -0.00167532
v 0.16810067 0.00217766 -0.00366617
v 0.167459 -0.00233562 -0.00349125
v 0.16470341 -0.00191397 -0.0023771
v 0.16649753 0.00807627 -0.00296136
v 0.16928384 0.00684425 -0.0046314
v 0.16259128 -0.00271468 -0.00074131
v 0.16234584 0.00155748 -0.00025416
v 0.16428588 -0.00548862 -0.00286803
v 0.11755224 0.03078361 -0.00053071
v 0.11964241 0.03461584 0.00043254
v 0.12297104 0.03273561 0.00069611
v 0.12185211 0.029367 -9.176E-05
v 0.12131736 0.02575232 -0.00026623
v 0.11755196 0.02623901 3.438E-05
v 0.11490972 0.03444673 -0.00121738
v 0.11669379 0.03722151 0.00028929
v 0.11409489 0.02614024 0.00046452
v 0.11373156 0.0299107 0.00044226
v 0.11177265 0.03351725 0.00037794
v 0.11363672 0.02814082 0.00913587
v 0.1105366 0.03106298 0.01075465
v 0.10944698 0.02842825 0.0102181
v 0.11043124 0.02595687 0.00883715
v 0.11421844 0.02403879 0.00566837
v 0.11751794 0.02462822 0.00501344
v 0.11749278 0.02780972 0.00763999
v 0.11092565 0.02343705 0.00595547
v 0.10904292 0.04436583 0.0096312
v 0.11178005 0.04344597 0.00958186
v 0.11084643 0.04297975 0.00552619
v 0.10790911 0.04433623 0.00669219
v 0.10775147 0.04194578 0.01032309
v 0.11057806 0.04112345 0.01202791
v 0.10683558 0.04183417 0.00717878
v 0.11146922 0.02933108 0.00072481
v 0.10999881 0.03138962 0.00049723
v 0.10886727 0.03507587 0.00078289
v 0.10691717 0.0366862 -0.00070341
v 0.11076247 0.03546426 -0.00120932
v 0.11234069 0.03743237 -0.00230429
v 0.10754588 0.03347078 0.0007009
v 0.11045245 0.0264629 0.00056944
v 0.10841171 0.02909857 0.00015533
v 0.1076732 0.03239614 0.01049424
v 0.10765407 0.02844786 0.00998036
v 0.10771501 0.0250402 0.00881634
v 0.11075212 0.02351977 0.00268595
v 0.10724913 0.02379942 0.00325595
v 0.1070087 0.02577012 0.00151424
v 0.11421133 0.02317256 0.00217998
v 0.10683767 0.02775381 0.0009893
v 0.10910665 0.03705496 0.01102503
v 0.10691836 0.03810047 0.00994763
v 0.10569517 0.03437152 0.00996888
v 0.10481492 0.03130295 0.00996999
v 0.10587706 0.03062927 0.01048026
v 0.1121236 0.03528933 0.01105049
v 0.10552382 0.02814012 0.01043995
v 0.1051015 0.03535333 0.00131624
v 0.10384031 0.02873094 0.01003649
v 0.10790835 0.04046114 -0.00171494
v 0.10464193 0.02863489 0.0012111
v 0.10607928 0.03113305 0.00030584
v 0.10367452 0.02609558 0.0020699
v 0.10396928 0.02935931 0.00861687
v 0.10469589 0.03128197 0.00824069
v 0.10405466 0.0309293 0.0063391
v 0.10332263 0.02853452 0.00740238
v 0.10271409 0.02657142 0.00888545
v 0.10432157 0.04229083 0.00079141
v 0.10349625 0.0396923 0.00175155
v 0.10536838 0.04118325 0.00424235
v 0.10595203 0.04431243 0.00324019
v 0.10114994 0.02533985 0.00478555
v 0.10162272 0.02538637 0.006889
v 0.10201389 0.0281156 0.00588121
v 0.10163487 0.02745602 0.00389263
v 0.10372827 0.02436757 0.00382774
v 0.10413358 0.02297202 0.00647159
v 0.10490374 0.02521895 0.00890445
v 0.10763133 0.02301242 0.00607469
v 0.10241237 0.03082585 0.00478013
v 0.10254929 0.03001835 0.00275004
v 0.10277627 0.03396606 0.00390564
v 0.10378441 0.03280997 0.00195918
v 0.10325846 0.03703582 0.00300884
v 0.10459222 0.03417107 0.00558161
v 0.10513493 0.03776357 0.00492245
v 0.10563396 0.03440135 0.00773417
v 0.10649859 0.03813374 0.00733366
v 0.10979684 0.04292949 0.0013348
v 0.11403463 0.04108995 0.00462043
v 0.11366013 0.04023036 0.00037654
v 0.11700255 0.03866798 0.003999
v 0.11485509 0.04153626 0.00879348
v 0.11764766 0.03909821 0.00770046
v 0.12058397 0.0369477 0.0067545
v 0.12019686 0.03663171 0.00350119
v 0.12381513 0.03514867 0.00607876
v 0.12364072 0.03497208 0.00314817
v 0.12718306 0.03333508 0.00549904
v 0.1271424 0.03334651 0.00284863
v 0.12645927 0.03118962 0.00089391
v 0.12561707 0.02829594 9.247E-05
v 0.13084304 0.03175658 0.00252821
v 0.13012254 0.02973849 0.00080767
v 0.1292235 0.027003 0.00014866
v 0.1284502 0.02450877 0.00057186
v 0.12496888 0.02541121 0.00030138
v 0.13374303 0.02812327 0.00059957
v 0.13277635 0.0255134 0.00017323
v 0.13190895 0.02321164 0.00061082
v 0.131374 0.02196869 0.00198934
v 0.12798727 0.02320205 0.00210986
v 0.13627365 0.02394899 0.00025221
v 0.13540329 0.02180551 0.00066437
v 0.13482453 0.02061643 0.00197928
v 0.1350185 0.0213323 0.00401443
v 0.13153526 0.0226729 0.00410761
v 0.13884543 0.02030481 0.00074457
v 0.13819689 0.01908453 0.00202924
v 0.13837025 0.01973787 0.00402798
v 0.13896213 0.02121511 0.00619823
v 0.13552108 0.02272543 0.00624884
v 0.14153367 0.01746858 0.00212354
v 0.14167839 0.01808025 0.00409357
v 0.14228041 0.01946928 0.00621667
v 0.1435405 0.02182568 0.00741801
v 0.14007939 0.0235192 0.00751324
v 0.14501007 0.01618799 0.0042263
v 0.14568584 0.01754574 0.006306
v 0.1471221 0.01998321 0.0073049
v 0.14848462 0.02228671 0.00596135
v 0.14477891 0.02405637 0.00609057
v 0.14915137 0.01557017 0.00642161
v 0.15066928 0.01806223 0.00718861
v 0.15210594 0.02039784 0.00586656
v 0.152762 0.02133859 0.00342284
v 0.14921619 0.0233527 0.00357126
v 0.15411617 0.01600256 0.00700506
v 0.15561168 0.01840358 0.00577505
v 0.15614107 0.01919707 0.00326294
v 0.15583591 0.0187457 0.0010122
v 0.15246843 0.02079258 0.00115021
v 0.15902543 0.0163441 0.00567753
v 0.15938349 0.01705382 0.00305506
v 0.15900223 0.01666125 0.0007936
v 0.15797137 0.01516023 -0.00037264
v 0.15490375 0.01728584 -0.00018041
v 0.16246523 0.01492691 0.00272731
v 0.162008 0.01466568 0.00033691
v 0.16089796 0.01298505 -0.00077044
v 0.15963982 0.01063801 -6.683E-05
v 0.1567599 0.01311405 0.00031503
v 0.1650957 0.0126941 -0.00043693
v 0.16383499 0.01064204 -0.00164739
v 0.16254172 0.00767646 -0.00057085
v 0.16069463 0.00547123 0.00044481
v 0.15821388 0.00846328 0.00070829
v 0.15736957 0.0072747 0.00222705
v 0.1546085 0.00973023 0.00229899
v 0.15541285 0.01097267 0.00087141
v 0.15970662 0.00433584 0.00214118
v 0.16057843 0.0049735 0.00423189
v 0.15785903 0.00768291 0.0042639
v 0.16201183 0.00090627 0.00203504
v 0.16305196 0.00173442 0.00437353
v 0.16456296 0.00367347 0.00650518
v 0.16188425 0.00648563 0.00618464
v 0.16381204 0.00923 0.00647992
v 0.16068378 0.01158917 0.00668974
v 0.15895039 0.00900828 0.00629296
v 0.16677035 0.00694329 0.00645152
v 0.16834532 0.01051215 0.00537564
v 0.16530927 0.01214771 0.0052587
v 0.16950347 0.00459275 0.00664095
v 0.17148243 0.00934889 0.00593978
v 0.17176358 0.01038986 0.00232954
v 0.16863722 0.01140578 0.00219011
v 0.17213179 0.00223515 0.00699769
v 0.16798261 0.01071473 -0.00115494
v 0.16560461 0.01301733 0.00233787
v 0.1708321 0.00935938 -0.00153503
v 0.16218007 0.01415936 0.00543503
v 0.15745606 0.01386639 0.00688681
v 0.15251853 0.01352292 0.0064394
v 0.15579928 0.01131976 0.00642154
v 0.1516775 0.01213906 0.00440756
v 0.15491238 0.0100506 0.00433733
v 0.15153173 0.01187814 0.00232312
v 0.14838418 0.01421481 0.00435316
v 0.14828017 0.01386735 0.00229369
v 0.14917494 0.01527255 0.00096791
v 0.15238141 0.01324173 0.00093594
v 0.15043241 0.01737551 0.00036591
v 0.15372212 0.01537881 0.00050047
v 0.15161067 0.01936243 -0.00013568
v 0.14691438 0.01920683 0.00034082
v 0.14808191 0.02131015 -8.529E-05
v 0.14893819 0.02277155 0.0012569
v 0.14440885 0.02310577 5.627E-05
v 0.14523824 0.02460652 0.00136668
v 0.14544803 0.02510874 0.00371708
v 0.14176287 0.02653039 0.0015795
v 0.14186178 0.02683727 0.00400603
v 0.14126219 0.02580363 0.00636006
v 0.13819391 0.02846001 0.00429019
v 0.13767986 0.02746719 0.00668764
v 0.13651699 0.02504827 0.00767548
v 0.13406849 0.02909603 0.00702807
v 0.13294484 0.02656662 0.00786802
v 0.13203417 0.02416173 0.00637084
v 0.12925585 0.02795678 0.00806029
v 0.12842926 0.02543707 0.00653182
v 0.12803924 0.02376961 0.00433105
v 0.12475469 0.02646529 0.00677584
v 0.12449018 0.02450743 0.0045658
v 0.12454662 0.02387198 0.00212742
v 0.12094104 0.02477827 0.00471678
v 0.12106385 0.02420351 0.00211103
v 0.11770353 0.02348954 0.00197703
v 0.12108589 0.02728794 0.00696026
v 0.12191278 0.0303956 0.00840032
v 0.11841567 0.03173864 0.00872815
v 0.12553234 0.02922418 0.0082268
v 0.12667224 0.03205233 0.00787089
v 0.12325854 0.03349979 0.00835595
v 0.13038388 0.03063951 0.00744525
v 0.1308258 0.03166621 0.00499567
v 0.13452759 0.03008547 0.00458902
v 0.13457038 0.03011489 0.00218654
v 0.1381733 0.0283386 0.00186519
v 0.1372609 0.02638425 0.00038848
v 0.14085439 0.02477461 0.00018895
v 0.13980441 0.02248007 0.00031305
v 0.14331961 0.02095136 0.00037227
v 0.14226991 0.01878858 0.00092471
v 0.14574204 0.01707725 0.00092668
v 0.14492252 0.01575751 0.00221362
v 0.12008262 0.03517048 0.0090234
v 0.1171172 0.03723468 0.01011168
v 0.11508773 0.0333261 0.0096842
v 0.11406837 0.03930282 0.01136063
v 0.17688565 -0.00610633 -0.00024204
v 0.17337759 0.00306493 -0.01201624
v 0.17303783 0.00033547 -0.01146615
v 0.17482519 -0.00173201 -0.01233855
v 0.17558019 0.00425545 -0.01295576
v 0.17302239 0.0077437 -0.01246133
v 0.17133269 0.00407338 -0.01151533
v 0.17061 -0.00049308 -0.01042289
v 0.17077047 -0.00506773 -0.0109202
v 0.17074069 0.0040943 -0.02163231
v 0.16972637 -3.899E-05 -0.02100574
v 0.16711558 0.00152318 -0.019821
v 0.16874629 0.00584441 -0.02060203
v 0.17144749 0.00949356 -0.01978491
v 0.17380837 0.00485587 -0.02154257
v 0.16818415 -0.0032268 -0.01963362
v 0.17275828 -0.00191479 -0.0206405
v 0.16926315 -0.00624555 -0.01928389
v 0.16508622 -0.00700992 -0.01837756
v 0.1658392 -0.00273508 -0.01900657
v 0.16399668 -0.00167936 -0.01848028
v 0.16209327 -0.00469805 -0.01777057
v 0.16412646 0.00225063 -0.01842014
v 0.1612815 -0.00111293 -0.01650079
v 0.16193771 -0.00214154 -0.0123876
v 0.16369328 0.00181075 -0.01031538
v 0.16053267 0.00423239 -0.01053153
v 0.15909611 0.00181798 -0.0126162
v 0.16579789 -0.00496481 -0.01016426
v 0.16703284 -0.00015447 -0.00956734
v 0.15939908 0.002116 -0.01545158
v 0.16194376 -0.00669758 -0.01401718
v 0.16569591 -0.00737659 -0.01412336
v 0.11883779 0.02690121 -0.00272878
v 0.11983319 0.03132626 -0.00435087
v 0.11679203 0.0345956 -0.00323522
v 0.11525337 0.03134944 -0.00263217
v 0.1227397 0.0251147 -0.00426406
v 0.12310355 0.02917031 -0.00513552
v 0.11351132 0.0287503 -0.00224983
v 0.11546241 0.02513685 -0.00208361
v 0.11798146 0.02405984 -0.01338237
v 0.11400709 0.02405043 -0.0117433
v 0.11330774 0.02637066 -0.01315472
v 0.11520882 0.02705332 -0.01537659
v 0.11806004 0.01914224 -0.01187952
v 0.11444826 0.01959869 -0.01087021
v 0.11671406 0.03006465 -0.01367429
v 0.12016767 0.02774304 -0.01343959
v 0.11240374 0.02713543 -0.00113419
v 0.11067605 0.03099086 -0.00153803
v 0.10982121 0.02780524 -0.00052377
v 0.10931714 0.0244589 0.00052965
v 0.11289543 0.02437014 -0.00043829
v 0.10997767 0.02499539 -0.01082867
v 0.11072901 0.027497 -0.01371227
v 0.11040066 0.03928754 -0.00435559
v 0.11318132 0.03816723 -0.00485585
v 0.11179435 0.03681116 -0.00816301
v 0.10891985 0.03843911 -0.00678832
v 0.10915402 0.03889216 -0.00202324
v 0.11314216 0.03743415 -0.00210302
v 0.10682165 0.03806692 -0.00481978
v 0.10692699 0.02764806 -0.01143897
v 0.10783138 0.02956728 -0.01354405
v 0.10741571 0.02396612 -0.00930572
v 0.10560363 0.02573229 -0.00976887
v 0.10819554 0.02045234 -0.00072854
v 0.10621411 0.02558981 0.00111491
v 0.10502768 0.02249822 0.00106738
v 0.1031599 0.02041887 -0.00034995
v 0.10492846 0.01823389 -0.00154603
v 0.1061023 0.0173465 -0.00372728
v 0.10849771 0.01799376 -0.00433606
v 0.11079326 0.02020007 -0.00927707
v 0.10674573 0.02033695 -0.00774247
v 0.10463826 0.02454196 -0.0072809
v 0.10450875 0.01871388 -0.0053895
v 0.10312996 0.01792015 -0.00353033
v 0.10263013 0.02138922 -0.00552721
v 0.10367409 0.02398597 0.00032416
v 0.10455958 0.02579295 -0.00043071
v 0.10286863 0.02295365 -0.00105581
v 0.10363639 0.02476425 -0.00232896
v 0.10275777 0.02582016 -0.00877555
v 0.10351846 0.02723257 -0.01015017
v 0.10320437 0.0266005 -0.00602305
v 0.10247032 0.02713227 -0.0079118
v 0.10441932 0.03363575 -0.01344666
v 0.10866594 0.03244119 -0.01528096
v 0.10553492 0.03068534 -0.01313702
v 0.10457745 0.02923829 -0.01164333
v 0.10274485 0.0311784 -0.01104467
v 0.10403385 0.03230444 -0.00892968
v 0.10420106 0.03433332 -0.01012934
v 0.10165586 0.01980924 -0.00304182
v 0.10546013 0.03610628 -0.00790703
v 0.10699043 0.03710058 -0.01029661
v 0.10549368 0.0335759 -0.00651715
v 0.10454605 0.02735666 -0.00377539
v 0.10526092 0.03051984 -0.00515288
v 0.10386547 0.0296714 -0.0073329
v 0.1021468 0.02384849 -0.00397097
v 0.10269727 0.02892023 -0.00906233
v 0.10178716 0.02225748 -0.00254672
v 0.10634324 0.03154802 -0.00273466
v 0.10684542 0.03492623 -0.00380732
v 0.10563541 0.02832749 -0.00161538
v 0.10719728 0.02859033 -0.00018811
v 0.10790946 0.032003 -0.00102492
v 0.11189819 0.03426029 -0.00179523
v 0.10852747 0.03558853 -0.00140517
v 0.11028567 0.03535819 -0.01210289
v 0.11349957 0.03271898 -0.01329034
v 0.11213846 0.02993903 -0.0159221
v 0.11489425 0.03462777 -0.00954202
v 0.11808458 0.03235219 -0.01058096
v 0.11678934 0.0362514 -0.00615073
v 0.11960704 0.03314079 -0.00727634
v 0.12277705 0.030823 -0.00804496
v 0.12169556 0.0304396 -0.01126652
v 0.1254631 0.02861447 -0.01180788
v 0.12394498 0.02578386 -0.01342868
v 0.12636632 0.02900244 -0.0086813
v 0.12998514 0.02709768 -0.00928715
v 0.12921314 0.02686719 -0.01233601
v 0.12657566 0.02743939 -0.00591911
v 0.13025598 0.0258712 -0.00644769
v 0.13399865 0.02440453 -0.00707935
v 0.13374415 0.02560681 -0.00991246
v 0.12620935 0.02384274 -0.00514314
v 0.12976839 0.02253805 -0.00581921
v 0.13342352 0.02120406 -0.00639936
v 0.13706447 0.01975735 -0.00694234
v 0.13772736 0.02289149 -0.00770761
v 0.12931064 0.01909351 -0.00733851
v 0.13284394 0.01798286 -0.00794017
v 0.13638657 0.0166923 -0.00839165
v 0.13989189 0.01528783 -0.00878592
v 0.14068793 0.01827814 -0.00741996
v 0.13251229 0.01562963 -0.01040213
v 0.1360673 0.01447018 -0.01074826
v 0.13965933 0.01327389 -0.01105372
v 0.14334491 0.01196451 -0.01124203
v 0.14366508 0.01385493 -0.00898442
v 0.13645609 0.0145411 -0.01337285
v 0.14016967 0.01325964 -0.0135567
v 0.14381789 0.01196829 -0.01365028
v 0.14729047 0.01046959 -0.01379155
v 0.14685582 0.01040898 -0.01144685
v 0.14146298 0.01555291 -0.01489207
v 0.1452004 0.01422994 -0.01497806
v 0.14877844 0.01269054 -0.01499586
v 0.15214051 0.01100286 -0.01520558
v 0.15059687 0.00880293 -0.01400704
v 0.14689408 0.01697879 -0.01546104
v 0.15058796 0.01549033 -0.01570706
v 0.15404205 0.01380946 -0.01597767
v 0.15725315 0.01193684 -0.01640053
v 0.15532506 0.00913408 -0.0155979
v 0.15224162 0.01785869 -0.01426673
v 0.15583736 0.01619181 -0.01453289
v 0.15910485 0.01437176 -0.01496515
v 0.16221467 0.01279576 -0.01570253
v 0.1603138 0.0102187 -0.01711892
v 0.15680885 0.01690118 -0.0121346
v 0.16011736 0.01503086 -0.01262089
v 0.1632444 0.01329122 -0.01328712
v 0.16653368 0.01251439 -0.01391261
v 0.16533673 0.01159399 -0.01668246
v 0.15975656 0.01300224 -0.0109155
v 0.16305491 0.01122997 -0.01144245
v 0.16635504 0.0101504 -0.01166761
v 0.1698288 0.00982492 -0.01136601
v 0.1700958 0.01219192 -0.0145694
v 0.16209269 0.00779271 -0.01055637
v 0.16536558 0.00607928 -0.0107099
v 0.16851178 0.00501131 -0.01060447
v 0.15878263 0.0098156 -0.00998368
v 0.15739308 0.00653771 -0.01029349
v 0.15545398 0.01179572 -0.00939041
v 0.15419668 0.00861524 -0.00988323
v 0.15343122 0.00686464 -0.01206135
v 0.15633014 0.00458594 -0.01243742
v 0.15379439 0.007017 -0.0142228
v 0.1566916 0.00475676 -0.01473093
v 0.1585066 0.00713338 -0.01603227
v 0.16150062 0.00503093 -0.01705845
v 0.16318654 0.00874378 -0.01839588
v 0.16593501 0.00719045 -0.01998222
v 0.16838188 0.01099614 -0.0179777
v 0.17332453 0.00980037 -0.01601165
v 0.17563218 0.0047617 -0.01722728
v 0.17470637 -0.00267939 -0.01677577
v 0.17027047 -0.00664052 -0.01523961
v 0.15024738 0.00875382 -0.01175913
v 0.15086368 0.01054017 -0.00961705
v 0.14733896 0.0122416 -0.00925859
v 0.15195802 0.01361541 -0.00881097
v 0.14830156 0.01519109 -0.00823419
v 0.14449379 0.01677109 -0.00781661
v 0.14905591 0.01818269 -0.00955222
v 0.1452219 0.01973405 -0.00904873
v 0.14141206 0.02135305 -0.00838434
v 0.14537738 0.02166024 -0.0112693
v 0.14132722 0.02294027 -0.01093133
v 0.13746935 0.02411049 -0.01048758
v 0.14054433 0.02220916 -0.01372956
v 0.13676335 0.02369984 -0.01336096
v 0.13296765 0.02524439 -0.01290283
v 0.13535768 0.02123042 -0.01456333
v 0.1315809 0.02267907 -0.01423493
v 0.12777407 0.02416416 -0.0137935
v 0.13028513 0.01952888 -0.01432481
v 0.12651369 0.02082143 -0.01411694
v 0.12258094 0.02218895 -0.0139854
v 0.12565936 0.01760213 -0.01265416
v 0.12188076 0.01839658 -0.01230845
v 0.12550671 0.01706037 -0.00937698
v 0.12202206 0.01745781 -0.00886795
v 0.11867807 0.01772592 -0.0080278
v 0.12258916 0.02047263 -0.00550324
v 0.11953767 0.02060026 -0.00398796
v 0.11617927 0.02017719 -0.00249927
v 0.11545853 0.01764707 -0.00658042
v 0.11253203 0.02030279 -0.00178922
v 0.11192523 0.01787702 -0.00542363
v 0.12583725 0.01990682 -0.00650411
v 0.12901318 0.0165333 -0.00992433
v 0.12931226 0.01676523 -0.01289319
v 0.13288213 0.01572589 -0.01313358
v 0.13397215 0.01822029 -0.01454017
v 0.13767159 0.01688579 -0.01469396
v 0.13912487 0.0197491 -0.01500145
v 0.14305532 0.01838019 -0.0152461
v 0.14454167 0.0208069 -0.0139274
v 0.14843981 0.01928644 -0.01408465
v 0.14932398 0.02017815 -0.01156131
v 0.15314132 0.01865984 -0.01180045
v 0.15276353 0.01662765 -0.00999489
v 0.15636171 0.01488544 -0.01044599
v 0.08753034 0.05159385 0.01994475
v 0.08870696 0.05127059 0.02103274
v 0.08797723 0.052329 0.01779642
v 0.08723418 0.05175486 0.018857
v 0.08636501 0.05301647 0.01933049
v 0.08667824 0.05225789 0.02038588
v 0.0860947 0.03768815 0.02370947
v 0.08683785 0.03890736 0.02555761
v 0.08474146 0.03555455 0.02639781
v 0.08463945 0.03502072 0.02371657
v 0.08682629 0.03879784 0.0222374
v 0.08815569 0.0415923 0.02396498
v 0.08534235 0.03545183 0.02133659
v 0.08701637 0.05107024 0.01025974
v 0.08708719 0.05301327 0.01004636
v 0.0875925 0.05270979 0.01209511
v 0.08736611 0.05014736 0.01163395
v 0.08669644 0.04998683 0.00897325
v 0.0866404 0.05234797 0.00801309
v 0.08689407 0.04797046 0.01049827
v 0.08645435 0.04237881 0.01200398
v 0.08631021 0.04397934 0.01075627
v 0.08714613 0.04598034 0.01241463
v 0.08739914 0.04341726 0.01446255
v 0.08502229 0.04002677 0.01082445
v 0.08437669 0.04262484 0.00939696
v 0.08639373 0.03981872 0.01358971
v 0.0827233 0.05421464 0.02146492
v 0.08250298 0.05349008 0.02348084
v 0.08561904 0.05233904 0.02224833
v 0.08475302 0.05425877 0.02065035
v 0.08385823 0.05589276 0.01919553
v 0.08084169 0.05625752 0.02087067
v 0.07963177 0.05459031 0.02372882
v 0.08226313 0.05179235 0.02632775
v 0.08516175 0.05009935 0.02535183
v 0.07924234 0.05207993 0.0264744
v 0.08205611 0.04900537 0.02879685
v 0.08483862 0.04749303 0.0280787
v 0.07934258 0.04939579 0.02871088
v 0.07798062 0.04699358 0.03044785
v 0.08079132 0.04625261 0.03088101
v 0.08437802 0.05310135 0.00649103
v 0.08604035 0.05106938 0.00584075
v 0.08405665 0.04975167 0.00412116
v 0.08177438 0.05294106 0.00557564
v 0.08460176 0.05434189 0.00825634
v 0.08175688 0.05574129 0.00863252
v 0.07730278 0.04991635 0.02899944
v 0.07558411 0.04849047 0.03036155
v 0.08234051 0.03380923 0.01460451
v 0.08427689 0.03360734 0.01468088
v 0.08196212 0.03167402 0.01683455
v 0.0793028 0.03175687 0.01556782
v 0.08203932 0.03443193 0.01338049
v 0.08421953 0.03494751 0.01305806
v 0.07765901 0.03291558 0.01315088
v 0.08169691 0.03444493 0.01201072
v 0.07917028 0.03370894 0.01104982
v 0.08130515 0.03374102 0.00954423
v 0.08323155 0.03477708 0.0113514
v 0.080188 0.05815613 0.01892341
v 0.08258311 0.0576258 0.01759461
v 0.08085407 0.05909242 0.01562378
v 0.0774684 0.05949036 0.01760997
v 0.07723479 0.05766863 0.02094736
v 0.07738997 0.05399098 0.00638227
v 0.07840947 0.05699634 0.00950548
v 0.08178843 0.03746028 0.0072008
v 0.08289807 0.03857258 0.00870308
v 0.0823278 0.03594587 0.00912324
v 0.08080589 0.03528992 0.00695705
v 0.08155286 0.03892168 0.00585575
v 0.08288421 0.04095271 0.00759484
v 0.07995676 0.03652788 0.00454646
v 0.08151265 0.04346813 0.00342995
v 0.08256462 0.04537649 0.00422607
v 0.0826739 0.04322226 0.00610613
v 0.08142545 0.04123128 0.00436826
v 0.0763613 0.0410898 0.0345355
v 0.07884735 0.04386559 0.03282196
v 0.07574937 0.04527172 0.03248758
v 0.07331926 0.04303716 0.03421604
v 0.07491419 0.03784592 0.03525585
v 0.07411892 0.03955466 0.03526301
v 0.07189918 0.03920047 0.03572173
v 0.07463711 0.03581987 0.03535598
v 0.07779137 0.03618479 0.03484296
v 0.07633111 0.03829205 0.03501447
v 0.0733455 0.03190663 0.03339748
v 0.0697035 0.03490924 0.03527546
v 0.0786407 0.03274301 0.0329091
v 0.07460302 0.03026663 0.03017472
v 0.07834623 0.03087643 0.02979284
v 0.06945834 0.03451522 0.03089182
v 0.07241827 0.03163366 0.02743772
v 0.07760364 0.03026362 0.02662217
v 0.07652282 0.04590067 0.01765688
v 0.07483234 0.04283698 0.01720614
v 0.07503109 0.04569177 0.02137691
v 0.07534976 0.04871823 0.0198537
v 0.07538956 0.05101683 0.01745552
v 0.07494334 0.05425545 0.01930054
v 0.07462582 0.05565085 0.01673705
v 0.07520116 0.05258781 0.01471147
v 0.07475334 0.05203981 0.02189879
v 0.07502402 0.02999768 0.01766535
v 0.07301511 0.03212411 0.01444817
v 0.07364748 0.0333802 0.01217303
v 0.07526482 0.03330027 0.01155744
v 0.07045476 0.04468017 0.03395996
v 0.0692111 0.04161327 0.03496835
v 0.07569153 0.04741878 0.01506573
v 0.07499665 0.04945852 0.01208079
v 0.07363983 0.04598793 0.00965664
v 0.07452587 0.04410161 0.01289126
v 0.07419363 0.05659948 0.01478681
v 0.07436483 0.05885106 0.01796509
v 0.07325085 0.05947719 0.01501227
v 0.0741704 0.05484785 0.01265467
v 0.07284155 0.057771 0.01174385
v 0.0666322 0.03916097 0.0336065
v 0.0690872 0.0345428 0.0265962
v 0.07011009 0.03273861 0.0233805
v 0.07294358 0.03018938 0.02356164
v 0.06770495 0.03753602 0.0292464
v 0.07372261 0.02979391 0.0211047
v 0.07115959 0.03154283 0.01968289
v 0.07823265 0.0306628 0.01999155
v 0.0776685 0.03057854 0.02334866
v 0.06787483 0.04497851 0.03252399
v 0.07095296 0.0320144 0.01633538
v 0.07399734 0.03562644 0.00827997
v 0.07540978 0.0339387 0.00956053
v 0.07220909 0.03424468 0.01109394
v 0.07057194 0.0367887 0.01054769
v 0.07657167 0.03596455 0.0053823
v 0.07868035 0.03331098 0.00728315
v 0.07292147 0.03865666 0.00752277
v 0.07010429 0.03261216 0.01276292
v 0.06887403 0.03246752 0.0160026
v 0.06687464 0.04050644 0.03094543
v 0.0684159 0.04316494 0.03027845
v 0.06948976 0.04025425 0.02845818
v 0.06988557 0.03432283 0.0156839
v 0.06977787 0.03383144 0.01924898
v 0.07115094 0.03559057 0.01803085
v 0.07215102 0.03743695 0.01618004
v 0.07045824 0.03528494 0.01367356
v 0.07138942 0.04985633 0.00637276
v 0.07177895 0.05067215 0.00431032
v 0.0699772 0.04612845 0.00460459
v 0.07216275 0.04799998 0.00748224
v 0.07103179 0.0431788 0.00725379
v 0.0737795 0.05191182 0.00984175
v 0.07271 0.0540836 0.00838516
v 0.07483027 0.05839558 0.01056476
v 0.07366285 0.05532428 0.00705615
v 0.07543264 0.05048931 0.0028875
v 0.07386525 0.04522183 0.00224907
v 0.07921755 0.04939097 0.00176446
v 0.07740221 0.04406465 0.00016375
v 0.07701661 0.0393204 0.00212966
v 0.07363069 0.04114611 0.00441418
v 0.08185772 0.04735843 0.0019627
v 0.08045694 0.04341927 0.00137069
v 0.07989085 0.03936485 0.00223892
v 0.08418835 0.04720706 0.00571094
v 0.08608122 0.04848426 0.00715357
v 0.08618568 0.04614702 0.00892245
v 0.08419789 0.04495869 0.00770546
v 0.07246201 0.04122944 0.01035389
v 0.07566302 0.06035556 0.01410121
v 0.07913722 0.05926784 0.01278626
v 0.08395509 0.05765322 0.01390945
v 0.08255287 0.05761935 0.01131488
v 0.08640158 0.05534662 0.01272428
v 0.08556022 0.0556678 0.01031451
v 0.08532203 0.05640204 0.01619095
v 0.08751676 0.05437486 0.01510378
v 0.08838303 0.05181286 0.01425639
v 0.08946228 0.05020198 0.01672221
v 0.08851901 0.04692079 0.01598052
v 0.08780125 0.04873478 0.01363182
v 0.09016493 0.04859699 0.01984882
v 0.08950206 0.04506273 0.01873573
v 0.08817966 0.04160485 0.0175224
v 0.08880186 0.04362521 0.02162464
v 0.08767357 0.04011461 0.0200981
v 0.08654098 0.03658666 0.01887664
v 0.08720635 0.03817254 0.01621095
v 0.08429882 0.0338616 0.01794595
v 0.0856419 0.03540845 0.01541436
v 0.08508196 0.03698652 0.01327618
v 0.08416153 0.03681459 0.0110173
v 0.08277741 0.03243864 0.02064709
v 0.0819296 0.03179877 0.02352783
v 0.08185735 0.03194258 0.0265454
v 0.08516621 0.03683085 0.02894358
v 0.08244525 0.0330029 0.0294666
v 0.08428854 0.03886078 0.03069878
v 0.08223796 0.03527838 0.03211261
v 0.08207326 0.04155622 0.03211017
v 0.08015324 0.03872127 0.0337868
v 0.0835923 0.04439356 0.03013434
v 0.08632039 0.04253903 0.02943459
v 0.08769144 0.04601198 0.0273562
v 0.08721084 0.04068524 0.02783378
v 0.0888432 0.04398621 0.02596622
v 0.08954784 0.04663879 0.02318503
v 0.08807337 0.04899744 0.02451026
v 0.07277262 0.03948857 0.01361373
v 0.07190943 0.0374213 0.02137526
v 0.07361614 0.03982455 0.01963267
v 0.07191628 0.03990323 0.02475358
v 0.07362325 0.04275917 0.02314871
v 0.07116488 0.04306055 0.02732542
v 0.07285625 0.04601209 0.025814
v 0.07407697 0.04906031 0.02401078
v 0.07165163 0.04888558 0.02766913
v 0.07262694 0.05232523 0.02589142
v 0.07385856 0.05519981 0.02340027
v 0.07468536 0.05721369 0.02060393
v 0.07561843 0.05207083 0.02706464
v 0.07641535 0.05546169 0.02392897
v 0.07322473 0.0491634 0.02896919
v 0.07014721 0.04590608 0.02914342
v 0.07081641 0.04703499 0.0306799
v 0.07304107 0.04677651 0.03206659
v 0.07003377 0.03728035 0.02590357
v 0.0700838 0.03514419 0.02267853
v 0.08617101 0.05464411 0.0180857
v 0.17393613 -0.00630915 0.01498758
v 0.17368652 -0.0051713 0.01299665
v 0.17168814 -0.0062023 0.01398866
v 0.17211105 -0.0071838 0.01606266
v 0.17502187 -0.00777145 0.01488154
v 0.17470337 -0.00732244 0.01193199
v 0.17272231 -0.00878868 0.01727314
v 0.17411011 -0.00962149 0.01196272
v 0.17379083 -0.01012881 0.01391882
v 0.17205165 -0.0118427 0.01249302
v 0.17257038 -0.01061276 0.01048995
v 0.1711936 -0.0054373 0.01236467
v 0.17209464 -0.00494138 0.01088578
v 0.16977304 -0.00522012 0.0100027
v 0.16959792 -0.00535546 0.0121485
v 0.16953731 -0.00630028 0.0144422
v 0.17141257 -0.01175661 0.01414943
v 0.16930763 -0.01209666 0.01401706
v 0.16945881 -0.01261148 0.01162195
v 0.17209464 -0.01050409 0.01569651
v 0.16942826 -0.01086852 0.01626027
v 0.16390257 -0.00528364 0.01513991
v 0.16332027 -0.00529939 0.01634374
v 0.16531639 -0.00619774 0.01676384
v 0.16533449 -0.00579197 0.01474403
v 0.16513716 -0.00498376 0.01259876
v 0.16335212 -0.00475205 0.01373501
v 0.16200043 -0.00433271 0.0149841
v 0.16148503 -0.00406836 0.01340928
v 0.16252811 -0.00438835 0.01192772
v 0.16161655 -0.0094932 0.01514881
v 0.16200167 -0.00786655 0.0162301
v 0.16006216 -0.00688691 0.01512785
v 0.16046441 -0.00943954 0.01357912
v 0.15942597 -0.00619624 0.01354026
v 0.16011992 -0.0081139 0.01155956
v 0.16004394 -0.00446081 0.01330433
v 0.16117626 -0.00575112 0.01092331
v 0.16054375 -0.00467957 0.01569297
v 0.16252488 -0.00605 0.01704281
v 0.16423821 -0.00938664 0.01636645
v 0.16474208 -0.00755487 0.01751502
v 0.16671006 -0.01051208 0.01623695
v 0.16700271 -0.00854177 0.01758742
v 0.16735756 -0.00688059 0.01665798
v 0.16951765 -0.00901041 0.01768789
v 0.16962327 -0.00719558 0.01666334
v 0.16734555 -0.005936 0.01439893
v 0.16732247 -0.00511591 0.01191758
v 0.16715205 -0.00479361 0.00958192
v 0.16447759 -0.00451573 0.01033005
v 0.1667603 -0.00766257 0.00843558
v 0.16349462 -0.00691971 0.00884393
v 0.1663845 -0.01087882 0.00908669
v 0.16270256 -0.01017844 0.00939139
v 0.16621068 -0.01246561 0.01143942
v 0.16289312 -0.01156973 0.01198338
v 0.16640323 -0.01201837 0.01405603
v 0.16351432 -0.01111448 0.01464493
v 0.16974038 -0.01114134 0.00941234
v 0.16982456 -0.00800699 0.00877749
v 0.17260039 -0.00762378 0.00980562
v 0.17211008 -0.01025883 0.02077355
v 0.17269948 -0.00794872 0.02112482
v 0.17335039 -0.00852954 0.02402097
v 0.17212902 -0.01133933 0.02276457
v 0.16913794 -0.0116661 0.02162087
v 0.1697282 -0.01006422 0.01960712
v 0.17001724 -0.007323 0.01980038
v 0.17132826 -0.00704289 0.02235194
v 0.17133325 -0.00718938 0.02413247
v 0.16938157 -0.00676074 0.02202006
v 0.16896799 -0.00690684 0.02410178
v 0.17091103 -0.01124311 0.02476517
v 0.17115295 -0.00926609 0.02627241
v 0.16815856 -0.00953393 0.0264339
v 0.16854137 -0.01138243 0.02425166
v 0.17043303 -0.00764744 0.02588456
v 0.16832842 -0.00751431 0.02625483
v 0.16491634 -0.00611812 0.02389839
v 0.16669649 -0.00652802 0.02408413
v 0.16705495 -0.00615889 0.02214325
v 0.16477722 -0.00525376 0.02260721
v 0.16337514 -0.00613178 0.02495881
v 0.16575211 -0.00715348 0.02599714
v 0.16245878 -0.00525629 0.02264921
v 0.16490631 -0.00547155 0.02102288
v 0.16365099 -0.00647028 0.02041172
v 0.16341677 -0.00933711 0.02352617
v 0.16560063 -0.01046651 0.02375403
v 0.16541208 -0.00892102 0.02570323
v 0.16297008 -0.00783413 0.02464373
v 0.16215888 -0.00720494 0.02282947
v 0.16319367 -0.00870692 0.02159769
v 0.16579308 -0.01062198 0.02108324
v 0.16640256 -0.00861367 0.01938083
v 0.16706006 -0.00641706 0.02004861
f 1 2 3
f 1 3 4
f 1 5 6
f 1 6 2
f 1 4 7
f 1 7 5
f 8 9 10
f 8 10 11
f 8 12 13
f 8 13 14
f 15 16 17
f 15 17 18
f 15 19 20
f 15 20 16
f 21 22 23
f 21 23 24
f 21 24 25
f 21 25 26
f 21 26 27
f 21 27 22
f 9 28 29
f 9 29 30
f 9 30 31
f 9 31 10
f 32 33 34
f 32 34 35
f 32 35 36
f 32 36 37
f 32 37 38
f 32 38 33
f 11 10 39
f 11 39 40
f 11 40 17
f 11 17 8
f 41 42 43
f 41 43 44
f 41 44 45
f 41 45 46
f 41 46 47
f 41 47 42
f 27 26 48
f 27 48 7
f 37 36 49
f 37 49 50
f 7 4 22
f 7 22 27
f 7 48 51
f 7 51 52
f 48 26 25
f 48 25 53
f 48 53 54
f 48 54 55
f 48 55 56
f 48 56 51
f 57 31 58
f 57 58 59
f 57 39 10
f 57 10 31
f 57 59 60
f 57 60 39
f 40 39 60
f 40 60 61
f 40 61 62
f 40 62 63
f 40 63 18
f 40 18 17
f 50 64 65
f 50 65 37
f 66 67 68
f 66 68 69
f 70 71 67
f 70 67 66
f 66 69 72
f 66 72 70
f 73 74 75
f 73 75 76
f 73 77 78
f 73 78 74
f 73 76 79
f 73 79 77
f 80 81 82
f 80 82 83
f 80 84 85
f 80 85 81
f 80 83 86
f 80 86 84
f 50 87 88
f 50 88 64
f 89 90 91
f 89 91 92
f 89 92 93
f 89 93 70
f 89 70 72
f 89 72 90
f 94 95 55
f 94 55 54
f 96 92 91
f 96 91 97
f 96 97 98
f 96 98 99
f 96 99 93
f 96 93 92
f 94 100 101
f 94 101 95
f 102 103 104
f 102 104 105
f 102 106 107
f 102 107 103
f 102 105 108
f 102 108 106
f 109 110 111
f 109 111 112
f 109 112 113
f 109 113 114
f 109 115 116
f 109 116 110
f 109 117 118
f 109 118 115
f 109 114 119
f 109 119 117
f 120 121 95
f 120 95 101
f 120 104 122
f 120 122 121
f 120 123 124
f 120 124 125
f 120 101 126
f 120 126 123
f 100 127 126
f 100 126 101
f 128 129 130
f 128 130 131
f 128 131 132
f 128 132 133
f 128 133 134
f 128 134 129
f 135 136 137
f 135 137 138
f 139 140 136
f 139 136 135
f 135 138 141
f 135 141 139
f 142 143 144
f 142 144 145
f 142 146 147
f 142 147 148
f 142 148 149
f 142 149 143
f 150 147 151
f 150 151 152
f 150 153 148
f 150 148 147
f 150 152 154
f 150 154 153
f 155 156 157
f 155 157 158
f 155 159 160
f 155 160 161
f 155 158 162
f 155 162 159
f 163 164 165
f 163 165 166
f 163 167 141
f 163 141 164
f 163 166 168
f 163 168 167
f 169 167 168
f 169 168 170
f 171 162 139
f 171 139 169
f 172 159 162
f 172 162 171
f 171 169 170
f 171 170 172
f 173 174 175
f 173 175 176
f 173 176 177
f 173 177 132
f 173 132 131
f 173 131 174
f 172 178 160
f 172 160 159
f 172 170 179
f 172 179 178
f 177 180 166
f 177 166 165
f 181 182 180
f 181 180 177
f 176 175 183
f 176 183 184
f 176 184 185
f 176 185 186
f 187 188 189
f 187 189 190
f 187 190 191
f 187 191 192
f 187 192 193
f 187 193 188
f 194 195 196
f 194 196 197
f 194 198 199
f 194 199 195
f 194 197 200
f 194 200 201
f 198 194 202
f 198 202 203
f 204 205 206
f 204 206 207
f 204 208 209
f 204 209 205
f 204 207 210
f 204 210 208
f 201 211 202
f 201 202 194
f 201 200 212
f 201 212 211
f 212 200 213
f 212 213 214
f 212 214 215
f 212 215 216
f 212 216 217
f 212 217 211
f 217 206 218
f 217 218 219
f 217 219 202
f 217 202 211
f 217 216 207
f 217 207 206
f 219 218 220
f 219 220 221
f 219 221 203
f 219 203 202
f 221 220 222
f 221 222 223
f 221 223 224
f 221 224 203
f 224 223 161
f 224 161 160
f 224 160 178
f 224 178 199
f 224 199 198
f 224 198 203
f 223 222 225
f 223 225 161
f 225 226 227
f 225 227 228
f 225 228 155
f 225 155 161
f 225 222 229
f 225 229 226
f 229 230 231
f 229 231 226
f 229 222 220
f 229 220 232
f 229 232 233
f 229 233 230
f 233 234 235
f 233 235 230
f 233 232 236
f 233 236 237
f 233 237 189
f 233 189 234
f 237 236 205
f 237 205 209
f 237 209 190
f 237 190 189
f 236 232 220
f 236 220 218
f 236 218 206
f 236 206 205
f 235 238 239
f 235 239 240
f 235 240 231
f 235 231 230
f 235 234 241
f 235 241 238
f 241 242 243
f 241 243 238
f 241 234 189
f 241 189 188
f 241 188 193
f 241 193 242
f 243 244 245
f 243 245 246
f 243 246 239
f 243 239 238
f 243 242 247
f 243 247 244
f 247 248 249
f 247 249 244
f 247 242 193
f 247 193 250
f 247 250 251
f 247 251 248
f 251 252 253
f 251 253 248
f 251 250 254
f 251 254 255
f 251 255 256
f 251 256 252
f 256 184 183
f 256 183 252
f 256 255 257
f 256 257 258
f 256 258 185
f 256 185 184
f 258 257 215
f 258 215 214
f 258 214 213
f 258 213 185
f 257 255 254
f 257 254 259
f 257 259 210
f 257 210 215
f 259 254 192
f 259 192 191
f 259 191 208
f 259 208 210
f 254 250 193
f 254 193 192
f 253 260 261
f 253 261 262
f 253 262 249
f 253 249 248
f 253 252 183
f 253 183 260
f 262 261 263
f 262 263 264
f 262 264 265
f 262 265 249
f 265 264 266
f 265 266 267
f 265 267 268
f 265 268 245
f 265 245 244
f 265 244 249
f 268 267 144
f 268 144 143
f 268 143 149
f 268 149 269
f 268 269 246
f 268 246 245
f 269 149 270
f 269 270 271
f 269 271 239
f 269 239 246
f 271 270 272
f 271 272 273
f 271 273 240
f 271 240 239
f 273 272 274
f 273 274 275
f 273 275 231
f 273 231 240
f 275 274 276
f 275 276 227
f 275 227 226
f 275 226 231
f 276 274 277
f 276 277 124
f 276 124 123
f 276 123 278
f 276 278 228
f 276 228 227
f 278 123 126
f 278 126 156
f 278 156 155
f 278 155 228
f 277 154 152
f 277 152 279
f 277 279 125
f 277 125 124
f 277 274 272
f 277 272 154
f 279 152 151
f 279 151 108
f 279 108 105
f 279 105 125
f 272 270 153
f 272 153 154
f 270 149 148
f 270 148 153
f 267 266 280
f 267 280 144
f 280 281 282
f 280 282 283
f 280 283 145
f 280 145 144
f 280 266 284
f 280 284 281
f 284 119 114
f 284 114 281
f 284 266 264
f 284 264 263
f 284 263 285
f 284 285 119
f 285 286 117
f 285 117 119
f 285 263 261
f 285 261 287
f 285 287 288
f 285 288 286
f 288 289 290
f 288 290 286
f 288 287 291
f 288 291 292
f 288 292 130
f 288 130 289
f 292 291 175
f 292 175 174
f 292 174 131
f 292 131 130
f 291 287 261
f 291 261 260
f 291 260 183
f 291 183 175
f 290 293 294
f 290 294 118
f 290 118 117
f 290 117 286
f 290 289 295
f 290 295 293
f 295 138 137
f 295 137 293
f 295 289 130
f 295 130 129
f 295 129 134
f 295 134 138
f 294 296 297
f 294 297 298
f 294 298 115
f 294 115 118
f 294 293 137
f 294 137 296
f 298 297 299
f 298 299 300
f 298 300 116
f 298 116 115
f 300 299 61
f 300 61 60
f 300 60 59
f 300 59 116
f 299 301 62
f 299 62 61
f 299 297 302
f 299 302 301
f 302 303 304
f 302 304 301
f 302 297 296
f 302 296 305
f 302 305 306
f 302 306 303
f 306 157 127
f 306 127 303
f 306 305 136
f 306 136 140
f 306 140 158
f 306 158 157
f 305 296 137
f 305 137 136
f 304 100 94
f 304 94 307
f 304 307 62
f 304 62 301
f 304 303 127
f 304 127 100
f 307 94 54
f 307 54 308
f 307 308 63
f 307 63 62
f 308 54 53
f 308 53 309
f 308 309 18
f 308 18 63
f 309 53 25
f 309 25 19
f 309 19 15
f 309 15 18
f 283 282 310
f 283 310 311
f 283 311 312
f 283 312 145
f 312 311 98
f 312 98 313
f 312 313 314
f 312 314 315
f 312 315 142
f 312 142 145
f 315 314 316
f 315 316 317
f 315 317 146
f 315 146 142
f 317 316 88
f 317 88 318
f 317 318 319
f 317 319 146
f 319 318 107
f 319 107 106
f 319 106 108
f 319 108 151
f 319 151 147
f 319 147 146
f 318 88 87
f 318 87 107
f 316 314 320
f 316 320 321
f 316 321 64
f 316 64 88
f 321 320 76
f 321 76 75
f 321 75 65
f 321 65 64
f 320 322 79
f 320 79 76
f 320 314 313
f 320 313 322
f 322 97 91
f 322 91 79
f 322 313 98
f 322 98 97
f 311 310 99
f 311 99 98
f 310 323 93
f 310 93 99
f 310 282 113
f 310 113 323
f 323 71 70
f 323 70 93
f 323 113 112
f 323 112 71
f 282 281 114
f 282 114 113
f 216 215 210
f 216 210 207
f 213 324 186
f 213 186 185
f 213 200 197
f 213 197 324
f 324 182 181
f 324 181 186
f 324 197 196
f 324 196 182
f 209 208 191
f 209 191 190
f 199 178 179
f 199 179 195
f 196 195 179
f 196 179 325
f 196 325 180
f 196 180 182
f 325 179 170
f 325 170 168
f 325 168 166
f 325 166 180
f 181 177 176
f 181 176 186
f 177 165 133
f 177 133 132
f 169 139 141
f 169 141 167
f 165 164 134
f 165 134 133
f 164 141 138
f 164 138 134
f 162 158 140
f 162 140 139
f 157 156 126
f 157 126 127
f 125 105 104
f 125 104 120
f 122 104 103
f 122 103 326
f 122 326 84
f 122 84 86
f 122 86 56
f 122 56 121
f 121 56 55
f 121 55 95
f 116 59 58
f 116 58 110
f 112 111 67
f 112 67 71
f 111 327 68
f 111 68 67
f 111 110 58
f 111 58 327
f 327 30 29
f 327 29 68
f 327 58 31
f 327 31 30
f 107 87 326
f 107 326 103
f 91 90 77
f 91 77 79
f 90 72 78
f 90 78 77
f 86 83 51
f 86 51 56
f 85 49 36
f 85 36 328
f 85 328 47
f 85 47 81
f 328 36 35
f 328 35 329
f 328 329 42
f 328 42 47
f 329 35 34
f 329 34 330
f 329 330 43
f 329 43 42
f 330 34 331
f 330 331 332
f 330 332 333
f 330 333 43
f 333 6 44
f 333 44 43
f 333 332 334
f 333 334 335
f 333 335 2
f 333 2 6
f 335 334 13
f 335 13 336
f 335 336 3
f 335 3 2
f 336 13 12
f 336 12 337
f 336 337 23
f 336 23 3
f 337 12 16
f 337 16 20
f 337 20 24
f 337 24 23
f 334 332 331
f 334 331 338
f 334 338 14
f 334 14 13
f 338 331 339
f 338 339 340
f 338 340 28
f 338 28 14
f 340 339 341
f 340 341 342
f 340 342 29
f 340 29 28
f 342 341 343
f 342 343 69
f 342 69 68
f 342 68 29
f 343 341 38
f 343 38 344
f 343 344 74
f 343 74 78
f 343 78 72
f 343 72 69
f 344 38 37
f 344 37 65
f 344 65 75
f 344 75 74
f 341 339 33
f 341 33 38
f 339 331 34
f 339 34 33
f 83 82 52
f 83 52 51
f 82 81 47
f 82 47 46
f 82 46 45
f 82 45 52
f 52 45 5
f 52 5 7
f 49 85 84
f 49 84 326
f 49 326 87
f 49 87 50
f 45 44 6
f 45 6 5
f 25 24 20
f 25 20 19
f 23 22 4
f 23 4 3
f 17 16 12
f 17 12 8
f 9 8 14
f 9 14 28
f 345 346 347
f 345 347 348
f 345 348 349
f 345 349 350
f 345 350 351
f 345 351 346
f 352 353 354
f 352 354 355
f 356 357 358
f 356 358 359
f 356 359 360
f 356 360 361
f 362 363 364
f 362 364 365
f 366 367 363
f 366 363 362
f 368 369 370
f 368 370 371
f 368 366 372
f 368 372 369
f 373 374 375
f 373 375 376
f 377 378 374
f 377 374 373
f 373 376 379
f 373 379 377
f 378 380 381
f 378 381 374
f 378 377 382
f 378 382 380
f 383 384 379
f 383 379 376
f 385 386 387
f 385 387 388
f 385 389 390
f 385 390 386
f 385 391 392
f 385 392 393
f 385 388 394
f 385 394 391
f 385 393 395
f 385 395 389
f 396 389 395
f 396 395 397
f 396 398 399
f 396 399 381
f 396 397 400
f 396 400 398
f 395 393 392
f 395 392 397
f 399 375 374
f 399 374 381
f 399 401 402
f 399 402 375
f 392 391 400
f 392 400 397
f 403 404 405
f 403 405 406
f 403 406 407
f 403 407 408
f 403 408 409
f 403 409 404
f 410 411 412
f 410 412 413
f 414 415 411
f 414 411 410
f 398 400 416
f 398 416 399
f 400 417 418
f 400 418 416
f 419 420 421
f 419 421 422
f 423 424 420
f 423 420 419
f 394 388 425
f 394 425 426
f 394 426 427
f 394 427 428
f 429 430 431
f 429 431 432
f 429 432 433
f 429 433 434
f 429 434 435
f 429 435 430
f 414 410 436
f 414 436 437
f 414 437 438
f 414 438 415
f 439 417 394
f 439 394 428
f 439 428 440
f 439 440 441
f 439 441 418
f 439 418 417
f 442 401 443
f 442 443 444
f 442 445 402
f 442 402 401
f 442 444 446
f 442 446 445
f 447 418 441
f 447 441 448
f 443 416 418
f 443 418 447
f 447 448 449
f 447 449 443
f 450 451 452
f 450 452 453
f 454 455 451
f 454 451 450
f 450 453 456
f 450 456 454
f 457 458 459
f 457 459 460
f 461 446 444
f 461 444 462
f 463 464 446
f 463 446 461
f 461 462 465
f 461 465 463
f 466 467 468
f 466 468 469
f 466 451 455
f 466 455 467
f 424 423 470
f 424 470 468
f 471 463 465
f 471 465 472
f 471 473 474
f 471 474 463
f 471 472 475
f 471 475 473
f 476 477 478
f 476 478 479
f 476 479 480
f 476 480 481
f 482 483 484
f 482 484 485
f 482 486 487
f 482 487 483
f 482 485 488
f 482 488 486
f 489 490 438
f 489 438 491
f 489 492 493
f 489 493 490
f 489 491 494
f 489 494 492
f 469 468 470
f 469 470 495
f 492 494 496
f 492 496 497
f 452 494 491
f 452 491 453
f 452 498 496
f 452 496 494
f 499 500 498
f 499 498 495
f 499 501 502
f 499 502 500
f 499 503 504
f 499 504 501
f 499 495 470
f 499 470 503
f 504 503 505
f 504 505 506
f 504 506 507
f 504 507 473
f 504 473 475
f 504 475 501
f 506 505 508
f 506 508 509
f 506 509 510
f 506 510 507
f 509 508 511
f 509 511 512
f 509 512 513
f 509 513 510
f 513 512 514
f 513 514 515
f 513 515 516
f 513 516 517
f 513 517 474
f 513 474 510
f 517 516 518
f 517 518 464
f 517 464 463
f 517 463 474
f 518 516 519
f 518 519 520
f 518 520 402
f 518 402 445
f 518 445 446
f 518 446 464
f 520 519 383
f 520 383 376
f 520 376 375
f 520 375 402
f 519 521 384
f 519 384 383
f 519 516 515
f 519 515 521
f 521 522 523
f 521 523 384
f 521 515 514
f 521 514 522
f 523 524 370
f 523 370 525
f 523 525 379
f 523 379 384
f 523 522 526
f 523 526 524
f 526 527 528
f 526 528 524
f 526 522 514
f 526 514 529
f 526 529 530
f 526 530 527
f 530 531 532
f 530 532 527
f 530 529 511
f 530 511 533
f 530 533 534
f 530 534 531
f 534 535 536
f 534 536 531
f 534 533 419
f 534 419 422
f 534 422 537
f 534 537 535
f 537 538 539
f 537 539 535
f 537 422 421
f 537 421 540
f 537 540 541
f 537 541 538
f 541 542 543
f 541 543 538
f 541 540 454
f 541 454 409
f 541 409 408
f 541 408 542
f 543 544 545
f 543 545 546
f 543 546 539
f 543 539 538
f 543 542 547
f 543 547 544
f 547 548 549
f 547 549 544
f 547 542 408
f 547 408 407
f 547 407 550
f 547 550 548
f 550 551 552
f 550 552 548
f 550 407 406
f 550 406 553
f 550 553 554
f 550 554 551
f 554 555 556
f 554 556 551
f 554 553 557
f 554 557 558
f 554 558 559
f 554 559 555
f 559 560 561
f 559 561 555
f 559 558 413
f 559 413 562
f 559 562 563
f 559 563 560
f 563 564 565
f 563 565 560
f 563 562 566
f 563 566 567
f 563 567 568
f 563 568 564
f 568 569 570
f 568 570 564
f 568 567 571
f 568 571 387
f 568 387 386
f 568 386 569
f 571 567 566
f 571 566 572
f 571 572 573
f 571 573 425
f 571 425 388
f 571 388 387
f 573 572 431
f 573 431 430
f 573 430 435
f 573 435 574
f 573 574 426
f 573 426 425
f 574 435 575
f 574 575 576
f 574 576 427
f 574 427 426
f 576 575 577
f 576 577 578
f 576 578 579
f 576 579 427
f 579 440 428
f 579 428 427
f 579 578 485
f 579 485 484
f 579 484 580
f 579 580 440
f 580 448 441
f 580 441 440
f 580 484 483
f 580 483 581
f 580 581 458
f 580 458 448
f 581 483 487
f 581 487 582
f 581 582 459
f 581 459 458
f 582 487 583
f 582 583 584
f 582 584 481
f 582 481 459
f 584 583 585
f 584 585 477
f 584 477 476
f 584 476 481
f 585 586 500
f 585 500 502
f 585 502 478
f 585 478 477
f 585 583 587
f 585 587 586
f 587 497 496
f 587 496 586
f 587 583 487
f 587 487 486
f 587 486 488
f 587 488 497
f 586 496 498
f 586 498 500
f 578 577 488
f 578 488 485
f 577 575 493
f 577 493 492
f 577 492 497
f 577 497 488
f 575 435 434
f 575 434 493
f 572 566 412
f 572 412 431
f 570 588 589
f 570 589 590
f 570 590 565
f 570 565 564
f 570 569 591
f 570 591 588
f 590 589 592
f 590 592 593
f 590 593 594
f 590 594 565
f 594 593 353
f 594 353 352
f 594 352 355
f 594 355 561
f 594 561 560
f 594 560 565
f 593 592 595
f 593 595 353
f 595 596 597
f 595 597 598
f 595 598 354
f 595 354 353
f 595 592 599
f 595 599 596
f 599 365 351
f 599 351 596
f 599 592 589
f 599 589 600
f 599 600 362
f 599 362 365
f 598 597 601
f 598 601 602
f 598 602 603
f 598 603 354
f 603 602 604
f 603 604 552
f 603 552 551
f 603 551 556
f 603 556 355
f 603 355 354
f 604 602 601
f 604 601 358
f 604 358 357
f 604 357 549
f 604 549 548
f 604 548 552
f 601 597 350
f 601 350 349
f 601 349 359
f 601 359 358
f 597 596 351
f 597 351 350
f 569 386 390
f 569 390 591
f 566 562 413
f 566 413 412
f 561 355 556
f 561 556 555
f 558 557 410
f 558 410 413
f 557 553 406
f 557 406 405
f 557 405 436
f 557 436 410
f 549 357 545
f 549 545 544
f 546 545 361
f 546 361 605
f 546 605 606
f 546 606 539
f 606 605 607
f 606 607 608
f 606 608 609
f 606 609 536
f 606 536 535
f 606 535 539
f 609 608 610
f 609 610 611
f 609 611 612
f 609 612 532
f 609 532 531
f 609 531 536
f 612 611 363
f 612 363 367
f 612 367 371
f 612 371 528
f 612 528 527
f 612 527 532
f 611 610 364
f 611 364 363
f 610 347 346
f 610 346 364
f 610 608 607
f 610 607 347
f 607 360 348
f 607 348 347
f 607 605 361
f 607 361 360
f 545 357 356
f 545 356 361
f 540 421 455
f 540 455 454
f 533 511 508
f 533 508 419
f 529 514 512
f 529 512 511
f 528 371 370
f 528 370 524
f 525 370 369
f 525 369 613
f 525 613 377
f 525 377 379
f 613 369 372
f 613 372 614
f 613 614 382
f 613 382 377
f 614 372 615
f 614 615 616
f 614 616 617
f 614 617 382
f 508 505 423
f 508 423 419
f 505 503 470
f 505 470 423
f 502 501 475
f 502 475 478
f 493 434 433
f 493 433 490
f 491 438 437
f 491 437 453
f 490 433 415
f 490 415 438
f 481 480 460
f 481 460 459
f 480 479 472
f 480 472 465
f 480 465 462
f 480 462 460
f 479 478 475
f 479 475 472
f 507 510 474
f 507 474 473
f 468 467 420
f 468 420 424
f 467 455 421
f 467 421 420
f 462 444 443
f 462 443 449
f 462 449 457
f 462 457 460
f 458 457 449
f 458 449 448
f 454 456 404
f 454 404 409
f 456 436 405
f 456 405 404
f 456 453 437
f 456 437 436
f 443 401 399
f 443 399 416
f 433 432 411
f 433 411 415
f 432 431 412
f 432 412 411
f 417 400 391
f 417 391 394
f 396 381 380
f 396 380 618
f 396 618 390
f 396 390 389
f 618 380 382
f 618 382 617
f 618 617 591
f 618 591 390
f 372 366 362
f 372 362 615
f 368 371 367
f 368 367 366
f 365 364 346
f 365 346 351
f 360 359 349
f 360 349 348
f 588 591 617
f 588 617 616
f 600 589 588
f 600 588 616
f 615 362 600
f 615 600 616
f 452 451 466
f 452 466 469
f 495 498 452
f 495 452 469
f 619 620 621
f 619 621 622
f 619 622 623
f 619 623 624
f 619 624 625
f 619 625 620
f 626 627 628
f 626 628 629
f 626 630 621
f 626 621 627
f 626 629 631
f 626 631 630
f 632 629 628
f 632 628 633
f 632 633 634
f 632 634 635
f 632 635 631
f 632 631 629
f 636 637 638
f 636 638 639
f 636 640 641
f 636 641 637
f 636 639 642
f 636 642 640
f 643 644 625
f 643 625 645
f 643 646 647
f 643 647 644
f 643 645 648
f 643 648 646
f 638 637 631
f 638 631 635
f 649 650 647
f 649 647 651
f 633 628 650
f 633 650 649
f 649 651 652
f 649 652 633
f 645 625 624
f 645 624 653
f 645 653 654
f 645 654 655
f 645 655 656
f 645 656 648
f 654 653 657
f 654 657 658
f 654 658 659
f 654 659 655
f 659 660 656
f 659 656 655
f 659 658 661
f 659 661 660
f 661 662 663
f 661 663 664
f 661 664 665
f 661 665 660
f 666 667 668
f 666 668 669
f 666 670 671
f 666 671 667
f 666 669 672
f 666 672 670
f 673 674 675
f 673 675 676
f 677 678 674
f 677 674 673
f 673 676 679
f 673 679 677
f 668 667 680
f 668 680 681
f 668 682 683
f 668 683 684
f 668 681 685
f 668 685 682
f 668 684 686
f 668 686 669
f 675 674 687
f 675 687 688
f 675 688 689
f 675 689 676
f 690 689 691
f 690 691 692
f 690 693 676
f 690 676 689
f 690 694 695
f 690 695 693
f 690 696 697
f 690 697 694
f 690 692 698
f 690 698 696
f 678 677 699
f 678 699 700
f 678 700 687
f 678 687 674
f 701 691 702
f 701 702 703
f 701 704 692
f 701 692 691
f 701 703 705
f 701 705 704
f 706 707 708
f 706 708 709
f 706 710 711
f 706 711 707
f 706 709 712
f 706 712 710
f 713 714 711
f 713 711 710
f 713 715 716
f 713 716 714
f 713 710 712
f 713 712 715
f 717 718 712
f 717 712 709
f 717 719 720
f 717 720 718
f 720 719 721
f 720 721 722
f 720 722 723
f 720 723 724
f 720 724 725
f 720 725 718
f 725 724 726
f 725 726 727
f 725 727 716
f 725 716 715
f 725 715 712
f 725 712 718
f 727 726 728
f 727 728 729
f 727 729 730
f 727 730 716
f 730 729 731
f 730 731 732
f 730 732 733
f 730 733 734
f 730 734 714
f 730 714 716
f 734 733 735
f 734 735 736
f 734 736 711
f 734 711 714
f 736 735 737
f 736 737 738
f 736 738 707
f 736 707 711
f 738 737 739
f 738 739 740
f 738 740 708
f 738 708 707
f 740 739 741
f 740 741 721
f 740 721 719
f 740 719 708
f 741 739 684
f 741 684 683
f 741 683 742
f 741 742 743
f 741 743 722
f 741 722 721
f 743 742 698
f 743 698 744
f 743 744 723
f 743 723 722
f 744 698 692
f 744 692 704
f 744 704 705
f 744 705 723
f 742 683 682
f 742 682 745
f 742 745 696
f 742 696 698
f 745 682 685
f 745 685 746
f 745 746 697
f 745 697 696
f 746 685 747
f 746 747 748
f 746 748 749
f 746 749 697
f 749 748 750
f 749 750 751
f 749 751 752
f 749 752 753
f 749 753 694
f 749 694 697
f 753 752 754
f 753 754 755
f 753 755 695
f 753 695 694
f 755 754 756
f 755 756 757
f 755 757 758
f 755 758 695
f 758 757 759
f 758 759 760
f 758 760 761
f 758 761 762
f 758 762 693
f 758 693 695
f 762 761 763
f 762 763 679
f 762 679 676
f 762 676 693
f 763 761 671
f 763 671 670
f 763 670 672
f 763 672 764
f 763 764 677
f 763 677 679
f 764 672 765
f 764 765 766
f 764 766 699
f 764 699 677
f 766 765 735
f 766 735 733
f 766 733 732
f 766 732 699
f 765 672 669
f 765 669 686
f 765 686 737
f 765 737 735
f 761 760 767
f 761 767 671
f 767 760 759
f 767 759 768
f 767 768 769
f 767 769 680
f 767 680 667
f 767 667 671
f 769 768 770
f 769 770 771
f 769 771 772
f 769 772 773
f 769 773 681
f 769 681 680
f 773 772 774
f 773 774 747
f 773 747 685
f 773 685 681
f 774 772 775
f 774 775 776
f 774 776 777
f 774 777 750
f 774 750 748
f 774 748 747
f 777 776 778
f 777 778 779
f 777 779 780
f 777 780 781
f 777 781 751
f 777 751 750
f 781 780 782
f 781 782 783
f 781 783 752
f 781 752 751
f 783 782 784
f 783 784 785
f 783 785 754
f 783 754 752
f 785 784 786
f 785 786 787
f 785 787 756
f 785 756 754
f 787 786 788
f 787 788 789
f 787 789 790
f 787 790 756
f 790 789 791
f 790 791 770
f 790 770 768
f 790 768 759
f 790 759 757
f 790 757 756
f 791 789 788
f 791 788 792
f 791 792 793
f 791 793 794
f 791 794 771
f 791 771 770
f 794 793 795
f 794 795 775
f 794 775 772
f 794 772 771
f 795 793 796
f 795 796 797
f 795 797 798
f 795 798 778
f 795 778 776
f 795 776 775
f 798 797 799
f 798 799 800
f 798 800 801
f 798 801 802
f 798 802 779
f 798 779 778
f 802 801 803
f 802 803 804
f 802 804 780
f 802 780 779
f 804 803 805
f 804 805 806
f 804 806 782
f 804 782 780
f 806 805 807
f 806 807 808
f 806 808 784
f 806 784 782
f 808 807 809
f 808 809 810
f 808 810 786
f 808 786 784
f 810 809 811
f 810 811 812
f 810 812 788
f 810 788 786
f 812 811 813
f 812 813 814
f 812 814 792
f 812 792 788
f 814 813 815
f 814 815 796
f 814 796 793
f 814 793 792
f 815 813 816
f 815 816 817
f 815 817 818
f 815 818 799
f 815 799 797
f 815 797 796
f 818 817 819
f 818 819 820
f 818 820 821
f 818 821 822
f 818 822 800
f 818 800 799
f 822 821 823
f 822 823 824
f 822 824 801
f 822 801 800
f 824 823 825
f 824 825 826
f 824 826 803
f 824 803 801
f 826 825 827
f 826 827 828
f 826 828 805
f 826 805 803
f 828 827 829
f 828 829 830
f 828 830 807
f 828 807 805
f 830 829 831
f 830 831 832
f 830 832 809
f 830 809 807
f 832 831 833
f 832 833 834
f 832 834 811
f 832 811 809
f 834 833 835
f 834 835 816
f 834 816 813
f 834 813 811
f 835 833 836
f 835 836 837
f 835 837 838
f 835 838 819
f 835 819 817
f 835 817 816
f 838 837 839
f 838 839 840
f 838 840 841
f 838 841 842
f 838 842 820
f 838 820 819
f 842 841 843
f 842 843 844
f 842 844 821
f 842 821 820
f 844 843 845
f 844 845 846
f 844 846 823
f 844 823 821
f 846 845 847
f 846 847 848
f 846 848 825
f 846 825 823
f 848 847 849
f 848 849 850
f 848 850 827
f 848 827 825
f 850 849 851
f 850 851 852
f 850 852 829
f 850 829 827
f 852 851 853
f 852 853 854
f 852 854 831
f 852 831 829
f 854 853 855
f 854 855 836
f 854 836 833
f 854 833 831
f 855 853 652
f 855 652 651
f 855 651 856
f 855 856 839
f 855 839 837
f 855 837 836
f 856 651 647
f 856 647 646
f 856 646 648
f 856 648 857
f 856 857 840
f 856 840 839
f 857 648 656
f 857 656 858
f 857 858 841
f 857 841 840
f 858 656 660
f 858 660 665
f 858 665 843
f 858 843 841
f 853 851 859
f 853 859 652
f 859 860 861
f 859 861 634
f 859 634 633
f 859 633 652
f 859 851 849
f 859 849 860
f 860 663 662
f 860 662 861
f 860 849 847
f 860 847 663
f 847 845 664
f 847 664 663
f 845 843 665
f 845 665 664
f 739 737 686
f 739 686 684
f 732 731 700
f 732 700 699
f 731 862 687
f 731 687 700
f 731 729 728
f 731 728 862
f 862 702 688
f 862 688 687
f 862 728 703
f 862 703 702
f 728 726 705
f 728 705 703
f 726 724 723
f 726 723 705
f 719 717 709
f 719 709 708
f 702 691 689
f 702 689 688
f 661 658 657
f 661 657 642
f 661 642 639
f 661 639 662
f 657 653 624
f 657 624 623
f 657 623 640
f 657 640 642
f 650 628 627
f 650 627 863
f 650 863 644
f 650 644 647
f 863 627 621
f 863 621 620
f 863 620 625
f 863 625 644
f 861 662 639
f 861 639 638
f 861 638 635
f 861 635 634
f 641 622 621
f 641 621 630
f 641 630 631
f 641 631 637
f 641 640 623
f 641 623 622
f 864 865 866
f 864 866 867
f 864 868 869
f 864 869 865
f 864 867 870
f 864 870 868
f 871 872 873
f 871 873 874
f 871 875 876
f 871 876 872
f 877 878 870
f 877 870 879
f 877 880 881
f 877 881 882
f 877 882 883
f 877 883 878
f 884 885 886
f 884 886 887
f 880 877 888
f 880 888 889
f 880 889 890
f 880 890 881
f 891 892 893
f 891 893 894
f 891 888 895
f 891 895 892
f 889 888 891
f 889 891 894
f 896 897 898
f 896 898 899
f 900 901 897
f 900 897 896
f 902 903 904
f 902 904 905
f 906 907 908
f 906 908 909
f 906 910 911
f 906 911 907
f 906 909 912
f 906 912 910
f 913 893 905
f 913 905 904
f 913 914 909
f 913 909 908
f 913 908 894
f 913 894 893
f 915 916 898
f 915 898 917
f 915 912 918
f 915 918 916
f 915 917 910
f 915 910 912
f 919 920 921
f 919 921 922
f 923 924 920
f 923 920 919
f 919 922 925
f 919 925 923
f 926 927 928
f 926 928 929
f 926 929 930
f 926 930 931
f 926 931 932
f 926 932 927
f 933 934 935
f 933 935 936
f 933 936 937
f 933 937 938
f 933 938 939
f 933 939 934
f 940 941 942
f 940 942 943
f 940 943 944
f 940 944 945
f 940 945 946
f 940 946 941
f 947 948 949
f 947 949 950
f 947 950 944
f 947 944 951
f 947 951 939
f 947 939 948
f 931 952 953
f 931 953 932
f 931 930 954
f 931 954 955
f 931 955 956
f 931 956 952
f 957 948 939
f 957 939 938
f 957 938 937
f 957 937 956
f 957 956 955
f 957 955 958
f 957 959 949
f 957 949 948
f 957 958 960
f 957 960 959
f 961 962 963
f 961 963 964
f 961 930 929
f 961 929 962
f 960 965 966
f 960 966 959
f 960 958 967
f 960 967 965
f 961 964 968
f 961 968 969
f 961 969 954
f 961 954 930
f 967 958 955
f 967 955 954
f 967 954 969
f 967 969 965
f 969 968 966
f 969 966 965
f 968 970 971
f 968 971 966
f 968 964 972
f 968 972 970
f 972 973 974
f 972 974 970
f 972 964 963
f 972 963 975
f 972 975 976
f 972 976 973
f 976 977 978
f 976 978 973
f 976 975 979
f 976 979 980
f 976 980 981
f 976 981 977
f 981 982 983
f 981 983 977
f 981 980 984
f 981 984 985
f 981 985 986
f 981 986 982
f 986 987 988
f 986 988 982
f 986 985 989
f 986 989 990
f 986 990 991
f 986 991 987
f 991 992 993
f 991 993 987
f 991 990 994
f 991 994 995
f 991 995 996
f 991 996 992
f 996 997 998
f 996 998 992
f 996 995 999
f 996 999 1000
f 996 1000 1001
f 996 1001 997
f 1001 1002 1003
f 1001 1003 997
f 1001 1000 1004
f 1001 1004 1005
f 1001 1005 1006
f 1001 1006 1002
f 1006 1007 1008
f 1006 1008 1002
f 1006 1005 1009
f 1006 1009 1010
f 1006 1010 1011
f 1006 1011 1007
f 1011 1012 1013
f 1011 1013 1007
f 1011 1010 1014
f 1011 1014 1015
f 1011 1015 1016
f 1011 1016 1012
f 1016 1017 1018
f 1016 1018 1012
f 1016 1015 1019
f 1016 1019 1020
f 1016 1020 1021
f 1016 1021 1017
f 1021 1022 1023
f 1021 1023 1017
f 1021 1020 1024
f 1021 1024 1025
f 1021 1025 1026
f 1021 1026 1022
f 1026 1027 1028
f 1026 1028 1022
f 1026 1025 899
f 1026 899 1029
f 1026 1029 1030
f 1026 1030 1027
f 1030 1031 1032
f 1030 1032 1027
f 1030 1029 916
f 1030 916 918
f 1030 918 914
f 1030 914 1031
f 1032 922 1033
f 1032 1033 1034
f 1032 1034 1028
f 1032 1028 1027
f 1032 1031 925
f 1032 925 922
f 1034 1033 1035
f 1034 1035 1036
f 1034 1036 1037
f 1034 1037 1028
f 1037 1036 1038
f 1037 1038 1039
f 1037 1039 1040
f 1037 1040 1023
f 1037 1023 1022
f 1037 1022 1028
f 1040 1039 1041
f 1040 1041 1042
f 1040 1042 1043
f 1040 1043 1018
f 1040 1018 1017
f 1040 1017 1023
f 1043 1042 1044
f 1043 1044 1045
f 1043 1045 1046
f 1043 1046 1013
f 1043 1013 1012
f 1043 1012 1018
f 1046 1045 1047
f 1046 1047 1048
f 1046 1048 1049
f 1046 1049 1008
f 1046 1008 1007
f 1046 1007 1013
f 1049 1048 1050
f 1049 1050 1051
f 1049 1051 1052
f 1049 1052 1003
f 1049 1003 1002
f 1049 1002 1008
f 1052 1051 1053
f 1052 1053 1054
f 1052 1054 1055
f 1052 1055 998
f 1052 998 997
f 1052 997 1003
f 1055 1054 1056
f 1055 1056 1057
f 1055 1057 1058
f 1055 1058 993
f 1055 993 992
f 1055 992 998
f 1058 1057 1059
f 1058 1059 1060
f 1058 1060 1061
f 1058 1061 988
f 1058 988 987
f 1058 987 993
f 1061 1060 1062
f 1061 1062 1063
f 1061 1063 1064
f 1061 1064 983
f 1061 983 982
f 1061 982 988
f 1064 1063 942
f 1064 942 941
f 1064 941 946
f 1064 946 978
f 1064 978 977
f 1064 977 983
f 1063 1062 1065
f 1063 1065 942
f 1065 935 934
f 1065 934 1066
f 1065 1066 943
f 1065 943 942
f 1065 1062 1067
f 1065 1067 935
f 1067 1068 936
f 1067 936 935
f 1067 1062 1060
f 1067 1060 1059
f 1067 1059 1069
f 1067 1069 1068
f 1069 1070 1071
f 1069 1071 1068
f 1069 1059 1057
f 1069 1057 1056
f 1069 1056 1072
f 1069 1072 1070
f 1072 1073 953
f 1072 953 1070
f 1072 1056 1054
f 1072 1054 1053
f 1072 1053 1074
f 1072 1074 1073
f 1074 1075 1076
f 1074 1076 1073
f 1074 1053 1051
f 1074 1051 1050
f 1074 1050 1077
f 1074 1077 1075
f 1077 1078 1079
f 1077 1079 1075
f 1077 1050 1048
f 1077 1048 1047
f 1077 1047 1080
f 1077 1080 1078
f 1080 1081 1082
f 1080 1082 1078
f 1080 1047 1045
f 1080 1045 1044
f 1080 1044 1083
f 1080 1083 1081
f 1083 1084 1085
f 1083 1085 1081
f 1083 1044 1042
f 1083 1042 1041
f 1083 1041 1086
f 1083 1086 1084
f 1086 1087 1088
f 1086 1088 1084
f 1086 1041 1039
f 1086 1039 1038
f 1086 1038 1089
f 1086 1089 1087
f 1089 1090 1091
f 1089 1091 1087
f 1089 1038 1036
f 1089 1036 1035
f 1089 1035 1092
f 1089 1092 1090
f 1092 1093 1094
f 1092 1094 1090
f 1092 1035 1033
f 1092 1033 1095
f 1092 1095 1096
f 1092 1096 1093
f 1096 1097 1098
f 1096 1098 1093
f 1096 1095 921
f 1096 921 1099
f 1096 1099 1100
f 1096 1100 1097
f 1100 1101 1102
f 1100 1102 1097
f 1100 1099 1103
f 1100 1103 1104
f 1100 1104 1105
f 1100 1105 1101
f 1105 1106 1107
f 1105 1107 1101
f 1105 1104 1108
f 1105 1108 1109
f 1105 1109 1110
f 1105 1110 1106
f 1110 1111 1112
f 1110 1112 1106
f 1110 1109 1113
f 1110 1113 1114
f 1110 1114 1115
f 1110 1115 1111
f 1115 1116 1117
f 1115 1117 1111
f 1115 1114 866
f 1115 866 865
f 1115 865 869
f 1115 869 1116
f 1117 1118 1119
f 1117 1119 1120
f 1117 1120 1112
f 1117 1112 1111
f 1117 1116 876
f 1117 876 1118
f 1120 1119 1121
f 1120 1121 1122
f 1120 1122 1123
f 1120 1123 1112
f 1123 1122 1124
f 1123 1124 1125
f 1123 1125 1126
f 1123 1126 1107
f 1123 1107 1106
f 1123 1106 1112
f 1126 1125 1127
f 1126 1127 1128
f 1126 1128 1129
f 1126 1129 1102
f 1126 1102 1101
f 1126 1101 1107
f 1129 1128 1130
f 1129 1130 1131
f 1129 1131 1132
f 1129 1132 1098
f 1129 1098 1097
f 1129 1097 1102
f 1132 1131 1133
f 1132 1133 1134
f 1132 1134 1135
f 1132 1135 1094
f 1132 1094 1093
f 1132 1093 1098
f 1135 1134 1136
f 1135 1136 1137
f 1135 1137 1138
f 1135 1138 1091
f 1135 1091 1090
f 1135 1090 1094
f 1138 1137 1139
f 1138 1139 1140
f 1138 1140 1141
f 1138 1141 1088
f 1138 1088 1087
f 1138 1087 1091
f 1141 1140 1142
f 1141 1142 1143
f 1141 1143 1144
f 1141 1144 1085
f 1141 1085 1084
f 1141 1084 1088
f 1144 1143 1145
f 1144 1145 1146
f 1144 1146 1147
f 1144 1147 1082
f 1144 1082 1081
f 1144 1081 1085
f 1147 1146 1148
f 1147 1148 1149
f 1147 1149 1150
f 1147 1150 1079
f 1147 1079 1078
f 1147 1078 1082
f 1150 1149 928
f 1150 928 927
f 1150 927 932
f 1150 932 1076
f 1150 1076 1075
f 1150 1075 1079
f 1149 1148 1151
f 1149 1151 928
f 1151 1152 963
f 1151 963 962
f 1151 962 929
f 1151 929 928
f 1151 1148 1153
f 1151 1153 1152
f 1153 1154 979
f 1153 979 1152
f 1153 1148 1146
f 1153 1146 1145
f 1153 1145 1155
f 1153 1155 1154
f 1155 1156 984
f 1155 984 1154
f 1155 1145 1143
f 1155 1143 1142
f 1155 1142 1157
f 1155 1157 1156
f 1157 1158 989
f 1157 989 1156
f 1157 1142 1140
f 1157 1140 1139
f 1157 1139 1159
f 1157 1159 1158
f 1159 1160 994
f 1159 994 1158
f 1159 1139 1137
f 1159 1137 1136
f 1159 1136 1161
f 1159 1161 1160
f 1161 1162 999
f 1161 999 1160
f 1161 1136 1134
f 1161 1134 1133
f 1161 1133 1163
f 1161 1163 1162
f 1163 1164 1004
f 1163 1004 1162
f 1163 1133 1131
f 1163 1131 1130
f 1163 1130 1165
f 1163 1165 1164
f 1165 1166 1009
f 1165 1009 1164
f 1165 1130 1128
f 1165 1128 1127
f 1165 1127 1167
f 1165 1167 1166
f 1167 1168 1014
f 1167 1014 1166
f 1167 1127 1125
f 1167 1125 1124
f 1167 1124 1169
f 1167 1169 1168
f 1169 1170 1019
f 1169 1019 1168
f 1169 1124 1122
f 1169 1122 1121
f 1169 1121 1171
f 1169 1171 1170
f 1171 896 1024
f 1171 1024 1170
f 1171 1121 1119
f 1171 1119 1172
f 1171 1172 900
f 1171 900 896
f 1172 1119 1118
f 1172 1118 1173
f 1172 1173 1174
f 1172 1174 900
f 1174 886 901
f 1174 901 900
f 1174 1173 875
f 1174 875 1175
f 1174 1175 887
f 1174 887 886
f 1175 875 871
f 1175 871 874
f 1175 874 883
f 1175 883 887
f 1173 1118 876
f 1173 876 875
f 1170 1024 1020
f 1170 1020 1019
f 1168 1019 1015
f 1168 1015 1014
f 1166 1014 1010
f 1166 1010 1009
f 1164 1009 1005
f 1164 1005 1004
f 1162 1004 1000
f 1162 1000 999
f 1160 999 995
f 1160 995 994
f 1158 994 990
f 1158 990 989
f 1156 989 985
f 1156 985 984
f 1154 984 980
f 1154 980 979
f 1152 979 975
f 1152 975 963
f 1116 869 872
f 1116 872 876
f 1114 1113 1176
f 1114 1176 866
f 1176 1113 1177
f 1176 1177 1178
f 1176 1178 1179
f 1176 1179 1180
f 1176 1180 867
f 1176 867 866
f 1180 1179 895
f 1180 895 879
f 1180 879 870
f 1180 870 867
f 1179 1178 1181
f 1179 1181 1182
f 1179 1182 892
f 1179 892 895
f 1182 1181 902
f 1182 902 905
f 1182 905 893
f 1182 893 892
f 1181 1178 1177
f 1181 1177 1183
f 1181 1183 903
f 1181 903 902
f 1183 1177 1108
f 1183 1108 1184
f 1183 1184 924
f 1183 924 903
f 1184 1108 1104
f 1184 1104 1103
f 1184 1103 920
f 1184 920 924
f 1177 1113 1109
f 1177 1109 1108
f 1103 1099 921
f 1103 921 920
f 1095 1033 922
f 1095 922 921
f 1076 932 953
f 1076 953 1073
f 1071 952 956
f 1071 956 937
f 1071 937 936
f 1071 936 1068
f 1071 1070 953
f 1071 953 952
f 1066 934 939
f 1066 939 951
f 1066 951 944
f 1066 944 943
f 1031 914 913
f 1031 913 925
f 1029 899 898
f 1029 898 916
f 1025 1024 896
f 1025 896 899
f 978 946 974
f 978 974 973
f 974 946 945
f 974 945 1185
f 974 1185 971
f 974 971 970
f 1185 945 944
f 1185 944 950
f 1185 950 949
f 1185 949 971
f 971 949 959
f 971 959 966
f 924 923 904
f 924 904 903
f 918 912 909
f 918 909 914
f 917 898 897
f 917 897 1186
f 917 1186 911
f 917 911 910
f 1186 897 901
f 1186 901 1187
f 1186 1187 890
f 1186 890 911
f 1187 901 886
f 1187 886 885
f 1187 885 881
f 1187 881 890
f 923 925 913
f 923 913 904
f 911 890 889
f 911 889 907
f 908 907 889
f 908 889 894
f 895 888 877
f 895 877 879
f 887 883 882
f 887 882 884
f 885 884 882
f 885 882 881
f 883 874 873
f 883 873 878
f 878 873 868
f 878 868 870
f 873 872 869
f 873 869 868
f 1188 1189 1190
f 1188 1190 1191
f 1188 1192 1193
f 1188 1193 1189
f 1188 1191 1194
f 1188 1194 1192
f 1195 1196 1197
f 1195 1197 1194
f 1195 1194 1191
f 1195 1191 1198
f 1195 1198 1199
f 1195 1199 1196
f 1191 1190 1200
f 1191 1200 1201
f 1191 1201 1202
f 1191 1202 1198
f 1203 1196 1199
f 1203 1199 1204
f 1203 1205 1197
f 1203 1197 1196
f 1203 1204 1206
f 1203 1206 1205
f 1189 1193 1207
f 1189 1207 1190
f 1208 1209 1210
f 1208 1210 1211
f 1212 1213 1214
f 1212 1214 1215
f 1212 1216 1217
f 1212 1217 1213
f 1212 1218 1219
f 1212 1219 1216
f 1212 1220 1221
f 1212 1221 1218
f 1218 1221 1222
f 1218 1222 1219
f 1220 1223 1224
f 1220 1224 1225
f 1220 1225 1222
f 1220 1222 1221
f 1220 1226 1227
f 1220 1227 1223
f 1220 1212 1215
f 1220 1215 1226
f 1228 1229 1230
f 1228 1230 1231
f 1228 1232 1233
f 1228 1233 1229
f 1228 1234 1235
f 1228 1235 1232
f 1236 1237 1238
f 1236 1238 1239
f 1236 1240 1241
f 1236 1241 1237
f 1237 1241 1242
f 1237 1242 1243
f 1237 1243 1244
f 1237 1244 1245
f 1237 1245 1246
f 1237 1246 1238
f 1238 1246 1247
f 1238 1247 1239
f 1246 1248 1249
f 1246 1249 1250
f 1246 1250 1251
f 1246 1251 1247
f 1250 1249 1252
f 1250 1252 1251
f 1253 1254 1255
f 1253 1255 1256
f 1257 1258 1252
f 1257 1252 1259
f 1257 1259 1260
f 1257 1260 1261
f 1257 1261 1262
f 1257 1262 1258
f 1254 1253 1263
f 1254 1263 1264
f 1254 1265 1266
f 1254 1266 1255
f 1254 1267 1268
f 1254 1268 1265
f 1254 1264 1262
f 1254 1262 1267
f 1269 1270 1271
f 1269 1271 1272
f 1269 1273 1274
f 1269 1274 1270
f 1269 1272 1275
f 1269 1275 1273
f 1261 1260 1267
f 1261 1267 1262
f 1265 1268 1271
f 1265 1271 1266
f 1276 1277 1245
f 1276 1245 1244
f 1276 1244 1278
f 1276 1278 1279
f 1276 1279 1280
f 1276 1280 1277
f 1268 1267 1260
f 1268 1260 1281
f 1282 1275 1272
f 1282 1272 1283
f 1282 1284 1285
f 1282 1285 1275
f 1282 1283 1286
f 1282 1286 1284
f 1286 1281 1287
f 1286 1287 1288
f 1286 1288 1280
f 1286 1280 1284
f 1286 1283 1268
f 1286 1268 1281
f 1288 1287 1249
f 1288 1249 1248
f 1288 1248 1277
f 1288 1277 1280
f 1287 1259 1252
f 1287 1252 1249
f 1287 1281 1260
f 1287 1260 1259
f 1285 1284 1280
f 1285 1280 1279
f 1285 1279 1278
f 1285 1278 1289
f 1285 1289 1273
f 1285 1273 1275
f 1289 1278 1290
f 1289 1290 1291
f 1289 1291 1274
f 1289 1274 1273
f 1291 1290 1292
f 1291 1292 1293
f 1291 1293 1294
f 1291 1294 1274
f 1294 1293 1233
f 1294 1233 1232
f 1294 1232 1235
f 1294 1235 1295
f 1294 1295 1270
f 1294 1270 1274
f 1295 1235 1255
f 1295 1255 1266
f 1295 1266 1271
f 1295 1271 1270
f 1293 1292 1296
f 1293 1296 1233
f 1296 1292 1242
f 1296 1242 1297
f 1296 1297 1298
f 1296 1298 1299
f 1296 1299 1229
f 1296 1229 1233
f 1299 1298 1300
f 1299 1300 1301
f 1299 1301 1230
f 1299 1230 1229
f 1301 1300 1302
f 1301 1302 1303
f 1301 1303 1304
f 1301 1304 1230
f 1304 1303 1305
f 1304 1305 1306
f 1304 1306 1307
f 1304 1307 1308
f 1304 1308 1231
f 1304 1231 1230
f 1308 1307 1309
f 1308 1309 1310
f 1308 1310 1311
f 1308 1311 1231
f 1311 1312 1228
f 1311 1228 1231
f 1311 1310 1313
f 1311 1313 1314
f 1311 1314 1315
f 1311 1315 1312
f 1315 1316 1317
f 1315 1317 1312
f 1315 1314 1318
f 1315 1318 1319
f 1315 1319 1320
f 1315 1320 1316
f 1320 1240 1321
f 1320 1321 1316
f 1320 1319 1322
f 1320 1322 1323
f 1320 1323 1241
f 1320 1241 1240
f 1323 1322 1298
f 1323 1298 1297
f 1323 1297 1242
f 1323 1242 1241
f 1322 1319 1318
f 1322 1318 1324
f 1322 1324 1300
f 1322 1300 1298
f 1324 1318 1325
f 1324 1325 1326
f 1324 1326 1302
f 1324 1302 1300
f 1326 1325 1327
f 1326 1327 1328
f 1326 1328 1329
f 1326 1329 1302
f 1329 1328 1330
f 1329 1330 1331
f 1329 1331 1332
f 1329 1332 1305
f 1329 1305 1303
f 1329 1303 1302
f 1332 1331 1333
f 1332 1333 1334
f 1332 1334 1335
f 1332 1335 1336
f 1332 1336 1306
f 1332 1306 1305
f 1336 1335 1337
f 1336 1337 1338
f 1336 1338 1307
f 1336 1307 1306
f 1338 1337 1339
f 1338 1339 1340
f 1338 1340 1309
f 1338 1309 1307
f 1340 1339 1341
f 1340 1341 1342
f 1340 1342 1343
f 1340 1343 1309
f 1343 1313 1310
f 1343 1310 1309
f 1343 1342 1344
f 1343 1344 1327
f 1343 1327 1325
f 1343 1325 1313
f 1344 1342 1341
f 1344 1341 1345
f 1344 1345 1346
f 1344 1346 1330
f 1344 1330 1328
f 1344 1328 1327
f 1346 1345 1347
f 1346 1347 1348
f 1346 1348 1349
f 1346 1349 1333
f 1346 1333 1331
f 1346 1331 1330
f 1349 1348 1350
f 1349 1350 1351
f 1349 1351 1352
f 1349 1352 1353
f 1349 1353 1334
f 1349 1334 1333
f 1353 1352 1354
f 1353 1354 1355
f 1353 1355 1335
f 1353 1335 1334
f 1355 1354 1356
f 1355 1356 1357
f 1355 1357 1337
f 1355 1337 1335
f 1357 1356 1358
f 1357 1358 1359
f 1357 1359 1339
f 1357 1339 1337
f 1359 1358 1360
f 1359 1360 1361
f 1359 1361 1341
f 1359 1341 1339
f 1361 1360 1362
f 1361 1362 1347
f 1361 1347 1345
f 1361 1345 1341
f 1362 1360 1363
f 1362 1363 1364
f 1362 1364 1365
f 1362 1365 1350
f 1362 1350 1348
f 1362 1348 1347
f 1365 1364 1366
f 1365 1366 1367
f 1365 1367 1368
f 1365 1368 1369
f 1365 1369 1351
f 1365 1351 1350
f 1369 1368 1370
f 1369 1370 1371
f 1369 1371 1352
f 1369 1352 1351
f 1371 1370 1372
f 1371 1372 1373
f 1371 1373 1354
f 1371 1354 1352
f 1373 1372 1374
f 1373 1374 1375
f 1373 1375 1356
f 1373 1356 1354
f 1375 1374 1376
f 1375 1376 1377
f 1375 1377 1358
f 1375 1358 1356
f 1377 1376 1378
f 1377 1378 1363
f 1377 1363 1360
f 1377 1360 1358
f 1378 1376 1215
f 1378 1215 1214
f 1378 1214 1379
f 1378 1379 1366
f 1378 1366 1364
f 1378 1364 1363
f 1379 1214 1213
f 1379 1213 1380
f 1379 1380 1381
f 1379 1381 1382
f 1379 1382 1367
f 1379 1367 1366
f 1382 1381 1383
f 1382 1383 1384
f 1382 1384 1368
f 1382 1368 1367
f 1384 1383 1385
f 1384 1385 1386
f 1384 1386 1370
f 1384 1370 1368
f 1386 1385 1223
f 1386 1223 1227
f 1386 1227 1372
f 1386 1372 1370
f 1385 1383 1201
f 1385 1201 1200
f 1385 1200 1224
f 1385 1224 1223
f 1383 1381 1202
f 1383 1202 1201
f 1381 1380 1387
f 1381 1387 1202
f 1387 1380 1213
f 1387 1213 1217
f 1387 1217 1204
f 1387 1204 1199
f 1387 1199 1198
f 1387 1198 1202
f 1376 1374 1226
f 1376 1226 1215
f 1374 1372 1227
f 1374 1227 1226
f 1325 1318 1314
f 1325 1314 1313
f 1317 1388 1256
f 1317 1256 1234
f 1317 1234 1228
f 1317 1228 1312
f 1317 1316 1321
f 1317 1321 1388
f 1388 1263 1253
f 1388 1253 1256
f 1388 1321 1389
f 1388 1389 1263
f 1292 1290 1243
f 1292 1243 1242
f 1290 1278 1244
f 1290 1244 1243
f 1283 1272 1271
f 1283 1271 1268
f 1277 1248 1246
f 1277 1246 1245
f 1264 1263 1389
f 1264 1389 1390
f 1264 1390 1258
f 1264 1258 1262
f 1390 1389 1247
f 1390 1247 1251
f 1390 1251 1252
f 1390 1252 1258
f 1256 1255 1235
f 1256 1235 1234
f 1389 1321 1240
f 1389 1240 1236
f 1239 1247 1389
f 1239 1389 1236
f 1225 1224 1207
f 1225 1207 1210
f 1225 1210 1209
f 1225 1209 1222
f 1224 1200 1190
f 1224 1190 1207
f 1222 1209 1391
f 1222 1391 1219
f 1391 1209 1208
f 1391 1208 1392
f 1391 1392 1205
f 1391 1205 1206
f 1391 1206 1216
f 1391 1216 1219
f 1392 1208 1211
f 1392 1211 1393
f 1392 1393 1197
f 1392 1197 1205
f 1393 1211 1193
f 1393 1193 1192
f 1393 1192 1194
f 1393 1194 1197
f 1217 1216 1206
f 1217 1206 1204
f 1211 1210 1207
f 1211 1207 1193
f 1394 1395 1396
f 1394 1396 1397
f 1394 1397 1398
f 1394 1398 1399
f 1400 1401 1402
f 1400 1402 1403
f 1400 1404 1405
f 1400 1405 1401
f 1400 1403 1406
f 1400 1406 1404
f 1404 1407 1408
f 1404 1408 1405
f 1407 1409 1410
f 1407 1410 1408
f 1407 1404 1411
f 1407 1411 1409
f 1410 1409 1412
f 1410 1412 1413
f 1410 1413 1414
f 1410 1414 1408
f 1415 1416 1417
f 1415 1417 1418
f 1415 1419 1420
f 1415 1420 1416
f 1412 1421 1422
f 1412 1422 1423
f 1412 1423 1424
f 1412 1424 1413
f 1425 1426 1427
f 1425 1427 1428
f 1425 1406 1429
f 1425 1429 1426
f 1425 1411 1404
f 1425 1404 1406
f 1425 1428 1430
f 1425 1430 1431
f 1432 1424 1423
f 1432 1423 1433
f 1428 1434 1435
f 1428 1435 1430
f 1436 1437 1438
f 1436 1438 1427
f 1439 1440 1441
f 1439 1441 1442
f 1439 1442 1443
f 1439 1443 1434
f 1439 1434 1428
f 1439 1428 1440
f 1444 1445 1446
f 1444 1446 1447
f 1448 1449 1445
f 1448 1445 1444
f 1444 1447 1450
f 1444 1450 1448
f 1451 1452 1453
f 1451 1453 1454
f 1455 1456 1452
f 1455 1452 1451
f 1451 1454 1457
f 1451 1457 1455
f 1458 1459 1460
f 1458 1460 1461
f 1448 1450 1462
f 1448 1462 1463
f 1448 1463 1464
f 1448 1464 1449
f 1455 1457 1465
f 1455 1465 1466
f 1467 1435 1434
f 1467 1434 1443
f 1467 1443 1468
f 1467 1468 1461
f 1467 1461 1460
f 1467 1460 1435
f 1469 1470 1471
f 1469 1471 1472
f 1443 1442 1473
f 1443 1473 1474
f 1443 1474 1475
f 1443 1475 1468
f 1476 1446 1445
f 1476 1445 1477
f 1476 1478 1479
f 1476 1479 1446
f 1476 1477 1480
f 1476 1480 1478
f 1481 1482 1452
f 1481 1452 1456
f 1481 1483 1484
f 1481 1484 1482
f 1481 1456 1485
f 1481 1485 1483
f 1486 1487 1488
f 1486 1488 1489
f 1465 1490 1487
f 1465 1487 1486
f 1486 1489 1466
f 1486 1466 1465
f 1491 1492 1493
f 1491 1493 1494
f 1491 1494 1474
f 1491 1474 1473
f 1491 1473 1495
f 1491 1495 1492
f 1488 1487 1496
f 1488 1496 1475
f 1497 1498 1499
f 1497 1499 1500
f 1497 1501 1494
f 1497 1494 1498
f 1497 1500 1489
f 1497 1489 1501
f 1500 1499 1483
f 1500 1483 1485
f 1500 1485 1466
f 1500 1466 1489
f 1499 1502 1484
f 1499 1484 1483
f 1499 1498 1503
f 1499 1503 1502
f 1503 1504 1505
f 1503 1505 1502
f 1503 1498 1494
f 1503 1494 1493
f 1503 1493 1506
f 1503 1506 1504
f 1506 1507 1508
f 1506 1508 1504
f 1506 1493 1492
f 1506 1492 1509
f 1506 1509 1471
f 1506 1471 1507
f 1509 1492 1495
f 1509 1495 1510
f 1509 1510 1472
f 1509 1472 1471
f 1510 1495 1441
f 1510 1441 1511
f 1510 1511 1512
f 1510 1512 1472
f 1511 1441 1440
f 1511 1440 1438
f 1511 1438 1437
f 1511 1437 1512
f 1508 1513 1514
f 1508 1514 1515
f 1508 1515 1505
f 1508 1505 1504
f 1508 1507 1516
f 1508 1516 1513
f 1516 1517 1480
f 1516 1480 1513
f 1516 1507 1471
f 1516 1471 1470
f 1516 1470 1518
f 1516 1518 1517
f 1518 1519 1520
f 1518 1520 1517
f 1518 1470 1469
f 1518 1469 1521
f 1518 1521 1522
f 1518 1522 1519
f 1520 1523 1479
f 1520 1479 1478
f 1520 1478 1480
f 1520 1480 1517
f 1520 1519 1524
f 1520 1524 1523
f 1523 1525 1526
f 1523 1526 1479
f 1523 1524 1527
f 1523 1527 1525
f 1526 1528 1529
f 1526 1529 1447
f 1526 1447 1446
f 1526 1446 1479
f 1526 1525 1530
f 1526 1530 1528
f 1530 1531 1532
f 1530 1532 1528
f 1530 1525 1527
f 1530 1527 1533
f 1530 1533 1399
f 1530 1399 1531
f 1533 1527 1534
f 1533 1534 1395
f 1533 1395 1394
f 1533 1394 1399
f 1532 1419 1415
f 1532 1415 1418
f 1532 1418 1529
f 1532 1529 1528
f 1532 1531 1535
f 1532 1535 1419
f 1535 1536 1420
f 1535 1420 1419
f 1535 1531 1399
f 1535 1399 1398
f 1535 1398 1537
f 1535 1537 1536
f 1537 1538 1539
f 1537 1539 1536
f 1537 1398 1397
f 1537 1397 1402
f 1537 1402 1401
f 1537 1401 1538
f 1539 1540 1541
f 1539 1541 1542
f 1539 1542 1420
f 1539 1420 1536
f 1539 1538 1543
f 1539 1543 1540
f 1543 1414 1544
f 1543 1544 1540
f 1543 1538 1401
f 1543 1401 1405
f 1543 1405 1408
f 1543 1408 1414
f 1544 1424 1432
f 1544 1432 1545
f 1544 1545 1541
f 1544 1541 1540
f 1544 1414 1413
f 1544 1413 1424
f 1545 1432 1433
f 1545 1433 1546
f 1545 1546 1547
f 1545 1547 1541
f 1547 1546 1548
f 1547 1548 1549
f 1547 1549 1550
f 1547 1550 1551
f 1547 1551 1542
f 1547 1542 1541
f 1551 1550 1417
f 1551 1417 1416
f 1551 1416 1420
f 1551 1420 1542
f 1550 1549 1454
f 1550 1454 1552
f 1550 1552 1553
f 1550 1553 1417
f 1553 1552 1462
f 1553 1462 1450
f 1553 1450 1447
f 1553 1447 1529
f 1553 1529 1418
f 1553 1418 1417
f 1552 1454 1453
f 1552 1453 1462
f 1549 1548 1457
f 1549 1457 1454
f 1548 1554 1465
f 1548 1465 1457
f 1548 1546 1433
f 1548 1433 1554
f 1554 1422 1490
f 1554 1490 1465
f 1554 1433 1423
f 1554 1423 1422
f 1519 1522 1555
f 1519 1555 1524
f 1515 1514 1449
f 1515 1449 1464
f 1515 1464 1556
f 1515 1556 1505
f 1556 1464 1463
f 1556 1463 1557
f 1556 1557 1482
f 1556 1482 1484
f 1556 1484 1502
f 1556 1502 1505
f 1557 1463 1462
f 1557 1462 1453
f 1557 1453 1452
f 1557 1452 1482
f 1514 1477 1445
f 1514 1445 1449
f 1514 1513 1480
f 1514 1480 1477
f 1501 1489 1488
f 1501 1488 1475
f 1501 1475 1474
f 1501 1474 1494
f 1495 1473 1442
f 1495 1442 1441
f 1490 1558 1496
f 1490 1496 1487
f 1490 1422 1421
f 1490 1421 1558
f 1485 1456 1455
f 1485 1455 1466
f 1558 1421 1459
f 1558 1459 1458
f 1472 1512 1521
f 1472 1521 1469
f 1496 1558 1458
f 1496 1458 1461
f 1496 1461 1468
f 1496 1468 1475
f 1460 1459 1559
f 1460 1559 1431
f 1460 1431 1430
f 1460 1430 1435
f 1559 1459 1421
f 1559 1421 1412
f 1559 1412 1409
f 1559 1409 1411
f 1559 1411 1425
f 1559 1425 1431
f 1440 1428 1427
f 1440 1427 1438
f 1437 1436 1560
f 1437 1560 1522
f 1437 1522 1521
f 1437 1521 1512
f 1436 1427 1426
f 1436 1426 1560
f 1534 1560 1426
f 1534 1426 1429
f 1534 1429 1396
f 1534 1396 1395
f 1429 1406 1403
f 1429 1403 1396
f 1555 1522 1560
f 1555 1560 1534
f 1555 1534 1527
f 1555 1527 1524
f 1403 1402 1397
f 1403 1397 1396
f 1561 1562 1563
f 1561 1563 1564
f 1561 1565 1566
f 1561 1566 1562
f 1566 1567 1568
f 1566 1568 1562
f 1569 1567 1570
f 1569 1570 1571
f 1569 1571 1572
f 1569 1572 1573
f 1569 1573 1568
f 1569 1568 1567
f 1564 1563 1574
f 1564 1574 1575
f 1564 1576 1577
f 1564 1577 1578
f 1579 1580 1581
f 1579 1581 1582
f 1579 1582 1583
f 1579 1583 1584
f 1579 1584 1585
f 1579 1585 1580
f 1586 1587 1588
f 1586 1588 1589
f 1586 1574 1590
f 1586 1590 1587
f 1580 1585 1591
f 1580 1591 1581
f 1592 1593 1594
f 1592 1594 1595
f 1592 1596 1597
f 1592 1597 1593
f 1592 1598 1599
f 1592 1599 1600
f 1592 1595 1601
f 1592 1601 1598
f 1602 1603 1585
f 1602 1585 1584
f 1604 1578 1605
f 1604 1605 1606
f 1604 1606 1607
f 1604 1607 1608
f 1609 1610 1595
f 1609 1595 1594
f 1584 1583 1611
f 1584 1611 1612
f 1584 1612 1613
f 1584 1613 1602
f 1614 1615 1616
f 1614 1616 1609
f 1617 1618 1615
f 1617 1615 1614
f 1614 1609 1594
f 1614 1594 1617
f 1603 1617 1591
f 1603 1591 1585
f 1607 1606 1619
f 1607 1619 1620
f 1621 1622 1601
f 1621 1601 1595
f 1623 1624 1622
f 1623 1622 1621
f 1621 1595 1610
f 1621 1610 1623
f 1606 1605 1625
f 1606 1625 1626
f 1606 1626 1627
f 1606 1627 1619
f 1610 1609 1616
f 1610 1616 1623
f 1625 1628 1629
f 1625 1629 1630
f 1631 1624 1623
f 1631 1623 1632
f 1631 1633 1634
f 1631 1634 1624
f 1631 1635 1636
f 1631 1636 1633
f 1637 1638 1639
f 1637 1639 1640
f 1637 1640 1641
f 1637 1641 1642
f 1643 1638 1644
f 1643 1644 1645
f 1646 1639 1638
f 1646 1638 1643
f 1643 1645 1647
f 1643 1647 1646
f 1648 1649 1650
f 1648 1650 1651
f 1652 1653 1649
f 1652 1649 1648
f 1654 1655 1656
f 1654 1656 1657
f 1658 1659 1660
f 1658 1660 1661
f 1662 1647 1663
f 1662 1663 1664
f 1662 1665 1646
f 1662 1646 1647
f 1662 1664 1666
f 1662 1666 1665
f 1644 1638 1637
f 1644 1637 1667
f 1668 1663 1647
f 1668 1647 1645
f 1637 1669 1670
f 1637 1670 1667
f 1671 1672 1673
f 1671 1673 1669
f 1674 1675 1635
f 1674 1635 1676
f 1674 1677 1678
f 1674 1678 1675
f 1679 1666 1664
f 1679 1664 1680
f 1681 1682 1666
f 1681 1666 1679
f 1679 1680 1683
f 1679 1683 1681
f 1684 1650 1649
f 1684 1649 1685
f 1684 1685 1686
f 1684 1686 1687
f 1688 1689 1690
f 1688 1690 1691
f 1688 1691 1651
f 1688 1651 1692
f 1688 1692 1693
f 1688 1693 1689
f 1651 1694 1693
f 1651 1693 1692
f 1695 1696 1697
f 1695 1697 1698
f 1695 1698 1699
f 1695 1699 1700
f 1701 1693 1694
f 1701 1694 1702
f 1701 1703 1689
f 1701 1689 1693
f 1701 1702 1704
f 1701 1704 1703
f 1705 1706 1707
f 1705 1707 1700
f 1705 1708 1709
f 1705 1709 1706
f 1705 1700 1699
f 1705 1699 1710
f 1710 1699 1711
f 1710 1711 1712
f 1710 1712 1687
f 1710 1687 1678
f 1710 1678 1677
f 1710 1677 1705
f 1711 1699 1698
f 1711 1698 1713
f 1711 1713 1704
f 1711 1704 1702
f 1711 1702 1694
f 1711 1694 1712
f 1713 1698 1697
f 1713 1697 1714
f 1713 1714 1715
f 1713 1715 1704
f 1715 1714 1716
f 1715 1716 1717
f 1715 1717 1718
f 1715 1718 1719
f 1715 1719 1703
f 1715 1703 1704
f 1719 1718 1660
f 1719 1660 1690
f 1719 1690 1689
f 1719 1689 1703
f 1718 1717 1720
f 1718 1720 1721
f 1718 1721 1661
f 1718 1661 1660
f 1721 1720 1722
f 1721 1722 1629
f 1721 1629 1628
f 1721 1628 1661
f 1722 1723 1724
f 1722 1724 1725
f 1722 1725 1630
f 1722 1630 1629
f 1722 1720 1726
f 1722 1726 1723
f 1726 1655 1654
f 1726 1654 1723
f 1726 1720 1717
f 1726 1717 1716
f 1726 1716 1727
f 1726 1727 1655
f 1725 1724 1728
f 1725 1728 1729
f 1725 1729 1627
f 1725 1627 1630
f 1729 1728 1730
f 1729 1730 1731
f 1729 1731 1619
f 1729 1619 1627
f 1731 1730 1732
f 1731 1732 1733
f 1731 1733 1620
f 1731 1620 1619
f 1733 1732 1571
f 1733 1571 1570
f 1733 1570 1734
f 1733 1734 1620
f 1730 1641 1735
f 1730 1735 1732
f 1730 1728 1642
f 1730 1642 1641
f 1728 1724 1657
f 1728 1657 1642
f 1724 1723 1654
f 1724 1654 1657
f 1716 1714 1697
f 1716 1697 1727
f 1709 1680 1736
f 1709 1736 1737
f 1709 1737 1673
f 1709 1673 1706
f 1709 1708 1683
f 1709 1683 1680
f 1737 1736 1738
f 1737 1738 1670
f 1737 1670 1669
f 1737 1669 1673
f 1736 1663 1668
f 1736 1668 1738
f 1736 1680 1664
f 1736 1664 1663
f 1708 1705 1677
f 1708 1677 1739
f 1708 1739 1740
f 1708 1740 1683
f 1739 1677 1674
f 1739 1674 1676
f 1739 1676 1741
f 1739 1741 1740
f 1707 1696 1695
f 1707 1695 1700
f 1697 1696 1742
f 1697 1742 1727
f 1691 1690 1660
f 1691 1660 1659
f 1691 1659 1648
f 1691 1648 1651
f 1707 1706 1673
f 1707 1673 1672
f 1742 1696 1707
f 1742 1707 1672
f 1687 1686 1675
f 1687 1675 1678
f 1686 1685 1743
f 1686 1743 1636
f 1686 1636 1635
f 1686 1635 1675
f 1743 1685 1649
f 1743 1649 1653
f 1743 1653 1744
f 1743 1744 1745
f 1743 1745 1633
f 1743 1633 1636
f 1745 1744 1746
f 1745 1746 1747
f 1745 1747 1634
f 1745 1634 1633
f 1747 1746 1748
f 1747 1748 1749
f 1747 1749 1750
f 1747 1750 1634
f 1750 1749 1588
f 1750 1588 1751
f 1750 1751 1601
f 1750 1601 1622
f 1750 1622 1624
f 1750 1624 1634
f 1751 1588 1587
f 1751 1587 1599
f 1751 1599 1598
f 1751 1598 1601
f 1749 1748 1589
f 1749 1589 1588
f 1748 1746 1752
f 1748 1752 1753
f 1748 1753 1575
f 1748 1575 1589
f 1752 1754 1755
f 1752 1755 1577
f 1752 1577 1576
f 1752 1576 1753
f 1752 1746 1744
f 1752 1744 1754
f 1755 1756 1625
f 1755 1625 1605
f 1755 1605 1578
f 1755 1578 1577
f 1755 1754 1652
f 1755 1652 1756
f 1756 1757 1628
f 1756 1628 1625
f 1756 1652 1648
f 1756 1648 1757
f 1757 1658 1661
f 1757 1661 1628
f 1757 1648 1659
f 1757 1659 1658
f 1754 1744 1653
f 1754 1653 1652
f 1682 1758 1613
f 1682 1613 1759
f 1682 1759 1665
f 1682 1665 1666
f 1682 1681 1760
f 1682 1760 1758
f 1760 1615 1618
f 1760 1618 1758
f 1760 1681 1761
f 1760 1761 1762
f 1760 1762 1616
f 1760 1616 1615
f 1759 1613 1612
f 1759 1612 1763
f 1759 1763 1646
f 1759 1646 1665
f 1763 1612 1611
f 1763 1611 1764
f 1763 1764 1639
f 1763 1639 1646
f 1764 1611 1765
f 1764 1765 1766
f 1764 1766 1640
f 1764 1640 1639
f 1681 1683 1740
f 1681 1740 1761
f 1676 1635 1631
f 1676 1631 1741
f 1738 1668 1645
f 1738 1645 1644
f 1738 1644 1667
f 1738 1667 1670
f 1687 1712 1694
f 1687 1694 1651
f 1650 1684 1687
f 1650 1687 1651
f 1641 1640 1766
f 1641 1766 1735
f 1656 1655 1727
f 1656 1727 1742
f 1656 1742 1672
f 1656 1672 1671
f 1637 1642 1657
f 1637 1657 1656
f 1637 1656 1671
f 1637 1671 1669
f 1762 1632 1623
f 1762 1623 1616
f 1626 1625 1630
f 1626 1630 1627
f 1618 1617 1603
f 1618 1603 1602
f 1618 1602 1613
f 1618 1613 1758
f 1617 1594 1593
f 1617 1593 1591
f 1611 1583 1767
f 1611 1767 1765
f 1767 1768 1572
f 1767 1572 1571
f 1767 1583 1582
f 1767 1582 1768
f 1768 1597 1596
f 1768 1596 1572
f 1768 1582 1581
f 1768 1581 1597
f 1600 1599 1587
f 1600 1587 1590
f 1600 1590 1769
f 1600 1769 1770
f 1600 1770 1596
f 1600 1596 1592
f 1770 1769 1568
f 1770 1568 1573
f 1770 1573 1572
f 1770 1572 1596
f 1769 1590 1574
f 1769 1574 1563
f 1769 1563 1562
f 1769 1562 1568
f 1597 1581 1591
f 1597 1591 1593
f 1586 1589 1575
f 1586 1575 1574
f 1576 1564 1575
f 1576 1575 1753
f 1565 1561 1564
f 1565 1564 1578
f 1608 1565 1578
f 1608 1578 1604
f 1608 1607 1620
f 1608 1620 1734
f 1570 1567 1566
f 1570 1566 1565
f 1608 1734 1570
f 1608 1570 1565
f 1761 1740 1741
f 1761 1741 1771
f 1632 1771 1741
f 1632 1741 1631
f 1735 1766 1765
f 1735 1765 1767
f 1735 1767 1571
f 1735 1571 1732
f 1761 1771 1632
f 1761 1632 1762
f 1772 1773 1774
f 1772 1774 1775
f 1772 1776 1777
f 1772 1777 1773
f 1772 1775 1778
f 1772 1778 1776
f 1779 1780 1781
f 1779 1781 1782
f 1779 1782 1783
f 1779 1783 1784
f 1779 1784 1785
f 1779 1785 1780
f 1786 1783 1787
f 1786 1787 1788
f 1786 1788 1789
f 1786 1789 1790
f 1786 1790 1784
f 1786 1784 1783
f 1791 1792 1778
f 1791 1778 1775
f 1793 1794 1792
f 1793 1792 1791
f 1791 1775 1795
f 1791 1795 1793
f 1785 1796 1797
f 1785 1797 1798
f 1799 1800 1796
f 1799 1796 1785
f 1801 1802 1803
f 1801 1803 1804
f 1801 1804 1805
f 1801 1805 1806
f 1794 1793 1807
f 1794 1807 1808
f 1794 1808 1809
f 1794 1809 1792
f 1810 1811 1812
f 1810 1812 1813
f 1810 1814 1815
f 1810 1815 1811
f 1810 1813 1816
f 1810 1816 1814
f 1817 1818 1819
f 1817 1819 1820
f 1817 1821 1822
f 1817 1822 1818
f 1817 1823 1824
f 1817 1824 1821
f 1825 1826 1827
f 1825 1827 1828
f 1825 1829 1830
f 1825 1830 1831
f 1825 1832 1833
f 1825 1833 1826
f 1825 1831 1834
f 1825 1834 1832
f 1817 1835 1836
f 1817 1836 1823
f 1807 1793 1822
f 1807 1822 1837
f 1807 1837 1838
f 1807 1838 1808
f 1836 1835 1839
f 1836 1839 1840
f 1836 1840 1841
f 1836 1841 1823
f 1838 1842 1809
f 1838 1809 1808
f 1838 1837 1843
f 1838 1843 1842
f 1844 1845 1826
f 1844 1826 1833
f 1844 1833 1846
f 1844 1846 1847
f 1848 1849 1816
f 1848 1816 1850
f 1848 1850 1851
f 1848 1851 1852
f 1848 1852 1853
f 1848 1853 1849
f 1854 1855 1856
f 1854 1856 1857
f 1858 1859 1821
f 1858 1821 1824
f 1840 1839 1860
f 1840 1860 1861
f 1840 1862 1863
f 1840 1863 1841
f 1840 1861 1864
f 1840 1864 1862
f 1865 1828 1866
f 1865 1866 1867
f 1865 1867 1868
f 1865 1868 1829
f 1869 1870 1871
f 1869 1871 1872
f 1868 1867 1870
f 1868 1870 1869
f 1869 1872 1851
f 1869 1851 1868
f 1873 1874 1875
f 1873 1875 1858
f 1863 1876 1874
f 1863 1874 1873
f 1873 1858 1824
f 1873 1824 1863
f 1843 1877 1878
f 1843 1878 1842
f 1843 1879 1880
f 1843 1880 1877
f 1872 1881 1852
f 1872 1852 1851
f 1872 1871 1882
f 1872 1882 1881
f 1883 1875 1884
f 1883 1884 1885
f 1886 1827 1887
f 1886 1887 1888
f 1866 1828 1827
f 1866 1827 1886
f 1886 1888 1889
f 1886 1889 1866
f 1890 1874 1876
f 1890 1876 1891
f 1892 1880 1879
f 1892 1879 1893
f 1894 1895 1880
f 1894 1880 1892
f 1892 1893 1896
f 1892 1896 1894
f 1897 1898 1899
f 1897 1899 1888
f 1897 1900 1901
f 1897 1901 1898
f 1897 1888 1887
f 1897 1887 1900
f 1902 1903 1904
f 1902 1904 1905
f 1902 1906 1907
f 1902 1907 1903
f 1902 1908 1909
f 1902 1909 1906
f 1902 1905 1910
f 1902 1910 1911
f 1902 1911 1912
f 1902 1912 1908
f 1912 1913 1914
f 1912 1914 1908
f 1915 1916 1917
f 1915 1917 1918
f 1915 1918 1919
f 1915 1919 1920
f 1915 1921 1922
f 1915 1922 1891
f 1915 1920 1923
f 1915 1923 1921
f 1924 1904 1925
f 1924 1925 1926
f 1927 1913 1928
f 1927 1928 1929
f 1927 1930 1914
f 1927 1914 1913
f 1927 1929 1931
f 1927 1931 1932
f 1933 1934 1935
f 1933 1935 1936
f 1933 1936 1925
f 1933 1925 1937
f 1920 1919 1938
f 1920 1938 1923
f 1939 1940 1941
f 1939 1941 1942
f 1939 1943 1944
f 1939 1944 1940
f 1939 1942 1945
f 1939 1945 1943
f 1946 1947 1948
f 1946 1948 1949
f 1946 1949 1950
f 1946 1950 1951
f 1946 1951 1952
f 1946 1952 1947
f 1953 1952 1951
f 1953 1951 1954
f 1953 1955 1956
f 1953 1956 1952
f 1953 1954 1957
f 1953 1957 1955
f 1958 1959 1960
f 1958 1960 1961
f 1955 1957 1962
f 1955 1962 1963
f 1955 1963 1941
f 1955 1941 1964
f 1964 1941 1940
f 1964 1940 1931
f 1964 1931 1929
f 1964 1929 1965
f 1964 1965 1956
f 1964 1956 1955
f 1965 1929 1928
f 1965 1928 1966
f 1965 1966 1967
f 1965 1967 1956
f 1967 1947 1952
f 1967 1952 1956
f 1967 1966 1910
f 1967 1910 1968
f 1967 1968 1948
f 1967 1948 1947
f 1968 1910 1905
f 1968 1905 1969
f 1968 1969 1970
f 1968 1970 1948
f 1970 1971 1949
f 1970 1949 1948
f 1970 1969 1924
f 1970 1924 1972
f 1970 1972 1973
f 1970 1973 1971
f 1973 1974 1975
f 1973 1975 1971
f 1973 1972 1896
f 1973 1896 1976
f 1973 1976 1977
f 1973 1977 1974
f 1977 1978 1961
f 1977 1961 1974
f 1977 1976 1979
f 1977 1979 1980
f 1977 1980 1981
f 1977 1981 1978
f 1981 1982 1983
f 1981 1983 1978
f 1981 1980 1921
f 1981 1921 1923
f 1981 1923 1938
f 1981 1938 1982
f 1983 1984 1959
f 1983 1959 1958
f 1983 1958 1961
f 1983 1961 1978
f 1983 1982 1985
f 1983 1985 1984
f 1985 1986 1987
f 1985 1987 1984
f 1985 1982 1938
f 1985 1938 1988
f 1985 1988 1989
f 1985 1989 1986
f 1989 1990 1991
f 1989 1991 1986
f 1989 1988 1992
f 1989 1992 1993
f 1989 1993 1994
f 1989 1994 1990
f 1994 1995 1996
f 1994 1996 1990
f 1994 1993 1997
f 1994 1997 1998
f 1994 1998 1999
f 1994 1999 1995
f 1999 1889 2000
f 1999 2000 1995
f 1999 1998 2001
f 1999 2001 2002
f 1999 2002 1866
f 1999 1866 1889
f 2002 2001 1871
f 2002 1871 1870
f 2002 1870 1867
f 2002 1867 1866
f 2001 1998 1997
f 2001 1997 2003
f 2001 2003 1882
f 2001 1882 1871
f 2003 1997 2004
f 2003 2004 2005
f 2003 2005 2006
f 2003 2006 1882
f 2006 2005 1917
f 2006 1917 1864
f 2006 1864 1861
f 2006 1861 2007
f 2006 2007 1881
f 2006 1881 1882
f 2007 1861 1860
f 2007 1860 1853
f 2007 1853 1852
f 2007 1852 1881
f 2005 2004 1918
f 2005 1918 1917
f 2004 1997 1993
f 2004 1993 1992
f 2004 1992 1919
f 2004 1919 1918
f 2000 1899 1943
f 2000 1943 1945
f 2000 1945 1996
f 2000 1996 1995
f 2000 1889 1888
f 2000 1888 1899
f 1996 1945 1942
f 1996 1942 2008
f 1996 2008 1991
f 1996 1991 1990
f 2008 1942 1941
f 2008 1941 1963
f 2008 1963 1962
f 2008 1962 1991
f 1992 1988 1938
f 1992 1938 1919
f 1991 1962 1987
f 1991 1987 1986
f 1987 1962 1957
f 1987 1957 2009
f 1987 2009 1959
f 1987 1959 1984
f 2009 1957 1954
f 2009 1954 2010
f 2009 2010 1960
f 2009 1960 1959
f 2010 1954 1951
f 2010 1951 1950
f 2010 1950 1975
f 2010 1975 1960
f 1980 1979 1922
f 1980 1922 1921
f 1976 1896 1893
f 1976 1893 1979
f 1975 1950 1949
f 1975 1949 1971
f 1975 1974 1961
f 1975 1961 1960
f 1972 1924 1894
f 1972 1894 1896
f 1969 1905 1904
f 1969 1904 1924
f 1966 1928 1911
f 1966 1911 1910
f 1944 1943 1899
f 1944 1899 1898
f 1944 1898 1901
f 1944 1901 1932
f 1944 1932 1931
f 1944 1931 1940
f 1937 1925 1904
f 1937 1904 1903
f 1937 1903 1907
f 1937 1907 2011
f 1937 2011 1934
f 1937 1934 1933
f 2011 1907 2012
f 2011 2012 2013
f 2011 2013 2014
f 2011 2014 1934
f 2014 2015 1935
f 2014 1935 1934
f 2014 2013 2016
f 2014 2016 2017
f 2014 2017 2018
f 2014 2018 2015
f 2018 2019 1895
f 2018 1895 2015
f 2018 2017 2020
f 2018 2020 2021
f 2018 2021 2022
f 2018 2022 2019
f 2022 1878 1877
f 2022 1877 2019
f 2022 2021 2023
f 2022 2023 2024
f 2022 2024 2025
f 2022 2025 1878
f 2025 1809 1842
f 2025 1842 1878
f 2025 2024 1776
f 2025 1776 1778
f 2025 1778 1792
f 2025 1792 1809
f 2024 2023 1777
f 2024 1777 1776
f 2023 2021 2020
f 2023 2020 2026
f 2023 2026 2027
f 2023 2027 1777
f 2027 2026 2028
f 2027 2028 2029
f 2027 2029 2030
f 2027 2030 2031
f 2027 2031 1773
f 2027 1773 1777
f 2031 2030 1781
f 2031 1781 2032
f 2031 2032 1774
f 2031 1774 1773
f 2032 1781 1780
f 2032 1780 2033
f 2032 2033 2034
f 2032 2034 1774
f 2034 1795 1775
f 2034 1775 1774
f 2034 2033 1798
f 2034 1798 1819
f 2034 1819 1818
f 2034 1818 1795
f 2033 1780 1785
f 2033 1785 1798
f 2030 2029 2035
f 2030 2035 2036
f 2030 2036 1782
f 2030 1782 1781
f 2036 2035 2037
f 2036 2037 1787
f 2036 1787 1783
f 2036 1783 1782
f 2037 2035 2038
f 2037 2038 2039
f 2037 2039 2040
f 2037 2040 2041
f 2037 2041 1788
f 2037 1788 1787
f 2041 2040 1804
f 2041 1804 1803
f 2041 1803 1789
f 2041 1789 1788
f 2040 2039 2042
f 2040 2042 2043
f 2040 2043 1857
f 2040 1857 1804
f 2043 2042 2044
f 2043 2044 2045
f 2043 2045 1854
f 2043 1854 1857
f 2045 2044 2046
f 2045 2046 2047
f 2045 2047 1855
f 2045 1855 1854
f 2047 2046 1906
f 2047 1906 1909
f 2047 1909 2048
f 2047 2048 1855
f 2048 1909 1908
f 2048 1908 1914
f 2048 1914 1930
f 2048 1930 2049
f 2048 2049 1856
f 2048 1856 1855
f 2049 1930 2050
f 2049 2050 2051
f 2049 2051 1805
f 2049 1805 1856
f 2051 2050 1847
f 2051 1847 1846
f 2051 1846 1806
f 2051 1806 1805
f 2050 1930 1927
f 2050 1927 2052
f 2050 2052 2053
f 2050 2053 1847
f 2053 2052 1901
f 2053 1901 1900
f 2053 1900 1887
f 2053 1887 1845
f 2053 1845 1844
f 2053 1844 1847
f 2052 1927 1932
f 2052 1932 1901
f 2046 2012 1907
f 2046 1907 1906
f 2046 2044 2054
f 2046 2054 2012
f 2054 2016 2013
f 2054 2013 2012
f 2054 2044 2042
f 2054 2042 2055
f 2054 2055 2056
f 2054 2056 2016
f 2056 2020 2017
f 2056 2017 2016
f 2056 2055 2038
f 2056 2038 2028
f 2056 2028 2026
f 2056 2026 2020
f 2055 2042 2039
f 2055 2039 2038
f 2038 2035 2029
f 2038 2029 2028
f 2019 1877 1880
f 2019 1880 1895
f 2015 1895 1894
f 2015 1894 1935
f 1928 1913 1912
f 1928 1912 1911
f 1917 1916 1862
f 1917 1862 1864
f 1916 1915 1891
f 1916 1891 1876
f 1916 1876 1863
f 1916 1863 1862
f 1922 1884 1890
f 1922 1890 1891
f 1890 1884 1875
f 1890 1875 1874
f 1887 1827 1826
f 1887 1826 1845
f 1883 1843 1837
f 1883 1837 1859
f 1883 1859 1858
f 1883 1858 1875
f 1879 1843 1883
f 1879 1883 1893
f 1868 1851 1850
f 1868 1850 2057
f 1868 2057 1830
f 1868 1830 1829
f 2057 1850 1816
f 2057 1816 1813
f 2057 1813 1812
f 2057 1812 1830
f 1865 1829 1825
f 1865 1825 1828
f 1863 1824 1823
f 1863 1823 1841
f 1860 1839 2058
f 1860 2058 2059
f 1860 2059 1849
f 1860 1849 1853
f 2059 2058 1815
f 2059 1815 1814
f 2059 1814 1816
f 2059 1816 1849
f 2058 1839 1835
f 2058 1835 2060
f 2058 2060 2061
f 2058 2061 1815
f 2061 2060 1820
f 2061 1820 1797
f 2061 1797 1796
f 2061 1796 2062
f 2061 2062 1811
f 2061 1811 1815
f 2062 1796 1800
f 2062 1800 2063
f 2062 2063 1812
f 2062 1812 1811
f 2063 1800 1834
f 2063 1834 1831
f 2063 1831 1830
f 2063 1830 1812
f 2060 1835 1817
f 2060 1817 1820
f 1859 1837 1822
f 1859 1822 1821
f 1857 1856 1805
f 1857 1805 1804
f 1834 1800 1799
f 1834 1799 2064
f 1834 2064 1802
f 1834 1802 1832
f 2064 1799 1790
f 2064 1790 1789
f 2064 1789 1803
f 2064 1803 1802
f 1822 1793 1795
f 1822 1795 1818
f 1820 1819 1798
f 1820 1798 1797
f 1806 1846 1833
f 1806 1833 1832
f 1806 1832 1802
f 1806 1802 1801
f 1799 1785 1784
f 1799 1784 1790
f 1979 1893 1883
f 1979 1883 1885
f 1884 1922 1979
f 1884 1979 1885
f 1894 2065 1936
f 1894 1936 1935
f 1926 1925 1936
f 1926 1936 2065
f 1924 1926 2065
f 1924 2065 1894
f 2066 2067 2068
f 2066 2068 2069
f 2066 2070 2071
f 2066 2071 2067
f 2066 2069 2072
f 2066 2072 2070
f 2067 2073 2074
f 2067 2074 2068
f 2067 2071 2075
f 2067 2075 2076
f 2067 2076 2077
f 2067 2077 2073
f 2078 2074 2073
f 2078 2073 2079
f 2080 2078 2079
f 2080 2079 2081
f 2080 2082 2074
f 2080 2074 2078
f 2080 2081 2083
f 2080 2083 2082
f 2071 2070 2084
f 2071 2084 2075
f 2085 2072 2069
f 2085 2069 2086
f 2085 2086 2087
f 2085 2087 2088
f 2085 2088 2089
f 2085 2089 2072
f 2090 2091 2092
f 2090 2092 2093
f 2090 2094 2095
f 2090 2095 2091
f 2090 2093 2083
f 2090 2083 2081
f 2096 2093 2092
f 2096 2092 2097
f 2096 2098 2083
f 2096 2083 2093
f 2096 2099 2087
f 2096 2087 2098
f 2091 2095 2100
f 2091 2100 2092
f 2097 2092 2100
f 2097 2100 2101
f 2097 2101 2102
f 2097 2102 2096
f 2103 2104 2105
f 2103 2105 2106
f 2103 2107 2108
f 2103 2108 2104
f 2103 2106 2109
f 2103 2109 2110
f 2100 2109 2102
f 2100 2102 2101
f 2111 2106 2105
f 2111 2105 2099
f 2111 2099 2096
f 2111 2096 2102
f 2111 2102 2109
f 2111 2109 2106
f 2112 2113 2114
f 2112 2114 2115
f 2112 2115 2116
f 2112 2116 2117
f 2112 2118 2119
f 2112 2119 2113
f 2112 2117 2120
f 2112 2120 2121
f 2112 2121 2122
f 2112 2122 2118
f 2123 2124 2125
f 2123 2125 2126
f 2123 2127 2128
f 2123 2128 2129
f 2123 2126 2130
f 2123 2130 2127
f 2131 2132 2133
f 2131 2133 2134
f 2131 2135 2136
f 2131 2136 2132
f 2131 2134 2137
f 2131 2137 2135
f 2122 2121 2138
f 2122 2138 2139
f 2122 2140 2141
f 2122 2141 2142
f 2122 2142 2143
f 2122 2143 2118
f 2122 2139 2144
f 2122 2144 2140
f 2138 2121 2120
f 2138 2120 2145
f 2138 2145 2146
f 2138 2146 2139
f 2125 2124 2147
f 2125 2147 2148
f 2125 2148 2149
f 2125 2149 2126
f 2145 2150 2151
f 2145 2151 2152
f 2145 2120 2153
f 2145 2153 2150
f 2145 2152 2154
f 2145 2154 2146
f 2147 2155 2156
f 2147 2156 2157
f 2147 2157 2158
f 2147 2158 2159
f 2147 2124 2160
f 2147 2160 2155
f 2147 2159 2161
f 2147 2161 2148
f 2140 2144 2162
f 2140 2162 2141
f 2159 2158 2163
f 2159 2163 2161
f 2141 2164 2143
f 2141 2143 2142
f 2154 2165 2166
f 2154 2166 2146
f 2154 2152 2167
f 2154 2167 2165
f 2168 2169 2170
f 2168 2170 2171
f 2168 2171 2172
f 2168 2172 2163
f 2168 2163 2158
f 2168 2158 2169
f 2173 2164 2141
f 2173 2141 2174
f 2173 2174 2175
f 2173 2175 2176
f 2177 2178 2179
f 2177 2179 2180
f 2177 2181 2182
f 2177 2182 2178
f 2177 2180 2167
f 2177 2167 2181
f 2182 2183 2172
f 2182 2172 2178
f 2182 2181 2151
f 2182 2151 2184
f 2182 2184 2149
f 2182 2149 2183
f 2184 2151 2150
f 2184 2150 2130
f 2184 2130 2126
f 2184 2126 2149
f 2183 2161 2163
f 2183 2163 2172
f 2183 2149 2148
f 2183 2148 2161
f 2181 2167 2152
f 2181 2152 2151
f 2180 2179 2185
f 2180 2185 2186
f 2180 2186 2165
f 2180 2165 2167
f 2186 2185 2187
f 2186 2187 2188
f 2186 2188 2166
f 2186 2166 2165
f 2188 2187 2189
f 2188 2189 2162
f 2188 2162 2144
f 2188 2144 2166
f 2189 2187 2190
f 2189 2190 2191
f 2189 2191 2175
f 2189 2175 2174
f 2189 2174 2141
f 2189 2141 2162
f 2191 2190 2192
f 2191 2192 2193
f 2191 2193 2137
f 2191 2137 2175
f 2193 2192 2157
f 2193 2157 2156
f 2193 2156 2135
f 2193 2135 2137
f 2192 2190 2170
f 2192 2170 2169
f 2192 2169 2158
f 2192 2158 2157
f 2190 2187 2185
f 2190 2185 2170
f 2185 2179 2171
f 2185 2171 2170
f 2179 2178 2172
f 2179 2172 2171
f 2176 2175 2137
f 2176 2137 2134
f 2176 2134 2133
f 2176 2133 2194
f 2176 2194 2164
f 2176 2164 2173
f 2194 2133 2195
f 2194 2195 2196
f 2194 2196 2143
f 2194 2143 2164
f 2196 2195 2197
f 2196 2197 2119
f 2196 2119 2118
f 2196 2118 2143
f 2197 2195 2198
f 2197 2198 2199
f 2197 2199 2200
f 2197 2200 2201
f 2197 2201 2113
f 2197 2113 2119
f 2201 2200 2202
f 2201 2202 2203
f 2201 2203 2114
f 2201 2114 2113
f 2203 2202 2204
f 2203 2204 2205
f 2203 2205 2206
f 2203 2206 2114
f 2206 2207 2115
f 2206 2115 2114
f 2206 2205 2208
f 2206 2208 2209
f 2206 2209 2210
f 2206 2210 2207
f 2210 2211 2212
f 2210 2212 2207
f 2210 2209 2213
f 2210 2213 2214
f 2210 2214 2215
f 2210 2215 2211
f 2215 2216 2217
f 2215 2217 2211
f 2215 2214 2218
f 2215 2218 2219
f 2215 2219 2220
f 2215 2220 2216
f 2220 2221 2222
f 2220 2222 2216
f 2220 2219 2223
f 2220 2223 2224
f 2220 2224 2225
f 2220 2225 2221
f 2225 2226 2227
f 2225 2227 2221
f 2225 2224 2228
f 2225 2228 2229
f 2225 2229 2230
f 2225 2230 2226
f 2230 2231 2232
f 2230 2232 2226
f 2230 2229 2233
f 2230 2233 2234
f 2230 2234 2235
f 2230 2235 2231
f 2235 2236 2237
f 2235 2237 2231
f 2235 2234 2238
f 2235 2238 2239
f 2235 2239 2240
f 2235 2240 2236
f 2240 2241 2242
f 2240 2242 2236
f 2240 2239 2243
f 2240 2243 2244
f 2240 2244 2245
f 2240 2245 2241
f 2245 2246 2247
f 2245 2247 2241
f 2245 2244 2248
f 2245 2248 2249
f 2245 2249 2250
f 2245 2250 2246
f 2250 2251 2252
f 2250 2252 2246
f 2250 2249 2253
f 2250 2253 2254
f 2250 2254 2255
f 2250 2255 2251
f 2255 2256 2257
f 2255 2257 2251
f 2255 2254 2258
f 2255 2258 2259
f 2255 2259 2260
f 2255 2260 2256
f 2260 2261 2262
f 2260 2262 2256
f 2260 2259 2107
f 2260 2107 2103
f 2260 2103 2110
f 2260 2110 2261
f 2262 2263 2264
f 2262 2264 2265
f 2262 2265 2257
f 2262 2257 2256
f 2262 2261 2266
f 2262 2266 2263
f 2266 2267 2268
f 2266 2268 2263
f 2266 2261 2110
f 2266 2110 2269
f 2266 2269 2270
f 2266 2270 2267
f 2270 2271 2272
f 2270 2272 2267
f 2270 2269 2100
f 2270 2100 2095
f 2270 2095 2094
f 2270 2094 2271
f 2272 2273 2274
f 2272 2274 2275
f 2272 2275 2268
f 2272 2268 2267
f 2272 2271 2276
f 2272 2276 2273
f 2276 2277 2278
f 2276 2278 2273
f 2276 2271 2094
f 2276 2094 2279
f 2276 2279 2280
f 2276 2280 2277
f 2280 2281 2282
f 2280 2282 2277
f 2280 2279 2283
f 2280 2283 2077
f 2280 2077 2076
f 2280 2076 2281
f 2283 2279 2094
f 2283 2094 2090
f 2283 2090 2081
f 2283 2081 2079
f 2283 2079 2073
f 2283 2073 2077
f 2282 2284 2258
f 2282 2258 2285
f 2282 2285 2278
f 2282 2278 2277
f 2282 2281 2286
f 2282 2286 2284
f 2286 2108 2107
f 2286 2107 2284
f 2286 2281 2076
f 2286 2076 2075
f 2286 2075 2084
f 2286 2084 2108
f 2285 2258 2254
f 2285 2254 2253
f 2285 2253 2287
f 2285 2287 2278
f 2287 2253 2249
f 2287 2249 2248
f 2287 2248 2288
f 2287 2288 2274
f 2287 2274 2273
f 2287 2273 2278
f 2288 2248 2244
f 2288 2244 2243
f 2288 2243 2289
f 2288 2289 2290
f 2288 2290 2275
f 2288 2275 2274
f 2290 2289 2291
f 2290 2291 2292
f 2290 2292 2268
f 2290 2268 2275
f 2292 2291 2293
f 2292 2293 2264
f 2292 2264 2263
f 2292 2263 2268
f 2293 2291 2294
f 2293 2294 2295
f 2293 2295 2296
f 2293 2296 2297
f 2293 2297 2265
f 2293 2265 2264
f 2297 2296 2298
f 2297 2298 2299
f 2297 2299 2257
f 2297 2257 2265
f 2299 2298 2300
f 2299 2300 2252
f 2299 2252 2251
f 2299 2251 2257
f 2300 2298 2301
f 2300 2301 2302
f 2300 2302 2303
f 2300 2303 2247
f 2300 2247 2246
f 2300 2246 2252
f 2303 2302 2304
f 2303 2304 2305
f 2303 2305 2306
f 2303 2306 2242
f 2303 2242 2241
f 2303 2241 2247
f 2306 2305 2307
f 2306 2307 2308
f 2306 2308 2309
f 2306 2309 2237
f 2306 2237 2236
f 2306 2236 2242
f 2309 2308 2310
f 2309 2310 2311
f 2309 2311 2312
f 2309 2312 2232
f 2309 2232 2231
f 2309 2231 2237
f 2312 2311 2313
f 2312 2313 2314
f 2312 2314 2315
f 2312 2315 2227
f 2312 2227 2226
f 2312 2226 2232
f 2315 2314 2316
f 2315 2316 2317
f 2315 2317 2318
f 2315 2318 2222
f 2315 2222 2221
f 2315 2221 2227
f 2318 2317 2319
f 2318 2319 2320
f 2318 2320 2321
f 2318 2321 2217
f 2318 2217 2216
f 2318 2216 2222
f 2321 2320 2322
f 2321 2322 2323
f 2321 2323 2116
f 2321 2116 2212
f 2321 2212 2211
f 2321 2211 2217
f 2323 2322 2128
f 2323 2128 2324
f 2323 2324 2117
f 2323 2117 2116
f 2324 2128 2127
f 2324 2127 2153
f 2324 2153 2120
f 2324 2120 2117
f 2322 2325 2129
f 2322 2129 2128
f 2322 2320 2319
f 2322 2319 2325
f 2325 2326 2327
f 2325 2327 2129
f 2325 2319 2328
f 2325 2328 2326
f 2328 2329 2330
f 2328 2330 2326
f 2328 2319 2317
f 2328 2317 2316
f 2328 2316 2331
f 2328 2331 2329
f 2331 2332 2204
f 2331 2204 2329
f 2331 2316 2314
f 2331 2314 2313
f 2331 2313 2333
f 2331 2333 2332
f 2333 2334 2208
f 2333 2208 2332
f 2333 2313 2311
f 2333 2311 2310
f 2333 2310 2335
f 2333 2335 2334
f 2335 2336 2213
f 2335 2213 2334
f 2335 2310 2308
f 2335 2308 2307
f 2335 2307 2337
f 2335 2337 2336
f 2337 2338 2218
f 2337 2218 2336
f 2337 2307 2305
f 2337 2305 2304
f 2337 2304 2339
f 2337 2339 2338
f 2339 2340 2223
f 2339 2223 2338
f 2339 2304 2302
f 2339 2302 2301
f 2339 2301 2341
f 2339 2341 2340
f 2341 2342 2228
f 2341 2228 2340
f 2341 2301 2298
f 2341 2298 2296
f 2341 2296 2295
f 2341 2295 2342
f 2342 2233 2229
f 2342 2229 2228
f 2342 2295 2294
f 2342 2294 2233
f 2340 2228 2224
f 2340 2224 2223
f 2338 2223 2219
f 2338 2219 2218
f 2336 2218 2214
f 2336 2214 2213
f 2334 2213 2209
f 2334 2209 2208
f 2332 2208 2205
f 2332 2205 2204
f 2330 2202 2200
f 2330 2200 2343
f 2330 2343 2327
f 2330 2327 2326
f 2330 2329 2204
f 2330 2204 2202
f 2343 2200 2199
f 2343 2199 2344
f 2343 2344 2345
f 2343 2345 2327
f 2345 2344 2346
f 2345 2346 2160
f 2345 2160 2124
f 2345 2124 2123
f 2345 2123 2129
f 2345 2129 2327
f 2346 2198 2132
f 2346 2132 2136
f 2346 2136 2155
f 2346 2155 2160
f 2346 2344 2199
f 2346 2199 2198
f 2294 2238 2234
f 2294 2234 2233
f 2294 2291 2289
f 2294 2289 2238
f 2289 2243 2239
f 2289 2239 2238
f 2284 2107 2259
f 2284 2259 2258
f 2269 2110 2109
f 2269 2109 2100
f 2212 2116 2115
f 2212 2115 2207
f 2198 2195 2133
f 2198 2133 2132
f 2166 2144 2139
f 2166 2139 2146
f 2156 2155 2136
f 2156 2136 2135
f 2153 2127 2130
f 2153 2130 2150
f 2108 2084 2089
f 2108 2089 2104
f 2105 2104 2089
f 2105 2089 2088
f 2105 2088 2087
f 2105 2087 2099
f 2098 2087 2086
f 2098 2086 2347
f 2098 2347 2082
f 2098 2082 2083
f 2347 2086 2069
f 2347 2069 2068
f 2347 2068 2074
f 2347 2074 2082
f 2089 2084 2070
f 2089 2070 2072
f 2348 2349 2350
f 2348 2350 2351
f 2348 2351 2352
f 2348 2352 2353
f 2348 2353 2354
f 2348 2354 2349
f 2349 2354 2355
f 2349 2355 2350
f 2356 2357 2358
f 2356 2358 2359
f 2356 2359 2360
f 2356 2360 2361
f 2362 2357 2363
f 2362 2363 2364
f 2362 2364 2365
f 2362 2365 2366
f 2362 2366 2358
f 2362 2358 2357
f 2367 2366 2365
f 2367 2365 2368
f 2369 2358 2366
f 2369 2366 2367
f 2367 2368 2370
f 2367 2370 2369
f 2371 2372 2373
f 2371 2373 2374
f 2371 2375 2376
f 2371 2376 2372
f 2371 2374 2377
f 2371 2377 2370
f 2371 2378 2379
f 2371 2379 2375
f 2378 2368 2365
f 2378 2365 2379
f 2378 2371 2370
f 2378 2370 2368
f 2380 2381 2382
f 2380 2382 2383
f 2380 2384 2385
f 2380 2385 2381
f 2380 2383 2386
f 2380 2386 2387
f 2388 2389 2390
f 2388 2390 2391
f 2388 2392 2393
f 2388 2393 2389
f 2388 2391 2394
f 2388 2394 2395
f 2396 2386 2397
f 2396 2397 2398
f 2396 2398 2399
f 2396 2399 2400
f 2396 2400 2387
f 2396 2387 2386
f 2390 2389 2401
f 2390 2401 2402
f 2403 2404 2405
f 2403 2405 2406
f 2403 2407 2408
f 2403 2408 2404
f 2403 2406 2409
f 2403 2409 2407
f 2401 2410 2411
f 2401 2411 2402
f 2401 2412 2413
f 2401 2413 2410
f 2414 2399 2415
f 2414 2415 2416
f 2414 2416 2417
f 2414 2417 2418
f 2414 2418 2419
f 2414 2419 2420
f 2412 2401 2421
f 2412 2421 2422
f 2412 2422 2423
f 2412 2423 2413
f 2419 2424 2422
f 2419 2422 2420
f 2419 2418 2425
f 2419 2425 2424
f 2422 2424 2426
f 2422 2426 2423
f 2427 2416 2415
f 2427 2415 2428
f 2427 2429 2417
f 2427 2417 2416
f 2427 2428 2430
f 2427 2430 2429
f 2423 2431 2432
f 2423 2432 2413
f 2423 2433 2434
f 2423 2434 2431
f 2435 2436 2411
f 2435 2411 2437
f 2435 2437 2438
f 2435 2438 2439
f 2435 2439 2440
f 2435 2440 2441
f 2425 2442 2426
f 2425 2426 2424
f 2425 2418 2417
f 2425 2417 2442
f 2441 2443 2444
f 2441 2444 2435
f 2441 2440 2445
f 2441 2445 2443
f 2437 2411 2410
f 2437 2410 2438
f 2433 2446 2447
f 2433 2447 2448
f 2433 2449 2430
f 2433 2430 2446
f 2433 2423 2426
f 2433 2426 2449
f 2431 2434 2450
f 2431 2450 2432
f 2434 2433 2448
f 2434 2448 2450
f 2451 2429 2430
f 2451 2430 2449
f 2451 2449 2426
f 2451 2426 2442
f 2451 2442 2417
f 2451 2417 2429
f 2450 2448 2440
f 2450 2440 2439
f 2450 2439 2438
f 2450 2438 2432
f 2448 2447 2445
f 2448 2445 2440
f 2447 2452 2453
f 2447 2453 2445
f 2447 2446 2454
f 2447 2454 2452
f 2454 2455 2456
f 2454 2456 2452
f 2454 2446 2430
f 2454 2430 2428
f 2454 2428 2415
f 2454 2415 2455
f 2456 2397 2457
f 2456 2457 2458
f 2456 2458 2453
f 2456 2453 2452
f 2456 2455 2398
f 2456 2398 2397
f 2458 2457 2408
f 2458 2408 2407
f 2458 2407 2409
f 2458 2409 2453
f 2457 2383 2382
f 2457 2382 2408
f 2457 2397 2386
f 2457 2386 2383
f 2455 2415 2399
f 2455 2399 2398
f 2453 2409 2443
f 2453 2443 2445
f 2444 2459 2436
f 2444 2436 2435
f 2444 2443 2409
f 2444 2409 2406
f 2444 2406 2405
f 2444 2405 2459
f 2459 2460 2461
f 2459 2461 2436
f 2459 2405 2462
f 2459 2462 2460
f 2462 2463 2394
f 2462 2394 2460
f 2462 2405 2404
f 2462 2404 2464
f 2462 2464 2465
f 2462 2465 2463
f 2465 2466 2467
f 2465 2467 2463
f 2465 2464 2382
f 2465 2382 2381
f 2465 2381 2385
f 2465 2385 2466
f 2467 2468 2469
f 2467 2469 2395
f 2467 2395 2394
f 2467 2394 2463
f 2467 2466 2470
f 2467 2470 2468
f 2470 2471 2472
f 2470 2472 2468
f 2470 2466 2385
f 2470 2385 2473
f 2470 2473 2474
f 2470 2474 2471
f 2474 2475 2476
f 2474 2476 2471
f 2474 2473 2477
f 2474 2477 2478
f 2474 2478 2479
f 2474 2479 2475
f 2479 2480 2481
f 2479 2481 2475
f 2479 2478 2482
f 2479 2482 2483
f 2479 2483 2484
f 2479 2484 2480
f 2484 2485 2486
f 2484 2486 2480
f 2484 2483 2487
f 2484 2487 2488
f 2484 2488 2489
f 2484 2489 2485
f 2489 2490 2491
f 2489 2491 2485
f 2489 2488 2492
f 2489 2492 2493
f 2489 2493 2494
f 2489 2494 2490
f 2494 2495 2496
f 2494 2496 2490
f 2494 2493 2497
f 2494 2497 2498
f 2494 2498 2499
f 2494 2499 2495
f 2499 2500 2501
f 2499 2501 2495
f 2499 2498 2502
f 2499 2502 2503
f 2499 2503 2504
f 2499 2504 2500
f 2504 2505 2506
f 2504 2506 2500
f 2504 2503 2507
f 2504 2507 2508
f 2504 2508 2509
f 2504 2509 2505
f 2509 2510 2511
f 2509 2511 2505
f 2509 2508 2512
f 2509 2512 2513
f 2509 2513 2514
f 2509 2514 2510
f 2514 2515 2516
f 2514 2516 2510
f 2514 2513 2517
f 2514 2517 2518
f 2514 2518 2519
f 2514 2519 2515
f 2519 2520 2521
f 2519 2521 2515
f 2519 2518 2522
f 2519 2522 2523
f 2519 2523 2524
f 2519 2524 2520
f 2524 2353 2352
f 2524 2352 2520
f 2524 2523 2372
f 2524 2372 2376
f 2524 2376 2354
f 2524 2354 2353
f 2523 2522 2373
f 2523 2373 2372
f 2522 2518 2517
f 2522 2517 2525
f 2522 2525 2526
f 2522 2526 2373
f 2526 2525 2527
f 2526 2527 2528
f 2526 2528 2529
f 2526 2529 2530
f 2526 2530 2374
f 2526 2374 2373
f 2530 2529 2531
f 2530 2531 2532
f 2530 2532 2377
f 2530 2377 2374
f 2532 2531 2506
f 2532 2506 2533
f 2532 2533 2534
f 2532 2534 2377
f 2534 2369 2370
f 2534 2370 2377
f 2534 2533 2511
f 2534 2511 2535
f 2534 2535 2536
f 2534 2536 2369
f 2536 2359 2358
f 2536 2358 2369
f 2536 2535 2516
f 2536 2516 2537
f 2536 2537 2360
f 2536 2360 2359
f 2537 2516 2515
f 2537 2515 2521
f 2537 2521 2538
f 2537 2538 2360
f 2538 2539 2361
f 2538 2361 2360
f 2538 2521 2520
f 2538 2520 2352
f 2538 2352 2351
f 2538 2351 2539
f 2539 2540 2363
f 2539 2363 2361
f 2539 2351 2350
f 2539 2350 2540
f 2540 2541 2364
f 2540 2364 2363
f 2540 2350 2355
f 2540 2355 2541
f 2541 2379 2365
f 2541 2365 2364
f 2541 2355 2375
f 2541 2375 2379
f 2535 2511 2510
f 2535 2510 2516
f 2533 2506 2505
f 2533 2505 2511
f 2531 2529 2542
f 2531 2542 2501
f 2531 2501 2500
f 2531 2500 2506
f 2542 2529 2528
f 2542 2528 2543
f 2542 2543 2544
f 2542 2544 2496
f 2542 2496 2495
f 2542 2495 2501
f 2544 2543 2545
f 2544 2545 2546
f 2544 2546 2547
f 2544 2547 2491
f 2544 2491 2490
f 2544 2490 2496
f 2547 2546 2548
f 2547 2548 2549
f 2547 2549 2550
f 2547 2550 2486
f 2547 2486 2485
f 2547 2485 2491
f 2550 2549 2551
f 2550 2551 2552
f 2550 2552 2553
f 2550 2553 2481
f 2550 2481 2480
f 2550 2480 2486
f 2553 2552 2554
f 2553 2554 2555
f 2553 2555 2556
f 2553 2556 2476
f 2553 2476 2475
f 2553 2475 2481
f 2556 2555 2557
f 2556 2557 2558
f 2556 2558 2559
f 2556 2559 2472
f 2556 2472 2471
f 2556 2471 2476
f 2559 2558 2560
f 2559 2560 2561
f 2559 2561 2562
f 2559 2562 2469
f 2559 2469 2468
f 2559 2468 2472
f 2562 2561 2563
f 2562 2563 2564
f 2562 2564 2392
f 2562 2392 2388
f 2562 2388 2395
f 2562 2395 2469
f 2564 2563 2565
f 2564 2565 2566
f 2564 2566 2567
f 2564 2567 2392
f 2567 2566 2568
f 2567 2568 2569
f 2567 2569 2570
f 2567 2570 2571
f 2567 2571 2393
f 2567 2393 2392
f 2571 2570 2572
f 2571 2572 2573
f 2571 2573 2421
f 2571 2421 2393
f 2573 2572 2414
f 2573 2414 2420
f 2573 2420 2422
f 2573 2422 2421
f 2572 2570 2387
f 2572 2387 2400
f 2572 2400 2399
f 2572 2399 2414
f 2570 2569 2380
f 2570 2380 2387
f 2569 2568 2384
f 2569 2384 2380
f 2568 2574 2477
f 2568 2477 2384
f 2568 2566 2565
f 2568 2565 2574
f 2574 2482 2478
f 2574 2478 2477
f 2574 2565 2575
f 2574 2575 2482
f 2575 2487 2483
f 2575 2483 2482
f 2575 2565 2563
f 2575 2563 2576
f 2575 2576 2577
f 2575 2577 2487
f 2577 2492 2488
f 2577 2488 2487
f 2577 2576 2560
f 2577 2560 2578
f 2577 2578 2579
f 2577 2579 2492
f 2579 2497 2493
f 2579 2493 2492
f 2579 2578 2557
f 2579 2557 2580
f 2579 2580 2581
f 2579 2581 2497
f 2581 2502 2498
f 2581 2498 2497
f 2581 2580 2554
f 2581 2554 2582
f 2581 2582 2583
f 2581 2583 2502
f 2583 2507 2503
f 2583 2503 2502
f 2583 2582 2551
f 2583 2551 2584
f 2583 2584 2585
f 2583 2585 2507
f 2585 2512 2508
f 2585 2508 2507
f 2585 2584 2548
f 2585 2548 2586
f 2585 2586 2587
f 2585 2587 2512
f 2587 2517 2513
f 2587 2513 2512
f 2587 2586 2545
f 2587 2545 2527
f 2587 2527 2525
f 2587 2525 2517
f 2586 2548 2546
f 2586 2546 2545
f 2584 2551 2549
f 2584 2549 2548
f 2582 2554 2552
f 2582 2552 2551
f 2580 2557 2555
f 2580 2555 2554
f 2578 2560 2558
f 2578 2558 2557
f 2576 2563 2561
f 2576 2561 2560
f 2545 2543 2528
f 2545 2528 2527
f 2477 2473 2385
f 2477 2385 2384
f 2464 2404 2408
f 2464 2408 2382
f 2461 2391 2390
f 2461 2390 2402
f 2461 2402 2411
f 2461 2411 2436
f 2461 2460 2394
f 2461 2394 2391
f 2438 2410 2413
f 2438 2413 2432
f 2421 2401 2389
f 2421 2389 2393
f 2376 2375 2355
f 2376 2355 2354
f 2363 2357 2356
f 2363 2356 2361
f 2588 2589 2590
f 2588 2590 2591
f 2588 2591 2592
f 2588 2592 2593
f 2594 2595 2596
f 2594 2596 2597
f 2594 2598 2599
f 2594 2599 2595
f 2594 2597 2600
f 2594 2600 2598
f 2601 2602 2603
f 2601 2603 2604
f 2601 2605 2606
f 2601 2606 2602
f 2601 2604 2607
f 2601 2607 2605
f 2608 2609 2610
f 2608 2610 2611
f 2612 2613 2609
f 2612 2609 2608
f 2608 2611 2614
f 2608 2614 2612
f 2615 2616 2617
f 2615 2617 2618
f 2615 2618 2619
f 2615 2619 2620
f 2615 2620 2621
f 2615 2621 2616
f 2622 2623 2617
f 2622 2617 2616
f 2622 2616 2621
f 2622 2621 2624
f 2622 2625 2626
f 2622 2626 2623
f 2622 2624 2627
f 2622 2627 2625
f 2627 2628 2629
f 2627 2629 2625
f 2630 2631 2632
f 2630 2632 2633
f 2630 2634 2606
f 2630 2606 2631
f 2630 2633 2635
f 2630 2635 2634
f 2627 2636 2637
f 2627 2637 2628
f 2638 2639 2640
f 2638 2640 2641
f 2638 2642 2643
f 2638 2643 2639
f 2638 2641 2644
f 2638 2644 2642
f 2645 2642 2644
f 2645 2644 2646
f 2645 2646 2647
f 2645 2647 2648
f 2645 2648 2643
f 2645 2643 2642
f 2649 2650 2651
f 2649 2651 2652
f 2620 2619 2650
f 2620 2650 2649
f 2649 2652 2653
f 2649 2653 2620
f 2633 2654 2655
f 2633 2655 2635
f 2656 2657 2658
f 2656 2658 2659
f 2656 2660 2661
f 2656 2661 2657
f 2656 2659 2662
f 2656 2662 2660
f 2663 2664 2665
f 2663 2665 2666
f 2667 2668 2669
f 2667 2669 2670
f 2671 2672 2673
f 2671 2673 2674
f 2671 2674 2675
f 2671 2675 2676
f 2677 2674 2673
f 2677 2673 2678
f 2677 2679 2675
f 2677 2675 2674
f 2677 2680 2681
f 2677 2681 2679
f 2680 2677 2682
f 2680 2682 2683
f 2680 2683 2684
f 2680 2684 2681
f 2685 2686 2687
f 2685 2687 2688
f 2689 2690 2691
f 2689 2691 2692
f 2688 2693 2690
f 2688 2690 2689
f 2644 2641 2694
f 2644 2694 2695
f 2644 2695 2696
f 2644 2696 2697
f 2673 2670 2698
f 2673 2698 2699
f 2700 2701 2702
f 2700 2702 2703
f 2704 2691 2705
f 2704 2705 2706
f 2704 2707 2692
f 2704 2692 2691
f 2704 2706 2708
f 2704 2708 2707
f 2678 2709 2682
f 2678 2682 2677
f 2683 2710 2711
f 2683 2711 2712
f 2683 2682 2713
f 2683 2713 2710
f 2714 2712 2711
f 2714 2711 2715
f 2716 2717 2712
f 2716 2712 2714
f 2714 2715 2694
f 2714 2694 2716
f 2699 2698 2718
f 2699 2718 2709
f 2699 2709 2678
f 2699 2678 2673
f 2695 2694 2715
f 2695 2715 2719
f 2720 2721 2722
f 2720 2722 2723
f 2724 2725 2721
f 2724 2721 2720
f 2720 2723 2726
f 2720 2726 2724
f 2696 2695 2727
f 2696 2727 2722
f 2719 2728 2727
f 2719 2727 2695
f 2729 2730 2731
f 2729 2731 2713
f 2729 2709 2718
f 2729 2718 2730
f 2709 2729 2713
f 2709 2713 2682
f 2732 2728 2733
f 2732 2733 2734
f 2732 2734 2735
f 2732 2735 2736
f 2732 2736 2727
f 2732 2727 2728
f 2737 2738 2739
f 2737 2739 2740
f 2740 2739 2741
f 2740 2741 2702
f 2740 2702 2701
f 2740 2701 2742
f 2740 2742 2743
f 2740 2743 2737
f 2743 2742 2707
f 2743 2707 2708
f 2743 2708 2744
f 2743 2744 2745
f 2743 2745 2738
f 2743 2738 2737
f 2745 2744 2655
f 2745 2655 2654
f 2745 2654 2746
f 2745 2746 2738
f 2746 2747 2739
f 2746 2739 2738
f 2746 2654 2633
f 2746 2633 2748
f 2746 2748 2749
f 2746 2749 2747
f 2749 2750 2751
f 2749 2751 2747
f 2749 2748 2752
f 2749 2752 2753
f 2749 2753 2754
f 2749 2754 2750
f 2754 2662 2724
f 2754 2724 2750
f 2754 2753 2663
f 2754 2663 2666
f 2754 2666 2660
f 2754 2660 2662
f 2753 2752 2664
f 2753 2664 2663
f 2752 2748 2633
f 2752 2633 2632
f 2752 2632 2755
f 2752 2755 2664
f 2755 2632 2631
f 2755 2631 2756
f 2755 2756 2757
f 2755 2757 2758
f 2755 2758 2665
f 2755 2665 2664
f 2758 2757 2609
f 2758 2609 2613
f 2758 2613 2661
f 2758 2661 2665
f 2757 2756 2605
f 2757 2605 2607
f 2757 2607 2610
f 2757 2610 2609
f 2756 2631 2606
f 2756 2606 2605
f 2751 2726 2759
f 2751 2759 2741
f 2751 2741 2739
f 2751 2739 2747
f 2751 2750 2724
f 2751 2724 2726
f 2744 2708 2706
f 2744 2706 2760
f 2744 2760 2761
f 2744 2761 2655
f 2761 2760 2652
f 2761 2652 2651
f 2761 2651 2762
f 2761 2762 2763
f 2761 2763 2635
f 2761 2635 2655
f 2763 2762 2764
f 2763 2764 2765
f 2763 2765 2634
f 2763 2634 2635
f 2765 2764 2603
f 2765 2603 2602
f 2765 2602 2606
f 2765 2606 2634
f 2764 2762 2766
f 2764 2766 2767
f 2764 2767 2768
f 2764 2768 2603
f 2768 2767 2590
f 2768 2590 2769
f 2768 2769 2770
f 2768 2770 2771
f 2768 2771 2604
f 2768 2604 2603
f 2771 2770 2611
f 2771 2611 2610
f 2771 2610 2607
f 2771 2607 2604
f 2770 2769 2772
f 2770 2772 2773
f 2770 2773 2774
f 2770 2774 2611
f 2774 2773 2775
f 2774 2775 2776
f 2774 2776 2777
f 2774 2777 2778
f 2774 2778 2614
f 2774 2614 2611
f 2778 2777 2779
f 2778 2779 2780
f 2778 2780 2781
f 2778 2781 2614
f 2781 2782 2612
f 2781 2612 2614
f 2781 2780 2639
f 2781 2639 2643
f 2781 2643 2648
f 2781 2648 2782
f 2782 2658 2657
f 2782 2657 2612
f 2782 2648 2647
f 2782 2647 2658
f 2780 2779 2640
f 2780 2640 2639
f 2779 2777 2600
f 2779 2600 2783
f 2779 2783 2716
f 2779 2716 2640
f 2783 2600 2597
f 2783 2597 2784
f 2783 2784 2717
f 2783 2717 2716
f 2784 2597 2596
f 2784 2596 2785
f 2784 2785 2684
f 2784 2684 2717
f 2785 2596 2786
f 2785 2786 2787
f 2785 2787 2681
f 2785 2681 2684
f 2787 2786 2788
f 2787 2788 2789
f 2787 2789 2679
f 2787 2679 2681
f 2789 2788 2790
f 2789 2790 2791
f 2789 2791 2675
f 2789 2675 2679
f 2791 2790 2668
f 2791 2668 2667
f 2791 2667 2676
f 2791 2676 2675
f 2790 2792 2629
f 2790 2629 2668
f 2790 2788 2793
f 2790 2793 2792
f 2793 2794 2626
f 2793 2626 2792
f 2793 2788 2786
f 2793 2786 2795
f 2793 2795 2796
f 2793 2796 2794
f 2796 2797 2798
f 2796 2798 2794
f 2796 2795 2595
f 2796 2595 2599
f 2796 2599 2775
f 2796 2775 2797
f 2797 2772 2589
f 2797 2589 2798
f 2797 2775 2773
f 2797 2773 2772
f 2795 2786 2596
f 2795 2596 2595
f 2794 2798 2623
f 2794 2623 2626
f 2792 2626 2625
f 2792 2625 2629
f 2777 2776 2598
f 2777 2598 2600
f 2776 2775 2599
f 2776 2599 2598
f 2772 2769 2590
f 2772 2590 2589
f 2762 2651 2650
f 2762 2650 2766
f 2760 2706 2705
f 2760 2705 2652
f 2742 2701 2692
f 2742 2692 2707
f 2741 2759 2703
f 2741 2703 2702
f 2736 2735 2799
f 2736 2799 2723
f 2736 2723 2722
f 2736 2722 2727
f 2735 2734 2800
f 2735 2800 2801
f 2735 2801 2686
f 2735 2686 2799
f 2801 2800 2802
f 2801 2802 2803
f 2801 2803 2687
f 2801 2687 2686
f 2803 2802 2804
f 2803 2804 2805
f 2803 2805 2806
f 2803 2806 2687
f 2806 2693 2688
f 2806 2688 2687
f 2806 2805 2807
f 2806 2807 2808
f 2806 2808 2809
f 2806 2809 2693
f 2809 2810 2690
f 2809 2690 2693
f 2809 2808 2811
f 2809 2811 2812
f 2809 2812 2653
f 2809 2653 2810
f 2812 2811 2624
f 2812 2624 2621
f 2812 2621 2620
f 2812 2620 2653
f 2810 2705 2691
f 2810 2691 2690
f 2810 2653 2652
f 2810 2652 2705
f 2808 2807 2813
f 2808 2813 2811
f 2807 2805 2804
f 2807 2804 2814
f 2807 2814 2815
f 2807 2815 2813
f 2815 2814 2730
f 2815 2730 2718
f 2815 2718 2698
f 2815 2698 2816
f 2815 2816 2637
f 2815 2637 2813
f 2816 2698 2670
f 2816 2670 2669
f 2816 2669 2628
f 2816 2628 2637
f 2814 2804 2731
f 2814 2731 2730
f 2804 2802 2817
f 2804 2817 2731
f 2817 2802 2800
f 2817 2800 2818
f 2817 2818 2711
f 2817 2711 2710
f 2817 2710 2713
f 2817 2713 2731
f 2818 2800 2734
f 2818 2734 2733
f 2818 2733 2715
f 2818 2715 2711
f 2733 2728 2719
f 2733 2719 2715
f 2725 2647 2646
f 2725 2646 2721
f 2725 2724 2662
f 2725 2662 2659
f 2725 2659 2658
f 2725 2658 2647
f 2726 2723 2799
f 2726 2799 2759
f 2717 2684 2683
f 2717 2683 2712
f 2716 2694 2641
f 2716 2641 2640
f 2703 2759 2799
f 2703 2799 2686
f 2703 2686 2685
f 2703 2685 2700
f 2701 2700 2689
f 2701 2689 2692
f 2676 2667 2672
f 2676 2672 2671
f 2672 2667 2670
f 2672 2670 2673
f 2669 2668 2629
f 2669 2629 2628
f 2666 2665 2661
f 2666 2661 2660
f 2661 2613 2612
f 2661 2612 2657
f 2650 2619 2819
f 2650 2819 2766
f 2619 2618 2592
f 2619 2592 2819
f 2819 2592 2591
f 2819 2591 2590
f 2819 2590 2767
f 2819 2767 2766
f 2685 2688 2689
f 2685 2689 2700
f 2593 2592 2618
f 2593 2618 2617
f 2617 2623 2798
f 2617 2798 2589
f 2593 2617 2589
f 2593 2589 2588
f 2811 2813 2637
f 2811 2637 2636
f 2811 2636 2627
f 2811 2627 2624
f 2697 2696 2722
f 2697 2722 2721
f 2697 2721 2646
f 2697 2646 2644
f 2820 2821 2822
f 2820 2822 2823
f 2820 2824 2825
f 2820 2825 2821
f 2820 2823 2826
f 2820 2826 2824
f 2827 2828 2829
f 2827 2829 2830
f 2831 2832 2833
f 2831 2833 2834
f 2831 2834 2835
f 2831 2835 2822
f 2831 2822 2821
f 2831 2821 2832
f 2836 2837 2838
f 2836 2838 2829
f 2836 2839 2840
f 2836 2840 2837
f 2836 2829 2828
f 2836 2828 2839
f 2841 2842 2843
f 2841 2843 2844
f 2841 2844 2845
f 2841 2845 2846
f 2841 2846 2847
f 2841 2847 2842
f 2848 2847 2846
f 2848 2846 2849
f 2850 2851 2852
f 2850 2852 2853
f 2854 2855 2853
f 2854 2853 2852
f 2854 2856 2857
f 2854 2857 2855
f 2854 2852 2858
f 2854 2858 2856
f 2858 2852 2851
f 2858 2851 2859
f 2858 2859 2842
f 2858 2842 2847
f 2858 2847 2848
f 2858 2848 2856
f 2859 2851 2860
f 2859 2860 2861
f 2859 2861 2843
f 2859 2843 2842
f 2861 2860 2862
f 2861 2862 2863
f 2861 2863 2864
f 2861 2864 2843
f 2864 2863 2865
f 2864 2865 2866
f 2864 2866 2835
f 2864 2835 2867
f 2864 2867 2844
f 2864 2844 2843
f 2867 2835 2834
f 2867 2834 2868
f 2867 2868 2845
f 2867 2845 2844
f 2868 2834 2833
f 2868 2833 2869
f 2868 2869 2870
f 2868 2870 2845
f 2870 2849 2846
f 2870 2846 2845
f 2870 2869 2871
f 2870 2871 2872
f 2870 2872 2857
f 2870 2857 2849
f 2872 2871 2873
f 2872 2873 2874
f 2872 2874 2855
f 2872 2855 2857
f 2874 2873 2875
f 2874 2875 2876
f 2874 2876 2853
f 2874 2853 2855
f 2876 2875 2877
f 2876 2877 2878
f 2876 2878 2850
f 2876 2850 2853
f 2878 2877 2862
f 2878 2862 2860
f 2878 2860 2851
f 2878 2851 2850
f 2877 2875 2838
f 2877 2838 2837
f 2877 2837 2840
f 2877 2840 2862
f 2875 2873 2879
f 2875 2879 2838
f 2879 2873 2871
f 2879 2871 2880
f 2879 2880 2881
f 2879 2881 2830
f 2879 2830 2829
f 2879 2829 2838
f 2881 2880 2833
f 2881 2833 2832
f 2881 2832 2821
f 2881 2821 2825
f 2881 2825 2827
f 2881 2827 2830
f 2880 2871 2869
f 2880 2869 2833
f 2866 2865 2826
f 2866 2826 2823
f 2866 2823 2822
f 2866 2822 2835
f 2865 2863 2862
f 2865 2862 2840
f 2865 2840 2839
f 2865 2839 2826
f 2857 2856 2848
f 2857 2848 2849
f 2839 2828 2824
f 2839 2824 2826
f 2828 2827 2825
f 2828 2825 2824
f 2882 2883 2884
f 2882 2884 2885
f 2882 2885 2886
f 2882 2886 2887
f 2882 2887 2888
f 2882 2888 2883
f 2889 2890 2884
f 2889 2884 2883
f 2889 2883 2888
f 2889 2888 2891
f 2889 2891 2892
f 2889 2892 2890
f 2893 2894 2895
f 2893 2895 2896
f 2893 2885 2884
f 2893 2884 2894
f 2893 2896 2886
f 2893 2886 2885
f 2897 2890 2892
f 2897 2892 2898
f 2899 2900 2901
f 2899 2901 2902
f 2899 2903 2904
f 2899 2904 2900
f 2899 2902 2905
f 2899 2905 2903
f 2906 2907 2905
f 2906 2905 2902
f 2908 2909 2910
f 2908 2910 2911
f 2908 2911 2912
f 2908 2912 2913
f 2912 2905 2907
f 2912 2907 2913
f 2912 2911 2903
f 2912 2903 2905
f 2913 2914 2909
f 2913 2909 2908
f 2913 2907 2915
f 2913 2915 2914
f 2915 2887 2886
f 2915 2886 2914
f 2915 2907 2906
f 2915 2906 2916
f 2915 2916 2888
f 2915 2888 2887
f 2916 2906 2902
f 2916 2902 2901
f 2916 2901 2891
f 2916 2891 2888
f 2914 2886 2896
f 2914 2896 2909
f 2911 2910 2904
f 2911 2904 2903
f 2910 2895 2898
f 2910 2898 2904
f 2910 2909 2896
f 2910 2896 2895
f 2904 2898 2892
f 2904 2892 2900
f 2901 2900 2892
f 2901 2892 2891
f 2898 2895 2894
f 2898 2894 2897
f 2897 2894 2884
f 2897 2884 2890
# Vertices: 2916, normals: 0, texture coordinates: 0, faces: 5780

