# File generated by ImageToStl.com - Free Image and 3D model conversion tools

o obj1
v -0.01938212 -0.11527233 -0.01233525
v -0.01775863 -0.11641663 -0.00762268
v -0.01375628 -0.11818586 -0.00837598
v -0.01725739 -0.11625755 -0.01436077
v -0.02242943 -0.11235762 -0.01716895
v -0.02325256 -0.11208328 -0.0136252
v -0.02283423 -0.1129579 -0.00816789
v -0.02496651 -0.11216126 0.01020208
v -0.02256918 -0.11352138 0.01280721
v -0.0175607 -0.11643989 0.0072652
v -0.02297546 -0.11329761 0.00570672
v -0.02973487 -0.10967392 0.00524816
v -0.02984737 -0.10969616 0.01079092
v -0.02851014 -0.10933377 0.01467602
v -0.02664815 -0.12012492 0.01926712
v -0.02702269 -0.11658286 0.02064747
v -0.03219519 -0.11776767 0.02178816
v -0.02928081 -0.12414762 0.01874222
v -0.0358756 -0.13455193 0.00867761
v -0.03561774 -0.13385065 0.00616398
v -0.03215381 -0.13921751 0.00638124
v -0.03445017 -0.13721268 0.01025451
v -0.03498362 -0.13606043 -0.01327432
v -0.03332616 -0.13734099 -0.01009308
v -0.03749348 -0.13173409 -0.00931798
v -0.0382752 -0.13219321 -0.01328879
v -0.03431717 -0.13843697 -0.01546181
v -0.03081759 -0.14203061 -0.01161736
v -0.03909259 -0.13378423 -0.01625108
v -0.02981935 -0.12252534 -0.02143604
v -0.02490817 -0.12550455 -0.0188793
v -0.02700116 -0.13099833 -0.01869688
v -0.03333503 -0.12557828 -0.0220161
v -0.03010762 -0.11875286 -0.02281586
v -0.0234624 -0.12110322 -0.02007076
v -0.03532105 -0.11925813 -0.02463374
v -0.02688809 -0.11415651 0.02192191
v -0.03224901 -0.11245161 0.02314144
v -0.03509896 -0.12285647 0.02195627
v -0.03217673 -0.12922473 0.01947667
v -0.03582727 -0.11100001 0.02451869
v -0.03571869 -0.1151481 0.0245961
v -0.03680537 -0.118987 0.02466569
v -0.02984983 -0.11143042 -0.02490754
v -0.02117764 -0.11547408 -0.02257412
v -0.02238622 -0.11833289 -0.02161442
v -0.03002461 -0.11533095 -0.02369912
v -0.03564377 -0.11542105 -0.02615972
v -0.03589948 -0.11188854 -0.02667818
v -0.03460198 -0.10654343 -0.02385194
v -0.03325872 -0.10627259 -0.02087314
v -0.0279894 -0.10860369 -0.02202942
v -0.03768957 -0.10801284 -0.02542155
v -0.03812465 -0.12568454 -0.02371684
v -0.0390095 -0.12124505 -0.02577014
v -0.03371117 -0.10801525 0.02240624
v -0.02657891 -0.11158037 0.02218968
v -0.0271711 -0.10973537 0.02010309
v -0.03355957 -0.10547191 0.01920173
v -0.0376653 -0.10765775 0.02272228
v -0.03372511 -0.13089637 -0.02159881
v -0.02884273 -0.13528749 -0.0192983
v -0.03032504 -0.13759045 -0.02058535
v -0.03636553 -0.131189 -0.02313662
v -0.03719184 -0.13320273 0.02233708
v -0.03941735 -0.12661284 0.02314342
v -0.04183219 -0.12553206 0.02196847
v -0.04247094 -0.12913868 0.02194364
v -0.033727 -0.13182434 0.02089601
v -0.03720466 -0.12553567 0.02256284
v -0.04307467 -0.1324539 0.02081273
v -0.03769116 -0.13673477 0.02005192
v -0.0407627 -0.13355593 0.01609134
v -0.03740587 -0.13599283 0.01516776
v -0.03707726 -0.1367483 0.01739243
v -0.04179848 -0.1333566 0.01810054
v -0.04224467 -0.13113743 0.01455257
v -0.03880005 -0.13398951 0.01261342
v -0.0447516 -0.13006821 0.01664839
v -0.03597194 -0.10451188 0.0129376
v -0.03344278 -0.10614239 0.01401909
v -0.03438544 -0.10648236 0.01063327
v -0.0368307 -0.10406876 0.01035652
v -0.03639453 -0.10327531 0.01400014
v -0.03301758 -0.10551523 0.01644874
v -0.03806762 -0.10205504 0.01082613
v -0.03622881 -0.10540697 -0.0192067
v -0.03761921 -0.1047448 -0.02059146
v -0.03904913 -0.10342426 -0.01738994
v -0.03699944 -0.105196 -0.0165136
v -0.03320591 -0.10648416 -0.0172553
v -0.0401286 -0.11761421 -0.02832034
v -0.04000368 -0.11266816 -0.02883183
v -0.04401677 -0.11951949 -0.0267172
v -0.0471344 -0.11746388 -0.02963284
v -0.04427574 -0.11705956 -0.0317776
v -0.04239678 -0.12205475 -0.02506953
v -0.0435133 -0.11292367 -0.03145319
v -0.04054984 -0.13106588 -0.02397478
v -0.04176798 -0.12535478 -0.02397496
v -0.04577626 -0.12593785 -0.02162173
v -0.04421695 -0.12318427 -0.02128533
v -0.04039418 -0.13395442 -0.020989
v -0.04580596 -0.12880103 -0.02027959
v -0.04576296 -0.1275875 -0.01474768
v -0.04616866 -0.12606449 -0.01255044
v -0.04936387 -0.12464239 -0.01302468
v -0.04757541 -0.12683943 -0.01604586
v -0.04426185 -0.13001801 -0.01782726
v -0.0432122 -0.13001527 -0.01543289
v -0.04230532 -0.12809099 -0.0127842
v -0.04413069 -0.10316186 0.02666915
v -0.04141911 -0.10736934 0.02873847
v -0.03859142 -0.10916559 0.02649351
v -0.04036758 -0.10596495 0.02432771
v -0.04260781 -0.10368627 0.02058684
v -0.04485454 -0.10142182 0.02190377
v -0.04482556 -0.10269106 0.03134036
v -0.0430937 -0.10564847 0.03226513
v -0.04446498 -0.10332445 0.04073862
v -0.04476452 -0.10048285 0.04089282
v -0.04579901 -0.09997293 0.04407749
v -0.04493912 -0.10410596 0.0425667
v -0.04414221 -0.10827044 0.03924993
v -0.04409989 -0.10576618 0.03792102
v -0.04414888 -0.10288094 0.0368521
v -0.0439641 -0.1052646 0.00926823
v -0.0425932 -0.10254558 0.01468859
v -0.04138679 -0.10205503 0.01315126
v -0.04260669 -0.10269421 0.0073687
v -0.04598766 -0.11161404 0.0086293
v -0.04580628 -0.1091603 0.01337744
v -0.04547826 -0.10389217 0.01284449
v -0.04366213 -0.10205495 0.0164487
v -0.04557322 -0.11533128 0.01347921
v -0.04605236 -0.11270466 0.01583636
v -0.04627205 -0.11143006 -0.00043775
v -0.04922976 -0.11616768 -0.00099331
v -0.04931671 -0.11670466 0.00688736
v -0.04823739 -0.11808546 0.01238268
v -0.044211 -0.10683082 -2.256E-05
v -0.04459292 -0.10750791 -0.02942668
v -0.04534578 -0.1044347 -0.02497493
v -0.0425808 -0.10656122 -0.02350779
v -0.04103954 -0.10868416 -0.02718699
v -0.04724739 -0.10315289 -0.02932959
v -0.04808952 -0.10070876 -0.0256434
v -0.04650145 -0.10844091 -0.03377458
v -0.04755062 -0.10461744 -0.03295798
v -0.04835544 -0.1056551 0.01296613
v -0.04907733 -0.1017966 0.01277179
v -0.04580351 -0.10034585 0.01406171
v -0.04463822 -0.09999931 0.01772991
v -0.04429994 -0.10328486 -0.0147415
v -0.04204696 -0.1019946 -0.0142286
v -0.04130214 -0.10296623 -0.01889127
v -0.04353252 -0.10321718 -0.02012723
v -0.04585536 -0.1026048 -0.02117209
v -0.04628038 -0.1024212 -0.01733503
v -0.04718421 -0.10399745 -0.01482026
v -0.04537285 -0.10584982 -0.01305282
v -0.04680689 -0.11146839 -0.00931268
v -0.04493564 -0.10676488 -0.00807445
v -0.04581559 -0.10917237 -0.01372305
v -0.04599039 -0.11268093 -0.01638541
v -0.04587241 -0.11527505 -0.014561
v -0.04905612 -0.11595757 -0.00857567
v -0.04786602 -0.1177717 -0.01392075
v -0.04663694 -0.11649612 -0.02326898
v -0.04651936 -0.11523686 -0.01945543
v -0.04894694 -0.11324438 -0.01936585
v -0.05008062 -0.11363574 -0.02185049
v -0.0437737 -0.11995874 -0.02201936
v -0.04513272 -0.11784627 -0.01853368
v -0.05193295 -0.11195365 -0.02491448
v -0.04967755 -0.11467944 -0.02720975
v -0.04603028 -0.09501193 0.01908479
v -0.0475469 -0.09462874 0.02209059
v -0.04677272 -0.09810605 0.0227568
v -0.04541554 -0.09734608 0.01850482
v -0.0456471 -0.09713707 0.01510823
v -0.04602793 -0.09372577 0.01758054
v -0.04785489 -0.09172536 0.02147815
v -0.04679135 -0.10062083 0.02512947
v -0.04898156 -0.10074863 0.02614676
v -0.04780431 -0.10174188 0.02817413
v -0.05000377 -0.09839323 0.02489104
v -0.04971486 -0.11344995 0.02072505
v -0.04895214 -0.1118922 0.0167475
v -0.04601144 -0.11548443 0.01905317
v -0.04468083 -0.11771 0.02236742
v -0.04743623 -0.11529786 0.0250471
v -0.05274747 -0.1111653 0.02476999
v -0.05447422 -0.11021906 0.02115279
v -0.05279772 -0.11188552 0.01877686
v -0.05176182 -0.1122305 0.01620279
v -0.0478739 -0.09691775 0.0132817
v -0.05099886 -0.10770616 0.01251543
v -0.05178877 -0.1050263 0.01194703
v -0.05169394 -0.10089966 0.01375794
v -0.05007491 -0.09730127 0.01482204
v -0.05339893 -0.10371964 0.01291295
v -0.04820608 -0.0951276 -0.01984513
v -0.04809706 -0.09381729 -0.01842969
v -0.04864857 -0.09724817 -0.01618425
v -0.04798281 -0.09744537 -0.01904967
v -0.04848454 -0.09713411 -0.02213338
v -0.04862036 -0.09410138 -0.02208075
v -0.04851079 -0.09115388 -0.02152799
v -0.04992957 -0.09928342 0.04761001
v -0.04856221 -0.09769518 0.04667517
v -0.05107803 -0.09577242 0.04617731
v -0.05207335 -0.09876125 0.04710444
v -0.04953023 -0.10226658 0.04686678
v -0.0472629 -0.10097556 0.04615586
v -0.05221721 -0.1026746 0.04667278
v -0.04904746 -0.09666298 -0.02476232
v -0.04762996 -0.10011632 -0.02194152
v -0.04930854 -0.10087612 -0.02962304
v -0.05003492 -0.09892823 -0.02736
v -0.05077795 -0.09626684 -0.026224
v -0.04901952 -0.10136681 -0.01486837
v -0.04777927 -0.10034114 -0.0183294
v -0.0513084 -0.09662105 -0.01569954
v -0.05248006 -0.10018716 -0.01451167
v -0.05373618 -0.10276538 -0.01366941
v -0.05114656 -0.10585191 -0.01420543
v -0.04793933 -0.10726604 -0.01529421
v -0.05549178 -0.10422576 -0.01291455
v -0.05448283 -0.1071659 -0.01301271
v -0.05031572 -0.09495267 0.01759687
v -0.0492153 -0.09392983 0.01661868
v -0.05122513 -0.09762026 0.0169697
v -0.05147221 -0.09360368 0.01956911
v -0.05068152 -0.09167614 0.01965537
v -0.05269816 -0.09672851 0.01936727
v -0.05367143 -0.11029672 0.03496251
v -0.05087093 -0.11213935 0.03845629
v -0.05169231 -0.10755441 0.04369641
v -0.05358027 -0.10628258 0.04166165
v -0.05450235 -0.10434195 0.04015661
v -0.05509865 -0.10703441 0.03523258
v -0.05696939 -0.10804106 0.03078093
v -0.05518081 -0.10969249 0.02832516
v -0.05074046 -0.11313051 0.02922855
v -0.04862169 -0.11509253 0.03265855
v -0.05028481 -0.10030113 -0.04355964
v -0.05094391 -0.09832187 -0.04318806
v -0.0498215 -0.09983224 -0.04010095
v -0.04908787 -0.10202605 -0.04136582
v -0.04947204 -0.104238 -0.04293261
v -0.05147933 -0.1010772 -0.04501556
v -0.05272937 -0.09841082 -0.04545068
v -0.05057029 -0.09005082 -0.02504845
v -0.04958121 -0.09352838 -0.0246071
v -0.0517703 -0.09143157 -0.02614437
v -0.05377367 -0.09110825 -0.02724893
v -0.05398639 -0.08847893 -0.02718207
v -0.0513076 -0.09342851 -0.0259681
v -0.05180051 -0.09481769 0.0426744
v -0.04972409 -0.09472593 0.04363065
v -0.04871428 -0.09536574 0.04006788
v -0.05162766 -0.09588213 0.03983043
v -0.05379778 -0.09743535 0.04058522
v -0.05338747 -0.09575277 0.04409737
v -0.053445 -0.09365395 -0.02707442
v -0.05447779 -0.10176346 0.04290217
v -0.05418302 -0.10217707 0.04494818
v -0.05395473 -0.09873457 0.04497321
v -0.05441825 -0.09970449 0.04209808
v -0.05435086 -0.1023114 0.03853483
v -0.05485312 -0.11193374 0.01319254
v -0.05448919 -0.11280882 0.01567856
v -0.05672723 -0.11405388 0.01573813
v -0.05763363 -0.11344995 0.01406749
v -0.05830488 -0.11179338 0.01109966
v -0.05690856 -0.109892 0.00995352
v -0.05380526 -0.1092778 0.01169374
v -0.06005505 -0.11298322 0.01245409
v -0.05402674 -0.09548198 0.02126205
v -0.05401589 -0.0929793 0.02203392
v -0.05623617 -0.09765194 0.02177181
v -0.05738335 -0.09485557 0.02313137
v -0.05486713 -0.10073294 0.01943153
v -0.05202137 -0.09434738 -0.01910044
v -0.05021663 -0.09318205 -0.01788802
v -0.05069583 -0.09062691 -0.02073698
v -0.05284248 -0.09298846 -0.02110675
v -0.05313758 -0.09687398 -0.01827544
v -0.05466608 -0.09573121 -0.02105504
v -0.05509324 -0.10922074 -0.02835808
v -0.05360422 -0.11282867 -0.0310204
v -0.05345787 -0.11011107 -0.02262498
v -0.05508721 -0.10754987 -0.02484629
v -0.057714 -0.10580663 -0.02624202
v -0.05756592 -0.10660615 -0.02830991
v -0.05981188 -0.10634594 -0.02937309
v -0.05856236 -0.10895164 -0.03145166
v -0.05525451 -0.11110153 -0.01470106
v -0.0574732 -0.10695001 -0.01109793
v -0.0584362 -0.11021308 -0.01221462
v -0.06103445 -0.11181528 -0.01378799
v -0.05889703 -0.11274502 -0.01590262
v -0.05764506 -0.11350251 -0.01751473
v -0.05489364 -0.11213224 -0.01750869
v -0.05610415 -0.10796452 0.02339792
v -0.05838759 -0.10668818 0.02713389
v -0.05849968 -0.10375434 0.02432545
v -0.05745573 -0.10627118 0.02152289
v -0.05757237 -0.10935728 0.02001628
v -0.05634839 -0.11070026 0.01911976
v -0.05867839 -0.1080327 0.01945195
v -0.05280517 -0.10112382 0.01636692
v -0.05414065 -0.1042917 0.01536191
v -0.05580119 -0.10452794 0.01769283
v -0.05732657 -0.10509565 0.01959848
v -0.05724087 -0.10240194 0.02140356
v -0.05896842 -0.09947909 0.02218078
v -0.05526759 -0.10249427 -0.01535512
v -0.05494386 -0.10032246 -0.01718609
v -0.05710988 -0.10455683 -0.01557747
v -0.05710446 -0.10286336 -0.01822134
v -0.0569934 -0.11002774 -0.03581676
v -0.05952474 -0.10652593 -0.03317474
v -0.05848622 -0.10615633 -0.03625904
v -0.05422066 -0.11299496 -0.03851175
v -0.05145848 -0.11567774 -0.03365021
v -0.05813665 -0.10416051 -0.03975494
v -0.05730417 -0.10665294 -0.04099564
v -0.055485 -0.09016026 -0.024842
v -0.05435172 -0.0912689 -0.02326595
v -0.05256035 -0.0888638 -0.02340192
v -0.055048 -0.08833384 -0.02556558
v -0.05720435 -0.0918057 -0.02555472
v -0.05628839 -0.09355134 -0.02359494
v -0.05771444 -0.09021148 -0.02691449
v -0.05514629 -0.09723746 -0.04659707
v -0.05408088 -0.09638908 -0.0450597
v -0.054402 -0.09933937 -0.0467498
v -0.05685656 -0.09733567 -0.04647177
v -0.05591764 -0.09614078 -0.04418414
v -0.05624851 -0.10030902 -0.04736381
v -0.05707825 -0.10465349 0.02883762
v -0.05863236 -0.10233333 0.02767745
v -0.05947545 -0.09974781 0.02684193
v -0.06073999 -0.10037962 0.02428866
v -0.06115599 -0.1142642 0.01344803
v -0.05984347 -0.11520205 0.01461927
v -0.06370694 -0.11504628 0.01282421
v -0.06327973 -0.11327583 0.01045537
v -0.06297582 -0.11731745 0.01486118
v -0.05751148 -0.09657916 0.02763158
v -0.05516347 -0.09460161 0.02694656
v -0.05733143 -0.09253454 0.0266099
v -0.06010966 -0.09614334 0.02741821
v -0.0569755 -0.09887874 0.02685735
v -0.05420702 -0.09726569 0.02604566
v -0.05900992 -0.10571004 -0.02384477
v -0.05699991 -0.10789424 -0.02270636
v -0.05940237 -0.10964889 -0.0223527
v -0.06061019 -0.10794106 -0.02194804
v -0.05844833 -0.10324338 -0.02230234
v -0.06019271 -0.10076672 -0.0241675
v -0.06022368 -0.1028313 -0.0256786
v -0.06000787 -0.10450789 -0.02744131
v -0.05907399 -0.10503757 -0.01998322
v -0.05822701 -0.09873365 -0.04285166
v -0.05753763 -0.09715933 -0.04333045
v -0.05835982 -0.09836041 -0.04544746
v -0.05885926 -0.09995809 -0.04404746
v -0.05773272 -0.09986966 -0.04130346
v -0.05634822 -0.09784615 -0.04105438
v -0.05855969 -0.10185745 -0.04243902
v -0.05872077 -0.10165468 -0.04516172
v -0.05823035 -0.10119121 -0.04678218
v -0.05709971 -0.10473854 -0.04582986
v -0.05817448 -0.10378616 -0.04397758
v -0.05940673 -0.09689979 0.02329419
v -0.0613595 -0.09623052 0.02463357
v -0.05922809 -0.09229274 0.02426181
v -0.06175323 -0.10540061 0.00931532
v -0.06132506 -0.10606334 0.01272
v -0.05921667 -0.10772051 0.01404587
v -0.05827151 -0.1065804 0.01198327
v -0.05731008 -0.10612281 0.01019809
v -0.06014859 -0.10529602 0.00706979
v -0.06327817 -0.10484216 0.00338917
v -0.06441206 -0.10323389 0.00464084
v -0.06480968 -0.1057905 0.00987044
v -0.0631028 -0.1074554 0.01341305
v -0.06259975 -0.11212602 -0.02379521
v -0.06449641 -0.1106495 -0.02393872
v -0.06243138 -0.10848863 -0.02008024
v -0.05975778 -0.10654964 -0.01795108
v -0.06561664 -0.11138036 -0.02187792
v -0.06123028 -0.10840596 0.01634495
v -0.05866751 -0.10704292 0.01783229
v -0.05711366 -0.10699775 0.01601701
v -0.06413044 -0.11136598 0.01722811
v -0.06336138 -0.11129002 0.01990142
v -0.06052545 -0.10975894 0.01869375
v -0.06498666 -0.11058224 0.01387401
v -0.06174826 -0.10003123 -0.02750876
v -0.06251415 -0.09809979 -0.02551906
v -0.05993732 -0.09904069 -0.02826077
v -0.05915734 -0.10200635 -0.0289731
v -0.06119164 -0.10292294 -0.02864294
v -0.06668353 -0.12878281 0.01697429
v -0.06535493 -0.12681098 0.01638861
v -0.06644785 -0.12566772 0.01832348
v -0.06820221 -0.12770784 0.01881818
v -0.06828761 -0.12763098 0.01567381
v -0.06745391 -0.12525596 0.01497245
v -0.07042913 -0.12669279 0.01718256
v -0.06622982 -0.12066662 0.01430608
v -0.06359935 -0.12370854 0.01585982
v -0.06139833 -0.11921106 0.01608019
v -0.07019523 -0.12401687 0.01564205
v -0.06965347 -0.12023494 0.01347446
v -0.0606463 -0.09650505 -0.02947889
v -0.05869429 -0.09545134 -0.0292961
v -0.05778763 -0.0981627 -0.02840957
v -0.06257191 -0.09579846 -0.0296391
v -0.05991156 -0.09312017 -0.0300437
v -0.06577967 -0.11583812 -0.01706842
v -0.06389906 -0.11358576 -0.01548269
v -0.06699149 -0.11343016 -0.01256686
v -0.06774965 -0.11724664 -0.01623853
v -0.06478547 -0.11779173 -0.0182291
v -0.06185911 -0.11486627 -0.01709392
v -0.06758985 -0.12109298 -0.01793902
v -0.06661274 -0.12125252 -0.02270143
v -0.06601998 -0.12316674 -0.02091077
v -0.06804794 -0.12508602 -0.02233447
v -0.06859757 -0.12212362 -0.02435873
v -0.06492093 -0.11746117 -0.02261442
v -0.06381691 -0.11886926 -0.02046913
v -0.06638446 -0.11661432 -0.02529705
v -0.06760129 -0.1242608 0.01967499
v -0.06507026 -0.12264733 0.01812279
v -0.06661302 -0.12124413 0.02007313
v -0.06896548 -0.120172 0.02153936
v -0.06945084 -0.12491157 0.02050239
v -0.06166894 -0.09438347 -0.02657567
v -0.06090402 -0.09634131 -0.0253737
v -0.05936622 -0.0943021 -0.02570178
v -0.06014772 -0.0924908 -0.02709467
v -0.06380171 -0.09420087 -0.02719784
v -0.0614246 -0.09085909 -0.02863301
v -0.06760727 -0.11303995 0.00776722
v -0.06684035 -0.11603896 0.01164756
v -0.06614795 -0.11172657 0.00499836
v -0.06219212 -0.11177203 0.00842682
v -0.06965561 -0.11590987 0.01079587
v -0.07089636 -0.11321022 0.00730328
v -0.06406306 -0.11099956 -0.01044972
v -0.06644705 -0.11007677 -0.00627787
v -0.06884025 -0.1114695 -0.00774361
v -0.07144594 -0.11223806 -0.00854003
v -0.07045153 -0.11431745 -0.0125492
v -0.07037188 -0.11774506 -0.01619137
v -0.06598246 -0.12458074 -0.01826499
v -0.07045046 -0.12622555 -0.02052449
v -0.07183187 -0.12131182 -0.02427956
v -0.06838016 -0.09985574 -0.00345283
v -0.06918623 -0.10200049 0.00113573
v -0.06572233 -0.10238178 0.0008653
v -0.06516879 -0.10193084 -0.00234647
v -0.06310105 -0.10277744 -0.00561968
v -0.06488319 -0.10180635 -0.00734084
v -0.07344073 -0.09880157 -0.00262733
v -0.07382139 -0.09981132 -0.0002386
v -0.07007965 -0.10106002 -0.0062013
v -0.07405621 -0.10000455 -0.00460542
v -0.06701693 -0.10288878 -0.00884617
v -0.07035372 -0.11189849 -2.882E-05
v -0.06751621 -0.1093953 0.0004099
v -0.06496726 -0.10963144 0.00381524
v -0.07187022 -0.11340262 0.00237009
v -0.07678697 -0.11535738 -0.00051294
v -0.07603861 -0.11399499 -0.00395178
v -0.07296836 -0.11253069 -0.00562123
v -0.07003862 -0.1113993 -0.00396301
v -0.06776789 -0.1095011 -0.00282187
v -0.07519228 -0.10193741 0.00108798
v -0.07149504 -0.10410393 0.00302559
v -0.07762723 -0.11075586 -0.00497477
v -0.07491108 -0.11114439 -0.00673151
v -0.08212239 -0.11241382 -0.00371658
v -0.08160304 -0.10937408 -0.00430054
v -0.08240186 -0.1139102 -0.00115321
v -0.08321382 -0.10771982 0.00059753
v -0.08090751 -0.10903425 0.00093494
v -0.08064738 -0.10617206 0.00047008
v -0.08347805 -0.10511936 -5.65E-06
v -0.08576603 -0.10458788 -3.182E-05
v -0.08474968 -0.10858119 0.00065947
v -0.08146924 -0.11138468 0.00058761
v -0.08280978 -0.09677065 -0.00320836
v -0.08109233 -0.09733083 -0.00352946
v -0.08209848 -0.0992393 -0.00415365
v -0.08395571 -0.0981746 -0.00340931
v -0.08338353 -0.09537295 -0.00219606
v -0.08074161 -0.09574987 -0.00228462
v -0.08513911 -0.09736209 -0.00216092
v -0.0829078 -0.09673656 -0.00113478
v -0.08119217 -0.09712189 -0.0010604
v -0.08402069 -0.09812864 -0.0008227
v -0.0820533 -0.09905802 -0.00082731
v -0.08475454 -0.10764892 -0.00453471
v -0.08659661 -0.10884195 -0.00387944
v -0.08748889 -0.10408169 -0.0038904
v -0.0844202 -0.10491186 -0.00463214
v -0.08333167 -0.101886 -0.00459486
v -0.08016276 -0.10336754 -0.00516575
v -0.08100103 -0.10638025 -0.00478572
v -0.08559749 -0.10076965 -0.00359465
v -0.08835444 -0.1041711 -0.00110116
v -0.08689649 -0.10006245 -0.0018586
v -0.08541921 -0.10058768 -0.00039733
v -0.08316816 -0.10161783 -0.00051148
v -0.08017339 -0.10281509 4.156E-05
v -0.07923073 -0.10011015 -0.00017008
v -0.0764008 -0.10442533 0.00163782
v -0.07825574 -0.09801977 -0.00067354
v -0.07781696 -0.09730639 -0.00236438
v -0.0783308 -0.09854677 -0.00393821
v -0.07491313 -0.1021805 -0.00565616
v -0.07923339 -0.10063689 -0.00487749
v -0.07610773 -0.10482999 -0.00590855
v -0.07129025 -0.10355896 -0.00696389
v -0.0728669 -0.10623626 -0.00704641
v -0.07454604 -0.1086807 -0.00710042
v -0.0773156 -0.10775636 -0.00550892
v -0.07071468 -0.10776319 -0.00940537
v -0.07262265 -0.10986255 -0.00945715
v -0.07370363 -0.11194207 -0.00927456
v -0.07146251 -0.11129706 -0.01363956
v -0.07267104 -0.11358939 -0.01322495
v -0.07013157 -0.11331204 -0.01912283
v -0.0714632 -0.11606812 -0.01786881
v -0.06961708 -0.1143702 -0.02289365
v -0.07135004 -0.1189281 -0.02154227
v -0.07092312 -0.12169833 -0.01866513
v -0.06970786 -0.11435604 -0.02587306
v -0.06713235 -0.1111684 -0.01862278
v -0.06416726 -0.10861278 -0.01733535
v -0.06898332 -0.10960434 -0.01338816
v -0.06654531 -0.10738577 -0.01306331
v -0.06442817 -0.10524014 -0.01242918
v -0.06173952 -0.10642862 -0.01571016
v -0.06875212 -0.10529155 -0.00926835
v -0.05966338 -0.10504158 -0.01357428
v -0.06240276 -0.10461307 -0.01053175
v -0.06067626 -0.10404798 -0.00873777
v -0.05779972 -0.10463333 -0.0113164
v -0.06098058 -0.10603687 -0.00858416
v -0.06201776 -0.10899866 -0.0091504
v -0.06362359 -0.10537538 -0.00510575
v -0.06466292 -0.10799155 -0.00532332
v -0.06524067 -0.10461593 -0.00226784
v -0.06615596 -0.10724591 -0.00233852
v -0.06528884 -0.10459454 0.00044677
v -0.0663064 -0.10697086 0.00045119
v -0.0642892 -0.10723235 0.00338923
v -0.06037658 -0.10761975 0.00650221
v -0.06120135 -0.10978586 0.00715616
v -0.05644295 -0.10756692 0.00931967
v -0.05503837 -0.10562631 0.01202647
v -0.05395003 -0.10684501 0.01104726
v -0.05578809 -0.10634569 0.01394771
v -0.07722613 -0.10740677 0.00172853
v -0.07429804 -0.1085403 0.00400158
v -0.07309373 -0.10618664 0.00381955
v -0.07217747 -0.1100923 0.0072617
v -0.07044591 -0.10830744 0.00686645
v -0.06881993 -0.10608316 0.00646671
v -0.06884061 -0.11054841 0.01094283
v -0.06655149 -0.10855027 0.01019247
v -0.06681079 -0.10409941 0.00559796
v -0.0678868 -0.11279585 0.01487343
v -0.07079713 -0.11492406 0.015471
v -0.07101922 -0.11739927 0.01908321
v -0.06777094 -0.11374446 0.01865408
v -0.07093629 -0.11235379 0.01138976
v -0.07137036 -0.11455539 0.01104707
v -0.07132978 -0.11816929 0.01464235
v -0.07295141 -0.11220638 0.00731402
v -0.07483612 -0.11084288 0.00400641
v -0.07353494 -0.11216445 0.00339994
v -0.07766536 -0.11017595 0.001882
v -0.07736591 -0.11246879 0.00114628
v -0.07149483 -0.12179386 0.01769351
v -0.07174231 -0.12399516 0.01988335
v -0.07146934 -0.11841996 0.0217786
v -0.06561492 -0.11536075 0.0226216
v -0.06771782 -0.11340331 0.02204067
v -0.06172469 -0.11233614 0.02112405
v -0.06419784 -0.1167293 0.02033463
v -0.06102111 -0.11371534 0.01936088
v -0.05837992 -0.11208871 0.01878125
v -0.05940124 -0.11083246 0.01973168
v -0.05988969 -0.11491457 0.01765577
v -0.05744015 -0.11316573 0.01734062
v -0.05520373 -0.11199816 0.01757164
v -0.05890484 -0.11598884 0.01602249
v -0.06277762 -0.11799327 0.01807293
v -0.08699971 -0.10969391 -0.00096359
v -0.0631396 -0.11983465 -0.01850543
v -0.06022668 -0.11610737 -0.01808732
v -0.06079711 -0.11490944 -0.01994181
v -0.05802383 -0.11238278 -0.01923501
v -0.06168071 -0.11345067 -0.021801
v -0.058538 -0.11118459 -0.02100374
v -0.05581384 -0.10984118 -0.02112266
v -0.05517144 -0.11141109 -0.0194056
v -0.05245559 -0.11191404 -0.02046695
v -0.05181936 -0.11211503 -0.01833598
v -0.04835454 -0.11059961 -0.01720783
v -0.05144986 -0.11014715 -0.01604769
v -0.05764888 -0.08965565 -0.02848038
v -0.05663718 -0.09191857 -0.02904179
v -0.05598912 -0.09447689 -0.02846069
v -0.05292964 -0.096365 -0.02710562
v -0.0553715 -0.09717492 -0.02773364
v -0.05217559 -0.09883349 -0.02788489
v -0.05445871 -0.09976213 -0.02805221
v -0.05684714 -0.10098488 -0.02855371
v -0.05364353 -0.10120095 -0.02978945
v -0.05588013 -0.10273638 -0.03007307
v -0.05828861 -0.10416249 -0.03046377
v -0.06057305 -0.10510205 -0.03050964
v -0.05533552 -0.10300122 -0.03241339
v -0.05762191 -0.10460167 -0.03294029
v -0.05527567 -0.10188776 -0.035154
v -0.05700843 -0.10388833 -0.03571406
v -0.05537236 -0.09998627 -0.03837468
v -0.0569381 -0.10204624 -0.03892938
v -0.05325633 -0.10037192 -0.03488703
v -0.05356231 -0.09827281 -0.03826454
v -0.05461532 -0.09621706 -0.04148881
v -0.05129086 -0.09807774 -0.03893237
v -0.052494 -0.09630397 -0.04247528
v -0.05098018 -0.10030504 -0.03528665
v -0.04929178 -0.1015225 -0.0361941
v -0.05103739 -0.10110667 -0.03214025
v -0.04897507 -0.10190921 -0.03257654
v -0.04833332 -0.10409957 -0.03723782
v -0.04785699 -0.10730698 -0.03865246
v -0.04616912 -0.11234756 -0.0352942
v -0.04811121 -0.11052347 -0.04019896
v -0.05053098 -0.10642817 -0.04450053
v -0.05075075 -0.11312202 -0.04030363
v -0.05294161 -0.10835425 -0.04470598
v -0.05487967 -0.10390642 -0.04688245
v -0.05298175 -0.10237104 -0.04630576
v -0.05571339 -0.10861466 -0.04307795
v -0.04816268 -0.11558928 -0.03547913
v -0.05144381 -0.10038825 -0.02969007
v -0.05326678 -0.10142533 -0.03210826
v -0.0595342 -0.09857874 -0.02346748
v -0.05816676 -0.09630115 -0.02363835
v -0.05797526 -0.10086349 -0.02098289
v -0.05636881 -0.0986212 -0.02083381
v -0.05301723 -0.08949443 0.02445434
v -0.05433419 -0.09124418 0.02262032
v -0.04892047 -0.08853831 0.02008808
v -0.05155634 -0.09255306 0.02478485
v -0.04736717 -0.09229866 0.01563673
v -0.05087005 -0.09536102 0.0246203
v -0.05307689 -0.1000336 0.02594898
v -0.0559372 -0.10161011 0.02696064
v -0.05449206 -0.10412476 0.02780177
v -0.05173455 -0.10222361 0.02687756
v -0.05306123 -0.10481871 0.0300047
v -0.05054693 -0.10305002 0.02890529
v -0.05263314 -0.10342559 0.03297947
v -0.05027822 -0.1019628 0.03182545
v -0.04750808 -0.10113586 0.03122464
v -0.05074029 -0.09910509 0.03569328
v -0.04797083 -0.09865085 0.0354905
v -0.04549338 -0.10008041 0.0360531
v -0.04611453 -0.09714075 0.04076472
v -0.04730038 -0.09665533 0.04431295
v -0.05287003 -0.10061743 0.03682877
v -0.05435378 -0.10503397 0.03432125
v -0.0552842 -0.10608396 0.0309274
v -0.05126314 -0.11047921 0.01399038
v -0.0485093 -0.10910752 0.01447409
v -0.04527327 -0.11696752 0.02771869
v -0.04344254 -0.11790718 0.02953266
v -0.04609067 -0.11571272 0.03435711
v -0.04773004 -0.11254791 0.04023575
v -0.04376702 -0.11425493 0.03467172
v -0.04491786 -0.11082001 0.04030663
v -0.04604777 -0.10570285 0.04455836
v -0.04878419 -0.10736862 0.04477701
v -0.04264671 -0.11177348 0.03423458
v -0.04163314 -0.11662065 0.03024297
v -0.04073613 -0.11416778 0.03035796
v -0.04089724 -0.11105604 0.02966865
v -0.04268678 -0.10886019 0.03326709
v -0.03838592 -0.11644149 0.02741914
v -0.03812076 -0.11298356 0.02719679
v -0.03968773 -0.11875332 0.02711169
v -0.03846965 -0.12154495 0.02484873
v -0.0403619 -0.12278212 0.02467011
v -0.04156312 -0.12007707 0.02665887
v -0.04322143 -0.11946239 0.0248845
v -0.04200748 -0.12220154 0.0230777
v -0.04269405 -0.1204451 0.0205386
v -0.04356878 -0.12345301 0.01947232
v -0.04586582 -0.12068263 0.01619296
v -0.04812605 -0.12295967 0.01597385
v -0.0453127 -0.12599893 0.01939343
v -0.04429298 -0.11806312 0.01724055
v -0.04926659 -0.12581766 0.0154765
v -0.04637207 -0.12873989 0.0187522
v -0.04706221 -0.1274806 0.01388083
v -0.04900679 -0.12597702 0.01024548
v -0.04500791 -0.12653187 0.00909807
v -0.04346196 -0.1283516 0.01221251
v -0.0517773 -0.12410921 0.01130659
v -0.05271379 -0.12294642 0.00543915
v -0.05000261 -0.12490457 0.00497015
v -0.0509867 -0.12069007 0.01198827
v -0.05170298 -0.11984855 0.00616271
v -0.05098558 -0.11928391 -0.00144277
v -0.05154558 -0.12186873 -0.00180288
v -0.05165889 -0.12168114 -0.0081896
v -0.04961324 -0.12385768 -0.00817464
v -0.04941884 -0.12374953 -0.00190343
v -0.05078041 -0.11894267 -0.00838458
v -0.05021282 -0.11986254 -0.01395565
v -0.05166812 -0.12261625 -0.01372464
v -0.04987457 -0.12523621 -0.01790952
v -0.04843664 -0.1225177 -0.01816012
v -0.04626795 -0.12050568 -0.01793155
v -0.04668856 -0.1255836 -0.00840844
v -0.04664781 -0.12569258 -0.00214984
v -0.04636174 -0.12605278 0.0044287
v -0.04240929 -0.12793034 -0.00270043
v -0.04146405 -0.12809345 0.00325984
v -0.03963031 -0.12855579 0.00739242
v -0.03661367 -0.13320512 0.00211757
v -0.03888597 -0.1308472 0.01039466
v -0.03730118 -0.13247666 -0.00362292
v -0.0316082 -0.13877699 -0.00471485
v -0.03100343 -0.13936675 0.00131411
v -0.0277418 -0.14423907 -0.00572094
v -0.02707431 -0.14460593 0.00131622
v -0.02945778 -0.14372589 0.00768119
v -0.02484488 -0.14773814 0.0015811
v -0.02744995 -0.14643157 0.00889497
v -0.03179082 -0.14192475 0.01426138
v -0.03278441 -0.13995847 0.01257801
v -0.02532455 -0.14812276 0.01016309
v -0.03075786 -0.14317149 0.01633572
v -0.02276563 -0.14736128 0.01109897
v -0.02899841 -0.14175063 0.01807697
v -0.02208924 -0.14430091 0.01045437
v -0.02785816 -0.13888377 0.01687128
v -0.02120768 -0.1407714 0.00968645
v -0.02673818 -0.1360102 0.01586746
v -0.01901794 -0.13528335 0.00902239
v -0.02434181 -0.13043022 0.01490671
v -0.01642895 -0.12972477 0.00902673
v -0.0216826 -0.12508273 0.01569224
v -0.01389485 -0.12622339 0.00980224
v -0.01996233 -0.12190954 0.01691794
v -0.01199753 -0.12423682 0.01051656
v -0.01878846 -0.11998767 0.01820634
v -0.01077273 -0.12158955 0.01065653
v -0.0180167 -0.11734197 0.01838259
v -0.01216732 -0.11912717 0.00965014
v -0.0190443 -0.11533843 0.01683051
v -0.01420439 -0.1176147 0.00859621
v -0.02055319 -0.11456461 0.01509703
v -0.02757152 -0.10929625 0.01757934
v -0.01236707 -0.11899563 -5.498E-05
v -0.01616055 -0.11719881 -0.00041751
v -0.00992025 -0.12073904 8.848E-05
v -0.01123406 -0.1200005 -0.00924286
v -0.00878481 -0.12222626 0.00018132
v -0.01014832 -0.12142698 -0.01019495
v -0.01424594 -0.11972181 -0.01749469
v -0.01533068 -0.1173654 -0.01621733
v -0.00996957 -0.12497537 0.0002505
v -0.01058652 -0.12513238 -0.00965704
v -0.01536044 -0.1223593 -0.01696678
v -0.0124655 -0.12746771 -0.00911073
v -0.01674377 -0.1248419 -0.01598635
v -0.01431669 -0.13176191 -0.00873567
v -0.01874342 -0.12899603 -0.01499414
v -0.01665837 -0.13750492 -0.00838075
v -0.02083995 -0.13503815 -0.01492898
v -0.01828113 -0.14286526 -0.00843203
v -0.02272268 -0.13999781 -0.01537831
v -0.01939686 -0.14655623 -0.00842107
v -0.02379845 -0.14330381 -0.01614952
v -0.02059709 -0.14952287 -0.00825809
v -0.02508133 -0.14615566 -0.01659961
v -0.0321106 -0.13973413 -0.02158845
v -0.02737 -0.14599836 -0.01483522
v -0.03368399 -0.14064406 -0.01936613
v -0.02906995 -0.14478631 -0.01329393
v -0.03399136 -0.14013998 -0.01750132
v -0.03939103 -0.13430071 -0.01861982
v -0.02334282 -0.14922887 -0.00734672
v -0.02532407 -0.14724463 -0.00655415
v -0.02258885 -0.14944966 0.00183643
v -0.01980163 -0.14960259 0.00179264
v -0.01870576 -0.14677489 0.00131355
v -0.01766858 -0.14313222 0.0008216
v -0.01580524 -0.13780025 0.00035566
v -0.01354996 -0.1321325 0.00018379
v -0.01106881 -0.12839204 0.00033773
v -0.02156134 -0.11319236 -0.02038218
v -0.02801599 -0.10835285 -0.01795356
v -0.03394151 -0.10692452 -0.01338583
v -0.02881012 -0.10860561 -0.01397261
v -0.03448443 -0.10652332 -0.00845774
v -0.02917247 -0.10888904 -0.00863553
v -0.03480203 -0.10588608 -0.0017129
v -0.02934305 -0.1094704 -0.00191096
v -0.0221688 -0.11402912 -0.00126016
v -0.03476711 -0.10587904 0.00558469
v -0.03792707 -0.1037977 -0.00140854
v -0.03748534 -0.10343155 0.00587349
v -0.03994676 -0.10229608 -0.00120177
v -0.03907654 -0.10140755 0.00617721
v -0.04177326 -0.1018105 -0.00091186
v -0.04114663 -0.10079221 0.00668385
v -0.03989903 -0.10074142 0.01196973
v -0.0388279 -0.10362361 0.01785366
v -0.03770084 -0.1023525 0.01584253
v -0.04055936 -0.10469988 0.01898014
v -0.04309383 -0.10374836 -0.00044074
v -0.04361733 -0.10394873 -0.00808141
v -0.04208936 -0.10218871 -0.00824278
v -0.03992574 -0.10244242 -0.00825093
v -0.03958428 -0.10276551 -0.0134347
v -0.03767966 -0.10408305 -0.00828279
v -0.03741201 -0.10486012 -0.01299363
v -0.04226676 -0.12733392 -0.00861959
v -0.03982021 -0.10560042 -0.02218413
v -0.0305397 0.01929977 0.00767794
v -0.02964739 0.02189906 0.00931236
v -0.02817018 0.02336791 0.00825192
v -0.0290835 0.02213162 0.00659511
v -0.03093266 0.01783277 0.00974339
v -0.03018592 0.02052389 0.01077927
v -0.03024526 0.02167549 0.00482328
v -0.0315724 0.01914557 0.00539034
v -0.03179883 0.01520388 0.00703422
v -0.03252388 0.01432426 0.00902247
v -0.03258289 0.01584841 0.00519948
v -0.03717016 0.0042706 0.00816484
v -0.03466992 0.00977074 0.00799707
v -0.03663146 0.00905461 0.00584541
v -0.03873561 0.00560603 0.00603762
v -0.03593333 0.00447813 0.01103066
v -0.03381776 0.00904916 0.01045537
v -0.03804251 -0.00035749 0.00994128
v -0.03645414 0.00010882 0.01158505
v -0.03772023 0.00172396 0.00610017
v -0.03736087 -0.0011747 0.00769219
v -0.03917129 0.00276884 0.00455242
v -0.03220925 0.01397006 -0.00724851
v -0.03344527 0.01316729 -0.00527876
v -0.0320336 0.01740978 -0.00362878
v -0.03113433 0.01828673 -0.00543573
v -0.03097151 0.01737537 -0.00834936
v -0.03042017 0.01563003 -0.00973469
v -0.03110882 0.01239735 -0.00879595
v -0.0305826 0.01991951 -0.00685348
v -0.03229062 0.00820797 -0.00938849
v -0.03370605 0.00859176 -0.00809734
v -0.03488497 0.00871218 -0.00659685
v -0.02432248 0.01924778 -0.01528264
v -0.02495397 0.01773355 -0.01257143
v -0.02693968 0.0195661 -0.01248217
v -0.02741577 0.02082156 -0.01498492
v -0.021352 0.01938797 -0.01322544
v -0.02309835 0.0180418 -0.01112954
v -0.02227137 0.0209612 -0.01700272
v -0.02025554 0.02075882 -0.01562471
v -0.02852439 0.02172053 -0.01770037
v -0.02607041 0.02024062 -0.0182664
v -0.02404468 0.02140182 -0.01915672
v -0.03037068 0.02260637 -0.03079673
v -0.03021467 0.02132738 -0.02913718
v -0.03059178 0.02353011 -0.02835277
v -0.03041163 0.02457973 -0.03036704
v -0.02883704 0.02287384 -0.03137127
v -0.02798784 0.02204654 -0.02976784
v -0.02835887 0.0249745 -0.03134355
v -0.02685693 0.02423858 -0.02986799
v -0.02662003 0.03256103 0.01920818
v -0.02592404 0.03389987 0.01647248
v -0.0278801 0.0360804 0.01582915
v -0.02897881 0.0349861 0.01763302
v -0.02846846 0.03269994 0.02093706
v -0.02773893 0.03092507 0.02289597
v -0.0259163 0.03028965 0.02224794
v -0.02381738 0.02785717 0.02153146
v -0.02386615 0.03019504 0.01866409
v -0.02361203 0.03156935 0.01635734
v -0.02986225 0.03471407 0.01948754
v -0.01108709 0.00729531 0.01094512
v -0.01246055 0.00728024 0.01129113
v -0.01306238 0.00689166 0.00832838
v -0.01101375 0.00720427 0.0088358
v -0.00891606 0.00765138 0.00951445
v -0.00953435 0.00711094 0.01215539
v -0.01054115 0.00695364 0.01359962
v -0.02209497 0.03211959 0.00968069
v -0.02110165 0.03431837 0.01143808
v -0.01926764 0.03267299 0.01139245
v -0.01979534 0.03027522 0.01016938
v -0.02065409 0.02600638 0.00898787
v -0.02238196 0.02793507 0.00785859
v -0.02397904 0.03569583 0.01067055
v -0.02256578 0.03707691 0.01186908
v -0.02462651 0.03108086 0.00975866
v -0.02570313 0.03418124 0.01126362
v -0.02444146 0.02809028 0.00792363
v -0.03303412 0.01205076 0.00646257
v -0.0340553 0.01195189 0.00483531
v -0.04169727 0.01021516 0.00288827
v -0.04197127 0.01356928 0.00178875
v -0.04792805 0.01150935 0.00126285
v -0.04799565 0.00848411 0.00184355
v -0.04812435 0.00502374 0.00225247
v -0.04337262 0.0061197 0.00363605
v -0.03779074 0.01307263 0.00266036
v -0.03700637 0.01593552 0.00261623
v -0.04054535 0.00606086 0.004776
v -0.03855442 0.0093511 0.00430134
v -0.03572226 0.01241095 0.00320158
v -0.02024196 0.0221585 0.00906419
v -0.02234782 0.01964041 0.00731818
v -0.02272868 0.02250577 0.00679195
v -0.02342454 0.02461878 0.00608787
v -0.01800263 0.02671503 0.01041233
v -0.01809557 0.02345349 0.01041156
v -0.01765204 0.02981943 0.01074889
v -0.03475676 0.00040714 0.01097777
v -0.0335078 -0.0013197 0.01101244
v -0.03206201 0.00188383 0.01062119
v -0.03380031 0.0034432 0.01087493
v -0.03499135 -0.00289659 0.01143321
v -0.02593813 0.02950139 0.03151211
v -0.02575353 0.02941781 0.02971955
v -0.02786984 0.02902318 0.02944735
v -0.02782515 0.02873706 0.0314164
v -0.02728696 0.02794982 0.0326691
v -0.02556333 0.02795061 0.03233621
v -0.02512676 0.02752884 0.03020461
v -0.02856855 0.02266483 0.03233713
v -0.02853824 0.02425857 0.03270698
v -0.02946413 0.02432914 0.03091759
v -0.02901243 0.02210761 0.03089556
v -0.02710993 0.02128944 0.03121033
v -0.02736991 0.02241484 0.03250236
v -0.02656774 0.02391119 0.03287305
v -0.02851414 0.02268352 0.02201785
v -0.02630706 0.02088281 0.0221293
v -0.02690853 0.02071068 0.02568527
v -0.02888444 0.02204618 0.02569304
v -0.02713681 0.02162258 0.01860509
v -0.025193 0.02035363 0.01901408
v -0.0300347 0.02460858 0.02027213
v -0.02910502 0.02317621 0.01784647
v -0.02967052 0.02547289 0.02380867
v -0.03021543 0.02700148 0.02200298
v -0.02948125 0.02462819 0.02627228
v -0.01932002 0.01872067 0.01484175
v -0.01764657 0.02118728 0.015707
v -0.02013162 0.02245491 0.0172126
v -0.02166276 0.02047792 0.01688452
v -0.01538656 0.01756988 0.01473919
v -0.01437354 0.02008701 0.01480592
v -0.02386491 0.01948571 0.01635673
v -0.022863 0.01782375 0.01385717
v -0.02106939 0.01645488 0.01229053
v -0.01885511 0.01702365 0.01301419
v -0.01617032 0.01622983 0.01342942
v -0.03207007 -0.00711024 0.01182943
v -0.03070764 -0.00565569 0.01170969
v -0.03276344 -0.00453045 0.01164287
v -0.03411285 -0.00624264 0.01180108
v -0.03183872 -0.00907125 0.01084681
v -0.02897067 -0.00735949 0.01110883
v -0.03431281 -0.00722847 0.01019367
v -0.03163003 -0.00739579 0.009725
v -0.03309186 -0.00612012 0.00907367
v -0.03162658 -0.00471668 0.00878587
v -0.0302491 -0.0061671 0.00984228
v -0.03323322 0.03763434 0.01474769
v -0.0340874 0.03684729 0.01696439
v -0.0317521 0.03627095 0.0181563
v -0.03109554 0.03629625 0.01624294
v -0.02948991 0.03769153 0.01483603
v -0.03057819 0.03877771 0.01353216
v -0.03017137 0.03679564 0.01289189
v -0.03276649 0.03529926 0.01297432
v -0.03515711 0.03320565 0.01340551
v -0.03555932 0.03552101 0.0144745
v -0.0358791 0.03483252 0.01615304
v -0.03569099 0.0319346 0.01555427
v -0.03429502 0.01634939 0.00389885
v -0.05803859 -0.00466692 0.0012676
v -0.05754253 -0.00634061 0.00041229
v -0.05528162 -0.00368538 0.00036675
v -0.05660367 -0.00219419 0.00171648
v -0.05975415 -0.00461631 0.00107504
v -0.06001982 -0.00740129 0.00035223
v -0.05888662 -0.00131164 0.0016322
v -0.03557458 0.02144752 0.00093371
v -0.03196092 0.0228964 -0.00031017
v -0.03363599 0.0207495 -0.00226674
v -0.03688986 0.01957691 -0.00161944
v -0.03654245 0.01861794 0.0022957
v -0.03346389 0.01936262 0.0038227
v -0.03210697 0.02188404 0.00298703
v -0.03006637 0.02316411 0.0017456
v -0.0596564 -0.00891975 -0.00145145
v -0.06069075 -0.00797029 -0.00296766
v -0.0579087 -0.00649955 -0.0034328
v -0.05721918 -0.00795321 -0.00156742
v -0.06195597 -0.00686121 -0.00084642
v -0.06210567 -0.00553057 -0.00214777
v -0.06167934 -0.00425506 0.00011297
v -0.06200104 -0.00350851 -0.00191432
v -0.06077694 -0.00547868 -0.00370601
v -0.06036637 -0.00270907 -0.00404415
v -0.05581584 0.01059723 -0.00276616
v -0.05320605 0.0114226 -0.00230353
v -0.05315532 0.00899587 -0.0031908
v -0.05641825 0.00847817 -0.00368455
v -0.0588739 0.00865223 -0.00303987
v -0.056988 0.01167859 -0.00212933
v -0.05350597 0.01335481 -0.00124986
v -0.03021149 -0.00505314 -0.00735273
v -0.02939574 -0.00588544 -0.00880177
v -0.02867306 -0.00240058 -0.00830404
v -0.02962573 -0.00274496 -0.00631971
v -0.03170842 -0.00321315 -0.00566346
v -0.03178075 -0.00627295 -0.00687305
v -0.03164255 -0.0080934 -0.00895713
v -0.00777474 0.03452317 -0.01308201
v -0.00496018 0.03497188 -0.01417799
v -0.00550618 0.03497019 -0.01609243
v -0.00900709 0.03507174 -0.01394611
v -0.0105794 0.03618784 -0.01102555
v -0.00777011 0.03526066 -0.01082556
v -0.00458413 0.03485963 -0.01164823
v -0.02657372 0.02603303 -0.0295917
v -0.02601605 0.02637086 -0.02790939
v -0.02627579 0.02404979 -0.02768513
v -0.02778717 0.0272182 -0.03039871
v -0.02688424 0.02855436 -0.02824737
v -0.0297668 0.02717027 -0.02716997
v -0.02914438 0.02720333 -0.02565323
v -0.02811262 0.02899891 -0.02546383
v -0.02905114 0.0287188 -0.02783985
v -0.03002767 0.02693758 -0.02959583
v -0.03039406 0.0256092 -0.02779195
v -0.02978998 0.02514252 -0.02591686
v -0.01300599 0.01358755 0.01473172
v -0.00665853 0.01184736 0.01778782
v -0.00590794 0.01401369 0.01710474
v -0.01121952 0.0157887 0.01497316
v -0.01255063 0.01043229 0.01522494
v -0.00725669 0.00916359 0.01856483
v -0.01631383 0.0176688 0.01173473
v -0.01491924 0.01542141 0.01089111
v -0.01461571 0.01159463 0.01150411
v -0.05674696 -0.00196757 -0.00420391
v -0.06014599 0.00063183 -0.00408906
v -0.05686693 0.00165995 -0.00451311
v -0.05300141 0.00316123 -0.00378397
v -0.05250806 0.00074914 -0.00337896
v -0.05159092 -0.00155084 -0.00284128
v -0.05518537 -0.00405184 -0.0032614
v -0.02103678 0.02890638 -0.0091254
v -0.0230049 0.0258341 -0.00704905
v -0.02246474 0.02355261 -0.00773202
v -0.02053877 0.02558537 -0.00932405
v -0.02314366 0.03003959 -0.00802974
v -0.02423711 0.02730873 -0.00643674
v -0.01834734 0.02677912 -0.0102834
v -0.01827483 0.02977633 -0.01021871
v -0.01797952 0.03266695 -0.01039408
v -0.02010339 0.03298634 -0.01021179
v -0.02215621 0.03413828 -0.00931547
v -0.02519956 0.03291914 -0.00886719
v -0.02567852 0.02945434 -0.00835507
v -0.02285826 0.03705971 -0.00983694
v -0.0250585 0.03606132 -0.00900179
v -0.02187357 0.03592701 -0.01258808
v -0.02305193 0.0374432 -0.01259184
v -0.02035403 0.03466742 -0.01258174
v -0.0332538 -0.00330642 -0.01184767
v -0.03177993 -0.00431948 -0.01170162
v -0.03336833 -0.00678601 -0.01184154
v -0.03478209 -0.00435855 -0.01165219
v -0.03290144 -0.00089967 -0.01140167
v -0.03071828 -0.00141707 -0.01110474
v -0.03504336 -0.0009349 -0.0112296
v -0.03724747 0.00131877 -0.00321954
v -0.03655135 -0.00135907 -0.00489637
v -0.03402423 -0.00042215 -0.00437167
v -0.03430334 0.00215113 -0.00273763
v -0.03425033 0.00428521 -0.00086744
v -0.0366439 0.00277718 -0.00049759
v -0.03888147 0.00144792 -0.00567039
v -0.03703003 0.00063651 -0.00649125
v -0.0399957 0.0025778 -0.00248307
v -0.04082145 0.0025141 -0.00486143
v -0.0395752 0.00259125 0.00051496
v -0.03630505 0.03068525 -0.01370017
v -0.03484422 0.02916422 -0.01434535
v -0.03404618 0.03020706 -0.01250455
v -0.03586389 0.03228862 -0.01253163
v -0.03795442 0.03079212 -0.01449019
v -0.03636253 0.02826539 -0.01582318
v -0.03776934 0.0339816 -0.01312412
v -0.00960673 0.0350289 0.01135298
v -0.00910985 0.03563655 0.00951078
v -0.0111651 0.03611284 0.00861867
v -0.01132599 0.03517681 0.01136796
v -0.00821524 0.03393861 0.01293448
v -0.00734743 0.03425597 0.01078754
v -0.0101794 0.03389442 0.01474699
v -0.02821506 0.03772453 0.01249981
v -0.0269821 0.03651319 0.01204901
v -0.02923122 0.03486364 0.01257479
v -0.02785597 0.03943042 0.01246273
v -0.02564889 0.038278 0.01148198
v -0.02631209 0.03732467 -0.01061565
v -0.02688323 0.03545555 -0.01058792
v -0.02517178 0.03818879 -0.00976472
v -0.02713606 0.03837001 -0.01109339
v -0.02874256 0.03652444 -0.01138376
v -0.02567605 0.03963111 -0.01051635
v -0.02569652 0.04213151 -0.01251505
v -0.0258899 0.04198626 -0.01104236
v -0.02394168 0.04146543 -0.01035676
v -0.02477317 0.04075151 -0.01252485
v -0.02758253 0.04155118 -0.01297394
v -0.0279068 0.04150019 -0.01177831
v -0.02686101 0.03998771 -0.013525
v -0.03673417 0.03621593 -0.01685919
v -0.03824414 0.03577588 -0.01522356
v -0.03595426 0.03849532 -0.01428387
v -0.03467423 0.03805879 -0.01662033
v -0.0361703 0.03395747 -0.01761554
v -0.03806207 0.03233612 -0.01649318
v -0.03367743 0.0354012 -0.01722433
v -0.04320898 0.00185051 0.00016591
v -0.04319105 0.00221423 -0.00207045
v -0.04083176 0.00314153 0.00333322
v -0.04354159 0.00320095 0.00242978
v -0.03762769 0.0027131 0.00268072
v -0.0356488 0.00336332 0.00162894
v -0.02463581 0.0378885 0.01379001
v -0.02335219 0.03637496 0.01352651
v -0.02439305 0.0394577 0.01272881
v -0.02622562 0.03728592 0.01450323
v -0.02489485 0.03516648 0.01461631
v -0.02713543 0.03931013 0.01383428
v -0.02556937 0.02320149 0.03109225
v -0.02586859 0.02918503 0.02511714
v -0.02480912 0.02716908 0.02524434
v -0.02138345 0.02623696 0.01898707
v -0.02121196 0.02834929 0.01757426
v -0.02348702 0.02461293 0.02228633
v -0.02189116 0.02372711 0.01949315
v -0.02441769 0.02474019 0.02563038
v -0.02800552 0.02633954 0.03288869
v -0.02592011 0.02592679 0.03281731
v -0.02902228 0.02668536 0.03115678
v -0.03061952 -0.00323322 0.00879747
v -0.02927189 -0.0036485 0.00944758
v -0.03097238 -0.0010696 0.0076108
v -0.02900632 -0.00016357 0.00828779
v -0.0327809 -0.00259435 0.00736706
v -0.02829419 0.02271307 0.00045279
v -0.02717267 0.02050883 0.00071492
v -0.02693257 0.02078294 -0.00123557
v -0.0274082 0.02324988 -0.0014031
v -0.02895542 0.02306386 -0.00274451
v -0.03023897 0.02365445 -0.00147446
v -0.0269937 0.02306007 0.00258928
v -0.02635326 0.02092905 0.00262427
v -0.02854104 0.02233093 0.00360766
v -0.02636088 0.04055294 -0.01105489
v -0.02779128 0.03995703 -0.01148945
v -0.01511554 0.0190667 -0.01047015
v -0.01689083 0.02078456 -0.01166829
v -0.01729298 0.01854843 -0.01328918
v -0.01571806 0.01691172 -0.01321261
v -0.01307988 0.01923453 -0.00763864
v -0.01249681 0.023663 -0.00671347
v -0.01454671 0.02364808 -0.00902469
v -0.01636119 0.02395389 -0.01056086
v -0.01443639 0.01488763 -0.01097934
v -0.01345005 0.01496067 -0.00824228
v -0.01437857 0.01443088 -0.01348803
v -0.0204385 0.02042101 -0.01090852
v -0.02191367 0.01903492 -0.00949552
v -0.01898846 0.01924949 -0.01333679
v -0.01876666 0.02114987 -0.01177146
v -0.01818361 0.02023892 -0.01526387
v -0.03620235 0.00081662 -0.00835798
v -0.03581796 -0.00062768 -0.0076538
v -0.0361 0.00368027 -0.00720998
v -0.03713124 -0.0007729 -0.01020813
v -0.03604259 -0.00200101 -0.00890535
v -0.03522228 0.00364498 -0.00902378
v -0.03140009 -0.00792101 -0.01134726
v -0.02984307 -0.00547021 -0.01103427
v -0.03426897 -0.00757373 -0.00968113
v -0.00953679 0.03076753 0.01615846
v -0.00458274 0.03086139 0.01793667
v -0.00487971 0.03293125 0.01699625
v -0.01290767 0.03213223 0.01305498
v -0.01262928 0.030297 0.01454249
v -0.01339254 0.03328323 0.01047721
v -0.01511538 0.03429241 -0.01182061
v -0.01322237 0.03615577 -0.00914584
v -0.01274035 0.03509228 -0.01348787
v -0.0135328 0.0325105 -0.01460875
v -0.01615961 0.03236638 -0.01394614
v -0.01579918 0.0329392 -0.00980415
v -0.01386976 0.03352138 -0.0081555
v 0.01186522 0.03425949 0.00628885
v 0.00767691 0.03396405 0.00889594
v 0.00899397 0.03430416 0.01238094
v 0.01431189 0.03477435 0.00762098
v 0.0161314 0.0344857 0.00090078
v 0.01235417 0.03450786 0.00130948
v 0.00697673 0.03448182 0.00301719
v -0.01089793 0.00683816 -0.01544673
v -0.00898973 0.00666672 -0.01644954
v -0.00874422 0.0067153 -0.0146951
v -0.01106921 0.00692077 -0.01405176
v -0.01220037 0.00733819 -0.01638001
v -0.00946499 0.00772854 -0.01833852
v -0.0131226 0.00724045 -0.01421589
v -0.03556344 0.03389421 0.01953092
v -0.03522604 0.03183266 0.01981711
v -0.03380524 0.03358038 0.02070445
v -0.03473165 0.03498383 0.02002578
v -0.03628031 0.03433818 0.01815086
v -0.03595081 0.03133359 0.01771758
v -0.0345775 0.03652147 0.01905176
v -0.03247926 0.03579571 0.02024217
v -0.05855104 -0.0048206 -0.00400209
v -0.0254268 0.01937352 0.01368926
v -0.02592115 0.0176988 0.01163262
v -0.02431633 0.01591658 0.01201006
v -0.02267161 0.01487249 0.01115988
v -0.02598135 0.02062318 0.01597301
v -0.01226853 0.03367799 0.00781377
v -0.01202408 0.0309418 0.00753324
v -0.01351114 0.03055578 0.00942318
v -0.03200098 0.01356202 0.01099449
v -0.03014116 0.02326818 -0.01434415
v -0.02905889 0.02082332 -0.01224633
v -0.03044223 0.02226112 -0.01101314
v -0.03074649 0.02491474 -0.01216089
v -0.03127062 0.02336176 -0.01709434
v -0.02972203 0.02310596 -0.02071712
v -0.03169358 0.02493978 -0.01910289
v -0.02759159 0.02104246 -0.02124613
v -0.02967463 0.02299071 -0.02377509
v -0.02857765 0.02111041 -0.02420155
v -0.03111593 0.02734186 -0.01941185
v -0.02995583 0.0261064 -0.02129125
v -0.02958975 0.02538834 -0.02361884
v -0.02523102 0.02917618 -0.02162593
v -0.02767954 0.02991595 -0.02294593
v -0.02780308 0.03089424 -0.0208574
v -0.02565628 0.03059332 -0.01903273
v -0.02421098 0.02670665 -0.02226829
v -0.02531037 0.02662835 -0.0254048
v -0.02626 0.028653 -0.02533
v -0.02271797 0.02890305 -0.01862239
v -0.02245407 0.02654929 -0.01951029
v -0.02311627 0.03030033 -0.0166861
v -0.03152654 0.02538609 0.01687767
v -0.03209068 0.02657514 0.0197214
v -0.02978392 0.02319153 0.0147674
v -0.02811888 0.0216566 0.01561309
v -0.03441963 0.02841372 0.01740397
v -0.0338838 0.02949139 0.01510772
v -0.03137804 0.02738812 0.01458221
v -0.03016178 0.02484701 0.01329173
v -0.03390413 0.02922236 0.01971296
v -0.02799235 0.03197327 -0.01079989
v -0.02785819 0.02825294 -0.00964584
v -0.03070034 0.02962306 -0.01148461
v -0.02992025 0.02674062 -0.01065522
v -0.03054559 0.03424601 -0.01155987
v -0.03251727 0.03214923 -0.01174039
v -0.01147491 0.03615285 -0.00554012
v -0.00936538 0.03629512 -0.00648173
v -0.0071716 0.03603377 -0.0070775
v -0.01035837 0.03469743 -0.01537698
v -0.02444705 0.0133256 0.00598114
v -0.02447406 0.01689056 0.0053418
v -0.02211508 0.0169872 0.00809668
v -0.02194724 0.01534495 0.00949345
v -0.02373456 0.01255111 0.00830985
v -0.02653986 0.01199827 0.00334028
v -0.02621636 0.01533171 0.00323818
v -0.02535073 0.00902004 0.00782184
v -0.02600685 0.00846062 0.00535602
v -0.02758082 0.00827502 0.003067
v -0.01354667 0.01542015 0.00801394
v -0.01401571 0.01206275 0.00807953
v -0.01434132 0.01986465 0.00961706
v -0.0127786 0.01934345 0.007686
v -0.01598869 0.02057983 0.01090697
v -0.03525778 -0.00419495 -0.00859061
v -0.03541081 -0.00273159 -0.00680034
v -0.03638491 -0.00532328 -0.0103703
v 0.00543092 0.00655576 -0.00980307
v 0.00107744 0.00692285 -0.01109669
v 0.00148679 0.00599305 -0.01391395
v 0.00731318 0.00594831 -0.01140237
v 0.00686509 0.00662656 -0.00606
v 0.0010261 0.00675093 -0.00661122
v 0.01104454 0.00608847 -0.00659811
v 0.00472345 0.03476524 -0.00708544
v 0.00636481 0.03488895 -0.00303001
v 0.01184645 0.03473011 -0.00507983
v 0.00720252 0.03479111 -0.0099686
v 7.965E-05 0.03487844 -0.00772783
v 0.00036591 0.03473106 -0.00233596
v 0.00070285 0.03496781 -0.01208548
v -0.05568708 0.01008708 0.00143131
v -0.05666233 0.00770701 0.00157472
v -0.05324001 0.00752438 0.00126046
v -0.05282745 0.01053112 0.0009697
v -0.05310511 0.01286275 0.00092409
v -0.05692563 0.01144129 0.00152117
v -0.05914311 0.00824269 0.00096564
v -0.02823161 0.0038143 0.00568491
v -0.02612984 0.00472986 0.00802551
v -0.0268828 -0.00011254 0.0091135
v -0.03126384 0.00146547 0.00528391
v -0.03224896 0.00353989 0.00327976
v -0.02973822 0.00533447 0.00312582
v -0.0536616 0.00271318 0.00155098
v -0.05210519 -0.00022257 0.00054928
v -0.04765821 0.00234516 0.00126981
v -0.05743859 0.00335292 0.00169011
v -0.02276743 0.03269794 -0.01478686
v -0.0180273 0.03426737 -0.0123497
v -0.01916247 0.03244634 -0.01410426
v -0.02005063 0.03027832 -0.01538432
v -0.02600159 0.03237085 -0.01750568
v -0.0267408 0.03411944 -0.01648893
v -0.02411547 0.03495047 -0.01459668
v 0.00412378 0.00586912 0.00994432
v 0.00624161 0.00620771 0.00598531
v 0.01068257 0.00568657 0.00748488
v 0.00601146 0.00520455 0.01235591
v -0.00046926 0.00581361 0.01410419
v -0.00060534 0.00650443 0.01050904
v 0.00013431 0.00655736 0.00560695
v -0.00638393 0.02232085 -0.01660192
v -0.01215481 0.02431081 -0.01547751
v -0.01100822 0.02730632 -0.01579103
v -0.00556561 0.02668907 -0.01737658
v -0.0110678 0.01940447 -0.01547213
v -0.0141502 0.02150238 -0.01547176
v -0.00446203 0.01751171 -0.01730266
v -0.00938013 0.01608559 -0.01639142
v -0.02891571 0.00586837 -0.0033192
v -0.02952537 0.00783583 -0.00093935
v -0.03187412 0.00606742 -0.00098022
v -0.03165837 0.00344612 -0.00263115
v -0.03161523 0.00024298 -0.00416402
v -0.02927531 0.00113679 -0.0049037
v -0.02760838 0.0066004 -0.00583002
v -0.02647213 0.01050091 -0.00544874
v -0.02717857 0.01053515 -0.00321816
v -0.02821297 0.00196849 -0.00705286
v -0.02808064 0.01094451 -0.00100471
v -0.02586858 0.01521607 -0.0039476
v -0.0258402 0.01892114 -0.00348228
v -0.02703931 0.01783436 -0.00127775
v -0.0274611 0.01444291 -0.00123379
v -0.02511316 0.01395899 -0.00607303
v -0.0235213 0.01683232 -0.00767449
v -0.02379056 0.01866886 -0.00637697
v -0.02415623 0.02114423 -0.00564792
v -0.02189763 0.02121586 -0.00833454
v -0.02022991 0.02285158 -0.00979227
v -0.01844209 0.02379026 -0.01079268
v -0.01598892 0.02730007 -0.00997361
v -0.01577162 0.03031042 -0.00979569
v -0.01402069 0.02752429 -0.00837686
v -0.01375399 0.03075537 -0.00812833
v -0.012248 0.02770429 -0.00593202
v -0.01200731 0.03094699 -0.00560983
v -0.01201633 0.03362849 -0.00542556
v -0.01046912 0.03076983 -0.0022642
v -0.01040228 0.03322045 -0.00198169
v -0.0097416 0.03513487 -0.00181125
v -0.00814382 0.03586416 -0.00191422
v -0.01010095 0.03318346 0.00172133
v -0.0095714 0.03512501 0.00203196
v -0.00797131 0.03564605 0.00259581
v -0.00618874 0.03540617 0.00314354
v -0.00623666 0.03578325 -0.002123
v -0.01035051 0.03592557 0.00549171
v -0.00852023 0.03588641 0.0065167
v -0.0067907 0.03493351 0.00771589
v -0.00379952 0.03395364 0.00889008
v -0.00358243 0.03504818 0.00365791
v -0.00414585 0.0332122 0.01249597
v 0.00166254 0.03379159 0.01385957
v 0.00129953 0.03388318 0.01005435
v -0.00451108 0.03330008 0.01502382
v 0.00196105 0.03405409 0.01638925
v 0.01010143 0.03441369 0.01450236
v 0.00229784 0.03400671 0.01882436
v 0.01130161 0.0343834 0.01663823
v 0.01855509 0.03469615 0.01003229
v 0.01636514 0.03495748 0.00876964
v 0.00272186 0.03117488 0.01957258
v 0.01150656 0.03142911 0.01700104
v 0.01838752 0.03153511 0.01006647
v 0.0212128 0.03139897 0.00071708
v 0.02091905 0.0342572 0.00077264
v 0.01095643 0.02888291 0.01603015
v 0.01737213 0.02903303 0.00959392
v 0.02043954 0.02879634 0.00067114
v 0.01826231 0.02903766 -0.00874609
v 0.01928955 0.03154653 -0.00914284
v 0.01648505 0.02613204 0.00918428
v 0.01964967 0.02595908 0.00064207
v 0.01732766 0.02639561 -0.00837198
v 0.0110349 0.0268171 -0.01501432
v 0.01139908 0.02965072 -0.01576187
v 0.0187474 0.02189581 0.00059413
v 0.01647426 0.02243403 -0.00807508
v 0.01083163 0.0228172 -0.01477874
v 0.00239811 0.02273083 -0.01740162
v 0.00240516 0.02666695 -0.01783493
v 0.01608315 0.01771293 -0.0081174
v 0.01078317 0.01820363 -0.01475295
v 0.00287919 0.01816841 -0.01735056
v 0.01099057 0.01415181 -0.01517077
v 0.00317292 0.01410477 -0.01823144
v -0.0042154 0.01373162 -0.01812962
v -0.00906434 0.01302662 -0.01735167
v 0.00321325 0.01119037 -0.0190903
v -0.00444874 0.01100229 -0.01902773
v -0.00930307 0.01051327 -0.01813838
v -0.01201727 0.00989445 -0.01617667
v -0.01195381 0.01225461 -0.01579862
v -0.00476606 0.00833635 -0.01937969
v 0.00303279 0.00832674 -0.01952978
v 0.00256916 0.00546665 -0.01857932
v -0.00496791 0.00646156 -0.0179016
v 0.00205276 0.00528554 -0.01619615
v -0.00493304 0.00660594 -0.01586928
v -0.00488736 0.00736043 -0.01383573
v -0.00874767 0.00706316 -0.01280617
v -0.01116397 0.00697347 -0.01224728
v -0.00486472 0.00756933 -0.0111395
v -0.00856257 0.00753346 -0.01037891
v -0.01096863 0.00704156 -0.00986282
v -0.01320958 0.00683785 -0.00947795
v -0.01308199 0.00745572 -0.0121569
v -0.00812342 0.00742953 -0.00607543
v -0.01032795 0.0071335 -0.00561973
v -0.01229269 0.0070632 -0.0051569
v -0.01257107 0.009187 -0.00493488
v -0.01393988 0.00917049 -0.00908385
v -0.00982256 0.00682853 -0.00040246
v -0.01145648 0.00739756 -0.00031638
v -0.01151052 0.00935325 -0.00022856
v -0.01128025 0.01168416 -8.038E-05
v -0.01208772 0.01162287 -0.00481179
v -0.01229332 0.0070527 0.00430805
v -0.01291886 0.00925841 0.00420518
v -0.01251706 0.01183904 0.0044328
v -0.012003 0.01492742 0.00463497
v -0.0111419 0.01468346 9.874E-05
v -0.01451452 0.00901361 0.00803877
v -0.01465425 0.00837698 0.01165359
v -0.01243397 0.0073519 0.01504969
v -0.00713676 0.00657237 0.01751388
v -0.00665269 0.00653206 0.01557397
v -0.00015543 0.00534821 0.0164434
v 0.00016702 0.00550259 0.01871049
v -0.00641095 0.00695155 0.01363977
v -0.00595574 0.0075318 0.01053588
v -0.00827862 0.00722837 0.00508192
v -0.00530538 0.00714013 0.00547476
v -0.00780148 0.00677547 -0.00048254
v -0.00476512 0.00695922 -0.00049561
v 0.00095855 0.00680542 -0.00041743
v -0.00477768 0.00728466 -0.00653497
v 0.00777338 0.00645369 -7.09E-05
v 0.01248226 0.00593379 0.00027601
v 0.0138124 0.00577073 -0.00763385
v 0.0153305 0.00591959 0.00042537
v 0.01320106 0.00555746 0.008691
v 0.0176165 0.00601721 0.00048252
v 0.01527931 0.00546514 0.00970322
v 0.00872328 0.00523737 0.01627468
v 0.00746308 0.00510767 0.0144063
v 0.01683605 0.00771614 0.01049237
v 0.00958495 0.00765142 0.01724113
v 0.00063962 0.00822473 0.01982242
v 0.0094607 0.01034793 0.01645307
v 0.00106927 0.01089208 0.01906058
v 0.00929158 0.01305614 0.01558011
v 0.00145836 0.01332554 0.01815792
v 0.00941385 0.01677401 0.01496811
v 0.00195257 0.01682873 0.01727803
v -0.0049286 0.01735038 0.01658884
v 0.00250512 0.02145055 0.01707563
v -0.00413363 0.02165549 0.01650925
v -0.00939351 0.0222178 0.0149015
v -0.01017997 0.01864878 0.01476554
v -0.01353085 0.02286129 0.01490342
v -0.00904054 0.02559731 0.01528319
v -0.01299057 0.02559756 0.01514158
v -0.01606735 0.0260542 0.01548216
v -0.01672756 0.02367171 0.01566598
v -0.01866056 0.02694895 0.01638714
v -0.01920777 0.02476043 0.0170841
v -0.01559088 0.02834381 0.01518134
v -0.01820812 0.02887223 0.01541187
v -0.02096 0.02974421 0.01580191
v -0.01774226 0.03059145 0.01434803
v -0.02042411 0.03094153 0.01415389
v -0.02285765 0.03283406 0.01447062
v -0.01962637 0.03240699 0.01297317
v -0.02167666 0.03407489 0.01314593
v -0.01738852 0.03202032 0.01306487
v -0.01736014 0.03205766 0.01149522
v -0.01540441 0.03235619 0.01124096
v -0.01540455 0.03005608 0.01065624
v -0.01522853 0.03198916 0.01303818
v -0.01527135 0.03038452 0.01438494
v -0.01273337 0.02813722 0.01529373
v -0.00902282 0.02829638 0.01575692
v -0.0041312 0.02842943 0.01756616
v -0.00395667 0.02554802 0.01709755
v 0.0028825 0.02566825 0.01763575
v 0.00295299 0.02855497 0.01870224
v 0.01037232 0.02599753 0.01514378
v 0.00973942 0.02162894 0.01464132
v 0.01559786 0.02181315 0.00891403
v 0.01531188 0.01694522 0.00915188
v 0.01836184 0.01729636 0.00059322
v 0.0156516 0.01338409 0.00964096
v 0.01863492 0.01381931 0.00060901
v 0.01630386 0.0138084 -0.00845061
v 0.01891515 0.01098348 0.0005883
v 0.0168553 0.01097942 -0.00885509
v 0.01133109 0.0111414 -0.01578223
v 0.01718183 0.00818076 -0.00906145
v 0.01175131 0.00821116 -0.01648805
v 0.01594516 0.0058339 -0.00853907
v 0.01099501 0.00525682 -0.01556368
v 0.00937445 0.00512912 -0.01348366
v 0.01936809 0.00807793 0.00055681
v 0.01634652 0.01064496 0.01016978
v -0.01349885 0.02744662 0.0092466
v -0.01556619 0.0271199 0.01045917
v -0.01377822 0.02381845 0.00921622
v -0.01575563 0.02384497 0.01044365
v -0.01815626 0.02051806 0.01081061
v -0.01838157 0.01826599 0.01164116
v -0.02023334 0.01731707 0.01071761
v -0.02005483 0.01928764 0.00958219
v -0.01192309 0.02766025 0.00738438
v -0.01204236 0.02366849 0.00747186
v -0.01060358 0.02766445 0.00484092
v -0.01045214 0.02343191 0.004736
v -0.01132473 0.01885899 0.00468316
v -0.01037632 0.0233447 0.00090163
v -0.01096897 0.01869953 0.00045001
v -0.01110823 0.02353401 -0.0032122
v -0.01103524 0.01895143 -0.0041169
v -0.01161058 0.0147451 -0.00461169
v -0.01353622 0.01174741 -0.00870858
v -0.01415924 0.01171765 -0.01153934
v -0.01414474 0.00925525 -0.01202495
v -0.0136509 0.01180285 -0.01388606
v -0.0137399 0.00945271 -0.01429597
v -0.01258522 0.0148684 -0.01552108
v -0.01408068 0.01743397 -0.01533698
v -0.0161514 0.01919654 -0.01530516
v -0.01690079 0.0225828 -0.01597052
v -0.01914424 0.02312108 -0.01663323
v -0.01825274 0.02573044 -0.0166993
v -0.01575732 0.02520005 -0.0158818
v -0.0176903 0.02811789 -0.01605546
v -0.01484813 0.02775278 -0.01565049
v -0.01708266 0.03025394 -0.0150973
v -0.01421107 0.03015543 -0.01526267
v -0.0108616 0.03001974 -0.01603359
v -0.01087718 0.03249802 -0.01615467
v -0.00626777 0.03221502 -0.01856261
v -0.00593824 0.02975657 -0.01801525
v 0.00196908 0.03218491 -0.01962425
v 0.00216414 0.02975074 -0.01880673
v 0.01184504 0.0320831 -0.01656442
v 0.00178439 0.03471783 -0.01905951
v 0.01176924 0.03518486 -0.01646097
v 0.01894174 0.03456185 -0.00874313
v 0.01038091 0.03550024 -0.01436367
v 0.01682473 0.03486957 -0.00759886
v 0.01863338 0.03457776 0.00084021
v 0.01482734 0.03483862 -0.00657347
v 0.00914399 0.03518085 -0.01247039
v 0.00138859 0.03521139 -0.01461513
v 0.00155389 0.0351823 -0.01694392
v -0.00611145 0.03459028 -0.01791152
v -0.02023827 0.02853874 -0.0169503
v -0.02041222 0.02616356 -0.01782916
v -0.02115532 0.02355414 -0.01760103
v -0.0231611 0.02395323 -0.01933206
v -0.0248947 0.02426825 -0.02201134
v -0.02562256 0.02179407 -0.02190379
v -0.02675892 0.0219535 -0.02481632
v -0.02576983 0.02419457 -0.02514654
v -0.02732546 0.02177815 -0.02743667
v -0.02940143 0.02086892 -0.02684966
v -0.03001775 0.02295711 -0.02627831
v -0.0106146 0.02765355 -0.00263491
v -0.01000673 0.02756528 0.00126265
v -0.00998874 0.0307345 0.0015121
v -0.01077846 0.03095221 0.00500121
v -0.01105712 0.03359839 0.00513777
v -0.01036504 0.00684849 0.0047067
v 0.00090148 0.03467625 0.00401481
v -0.00377759 0.03541674 -0.00231512
v -0.00451935 0.03530824 -0.00781948
v -0.02455951 0.02349564 -0.00503017
v -0.02592405 0.02173693 -0.00307461
v -0.02640515 0.02405132 -0.00292341
v -0.02527966 0.02551936 -0.00453553
v -0.02660019 0.02434736 -0.00599883
v -0.02757687 0.02292685 -0.00424202
v -0.02610553 0.02661641 -0.00737342
v -0.02814723 0.02553744 -0.0083948
v -0.0287224 0.0235158 -0.00697314
v -0.03046477 0.02192439 -0.00811573
v -0.02948048 0.02211663 -0.00554063
v -0.03007309 0.02414882 -0.00940401
v -0.03061488 0.01988838 -0.00969262
v -0.02958605 0.01830837 -0.010892
v -0.02780117 0.01713689 -0.01108312
v -0.02869646 0.01491357 -0.00945359
v -0.02712002 0.01428725 -0.00891863
v -0.02774603 0.01129611 -0.00889324
v -0.02956934 0.01173293 -0.00909238
v -0.0259769 0.01609725 -0.01066748
v -0.02441691 0.01609257 -0.00931663
v -0.02586429 0.01395404 -0.00773569
v -0.02662698 0.01093765 -0.0073578
v -0.02694866 0.00736974 -0.00792424
v -0.02842805 0.00769381 -0.00942417
v -0.02755004 0.00244797 -0.00917125
v -0.02965003 0.00273701 -0.01032195
v -0.0319272 0.00303026 -0.01074413
v -0.03044658 0.00795476 -0.01005313
v -0.03410041 0.00341895 -0.0106446
v -0.02871219 -0.00207363 -0.01017238
v -0.03062737 0.02173678 -0.00431421
v -0.03181467 0.02135967 -0.00317278
v -0.03411062 0.01704055 -0.00253211
v -0.03516357 0.01293033 -0.00387757
v -0.03770031 0.01287064 -0.00304434
v -0.03704905 0.0164893 -0.00209788
v -0.04193766 0.01214615 -0.00254171
v -0.04175818 0.01507684 -0.00178017
v -0.04204608 0.01749893 -0.00119038
v -0.04810777 0.0129601 -0.00199119
v -0.04830412 0.01495994 -0.00101101
v -0.04842092 0.01614631 0.00044695
v -0.04207792 0.01877367 0.0007615
v -0.04814877 0.01404732 0.00098303
v -0.04197655 0.01627327 0.00140011
v -0.05381042 0.01519595 0.0002209
v -0.05801552 0.01275117 -0.00025613
v -0.06049339 0.00881078 -0.0009315
v -0.06140536 0.00421524 -0.00146113
v -0.06002624 0.00376903 0.00051864
v -0.05982336 0.00470103 -0.0036859
v -0.06172661 -0.00027835 -0.00176964
v -0.05687005 0.00513833 -0.00431097
v -0.05316191 0.00606263 -0.00372039
v -0.04796511 0.0104755 -0.00272918
v -0.04793107 0.00771687 -0.0032813
v -0.04784214 0.00508955 -0.00347742
v -0.04761748 0.00305937 -0.00288316
v -0.04244214 0.00899261 -0.00349556
v -0.04308449 0.00600794 -0.00410385
v -0.04345069 0.00341655 -0.00389205
v -0.04716219 0.00105692 -0.00210516
v -0.03989995 0.00568938 -0.00500522
v -0.03872849 0.00921293 -0.00432403
v -0.03641455 0.00891877 -0.00523721
v -0.03788243 0.00497839 -0.00610222
v -0.0471519 0.00062094 -0.00034298
v -0.05142165 -0.00213528 -0.00094947
v -0.05468513 -0.00514533 -0.00139981
v -0.06103143 -0.00085676 0.00044757
v -0.02712666 0.01773369 0.00094496
v -0.0274133 0.01459238 0.00113355
v -0.02783529 0.01134261 0.00120814
v -0.02898355 0.00825551 0.00120533
v -0.03119614 0.00640425 0.00135971
v -0.03358449 0.00503353 0.00149005
v -0.0345076 0.00218731 0.0035513
v -0.03661276 0.00100707 0.0042284
v -0.03358244 -4.162E-05 0.00529381
v -0.035777 -0.00125868 0.00592893
v -0.03471997 -0.00394645 0.00781151
v -0.0362654 -0.00447557 0.00922385
v -0.03716771 -0.00459607 0.01139697
v -0.02620221 0.01831618 0.0029613
v -0.02497333 0.0221825 0.00438747
v -0.0245758 0.01986756 0.00483258
v -0.02585074 0.02384304 0.00440423
v -0.02478803 0.02519162 0.0064746
v -0.02626517 0.02434977 0.00745628
v -0.02608631 0.02670701 0.00905656
v -0.02704869 0.02245532 0.00561395
v -0.02802964 0.02539474 0.00962287
v -0.02882801 0.02788601 0.01053929
v -0.02668049 0.02946821 0.01043723
v -0.03014041 0.03059225 0.01168219
v -0.0279329 0.0324997 0.01161773
v -0.03160344 0.03303604 0.01262222
v -0.03350037 0.03091425 0.01300654
v -0.03175297 0.02852377 0.01231851
v -0.03019481 0.02623174 0.01150739
v -0.0296359 0.02401603 0.01045516
v -0.02997784 0.0226559 0.01194218
v -0.02917138 0.02146257 0.01316833
v -0.02940396 0.01950978 0.01193519
v -0.02780046 0.018728 0.01199366
v -0.02748802 0.02048387 0.01359282
v -0.03035075 0.01694649 0.01123392
v -0.0289344 0.01607227 0.01161935
v -0.02731732 0.01498294 0.01138254
v -0.0303426 0.01267925 0.01165954
v -0.02868355 0.01183096 0.01069937
v -0.02688362 0.0107505 0.01053081
v -0.02569425 0.01381312 0.01083366
v -0.03198203 0.00805899 0.01129161
v -0.03007681 0.00703623 0.01085199
v -0.02803253 0.00621826 0.01081657
v -0.02574864 0.00543994 0.01043831
v -0.02517589 0.0097283 0.00982983
v -0.02999133 0.00096826 0.01069628
v -0.02794171 0.00041874 0.01043079
v -0.03143862 -0.0025342 0.01124561
v -0.02928776 -0.00332069 0.01116763
v -0.02750632 -0.00413075 0.01024758
v -0.0242378 0.01283663 0.01000024
v -0.03383925 -0.00359858 -0.00576841
v -0.03403319 -0.00618035 -0.0075273
v -0.02765439 0.03569465 -0.01558393
v -0.02515718 0.03663513 -0.01417794
v -0.02844385 0.03753186 -0.01513927
v -0.02609592 0.03827719 -0.01377529
v -0.0239516 0.03910152 -0.01252349
v -0.02343949 0.03918988 -0.01026387
v -0.02937713 0.03935445 -0.01463062
v -0.03104654 0.03660005 -0.0163851
v -0.03212747 0.03845777 -0.01544156
v -0.03331358 0.03957037 -0.0138077
v -0.03028856 0.04084793 -0.01347138
v -0.03347478 0.03858439 -0.01217114
v -0.03056733 0.04026049 -0.01208599
v -0.03236593 0.03637331 -0.01214698
v -0.03002395 0.03839096 -0.01182566
v -0.03588462 0.03661125 -0.01233898
v -0.03444761 0.03439749 -0.01194196
v -0.03017774 0.03474762 -0.01704806
v -0.03269358 0.03307503 -0.01765694
v -0.02922846 0.03315603 -0.01796605
v -0.03140204 0.03115038 -0.01826627
v -0.03298652 0.02899749 -0.01834812
v -0.03484724 0.03124448 -0.01794159
v -0.0342567 0.02662115 -0.01853639
v -0.03671079 0.02918369 -0.01779752
v -0.03396356 0.02562558 -0.01658428
v -0.03260588 0.02676478 -0.01479313
v -0.03213742 0.02778896 -0.01272276
v -0.03013399 0.02969684 -0.01946349
v -0.02837641 0.03193044 -0.01927144
v -0.02921931 0.0285741 -0.02118031
v -0.02893735 0.0277411 -0.02336736
v -0.03114965 0.02900328 0.02084872
v -0.03249458 0.03128337 0.02053439
v -0.03003908 0.03112638 0.02136763
v -0.0311825 0.03340365 0.02078884
v -0.02926914 0.02937177 0.02279224
v -0.02903542 0.02808868 0.02473405
v -0.02757996 0.02989502 0.02518616
v -0.02883428 0.02720475 0.0269019
v -0.02764027 0.02920002 0.02738224
v -0.02583833 0.02911544 0.02759684
v -0.02498973 0.02723148 0.02798448
v -0.02518691 0.02544554 0.03070806
v -0.02489376 0.02495213 0.02843577
v -0.02530494 0.02251302 0.02875618
v -0.02501265 0.02225508 0.02578436
v -0.02443416 0.02223876 0.022314
v -0.02709932 0.02065139 0.02880433
v -0.02896437 0.0219376 0.02858829
v -0.02954141 0.02434106 0.02872551
v -0.02903178 0.02685852 0.02907779
v -0.02329728 0.0216949 0.01927956
v -0.01338455 -0.10505112 0.00177979
v -0.01002845 -0.10830099 0.00242062
v -0.01276272 -0.10703523 0.00847824
v -0.01649363 -0.10357574 0.00491088
v -0.01502474 -0.10364973 -0.00218972
v -0.01102618 -0.10772459 -0.00412275
v -0.01911419 -0.10018843 0.00077467
v -0.01327421 -0.07495718 -0.00056412
v -0.00641659 -0.07754152 0.00305994
v -0.00427943 -0.07828924 -0.00218609
v -0.00771544 -0.07707681 -0.00628793
v -0.01380254 -0.07501971 0.00858268
v -0.00859941 -0.07678777 0.00799315
v -0.02069319 -0.07176137 -0.00036988
v -0.02027673 -0.07262657 0.00785656
v -0.01130206 -0.0756669 -0.01002705
v -0.00337009 -0.07885211 -0.01024856
v -0.01011075 -0.07622651 -0.01384933
v -0.01735696 -0.07342634 -0.01500181
v -0.01618202 -0.07384726 -0.00900682
v -0.02169348 -0.08911893 0.0202578
v -0.01203068 -0.09291393 0.0183146
v -0.01129667 -0.08716566 0.01825061
v -0.01940586 -0.08360625 0.01992927
v -0.02465787 -0.08011418 0.0204833
v -0.02814749 -0.08319497 0.02087765
v -0.03005818 -0.08720836 0.02206792
v -0.0270877 -0.08986177 0.02143096
v -0.02495091 -0.09939763 -1.622E-05
v -0.0222546 -0.10016143 -0.00292857
v -0.02378019 -0.09986485 0.00334444
v -0.02743684 -0.09916053 -0.00016084
v -0.02571012 -0.10030195 -0.00491639
v -0.02729332 -0.09967711 0.00491506
v -0.02314136 -0.07819393 0.02103637
v -0.01886812 -0.07992472 0.02093423
v -0.01885332 -0.07735998 0.02171837
v -0.0243434 -0.07593188 0.02118022
v -0.02695268 -0.07652156 0.02040545
v -0.02935399 -0.09929632 -0.01751312
v -0.03024945 -0.09886663 -0.01900538
v -0.02702742 -0.10092474 -0.02063424
v -0.0272022 -0.10051846 -0.01769823
v -0.02753058 -0.10092959 -0.02269832
v -0.02264461 -0.10304194 -0.02261438
v -0.02322899 -0.10283729 -0.02031566
v -0.02128128 -0.0862745 -0.02070723
v -0.02007606 -0.09297724 -0.02084031
v -0.02603048 -0.09195894 -0.02177143
v -0.02712527 -0.08838793 -0.02172789
v -0.02926477 -0.08621494 -0.02211622
v -0.02707747 -0.08313665 -0.02198257
v -0.02571724 -0.07883587 -0.02139609
v -0.01943143 -0.08015122 -0.02106578
v -0.03100462 -0.09902558 0.01674784
v -0.02936137 -0.09990281 0.01719105
v -0.02956191 -0.09994706 0.01963848
v -0.03190052 -0.09862439 0.01792059
v -0.03451973 -0.09684996 0.01388514
v -0.03264553 -0.09797207 0.01326601
v -0.03070486 -0.09894198 0.01259029
v -0.02456386 -0.06908056 -0.01254406
v -0.02438337 -0.06934958 -0.00794754
v -0.02152584 -0.07127946 -0.00843487
v -0.022586 -0.0708999 -0.01411349
v -0.02568676 -0.06956218 -0.01672075
v -0.02820448 -0.0686272 -0.01274639
v -0.02483889 -0.07380855 0.02070213
v -0.02048301 -0.07373103 0.02052051
v -0.0277749 -0.07342029 0.01905725
v -0.0276101 -0.07093395 0.0176043
v -0.02454907 -0.07022344 0.01034295
v -0.02018018 -0.0731715 0.01293166
v -0.0245571 -0.07009406 0.00625837
v -0.02679604 -0.06888951 0.00575517
v -0.02648733 -0.0690235 0.01149304
v -0.0291687 -0.07781866 0.02047293
v -0.031191 -0.07827016 0.02091122
v -0.03125929 -0.08243794 0.02196341
v -0.03205741 -0.08585104 0.02256295
v -0.02580157 -0.07154085 -0.01972285
v -0.0299841 -0.07252371 -0.01865958
v -0.03032829 -0.07066666 -0.01655466
v -0.03116694 -0.06968419 -0.01435491
v -0.0301812 -0.07153313 0.01643426
v -0.02980709 -0.07431471 0.01861956
v -0.02722661 -0.06930371 0.01583807
v -0.0213676 -0.07225773 0.01643844
v -0.03007253 -0.06913797 0.01254863
v -0.03043837 -0.07038171 -0.01102139
v -0.02893863 -0.06994301 -0.00709188
v -0.02698431 -0.06862876 -0.00756625
v -0.03267376 -0.07053429 -0.01281274
v -0.03120934 -0.07138111 0.00986587
v -0.03266917 -0.07138076 0.01210126
v -0.03209769 -0.07031665 0.01448701
v -0.03196874 -0.07205078 0.01711379
v -0.03255678 -0.0802463 -0.00863741
v -0.03117728 -0.07586689 -0.00681488
v -0.03259358 -0.07597706 -0.01131708
v -0.03386135 -0.0792098 -0.01308843
v -0.03120625 -0.07951802 -0.00028419
v -0.02999152 -0.075569 -0.00044311
v -0.03328361 -0.08321398 -0.01465827
v -0.0325896 -0.08504559 -0.01400689
v -0.03359862 -0.08306719 -0.00781255
v -0.03192537 -0.0827466 -6.91E-06
v -0.03306293 -0.08225182 0.00842766
v -0.03370912 -0.08117439 0.01177485
v -0.03303208 -0.0779046 0.00978994
v -0.03201592 -0.07867828 0.00646664
v -0.03286118 -0.0848828 0.01417997
v -0.03394515 -0.08396116 0.0152109
v -0.03388388 -0.0844588 0.00748872
v -0.03482161 -0.08628687 0.00700823
v -0.03343518 -0.08795905 0.01330812
v -0.0326927 -0.08629672 0.0134306
v -0.03466475 -0.08258373 -0.02330561
v -0.03593008 -0.08307269 -0.0193559
v -0.03815811 -0.08132744 -0.0207606
v -0.03771504 -0.08100094 -0.02325027
v -0.03144179 -0.08465726 -0.02224151
v -0.03262423 -0.0842894 -0.01886467
v -0.038904 -0.08128886 -0.02637185
v -0.03632132 -0.08242134 -0.02726762
v -0.03606459 -0.08414685 0.0198395
v -0.03807001 -0.08402883 0.02332032
v -0.03956515 -0.08200164 0.02228248
v -0.039023 -0.08266854 0.01873055
v -0.03576706 -0.08334929 0.01569839
v -0.03315189 -0.08543903 0.01927403
v -0.03769702 -0.08310494 0.01540049
v -0.03509373 -0.0817785 -0.0158415
v -0.03758004 -0.08171439 -0.01572244
v -0.03860564 -0.08315723 -0.01778614
v -0.0398105 -0.08236623 -0.01947309
v -0.03446063 -0.07120616 -0.02281303
v -0.03508541 -0.06945208 -0.02134114
v -0.03285379 -0.07150659 -0.01976074
v -0.03239526 -0.07401348 -0.02219535
v -0.03583604 -0.0703867 -0.02527272
v -0.03700855 -0.06856998 -0.02326643
v -0.0347181 -0.07357166 -0.02536408
v -0.04126824 -0.07914218 0.02189441
v -0.04094648 -0.0795124 0.01917898
v -0.04245935 -0.08080904 0.01755967
v -0.04099214 -0.08341333 0.01700239
v -0.03992713 -0.08319795 0.01444087
v -0.0368247 -0.07056092 0.02075862
v -0.03400873 -0.07185675 0.01834031
v -0.0335652 -0.0699669 0.01578494
v -0.03520108 -0.06860868 0.01685015
v -0.0369985 -0.06645546 0.01743706
v -0.03912774 -0.06753819 0.02120477
v -0.0359325 -0.07407438 0.02240963
v -0.03357028 -0.0745431 0.02038757
v -0.03543982 -0.06658226 -0.01934826
v -0.03313297 -0.06948505 -0.01756716
v -0.03798671 -0.06650206 -0.02213956
v -0.03927034 -0.06349566 -0.02198534
v -0.03689445 -0.06253537 -0.01981895
v -0.03638928 -0.06947961 0.011518
v -0.03486467 -0.06849477 0.01377036
v -0.0340048 -0.07040735 0.01306226
v -0.03568653 -0.07292309 0.01138394
v -0.03630491 -0.06626187 0.0120392
v -0.03563499 -0.06614989 0.01456144
v -0.03937348 -0.07031884 0.01045309
v -0.03870966 -0.06629011 0.01147265
v -0.03815246 -0.07216914 -0.01209828
v -0.0350025 -0.06904371 -0.01284485
v -0.03728943 -0.0655629 -0.01307299
v -0.03985614 -0.06939431 -0.01113496
v -0.03422882 -0.07278969 -0.01266766
v -0.03919102 -0.07612134 -0.01260963
v -0.03551482 -0.07575811 -0.01325957
v -0.03833458 -0.07380029 0.01065107
v -0.03635925 -0.07714389 0.01158502
v -0.0384481 -0.07737876 0.01117209
v -0.0407389 -0.07832755 0.00976404
v -0.04054543 -0.07527661 0.00900729
v -0.04142915 -0.07315684 0.00937277
v -0.03729249 -0.0621355 0.01581417
v -0.03919773 -0.06144111 0.01812487
v -0.03832708 -0.06375127 0.01794621
v -0.0363945 -0.06371277 0.01524092
v -0.03723288 -0.06091396 0.01489059
v -0.03975017 -0.05906367 0.01786678
v -0.03610148 -0.06317355 0.01284992
v -0.03450837 -0.06518123 -0.01596018
v -0.03622387 -0.06125376 -0.01753506
v -0.03825939 -0.06099025 -0.01583035
v -0.033333 -0.06837921 -0.01510757
v -0.03948182 -0.06247585 -0.01670582
v -0.04042651 -0.06567093 -0.0152016
v -0.04227859 -0.07056432 -0.0140842
v -0.03856648 -0.07354662 -0.03799079
v -0.03764909 -0.07440296 -0.0351676
v -0.03802048 -0.07674325 -0.03588389
v -0.03900611 -0.07500079 -0.0390738
v -0.03893217 -0.0718253 -0.03866257
v -0.03744736 -0.07215079 -0.03474727
v -0.04010113 -0.07305156 -0.04092637
v -0.04002503 -0.07113141 0.02566715
v -0.04035709 -0.0723931 0.02960152
v -0.03823313 -0.07170133 0.02966749
v -0.03748116 -0.07318448 0.0256752
v -0.04223571 -0.07004271 0.02405901
v -0.04462986 -0.07294375 0.02583016
v -0.04275227 -0.07501719 0.02700898
v -0.04189481 -0.07562693 0.03006057
v -0.04109832 -0.08058646 -0.03084238
v -0.04307194 -0.07998408 -0.02801887
v -0.04336462 -0.07793846 -0.02953676
v -0.04188465 -0.07803674 -0.03177133
v -0.04178062 -0.07879438 -0.03571056
v -0.0395292 -0.07851211 -0.03619616
v -0.03811913 -0.08077203 -0.03160148
v -0.04160575 -0.07691082 -0.03512326
v -0.04328629 -0.08476962 0.01313193
v -0.04365722 -0.08493681 0.01613386
v -0.04687352 -0.08758653 0.01638565
v -0.04673104 -0.08873303 0.01426451
v -0.04631825 -0.08513409 0.01038637
v -0.04478952 -0.0825152 0.00843308
v -0.04133246 -0.08178344 0.01072333
v -0.04880375 -0.08838076 0.01235373
v -0.03798135 -0.06004516 -0.02081503
v -0.03773146 -0.05817915 -0.02001475
v -0.0403513 -0.06014991 -0.02254196
v -0.04128344 -0.05711609 -0.02250765
v -0.03949394 -0.06405727 0.01348585
v -0.0401854 -0.06303119 0.01520996
v -0.0389725 -0.06138297 0.01450009
v -0.03834012 -0.06322958 0.01235734
v -0.04044908 -0.06636715 0.01315876
v -0.04181739 -0.06568403 0.01559296
v -0.04224654 -0.07391968 0.01145695
v -0.04158393 -0.07009207 0.01254841
v -0.04463591 -0.07398812 0.01420255
v -0.04425646 -0.06985162 0.01543384
v -0.04435879 -0.07487363 0.0074071
v -0.04434598 -0.07628013 0.00887827
v -0.04351452 -0.07921104 0.02961605
v -0.04528593 -0.07816584 0.02698476
v -0.04193851 -0.08186582 0.02548951
v -0.04025513 -0.08386788 0.02690796
v -0.04168194 -0.08141676 0.03105405
v -0.04300373 -0.0791595 0.02445614
v -0.03942732 -0.05921061 -0.0190333
v -0.0403583 -0.06135588 -0.01875922
v -0.04201139 -0.06514249 -0.01802102
v -0.04235203 -0.0694707 0.03883082
v -0.04115535 -0.0704985 0.03743808
v -0.04227493 -0.06887131 0.03612501
v -0.04355442 -0.06827303 0.03796223
v -0.04482764 -0.07005273 0.03830348
v -0.0433804 -0.07087845 0.03970945
v -0.04195143 -0.0726403 0.03838069
v -0.04332671 -0.07290052 -0.01093639
v -0.04278435 -0.07186094 -0.00944358
v -0.04339252 -0.07415608 -0.01413073
v -0.04359519 -0.07474069 -0.01180219
v -0.04081745 -0.07270262 -0.03640619
v -0.0399479 -0.07308194 -0.03379008
v -0.03931618 -0.07128964 -0.03382043
v -0.04102726 -0.07133077 -0.03745455
v -0.04222362 -0.07246629 -0.03903473
v -0.04152464 -0.07380962 -0.03722173
v -0.04077997 -0.0751269 -0.03448212
v -0.04124248 -0.07502148 -0.04124392
v -0.04062675 -0.0765168 -0.03949913
v -0.04267473 -0.0766193 -0.03913821
v -0.04305144 -0.07430127 -0.04085357
v -0.04201583 -0.07164006 -0.04086013
v -0.04411223 -0.07689653 0.02357913
v -0.04373778 -0.07604976 0.02168881
v -0.04566706 -0.07554645 0.02471893
v -0.04642214 -0.07224938 0.02258021
v -0.04439423 -0.0779809 0.01015681
v -0.04380298 -0.07749844 0.01224683
v -0.04771291 -0.07746793 0.00770144
v -0.04663832 -0.07896993 0.00989175
v -0.04573765 -0.07902411 0.01179365
v -0.0457294 -0.08436792 -0.01342176
v -0.05128024 -0.0851134 -0.01022561
v -0.05233788 -0.08777821 -0.0134395
v -0.04983849 -0.08759078 -0.0152016
v -0.04465801 -0.08523625 -0.0159916
v -0.04143528 -0.08301931 -0.01676324
v -0.04068572 -0.08218892 -0.01484361
v -0.04783064 -0.08854724 -0.01611897
v -0.04279754 -0.07401035 -0.03954884
v -0.04242019 -0.07527072 -0.03810138
v -0.04735629 -0.07922981 0.01239613
v -0.04569998 -0.07734279 0.01379466
v -0.04901629 -0.07933607 0.01025336
v -0.0436495 -0.07092619 0.03627398
v -0.0448206 -0.07656254 -0.01223292
v -0.04543189 -0.07593274 -0.01374213
v -0.04721258 -0.07600817 -0.01075693
v -0.04556366 -0.07474265 -0.01040878
v -0.0469867 -0.0762601 -0.01276115
v -0.04418763 -0.07663805 -0.02394026
v -0.0432217 -0.07834257 -0.02463892
v -0.04180531 -0.07776724 -0.02288111
v -0.04332773 -0.07560872 -0.02247462
v -0.04534508 -0.07539575 -0.02443404
v -0.04499688 -0.07825637 -0.02621075
v -0.04446387 -0.07285892 -0.02269875
v -0.04663289 -0.06715735 0.01772617
v -0.04395271 -0.06434103 0.01767867
v -0.04695252 -0.07187458 0.01688509
v -0.04926968 -0.06892222 0.01767597
v -0.04671444 -0.07483947 0.01580531
v -0.04410277 -0.07219868 -0.01653987
v -0.0448326 -0.07410531 -0.01604313
v -0.04484472 -0.072107 -0.01957581
v -0.04514416 -0.07484975 -0.01797384
v -0.04404407 -0.06901372 -0.01762483
v -0.04615833 -0.07341618 -0.00921292
v -0.04931393 -0.07408281 -0.00739511
v -0.04613404 -0.07474829 0.04013585
v -0.04478114 -0.0728793 0.04059239
v -0.04608588 -0.07198922 0.03869492
v -0.04685273 -0.07386045 0.0387845
v -0.04508111 -0.07655606 0.03883754
v -0.04302475 -0.07489656 0.03931301
v -0.04628366 -0.07517401 0.03711036
v -0.0429029 -0.07527614 -0.02046161
v -0.04701755 -0.0682064 -0.02106563
v -0.04604103 -0.06942982 -0.02342666
v -0.04605313 -0.0658498 -0.01993478
v -0.04669299 -0.07295463 0.01912454
v -0.04689546 -0.07608793 0.01751593
v -0.04462945 -0.07781289 0.01751707
v -0.0433992 -0.07579956 0.01902528
v -0.0449813 -0.07305849 0.03664156
v -0.04231278 -0.06057278 -0.01991034
v -0.04240376 -0.0583178 -0.02062178
v -0.0458676 -0.06012257 -0.02140612
v -0.04408804 -0.0629132 -0.01999086
v -0.04555242 -0.06856296 -0.02464989
v -0.04426127 -0.07201752 -0.02562707
v -0.04590452 -0.07336544 -0.02547625
v -0.04689354 -0.07596056 -0.01528367
v -0.04815825 -0.07636712 -0.01349387
v -0.04949578 -0.07586982 -0.01129082
v -0.05183545 -0.09176532 0.01402433
v -0.05008651 -0.09214118 0.01562954
v -0.05335063 -0.09559753 0.01649237
v -0.05414814 -0.09573729 0.01489646
v -0.05543961 -0.0939564 0.01530974
v -0.05388073 -0.09224967 0.01454183
v -0.05466371 -0.09140982 0.01305376
v -0.05281326 -0.09053453 0.0121538
v -0.05160192 -0.07458917 -0.00813476
v -0.04837427 -0.07767424 -0.0156345
v -0.04930557 -0.07774647 -0.01432676
v -0.04905604 -0.07931799 -0.01711933
v -0.05075787 -0.07996603 -0.01520318
v -0.04688661 -0.07684567 -0.01725353
v -0.05092443 -0.08654609 0.00709558
v -0.05135432 -0.08911371 0.01031411
v -0.0531527 -0.09086645 0.00910224
v -0.05442506 -0.08919404 0.00642147
v -0.04924216 -0.08234841 0.00571135
v -0.04841874 -0.0737432 -0.00554672
v -0.04579468 -0.07347088 -0.00757303
v -0.05653489 -0.09262653 0.01334357
v -0.04617158 -0.06289376 0.01819587
v -0.0458995 -0.06061222 0.01819321
v -0.04237708 -0.06184766 0.01744921
v -0.04860558 -0.06427644 0.01833987
v -0.04944819 -0.06162742 0.0181395
v -0.05020624 -0.08089389 0.01413372
v -0.04928526 -0.07970272 0.01316542
v -0.05095958 -0.08102393 0.01096787
v -0.05286999 -0.08385249 0.01287865
v -0.04850814 -0.07924034 0.01620877
v -0.04778395 -0.07757452 0.01477933
v -0.05131594 -0.0832439 0.01612385
v -0.04865239 -0.08140128 -0.008865
v -0.05166851 -0.08130924 -0.00589691
v -0.05405121 -0.08416741 -0.00648015
v -0.05695213 -0.08718083 -0.00663969
v -0.05474047 -0.08848998 -0.00967164
v -0.05397716 -0.08954896 -0.01225134
v -0.04375914 -0.08106462 -0.01118624
v -0.05326713 -0.09155709 0.01086739
v -0.05463588 -0.09248075 0.01105283
v -0.05476756 -0.09248473 0.00880184
v -0.05092713 -0.07567304 0.00489069
v -0.05382172 -0.07374737 0.00206312
v -0.05388248 -0.07612735 0.00364711
v -0.05101294 -0.07777478 0.00717153
v -0.04819022 -0.07534394 0.00514879
v -0.05053372 -0.07358368 0.00162482
v -0.05253711 -0.09037732 -0.02048339
v -0.05136789 -0.09181264 -0.01823571
v -0.05449554 -0.09543568 -0.01898097
v -0.05568188 -0.09444273 -0.02047489
v -0.05727702 -0.09369527 -0.02223594
v -0.05544761 -0.09140788 -0.02205908
v -0.04795224 -0.086521 -0.01947612
v -0.04746818 -0.08797829 -0.01794552
v -0.05209786 -0.08757312 -0.02247558
v -0.04879665 -0.08440223 -0.02023502
v -0.05592125 -0.09015156 -0.02350097
v -0.04733795 -0.06602427 -0.02506948
v -0.04946347 -0.06590908 -0.02397727
v -0.04610353 -0.06394996 -0.0253804
v -0.04413589 -0.06700987 -0.02454046
v -0.04858665 -0.06206865 -0.02445922
v -0.05673934 -0.09099158 -0.00996313
v -0.05552968 -0.09106486 -0.01320368
v -0.05476335 -0.09001896 -0.01560696
v -0.05637524 -0.09335029 0.00873587
v -0.05665075 -0.09332979 0.01069894
v -0.05808637 -0.09233565 0.0068256
v -0.05638304 -0.09112579 0.00650713
v -0.05601683 -0.09762836 -0.01953524
v -0.0547442 -0.09650176 -0.01734115
v -0.0567982 -0.09826756 -0.01819976
v -0.05897408 -0.09682906 -0.01894965
v -0.05736755 -0.0973746 -0.02091237
v -0.05668541 -0.09389476 0.02098693
v -0.0545519 -0.09160858 0.02044218
v -0.05572082 -0.08946344 0.02236741
v -0.0584916 -0.09327973 0.02212083
v -0.05875854 -0.09687351 0.02117748
v -0.05644913 -0.09616975 0.01985334
v -0.05386745 -0.0937916 0.0184679
v -0.05807667 -0.09922442 0.01978173
v -0.05593359 -0.09853984 0.01829127
v -0.05978606 -0.09882664 0.01825411
v -0.0568741 -0.09906217 0.01616661
v -0.0612921 -0.09608667 0.02053264
v -0.04922489 -0.06549907 -0.02160816
v -0.04794149 -0.06289905 -0.02169001
v -0.05192019 -0.06298379 0.01786278
v -0.05133058 -0.06573878 0.01790932
v -0.05818535 -0.09251284 -0.02357807
v -0.05613625 -0.09473269 -0.01762957
v -0.05829106 -0.08842713 0.01876237
v -0.05967101 -0.09094133 0.01920578
v -0.06089649 -0.09139719 0.02196807
v -0.05765308 -0.08802196 0.02067262
v -0.05452042 -0.08610972 0.0180897
v -0.05703249 -0.08704124 0.01525166
v -0.06000517 -0.08926439 0.01533571
v -0.05902549 -0.09570182 -0.02300696
v -0.05974909 -0.09276656 -0.02486673
v -0.05705699 -0.08862835 -0.02573213
v -0.06157811 -0.09555244 -0.02190957
v -0.0590851 -0.09355878 -0.01831808
v -0.06103167 -0.09286036 -0.02005391
v -0.05700308 -0.09253527 -0.01674118
v -0.05120158 -0.07274061 -0.00091292
v -0.054383 -0.07237154 -0.00079776
v -0.0579351 -0.07405743 -0.00070973
v -0.05752236 -0.07526447 0.00125783
v -0.05362938 -0.07248785 -0.0039787
v -0.05052527 -0.07299121 -0.0032758
v -0.05447653 -0.07434317 -0.00538066
v -0.05789465 -0.07526544 -0.00412795
v -0.05790583 -0.07421191 -0.00261674
v -0.05479307 -0.07564498 -0.00593995
v -0.05302911 -0.07604237 -0.00823156
v -0.05538237 -0.0783678 -0.00830535
v -0.05734483 -0.07696719 -0.00562856
v -0.05805885 -0.085188 -0.0188346
v -0.05966518 -0.08509385 -0.01381345
v -0.05643352 -0.08278383 -0.01306783
v -0.05401451 -0.08254639 -0.0166875
v -0.05206949 -0.08197374 -0.0188554
v -0.05556665 -0.08451284 -0.02151707
v -0.05912469 -0.08711509 -0.02410715
v -0.05931784 -0.08758994 -0.02191455
v -0.06038099 -0.08821904 -0.01813583
v -0.06161254 -0.08697572 -0.01398656
v -0.06062283 -0.09015095 -0.02164324
v -0.05374761 -0.06605503 0.02299434
v -0.05308434 -0.0626659 0.02393812
v -0.05396753 -0.06206417 0.02004012
v -0.05363684 -0.0662894 0.02027437
v -0.0508453 -0.0689092 0.02331074
v -0.04958181 -0.06593771 0.0252928
v -0.05028725 -0.06938952 0.02018551
v -0.06170634 -0.09146213 -0.02414701
v -0.06217606 -0.09025135 -0.00342853
v -0.05921757 -0.08992387 -0.00685389
v -0.05916517 -0.0861726 -0.0038092
v -0.05907494 -0.08641827 -0.00067626
v -0.06155775 -0.08936307 -5.189E-05
v -0.06299768 -0.09148968 0.00125313
v -0.06656238 -0.09324845 -0.00082325
v -0.06799731 -0.09407425 -0.00412563
v -0.06423931 -0.09178934 -0.00565679
v -0.06138195 -0.09052141 -0.00790466
v -0.06435071 -0.08991838 0.0019943
v -0.0677637 -0.09107395 0.00105765
v -0.07234763 -0.09074824 0.00055074
v -0.07287893 -0.09281837 -0.00074324
v -0.07347986 -0.09312526 -0.00312303
v -0.06513709 -0.07733471 0.00035798
v -0.06752297 -0.07597537 0.00023909
v -0.06844208 -0.07817508 0.00077685
v -0.06524836 -0.07970101 0.001517
v -0.06277101 -0.07636412 -0.00088257
v -0.0668366 -0.07515848 -0.00178148
v -0.06177592 -0.07768861 0.00147664
v -0.06896651 -0.09176011 -0.00507983
v -0.06636161 -0.08980762 -0.00634713
v -0.07153372 -0.08452888 -0.00564992
v -0.07455993 -0.08452026 -0.00514848
v -0.07396429 -0.08157626 -0.0046145
v -0.0705163 -0.08097766 -0.00484613
v -0.06979329 -0.08763144 -0.00747764
v -0.07466823 -0.0871304 -0.00606748
v -0.06811883 -0.08426059 -0.00657004
v -0.07557361 -0.08991392 0.00063426
v -0.07258663 -0.08829832 0.00062143
v -0.07607596 -0.08771757 0.00085471
v -0.07907247 -0.08818371 0.00052359
v -0.07717892 -0.09149956 1.335E-05
v -0.07591888 -0.0797212 -0.00408554
v -0.07153648 -0.07656472 -0.0040944
v -0.07766995 -0.08407064 -0.00474109
v -0.07706232 -0.08862664 -0.00552706
v -0.07786866 -0.09058701 -0.00494084
v -0.07952544 -0.08771714 -0.00430705
v -0.07752164 -0.08685333 -0.00534046
v -0.07535651 -0.08911215 -0.0058163
v -0.07593203 -0.08037683 -0.00014664
v -0.07290922 -0.07985251 0.00026917
v -0.07273555 -0.07679881 0.00014215
v -0.07712732 -0.07908883 -0.00029806
v -0.0791883 -0.08389807 0.00018058
v -0.07627472 -0.08409904 0.00038216
v -0.07301265 -0.08439899 0.00036076
v -0.00098383 -0.07943853 0.00469872
v 0.00017359 -0.07958373 -0.00319822
v -0.00598728 -0.0780296 0.01070516
v -0.01293675 -0.07617731 0.0137872
v -0.0117606 -0.07664151 0.01672081
v -0.00337359 -0.07907908 0.01304391
v 0.00229169 -0.08023968 0.00554607
v -0.0104487 -0.07758042 0.01941625
v -0.00129006 -0.0798592 0.01491928
v 0.00455672 -0.08175205 0.00611851
v 0.00495181 -0.08255251 -0.00425451
v 0.00307218 -0.08091594 -0.00386098
v -0.00041988 -0.08310939 0.01596816
v 0.0047616 -0.08478379 0.00618366
v 0.0051658 -0.08531637 -0.00436544
v 0.00115692 -0.08419058 -0.0146957
v 0.00080176 -0.08110099 -0.01392995
v 0.00330912 -0.08781247 0.00557197
v 0.00345746 -0.08802313 -0.00420185
v -0.00033456 -0.08719436 -0.01412713
v -0.00936335 -0.08397762 -0.01996056
v -0.00833891 -0.08080307 -0.02054379
v 0.00086321 -0.09288894 -0.00435616
v -0.00256672 -0.09161665 -0.01368002
v -0.0106429 -0.08879337 -0.01914201
v -0.00511815 -0.09839163 -0.01414623
v -0.01156757 -0.09557541 -0.01931356
v -0.0070456 -0.10408761 -0.01471825
v -0.01264811 -0.10125818 -0.02067849
v -0.02065073 -0.09762382 -0.02253436
v -0.02617337 -0.09553303 -0.02301324
v -0.01380309 -0.10467266 -0.02125934
v -0.0215083 -0.10068021 -0.02355975
v -0.02700865 -0.09848855 -0.0241283
v -0.03096539 -0.09651333 -0.02112284
v -0.03024379 -0.09415664 -0.02039572
v -0.03109299 -0.09831358 -0.02022356
v -0.02988878 -0.09130128 -0.01908294
v -0.03307859 -0.08927993 -0.01425594
v -0.03274035 -0.08718774 -0.01400807
v -0.02993939 -0.08847117 -0.01855888
v -0.03425972 -0.08499435 -0.0077915
v -0.03483351 -0.08681267 -0.00795156
v -0.03589965 -0.08938618 -0.00810704
v -0.0355508 -0.08846821 -0.00055106
v -0.03442881 -0.08590532 -0.00040947
v -0.03360095 -0.084219 -0.00017167
v -0.03603654 -0.08886665 0.00687464
v -0.03656779 -0.0914495 -0.0006365
v -0.03743186 -0.09164713 0.00675571
v -0.03560759 -0.0927292 0.01431178
v -0.03440663 -0.09030948 0.01373952
v -0.03254617 -0.09451039 0.01936674
v -0.0315746 -0.09207427 0.01860009
v -0.0310591 -0.08955627 0.0178898
v -0.03093245 -0.08781897 0.01795047
v -0.02936129 -0.09282913 0.02148347
v -0.02970358 -0.09009001 0.02075604
v -0.03029136 -0.08858731 0.02049652
v -0.0260777 -0.09401594 0.02196577
v -0.02009602 -0.09597167 0.02140167
v -0.03010301 -0.09562979 0.02241906
v -0.02631536 -0.09727155 0.02317103
v -0.0198807 -0.10017956 0.02245787
v -0.01231273 -0.10388735 0.01904001
v -0.01201107 -0.09906661 0.01872238
v -0.02692318 -0.10034987 0.02277788
v -0.0206647 -0.10348367 0.0219703
v -0.0135443 -0.10730171 0.0185752
v -0.00816666 -0.10965812 0.01275354
v -0.0065402 -0.10666571 0.01318422
v -0.02138616 -0.10411157 0.01931697
v -0.01538178 -0.10723334 0.01601362
v -0.01030668 -0.10949905 0.01073533
v -0.00759508 -0.10993259 0.00301484
v -0.00536393 -0.11179809 0.00352654
v -0.01753013 -0.10483618 0.0126504
v -0.02225867 -0.10285786 0.01599273
v -0.0253005 -0.10196377 0.01042366
v -0.02123458 -0.10248417 0.00791313
v -0.0268307 -0.10096075 0.01735615
v -0.02854982 -0.10028137 0.01186665
v -0.02992347 -0.09940086 0.00571762
v -0.03193816 -0.0984695 0.00613015
v -0.03386413 -0.09711146 0.00639184
v -0.03380044 -0.0968434 -0.00072275
v -0.03192034 -0.09858493 -0.00044867
v -0.02973246 -0.09907994 -0.00026384
v -0.03328415 -0.09690642 -0.00746347
v -0.03078439 -0.098276 -0.00671655
v -0.02861523 -0.0995787 -0.0059909
v -0.03155275 -0.09773288 -0.01356782
v -0.02885405 -0.09905972 -0.0126242
v -0.02615089 -0.1006044 -0.01161982
v -0.02214658 -0.10264258 -0.00963653
v -0.02411988 -0.10186256 -0.01708351
v -0.01856184 -0.10454287 -0.01451883
v -0.01407824 -0.10673769 -0.00992314
v -0.01825933 -0.10348348 -0.00640534
v -0.0166955 -0.10581278 -0.01775279
v -0.011182 -0.1087103 -0.01242639
v -0.00816821 -0.10924695 -0.0053083
v -0.00957333 -0.11020795 -0.01406303
v -0.00626411 -0.11105258 -0.00589737
v -0.00779528 -0.10752954 -0.01518512
v -0.00438873 -0.10928072 -0.00601249
v -0.00370588 -0.1092075 0.00370331
v -0.00359849 -0.10588028 -0.00569639
v -0.00296599 -0.10551911 0.00372397
v -0.00584944 -0.10246991 0.01294741
v -0.0017027 -0.0997882 0.00381808
v -0.00447363 -0.09683622 0.01311019
v 0.00091805 -0.09285385 0.00443788
v -0.00321101 -0.09076922 0.01364403
v -0.00166768 -0.0864036 0.0149617
v -0.01065352 -0.08336645 0.01903391
v -0.01005545 -0.08064007 0.02037051
v -0.00193714 -0.10019228 -0.00516936
v -0.01554796 -0.10667832 -0.02004199
v -0.0337617 -0.09687036 -0.01448312
v -0.0360275 -0.09636793 -0.00783981
v -0.03839432 -0.09474586 -0.00802684
v -0.03524119 -0.09566849 -0.01522606
v -0.03588777 -0.09545775 -0.00093003
v -0.03680314 -0.09368748 -0.00081264
v -0.03727007 -0.09206279 -0.0080945
v -0.03650917 -0.09626028 0.0064562
v -0.03841634 -0.09425998 0.00655559
v -0.03652361 -0.09536411 0.0145525
v -0.03326412 -0.09723207 0.0194141
v -0.03075042 -0.09893885 0.02200327
v -0.0268003 -0.10139599 0.02041117
v -0.03149456 -0.08656664 0.01873034
v -0.03049382 -0.0859191 -0.0185464
v -0.01859615 -0.07644495 -0.02200678
v -0.01772888 -0.07376432 -0.02049735
v -0.00819538 -0.07819583 -0.01907221
v -0.01776021 -0.0730711 -0.01816001
v -0.00891935 -0.07673766 -0.01698003
v -0.00090509 -0.07978868 -0.01247057
v -0.02556926 -0.0750306 -0.0208353
v -0.0292345 -0.07493173 -0.0208807
v -0.02898503 -0.0784681 -0.02224089
v -0.03170452 -0.07790396 -0.02377255
v -0.02960344 -0.08197313 -0.02318919
v -0.03212107 -0.08095926 -0.02477678
v -0.03431502 -0.08016486 -0.02743631
v -0.03428535 -0.07703882 -0.02635595
v -0.0361705 -0.0760354 -0.03025793
v -0.03603046 -0.07308226 -0.02973568
v -0.03633828 -0.07883246 -0.03119575
v -0.0378767 -0.06995339 -0.03446729
v -0.03633542 -0.07059849 -0.02943565
v -0.03791596 -0.07165318 -0.02951587
v -0.03811883 -0.07141491 -0.02643921
v -0.03906918 -0.07374813 -0.03032887
v -0.03972178 -0.07387487 -0.02765843
v -0.04113233 -0.07263763 -0.02587297
v -0.03917737 -0.07025761 -0.02456857
v -0.04253265 -0.07025734 -0.02481984
v -0.04052462 -0.0682074 -0.02356299
v -0.04200859 -0.06511261 -0.02367704
v -0.04374802 -0.06167205 -0.02428495
v -0.04576507 -0.05884259 -0.02417017
v -0.04319747 -0.07474441 -0.02725907
v -0.04162607 -0.07628714 -0.02895323
v -0.04525606 -0.07645386 -0.02774842
v -0.04052204 -0.07613765 -0.03141167
v -0.04015417 -0.06960607 -0.03869785
v -0.06969278 -0.08448114 0.0009129
v -0.06953515 -0.08080402 0.00113929
v -0.06864838 -0.08824065 0.00094331
v -0.06575448 -0.08765223 0.00221527
v -0.06720047 -0.08487472 0.00235177
v -0.06516555 -0.08628131 0.00517209
v -0.06471612 -0.08417413 0.00489114
v -0.06709501 -0.08216709 0.00224275
v -0.06366795 -0.08832629 0.00505187
v -0.06197446 -0.09106808 0.00940413
v -0.06268199 -0.08900621 0.00987705
v -0.06179203 -0.08961027 0.00466528
v -0.05949235 -0.09212438 0.00893739
v -0.06051898 -0.09044006 0.00379772
v -0.05909128 -0.08959675 0.00308471
v -0.05708924 -0.08745738 0.00275985
v -0.05579285 -0.08359101 -0.00077178
v -0.05429974 -0.08482075 0.00260825
v -0.05324067 -0.08097946 -0.00082604
v -0.05203395 -0.08167327 0.00211408
v -0.05180182 -0.07801308 -0.00099879
v -0.05093842 -0.07841721 0.00152348
v -0.04851626 -0.07904998 0.0047383
v -0.04437719 -0.0793295 0.00747274
v -0.04991091 -0.0759216 0.00120006
v -0.0477598 -0.07662386 0.00432302
v -0.0440039 -0.07664347 0.00681178
v -0.05058583 -0.0754321 -0.0011091
v -0.05136249 -0.0781837 -0.00316225
v -0.05044466 -0.07550014 -0.00316968
v -0.05026418 -0.0782603 -0.00554137
v -0.04914627 -0.07575742 -0.00539431
v -0.04756136 -0.07816757 -0.00820077
v -0.0465668 -0.07553349 -0.00772456
v -0.04313563 -0.07738168 -0.01052947
v -0.0427284 -0.07420137 -0.01004074
v -0.03993637 -0.0795472 -0.01334056
v -0.03670817 -0.07910214 -0.01402787
v -0.05284629 -0.08109055 -0.00327574
v -0.0555466 -0.08341182 -0.0036016
v -0.06101375 -0.09163062 0.01510216
v -0.0616978 -0.08738217 0.00965355
v -0.06045188 -0.09340224 0.01411746
v -0.05972391 -0.09612238 0.01702199
v -0.06076651 -0.09405962 0.01843612
v -0.05859949 -0.09346678 0.01328964
v -0.05764218 -0.09597637 0.01565857
v -0.05977992 -0.08590718 0.00916711
v -0.0632104 -0.08247279 0.00450664
v -0.05651162 -0.08384479 0.00810878
v -0.06022843 -0.08078034 0.00383361
v -0.05319226 -0.08050968 0.00752406
v -0.05621744 -0.077998 0.00362986
v -0.07869914 -0.0775861 -0.00110148
v -0.08094904 -0.08385032 -0.00161358
v -0.07997762 -0.08850934 -0.00198292
v -0.07769221 -0.09145392 -0.00261743
v -0.08009803 -0.08379853 -0.00386205
v -0.07799361 -0.07800781 -0.0034287
v -0.07268398 -0.07438602 -0.00012412
v -0.07232922 -0.07399189 -0.00266173
v -0.06654414 -0.07554438 -0.00394999
v -0.06235184 -0.07567064 -0.00287812
v -0.06212838 -0.07689182 -0.00428124
v -0.06626199 -0.07852759 -0.00469173
v -0.06155142 -0.07908567 -0.00574778
v -0.06520702 -0.08164077 -0.00601522
v -0.05961837 -0.0813083 -0.00871173
v -0.06294371 -0.08378834 -0.00929271
v -0.06474595 -0.08585169 -0.00988156
v -0.06201334 -0.08886886 -0.01337678
v -0.06493711 -0.0879796 -0.00994485
v -0.06092014 -0.09007158 -0.0123152
v -0.06336714 -0.08934554 -0.00891757
v -0.05917212 -0.09086882 -0.01112927
v -0.05960644 -0.09125957 -0.01578596
v -0.0578358 -0.09112509 -0.0143905
v -0.06080746 -0.09040593 -0.01704794
v -0.05271015 -0.07986369 -0.01211691
v -0.05091573 -0.07726258 -0.01179229
v -0.0734841 -0.09141929 -0.0052165
v -0.04644239 -0.06972812 0.02509434
v -0.04436971 -0.06718887 0.02398136
v -0.04703785 -0.06333037 0.0240165
v -0.04967838 -0.06001646 0.02283202
v -0.04311551 -0.06165306 0.02147378
v -0.04473954 -0.0591692 0.02063932
v -0.0458675 -0.058079 0.01851537
v -0.05086836 -0.05913177 0.01959619
v -0.04141871 -0.06022101 0.01720815
v -0.04132547 -0.06468134 0.02142627
v -0.05343373 -0.0852638 -0.02304882
v -0.05025927 -0.08277979 -0.01995956
v -0.04776328 -0.08026793 -0.01879137
v -0.04631139 -0.08182941 -0.01908656
v -0.04554614 -0.07821921 -0.01845898
v -0.04392928 -0.07998715 -0.01897611
v -0.04276535 -0.08186012 -0.01933874
v -0.04528575 -0.08347049 -0.01867442
v -0.04188714 -0.08321345 -0.01845265
v -0.04462688 -0.08470812 -0.01766806
v -0.0408721 -0.08069045 -0.01990923
v -0.04211558 -0.07864311 -0.01938194
v -0.04145604 -0.07790019 -0.02097673
v -0.03987327 -0.07990571 -0.02123976
v -0.04004032 -0.07958809 -0.02323321
v -0.04119521 -0.07970321 -0.02557805
v -0.04387012 -0.07651099 -0.01895241
v -0.05303644 -0.09123995 -0.01686405
v -0.05119709 -0.0927836 -0.01638821
v -0.05249437 -0.08613867 0.02010112
v -0.04934139 -0.08387698 0.01755957
v -0.04772016 -0.08572859 0.01764606
v -0.04475652 -0.08283185 0.01730051
v -0.04645748 -0.08054069 0.01712921
v -0.05105389 -0.088576 0.01919333
v -0.05058586 -0.09051409 0.01732931
v -0.04175558 -0.07190252 0.03348097
v -0.04328595 -0.07451101 0.03372786
v -0.0447308 -0.07704343 0.03420863
v -0.04339161 -0.07872336 0.0358087
v -0.03902828 -0.08088165 0.03185855
v -0.040879 -0.07776994 0.03668302
v -0.03831398 -0.07800669 0.03120219
v -0.04006945 -0.07511703 0.03568853
v -0.03821253 -0.07485688 0.03034544
v -0.0395258 -0.07247056 0.03473009
v -0.04014266 -0.07000316 0.03361895
v -0.03644134 -0.08005625 0.02741366
v -0.03685913 -0.07666808 0.02638357
v -0.03487554 -0.08111632 0.0248531
v -0.03510287 -0.07764067 0.02376183
v -0.03318984 -0.08193898 0.02309206
v -0.03316791 -0.07819387 0.02194154
v -0.03156808 -0.07457853 0.01939118
v -0.03574623 -0.0840707 0.02512741
v -0.03403582 -0.0850559 0.02329747
v -0.03763542 -0.08286082 0.02788758
v -0.03909453 -0.0806775 0.01240126
v -0.03697018 -0.0804638 0.01306448
v -0.03517008 -0.08062181 0.01294516
v -0.03449189 -0.07740382 0.01121895
v -0.03359131 -0.07396415 0.01090514
v -0.03193696 -0.07437982 0.00923769
v -0.02986773 -0.07166348 0.00543806
v -0.03076664 -0.07481688 0.00574561
v -0.02891993 -0.07239211 -0.00060714
v -0.02792452 -0.07037576 -0.00072221
v -0.02999013 -0.07250118 -0.0066228
v -0.02908042 -0.06919746 0.00557234
v -0.02627189 -0.06962162 -0.00070291
v -0.02416453 -0.06998488 -0.00058752
v -0.03138004 -0.07295913 -0.01077924
v -0.03509301 -0.09368363 -0.01548011
v -0.0339064 -0.09165901 -0.01489232
v 0.00496497 -0.02993017 -0.00396137
v 0.0079085 -0.03218666 -0.00614551
v 0.00923338 -0.03255678 0.00124663
v 0.00418344 -0.03036515 0.00070257
v -0.00044046 -0.02789381 -0.00154739
v 0.00102505 -0.02930935 -0.00703022
v -0.00408011 -0.0281421 0.00946454
v -0.00104434 -0.03032917 0.01117867
v -0.00500328 -0.02996419 0.01306794
v -0.0057721 -0.02790048 0.01173599
v -0.00899879 -0.02772604 0.01045484
v -0.00784279 -0.02681235 0.00734367
v -0.0095723 -0.02898862 0.01274145
v -0.01056707 -0.01341999 0.01722504
v -0.00148254 -0.01391153 0.01756623
v -0.00071779 -0.00899269 0.0179616
v -0.00872396 -0.00768387 0.01769657
v -0.01439849 -0.00741494 0.01717
v -0.01608092 -0.01138452 0.01665116
v -0.00984175 -0.01858192 0.01816813
v -0.00201565 -0.01926973 0.01818741
v -0.0188859 -0.01451673 0.01536011
v -0.01624524 -0.01608034 0.01539161
v -0.01522955 -0.01875507 0.01546507
v -0.01579436 -0.02780273 0.00937828
v -0.01369249 -0.02784674 0.01116803
v -0.01508688 -0.02836469 0.01299991
v -0.01726438 -0.02832646 0.00987707
v -0.01760116 -0.02819358 0.0063193
v -0.01562382 -0.02773265 0.00698354
v -0.01290114 -0.02698679 0.00870074
v -0.00859347 0.00072306 -0.00767693
v -0.00875489 0.00063001 -0.00283746
v -0.00416799 -0.0006301 -0.00332767
v -0.00447533 -0.00051321 -0.00993918
v -0.01061136 0.00173419 -0.00914328
v -0.01139899 0.0010024 -0.00308397
v -0.00545915 -3.025E-05 -0.01419874
v -0.01487149 -0.02819125 -0.01676481
v -0.0155961 -0.02808871 -0.01397996
v -0.01825397 -0.02735661 -0.01363371
v -0.01627074 -0.02782396 -0.01773316
v -0.01112257 -0.02861831 -0.01820608
v -0.01110482 -0.02867807 -0.01510507
v -0.01141352 -0.02800198 -0.0203856
v -0.01017293 5.827E-05 0.01282582
v -0.0068682 -0.00090159 0.01392245
v -0.00650659 -0.00164545 0.0097405
v -0.0101447 0.00071851 0.00917719
v -0.01280267 0.00174091 0.00914419
v -0.01176053 0.00081211 0.01413173
v -0.00743432 -0.00063917 0.01630675
v -0.0160411 -0.01302798 0.00655219
v -0.01418778 -0.01088453 0.00196873
v -0.01463555 -0.01635628 0.00103989
v -0.01633218 -0.01863963 0.00470403
v -0.01818182 -0.01763522 0.00917649
v -0.01831961 -0.01520613 0.01055628
v -0.0175741 -0.01104719 0.00934073
v -0.01855236 -0.02090543 0.00803364
v -0.01599497 -0.01545768 -0.00754222
v -0.01543801 -0.01205578 -0.0073649
v -0.01730748 -0.01079073 -0.01015853
v -0.0178188 -0.01468514 -0.01073316
v -0.01560382 -0.01927419 -0.00412768
v -0.0144925 -0.01426288 -0.00317316
v -0.0176623 -0.019367 -0.00902787
v -0.01837536 -0.02274073 -0.01584186
v -0.01621645 -0.02275862 -0.01805513
v -0.0171607 -0.0253482 -0.01858783
v -0.01949279 -0.02387788 -0.01394622
v -0.01851016 -0.01966209 -0.01276328
v -0.01754395 -0.01998141 -0.01528445
v -0.0186461 -0.023449 -0.00856068
v -0.01841714 -0.02699537 -0.00858062
v -0.01422049 -0.00018869 0.01586122
v -0.0083336 -0.00136693 0.01845073
v -0.01389918 -0.00404613 0.01717269
v -0.00852699 -0.00426276 0.01844657
v -0.015597 0.0010363 0.00945406
v -0.01736598 -0.00068523 0.01171853
v -0.01706308 -0.00193277 0.01498525
v -0.01725858 -0.00447123 0.01680172
v -0.01714892 -0.01081986 -0.01758481
v -0.01549291 -0.01561306 -0.01728131
v -0.01782805 -0.01680099 -0.01565269
v -0.01939196 -0.0144952 -0.01652344
v -0.01182663 -0.00899682 -0.01799566
v -0.01094459 -0.01421555 -0.01855952
v -0.01739696 -0.00526376 -0.01770808
v -0.01307548 -0.00453135 -0.01800012
v -0.02102092 -0.00939319 -0.01857596
v -0.02052878 -0.00499235 -0.01788848
v -0.02253918 -0.01350071 -0.01757596
v -0.01597648 -0.00204142 0.00682229
v -0.01786266 -0.00228939 0.00901345
v -0.01532238 0.00122837 -0.01315068
v -0.01550007 0.00084087 -0.00773103
v -0.01216782 0.00251434 -0.00932102
v -0.00687273 0.000274 -0.01645875
v -0.00576898 -0.00118455 -0.01998443
v -0.01430978 -0.00084874 -0.01717091
v -0.01717125 -0.00252968 -0.01002022
v -0.01546894 -0.00308921 -0.00714683
v -0.01814571 -0.00024654 -0.01296384
v -0.01880054 -0.00229154 -0.01106591
v -0.01780213 -0.00184097 -0.01572589
v -0.0225129 -0.01462442 0.01511375
v -0.01971591 -0.01060628 0.01664539
v -0.02212219 -0.01032301 0.01775733
v -0.02490678 -0.01343005 0.01656595
v -0.02736967 -0.01657404 0.01383732
v -0.02613413 -0.01712899 0.01254672
v -0.02300763 -0.01504939 0.01242948
v -0.02070795 -0.01535415 0.01311223
v -0.02609005 -0.0143925 -0.01662018
v -0.02758271 -0.01277691 -0.01979219
v -0.02532686 -0.01140268 -0.02065263
v -0.02280338 -0.00139996 0.01644017
v -0.01937652 -0.0017509 0.01572372
v -0.01903246 -0.00041121 0.01268448
v -0.0207828 0.00085666 0.01316309
v -0.02292166 -0.00418472 0.01920462
v -0.02002593 -0.0045412 0.01737117
v -0.02673046 -0.00087289 0.02122866
v -0.02608456 -0.00342079 0.0232775
v -0.02579281 -0.01216556 0.02006782
v -0.02778541 -0.01088552 0.0195461
v -0.02733875 -0.01251256 0.01619076
v -0.02887004 -0.01539856 0.01420664
v -0.02378558 -0.00631637 -0.01060795
v -0.02110856 -0.00580344 -0.01172545
v -0.02071085 -0.00208972 -0.01155752
v -0.02287399 -0.00141535 -0.01116047
v -0.02331815 -0.0102671 -0.01147965
v -0.02121656 -0.00958788 -0.01222554
v -0.02584352 -0.00986459 -0.00905968
v -0.02513418 -0.01219628 -0.01013473
v -0.02599873 -0.00448745 -0.00950722
v -0.02674372 -0.00795078 -0.00803739
v -0.021491 -0.00086741 0.00993079
v -0.01950784 -0.00183451 0.00984815
v -0.01951398 -0.00554015 0.01010091
v -0.02186543 -0.00579605 0.01000663
v -0.02459981 -0.00698449 0.00828696
v -0.02403801 -0.00177557 0.00862153
v -0.02404317 0.00266574 0.00878462
v -0.02255432 0.0031929 0.01054757
v -0.02283764 0.00325852 0.01299377
v -0.02153859 -0.00996742 0.0107941
v -0.02375403 -0.01088286 0.00956395
v -0.02635025 -0.01315135 0.00731875
v -0.02712004 -0.01043295 0.00610068
v -0.02825892 -0.00853566 0.00561855
v -0.02669323 -0.00576916 0.0067382
v -0.02624243 -0.00189124 0.00784051
v -0.02747733 -0.01627022 -0.01485951
v -0.02930999 -0.01448502 -0.01474193
v -0.02862434 -0.01239046 -0.01611217
v -0.02411852 -0.01482101 -0.01424356
v -0.02605011 -0.01599149 -0.01314285
v -0.02972804 -0.01146806 -0.01861648
v -0.02910845 -0.01027681 0.01860701
v -0.03086931 -0.00898505 0.02435977
v -0.0319134 -0.00791018 0.0201363
v -0.0298062 -0.01131553 0.01637239
v -0.03005569 -0.01731034 0.00401796
v -0.02581411 -0.01525494 0.00898675
v -0.02876826 -0.01959046 0.00642816
v -0.03162645 -0.02550628 0.00572042
v -0.03322737 -0.02482771 0.00295878
v -0.03371468 -0.02220816 7.07E-05
v -0.03222079 -0.01728226 0.0004941
v -0.02991164 -0.01242444 0.00344599
v -0.03158139 -0.01305919 0.00056583
v -0.02411061 0.00520381 0.01285372
v -0.02359005 0.00626139 0.01170435
v -0.02598927 0.00763262 0.01359004
v -0.02595469 0.00533307 0.01403645
v -0.02501004 0.00201937 0.01490213
v -0.02764918 0.00151785 0.01783403
v -0.03051561 0.00017892 0.02041815
v -0.02942212 -0.00183007 0.02326108
v -0.02848705 -0.00492014 -0.0108655
v -0.02806539 -0.00748189 -0.00836652
v -0.03322099 -0.00391706 -0.01277919
v -0.03175967 -0.00799036 -0.01283875
v -0.02859621 -0.00794398 -0.01191931
v -0.02815343 -0.0093078 -0.00921972
v -0.02950002 -0.01042852 -0.01184631
v -0.03149239 -0.01099011 -0.01251377
v -0.029399 -0.01185751 -0.01009644
v -0.03238126 -0.01343004 -0.01061755
v -0.03704337 -0.03577412 0.01297762
v -0.03632131 -0.03735676 0.0124146
v -0.03456224 -0.0347025 0.01178278
v -0.03613039 -0.03317606 0.01303203
v -0.03834628 -0.03228782 0.01409183
v -0.03865137 -0.03611596 0.0137765
v -0.03830385 -0.03837384 0.01327286
v -0.03011967 -0.01220285 -0.00815225
v -0.02956835 -0.01057335 -0.00704573
v -0.03232629 -0.01310995 -0.00801094
v -0.03242923 -0.01127817 -0.0057835
v -0.0328154 -0.02453598 -0.00666668
v -0.02983578 -0.02030685 -0.00803599
v -0.0301287 -0.01808903 -0.00617926
v -0.033058 -0.02140756 -0.00344196
v -0.03233458 -0.02392312 -0.00995361
v -0.03054761 -0.02059519 -0.010188
v -0.0345864 -0.02917698 -0.00865528
v -0.03348027 -0.02796008 -0.01099839
v -0.03615386 -0.02518825 -0.00208545
v -0.03568728 -0.02715952 -0.00414551
v -0.03604793 -0.03105348 -0.00674649
v -0.02558687 0.00512486 0.01032781
v -0.0270377 0.00586981 0.01165061
v -0.02674976 0.00769072 0.01200387
v -0.02430367 0.00694942 0.00938511
v -0.02592169 0.00230095 0.0093038
v -0.0272694 0.00221669 0.01098343
v -0.03041047 -0.0152152 -0.00506533
v -0.03220925 -0.01661881 -0.0025957
v -0.03651311 -0.02517997 0.00032107
v -0.03609956 -0.02668244 0.00194034
v -0.03395496 -0.03096457 0.00668931
v -0.03516493 -0.03051662 0.0039752
v -0.03778492 -0.02909976 0.00211444
v -0.03810314 -0.03898845 0.00942196
v -0.03602611 -0.03950323 0.01135847
v -0.03875307 -0.04024528 0.01242134
v -0.0397182 -0.04022283 0.01099555
v -0.03488772 -0.03572224 0.00879847
v -0.03347161 -0.03606783 0.010437
v -0.03907614 -0.03647212 0.00783298
v -0.03624152 -0.03468252 0.00714717
v -0.04147213 -0.03870082 0.01164238
v -0.04075056 -0.03813425 0.0103033
v -0.0414286 -0.03612759 0.00938986
v -0.03072261 -0.01075421 0.00616903
v -0.02930661 -0.00883183 0.0073067
v -0.03077709 -0.00927094 0.00386147
v -0.03346715 -0.00890776 0.00404641
v -0.03202932 -0.01010523 0.00683032
v -0.03018412 -0.00957909 0.00901662
v -0.03149144 -0.00926367 0.01769636
v -0.03223858 -0.00789098 0.01652105
v -0.03180629 -0.01050172 0.0153492
v -0.03412273 -0.00592692 0.01807418
v -0.03931397 -0.02741594 0.00065219
v -0.03224673 -0.00986146 0.00071299
v -0.03487465 -0.00949161 0.00115842
v -0.03993192 -0.03849115 0.01413095
v -0.04069744 -0.03624476 0.01467482
v -0.0431634 -0.03607453 0.01415232
v -0.04134073 -0.03966409 0.01357455
v -0.02847376 -0.01055259 0.025072
v -0.0307337 -0.00939536 0.03045603
v -0.03275487 -0.00893631 0.02993747
v -0.03378326 -0.00702857 0.02967592
v -0.03343455 -0.00721062 0.02571356
v -0.03455427 -0.00617065 0.0222304
v -0.03229069 -0.00987285 -0.02231519
v -0.03220277 -0.01039757 -0.01728799
v -0.03464593 -0.00868749 -0.01887405
v -0.0296717 -0.01071368 -0.02326885
v -0.03364359 -0.00918486 -0.02760074
v -0.03161644 -0.00980742 -0.02814855
v -0.03586157 -0.00693336 -0.02115701
v -0.03427704 -0.00764167 -0.02362807
v -0.03430604 -0.00698118 -0.02739284
v -0.03068518 -0.00944508 -0.00412763
v -0.02916726 -0.00881942 -0.0060885
v -0.03471738 -0.01526893 -0.00792459
v -0.03536456 -0.01431662 -0.00581223
v -0.03680711 -0.01295876 -0.00412864
v -0.03450743 -0.0097011 -0.00414279
v -0.03248382 -0.00931146 -0.00192393
v -0.03477587 -0.01572248 -0.00999375
v -0.03334237 -0.01168506 -0.01369533
v -0.03380311 -0.0138494 -0.01264252
v -0.03522967 -0.01594584 -0.01197538
v -0.03154865 -0.01285198 -0.0019866
v -0.03035987 -0.01217582 -0.00429801
v -0.03749178 -0.00928247 -0.00297678
v -0.03610803 -0.00839144 -0.00084587
v -0.03898494 -0.03413327 -0.01396354
v -0.03832068 -0.0358866 -0.01369708
v -0.04074543 -0.03721084 -0.01474689
v -0.04086984 -0.03449075 -0.01474397
v -0.03758554 -0.03093888 -0.01308697
v -0.0358012 -0.032582 -0.0124757
v -0.03984488 -0.02978795 -0.01387404
v -0.03272525 -0.01074682 -0.01509597
v -0.03129587 -0.01155816 -0.01580981
v -0.03152767 -0.0130987 -0.01452143
v -0.03320954 -0.00892708 -0.0155334
v -0.0341164 -0.0090651 -0.01385327
v -0.03386551 -0.0118453 0.01030273
v -0.03188848 -0.01014385 0.00979322
v -0.03356659 -0.01069139 0.00745813
v -0.03486133 -0.01278702 0.00771691
v -0.03277422 -0.00850233 0.01190882
v -0.03121596 -0.00765865 0.01142632
v -0.03409399 -0.01255075 0.01222539
v -0.03357768 -0.00917977 0.01296309
v -0.0278303 0.00858166 -0.01299575
v -0.0271623 0.00982684 -0.01216037
v -0.02585354 0.00720995 -0.01234973
v -0.02725519 0.00655389 -0.01352338
v -0.02945753 0.00593708 -0.01465848
v -0.02994973 0.00838497 -0.01377112
v -0.03028625 0.0100857 -0.01311736
v -0.03055086 -0.00184647 0.03156004
v -0.02884644 -0.0026055 0.02827603
v -0.02907183 -0.00050722 0.0276612
v -0.03123456 9.499E-05 0.0322083
v -0.0310332 -0.00347374 0.03319519
v -0.02919074 -0.00487793 0.02939995
v -0.03270645 -0.0015794 0.03567159
v -0.03349762 -0.00814112 0.03742183
v -0.03206803 -0.00884702 0.03476852
v -0.03142749 -0.00606661 0.03448151
v -0.03324645 -0.00484927 0.03760593
v -0.03602277 -0.00521143 0.03602109
v -0.03563763 -0.00821442 0.03632766
v -0.03451398 -0.00879375 0.03392178
v -0.02817185 0.00815098 -0.01124169
v -0.02752636 0.00956602 -0.01077454
v -0.0303685 0.00976406 -0.01186439
v -0.03019122 0.00810838 -0.01201813
v -0.02738988 0.00585613 -0.01071503
v -0.02554457 0.0071168 -0.01053513
v -0.02974454 0.0054256 -0.01196348
v -0.03476368 -0.00761504 -0.01626411
v -0.04314305 -0.03498993 0.01126064
v -0.02915297 0.00072674 -0.01155709
v -0.03307892 0.00100066 -0.01275844
v -0.03640778 -0.00648933 -0.01430772
v -0.03260074 -0.00607838 -0.03508144
v -0.03212122 -0.00677104 -0.03289428
v -0.03328253 -0.00831188 -0.03304387
v -0.03370214 -0.00696183 -0.0359876
v -0.03237607 -0.00455534 -0.03506853
v -0.03172892 -0.0048135 -0.03236248
v -0.03383262 -0.00456224 -0.03684372
v -0.04223781 -0.03941902 -0.01542382
v -0.04056926 -0.03912567 -0.014365
v -0.04117497 -0.04022043 -0.01326438
v -0.04340222 -0.03981915 -0.01422362
v -0.04265862 -0.03741649 -0.01574375
v -0.04415619 -0.03730294 -0.01462299
v -0.04190689 -0.03984566 -0.01211638
v -0.04062522 -0.03853412 -0.01053027
v -0.0422843 -0.03764067 -0.01100533
v -0.0431933 -0.03887054 -0.01257266
v -0.03884242 -0.0386631 -0.01145018
v -0.03244621 -0.00114259 -0.0339196
v -0.03236289 -0.00273918 -0.03463697
v -0.03400454 -0.00218283 -0.03629372
v -0.03380164 0.00015333 -0.03467095
v -0.03152036 -0.00070409 -0.03113973
v -0.03130727 -0.00275734 -0.0316132
v -0.03291344 0.00144884 -0.03099817
v -0.0331263 -0.00237132 0.03124722
v -0.03196569 -0.00309423 0.02862567
v -0.03330997 -0.00487747 0.02935803
v -0.03449497 -0.00381995 0.03259415
v -0.03302325 -0.00049243 0.03161377
v -0.03069253 -0.00142322 0.02790634
v -0.03517525 -0.00190251 0.03466766
v -0.03687521 -0.01563979 0.00555091
v -0.03581122 -0.01588467 0.00733565
v -0.03659569 -0.01351387 0.00515964
v -0.03977795 -0.0150801 0.00262095
v -0.03892408 -0.01800172 0.00429949
v -0.03771942 -0.01977758 0.00610044
v -0.03652674 -0.01813778 -0.00993319
v -0.03687777 -0.01893401 -0.00826627
v -0.03745322 -0.01873016 -0.01128625
v -0.03989002 -0.02164162 -0.00973605
v -0.04395225 -0.03032152 0.01487502
v -0.04338668 -0.02980543 0.01191687
v -0.04452948 -0.03225167 0.0085473
v -0.04310492 -0.03426035 0.0069964
v -0.04363684 -0.02842525 0.00924417
v -0.03266723 0.00298475 0.01885993
v -0.02882826 0.0047765 0.01629745
v -0.029661 0.00725069 0.01527028
v -0.03370887 0.00564411 0.01695341
v -0.0372095 0.00576139 0.01844746
v -0.03579224 0.00382936 0.02019793
v -0.03589321 0.00158875 0.02084557
v -0.03443254 0.00013767 0.02085584
v -0.03270602 -0.00218152 0.02205557
v -0.03534695 -0.00684631 -0.0350635
v -0.03498071 -0.00782492 -0.03239767
v -0.03578596 -0.00499808 -0.03493804
v -0.03513555 -0.00624914 0.03340288
v -0.04305146 -0.03671015 -0.01179991
v -0.04166619 -0.03570345 -0.00913812
v -0.0429595 -0.03491352 -0.01071656
v -0.04389492 -0.03410066 -0.0125576
v -0.04367255 -0.03695959 -0.01314699
v -0.0381193 -0.00600334 -0.01710397
v -0.04201012 -0.02121148 -0.0068818
v -0.03843469 -0.01786964 -0.00618931
v -0.03713548 -0.02005624 -0.0130882
v -0.04023218 -0.02400869 -0.01246724
v -0.03830874 -0.01177872 -0.00308074
v -0.04004334 -0.0162472 -0.00421076
v -0.04128211 -0.01360468 -0.002678
v -0.04168273 -0.01083302 -0.0023862
v -0.03519916 -0.01109318 0.00454832
v -0.03722591 -0.01153456 0.00181764
v -0.04044217 -0.01058096 0.00010184
v -0.04191303 -0.01391154 0.0005218
v -0.04649541 -0.01593259 1.214E-05
v -0.04552507 -0.01936312 0.00205073
v -0.04259136 -0.02139837 0.00436159
v -0.03911436 -0.00300211 -0.01256956
v -0.04061595 -0.0022276 -0.01530317
v -0.04336645 -0.02990771 -0.00165239
v -0.04198058 -0.02949135 0.00094834
v -0.04439329 -0.03071616 0.00191123
v -0.04707929 -0.03164469 0.00014939
v -0.03961106 -0.02733858 -0.00164704
v -0.04220092 -0.03077704 -0.00431391
v -0.03904834 -0.02890616 -0.00363788
v -0.04847265 -0.03109094 -0.00232827
v -0.04596667 -0.0301816 -0.00380637
v -0.04473926 -0.03147175 -0.0058714
v -0.03536462 -0.00081514 -0.03345008
v -0.03583882 -0.00277152 -0.03424388
v -0.03504227 -0.00326214 -0.0309944
v -0.03449833 -0.00076085 -0.03061374
v -0.04310545 -0.02582207 -0.01145141
v -0.0435341 -0.02498054 -0.00952004
v -0.04490226 -0.029301 -0.01206715
v -0.04561283 -0.02790049 -0.00895513
v -0.04283501 -0.02824684 -0.01482704
v -0.03808183 0.00259169 0.0207102
v -0.03769652 0.00031834 0.02109746
v -0.03644266 -0.00166654 -0.01246207
v -0.03660165 0.00146125 -0.01246597
v -0.03964877 0.00157719 -0.01206993
v -0.03688031 -0.00395123 0.01961287
v -0.03614779 -0.001873 0.02143242
v -0.03994836 -0.00143446 0.02003751
v -0.04042152 -0.00184519 0.01777858
v -0.03866103 -0.00370471 0.01693333
v -0.03589908 -0.00529677 0.01607103
v -0.04683108 -0.01330894 -0.00022165
v -0.04601102 -0.03076768 0.0033445
v -0.04838952 -0.03063847 0.00223296
v -0.05260356 -0.0313319 0.00142502
v -0.05220331 -0.03338724 0.00018164
v -0.05279147 -0.03295616 -0.00194446
v -0.03960828 0.00237338 0.01916588
v -0.04565703 -0.0196064 -0.00430711
v -0.04522697 -0.02429321 -0.00739287
v -0.04902672 -0.02353301 -0.00550823
v -0.0466299 -0.01566383 -0.00220552
v -0.04032021 0.00108998 0.01673198
v -0.03895041 -0.00120629 0.01509564
v -0.04753501 -0.02443152 0.00275329
v -0.04499725 -0.02542899 0.00450462
v -0.05234988 -0.01742267 -0.00028042
v -0.05149717 -0.02039761 0.00086181
v -0.05195229 -0.02442352 0.00162101
v -0.03961547 0.00403005 -0.01746201
v -0.04153816 0.00381951 -0.01635486
v -0.0387826 0.00737923 -0.01522231
v -0.03747433 0.00558261 -0.01639284
v -0.03668968 0.00256686 -0.01746932
v -0.03908139 0.0010199 -0.018229
v -0.0548805 -0.02119704 0.00056997
v -0.05631702 -0.01938063 5.767E-05
v -0.05885389 -0.02337025 0.00163985
v -0.05625924 -0.02434798 0.00138999
v -0.05645963 -0.02386383 -0.00367571
v -0.0503351 -0.02672019 -0.0052746
v -0.05546715 -0.02781606 -0.00349542
v -0.06076821 -0.03004439 -0.0030709
v -0.06165165 -0.02756227 -0.00344534
v -0.06393551 -0.02714433 -0.00347831
v -0.06019567 -0.0219919 -0.00297123
v -0.05763194 -0.01822056 -0.00263944
v -0.05363248 -0.0186588 -0.00318506
v -0.05851784 -0.01633995 -0.00182678
v -0.05321584 -0.01554255 -0.00228249
v -0.06190845 -0.02109814 -0.00177664
v -0.0632045 -0.03338887 -0.00334107
v -0.05970967 -0.03284347 -0.00305855
v -0.05920081 -0.03528422 -0.0019829
v -0.06426023 -0.03494739 -0.00207944
v -0.06623684 -0.03144817 -0.0022906
v -0.06415637 -0.03100325 -0.00349221
v -0.06507759 -0.03087371 0.00163763
v -0.06391761 -0.02781504 0.0014874
v -0.06559198 -0.026986 -1.602E-05
v -0.06662509 -0.03155739 0.00018777
v -0.06279123 -0.03225253 0.00169447
v -0.0615499 -0.0288545 0.00187383
v -0.06410354 -0.03466341 0.00055924
v 0.00920011 -0.00133802 -0.00960514
v 0.01122835 -0.00117573 -0.01130993
v 0.00342498 -0.00090381 -0.01487041
v 0.0030113 -0.00121223 -0.01065908
v 0.01057207 -0.00149492 -0.00283195
v 0.01487502 -0.00191571 -0.00251324
v 0.00297387 -0.00145882 -0.00334699
v -0.03612719 0.0039232 -0.01230381
v -0.03346461 0.00481193 -0.01249676
v -0.03417429 0.00701887 -0.01225312
v -0.03766051 0.00489567 -0.01201857
v 0.00474686 -0.00097271 0.0101409
v 0.00852145 -0.00149094 0.00535586
v 0.00132471 -0.00169916 0.00415057
v -0.0010078 -0.00114696 0.01023003
v 0.00644537 -0.00078337 0.0131154
v 0.01283796 -0.0015198 0.00721013
v -0.00102193 -0.00106391 0.01455351
v -0.00036305 -0.00123161 0.01688209
v 0.00798135 -0.00136799 0.01525696
v 0.01521201 -0.00170849 0.00859637
v -0.00013506 -0.00253974 0.01924067
v 0.00934803 -0.00319083 0.0175394
v 0.01702945 -0.00378839 0.00986916
v 0.01945097 -0.00423196 -0.00208816
v 0.01751598 -0.00189186 -0.00233458
v 0.00893651 -0.00696612 0.01698369
v 0.01603841 -0.00723065 0.00964501
v 0.01897879 -0.00765957 -0.00163234
v 0.01497308 -0.00719715 -0.01282009
v 0.01509258 -0.00357983 -0.01344803
v 0.0145987 -0.01113862 0.00915481
v 0.01774484 -0.01167548 -0.00123497
v 0.01467633 -0.01152256 -0.01194337
v 0.00562747 -0.00989192 -0.01724193
v 0.00555114 -0.00618924 -0.0185703
v 0.01658121 -0.01729629 -0.00088487
v 0.01441643 -0.01704724 -0.01135285
v 0.00600383 -0.0153847 -0.01668764
v -0.00323557 -0.01376733 -0.01895878
v -0.00412252 -0.00816623 -0.01884857
v 0.01407147 -0.02276071 -0.01093714
v 0.00644948 -0.02096118 -0.01734968
v -0.00266657 -0.01930288 -0.01989296
v -0.01063123 -0.0188294 -0.01967932
v 0.00684911 -0.02578699 -0.01841505
v -0.00254126 -0.02350833 -0.0215116
v -0.01090363 -0.02247106 -0.02078843
v -0.01534563 -0.01942441 -0.01749356
v -0.00266617 -0.02692419 -0.02247717
v -0.01131102 -0.02549368 -0.02127089
v -0.00325199 -0.02974341 -0.02120248
v 0.00714379 -0.02957295 -0.0190786
v 0.00590702 -0.03246606 -0.01753161
v 0.00418022 -0.03204279 -0.0144931
v -0.00368433 -0.03003082 -0.0184501
v 0.00267019 -0.03099367 -0.01138604
v -0.00413678 -0.02959472 -0.01505995
v -0.00463656 -0.02768131 -0.00994922
v -0.01097143 -0.02747228 -0.01023033
v -0.01547601 -0.02750764 -0.00933525
v -0.005356 -0.0272815 -0.00377953
v -0.01067221 -0.02704542 -0.00447714
v -0.01415301 -0.02691395 -0.00411653
v -0.01661765 -0.02643543 -0.0035986
v -0.01098545 -0.02703746 0.00098088
v -0.01377051 -0.02674905 0.00023996
v -0.01552092 -0.02601856 -0.000143
v -0.01577677 -0.0238842 -0.00013202
v -0.01677104 -0.02348769 -0.00355159
v -0.0147368 -0.02720368 0.00364728
v -0.01673969 -0.02723956 0.00259061
v -0.01789715 -0.02511681 0.00243524
v -0.0171294 -0.022361 0.00331537
v -0.01543932 -0.02077446 0.00024094
v -0.01963709 -0.02676281 0.00639396
v -0.01949408 -0.02395046 0.00709404
v -0.020004 -0.02511047 0.01144878
v -0.01914432 -0.02238586 0.01194753
v -0.01967834 -0.02790642 0.01069894
v -0.0165504 -0.02787584 0.01450734
v -0.01765077 -0.02655296 0.01606215
v -0.01152845 -0.02865322 0.01997337
v -0.01084201 -0.02566435 0.02020926
v -0.01648759 -0.02411971 0.01590121
v -0.01093185 -0.02937187 0.01762677
v -0.00401204 -0.03091874 0.01835518
v -0.00369325 -0.03031547 0.02079114
v -0.01018468 -0.02919815 0.01528192
v -0.00425192 -0.03075661 0.01562079
v 0.00200597 -0.03178327 0.01400223
v 0.0035888 -0.03255055 0.01638182
v 0.00969925 -0.03334273 0.0104853
v 0.01167096 -0.03383152 0.01152126
v 0.00497231 -0.03266225 0.01860718
v 0.00707271 -0.03223291 0.00899864
v 0.01220175 -0.03374316 0.00118128
v 0.00221373 -0.03026192 0.00657232
v -0.00222523 -0.0281365 0.00448326
v -0.0063783 -0.02739231 0.00248585
v -0.01202955 -0.02688748 0.00519756
v 0.01034281 -0.03351647 -0.00778296
v 0.01269574 -0.03389889 -0.0092321
v 0.01520085 -0.03445146 0.00099872
v 0.01409805 -0.03122324 -0.010304
v 0.01668708 -0.03186681 0.00072235
v 0.0130342 -0.03128197 0.01190698
v 0.01588189 -0.02827592 0.00033823
v 0.01274155 -0.02781333 0.010946
v 0.00620724 -0.02581024 0.01767954
v 0.00580278 -0.02949428 0.01869595
v -0.00248856 -0.02392666 0.01994368
v -0.00300933 -0.02734765 0.02114419
v -0.01019419 -0.02252748 0.01939324
v -0.01554187 -0.02170303 0.01558693
v -0.0180995 -0.01780948 0.01282061
v -0.01821566 -0.01999569 0.01222897
v -0.01908437 -0.01638615 0.01316108
v -0.01927391 -0.01371725 0.0115866
v -0.01931764 -0.00997269 0.01073267
v -0.02117056 -0.01310202 0.0117454
v -0.02337269 -0.01339047 0.01088624
v -0.02576526 -0.01663338 0.01075924
v -0.02873162 -0.02082011 0.01057929
v -0.02862466 -0.02046403 0.00873904
v -0.03022229 -0.02533577 0.00971086
v -0.03051532 -0.02573686 0.00770671
v -0.03175362 -0.03113923 0.00934763
v -0.03170919 -0.03185106 0.00723204
v -0.03114034 -0.02480114 0.01156161
v -0.0328592 -0.03018691 0.01120515
v -0.03276646 -0.02391422 0.01282318
v -0.03450619 -0.02882001 0.01300052
v -0.03450621 -0.02272455 0.01337792
v -0.0363853 -0.02734728 0.01432874
v -0.03620931 -0.02169178 0.01383084
v -0.03851523 -0.02605121 0.01502152
v -0.0408088 -0.03152104 0.01525842
v -0.04034048 -0.02543419 0.01355446
v -0.03787817 -0.02062908 0.01339341
v -0.03810879 -0.02028019 0.01124273
v -0.0412026 -0.02483461 0.01151305
v -0.03779604 -0.02018393 0.00871574
v -0.04117956 -0.02406117 0.00897766
v -0.04135407 -0.02298869 0.00651234
v -0.04385054 -0.02676286 0.00665698
v -0.04633263 -0.02866869 0.00446877
v -0.04494635 -0.02992476 0.00610558
v -0.04432599 -0.03174712 0.00479017
v -0.04249282 -0.03176693 0.00345979
v -0.04056895 -0.03420132 0.00564413
v -0.04019403 -0.03080411 0.00257318
v -0.03778471 -0.03307673 0.00474169
v -0.04859191 -0.02812238 0.00306859
v -0.05276554 -0.02841366 0.00224577
v -0.05783579 -0.02914084 0.00180612
v -0.05849817 -0.03280913 0.00160541
v -0.05882429 -0.03558722 0.00056228
v -0.03549857 -0.01644169 0.01165495
v -0.03506744 -0.01629118 0.00952437
v -0.03551962 -0.01667175 0.01351171
v -0.03388166 -0.01284118 0.01382466
v -0.03245697 -0.01346755 0.0145588
v -0.03304975 -0.0096685 0.01425863
v -0.03413215 -0.01745392 0.01445671
v -0.03240391 -0.01850072 0.01435379
v -0.03069875 -0.0143524 0.01466457
v -0.03088721 -0.01949385 0.01338994
v -0.02967056 -0.02039623 0.01216599
v -0.0333425 -0.00675763 0.01496781
v -0.03451849 -0.00637551 0.01361178
v -0.03650935 -0.00361449 0.01441963
v -0.03557928 -0.0012658 0.01349641
v -0.03366766 -0.00511347 0.01243427
v -0.03328007 0.00081238 0.01276602
v -0.03184349 -0.00387407 0.01194319
v -0.02979146 0.00206074 0.01218044
v -0.02947853 -0.00319978 0.0112574
v -0.02927318 -0.00707454 0.01056582
v -0.02752777 -0.00275967 0.00964968
v -0.0279079 -0.0065114 0.00852431
v -0.03007164 0.00580999 0.01267652
v -0.03438183 0.00397823 0.01382179
v -0.03475734 0.00611793 0.01510956
v -0.03034493 0.00818095 0.01353085
v -0.03733867 0.00171312 0.01465909
v -0.03827011 0.00431653 0.01592904
v -0.0175257 -0.00606119 0.0088342
v -0.01575786 -0.00611039 0.0063334
v -0.01425775 -0.00196183 0.00253271
v -0.01421789 -0.00547514 0.00234866
v -0.01393716 -0.00139314 -0.00247112
v -0.01401776 -0.00442561 -0.00237906
v -0.01408967 -0.00893998 -0.00270854
v -0.0153932 -0.00724765 -0.00716721
v -0.01703123 -0.00641288 -0.00985994
v -0.01885378 -0.005922 -0.01127396
v -0.01905676 -0.00988552 -0.01177742
v -0.02144732 -0.01223612 -0.013199
v -0.01935791 -0.01264294 -0.01275723
v -0.02194064 -0.01419244 -0.01463158
v -0.01976489 -0.01446836 -0.01429815
v -0.01848841 -0.01639233 -0.0133773
v -0.02341914 -0.01288764 -0.01265449
v -0.02525025 -0.01435088 -0.01153886
v -0.02731704 -0.01697518 -0.00968725
v -0.02849033 -0.01785626 -0.01141584
v -0.02751275 -0.01500572 -0.0082946
v -0.02798311 -0.01281575 -0.00713588
v -0.02844535 -0.01058827 -0.00632211
v -0.03197604 -0.01972948 -0.01190604
v -0.02960891 -0.01858322 -0.01353432
v -0.03332225 -0.01880896 -0.01336249
v -0.03105902 -0.0168659 -0.01437054
v -0.03460174 -0.01714225 -0.01361013
v -0.03260487 -0.01507187 -0.0139608
v -0.03546074 -0.02137698 -0.01249917
v -0.0375781 -0.02518408 -0.01312659
v -0.03357183 -0.0226836 -0.01186144
v -0.03539775 -0.02648372 -0.01232165
v -0.01284373 0.00064905 -0.00294608
v -0.01380603 0.00049309 0.00286204
v -0.01184461 0.00123208 0.00293182
v -0.00926078 0.0007561 0.0032437
v -0.0050822 -0.0007696 0.00361712
v 0.00636264 -0.02065787 0.01603771
v 0.01258518 -0.02245688 0.00965772
v 0.01309931 -0.0164415 0.0088982
v 0.00679354 -0.0153344 0.01523707
v 0.00789431 -0.01058832 0.01586554
v -0.00034168 -0.00569863 0.01904805
v 0.01590142 -0.02341174 -0.00025684
v 0.01409258 -0.02761415 -0.01072369
v -0.00481178 -0.00476757 -0.01938166
v 0.0051975 -0.00250411 -0.0190035
v 0.00408321 -0.00095033 -0.01673201
v 0.01333369 -0.00103916 -0.01246172
v -0.03507236 0.00920272 -0.0120356
v -0.03944427 0.00658019 -0.01284643
v -0.04166269 0.00232624 -0.01381174
v -0.04106835 -0.00080908 -0.01776598
v -0.03877005 -0.00479142 -0.01948876
v -0.03710116 -0.00275906 -0.01981341
v -0.03494019 -0.00476552 -0.02146716
v -0.03495535 -0.00105095 -0.01882747
v -0.03313179 -0.00302584 -0.02040482
v -0.03184017 -0.00343368 -0.02288376
v -0.03335127 -0.00539363 -0.0236414
v -0.03211969 0.001112 -0.01754401
v -0.03106934 -0.00093887 -0.01941552
v -0.03043354 -0.00158635 -0.02241671
v -0.03124722 -4.415E-05 -0.02617963
v -0.03242836 -0.00211093 -0.02642681
v -0.02872577 -0.00030819 -0.01842204
v -0.02865241 -0.0007737 -0.02221455
v -0.0294506 -0.00032273 -0.02678766
v -0.02664262 -0.00270777 -0.02178485
v -0.02932307 -0.00277521 -0.02726961
v -0.02682067 -0.0064416 -0.02330281
v -0.0295981 -0.00543059 -0.02789854
v -0.02782887 -0.00924544 -0.02364099
v -0.03012118 -0.00794227 -0.02826927
v -0.02399938 -0.00791526 -0.02053636
v -0.02361891 -0.003935 -0.01892227
v -0.03342431 -0.00452393 -0.02714269
v -0.03520275 -0.0057359 -0.03157701
v -0.0289609 0.00248924 -0.01630126
v -0.03334747 0.00439369 -0.01593385
v -0.0265805 0.00306601 -0.01514045
v -0.02636192 -0.00029898 -0.0173178
v -0.03418591 0.00706713 -0.01471199
v -0.03479848 0.00889493 -0.01383628
v -0.06085998 -0.02227126 0.00168818
v -0.05774949 -0.0174675 0.00042296
v -0.05933802 -0.01523992 0.00052736
v -0.06191467 -0.02150587 9.472E-05
v -0.065967 -0.02657367 -0.00235952
v -0.05321068 -0.01509779 -0.000284
v -0.05357141 -0.01325395 -0.0010207
v -0.04715846 -0.01287258 -0.00176094
v -0.05427821 -0.03060869 -0.00271321
v -0.05002673 -0.02900584 -0.00380251
v -0.04761069 -0.02935636 -0.00567965
v -0.04703354 -0.02702644 -0.00676054
v -0.04618095 -0.03036274 -0.00768878
v -0.04516653 -0.0320222 -0.01025759
v -0.0438961 -0.03331064 -0.00827099
v -0.04169175 -0.03320231 -0.00667054
v -0.03950663 -0.03546636 -0.00888846
v -0.03896639 -0.03228679 -0.00614204
v -0.03726348 -0.03489542 -0.0097229
v -0.03754451 -0.03831651 -0.01308787
v -0.03483008 -0.0347416 -0.01079959
v -0.04522416 -0.03390591 -0.01429652
v -0.04313628 -0.03395634 -0.01572138
v -0.03444112 -0.00393085 0.02304442
v -0.03313342 -0.00509258 0.02589263
v -0.03134225 -0.00369479 0.02490669
v -0.02564296 0.00100335 -0.01010614
v -0.02377543 0.0037249 -0.01151872
v -0.02460184 0.00379439 -0.01383698
v -0.02981846 -0.00726019 0.03045456
v -0.02710835 -0.00850061 0.02487242
v -0.02622071 -0.00601858 0.0244062
v -0.023088 -0.00688861 0.02017149
v -0.02417515 -0.00967965 0.0200786
v -0.02059661 -0.00729249 0.01829858
v -0.01799454 -0.00739843 0.01752195
v -0.02329601 -4.322E-05 -0.01577675
v -0.02026315 -0.00155693 -0.01577323
v -0.02183847 0.00146094 -0.01269549
v -0.02005143 0.00015543 -0.01306066
v 0.00099839 -0.07176391 0.01216637
v 0.0022442 -0.07219897 0.01325744
v -0.00281579 -0.0711046 0.01670374
v -0.00321058 -0.07097684 0.01391004
v -0.00269921 -0.07103033 0.0084303
v 0.0021747 -0.07277538 0.00781831
v 0.00490592 -0.07358592 0.00802976
v -0.00080668 -0.07131287 -0.01327311
v 0.00125482 -0.07251956 -0.00871454
v -0.00344594 -0.07027749 -0.00805837
v -0.00475669 -0.06936529 -0.01342684
v 0.00050728 -0.07203865 -0.01522459
v 0.00396535 -0.07272399 -0.00966639
v -0.00505821 -0.07050328 -0.01674724
v 0.00252113 -0.03971834 0.00574553
v 0.0059428 -0.0396092 0.00816879
v 0.0084477 -0.04172659 0.00045516
v 0.00282611 -0.04066656 0.00031244
v -0.00370877 -0.03961458 0.00073685
v -0.0027128 -0.03882314 0.00762321
v -0.00043456 -0.03754798 0.01278608
v 0.00135809 -0.04030713 -0.00551005
v 0.00590083 -0.04058367 -0.00767114
v -8.45E-06 -0.03913046 -0.01234469
v -0.00366067 -0.03938525 -0.00659906
v -0.01153499 -0.05226193 -0.01954149
v -0.00210016 -0.05556052 -0.01820843
v -0.00212518 -0.06278378 -0.01928467
v -0.01027749 -0.06028284 -0.0198993
v -0.01064155 -0.04543334 -0.02034588
v -0.00210933 -0.0484198 -0.01911087
v -0.0185467 -0.04690447 -0.01959717
v -0.01861454 -0.04199205 -0.01974409
v -0.0204494 -0.06523723 -0.01574057
v -0.0216648 -0.06431392 -0.01255679
v -0.02485963 -0.06445278 -0.01305646
v -0.02161788 -0.06511829 -0.01721933
v -0.01725993 -0.06606463 -0.01925622
v -0.01719761 -0.06626273 -0.01660298
v -0.01713371 -0.06508609 -0.01287923
v -0.01372081 -0.03465201 -0.01838532
v -0.01088873 -0.0360294 -0.01900839
v -0.01071335 -0.03626448 -0.02110757
v -0.01468527 -0.03459523 -0.01975599
v -0.01706666 -0.03350356 -0.01697709
v -0.0147096 -0.03383999 -0.01623751
v -0.01151032 -0.03582491 -0.0165069
v -0.01324148 -0.03518378 0.01396035
v -0.00822573 -0.03650005 0.01449188
v -0.00950036 -0.03712209 0.0089621
v -0.01389979 -0.03451722 0.00905137
v -0.01676133 -0.0336822 0.00951685
v -0.01477962 -0.03517377 0.01540799
v -0.0075742 -0.0360651 0.01714075
v -0.02161012 -0.06518744 0.01456115
v -0.02199639 -0.06432223 0.01183718
v -0.01775974 -0.06587846 0.01354266
v -0.01792989 -0.06588168 0.01655147
v -0.0183345 -0.06548133 0.01882873
v -0.0231096 -0.06481121 0.01575059
v -0.02461472 -0.0640878 0.01176164
v -0.02265027 -0.04456767 -0.02009057
v -0.02355161 -0.04052026 -0.01935411
v -0.02304485 -0.03885584 -0.01635239
v -0.0205688 -0.03799525 -0.01670992
v -0.01675199 -0.03949405 -0.02051863
v -0.02688638 -0.03712753 -0.01649659
v -0.02017849 -0.04565317 0.01919311
v -0.0142212 -0.04382673 0.01963114
v -0.01527229 -0.04009947 0.01970939
v -0.02017707 -0.04136664 0.01871442
v -0.01790226 -0.04982176 0.01881937
v -0.01235571 -0.04811899 0.01874309
v -0.02361709 -0.04942502 0.01933209
v -0.02193633 -0.05194857 0.01820118
v -0.02384578 -0.04500692 0.02037819
v -0.02565699 -0.04804995 0.02038787
v -0.02338817 -0.04183854 0.01953731
v -0.01675794 -0.03579788 0.01780946
v -0.01975911 -0.0342163 0.01028574
v -0.02162978 -0.03688607 0.01353604
v -0.02067887 -0.03847452 0.01684295
v -0.02373771 -0.05341823 -0.00728507
v -0.02174854 -0.04842062 -0.00556588
v -0.02311605 -0.04721795 -0.00979078
v -0.02402514 -0.05077605 -0.01135311
v -0.02432176 -0.05311031 -0.0145392
v -0.02436039 -0.05582702 -0.01377823
v -0.02331672 -0.05422747 0.00303901
v -0.02151958 -0.04889146 0.00151514
v -0.02423186 -0.05181764 0.00855674
v -0.02267285 -0.04817926 0.00691236
v -0.02544736 -0.05627701 0.00945698
v -0.02471321 -0.05413605 0.01164159
v -0.02484003 -0.05860452 0.00143927
v -0.02617901 -0.05906903 0.00800248
v -0.02051599 -0.03604981 0.00791119
v -0.0220064 -0.03730965 0.01125369
v -0.02165562 -0.03672709 -0.01377741
v -0.0234442 -0.03713159 -0.01369115
v -0.02428972 -0.03800681 -0.0117233
v -0.02202358 -0.03714756 -0.01038331
v -0.01933161 -0.03559545 -0.0170977
v -0.02046873 -0.03492979 -0.01174482
v -0.026794 -0.05103642 0.01711626
v -0.02828941 -0.04945625 0.01914111
v -0.03121134 -0.04957648 0.0178155
v -0.02978036 -0.05115675 0.01611762
v -0.02892952 -0.05182501 0.0141084
v -0.02707524 -0.05202787 0.01412432
v -0.02746203 -0.05058087 -0.01669743
v -0.02738489 -0.05002602 -0.01508419
v -0.02954205 -0.04978792 -0.01480107
v -0.02966735 -0.05009384 -0.01701389
v -0.02536202 -0.05121949 -0.0181429
v -0.02562625 -0.05114607 -0.01512623
v -0.02713683 -0.04942703 -0.01978103
v -0.02670962 -0.03895478 0.01984463
v -0.02352794 -0.03939703 0.0177532
v -0.02362154 -0.03798221 0.01500647
v -0.02588334 -0.03766696 0.01594906
v -0.02779871 -0.03607498 0.01612808
v -0.02978342 -0.03632936 0.02013763
v -0.02611568 -0.04188759 0.02148572
v -0.02892483 -0.03925364 0.0242999
v -0.02852047 -0.04178717 0.02479985
v -0.03037029 -0.03732159 0.02422317
v -0.02926811 -0.03595264 0.00988602
v -0.02869638 -0.03143661 0.01096721
v -0.0281539 -0.03225643 0.01261798
v -0.02779196 -0.03434622 0.01269451
v -0.0268273 -0.0361908 0.01294846
v -0.02861516 -0.03939504 0.01043502
v -0.03130648 -0.03495202 0.0096713
v -0.03072127 -0.0319306 0.01107183
v -0.03182976 -0.03985819 0.0075893
v -0.03318308 -0.03895851 0.00845193
v -0.0314334 -0.04199927 0.00821381
v -0.02629603 -0.03935075 -0.02021512
v -0.0289182 -0.03657074 -0.0188221
v -0.02907587 -0.03295178 -0.0151063
v -0.02945716 -0.03380045 -0.01155589
v -0.02700755 -0.03558505 -0.01289897
v -0.03053182 -0.03297373 -0.01770447
v -0.02629022 -0.03907772 0.01128442
v -0.02678479 -0.04189581 0.01112809
v -0.02900974 -0.04276178 0.0104537
v -0.03118943 -0.04424362 0.00882996
v -0.0293993 -0.04929449 0.02139857
v -0.03166272 -0.04857314 0.02065128
v -0.03296552 -0.04657517 0.02015987
v -0.03296192 -0.04739419 0.01746726
v -0.03406085 -0.04833631 0.01534028
v -0.0330848 -0.05036082 0.01581643
v -0.03196436 -0.05193125 0.01515759
v -0.02951461 -0.03152952 0.01474528
v -0.0288595 -0.03380959 0.01562554
v -0.02950771 -0.02936967 0.01373296
v -0.03099913 -0.03318835 0.01860457
v -0.03445651 -0.03358677 0.02080844
v -0.03328384 -0.03609769 0.02226721
v -0.0326209 -0.03819355 0.02453631
v -0.03129489 -0.04851677 -0.01967567
v -0.03266091 -0.05101994 -0.01541164
v -0.033534 -0.05016307 -0.01688305
v -0.03431275 -0.04809162 -0.01640627
v -0.03304322 -0.04660135 -0.01945039
v -0.03369551 -0.04659706 -0.02388931
v -0.03190155 -0.04750607 -0.02506675
v -0.0286572 -0.04782075 -0.02232672
v -0.03186271 -0.04229844 -0.00955568
v -0.03075599 -0.03800727 -0.01059585
v -0.03276026 -0.03756712 -0.00906045
v -0.03387666 -0.04101618 -0.00828638
v -0.02913599 -0.04123782 -0.01160438
v -0.02849047 -0.03821418 -0.01180011
v -0.03152962 -0.04536343 -0.01033546
v -0.02910037 -0.0439745 -0.01186771
v -0.0357228 -0.04327101 -0.00686276
v -0.03504083 -0.04536369 -0.00743621
v -0.03485211 -0.04774193 -0.00824538
v -0.03021225 -0.02924299 -0.0115354
v -0.03239441 -0.03029163 -0.01125859
v -0.03218136 -0.0335271 -0.00972487
v -0.03061721 -0.02960964 -0.01424843
v -0.03143359 -0.0326812 0.01172922
v -0.03195635 -0.03138005 0.01302744
v -0.03112986 -0.02979589 0.01292774
v -0.03217584 -0.03505171 0.01112618
v -0.03307564 -0.03398233 0.01277499
v -0.03336529 -0.03714702 0.03600357
v -0.0318926 -0.03731063 0.0334529
v -0.03252377 -0.03464568 0.03266744
v -0.03492732 -0.03545332 0.03625397
v -0.03365677 -0.03944616 0.03698435
v -0.03179924 -0.04000204 0.03426987
v -0.03623905 -0.03863198 0.03798402
v -0.03545932 -0.04288219 0.02714363
v -0.03415346 -0.04537736 0.02346374
v -0.03288405 -0.0470957 0.02421573
v -0.0343453 -0.04511805 0.02828498
v -0.03469852 -0.03952981 0.02794734
v -0.03502638 -0.03920691 0.02514378
v -0.03648198 -0.04193304 0.02488467
v -0.03559381 -0.04394912 0.02262357
v -0.03213709 -0.02750838 -0.0161118
v -0.03137615 -0.02619727 -0.01484686
v -0.03172918 -0.02985615 -0.01638775
v -0.03410158 -0.03015509 -0.01823009
v -0.03468709 -0.02752291 -0.01716356
v -0.03501181 -0.02574019 -0.01589737
v -0.03324856 -0.03701169 -0.02408527
v -0.03077049 -0.03595747 -0.02123259
v -0.02852064 -0.03818485 -0.02206228
v -0.03040793 -0.03712648 -0.025011
v -0.03288538 -0.03622641 -0.02850282
v -0.03407617 -0.03712253 -0.02776453
v -0.03435294 -0.03926628 -0.027711
v -0.03559412 -0.0389941 -0.02492365
v -0.03806746 -0.03664501 -0.02237431
v -0.03559452 -0.03490816 -0.02140602
v -0.0327855 -0.03334555 -0.01980881
v -0.03625509 -0.03641798 -0.03025182
v -0.03633818 -0.03939079 -0.0294242
v -0.03764061 -0.03949445 -0.02564857
v -0.03508224 -0.0422008 -0.01046273
v -0.03412526 -0.03794484 -0.01087865
v -0.03553082 -0.03751209 -0.01281196
v -0.03617238 -0.04088543 -0.01292107
v -0.03762082 -0.04332974 -0.01377982
v -0.03736259 -0.04550824 -0.01164665
v -0.03697152 -0.04405734 -0.00811168
v -0.03894446 -0.04532582 -0.00932985
v -0.0367566 -0.04283996 0.0091318
v -0.0339073 -0.03905251 0.01033814
v -0.03555988 -0.04211092 0.00689417
v -0.03731775 -0.04053437 0.01230307
v -0.03502183 -0.03777931 0.01247752
v -0.03946417 -0.04535483 0.00984596
v -0.03948937 -0.04196456 0.01260053
v -0.03919818 -0.04422483 0.00604936
v -0.04043801 -0.04658353 0.00660458
v -0.03753047 -0.04475084 0.0048705
v -0.0370688 -0.0442621 0.03811107
v -0.03537148 -0.04510578 0.03702919
v -0.03431178 -0.04238455 0.03743059
v -0.03688169 -0.041861 0.03836805
v -0.03905114 -0.04194415 0.03691698
v -0.03858124 -0.04448796 0.03716582
v -0.03740074 -0.04536496 0.03556755
v -0.036839 -0.0477249 0.01469209
v -0.03570376 -0.04638082 0.01539818
v -0.03776015 -0.04486039 0.0156247
v -0.03848724 -0.04742286 0.01493318
v -0.03614613 -0.04959513 0.01449415
v -0.03887336 -0.05061208 0.01420795
v -0.03329597 -0.03144449 -0.0120253
v -0.03356541 -0.02771479 -0.01268987
v -0.0343693 -0.03029659 -0.0130258
v -0.03356919 -0.03399983 -0.01151244
v -0.03501239 -0.03359422 -0.01297735
v -0.03743737 -0.05310528 0.01466614
v -0.03522584 -0.05160553 0.01509058
v -0.04124373 -0.04950114 0.01354442
v -0.04255298 -0.05231655 0.01344331
v -0.04088998 -0.05344995 0.01416381
v -0.04031502 -0.04648816 0.01423319
v -0.03945798 -0.05484961 0.01379232
v -0.03853018 -0.05249718 0.00395522
v -0.03781839 -0.0552322 0.0062487
v -0.04162332 -0.05859474 0.00570418
v -0.04245205 -0.05666891 0.00250129
v -0.03734568 -0.04851555 0.00379418
v -0.03416741 -0.0466473 0.0064829
v -0.03418116 -0.04939876 0.00720464
v -0.04346271 -0.05510549 2.077E-05
v -0.04083747 -0.05209411 0.00071437
v -0.03950153 -0.04895626 0.00109208
v -0.03641894 -0.03830743 0.03377446
v -0.03528298 -0.03872696 0.03153767
v -0.03602692 -0.04120614 0.03179972
v -0.03727189 -0.04019382 0.03456236
v -0.03693488 -0.0361951 0.03445768
v -0.03431029 -0.03634036 0.03183657
v -0.03840958 -0.03881222 0.03638284
v -0.03787777 -0.04322151 -0.02273367
v -0.03529176 -0.04484422 -0.02310742
v -0.03498748 -0.0447938 -0.01899696
v -0.03726547 -0.04357255 -0.01869467
v -0.0390504 -0.04175657 -0.01733987
v -0.03992 -0.04029236 -0.02030638
v -0.04122888 -0.0393456 -0.0225722
v -0.03906997 -0.04100645 -0.02520566
v -0.03801751 -0.04284907 0.03481125
v -0.03863583 -0.03746885 -0.0320585
v -0.03914958 -0.03963912 -0.03236928
v -0.03776344 -0.04101172 -0.02904714
v -0.0394093 -0.05299848 -0.006908
v -0.04119588 -0.05243067 -0.00423602
v -0.04385347 -0.05548808 -0.00443946
v -0.04309109 -0.05675593 -0.00707476
v -0.03820764 -0.04916505 -0.00616217
v -0.03979173 -0.0492791 -0.00386872
v -0.0426859 -0.05804308 -0.01005339
v -0.03916904 -0.05477979 -0.00966246
v -0.04449862 -0.06726146 0.00929322
v -0.04579441 -0.06445503 0.00462527
v -0.04396061 -0.06179547 0.00511807
v -0.04272689 -0.06360234 0.00872302
v -0.04148718 -0.06433327 0.01139766
v -0.04316431 -0.06761309 0.01228841
v -0.04468761 -0.0693003 0.01372553
v -0.04503416 -0.07060461 0.01202368
v -0.04650088 -0.0700084 0.01097558
v -0.04670157 -0.06814137 0.00879077
v -0.04815693 -0.06527294 0.00529983
v -0.03948392 -0.04175757 0.01966604
v -0.04073951 -0.04083094 0.01785719
v -0.03689224 -0.04280829 0.01724918
v -0.03733452 -0.04319378 0.019654
v -0.03813106 -0.04301218 0.02203897
v -0.04033989 -0.0408705 0.02149297
v -0.04220311 -0.03850355 0.02064714
v -0.04072151 -0.04574533 0.01220382
v -0.04058513 -0.04289291 0.01394485
v -0.04125659 -0.04914923 0.00917715
v -0.04184406 -0.04882564 0.01141435
v -0.04121643 -0.04999238 0.00664282
v -0.04513033 -0.06779273 0.01436406
v -0.04432964 -0.06619951 0.01390082
v -0.04589146 -0.06493775 0.0151573
v -0.04633277 -0.0673724 0.01540364
v -0.04644362 -0.06949951 0.01521668
v -0.04735139 -0.07152724 0.01390235
v -0.0482038 -0.07017227 0.01187087
v -0.04872189 -0.06785035 0.00951407
v -0.04083651 -0.03883052 -0.01740288
v -0.04361261 -0.03749633 -0.01882116
v -0.03844193 -0.0457539 -0.01682947
v -0.04011026 -0.04498727 -0.0161737
v -0.03957439 -0.04438425 -0.0145787
v -0.04054289 -0.04184804 -0.01554471
v -0.04194488 -0.03907259 -0.01645498
v -0.04071733 -0.04742803 -0.01270171
v -0.04157614 -0.04778685 -0.01481967
v -0.04179497 -0.04744238 -0.0099529
v -0.04477248 -0.05128041 -0.01226704
v -0.04528134 -0.05120192 -0.00984227
v -0.0440973 -0.05130947 -0.01429402
v -0.03858782 -0.03386255 0.01528801
v -0.03838173 -0.0314089 0.01557736
v -0.0348515 -0.03239702 0.01446471
v -0.03667987 -0.03558066 0.01421347
v -0.04081503 -0.03497775 0.01564559
v -0.04212266 -0.03196549 0.01633843
v -0.03883533 -0.03785983 0.01417606
v -0.03981226 -0.04363737 0.01545734
v -0.04431556 -0.0380251 0.01834427
v -0.04434925 -0.03806426 0.01617855
v -0.04171303 -0.04030108 0.01564201
v -0.04549058 -0.0665563 -0.01307939
v -0.04618273 -0.0648765 -0.01061181
v -0.04809716 -0.06673665 -0.01098074
v -0.04716668 -0.06926142 -0.01324427
v -0.04394779 -0.06308306 -0.01318386
v -0.04472446 -0.06193351 -0.01048018
v -0.04492643 -0.06761045 -0.01517181
v -0.04290864 -0.06388418 -0.01526773
v -0.04608481 -0.06983276 -0.01532156
v -0.04929985 -0.06983377 -0.01461235
v -0.04750669 -0.0697641 -0.0170339
v -0.04640976 -0.06691506 -0.01726894
v -0.03873324 -0.0348221 -0.03577311
v -0.03745662 -0.03529106 -0.03467234
v -0.03797358 -0.0375703 -0.03597475
v -0.03946577 -0.03651659 -0.03702933
v -0.04140849 -0.03551875 -0.03730284
v -0.03966065 -0.0330174 -0.03542836
v -0.03756036 -0.03328953 -0.03329516
v -0.04465354 -0.0364956 -0.01690962
v -0.04001407 -0.0415862 -0.03852589
v -0.03878602 -0.04247913 -0.03719938
v -0.04008769 -0.04472189 -0.03722864
v -0.04188115 -0.04253903 -0.03867801
v -0.03995065 -0.03933568 -0.03837655
v -0.03845182 -0.04015644 -0.03686786
v -0.04232366 -0.03910501 -0.03860203
v -0.0423546 -0.04979506 0.00501679
v -0.04185187 -0.04743479 0.00433743
v -0.04458408 -0.04875413 0.00311299
v -0.04452989 -0.05129781 0.00494069
v -0.04377614 -0.05248532 0.00709047
v -0.04454777 -0.03600366 0.02035276
v -0.04824466 -0.06878193 0.01592599
v -0.04848114 -0.06684989 0.01575556
v -0.05074655 -0.06696668 0.01577326
v -0.04986422 -0.0700117 0.01519564
v -0.040258 -0.03648658 -0.03334415
v -0.0408324 -0.03821581 -0.03416857
v -0.03865939 -0.03502278 -0.03201099
v -0.04080134 -0.0345675 -0.03374083
v -0.04209303 -0.03668952 -0.03547824
v -0.04394928 -0.035847 -0.02088113
v -0.04219043 -0.04206794 -0.03684971
v -0.04077314 -0.04301614 -0.03586734
v -0.04101956 -0.04082704 -0.03499261
v -0.04249143 -0.03980032 -0.036391
v -0.04273713 -0.0424789 -0.0001687
v -0.0396737 -0.04276447 0.00258522
v -0.03835199 -0.04399303 0.00139364
v -0.03956493 -0.04386248 -0.00100893
v -0.03935446 -0.04413647 -0.00304108
v -0.04192469 -0.04322995 -0.00322822
v -0.047041 -0.04368938 -0.00335077
v -0.04892255 -0.04394799 -7.018E-05
v -0.04922626 -0.04778517 0.0007909
v -0.04408443 -0.04533887 0.00178933
v -0.03874975 -0.03209784 -0.01520596
v -0.03919245 -0.02979513 -0.01545426
v -0.0414895 -0.03130118 -0.01610107
v -0.03975037 -0.03405315 -0.01542038
v -0.03694977 -0.03273506 -0.01419127
v -0.03644538 -0.02939769 -0.01417957
v -0.03748007 -0.0363038 -0.01436749
v -0.041677 -0.0443763 -0.00687331
v -0.04405663 -0.04669322 -0.00736297
v -0.04846755 -0.04622911 -0.00452686
v -0.03948824 -0.04318058 -0.00600968
v -0.05138187 -0.0674016 -0.01956233
v -0.04951179 -0.06913052 -0.01889818
v -0.05142104 -0.06945483 -0.01627369
v -0.05252233 -0.06689913 -0.01747427
v -0.05040237 -0.06439015 -0.01986213
v -0.04819522 -0.06588163 -0.01912717
v -0.05207461 -0.06306416 -0.01842816
v -0.05221626 -0.06293543 6.7E-07
v -0.04975963 -0.06012937 -0.00019672
v -0.04829067 -0.06137861 0.00206504
v -0.05013369 -0.06297372 0.00259656
v -0.05225968 -0.06217781 -0.00278512
v -0.05015408 -0.05972438 -0.00249966
v -0.05526397 -0.06520839 -0.00101069
v -0.05501472 -0.06388788 -0.00341404
v -0.05402569 -0.06355006 0.001797
v -0.05626493 -0.06459074 0.000577
v -0.05198623 -0.06356408 0.00373249
v -0.04631996 -0.03640021 0.01831642
v -0.04663386 -0.03426404 0.0195017
v -0.04676011 -0.03350168 0.01743378
v -0.0460387 -0.0354639 0.0165193
v -0.04565525 -0.03133145 0.01717664
v -0.04436596 -0.03362273 0.01609696
v -0.04575117 -0.03101959 0.02005662
v -0.04587898 -0.03237536 -0.01614462
v -0.04494337 -0.0305813 -0.01602644
v -0.04663506 -0.02880427 -0.01672666
v -0.04741782 -0.03274469 -0.01674057
v -0.04407848 -0.03485961 -0.0162699
v -0.04301931 -0.03318789 -0.01621917
v -0.04580979 -0.03299484 -0.02029444
v -0.0447089 -0.03077145 -0.02021188
v -0.0427713 -0.03387601 -0.02120856
v -0.04742437 -0.03311438 -0.01898492
v -0.04646361 -0.02888244 -0.0191563
v -0.05883011 -0.06737556 -0.00136681
v -0.05831598 -0.06510562 -0.00276345
v -0.0582323 -0.06302968 -0.00436931
v -0.05578465 -0.06290762 -0.00571385
v -0.0562625 -0.05128241 0.00088966
v -0.05570874 -0.04698638 -0.00039635
v -0.06168004 -0.04759611 -0.00086045
v -0.06223596 -0.05004572 -7.429E-05
v -0.05340646 -0.05427263 0.0034536
v -0.04877511 -0.05113676 0.00292161
v -0.06023303 -0.05665131 0.00208364
v -0.05636925 -0.05768712 0.00412264
v -0.06428507 -0.05313556 0.00064529
v -0.05918603 -0.06063183 0.00194693
v -0.05678902 -0.0606344 0.0037767
v -0.06383711 -0.05933216 0.00167486
v -0.06206402 -0.06168792 0.00129585
v -0.06663357 -0.05696744 0.0008891
v -0.06436527 -0.06802379 -0.00131207
v -0.06364137 -0.06668147 0.00070276
v -0.06720367 -0.06735799 0.00203496
v -0.06825069 -0.06799681 0.00017247
v -0.06702051 -0.06771547 -0.00285702
v -0.06546819 -0.06595854 -0.00417562
v -0.06217345 -0.06576136 -0.00308866
v -0.06911877 -0.06725387 -0.00162475
v -0.0665212 -0.06559351 0.00231047
v -0.06405331 -0.06473999 0.00117648
v -0.06520558 -0.06295785 0.00187763
v -0.06789522 -0.06423882 0.00296739
v -0.06992868 -0.06605229 0.00299952
v -0.06469751 -0.05088025 -0.00341403
v -0.0617835 -0.05102078 -0.00358671
v -0.06326817 -0.05442528 -0.00410657
v -0.06653814 -0.05354206 -0.00368569
v -0.06545751 -0.048996 -0.00296918
v -0.06149429 -0.04839335 -0.00315218
v -0.06854565 -0.05189149 -0.0032618
v -0.06988647 -0.06571165 -0.00603694
v -0.06790516 -0.06605218 -0.00553413
v -0.06892173 -0.06802015 -0.00440159
v -0.07118613 -0.06698379 -0.00520386
v -0.07309399 -0.06474835 -0.00510098
v -0.07077533 -0.06384218 -0.00597126
v -0.06819648 -0.0637103 -0.00578805
v -0.06522274 -0.04936352 -0.00027769
v -0.06581508 -0.04779802 -0.00051391
v -0.06899825 -0.05068432 -0.00045822
v -0.06720243 -0.05154988 -8.92E-05
v -0.06803443 -0.05929902 0.00137116
v -0.06956634 -0.0559556 0.00036131
v -0.07021328 -0.05956435 0.001275
v -0.06934807 -0.06211027 0.00234616
v -0.06667432 -0.06100081 0.00195482
v -0.06997623 -0.06744217 -0.00300802
v -0.07116207 -0.06655447 -0.00114041
v -0.07159926 -0.06679063 -0.00300408
v -0.0726652 -0.06532851 -0.00107199
v -0.07079473 -0.06671981 0.0008919
v -0.07307233 -0.06477099 0.00059631
v -0.07446091 -0.06170371 -0.00115915
v -0.0731478 -0.064859 -0.0026169
v -0.07178602 -0.06328094 0.00248168
v -0.07259691 -0.06002623 0.00118945
v -0.07169023 -0.05559898 0.00018181
v -0.07426777 -0.05551188 -0.00105046
v -0.07358637 -0.05600415 -0.00362706
v -0.07440495 -0.06119815 -0.00444536
v -0.07163773 -0.06098934 -0.00520701
v -0.07098936 -0.05676275 -0.00401368
v -0.06860614 -0.05766409 -0.00437993
v -0.06897521 -0.06119908 -0.00523533
v -0.06996909 -0.05048252 -0.00281686
v -0.070559 -0.04965166 -0.00116655
v -0.06660631 -0.04568402 -0.00105794
v -0.06609166 -0.04727286 -0.00244355
v -0.06155151 -0.04659136 -0.00252369
v -0.06167519 -0.04581157 -0.00132959
v -0.05552082 -0.04521528 -0.00162618
v -0.05540798 -0.0465165 -0.00295081
v -0.05066217 -0.04931527 -0.00518885
v -0.05605753 -0.04874676 -0.00364529
v -0.05350028 -0.05289269 -0.00574971
v -0.05749949 -0.05183746 -0.00422459
v -0.05609508 -0.05618948 -0.00630641
v -0.05929645 -0.05524135 -0.00481697
v -0.0575485 -0.05887294 -0.00640233
v -0.06058524 -0.05849756 -0.00526589
v -0.06476583 -0.05823598 -0.00478728
v -0.06111019 -0.06114605 -0.00499118
v -0.06511002 -0.06122184 -0.00497189
v -0.06136771 -0.06346637 -0.00417785
v -0.06502263 -0.06371471 -0.00492982
v -0.05815854 -0.06116306 -0.00581298
v -0.05600676 -0.06152386 -0.00730556
v -0.05549899 -0.05947772 -0.00811816
v -0.05395833 -0.06027044 -0.01026301
v -0.05440309 -0.06228731 -0.0094615
v -0.05390706 -0.0571096 -0.00816637
v -0.05263626 -0.05778168 -0.0104109
v -0.05179828 -0.05801021 -0.01330538
v -0.05359033 -0.0609867 -0.01364217
v -0.05074419 -0.05411785 -0.00773671
v -0.04950659 -0.0549549 -0.01004139
v -0.04880631 -0.0551057 -0.01257835
v -0.04773815 -0.05469945 -0.01536968
v -0.05044212 -0.05803802 -0.01628393
v -0.04986249 -0.05801113 -0.01895979
v -0.05149437 -0.06229082 -0.01588855
v -0.0460945 -0.05461805 -0.01740545
v -0.04407119 -0.05517835 -0.01871148
v -0.04796434 -0.05946394 -0.02061543
v -0.04286207 -0.05161515 -0.01582578
v -0.04121688 -0.052469 -0.01632932
v -0.03990696 -0.05356035 -0.01600235
v -0.04205719 -0.0569488 -0.01860885
v -0.04035439 -0.04854672 -0.01593031
v -0.03856299 -0.04941484 -0.01591744
v -0.03694786 -0.05069222 -0.01609828
v -0.03599361 -0.0523308 -0.01589081
v -0.03885459 -0.05466738 -0.01547235
v -0.03635146 -0.04649922 -0.01646625
v -0.03830834 -0.05537987 -0.01392796
v -0.04028176 -0.05938417 -0.01476699
v -0.04120326 -0.05841528 -0.01676475
v -0.03592376 -0.05189874 -0.01405059
v -0.03527236 -0.05215855 -0.01230922
v -0.03880073 -0.05526799 -0.01197986
v -0.03210635 -0.05038964 -0.01378699
v -0.03160253 -0.04933859 -0.01235211
v -0.03433265 -0.05236815 -0.0103716
v -0.02919967 -0.04834057 -0.01339939
v -0.02904499 -0.04629251 -0.01246469
v -0.03141486 -0.04760085 -0.01116172
v -0.02702544 -0.04833047 -0.01369084
v -0.02673522 -0.04590292 -0.01283755
v -0.02666233 -0.04328366 -0.01227275
v -0.0250299 -0.04909705 -0.01319052
v -0.02455567 -0.04624373 -0.01198983
v -0.02425183 -0.04294354 -0.01146585
v -0.02427693 -0.04024087 -0.01141467
v -0.02663778 -0.04067508 -0.01208416
v -0.0223295 -0.04298069 -0.0092328
v -0.02202665 -0.0397997 -0.00937983
v -0.02101626 -0.04328041 -0.00511547
v -0.02047666 -0.03945189 -0.00501835
v -0.02018016 -0.0372232 -0.0050148
v -0.01975338 -0.03520166 -0.00525071
v -0.01971721 -0.03975676 0.00112755
v -0.01931463 -0.03743804 0.00122572
v -0.01887132 -0.03590112 0.00141643
v -0.01824801 -0.03481436 0.00194788
v -0.01830598 -0.03368028 -0.00531471
v -0.02076482 -0.03767961 0.00718614
v -0.02099871 -0.04011345 0.00677894
v -0.02253412 -0.04070305 0.0096677
v -0.02246018 -0.03840166 0.01006803
v -0.02453309 -0.04123667 0.01093738
v -0.02429213 -0.03884958 0.01116188
v -0.02386872 -0.03751913 0.01260188
v -0.02555958 -0.03709402 0.01309228
v -0.02304023 -0.04398646 0.00958215
v -0.02502339 -0.04434896 0.01105054
v -0.0272234 -0.04489133 0.01139207
v -0.02567883 -0.04750428 0.01135249
v -0.0276215 -0.04772081 0.01181998
v -0.02938188 -0.0484114 0.01111311
v -0.02913412 -0.04570939 0.01070785
v -0.03133434 -0.04965071 0.00985875
v -0.03109124 -0.0470129 0.00931716
v -0.0338389 -0.05194133 0.00798168
v -0.03208541 -0.05141468 0.01103187
v -0.03435845 -0.05313176 0.00966173
v -0.03795568 -0.05574381 0.00871668
v -0.0354085 -0.05340926 0.01137029
v -0.03735715 -0.056362 0.01075099
v -0.03947766 -0.05992257 0.01096268
v -0.0408297 -0.05942024 0.00868358
v -0.03822062 -0.05586223 0.01264505
v -0.04033369 -0.05914745 0.01308837
v -0.04277543 -0.06314401 0.01346901
v -0.0413951 -0.05796108 0.01486894
v -0.04432943 -0.06170568 0.01516228
v -0.0429166 -0.05613676 0.01569317
v -0.0460222 -0.06015217 0.01637699
v -0.04802422 -0.0639184 0.01591718
v -0.04801307 -0.0583652 0.01658999
v -0.05035228 -0.06312534 0.01652283
v -0.04877381 -0.05819928 0.01436915
v -0.05080007 -0.06243307 0.01468573
v -0.05128266 -0.06623574 0.01394454
v -0.05163294 -0.0613748 0.01249321
v -0.0517834 -0.06482656 0.01172752
v -0.05049758 -0.06692676 0.01057506
v -0.04991729 -0.0687743 0.01303303
v -0.05282918 -0.06285826 0.00871691
v -0.05199776 -0.06463617 0.007507
v -0.05021082 -0.06527121 0.00622957
v -0.05377681 -0.06298099 0.00488969
v -0.05474063 -0.06138155 0.00602134
v -0.05563216 -0.06225715 0.00272819
v -0.05772766 -0.06258621 0.00101573
v -0.06055538 -0.06360509 0.00045833
v -0.05935862 -0.06556638 -9.759E-05
v -0.05233458 -0.06030101 0.00927888
v -0.05399186 -0.05896104 0.00640108
v -0.05029865 -0.05779478 0.00884861
v -0.0516022 -0.05663554 0.00583664
v -0.04715935 -0.05499047 0.00791313
v -0.04801365 -0.05371341 0.00525991
v -0.04650708 -0.0549721 0.01062549
v -0.04360048 -0.05195597 0.00939501
v -0.04957748 -0.05796162 0.01200731
v -0.04580925 -0.05484014 0.01282617
v -0.04468669 -0.05502574 0.01461357
v -0.0433904 -0.05187034 0.01155418
v -0.03648601 -0.05354582 0.01303198
v -0.03327984 -0.05227425 0.01253762
v -0.03417829 -0.05292377 0.01415303
v -0.03098894 -0.05182227 0.01351737
v -0.03002435 -0.05050454 0.01209743
v -0.02814231 -0.05007026 0.01260334
v -0.0262924 -0.05007745 0.01237602
v -0.02394318 -0.04768655 0.00987204
v -0.02465721 -0.05061246 0.01120233
v -0.02535628 -0.05257464 0.01327837
v -0.02434907 -0.05528329 0.01497372
v -0.02484794 -0.05316338 0.01620379
v -0.02126892 -0.05489684 0.01732589
v -0.01676753 -0.05366609 0.01833297
v -0.02458399 -0.05743641 0.01375087
v -0.02170032 -0.05762666 0.0170281
v -0.01658407 -0.05731739 0.01862643
v -0.01001886 -0.05762627 0.01803705
v -0.01086044 -0.05272572 0.01819399
v -0.02270598 -0.05998764 0.0169718
v -0.01723306 -0.06031021 0.01948492
v -0.00977341 -0.06161596 0.01927029
v -0.00133084 -0.06382512 0.01761611
v -0.00186916 -0.05890614 0.01667096
v -0.01805933 -0.06298735 0.02036454
v -0.01014328 -0.06460227 0.02020322
v -0.00137327 -0.0671252 0.01861739
v 0.00500526 -0.06944945 0.01452049
v 0.00517416 -0.06628066 0.01370064
v -0.01082831 -0.06754966 0.02019044
v -0.00178953 -0.07022331 0.01899693
v 0.0044192 -0.07238254 0.01491322
v 0.00727165 -0.07326774 0.00854558
v 0.00815828 -0.07082649 0.00855083
v 0.0099606 -0.07094335 -0.0006163
v 0.01030597 -0.06738633 -0.00044505
v 0.00817684 -0.06749879 0.00831368
v 0.00872492 -0.07378837 -0.00069357
v 0.00649945 -0.07256304 -0.01063724
v 0.00798592 -0.06980246 -0.01096628
v 0.00589351 -0.07427985 -0.00061142
v 0.00282652 -0.07332639 -0.00037597
v -0.00230899 -0.07150328 6.591E-05
v -0.01027051 -0.06820972 0.00876685
v -0.01001268 -0.06856188 0.00052396
v -0.01050714 -0.06756136 -0.00747228
v -0.01114922 -0.06765933 -0.01334594
v -0.01685201 -0.06596011 0.00047834
v -0.01720742 -0.06498659 -0.0071062
v -0.02158323 -0.0642786 0.00040037
v -0.0220887 -0.06382779 -0.00693498
v -0.02419871 -0.06306237 0.00054668
v -0.02480446 -0.06290302 -0.00680552
v -0.02532395 -0.06127958 0.00085355
v -0.02651822 -0.06090776 -0.006687
v -0.02669138 -0.06176816 -0.01396249
v -0.02279643 -0.06292817 -0.01916834
v -0.02532767 -0.05790885 -0.00657961
v -0.02516286 -0.05875529 -0.01363154
v -0.02192118 -0.05976722 -0.01839543
v -0.02197919 -0.05643351 -0.01794849
v -0.0178842 -0.05495396 -0.01983625
v -0.01705401 -0.05978245 -0.0203926
v -0.01744158 -0.06362316 -0.02176843
v -0.01071349 -0.06467995 -0.02120231
v -0.01147332 -0.06774107 -0.01993947
v -0.00285647 -0.0671069 -0.0203002
v -0.00418885 -0.07059669 -0.01994469
v -0.01173454 -0.06877297 -0.01701143
v 0.00406084 -0.06849962 -0.01772148
v 0.00246645 -0.07169735 -0.01705844
v 0.00453073 -0.06452521 -0.01684388
v 0.00787753 -0.06620052 -0.01054402
v 0.00509866 -0.05839261 -0.01630901
v 0.00913332 -0.06057736 -0.01024308
v 0.01102373 -0.06167408 -0.00013113
v 0.01100515 -0.05417928 -0.01006964
v 0.01262672 -0.05474421 0.00030275
v 0.0106473 -0.05452447 0.00949528
v 0.00928786 -0.06157251 0.00852575
v 0.00513174 -0.05378292 0.01458717
v 0.00580338 -0.0607405 0.01356559
v -0.00296588 -0.0529502 0.01705513
v 0.00439984 -0.04830389 0.01637675
v -0.00431757 -0.04800037 0.01831414
v 0.00413038 -0.04481036 0.01822622
v -0.00564938 -0.04392668 0.0201453
v 0.00393152 -0.04113808 0.01912045
v -0.00662266 -0.04024322 0.02108278
v 0.00306018 -0.03769288 0.01792454
v -0.00732383 -0.03667301 0.02001092
v 0.0014873 -0.03724431 0.01553402
v 0.00878038 -0.03987581 0.00996538
v 0.01071233 -0.04036741 0.01108931
v 0.01368501 -0.04195954 0.00075404
v 0.0114132 -0.0418538 0.00073719
v 0.01286863 -0.04277437 0.01224545
v 0.0157827 -0.04343541 0.00077912
v 0.01332083 -0.04243843 -0.01076765
v 0.01092337 -0.04071809 -0.00961777
v 0.01265994 -0.04589344 0.01189364
v 0.01568199 -0.04608216 0.00071136
v 0.01365219 -0.04536315 -0.01121384
v 0.00630603 -0.0427125 -0.01855062
v 0.00615319 -0.0394782 -0.0183284
v 0.01418391 -0.04914678 0.00055201
v 0.01279131 -0.04877374 -0.01095404
v 0.00596344 -0.04613834 -0.01770559
v -0.00242305 -0.04380058 -0.02046804
v -0.0026369 -0.0408417 -0.02156924
v 0.00561713 -0.05162031 -0.01667793
v -0.01074125 -0.03875922 -0.02187506
v -0.00303237 -0.0378739 -0.02111392
v -0.01066191 -0.04160924 -0.02148796
v -0.01573765 -0.03689349 -0.02066141
v -0.00399103 -0.03735142 -0.01882755
v 0.0043628 -0.03878024 -0.01644367
v -0.00533366 -0.03730509 -0.01682371
v 0.00258501 -0.03883595 -0.01504329
v 0.00862749 -0.04080982 -0.00857514
v -0.00742433 -0.03788382 -0.01268102
v -0.01275939 -0.03519316 -0.01226346
v -0.01379747 -0.03477276 -0.00580488
v -0.0097441 -0.03709444 -0.0063095
v -0.0139832 -0.03520723 0.00143318
v -0.00996152 -0.03692401 0.00120765
v -0.01627889 -0.03395712 -0.00547502
v -0.01645854 -0.03472335 0.00185078
v -0.01576346 -0.03293958 -0.01217456
v -0.01857546 -0.03291871 -0.01233083
v 0.01173012 -0.04909299 0.0109798
v -0.02328973 -0.053449 -0.01805845
v -0.02071213 -0.05088799 -0.01985011
v -0.0233785 -0.04836017 -0.02017792
v -0.02532875 -0.04666473 -0.02140058
v -0.02529205 -0.04298487 -0.02107981
v -0.02714429 -0.04492228 -0.02313085
v -0.02748451 -0.04148718 -0.02274908
v -0.02957404 -0.04270687 -0.0260162
v -0.02966095 -0.03994346 -0.02552705
v -0.03244354 -0.0403809 -0.03039797
v -0.03244357 -0.03808882 -0.02953987
v -0.03590574 -0.03867001 -0.03408907
v -0.03562152 -0.03644563 -0.0329149
v -0.03557981 -0.03482491 -0.03141823
v -0.03633216 -0.04113271 -0.03472412
v -0.03286216 -0.04277627 -0.03072535
v -0.03378215 -0.04503982 -0.03041763
v -0.03667568 -0.04346815 -0.03487592
v -0.03029775 -0.04546124 -0.02616907
v -0.03788032 -0.04509468 -0.03436172
v -0.03551064 -0.0457257 -0.02959877
v -0.03695942 -0.04468625 -0.0287607
v -0.03877835 -0.04372164 -0.03345582
v -0.03910187 -0.04185528 -0.03275699
v -0.03783426 -0.04297629 -0.02866509
v -0.02495051 -0.06394666 0.00702154
v -0.02663593 -0.06180169 0.00736469
v -0.02673248 -0.06185086 0.012789
v -0.02547039 -0.05950381 0.0130252
v -0.02387756 -0.06223945 0.01734684
v -0.02191004 -0.06477254 0.00712395
v -0.01711309 -0.06601251 0.0079493
v -0.01093616 -0.06821864 0.01473479
v -0.01104233 -0.06823353 0.01779378
v -0.02157586 -0.04380482 0.00661219
v -0.02040143 -0.04374375 0.00112792
v -0.026284 -0.03823506 -0.01211898
v -0.02522326 -0.03674779 -0.01359724
v -0.03480357 -0.05019067 -0.00904925
v -0.04167645 -0.05878803 -0.0127114
v -0.04413989 -0.06289916 -0.01758432
v -0.04570996 -0.06151231 -0.01972548
v -0.05240275 -0.06539575 -0.01487334
v -0.05386046 -0.06378406 -0.0123522
v -0.05217355 -0.06740659 -0.01340799
v -0.05287157 -0.06523054 -0.01077539
v -0.05399627 -0.06374899 -0.00806975
v -0.05104909 -0.06527372 -0.00936385
v -0.0526077 -0.06367167 -0.00654768
v -0.04894058 -0.06458846 -0.00811292
v -0.05070553 -0.06271788 -0.00544546
v -0.04690307 -0.06323242 -0.00716789
v -0.04896566 -0.06081373 -0.00491486
v -0.04540223 -0.060266 -0.00719076
v -0.04688416 -0.05801455 -0.00494733
v -0.04786127 -0.05639545 -0.00253432
v -0.04428689 -0.05429656 -0.00220493
v -0.0470584 -0.05730902 -0.00017933
v -0.04597125 -0.05906707 0.00215496
v -0.04148181 -0.05199622 -0.00190346
v -0.04007289 -0.04907943 -0.00148396
v -0.03953787 -0.04632524 -0.0011182
v -0.0388153 -0.04622827 0.00125762
v -0.03908455 -0.0465144 -0.0032861
v -0.03777159 -0.04643298 -0.00546941
v -0.03779247 -0.04410341 -0.00505483
v -0.03673415 -0.04403751 0.00371779
v -0.0368374 -0.04588218 0.00363507
v -0.03438828 -0.04251473 0.00558398
v -0.0342046 -0.04438242 0.00597125
v -0.05017628 -0.06739496 -0.01206284
v -0.04683962 -0.05026868 -0.00737554
v -0.04392185 -0.02589897 -0.0164057
v -0.04319747 -0.02638726 -0.01892934
v -0.04211311 -0.02891988 -0.01993882
v -0.04061294 -0.03240179 -0.0208929
v -0.03889564 -0.02595445 -0.01765379
v -0.03844668 -0.02814654 -0.01865627
v -0.03745449 -0.03114153 -0.01987217
v -0.03953857 -0.02552668 -0.01599107
v -0.03581353 -0.02455463 -0.01433768
v -0.03957884 -0.02748257 -0.01529349
v -0.03621084 -0.02688354 -0.01395406
v -0.03205963 -0.02517628 -0.01225861
v -0.04292344 -0.02865501 -0.01576562
v -0.03995775 -0.03753295 -0.02315624
v -0.04072205 -0.03625169 -0.01555833
v -0.04157401 -0.03787735 -0.01571367
v -0.0393553 -0.04080684 -0.01463361
v -0.03824407 -0.03911898 -0.01427163
v -0.043429 -0.03318122 0.02095799
v -0.04097971 -0.03063415 0.02061265
v -0.04266468 -0.02822348 0.01942689
v -0.04297739 -0.02929531 0.01695524
v -0.03770524 -0.02619037 0.01736552
v -0.03832817 -0.02877004 0.01576518
v -0.03306374 -0.0272547 0.01460877
v -0.03395025 -0.0296635 0.01432104
v -0.03678847 -0.02869601 0.01880635
v -0.03217458 -0.02827138 0.01638016
v -0.03575549 -0.03108946 0.01980769
v -0.03196754 -0.03063756 0.01733992
v -0.03910774 -0.03348877 0.02112133
v -0.03742244 -0.035994 0.02168268
v -0.03933326 -0.03847979 0.02214448
v -0.03793125 -0.04038587 0.02346818
v -0.03603473 -0.03781544 0.02311599
v -0.0411407 -0.03600533 0.02118945
v -0.04277115 -0.03637651 0.01552685
v -0.04062647 -0.03924111 0.01456206
v -0.04116179 -0.04456419 0.00367358
v -0.03478632 -0.04473413 0.0198457
v -0.03471411 -0.04534815 0.01732982
v -0.03626283 -0.04375961 0.03217144
v -0.03534323 -0.04560196 0.03333376
v -0.03341054 -0.04513201 0.03448529
v -0.03309993 -0.04676804 0.02940306
v -0.0312501 -0.04562798 0.02999809
v -0.03017163 -0.04347819 0.03004814
v -0.03213104 -0.04276723 0.03482618
v -0.03101374 -0.04821396 0.02486175
v -0.02922007 -0.04671396 0.02513493
v -0.0282174 -0.04433616 0.02520065
v -0.03018649 -0.04100509 0.0295388
v -0.02748008 -0.0473313 0.02194802
v -0.02618204 -0.04474021 0.02215044
v -0.03038372 -0.03860578 0.02883075
v -0.03096548 -0.03640594 0.02812669
v -0.03259493 -0.03804156 0.02817649
f 1 2 3
f 1 3 4
f 1 4 5
f 1 5 6
f 1 6 7
f 1 7 2
f 8 9 10
f 8 10 11
f 8 11 12
f 8 12 13
f 8 13 14
f 8 14 9
f 15 16 17
f 15 17 18
f 19 20 21
f 19 21 22
f 23 24 25
f 23 25 26
f 23 27 28
f 23 28 24
f 23 26 29
f 23 29 27
f 30 31 32
f 30 32 33
f 30 34 35
f 30 35 31
f 30 33 36
f 30 36 34
f 17 16 37
f 17 37 38
f 17 39 40
f 17 40 18
f 17 38 41
f 17 41 42
f 17 42 43
f 17 43 39
f 44 45 46
f 44 46 47
f 44 47 48
f 44 48 49
f 44 50 51
f 44 51 52
f 44 49 53
f 44 53 50
f 33 54 55
f 33 55 36
f 56 57 58
f 56 58 59
f 56 38 37
f 56 37 57
f 56 60 41
f 56 41 38
f 61 33 32
f 61 32 62
f 61 62 63
f 61 63 64
f 61 64 54
f 61 54 33
f 65 66 67
f 65 67 68
f 65 69 70
f 65 70 66
f 65 68 71
f 65 71 72
f 73 74 75
f 73 75 76
f 73 77 78
f 73 78 74
f 73 76 79
f 73 79 77
f 80 81 82
f 80 82 83
f 80 84 85
f 80 85 81
f 80 83 86
f 80 86 84
f 87 88 89
f 87 89 90
f 87 51 50
f 87 50 88
f 87 90 91
f 87 91 51
f 92 48 36
f 92 36 55
f 92 93 49
f 92 49 48
f 92 94 95
f 92 95 96
f 92 55 97
f 92 97 94
f 92 96 98
f 92 98 93
f 99 100 54
f 99 54 64
f 99 101 102
f 99 102 100
f 99 103 104
f 99 104 101
f 105 106 107
f 105 107 108
f 105 108 109
f 105 109 110
f 105 110 111
f 105 111 106
f 112 113 114
f 112 114 115
f 112 115 116
f 112 116 117
f 112 118 119
f 112 119 113
f 120 121 122
f 120 122 123
f 120 123 124
f 120 124 125
f 120 125 126
f 120 126 121
f 127 128 129
f 127 129 130
f 127 131 132
f 127 132 133
f 127 133 134
f 127 134 128
f 131 135 136
f 131 136 132
f 131 137 138
f 131 138 139
f 131 139 140
f 131 140 135
f 131 127 141
f 131 141 137
f 142 143 144
f 142 144 145
f 142 146 147
f 142 147 143
f 142 148 149
f 142 149 146
f 133 150 151
f 133 151 152
f 133 152 153
f 133 153 134
f 154 155 156
f 154 156 157
f 154 157 158
f 154 158 159
f 154 159 160
f 154 160 161
f 162 163 161
f 162 161 164
f 162 137 141
f 162 141 163
f 162 164 165
f 162 165 166
f 162 167 138
f 162 138 137
f 162 166 168
f 162 168 167
f 169 170 171
f 169 171 172
f 169 173 174
f 169 174 170
f 169 172 175
f 169 175 176
f 177 178 179
f 177 179 180
f 177 180 181
f 177 181 182
f 177 182 183
f 177 183 178
f 184 185 186
f 184 186 112
f 179 187 185
f 179 185 184
f 184 112 117
f 184 117 179
f 188 189 136
f 188 136 190
f 188 190 191
f 188 191 192
f 188 193 194
f 188 194 195
f 188 195 196
f 188 196 189
f 151 197 181
f 151 181 152
f 151 150 198
f 151 198 199
f 151 200 201
f 151 201 197
f 151 199 202
f 151 202 200
f 203 204 205
f 203 205 206
f 203 206 207
f 203 207 208
f 203 208 209
f 203 209 204
f 210 211 212
f 210 212 213
f 210 214 215
f 210 215 211
f 210 213 216
f 210 216 214
f 147 217 207
f 147 207 218
f 147 146 219
f 147 219 220
f 147 220 221
f 147 221 217
f 222 223 206
f 222 206 205
f 222 205 224
f 222 224 225
f 222 225 226
f 222 226 227
f 222 227 228
f 222 228 160
f 222 160 159
f 222 159 223
f 227 226 229
f 227 229 230
f 231 232 201
f 231 201 233
f 231 234 235
f 231 235 232
f 231 233 236
f 231 236 234
f 237 238 239
f 237 239 240
f 237 240 241
f 237 241 242
f 237 242 243
f 237 243 244
f 237 245 246
f 237 246 238
f 247 248 249
f 247 249 250
f 247 250 251
f 247 251 252
f 247 252 253
f 247 253 248
f 254 209 208
f 254 208 255
f 254 256 257
f 254 257 258
f 254 255 259
f 254 259 256
f 260 261 262
f 260 262 263
f 260 263 264
f 260 264 265
f 260 265 212
f 260 212 261
f 256 259 266
f 256 266 257
f 267 268 269
f 267 269 270
f 267 241 240
f 267 240 268
f 267 270 271
f 267 271 241
f 272 273 274
f 272 274 275
f 272 276 277
f 272 277 278
f 272 275 279
f 272 279 276
f 280 281 234
f 280 234 236
f 280 282 283
f 280 283 281
f 280 236 284
f 280 284 282
f 285 286 287
f 285 287 288
f 285 289 224
f 285 224 286
f 285 288 290
f 285 290 289
f 291 292 176
f 291 176 175
f 291 175 293
f 291 293 294
f 291 294 295
f 291 295 296
f 291 296 297
f 291 297 298
f 299 230 300
f 299 300 301
f 299 301 302
f 299 302 303
f 299 303 304
f 299 304 305
f 306 307 308
f 306 308 309
f 306 310 311
f 306 311 194
f 306 309 312
f 306 312 310
f 284 313 314
f 284 314 315
f 284 315 316
f 284 316 317
f 284 317 318
f 284 318 282
f 319 226 225
f 319 225 320
f 321 229 226
f 321 226 319
f 319 320 322
f 319 322 321
f 323 292 291
f 323 291 298
f 323 298 324
f 323 324 325
f 323 326 327
f 323 327 292
f 323 325 328
f 323 328 329
f 330 331 332
f 330 332 333
f 330 334 335
f 330 335 331
f 330 333 336
f 330 336 334
f 337 338 253
f 337 253 339
f 337 340 341
f 337 341 338
f 337 339 342
f 337 342 340
f 308 317 316
f 308 316 309
f 308 307 343
f 308 343 344
f 308 344 345
f 308 345 346
f 308 346 318
f 308 318 317
f 347 279 275
f 347 275 348
f 347 349 350
f 347 350 279
f 347 348 351
f 347 351 349
f 352 353 354
f 352 354 355
f 352 356 357
f 352 357 353
f 352 355 345
f 352 345 356
f 358 295 294
f 358 294 359
f 358 359 360
f 358 360 361
f 358 362 363
f 358 363 364
f 358 364 365
f 358 365 295
f 358 361 366
f 358 366 362
f 296 295 365
f 296 365 297
f 367 368 369
f 367 369 370
f 367 371 372
f 367 372 368
f 367 370 373
f 367 373 371
f 374 370 369
f 374 369 375
f 374 375 376
f 374 376 377
f 374 377 373
f 374 373 370
f 378 283 282
f 378 282 318
f 378 318 346
f 378 346 379
f 378 379 380
f 378 380 283
f 381 382 383
f 381 383 384
f 381 384 385
f 381 385 386
f 381 386 387
f 381 387 388
f 381 389 390
f 381 390 382
f 361 360 391
f 361 391 392
f 361 393 394
f 361 394 366
f 361 392 395
f 361 395 393
f 396 397 398
f 396 398 383
f 396 399 400
f 396 400 401
f 396 401 312
f 396 312 397
f 396 390 402
f 396 402 399
f 396 383 382
f 396 382 390
f 403 364 363
f 403 363 404
f 403 405 406
f 403 406 407
f 403 407 365
f 403 365 364
f 408 409 410
f 408 410 411
f 408 412 413
f 408 413 409
f 408 411 414
f 408 414 412
f 415 416 409
f 415 409 413
f 415 351 417
f 415 417 416
f 415 413 418
f 415 418 419
f 420 421 422
f 420 422 405
f 420 405 403
f 420 403 423
f 420 423 424
f 420 424 421
f 425 426 427
f 425 427 428
f 425 429 430
f 425 430 426
f 425 428 431
f 425 431 429
f 432 433 434
f 432 434 435
f 432 436 437
f 432 437 433
f 432 435 438
f 432 438 436
f 439 410 440
f 439 440 441
f 439 441 442
f 439 442 443
f 439 443 411
f 439 411 410
f 412 414 418
f 412 418 413
f 444 445 446
f 444 446 447
f 444 448 404
f 444 404 445
f 444 447 449
f 444 449 448
f 450 350 349
f 450 349 451
f 450 452 453
f 450 453 350
f 450 451 454
f 450 454 455
f 427 456 457
f 427 457 458
f 427 426 302
f 427 302 456
f 427 458 459
f 427 459 460
f 427 460 461
f 427 461 428
f 434 433 462
f 434 462 463
f 434 463 464
f 434 464 435
f 465 466 467
f 465 467 468
f 465 468 469
f 465 469 470
f 465 471 472
f 465 472 466
f 465 473 474
f 465 474 471
f 465 470 475
f 465 475 473
f 476 477 478
f 476 478 452
f 476 479 480
f 476 480 481
f 476 452 450
f 476 450 479
f 476 481 482
f 476 482 483
f 476 483 484
f 476 484 477
f 466 472 485
f 466 485 486
f 481 487 488
f 481 488 482
f 481 489 490
f 481 490 487
f 481 480 491
f 481 491 489
f 492 493 494
f 492 494 495
f 492 495 496
f 492 496 497
f 492 497 498
f 492 498 493
f 499 500 501
f 499 501 502
f 499 503 504
f 499 504 500
f 499 502 505
f 499 505 503
f 506 507 504
f 506 504 503
f 506 508 509
f 506 509 507
f 506 503 505
f 506 505 508
f 510 511 512
f 510 512 513
f 513 514 515
f 513 515 516
f 513 516 490
f 513 490 510
f 513 512 517
f 513 517 514
f 517 502 501
f 517 501 514
f 517 512 518
f 517 518 519
f 517 519 505
f 517 505 502
f 519 518 496
f 519 496 520
f 519 520 508
f 519 508 505
f 520 496 495
f 520 495 521
f 520 521 509
f 520 509 508
f 521 495 494
f 521 494 522
f 521 522 523
f 521 523 509
f 523 522 524
f 523 524 485
f 523 485 472
f 523 472 525
f 523 525 507
f 523 507 509
f 525 472 471
f 525 471 526
f 525 526 504
f 525 504 507
f 526 471 474
f 526 474 527
f 526 527 500
f 526 500 504
f 527 474 528
f 527 528 529
f 527 529 501
f 527 501 500
f 529 528 530
f 529 530 515
f 529 515 514
f 529 514 501
f 530 528 531
f 530 531 532
f 530 532 533
f 530 533 534
f 530 534 516
f 530 516 515
f 534 533 488
f 534 488 487
f 534 487 490
f 534 490 516
f 533 532 535
f 533 535 536
f 533 536 537
f 533 537 488
f 537 536 538
f 537 538 539
f 537 539 460
f 537 460 459
f 537 459 482
f 537 482 488
f 539 538 540
f 539 540 541
f 539 541 461
f 539 461 460
f 541 540 542
f 541 542 543
f 541 543 544
f 541 544 461
f 544 543 464
f 544 464 463
f 544 463 462
f 544 462 431
f 544 431 428
f 544 428 461
f 543 542 545
f 543 545 464
f 545 392 391
f 545 391 438
f 545 438 435
f 545 435 464
f 545 542 395
f 545 395 392
f 542 540 546
f 542 546 395
f 546 547 393
f 546 393 395
f 546 540 538
f 546 538 548
f 546 548 549
f 546 549 547
f 549 550 551
f 549 551 547
f 549 548 535
f 549 535 552
f 549 552 475
f 549 475 550
f 552 535 532
f 552 532 531
f 552 531 473
f 552 473 475
f 551 553 321
f 551 321 394
f 551 394 393
f 551 393 547
f 551 550 554
f 551 554 553
f 554 555 556
f 554 556 553
f 554 550 475
f 554 475 470
f 554 470 469
f 554 469 555
f 556 300 230
f 556 230 229
f 556 229 321
f 556 321 553
f 556 555 557
f 556 557 300
f 557 558 301
f 557 301 300
f 557 555 469
f 557 469 559
f 557 559 560
f 557 560 558
f 560 457 456
f 560 456 558
f 560 559 561
f 560 561 562
f 560 562 484
f 560 484 457
f 562 561 563
f 562 563 564
f 562 564 477
f 562 477 484
f 564 563 387
f 564 387 565
f 564 565 478
f 564 478 477
f 565 387 386
f 565 386 566
f 565 566 567
f 565 567 478
f 567 566 568
f 567 568 277
f 567 277 276
f 567 276 453
f 567 453 452
f 567 452 478
f 568 385 569
f 568 569 570
f 568 570 278
f 568 278 277
f 568 566 386
f 568 386 385
f 570 569 202
f 570 202 199
f 570 199 198
f 570 198 278
f 569 571 314
f 569 314 202
f 569 385 384
f 569 384 571
f 571 398 315
f 571 315 314
f 571 384 383
f 571 383 398
f 563 467 388
f 563 388 387
f 563 561 468
f 563 468 467
f 561 559 469
f 561 469 468
f 558 456 302
f 558 302 301
f 548 538 536
f 548 536 535
f 531 528 474
f 531 474 473
f 524 572 573
f 524 573 574
f 524 574 486
f 524 486 485
f 524 522 494
f 524 494 572
f 574 573 575
f 574 575 576
f 574 576 577
f 574 577 486
f 577 576 578
f 577 578 579
f 577 579 389
f 577 389 580
f 577 580 466
f 577 466 486
f 580 389 381
f 580 381 388
f 580 388 467
f 580 467 466
f 579 578 581
f 579 581 402
f 579 402 390
f 579 390 389
f 581 582 583
f 581 583 584
f 581 584 399
f 581 399 402
f 581 578 585
f 581 585 582
f 585 586 587
f 585 587 582
f 585 578 576
f 585 576 575
f 585 575 588
f 585 588 586
f 588 455 454
f 588 454 586
f 588 575 573
f 588 573 589
f 588 589 590
f 588 590 455
f 590 479 450
f 590 450 455
f 590 589 591
f 590 591 592
f 590 592 480
f 590 480 479
f 592 591 493
f 592 493 498
f 592 498 491
f 592 491 480
f 591 589 573
f 591 573 572
f 591 572 494
f 591 494 493
f 587 419 418
f 587 418 593
f 587 593 583
f 587 583 582
f 587 586 454
f 587 454 419
f 593 418 414
f 593 414 594
f 593 594 595
f 593 595 583
f 595 594 443
f 595 443 442
f 595 442 596
f 595 596 597
f 595 597 584
f 595 584 583
f 597 596 598
f 597 598 400
f 597 400 399
f 597 399 584
f 598 596 599
f 598 599 600
f 598 600 601
f 598 601 602
f 598 602 401
f 598 401 400
f 602 601 311
f 602 311 310
f 602 310 312
f 602 312 401
f 601 600 603
f 601 603 604
f 601 604 605
f 601 605 311
f 605 604 274
f 605 274 273
f 605 273 196
f 605 196 195
f 605 195 194
f 605 194 311
f 604 603 606
f 604 606 274
f 606 417 351
f 606 351 348
f 606 348 275
f 606 275 274
f 606 603 607
f 606 607 417
f 607 440 416
f 607 416 417
f 607 603 600
f 607 600 599
f 607 599 441
f 607 441 440
f 599 596 442
f 599 442 441
f 594 414 411
f 594 411 443
f 518 608 497
f 518 497 496
f 518 512 511
f 518 511 608
f 608 511 489
f 608 489 491
f 608 491 498
f 608 498 497
f 511 510 490
f 511 490 489
f 484 483 458
f 484 458 457
f 483 482 459
f 483 459 458
f 462 433 437
f 462 437 609
f 462 609 429
f 462 429 431
f 609 610 430
f 609 430 429
f 609 437 611
f 609 611 610
f 611 612 304
f 611 304 610
f 611 437 436
f 611 436 613
f 611 613 614
f 611 614 612
f 614 615 616
f 614 616 612
f 614 613 391
f 614 391 360
f 614 360 359
f 614 359 615
f 616 617 618
f 616 618 305
f 616 305 304
f 616 304 612
f 616 615 293
f 616 293 617
f 618 171 619
f 618 619 620
f 618 620 299
f 618 299 305
f 618 617 172
f 618 172 171
f 620 619 228
f 620 228 227
f 620 227 230
f 620 230 299
f 619 171 170
f 619 170 165
f 619 165 164
f 619 164 228
f 617 293 175
f 617 175 172
f 615 359 294
f 615 294 293
f 613 436 438
f 613 438 391
f 610 304 303
f 610 303 430
f 454 451 415
f 454 415 419
f 453 276 279
f 453 279 350
f 451 349 351
f 451 351 415
f 449 447 336
f 449 336 621
f 449 621 622
f 449 622 424
f 449 424 423
f 449 423 448
f 622 621 258
f 622 258 257
f 622 257 266
f 622 266 623
f 622 623 421
f 622 421 424
f 623 266 624
f 623 624 625
f 623 625 422
f 623 422 421
f 625 624 626
f 625 626 627
f 625 627 628
f 625 628 422
f 628 406 405
f 628 405 422
f 628 627 629
f 628 629 630
f 628 630 631
f 628 631 406
f 631 632 407
f 631 407 406
f 631 630 633
f 631 633 634
f 631 634 324
f 631 324 632
f 634 633 635
f 634 635 636
f 634 636 325
f 634 325 324
f 636 635 637
f 636 637 638
f 636 638 328
f 636 328 325
f 638 637 372
f 638 372 371
f 638 371 373
f 638 373 328
f 637 635 639
f 637 639 640
f 637 640 641
f 637 641 372
f 641 640 642
f 641 642 643
f 641 643 338
f 641 338 341
f 641 341 368
f 641 368 372
f 643 642 249
f 643 249 248
f 643 248 253
f 643 253 338
f 642 640 639
f 642 639 644
f 642 644 645
f 642 645 249
f 645 644 646
f 645 646 647
f 645 647 149
f 645 149 648
f 645 648 250
f 645 250 249
f 648 149 148
f 648 148 649
f 648 649 251
f 648 251 250
f 649 148 650
f 649 650 651
f 649 651 652
f 649 652 251
f 652 651 653
f 652 653 654
f 652 654 655
f 652 655 656
f 652 656 252
f 652 252 251
f 656 655 342
f 656 342 339
f 656 339 253
f 656 253 252
f 655 654 657
f 655 657 376
f 655 376 375
f 655 375 342
f 657 654 653
f 657 653 326
f 657 326 323
f 657 323 329
f 657 329 377
f 657 377 376
f 653 651 650
f 653 650 658
f 653 658 327
f 653 327 326
f 658 650 98
f 658 98 96
f 658 96 95
f 658 95 327
f 650 148 142
f 650 142 98
f 647 646 659
f 647 659 219
f 647 219 146
f 647 146 149
f 659 629 627
f 659 627 626
f 659 626 220
f 659 220 219
f 659 646 660
f 659 660 629
f 660 633 630
f 660 630 629
f 660 646 644
f 660 644 639
f 660 639 635
f 660 635 633
f 632 297 365
f 632 365 407
f 632 324 298
f 632 298 297
f 626 624 221
f 626 221 220
f 624 266 259
f 624 259 221
f 621 336 333
f 621 333 258
f 448 423 403
f 448 403 404
f 447 446 334
f 447 334 336
f 446 445 661
f 446 661 662
f 446 662 335
f 446 335 334
f 662 661 663
f 662 663 664
f 662 664 290
f 662 290 335
f 664 663 322
f 664 322 320
f 664 320 289
f 664 289 290
f 663 661 363
f 663 363 362
f 663 362 366
f 663 366 322
f 661 445 404
f 661 404 363
f 440 410 409
f 440 409 416
f 430 303 302
f 430 302 426
f 398 397 316
f 398 316 315
f 397 312 309
f 397 309 316
f 394 321 322
f 394 322 366
f 380 379 355
f 380 355 354
f 380 354 665
f 380 665 666
f 380 666 281
f 380 281 283
f 666 665 667
f 666 667 235
f 666 235 234
f 666 234 281
f 667 665 668
f 667 668 183
f 667 183 182
f 667 182 669
f 667 669 232
f 667 232 235
f 669 182 181
f 669 181 197
f 669 197 201
f 669 201 232
f 668 665 354
f 668 354 353
f 668 353 357
f 668 357 670
f 668 670 178
f 668 178 183
f 670 357 671
f 670 671 187
f 670 187 179
f 670 179 178
f 671 357 356
f 671 356 672
f 671 672 673
f 671 673 674
f 671 674 185
f 671 185 187
f 674 673 675
f 674 675 676
f 674 676 186
f 674 186 185
f 676 675 677
f 676 677 678
f 676 678 679
f 676 679 186
f 679 678 680
f 679 680 681
f 679 681 682
f 679 682 118
f 679 118 112
f 679 112 186
f 682 681 262
f 682 262 683
f 682 683 121
f 682 121 126
f 682 126 119
f 682 119 118
f 683 262 261
f 683 261 684
f 683 684 122
f 683 122 121
f 684 261 212
f 684 212 211
f 684 211 215
f 684 215 122
f 681 680 263
f 681 263 262
f 680 678 677
f 680 677 685
f 680 685 264
f 680 264 263
f 685 677 686
f 685 686 271
f 685 271 270
f 685 270 264
f 686 687 243
f 686 243 242
f 686 242 241
f 686 241 271
f 686 677 675
f 686 675 687
f 687 343 307
f 687 307 243
f 687 675 673
f 687 673 343
f 673 672 344
f 673 344 343
f 672 356 345
f 672 345 344
f 379 346 345
f 379 345 355
f 377 329 328
f 377 328 373
f 375 369 340
f 375 340 342
f 369 368 341
f 369 341 340
f 335 290 288
f 335 288 331
f 333 332 254
f 333 254 258
f 332 331 288
f 332 288 287
f 332 287 209
f 332 209 254
f 327 95 176
f 327 176 292
f 320 225 224
f 320 224 289
f 314 313 200
f 314 200 202
f 313 284 236
f 313 236 233
f 313 233 201
f 313 201 200
f 307 306 244
f 307 244 243
f 306 194 193
f 306 193 244
f 287 286 204
f 287 204 209
f 286 224 205
f 286 205 204
f 278 198 688
f 278 688 272
f 688 198 150
f 688 150 689
f 688 689 189
f 688 189 196
f 688 196 273
f 688 273 272
f 689 150 133
f 689 133 132
f 689 132 136
f 689 136 189
f 270 269 265
f 270 265 264
f 269 268 216
f 269 216 213
f 269 213 212
f 269 212 265
f 268 240 239
f 268 239 216
f 259 255 217
f 259 217 221
f 255 208 207
f 255 207 217
f 246 245 192
f 246 192 690
f 246 690 691
f 246 691 692
f 246 692 693
f 246 693 238
f 693 692 694
f 693 694 695
f 693 695 696
f 693 696 697
f 693 697 239
f 693 239 238
f 697 696 215
f 697 215 214
f 697 214 216
f 697 216 239
f 696 695 124
f 696 124 123
f 696 123 122
f 696 122 215
f 695 694 698
f 695 698 124
f 698 694 699
f 698 699 700
f 698 700 701
f 698 701 702
f 698 702 125
f 698 125 124
f 702 701 113
f 702 113 119
f 702 119 126
f 702 126 125
f 701 700 703
f 701 703 704
f 701 704 114
f 701 114 113
f 704 703 43
f 704 43 42
f 704 42 41
f 704 41 114
f 703 705 706
f 703 706 43
f 703 700 699
f 703 699 705
f 706 707 66
f 706 66 70
f 706 70 39
f 706 39 43
f 706 705 708
f 706 708 707
f 708 709 710
f 708 710 707
f 708 705 699
f 708 699 691
f 708 691 690
f 708 690 709
f 710 711 712
f 710 712 67
f 710 67 66
f 710 66 707
f 710 709 191
f 710 191 711
f 712 713 714
f 712 714 715
f 712 715 68
f 712 68 67
f 712 711 716
f 712 716 713
f 716 135 140
f 716 140 713
f 716 711 191
f 716 191 190
f 716 190 136
f 716 136 135
f 715 714 717
f 715 717 718
f 715 718 71
f 715 71 68
f 718 717 719
f 718 719 79
f 718 79 76
f 718 76 71
f 719 720 721
f 719 721 722
f 719 722 77
f 719 77 79
f 719 717 723
f 719 723 720
f 723 724 725
f 723 725 720
f 723 717 714
f 723 714 726
f 723 726 727
f 723 727 724
f 727 728 729
f 727 729 724
f 727 726 140
f 727 140 139
f 727 139 138
f 727 138 728
f 729 730 731
f 729 731 732
f 729 732 725
f 729 725 724
f 729 728 733
f 729 733 730
f 733 734 735
f 733 735 730
f 733 728 138
f 733 138 167
f 733 167 168
f 733 168 734
f 735 736 108
f 735 108 107
f 735 107 731
f 735 731 730
f 735 734 737
f 735 737 736
f 737 101 104
f 737 104 736
f 737 734 168
f 737 168 738
f 737 738 102
f 737 102 101
f 738 168 166
f 738 166 174
f 738 174 173
f 738 173 102
f 736 104 109
f 736 109 108
f 732 731 739
f 732 739 740
f 732 740 741
f 732 741 725
f 741 740 742
f 741 742 743
f 741 743 744
f 741 744 721
f 741 721 720
f 741 720 725
f 744 743 745
f 744 745 20
f 744 20 19
f 744 19 746
f 744 746 722
f 744 722 721
f 746 19 22
f 746 22 78
f 746 78 77
f 746 77 722
f 745 747 748
f 745 748 749
f 745 749 21
f 745 21 20
f 745 743 742
f 745 742 747
f 749 748 750
f 749 750 751
f 749 751 752
f 749 752 21
f 752 751 753
f 752 753 754
f 752 754 755
f 752 755 756
f 752 756 22
f 752 22 21
f 756 755 75
f 756 75 74
f 756 74 78
f 756 78 22
f 755 754 757
f 755 757 758
f 755 758 72
f 755 72 75
f 758 757 759
f 758 759 760
f 758 760 65
f 758 65 72
f 760 759 761
f 760 761 762
f 760 762 69
f 760 69 65
f 762 761 763
f 762 763 764
f 762 764 40
f 762 40 69
f 764 763 765
f 764 765 766
f 764 766 18
f 764 18 40
f 766 765 767
f 766 767 768
f 766 768 15
f 766 15 18
f 768 767 769
f 768 769 770
f 768 770 16
f 768 16 15
f 770 769 771
f 770 771 772
f 770 772 37
f 770 37 16
f 772 771 773
f 772 773 774
f 772 774 57
f 772 57 37
f 774 773 775
f 774 775 776
f 774 776 58
f 774 58 57
f 776 775 777
f 776 777 778
f 776 778 779
f 776 779 58
f 779 778 9
f 779 9 14
f 779 14 81
f 779 81 85
f 779 85 59
f 779 59 58
f 778 777 10
f 778 10 9
f 777 780 781
f 777 781 10
f 777 775 782
f 777 782 780
f 782 783 3
f 782 3 780
f 782 775 773
f 782 773 784
f 782 784 785
f 782 785 783
f 785 786 787
f 785 787 783
f 785 784 788
f 785 788 789
f 785 789 790
f 785 790 786
f 790 46 45
f 790 45 786
f 790 789 791
f 790 791 792
f 790 792 35
f 790 35 46
f 792 791 793
f 792 793 794
f 792 794 31
f 792 31 35
f 794 793 795
f 794 795 796
f 794 796 32
f 794 32 31
f 796 795 797
f 796 797 798
f 796 798 62
f 796 62 32
f 798 797 799
f 798 799 800
f 798 800 63
f 798 63 62
f 800 799 801
f 800 801 802
f 800 802 803
f 800 803 63
f 803 99 64
f 803 64 63
f 803 802 804
f 803 804 805
f 803 805 103
f 803 103 99
f 805 804 806
f 805 806 807
f 805 807 808
f 805 808 103
f 808 109 104
f 808 104 103
f 808 807 27
f 808 27 29
f 808 29 110
f 808 110 109
f 807 806 28
f 807 28 27
f 806 804 809
f 806 809 810
f 806 810 750
f 806 750 28
f 810 809 811
f 810 811 753
f 810 753 751
f 810 751 750
f 811 809 801
f 811 801 812
f 811 812 759
f 811 759 757
f 811 757 754
f 811 754 753
f 812 801 799
f 812 799 813
f 812 813 761
f 812 761 759
f 813 799 797
f 813 797 814
f 813 814 763
f 813 763 761
f 814 797 795
f 814 795 815
f 814 815 765
f 814 765 763
f 815 795 793
f 815 793 816
f 815 816 767
f 815 767 765
f 816 793 791
f 816 791 817
f 816 817 769
f 816 769 767
f 817 791 789
f 817 789 788
f 817 788 771
f 817 771 769
f 809 804 802
f 809 802 801
f 788 784 773
f 788 773 771
f 787 818 5
f 787 5 4
f 787 4 3
f 787 3 783
f 787 786 45
f 787 45 818
f 818 52 819
f 818 819 5
f 818 45 44
f 818 44 52
f 819 52 51
f 819 51 91
f 819 91 820
f 819 820 821
f 819 821 6
f 819 6 5
f 821 820 822
f 821 822 823
f 821 823 7
f 821 7 6
f 823 822 824
f 823 824 825
f 823 825 826
f 823 826 7
f 826 825 12
f 826 12 11
f 826 11 10
f 826 10 781
f 826 781 2
f 826 2 7
f 825 824 827
f 825 827 12
f 827 824 828
f 827 828 829
f 827 829 83
f 827 83 82
f 827 82 13
f 827 13 12
f 829 828 830
f 829 830 831
f 829 831 86
f 829 86 83
f 831 830 832
f 831 832 833
f 831 833 834
f 831 834 86
f 834 833 130
f 834 130 129
f 834 129 835
f 834 835 836
f 834 836 84
f 834 84 86
f 836 59 85
f 836 85 84
f 836 835 56
f 836 56 59
f 835 129 128
f 835 128 837
f 835 837 60
f 835 60 56
f 837 128 134
f 837 134 116
f 837 116 115
f 837 115 60
f 833 832 838
f 833 838 130
f 838 839 163
f 838 163 141
f 838 141 127
f 838 127 130
f 838 832 840
f 838 840 839
f 840 155 154
f 840 154 839
f 840 832 830
f 840 830 841
f 840 841 842
f 840 842 155
f 842 89 156
f 842 156 155
f 842 841 843
f 842 843 844
f 842 844 90
f 842 90 89
f 844 843 822
f 844 822 820
f 844 820 91
f 844 91 90
f 843 841 830
f 843 830 828
f 843 828 824
f 843 824 822
f 839 154 161
f 839 161 163
f 781 780 3
f 781 3 2
f 750 748 24
f 750 24 28
f 748 747 25
f 748 25 24
f 747 742 845
f 747 845 25
f 845 111 26
f 845 26 25
f 845 742 740
f 845 740 739
f 845 739 106
f 845 106 111
f 739 731 107
f 739 107 106
f 726 714 713
f 726 713 140
f 709 690 192
f 709 192 191
f 699 694 692
f 699 692 691
f 245 193 188
f 245 188 192
f 245 237 244
f 245 244 193
f 228 164 161
f 228 161 160
f 223 159 158
f 223 158 218
f 223 218 207
f 223 207 206
f 218 158 143
f 218 143 147
f 181 180 153
f 181 153 152
f 180 179 117
f 180 117 153
f 176 95 94
f 176 94 169
f 174 166 165
f 174 165 170
f 173 97 100
f 173 100 102
f 173 169 94
f 173 94 97
f 158 157 144
f 158 144 143
f 157 156 846
f 157 846 144
f 846 156 89
f 846 89 88
f 846 88 50
f 846 50 53
f 846 53 145
f 846 145 144
f 153 117 116
f 153 116 134
f 142 145 93
f 142 93 98
f 145 53 49
f 145 49 93
f 115 114 41
f 115 41 60
f 111 110 29
f 111 29 26
f 100 97 55
f 100 55 54
f 82 81 14
f 82 14 13
f 76 75 72
f 76 72 71
f 70 69 40
f 70 40 39
f 48 47 34
f 48 34 36
f 47 46 35
f 47 35 34
f 847 848 849
f 847 849 850
f 847 851 852
f 847 852 848
f 847 850 853
f 847 853 854
f 847 855 856
f 847 856 851
f 847 854 857
f 847 857 855
f 858 859 860
f 858 860 861
f 858 862 863
f 858 863 859
f 858 864 865
f 858 865 862
f 858 866 867
f 858 867 864
f 858 861 868
f 858 868 866
f 869 870 871
f 869 871 872
f 869 873 874
f 869 874 875
f 869 872 876
f 869 876 873
f 869 875 877
f 869 877 878
f 869 878 879
f 869 879 870
f 880 881 882
f 880 882 883
f 880 884 885
f 880 885 881
f 880 886 887
f 880 887 884
f 880 883 888
f 880 888 889
f 880 889 890
f 880 890 886
f 891 892 893
f 891 893 894
f 891 895 896
f 891 896 892
f 891 894 897
f 891 897 895
f 895 897 898
f 895 898 896
f 899 900 901
f 899 901 902
f 899 903 904
f 899 904 905
f 899 905 906
f 899 906 907
f 899 907 908
f 899 908 900
f 899 902 909
f 899 909 903
f 910 911 912
f 910 912 913
f 910 913 914
f 910 914 915
f 910 915 916
f 910 916 911
f 917 918 919
f 917 919 920
f 917 920 921
f 917 921 922
f 917 923 924
f 917 924 918
f 917 925 926
f 917 926 923
f 917 922 927
f 917 927 925
f 928 929 860
f 928 860 859
f 928 859 856
f 928 856 855
f 928 855 857
f 928 857 929
f 930 931 932
f 930 932 933
f 930 933 934
f 930 934 935
f 930 936 937
f 930 937 931
f 930 935 938
f 930 938 939
f 930 939 940
f 930 940 936
f 921 941 942
f 921 942 943
f 921 943 944
f 921 944 922
f 921 945 946
f 921 946 941
f 921 920 947
f 921 947 945
f 948 949 950
f 948 950 951
f 948 951 862
f 948 862 865
f 948 865 952
f 948 952 949
f 953 954 955
f 953 955 956
f 953 956 957
f 953 957 958
f 953 958 959
f 953 959 954
f 960 961 962
f 960 962 963
f 960 963 964
f 960 964 965
f 960 965 966
f 960 966 961
f 967 968 969
f 967 969 970
f 967 971 972
f 967 972 968
f 967 973 974
f 967 974 971
f 967 975 976
f 967 976 973
f 967 970 977
f 967 977 975
f 978 979 980
f 978 980 981
f 978 982 983
f 978 983 979
f 978 981 984
f 978 984 985
f 978 985 986
f 978 986 987
f 978 987 988
f 978 988 982
f 989 990 991
f 989 991 992
f 989 993 994
f 989 994 990
f 989 992 995
f 989 995 993
f 996 993 995
f 996 995 997
f 996 997 998
f 996 998 999
f 996 999 994
f 996 994 993
f 1000 1001 1002
f 1000 1002 1003
f 1000 1003 1004
f 1000 1004 1005
f 1000 1005 1006
f 1000 1006 1007
f 1000 1007 1008
f 1000 1008 1009
f 1000 1009 1010
f 1000 1010 1001
f 1009 1008 1011
f 1009 1011 1010
f 936 940 1012
f 936 1012 937
f 1013 1014 1015
f 1013 1015 1016
f 1013 1017 1018
f 1013 1018 1014
f 1013 1016 1019
f 1013 1019 1017
f 1020 1021 1022
f 1020 1022 1023
f 1020 1024 1025
f 1020 1025 1026
f 1020 1026 1027
f 1020 1027 1021
f 1028 1029 1030
f 1028 1030 1031
f 1028 1018 1032
f 1028 1032 1029
f 1028 1031 1014
f 1028 1014 1018
f 1033 1032 1034
f 1033 1034 1035
f 1033 1036 1029
f 1033 1029 1032
f 1033 1035 1037
f 1033 1037 1036
f 1038 1039 1040
f 1038 1040 1041
f 1038 1041 1042
f 1038 1042 1043
f 1038 1043 1044
f 1038 1044 1039
f 1045 1046 1047
f 1045 1047 1048
f 1045 1048 1049
f 1045 1049 1050
f 1045 1050 1051
f 1045 1051 1046
f 1052 1053 1054
f 1052 1054 1055
f 1052 1055 1056
f 1052 1056 1057
f 1052 1057 1058
f 1052 1058 1053
f 1059 1060 1061
f 1059 1061 898
f 1059 898 897
f 1059 897 1062
f 1059 1062 1063
f 1059 1063 1060
f 1064 1065 1066
f 1064 1066 1067
f 1064 1067 1068
f 1064 1068 1069
f 1064 1069 1070
f 1064 1070 1065
f 1071 1072 1073
f 1071 1073 1074
f 1071 1074 982
f 1071 982 988
f 1071 1075 1076
f 1071 1076 1072
f 1071 988 1077
f 1071 1077 1078
f 1071 1078 1079
f 1071 1079 1075
f 1080 1037 1081
f 1080 1081 1082
f 1080 1082 1083
f 1080 1083 1084
f 1080 1084 1085
f 1080 1085 1086
f 1087 1088 1089
f 1087 1089 1090
f 1087 1091 1092
f 1087 1092 1088
f 1087 1090 1093
f 1087 1093 1094
f 1087 1094 1095
f 1087 1095 1096
f 1087 1096 1097
f 1087 1097 1091
f 1097 1098 1099
f 1097 1099 1091
f 1097 1100 1101
f 1097 1101 1098
f 1097 1102 1103
f 1097 1103 1100
f 1097 1096 1104
f 1097 1104 1102
f 1105 1106 1107
f 1105 1107 1108
f 1105 1109 1110
f 1105 1110 1106
f 1105 1108 1111
f 1105 1111 1109
f 1112 1113 1114
f 1112 1114 1115
f 1112 1115 1116
f 1112 1116 1117
f 1112 1118 1119
f 1112 1119 1113
f 1112 1120 1121
f 1112 1121 1118
f 1112 1117 1122
f 1112 1122 1120
f 1123 1124 1125
f 1123 1125 1126
f 1123 1127 1128
f 1123 1128 1124
f 1123 1126 1129
f 1123 1129 1127
f 1130 1131 1132
f 1130 1132 1133
f 1130 1134 1135
f 1130 1135 1131
f 1130 1133 1136
f 1130 1136 1134
f 1137 1138 1139
f 1137 1139 1006
f 1137 1006 1005
f 1137 1005 1140
f 1137 1140 1141
f 1137 1141 1138
f 1142 1143 1101
f 1142 1101 1144
f 1142 1145 1146
f 1142 1146 1143
f 1142 1144 1147
f 1142 1147 1145
f 1148 1149 1150
f 1148 1150 1151
f 1148 1152 1153
f 1148 1153 1149
f 1148 1151 1154
f 1148 1154 1152
f 1155 1156 1157
f 1155 1157 1158
f 1155 1159 1160
f 1155 1160 1156
f 1155 1158 1161
f 1155 1161 1159
f 1122 1162 1163
f 1122 1163 1120
f 1122 1164 1165
f 1122 1165 1162
f 1122 1166 868
f 1122 868 1164
f 1122 1117 1167
f 1122 1167 1166
f 1168 1169 924
f 1168 924 1170
f 1168 1171 1172
f 1168 1172 1169
f 1168 1170 1173
f 1168 1173 1171
f 965 964 1174
f 965 1174 966
f 906 905 1175
f 906 1175 1176
f 906 1177 1178
f 906 1178 907
f 906 1179 1180
f 906 1180 1177
f 906 1176 1181
f 906 1181 1179
f 957 1182 1183
f 957 1183 958
f 957 956 1184
f 957 1184 1182
f 1185 1186 999
f 1185 999 998
f 1185 1187 1188
f 1185 1188 1186
f 1185 998 1189
f 1185 1189 1187
f 1190 1191 1192
f 1190 1192 1193
f 1190 1193 1194
f 1190 1194 1195
f 1190 1195 1021
f 1190 1021 1027
f 1190 1196 1197
f 1190 1197 1191
f 1190 1027 1198
f 1190 1198 1196
f 1199 1147 1150
f 1199 1150 1149
f 1199 1149 1153
f 1199 1153 1200
f 1199 1200 1145
f 1199 1145 1147
f 1201 1202 1203
f 1201 1203 1204
f 1201 1205 1206
f 1201 1206 1207
f 1201 1207 1208
f 1201 1208 1202
f 1201 1209 1210
f 1201 1210 1205
f 1201 1204 1211
f 1201 1211 1209
f 884 1212 1213
f 884 1213 885
f 884 1214 1215
f 884 1215 1212
f 884 887 1216
f 884 1216 1214
f 1217 1218 1119
f 1217 1119 1219
f 1220 1221 1218
f 1220 1218 1217
f 1217 1219 1222
f 1217 1222 1220
f 1223 1224 1046
f 1223 1046 1051
f 1223 1107 1106
f 1223 1106 1224
f 1223 1051 1225
f 1223 1225 1107
f 1136 1226 1227
f 1136 1227 1228
f 1136 1229 1230
f 1136 1230 1226
f 1136 1133 1231
f 1136 1231 1229
f 1232 1233 1056
f 1232 1056 1234
f 1232 1234 1235
f 1232 1235 1236
f 1232 1237 1238
f 1232 1238 1233
f 1239 1240 1241
f 1239 1241 1242
f 1239 1242 1243
f 1239 1243 1244
f 1239 1244 1245
f 1239 1245 1240
f 1246 1247 1248
f 1246 1248 1249
f 1246 1250 1251
f 1246 1251 1247
f 1246 1249 1252
f 1246 1252 1250
f 1253 1254 1255
f 1253 1255 1256
f 1253 1257 1258
f 1253 1258 1254
f 1253 1256 1259
f 1253 1259 1257
f 1256 1255 1260
f 1256 1260 1259
f 1261 1030 1029
f 1261 1029 1036
f 1261 1080 1086
f 1261 1086 1030
f 1261 1036 1037
f 1261 1037 1080
f 985 1262 1263
f 985 1263 1264
f 985 1264 1265
f 985 1265 986
f 985 984 1266
f 985 1266 1262
f 1231 1133 1132
f 1231 1132 1267
f 1231 1267 1268
f 1231 1268 1269
f 859 863 1270
f 859 1270 856
f 1271 1272 1273
f 1271 1273 1274
f 1271 1275 888
f 1271 888 883
f 1271 883 882
f 1271 882 1272
f 1276 888 1275
f 1276 1275 1277
f 1276 1278 889
f 1276 889 888
f 1276 1279 1280
f 1276 1280 1278
f 1276 1277 1281
f 1276 1281 1282
f 1276 1282 1283
f 1276 1283 1279
f 1284 1285 1286
f 1284 1286 1287
f 1284 1288 1289
f 1284 1289 1290
f 1284 1291 1292
f 1284 1292 1288
f 1284 1287 1293
f 1284 1293 1291
f 1294 974 973
f 1294 973 1295
f 1294 1296 1297
f 1294 1297 974
f 1294 1298 1299
f 1294 1299 1300
f 1294 1300 1301
f 1294 1301 1296
f 1294 1295 1302
f 1294 1302 1298
f 1303 1304 1099
f 1303 1099 1098
f 1303 1098 1101
f 1303 1101 1143
f 1303 1305 1306
f 1303 1306 1304
f 1303 1143 1146
f 1303 1146 1307
f 1303 1307 1308
f 1303 1308 1305
f 1056 1233 1309
f 1056 1309 1310
f 1056 1310 1311
f 1056 1311 1057
f 1056 1055 1312
f 1056 1312 1234
f 1313 1314 942
f 1313 942 1315
f 1313 1315 1316
f 1313 1316 1317
f 1313 1318 1319
f 1313 1319 1314
f 1313 1317 1320
f 1313 1320 1321
f 1313 1321 1322
f 1313 1322 1318
f 1078 1323 1324
f 1078 1324 1079
f 1078 1325 1326
f 1078 1326 1323
f 1078 1077 1327
f 1078 1327 1325
f 1221 1328 1329
f 1221 1329 1218
f 1221 1220 1330
f 1221 1330 1328
f 1331 1332 1333
f 1331 1333 1334
f 1331 1335 1336
f 1331 1336 1332
f 1331 1334 1337
f 1331 1337 1335
f 1338 1339 1340
f 1338 1340 1341
f 1338 1342 1343
f 1338 1343 1339
f 1338 1341 1344
f 1338 1344 1342
f 1345 1346 1347
f 1345 1347 1348
f 1345 1348 1349
f 1345 1349 1350
f 1345 1350 1351
f 1345 1351 1346
f 1352 1353 1354
f 1352 1354 1188
f 1352 1188 1187
f 1352 1187 1355
f 1352 1321 1320
f 1352 1320 1353
f 1352 1355 1356
f 1352 1356 1357
f 1352 1357 1322
f 1352 1322 1321
f 1358 1359 1360
f 1358 1360 934
f 1358 934 933
f 1358 933 1347
f 1358 1016 1015
f 1358 1015 1359
f 1358 1361 1019
f 1358 1019 1016
f 1358 1347 1346
f 1358 1346 1361
f 1362 1104 1363
f 1362 1363 1364
f 1362 1364 1365
f 1362 1365 1293
f 1362 1293 1287
f 1362 1287 1366
f 1362 1366 1367
f 1362 1367 1368
f 1362 1368 1102
f 1362 1102 1104
f 1369 1370 1371
f 1369 1371 1372
f 1369 1372 1373
f 1369 1373 1374
f 1369 1374 1375
f 1369 1375 1370
f 1376 1377 1378
f 1376 1378 1379
f 1376 1380 1381
f 1376 1381 1377
f 1376 1382 1383
f 1376 1383 1380
f 1384 1385 1386
f 1384 1386 1387
f 1384 1387 1388
f 1384 1388 1389
f 1384 1390 1391
f 1384 1391 1392
f 1384 1389 1393
f 1384 1393 1390
f 1384 1392 1394
f 1384 1394 1385
f 1395 1396 1397
f 1395 1397 1398
f 1395 1399 1400
f 1395 1400 1401
f 1395 1398 1394
f 1395 1394 1392
f 1395 1392 1391
f 1395 1391 1399
f 1401 1402 1396
f 1401 1396 1395
f 1401 1400 1213
f 1401 1213 1403
f 1401 1403 1089
f 1401 1089 1402
f 1403 1213 1212
f 1403 1212 1404
f 1403 1404 1090
f 1403 1090 1089
f 1404 1212 1215
f 1404 1215 1405
f 1404 1405 1093
f 1404 1093 1090
f 1405 1215 1202
f 1405 1202 1208
f 1405 1208 1406
f 1405 1406 1093
f 1406 1407 1094
f 1406 1094 1093
f 1406 1208 1207
f 1406 1207 1408
f 1406 1408 1409
f 1406 1409 1407
f 1409 1238 1237
f 1409 1237 1407
f 1409 1408 1410
f 1409 1410 1411
f 1409 1411 1412
f 1409 1412 1238
f 1412 1309 1233
f 1412 1233 1238
f 1412 1411 1413
f 1412 1413 1414
f 1412 1414 1415
f 1412 1415 1309
f 1415 1416 1310
f 1415 1310 1309
f 1415 1414 1417
f 1415 1417 1418
f 1415 1418 1419
f 1415 1419 1416
f 1419 1420 1421
f 1419 1421 1416
f 1419 1418 1422
f 1419 1422 1423
f 1419 1423 1424
f 1419 1424 1420
f 1424 1425 1426
f 1424 1426 1420
f 1424 1423 1131
f 1424 1131 1135
f 1424 1135 1427
f 1424 1427 1425
f 1427 1428 1429
f 1427 1429 1425
f 1427 1135 1134
f 1427 1134 1430
f 1427 1430 1431
f 1427 1431 1428
f 1431 1432 1241
f 1431 1241 1428
f 1431 1430 1228
f 1431 1228 1433
f 1431 1433 1434
f 1431 1434 1432
f 1434 1435 1436
f 1434 1436 1432
f 1434 1433 1437
f 1434 1437 1438
f 1434 1438 1439
f 1434 1439 1435
f 1439 1440 1441
f 1439 1441 1435
f 1439 1438 1442
f 1439 1442 1443
f 1439 1443 1444
f 1439 1444 1440
f 1444 1445 1446
f 1444 1446 1440
f 1444 1443 1447
f 1444 1447 1448
f 1444 1448 1449
f 1444 1449 1445
f 1449 1450 1451
f 1449 1451 1445
f 1449 1448 1452
f 1449 1452 1453
f 1449 1453 1454
f 1449 1454 1450
f 1454 1455 1456
f 1454 1456 1450
f 1454 1453 1457
f 1454 1457 1458
f 1454 1458 1459
f 1454 1459 1455
f 1459 1382 1376
f 1459 1376 1455
f 1459 1458 1460
f 1459 1460 1461
f 1459 1461 1462
f 1459 1462 1382
f 1462 1463 1383
f 1462 1383 1382
f 1462 1461 1464
f 1462 1464 1465
f 1462 1465 1466
f 1462 1466 1463
f 1466 1467 1468
f 1466 1468 1463
f 1466 1465 1469
f 1466 1469 1251
f 1466 1251 1250
f 1466 1250 1467
f 1469 1465 1464
f 1469 1464 1470
f 1469 1470 1471
f 1469 1471 1472
f 1469 1472 1247
f 1469 1247 1251
f 1472 1471 1473
f 1472 1473 1474
f 1472 1474 1248
f 1472 1248 1247
f 1474 1473 1333
f 1474 1333 1475
f 1474 1475 1476
f 1474 1476 1248
f 1476 1477 1249
f 1476 1249 1248
f 1476 1475 1478
f 1476 1478 1479
f 1476 1479 1480
f 1476 1480 1477
f 1480 1481 1482
f 1480 1482 1477
f 1480 1479 1483
f 1480 1483 1484
f 1480 1484 1485
f 1480 1485 1481
f 1485 1486 1487
f 1485 1487 1481
f 1485 1484 1488
f 1485 1488 1489
f 1485 1489 1490
f 1485 1490 1486
f 1490 1491 1492
f 1490 1492 1486
f 1490 1489 1493
f 1490 1493 1494
f 1490 1494 1495
f 1490 1495 1491
f 1495 1496 1497
f 1495 1497 1491
f 1495 1494 1498
f 1495 1498 1324
f 1495 1324 1323
f 1495 1323 1496
f 1498 1494 1493
f 1498 1493 912
f 1498 912 911
f 1498 911 1499
f 1498 1499 1079
f 1498 1079 1324
f 1499 911 916
f 1499 916 1500
f 1499 1500 1075
f 1499 1075 1079
f 1500 1501 1076
f 1500 1076 1075
f 1500 916 1502
f 1500 1502 1501
f 1502 1503 1504
f 1502 1504 1501
f 1502 916 915
f 1502 915 1505
f 1502 1505 1373
f 1502 1373 1503
f 1505 915 914
f 1505 914 1506
f 1505 1506 1374
f 1505 1374 1373
f 1506 914 1507
f 1506 1507 1508
f 1506 1508 1375
f 1506 1375 1374
f 1508 1507 1509
f 1508 1509 1510
f 1508 1510 1511
f 1508 1511 1375
f 1511 1510 1512
f 1511 1512 1336
f 1511 1336 1335
f 1511 1335 1513
f 1511 1513 1370
f 1511 1370 1375
f 1513 1335 1337
f 1513 1337 1514
f 1513 1514 1371
f 1513 1371 1370
f 1514 1337 1515
f 1514 1515 1516
f 1514 1516 1517
f 1514 1517 1371
f 1517 1516 1518
f 1517 1518 1519
f 1517 1519 1520
f 1517 1520 1521
f 1517 1521 1372
f 1517 1372 1371
f 1521 1520 1504
f 1521 1504 1503
f 1521 1503 1373
f 1521 1373 1372
f 1520 1519 1522
f 1520 1522 1523
f 1520 1523 1524
f 1520 1524 1504
f 1524 1523 1525
f 1524 1525 1526
f 1524 1526 1072
f 1524 1072 1076
f 1524 1076 1501
f 1524 1501 1504
f 1526 1525 1527
f 1526 1527 1528
f 1526 1528 1073
f 1526 1073 1072
f 1528 1527 1529
f 1528 1529 1530
f 1528 1530 1531
f 1528 1531 1073
f 1531 1530 1532
f 1531 1532 1533
f 1531 1533 1534
f 1531 1534 1535
f 1531 1535 1074
f 1531 1074 1073
f 1535 1534 1536
f 1535 1536 983
f 1535 983 982
f 1535 982 1074
f 1536 1534 1537
f 1536 1537 1538
f 1536 1538 1539
f 1536 1539 1540
f 1536 1540 979
f 1536 979 983
f 1540 1539 1541
f 1540 1541 1542
f 1540 1542 980
f 1540 980 979
f 1542 1541 1178
f 1542 1178 1177
f 1542 1177 1180
f 1542 1180 980
f 1541 1539 1543
f 1541 1543 1544
f 1541 1544 1545
f 1541 1545 1178
f 1545 1544 1546
f 1545 1546 1547
f 1545 1547 1548
f 1545 1548 908
f 1545 908 907
f 1545 907 1178
f 1548 1547 1549
f 1548 1549 1550
f 1548 1550 1169
f 1548 1169 1172
f 1548 1172 900
f 1548 900 908
f 1550 1549 919
f 1550 919 918
f 1550 918 924
f 1550 924 1169
f 1549 1551 1552
f 1549 1552 919
f 1549 1547 1546
f 1549 1546 1551
f 1552 1553 1554
f 1552 1554 947
f 1552 947 920
f 1552 920 919
f 1552 1551 1555
f 1552 1555 1553
f 1555 1229 1231
f 1555 1231 1553
f 1555 1551 1546
f 1555 1546 1556
f 1555 1556 1230
f 1555 1230 1229
f 1556 1546 1544
f 1556 1544 1543
f 1556 1543 1557
f 1556 1557 1230
f 1557 1558 1226
f 1557 1226 1230
f 1557 1543 1539
f 1557 1539 1538
f 1557 1538 1537
f 1557 1537 1558
f 1558 1559 1227
f 1558 1227 1226
f 1558 1537 1560
f 1558 1560 1559
f 1560 1561 1562
f 1560 1562 1559
f 1560 1537 1534
f 1560 1534 1533
f 1560 1533 1532
f 1560 1532 1561
f 1562 1442 1438
f 1562 1438 1437
f 1562 1437 1227
f 1562 1227 1559
f 1562 1561 1563
f 1562 1563 1442
f 1563 1447 1443
f 1563 1443 1442
f 1563 1561 1532
f 1563 1532 1564
f 1563 1564 1565
f 1563 1565 1447
f 1565 1452 1448
f 1565 1448 1447
f 1565 1564 1529
f 1565 1529 1566
f 1565 1566 1567
f 1565 1567 1452
f 1567 1457 1453
f 1567 1453 1452
f 1567 1566 1568
f 1567 1568 1569
f 1567 1569 1570
f 1567 1570 1457
f 1570 1460 1458
f 1570 1458 1457
f 1570 1569 1571
f 1570 1571 1572
f 1570 1572 1573
f 1570 1573 1460
f 1573 1464 1461
f 1573 1461 1460
f 1573 1572 1574
f 1573 1574 1575
f 1573 1575 1470
f 1573 1470 1464
f 1575 1574 1576
f 1575 1576 1577
f 1575 1577 1471
f 1575 1471 1470
f 1577 1576 1515
f 1577 1515 1578
f 1577 1578 1473
f 1577 1473 1471
f 1578 1515 1337
f 1578 1337 1334
f 1578 1334 1333
f 1578 1333 1473
f 1576 1574 1579
f 1576 1579 1518
f 1576 1518 1516
f 1576 1516 1515
f 1579 1574 1572
f 1579 1572 1571
f 1579 1571 1580
f 1579 1580 1522
f 1579 1522 1519
f 1579 1519 1518
f 1580 1571 1569
f 1580 1569 1568
f 1580 1568 1527
f 1580 1527 1525
f 1580 1525 1523
f 1580 1523 1522
f 1568 1566 1529
f 1568 1529 1527
f 1564 1532 1530
f 1564 1530 1529
f 1554 1553 1231
f 1554 1231 1269
f 1554 1269 1581
f 1554 1581 1582
f 1554 1582 945
f 1554 945 947
f 1582 1581 1583
f 1582 1583 1584
f 1582 1584 946
f 1582 946 945
f 1584 1583 1325
f 1584 1325 1327
f 1584 1327 1585
f 1584 1585 946
f 1585 1327 1077
f 1585 1077 1586
f 1585 1586 1587
f 1585 1587 1588
f 1585 1588 941
f 1585 941 946
f 1588 1587 1316
f 1588 1316 1315
f 1588 1315 942
f 1588 942 941
f 1587 1586 987
f 1587 987 986
f 1587 986 1265
f 1587 1265 1316
f 1586 1077 988
f 1586 988 987
f 1583 1581 1589
f 1583 1589 1590
f 1583 1590 1326
f 1583 1326 1325
f 1590 1589 1591
f 1590 1591 1592
f 1590 1592 1593
f 1590 1593 1326
f 1593 1592 1594
f 1593 1594 1595
f 1593 1595 1497
f 1593 1497 1496
f 1593 1496 1323
f 1593 1323 1326
f 1595 1594 1596
f 1595 1596 1597
f 1595 1597 1598
f 1595 1598 1497
f 1598 1597 1205
f 1598 1205 1210
f 1598 1210 1599
f 1598 1599 1492
f 1598 1492 1491
f 1598 1491 1497
f 1599 1210 1209
f 1599 1209 1600
f 1599 1600 1601
f 1599 1601 1487
f 1599 1487 1486
f 1599 1486 1492
f 1601 1600 1602
f 1601 1602 1603
f 1601 1603 1252
f 1601 1252 1482
f 1601 1482 1481
f 1601 1481 1487
f 1603 1602 1468
f 1603 1468 1467
f 1603 1467 1250
f 1603 1250 1252
f 1602 1600 1209
f 1602 1209 1211
f 1602 1211 1604
f 1602 1604 1468
f 1604 1211 1204
f 1604 1204 1605
f 1604 1605 1380
f 1604 1380 1383
f 1604 1383 1463
f 1604 1463 1468
f 1605 1204 1203
f 1605 1203 1606
f 1605 1606 1381
f 1605 1381 1380
f 1606 1216 1607
f 1606 1607 1381
f 1606 1203 1214
f 1606 1214 1216
f 1607 1608 1609
f 1607 1609 1610
f 1607 1610 1377
f 1607 1377 1381
f 1607 1216 887
f 1607 887 1608
f 1610 1609 1611
f 1610 1611 1612
f 1610 1612 1378
f 1610 1378 1377
f 1612 1611 1613
f 1612 1613 1614
f 1612 1614 1615
f 1612 1615 1378
f 1615 1614 1235
f 1615 1235 1616
f 1615 1616 1617
f 1615 1617 1618
f 1615 1618 1379
f 1615 1379 1378
f 1618 1617 1619
f 1618 1619 1620
f 1618 1620 1456
f 1618 1456 1379
f 1620 1619 1621
f 1620 1621 1451
f 1620 1451 1450
f 1620 1450 1456
f 1621 1619 1622
f 1621 1622 1623
f 1621 1623 1624
f 1621 1624 1446
f 1621 1446 1445
f 1621 1445 1451
f 1624 1623 1625
f 1624 1625 1626
f 1624 1626 1627
f 1624 1627 1441
f 1624 1441 1440
f 1624 1440 1446
f 1627 1626 1628
f 1627 1628 1243
f 1627 1243 1242
f 1627 1242 1436
f 1627 1436 1435
f 1627 1435 1441
f 1628 1629 1341
f 1628 1341 1340
f 1628 1340 1244
f 1628 1244 1243
f 1628 1626 1625
f 1628 1625 1629
f 1629 1630 1344
f 1629 1344 1341
f 1629 1625 1631
f 1629 1631 1630
f 1631 1054 1053
f 1631 1053 1630
f 1631 1625 1623
f 1631 1623 1622
f 1631 1622 1632
f 1631 1632 1054
f 1632 1312 1055
f 1632 1055 1054
f 1632 1622 1619
f 1632 1619 1617
f 1632 1617 1616
f 1632 1616 1312
f 1630 1053 1058
f 1630 1058 1344
f 1616 1235 1234
f 1616 1234 1312
f 1614 1613 1236
f 1614 1236 1235
f 1613 1365 1364
f 1613 1364 1236
f 1613 1611 1633
f 1613 1633 1365
f 1633 1291 1293
f 1633 1293 1365
f 1633 1611 1609
f 1633 1609 1634
f 1633 1634 1292
f 1633 1292 1291
f 1634 1609 1608
f 1634 1608 1635
f 1634 1635 1636
f 1634 1636 1292
f 1636 1637 1288
f 1636 1288 1292
f 1636 1635 886
f 1636 886 890
f 1636 890 1638
f 1636 1638 1637
f 1638 1639 1640
f 1638 1640 1637
f 1638 890 889
f 1638 889 1278
f 1638 1278 1280
f 1638 1280 1639
f 1640 1061 1060
f 1640 1060 1289
f 1640 1289 1288
f 1640 1288 1637
f 1640 1639 1641
f 1640 1641 1061
f 1641 896 898
f 1641 898 1061
f 1641 1639 1280
f 1641 1280 1642
f 1641 1642 892
f 1641 892 896
f 1642 1280 1279
f 1642 1279 1643
f 1642 1643 893
f 1642 893 892
f 1643 1279 1283
f 1643 1283 1070
f 1643 1070 1069
f 1643 1069 893
f 1635 1608 887
f 1635 887 886
f 1597 1596 1206
f 1597 1206 1205
f 1596 1644 1410
f 1596 1410 1206
f 1596 1594 1645
f 1596 1645 1644
f 1645 1646 1413
f 1645 1413 1644
f 1645 1594 1592
f 1645 1592 1591
f 1645 1591 1647
f 1645 1647 1646
f 1647 1648 1417
f 1647 1417 1646
f 1647 1591 1589
f 1647 1589 1268
f 1647 1268 1267
f 1647 1267 1648
f 1648 1422 1418
f 1648 1418 1417
f 1648 1267 1132
f 1648 1132 1422
f 1646 1417 1414
f 1646 1414 1413
f 1644 1413 1411
f 1644 1411 1410
f 1589 1581 1269
f 1589 1269 1268
f 1512 1483 1479
f 1512 1479 1478
f 1512 1478 1332
f 1512 1332 1336
f 1512 1510 1509
f 1512 1509 1483
f 1509 1488 1484
f 1509 1484 1483
f 1509 1507 1649
f 1509 1649 1488
f 1649 1493 1489
f 1649 1489 1488
f 1649 1507 914
f 1649 914 913
f 1649 913 912
f 1649 912 1493
f 1482 1252 1249
f 1482 1249 1477
f 1478 1475 1333
f 1478 1333 1332
f 1456 1455 1376
f 1456 1376 1379
f 1437 1433 1228
f 1437 1228 1227
f 1436 1242 1241
f 1436 1241 1432
f 1430 1134 1136
f 1430 1136 1228
f 1429 1240 1245
f 1429 1245 1650
f 1429 1650 1426
f 1429 1426 1425
f 1429 1428 1241
f 1429 1241 1240
f 1650 1245 1339
f 1650 1339 1343
f 1650 1343 1651
f 1650 1651 1426
f 1651 1343 1342
f 1651 1342 1652
f 1651 1652 1311
f 1651 1311 1421
f 1651 1421 1420
f 1651 1420 1426
f 1652 1342 1344
f 1652 1344 1058
f 1652 1058 1057
f 1652 1057 1311
f 1423 1422 1132
f 1423 1132 1131
f 1421 1311 1310
f 1421 1310 1416
f 1410 1408 1207
f 1410 1207 1206
f 1407 1237 1095
f 1407 1095 1094
f 1402 1653 1654
f 1402 1654 1396
f 1402 1089 1088
f 1402 1088 1653
f 1654 1655 1193
f 1654 1193 1192
f 1654 1192 1397
f 1654 1397 1396
f 1654 1653 1656
f 1654 1656 1655
f 1656 1657 1658
f 1656 1658 1655
f 1656 1653 1088
f 1656 1088 1092
f 1656 1092 1659
f 1656 1659 1657
f 1659 1660 1661
f 1659 1661 1657
f 1659 1092 1091
f 1659 1091 1099
f 1659 1099 1304
f 1659 1304 1660
f 1661 1662 876
f 1661 876 1663
f 1661 1663 1658
f 1661 1658 1657
f 1661 1660 1664
f 1661 1664 1662
f 1664 1273 1665
f 1664 1665 1662
f 1664 1660 1304
f 1664 1304 1306
f 1664 1306 1274
f 1664 1274 1273
f 1665 1666 874
f 1665 874 873
f 1665 873 876
f 1665 876 1662
f 1665 1273 1272
f 1665 1272 1666
f 1666 1667 1668
f 1666 1668 874
f 1666 1272 882
f 1666 882 1667
f 1668 1669 1670
f 1668 1670 1671
f 1668 1671 875
f 1668 875 874
f 1668 1667 1672
f 1668 1672 1669
f 1672 1673 1674
f 1672 1674 1669
f 1672 1667 882
f 1672 882 881
f 1672 881 885
f 1672 885 1673
f 1674 1399 1391
f 1674 1391 1675
f 1674 1675 1670
f 1674 1670 1669
f 1674 1673 1400
f 1674 1400 1399
f 1675 1391 1390
f 1675 1390 1676
f 1675 1676 1677
f 1675 1677 1670
f 1677 1676 1678
f 1677 1678 1679
f 1677 1679 1680
f 1677 1680 1681
f 1677 1681 1671
f 1677 1671 1670
f 1681 1680 1682
f 1681 1682 877
f 1681 877 875
f 1681 875 1671
f 1682 1680 1109
f 1682 1109 1111
f 1682 1111 1220
f 1682 1220 1222
f 1682 1222 878
f 1682 878 877
f 1680 1679 1110
f 1680 1110 1109
f 1679 1678 1683
f 1679 1683 1110
f 1683 1047 1046
f 1683 1046 1224
f 1683 1224 1106
f 1683 1106 1110
f 1683 1678 1393
f 1683 1393 1047
f 1678 1676 1390
f 1678 1390 1393
f 1673 885 1213
f 1673 1213 1400
f 1663 876 872
f 1663 872 1684
f 1663 1684 1194
f 1663 1194 1658
f 1684 872 871
f 1684 871 1685
f 1684 1685 1195
f 1684 1195 1194
f 1685 871 1686
f 1685 1686 1022
f 1685 1022 1021
f 1685 1021 1195
f 1686 1687 1688
f 1686 1688 1689
f 1686 1689 1023
f 1686 1023 1022
f 1686 871 870
f 1686 870 1687
f 1689 1688 1690
f 1689 1690 1691
f 1689 1691 1692
f 1689 1692 1023
f 1692 1691 1693
f 1692 1693 1694
f 1692 1694 1695
f 1692 1695 1696
f 1692 1696 1020
f 1692 1020 1023
f 1696 1695 1697
f 1696 1697 1698
f 1696 1698 1024
f 1696 1024 1020
f 1698 1697 932
f 1698 932 931
f 1698 931 937
f 1698 937 1024
f 1697 1695 1699
f 1697 1699 1349
f 1697 1349 1348
f 1697 1348 932
f 1699 1044 1043
f 1699 1043 1700
f 1699 1700 1350
f 1699 1350 1349
f 1699 1695 1694
f 1699 1694 1044
f 1700 1043 1042
f 1700 1042 1701
f 1700 1701 1351
f 1700 1351 1350
f 1701 1702 1703
f 1701 1703 1351
f 1701 1042 1704
f 1701 1704 1702
f 1704 1081 1705
f 1704 1705 1702
f 1704 1042 1041
f 1704 1041 1706
f 1704 1706 1082
f 1704 1082 1081
f 1706 1041 1040
f 1706 1040 1707
f 1706 1707 1083
f 1706 1083 1082
f 1707 1040 1708
f 1707 1708 1709
f 1707 1709 1710
f 1707 1710 1083
f 1710 1711 1084
f 1710 1084 1083
f 1710 1709 1712
f 1710 1712 1713
f 1710 1713 1714
f 1710 1714 1711
f 1714 1163 1715
f 1714 1715 1711
f 1714 1713 1716
f 1714 1716 1121
f 1714 1121 1120
f 1714 1120 1163
f 1716 1713 1712
f 1716 1712 1717
f 1716 1717 1718
f 1716 1718 1719
f 1716 1719 1118
f 1716 1118 1121
f 1719 1718 879
f 1719 879 1219
f 1719 1219 1119
f 1719 1119 1118
f 1718 1717 1688
f 1718 1688 1687
f 1718 1687 870
f 1718 870 879
f 1717 1712 1690
f 1717 1690 1688
f 1715 1720 1721
f 1715 1721 1085
f 1715 1085 1084
f 1715 1084 1711
f 1715 1163 1162
f 1715 1162 1720
f 1721 1359 1015
f 1721 1015 1722
f 1721 1722 1086
f 1721 1086 1085
f 1721 1720 1360
f 1721 1360 1359
f 1722 1015 1014
f 1722 1014 1031
f 1722 1031 1030
f 1722 1030 1086
f 1720 1162 1165
f 1720 1165 1360
f 1712 1709 1708
f 1712 1708 1690
f 1708 1040 1039
f 1708 1039 1693
f 1708 1693 1691
f 1708 1691 1690
f 1705 1035 1034
f 1705 1034 1723
f 1705 1723 1703
f 1705 1703 1702
f 1705 1081 1037
f 1705 1037 1035
f 1723 1034 1017
f 1723 1017 1019
f 1723 1019 1361
f 1723 1361 1703
f 1703 1361 1346
f 1703 1346 1351
f 1694 1693 1039
f 1694 1039 1044
f 1658 1194 1193
f 1658 1193 1655
f 1398 1397 1724
f 1398 1724 1725
f 1398 1725 1726
f 1398 1726 1394
f 1726 1725 1319
f 1726 1319 1318
f 1726 1318 1322
f 1726 1322 1727
f 1726 1727 1385
f 1726 1385 1394
f 1727 1322 1357
f 1727 1357 1728
f 1727 1728 1386
f 1727 1386 1385
f 1728 1729 1116
f 1728 1116 1386
f 1728 1357 1356
f 1728 1356 1729
f 1729 1167 1117
f 1729 1117 1116
f 1729 1356 1730
f 1729 1730 1167
f 1730 1731 1166
f 1730 1166 1167
f 1730 1356 1355
f 1730 1355 1732
f 1730 1732 1733
f 1730 1733 1731
f 1733 867 866
f 1733 866 1731
f 1733 1732 1189
f 1733 1189 1734
f 1733 1734 1735
f 1733 1735 867
f 1735 1736 864
f 1735 864 867
f 1735 1734 997
f 1735 997 995
f 1735 995 992
f 1735 992 1736
f 1736 952 865
f 1736 865 864
f 1736 992 991
f 1736 991 952
f 1734 1189 998
f 1734 998 997
f 1732 1355 1187
f 1732 1187 1189
f 1731 866 868
f 1731 868 1166
f 1725 1724 1737
f 1725 1737 1319
f 1737 1197 1738
f 1737 1738 1739
f 1737 1739 1314
f 1737 1314 1319
f 1737 1724 1191
f 1737 1191 1197
f 1739 1738 944
f 1739 944 943
f 1739 943 942
f 1739 942 1314
f 1738 1740 1741
f 1738 1741 944
f 1738 1197 1196
f 1738 1196 1740
f 1741 1742 1743
f 1741 1743 927
f 1741 927 922
f 1741 922 944
f 1741 1740 1744
f 1741 1744 1742
f 1744 850 849
f 1744 849 1742
f 1744 1740 1196
f 1744 1196 1198
f 1744 1198 853
f 1744 853 850
f 1743 1745 1746
f 1743 1746 1747
f 1743 1747 925
f 1743 925 927
f 1743 1742 849
f 1743 849 1745
f 1747 1746 1748
f 1747 1748 1749
f 1747 1749 926
f 1747 926 925
f 1749 1748 1750
f 1749 1750 1139
f 1749 1139 1138
f 1749 1138 926
f 1750 1751 1008
f 1750 1008 1007
f 1750 1007 1006
f 1750 1006 1139
f 1750 1748 1752
f 1750 1752 1751
f 1752 1300 1299
f 1752 1299 1751
f 1752 1748 1746
f 1752 1746 1753
f 1752 1753 1301
f 1752 1301 1300
f 1753 1746 1745
f 1753 1745 1754
f 1753 1754 1755
f 1753 1755 1301
f 1755 1756 1296
f 1755 1296 1301
f 1755 1754 848
f 1755 848 852
f 1755 852 1757
f 1755 1757 1756
f 1757 1758 1759
f 1757 1759 1756
f 1757 852 851
f 1757 851 1760
f 1757 1760 1761
f 1757 1761 1758
f 1761 1762 1263
f 1761 1263 1758
f 1761 1760 1270
f 1761 1270 1763
f 1761 1763 1764
f 1761 1764 1762
f 1764 1765 1766
f 1764 1766 1762
f 1764 1763 1767
f 1764 1767 1768
f 1764 1768 1769
f 1764 1769 1765
f 1769 1770 1771
f 1769 1771 1765
f 1769 1768 950
f 1769 950 1772
f 1769 1772 1773
f 1769 1773 1770
f 1773 1354 1353
f 1773 1353 1770
f 1773 1772 1774
f 1773 1774 1775
f 1773 1775 1776
f 1773 1776 1354
f 1776 1186 1188
f 1776 1188 1354
f 1776 1775 990
f 1776 990 994
f 1776 994 999
f 1776 999 1186
f 1775 1774 991
f 1775 991 990
f 1774 1772 950
f 1774 950 949
f 1774 949 952
f 1774 952 991
f 1771 1320 1317
f 1771 1317 1777
f 1771 1777 1766
f 1771 1766 1765
f 1771 1770 1353
f 1771 1353 1320
f 1777 1317 1316
f 1777 1316 1265
f 1777 1265 1264
f 1777 1264 1766
f 1768 1767 951
f 1768 951 950
f 1767 1763 1270
f 1767 1270 863
f 1767 863 862
f 1767 862 951
f 1766 1264 1263
f 1766 1263 1762
f 1760 851 856
f 1760 856 1270
f 1759 1262 1266
f 1759 1266 1297
f 1759 1297 1296
f 1759 1296 1756
f 1759 1758 1263
f 1759 1263 1262
f 1754 1745 849
f 1754 849 848
f 1751 1299 1011
f 1751 1011 1008
f 1724 1397 1192
f 1724 1192 1191
f 1393 1389 1048
f 1393 1048 1047
f 1389 1388 1049
f 1389 1049 1048
f 1388 1114 1778
f 1388 1778 1049
f 1388 1387 1115
f 1388 1115 1114
f 1778 1329 1328
f 1778 1328 1779
f 1778 1779 1050
f 1778 1050 1049
f 1778 1114 1113
f 1778 1113 1329
f 1779 1328 1330
f 1779 1330 1225
f 1779 1225 1051
f 1779 1051 1050
f 1387 1386 1116
f 1387 1116 1115
f 1368 1367 1780
f 1368 1780 1781
f 1368 1781 1103
f 1368 1103 1102
f 1781 1780 1782
f 1781 1782 1783
f 1781 1783 1784
f 1781 1784 1103
f 1784 1785 1100
f 1784 1100 1103
f 1784 1783 1154
f 1784 1154 1151
f 1784 1151 1150
f 1784 1150 1785
f 1785 1144 1101
f 1785 1101 1100
f 1785 1150 1147
f 1785 1147 1144
f 1783 1782 1786
f 1783 1786 1154
f 1786 1782 1787
f 1786 1787 1788
f 1786 1788 1789
f 1786 1789 1790
f 1786 1790 1152
f 1786 1152 1154
f 1790 1789 1791
f 1790 1791 1792
f 1790 1792 1153
f 1790 1153 1152
f 1792 1791 1793
f 1792 1793 1794
f 1792 1794 1200
f 1792 1200 1153
f 1794 1793 1307
f 1794 1307 1146
f 1794 1146 1145
f 1794 1145 1200
f 1793 1791 1795
f 1793 1795 1796
f 1793 1796 1308
f 1793 1308 1307
f 1796 1795 1129
f 1796 1129 1126
f 1796 1126 1125
f 1796 1125 1308
f 1795 1791 1789
f 1795 1789 1157
f 1795 1157 1156
f 1795 1156 1129
f 1789 1788 1158
f 1789 1158 1157
f 1788 1787 1161
f 1788 1161 1158
f 1787 1782 1780
f 1787 1780 1797
f 1787 1797 1798
f 1787 1798 1161
f 1798 1797 1799
f 1798 1799 1800
f 1798 1800 1801
f 1798 1801 1802
f 1798 1802 1159
f 1798 1159 1161
f 1802 1801 1803
f 1802 1803 1804
f 1802 1804 1160
f 1802 1160 1159
f 1804 1803 1805
f 1804 1805 1128
f 1804 1128 1127
f 1804 1127 1160
f 1805 1803 1277
f 1805 1277 1275
f 1805 1275 1271
f 1805 1271 1806
f 1805 1806 1124
f 1805 1124 1128
f 1806 1271 1274
f 1806 1274 1807
f 1806 1807 1125
f 1806 1125 1124
f 1807 1274 1306
f 1807 1306 1305
f 1807 1305 1308
f 1807 1308 1125
f 1803 1801 1281
f 1803 1281 1277
f 1801 1800 1808
f 1801 1808 1281
f 1808 1809 1286
f 1808 1286 1810
f 1808 1810 1282
f 1808 1282 1281
f 1808 1800 1799
f 1808 1799 1809
f 1810 1286 1285
f 1810 1285 1811
f 1810 1811 1283
f 1810 1283 1282
f 1811 1285 1066
f 1811 1066 1065
f 1811 1065 1070
f 1811 1070 1283
f 1809 1366 1287
f 1809 1287 1286
f 1809 1799 1367
f 1809 1367 1366
f 1799 1797 1780
f 1799 1780 1367
f 1364 1363 1232
f 1364 1232 1236
f 1363 1104 1096
f 1363 1096 1095
f 1363 1095 1237
f 1363 1237 1232
f 1360 1165 935
f 1360 935 934
f 1348 1347 933
f 1348 933 932
f 1340 1339 1245
f 1340 1245 1244
f 1330 1220 1111
f 1330 1111 1108
f 1330 1108 1107
f 1330 1107 1225
f 1329 1113 1119
f 1329 1119 1218
f 1302 1254 1258
f 1302 1258 1298
f 1302 1295 1812
f 1302 1812 1813
f 1302 1813 1255
f 1302 1255 1254
f 1813 1812 1814
f 1813 1814 1815
f 1813 1815 1260
f 1813 1260 1255
f 1815 1814 903
f 1815 903 909
f 1815 909 1002
f 1815 1002 1260
f 1814 1812 976
f 1814 976 1816
f 1814 1816 904
f 1814 904 903
f 1816 976 975
f 1816 975 1817
f 1816 1817 1818
f 1816 1818 904
f 1818 1817 1819
f 1818 1819 1820
f 1818 1820 1821
f 1818 1821 1175
f 1818 1175 905
f 1818 905 904
f 1821 1820 955
f 1821 955 954
f 1821 954 959
f 1821 959 1822
f 1821 1822 1176
f 1821 1176 1175
f 1822 959 1823
f 1822 1823 1824
f 1822 1824 1181
f 1822 1181 1176
f 1824 1823 1174
f 1824 1174 1825
f 1824 1825 1826
f 1824 1826 1181
f 1826 1827 1179
f 1826 1179 1181
f 1826 1825 1828
f 1826 1828 969
f 1826 969 968
f 1826 968 1827
f 1828 1825 1174
f 1828 1174 964
f 1828 964 963
f 1828 963 1829
f 1828 1829 970
f 1828 970 969
f 1829 963 962
f 1829 962 1830
f 1829 1830 977
f 1829 977 970
f 1830 962 1184
f 1830 1184 1831
f 1830 1831 1819
f 1830 1819 977
f 1831 1184 956
f 1831 956 955
f 1831 955 1820
f 1831 1820 1819
f 1827 1832 1180
f 1827 1180 1179
f 1827 968 972
f 1827 972 1832
f 1832 981 980
f 1832 980 1180
f 1832 972 984
f 1832 984 981
f 1823 959 958
f 1823 958 1183
f 1823 1183 966
f 1823 966 1174
f 1819 1817 975
f 1819 975 977
f 1812 1295 973
f 1812 973 976
f 1299 1298 1258
f 1299 1258 1011
f 1297 1266 971
f 1297 971 974
f 1290 1063 1067
f 1290 1067 1066
f 1290 1066 1285
f 1290 1285 1284
f 1290 1289 1060
f 1290 1060 1063
f 1266 984 972
f 1266 972 971
f 1260 1002 1001
f 1260 1001 1259
f 1259 1001 1010
f 1259 1010 1257
f 1258 1257 1010
f 1258 1010 1011
f 1222 1219 879
f 1222 879 878
f 1215 1214 1203
f 1215 1203 1202
f 1198 1027 1026
f 1198 1026 853
f 1184 962 961
f 1184 961 1182
f 1183 1182 961
f 1183 961 966
f 1173 1140 1005
f 1173 1005 1004
f 1173 1004 901
f 1173 901 1171
f 1173 1170 1141
f 1173 1141 1140
f 1172 1171 901
f 1172 901 900
f 1170 924 923
f 1170 923 1141
f 1165 1164 938
f 1165 938 935
f 1164 868 861
f 1164 861 938
f 1160 1127 1129
f 1160 1129 1156
f 1141 923 926
f 1141 926 1138
f 1069 1068 894
f 1069 894 893
f 1068 1067 1063
f 1068 1063 1062
f 1068 1062 897
f 1068 897 894
f 1034 1032 1018
f 1034 1018 1017
f 1026 1025 854
f 1026 854 853
f 1025 1012 857
f 1025 857 854
f 1025 1024 937
f 1025 937 1012
f 1012 940 929
f 1012 929 857
f 1004 1003 902
f 1004 902 901
f 1003 1002 909
f 1003 909 902
f 940 939 860
f 940 860 929
f 939 938 861
f 939 861 860
f 1833 1834 1835
f 1833 1835 1836
f 1833 1837 1838
f 1833 1838 1834
f 1833 1836 1839
f 1833 1839 1837
f 1840 1841 1842
f 1840 1842 1843
f 1840 1844 1845
f 1840 1845 1841
f 1840 1846 1847
f 1840 1847 1844
f 1848 1843 1849
f 1848 1849 1850
f 1848 1850 1851
f 1848 1851 1852
f 1848 1852 1840
f 1848 1840 1843
f 1853 1854 1855
f 1853 1855 1856
f 1853 1856 1857
f 1853 1857 1858
f 1853 1858 1859
f 1853 1859 1860
f 1861 1862 1839
f 1861 1839 1863
f 1861 1864 1865
f 1861 1865 1862
f 1861 1863 1866
f 1861 1866 1864
f 1867 1868 1869
f 1867 1869 1870
f 1867 1857 1856
f 1867 1856 1868
f 1867 1870 1871
f 1867 1871 1857
f 1872 1873 1874
f 1872 1874 1875
f 1874 1876 1877
f 1874 1877 1878
f 1879 1880 1881
f 1879 1881 1882
f 1879 1882 1883
f 1879 1883 1884
f 1879 1884 1885
f 1879 1885 1886
f 1887 1888 1889
f 1887 1889 1890
f 1887 1890 1891
f 1887 1891 1892
f 1887 1892 1893
f 1887 1893 1888
f 1894 1895 1896
f 1894 1896 1897
f 1894 1897 1898
f 1894 1898 1899
f 1900 1870 1869
f 1900 1869 1901
f 1902 1871 1870
f 1902 1870 1900
f 1900 1901 1903
f 1900 1903 1902
f 1904 1905 1847
f 1904 1847 1906
f 1904 1906 1907
f 1904 1907 1908
f 1858 1909 1910
f 1858 1910 1911
f 1858 1911 1912
f 1858 1912 1859
f 1898 1913 1914
f 1898 1914 1915
f 1898 1915 1916
f 1898 1916 1899
f 1902 1903 1917
f 1902 1917 1918
f 1919 1903 1901
f 1919 1901 1920
f 1921 1917 1903
f 1921 1903 1919
f 1919 1920 1908
f 1919 1908 1921
f 1899 1922 1923
f 1899 1923 1924
f 1899 1916 1925
f 1899 1925 1922
f 1921 1926 1927
f 1921 1927 1928
f 1921 1928 1929
f 1921 1929 1917
f 1930 1931 1932
f 1930 1932 1933
f 1930 1934 1935
f 1930 1935 1931
f 1930 1936 1937
f 1930 1937 1938
f 1930 1938 1939
f 1930 1939 1934
f 1940 1941 1942
f 1940 1942 1943
f 1940 1944 1945
f 1940 1945 1941
f 1946 1947 1948
f 1946 1948 1949
f 1950 1951 1952
f 1950 1952 1953
f 1950 1954 1955
f 1950 1955 1951
f 1950 1953 1956
f 1950 1956 1957
f 1958 1959 1960
f 1958 1960 1961
f 1958 1962 1945
f 1958 1945 1963
f 1958 1961 1964
f 1958 1964 1962
f 1951 1965 1966
f 1951 1966 1967
f 1951 1967 1968
f 1951 1968 1952
f 1969 1970 1971
f 1969 1971 1972
f 1973 1974 1970
f 1973 1970 1969
f 1969 1972 1975
f 1969 1975 1973
f 1961 1960 1976
f 1961 1976 1977
f 1961 1977 1978
f 1961 1978 1979
f 1961 1979 1980
f 1961 1980 1964
f 1981 1982 1983
f 1981 1983 1984
f 1981 1984 1985
f 1981 1985 1986
f 1981 1987 1988
f 1981 1988 1982
f 1989 1990 1971
f 1989 1971 1970
f 1989 1970 1974
f 1989 1974 1991
f 1989 1991 1992
f 1989 1992 1993
f 1994 1995 1996
f 1994 1996 1997
f 1994 1998 1999
f 1994 1999 1995
f 1994 2000 2001
f 1994 2001 1998
f 2002 2003 2004
f 2002 2004 2005
f 2002 2006 1925
f 2002 1925 2003
f 2002 2007 2008
f 2002 2008 2006
f 2009 1997 2010
f 2009 2010 2011
f 2009 2011 2012
f 2009 2012 2013
f 2009 2013 2014
f 2009 2014 2000
f 2015 2016 2017
f 2015 2017 2018
f 2015 2019 2020
f 2015 2020 2016
f 2015 2018 2021
f 2015 2021 2019
f 2004 2022 2023
f 2004 2023 2024
f 2004 2003 2025
f 2004 2025 2022
f 2004 2024 2026
f 2004 2026 2027
f 2004 2027 2028
f 2004 2028 2005
f 2029 2030 2031
f 2029 2031 2032
f 2029 2033 2034
f 2029 2034 2030
f 2029 2032 2035
f 2029 2035 2033
f 2036 2037 2038
f 2036 2038 2039
f 2036 2039 1987
f 2036 1987 1981
f 2036 1981 1986
f 2036 1986 2040
f 2036 2040 2041
f 2036 2041 2042
f 2036 2042 2043
f 2036 2043 2037
f 2044 2045 2046
f 2044 2046 2047
f 2044 2048 2049
f 2044 2049 2050
f 2044 2047 2051
f 2044 2051 2048
f 2052 2053 2054
f 2052 2054 2055
f 2052 2056 2057
f 2052 2057 2058
f 2052 2055 2059
f 2052 2059 2056
f 2060 2061 2023
f 2060 2023 1993
f 2060 2062 2063
f 2060 2063 2061
f 2060 1993 1992
f 2060 1992 2062
f 2064 2065 2066
f 2064 2066 2067
f 2064 2068 2069
f 2064 2069 2065
f 2064 2067 2001
f 2064 2001 2068
f 2070 2071 2000
f 2070 2000 2014
f 2070 2072 2073
f 2070 2073 2071
f 2070 2014 2074
f 2070 2074 2075
f 2076 2043 2042
f 2076 2042 2077
f 2076 2078 2079
f 2076 2079 2080
f 2076 2077 2081
f 2076 2081 2078
f 2026 2024 2082
f 2026 2082 2083
f 2026 2083 2084
f 2026 2084 2027
f 2085 2086 2087
f 2085 2087 2088
f 2085 2088 2089
f 2085 2089 2090
f 2085 2090 2091
f 2085 2091 2086
f 2028 2092 2093
f 2028 2093 2005
f 2028 2094 2095
f 2028 2095 2092
f 2096 2097 2098
f 2096 2098 2099
f 2096 2099 2100
f 2096 2100 2101
f 2096 2101 2102
f 2096 2102 2097
f 2103 2104 2105
f 2103 2105 2106
f 2103 2035 2032
f 2103 2032 2104
f 2103 2106 2107
f 2103 2107 2035
f 2108 2109 1976
f 2108 1976 2081
f 2108 2081 2077
f 2108 2077 2110
f 2108 2110 2111
f 2108 2111 2109
f 2112 2113 2070
f 2112 2070 2075
f 2112 2075 2114
f 2112 2114 2115
f 2112 2115 2116
f 2112 2116 2113
f 2117 2118 2119
f 2117 2119 2120
f 2117 2121 2122
f 2117 2122 2123
f 2117 2120 2124
f 2117 2124 2121
f 2125 2100 2107
f 2125 2107 2106
f 2125 2106 2105
f 2125 2105 2126
f 2125 2126 2101
f 2125 2101 2100
f 2116 2127 2128
f 2116 2128 2113
f 2116 2115 2129
f 2116 2129 2127
f 2088 2087 2130
f 2088 2130 2089
f 2131 2095 2094
f 2131 2094 2132
f 2131 2133 2134
f 2131 2134 2095
f 2131 2132 2135
f 2131 2135 2133
f 2136 2137 2138
f 2136 2138 2139
f 2136 2140 2141
f 2136 2141 2137
f 2136 2139 2142
f 2136 2142 2140
f 2073 2069 2068
f 2073 2068 2071
f 2073 2143 2144
f 2073 2144 2069
f 2073 2145 2146
f 2073 2146 2143
f 2073 2072 2147
f 2073 2147 2145
f 2148 2149 2094
f 2148 2094 2028
f 2150 2151 2149
f 2150 2149 2148
f 2148 2028 2152
f 2148 2152 2150
f 2134 2153 2092
f 2134 2092 2095
f 2134 2133 2154
f 2134 2154 2153
f 2155 2156 2157
f 2155 2157 2158
f 2155 2159 2160
f 2155 2160 2156
f 2155 2158 2161
f 2155 2161 2159
f 2150 2142 2139
f 2150 2139 2162
f 2150 2163 2164
f 2150 2164 2142
f 2150 2152 2165
f 2150 2165 2163
f 2166 2167 2168
f 2166 2168 2169
f 2166 2145 2147
f 2166 2147 2167
f 2158 2157 2170
f 2158 2170 2161
f 2171 2172 2173
f 2171 2173 2174
f 2171 2083 2082
f 2171 2082 2172
f 2171 2174 2084
f 2171 2084 2083
f 2164 2175 2176
f 2164 2176 2177
f 2164 2177 2140
f 2164 2140 2142
f 2135 2132 2178
f 2135 2178 2179
f 2135 2179 2180
f 2135 2180 2133
f 2181 2182 2183
f 2181 2183 2184
f 2181 2184 2185
f 2181 2185 2186
f 2181 2186 2187
f 2181 2187 2188
f 2133 2180 2189
f 2133 2189 2154
f 2190 2191 2179
f 2190 2179 2178
f 2192 2193 2191
f 2192 2191 2190
f 2190 2178 2194
f 2190 2194 2192
f 2195 2196 2197
f 2195 2197 2198
f 2195 2199 2057
f 2195 2057 2056
f 2195 2056 2059
f 2195 2059 2196
f 2154 2200 2201
f 2154 2201 2153
f 2186 2185 2202
f 2186 2202 2187
f 2203 2204 2205
f 2203 2205 2144
f 2203 2144 2143
f 2203 2143 2206
f 2203 2206 2207
f 2203 2207 2204
f 2208 2209 2210
f 2208 2210 2211
f 2212 2213 2209
f 2212 2209 2208
f 2208 2211 2214
f 2208 2214 2212
f 2118 2215 2216
f 2118 2216 2217
f 2118 2217 2218
f 2118 2218 2219
f 2118 2219 2220
f 2118 2220 2119
f 2118 2117 2221
f 2118 2221 2215
f 2222 2223 2224
f 2222 2224 2197
f 2222 2188 2187
f 2222 2187 2223
f 2222 2197 2196
f 2222 2196 2188
f 2225 2226 2227
f 2225 2227 2228
f 2229 2230 2226
f 2229 2226 2225
f 2225 2228 2114
f 2225 2114 2229
f 2231 2232 2233
f 2231 2233 2234
f 2231 2234 2235
f 2231 2235 2236
f 2231 2237 2238
f 2231 2238 2232
f 2231 2239 2240
f 2231 2240 2237
f 2231 2236 2241
f 2231 2241 2239
f 2242 2175 2164
f 2242 2164 2243
f 2242 2244 2245
f 2242 2245 2175
f 2242 2243 2246
f 2242 2246 2244
f 2220 2219 2247
f 2220 2247 2248
f 2220 2248 2249
f 2220 2249 2119
f 2250 2224 2223
f 2250 2223 2251
f 2250 2252 2253
f 2250 2253 2224
f 2254 2233 2255
f 2254 2255 2256
f 2254 2256 2257
f 2254 2257 2258
f 2254 2258 2234
f 2254 2234 2233
f 2259 2260 2261
f 2259 2261 2262
f 2259 2262 2263
f 2259 2263 2264
f 2259 2264 2265
f 2259 2265 2260
f 2266 2267 2264
f 2266 2264 2263
f 2266 2268 2269
f 2266 2269 2267
f 2266 2263 2270
f 2266 2270 2268
f 2271 2272 2246
f 2271 2246 2243
f 2271 2163 2165
f 2271 2165 2272
f 2271 2243 2164
f 2271 2164 2163
f 2273 2207 2206
f 2273 2206 2274
f 2236 2235 2275
f 2236 2275 2241
f 2256 2255 2276
f 2256 2276 2257
f 2277 2278 2279
f 2277 2279 2280
f 2277 2280 2281
f 2277 2281 2282
f 2277 2282 2283
f 2277 2283 2278
f 2275 2235 2284
f 2275 2284 2285
f 2275 2285 2286
f 2275 2286 2241
f 2257 2287 2284
f 2257 2284 2258
f 2257 2288 2289
f 2257 2289 2287
f 2257 2276 2290
f 2257 2290 2288
f 2226 2230 2291
f 2226 2291 2292
f 2226 2292 2293
f 2226 2293 2294
f 2295 2292 2291
f 2295 2291 2296
f 2295 2297 2298
f 2295 2298 2299
f 2295 2299 2293
f 2295 2293 2292
f 2300 2297 2189
f 2300 2189 2301
f 2300 2301 2302
f 2300 2302 2303
f 2300 2303 2298
f 2300 2298 2297
f 2304 2305 2306
f 2304 2306 2307
f 2304 2307 2308
f 2304 2308 2309
f 2304 2309 2310
f 2304 2310 2311
f 2304 2312 2313
f 2304 2313 2305
f 2304 2311 2314
f 2304 2314 2312
f 2315 2316 2317
f 2315 2317 2318
f 2315 2319 2320
f 2315 2320 2316
f 2315 2318 2321
f 2315 2321 2319
f 2311 2310 2322
f 2311 2322 2314
f 2323 2324 2218
f 2323 2218 2325
f 2323 2325 2326
f 2323 2326 2327
f 2323 2327 2328
f 2323 2328 2329
f 2323 2329 2330
f 2323 2330 2331
f 2323 2331 2332
f 2323 2332 2324
f 2329 2328 2333
f 2329 2333 2334
f 2329 2334 2335
f 2329 2335 2336
f 2329 2336 2337
f 2329 2337 2330
f 2338 2339 2340
f 2338 2340 2341
f 2342 2343 2339
f 2342 2339 2338
f 2338 2341 2344
f 2338 2344 2342
f 2345 2346 2331
f 2345 2331 2330
f 2347 2348 2349
f 2347 2349 2350
f 2351 2352 2348
f 2351 2348 2347
f 2347 2350 2353
f 2347 2353 2351
f 2354 2335 2355
f 2354 2355 2356
f 2354 2356 2357
f 2354 2357 2358
f 2354 2358 2336
f 2354 2336 2335
f 2349 2359 2360
f 2349 2360 2350
f 2349 2348 2361
f 2349 2361 2359
f 2362 2363 2364
f 2362 2364 2365
f 2362 2365 2352
f 2362 2352 2366
f 2367 2368 2369
f 2367 2369 2370
f 2367 2370 2371
f 2367 2371 2372
f 2367 2372 2373
f 2367 2373 2368
f 1842 1841 2374
f 1842 2374 2375
f 1842 2375 1849
f 1842 1849 1843
f 1845 2376 2374
f 1845 2374 1841
f 1845 1844 2377
f 1845 2377 2376
f 2377 1844 1847
f 2377 1847 1905
f 2377 1905 1920
f 2377 1920 2378
f 2377 2378 2379
f 2377 2379 2376
f 2379 2380 2374
f 2379 2374 2376
f 2379 2378 2381
f 2379 2381 2382
f 2379 2382 2383
f 2379 2383 2380
f 2383 2384 2385
f 2383 2385 2380
f 2383 2382 2386
f 2383 2386 2387
f 2383 2387 2388
f 2383 2388 2384
f 2388 2389 2390
f 2388 2390 2384
f 2388 2387 2391
f 2388 2391 2392
f 2388 2392 2393
f 2388 2393 2389
f 2393 2394 2395
f 2393 2395 2389
f 2393 2392 2396
f 2393 2396 2397
f 2393 2397 2398
f 2393 2398 2394
f 2398 1879 1886
f 2398 1886 2394
f 2398 2397 2399
f 2398 2399 2400
f 2398 2400 1880
f 2398 1880 1879
f 2400 2399 2401
f 2400 2401 2402
f 2400 2402 2403
f 2400 2403 1880
f 2403 2404 1881
f 2403 1881 1880
f 2403 2402 2405
f 2403 2405 2406
f 2403 2406 2407
f 2403 2407 2404
f 2407 2408 2409
f 2407 2409 2404
f 2407 2406 1877
f 2407 1877 1876
f 2407 1876 2410
f 2407 2410 2408
f 2409 2411 1881
f 2409 1881 2404
f 2412 2413 2414
f 2412 2414 2411
f 2415 1938 1937
f 2415 1937 2413
f 2416 2417 2418
f 2416 2418 2419
f 2415 2420 1939
f 2415 1939 1938
f 2419 2418 2421
f 2419 2421 1947
f 2420 1946 1940
f 2420 1940 1939
f 2421 2418 2422
f 2421 2422 2423
f 2421 2423 2424
f 2421 2424 2425
f 2421 2425 1948
f 2421 1948 1947
f 2425 2424 2426
f 2425 2426 2427
f 2425 2427 2428
f 2425 2428 1948
f 2428 2429 1949
f 2428 1949 1948
f 2428 2427 2430
f 2428 2430 2431
f 2428 2431 2432
f 2428 2432 2429
f 2433 2434 1853
f 2433 1853 1860
f 2430 2427 2426
f 2430 2426 2435
f 2433 2436 2437
f 2433 2437 2434
f 2437 2438 2439
f 2437 2439 2434
f 2437 2436 2440
f 2437 2440 2441
f 2437 2441 2442
f 2437 2442 2438
f 2442 2443 2444
f 2442 2444 2438
f 2442 2441 2445
f 2442 2445 2446
f 2442 2446 2447
f 2442 2447 2443
f 2447 2448 2449
f 2447 2449 2443
f 2447 2446 2450
f 2447 2450 1835
f 2447 1835 1834
f 2447 1834 2448
f 2450 2446 2445
f 2450 2445 2451
f 2450 2451 2452
f 2450 2452 2453
f 2450 2453 1836
f 2450 1836 1835
f 2453 2452 1866
f 2453 1866 1863
f 2453 1863 1839
f 2453 1839 1836
f 2452 2451 2454
f 2452 2454 2455
f 2452 2455 2456
f 2452 2456 1866
f 2457 2458 2459
f 2457 2459 2460
f 2456 2461 1864
f 2456 1864 1866
f 2457 1893 1892
f 2457 1892 2458
f 2460 2459 2462
f 2460 2462 2463
f 2461 2464 1865
f 2461 1865 1864
f 2463 2462 2465
f 2463 2465 2466
f 2464 2467 2468
f 2464 2468 1865
f 2468 2467 2469
f 2468 2469 2470
f 2468 2470 2471
f 2468 2471 2472
f 2468 2472 1862
f 2468 1862 1865
f 2472 2471 1838
f 2472 1838 1837
f 2472 1837 1839
f 2472 1839 1862
f 2471 2470 2473
f 2471 2473 2474
f 2471 2474 2475
f 2471 2475 1838
f 2475 2474 2476
f 2475 2476 2477
f 2475 2477 2449
f 2475 2449 2448
f 2475 2448 1834
f 2475 1834 1838
f 2477 2476 2478
f 2477 2478 2479
f 2477 2479 2480
f 2477 2480 2449
f 2480 2479 2481
f 2480 2481 2482
f 2480 2482 2483
f 2480 2483 2444
f 2480 2444 2443
f 2480 2443 2449
f 2483 2482 2484
f 2483 2484 2485
f 2483 2485 1854
f 2483 1854 2439
f 2483 2439 2438
f 2483 2438 2444
f 2485 2484 2486
f 2485 2486 2487
f 2485 2487 1855
f 2485 1855 1854
f 2487 2486 2391
f 2487 2391 2488
f 2487 2488 2489
f 2487 2489 1855
f 2489 2488 2386
f 2489 2386 2490
f 2489 2490 1869
f 2489 1869 1868
f 2489 1868 1856
f 2489 1856 1855
f 2490 2386 2382
f 2490 2382 2381
f 2490 2381 1901
f 2490 1901 1869
f 2488 2391 2387
f 2488 2387 2386
f 2486 2396 2392
f 2486 2392 2391
f 2486 2484 2491
f 2486 2491 2396
f 2491 2399 2397
f 2491 2397 2396
f 2491 2484 2482
f 2491 2482 2481
f 2491 2481 2401
f 2491 2401 2399
f 2481 2479 2478
f 2481 2478 2401
f 2478 2405 2402
f 2478 2402 2401
f 2478 2476 2492
f 2478 2492 2405
f 2492 1877 2406
f 2492 2406 2405
f 2492 2476 2474
f 2492 2474 2473
f 2492 2473 1878
f 2492 1878 1877
f 2473 2470 2469
f 2473 2469 1878
f 2466 2465 1872
f 2466 1872 1875
f 2465 2493 1873
f 2465 1873 1872
f 2465 2462 2494
f 2465 2494 2493
f 2494 2495 2496
f 2494 2496 2493
f 2494 2462 2459
f 2494 2459 2497
f 2494 2497 2498
f 2494 2498 2495
f 2498 2422 2499
f 2498 2499 2495
f 2498 2497 2500
f 2498 2500 2501
f 2498 2501 2423
f 2498 2423 2422
f 2501 2500 1891
f 2501 1891 2502
f 2501 2502 2424
f 2501 2424 2423
f 2502 1891 1890
f 2502 1890 2503
f 2502 2503 2426
f 2502 2426 2424
f 2503 2504 2435
f 2503 2435 2426
f 2503 1890 1889
f 2503 1889 2504
f 2500 2497 2459
f 2500 2459 2458
f 2500 2458 1892
f 2500 1892 1891
f 2451 2445 2505
f 2451 2505 2454
f 2445 2441 2440
f 2445 2440 2505
f 2439 1854 1853
f 2439 1853 2434
f 2506 1963 1945
f 2506 1945 1944
f 2506 1859 1912
f 2506 1912 1963
f 2422 2418 2417
f 2422 2417 2499
f 2414 2507 1883
f 2414 1883 1882
f 2414 1882 1881
f 2414 1881 2411
f 2414 2413 1937
f 2414 1937 2507
f 2507 1955 1954
f 2507 1954 1883
f 2507 1937 1936
f 2507 1936 1955
f 2395 2508 2509
f 2395 2509 2510
f 2395 2510 2390
f 2395 2390 2389
f 2395 2394 1886
f 2395 1886 2508
f 2510 2509 2511
f 2510 2511 2512
f 2510 2512 2513
f 2510 2513 2390
f 2513 2512 1850
f 2513 1850 1849
f 2513 1849 2375
f 2513 2375 2385
f 2513 2385 2384
f 2513 2384 2390
f 2512 2511 1851
f 2512 1851 1850
f 2511 1898 1897
f 2511 1897 1851
f 2511 2509 1913
f 2511 1913 1898
f 2509 2508 2514
f 2509 2514 1913
f 2514 2515 1914
f 2514 1914 1913
f 2514 2508 1886
f 2514 1886 1885
f 2514 1885 2516
f 2514 2516 2515
f 2516 2517 1972
f 2516 1972 2515
f 2516 1885 1884
f 2516 1884 2518
f 2516 2518 2519
f 2516 2519 2517
f 2519 2520 2521
f 2519 2521 2517
f 2519 2518 1954
f 2519 1954 1950
f 2519 1950 1957
f 2519 1957 2520
f 2521 2522 2523
f 2521 2523 1975
f 2521 1975 1972
f 2521 1972 2517
f 2521 2520 2524
f 2521 2524 2522
f 2524 2031 2030
f 2524 2030 2522
f 2524 2520 1957
f 2524 1957 2050
f 2524 2050 2049
f 2524 2049 2031
f 2523 2034 2525
f 2523 2525 2526
f 2523 2526 1973
f 2523 1973 1975
f 2523 2522 2030
f 2523 2030 2034
f 2526 2525 2098
f 2526 2098 2527
f 2526 2527 2528
f 2526 2528 1973
f 2528 2527 2529
f 2528 2529 2530
f 2528 2530 2531
f 2528 2531 2532
f 2528 2532 1974
f 2528 1974 1973
f 2532 2531 2533
f 2532 2533 2534
f 2532 2534 1991
f 2532 1991 1974
f 2534 2533 2245
f 2534 2245 2535
f 2534 2535 1992
f 2534 1992 1991
f 2535 2245 2244
f 2535 2244 2536
f 2535 2536 2062
f 2535 2062 1992
f 2536 2244 2246
f 2536 2246 2537
f 2536 2537 2063
f 2536 2063 2062
f 2537 2246 2272
f 2537 2272 2173
f 2537 2173 2172
f 2537 2172 2063
f 2533 2531 2538
f 2533 2538 2176
f 2533 2176 2175
f 2533 2175 2245
f 2538 2539 2046
f 2538 2046 2540
f 2538 2540 2177
f 2538 2177 2176
f 2538 2531 2530
f 2538 2530 2539
f 2540 2046 2045
f 2540 2045 2141
f 2540 2141 2140
f 2540 2140 2177
f 2539 2541 2047
f 2539 2047 2046
f 2539 2530 2529
f 2539 2529 2541
f 2541 2102 2051
f 2541 2051 2047
f 2541 2529 2097
f 2541 2097 2102
f 2529 2527 2098
f 2529 2098 2097
f 2525 2542 2099
f 2525 2099 2098
f 2525 2034 2033
f 2525 2033 2542
f 2542 2107 2100
f 2542 2100 2099
f 2542 2033 2035
f 2542 2035 2107
f 2518 1884 1883
f 2518 1883 1954
f 2515 1972 1971
f 2515 1971 1914
f 2385 2375 2374
f 2385 2374 2380
f 2381 2378 1920
f 2381 1920 1901
f 2373 2543 2544
f 2373 2544 2368
f 2373 2372 2356
f 2373 2356 2355
f 2373 2355 2545
f 2373 2545 2543
f 2545 2546 2547
f 2545 2547 2543
f 2545 2355 2335
f 2545 2335 2334
f 2545 2334 2333
f 2545 2333 2546
f 2547 2548 2549
f 2547 2549 2550
f 2547 2550 2544
f 2547 2544 2543
f 2547 2546 2551
f 2547 2551 2548
f 2551 2552 2553
f 2551 2553 2548
f 2551 2546 2333
f 2551 2333 2554
f 2551 2554 2555
f 2551 2555 2552
f 2554 2333 2328
f 2554 2328 2556
f 2554 2556 2252
f 2554 2252 2555
f 2556 2328 2327
f 2556 2327 2557
f 2556 2557 2253
f 2556 2253 2252
f 2557 2327 2326
f 2557 2326 2558
f 2557 2558 2198
f 2557 2198 2253
f 2558 2326 2559
f 2558 2559 2560
f 2558 2560 2195
f 2558 2195 2198
f 2560 2559 2561
f 2560 2561 2562
f 2560 2562 2199
f 2560 2199 2195
f 2562 2561 2563
f 2562 2563 2564
f 2562 2564 2565
f 2562 2565 2199
f 2565 2566 2057
f 2565 2057 2199
f 2565 2564 2567
f 2565 2567 2568
f 2565 2568 2569
f 2565 2569 2566
f 2569 2013 2012
f 2569 2012 2566
f 2569 2568 2229
f 2569 2229 2074
f 2569 2074 2014
f 2569 2014 2013
f 2568 2567 2230
f 2568 2230 2229
f 2567 2564 2563
f 2567 2563 2570
f 2567 2570 2291
f 2567 2291 2230
f 2570 2563 2571
f 2570 2571 2572
f 2570 2572 2296
f 2570 2296 2291
f 2572 2571 2573
f 2572 2573 2574
f 2572 2574 2200
f 2572 2200 2296
f 2574 2573 2575
f 2574 2575 2576
f 2574 2576 2201
f 2574 2201 2200
f 2576 2575 2577
f 2576 2577 2578
f 2576 2578 2093
f 2576 2093 2201
f 2578 2577 2007
f 2578 2007 2002
f 2578 2002 2005
f 2578 2005 2093
f 2577 2575 2215
f 2577 2215 2221
f 2577 2221 2579
f 2577 2579 2007
f 2579 2221 2117
f 2579 2117 2123
f 2579 2123 1966
f 2579 1966 2580
f 2579 2580 2008
f 2579 2008 2007
f 2580 1966 1965
f 2580 1965 1933
f 2580 1933 1932
f 2580 1932 2008
f 2575 2573 2216
f 2575 2216 2215
f 2573 2571 2581
f 2573 2581 2216
f 2581 2561 2559
f 2581 2559 2582
f 2581 2582 2217
f 2581 2217 2216
f 2581 2571 2563
f 2581 2563 2561
f 2582 2559 2326
f 2582 2326 2325
f 2582 2325 2218
f 2582 2218 2217
f 2566 2012 2058
f 2566 2058 2057
f 2553 2583 2283
f 2553 2283 2584
f 2553 2584 2549
f 2553 2549 2548
f 2553 2552 2585
f 2553 2585 2583
f 2585 2586 2587
f 2585 2587 2583
f 2585 2552 2555
f 2585 2555 2588
f 2585 2588 2589
f 2585 2589 2586
f 2589 2269 2268
f 2589 2268 2586
f 2589 2588 2202
f 2589 2202 2185
f 2589 2185 2184
f 2589 2184 2269
f 2587 2270 2279
f 2587 2279 2278
f 2587 2278 2283
f 2587 2283 2583
f 2587 2586 2268
f 2587 2268 2270
f 2584 2283 2282
f 2584 2282 2590
f 2584 2590 2591
f 2584 2591 2549
f 2591 2590 2592
f 2591 2592 2593
f 2591 2593 2344
f 2591 2344 2341
f 2591 2341 2550
f 2591 2550 2549
f 2593 2592 2594
f 2593 2594 2595
f 2593 2595 2294
f 2593 2294 2344
f 2594 2210 2129
f 2594 2129 2228
f 2594 2228 2227
f 2594 2227 2595
f 2594 2592 2211
f 2594 2211 2210
f 2592 2590 2282
f 2592 2282 2211
f 2550 2341 2340
f 2550 2340 2544
f 2544 2340 2369
f 2544 2369 2368
f 2372 2371 2357
f 2372 2357 2356
f 2371 2370 2596
f 2371 2596 2597
f 2371 2597 2598
f 2371 2598 2357
f 2598 2599 2358
f 2598 2358 2357
f 2598 2597 2600
f 2598 2600 2364
f 2598 2364 2363
f 2598 2363 2599
f 2600 2597 2596
f 2600 2596 2601
f 2600 2601 2359
f 2600 2359 2361
f 2600 2361 2365
f 2600 2365 2364
f 2601 2596 2602
f 2601 2602 2603
f 2601 2603 2360
f 2601 2360 2359
f 2603 2602 2339
f 2603 2339 2343
f 2603 2343 2604
f 2603 2604 2360
f 2604 2343 2342
f 2604 2342 2605
f 2604 2605 2606
f 2604 2606 2607
f 2604 2607 2350
f 2604 2350 2360
f 2607 2606 2608
f 2607 2608 2609
f 2607 2609 2353
f 2607 2353 2350
f 2609 2608 2610
f 2609 2610 2611
f 2609 2611 2612
f 2609 2612 2353
f 2612 2611 2305
f 2612 2305 2313
f 2612 2313 2613
f 2612 2613 2614
f 2612 2614 2351
f 2612 2351 2353
f 2614 2613 2615
f 2614 2615 2616
f 2614 2616 2346
f 2614 2346 2351
f 2616 2615 2617
f 2616 2617 2332
f 2616 2332 2331
f 2616 2331 2346
f 2617 2615 2618
f 2617 2618 2619
f 2617 2619 2248
f 2617 2248 2247
f 2617 2247 2324
f 2617 2324 2332
f 2619 2618 2288
f 2619 2288 2290
f 2619 2290 2249
f 2619 2249 2248
f 2618 2615 2613
f 2618 2613 2620
f 2618 2620 2289
f 2618 2289 2288
f 2620 2613 2313
f 2620 2313 2312
f 2620 2312 2314
f 2620 2314 2289
f 2611 2610 2306
f 2611 2306 2305
f 2610 2608 2303
f 2610 2303 2302
f 2610 2302 2621
f 2610 2621 2306
f 2621 2302 2301
f 2621 2301 2622
f 2621 2622 2191
f 2621 2191 2193
f 2621 2193 2307
f 2621 2307 2306
f 2622 2301 2189
f 2622 2189 2180
f 2622 2180 2179
f 2622 2179 2191
f 2608 2606 2298
f 2608 2298 2303
f 2606 2605 2299
f 2606 2299 2298
f 2605 2342 2293
f 2605 2293 2299
f 2602 2369 2340
f 2602 2340 2339
f 2602 2596 2370
f 2602 2370 2369
f 2599 2337 2336
f 2599 2336 2358
f 2599 2363 2623
f 2599 2623 2337
f 2365 2361 2348
f 2365 2348 2352
f 2363 2362 2366
f 2363 2366 2623
f 2351 2346 2345
f 2351 2345 2623
f 2366 2352 2351
f 2366 2351 2623
f 2623 2345 2330
f 2623 2330 2337
f 2342 2344 2294
f 2342 2294 2293
f 2324 2247 2219
f 2324 2219 2218
f 2322 2310 2286
f 2322 2286 2285
f 2322 2285 2284
f 2322 2284 2287
f 2322 2287 2289
f 2322 2289 2314
f 2320 2624 2625
f 2320 2625 2626
f 2320 2626 2627
f 2320 2627 2316
f 2320 2319 2111
f 2320 2111 2624
f 2627 2626 2628
f 2627 2628 2629
f 2627 2629 2630
f 2627 2630 2631
f 2627 2631 2317
f 2627 2317 2316
f 2631 2630 2204
f 2631 2204 2207
f 2631 2207 2273
f 2631 2273 2317
f 2630 2629 2020
f 2630 2020 2632
f 2630 2632 2205
f 2630 2205 2204
f 2632 2020 2019
f 2632 2019 2066
f 2632 2066 2065
f 2632 2065 2205
f 2629 2628 2016
f 2629 2016 2020
f 2628 2633 2017
f 2628 2017 2016
f 2628 2626 2625
f 2628 2625 2633
f 2633 1986 1985
f 2633 1985 2017
f 2633 2625 2040
f 2633 2040 1986
f 2625 2624 2041
f 2625 2041 2040
f 2624 2111 2110
f 2624 2110 2041
f 2318 2317 2273
f 2318 2273 2274
f 2318 2274 2146
f 2318 2146 2321
f 2310 2309 2634
f 2310 2634 2286
f 2634 2309 2308
f 2634 2308 2635
f 2634 2635 2240
f 2634 2240 2239
f 2634 2239 2241
f 2634 2241 2286
f 2635 2308 2192
f 2635 2192 2636
f 2635 2636 2637
f 2635 2637 2240
f 2637 2636 2638
f 2637 2638 2639
f 2637 2639 2640
f 2637 2640 2641
f 2637 2641 2237
f 2637 2237 2240
f 2641 2640 2642
f 2641 2642 2643
f 2641 2643 2238
f 2641 2238 2237
f 2643 2642 2122
f 2643 2122 2121
f 2643 2121 2124
f 2643 2124 2238
f 2642 2640 2644
f 2642 2644 1968
f 2642 1968 1967
f 2642 1967 2122
f 2644 2645 2646
f 2644 2646 2647
f 2644 2647 1952
f 2644 1952 1968
f 2644 2640 2639
f 2644 2639 2645
f 2647 2646 2138
f 2647 2138 2648
f 2647 2648 1953
f 2647 1953 1952
f 2648 2649 1956
f 2648 1956 1953
f 2648 2138 2137
f 2648 2137 2649
f 2649 2045 2044
f 2649 2044 1956
f 2649 2137 2141
f 2649 2141 2045
f 2646 2162 2139
f 2646 2139 2138
f 2646 2645 2650
f 2646 2650 2162
f 2650 2151 2150
f 2650 2150 2162
f 2650 2645 2639
f 2650 2639 2638
f 2650 2638 2194
f 2650 2194 2151
f 2638 2636 2192
f 2638 2192 2194
f 2308 2307 2193
f 2308 2193 2192
f 2297 2295 2154
f 2297 2154 2189
f 2295 2296 2200
f 2295 2200 2154
f 2290 2276 2651
f 2290 2651 2249
f 2651 2276 2255
f 2651 2255 2652
f 2651 2652 2124
f 2651 2124 2120
f 2651 2120 2119
f 2651 2119 2249
f 2652 2255 2233
f 2652 2233 2232
f 2652 2232 2238
f 2652 2238 2124
f 2284 2235 2234
f 2284 2234 2258
f 2282 2281 2214
f 2282 2214 2211
f 2281 2653 2654
f 2281 2654 2214
f 2281 2280 2261
f 2281 2261 2653
f 2654 2655 2656
f 2654 2656 2657
f 2654 2657 2212
f 2654 2212 2214
f 2654 2653 2658
f 2654 2658 2655
f 2658 2659 2054
f 2658 2054 2655
f 2658 2653 2261
f 2658 2261 2260
f 2658 2260 2265
f 2658 2265 2659
f 2659 2182 2055
f 2659 2055 2054
f 2659 2265 2183
f 2659 2183 2182
f 2657 2656 1978
f 2657 1978 2168
f 2657 2168 2167
f 2657 2167 2212
f 2656 2053 1979
f 2656 1979 1978
f 2656 2655 2054
f 2656 2054 2053
f 2280 2279 2262
f 2280 2262 2261
f 2279 2270 2263
f 2279 2263 2262
f 2274 2206 2143
f 2274 2143 2146
f 2272 2165 2174
f 2272 2174 2173
f 2269 2184 2183
f 2269 2183 2267
f 2267 2183 2265
f 2267 2265 2264
f 2253 2198 2197
f 2253 2197 2224
f 2251 2202 2588
f 2251 2588 2555
f 2251 2555 2252
f 2251 2252 2250
f 2251 2223 2187
f 2251 2187 2202
f 2229 2114 2075
f 2229 2075 2074
f 2228 2129 2115
f 2228 2115 2114
f 2227 2226 2294
f 2227 2294 2595
f 2213 2212 2167
f 2213 2167 2147
f 2213 2147 2072
f 2213 2072 2128
f 2213 2128 2127
f 2213 2127 2209
f 2210 2209 2127
f 2210 2127 2129
f 2205 2065 2069
f 2205 2069 2144
f 2201 2093 2092
f 2201 2092 2153
f 2196 2059 2181
f 2196 2181 2188
f 2194 2178 2149
f 2194 2149 2151
f 2182 2181 2059
f 2182 2059 2055
f 2178 2132 2094
f 2178 2094 2149
f 2174 2165 2152
f 2174 2152 2084
f 2172 2082 2061
f 2172 2061 2063
f 2170 2157 2089
f 2170 2089 2130
f 2170 2130 2660
f 2170 2660 2661
f 2170 2661 2662
f 2170 2662 2161
f 2662 2661 2043
f 2662 2043 2076
f 2662 2076 2080
f 2662 2080 2663
f 2662 2663 2159
f 2662 2159 2161
f 2663 2080 2664
f 2663 2664 2665
f 2663 2665 2160
f 2663 2160 2159
f 2665 2664 2666
f 2665 2666 2667
f 2665 2667 2091
f 2665 2091 2160
f 2667 2666 2668
f 2667 2668 2669
f 2667 2669 2086
f 2667 2086 2091
f 2669 2668 2038
f 2669 2038 2670
f 2669 2670 2087
f 2669 2087 2086
f 2670 2038 2037
f 2670 2037 2660
f 2670 2660 2130
f 2670 2130 2087
f 2668 2666 2671
f 2668 2671 2672
f 2668 2672 2039
f 2668 2039 2038
f 2672 2671 2673
f 2672 2673 2674
f 2672 2674 1987
f 2672 1987 2039
f 2674 2673 2675
f 2674 2675 2676
f 2674 2676 1988
f 2674 1988 1987
f 2676 2675 1911
f 2676 1911 1910
f 2676 1910 2677
f 2676 2677 1988
f 2677 1910 1909
f 2677 1909 1918
f 2677 1918 1917
f 2677 1917 1929
f 2677 1929 1982
f 2677 1982 1988
f 2675 2673 2678
f 2675 2678 2679
f 2675 2679 1912
f 2675 1912 1911
f 2679 2678 1959
f 2679 1959 1958
f 2679 1958 1963
f 2679 1963 1912
f 2678 2680 2079
f 2678 2079 1959
f 2678 2673 2671
f 2678 2671 2680
f 2680 2664 2080
f 2680 2080 2079
f 2680 2671 2666
f 2680 2666 2664
f 2661 2660 2037
f 2661 2037 2043
f 2168 1978 1977
f 2168 1977 2169
f 2166 2169 2109
f 2166 2109 2111
f 2166 2111 2319
f 2166 2319 2321
f 2166 2321 2146
f 2166 2146 2145
f 2169 1977 1976
f 2169 1976 2109
f 2160 2091 2090
f 2160 2090 2156
f 2157 2156 2090
f 2157 2090 2089
f 2152 2028 2027
f 2152 2027 2084
f 2128 2072 2070
f 2128 2070 2113
f 2126 2105 2048
f 2126 2048 2051
f 2126 2051 2102
f 2126 2102 2101
f 2123 2122 1967
f 2123 1967 1966
f 2110 2077 2042
f 2110 2042 2041
f 2105 2104 2049
f 2105 2049 2048
f 2104 2032 2031
f 2104 2031 2049
f 2082 2024 2023
f 2082 2023 2061
f 2081 1976 1960
f 2081 1960 2078
f 2079 2078 1960
f 2079 1960 1959
f 2071 2068 2001
f 2071 2001 2000
f 2067 2066 2019
f 2067 2019 2021
f 2067 2021 1998
f 2067 1998 2001
f 2058 2681 1980
f 2058 1980 2052
f 2058 2012 2011
f 2058 2011 2681
f 2681 2682 1964
f 2681 1964 1980
f 2681 2011 2010
f 2681 2010 2682
f 2682 2683 1962
f 2682 1962 1964
f 2682 2010 2684
f 2682 2684 2683
f 2684 2685 2686
f 2684 2686 1942
f 2684 1942 1941
f 2684 1941 2683
f 2684 2010 1997
f 2684 1997 2685
f 2686 1926 2687
f 2686 2687 2688
f 2686 2688 1943
f 2686 1943 1942
f 2686 2685 1927
f 2686 1927 1926
f 2688 2687 2689
f 2688 2689 1935
f 2688 1935 1934
f 2688 1934 1943
f 2689 2690 1923
f 2689 1923 2691
f 2689 2691 1931
f 2689 1931 1935
f 2689 2687 2692
f 2689 2692 2690
f 2692 1907 2693
f 2692 2693 2690
f 2692 2687 1926
f 2692 1926 1921
f 2692 1921 1908
f 2692 1908 1907
f 2693 2694 1895
f 2693 1895 1924
f 2693 1924 1923
f 2693 1923 2690
f 2693 1907 1906
f 2693 1906 2694
f 2694 1846 1896
f 2694 1896 1895
f 2694 1906 1847
f 2694 1847 1846
f 2691 1923 1922
f 2691 1922 2695
f 2691 2695 1932
f 2691 1932 1931
f 2695 1922 1925
f 2695 1925 2006
f 2695 2006 2008
f 2695 2008 1932
f 2685 1997 1996
f 2685 1996 1927
f 2683 1941 1945
f 2683 1945 1962
f 2053 2052 1980
f 2053 1980 1979
f 2050 1957 1956
f 2050 1956 2044
f 2025 2003 1925
f 2025 1925 1916
f 2025 1916 1915
f 2025 1915 1990
f 2025 1990 1989
f 2025 1989 2022
f 2023 2022 1989
f 2023 1989 1993
f 2021 2018 1999
f 2021 1999 1998
f 2018 2017 1985
f 2018 1985 1999
f 1999 1985 1984
f 1999 1984 1995
f 1996 1995 1984
f 1996 1984 1983
f 1996 1983 1928
f 1996 1928 1927
f 1990 1915 1914
f 1990 1914 1971
f 1983 1982 1929
f 1983 1929 1928
f 1965 1951 1955
f 1965 1955 1936
f 1965 1936 1930
f 1965 1930 1933
f 1940 1943 1934
f 1940 1934 1939
f 1924 1895 1894
f 1924 1894 1899
f 1920 1905 1904
f 1920 1904 1908
f 1918 1909 1871
f 1918 1871 1902
f 1909 1858 1857
f 1909 1857 1871
f 1897 1896 1852
f 1897 1852 1851
f 1896 1846 1840
f 1896 1840 1852
f 2009 2000 1994
f 2009 1994 1997
f 2493 2496 2410
f 2493 2410 1873
f 1876 1874 1873
f 1876 1873 2410
f 2496 2696 2408
f 2496 2408 2410
f 2495 2499 2696
f 2495 2696 2496
f 2697 2409 2408
f 2697 2408 2696
f 2499 2417 2697
f 2499 2697 2696
f 2412 2411 2409
f 2412 2409 2697
f 2417 2416 2412
f 2417 2412 2697
f 1874 1878 2469
f 1874 2469 1875
f 2467 2466 1875
f 2467 1875 2469
f 2464 2463 2466
f 2464 2466 2467
f 2461 2460 2463
f 2461 2463 2464
f 2456 2457 2460
f 2456 2460 2461
f 2456 2455 1893
f 2456 1893 2457
f 1888 1893 2455
f 1888 2455 2454
f 1889 1888 2454
f 1889 2454 2505
f 2504 1889 2505
f 2504 2505 2440
f 2435 2504 2440
f 2435 2440 2436
f 2433 2430 2435
f 2433 2435 2436
f 2431 2430 2433
f 2431 2433 1860
f 2429 2432 1859
f 2429 1859 2506
f 1949 2429 2506
f 1949 2506 1944
f 1940 1946 1949
f 1940 1949 1944
f 2432 2431 1860
f 2432 1860 1859
f 2416 2415 2413
f 2416 2413 2412
f 2416 2419 2420
f 2416 2420 2415
f 2419 1947 1946
f 2419 1946 2420
f 2698 2699 2700
f 2698 2700 2701
f 2698 2701 2702
f 2698 2702 2703
f 2704 2705 2706
f 2704 2706 2707
f 2704 2707 2708
f 2704 2708 2709
f 2707 2706 2710
f 2707 2710 2708
f 2711 2712 2713
f 2711 2713 2714
f 2711 2714 2715
f 2711 2715 2716
f 2711 2717 2718
f 2711 2718 2712
f 2711 2716 2719
f 2711 2719 2720
f 2711 2720 2721
f 2711 2721 2717
f 2722 2723 2724
f 2722 2724 2725
f 2722 2725 2726
f 2722 2726 2727
f 2722 2727 2728
f 2722 2728 2723
f 2729 2730 2731
f 2729 2731 2732
f 2729 2733 2734
f 2729 2734 2730
f 2729 2732 2735
f 2729 2735 2733
f 2736 2737 2738
f 2736 2738 2739
f 2736 2740 2741
f 2736 2741 2737
f 2736 2739 2742
f 2736 2742 2740
f 2743 2744 2745
f 2743 2745 2746
f 2743 2746 2747
f 2743 2747 2748
f 2743 2748 2749
f 2743 2749 2744
f 2750 2751 2752
f 2750 2752 2753
f 2750 2754 2755
f 2750 2755 2756
f 2750 2753 2757
f 2750 2757 2754
f 2758 2759 2760
f 2758 2760 2761
f 2762 2763 2759
f 2762 2759 2758
f 2758 2761 2764
f 2758 2764 2762
f 2765 2766 2767
f 2765 2767 2768
f 2768 2769 2770
f 2768 2770 2765
f 2768 2771 2764
f 2768 2764 2769
f 2768 2738 2772
f 2768 2772 2771
f 2773 2774 2749
f 2773 2749 2748
f 2773 2775 2776
f 2773 2776 2774
f 2773 2748 2747
f 2773 2747 2777
f 2773 2777 2778
f 2773 2778 2779
f 2773 2779 2780
f 2773 2780 2775
f 2781 2782 2783
f 2781 2783 2784
f 2781 2785 2786
f 2781 2786 2782
f 2781 2787 2788
f 2781 2788 2785
f 2781 2789 2790
f 2781 2790 2787
f 2781 2784 2791
f 2781 2791 2789
f 2777 2792 2793
f 2777 2793 2778
f 2794 2795 2796
f 2794 2796 2797
f 2794 2797 2798
f 2794 2798 2799
f 2794 2800 2801
f 2794 2801 2795
f 2794 2802 2803
f 2794 2803 2800
f 2794 2799 2804
f 2794 2804 2802
f 2805 2806 2807
f 2805 2807 2808
f 2805 2719 2716
f 2805 2716 2806
f 2805 2808 2809
f 2805 2809 2810
f 2805 2811 2812
f 2805 2812 2719
f 2813 2814 2815
f 2813 2815 2791
f 2816 2817 2818
f 2816 2818 2819
f 2816 2820 2821
f 2816 2821 2817
f 2816 2822 2823
f 2816 2823 2820
f 2808 2824 2825
f 2808 2825 2826
f 2808 2826 2827
f 2808 2827 2809
f 2828 2829 2830
f 2828 2830 2831
f 2828 2832 2833
f 2828 2833 2829
f 2828 2834 2835
f 2828 2835 2832
f 2828 2836 2837
f 2828 2837 2834
f 2838 2819 2818
f 2838 2818 2839
f 2838 2839 2840
f 2838 2840 2841
f 2838 2841 2842
f 2838 2842 2843
f 2838 2843 2844
f 2838 2844 2845
f 2838 2845 2846
f 2838 2846 2819
f 2842 2841 2847
f 2842 2847 2848
f 2842 2848 2849
f 2842 2849 2850
f 2842 2850 2851
f 2842 2851 2852
f 2842 2852 2853
f 2842 2853 2843
f 2813 2854 2855
f 2813 2855 2856
f 2813 2857 2858
f 2813 2858 2854
f 2813 2856 2859
f 2813 2859 2814
f 2860 2825 2861
f 2860 2861 2862
f 2860 2863 2826
f 2860 2826 2825
f 2864 2849 2865
f 2864 2865 2866
f 2864 2866 2867
f 2864 2867 2868
f 2864 2868 2869
f 2864 2869 2870
f 2864 2871 2850
f 2864 2850 2849
f 2864 2870 2872
f 2864 2872 2871
f 2873 2874 2875
f 2873 2875 2876
f 2873 2846 2845
f 2873 2845 2874
f 2873 2876 2877
f 2873 2877 2846
f 2822 2816 2877
f 2822 2877 2878
f 2822 2878 2879
f 2822 2879 2880
f 2881 2882 2837
f 2881 2837 2836
f 2881 2883 2884
f 2881 2884 2885
f 2881 2885 2886
f 2881 2886 2882
f 2887 2885 2884
f 2887 2884 2888
f 2887 2889 2886
f 2887 2886 2885
f 2887 2888 2890
f 2887 2890 2889
f 2891 2892 2893
f 2891 2893 2894
f 2891 2894 2895
f 2891 2895 2896
f 2891 2896 2897
f 2891 2897 2892
f 2898 2899 2886
f 2898 2886 2889
f 2898 2889 2890
f 2898 2890 2900
f 2898 2900 2901
f 2898 2901 2899
f 2902 2903 2904
f 2902 2904 2905
f 2902 2906 2907
f 2902 2907 2903
f 2902 2908 2909
f 2902 2909 2906
f 2902 2905 2910
f 2902 2910 2911
f 2902 2911 2912
f 2902 2912 2908
f 2913 2914 2915
f 2913 2915 2916
f 2913 2916 2844
f 2913 2844 2917
f 2913 2917 2918
f 2913 2918 2914
f 2905 2904 2919
f 2905 2919 2920
f 2905 2920 2870
f 2905 2870 2869
f 2905 2869 2921
f 2905 2921 2910
f 2868 2922 2921
f 2868 2921 2869
f 2868 2867 2923
f 2868 2923 2924
f 2868 2924 2925
f 2868 2925 2922
f 2926 2927 2928
f 2926 2928 2929
f 2926 2930 2931
f 2926 2931 2927
f 2926 2932 2933
f 2926 2933 2930
f 2926 2929 2934
f 2926 2934 2935
f 2926 2935 2936
f 2926 2936 2932
f 2937 2938 2851
f 2937 2851 2939
f 2937 2939 2940
f 2937 2940 2941
f 2937 2941 2942
f 2937 2942 2938
f 2943 2944 2945
f 2943 2945 2863
f 2862 2946 2944
f 2862 2944 2943
f 2943 2863 2860
f 2943 2860 2862
f 2922 2925 2947
f 2922 2947 2921
f 2939 2948 2949
f 2939 2949 2940
f 2950 2897 2896
f 2950 2896 2951
f 2950 2951 2952
f 2950 2952 2953
f 2950 2953 2928
f 2950 2928 2897
f 2929 2928 2953
f 2929 2953 2934
f 2861 2954 2955
f 2861 2955 2956
f 2861 2956 2957
f 2861 2957 2958
f 2861 2958 2959
f 2861 2959 2862
f 2960 2859 2961
f 2960 2961 2962
f 2960 2963 2814
f 2960 2814 2859
f 2960 2964 2965
f 2960 2965 2963
f 2960 2962 2966
f 2960 2966 2967
f 2960 2967 2968
f 2960 2968 2964
f 2901 2969 2970
f 2901 2970 2899
f 2901 2900 2971
f 2901 2971 2972
f 2901 2972 2973
f 2901 2973 2974
f 2901 2974 2975
f 2901 2975 2969
f 2890 2976 2971
f 2890 2971 2900
f 2890 2888 2977
f 2890 2977 2978
f 2890 2978 2979
f 2890 2979 2976
f 2975 2980 2981
f 2975 2981 2969
f 2975 2974 2982
f 2975 2982 2983
f 2975 2948 2872
f 2975 2872 2980
f 2975 2983 2949
f 2975 2949 2948
f 2984 2985 2986
f 2984 2986 2987
f 2984 2988 2989
f 2984 2989 2985
f 2984 2987 2990
f 2984 2990 2988
f 2991 2992 2993
f 2991 2993 2977
f 2994 2961 2992
f 2994 2992 2991
f 2991 2977 2995
f 2991 2995 2994
f 2996 2997 2998
f 2996 2998 2999
f 2996 3000 3001
f 2996 3001 2997
f 2996 3002 3003
f 2996 3003 3000
f 3004 3005 3006
f 3004 3006 3007
f 3004 3007 3008
f 3004 3008 3009
f 3004 3009 3010
f 3004 3010 3005
f 3011 3012 3013
f 3011 3013 3014
f 3011 3015 3016
f 3011 3016 3012
f 3011 3014 3017
f 3011 3017 3015
f 3018 3019 3020
f 3018 3020 3021
f 3018 3021 3022
f 3018 3022 3023
f 3018 3023 3024
f 3018 3024 3019
f 3025 3026 3027
f 3025 3027 3028
f 3025 3029 3030
f 3025 3030 3026
f 3025 3028 3031
f 3025 3031 3029
f 2962 2961 2994
f 2962 2994 3032
f 2935 2934 3033
f 2935 3033 2936
f 2883 2881 3034
f 2883 3034 3035
f 2883 3036 2995
f 2883 2995 2884
f 3037 3038 3039
f 3037 3039 3040
f 3037 3041 3042
f 3037 3042 3038
f 3037 3040 3043
f 3037 3043 3041
f 2994 2995 3036
f 2994 3036 3032
f 3044 3045 3046
f 3044 3046 3047
f 3044 3048 2986
f 3044 2986 3045
f 3044 3047 3049
f 3044 3049 3048
f 3050 3051 3052
f 3050 3052 3053
f 3050 3046 3054
f 3050 3054 3051
f 3050 3053 3047
f 3050 3047 3046
f 3055 3056 3057
f 3055 3057 3058
f 3055 3059 3060
f 3055 3060 3056
f 3055 3058 3061
f 3055 3061 3059
f 3062 3063 3064
f 3062 3064 3065
f 3062 3066 3067
f 3062 3067 3063
f 3062 3065 3068
f 3062 3068 3066
f 3069 3070 2999
f 3069 2999 3071
f 3069 3071 3072
f 3069 3072 3073
f 3069 3073 3074
f 3069 3074 3070
f 3075 3076 2971
f 3075 2971 2976
f 3075 2976 2979
f 3075 2979 3077
f 3075 3077 3078
f 3075 3078 3076
f 3033 2952 3079
f 3033 3079 3080
f 3033 2934 2953
f 3033 2953 2952
f 3033 3081 3082
f 3033 3082 2936
f 3033 3080 3083
f 3033 3083 3081
f 3084 3085 3086
f 3084 3086 3087
f 3084 3087 3088
f 3084 3088 3089
f 3084 3089 3090
f 3084 3090 3091
f 3084 2879 2878
f 3084 2878 3085
f 3084 3091 3092
f 3084 3092 2879
f 3093 3040 3039
f 3093 3039 3094
f 3093 3095 3043
f 3093 3043 3040
f 3023 3022 3096
f 3023 3096 3024
f 3097 3052 3098
f 3097 3098 3099
f 3097 3099 3100
f 3097 3100 3101
f 3097 3101 3053
f 3097 3053 3052
f 3032 3036 3102
f 3032 3102 2962
f 3078 3103 3104
f 3078 3104 3076
f 3078 3077 3105
f 3078 3105 3106
f 3107 2982 2974
f 3107 2974 2973
f 3107 2973 3108
f 3107 3108 3109
f 3107 3109 3110
f 3107 3110 2982
f 3072 3071 3111
f 3072 3111 3112
f 3072 3112 3113
f 3072 3113 3114
f 3072 3114 3115
f 3072 3115 3116
f 3072 3116 3117
f 3072 3117 3073
f 3036 3118 3119
f 3036 3119 3102
f 3120 3121 3122
f 3120 3122 3123
f 3120 3124 2947
f 3120 2947 3121
f 3120 3125 3126
f 3120 3126 3124
f 3120 3123 3127
f 3120 3127 3128
f 3120 3128 3129
f 3120 3129 3125
f 3130 3058 3057
f 3130 3057 3131
f 3130 3131 3132
f 3130 3132 3133
f 3130 3133 3061
f 3130 3061 3058
f 3113 2983 2982
f 3113 2982 3110
f 3113 3112 2949
f 3113 2949 2983
f 3134 3135 3078
f 3134 3078 3106
f 3136 3137 3135
f 3136 3135 3134
f 3134 3106 3138
f 3134 3138 3136
f 3090 3089 3139
f 3090 3139 3140
f 3141 2883 3035
f 3141 3035 3142
f 3141 3118 3036
f 3141 3036 2883
f 3141 3142 3143
f 3141 3143 3118
f 3144 3145 3140
f 3144 3140 3146
f 3144 2946 2862
f 3144 2862 2959
f 3144 3146 3147
f 3144 3147 3148
f 3144 3148 3149
f 3144 3149 2946
f 3114 3113 3150
f 3114 3150 3115
f 3123 3122 3151
f 3123 3151 3152
f 3123 3152 3153
f 3123 3153 3154
f 3123 3154 3155
f 3123 3155 3127
f 3139 3089 3088
f 3139 3088 3156
f 3139 3156 3146
f 3139 3146 3140
f 3157 3103 3158
f 3157 3158 3159
f 3157 3160 3109
f 3157 3109 3108
f 3157 3108 3104
f 3157 3104 3103
f 3147 3146 3156
f 3147 3156 3161
f 3147 3161 3162
f 3147 3162 3148
f 3116 3163 3164
f 3116 3164 3117
f 3116 3115 3165
f 3116 3165 3166
f 3116 3166 3167
f 3116 3167 3163
f 3168 3169 3170
f 3168 3170 3171
f 3168 3171 3172
f 3168 3172 3173
f 3174 3166 3165
f 3174 3165 3175
f 3174 3175 3176
f 3174 3176 3177
f 3174 3177 3167
f 3174 3167 3166
f 3178 3159 3179
f 3178 3179 3180
f 3178 3180 3181
f 3178 3181 3182
f 3178 3182 3183
f 3178 3183 3184
f 3178 3184 3185
f 3178 3185 3186
f 3185 3187 3188
f 3185 3188 3186
f 3185 3184 3189
f 3185 3189 3187
f 3190 3191 3192
f 3190 3192 3193
f 3190 3193 3194
f 3190 3194 3195
f 3190 3195 3181
f 3190 3181 3191
f 3182 3181 3195
f 3182 3195 3183
f 3196 3197 3198
f 3196 3198 3199
f 3196 3200 3201
f 3196 3201 3197
f 3196 3199 3202
f 3196 3202 3200
f 3203 3204 3205
f 3203 3205 3206
f 3203 3207 3208
f 3203 3208 3204
f 3203 3206 3209
f 3203 3209 3207
f 3210 3211 3212
f 3210 3212 3213
f 3210 3142 3035
f 3210 3035 3211
f 3210 3213 3143
f 3210 3143 3142
f 3214 3215 3216
f 3214 3216 3217
f 3214 3218 3219
f 3214 3219 3215
f 3214 3217 3220
f 3214 3220 3218
f 3220 3217 2745
f 3220 2745 2744
f 3220 2744 2749
f 3220 2749 3221
f 3220 3221 3222
f 3220 3222 3218
f 3222 3223 3219
f 3222 3219 3218
f 3222 3221 3224
f 3222 3224 3225
f 3222 3225 3226
f 3222 3226 3223
f 3226 3227 3228
f 3226 3228 3223
f 3226 3225 3229
f 3226 3229 3230
f 3226 3230 3231
f 3226 3231 3227
f 3231 3232 3233
f 3231 3233 3227
f 3231 3230 3234
f 3231 3234 3235
f 3231 3235 3236
f 3231 3236 3232
f 3236 3237 3238
f 3236 3238 3232
f 3236 3235 3239
f 3236 3239 3240
f 3236 3240 3241
f 3236 3241 3237
f 3241 3242 3243
f 3241 3243 3237
f 3241 3240 3244
f 3241 3244 3245
f 3241 3245 3246
f 3241 3246 3242
f 3246 3247 2786
f 3246 2786 3242
f 3246 3245 3248
f 3246 3248 3249
f 3246 3249 3250
f 3246 3250 3247
f 3250 2766 3251
f 3250 3251 3247
f 3250 3249 3252
f 3250 3252 3253
f 3250 3253 2767
f 3250 2767 2766
f 3253 3252 3254
f 3253 3254 2742
f 3253 2742 2739
f 3253 2739 2767
f 3254 3252 3255
f 3254 3255 3256
f 3254 3256 3257
f 3254 3257 3258
f 3254 3258 2740
f 3254 2740 2742
f 3258 3257 3259
f 3258 3259 3260
f 3258 3260 2741
f 3258 2741 2740
f 3260 3259 2703
f 3260 2703 3261
f 3260 3261 3262
f 3260 3262 2741
f 3262 3263 2737
f 3262 2737 2741
f 3262 3261 3264
f 3262 3264 3265
f 3262 3265 3266
f 3262 3266 3263
f 3266 3267 2772
f 3266 2772 3263
f 3266 3265 3268
f 3266 3268 3269
f 3266 3269 3270
f 3266 3270 3267
f 3270 3271 3272
f 3270 3272 3267
f 3270 3269 3273
f 3270 3273 3274
f 3270 3274 3275
f 3270 3275 3271
f 3275 3276 3277
f 3275 3277 3271
f 3275 3274 2726
f 3275 2726 3278
f 3275 3278 3279
f 3275 3279 3276
f 3279 3280 3281
f 3279 3281 2757
f 3279 2757 2753
f 3279 2753 3276
f 3279 3278 3282
f 3279 3282 3280
f 3282 3283 3284
f 3282 3284 3280
f 3282 3278 2726
f 3282 2726 2725
f 3282 2725 2724
f 3282 2724 3283
f 3284 3285 3286
f 3284 3286 3287
f 3284 3287 3281
f 3284 3281 3280
f 3284 3283 3288
f 3284 3288 3285
f 3288 3289 3290
f 3288 3290 3285
f 3288 3283 2724
f 3288 2724 3291
f 3288 3291 3292
f 3288 3292 3289
f 3292 3293 3294
f 3292 3294 3289
f 3292 3291 2710
f 3292 2710 2706
f 3292 2706 2705
f 3292 2705 3293
f 3294 3295 3296
f 3294 3296 3297
f 3294 3297 3290
f 3294 3290 3289
f 3294 3293 3298
f 3294 3298 3295
f 3298 2700 3299
f 3298 3299 3295
f 3298 3293 2705
f 3298 2705 3300
f 3298 3300 2701
f 3298 2701 2700
f 3300 2705 2704
f 3300 2704 3301
f 3300 3301 2702
f 3300 2702 2701
f 3301 3302 3264
f 3301 3264 2702
f 3301 2704 2709
f 3301 2709 3302
f 3302 3268 3265
f 3302 3265 3264
f 3302 2709 3303
f 3302 3303 3268
f 3303 3273 3269
f 3303 3269 3268
f 3303 2709 2708
f 3303 2708 2728
f 3303 2728 2727
f 3303 2727 3273
f 3299 3304 3305
f 3299 3305 3306
f 3299 3306 3296
f 3299 3296 3295
f 3299 2700 2699
f 3299 2699 3304
f 3306 3305 3307
f 3306 3307 3308
f 3306 3308 3309
f 3306 3309 3296
f 3309 3308 3310
f 3309 3310 3311
f 3309 3311 3312
f 3309 3312 3313
f 3309 3313 3297
f 3309 3297 3296
f 3313 3312 3314
f 3313 3314 3315
f 3313 3315 3290
f 3313 3290 3297
f 3315 3314 3316
f 3315 3316 3286
f 3315 3286 3285
f 3315 3285 3290
f 3316 3314 2718
f 3316 2718 2717
f 3316 2717 2721
f 3316 2721 3317
f 3316 3317 3287
f 3316 3287 3286
f 3317 2721 3318
f 3317 3318 3319
f 3317 3319 3281
f 3317 3281 3287
f 3319 3318 2755
f 3319 2755 2754
f 3319 2754 2757
f 3319 2757 3281
f 3318 2721 2720
f 3318 2720 3320
f 3318 3320 3321
f 3318 3321 2755
f 3321 3322 2756
f 3321 2756 2755
f 3321 3320 2812
f 3321 2812 3323
f 3321 3323 2847
f 3321 2847 3322
f 3323 2812 2811
f 3323 2811 3324
f 3323 3324 2848
f 3323 2848 2847
f 3324 2811 3325
f 3324 3325 2865
f 3324 2865 2849
f 3324 2849 2848
f 3325 2811 2805
f 3325 2805 2810
f 3325 2810 3326
f 3325 3326 3327
f 3325 3327 2866
f 3325 2866 2865
f 3327 3326 3328
f 3327 3328 3329
f 3327 3329 2867
f 3327 2867 2866
f 3329 3328 3330
f 3329 3330 3331
f 3329 3331 2923
f 3329 2923 2867
f 3331 3330 2931
f 3331 2931 2930
f 3331 2930 2933
f 3331 2933 2923
f 3330 3328 3332
f 3330 3332 3333
f 3330 3333 2893
f 3330 2893 2931
f 3333 3332 3334
f 3333 3334 3335
f 3333 3335 2894
f 3333 2894 2893
f 3335 3334 3336
f 3335 3336 3337
f 3335 3337 2895
f 3335 2895 2894
f 3337 3336 3338
f 3337 3338 3339
f 3337 3339 3340
f 3337 3340 2895
f 3340 3339 3341
f 3340 3341 3079
f 3340 3079 2952
f 3340 2952 2951
f 3340 2951 2896
f 3340 2896 2895
f 3341 3339 3338
f 3341 3338 3342
f 3341 3342 3343
f 3341 3343 3344
f 3341 3344 3080
f 3341 3080 3079
f 3344 3343 3345
f 3344 3345 3346
f 3344 3346 3083
f 3344 3083 3080
f 3346 3345 3074
f 3346 3074 3347
f 3346 3347 3348
f 3346 3348 3083
f 3348 3347 3117
f 3348 3117 3164
f 3348 3164 3349
f 3348 3349 3350
f 3348 3350 3081
f 3348 3081 3083
f 3350 3349 3151
f 3350 3151 3351
f 3350 3351 3082
f 3350 3082 3081
f 3351 3151 3122
f 3351 3122 3352
f 3351 3352 3353
f 3351 3353 3082
f 3353 2932 2936
f 3353 2936 3082
f 3353 3352 3354
f 3353 3354 3355
f 3353 3355 2933
f 3353 2933 2932
f 3355 3354 2925
f 3355 2925 2924
f 3355 2924 2923
f 3355 2923 2933
f 3354 3352 3122
f 3354 3122 3121
f 3354 3121 2947
f 3354 2947 2925
f 3349 3164 3163
f 3349 3163 3356
f 3349 3356 3152
f 3349 3152 3151
f 3356 3163 3167
f 3356 3167 3357
f 3356 3357 3153
f 3356 3153 3152
f 3357 3167 3177
f 3357 3177 3358
f 3357 3358 3359
f 3357 3359 3153
f 3359 3358 3201
f 3359 3201 3200
f 3359 3200 3202
f 3359 3202 3360
f 3359 3360 3154
f 3359 3154 3153
f 3360 3202 3193
f 3360 3193 3192
f 3360 3192 3155
f 3360 3155 3154
f 3358 3177 3176
f 3358 3176 3201
f 3347 3074 3073
f 3347 3073 3117
f 3345 3343 3361
f 3345 3361 3362
f 3345 3362 3070
f 3345 3070 3074
f 3362 3361 3002
f 3362 3002 2996
f 3362 2996 2999
f 3362 2999 3070
f 3361 3363 3364
f 3361 3364 3002
f 3361 3343 3342
f 3361 3342 3363
f 3364 3365 2945
f 3364 2945 3366
f 3364 3366 3003
f 3364 3003 3002
f 3364 3363 3367
f 3364 3367 3365
f 3367 3368 3369
f 3367 3369 3365
f 3367 3363 3342
f 3367 3342 3338
f 3367 3338 3336
f 3367 3336 3368
f 3369 2827 2826
f 3369 2826 2863
f 3369 2863 2945
f 3369 2945 3365
f 3369 3368 3370
f 3369 3370 2827
f 3370 3371 2809
f 3370 2809 2827
f 3370 3368 3336
f 3370 3336 3334
f 3370 3334 3332
f 3370 3332 3371
f 3371 3326 2810
f 3371 2810 2809
f 3371 3332 3328
f 3371 3328 3326
f 3366 3372 3373
f 3366 3373 3003
f 3366 2945 2944
f 3366 2944 3372
f 3373 3374 3375
f 3373 3375 3376
f 3373 3376 3000
f 3373 3000 3003
f 3373 3372 3149
f 3373 3149 3374
f 3376 3375 3377
f 3376 3377 3378
f 3376 3378 3001
f 3376 3001 3000
f 3378 3377 3379
f 3378 3379 3380
f 3378 3380 3381
f 3378 3381 3001
f 3381 3380 3382
f 3381 3382 3383
f 3381 3383 2938
f 3381 2938 2942
f 3381 2942 2997
f 3381 2997 3001
f 3383 3382 2853
f 3383 2853 2852
f 3383 2852 2851
f 3383 2851 2938
f 3382 2918 2917
f 3382 2917 2853
f 3382 3380 3379
f 3382 3379 2918
f 3379 3384 2914
f 3379 2914 2918
f 3379 3377 3385
f 3379 3385 3384
f 3385 3386 3387
f 3385 3387 3384
f 3385 3377 3375
f 3385 3375 3388
f 3385 3388 3389
f 3385 3389 3386
f 3389 3088 3087
f 3389 3087 3386
f 3389 3388 3162
f 3389 3162 3161
f 3389 3161 3156
f 3389 3156 3088
f 3388 3375 3374
f 3388 3374 3162
f 3387 3086 2875
f 3387 2875 2915
f 3387 2915 2914
f 3387 2914 3384
f 3387 3386 3087
f 3387 3087 3086
f 3374 3149 3148
f 3374 3148 3162
f 3372 2944 2946
f 3372 2946 3149
f 3322 2840 3390
f 3322 3390 2756
f 3322 2847 2841
f 3322 2841 2840
f 3390 2793 2792
f 3390 2792 3391
f 3390 3391 2750
f 3390 2750 2756
f 3390 2840 2839
f 3390 2839 2793
f 3391 2792 3392
f 3391 3392 3393
f 3391 3393 2751
f 3391 2751 2750
f 3393 3392 3394
f 3393 3394 3395
f 3393 3395 3396
f 3393 3396 2751
f 3396 3395 2801
f 3396 2801 3397
f 3396 3397 2759
f 3396 2759 2763
f 3396 2763 2752
f 3396 2752 2751
f 3397 2801 2800
f 3397 2800 3398
f 3397 3398 2760
f 3397 2760 2759
f 3398 2800 2803
f 3398 2803 3399
f 3398 3399 3400
f 3398 3400 2760
f 3400 3399 2829
f 3400 2829 2833
f 3400 2833 3401
f 3400 3401 3402
f 3400 3402 2761
f 3400 2761 2760
f 3402 3401 3403
f 3402 3403 3404
f 3402 3404 3405
f 3402 3405 2761
f 3405 3404 2784
f 3405 2784 2783
f 3405 2783 2770
f 3405 2770 2769
f 3405 2769 2764
f 3405 2764 2761
f 3404 3403 2791
f 3404 2791 2784
f 3401 2833 2832
f 3401 2832 3406
f 3401 3406 2857
f 3401 2857 3403
f 3406 3407 2858
f 3406 2858 2857
f 3406 2832 2835
f 3406 2835 3407
f 3407 3408 3409
f 3407 3409 2858
f 3407 2835 3410
f 3407 3410 3408
f 3410 2904 2903
f 3410 2903 3408
f 3410 2835 2834
f 3410 2834 3411
f 3410 3411 2919
f 3410 2919 2904
f 3411 2834 2837
f 3411 2837 3412
f 3411 3412 2981
f 3411 2981 2919
f 3412 2837 2882
f 3412 2882 2970
f 3412 2970 2969
f 3412 2969 2981
f 3409 2907 3413
f 3409 3413 3414
f 3409 3414 2854
f 3409 2854 2858
f 3409 3408 2903
f 3409 2903 2907
f 3414 3413 3415
f 3414 3415 3416
f 3414 3416 2855
f 3414 2855 2854
f 3416 3415 3417
f 3416 3417 3418
f 3416 3418 2993
f 3416 2993 2855
f 3418 3417 2979
f 3418 2979 2978
f 3418 2978 2977
f 3418 2977 2993
f 3417 3105 3077
f 3417 3077 2979
f 3417 3415 3419
f 3417 3419 3105
f 3419 3420 3106
f 3419 3106 3105
f 3419 3415 3413
f 3419 3413 3421
f 3419 3421 3422
f 3419 3422 3420
f 3422 2988 2990
f 3422 2990 3420
f 3422 3421 2906
f 3422 2906 2909
f 3422 2909 2989
f 3422 2989 2988
f 3421 3413 2907
f 3421 2907 2906
f 3420 2990 3138
f 3420 3138 3106
f 3399 2803 2830
f 3399 2830 2829
f 3395 3394 2795
f 3395 2795 2801
f 3394 3423 2796
f 3394 2796 2795
f 3394 3392 3424
f 3394 3424 3423
f 3424 3425 2734
f 3424 2734 3423
f 3424 3392 2792
f 3424 2792 2777
f 3424 2777 2747
f 3424 2747 3425
f 3425 3426 2730
f 3425 2730 2734
f 3425 2747 2746
f 3425 2746 3426
f 3426 3427 2731
f 3426 2731 2730
f 3426 2746 2745
f 3426 2745 3427
f 3427 3216 3209
f 3427 3209 2731
f 3427 2745 3217
f 3427 3217 3216
f 3423 2734 2733
f 3423 2733 2796
f 3320 2720 2719
f 3320 2719 2812
f 3314 3312 3428
f 3314 3428 2718
f 3428 3429 3430
f 3428 3430 3431
f 3428 3431 2712
f 3428 2712 2718
f 3428 3312 3311
f 3428 3311 3429
f 3431 3430 3234
f 3431 3234 3432
f 3431 3432 2713
f 3431 2713 2712
f 3432 3234 3230
f 3432 3230 3229
f 3432 3229 3433
f 3432 3433 2713
f 3433 3229 3225
f 3433 3225 3224
f 3433 3224 2774
f 3433 2774 2776
f 3433 2776 2714
f 3433 2714 2713
f 3430 3239 3235
f 3430 3235 3234
f 3430 3429 3434
f 3430 3434 3239
f 3434 3244 3240
f 3434 3240 3239
f 3434 3429 3311
f 3434 3311 3310
f 3434 3310 3435
f 3434 3435 3244
f 3435 3248 3245
f 3435 3245 3244
f 3435 3310 3308
f 3435 3308 3307
f 3435 3307 3255
f 3435 3255 3248
f 3307 3305 3256
f 3307 3256 3255
f 3305 3304 3257
f 3305 3257 3256
f 3304 2699 3259
f 3304 3259 3257
f 3291 2724 2723
f 3291 2723 2710
f 3277 2752 2763
f 3277 2763 2762
f 3277 2762 3272
f 3277 3272 3271
f 3277 3276 2753
f 3277 2753 2752
f 3274 3273 2727
f 3274 2727 2726
f 3272 2762 2764
f 3272 2764 2771
f 3272 2771 2772
f 3272 2772 3267
f 3264 3261 2703
f 3264 2703 2702
f 3263 2772 2738
f 3263 2738 2737
f 3259 2699 2698
f 3259 2698 2703
f 3255 3252 3249
f 3255 3249 3248
f 3251 2770 2783
f 3251 2783 2782
f 3251 2782 2786
f 3251 2786 3247
f 3251 2766 2765
f 3251 2765 2770
f 3243 2785 2788
f 3243 2788 3436
f 3243 3436 3238
f 3243 3238 3237
f 3243 3242 2786
f 3243 2786 2785
f 3436 2788 2799
f 3436 2799 2798
f 3436 2798 3437
f 3436 3437 3238
f 3437 2798 2797
f 3437 2797 3438
f 3437 3438 3439
f 3437 3439 3233
f 3437 3233 3232
f 3437 3232 3238
f 3439 3438 3205
f 3439 3205 3204
f 3439 3204 3208
f 3439 3208 3228
f 3439 3228 3227
f 3439 3227 3233
f 3438 2797 2735
f 3438 2735 3205
f 3228 3208 3219
f 3228 3219 3223
f 3224 3221 2749
f 3224 2749 2774
f 3219 3208 3207
f 3219 3207 3215
f 3216 3215 3207
f 3216 3207 3209
f 3213 3212 3440
f 3213 3440 3441
f 3213 3441 3442
f 3213 3442 3143
f 3442 3119 3118
f 3442 3118 3143
f 3442 3441 3170
f 3442 3170 3169
f 3442 3169 3443
f 3442 3443 3119
f 3443 3444 3102
f 3443 3102 3119
f 3443 3169 3168
f 3443 3168 3173
f 3443 3173 3445
f 3443 3445 3444
f 3445 3446 2966
f 3445 2966 3444
f 3445 3173 3172
f 3445 3172 3447
f 3445 3447 3448
f 3445 3448 3446
f 3448 3449 3450
f 3448 3450 3446
f 3448 3447 3451
f 3448 3451 3452
f 3448 3452 3453
f 3448 3453 3449
f 3453 3454 3455
f 3453 3455 3449
f 3453 3452 3456
f 3453 3456 3457
f 3453 3457 3458
f 3453 3458 3454
f 3458 3059 3061
f 3458 3061 3454
f 3458 3457 3459
f 3458 3459 3460
f 3458 3460 3060
f 3458 3060 3059
f 3460 3459 3461
f 3460 3461 3462
f 3460 3462 3042
f 3460 3042 3060
f 3462 3461 3463
f 3462 3463 3464
f 3462 3464 3038
f 3462 3038 3042
f 3464 3463 2963
f 3464 2963 2965
f 3464 2965 3039
f 3464 3039 3038
f 3463 3461 3465
f 3463 3465 2815
f 3463 2815 2814
f 3463 2814 2963
f 3465 3461 3459
f 3465 3459 3466
f 3465 3466 2790
f 3465 2790 2789
f 3465 2789 2791
f 3465 2791 2815
f 3455 3133 3132
f 3455 3132 3467
f 3455 3467 3450
f 3455 3450 3449
f 3455 3454 3061
f 3455 3061 3133
f 3467 3132 3468
f 3467 3468 2968
f 3467 2968 2967
f 3467 2967 3450
f 3468 3095 3093
f 3468 3093 3094
f 3468 3094 2964
f 3468 2964 2968
f 3468 3132 3131
f 3468 3131 3095
f 3452 3451 3469
f 3452 3469 3456
f 3469 3451 3470
f 3469 3470 3008
f 3469 3008 3007
f 3469 3007 3471
f 3469 3471 3472
f 3469 3472 3456
f 3470 3451 3447
f 3470 3447 3172
f 3470 3172 3171
f 3470 3171 3473
f 3470 3473 3009
f 3470 3009 3008
f 3473 3171 3170
f 3473 3170 3474
f 3473 3474 3010
f 3473 3010 3009
f 3474 3170 3441
f 3474 3441 3440
f 3474 3440 3027
f 3474 3027 3010
f 3450 2967 2966
f 3450 2966 3446
f 3444 2966 2962
f 3444 2962 3102
f 3440 3212 3028
f 3440 3028 3027
f 3212 3211 3031
f 3212 3031 3028
f 3211 3035 3034
f 3211 3034 3031
f 3209 3206 2732
f 3209 2732 2731
f 3206 3205 2735
f 3206 2735 2732
f 3202 3199 3194
f 3202 3194 3193
f 3201 3176 3475
f 3201 3475 3197
f 3475 3176 3175
f 3475 3175 3476
f 3475 3476 3477
f 3475 3477 3478
f 3475 3478 3198
f 3475 3198 3197
f 3478 3477 3187
f 3478 3187 3189
f 3478 3189 3479
f 3478 3479 3198
f 3479 3189 3184
f 3479 3184 3183
f 3479 3183 3195
f 3479 3195 3194
f 3479 3194 3199
f 3479 3199 3198
f 3477 3476 3480
f 3477 3480 3481
f 3477 3481 3188
f 3477 3188 3187
f 3481 3482 3160
f 3481 3160 3188
f 3481 3480 3150
f 3481 3150 3482
f 3482 3110 3109
f 3482 3109 3160
f 3482 3150 3113
f 3482 3113 3110
f 3480 3476 3175
f 3480 3175 3165
f 3480 3165 3115
f 3480 3115 3150
f 3192 3191 3483
f 3192 3483 3155
f 3483 3484 3127
f 3483 3127 3155
f 3483 3191 3181
f 3483 3181 3180
f 3483 3180 3179
f 3483 3179 3484
f 3484 3485 3128
f 3484 3128 3127
f 3484 3179 3486
f 3484 3486 3485
f 3486 3137 3487
f 3486 3487 3485
f 3486 3179 3159
f 3486 3159 3158
f 3486 3158 3135
f 3486 3135 3137
f 3487 3488 3489
f 3487 3489 3129
f 3487 3129 3128
f 3487 3128 3485
f 3487 3137 3136
f 3487 3136 3488
f 3489 3099 3098
f 3489 3098 3490
f 3489 3490 3125
f 3489 3125 3129
f 3489 3488 3100
f 3489 3100 3099
f 3490 3098 3491
f 3490 3491 3492
f 3490 3492 3126
f 3490 3126 3125
f 3492 3491 3493
f 3492 3493 2912
f 3492 2912 2911
f 3492 2911 3126
f 3493 3054 3494
f 3493 3494 3495
f 3493 3495 2908
f 3493 2908 2912
f 3493 3491 3051
f 3493 3051 3054
f 3495 3494 2985
f 3495 2985 2989
f 3495 2989 2909
f 3495 2909 2908
f 3494 3045 2986
f 3494 2986 2985
f 3494 3054 3046
f 3494 3046 3045
f 3491 3098 3052
f 3491 3052 3051
f 3488 3136 3496
f 3488 3496 3100
f 3496 3049 3101
f 3496 3101 3100
f 3496 3136 3138
f 3496 3138 3497
f 3496 3497 3048
f 3496 3048 3049
f 3497 3138 2990
f 3497 2990 2987
f 3497 2987 2986
f 3497 2986 3048
f 3188 3160 3157
f 3188 3157 3186
f 3186 3157 3159
f 3186 3159 3178
f 3158 3103 3078
f 3158 3078 3135
f 3145 3144 2959
f 3145 2959 3498
f 3145 3498 3092
f 3145 3092 3091
f 3145 3091 3090
f 3145 3090 3140
f 3498 2959 2958
f 3498 2958 3499
f 3498 3499 3500
f 3498 3500 3092
f 3500 3499 3064
f 3500 3064 3063
f 3500 3063 3067
f 3500 3067 2880
f 3500 2880 2879
f 3500 2879 3092
f 3499 2958 2957
f 3499 2957 3064
f 3131 3057 3043
f 3131 3043 3095
f 3126 2911 2910
f 3126 2910 3124
f 3124 2910 2921
f 3124 2921 2947
f 3112 3111 2940
f 3112 2940 2949
f 3111 2998 2941
f 3111 2941 2940
f 3111 3071 2999
f 3111 2999 2998
f 3108 2973 2972
f 3108 2972 3104
f 3104 2972 2971
f 3104 2971 3076
f 3101 3049 3047
f 3101 3047 3053
f 3096 2957 2956
f 3096 2956 3024
f 3096 3022 3068
f 3096 3068 3065
f 3096 3065 3064
f 3096 3064 2957
f 3094 3039 2965
f 3094 2965 2964
f 3086 3085 2876
f 3086 2876 2875
f 3085 2878 2877
f 3085 2877 2876
f 3068 3017 3014
f 3068 3014 3066
f 3068 3022 3021
f 3068 3021 3017
f 3067 3066 3014
f 3067 3014 3013
f 3067 3013 2822
f 3067 2822 2880
f 3060 3042 3041
f 3060 3041 3056
f 3057 3056 3041
f 3057 3041 3043
f 3034 2881 2836
f 3034 2836 3501
f 3034 3501 3029
f 3034 3029 3031
f 3030 3502 3503
f 3030 3503 3006
f 3030 3006 3005
f 3030 3005 3026
f 3030 3029 3501
f 3030 3501 3502
f 3027 3026 3005
f 3027 3005 3010
f 3024 2956 2955
f 3024 2955 3019
f 3021 3020 3015
f 3021 3015 3017
f 3020 3504 3016
f 3020 3016 3015
f 3020 3019 2955
f 3020 2955 3504
f 3504 3505 3506
f 3504 3506 3016
f 3504 2955 2954
f 3504 2954 3505
f 3506 3507 2820
f 3506 2820 2823
f 3506 2823 3012
f 3506 3012 3016
f 3506 3505 3508
f 3506 3508 3507
f 3508 2807 3509
f 3508 3509 3507
f 3508 3505 2954
f 3508 2954 2824
f 3508 2824 2808
f 3508 2808 2807
f 3509 3510 2780
f 3509 2780 2821
f 3509 2821 2820
f 3509 2820 3507
f 3509 2807 2806
f 3509 2806 3510
f 3510 2715 2775
f 3510 2775 2780
f 3510 2806 2716
f 3510 2716 2715
f 3013 3012 2823
f 3013 2823 2822
f 3007 3006 3503
f 3007 3503 3471
f 2998 2997 2942
f 2998 2942 2941
f 2995 2977 2888
f 2995 2888 2884
f 2993 2992 2856
f 2993 2856 2855
f 2992 2961 2859
f 2992 2859 2856
f 2981 2980 2920
f 2981 2920 2919
f 2980 2872 2870
f 2980 2870 2920
f 2970 2882 2886
f 2970 2886 2899
f 2954 2861 2825
f 2954 2825 2824
f 2948 2939 2871
f 2948 2871 2872
f 2939 2851 2850
f 2939 2850 2871
f 2931 2893 2892
f 2931 2892 2927
f 2928 2927 2892
f 2928 2892 2897
f 2917 2844 2843
f 2917 2843 2853
f 2916 2915 2875
f 2916 2875 2874
f 2916 2874 2845
f 2916 2845 2844
f 2877 2816 2819
f 2877 2819 2846
f 3466 3511 3512
f 3466 3512 2790
f 3512 3511 3513
f 3512 3513 3514
f 3512 3514 2802
f 3512 2802 2804
f 3512 2804 2787
f 3512 2787 2790
f 3514 3513 2831
f 3514 2831 2830
f 3514 2830 2803
f 3514 2803 2802
f 3511 3503 3502
f 3511 3502 3513
f 3472 3471 3503
f 3472 3503 3511
f 3472 3511 3466
f 3472 3466 3459
f 3472 3459 3457
f 3472 3457 3456
f 2839 2818 2778
f 2839 2778 2793
f 2831 3513 3502
f 2831 3502 3501
f 2831 3501 2836
f 2831 2836 2828
f 2821 2780 2779
f 2821 2779 2817
f 2818 2817 2779
f 2818 2779 2778
f 2804 2799 2788
f 2804 2788 2787
f 2797 2796 2733
f 2797 2733 2735
f 2776 2775 2715
f 2776 2715 2714
f 2768 2767 2739
f 2768 2739 2738
f 2728 2708 2710
f 2728 2710 2723
f 2791 3403 2857
f 2791 2857 2813
f 3515 3516 3517
f 3515 3517 3518
f 3515 3518 3519
f 3515 3519 3520
f 3515 3520 3521
f 3515 3521 3516
f 3522 3523 3524
f 3522 3524 3525
f 3522 3526 3527
f 3522 3527 3523
f 3522 3525 3528
f 3522 3528 3526
f 3529 3530 3531
f 3529 3531 3532
f 3529 3532 3533
f 3529 3533 3534
f 3529 3534 3535
f 3529 3535 3530
f 3536 3537 3538
f 3536 3538 3539
f 3536 3539 3533
f 3536 3533 3532
f 3540 3541 3542
f 3540 3542 3543
f 3540 3544 3545
f 3540 3545 3541
f 3540 3546 3547
f 3540 3547 3544
f 3548 3549 3550
f 3548 3550 3551
f 3548 3551 3552
f 3548 3552 3553
f 3548 3553 3554
f 3548 3554 3549
f 3555 3556 3557
f 3555 3557 3558
f 3555 3558 3559
f 3555 3559 3560
f 3555 3560 3561
f 3555 3561 3556
f 3562 3563 3564
f 3562 3564 3565
f 3562 3565 3566
f 3562 3566 3567
f 3562 3567 3568
f 3562 3568 3563
f 3569 3570 3571
f 3569 3571 3572
f 3569 3572 3573
f 3569 3573 3574
f 3569 3574 3575
f 3569 3575 3570
f 3547 3546 3576
f 3547 3576 3577
f 3547 3578 3579
f 3547 3579 3580
f 3547 3577 3581
f 3547 3581 3578
f 3582 3583 3584
f 3582 3584 3585
f 3582 3586 3587
f 3582 3587 3583
f 3582 3588 3589
f 3582 3589 3586
f 3582 3590 3591
f 3582 3591 3588
f 3582 3585 3592
f 3582 3592 3590
f 3593 3567 3566
f 3593 3566 3594
f 3593 3594 3595
f 3593 3595 3596
f 3593 3596 3585
f 3593 3585 3584
f 3597 3598 3599
f 3597 3599 3600
f 3597 3600 3601
f 3597 3601 3602
f 3597 3603 3604
f 3597 3604 3598
f 3603 3605 3606
f 3603 3606 3604
f 3603 3607 3608
f 3603 3608 3605
f 3603 3609 3610
f 3603 3610 3607
f 3594 3611 3612
f 3594 3612 3595
f 3613 3614 3615
f 3613 3615 3616
f 3617 3579 3614
f 3617 3614 3613
f 3613 3616 3618
f 3613 3618 3617
f 3619 3588 3591
f 3619 3591 3620
f 3619 3620 3621
f 3619 3621 3622
f 3619 3622 3623
f 3619 3623 3624
f 3625 3626 3627
f 3625 3627 3628
f 3629 3630 3626
f 3629 3626 3625
f 3625 3628 3631
f 3625 3631 3629
f 3632 3633 3634
f 3632 3634 3635
f 3632 3635 3636
f 3632 3636 3637
f 3632 3638 3592
f 3632 3592 3633
f 3632 3639 3640
f 3632 3640 3638
f 3632 3637 3641
f 3632 3641 3639
f 3642 3643 3644
f 3642 3644 3645
f 3642 3645 3646
f 3642 3646 3647
f 3642 3648 3649
f 3642 3649 3643
f 3642 3650 3651
f 3642 3651 3648
f 3642 3647 3652
f 3642 3652 3650
f 3581 3577 3653
f 3581 3653 3654
f 3581 3655 3656
f 3581 3656 3657
f 3581 3654 3658
f 3581 3658 3655
f 3647 3659 3660
f 3647 3660 3661
f 3647 3661 3662
f 3647 3662 3652
f 3621 3620 3663
f 3621 3663 3664
f 3621 3664 3665
f 3621 3665 3666
f 3621 3666 3667
f 3621 3667 3668
f 3621 3668 3669
f 3621 3669 3622
f 3644 3670 3671
f 3644 3671 3645
f 3644 3643 3672
f 3644 3672 3670
f 3637 3673 3674
f 3637 3674 3675
f 3637 3675 3676
f 3637 3676 3641
f 3637 3636 3671
f 3637 3671 3673
f 3677 3628 3678
f 3677 3678 3679
f 3677 3679 3680
f 3677 3680 3681
f 3677 3681 3682
f 3677 3682 3683
f 3677 3684 3631
f 3677 3631 3628
f 3685 3686 3687
f 3685 3687 3688
f 3685 3689 3690
f 3685 3690 3686
f 3685 3691 3692
f 3685 3692 3689
f 3685 3688 3693
f 3685 3693 3694
f 3685 3694 3695
f 3685 3695 3691
f 3656 3696 3697
f 3656 3697 3698
f 3656 3655 3699
f 3656 3699 3696
f 3656 3698 3687
f 3656 3687 3686
f 3656 3686 3690
f 3656 3690 3657
f 3700 3701 3702
f 3700 3702 3649
f 3700 3649 3648
f 3700 3648 3703
f 3700 3703 3704
f 3700 3704 3701
f 3705 3706 3707
f 3705 3707 3708
f 3705 3709 3710
f 3705 3710 3706
f 3705 3708 3711
f 3705 3711 3709
f 3712 3713 3714
f 3712 3714 3715
f 3712 3716 3717
f 3712 3717 3718
f 3712 3718 3719
f 3712 3719 3713
f 3720 3721 3699
f 3720 3699 3722
f 3720 3722 3723
f 3720 3723 3724
f 3720 3724 3725
f 3720 3725 3721
f 3726 3727 3728
f 3726 3728 3729
f 3726 3729 3730
f 3726 3730 3731
f 3726 3731 3732
f 3726 3732 3733
f 3726 3733 3734
f 3726 3734 3735
f 3726 3735 3736
f 3726 3736 3727
f 3732 3731 3737
f 3732 3737 3738
f 3732 3738 3739
f 3732 3739 3733
f 3740 3741 3742
f 3740 3742 3743
f 3740 3743 3744
f 3740 3744 3745
f 3740 3688 3687
f 3740 3687 3741
f 3740 3746 3693
f 3740 3693 3688
f 3740 3745 3747
f 3740 3747 3746
f 3748 3749 3651
f 3748 3651 3750
f 3748 3751 3752
f 3748 3752 3749
f 3748 3753 3754
f 3748 3754 3751
f 3748 3755 3756
f 3748 3756 3753
f 3748 3750 3757
f 3748 3757 3755
f 3758 3759 3760
f 3758 3760 3761
f 3758 3761 3762
f 3758 3762 3763
f 3758 3763 3764
f 3758 3764 3759
f 3765 3766 3767
f 3765 3767 3768
f 3765 3769 3667
f 3765 3667 3766
f 3765 3768 3770
f 3765 3770 3769
f 3771 3697 3772
f 3771 3772 3773
f 3771 3774 3698
f 3771 3698 3697
f 3771 3773 3775
f 3771 3775 3774
f 3770 3776 3777
f 3770 3777 3769
f 3770 3778 3779
f 3770 3779 3780
f 3770 3768 3781
f 3770 3781 3778
f 3770 3780 3782
f 3770 3782 3776
f 3783 3784 3785
f 3783 3785 3786
f 3783 3787 3788
f 3783 3788 3789
f 3783 3786 3790
f 3783 3790 3791
f 3783 3791 3792
f 3783 3792 3787
f 3793 3794 3795
f 3793 3795 3796
f 3793 3797 3798
f 3793 3798 3794
f 3793 3796 3799
f 3793 3799 3797
f 3800 3801 3802
f 3800 3802 3803
f 3800 3803 3804
f 3800 3804 3805
f 3800 3805 3806
f 3800 3806 3807
f 3763 3762 3808
f 3763 3808 3764
f 3738 3809 3810
f 3738 3810 3811
f 3738 3811 3807
f 3738 3807 3739
f 3812 3813 3814
f 3812 3814 3815
f 3812 3816 3817
f 3812 3817 3813
f 3812 3815 3818
f 3812 3818 3819
f 3820 3821 3822
f 3820 3822 3823
f 3820 3823 3824
f 3820 3824 3825
f 3820 3825 3826
f 3820 3826 3827
f 3820 3827 3828
f 3820 3828 3829
f 3820 3829 3830
f 3820 3830 3821
f 3831 3832 3833
f 3831 3833 3834
f 3831 3834 3835
f 3831 3835 3836
f 3831 3836 3837
f 3831 3837 3832
f 3753 3838 3839
f 3753 3839 3754
f 3753 3840 3841
f 3753 3841 3838
f 3753 3756 3842
f 3753 3842 3840
f 3843 3844 3845
f 3843 3845 3846
f 3843 3846 3847
f 3843 3847 3826
f 3843 3826 3825
f 3843 3825 3844
f 3828 3827 3848
f 3828 3848 3849
f 3828 3849 3850
f 3828 3850 3829
f 3804 3851 3852
f 3804 3852 3805
f 3804 3803 3853
f 3804 3853 3854
f 3804 3854 3855
f 3804 3855 3856
f 3804 3856 3857
f 3804 3857 3851
f 3858 3745 3744
f 3858 3744 3855
f 3858 3855 3854
f 3858 3854 3859
f 3858 3860 3747
f 3858 3747 3745
f 3858 3861 3862
f 3858 3862 3860
f 3858 3859 3863
f 3858 3863 3861
f 3864 3865 3866
f 3864 3866 3867
f 3864 3868 3869
f 3864 3869 3865
f 3864 3867 3870
f 3864 3870 3868
f 3832 3871 3767
f 3832 3767 3833
f 3832 3872 3873
f 3832 3873 3874
f 3832 3874 3839
f 3832 3839 3871
f 3875 3876 3877
f 3875 3877 3878
f 3875 3879 3880
f 3875 3880 3876
f 3875 3881 3882
f 3875 3882 3879
f 3875 3878 3883
f 3875 3883 3881
f 3883 3878 3884
f 3883 3884 3885
f 3883 3885 3886
f 3883 3886 3881
f 3887 3888 3889
f 3887 3889 3890
f 3887 3890 3891
f 3887 3891 3892
f 3887 3892 3893
f 3887 3893 3888
f 3851 3857 3894
f 3851 3894 3852
f 3895 3896 3897
f 3895 3897 3898
f 3895 3899 3900
f 3895 3900 3896
f 3895 3898 3901
f 3895 3901 3899
f 3902 3903 3904
f 3902 3904 3905
f 3902 3842 3756
f 3902 3756 3903
f 3902 3905 3906
f 3902 3906 3842
f 3832 3837 3907
f 3832 3907 3872
f 3908 3847 3846
f 3908 3846 3909
f 3908 3909 3910
f 3908 3910 3911
f 3908 3911 3848
f 3908 3848 3847
f 3912 3913 3810
f 3912 3810 3809
f 3912 3809 3914
f 3912 3914 3915
f 3912 3915 3916
f 3912 3916 3913
f 3852 3917 3806
f 3852 3806 3805
f 3918 3919 3920
f 3918 3920 3921
f 3918 3921 3901
f 3918 3901 3898
f 3918 3898 3897
f 3918 3897 3919
f 3922 3923 3924
f 3922 3924 3925
f 3922 3925 3926
f 3922 3926 3927
f 3922 3927 3928
f 3922 3928 3929
f 3922 3929 3930
f 3922 3930 3931
f 3932 3933 3934
f 3932 3934 3935
f 3932 3936 3937
f 3932 3937 3933
f 3932 3935 3938
f 3932 3938 3936
f 3928 3939 3940
f 3928 3940 3941
f 3928 3927 3942
f 3928 3942 3939
f 3943 3944 3945
f 3943 3945 3946
f 3943 3947 3948
f 3943 3948 3944
f 3943 3946 3949
f 3943 3949 3947
f 3950 3951 3952
f 3950 3952 3953
f 3950 3954 3955
f 3950 3955 3951
f 3950 3956 3957
f 3950 3957 3954
f 3950 3958 3959
f 3950 3959 3956
f 3950 3953 3960
f 3950 3960 3958
f 3961 3962 3963
f 3961 3963 3964
f 3961 3872 3907
f 3961 3907 3962
f 3961 3964 3873
f 3961 3873 3872
f 3963 3965 3966
f 3963 3966 3964
f 3963 3962 3967
f 3963 3967 3965
f 3968 3969 3970
f 3968 3970 3971
f 3968 3972 3973
f 3968 3973 3969
f 3968 3971 3894
f 3968 3894 3972
f 3974 3975 3976
f 3974 3976 3917
f 3974 3917 3852
f 3974 3852 3977
f 3974 3977 3978
f 3974 3978 3975
f 3957 3956 3979
f 3957 3979 3980
f 3957 3980 3981
f 3957 3981 3982
f 3983 3984 3985
f 3983 3985 3986
f 3983 3930 3929
f 3983 3929 3984
f 3983 3987 3988
f 3983 3988 3930
f 3983 3989 3990
f 3983 3990 3987
f 3983 3986 3991
f 3983 3991 3989
f 3989 3992 3993
f 3989 3993 3990
f 3989 3994 3995
f 3989 3995 3992
f 3989 3991 3996
f 3989 3996 3994
f 3997 3998 3999
f 3997 3999 4000
f 3997 4001 4002
f 3997 4002 4003
f 3997 4000 4004
f 3997 4004 4001
f 4005 4006 4007
f 4005 4007 4008
f 4005 3999 3998
f 4005 3998 4006
f 4005 4008 4009
f 4005 4009 3999
f 4010 4011 4012
f 4010 4012 4013
f 4010 4014 4015
f 4010 4015 4011
f 4010 4013 4016
f 4010 4016 4014
f 4017 4018 4019
f 4017 4019 4020
f 4017 4020 4021
f 4017 4021 4022
f 4017 4022 4023
f 4017 4023 4018
f 4024 4025 4026
f 4024 4026 4027
f 4024 3986 3985
f 4024 3985 4025
f 4024 4027 3991
f 4024 3991 3986
f 4028 3996 4029
f 4028 4029 4030
f 4028 4030 4031
f 4028 4031 4032
f 4028 4032 3994
f 4028 3994 3996
f 4033 4004 4034
f 4033 4034 4035
f 4033 4035 4020
f 4033 4020 4019
f 4033 4019 4001
f 4033 4001 4004
f 4036 4034 4037
f 4036 4037 4038
f 4036 4038 4039
f 4036 4039 4040
f 4036 4040 4035
f 4036 4035 4034
f 4039 4038 4041
f 4039 4041 4042
f 4039 4042 4043
f 4039 4043 4044
f 4039 4044 4045
f 4039 4045 4046
f 4039 4046 4021
f 4039 4021 4040
f 4046 4047 4022
f 4046 4022 4021
f 4046 4045 4048
f 4046 4048 4047
f 4048 4049 4050
f 4048 4050 4047
f 4048 4045 4051
f 4048 4051 4016
f 4048 4016 4013
f 4048 4013 4049
f 4051 4045 4044
f 4051 4044 4052
f 4051 4052 4053
f 4051 4053 4054
f 4051 4054 4014
f 4051 4014 4016
f 4054 4055 4015
f 4054 4015 4014
f 4054 4053 4056
f 4054 4056 4055
f 4056 4057 4058
f 4056 4058 4055
f 4056 4053 4025
f 4056 4025 3985
f 4056 3985 3984
f 4056 3984 4057
f 4058 3941 4059
f 4058 4059 4060
f 4058 4060 4015
f 4058 4015 4055
f 4058 4057 3928
f 4058 3928 3941
f 4060 4059 4061
f 4060 4061 4062
f 4060 4062 4011
f 4060 4011 4015
f 4062 4061 4063
f 4062 4063 4064
f 4062 4064 4012
f 4062 4012 4011
f 4064 4063 4065
f 4064 4065 4066
f 4064 4066 4067
f 4064 4067 4012
f 4067 4066 4068
f 4067 4068 4069
f 4067 4069 4050
f 4067 4050 4049
f 4067 4049 4013
f 4067 4013 4012
f 4069 4068 4070
f 4069 4070 4071
f 4069 4071 4023
f 4069 4023 4050
f 4071 4070 4003
f 4071 4003 4002
f 4071 4002 4018
f 4071 4018 4023
f 4070 3981 3980
f 4070 3980 4003
f 4070 4068 4072
f 4070 4072 3981
f 4072 4073 3982
f 4072 3982 3981
f 4072 4068 4066
f 4072 4066 4065
f 4072 4065 4074
f 4072 4074 4073
f 4074 4075 4076
f 4074 4076 4073
f 4074 4065 4063
f 4074 4063 4077
f 4074 4077 4078
f 4074 4078 4075
f 4078 4079 4080
f 4078 4080 4075
f 4078 4077 4081
f 4078 4081 4082
f 4078 4082 4083
f 4078 4083 4079
f 4083 4084 4085
f 4083 4085 4079
f 4083 4082 3862
f 4083 3862 3861
f 4083 3861 3863
f 4083 3863 4084
f 4085 4086 3949
f 4085 3949 4087
f 4085 4087 4080
f 4085 4080 4079
f 4085 4084 4088
f 4085 4088 4086
f 4088 4089 4090
f 4088 4090 4086
f 4088 4084 3863
f 4088 3863 4091
f 4088 4091 4092
f 4088 4092 4089
f 4092 4093 4094
f 4092 4094 4089
f 4092 4091 4095
f 4092 4095 4096
f 4092 4096 4097
f 4092 4097 4093
f 4097 4098 4099
f 4097 4099 4093
f 4097 4096 4100
f 4097 4100 3680
f 4097 3680 3679
f 4097 3679 4098
f 4100 4096 4095
f 4100 4095 3853
f 4100 3853 3803
f 4100 3803 3802
f 4100 3802 3681
f 4100 3681 3680
f 4099 4101 4102
f 4099 4102 4103
f 4099 4103 4094
f 4099 4094 4093
f 4099 4098 4104
f 4099 4104 4101
f 4104 4105 4106
f 4104 4106 4101
f 4104 4098 3679
f 4104 3679 3678
f 4104 3678 4107
f 4104 4107 4105
f 4107 4108 4109
f 4107 4109 4105
f 4107 3678 3628
f 4107 3628 3627
f 4107 3627 4110
f 4107 4110 4108
f 4110 4111 4112
f 4110 4112 4108
f 4110 3627 3626
f 4110 3626 4113
f 4110 4113 4114
f 4110 4114 4111
f 4114 4115 3692
f 4114 3692 4111
f 4114 4113 4116
f 4114 4116 4117
f 4114 4117 4118
f 4114 4118 4115
f 4118 4119 4120
f 4118 4120 4115
f 4118 4117 3599
f 4118 3599 4121
f 4118 4121 4122
f 4118 4122 4119
f 4122 3616 3615
f 4122 3615 4119
f 4122 4121 4123
f 4122 4123 4124
f 4122 4124 4125
f 4122 4125 3616
f 4125 4126 3618
f 4125 3618 3616
f 4125 4124 4127
f 4125 4127 4128
f 4125 4128 4129
f 4125 4129 4126
f 4129 4130 4131
f 4129 4131 4126
f 4129 4128 4132
f 4129 4132 3611
f 4129 3611 3594
f 4129 3594 4130
f 4132 4128 4127
f 4132 4127 4133
f 4132 4133 4134
f 4132 4134 4135
f 4132 4135 3612
f 4132 3612 3611
f 4135 4134 4136
f 4135 4136 4137
f 4135 4137 4138
f 4135 4138 3612
f 4138 3634 3595
f 4138 3595 3612
f 4138 4137 3659
f 4138 3659 4139
f 4138 4139 3635
f 4138 3635 3634
f 4139 3659 3647
f 4139 3647 3646
f 4139 3646 3636
f 4139 3636 3635
f 4137 4136 3660
f 4137 3660 3659
f 4136 4134 4140
f 4136 4140 4141
f 4136 4141 4142
f 4136 4142 3660
f 4142 4141 4143
f 4142 4143 4144
f 4142 4144 4145
f 4142 4145 4146
f 4142 4146 3661
f 4142 3661 3660
f 4146 4145 4147
f 4146 4147 4148
f 4146 4148 3662
f 4146 3662 3661
f 4148 4147 4149
f 4148 4149 3789
f 4148 3789 3788
f 4148 3788 3662
f 4149 4147 4150
f 4149 4150 4151
f 4149 4151 4152
f 4149 4152 3784
f 4149 3784 3783
f 4149 3783 3789
f 4152 4151 4153
f 4152 4153 4154
f 4152 4154 4155
f 4152 4155 4156
f 4152 4156 3785
f 4152 3785 3784
f 4156 4155 3824
f 4156 3824 3823
f 4156 3823 3822
f 4156 3822 3785
f 4155 4154 4157
f 4155 4157 4158
f 4155 4158 4159
f 4155 4159 3824
f 4159 4158 4160
f 4159 4160 4161
f 4159 4161 3845
f 4159 3845 3844
f 4159 3844 3825
f 4159 3825 3824
f 4161 4160 4162
f 4161 4162 4163
f 4161 4163 4164
f 4161 4164 3845
f 4164 4163 4165
f 4164 4165 4166
f 4164 4166 3910
f 4164 3910 3909
f 4164 3909 3846
f 4164 3846 3845
f 4166 4165 4167
f 4166 4167 4168
f 4166 4168 4169
f 4166 4169 3910
f 4169 4168 4170
f 4169 4170 4171
f 4169 4171 4172
f 4169 4172 4173
f 4169 4173 3911
f 4169 3911 3910
f 4173 4172 3850
f 4173 3850 3849
f 4173 3849 3848
f 4173 3848 3911
f 4172 4171 4174
f 4172 4174 4175
f 4172 4175 4176
f 4172 4176 3850
f 4176 4175 4177
f 4176 4177 3960
f 4176 3960 3953
f 4176 3953 3830
f 4176 3830 3829
f 4176 3829 3850
f 4177 4175 4174
f 4177 4174 4178
f 4177 4178 3993
f 4177 3993 4179
f 4177 4179 3958
f 4177 3958 3960
f 4179 3993 3992
f 4179 3992 4180
f 4179 4180 3959
f 4179 3959 3958
f 4180 3992 3995
f 4180 3995 4181
f 4180 4181 4182
f 4180 4182 3959
f 4182 4181 4006
f 4182 4006 3998
f 4182 3998 3997
f 4182 3997 3979
f 4182 3979 3956
f 4182 3956 3959
f 4181 3995 4007
f 4181 4007 4006
f 4178 4174 4183
f 4178 4183 4184
f 4178 4184 3990
f 4178 3990 3993
f 4184 4183 4185
f 4184 4185 4186
f 4184 4186 3987
f 4184 3987 3990
f 4186 4185 4187
f 4186 4187 4188
f 4186 4188 3988
f 4186 3988 3987
f 4188 4187 3906
f 4188 3906 3905
f 4188 3905 3904
f 4188 3904 3988
f 4187 4189 4190
f 4187 4190 3906
f 4187 4185 4191
f 4187 4191 4189
f 4191 4167 4192
f 4191 4192 4189
f 4191 4185 4183
f 4191 4183 4170
f 4191 4170 4168
f 4191 4168 4167
f 4192 4193 3779
f 4192 3779 4194
f 4192 4194 4190
f 4192 4190 4189
f 4192 4167 4165
f 4192 4165 4193
f 4194 3779 3778
f 4194 3778 3841
f 4194 3841 3840
f 4194 3840 4190
f 4193 4162 3780
f 4193 3780 3779
f 4193 4165 4163
f 4193 4163 4162
f 4190 3840 3842
f 4190 3842 3906
f 4183 4174 4171
f 4183 4171 4170
f 4162 4160 3782
f 4162 3782 3780
f 4160 4158 4157
f 4160 4157 3782
f 4157 4154 4153
f 4157 4153 4195
f 4157 4195 3776
f 4157 3776 3782
f 4195 4153 4196
f 4195 4196 4197
f 4195 4197 3777
f 4195 3777 3776
f 4197 4196 4198
f 4197 4198 3669
f 4197 3669 3668
f 4197 3668 3777
f 4198 4199 4200
f 4198 4200 3623
f 4198 3623 3622
f 4198 3622 3669
f 4198 4196 4150
f 4198 4150 4199
f 4200 4144 4143
f 4200 4143 4201
f 4200 4201 3624
f 4200 3624 3623
f 4200 4199 4145
f 4200 4145 4144
f 4201 4143 4202
f 4201 4202 4203
f 4201 4203 4204
f 4201 4204 3624
f 4204 4203 3605
f 4204 3605 3608
f 4204 3608 4205
f 4204 4205 4206
f 4204 4206 3619
f 4204 3619 3624
f 4206 3589 3588
f 4206 3588 3619
f 4206 4205 4207
f 4206 4207 3589
f 4207 4208 3586
f 4207 3586 3589
f 4207 4205 4209
f 4207 4209 4210
f 4207 4210 4211
f 4207 4211 4208
f 4211 4212 4213
f 4211 4213 4208
f 4211 4210 4214
f 4211 4214 4215
f 4211 4215 4216
f 4211 4216 4212
f 4216 4217 4218
f 4216 4218 4212
f 4216 4215 4219
f 4216 4219 4220
f 4216 4220 4221
f 4216 4221 4217
f 4221 4222 4223
f 4221 4223 4217
f 4221 4220 4224
f 4221 4224 4225
f 4221 4225 4226
f 4221 4226 4222
f 4226 4227 4228
f 4226 4228 4222
f 4226 4225 3517
f 4226 3517 3516
f 4226 3516 3521
f 4226 3521 4227
f 4228 4229 4230
f 4228 4230 4231
f 4228 4231 4223
f 4228 4223 4222
f 4228 4227 4232
f 4228 4232 4229
f 4232 4233 4234
f 4232 4234 4229
f 4232 4227 3521
f 4232 3521 4235
f 4232 4235 3527
f 4232 3527 4233
f 4235 3521 3520
f 4235 3520 4236
f 4235 4236 3523
f 4235 3523 3527
f 4236 3520 3519
f 4236 3519 4237
f 4236 4237 3524
f 4236 3524 3523
f 4237 3519 4238
f 4237 4238 4239
f 4237 4239 4240
f 4237 4240 3524
f 4240 4241 3525
f 4240 3525 3524
f 4240 4239 4242
f 4240 4242 4243
f 4240 4243 3554
f 4240 3554 4241
f 4243 4242 4244
f 4243 4244 4245
f 4243 4245 3549
f 4243 3549 3554
f 4245 4244 4246
f 4245 4246 4247
f 4245 4247 3550
f 4245 3550 3549
f 4247 4246 4248
f 4247 4248 4249
f 4247 4249 4250
f 4247 4250 3550
f 4250 4251 3551
f 4250 3551 3550
f 4250 4249 4252
f 4250 4252 4253
f 4250 4253 4254
f 4250 4254 4251
f 4254 4253 3602
f 4254 3602 4255
f 4254 4255 4256
f 4254 4256 4257
f 4254 4257 4258
f 4254 4258 4251
f 4258 4257 3543
f 4258 3543 4259
f 4258 4259 4260
f 4258 4260 3552
f 4258 3552 3551
f 4258 3551 4251
f 4260 4259 4261
f 4260 4261 4262
f 4260 4262 3528
f 4260 3528 4263
f 4260 4263 3553
f 4260 3553 3552
f 4263 3528 3525
f 4263 3525 4241
f 4263 4241 3554
f 4263 3554 3553
f 4262 4261 4264
f 4262 4264 4265
f 4262 4265 3526
f 4262 3526 3528
f 4265 4264 4234
f 4265 4234 4233
f 4265 4233 3527
f 4265 3527 3526
f 4264 4261 3542
f 4264 3542 4266
f 4264 4266 4267
f 4264 4267 4234
f 4267 4266 4268
f 4267 4268 4269
f 4267 4269 4270
f 4267 4270 4230
f 4267 4230 4229
f 4267 4229 4234
f 4270 4269 4271
f 4270 4271 4272
f 4270 4272 4273
f 4270 4273 4274
f 4270 4274 4231
f 4270 4231 4230
f 4274 4273 4275
f 4274 4275 4276
f 4274 4276 4223
f 4274 4223 4231
f 4276 4275 4277
f 4276 4277 4218
f 4276 4218 4217
f 4276 4217 4223
f 4277 4275 4278
f 4277 4278 4279
f 4277 4279 3587
f 4277 3587 4213
f 4277 4213 4212
f 4277 4212 4218
f 4279 4278 4280
f 4279 4280 4281
f 4279 4281 3583
f 4279 3583 3587
f 4281 4280 4282
f 4281 4282 4283
f 4281 4283 3584
f 4281 3584 3583
f 4283 4282 4284
f 4283 4284 4285
f 4283 4285 3593
f 4283 3593 3584
f 4285 4284 4286
f 4285 4286 3568
f 4285 3568 3567
f 4285 3567 3593
f 4286 4287 3530
f 4286 3530 3535
f 4286 3535 3563
f 4286 3563 3568
f 4286 4284 4288
f 4286 4288 4287
f 4288 4289 4290
f 4288 4290 4287
f 4288 4284 4282
f 4288 4282 4291
f 4288 4291 4292
f 4288 4292 4289
f 4292 4293 4294
f 4292 4294 4289
f 4292 4291 4295
f 4292 4295 4296
f 4292 4296 4297
f 4292 4297 4293
f 4297 4298 4299
f 4297 4299 4293
f 4297 4296 4300
f 4297 4300 4301
f 4297 4301 4302
f 4297 4302 4298
f 4302 4303 4304
f 4302 4304 4298
f 4302 4301 4271
f 4302 4271 4305
f 4302 4305 3545
f 4302 3545 4303
f 4305 4271 4269
f 4305 4269 4268
f 4305 4268 3541
f 4305 3541 3545
f 4304 4306 3557
f 4304 3557 4307
f 4304 4307 4299
f 4304 4299 4298
f 4304 4303 4308
f 4304 4308 4306
f 4308 3580 4309
f 4308 4309 4306
f 4308 4303 3545
f 4308 3545 3544
f 4308 3544 3547
f 4308 3547 3580
f 4309 3617 3559
f 4309 3559 3558
f 4309 3558 3557
f 4309 3557 4306
f 4309 3580 3579
f 4309 3579 3617
f 4307 3557 3556
f 4307 3556 4310
f 4307 4310 4311
f 4307 4311 4299
f 4311 4310 4312
f 4311 4312 4313
f 4311 4313 4314
f 4311 4314 4294
f 4311 4294 4293
f 4311 4293 4299
f 4314 4313 3538
f 4314 3538 3537
f 4314 3537 3531
f 4314 3531 4290
f 4314 4290 4289
f 4314 4289 4294
f 4313 4312 4315
f 4313 4315 3538
f 4315 4316 4317
f 4315 4317 4318
f 4315 4318 3539
f 4315 3539 3538
f 4315 4312 3561
f 4315 3561 4316
f 4318 4317 4319
f 4318 4319 4320
f 4318 4320 3533
f 4318 3533 3539
f 4320 4319 3565
f 4320 3565 3564
f 4320 3564 3534
f 4320 3534 3533
f 4319 4317 4321
f 4319 4321 4322
f 4319 4322 3566
f 4319 3566 3565
f 4322 4321 4131
f 4322 4131 4130
f 4322 4130 3594
f 4322 3594 3566
f 4321 4317 4316
f 4321 4316 4323
f 4321 4323 4324
f 4321 4324 4131
f 4324 4323 3560
f 4324 3560 3559
f 4324 3559 3617
f 4324 3617 3618
f 4324 3618 4126
f 4324 4126 4131
f 4323 4316 3561
f 4323 3561 3560
f 4312 4310 3556
f 4312 3556 3561
f 4301 4300 4272
f 4301 4272 4271
f 4300 4296 4295
f 4300 4295 4325
f 4300 4325 4273
f 4300 4273 4272
f 4325 4295 4280
f 4325 4280 4278
f 4325 4278 4275
f 4325 4275 4273
f 4295 4291 4282
f 4295 4282 4280
f 4290 3531 3530
f 4290 3530 4287
f 4268 4266 3542
f 4268 3542 3541
f 4261 4259 3543
f 4261 3543 3542
f 4257 4256 3540
f 4257 3540 3543
f 4256 4255 4326
f 4256 4326 4327
f 4256 4327 3546
f 4256 3546 3540
f 4327 4326 3629
f 4327 3629 4328
f 4327 4328 3576
f 4327 3576 3546
f 4328 3629 3631
f 4328 3631 4329
f 4328 4329 4330
f 4328 4330 3576
f 4330 4329 4331
f 4330 4331 4332
f 4330 4332 3728
f 4330 3728 3653
f 4330 3653 3577
f 4330 3577 3576
f 4332 4331 4333
f 4332 4333 4334
f 4332 4334 3729
f 4332 3729 3728
f 4334 4333 4335
f 4334 4335 4336
f 4334 4336 3730
f 4334 3730 3729
f 4336 4335 4337
f 4336 4337 4338
f 4336 4338 4339
f 4336 4339 3730
f 4339 4338 3888
f 4339 3888 3893
f 4339 3893 3914
f 4339 3914 3737
f 4339 3737 3731
f 4339 3731 3730
f 4338 4337 3889
f 4338 3889 3888
f 4337 4340 3900
f 4337 3900 3889
f 4337 4335 4341
f 4337 4341 4340
f 4341 4342 4343
f 4341 4343 4340
f 4341 4335 4333
f 4341 4333 4344
f 4341 4344 3683
f 4341 3683 4342
f 4344 4333 4331
f 4344 4331 3684
f 4344 3684 3677
f 4344 3677 3683
f 4343 4345 3897
f 4343 3897 3896
f 4343 3896 3900
f 4343 3900 4340
f 4343 4342 4346
f 4343 4346 4345
f 4346 4347 4348
f 4346 4348 4345
f 4346 4342 3683
f 4346 3683 3682
f 4346 3682 3801
f 4346 3801 4347
f 4348 4349 3920
f 4348 3920 3919
f 4348 3919 3897
f 4348 3897 4345
f 4348 4347 4350
f 4348 4350 4349
f 4350 3811 3810
f 4350 3810 4349
f 4350 4347 3801
f 4350 3801 3800
f 4350 3800 3807
f 4350 3807 3811
f 4349 3810 3913
f 4349 3913 3920
f 4331 4329 3631
f 4331 3631 3684
f 4326 3601 3630
f 4326 3630 3629
f 4326 4255 3602
f 4326 3602 3601
f 4253 4252 3597
f 4253 3597 3602
f 4252 4249 4248
f 4252 4248 3609
f 4252 3609 3603
f 4252 3603 3597
f 4248 4246 4351
f 4248 4351 4352
f 4248 4352 3610
f 4248 3610 3609
f 4352 4351 3575
f 4352 3575 4353
f 4352 4353 4354
f 4352 4354 3610
f 4354 4214 4210
f 4354 4210 4209
f 4354 4209 3607
f 4354 3607 3610
f 4354 4353 4355
f 4354 4355 4214
f 4355 4219 4215
f 4355 4215 4214
f 4355 4353 3575
f 4355 3575 3574
f 4355 3574 3573
f 4355 3573 4219
f 4351 4246 4244
f 4351 4244 4356
f 4351 4356 3570
f 4351 3570 3575
f 4356 4244 4242
f 4356 4242 4357
f 4356 4357 3571
f 4356 3571 3570
f 4357 4242 4239
f 4357 4239 4238
f 4357 4238 4358
f 4357 4358 3571
f 4358 3518 3517
f 4358 3517 4359
f 4358 4359 3572
f 4358 3572 3571
f 4358 4238 3519
f 4358 3519 3518
f 4359 3517 4225
f 4359 4225 4224
f 4359 4224 3573
f 4359 3573 3572
f 4224 4220 4219
f 4224 4219 3573
f 4213 3587 3586
f 4213 3586 4208
f 4209 4205 3608
f 4209 3608 3607
f 4203 4202 3606
f 4203 3606 3605
f 4202 4140 4360
f 4202 4360 3606
f 4202 4143 4141
f 4202 4141 4140
f 4360 4133 4127
f 4360 4127 4361
f 4360 4361 3604
f 4360 3604 3606
f 4360 4140 4134
f 4360 4134 4133
f 4361 4127 4124
f 4361 4124 4123
f 4361 4123 3598
f 4361 3598 3604
f 4199 4150 4147
f 4199 4147 4145
f 4196 4153 4151
f 4196 4151 4150
f 4123 4121 3599
f 4123 3599 3598
f 4120 4362 3690
f 4120 3690 3689
f 4120 3689 3692
f 4120 3692 4115
f 4120 4119 3615
f 4120 3615 4362
f 4362 4363 3657
f 4362 3657 3690
f 4362 3615 3614
f 4362 3614 4363
f 4363 3578 3581
f 4363 3581 3657
f 4363 3614 3579
f 4363 3579 3578
f 4117 4116 3600
f 4117 3600 3599
f 4116 4113 3626
f 4116 3626 3630
f 4116 3630 3601
f 4116 3601 3600
f 4112 3691 3695
f 4112 3695 4364
f 4112 4364 4109
f 4112 4109 4108
f 4112 4111 3692
f 4112 3692 3691
f 4364 3695 3816
f 4364 3816 3812
f 4364 3812 3819
f 4364 3819 4109
f 4109 3819 4106
f 4109 4106 4105
f 4106 3819 3818
f 4106 3818 4365
f 4106 4365 4102
f 4106 4102 4101
f 4365 3818 3880
f 4365 3880 3879
f 4365 3879 3882
f 4365 3882 4102
f 4103 4102 3882
f 4103 3882 4366
f 4103 4366 4367
f 4103 4367 4094
f 4367 4366 3886
f 4367 3886 3948
f 4367 3948 3947
f 4367 3947 4090
f 4367 4090 4089
f 4367 4089 4094
f 4366 3882 3881
f 4366 3881 3886
f 4095 4091 3863
f 4095 3863 3859
f 4095 3859 3854
f 4095 3854 3853
f 4090 3947 3949
f 4090 3949 4086
f 4087 3949 3946
f 4087 3946 4368
f 4087 4368 4369
f 4087 4369 4080
f 4369 4368 4370
f 4369 4370 4371
f 4369 4371 4372
f 4369 4372 4076
f 4369 4076 4075
f 4369 4075 4080
f 4372 4371 4373
f 4372 4373 4374
f 4372 4374 3957
f 4372 3957 3982
f 4372 3982 4073
f 4372 4073 4076
f 4374 4373 4375
f 4374 4375 4376
f 4374 4376 3954
f 4374 3954 3957
f 4376 4375 4377
f 4376 4377 4378
f 4376 4378 3955
f 4376 3955 3954
f 4378 4377 4379
f 4378 4379 4380
f 4378 4380 4381
f 4378 4381 3955
f 4381 4380 3814
f 4381 3814 4382
f 4381 4382 3790
f 4381 3790 4383
f 4381 4383 3951
f 4381 3951 3955
f 4383 3790 3786
f 4383 3786 4384
f 4383 4384 3952
f 4383 3952 3951
f 4384 3786 3785
f 4384 3785 3822
f 4384 3822 3821
f 4384 3821 3952
f 4382 3814 3813
f 4382 3813 4385
f 4382 4385 3791
f 4382 3791 3790
f 4385 4386 3792
f 4385 3792 3791
f 4385 3813 3817
f 4385 3817 4386
f 4386 4387 4388
f 4386 4388 3792
f 4386 3817 4389
f 4386 4389 4387
f 4389 3926 3925
f 4389 3925 4387
f 4389 3817 3816
f 4389 3816 4390
f 4389 4390 4391
f 4389 4391 3926
f 4391 3942 3927
f 4391 3927 3926
f 4391 4390 3694
f 4391 3694 3693
f 4391 3693 3746
f 4391 3746 3942
f 4390 3816 3695
f 4390 3695 3694
f 4388 3924 4392
f 4388 4392 4393
f 4388 4393 3787
f 4388 3787 3792
f 4388 4387 3925
f 4388 3925 3924
f 4393 4392 4394
f 4393 4394 4395
f 4393 4395 3788
f 4393 3788 3787
f 4395 4394 3650
f 4395 3650 3652
f 4395 3652 3662
f 4395 3662 3788
f 4394 3750 3651
f 4394 3651 3650
f 4394 4392 3757
f 4394 3757 3750
f 4392 3924 3923
f 4392 3923 3757
f 4380 4379 3815
f 4380 3815 3814
f 4379 3880 3818
f 4379 3818 3815
f 4379 4377 3876
f 4379 3876 3880
f 4377 4375 3877
f 4377 3877 3876
f 4375 4373 4396
f 4375 4396 3877
f 4396 3884 3878
f 4396 3878 3877
f 4396 4373 4371
f 4396 4371 4370
f 4396 4370 3945
f 4396 3945 3884
f 4370 4368 3946
f 4370 3946 3945
f 4082 4081 4397
f 4082 4397 3862
f 4397 4081 4061
f 4397 4061 4059
f 4397 4059 3941
f 4397 3941 3940
f 4397 3940 3860
f 4397 3860 3862
f 4081 4077 4063
f 4081 4063 4061
f 4057 3984 3929
f 4057 3929 3928
f 4053 4052 4026
f 4053 4026 4025
f 4052 4044 4043
f 4052 4043 4026
f 4050 4023 4022
f 4050 4022 4047
f 4043 4042 4030
f 4043 4030 4029
f 4043 4029 4027
f 4043 4027 4026
f 4042 4041 4031
f 4042 4031 4030
f 4041 4038 4037
f 4041 4037 4009
f 4041 4009 4008
f 4041 4008 4031
f 4040 4021 4020
f 4040 4020 4035
f 4037 4034 4004
f 4037 4004 4000
f 4037 4000 3999
f 4037 3999 4009
f 4032 4031 4008
f 4032 4008 4007
f 4032 4007 3995
f 4032 3995 3994
f 4029 3996 3991
f 4029 3991 4027
f 4019 4018 4002
f 4019 4002 4001
f 4003 3980 3979
f 4003 3979 3997
f 3988 3904 3931
f 3988 3931 3930
f 3978 3977 3971
f 3978 3971 3970
f 3978 3970 4398
f 3978 4398 4399
f 3978 4399 4400
f 3978 4400 3975
f 4400 4401 3976
f 4400 3976 3975
f 4400 4399 4402
f 4400 4402 4403
f 4400 4403 4404
f 4400 4404 4401
f 4404 3735 3734
f 4404 3734 4401
f 4404 4403 3724
f 4404 3724 3723
f 4404 3723 3736
f 4404 3736 3735
f 4403 4402 3725
f 4403 3725 3724
f 4402 4399 4398
f 4402 4398 4405
f 4402 4405 4406
f 4402 4406 3725
f 4406 4405 4407
f 4406 4407 4408
f 4406 4408 3772
f 4406 3772 4409
f 4406 4409 3721
f 4406 3721 3725
f 4409 3772 3697
f 4409 3697 3696
f 4409 3696 3699
f 4409 3699 3721
f 4408 4407 3933
f 4408 3933 3937
f 4408 3937 3773
f 4408 3773 3772
f 4407 4405 4398
f 4407 4398 4410
f 4407 4410 3934
f 4407 3934 3933
f 4410 4398 3970
f 4410 3970 3969
f 4410 3969 3973
f 4410 3973 3934
f 4401 3734 4411
f 4401 4411 3976
f 4411 3739 3807
f 4411 3807 3806
f 4411 3806 3917
f 4411 3917 3976
f 4411 3734 3733
f 4411 3733 3739
f 3977 3852 3894
f 3977 3894 3971
f 3973 4412 3935
f 3973 3935 3934
f 3973 3972 4413
f 3973 4413 4412
f 4413 4414 4415
f 4413 4415 4412
f 4413 3972 3894
f 4413 3894 3857
f 4413 3857 3856
f 4413 3856 4414
f 4415 3743 3742
f 4415 3742 3938
f 4415 3938 3935
f 4415 3935 4412
f 4415 4414 3744
f 4415 3744 3743
f 4414 3856 3855
f 4414 3855 3744
f 3967 3962 3907
f 3967 3907 4416
f 3967 4416 4417
f 3967 4417 4418
f 3967 4418 4419
f 3967 4419 3965
f 4419 4418 4420
f 4419 4420 4421
f 4419 4421 3865
f 4419 3865 3869
f 4419 3869 3966
f 4419 3966 3965
f 4421 4420 4422
f 4421 4422 4423
f 4421 4423 3866
f 4421 3866 3865
f 4423 4422 3702
f 4423 3702 3701
f 4423 3701 3704
f 4423 3704 3866
f 4422 4420 4424
f 4422 4424 4425
f 4422 4425 3672
f 4422 3672 3702
f 4425 4424 4426
f 4425 4426 4427
f 4425 4427 3670
f 4425 3670 3672
f 4427 4426 3674
f 4427 3674 3673
f 4427 3673 3671
f 4427 3671 3670
f 4426 4428 4429
f 4426 4429 3674
f 4426 4424 4417
f 4426 4417 4428
f 4429 4430 4431
f 4429 4431 4432
f 4429 4432 3675
f 4429 3675 3674
f 4429 4428 4433
f 4429 4433 4430
f 4433 3837 3836
f 4433 3836 4430
f 4433 4428 4417
f 4433 4417 4416
f 4433 4416 3907
f 4433 3907 3837
f 4432 4431 3718
f 4432 3718 3717
f 4432 3717 3676
f 4432 3676 3675
f 4431 3835 3719
f 4431 3719 3718
f 4431 4430 3836
f 4431 3836 3835
f 4424 4420 4418
f 4424 4418 4417
f 3966 3869 3868
f 3966 3868 4434
f 3966 4434 3873
f 3966 3873 3964
f 4434 3868 3870
f 4434 3870 4435
f 4434 4435 3874
f 4434 3874 3873
f 4435 3870 3751
f 4435 3751 3754
f 4435 3754 3839
f 4435 3839 3874
f 3953 3952 3821
f 3953 3821 3830
f 3948 3886 3885
f 3948 3885 3944
f 3945 3944 3885
f 3945 3885 3884
f 3942 3746 3747
f 3942 3747 3939
f 3940 3939 3747
f 3940 3747 3860
f 3938 3742 3775
f 3938 3775 3936
f 3937 3936 3775
f 3937 3775 3773
f 3931 4436 3923
f 3931 3923 3922
f 3931 3904 3903
f 3931 3903 4436
f 4436 3903 3756
f 4436 3756 3755
f 4436 3755 3757
f 4436 3757 3923
f 3921 3920 3913
f 3921 3913 3916
f 3921 3916 3891
f 3921 3891 3901
f 3916 3915 3892
f 3916 3892 3891
f 3915 3914 3893
f 3915 3893 3892
f 3914 3809 3738
f 3914 3738 3737
f 3901 3891 3890
f 3901 3890 3899
f 3900 3899 3890
f 3900 3890 3889
f 3871 3839 3838
f 3871 3838 3781
f 3871 3781 3768
f 3871 3768 3767
f 3870 3867 3752
f 3870 3752 3751
f 3867 3866 3704
f 3867 3704 3752
f 3848 3827 3826
f 3848 3826 3847
f 3841 3778 3781
f 3841 3781 3838
f 3835 3834 4437
f 3835 4437 3719
f 4437 3665 3713
f 4437 3713 3719
f 4437 3834 3833
f 4437 3833 4438
f 4437 4438 3666
f 4437 3666 3665
f 4438 3833 3767
f 4438 3767 3766
f 4438 3766 3667
f 4438 3667 3666
f 3808 3762 3799
f 3808 3799 3796
f 3808 3796 3795
f 3808 3795 4439
f 3808 4439 4440
f 3808 4440 3764
f 4440 4441 3759
f 4440 3759 3764
f 4440 4439 3715
f 4440 3715 4442
f 4440 4442 4443
f 4440 4443 4441
f 4443 4444 4445
f 4443 4445 4441
f 4443 4442 4446
f 4443 4446 4447
f 4443 4447 4448
f 4443 4448 4444
f 4448 3640 4449
f 4448 4449 4444
f 4448 4447 4450
f 4448 4450 4451
f 4448 4451 3638
f 4448 3638 3640
f 4451 4450 3591
f 4451 3591 3590
f 4451 3590 3592
f 4451 3592 3638
f 4450 4447 4446
f 4450 4446 3663
f 4450 3663 3620
f 4450 3620 3591
f 4449 4452 3706
f 4449 3706 3710
f 4449 3710 4445
f 4449 4445 4444
f 4449 3640 3639
f 4449 3639 4452
f 4452 4453 3707
f 4452 3707 3706
f 4452 3639 3641
f 4452 3641 4453
f 4453 4454 3798
f 4453 3798 3707
f 4453 3641 3676
f 4453 3676 4454
f 4454 3716 3794
f 4454 3794 3798
f 4454 3676 3717
f 4454 3717 3716
f 4446 4442 3715
f 4446 3715 3714
f 4446 3714 3664
f 4446 3664 3663
f 4445 3710 3709
f 4445 3709 3760
f 4445 3760 3759
f 4445 3759 4441
f 4439 3795 3712
f 4439 3712 3715
f 3802 3801 3682
f 3802 3682 3681
f 3799 3762 3761
f 3799 3761 3711
f 3799 3711 3708
f 3799 3708 3797
f 3798 3797 3708
f 3798 3708 3707
f 3795 3794 3716
f 3795 3716 3712
f 3777 3668 3667
f 3777 3667 3769
f 3775 3742 3741
f 3775 3741 3774
f 3774 3741 3687
f 3774 3687 3698
f 3761 3760 3709
f 3761 3709 3711
f 3752 3704 3703
f 3752 3703 3749
f 3749 3703 3648
f 3749 3648 3651
f 3736 3723 3722
f 3736 3722 3658
f 3736 3658 3654
f 3736 3654 3727
f 3728 3727 3654
f 3728 3654 3653
f 3722 3699 3655
f 3722 3655 3658
f 3714 3713 3665
f 3714 3665 3664
f 3702 3672 3643
f 3702 3643 3649
f 3671 3636 3646
f 3671 3646 3645
f 3634 3633 3596
f 3634 3596 3595
f 3633 3592 3585
f 3633 3585 3596
f 3564 3563 3535
f 3564 3535 3534
f 3537 3536 3532
f 3537 3532 3531
# Vertices: 4454, normals: 0, texture coordinates: 0, faces: 8908

