# File generated by ImageToStl.com - Free Image and 3D model conversion tools

o obj1
v 0.04694215 -0.15186147 -0.01670537
v 0.0465715 -0.1529468 -0.01629187
v 0.04552541 -0.1511746 -0.01587987
v 0.0465774 -0.15036756 -0.0163625
v 0.04826055 -0.15171087 -0.01679417
v 0.04819781 -0.15283191 -0.01629031
v 0.04965202 -0.15170646 -0.01666778
v 0.04989425 -0.15267554 -0.01600432
v 0.04840315 -0.1500169 -0.01631881
v 0.05015013 -0.15014414 -0.01630179
v 0.05051029 -0.15082768 -0.01530477
v 0.04805719 -0.15295093 -0.0154969
v 0.04895846 -0.15270758 -0.01494108
v 0.04767859 -0.15265179 -0.01424812
v 0.04693518 -0.15298936 -0.01516296
v 0.04662205 -0.15200569 -0.01405802
v 0.04659766 -0.15103079 -0.01350963
v 0.04573454 -0.15014993 -0.01424884
v 0.0457586 -0.15187523 -0.01475927
v 0.04807047 -0.15144654 -0.01357428
v 0.04261473 -0.13930781 -0.00971697
v 0.04241535 -0.14005455 -0.01038029
v 0.04272765 -0.14128578 -0.00906978
v 0.04318811 -0.14003988 -0.00888841
v 0.04513528 -0.13992879 -0.00851431
v 0.04443987 -0.14039803 -0.00787069
v 0.04635403 -0.13992216 -0.00731252
v 0.04640553 -0.13956378 -0.0083683
v 0.04466823 -0.13924493 -0.00921197
v 0.04637164 -0.13862841 -0.00922015
v 0.04766755 -0.13925922 -0.00837944
v 0.04828028 -0.13939328 -0.00774087
v 0.0492764 -0.13868551 -0.00856263
v 0.04807445 -0.13868287 -0.0089953
v 0.0466531 -0.1411635 -0.00753607
v 0.04875855 -0.14062907 -0.0080495
v 0.049944 -0.13972425 -0.00907134
v 0.04439378 -0.14161551 -0.00785785
v 0.04508334 -0.14240697 -0.00883467
v 0.04695074 -0.14225559 -0.00854288
v 0.04866945 -0.14185943 -0.00914259
v 0.04714217 -0.14375114 -0.00927802
v 0.04841902 -0.14324702 -0.01009107
v 0.04937567 -0.14272733 -0.01108993
v 0.04976713 -0.14116782 -0.01014342
v 0.04847429 -0.14492966 -0.01078756
v 0.04920216 -0.14431788 -0.01182854
v 0.04901958 -0.14211529 -0.0120367
v 0.04932586 -0.14012653 -0.01125904
v 0.04891389 -0.14379215 -0.01270092
v 0.04930683 -0.14586079 -0.012557
v 0.04905079 -0.14532188 -0.01343642
v 0.04759914 -0.14366676 -0.01321473
v 0.04746084 -0.14196315 -0.01253613
v 0.04778257 -0.14535129 -0.0138649
v 0.0493156 -0.14681883 -0.01421264
v 0.04805896 -0.14695051 -0.01458969
v 0.04636895 -0.14571847 -0.01388787
v 0.04613831 -0.14413218 -0.01320882
v 0.04655859 -0.14728943 -0.01458046
v 0.04835101 -0.14846329 -0.01544038
v 0.04652217 -0.14873153 -0.01548702
v 0.0455271 -0.14778171 -0.0141933
v 0.04541219 -0.14638007 -0.01344395
v 0.0452555 -0.14918058 -0.01512137
v 0.0458249 -0.1487671 -0.01346809
v 0.04574369 -0.14736216 -0.01265855
v 0.0465949 -0.14973025 -0.01280836
v 0.04650592 -0.14831321 -0.01198873
v 0.04802176 -0.15010853 -0.01277203
v 0.04778578 -0.14859551 -0.01192747
v 0.04923648 -0.14965196 -0.0134551
v 0.04889712 -0.14809352 -0.01252137
v 0.04951617 -0.15130781 -0.01425133
v 0.050059 -0.14888987 -0.0143678
v 0.04952366 -0.14734823 -0.01340653
v 0.049926 -0.14821757 -0.01522532
v 0.04857389 -0.14651465 -0.01163623
v 0.04751483 -0.14706998 -0.01093129
v 0.04728551 -0.14540884 -0.01003815
v 0.04597941 -0.14523803 -0.01024576
v 0.04630793 -0.14682145 -0.01107955
v 0.04562432 -0.14363289 -0.00960445
v 0.04454381 -0.14313854 -0.01059944
v 0.04520654 -0.14448088 -0.01121697
v 0.04357625 -0.14221554 -0.00984825
v 0.04321291 -0.14119799 -0.01093161
v 0.04411584 -0.14232683 -0.01147179
v 0.04477571 -0.13974176 -0.01143079
v 0.04529639 -0.14106412 -0.0119338
v 0.04437071 -0.1386812 -0.01079931
v 0.04656003 -0.1378243 -0.01069306
v 0.04688986 -0.13879189 -0.01163434
v 0.04403819 -0.13804658 -0.00985052
v 0.04622874 -0.13706428 -0.00967718
v 0.04840625 -0.13760798 -0.00945489
v 0.04865565 -0.13775961 -0.01042317
v 0.04726811 -0.14036024 -0.01186262
v 0.04576815 -0.14253615 -0.01257654
v 0.0447794 -0.14358674 -0.01210846
v 0.04523894 -0.14497288 -0.01273737
v 0.04552979 -0.14595127 -0.01187715
v 0.04957133 -0.13794874 -0.00923725
v 0.05020339 -0.13844365 -0.01012902
v 0.04855971 -0.13862701 -0.01126906
v -0.02764127 -0.1316949 -0.01249583
v -0.02782379 -0.13266715 -0.01188234
v -0.0289096 -0.13176408 -0.01205701
v -0.02829874 -0.13160037 -0.0125141
v -0.02705016 -0.13123989 -0.01191952
v -0.02670218 -0.13217789 -0.01135158
v -0.02795389 -0.13098712 -0.01256122
v -0.02775832 -0.1302346 -0.01216184
v -0.02906472 -0.13022433 -0.01222788
v -0.0283685 -0.13103729 -0.01257589
v -0.03002316 -0.13152541 -0.01166986
v -0.0302728 -0.13014507 -0.01148008
v -0.02854523 -0.13285668 -0.01156539
v -0.02917475 -0.13262251 -0.01186355
v -0.02977188 -0.1323147 -0.01173226
v -0.02938298 -0.13307042 -0.01162353
v -0.0289831 -0.13313368 -0.0113144
v -0.02946978 -0.13314819 -0.01085486
v -0.02993948 -0.13273793 -0.01136699
v -0.03050614 -0.13182594 -0.01096076
v -0.02797241 -0.12851213 -0.01175405
v -0.02708227 -0.12885141 -0.0112803
v -0.02696453 -0.12996881 -0.01166603
v -0.02772862 -0.13329759 -0.01107766
v -0.02821288 -0.13299294 -0.01124285
v -0.02849219 -0.13330595 -0.01118003
v -0.02915713 -0.12854151 -0.01146057
v -0.03022099 -0.12866077 -0.0108783
v -0.0285094 -0.13331831 -0.01071198
v -0.02648296 -0.12174669 -0.00895297
v -0.0254626 -0.12290371 -0.00875607
v -0.02645697 -0.12394538 -0.00904987
v -0.02720532 -0.12319232 -0.00951966
v -0.0268081 -0.1200559 -0.00846779
v -0.0250255 -0.12033001 -0.00806691
v -0.02490998 -0.12134719 -0.00852782
v -0.02415197 -0.12208789 -0.00843201
v -0.0236886 -0.12106955 -0.00761223
v -0.0306932 -0.12059873 -0.00692278
v -0.03013387 -0.119782 -0.00722448
v -0.03026193 -0.12052108 -0.00821128
v -0.03044416 -0.12141735 -0.00743911
v -0.02365065 -0.12205011 -0.0072016
v -0.02439027 -0.12192119 -0.00642749
v -0.02512848 -0.1226312 -0.00696292
v -0.02427202 -0.12271219 -0.0077425
v -0.02450447 -0.12082086 -0.00669122
v -0.02847492 -0.11987051 -0.00671508
v -0.02734172 -0.1200324 -0.00659754
v -0.02709056 -0.11968458 -0.00757599
v -0.02870775 -0.11941676 -0.00749362
v -0.02922398 -0.12000089 -0.00614565
v -0.02756696 -0.12019261 -0.00557943
v -0.02618726 -0.12034667 -0.00661389
v -0.02579205 -0.12060672 -0.005903
v -0.02558666 -0.1202069 -0.00729557
v -0.02784622 -0.12117514 -0.00522709
v -0.02585421 -0.121577 -0.00558981
v -0.02979479 -0.12087315 -0.00584184
v -0.02948806 -0.1219554 -0.00645458
v -0.02797572 -0.12227862 -0.00597549
v -0.02638026 -0.1225336 -0.00619036
v -0.02814695 -0.12347402 -0.00663332
v -0.02678012 -0.12361003 -0.00681824
v -0.02570891 -0.12360842 -0.00741756
v -0.02703613 -0.12490785 -0.00724168
v -0.02610135 -0.12487523 -0.00780475
v -0.0251691 -0.12356278 -0.0081731
v -0.02583757 -0.12461233 -0.00858624
v -0.02640437 -0.12614946 -0.00826019
v -0.02634891 -0.12571271 -0.00900838
v -0.02685862 -0.12509786 -0.00960173
v -0.02656779 -0.12689471 -0.00951887
v -0.02708403 -0.12632693 -0.01014176
v -0.02754068 -0.12457357 -0.01001225
v -0.02776057 -0.12591116 -0.01054044
v -0.02717874 -0.12757835 -0.01069238
v -0.02794583 -0.12722604 -0.01105502
v -0.0287057 -0.12593733 -0.01022928
v -0.02850988 -0.12457494 -0.00976923
v -0.02897292 -0.12722605 -0.01077036
v -0.02991385 -0.12737963 -0.01021024
v -0.02960245 -0.12615776 -0.00963765
v -0.03025015 -0.12785091 -0.00950123
v -0.02998767 -0.12662245 -0.00896326
v -0.03052765 -0.12914106 -0.01007159
v -0.0306257 -0.13050053 -0.01056291
v -0.02981107 -0.12972486 -0.00943084
v -0.02967682 -0.12848498 -0.00888573
v -0.02992694 -0.13098837 -0.00983765
v -0.02986728 -0.13228077 -0.01024303
v -0.02860568 -0.1314124 -0.00952584
v -0.02861853 -0.13017103 -0.00909178
v -0.0285706 -0.13259932 -0.01002114
v -0.0272777 -0.13267784 -0.01042716
v -0.02720001 -0.13146164 -0.00983491
v -0.02632326 -0.13104588 -0.01061745
v -0.02663689 -0.12977701 -0.00994228
v -0.02736591 -0.13022627 -0.0092843
v -0.02646079 -0.13046926 -0.01130551
v -0.0265819 -0.12927705 -0.01061713
v -0.02676059 -0.12809719 -0.01000522
v -0.02672807 -0.12861562 -0.00932415
v -0.02664169 -0.12738791 -0.00877249
v -0.02735097 -0.12765303 -0.00817865
v -0.02741767 -0.12898006 -0.00871287
v -0.02721978 -0.12628736 -0.0076825
v -0.02837076 -0.12609199 -0.00768824
v -0.028487 -0.12748636 -0.00814577
v -0.02826069 -0.12476808 -0.00718139
v -0.02938945 -0.12444817 -0.00744363
v -0.02941189 -0.12580851 -0.00790386
v -0.02939916 -0.12314075 -0.00696719
v -0.03006364 -0.12262873 -0.00782515
v -0.02987308 -0.12399101 -0.00809748
v -0.02990935 -0.12209177 -0.00870491
v -0.02942354 -0.12359025 -0.00878145
v -0.02850173 -0.12161122 -0.00893774
v -0.02840045 -0.12315438 -0.00929645
v -0.02868418 -0.12009037 -0.00839851
v -0.02936472 -0.1249481 -0.00911999
v -0.02993197 -0.12534301 -0.00847502
v -0.02955403 -0.12720603 -0.00832955
v -0.02857161 -0.12886235 -0.00862233
v 0.0217588 -0.16151907 -0.01797628
v 0.02030779 -0.16183819 -0.01792742
v 0.0197718 -0.16123621 -0.01842775
v 0.02101903 -0.16102253 -0.01875958
v 0.02146554 -0.15995526 -0.01911302
v 0.02218088 -0.16049013 -0.01872422
v 0.02248208 -0.15949078 -0.01837443
v 0.02248713 -0.16027093 -0.01740997
v 0.02132867 -0.15887542 -0.01870768
v 0.0212329 -0.15768163 -0.01798062
v 0.02270296 -0.15805137 -0.01762439
v 0.02012606 -0.15881567 -0.01864579
v 0.01981443 -0.15785719 -0.0179816
v 0.02109056 -0.16137508 -0.01711777
v 0.01982627 -0.16173391 -0.01713691
v 0.0213572 -0.16049288 -0.01664416
v 0.01974087 -0.16046031 -0.01646868
v 0.01864165 -0.15818067 -0.01801552
v 0.01840837 -0.1569155 -0.01708404
v 0.01981361 -0.15677029 -0.01711376
v 0.01772757 -0.14655381 -0.01205381
v 0.01939132 -0.14605358 -0.01199947
v 0.01928984 -0.14721392 -0.0128565
v 0.01716037 -0.14752568 -0.01253916
v 0.01775321 -0.14774258 -0.01133762
v 0.01959954 -0.14774895 -0.0113055
v 0.0236928 -0.14984614 -0.01159185
v 0.02232447 -0.15009913 -0.01011518
v 0.02173078 -0.15110913 -0.01095254
v 0.02302621 -0.15102576 -0.01219783
v 0.01605604 -0.14821683 -0.01118767
v 0.01721745 -0.14932267 -0.00970066
v 0.01821249 -0.14880025 -0.01045982
v 0.01565992 -0.14986141 -0.01176479
v 0.01724893 -0.15087771 -0.0103465
v 0.02315301 -0.14809248 -0.01149111
v 0.02329747 -0.14778996 -0.01245153
v 0.02157869 -0.14728206 -0.01275749
v 0.02152825 -0.14712098 -0.01179446
v 0.02124704 -0.1481213 -0.0111608
v 0.02201062 -0.1487556 -0.01048517
v 0.01986304 -0.14883415 -0.01014946
v 0.01981295 -0.14981516 -0.00902118
v 0.01970442 -0.15110034 -0.01007888
v 0.01968687 -0.15229276 -0.01124593
v 0.02135083 -0.15229297 -0.01182275
v 0.01786895 -0.15202886 -0.01153792
v 0.01660788 -0.15128146 -0.01256953
v 0.01821252 -0.15334387 -0.0125047
v 0.01965923 -0.15376727 -0.01216385
v 0.01724011 -0.15255554 -0.0133439
v 0.01731234 -0.1501945 -0.0135284
v 0.01773895 -0.15157251 -0.01413752
v 0.01756097 -0.15386786 -0.01409181
v 0.01836205 -0.15471306 -0.01336423
v 0.01810486 -0.15300487 -0.01475299
v 0.01940596 -0.1510008 -0.01434036
v 0.01950951 -0.15242144 -0.01505022
v 0.01831692 -0.15440717 -0.01543586
v 0.01775344 -0.15519653 -0.01485446
v 0.01961756 -0.15392029 -0.01572614
v 0.02103574 -0.15237387 -0.01494419
v 0.02099234 -0.15389585 -0.01549675
v 0.01976063 -0.15541898 -0.01635892
v 0.01843626 -0.15573412 -0.01618653
v 0.02111701 -0.15529947 -0.01617024
v 0.02209269 -0.15411606 -0.01504048
v 0.02216224 -0.15542716 -0.01572022
v 0.02127815 -0.15662561 -0.01696911
v 0.02257817 -0.15661936 -0.01666351
v 0.02198169 -0.15607516 -0.01493123
v 0.02235763 -0.15737423 -0.01581935
v 0.02259196 -0.1587618 -0.01671742
v 0.02121744 -0.15795821 -0.01511945
v 0.02137623 -0.15926254 -0.01594246
v 0.02104765 -0.15660556 -0.01423901
v 0.01963972 -0.15673816 -0.01388117
v 0.01971115 -0.15809284 -0.01479462
v 0.01974706 -0.15933707 -0.01565573
v 0.01838714 -0.15743032 -0.01508717
v 0.0183233 -0.15861771 -0.01603601
v 0.01816133 -0.15996706 -0.01693362
v 0.01837681 -0.15612265 -0.01419265
v 0.01780981 -0.15645714 -0.01566255
v 0.01768012 -0.15762958 -0.0166301
v 0.01780504 -0.1589781 -0.01771227
v 0.01962019 -0.15526028 -0.01302375
v 0.02100052 -0.15518656 -0.0134084
v 0.02113897 -0.15376884 -0.01257646
v 0.02200888 -0.15476479 -0.01415941
v 0.02216294 -0.15342529 -0.01346637
v 0.02218886 -0.15279758 -0.01442879
v 0.02247268 -0.15148292 -0.01384958
v 0.02252413 -0.1521419 -0.01282531
v 0.0211895 -0.15086544 -0.01437367
v 0.02126461 -0.14954384 -0.01371871
v 0.02295743 -0.15020929 -0.01346214
v 0.01926086 -0.14961553 -0.01378274
v 0.0191787 -0.14818469 -0.01364983
v 0.0215142 -0.14817117 -0.01358503
v 0.01680196 -0.14868644 -0.01319541
v 0.02349111 -0.14888632 -0.01303773
v 0.01864956 -0.1610889 -0.01787938
v 0.0185432 -0.16005132 -0.01852831
v 0.01954119 -0.16040356 -0.01901002
v 0.01976642 -0.15962063 -0.0189525
v 0.02050154 -0.15956423 -0.01921732
v 0.02040151 -0.1603208 -0.01900793
v 0.01920081 -0.1591744 -0.01859081
v -0.00402149 -0.14812487 -0.01946492
v -0.00431001 -0.1488706 -0.01903561
v -0.00498092 -0.14876227 -0.01907939
v -0.00512936 -0.14808337 -0.01928182
v -0.00505883 -0.14701581 -0.01893128
v -0.00369986 -0.14720465 -0.0192174
v -0.00545866 -0.14903751 -0.0185994
v -0.0056558 -0.14838085 -0.01878169
v -0.0046516 -0.14946376 -0.01840288
v -0.0021173 -0.14860474 -0.01879611
v -0.0025262 -0.14941774 -0.01857294
v -0.00315899 -0.14876047 -0.01917013
v -0.00258929 -0.14796667 -0.01917587
v -0.00358612 -0.14969102 -0.01835439
v -0.00366639 -0.14910564 -0.01891587
v -0.00583558 -0.14752565 -0.01836214
v -0.00579668 -0.14828926 -0.0178218
v -0.00054867 -0.13980044 -0.01297436
v -0.00087262 -0.1413689 -0.01285072
v -0.00164315 -0.14041141 -0.01374267
v -0.00141945 -0.13909335 -0.01325559
v -0.00146754 -0.13868847 -0.01238542
v -0.00038955 -0.13943592 -0.01216501
v -0.00733634 -0.13909231 -0.01181104
v -0.00770242 -0.13991246 -0.01234478
v -0.00711014 -0.14082651 -0.01119127
v -0.00695042 -0.13961431 -0.01096988
v -0.00629512 -0.13832808 -0.01208188
v -0.0064319 -0.13884647 -0.01295212
v -0.00245661 -0.14227186 -0.01182416
v -0.00355677 -0.14199591 -0.01097997
v -0.00495463 -0.14199628 -0.01120352
v -0.00445151 -0.14280912 -0.01200212
v -0.00171991 -0.14134227 -0.01070273
v -0.00357306 -0.14140004 -0.01019035
v -0.00048644 -0.1406229 -0.01158026
v -0.0012082 -0.13991576 -0.01123194
v -0.00227287 -0.1402134 -0.0105717
v -0.0009342 -0.13942663 -0.011704
v -0.0017321 -0.13900712 -0.01178522
v -0.00192969 -0.13956279 -0.01135734
v -0.00285681 -0.13958703 -0.01110479
v -0.00299206 -0.13864921 -0.01177223
v -0.00534142 -0.13976361 -0.01076346
v -0.00418759 -0.13969889 -0.01086554
v -0.00444285 -0.13865934 -0.01161212
v -0.00582025 -0.13908908 -0.01135843
v -0.00568738 -0.14025839 -0.01020939
v -0.00388758 -0.14036141 -0.01001871
v -0.00556274 -0.14125551 -0.01034356
v -0.00639779 -0.14173636 -0.01186449
v -0.00700758 -0.14100583 -0.01284553
v -0.0057835 -0.14254262 -0.01260171
v -0.00645025 -0.14203037 -0.01336776
v -0.00618942 -0.14004354 -0.01349414
v -0.00590724 -0.14119993 -0.01405014
v -0.00605494 -0.14308712 -0.01397622
v -0.00544756 -0.14360167 -0.0133071
v -0.00566356 -0.14233233 -0.0146723
v -0.00466597 -0.14079189 -0.0143756
v -0.00461005 -0.1419033 -0.01508071
v -0.00550706 -0.14345506 -0.01532682
v -0.00584316 -0.1441766 -0.01465251
v -0.00458937 -0.1429918 -0.01581613
v -0.00333622 -0.14213237 -0.01516849
v -0.00346939 -0.14321277 -0.01591262
v -0.00463635 -0.14399594 -0.01661199
v -0.00550699 -0.14447798 -0.01607097
v -0.00351083 -0.14416295 -0.01676489
v -0.00261712 -0.14403324 -0.01565855
v -0.00270663 -0.14498183 -0.01647345
v -0.0034638 -0.14503212 -0.01770492
v -0.00474205 -0.14495021 -0.01744801
v -0.0025472 -0.14581385 -0.01740248
v -0.00243721 -0.14597978 -0.01602631
v -0.00224551 -0.14677696 -0.0169673
v -0.00235109 -0.14674814 -0.01843284
v -0.00350446 -0.14607647 -0.01858208
v -0.00190553 -0.14770728 -0.01799455
v -0.00282438 -0.14774877 -0.01660953
v -0.00252853 -0.14865842 -0.01755892
v -0.00301027 -0.14685741 -0.0156521
v -0.00393322 -0.14726603 -0.01550403
v -0.00379588 -0.14820786 -0.01649409
v -0.00365137 -0.14903399 -0.0174419
v -0.0049557 -0.14788857 -0.01667282
v -0.00484566 -0.14878923 -0.01754461
v -0.00503005 -0.14693435 -0.01576809
v -0.00582094 -0.14621311 -0.01625579
v -0.00586428 -0.14722613 -0.01705508
v -0.00511034 -0.1458801 -0.01488183
v -0.00579336 -0.14521517 -0.01543232
v -0.00403195 -0.14612006 -0.01460047
v -0.00411365 -0.14494537 -0.01370981
v -0.00522701 -0.14473197 -0.01406404
v -0.00303215 -0.14583573 -0.01471934
v -0.00297647 -0.14469934 -0.01383541
v -0.00244251 -0.14503902 -0.01516654
v -0.0022018 -0.14399569 -0.01438177
v -0.00234691 -0.14296427 -0.01495044
v -0.00202547 -0.14178398 -0.01426991
v -0.00174682 -0.14281543 -0.01363051
v -0.00322447 -0.14105406 -0.01440957
v -0.00305715 -0.13978373 -0.01387499
v -0.00468792 -0.13961375 -0.01378837
v -0.00468296 -0.13848944 -0.01314371
v -0.00297805 -0.13863994 -0.01322617
v -0.00466616 -0.13768482 -0.01228116
v -0.00291268 -0.13788556 -0.01241703
v -0.00276808 -0.14348146 -0.01297987
v -0.00423247 -0.1437356 -0.01289978
v -0.00574123 -0.14535111 -0.01690553
v -0.00593792 -0.14633967 -0.01772851
v -0.00490247 -0.14591946 -0.01826828
v 0.06071585 -0.09621982 -0.02022572
v 0.06213963 -0.09696576 -0.01998455
v 0.06049642 -0.09661996 -0.01835232
v 0.05951356 -0.09568986 -0.01933247
v 0.06047739 -0.09504157 -0.02103
v 0.06237736 -0.09547549 -0.02157524
v 0.05945005 -0.09453 -0.02010824
v 0.06283067 -0.09446479 -0.02065988
v 0.06240055 -0.09508169 -0.01951982
v 0.0580969 -0.09392792 -0.01865317
v 0.05888744 -0.09303913 -0.0200332
v 0.06009948 -0.09291817 -0.02145591
v 0.06150913 -0.09542663 -0.01844366
v 0.06176152 -0.09282104 -0.01925251
v 0.06050425 -0.09349208 -0.01811195
v 0.05586094 -0.07979448 -0.02082395
v 0.05477128 -0.0783843 -0.02076805
v 0.05623915 -0.07739215 -0.02185008
v 0.05670382 -0.07960051 -0.02146053
v 0.05588981 -0.0815373 -0.02019371
v 0.05676232 -0.08164539 -0.02119041
v 0.05484138 -0.08148137 -0.01874975
v 0.05686826 -0.08380236 -0.02100716
v 0.05576533 -0.08379173 -0.0198579
v 0.05517437 -0.08346881 -0.01871466
v 0.05581215 -0.08733801 -0.01858418
v 0.05709333 -0.0888388 -0.01960386
v 0.05680219 -0.08961391 -0.01807277
v 0.05596335 -0.08775677 -0.01755649
v 0.05489375 -0.08538735 -0.01817183
v 0.05526624 -0.08600525 -0.01682982
v 0.05608333 -0.08631238 -0.01965833
v 0.05421513 -0.07623197 -0.02091647
v 0.05404992 -0.0777339 -0.01946263
v 0.05379039 -0.07578136 -0.01979296
v 0.05449934 -0.08330612 -0.01698853
v 0.05321695 -0.08190461 -0.01643747
v 0.05383195 -0.07999325 -0.01808622
v 0.05342815 -0.07729473 -0.01863838
v 0.05295911 -0.0760005 -0.01839059
v 0.05292942 -0.07867489 -0.0175184
v 0.05706773 -0.0752133 -0.01843619
v 0.05842775 -0.07509842 -0.01880983
v 0.05722303 -0.07491608 -0.02040575
v 0.05594673 -0.07487258 -0.01908411
v 0.05517824 -0.07563335 -0.01753703
v 0.05687051 -0.07562742 -0.01699922
v 0.05173398 -0.07876344 -0.01576266
v 0.05189696 -0.08047897 -0.0160029
v 0.05288056 -0.08107032 -0.01392033
v 0.05217984 -0.07848901 -0.01448872
v 0.05374036 -0.07766494 -0.01484068
v 0.05459869 -0.07799265 -0.01418124
v 0.05598298 -0.07648316 -0.01526755
v 0.05444139 -0.07660943 -0.01596602
v 0.05271365 -0.07635386 -0.01615001
v 0.05322577 -0.07893733 -0.01359862
v 0.05234681 -0.07728219 -0.01685307
v 0.05375513 -0.082751 -0.01503951
v 0.05581528 -0.0818952 -0.01501497
v 0.05567325 -0.08033331 -0.01409378
v 0.05542994 -0.07869839 -0.01350267
v 0.05371372 -0.07972425 -0.01326483
v 0.05725269 -0.07689493 -0.01465207
v 0.05780254 -0.07881892 -0.01507383
v 0.0577959 -0.08078167 -0.01578516
v 0.05905351 -0.0776559 -0.01687344
v 0.05856955 -0.07550092 -0.01662519
v 0.05894957 -0.07983805 -0.01728822
v 0.05808547 -0.0827859 -0.01634116
v 0.05927344 -0.08194857 -0.01765724
v 0.0588336 -0.07933869 -0.01915975
v 0.05887082 -0.07712554 -0.01902726
v 0.05899492 -0.08146463 -0.01932827
v 0.05955023 -0.08407063 -0.01805237
v 0.05938302 -0.08354387 -0.0196079
v 0.05812496 -0.08141697 -0.0207552
v 0.05791005 -0.07930222 -0.02074541
v 0.05849105 -0.08347351 -0.02091981
v 0.05991917 -0.08565035 -0.01996237
v 0.0590531 -0.08556581 -0.02117318
v 0.05743823 -0.08610594 -0.02096378
v 0.05977705 -0.08774418 -0.02148028
v 0.05840795 -0.08835655 -0.02107901
v 0.0605495 -0.08786342 -0.02031886
v 0.06123097 -0.09014202 -0.02065664
v 0.06076327 -0.0900088 -0.02205709
v 0.05937242 -0.09060138 -0.02143778
v 0.06176113 -0.0926814 -0.02211681
v 0.05823698 -0.09111822 -0.0199345
v 0.05745649 -0.09164555 -0.01836953
v 0.05819013 -0.09169212 -0.01743372
v 0.05771942 -0.08955358 -0.01724652
v 0.05889553 -0.09423808 -0.01753567
v 0.05993232 -0.09118746 -0.01780148
v 0.05947355 -0.08900173 -0.01751197
v 0.06124017 -0.09053759 -0.01899747
v 0.06061328 -0.08832618 -0.01874718
v 0.06226265 -0.09242687 -0.0207928
v 0.06001626 -0.08618388 -0.01842999
v 0.05895314 -0.08690954 -0.01720628
v 0.05848307 -0.0848463 -0.01681183
v 0.05675592 -0.08567193 -0.01630058
v 0.05721109 -0.08758223 -0.0168782
v 0.05626941 -0.0836738 -0.01576925
v 0.05461575 -0.08426549 -0.01592666
v 0.05791252 -0.07701998 -0.02086551
v 0.05539602 -0.07510205 -0.02131207
v 0.05435767 -0.0742308 -0.01969584
v 0.05346023 -0.07495594 -0.01788444
v 0.04328971 -0.13990773 -0.0084892
v 0.04288398 -0.14012508 -0.0075635
v 0.04216155 -0.13893364 -0.00762907
v 0.04247013 -0.13818814 -0.00861732
v 0.04408456 -0.13748004 -0.00881261
v 0.04457573 -0.1398219 -0.00843369
v 0.04383123 -0.13975398 -0.0063566
v 0.04206501 -0.1378492 -0.00648229
v 0.04920806 -0.13739455 -0.00854469
v 0.0485606 -0.13876335 -0.00884821
v 0.04776424 -0.1365384 -0.00957873
v 0.04905708 -0.13636243 -0.00904937
v 0.04921825 -0.13647391 -0.00736627
v 0.04849628 -0.13828541 -0.00672292
v 0.04244 -0.13639563 -0.00723122
v 0.04748543 -0.13510914 -0.00867303
v 0.04884741 -0.13504979 -0.0082281
v 0.04595724 -0.13451751 -0.0078646
v 0.04789751 -0.13367626 -0.00720011
v 0.0458721 -0.13689035 -0.00901586
v 0.04387323 -0.13545954 -0.00761179
v 0.04544228 -0.13237056 -0.00664341
v 0.04728452 -0.1319591 -0.00614067
v 0.04357202 -0.13325541 -0.00669236
v 0.03820911 -0.12133041 -0.000768
v 0.03955824 -0.12053524 -0.0009226
v 0.03834309 -0.11986762 -0.00218462
v 0.03687493 -0.12165469 -0.00152491
v 0.03771577 -0.12220331 0.00024055
v 0.03845783 -0.12155141 -8.16E-06
v 0.03994093 -0.12087982 0.00048022
v 0.04303729 -0.1183374 -0.00229744
v 0.0437991 -0.1195692 -0.00127422
v 0.0456747 -0.11907086 -0.00167039
v 0.04394838 -0.11861067 -0.00334457
v 0.03922261 -0.12505326 0.0002306
v 0.04120362 -0.12481558 0.00080688
v 0.04022453 -0.12294169 0.00186243
v 0.03752798 -0.12412301 6.349E-05
v 0.03875931 -0.12667459 -0.00160458
v 0.0401153 -0.12703414 -0.00059244
v 0.03956476 -0.12091577 0.00190177
v 0.04387325 -0.12018947 -0.00016395
v 0.04171056 -0.11995417 -0.00107982
v 0.04221856 -0.12043868 0.00041278
v 0.04281012 -0.12038855 0.00176121
v 0.04505647 -0.12005842 0.00024525
v 0.04336191 -0.12234441 0.00156588
v 0.04568418 -0.1217113 -5.937E-05
v 0.04377963 -0.12441432 0.0004299
v 0.04576559 -0.12387327 -0.00089839
v 0.04650954 -0.12096813 -0.00222041
v 0.04640896 -0.12331763 -0.00265126
v 0.04609532 -0.1261051 -0.00187281
v 0.04661247 -0.12553383 -0.0034112
v 0.04448384 -0.12349949 -0.00348883
v 0.04436449 -0.12102519 -0.00348608
v 0.04475639 -0.12583615 -0.00395508
v 0.04683216 -0.12779231 -0.00430094
v 0.04494398 -0.128151 -0.00464273
v 0.04246279 -0.12650886 -0.00413607
v 0.04203768 -0.12429497 -0.00363678
v 0.04280226 -0.12869827 -0.00497033
v 0.04512874 -0.13029595 -0.00559819
v 0.04321782 -0.13095734 -0.00583217
v 0.04139108 -0.13004114 -0.00427538
v 0.04048182 -0.12778549 -0.00364952
v 0.04203125 -0.13229324 -0.00505819
v 0.04242181 -0.13453078 -0.00596887
v 0.04166905 -0.13349548 -0.00418378
v 0.04086984 -0.13123673 -0.00333879
v 0.04212727 -0.1357871 -0.0052219
v 0.04358457 -0.13683827 -0.00477692
v 0.04293628 -0.1343445 -0.0034222
v 0.0456474 -0.13674809 -0.00495544
v 0.04493451 -0.13440022 -0.00340741
v 0.04636202 -0.13905357 -0.00653202
v 0.04739701 -0.13591769 -0.00539233
v 0.0466979 -0.13374659 -0.00397813
v 0.04832777 -0.13469163 -0.00615005
v 0.0476669 -0.13270821 -0.00500718
v 0.04712604 -0.13062036 -0.00391789
v 0.04603574 -0.13147067 -0.00269749
v 0.04696622 -0.12998937 -0.00518314
v 0.0466367 -0.12838912 -0.00286847
v 0.04526694 -0.12908271 -0.00159433
v 0.04449064 -0.12671141 -0.00055064
v 0.04224951 -0.12707847 -9.99E-05
v 0.04324412 -0.12951535 -0.00106209
v 0.04120833 -0.12948513 -0.00145727
v 0.03994349 -0.12894286 -0.00256654
v 0.04211209 -0.13192697 -0.002343
v 0.04413404 -0.13195539 -0.00215475
v 0.03967512 -0.12558423 -0.00291486
v 0.04152137 -0.12203658 -0.00350529
v 0.03827408 -0.12325312 -0.00280282
v 0.04104595 -0.11972041 -0.00331192
v 0.04084323 -0.11845197 -0.00230324
v 0.0386186 -0.12080058 -0.00326695
v 0.04645571 -0.13911012 -0.0084184
v -0.02461864 -0.11986762 -0.00776068
v -0.0259241 -0.1202099 -0.00716362
v -0.02591942 -0.1176725 -0.0077851
v -0.02422371 -0.11794815 -0.00783172
v -0.02417872 -0.11996588 -0.00717711
v -0.02466777 -0.12034341 -0.00651342
v -0.02388246 -0.11852346 -0.00679965
v -0.02447516 -0.11930737 -0.00565477
v -0.03011019 -0.11933737 -0.00629059
v -0.02934125 -0.11940914 -0.00734592
v -0.02785165 -0.11963824 -0.00719212
v -0.02816834 -0.1197173 -0.00572214
v -0.03000468 -0.11728553 -0.00523171
v -0.02824093 -0.11776845 -0.00480611
v -0.03069358 -0.11775041 -0.00693686
v -0.03048928 -0.11619766 -0.00629365
v -0.02956478 -0.11611512 -0.00708147
v -0.02963146 -0.11761645 -0.0077545
v -0.02801658 -0.11529955 -0.00658457
v -0.02769735 -0.11754431 -0.00760212
v -0.02959364 -0.11453819 -0.00571404
v -0.02624413 -0.11977886 -0.00540384
v -0.02597688 -0.11545952 -0.00685506
v -0.027566 -0.11295907 -0.00578819
v -0.02590438 -0.11337133 -0.00617163
v -0.02229379 -0.10135365 -0.0039777
v -0.02189563 -0.10232317 -0.00320913
v -0.02033792 -0.10313863 -0.00400365
v -0.02177835 -0.10154828 -0.00510325
v -0.02432193 -0.10021321 -0.00490749
v -0.02396744 -0.10074783 -0.00367833
v -0.02385025 -0.10170974 -0.00271632
v -0.02557211 -0.10051236 -0.0032866
v -0.02674339 -0.09965251 -0.00382133
v -0.02727888 -0.10080411 -0.00216411
v -0.0256293 -0.10113931 -0.00234815
v -0.02196335 -0.10264659 -0.00093834
v -0.02161922 -0.10383573 -0.00053889
v -0.02034601 -0.10391578 -0.00212874
v -0.02180981 -0.10278547 -0.00200336
v -0.02366977 -0.10211433 -0.00158075
v -0.02361341 -0.10180805 -0.0003884
v -0.02516531 -0.10156585 -0.00138499
v -0.02591429 -0.10124488 -0.00069256
v -0.02853644 -0.10183939 -0.00214249
v -0.02658264 -0.10259881 -0.00050767
v -0.02403979 -0.10322247 0.00012516
v -0.02686863 -0.10460879 -0.00103944
v -0.02464604 -0.10515254 -0.00055873
v -0.02249509 -0.10556561 -0.0010941
v -0.0251934 -0.10721837 -0.00108305
v -0.02321062 -0.10747653 -0.00162285
v -0.021118 -0.10554723 -0.00254263
v -0.02196264 -0.10733067 -0.00288466
v -0.02376569 -0.10951851 -0.0021258
v -0.02261978 -0.10928489 -0.00326523
v -0.02228048 -0.10663884 -0.00415877
v -0.02119216 -0.10485127 -0.00427558
v -0.02310199 -0.10855699 -0.00421668
v -0.02321508 -0.11124294 -0.00373111
v -0.02385699 -0.11041995 -0.00448912
v -0.02461153 -0.10755584 -0.00479628
v -0.02388412 -0.1055422 -0.00486753
v -0.02516796 -0.10943416 -0.0050895
v -0.02442896 -0.11223645 -0.00501127
v -0.02561043 -0.11132854 -0.00563241
v -0.02691019 -0.10881707 -0.00472503
v -0.02645611 -0.106752 -0.00448805
v -0.02721659 -0.11088373 -0.00519763
v -0.02880295 -0.11059872 -0.00454608
v -0.02861662 -0.10845297 -0.00409837
v -0.02918589 -0.1125508 -0.00518601
v -0.02919317 -0.11297827 -0.00401684
v -0.02904627 -0.11080776 -0.0034738
v -0.02941991 -0.11509146 -0.0046315
v -0.02814042 -0.1156989 -0.00392046
v -0.02799282 -0.11351864 -0.00312557
v -0.02643067 -0.11589961 -0.00376189
v -0.02626934 -0.11382104 -0.00288133
v -0.02640655 -0.11780982 -0.00464898
v -0.02477558 -0.11746614 -0.0049609
v -0.02482516 -0.1156461 -0.00411848
v -0.02406574 -0.11671339 -0.00580098
v -0.02412136 -0.11492332 -0.00496422
v -0.02469633 -0.11601403 -0.00647088
v -0.02470519 -0.11408347 -0.00567024
v -0.02374338 -0.11311783 -0.00429088
v -0.02462187 -0.11367167 -0.00334948
v -0.0242366 -0.11161157 -0.00268411
v -0.0259899 -0.11161289 -0.00216213
v -0.02563074 -0.1093902 -0.00157971
v -0.02754853 -0.10897373 -0.00196716
v -0.02780729 -0.1112572 -0.00247976
v -0.02723542 -0.10673916 -0.00151187
v -0.02873929 -0.10628328 -0.00264364
v -0.02890678 -0.10856389 -0.00301592
v -0.02857785 -0.10407428 -0.00236762
v -0.02783662 -0.10406239 -0.00385075
v -0.02828555 -0.10624626 -0.00378278
v -0.02770383 -0.1016552 -0.00426131
v -0.02512963 -0.10227714 -0.00495987
v -0.02586257 -0.10458991 -0.00468936
v -0.02288109 -0.10344951 -0.00509946
v 0.01517807 -0.14670694 -0.01048903
v 0.01577186 -0.14788719 -0.00961733
v 0.01567119 -0.14674045 -0.00830612
v 0.0148831 -0.14505295 -0.00951623
v 0.02301668 -0.14639716 -0.01114033
v 0.02312958 -0.14408113 -0.01053511
v 0.02309934 -0.14589518 -0.00898718
v 0.02280725 -0.14752653 -0.00994909
v 0.01722017 -0.14656106 -0.01134709
v 0.01784909 -0.14872928 -0.00994324
v 0.01816204 -0.14720613 -0.00808965
v 0.0208206 -0.14826952 -0.00994464
v 0.02052728 -0.14643848 -0.01144521
v 0.02096498 -0.14683807 -0.00821988
v 0.01308035 -0.12491347 -0.00614077
v 0.015825 -0.1244738 -0.0064149
v 0.01644593 -0.12695622 -0.00598893
v 0.01309 -0.12714933 -0.0052702
v 0.01238552 -0.12308554 -0.00536929
v 0.01546951 -0.1222622 -0.00619104
v 0.02198013 -0.12304977 -0.00528604
v 0.02266549 -0.12492353 -0.0042806
v 0.01946463 -0.12454169 -0.0060922
v 0.0193234 -0.12219686 -0.00618603
v 0.01360966 -0.12299366 -0.00437555
v 0.0156889 -0.12243465 -0.00464828
v 0.01364116 -0.12344969 -0.00334951
v 0.01562354 -0.12327545 -0.00291633
v 0.01182178 -0.12419081 -0.00318249
v 0.02208273 -0.12773231 -0.00417029
v 0.0195847 -0.12712371 -0.00570613
v 0.02108284 -0.12503868 -0.00139646
v 0.02061328 -0.12782511 -0.00205125
v 0.02096771 -0.12257765 -0.00438623
v 0.02083692 -0.12330578 -0.00325385
v 0.01863577 -0.12225173 -0.0046831
v 0.01824257 -0.12329506 -0.00303075
v 0.01449016 -0.12281661 -0.00103688
v 0.02020007 -0.12345121 -0.00182006
v 0.01790783 -0.12296564 -0.00109224
v 0.01459184 -0.12537047 -0.00078973
v 0.01790507 -0.12497248 -0.00023044
v 0.01270217 -0.12596481 -0.00237171
v 0.01316826 -0.12802717 -0.003287
v 0.01511047 -0.12802322 -0.00173695
v 0.01785491 -0.12779269 -0.00126556
v 0.01530404 -0.13078377 -0.00243839
v 0.01789776 -0.13075626 -0.0019158
v 0.02048076 -0.13061008 -0.00265549
v 0.017984 -0.13369524 -0.00255655
v 0.02046973 -0.13343585 -0.00323274
v 0.02203062 -0.1302772 -0.00430485
v 0.02191461 -0.13295451 -0.0046449
v 0.02050413 -0.13627534 -0.00392015
v 0.02199299 -0.13568287 -0.00518824
v 0.02015138 -0.13255426 -0.00566794
v 0.01975337 -0.12980984 -0.00536687
v 0.02041454 -0.1352496 -0.00609502
v 0.02202529 -0.13837656 -0.00587856
v 0.02069497 -0.13778576 -0.00677708
v 0.01817255 -0.13500954 -0.00684305
v 0.01776072 -0.13245316 -0.00624746
v 0.01856212 -0.13747451 -0.00747571
v 0.02120702 -0.14009298 -0.00775505
v 0.01900612 -0.13993616 -0.00821211
v 0.01627402 -0.13791054 -0.00689478
v 0.01574475 -0.13542773 -0.00617345
v 0.01669137 -0.14027724 -0.00782821
v 0.01952783 -0.14218885 -0.0092203
v 0.01693085 -0.14241616 -0.00896044
v 0.01517676 -0.14093961 -0.00700046
v 0.01481799 -0.138566 -0.00602445
v 0.01528135 -0.14312615 -0.00815048
v 0.01691409 -0.14414044 -0.01041745
v 0.01604895 -0.14428349 -0.00713401
v 0.016023 -0.14182441 -0.00586065
v 0.01826531 -0.14478391 -0.00670149
v 0.01826118 -0.14219448 -0.00541967
v 0.02077477 -0.14441553 -0.00694023
v 0.02061746 -0.14186719 -0.00573527
v 0.02248542 -0.14334334 -0.00786461
v 0.0221309 -0.14090689 -0.00676096
v 0.02187262 -0.14230096 -0.00887066
v 0.02008163 -0.14405742 -0.01055724
v 0.02055651 -0.13911611 -0.00473339
v 0.01818777 -0.13943464 -0.00429638
v 0.01809852 -0.13659832 -0.00333412
v 0.01574285 -0.13640209 -0.0039153
v 0.01592864 -0.1391661 -0.00481124
v 0.01550871 -0.13359506 -0.00315068
v 0.0139184 -0.13330936 -0.00467445
v 0.01431791 -0.13598818 -0.0052426
v 0.01351544 -0.13068281 -0.00403054
v 0.01440702 -0.13019408 -0.00558612
v 0.01510317 -0.13282149 -0.005879
v 0.01720853 -0.12970731 -0.00589901
v -0.00767598 -0.13787499 -0.01086343
v -0.00730479 -0.13899563 -0.00980071
v -0.00735779 -0.13771482 -0.00878183
v -0.00757224 -0.13600801 -0.010062
v 0.00015326 -0.13942225 -0.01054766
v 0.0003052 -0.13733272 -0.009843
v -0.00046886 -0.13876347 -0.00846283
v -0.00065934 -0.14007927 -0.00946212
v -0.00543471 -0.14011045 -0.00984487
v -0.0053659 -0.13872436 -0.00827647
v -0.00531452 -0.13832881 -0.01138403
v -0.0026695 -0.14055094 -0.00968626
v -0.00213367 -0.13903703 -0.0112556
v -0.00285879 -0.13895424 -0.00821965
v -0.00016669 -0.11947124 -0.00369162
v -0.00020655 -0.11978622 -0.00142251
v -0.00079008 -0.12226197 -0.0019394
v -0.00058394 -0.12175819 -0.00370085
v -0.00254705 -0.12084233 -0.00478181
v -0.0021148 -0.11843209 -0.00480633
v 0.00069976 -0.1168315 -0.00385936
v 0.00031906 -0.11683995 -0.00121356
v -0.00150665 -0.11603744 -0.00471494
v -0.00657871 -0.11480116 -0.00360199
v -0.00421806 -0.1142685 -0.00371739
v -0.00442054 -0.1150065 -0.00524599
v -0.00784824 -0.11510664 -0.00470415
v -0.00692514 -0.11587337 -0.00242941
v -0.00426126 -0.1157209 -0.00246598
v -0.00909172 -0.11626896 -0.00238564
v -0.0013276 -0.11530259 -0.00289894
v -0.00168705 -0.11443905 -0.00389801
v -0.00401172 -0.11625917 -0.00076408
v -0.00149952 -0.11623479 -0.00161286
v -0.00646339 -0.11620989 -0.0009882
v -0.00756555 -0.11673656 4.717E-05
v -0.00355306 -0.11676303 0.00090674
v -0.00696222 -0.11926509 -0.00052997
v -0.00354165 -0.11954459 -3.659E-05
v -0.00885698 -0.11875001 -0.00264029
v -0.00822057 -0.12129951 -0.00287024
v -0.00638248 -0.12190144 -0.00124907
v -0.00346136 -0.12215419 -0.00095422
v -0.00602976 -0.12453375 -0.00197053
v -0.00330177 -0.12473994 -0.00176642
v -0.00078502 -0.12465279 -0.00266043
v -0.00324838 -0.1273205 -0.00253212
v -0.00094025 -0.12711842 -0.00334151
v -0.00059947 -0.12406993 -0.00410793
v -0.00073553 -0.12648144 -0.00465335
v -0.00108867 -0.12960759 -0.00409946
v -0.00093792 -0.12890543 -0.00528162
v -0.00265671 -0.12586567 -0.00545853
v -0.00269725 -0.12338065 -0.00498154
v -0.00261402 -0.12822518 -0.0061163
v -0.00099816 -0.13119693 -0.00612941
v -0.00262541 -0.13050933 -0.0069128
v -0.00480226 -0.12798712 -0.00628569
v -0.0048672 -0.12563927 -0.00561627
v -0.00472308 -0.13022849 -0.0070903
v -0.00259796 -0.13276537 -0.00781036
v -0.00475545 -0.13236301 -0.00806264
v -0.00672959 -0.13050929 -0.00657617
v -0.00682961 -0.12829366 -0.00570968
v -0.00675224 -0.13253546 -0.00758357
v -0.00487074 -0.13437366 -0.00913513
v -0.00697529 -0.13437772 -0.00872969
v -0.007076 -0.13361353 -0.00649953
v -0.00714732 -0.13136461 -0.00548255
v -0.00707726 -0.13571145 -0.00764767
v -0.0052503 -0.1366588 -0.00703679
v -0.00533945 -0.1344924 -0.00576743
v -0.00294779 -0.13694407 -0.00694341
v -0.00305944 -0.13471073 -0.00566756
v -0.0008501 -0.13656636 -0.00731267
v -0.00103562 -0.13436438 -0.00609901
v -0.00053495 -0.13538013 -0.00837396
v -0.00085131 -0.13334627 -0.00717564
v -0.00242222 -0.13479212 -0.00898318
v -0.00205614 -0.13648495 -0.01050086
v -0.00507852 -0.13599364 -0.01055272
v -0.00109501 -0.13205135 -0.00500431
v -0.00316525 -0.13234761 -0.00448786
v -0.00322669 -0.12985793 -0.00345426
v -0.0056256 -0.12968853 -0.00356443
v -0.00548137 -0.1321554 -0.00459523
v -0.00579705 -0.12712352 -0.00271371
v -0.00755009 -0.12645532 -0.0039126
v -0.00731751 -0.12897509 -0.00460233
v -0.00785438 -0.12389287 -0.00330652
v -0.00712471 -0.12330962 -0.00454243
v -0.00705189 -0.12583661 -0.0051143
v -0.00713118 -0.12068908 -0.00423667
v -0.00480987 -0.12039527 -0.00493952
v -0.00489561 -0.12309753 -0.00515725
v -0.00750111 -0.11799734 -0.00463753
v -0.00465741 -0.11765322 -0.00504483
v 0.03604975 -0.11951227 -0.00049675
v 0.03641656 -0.11966114 0.00063284
v 0.03587211 -0.11819889 0.00067747
v 0.03522863 -0.1178302 -0.00030326
v 0.03581806 -0.11710832 -0.00146028
v 0.03648851 -0.12052581 -0.00154354
v 0.03720316 -0.12148049 0.00052143
v 0.04239038 -0.11410915 -0.00145849
v 0.04368005 -0.11420598 -0.00048249
v 0.04411552 -0.11574281 -0.00141365
v 0.04291159 -0.11596901 -0.00229764
v 0.04051271 -0.11637614 -0.00157676
v 0.04045572 -0.11342148 -0.00066136
v 0.04215218 -0.11221994 0.00016987
v 0.04413666 -0.11734528 -0.00101018
v 0.04350341 -0.11886083 -0.00184182
v 0.04385065 -0.11735303 0.0001211
v 0.04356223 -0.11983819 0.00025445
v 0.03587793 -0.11649267 0.00218721
v 0.03486418 -0.11533585 0.0009747
v 0.03662831 -0.11882084 0.00182268
v 0.03811782 -0.11672411 -0.00144983
v 0.03789883 -0.11407733 -0.00020089
v 0.03720703 -0.11093924 0.0003292
v 0.03939666 -0.110189 -2.666E-05
v 0.03915944 -0.1203597 0.00165848
v 0.03773974 -0.11974467 0.00222522
v 0.03916499 -0.12116777 0.00018811
v 0.04047798 -0.11920113 0.00206251
v 0.03852339 -0.11630263 0.00300086
v 0.0412415 -0.12048914 0.00022763
v 0.04359621 -0.11654272 0.00145049
v 0.04262329 -0.11818156 0.00231649
v 0.0436091 -0.11437701 0.00083164
v 0.04289028 -0.11241499 0.00135077
v 0.04257271 -0.11362437 0.00248145
v 0.03738806 -0.11242006 0.00412078
v 0.03518401 -0.11266794 0.00329143
v 0.04093561 -0.11470482 0.00319856
v 0.03972632 -0.11150634 0.00405024
v 0.02687634 -0.08871088 0.00087821
v 0.02823706 -0.09070962 0.00166066
v 0.02681543 -0.09117277 0.00339748
v 0.02549779 -0.08831151 0.00296649
v 0.02890731 -0.086228 0.00053397
v 0.03073733 -0.08929586 0.0010701
v 0.02808668 -0.08539303 0.00297954
v 0.0263015 -0.08549452 0.00274683
v 0.02715297 -0.08564927 0.00514265
v 0.02841696 -0.08570191 0.00405602
v 0.03033551 -0.08550267 0.0039991
v 0.02991181 -0.08501061 0.00217936
v 0.03450505 -0.08359417 0.00319229
v 0.03536943 -0.08311637 0.00198568
v 0.03269823 -0.08394232 0.0016392
v 0.03273932 -0.08457897 0.00353423
v 0.03003214 -0.08549861 0.00599492
v 0.03686022 -0.08258149 0.00327165
v 0.03875953 -0.08424674 0.0032041
v 0.03702011 -0.08457948 0.00063687
v 0.03541425 -0.08271721 0.00472761
v 0.03724672 -0.08443288 0.0059279
v 0.03296358 -0.08429923 0.00567413
v 0.0338338 -0.0856986 0.00705936
v 0.0300269 -0.08688391 0.00729486
v 0.02651349 -0.0878242 0.00598619
v 0.02782548 -0.09077679 0.00587616
v 0.03082565 -0.0898041 0.00733429
v 0.03454713 -0.08876837 0.0070448
v 0.0318521 -0.09282307 0.00705925
v 0.03507126 -0.09198852 0.00683966
v 0.03772212 -0.08803127 0.00570478
v 0.03780432 -0.09144975 0.00538685
v 0.03567683 -0.09524536 0.00648232
v 0.03807759 -0.09469317 0.00509323
v 0.03918849 -0.09117359 0.00320036
v 0.03913506 -0.08780812 0.00324489
v 0.03936866 -0.09438118 0.00317973
v 0.038642 -0.09791997 0.00486517
v 0.03979556 -0.09757324 0.00315753
v 0.03819577 -0.09449112 0.00172677
v 0.03763895 -0.09127778 0.00141373
v 0.03876765 -0.09768195 0.00188472
v 0.04034979 -0.10074504 0.0030322
v 0.03930087 -0.10083253 0.0019104
v 0.0364519 -0.09805846 0.00144205
v 0.03567235 -0.09492252 0.00126891
v 0.03715407 -0.1011308 0.00133739
v 0.03984021 -0.10392119 0.00174429
v 0.03787391 -0.1041206 0.0009045
v 0.0347645 -0.10171118 0.0016904
v 0.03392415 -0.09864394 0.00184787
v 0.03555666 -0.10475758 0.00130064
v 0.03860169 -0.10714402 0.00052549
v 0.03638676 -0.10782681 0.00086075
v 0.03355693 -0.10545769 0.00199471
v 0.03269415 -0.10238577 0.00233147
v 0.034464 -0.10853102 0.00165882
v 0.0352711 -0.11158354 0.00105414
v 0.0333053 -0.10911717 0.00265638
v 0.03258503 -0.10594452 0.00310777
v 0.03422553 -0.1122475 0.00199165
v 0.03592506 -0.11456904 0.00025447
v 0.03432411 -0.10931931 0.00403546
v 0.03349464 -0.1060738 0.00460098
v 0.03642726 -0.10911185 0.00496472
v 0.03559044 -0.10579903 0.0055673
v 0.03882158 -0.10836426 0.00476206
v 0.03803532 -0.10512642 0.00535111
v 0.04062675 -0.10752647 0.00366955
v 0.03993883 -0.10438281 0.00416789
v 0.04135507 -0.11053935 0.00305652
v 0.04214297 -0.10983539 0.00190241
v 0.04154864 -0.10696364 0.00240691
v 0.04114428 -0.10975533 0.00078634
v 0.04042264 -0.10691351 0.00139251
v 0.04097623 -0.10389289 0.00279416
v 0.03926428 -0.10116027 0.00456568
v 0.03723413 -0.1018266 0.00579761
v 0.03644142 -0.09852409 0.00616423
v 0.03382342 -0.0991943 0.00636848
v 0.03473853 -0.10248073 0.0060197
v 0.03285662 -0.09596723 0.00673904
v 0.03061655 -0.09655181 0.00554034
v 0.03167314 -0.09966204 0.00530622
v 0.02931207 -0.09360702 0.00574106
v 0.02834019 -0.09392083 0.00369803
v 0.02963624 -0.096782 0.00375238
v 0.0295826 -0.093392 0.00223296
v 0.03072974 -0.09632521 0.00244115
v 0.03197375 -0.09234703 0.00158556
v 0.03301825 -0.09552118 0.00175614
v 0.03477992 -0.09171049 0.00095726
v 0.03393711 -0.08851417 0.00021136
v 0.03723366 -0.088039 0.00097041
v 0.03315941 -0.08511136 -0.00035399
v 0.03177894 -0.09932705 0.00252869
v 0.03070422 -0.09978792 0.003668
v 0.03170427 -0.10285775 0.00344325
v 0.03261333 -0.10285678 0.00501721
v 0.04099645 -0.11904254 -0.00135793
v 0.03878447 -0.11980227 -0.00159528
v -0.02038275 -0.10067422 -0.00314918
v -0.02060914 -0.10134933 -0.00171703
v -0.02241511 -0.10211857 -0.00212062
v -0.02225042 -0.1006596 -0.0037718
v -0.02190931 -0.09795219 -0.00305335
v -0.01983905 -0.09855006 -0.00275262
v -0.02013586 -0.09925366 -0.00103971
v -0.02734125 -0.09916169 -0.0026529
v -0.02686935 -0.10017788 -0.00122957
v -0.0268045 -0.09772117 -0.00072803
v -0.02708749 -0.09675667 -0.00235867
v -0.02246419 -0.10179608 -0.00078506
v -0.02388585 -0.1009447 -0.00040476
v -0.02481344 -0.10148019 -0.00182991
v -0.02135546 -0.10147801 -0.00042985
v -0.02220364 -0.09969417 0.00026726
v -0.02592702 -0.10044207 8.666E-05
v -0.02546488 -0.09864773 0.00064431
v -0.02002444 -0.09671149 -0.00012767
v -0.02213363 -0.09675552 0.00107483
v -0.0160307 -0.0745372 -0.00136403
v -0.01741714 -0.07632617 -0.000769
v -0.01946145 -0.0748167 -0.00099809
v -0.01787805 -0.07280239 -0.00139794
v -0.01415018 -0.07463937 -0.00017157
v -0.01536453 -0.07738788 0.0003001
v -0.01545788 -0.07102302 -0.00063217
v -0.02022755 -0.07667423 -0.00066262
v -0.01904823 -0.07898519 -0.00026763
v -0.02198474 -0.07900699 -8.324E-05
v -0.02207951 -0.07646883 -0.00039268
v -0.02195718 -0.07408726 -0.0009309
v -0.02128567 -0.0716017 -0.00159941
v -0.01683931 -0.07094131 0.00079953
v -0.01636499 -0.07147393 0.0020759
v -0.01481841 -0.07164244 0.0027138
v -0.01446327 -0.07463693 0.00299432
v -0.01999476 -0.06933314 -0.00114959
v -0.01925547 -0.07041975 0.00061573
v -0.01849646 -0.07138178 0.00222882
v -0.02576952 -0.07096136 0.00148733
v -0.0247438 -0.07102571 -0.0005903
v -0.02448122 -0.07371039 0.0002153
v -0.02541409 -0.07323664 0.00229075
v -0.02452439 -0.06940302 0.00234959
v -0.02335128 -0.06880205 -1.694E-05
v -0.02047204 -0.07077627 0.00218484
v -0.02157437 -0.06978966 0.00108761
v -0.02252727 -0.0696466 0.00236247
v -0.02113117 -0.07075035 0.00349707
v -0.01813327 -0.07186146 0.00385645
v -0.02308805 -0.07232348 0.00441533
v -0.01837085 -0.0739014 0.00473111
v -0.01897658 -0.07680917 0.00451473
v -0.01579375 -0.07748893 0.00276796
v -0.02279465 -0.07607245 0.00429472
v -0.01956425 -0.07967475 0.00419972
v -0.01693553 -0.08018776 0.0026054
v -0.02272275 -0.07909029 0.00403772
v -0.02492804 -0.07599879 0.00246067
v -0.02470557 -0.07873172 0.00244997
v -0.02288102 -0.08202554 0.00366934
v -0.02012444 -0.08258235 0.00380342
v -0.02478922 -0.08151019 0.00230794
v -0.02434194 -0.07877197 0.00078162
v -0.02450172 -0.0814105 0.00077794
v -0.0249634 -0.08432968 0.00203744
v -0.02318981 -0.08491155 0.00325999
v -0.0246619 -0.08412924 0.0006506
v -0.02217901 -0.08166993 -1.421E-05
v -0.0225161 -0.08432695 -0.00024502
v -0.02486426 -0.08685806 0.00036458
v -0.02523169 -0.08713365 0.00168609
v -0.02281998 -0.08702309 -0.0004842
v -0.01993462 -0.08488125 -0.00024091
v -0.02046336 -0.08755007 -0.00050332
v -0.02316993 -0.08969263 -0.00091933
v -0.02519227 -0.08948456 -0.00014739
v -0.02088486 -0.09021047 -0.00095086
v -0.01857693 -0.0882474 0.00016406
v -0.01919851 -0.09089188 -0.0001876
v -0.02125383 -0.09290998 -0.00146033
v -0.02353162 -0.09238119 -0.00137845
v -0.01964919 -0.09349623 -0.00075488
v -0.01946944 -0.09125674 0.00118122
v -0.01990656 -0.09397208 0.00060561
v -0.01991108 -0.09606025 -0.00153386
v -0.02167701 -0.09565036 -0.00182681
v -0.02403788 -0.09506603 -0.00177319
v -0.02463157 -0.09734531 -0.00269686
v -0.02611119 -0.09454768 -0.00126778
v -0.02506609 -0.09980306 -0.00323403
v -0.02557523 -0.09203707 -0.00067992
v -0.02640952 -0.09512985 3.774E-05
v -0.02588512 -0.09250925 0.00064078
v -0.02490682 -0.09600552 0.00116219
v -0.02432664 -0.09330505 0.00170286
v -0.02185826 -0.09394496 0.00172497
v -0.02146758 -0.09116335 0.00235828
v -0.02390905 -0.09056783 0.00228655
v -0.02107027 -0.08831996 0.00286499
v -0.02352938 -0.08775836 0.00279003
v -0.0189645 -0.08851377 0.0016817
v -0.01840334 -0.08574086 0.0020975
v -0.02059772 -0.08548466 0.00336627
v -0.01792477 -0.08555491 0.00038999
v -0.01725663 -0.08287472 0.00049051
v -0.01779548 -0.08293386 0.0024208
v -0.01945455 -0.08216871 -9.652E-05
v -0.01641098 -0.08018135 0.00040686
v -0.02555283 -0.08986574 0.00121072
v -0.02447308 -0.07621492 0.00054401
v 0.01199121 -0.12007147 -0.00411199
v 0.01251623 -0.1213178 -0.00249174
v 0.01177552 -0.11819537 -0.00156101
v 0.01153003 -0.11708363 -0.00321962
v 0.01433941 -0.12005094 -0.00519866
v 0.01454627 -0.12315524 -0.00335019
v 0.02085884 -0.12049477 -0.00309191
v 0.02056168 -0.12023264 -0.00201477
v 0.02024879 -0.12206518 -0.00129515
v 0.02075409 -0.12239932 -0.00395539
v 0.0212886 -0.11901233 -0.00331606
v 0.02109893 -0.11771048 -0.00174735
v 0.02077854 -0.11885919 -0.00495987
v 0.02002206 -0.11633386 -0.00303487
v 0.01986133 -0.11873572 -0.00012516
v 0.01314277 -0.12130339 -0.00080945
v 0.01309347 -0.11878981 -0.00015551
v 0.01503014 -0.12239732 -0.00069323
v 0.01521042 -0.1192274 0.00041803
v 0.02041145 -0.11436973 -0.00070501
v 0.01943389 -0.11530424 0.00065521
v 0.01933213 -0.11377928 -0.00178364
v 0.00791201 -0.0829131 -0.00022276
v 0.01121233 -0.08234192 -0.00022485
v 0.01165441 -0.08571006 -7.582E-05
v 0.00813381 -0.08602576 3.488E-05
v 0.00643745 -0.08599956 0.00251182
v 0.00683683 -0.08241876 0.002395
v 0.01733993 -0.08090895 0.00080084
v 0.01842887 -0.08276111 0.00014013
v 0.01507475 -0.0828348 -0.00039642
v 0.01472987 -0.08087429 0.00075139
v 0.01713727 -0.08101646 0.00289174
v 0.01924197 -0.08262324 0.00290768
v 0.00971291 -0.08210196 0.00234782
v 0.00943527 -0.08281969 0.00441648
v 0.01145568 -0.08313838 0.00507494
v 0.01190812 -0.0823335 0.00274105
v 0.00742526 -0.08293056 0.00558271
v 0.01071075 -0.08354349 0.00704457
v 0.01660032 -0.08169954 0.00486444
v 0.01829399 -0.08246346 0.00589047
v 0.01436228 -0.0827911 0.0052097
v 0.01472841 -0.0832599 0.00712787
v 0.01441236 -0.08195975 0.00288752
v 0.0123755 -0.08138786 0.00092559
v 0.01080248 -0.08644728 0.00724412
v 0.01515872 -0.08620365 0.00745042
v 0.01902688 -0.08594938 0.0060418
v 0.01516501 -0.08944546 0.00696956
v 0.01831364 -0.0893337 0.00554796
v 0.01987124 -0.08584502 0.00295089
v 0.01919698 -0.08904146 0.00303543
v 0.01788849 -0.09256723 0.00510385
v 0.01891784 -0.09225088 0.0029385
v 0.01811487 -0.08894914 0.00088769
v 0.01853792 -0.08593029 0.00032128
v 0.01800954 -0.09206006 0.00108625
v 0.01880482 -0.09546851 0.00266852
v 0.0180159 -0.09522805 0.00109205
v 0.01539116 -0.09197716 0.00065308
v 0.01527113 -0.08881905 0.00022698
v 0.01560709 -0.09521642 0.00071251
v 0.01814999 -0.09843046 0.00086365
v 0.0158017 -0.09845152 0.0006874
v 0.01287831 -0.09534023 0.00087749
v 0.01255416 -0.09208242 0.00079757
v 0.01315837 -0.09854282 0.00073913
v 0.01596535 -0.10165388 0.00039234
v 0.01338227 -0.10170229 0.00048592
v 0.0107275 -0.0987741 0.00087822
v 0.010345 -0.09562612 0.00102583
v 0.01106886 -0.10188477 0.00054725
v 0.01357279 -0.10482582 -6.334E-05
v 0.01135596 -0.10500469 0.00010355
v 0.01020318 -0.10231517 0.00187222
v 0.00976748 -0.09911803 0.00221288
v 0.01058565 -0.10547796 0.00139658
v 0.01152315 -0.10812605 -0.00049492
v 0.01077316 -0.10866249 0.00080965
v 0.01170316 -0.10600104 0.00294351
v 0.01134144 -0.10269609 0.00348481
v 0.01203777 -0.10926964 0.00229
v 0.01111479 -0.11186054 0.00014467
v 0.01243585 -0.11250851 0.00152214
v 0.01413206 -0.10967765 0.00340408
v 0.01375722 -0.10633888 0.00411328
v 0.0145262 -0.11296719 0.00256307
v 0.01282513 -0.11572455 0.00067426
v 0.01494309 -0.11614482 0.00151857
v 0.01699079 -0.11278375 0.00250148
v 0.01662251 -0.10950344 0.00333378
v 0.01739014 -0.11600257 0.00151773
v 0.017649 -0.1191766 0.00033143
v 0.01904463 -0.11209797 0.00146549
v 0.01869918 -0.10887861 0.00219638
v 0.01996759 -0.11137822 0.00010156
v 0.01983104 -0.10827002 0.00073303
v 0.01881321 -0.11096924 -0.00089612
v 0.01852809 -0.10800379 -0.0002163
v 0.01659934 -0.1108674 -0.00147351
v 0.01631601 -0.10784046 -0.00072856
v 0.01693144 -0.11388338 -0.00228071
v 0.0172056 -0.1169019 -0.00299095
v 0.01423254 -0.11403003 -0.00221021
v 0.01409668 -0.11100548 -0.00140281
v 0.01420356 -0.1170124 -0.00332952
v 0.01749874 -0.11946651 -0.00460253
v 0.01198717 -0.11422134 -0.00187514
v 0.01188634 -0.11127489 -0.00098766
v 0.01153922 -0.11499541 -0.00068364
v 0.01380443 -0.10795018 -0.00066523
v 0.01608856 -0.10480836 -4.674E-05
v 0.01848036 -0.10483967 9.398E-05
v 0.01832223 -0.10164475 0.00050638
v 0.01904411 -0.10190074 0.00179174
v 0.01941296 -0.1050927 0.00128109
v 0.0187946 -0.09868804 0.00228547
v 0.0178919 -0.09914301 0.00412695
v 0.01810605 -0.10242052 0.0035467
v 0.01777143 -0.09584358 0.00463678
v 0.015388 -0.09611627 0.00591716
v 0.0156468 -0.09949571 0.00535049
v 0.01522096 -0.09275386 0.00646865
v 0.01202388 -0.09288304 0.00629853
v 0.01252554 -0.09622201 0.00580874
v 0.01142263 -0.08962078 0.00677755
v 0.00841753 -0.08977662 0.00514814
v 0.00951355 -0.09294692 0.00475316
v 0.00694255 -0.08647432 0.00575489
v 0.00759506 -0.08951214 0.00263203
v 0.00918545 -0.08925799 0.00081094
v 0.0098444 -0.09246416 0.00103088
v 0.00860048 -0.09277515 0.0026074
v 0.01217111 -0.08884643 0.00048377
v 0.01520809 -0.08576068 -0.00024899
v 0.00934555 -0.09592575 0.00244197
v 0.01029665 -0.09615186 0.00438055
v 0.01079488 -0.09942363 0.00400073
v 0.01295023 -0.09959573 0.00529738
v 0.01338194 -0.1029612 0.00471186
v 0.0159422 -0.10285664 0.00473705
v 0.01629879 -0.10620183 0.00409946
v 0.01839811 -0.10565942 0.0028991
v 0.01765187 -0.12278699 -0.0036063
v 0.01771558 -0.12250722 -0.00097942
v -0.00800294 -0.11315852 -0.00194477
v -0.00836047 -0.11097565 -0.0013229
v -0.00740791 -0.11013054 -0.00226477
v -0.00605337 -0.11361235 -0.00346247
v -0.00797596 -0.11397043 -0.00071928
v -0.00812984 -0.11207414 0.00023885
v -0.00634152 -0.11567162 -0.00053191
v -3.675E-05 -0.11441946 -0.00133481
v -0.00169115 -0.11481053 -0.00299396
v -0.0013746 -0.11098044 -0.00212693
v 0.00031475 -0.11175092 -0.00095718
v -0.00092378 -0.11526537 0.00012311
v -0.00313044 -0.11600885 -0.00017897
v -0.00091915 -0.11280829 0.00078811
v -0.00620527 -0.1129754 0.00119842
v -0.00345381 -0.11321168 0.00141837
v -0.00853525 -0.07615385 0.0006185
v -0.0055273 -0.07667337 0.00013455
v -0.00545572 -0.07951128 4.932E-05
v -0.00883429 -0.07949544 -4.274E-05
v -0.01053 -0.07978314 0.00243196
v -0.00992307 -0.07671592 0.00281176
v 0.00014388 -0.07680215 0.00088629
v 0.00062697 -0.07688902 0.00309514
v 0.001451 -0.07990024 0.00309914
v 0.00085523 -0.08012155 0.00069878
v -0.00570741 -0.07717296 0.00321973
v -0.00357303 -0.07718001 0.00317819
v -0.00318475 -0.0763516 0.00158175
v -0.00550129 -0.07639708 0.00163622
v -0.00614766 -0.07761187 0.00487086
v -0.00375067 -0.07764346 0.00504117
v -0.00778734 -0.07720796 0.00436578
v -0.0077051 -0.07673982 0.00306877
v -0.00932938 -0.07744598 0.00505607
v -0.00694342 -0.07800576 0.00643766
v -0.0019328 -0.07725915 0.00458296
v -0.00054446 -0.07735953 0.00559517
v -0.00165451 -0.0767707 0.00302137
v -0.0035806 -0.07798175 0.00673166
v -0.00727163 -0.08049251 0.00689679
v -0.00342959 -0.08045893 0.00729335
v 0.00027599 -0.08019599 0.00603459
v -0.0036368 -0.0835636 0.00708572
v -0.00068655 -0.08351859 0.00567573
v 0.00084251 -0.08341263 0.00353958
v -0.00131058 -0.08676121 0.00545561
v 0.00023885 -0.08675053 0.00369247
v 0.00010743 -0.08334289 0.00181502
v -0.00031495 -0.08656072 0.00221558
v -0.00033083 -0.08994507 0.00357671
v -0.00069923 -0.08974077 0.00226611
v -0.00252636 -0.08624215 0.00171223
v -0.00237737 -0.08301105 0.00118205
v -0.002736 -0.08949635 0.00187275
v -0.00093362 -0.09291123 0.00210444
v -0.00292141 -0.09267996 0.00177528
v -0.00521446 -0.08937626 0.00171389
v -0.00513524 -0.08611945 0.00152929
v -0.00526934 -0.09254616 0.00156296
v -0.00299894 -0.09580886 0.00138242
v -0.00527103 -0.09567117 0.0011353
v -0.00748386 -0.09256154 0.001665
v -0.00756101 -0.08939385 0.00171762
v -0.00738023 -0.09571294 0.00144722
v -0.00528933 -0.09878498 0.00075986
v -0.00737563 -0.09882537 0.0011071
v -0.00856331 -0.09585655 0.00235926
v -0.00868974 -0.09268299 0.00263566
v -0.00861798 -0.09900414 0.00195824
v -0.00734832 -0.10191327 0.0006899
v -0.0086254 -0.10216834 0.00144235
v -0.0079441 -0.09947697 0.00338567
v -0.00804349 -0.09623371 0.00389768
v -0.0078902 -0.10271467 0.0028246
v -0.0084507 -0.10523495 0.00081823
v -0.00785525 -0.10592254 0.00213622
v -0.00623716 -0.10329159 0.00406389
v -0.00629521 -0.09996526 0.00465773
v -0.00614294 -0.10659029 0.00326953
v -0.00784777 -0.10906246 0.00121666
v -0.00609005 -0.10978364 0.00224634
v -0.00372837 -0.10674924 0.00340731
v -0.00385386 -0.1034362 0.00421288
v -0.00357686 -0.10999022 0.00242749
v -0.0011907 -0.10958023 0.00167337
v -0.00156848 -0.10632499 0.00251026
v -0.00010849 -0.1087423 0.00027032
v -0.00041486 -0.10575223 0.00125218
v -0.00133431 -0.10817122 -0.00066306
v -0.00130551 -0.10527853 0.00022885
v -0.00348054 -0.10789999 -0.00098374
v -0.00324 -0.10499132 -0.00029525
v -0.00411895 -0.11046446 -0.00200944
v -0.00561028 -0.1076152 -0.0009936
v -0.0054181 -0.10484074 -0.00029937
v -0.00577767 -0.10960332 -0.00160921
v -0.00739039 -0.10759775 -0.00086092
v -0.00735679 -0.10482975 -1.888E-05
v -0.00835043 -0.10817216 -0.00010042
v -0.00533736 -0.10181659 0.00020979
v -0.0031206 -0.10197502 0.00032863
v -0.00302866 -0.09890909 0.00090194
v -0.00113787 -0.09917463 0.00139189
v -0.0012776 -0.10228615 0.00093079
v -0.00108912 -0.09603608 0.00181754
v -0.00060891 -0.09632409 0.00296027
v -0.00055842 -0.09951159 0.00249762
v -0.00057387 -0.09314322 0.00332152
v -0.00186644 -0.09332927 0.00482701
v -0.00192966 -0.09659439 0.00434493
v -0.00176165 -0.09001908 0.00513999
v -0.00401944 -0.09006213 0.00628446
v -0.00404676 -0.09342918 0.00588191
v -0.00387107 -0.08676399 0.00672036
v -0.00679513 -0.08665822 0.00643225
v -0.00660144 -0.08993677 0.00605462
v -0.00702217 -0.08350049 0.00667767
v -0.00922118 -0.08336665 0.00479046
v -0.00865166 -0.08648852 0.00471268
v -0.00996533 -0.08025084 0.00505789
v -0.00965212 -0.08313551 0.0025056
v -0.00781387 -0.08290949 0.00106042
v -0.00760546 -0.08621566 0.00156548
v -0.0091293 -0.08634136 0.00275734
v -0.0051976 -0.08278693 0.00096763
v -0.00228993 -0.07985116 0.00038006
v -0.00251571 -0.07704699 0.00035719
v -0.00884381 -0.08949423 0.00279516
v -0.00833708 -0.08969073 0.00455225
v -0.00815077 -0.09295535 0.00427299
v -0.00648808 -0.0932871 0.00566675
v -0.00637676 -0.09663717 0.00519617
v -0.00401371 -0.09678788 0.00540722
v -0.003948 -0.10011755 0.00485317
v -0.00184655 -0.09985491 0.00383583
v -0.0017552 -0.10308658 0.00321753
v -0.00047325 -0.10267692 0.00195769
v -0.00729715 -0.07628353 0.00179419
v -0.00149676 -0.07621709 0.00172956
v 0.05555979 -0.07425897 -0.01979027
v 0.05589017 -0.07548289 -0.01794015
v 0.05368206 -0.0737216 -0.01787474
v 0.05423464 -0.07202256 -0.01979014
v 0.05635957 -0.07127226 -0.01908091
v 0.05700048 -0.07331263 -0.01956144
v 0.05849327 -0.07444892 -0.01774041
v 0.05797202 -0.07172635 -0.01710381
v 0.05461894 -0.0775103 -0.01433143
v 0.0555916 -0.07629183 -0.01577898
v 0.05735807 -0.07502329 -0.01490879
v 0.05514449 -0.07654806 -0.01300118
v 0.05242113 -0.07669762 -0.01325965
v 0.05169897 -0.07741577 -0.0146399
v 0.05299136 -0.0753998 -0.01618197
v 0.05182858 -0.07415877 -0.01258926
v 0.05042975 -0.07383363 -0.01386992
v 0.05472625 -0.07358934 -0.01257065
v 0.05077154 -0.05071269 -0.01697013
v 0.04782256 -0.0530849 -0.01657089
v 0.0459802 -0.0506309 -0.01697914
v 0.04904958 -0.04791249 -0.01700273
v 0.05120484 -0.04724973 -0.01443567
v 0.0527014 -0.05020603 -0.01477547
v 0.05178301 -0.0541504 -0.01649115
v 0.0493145 -0.05575556 -0.01608605
v 0.05311065 -0.05363888 -0.01470787
v 0.04787337 -0.04831346 -0.0156739
v 0.04571476 -0.04914979 -0.01559615
v 0.04677792 -0.04951334 -0.01408255
v 0.04890938 -0.04851168 -0.01418481
v 0.04736858 -0.04963864 -0.01293465
v 0.04899755 -0.04919824 -0.01241274
v 0.04604227 -0.05025329 -0.01217525
v 0.04742332 -0.05016807 -0.01098775
v 0.0448341 -0.05017894 -0.01326474
v 0.04344082 -0.05048983 -0.01227097
v 0.04365525 -0.05046355 -0.01420608
v 0.04189493 -0.05111505 -0.01238669
v 0.04416199 -0.05074962 -0.0112327
v 0.04230553 -0.05140625 -0.01010812
v 0.04546041 -0.05076442 -0.01036289
v 0.04503592 -0.05103558 -0.00887881
v 0.04844894 -0.04996787 -0.00955604
v 0.0456873 -0.05370466 -0.00847038
v 0.04945756 -0.05227476 -0.00948794
v 0.05089985 -0.04844679 -0.01157937
v 0.05227239 -0.05098844 -0.01179039
v 0.05035332 -0.05504562 -0.0100604
v 0.05276979 -0.05405748 -0.01211967
v 0.04705298 -0.05634144 -0.0094095
v 0.04836084 -0.05895055 -0.01023846
v 0.05129994 -0.05795004 -0.01059775
v 0.05329678 -0.05716123 -0.01245236
v 0.05221777 -0.06097219 -0.01111319
v 0.0540617 -0.06027233 -0.01281109
v 0.05379489 -0.05684277 -0.01477109
v 0.05462883 -0.05993066 -0.01497865
v 0.05485367 -0.06339421 -0.01322899
v 0.05545156 -0.06298932 -0.01529741
v 0.05374416 -0.06018869 -0.01657195
v 0.0527899 -0.0572659 -0.01644656
v 0.05459135 -0.06308527 -0.0168586
v 0.05623207 -0.06602868 -0.0157511
v 0.05530257 -0.06595044 -0.01731274
v 0.05275131 -0.0640012 -0.01664888
v 0.05173055 -0.06128075 -0.01618071
v 0.05364605 -0.06669849 -0.01728228
v 0.05587985 -0.06873522 -0.0181275
v 0.05425851 -0.06933834 -0.01825988
v 0.0524011 -0.06830555 -0.01615425
v 0.05121699 -0.06555506 -0.01552522
v 0.05352079 -0.07099111 -0.01686182
v 0.05236836 -0.072671 -0.01526544
v 0.05135823 -0.06979852 -0.01469498
v 0.05060305 -0.07058848 -0.0132935
v 0.04979658 -0.06777328 -0.01271663
v 0.05011926 -0.06699607 -0.01415217
v 0.0518952 -0.07074916 -0.01236458
v 0.05142091 -0.06766938 -0.01186892
v 0.05435041 -0.0703616 -0.01251509
v 0.05382472 -0.06718777 -0.01211319
v 0.05640659 -0.06957739 -0.01413824
v 0.05566169 -0.06651444 -0.01368067
v 0.05722969 -0.07248186 -0.01445963
v 0.05696543 -0.0690011 -0.01639483
v 0.05308345 -0.06405908 -0.01162037
v 0.05057281 -0.0646966 -0.01134235
v 0.04952027 -0.0617867 -0.01078671
v 0.04732643 -0.0623296 -0.01157388
v 0.04863958 -0.06504736 -0.0121273
v 0.04588847 -0.05964137 -0.01112885
v 0.04572242 -0.05898418 -0.01285069
v 0.04739427 -0.06154354 -0.01311956
v 0.04433896 -0.05699512 -0.01071193
v 0.04394344 -0.05647526 -0.01263016
v 0.04228469 -0.05455496 -0.00985128
v 0.04214368 -0.05390151 -0.01256919
v 0.04410851 -0.05247352 -0.01467642
v 0.04571887 -0.05476943 -0.01450642
v 0.04723808 -0.0573589 -0.01454466
v 0.05060539 -0.05850852 -0.01596422
v 0.04866122 -0.06004583 -0.01468244
v 0.04993168 -0.06281104 -0.0150483
v 0.04874207 -0.06426855 -0.01361348
v 0.00904179 -0.02021102 -0.00128571
v 0.00936678 -0.01889369 0.00042458
v 0.00754108 -0.01987844 0.00125802
v 0.00718751 -0.02054057 -0.00079682
v 0.0064001 -0.01903245 -0.00186209
v 0.00861089 -0.01886362 -0.00222663
v 0.00961161 -0.01852068 -0.00155642
v 0.0094245 -0.01688812 -0.00209337
v 0.01013086 -0.01667509 -0.0002965
v 0.0055294 -0.00767016 -0.00300511
v 0.00769469 -0.00722922 -0.00387339
v 0.00768223 -0.01025048 -0.00353668
v 0.00582298 -0.00997597 -0.00365288
v 0.00222752 -0.00571642 -0.00315293
v -0.00024182 -0.00575997 -0.00220806
v 0.00056207 -0.00377483 -0.00256912
v 0.00193284 -0.00451329 -0.00311976
v 0.00421185 -0.00516407 -0.00400775
v 0.00325919 -0.00387672 -0.00316354
v 0.00286857 -0.00687704 -0.00319036
v 0.00338585 -0.00811143 -0.00308833
v 0.00180829 -0.0081429 -0.00270881
v 0.00140244 -0.00688725 -0.00270451
v 0.00984623 -0.01160134 -0.00207842
v 0.01034537 -0.00906376 -0.00163164
v 0.01102715 -0.01289521 0.00031786
v 0.00984696 -0.0140705 -0.00135288
v 0.00418247 -0.00287402 -0.00361606
v 0.00228372 -0.0026413 -0.00281882
v 0.00334029 -0.00212536 -0.00285382
v 0.00509432 -0.00172313 -0.00276893
v 0.00709043 -0.00308195 -0.00354337
v 0.00586442 -0.00421384 -0.00406243
v -0.0003275 -0.00824254 -0.00138926
v 0.00073057 -0.01085624 -0.00093259
v 0.00050206 -0.01075461 0.00088487
v -0.00055821 -0.00803026 -0.00025314
v -0.00088055 -0.00667543 -0.00142434
v -0.00115301 -0.00619216 -0.00049336
v 0.00917173 -0.01111748 -0.00306332
v 0.00904882 -0.00777922 -0.00337652
v 0.01112471 -0.00832482 0.00063961
v 0.01146546 -0.01157982 0.00189044
v 0.00581855 -0.01981579 0.00146908
v 0.00722095 -0.01903216 0.00340948
v 0.00479983 -0.01921214 0.00300399
v 0.00158614 -0.01364784 0.00093096
v 0.00106262 -0.01324303 0.00230911
v 0.00061088 -0.0115167 0.00194458
v -2.455E-05 -0.00950912 0.002623
v -0.0004828 -0.00741592 0.00159309
v 0.00164947 -0.01369052 -0.00063741
v -0.00170848 -0.00434973 -0.00114915
v -0.00144503 -0.00563011 0.00104425
v 0.01094547 -0.01593727 0.00248607
v 0.01139953 -0.01370429 0.00373635
v 0.01091248 -0.0143585 0.00576061
v 0.01061115 -0.01630971 0.00531631
v 0.00916343 -0.01787774 0.00309703
v 0.00926058 -0.01789592 0.00525261
v 0.00573537 -0.0188447 0.00460757
v 0.00731835 -0.01859475 0.00516884
v 0.0067069 -0.0183918 0.00628471
v 0.00493185 -0.01881017 0.00550382
v 0.00321984 -0.0192525 0.00462316
v -0.00154871 -0.00552854 0.00235192
v -0.00156124 -0.00416343 0.00302328
v -0.00216443 -0.00361406 0.00068109
v -0.00066433 -0.00680969 0.00308848
v -0.00051274 -0.00598817 0.00426075
v 0.01012232 -0.00589212 0.00027135
v 0.00889591 -0.0039867 0.00045552
v 0.00911798 -0.00566898 0.00217039
v 0.00990374 -0.0066744 0.00166586
v 0.01022158 -0.00844956 0.00231845
v 0.01005662 -0.01075923 0.00300701
v 0.00890191 -0.00745434 0.00313476
v 0.00837744 -0.00975973 0.00393713
v 0.00498903 -0.00147438 0.00200532
v 0.00709467 -0.00250972 0.00130093
v 0.00595167 -0.00125064 -0.00110293
v 0.00398616 -0.00070702 -0.00034432
v 0.00143746 -0.00312298 0.00370405
v 0.00306888 -0.00110264 0.0021261
v 0.00200636 -0.00090084 0.00024948
v -0.00016807 -0.00194164 0.00070913
v 0.01033465 -0.012189 0.00414913
v 0.00946231 -0.01181997 0.00600395
v 0.00582592 -0.01851958 0.00713708
v 0.00377509 -0.01897028 0.00694642
v 0.00077172 -0.00559873 0.00447322
v 0.00182764 -0.00731079 0.00513542
v 0.00038055 -0.00783142 0.00533641
v 0.00314467 -0.00604355 0.0046507
v 0.01010292 -0.01495546 0.00725857
v 0.00996641 -0.01658539 0.00740817
v 0.00507093 -0.00357559 0.00416558
v 0.00734609 -0.00449478 0.00331182
v 0.0016132 -0.01000638 0.00613632
v 0.00353079 -0.00951503 0.00586348
v 0.00861159 -0.01803004 0.00705928
v 0.00796511 -0.01593691 0.00918011
v 0.00608255 -0.01778895 0.00871131
v 0.0003873 -0.01847019 0.00787776
v 0.00043825 -0.01617314 0.00737993
v 0.00125374 -0.01716988 0.00564155
v 0.00154692 -0.01929311 0.00636069
v 0.00235446 -0.01862941 0.00890585
v 0.00114991 -0.01553727 0.00875272
v 0.00581651 -0.01400727 0.00907506
v 0.00371878 -0.01480549 0.00910087
v 0.00716737 -0.01294468 0.00870731
v 0.00886009 -0.01379422 0.00838888
v 0.00687282 -0.01115579 0.00699629
v 0.00470782 -0.01186303 0.00732008
v 0.0024958 -0.01225642 0.007573
v 0.00577984 -0.00886434 0.0046515
v 0.00051278 -0.0126828 0.00736612
v 1.576E-05 -0.01053968 0.00568156
v -3.544E-05 -0.01153026 0.00446263
v 0.00047266 -0.01376696 0.00611271
v -0.00027535 -0.00855408 0.00424087
v 0.00115622 -0.01495987 0.00467404
v 0.00170651 -0.01573076 0.00305135
v 0.00214966 -0.01793961 0.00378299
v 0.00051478 -0.01257143 0.00345848
v 0.00265524 -0.01615232 0.00140451
v 0.00302824 -0.01865331 0.0016847
v 0.00343164 -0.01790594 0.00044841
v 0.00422652 -0.01862547 -0.00067269
v 0.00485125 -0.0199681 0.00017932
v 0.0032601 -0.01631557 0.00028969
v 0.0036319 -0.01645913 -0.00132089
v 0.00385631 -0.01479001 -0.00238167
v 0.00503241 -0.01484798 -0.00301816
v 0.00561287 -0.0170342 -0.0025614
v 0.00698927 -0.00642833 0.00410754
v 0.00509548 -0.00541688 0.00458149
v -0.00025213 -0.00260328 -0.00134287
v 0.00186736 -0.00151212 -0.00155546
v 0.00765869 -0.00284957 -0.00181222
v 0.0035175 -0.00126464 -0.00195731
v 0.00914835 -0.00549182 -0.00191734
v 0.0083798 -0.00520532 -0.00354126
v 0.00693446 -0.00557808 -0.0040727
v 0.00921699 -0.01410913 -0.00274174
v 0.00782926 -0.01350048 -0.00354129
v 0.00799689 -0.01676877 -0.00302911
v 0.00640971 -0.01492464 -0.00344741
v 0.00614676 -0.01272141 -0.00374451
v 0.00499856 -0.00641604 -0.00365172
v 0.00161333 -0.01082893 -0.0018826
v 0.00233705 -0.01061202 -0.00297511
v 0.00308392 -0.01287526 -0.00273681
v 0.00226844 -0.01356521 -0.00172085
v 0.00057399 -0.00803036 -0.00202847
v 0.00384752 -0.01014563 -0.00351134
v 0.00448127 -0.01229667 -0.00329481
v 0.0006507 -0.0109489 0.00260122
v -0.01952605 -0.06354787 -0.00076123
v -0.02056569 -0.06622118 -0.00099907
v -0.02305209 -0.06356488 -0.00029778
v -0.02149208 -0.06136627 -0.00038094
v -0.023463 -0.06536426 0.00199059
v -0.02256973 -0.06263173 0.00239494
v -0.01763976 -0.06023901 1.782E-05
v -0.01429707 -0.06103424 0.00152646
v -0.01336302 -0.06441357 0.00104121
v -0.01624125 -0.06398125 -0.00030669
v -0.01720767 -0.05694172 0.00090779
v -0.01439569 -0.05793577 0.00208652
v -0.015649 -0.0698621 0.00281757
v -0.01445743 -0.06786487 0.00156979
v -0.01506725 -0.06696105 0.00361837
v -0.01585727 -0.06861866 0.00482268
v -0.02278796 -0.06606256 0.00405932
v -0.02291471 -0.0635519 0.0047685
v -0.02196044 -0.06880761 0.00521692
v -0.02101029 -0.06487118 0.00663421
v -0.02204438 -0.06956203 0.0013499
v -0.01427702 -0.06481369 0.00373249
v -0.0145855 -0.06589497 0.00613096
v -0.00709513 -0.01969462 -0.00189613
v -0.00661289 -0.01912068 0.00016829
v -0.00535868 -0.02203947 -4.96E-06
v -0.007297 -0.0219987 -0.00265688
v -0.01451823 -0.01921386 -0.0001787
v -0.01563914 -0.02185615 0.00059871
v -0.01508442 -0.02061391 0.00292527
v -0.0135512 -0.01741256 0.00117694
v -0.01015278 -0.01809339 -0.0010735
v -0.01145348 -0.02026786 -0.00197838
v -0.00922846 -0.01839701 0.00051523
v -0.01083758 -0.0188588 0.00249428
v -0.00767067 -0.02004373 0.00331952
v -0.00598502 -0.02210083 0.00259432
v -0.00622889 -0.02438509 0.00352243
v -0.00523231 -0.02575937 0.00089892
v -0.00877711 -0.02230407 0.00520166
v -0.01015245 -0.02570362 0.00465801
v -0.00758128 -0.02723558 0.00370884
v -0.01223312 -0.02113906 0.00407591
v -0.01311718 -0.02455642 0.00503187
v -0.01558098 -0.02414814 0.00392719
v -0.01622296 -0.02753282 0.00460601
v -0.01382981 -0.02799893 0.00527895
v -0.01612515 -0.02501145 0.00154138
v -0.01650225 -0.02821302 0.00252052
v -0.01345869 -0.02655382 -0.0001425
v -0.01410353 -0.0294123 0.0009002
v -0.01264969 -0.02353895 -0.00153646
v -0.00855572 -0.02525952 -0.00143695
v -0.00984844 -0.02785623 -0.00011348
v -0.00681883 -0.02855479 0.00154771
v -0.00832613 -0.03107129 0.0019083
v -0.01087301 -0.03052218 0.00047779
v -0.00852622 -0.03036793 0.00378112
v -0.00945472 -0.03335508 0.00386666
v -0.00949006 -0.03380075 0.00217166
v -0.01097726 -0.02904762 0.00465406
v -0.01164296 -0.03227032 0.00488987
v -0.01426675 -0.03139343 0.00571369
v -0.01462577 -0.03478969 0.00612197
v -0.01208754 -0.03547258 0.00535567
v -0.01666765 -0.03105786 0.00517933
v -0.01686687 -0.03452903 0.00551087
v -0.01679294 -0.03148673 0.00327096
v -0.01715221 -0.03475286 0.00383842
v -0.01470925 -0.03236425 0.00166284
v -0.01529293 -0.03542106 0.00231454
v -0.01181438 -0.03331744 0.00117243
v -0.01267597 -0.03620648 0.00165173
v -0.01037993 -0.0367069 0.00241141
v -0.01114045 -0.03967969 0.00263461
v -0.01347738 -0.03918652 0.00199146
v -0.01012332 -0.036364 0.00412999
v -0.01063009 -0.03941238 0.00441196
v -0.01239405 -0.0386756 0.00585124
v -0.01257505 -0.04193349 0.00626859
v -0.01100889 -0.04253891 0.00467239
v -0.0149287 -0.03818333 0.00651632
v -0.01504015 -0.04160518 0.00672832
v -0.01713423 -0.0379542 0.00578334
v -0.0173338 -0.04136455 0.0059482
v -0.01763377 -0.03798476 0.00424456
v -0.01822458 -0.04119679 0.00452187
v -0.01593437 -0.03848027 0.00279863
v -0.01670484 -0.04154553 0.00305961
v -0.01428159 -0.04216121 0.00228674
v -0.01504796 -0.04514504 0.00227693
v -0.01747871 -0.0446282 0.00311966
v -0.01185191 -0.04269691 0.00283819
v -0.01250244 -0.0457117 0.00297808
v -0.0114532 -0.04570819 0.00487726
v -0.01171582 -0.0489934 0.00499604
v -0.01302803 -0.04878036 0.00301253
v -0.01266875 -0.04526559 0.00665018
v -0.01269135 -0.04873631 0.00692477
v -0.01510183 -0.04501939 0.00697834
v -0.01515981 -0.04845558 0.00712097
v -0.0175407 -0.04471378 0.00616213
v -0.01775714 -0.04798805 0.0063379
v -0.01885775 -0.04439675 0.00470442
v -0.01938689 -0.04755209 0.00482234
v -0.01819509 -0.0477153 0.0030806
v -0.01885758 -0.05075081 0.00305883
v -0.01993703 -0.05065758 0.0049148
v -0.01563717 -0.04817036 0.00211334
v -0.01612485 -0.05115812 0.00185318
v -0.0134857 -0.05188483 0.00288881
v -0.0139867 -0.05493531 0.00257756
v -0.01669368 -0.05404997 0.0015149
v -0.01218956 -0.05236753 0.00499474
v -0.01265603 -0.05573566 0.00479038
v -0.01280418 -0.05234637 0.00696553
v -0.01313505 -0.05593038 0.00683078
v -0.01542848 -0.05189477 0.00720049
v -0.0158873 -0.05531111 0.00720265
v -0.0181899 -0.05121487 0.00651563
v -0.01879738 -0.05446464 0.00667126
v -0.02063883 -0.05378825 0.00500967
v -0.02137455 -0.05700786 0.00504739
v -0.01949339 -0.05776463 0.00674535
v -0.0196082 -0.05372477 0.00298663
v -0.02055038 -0.05663968 0.00267525
v -0.02152244 -0.05962962 0.00234688
v -0.02216984 -0.06025609 0.00500698
v -0.02025234 -0.06113638 0.00676465
v -0.01716207 -0.06201516 0.00719459
v -0.01649535 -0.05866854 0.00719514
v -0.01765722 -0.0657898 0.00700522
v -0.01448144 -0.06246508 0.00617398
v -0.0183377 -0.07008436 0.0055648
v -0.01790345 -0.07123213 0.00187638
v -0.01654671 -0.06800231 -0.00041833
v -0.01381387 -0.06197431 0.00390488
v -0.01323279 -0.05895575 0.00439238
v -0.01367736 -0.05935969 0.00652827
v 0.04274225 -0.04562397 -0.01703989
v 0.04284273 -0.04365096 -0.01516411
v 0.04537878 -0.04185239 -0.01673186
v 0.04499203 -0.04587407 -0.01771381
v 0.0429119 -0.047567 -0.01576278
v 0.04332173 -0.0459822 -0.01473953
v 0.04500224 -0.04876989 -0.01645093
v 0.04935404 -0.04505736 -0.01634699
v 0.05058576 -0.04624547 -0.01503511
v 0.04811602 -0.04824774 -0.01598888
v 0.04768651 -0.04590589 -0.0172157
v 0.04752522 -0.04346607 -0.01683157
v 0.04954909 -0.04258514 -0.01622335
v 0.04799981 -0.03987597 -0.01546594
v 0.04388969 -0.03853416 -0.01518651
v 0.04595103 -0.0372657 -0.01460651
v 0.04198015 -0.04070109 -0.01384138
v 0.04292938 -0.04840526 -0.01365616
v 0.04260714 -0.04644453 -0.01316714
v 0.04233443 -0.04450084 -0.01315564
v 0.04142886 -0.0463146 -0.01143806
v 0.04094952 -0.04317014 -0.01179725
v 0.03995217 -0.0486354 -0.01059147
v 0.03970039 -0.04637758 -0.01005642
v 0.04141378 -0.04874311 -0.0119295
v 0.03936389 -0.04002471 -0.01130291
v 0.04052345 -0.03802704 -0.01300678
v 0.04003882 -0.04372469 -0.00970249
v 0.03917484 -0.04100055 -0.00930894
v 0.04739401 -0.04848924 -0.00759752
v 0.0468044 -0.04593148 -0.00707267
v 0.04430069 -0.04728802 -0.00765236
v 0.04518737 -0.04992033 -0.00845423
v 0.04894617 -0.04804941 -0.00956809
v 0.0490651 -0.0448974 -0.00887639
v 0.02826231 -0.01702052 -0.01076114
v 0.02978171 -0.01824516 -0.01031864
v 0.02801147 -0.01983936 -0.00999115
v 0.02634216 -0.01790001 -0.01053073
v 0.02548789 -0.01569772 -0.01116983
v 0.02878367 -0.01502364 -0.0108411
v 0.031193 -0.01636365 -0.00963327
v 0.01982065 -0.02057933 -0.00679112
v 0.01915647 -0.01932197 -0.00607077
v 0.01936724 -0.01733647 -0.00814146
v 0.02064086 -0.0194907 -0.00855439
v 0.02256632 -0.02189666 -0.00827155
v 0.02154358 -0.02278688 -0.00547128
v 0.02084218 -0.02052344 -0.00398456
v 0.02300468 -0.01420101 -0.00640297
v 0.02406937 -0.01254093 -0.00555253
v 0.0252311 -0.0128351 -0.0077131
v 0.02279207 -0.01484831 -0.00790439
v 0.02394333 -0.02280189 -0.0035717
v 0.0233058 -0.02069207 -0.00231047
v 0.0202428 -0.01808627 -0.00579324
v 0.02126736 -0.01795005 -0.00420374
v 0.02204575 -0.01555296 -0.00520934
v 0.02088222 -0.01656164 -0.0069044
v 0.03109485 -0.01502214 -0.00689383
v 0.02862154 -0.01323937 -0.0088208
v 0.03328658 -0.0182723 -0.0067897
v 0.03306689 -0.01867144 -0.0090903
v 0.0278215 -0.01213534 -0.00662856
v 0.029346 -0.01337099 -0.00557064
v 0.02835164 -0.01405328 -0.00361958
v 0.03016585 -0.01641577 -0.00392437
v 0.03224652 -0.01916699 -0.00439225
v 0.02532163 -0.02441293 -0.00574384
v 0.02624484 -0.02369046 -0.00365674
v 0.02631783 -0.01261266 -0.0043041
v 0.02706821 -0.02104772 -0.0016153
v 0.03000126 -0.02016064 -0.00239514
v 0.02830192 -0.01722669 -0.00202759
v 0.02551703 -0.01733481 -0.00105832
v 0.02265156 -0.01739966 -0.00199491
v 0.0271867 -0.01486908 -0.00198922
v 0.02487155 -0.0139673 -0.0018468
v 0.02240062 -0.01382769 -0.00315688
v 0.03052422 -0.02453064 -0.00239302
v 0.03243461 -0.02326558 -0.00298586
v 0.0293241 -0.02557616 -0.00389686
v 0.03172057 -0.02812184 -0.00419408
v 0.0329548 -0.02767437 -0.00282171
v 0.02826761 -0.0262987 -0.0059771
v 0.0308171 -0.02830082 -0.00624084
v 0.02798319 -0.02586165 -0.00804017
v 0.03028466 -0.0278985 -0.00829892
v 0.02534061 -0.02387134 -0.00795858
v 0.02651109 -0.0217135 -0.00916197
v 0.02884949 -0.0238575 -0.00926574
v 0.02426191 -0.01970491 -0.0096656
v 0.02258461 -0.01748654 -0.0101682
v 0.02199339 -0.01561432 -0.00938285
v 0.02537511 -0.01402681 -0.0095744
v 0.03010895 -0.02188372 -0.01008452
v 0.03232617 -0.02401922 -0.01045968
v 0.03109758 -0.02604095 -0.0096302
v 0.03175449 -0.02005871 -0.01027787
v 0.03386602 -0.02215957 -0.01060576
v 0.0350006 -0.02116502 -0.00911827
v 0.03714545 -0.02356099 -0.00945958
v 0.03601603 -0.02438146 -0.01106621
v 0.03520805 -0.02117777 -0.00696216
v 0.0372381 -0.0238863 -0.00736367
v 0.0340981 -0.02216188 -0.00485015
v 0.03615185 -0.02499425 -0.0053797
v 0.03468264 -0.02628336 -0.00363293
v 0.03675114 -0.02913098 -0.00439999
v 0.03810328 -0.02776602 -0.00600626
v 0.03514822 -0.03045961 -0.00372719
v 0.03712157 -0.03313058 -0.00456571
v 0.03872225 -0.03188714 -0.0051727
v 0.03387502 -0.03070108 -0.00489946
v 0.03576763 -0.03327814 -0.00568836
v 0.03282501 -0.03061623 -0.0067785
v 0.03459956 -0.03311387 -0.00745397
v 0.03224342 -0.03010912 -0.0087641
v 0.03412741 -0.03246033 -0.00939558
v 0.0331116 -0.0283162 -0.01019248
v 0.03504369 -0.0306797 -0.01084869
v 0.03440529 -0.02629139 -0.0110586
v 0.03642402 -0.02861288 -0.01170945
v 0.03811757 -0.02671442 -0.01159541
v 0.04015218 -0.02908663 -0.01230775
v 0.03843126 -0.0309375 -0.01240632
v 0.03931561 -0.0259831 -0.00999663
v 0.04128536 -0.02871283 -0.01064424
v 0.03914573 -0.02661497 -0.00792525
v 0.04107734 -0.02938901 -0.0085548
v 0.04007362 -0.03051684 -0.00666836
v 0.04200743 -0.03332503 -0.00732563
v 0.04300105 -0.03220493 -0.00918968
v 0.04056413 -0.03462267 -0.00590768
v 0.04227665 -0.03742662 -0.00650514
v 0.04383775 -0.03623861 -0.00792623
v 0.03890813 -0.03571409 -0.00536789
v 0.04051483 -0.03840779 -0.00596837
v 0.03740786 -0.03593386 -0.00640305
v 0.03896533 -0.03859436 -0.0070498
v 0.03628141 -0.03570142 -0.00813887
v 0.03785504 -0.03831482 -0.0087833
v 0.0360314 -0.03485301 -0.01004687
v 0.03775557 -0.03737191 -0.01071965
v 0.03701157 -0.03305402 -0.0115048
v 0.03884108 -0.03548566 -0.01226188
v 0.04039892 -0.03330157 -0.01324349
v 0.04228387 -0.03581845 -0.01412005
v 0.04216424 -0.03160247 -0.01316946
v 0.04409133 -0.03437894 -0.01394961
v 0.04309156 -0.03158398 -0.01133576
v 0.04499622 -0.03442004 -0.01197119
v 0.0448891 -0.03510855 -0.00979156
v 0.04673462 -0.03814054 -0.01035518
v 0.0469427 -0.03731719 -0.01253579
v 0.04552442 -0.03926603 -0.00848514
v 0.04721672 -0.04221671 -0.00888397
v 0.04880148 -0.04112301 -0.01085823
v 0.04386034 -0.04030523 -0.00697689
v 0.04535521 -0.04316975 -0.00716048
v 0.04197218 -0.0412054 -0.00656761
v 0.0432794 -0.0441793 -0.00705154
v 0.0402547 -0.041399 -0.00757816
v 0.04130096 -0.04425471 -0.00812313
v 0.04175683 -0.04715376 -0.00877539
v 0.04188257 -0.0499966 -0.00943484
v 0.04346072 -0.05043576 -0.01143513
v 0.04661868 -0.05021619 -0.01061915
v 0.04479317 -0.04964413 -0.01377224
v 0.04769358 -0.04932317 -0.01330868
v 0.05017359 -0.0472439 -0.01233716
v 0.05139782 -0.04277632 -0.0140855
v 0.05114164 -0.04392882 -0.01124983
v 0.04930698 -0.03998733 -0.01318604
v -0.00391345 -0.07138348 0.0012747
v -0.0039921 -0.07469968 0.00158284
v -0.00726226 -0.07396857 0.00156762
v -0.00609762 -0.06965157 0.00126158
v -0.00120908 -0.07018558 0.00137808
v -0.00044834 -0.07445373 0.00195577
v -0.00344056 -0.06615476 0.00207517
v -0.00049299 -0.0661395 0.00410134
v 0.000185 -0.06961811 0.00359594
v -0.00689537 -0.06527603 0.00380079
v -0.00623165 -0.061953 0.00464685
v -0.00329322 -0.06206915 0.00335903
v -0.00085044 -0.06269616 0.00492104
v -0.00834927 -0.06845587 0.00282261
v -0.00874902 -0.07327671 0.00545732
v -0.00848159 -0.07308634 0.0065463
v -0.0085033 -0.07133285 0.00671776
v -0.00863304 -0.07142098 0.00486375
v -0.00953099 -0.07237293 0.00288491
v -0.00940496 -0.07495171 0.00493311
v -0.00875046 -0.07433487 0.00722028
v -0.00063368 -0.07445026 0.00551127
v -0.00074004 -0.07683395 0.00488489
v -8.593E-05 -0.07273243 0.00433019
v 0.00027647 -0.07238464 0.00676926
v -0.00038391 -0.0740783 0.00693221
v -0.00104904 -0.07568628 0.00783949
v -0.00851459 -0.07174256 0.0082763
v -0.00889063 -0.06940772 0.00657749
v -0.00875024 -0.06874638 0.00803421
v -0.00826819 -0.06589626 0.00665624
v -0.00855661 -0.06866485 0.0050024
v -0.00066513 -0.07274944 0.00893734
v -0.00776586 -0.06223944 0.0071293
v -0.00655059 -0.06887224 0.00917574
v -0.00641447 -0.06579816 0.0091552
v -0.00618895 -0.06262462 0.00914047
v -0.00379662 -0.02138441 -0.00069132
v -0.00268965 -0.02362524 0.00030597
v -0.00524202 -0.02261826 0.00112379
v -0.0052523 -0.020259 0.00043146
v -0.00278009 -0.01934435 0.0011284
v -0.00245991 -0.02049125 -0.00062765
v -0.00061572 -0.02125255 0.00033566
v -0.00395619 -0.02670621 0.00130671
v -0.00545657 -0.02360972 0.00271494
v 0.00158355 -0.02195923 0.00215634
v 0.00086877 -0.02485268 0.00012111
v 0.00249472 -0.02565661 0.00371205
v 0.00023022 -0.02797659 0.00119388
v -0.00501734 -0.02933326 0.00308572
v -0.00461385 -0.03313415 0.0036185
v -0.0054506 -0.03241184 0.00577134
v -0.00619992 -0.02885846 0.0057698
v -0.00083905 -0.0306126 0.00260525
v -0.00152893 -0.03346862 0.00338173
v -0.00586209 -0.02066495 0.00300962
v -0.00057043 -0.01933296 0.00125756
v -0.00369267 -0.01953517 0.003373
v -0.00067739 -0.01999096 0.00310999
v 0.00118005 -0.02161476 0.00472811
v -0.0008758 -0.02013116 0.00553203
v 0.0017788 -0.0237938 0.00628626
v 0.00101533 -0.02044741 0.00673162
v -0.00461976 -0.01984684 0.00565412
v -0.00175051 -0.02140772 0.00693068
v 0.00018344 -0.0213038 0.00731067
v -0.00510076 -0.02106228 0.00745069
v -0.0074313 -0.02190223 0.00681935
v -0.00718847 -0.02099595 0.00510556
v -0.00654824 -0.02464444 0.00440812
v -0.00705376 -0.02491019 0.00638211
v -0.0050575 -0.02435881 0.00759965
v 0.000285 -0.02409592 0.00797624
v -0.00011732 -0.02821659 0.00791844
v 0.00140158 -0.02863956 0.00647136
v -0.00212925 -0.02415243 0.00769021
v -0.00242548 -0.02785595 0.00775312
v -0.00499203 -0.02816094 0.00746641
v -0.00479555 -0.03174201 0.00766641
v -0.00273226 -0.0315141 0.00821456
v -0.00475912 -0.03513297 0.00806182
v -0.00309157 -0.03500004 0.00880642
v -0.005372 -0.03567518 0.00622548
v -0.00546819 -0.03893766 0.00674797
v -0.00493713 -0.03855238 0.00856754
v -0.00457677 -0.03627127 0.00426217
v -0.00467629 -0.03943705 0.0048681
v -0.00209218 -0.03653389 0.00390084
v -0.00248549 -0.03971333 0.00428282
v 3.938E-05 -0.03664185 0.00480352
v -0.00066079 -0.03973812 0.00526801
v 0.00107024 -0.03341442 0.00444077
v 0.00190024 -0.0296238 0.00423631
v 0.00068454 -0.03262581 0.00633297
v -8.72E-05 -0.03606557 0.00656277
v -0.00057321 -0.0319774 0.00797815
v -0.0010755 -0.03543899 0.00824831
v -0.00139591 -0.03882898 0.00869892
v -0.0003865 -0.03933742 0.00702999
v -0.00333883 -0.03850098 0.0093781
v -0.00335362 -0.04209274 0.00979503
v -0.00147437 -0.04226366 0.00910781
v -0.00519045 -0.04204148 0.00900808
v -0.00541208 -0.04553983 0.00930541
v -0.00331206 -0.04567296 0.00998687
v -0.00560375 -0.04226153 0.00717562
v -0.00587257 -0.04561612 0.00749107
v -0.00481505 -0.04264165 0.00532581
v -0.00499485 -0.04588092 0.00561009
v -0.00269963 -0.04290893 0.0046208
v -0.00280577 -0.04611203 0.00483705
v -0.0008016 -0.04290119 0.00558805
v -0.0007838 -0.04612608 0.00578281
v -0.00049904 -0.04260974 0.00743943
v -0.0005904 -0.04593139 0.00771825
v -0.00138532 -0.04573775 0.00943435
v -0.00119102 -0.04922496 0.0096611
v -0.00035824 -0.04929632 0.00791822
v -0.00328888 -0.04923464 0.01007451
v -0.00321831 -0.0527955 0.01006412
v -0.00092443 -0.05274691 0.00979994
v -0.00559001 -0.04904433 0.00948168
v -0.00576862 -0.05254863 0.0095169
v -0.00614693 -0.04897872 0.0077183
v -0.0065723 -0.0523083 0.00779429
v -0.00515938 -0.04912709 0.00579138
v -0.00542708 -0.05233255 0.00577845
v -0.00286627 -0.04932312 0.00486233
v -0.00291433 -0.05250347 0.00481168
v -0.00076022 -0.04939608 0.00593658
v -0.00074444 -0.0526948 0.00597645
v -0.0001466 -0.05272811 0.00800923
v 1.332E-05 -0.05620935 0.00790828
v -0.0007281 -0.05600986 0.00582217
v -0.00055677 -0.05632683 0.00978295
v -0.00025573 -0.05989138 0.00947925
v 0.00031234 -0.05969242 0.00760502
v -0.00309045 -0.05631853 0.00989889
v -0.00301021 -0.0597554 0.00973351
v -0.00585525 -0.05599955 0.00934873
v -0.0059926 -0.05935597 0.00919436
v -0.00701666 -0.05561281 0.00768712
v -0.0074712 -0.05890813 0.00745075
v -0.00562394 -0.05553101 0.0056625
v -0.00587715 -0.05872643 0.00530684
v -0.00300272 -0.05564813 0.00462599
v -0.00313565 -0.05876356 0.00407419
v -0.00077264 -0.0593322 0.00546234
v 0.00044684 -0.06313986 0.00716935
v 0.00038615 -0.06644594 0.00673056
v -0.00015723 -0.06331208 0.00911848
v -0.0002215 -0.06651162 0.00884927
v -0.00305728 -0.06305804 0.00955315
v -0.00317886 -0.06623293 0.00957381
v -0.00337349 -0.06923503 0.00939315
v -0.00013603 -0.06957797 0.00891736
v -0.0036868 -0.07246917 0.00908756
v -0.00662379 -0.07227185 0.00910648
v -0.00712051 -0.07609408 0.00792234
v -0.00393272 -0.07635435 0.00801431
v -0.00751258 -0.07717989 0.0044183
v -0.00398867 -0.07747848 0.00449245
v 0.00083179 -0.06960069 0.00648064
v -0.00648379 -0.01548969 -0.00651506
v -0.00784911 -0.01435689 -0.00493148
v -0.0064223 -0.01248796 -0.00506645
v -0.00495664 -0.01425519 -0.00748458
v -0.00619654 -0.01739379 -0.00596186
v -0.00709795 -0.01728975 -0.00430524
v -0.00403863 -0.01825018 -0.00628079
v -0.00490463 -0.01888867 -0.00348969
v -0.0046573 -0.01470209 -0.00595768
v -0.00422284 -0.01636259 -0.00539752
v -0.00522067 -0.01397481 -0.00434178
v -0.00455129 -0.01629421 -0.00378937
v -0.00599394 -0.01911154 -0.00197925
v -0.00528607 -0.01921879 -0.00024327
v -0.00832872 -0.01828553 -0.00057501
v -0.00806425 -0.01771244 -0.00218268
v -0.00402988 -0.01789477 -0.00145638
v -0.01013513 -0.01677813 -0.00099031
v -0.0086926 -0.01763848 0.00073499
v -0.01084695 -0.01677327 0.00041565
v -0.00888098 -0.01422459 -0.00168973
v -0.01048269 -0.01435436 -7.931E-05
v -0.0061702 -0.01826534 0.00120252
v -0.00766462 -0.01204012 -0.00067805
v -0.00932443 -0.01290609 0.00014753
v -0.00897113 -0.01191295 0.00024773
v -0.00761374 -0.01100552 0.0001113
v -0.00601542 -0.00845303 -0.00011144
v -0.0040281 -0.00769782 -0.00093365
v -0.00388295 -0.01015893 -0.0013451
v -0.00569113 -0.01072097 -0.00102929
v -0.00459085 -0.01145009 -0.00174703
v -0.00608032 -0.01197974 -0.00195688
v -0.00227228 -0.00958373 -0.00124613
v -0.00097904 -0.00903828 -0.00045566
v -0.00014871 -0.01168283 0.00070928
v -0.00156954 -0.01194513 -0.00083544
v -0.00390596 -0.01288109 -0.00158209
v -0.00471102 -0.01330445 -0.00254028
v -0.01191985 -0.013689 0.00108609
v -0.01036017 -0.01261817 0.00102796
v -0.00931544 -0.01178478 0.00069468
v -0.0084482 -0.01054476 0.00137139
v -0.01010302 -0.01724851 0.00155878
v -0.00895807 -0.01781976 0.00238823
v -0.00988411 -0.01721965 0.00268723
v -0.01078978 -0.01717765 0.00215082
v -0.01192743 -0.01598319 0.00143608
v -0.00122898 -0.01803961 0.00244695
v -0.00337331 -0.01816414 0.00201426
v -0.00249073 -0.01849945 0.0010328
v -7.362E-05 -0.01803339 0.00200891
v -0.00121752 -0.01791525 0.00377343
v -0.00395741 -0.01805967 0.00336573
v 0.00054604 -0.01721632 0.00413835
v -0.01024922 -0.01766477 0.00322271
v -0.01137789 -0.01754808 0.00325037
v -0.00951754 -0.01830298 0.00375155
v -0.00384552 -0.00579868 -0.00074238
v -0.00490971 -0.00507452 0.00013101
v -0.0030392 -0.00371624 0.000231
v -0.00212067 -0.00596689 -0.00059105
v -0.01114019 -0.01878446 0.00469163
v -0.00061179 -0.00879868 0.00176515
v -0.0002521 -0.01067471 0.00359309
v -0.00139818 -0.00641845 0.00208698
v -0.00076469 -0.00840541 0.00349386
v -0.00297722 -0.00362076 0.00224419
v -0.00163957 -0.018281 0.00566548
v -2.353E-05 -0.0175309 0.00583319
v -0.01238915 -0.01291972 0.00428274
v -0.01175592 -0.01118922 0.00519555
v -0.01068813 -0.01038927 0.00419007
v -0.01070488 -0.01188565 0.00259537
v -0.01040029 -0.01328814 0.00678222
v -0.01030564 -0.01110731 0.00650799
v -0.01243306 -0.01504922 0.00557899
v -0.01022866 -0.01574601 0.00687423
v -0.00029349 -0.01160567 0.00558607
v 5.817E-05 -0.0134047 0.00517108
v 0.00040688 -0.01342371 0.00338164
v -0.00083581 -0.00929909 0.00515531
v -0.00093151 -0.01039819 0.00602018
v -0.00133457 -0.00633114 0.00426802
v -0.00109212 -0.00809526 0.00428686
v 0.00029842 -0.01490982 0.0047623
v 0.000724 -0.01540148 0.00348026
v -0.00355307 -0.01844886 0.00662777
v -0.00387633 -0.01849993 0.00780179
v -0.00673735 -0.01884529 0.00799871
v -0.00576767 -0.01878161 0.006499
v -0.01027033 -0.00955104 0.00576499
v -0.00874439 -0.00863604 0.00627463
v -0.00869231 -0.00926388 0.00383829
v -0.00202132 -0.00707433 0.00760704
v -0.00063486 -0.00890688 0.00798168
v -0.00040462 -0.00937996 0.00700608
v -0.00068501 -0.00746826 0.00613883
v -0.00450401 -0.00691304 0.00734859
v -0.00394162 -0.01013099 0.0077015
v -0.00197685 -0.01044054 0.00796268
v -0.0006327 -0.01104787 0.00784234
v 2.78E-06 -0.01361622 0.00778689
v 0.00042871 -0.01360874 0.00649652
v 5.941E-05 -0.01140481 0.00694414
v -0.00146753 -0.01341887 0.00837231
v -0.00081482 -0.01587869 0.00842143
v 0.00041404 -0.01656414 0.00732579
v -0.00347948 -0.01331615 0.00804117
v -0.00249301 -0.01632383 0.00837137
v -0.00566183 -0.0134107 0.00772077
v -0.00485493 -0.01632972 0.0082244
v -0.00619232 -0.01017225 0.00770521
v -0.00843499 -0.01053153 0.00755682
v -0.00800165 -0.01354848 0.00762887
v -0.00673343 -0.0077092 0.00686886
v -0.0070482 -0.00730274 0.00417761
v -0.00506848 -0.00536098 0.0045073
v -0.00277052 -0.00441714 0.00480235
v -0.00541849 -0.00470576 0.00199981
v -0.00702289 -0.00761786 0.0015982
v -0.00755163 -0.01633106 0.007923
v -0.00975292 -0.01826147 0.00695509
v -0.00150489 -0.01839872 0.0075346
v -0.00870717 -0.0195303 0.00604913
v 0.00069726 -0.01572096 0.00556994
v 0.00033575 -0.014004 0.00115606
v 0.00036689 -0.01641834 0.00127475
v -0.00085257 -0.01561612 -0.00017496
v -0.00095924 -0.01426358 -0.00045034
v -0.00195353 -0.01744203 0.00036129
v -0.0031755 -0.0163419 -0.00106578
v -0.00221213 -0.01589147 -0.00046937
v -0.00412324 -0.01568537 -0.00213145
v -0.00330992 -0.01501307 -0.00132448
v -0.01233852 -0.01716403 0.0053193
v -0.00736794 -0.0186787 0.00457129
v -0.00457738 -0.01843345 0.00489706
v -0.00659027 -0.01839191 0.00306498
v -0.0125482 -0.01599995 0.00334961
v -0.00277127 -0.00763783 -0.00120894
v -0.00286442 -0.01230005 -0.00112007
v -0.00235903 -0.01447114 -0.00068038
v -0.00357086 -0.00144953 -0.00632861
v -0.00292878 0.00012572 -0.00665922
v -0.00134941 -0.00123165 -0.00646978
v -0.00288985 -0.00286634 -0.00623487
v -0.00494213 -0.00154618 -0.00587629
v -0.00479779 0.00069882 -0.00602018
v -0.00468869 -0.00367828 -0.00545176
v 0.00123691 -0.00357914 -0.00421729
v 0.00043835 -0.00495054 -0.00459737
v -0.00045477 -0.00307872 -0.00561142
v 0.0007659 -0.00164134 -0.00490854
v 0.00017674 -0.00457408 -0.00341588
v 0.00053124 -0.00296802 -0.00241178
v -0.00147852 -0.00284988 -0.0021822
v -0.00134241 -0.00461129 -0.00338869
v -0.00131274 -0.00608812 -0.00414983
v -0.00751938 -0.00096591 -0.00411631
v -0.00644767 -0.00136124 -0.0050269
v -0.0065161 -0.00348367 -0.00427424
v -0.00828311 -0.00230458 -0.00325198
v -0.00834622 0.00074103 -0.00440863
v -0.00661152 0.00096562 -0.00532197
v -0.00432693 -0.00425187 -0.00190336
v -0.00458038 -0.00330345 -0.0011464
v -0.00623107 -0.00434845 -0.00057171
v -0.00518041 -0.00535601 -0.00198245
v -0.00310138 -0.00443806 -0.00273276
v -0.00301558 -0.00296747 -0.00177021
v -0.00815243 -0.0035302 -0.00109623
v -0.00860676 -0.00256298 0.00097211
v -0.01045614 3.657E-05 0.0012007
v -0.00992784 -0.00112432 -0.00070818
v -0.00616073 -0.00507863 -0.00292719
v -0.01053378 0.00018301 -0.00242885
v -0.00640177 -0.00363798 0.00073659
v -0.00357207 0.00459981 -0.00377183
v -0.00543432 0.00561761 -0.0017293
v -0.00220401 0.00461022 -0.00053455
v -0.00154614 0.00383106 -0.00347837
v -0.00220658 -0.00175089 -0.00041917
v -0.00039399 -0.00189326 -0.00024586
v -0.00104758 -0.00179347 0.00146527
v -0.00361119 -0.00203637 0.0013627
v -0.00634368 0.00383086 -0.00450846
v -0.0084262 0.00348403 -0.00357595
v -0.00831512 0.0055145 -0.00112179
v -0.00540962 0.00550315 0.00163723
v -0.00768464 0.00542951 0.00132614
v -0.01059074 0.00485279 -6.801E-05
v -0.00853418 0.00471026 0.00294542
v -0.00309105 -0.0026673 0.00418643
v -0.00356366 -0.0022893 0.00308532
v -0.00125553 -0.00199552 0.00301053
v -0.00139767 -0.00271567 0.00450319
v -0.00945368 0.00299817 0.00414079
v -0.01185254 0.00267165 0.00093215
v -0.00937697 -4.476E-05 0.00406012
v -0.00079741 0.00048968 0.00517544
v -8.248E-05 -0.00168439 0.00532259
v -0.00019278 -0.00071034 0.00327335
v -0.00095016 0.00156605 0.00372276
v -0.00277409 0.00172607 0.00601539
v -0.0006118 -0.00089121 0.00694491
v -0.00648745 -0.00081708 0.00569623
v -0.00492 -0.00224208 0.00672931
v -0.00413845 0.00013847 0.00656033
v -0.00676878 0.00082778 0.00558447
v -0.00784375 -0.00165104 0.0054426
v -0.00629463 0.00280639 0.00532281
v 0.00021901 -0.00350679 0.00594993
v -0.00142898 -0.00403869 0.00581579
v -0.00013088 -0.00298771 0.00681756
v -0.0018218 -0.00313509 0.00709079
v -0.00269471 0.00345652 0.00429744
v -0.00558865 0.00440179 0.00404122
v -0.00215208 -0.00104392 0.00705528
v -0.00375252 -0.00378579 0.00534033
v -0.00538648 -0.00357452 0.00389506
v -0.00711111 -0.00329958 0.00499159
v -0.0061041 -0.00355514 0.00221916
v -0.00820744 -0.00262661 0.00286693
v -0.00023584 -9.783E-05 0.00156228
v -0.00108814 0.0024469 0.00185286
v -0.00010248 -1.186E-05 -0.00035601
v -0.00064697 0.00259938 -0.00033428
v 0.00058991 -0.00063359 -0.00269201
v -1.75E-06 0.00202721 -0.00309058
v -0.00013131 0.00063073 -0.00543094
v -0.00192279 0.00228902 -0.00579197
v -0.00411187 0.00328834 -0.00548091
v -0.01016178 0.00288533 -0.00244949
v -0.00255266 0.00460334 0.00209031
v -0.00446819 -0.00249344 -1.933E-05
v -0.00309341 -0.00216017 -0.00067347
v -0.00404227 -0.00524934 -0.00439059
v -0.00339738 -0.0060307 -0.00331116
v -0.00206717 -0.00446993 -0.00533128
v -0.01106641 -0.0145766 -0.00961176
v -0.01060775 -0.01497487 -0.0089323
v -0.01143966 -0.01569065 -0.00877727
v -0.01168445 -0.01486913 -0.00982297
v -0.01158794 -0.01343346 -0.01056357
v -0.01073953 -0.01349087 -0.01003595
v -0.01444423 -0.01161569 -0.01048408
v -0.01468631 -0.01244046 -0.01010792
v -0.01521721 -0.01159936 -0.00955863
v -0.01469442 -0.01084368 -0.01030194
v -0.01244678 -0.0163467 -0.00743487
v -0.01247903 -0.01601833 -0.00883155
v -0.01114099 -0.0156557 -0.00765558
v -0.01244935 -0.01525072 -0.00621273
v -0.01124775 -0.0142756 -0.00674673
v -0.00974324 -0.01368474 -0.0084659
v -0.01024511 -0.01463471 -0.00795588
v -0.01007262 -0.01366391 -0.00925832
v -0.01619891 -0.00951729 -0.00753755
v -0.01602332 -0.00889862 -0.00805268
v -0.01573761 -0.0097508 -0.00870874
v -0.01609021 -0.01035784 -0.00788281
v -0.01646183 -0.01069383 -0.00666058
v -0.01647813 -0.00895085 -0.00656599
v -0.01530319 -0.00626724 -0.00815394
v -0.01511702 -0.00693314 -0.00864069
v -0.01573494 -0.00744711 -0.00789545
v -0.01564904 -0.00629861 -0.00748323
v -0.01267604 -0.00547777 -0.00908313
v -0.01344202 -0.00548878 -0.00921631
v -0.01377291 -0.00490846 -0.00835105
v -0.01263965 -0.00528134 -0.00837002
v -0.01607485 -0.0154268 -0.00591561
v -0.01654589 -0.01469464 -0.00569122
v -0.01594677 -0.01439828 -0.00662479
v -0.01548093 -0.01544608 -0.00677876
v -0.01590069 -0.01593175 -0.00540796
v -0.0165477 -0.01490173 -0.00490311
v -0.01477007 -0.01618787 -0.00654441
v -0.016657 -0.01264598 -0.00600288
v -0.0166168 -0.0119339 -0.00626838
v -0.01615769 -0.01285635 -0.00697197
v -0.01635337 -0.01340614 -0.00626081
v -0.0169396 -0.01255883 -0.00535763
v -0.01693143 -0.01137972 -0.00536002
v -0.01681676 -0.01363523 -0.00548298
v -0.01685518 -0.00981581 -0.00538966
v -0.01662694 -0.00785815 -0.00559721
v -0.01616493 -0.01207838 -0.00760038
v -0.0099347 -0.01258395 -0.00716438
v -0.00952657 -0.01219794 -0.00843861
v -0.00951384 -0.01066242 -0.00838556
v -0.00964795 -0.01080006 -0.00715367
v -0.01005795 -0.01086932 -0.00589456
v -0.01038162 -0.01245413 -0.00570221
v -0.01478356 -0.01533306 -0.00498695
v -0.01532629 -0.01575707 -0.00507138
v -0.01409587 -0.01629576 -0.00606257
v -0.0137692 -0.01551087 -0.00554102
v -0.01480448 -0.01467979 -0.0046752
v -0.0157661 -0.01475889 -0.00468417
v -0.01364208 -0.01480604 -0.00479952
v -0.01158521 -0.01362559 -0.00446854
v -0.01117834 -0.01249394 -0.00455942
v -0.01238296 -0.01256744 -0.00434365
v -0.01256017 -0.01389209 -0.00424121
v -0.01556743 -0.0125332 -0.00397972
v -0.01661297 -0.01253093 -0.00449339
v -0.01663456 -0.01371256 -0.00468764
v -0.01577094 -0.01382842 -0.00433919
v -0.01453404 -0.01286834 -0.00405575
v -0.01476485 -0.01395395 -0.0041629
v -0.01414086 -0.01195876 -0.00416101
v -0.01443132 -0.01136047 -0.00417271
v -0.01481786 -0.00962081 -0.00424346
v -0.01466951 -0.01039896 -0.00432189
v -0.0136034 -0.00960958 -0.00459852
v -0.01413541 -0.00874135 -0.00441886
v -0.01554893 -0.0095443 -0.00408596
v -0.01569575 -0.0109355 -0.00403821
v -0.01496718 -0.00813416 -0.00418061
v -0.01573666 -0.00635458 -0.00522812
v -0.01591071 -0.00739162 -0.00447175
v -0.01462067 -0.00637063 -0.00427802
v -0.01490664 -0.00580077 -0.00501487
v -0.01611763 -0.00643397 -0.00633537
v -0.01512237 -0.00534585 -0.00609187
v -0.0123325 -0.00645556 -0.00481754
v -0.01326475 -0.0063465 -0.00452518
v -0.01312321 -0.00756467 -0.00467691
v -0.01187411 -0.00719936 -0.00505837
v -0.01246788 -0.00883642 -0.00486826
v -0.01129649 -0.00828397 -0.00509002
v -0.0142369 -0.00722201 -0.00433757
v -0.01330292 -0.01061838 -0.0044234
v -0.01210876 -0.01002855 -0.00465271
v -0.01091521 -0.00960964 -0.00489623
v -0.01210432 -0.01127678 -0.00450005
v -0.01087665 -0.0110637 -0.00469635
v -0.01002314 -0.00925725 -0.00600022
v -0.01050126 -0.00774839 -0.00593778
v -0.00975382 -0.00921789 -0.0071275
v -0.01050613 -0.00769331 -0.00696959
v -0.00965802 -0.00914158 -0.00833966
v -0.01024518 -0.00758717 -0.00806768
v -0.00971423 -0.00891956 -0.00957568
v -0.01022499 -0.00741379 -0.00922427
v -0.00958389 -0.01046769 -0.00970851
v -0.00976837 -0.01206241 -0.00956814
v -0.01020843 -0.01023673 -0.01078419
v -0.01036381 -0.00863272 -0.0106215
v -0.01039677 -0.01192596 -0.01052638
v -0.01133629 -0.01180392 -0.01117987
v -0.01127592 -0.01008973 -0.01140775
v -0.01248399 -0.01166937 -0.01131021
v -0.01253518 -0.01011801 -0.01140736
v -0.01263526 -0.01331517 -0.01077497
v -0.01269678 -0.0148713 -0.00995849
v -0.01371987 -0.01298003 -0.01059706
v -0.01362623 -0.01165402 -0.01096807
v -0.01384154 -0.014338 -0.00987031
v -0.0137774 -0.01545062 -0.00893225
v -0.01488381 -0.0135113 -0.00950776
v -0.01496567 -0.01449163 -0.00873943
v -0.01390455 -0.01603986 -0.00780363
v -0.01499244 -0.01510599 -0.00781674
v -0.01570216 -0.01326711 -0.00823052
v -0.0155407 -0.01245148 -0.00888314
v -0.0156091 -0.01392412 -0.00747044
v -0.01586655 -0.01136007 -0.00835658
v -0.01547692 -0.01065546 -0.00912686
v -0.01490233 -0.00989077 -0.00995924
v -0.01519695 -0.00900844 -0.00944716
v -0.01428058 -0.00830845 -0.01008854
v -0.01394392 -0.00925999 -0.01062817
v -0.01549294 -0.00824886 -0.00868982
v -0.01472503 -0.00754705 -0.00940066
v -0.01614911 -0.00791907 -0.00711427
v -0.01374252 -0.0068045 -0.00988247
v -0.01317424 -0.00764481 -0.01056515
v -0.01438063 -0.00606298 -0.00914272
v -0.01267012 -0.00623814 -0.00999958
v -0.01475163 -0.00549873 -0.00828495
v -0.01502143 -0.00526228 -0.00728197
v -0.01395614 -0.00488774 -0.00716088
v -0.01386589 -0.00512563 -0.00605718
v -0.01356587 -0.00555768 -0.00508596
v -0.01224131 -0.00566847 -0.00527583
v -0.01260325 -0.00550855 -0.00624908
v -0.01274247 -0.00536613 -0.00735445
v -0.01149569 -0.00640708 -0.00668347
v -0.01137836 -0.00625362 -0.00774117
v -0.01120657 -0.00601827 -0.00883017
v -0.01170584 -0.00602344 -0.00965229
v -0.0108001 -0.00718028 -0.01021812
v -0.01191727 -0.00718115 -0.01072197
v -0.01147912 -0.0085107 -0.01119692
v -0.0127798 -0.00872457 -0.0111396
v -0.01371772 -0.01040095 -0.01093551
v -0.01124744 -0.00652271 -0.00566794
v -0.01327716 -0.01165146 -0.00430323
v -0.01348632 -0.01279867 -0.0041819
v -0.01364528 -0.01402088 -0.00413672
v -0.01246411 -0.01466132 -0.00501704
v -0.0113584 -0.01397774 -0.00525082
v -0.01648443 -0.00946031 -0.00443416
v -0.01661804 -0.01114579 -0.0044335
v 0.01587489 -0.00136356 -0.00504094
v 0.01738723 -0.00144252 -0.00416858
v 0.0176182 -0.00292944 -0.00547776
v 0.01536459 -0.00343536 -0.00596624
v 0.01316947 -0.00105336 -0.00456617
v 0.01465428 -7.867E-05 -0.00310977
v 0.01850731 -0.00294136 -0.00299817
v 0.0182266 -0.00388237 -0.00483751
v 0.01720326 -0.00557032 -0.00039163
v 0.01728359 -0.00389215 -0.00020512
v 0.01600115 -0.00349903 0.00177742
v 0.01616052 -0.00601794 0.00095056
v 0.01694734 -0.00658754 -0.00191451
v 0.0178376 -0.00478642 -0.00254513
v 0.0159673 -0.00793501 -0.00070928
v 0.01018043 -0.00526666 0.0001397
v 0.01087417 -0.00633921 0.00115093
v 0.00987062 -0.00416576 0.00206602
v 0.00919412 -0.00357252 0.00041732
v 0.0098047 -0.00594817 -0.0012478
v 0.01130692 -0.00825134 -0.00083697
v 0.00844046 -0.00357351 -0.00129575
v 0.01464335 -0.00820538 0.00061829
v 0.01435192 -0.00634925 0.00204694
v 0.01225872 -0.00689001 0.00231741
v 0.01321019 -0.0092559 -2.52E-06
v 0.01422097 -0.00888411 -0.00240223
v 2.789E-05 0.00118657 -0.00038623
v 0.00040188 0.00010028 0.00136084
v -0.00067924 0.00171139 0.00252384
v -0.00061285 0.00312697 -0.00023689
v 0.01079043 0.00439223 0.00066605
v 0.01295417 0.00158283 -0.00071914
v 0.01169187 0.00081447 -0.00286184
v 0.00953514 0.00310399 -0.00249221
v 0.01279601 0.00223505 0.00286631
v 0.01472787 0.00119608 0.00088768
v 0.00957911 0.00403845 0.0030692
v 0.01061651 0.00251651 0.00448989
v 0.00387351 -0.00206333 0.00349408
v 0.00322952 -0.00276872 0.00477536
v 0.00125039 -0.00125952 0.00331179
v 0.00310441 -0.00114031 0.00217761
v 0.00527391 -0.00129599 0.00154803
v 0.00590324 -0.0025242 0.00347426
v 0.01135736 -0.00340537 0.00336265
v 0.01396419 -0.00350657 0.00307781
v 0.01113792 -0.0002726 0.00397555
v 0.01348162 -0.00062447 0.00316852
v 0.00743576 0.00430727 0.00323762
v 0.00822692 0.00209055 0.00488619
v 0.00109779 0.00373642 0.00390597
v -0.00024792 0.00322612 0.00343291
v 0.0010868 0.00183135 0.00540394
v 0.00183802 0.00299053 0.00475425
v 0.00352739 0.00143895 0.00583227
v 0.00324895 0.00341502 0.00454173
v 0.00207431 0.0048085 0.00302115
v 0.005196 0.00404366 0.00392526
v 0.00408085 0.0058376 0.00162675
v 0.00051224 0.00474305 0.00111163
v 0.00283362 0.00555141 -0.00107493
v 0.00691556 0.0057548 0.00073257
v 0.006279 0.00503945 -0.00243741
v 0.001832 0.00357191 -0.00279708
v 0.00530817 0.00261519 -0.00375366
v 0.00810077 0.00083764 -0.00357717
v 0.00430542 0.00017703 -0.00297194
v 0.0018028 0.00092792 -0.00177678
v 0.00689264 -0.00116713 -0.00308608
v 0.01004653 -0.0012271 -0.00356111
v 0.00872816 -0.00303747 -0.00306434
v 0.00674677 -0.00162668 -0.00115128
v 0.00446914 -0.00072715 -0.00070149
v 0.00736782 -0.00205948 0.0009096
v 0.00813042 -0.00300279 0.00280482
v 0.00897439 -0.00247412 0.00428813
v 0.00648633 -0.00331544 0.00517969
v 0.00890211 -0.00041016 0.00497616
v 0.00633724 -0.00098361 0.00585915
v 0.00593857 0.00166185 0.00552578
v 0.00335896 -0.00092761 0.00591282
v 0.00049866 4.458E-05 0.00496237
v 0.00217159 -0.0006301 0.00020633
v 0.01166887 -0.00331864 -0.00433009
v 0.0103152 -0.00537 -0.00331002
v 0.01345702 -0.00573057 -0.00503873
v 0.01197744 -0.00776336 -0.00337191
v 0.01557347 -0.00692574 -0.00382972
v 0.01554429 -0.00101885 0.0018368
v 0.01724264 -0.00170684 -0.00029302
v 0.0162374 2.34E-06 -0.00140471
v 0.01703062 -0.00520794 -0.00469187
v 0.03016097 -0.07936826 -8.058E-05
v 0.03038982 -0.08226795 0.00025315
v 0.02725966 -0.08267225 0.00060611
v 0.02805806 -0.07861909 0.00023847
v 0.03233154 -0.07757868 -0.00066437
v 0.03324824 -0.08067446 0.00039553
v 0.03028027 -0.07540561 1.751E-05
v 0.03301867 -0.08343131 0.00183062
v 0.03078476 -0.08496383 0.00251528
v 0.03604652 -0.07892576 0.00103658
v 0.0349072 -0.08262056 0.00322142
v 0.03200745 -0.08434298 0.00528313
v 0.02748847 -0.07351017 0.00085841
v 0.02504173 -0.0777889 0.0001545
v 0.02687664 -0.06997001 0.00150772
v 0.03026147 -0.0694174 0.00278997
v 0.03156097 -0.0718409 0.00185945
v 0.03349265 -0.07364796 0.00062681
v 0.03491006 -0.07601725 -0.00033181
v 0.03477923 -0.0762668 0.00273481
v 0.02516505 -0.08245854 0.00446451
v 0.02513586 -0.08209914 0.00570539
v 0.02439666 -0.08033504 0.00580639
v 0.02456615 -0.08075767 0.00346884
v 0.02445352 -0.08220144 0.0014825
v 0.02524159 -0.08443017 0.00416333
v 0.0255648 -0.08367799 0.00677866
v 0.02516178 -0.08090764 0.00812492
v 0.03357368 -0.07361668 0.00466759
v 0.03241346 -0.06970491 0.00535722
v 0.03472753 -0.07708923 0.00573757
v 0.03453172 -0.07953925 0.00456756
v 0.03277955 -0.07763667 0.0077813
v 0.03247567 -0.08113223 0.00682144
v 0.03240423 -0.07390047 0.00792255
v 0.0121137 -0.022336 -0.00453486
v 0.01178753 -0.02436499 -0.00422413
v 0.01020096 -0.02353874 -0.00195572
v 0.01069832 -0.02078754 -0.00237313
v 0.01383602 -0.02118207 -0.0019922
v 0.0147789 -0.02304655 -0.00396245
v 0.0138693 -0.02661079 -0.00377757
v 0.01105324 -0.02583658 -0.00175322
v 0.0183903 -0.02677098 -0.00384195
v 0.01726079 -0.03010965 -0.00198395
v 0.01308381 -0.02948571 0.00014751
v 0.01192942 -0.0255347 0.00083806
v 0.01022982 -0.02281709 0.00113057
v 0.01390984 -0.02869203 0.00384519
v 0.01248797 -0.02510899 0.00385105
v 0.01445609 -0.03284937 0.00138753
v 0.01561026 -0.03179583 0.00390254
v 0.02362324 -0.02195175 0.0019762
v 0.02404597 -0.02445441 0.00247289
v 0.02402193 -0.02472453 -0.00034349
v 0.02337963 -0.02112045 -0.00010086
v 0.02196461 -0.02103964 0.00320658
v 0.02092465 -0.02376735 0.00492522
v 0.02144128 -0.01899499 0.00128117
v 0.01342922 -0.0200921 0.00308152
v 0.01570369 -0.02044509 0.00393074
v 0.01598101 -0.02077873 0.0011419
v 0.01334605 -0.02044086 0.00077584
v 0.0105065 -0.01994151 0.00098534
v 0.01155019 -0.02011538 0.00429462
v 0.01128944 -0.02240023 0.0034602
v 0.01515187 -0.02328647 0.00596549
v 0.01995638 -0.01870674 0.00268963
v 0.01992981 -0.02016309 0.0040612
v 0.0191511 -0.01962478 -0.00045153
v 0.01820882 -0.01968045 0.00186138
v 0.0179289 -0.02023526 0.00377381
v 0.02115681 -0.02730708 0.00505603
v 0.02351841 -0.02755626 0.00281778
v 0.01867929 -0.02180954 0.00526588
v 0.01773864 -0.02159458 0.00448026
v 0.01652666 -0.02189582 0.00462703
v 0.01654848 -0.0225327 0.00537091
v 0.01703091 -0.02771713 0.0054122
v 0.0182041 -0.03091046 0.005412
v 0.02149963 -0.03035119 0.00537786
v 0.01922358 -0.03399326 0.00575118
v 0.02197797 -0.03345192 0.00575818
v 0.01681495 -0.03499995 0.00441432
v 0.01581199 -0.0360584 0.00209271
v 0.01800764 -0.0381357 0.00491244
v 0.02014431 -0.03714814 0.00631525
v 0.01710128 -0.03911348 0.0027273
v 0.01816378 -0.03604668 0.00022831
v 0.01887377 -0.03914643 0.00090017
v 0.01823376 -0.04211335 0.00335964
v 0.01907042 -0.04125005 0.00543603
v 0.0195103 -0.04230583 0.00144556
v 0.0219751 -0.03873571 0.00035052
v 0.02235034 -0.04184367 0.00107092
v 0.02014472 -0.04548417 0.00193977
v 0.01922782 -0.04516448 0.00396719
v 0.02281774 -0.04496976 0.00165523
v 0.02424676 -0.04094714 0.00263803
v 0.02487491 -0.04411531 0.00306186
v 0.02339464 -0.04810622 0.00212371
v 0.02080559 -0.0486523 0.00247835
v 0.02561934 -0.04729279 0.00333413
v 0.02584716 -0.04338962 0.00500865
v 0.026642 -0.04664668 0.00528209
v 0.02633334 -0.05050985 0.00358884
v 0.02406278 -0.05125917 0.00240508
v 0.02742986 -0.0499175 0.00551914
v 0.02509865 -0.0466055 0.00728056
v 0.02598227 -0.04992007 0.00759933
v 0.02819025 -0.05320555 0.00573263
v 0.02697315 -0.05376643 0.00379591
v 0.02687342 -0.05325596 0.00788455
v 0.02329289 -0.05037858 0.00833196
v 0.02401269 -0.05380055 0.00855326
v 0.02770883 -0.05662651 0.00804952
v 0.02899514 -0.05650201 0.00587074
v 0.02471438 -0.05721974 0.00870558
v 0.02147732 -0.05421841 0.00781579
v 0.02192162 -0.05764354 0.00824445
v 0.02546141 -0.06063964 0.00881375
v 0.02856039 -0.05999219 0.00815973
v 0.02249662 -0.06108477 0.00848915
v 0.02158483 -0.05792872 0.00596221
v 0.02207066 -0.06125815 0.00614797
v 0.02301175 -0.06450532 0.00862506
v 0.02622202 -0.06407426 0.00891118
v 0.02257526 -0.06455493 0.00623275
v 0.02287089 -0.06113052 0.00368447
v 0.02334978 -0.06431366 0.00361287
v 0.02288619 -0.06785632 0.00623092
v 0.02351589 -0.06790011 0.00862308
v 0.02381412 -0.06750397 0.00344411
v 0.02592023 -0.06378829 0.00245683
v 0.02631386 -0.06687608 0.00202961
v 0.02417704 -0.07070398 0.00323153
v 0.02313545 -0.07110653 0.00612486
v 0.02415266 -0.07400053 0.00292011
v 0.02339938 -0.07430388 0.00593691
v 0.02389514 -0.07760803 0.00276594
v 0.02349677 -0.077491 0.00583043
v 0.02460698 -0.07753076 0.00840585
v 0.02441327 -0.07434383 0.00853392
v 0.02871958 -0.07740381 0.00829194
v 0.02848017 -0.0741647 0.00860209
v 0.02884052 -0.08097286 0.00789441
v 0.02864485 -0.08469296 0.00667418
v 0.02778774 -0.08544603 0.0034178
v 0.02782715 -0.07086559 0.00886414
v 0.02401048 -0.07117916 0.00859765
v 0.03151862 -0.07022036 0.00822555
v 0.03047343 -0.06676288 0.00826096
v 0.02702578 -0.06749528 0.00893373
v 0.03146794 -0.06638403 0.0057615
v 0.03062625 -0.06311259 0.00590968
v 0.02946686 -0.06336737 0.00823511
v 0.0293241 -0.06655565 0.00344849
v 0.02868921 -0.06346269 0.00376165
v 0.02818362 -0.06025374 0.00386945
v 0.02983324 -0.05980183 0.00592404
v 0.02555625 -0.06067535 0.00266535
v 0.02513192 -0.05756085 0.00276931
v 0.02764083 -0.05700974 0.00385869
v 0.02243893 -0.05796218 0.00364045
v 0.0220698 -0.05482771 0.00343524
v 0.02464532 -0.05443203 0.00261173
v 0.02114779 -0.05462991 0.00562448
v 0.02069732 -0.05140983 0.00513509
v 0.02148961 -0.05175483 0.00300217
v 0.02102683 -0.0508803 0.00728205
v 0.02049083 -0.0476133 0.00669181
v 0.01999848 -0.04827113 0.00456867
v 0.02254052 -0.04699041 0.00795782
v 0.02177897 -0.04364282 0.00748151
v 0.01989619 -0.04440604 0.00604977
v 0.02425594 -0.0432855 0.00694657
v 0.02344511 -0.039962 0.00657765
v 0.02101009 -0.04036773 0.006894
v 0.02504194 -0.04014151 0.00467464
v 0.02426243 -0.03693986 0.00425483
v 0.02266963 -0.03666128 0.00618792
v 0.02382152 -0.03777221 0.00205677
v 0.02346994 -0.03460319 0.00145974
v 0.02373481 -0.03376318 0.00377777
v 0.02159876 -0.03564574 -0.00035762
v 0.02133574 -0.03263351 -0.00113904
v 0.02312366 -0.03142287 0.00090438
v 0.01743316 -0.03302766 -0.00064504
v 0.02147214 -0.02954008 -0.00197689
v 0.02155174 -0.02578165 -0.00226757
v 0.02319922 -0.02817494 0.00031212
v 0.02085657 -0.02194876 -0.00191592
v 0.01812259 -0.02285306 -0.00350815
v 0.01676875 -0.02123324 -0.00148733
v 0.02339539 -0.0306439 0.00327041
v 0.01473051 -0.07394132 0.00042568
v 0.01729497 -0.0734036 0.00068892
v 0.01730559 -0.07712611 0.00079296
v 0.01400973 -0.07688745 0.00038363
v 0.01041749 -0.07573659 0.00036389
v 0.01239713 -0.0710876 0.00107174
v 0.01603289 -0.07017645 0.00222104
v 0.01219097 -0.0669357 0.00223969
v 0.01503288 -0.0670692 0.0036535
v 0.00830277 -0.07059298 0.00187263
v 0.00897087 -0.06704549 0.00261574
v 0.01796142 -0.07381263 0.00255097
v 0.01783234 -0.07621446 0.00303298
v 0.01728506 -0.0716117 0.0049352
v 0.01703545 -0.07509699 0.00553089
v 0.01659012 -0.08004848 0.00465341
v 0.01593116 -0.08189213 0.00426522
v 0.01668936 -0.0804186 0.00199893
v 0.01704792 -0.07858983 0.00385686
v 0.01609645 -0.0795096 0.00568419
v 0.01562111 -0.08101717 0.00663715
v 0.01626764 -0.07761704 0.0057287
v 0.00735952 -0.08102109 0.00488645
v 0.00819419 -0.07968108 0.00661475
v 0.00752316 -0.07753562 0.00500475
v 0.0066277 -0.07908873 0.00293731
v 0.01572476 -0.07812148 0.00766539
v 0.00743558 -0.0766934 0.00658578
v 0.00654268 -0.07457043 0.00659067
v 0.00670588 -0.07456224 0.00403942
v 0.00797644 -0.07770469 0.00810544
v 0.00668993 -0.07500062 0.00906432
v 0.01673455 -0.07171397 0.00802625
v 0.01650788 -0.07512897 0.00811711
v 0.01654284 -0.06779109 0.00603148
v 0.01653741 -0.06829814 0.00831859
v 0.00682402 -0.02106728 -0.00068506
v 0.00788998 -0.02034481 0.00154351
v 0.00969234 -0.02264548 0.00165328
v 0.00797664 -0.02368842 -0.00109428
v 0.00375476 -0.02055342 0.00074081
v 0.00575578 -0.02028154 0.00229377
v 0.00367985 -0.02356931 0.00057914
v 0.00325464 -0.02056771 0.00466465
v 0.00617007 -0.02018854 0.00485964
v 0.00297887 -0.02571151 0.00628601
v 0.00164248 -0.02307111 0.00835277
v 0.00231778 -0.02270249 0.00438543
v 0.00402916 -0.02577102 0.0040621
v 0.00290211 -0.02847252 0.00658804
v 0.0023681 -0.02810783 0.00923819
v 0.00427353 -0.02882218 0.0041857
v 0.01319969 -0.02111379 0.00661581
v 0.01194909 -0.01964704 0.00609311
v 0.01157663 -0.01849056 0.0081254
v 0.01031381 -0.02059092 0.00871491
v 0.01257711 -0.02388158 0.00534699
v 0.01178967 -0.02383726 0.00859813
v 0.01115537 -0.02151939 0.00441474
v 0.00809913 -0.01940954 0.0062437
v 0.00657181 -0.01982297 0.00733107
v 0.00865323 -0.01864738 0.00796323
v 0.00882024 -0.01891098 0.00670831
v 0.00878762 -0.01963702 0.00459656
v 0.00997136 -0.01826099 0.0061066
v 0.01019665 -0.017188 0.0078344
v 0.00490678 -0.02392655 0.00925819
v 0.00513198 -0.02199601 0.00867627
v 0.00384485 -0.02065189 0.00781424
v 0.00722711 -0.02167102 0.00836591
v 0.0082252 -0.02416002 0.00886441
v 0.00561573 -0.02767744 0.00951077
v 0.00924471 -0.02738917 0.00876037
v 0.01288948 -0.02731355 0.00835896
v 0.01002509 -0.03065044 0.00889624
v 0.01295961 -0.03079151 0.00812145
v 0.0133146 -0.02757534 0.00567737
v 0.0133233 -0.03101795 0.00610723
v 0.01282904 -0.03423942 0.00809267
v 0.01335255 -0.03451589 0.00635063
v 0.01145736 -0.0314307 0.00438218
v 0.01158166 -0.02835495 0.00330173
v 0.01154288 -0.03470453 0.00497451
v 0.01318951 -0.03790973 0.00662118
v 0.01167519 -0.03804207 0.00527557
v 0.00975108 -0.03524227 0.00348254
v 0.00961796 -0.03234016 0.00267231
v 0.00987778 -0.0383212 0.00401233
v 0.0117989 -0.04135742 0.0054445
v 0.01003349 -0.04151801 0.00425528
v 0.00756998 -0.03849248 0.00394247
v 0.00715973 -0.03545584 0.00351346
v 0.00784558 -0.04165024 0.00416244
v 0.01022472 -0.04476082 0.00435524
v 0.00808859 -0.04486993 0.00429937
v 0.00652377 -0.04164742 0.00559642
v 0.00613461 -0.03843316 0.00539736
v 0.00684946 -0.04488037 0.00575525
v 0.00824759 -0.04813369 0.0043045
v 0.00699665 -0.04816214 0.00584669
v 0.00667801 -0.04475854 0.00761352
v 0.00628581 -0.04151115 0.00745453
v 0.00682457 -0.04805877 0.00776215
v 0.00722578 -0.05144903 0.00595614
v 0.00698802 -0.05138172 0.00794608
v 0.0072781 -0.04795128 0.00957177
v 0.00719562 -0.04458771 0.00939974
v 0.00725767 -0.05133605 0.00978234
v 0.00681654 -0.05473801 0.00809422
v 0.00714056 -0.05479524 0.00996882
v 0.00926712 -0.05146258 0.01046595
v 0.0091295 -0.04797187 0.01047576
v 0.00942201 -0.05495888 0.01031514
v 0.00713533 -0.05833172 0.00999663
v 0.00969702 -0.05844287 0.01020419
v 0.01211617 -0.05477913 0.01011905
v 0.01177865 -0.05133618 0.01026866
v 0.01256898 -0.05818935 0.00988648
v 0.01003226 -0.06185626 0.01000882
v 0.01305757 -0.06161804 0.00962448
v 0.01492206 -0.05776183 0.00913153
v 0.01429359 -0.05437345 0.00916224
v 0.01556904 -0.06123817 0.00895586
v 0.01344665 -0.06507131 0.00943056
v 0.01611738 -0.06478196 0.00866583
v 0.01544606 -0.06101052 0.00699603
v 0.01492243 -0.05764085 0.00716564
v 0.01599444 -0.06440674 0.00663424
v 0.01451567 -0.06395649 0.00448247
v 0.01400981 -0.06080122 0.00500434
v 0.01203235 -0.06372743 0.00296244
v 0.01175724 -0.06063221 0.00348138
v 0.00909951 -0.06387531 0.00326276
v 0.00896714 -0.06079156 0.00369849
v 0.00738045 -0.06437702 0.00531333
v 0.00738185 -0.06117647 0.00570479
v 0.00732603 -0.06764118 0.00478829
v 0.00695029 -0.07101447 0.00421321
v 0.00646915 -0.06812414 0.00715636
v 0.00660784 -0.06482843 0.00759111
v 0.00648428 -0.07142568 0.00681072
v 0.00708198 -0.07155293 0.00908592
v 0.00739514 -0.06836321 0.00917907
v 0.01009227 -0.07160357 0.0094569
v 0.01035066 -0.06843636 0.00957154
v 0.00980773 -0.07479375 0.00932711
v 0.00997575 -0.07837272 0.00910613
v 0.01311658 -0.07471702 0.00864151
v 0.01351359 -0.0716678 0.00900752
v 0.01287902 -0.07812117 0.00830523
v 0.00984585 -0.08182102 0.0075269
v 0.01291959 -0.08184913 0.00716138
v 0.00953442 -0.08271738 0.00435468
v 0.01296779 -0.08278629 0.00398787
v 0.01329535 -0.08046891 0.00132573
v 0.00949637 -0.08010608 0.001551
v 0.00670355 -0.07488289 0.00133396
v 0.0136184 -0.06846416 0.00922972
v 0.01029783 -0.0651927 0.00980303
v 0.00735774 -0.06516459 0.00950465
v 0.00722495 -0.06181999 0.00981345
v 0.00663236 -0.06149641 0.00795394
v 0.00675304 -0.05812566 0.0081175
v 0.00734121 -0.05795999 0.00593464
v 0.00738258 -0.05472034 0.0060245
v 0.00858379 -0.05456508 0.00419542
v 0.00881804 -0.05770469 0.00406249
v 0.0084546 -0.05137569 0.0043433
v 0.01077485 -0.05124078 0.00429194
v 0.01110256 -0.05440987 0.00413505
v 0.01048738 -0.04801221 0.00432301
v 0.01227769 -0.04790341 0.00554876
v 0.01268117 -0.05113861 0.00551444
v 0.01198589 -0.04464418 0.00552638
v 0.01332047 -0.04453219 0.00697656
v 0.01357805 -0.04777683 0.00708624
v 0.01320504 -0.04125168 0.00682878
v 0.01278005 -0.04106712 0.00851111
v 0.01290686 -0.04440336 0.008743
v 0.01276226 -0.03767699 0.00825885
v 0.01086531 -0.0374523 0.00953436
v 0.0110583 -0.04091872 0.00986559
v 0.01054542 -0.03401519 0.00917253
v 0.00789584 -0.03424337 0.00964281
v 0.00843751 -0.0375592 0.00999523
v 0.00691867 -0.03105721 0.00941477
v 0.00432007 -0.03181831 0.00890763
v 0.00572042 -0.03485528 0.00881849
v 0.00397929 -0.03178963 0.00681928
v 0.00515468 -0.03503466 0.00697468
v 0.00473549 -0.03202009 0.00457934
v 0.00549406 -0.03523123 0.00503199
v 0.0065342 -0.03263864 0.00270145
v 0.00586679 -0.02976146 0.00192085
v 0.00934184 -0.02959488 0.00157141
v 0.00483903 -0.02694069 0.00110599
v 0.00862635 -0.02685991 0.00025016
v 0.01053491 -0.0253504 0.00247248
v 0.0057372 -0.03829369 0.00724075
v 0.00648469 -0.03798998 0.00899995
v 0.00696308 -0.0412503 0.00920969
v 0.00873098 -0.04097867 0.01029575
v 0.00893399 -0.04447798 0.01042675
v 0.01123837 -0.04439078 0.01010754
v 0.01149867 -0.0478595 0.01027111
v 0.01326252 -0.04771112 0.00894897
v 0.01373324 -0.05103479 0.00909304
v 0.01392918 -0.0510296 0.00718461
v 0.01441993 -0.05431387 0.00721122
v 0.01313329 -0.05436437 0.00542659
v 0.01357652 -0.05758746 0.00526817
v 0.01144758 -0.05753419 0.00385414
v 0.01705701 -0.01296879 -0.00969328
v 0.01502347 -0.01309966 -0.00893733
v 0.01463202 -0.0105564 -0.01004
v 0.01759788 -0.01034872 -0.0100396
v 0.01442192 -0.01191916 -0.00793879
v 0.01519686 -0.01208662 -0.00678122
v 0.01517955 -0.00990591 -0.00727162
v 0.01423984 -0.01002766 -0.00853707
v 0.02544152 -0.01050297 -0.00837038
v 0.02647674 -0.01208213 -0.00812222
v 0.02436161 -0.01322785 -0.00899168
v 0.02372584 -0.01074703 -0.00903209
v 0.02493836 -0.00844164 -0.00708185
v 0.02657465 -0.00997632 -0.00645467
v 0.02181113 -0.00756723 -0.00768819
v 0.01590714 -0.01423455 -0.00703613
v 0.01853381 -0.01365906 -0.00868401
v 0.01830541 -0.01533039 -0.0068796
v 0.0171454 -0.01529801 -0.00605799
v 0.01999641 -0.01483921 -0.00698133
v 0.02100522 -0.0155957 -0.00504428
v 0.01861304 -0.01681172 -0.00506898
v 0.02130308 -0.0136198 -0.00870268
v 0.02242221 -0.01422389 -0.00667814
v 0.02407684 -0.01371771 -0.00755049
v 0.02548104 -0.01287803 -0.00678876
v 0.02429198 -0.01276064 -0.00507191
v 0.01641918 -0.004599 -0.00965542
v 0.01497692 -0.00371826 -0.00946053
v 0.01722942 -0.00387424 -0.00754702
v 0.01850505 -0.00542963 -0.00847681
v 0.01441057 -0.00481216 -0.00858513
v 0.01507133 -0.00487087 -0.00705611
v 0.01418468 -0.00690255 -0.01063781
v 0.01384342 -0.00716796 -0.00897293
v 0.01447518 -0.00750198 -0.00777057
v 0.02633349 -0.01134968 -0.00603519
v 0.02000695 -0.0047775 -0.00534266
v 0.02082128 -0.00894897 -0.00831942
v 0.01880848 -0.00752988 -0.00897594
v 0.01397505 -0.00791977 -0.00669472
v 0.01392077 -0.00963672 -0.00626375
v 0.01242344 -0.00833261 -0.00548725
v 0.01345656 -0.00642655 -0.0060868
v 0.01671072 -0.01677202 -0.004369
v 0.01650005 -0.01666381 -0.0021645
v 0.01479335 -0.0143967 -0.00310825
v 0.01524678 -0.01441133 -0.00483329
v 0.01191625 -0.01021389 -0.00486112
v 0.01389532 -0.01192156 -0.00534036
v 0.01264631 -0.0100166 -0.00347268
v 0.0137827 -0.00827618 -0.00411009
v 0.01407625 -0.0119743 -0.00347199
v 0.02100509 -0.02011768 -0.00290855
v 0.02011703 -0.02065746 -0.00226102
v 0.01846426 -0.01931668 -0.00292985
v 0.0199358 -0.01859687 -0.00369185
v 0.02228031 -0.01946232 -0.00205567
v 0.02080561 -0.02019152 -0.00104438
v 0.02182043 -0.01762281 -0.00333816
v 0.02568156 -0.01100484 -0.00505794
v 0.02487534 -0.00886363 -0.00420418
v 0.02393346 -0.01086001 -0.00314424
v 0.0184851 -0.01882855 -0.00135297
v 0.01646385 -0.00684055 -0.00347795
v 0.01784844 -0.00596211 -0.00293204
v 0.01712354 -0.00512012 -0.0049013
v 0.01521004 -0.00653893 -0.00465572
v 0.01566283 -0.00819675 -0.00266904
v 0.01739614 -0.00758773 -0.00154233
v 0.01939359 -0.01766112 -0.00032207
v 0.02181101 -0.01857706 0.00018992
v 0.02204178 -0.00633103 -0.0029882
v 0.02212913 -0.00785587 -0.00201749
v 0.02350408 -0.00630904 -0.00479417
v 0.0229809 -0.01706594 0.00086042
v 0.02337201 -0.01539856 0.00070813
v 0.02294542 -0.01594701 0.00210674
v 0.02278964 -0.01699284 0.0015101
v 0.02160782 -0.01767071 0.00159404
v 0.02319878 -0.01764646 -0.00069541
v 0.0218447 -0.01667256 0.00249116
v 0.02079732 -0.01577202 0.00284248
v 0.01981691 -0.01691205 0.00142984
v 0.02206574 -0.01448056 0.00268659
v 0.02090156 -0.01349625 0.00265764
v 0.02077249 -0.01220566 0.00192538
v 0.01898341 -0.01237497 0.00182312
v 0.01968449 -0.01416256 0.00259506
v 0.02250236 -0.01309676 0.00155491
v 0.022112 -0.0117179 0.00029603
v 0.02045643 -0.01066791 0.00087533
v 0.02302454 -0.01375807 -0.00070924
v 0.02301592 -0.01598733 -0.00205486
v 0.02321459 -0.01234758 -0.00199478
v 0.02182199 -0.01050555 -0.00094676
v 0.0230748 -0.01435026 -0.0034988
v 0.02164516 -0.00949596 -0.00187139
v 0.01999103 -0.00935158 0.00012491
v 0.02031692 -0.00845922 -0.00069749
v 0.01820198 -0.00865157 0.00054895
v 0.0184084 -0.0105517 0.00101519
v 0.01941486 -0.00730529 -0.00086676
v 0.01652549 -0.00899383 -0.00046365
v 0.01692951 -0.01102279 -5.11E-05
v 0.01450609 -0.00971727 -0.00175721
v 0.01553842 -0.0115301 -0.00165898
v 0.01667785 -0.01370063 -0.00126867
v 0.01796765 -0.01310324 0.0003814
v 0.01767753 -0.01586352 -0.0005963
v 0.01875801 -0.01510119 0.00104695
v 0.01983406 -0.00552247 -0.00250501
v 0.01655165 -0.0070456 -0.01044955
v 0.01905169 -0.00910416 -0.00920727
v 0.02153665 -0.01120709 -0.00913665
v 0.01943499 -0.01125493 -0.00948182
v 0.01994014 -0.00969768 -0.00862986
v 0.01455781 -0.01523806 -0.00402907
v 0.01589161 -0.01529834 -0.0026743
v 0.01526967 -0.01733944 -0.00278924
v 0.01360936 -0.01659587 -0.00351303
v 0.01351225 -0.01362115 -0.00424516
v 0.01410289 -0.01307032 -0.00273112
v 0.0119524 -0.0154011 -0.00364315
v 0.01290782 -0.01860472 -0.00287469
v 0.01165664 -0.01760386 -0.00315696
v 0.01636931 -0.01788391 -0.00228102
v 0.01676833 -0.01880017 -0.00148299
v 0.01495629 -0.01901431 -0.00209665
v 0.01683616 -0.01690403 -0.0018359
v 0.0175191 -0.01799839 -0.00130483
v 0.01609668 -0.01226572 -0.00105255
v 0.01693606 -0.01415629 -0.00107517
v 0.01767353 -0.01594783 -0.00062201
v 0.01023979 -0.01660146 -0.00081755
v 0.01042279 -0.01485041 -0.00086943
v 0.00999129 -0.01539515 -0.00257366
v 0.01043245 -0.01779317 -0.0021394
v 0.01209067 -0.01854779 -0.00084195
v 0.01077345 -0.01651112 0.00032781
v 0.01465704 -0.01904675 -0.00045249
v 0.01815587 -0.01772356 -0.00024067
v 0.0105829 -0.01152668 -0.00247018
v 0.01123492 -0.01148248 -0.00103156
v 0.01274316 -0.01128785 -0.00206655
v 0.01193645 -0.01184953 -0.00358377
v 0.01124103 -0.01345117 -0.00344718
v 0.00997522 -0.01319337 -0.00252145
v 0.01058624 -0.01313782 -0.00087879
v 0.01359844 -0.01169563 -0.00117866
v 0.01418524 -0.0114989 -0.00080915
v 0.01521161 -0.01071839 -0.00073307
v 0.01303721 -0.01134032 -0.00052975
v 0.0139673 -0.01141981 -0.00030785
v 0.01121807 -0.0129024 0.00011471
v 0.01158704 -0.0116203 0.00035646
v 0.01734439 -0.01863349 0.00184619
v 0.01903028 -0.01717439 0.00140196
v 0.01949885 -0.01674247 0.00360214
v 0.01825106 -0.0181055 0.00343833
v 0.01690759 -0.0188557 -7.452E-05
v 0.01700664 -0.01831722 0.00369951
v 0.01675282 -0.01919081 0.00303666
v 0.01728906 -0.01173347 0.00017892
v 0.0172654 -0.01045629 0.00073408
v 0.01867888 -0.01185447 0.00172073
v 0.01797434 -0.01318324 0.00049531
v 0.01315773 -0.01085548 0.00065819
v 0.01411147 -0.0111266 0.00257281
v 0.01585975 -0.01023964 0.00183943
v 0.01447806 -0.01047765 0.00038391
v 0.01196967 -0.01163481 0.00174831
v 0.01759926 -0.01125496 0.00308024
v 0.01205725 -0.01516986 0.00306183
v 0.01174216 -0.01566367 0.00408713
v 0.01144993 -0.01447121 0.00406394
v 0.01186077 -0.01395663 0.00326343
v 0.01139843 -0.0161258 0.00199719
v 0.0117749 -0.01375053 0.00219196
v 0.01147352 -0.01704245 0.00355773
v 0.01595793 -0.01863089 0.00378788
v 0.01506879 -0.01933963 0.00312319
v 0.01712382 -0.01843017 0.00435237
v 0.01637921 -0.01895096 0.00456649
v 0.01877267 -0.01504376 0.00100061
v 0.01948765 -0.01401251 0.00267725
v 0.01864925 -0.01335295 0.00393588
v 0.01845201 -0.01538982 0.00482696
v 0.01122407 -0.01393737 0.00494657
v 0.01179387 -0.01282704 0.00399954
v 0.01807558 -0.01865311 0.00446641
v 0.01359757 -0.0120361 0.00373342
v 0.01518493 -0.01277967 0.00471865
v 0.0161013 -0.01195639 0.00394591
v 0.01119161 -0.01576467 0.00549206
v 0.01123853 -0.01760123 0.00542233
v 0.01716782 -0.01328977 0.00444124
v 0.0166684 -0.0143306 0.00499611
v 0.01268344 -0.01918835 0.0065491
v 0.01218551 -0.0176093 0.00708894
v 0.01255114 -0.01894452 0.00510068
v 0.01354222 -0.01426428 0.00615899
v 0.01434254 -0.01353615 0.00556797
v 0.01291795 -0.0126826 0.00482773
v 0.01228825 -0.013809 0.00588169
v 0.01413113 -0.01559836 0.00660599
v 0.01574881 -0.01520699 0.00591862
v 0.01212113 -0.01552581 0.00668833
v 0.01495927 -0.01747405 0.00717069
v 0.01717986 -0.01684574 0.00605401
v 0.0153252 -0.01965752 0.0066522
v 0.01807008 -0.01864055 0.00544824
v 0.01204631 -0.0120922 0.0029392
v 0.01154076 -0.01385797 0.00074447
v 0.01493174 -0.01972082 0.00490307
v 0.0126157 -0.01870385 0.00320724
v 0.01245909 -0.01841457 0.00138763
v 0.0147843 -0.0190579 0.00135279
v -0.01250532 -0.01250581 -0.00432792
v -0.01181923 -0.01351674 -0.00433379
v -0.01368931 -0.01440906 -0.0039043
v -0.01367913 -0.01243129 -0.00416688
v -0.01373896 -0.01065976 -0.00436358
v -0.01224882 -0.0110614 -0.00450902
v -0.01104406 -0.01152785 -0.00462977
v -0.01499682 -0.0120679 -0.00402033
v -0.01550194 -0.01027721 -0.00415475
v -0.01120595 -0.00720804 -0.00531996
v -0.01099663 -0.00930054 -0.0050317
v -0.01230839 -0.00901463 -0.00483274
v -0.01222712 -0.00723981 -0.00491325
v -0.01341243 -0.00701458 -0.00455919
v -0.0138074 -0.00864331 -0.00450844
v -0.01552211 -0.00730684 -0.00379515
v -0.01431875 -0.00590765 -0.00393183
v -0.01554231 -0.01334067 -0.00283408
v -0.01607202 -0.01297849 -0.00133444
v -0.0162762 -0.01133393 -0.00171856
v -0.01621 -0.0107694 -0.00283416
v -0.01445281 -0.01435028 -0.00198147
v -0.01483016 -0.01425996 -0.00095912
v -0.01268493 -0.01505921 -0.00239379
v -0.01114784 -0.01501665 -0.00173065
v -0.01095456 -0.01389688 -0.00329952
v -0.01019495 -0.01387561 -0.00197996
v -0.01613942 -0.00831657 -0.00221423
v -0.01617911 -0.01038133 -0.00089166
v -0.01602016 -0.01270703 -7.671E-05
v -0.01222314 -0.00612718 -0.00480451
v -0.0130445 -0.00615211 -0.00450117
v -0.01477308 -0.00485046 -0.00322173
v -0.01432548 -0.00347243 -0.00278921
v -0.01336255 -0.00375045 -0.00338472
v -0.01399056 -0.00458339 -0.00363068
v -0.014966 -0.01390056 -9.797E-05
v -0.01313756 -0.01488049 -0.00065848
v -0.01367699 -0.01417216 0.00030802
v -0.01014806 -0.01323163 -0.00014304
v -0.01088999 -0.01206923 0.00037507
v -0.01174354 -0.013492 0.00074416
v -0.01144207 -0.01475216 -0.00030612
v -0.01234562 -0.0132369 0.00184995
v -0.01476561 -0.01282817 0.00147916
v -0.01145875 -0.01102661 0.00062936
v -0.01175767 -0.0116913 0.00080839
v -0.01175668 -0.01169536 0.00139102
v -0.00816924 -0.00338391 -0.00160154
v -0.01005638 -0.00226582 -0.00158231
v -0.0091608 -0.00317073 0.00091591
v -0.00768054 -0.00411331 0.00071804
v -0.0087373 -0.00908467 -7.237E-05
v -0.00908923 -0.01014267 0.00093742
v -0.00912355 -0.01137973 -0.00090201
v -0.0088972 -0.00926085 -0.00138939
v -0.00848209 -0.00728649 -0.00149588
v -0.00849091 -0.00761105 0.00027198
v -0.00850309 -0.00833831 0.00152656
v -0.01129449 -0.01073607 0.00121623
v -0.01063607 -0.01128959 0.00090816
v -0.00990735 -0.01154292 0.00117629
v -0.01069979 -0.01086123 0.0022968
v -0.01662456 -0.00568787 -0.00052668
v -0.01572875 -0.00561325 0.00165489
v -0.01521392 -0.0030456 0.00146897
v -0.01582751 -0.00281912 -0.00017842
v -0.01592628 -0.00491947 -0.00234829
v -0.01526211 -0.00289222 -0.00178943
v -0.01133052 -0.01187583 0.00210762
v -0.01491518 -0.00112301 -0.00014655
v -0.01412564 -0.00114583 -0.00121477
v -0.01420529 -0.00108487 0.0011417
v -0.01284709 -0.00090297 0.00024907
v -0.00798553 -0.00724172 0.00256445
v -0.00777607 -0.00593585 0.00062229
v -0.00820775 -0.00772245 0.0044008
v -0.00982491 -0.00934393 0.00471655
v -0.00946957 -0.00941917 0.00284487
v -0.00734843 -0.00507442 0.00309203
v -0.00836519 -0.00646656 0.00512036
v -0.01130249 -0.00221482 0.00316892
v -0.01023895 -0.00299365 0.00330839
v -0.01061837 -0.00229764 0.0013179
v -0.01189397 -0.00159246 0.00185127
v -0.01316524 -0.00175776 0.00265693
v -0.0120985 -0.0025848 0.00401394
v -0.01101957 -0.00386582 0.00484028
v -0.01293202 -0.00403765 0.00390528
v -0.01400409 -0.00363908 0.00291381
v -0.01439379 -0.00576818 0.00331544
v -0.01270273 -0.00536536 0.00456146
v -0.01518584 -0.00876262 0.00223463
v -0.0141374 -0.00813674 0.00396688
v -0.01212637 -0.00694536 0.00543091
v -0.01295144 -0.0102415 0.00458222
v -0.01081248 -0.00862558 0.00584114
v -0.0097288 -0.00517574 0.0051828
v -0.00881463 -0.00393118 0.00322981
v -0.01419977 -0.01161818 0.00323769
v -0.01223359 -0.01233773 0.00292484
v -0.01143324 -0.01096717 0.00391854
v -0.01569907 -0.00944437 0.00052094
v -0.01155042 -0.00149864 -0.00076996
v -0.01300056 -0.00158522 -0.00240281
v -0.01184163 -0.00212512 -0.00304984
v -0.00766284 -0.00546983 -0.00141806
v -0.00943084 -0.0117359 -0.00243221
v -0.00914534 -0.00939768 -0.00300769
v -0.01021429 -0.01170824 -0.00372063
v -0.01012025 -0.00939631 -0.0041998
v -0.01008753 -0.00729694 -0.00493866
v -0.00876337 -0.00728469 -0.00352604
v -0.00976487 -0.0024728 -0.00284633
v -0.01074781 -0.00285767 -0.00353533
v -0.00834792 -0.00547494 -0.00358208
v -0.00871286 -0.0032259 -0.00330682
v -0.00992956 -0.00588412 -0.00471439
v -0.00985594 -0.00390597 -0.00398358
v -0.01219084 -0.00451881 -0.00403004
v -0.01099919 -0.00488078 -0.00437305
v -0.01123177 -0.0061185 -0.00493418
v -0.0133699 -0.00542103 -0.00380226
f 1 2 3
f 1 3 4
f 1 5 6
f 1 6 2
f 7 8 6
f 7 6 5
f 7 5 9
f 7 9 10
f 7 10 11
f 7 11 8
f 12 13 14
f 12 14 15
f 12 15 2
f 12 2 6
f 12 6 8
f 12 8 13
f 16 17 18
f 16 18 19
f 16 19 15
f 16 15 14
f 16 14 20
f 16 20 17
f 21 22 23
f 21 23 24
f 25 26 27
f 25 27 28
f 25 29 24
f 25 24 26
f 25 28 30
f 25 30 29
f 31 32 33
f 31 33 34
f 31 34 30
f 31 30 28
f 31 28 27
f 31 27 32
f 32 27 35
f 32 35 36
f 32 36 37
f 32 37 33
f 35 38 39
f 35 39 40
f 35 27 26
f 35 26 38
f 35 40 41
f 35 41 36
f 41 40 42
f 41 42 43
f 41 43 44
f 41 44 45
f 44 43 46
f 44 46 47
f 44 48 49
f 44 49 45
f 44 47 50
f 44 50 48
f 50 47 51
f 50 51 52
f 50 53 54
f 50 54 48
f 50 52 55
f 50 55 53
f 55 52 56
f 55 56 57
f 55 58 59
f 55 59 53
f 55 57 60
f 55 60 58
f 60 57 61
f 60 61 62
f 60 63 64
f 60 64 58
f 60 62 65
f 60 65 63
f 65 62 4
f 65 4 3
f 65 18 66
f 65 66 63
f 65 3 19
f 65 19 18
f 66 67 64
f 66 64 63
f 66 68 69
f 66 69 67
f 66 18 17
f 66 17 68
f 68 70 71
f 68 71 69
f 68 17 20
f 68 20 70
f 70 72 73
f 70 73 71
f 70 20 74
f 70 74 72
f 74 20 14
f 74 14 13
f 74 11 75
f 74 75 72
f 74 13 8
f 74 8 11
f 75 76 73
f 75 73 72
f 75 77 56
f 75 56 76
f 75 11 10
f 75 10 77
f 77 61 57
f 77 57 56
f 77 10 9
f 77 9 61
f 76 51 78
f 76 78 73
f 76 56 52
f 76 52 51
f 78 79 71
f 78 71 73
f 78 46 80
f 78 80 79
f 78 51 47
f 78 47 46
f 80 81 82
f 80 82 79
f 80 42 83
f 80 83 81
f 80 46 43
f 80 43 42
f 83 84 85
f 83 85 81
f 83 39 86
f 83 86 84
f 83 42 40
f 83 40 39
f 86 87 88
f 86 88 84
f 86 23 22
f 86 22 87
f 86 39 38
f 86 38 23
f 87 89 90
f 87 90 88
f 87 22 91
f 87 91 89
f 91 92 93
f 91 93 89
f 91 94 95
f 91 95 92
f 91 22 21
f 91 21 94
f 94 29 30
f 94 30 95
f 94 21 24
f 94 24 29
f 95 96 97
f 95 97 92
f 95 30 34
f 95 34 96
f 93 98 90
f 93 90 89
f 98 49 48
f 98 48 54
f 98 54 99
f 98 99 90
f 99 54 53
f 99 53 59
f 99 100 88
f 99 88 90
f 99 59 101
f 99 101 100
f 101 59 58
f 101 58 64
f 101 102 85
f 101 85 100
f 101 64 67
f 101 67 102
f 102 82 81
f 102 81 85
f 102 67 69
f 102 69 82
f 100 85 84
f 100 84 88
f 82 69 71
f 82 71 79
f 61 9 4
f 61 4 62
f 38 26 24
f 38 24 23
f 19 3 2
f 19 2 15
f 9 5 1
f 9 1 4
f 103 33 37
f 103 37 104
f 103 104 97
f 103 97 96
f 41 45 37
f 41 37 36
f 96 34 33
f 96 33 103
f 49 104 37
f 49 37 45
f 92 97 105
f 92 105 93
f 93 105 49
f 93 49 98
f 104 49 105
f 104 105 97
f 106 107 108
f 106 108 109
f 106 110 111
f 106 111 107
f 106 112 113
f 106 113 110
f 109 108 114
f 109 114 115
f 108 116 117
f 108 117 114
f 108 107 118
f 108 118 119
f 108 119 120
f 108 120 116
f 121 122 123
f 121 123 124
f 121 119 118
f 121 118 122
f 121 124 120
f 121 120 119
f 120 124 125
f 120 125 116
f 113 112 115
f 113 115 114
f 113 126 127
f 113 127 128
f 118 107 129
f 118 129 130
f 118 130 131
f 118 131 122
f 114 132 126
f 114 126 113
f 114 117 133
f 114 133 132
f 130 129 134
f 130 134 131
f 135 136 137
f 135 137 138
f 135 139 140
f 135 140 141
f 135 141 142
f 135 142 136
f 141 140 143
f 141 143 142
f 144 145 146
f 144 146 147
f 148 149 150
f 148 150 151
f 148 143 152
f 148 152 149
f 148 151 142
f 148 142 143
f 153 154 155
f 153 155 156
f 153 156 145
f 153 145 157
f 153 157 158
f 153 158 154
f 159 160 152
f 159 152 161
f 159 154 158
f 159 158 160
f 159 161 155
f 159 155 154
f 160 158 162
f 160 162 163
f 160 163 149
f 160 149 152
f 162 164 165
f 162 165 166
f 162 158 157
f 162 157 164
f 162 166 167
f 162 167 163
f 167 166 168
f 167 168 169
f 167 150 149
f 167 149 163
f 167 169 170
f 167 170 150
f 170 169 171
f 170 171 172
f 170 173 151
f 170 151 150
f 170 172 174
f 170 174 173
f 174 172 175
f 174 175 176
f 174 137 136
f 174 136 173
f 174 176 177
f 174 177 137
f 177 176 178
f 177 178 179
f 177 180 138
f 177 138 137
f 177 179 181
f 177 181 180
f 181 179 182
f 181 182 183
f 181 184 185
f 181 185 180
f 181 183 186
f 181 186 184
f 186 183 126
f 186 126 132
f 186 187 188
f 186 188 184
f 186 132 133
f 186 133 187
f 187 189 190
f 187 190 188
f 187 133 191
f 187 191 189
f 191 133 117
f 191 117 192
f 191 193 194
f 191 194 189
f 191 192 195
f 191 195 193
f 195 192 125
f 195 125 196
f 195 197 198
f 195 198 193
f 195 196 199
f 195 199 197
f 199 196 123
f 199 123 134
f 199 200 201
f 199 201 197
f 199 134 129
f 199 129 200
f 200 111 202
f 200 202 201
f 200 129 107
f 200 107 111
f 202 203 204
f 202 204 201
f 202 205 206
f 202 206 203
f 202 111 110
f 202 110 205
f 206 207 208
f 206 208 203
f 206 127 182
f 206 182 207
f 206 205 128
f 206 128 127
f 207 178 209
f 207 209 208
f 207 182 179
f 207 179 178
f 209 210 211
f 209 211 208
f 209 175 212
f 209 212 210
f 209 178 176
f 209 176 175
f 212 213 214
f 212 214 210
f 212 171 215
f 212 215 213
f 212 175 172
f 212 172 171
f 215 216 217
f 215 217 213
f 215 168 218
f 215 218 216
f 215 171 169
f 215 169 168
f 218 219 220
f 218 220 216
f 218 165 147
f 218 147 219
f 218 168 166
f 218 166 165
f 219 221 222
f 219 222 220
f 219 147 146
f 219 146 221
f 221 223 224
f 221 224 222
f 221 146 225
f 221 225 223
f 225 139 135
f 225 135 223
f 225 156 155
f 225 155 139
f 225 146 145
f 225 145 156
f 223 135 138
f 223 138 224
f 224 138 180
f 224 180 185
f 224 185 226
f 224 226 222
f 226 185 184
f 226 184 188
f 226 227 220
f 226 220 222
f 226 188 190
f 226 190 227
f 227 217 216
f 227 216 220
f 227 190 228
f 227 228 217
f 228 190 189
f 228 189 194
f 228 214 213
f 228 213 217
f 228 194 229
f 228 229 214
f 229 194 193
f 229 193 198
f 229 211 210
f 229 210 214
f 229 198 204
f 229 204 211
f 211 204 203
f 211 203 208
f 204 198 197
f 204 197 201
f 196 125 124
f 196 124 123
f 192 117 116
f 192 116 125
f 182 127 126
f 182 126 183
f 173 136 142
f 173 142 151
f 164 144 147
f 164 147 165
f 164 157 145
f 164 145 144
f 161 152 143
f 161 143 140
f 161 140 139
f 161 139 155
f 134 123 122
f 134 122 131
f 128 205 110
f 128 110 113
f 112 106 109
f 112 109 115
f 230 231 232
f 230 232 233
f 233 234 235
f 233 235 230
f 235 236 237
f 235 237 230
f 238 239 240
f 238 240 236
f 238 241 242
f 238 242 239
f 238 236 235
f 238 235 234
f 231 230 243
f 231 243 244
f 230 237 245
f 230 245 243
f 243 245 246
f 243 246 244
f 242 247 248
f 242 248 249
f 250 251 252
f 250 252 253
f 250 254 255
f 250 255 251
f 256 257 258
f 256 258 259
f 260 261 262
f 260 262 254
f 260 263 264
f 260 264 261
f 265 266 267
f 265 267 268
f 265 268 269
f 265 269 270
f 269 255 271
f 269 271 270
f 262 271 255
f 262 255 254
f 262 261 272
f 262 272 271
f 272 257 270
f 272 270 271
f 272 273 258
f 272 258 257
f 272 261 264
f 272 264 273
f 273 274 275
f 273 275 258
f 273 264 276
f 273 276 274
f 276 264 263
f 276 263 277
f 276 278 279
f 276 279 274
f 276 277 280
f 276 280 278
f 280 277 281
f 280 281 282
f 280 283 284
f 280 284 278
f 280 282 285
f 280 285 283
f 285 282 286
f 285 286 287
f 285 288 289
f 285 289 283
f 285 287 290
f 285 290 288
f 290 287 291
f 290 291 292
f 290 293 294
f 290 294 288
f 290 292 295
f 290 295 293
f 295 292 296
f 295 296 297
f 295 298 249
f 295 249 293
f 295 297 299
f 295 299 298
f 299 297 300
f 299 300 301
f 299 240 239
f 299 239 298
f 299 301 302
f 299 302 240
f 302 301 303
f 302 303 304
f 302 237 236
f 302 236 240
f 302 304 245
f 302 245 237
f 303 305 306
f 303 306 307
f 303 301 300
f 303 300 305
f 303 307 308
f 303 308 304
f 308 307 309
f 308 309 310
f 308 246 245
f 308 245 304
f 308 310 311
f 308 311 246
f 309 312 289
f 309 289 313
f 309 307 306
f 309 306 312
f 309 313 314
f 309 314 310
f 314 313 294
f 314 294 248
f 314 315 311
f 314 311 310
f 314 248 247
f 314 247 315
f 312 284 283
f 312 283 289
f 312 306 316
f 312 316 284
f 316 279 278
f 316 278 284
f 316 317 318
f 316 318 279
f 316 306 305
f 316 305 317
f 317 319 320
f 317 320 318
f 317 305 300
f 317 300 319
f 319 296 321
f 319 321 320
f 319 300 297
f 319 297 296
f 321 322 323
f 321 323 320
f 321 291 324
f 321 324 322
f 321 296 292
f 321 292 291
f 324 325 326
f 324 326 322
f 324 286 327
f 324 327 325
f 324 291 287
f 324 287 286
f 327 328 329
f 327 329 325
f 327 281 330
f 327 330 328
f 327 286 282
f 327 282 281
f 328 252 267
f 328 267 329
f 328 330 253
f 328 253 252
f 329 267 266
f 329 266 331
f 329 331 326
f 329 326 325
f 326 331 256
f 326 256 259
f 326 259 323
f 326 323 322
f 323 259 258
f 323 258 275
f 323 275 318
f 323 318 320
f 318 275 274
f 318 274 279
f 313 289 288
f 313 288 294
f 298 239 242
f 298 242 249
f 293 249 248
f 293 248 294
f 281 277 263
f 281 263 330
f 269 268 251
f 269 251 255
f 256 265 270
f 256 270 257
f 266 265 256
f 266 256 331
f 267 252 251
f 267 251 268
f 253 260 254
f 253 254 250
f 253 330 263
f 253 263 260
f 246 311 332
f 246 332 244
f 332 333 334
f 332 334 232
f 332 311 315
f 332 315 333
f 334 335 336
f 334 336 337
f 336 241 238
f 336 238 234
f 337 336 234
f 337 234 233
f 337 233 232
f 337 232 334
f 247 242 241
f 247 241 338
f 332 232 231
f 332 231 244
f 315 247 338
f 315 338 333
f 334 333 338
f 334 338 335
f 241 336 335
f 241 335 338
f 339 340 341
f 339 341 342
f 339 342 343
f 339 343 344
f 341 345 346
f 341 346 342
f 341 340 347
f 341 347 345
f 348 349 350
f 348 350 351
f 350 349 352
f 350 352 353
f 346 354 343
f 346 343 342
f 346 345 355
f 346 355 354
f 356 357 358
f 356 358 359
f 356 359 360
f 356 360 361
f 362 363 364
f 362 364 365
f 362 366 367
f 362 367 363
f 368 369 370
f 368 370 371
f 368 372 373
f 368 373 369
f 374 375 376
f 374 376 372
f 374 361 377
f 374 377 375
f 377 378 379
f 377 379 375
f 377 361 360
f 377 360 378
f 379 380 376
f 379 376 375
f 379 378 381
f 379 381 380
f 382 383 384
f 382 384 385
f 382 386 387
f 382 387 383
f 382 385 365
f 382 365 386
f 386 388 373
f 386 373 387
f 386 365 364
f 386 364 388
f 388 370 369
f 388 369 373
f 388 364 389
f 388 389 370
f 389 364 363
f 389 363 390
f 389 391 371
f 389 371 370
f 389 390 392
f 389 392 391
f 392 390 393
f 392 393 394
f 392 395 396
f 392 396 391
f 392 394 397
f 392 397 395
f 397 394 398
f 397 398 399
f 397 400 401
f 397 401 395
f 397 399 402
f 397 402 400
f 402 399 403
f 402 403 404
f 402 405 406
f 402 406 400
f 402 404 407
f 402 407 405
f 407 404 408
f 407 408 409
f 407 410 411
f 407 411 405
f 407 409 412
f 407 412 410
f 412 409 413
f 412 413 414
f 412 415 416
f 412 416 410
f 412 414 417
f 412 417 415
f 417 414 418
f 417 418 419
f 417 348 351
f 417 351 415
f 417 419 349
f 417 349 348
f 418 420 421
f 418 421 422
f 418 414 413
f 418 413 420
f 418 422 423
f 418 423 419
f 423 422 424
f 423 424 425
f 423 352 349
f 423 349 419
f 423 425 347
f 423 347 352
f 424 426 427
f 424 427 428
f 424 422 421
f 424 421 426
f 424 428 355
f 424 355 425
f 426 429 430
f 426 430 427
f 426 421 431
f 426 431 429
f 431 432 433
f 431 433 429
f 431 434 435
f 431 435 432
f 431 421 420
f 431 420 434
f 434 436 437
f 434 437 435
f 434 420 413
f 434 413 436
f 436 408 438
f 436 438 437
f 436 413 409
f 436 409 408
f 438 439 440
f 438 440 437
f 438 403 441
f 438 441 439
f 438 408 404
f 438 404 403
f 441 442 358
f 441 358 439
f 441 398 443
f 441 443 442
f 441 403 399
f 441 399 398
f 443 444 445
f 443 445 442
f 443 393 367
f 443 367 444
f 443 398 394
f 443 394 393
f 444 446 447
f 444 447 445
f 444 367 366
f 444 366 446
f 446 384 381
f 446 381 447
f 446 366 385
f 446 385 384
f 447 381 378
f 447 378 360
f 447 360 359
f 447 359 445
f 445 359 358
f 445 358 442
f 439 358 357
f 439 357 440
f 440 357 368
f 440 368 448
f 440 448 435
f 440 435 437
f 448 368 371
f 448 371 449
f 448 449 432
f 448 432 435
f 449 371 391
f 449 391 396
f 449 396 433
f 449 433 432
f 433 396 395
f 433 395 401
f 433 401 430
f 433 430 429
f 430 401 400
f 430 400 406
f 430 406 450
f 430 450 427
f 450 406 405
f 450 405 411
f 450 451 428
f 450 428 427
f 450 411 452
f 450 452 451
f 452 411 410
f 452 410 416
f 452 343 354
f 452 354 451
f 452 416 344
f 452 344 343
f 451 354 355
f 451 355 428
f 425 355 345
f 425 345 347
f 415 351 344
f 415 344 416
f 393 390 363
f 393 363 367
f 387 376 380
f 387 380 383
f 387 373 372
f 387 372 376
f 383 380 381
f 383 381 384
f 385 366 362
f 385 362 365
f 374 357 356
f 374 356 361
f 374 372 368
f 374 368 357
f 352 347 340
f 352 340 353
f 350 339 344
f 350 344 351
f 353 340 339
f 353 339 350
f 453 454 455
f 453 455 456
f 453 457 458
f 453 458 454
f 453 456 459
f 453 459 457
f 460 461 454
f 460 454 458
f 459 456 462
f 459 462 463
f 459 463 464
f 459 464 457
f 465 455 454
f 465 454 461
f 465 461 466
f 465 466 467
f 468 469 470
f 468 470 471
f 472 468 471
f 472 471 473
f 468 472 474
f 468 474 469
f 472 473 475
f 472 475 476
f 472 476 477
f 472 477 474
f 478 479 480
f 478 480 481
f 482 478 481
f 482 481 483
f 478 482 484
f 478 484 479
f 485 469 486
f 485 486 487
f 477 482 488
f 477 488 474
f 474 488 489
f 474 489 490
f 491 492 487
f 491 487 486
f 491 486 490
f 491 490 493
f 494 495 496
f 494 496 497
f 494 497 498
f 494 498 499
f 500 501 502
f 500 502 503
f 504 505 506
f 504 506 507
f 504 507 508
f 504 508 503
f 504 503 509
f 504 509 505
f 503 508 510
f 503 510 500
f 502 511 512
f 502 512 513
f 502 513 514
f 502 514 515
f 515 514 505
f 515 505 509
f 514 516 506
f 514 506 505
f 514 513 517
f 514 517 516
f 517 513 512
f 517 512 518
f 517 519 520
f 517 520 516
f 517 518 521
f 517 521 519
f 521 518 522
f 521 522 523
f 521 524 525
f 521 525 519
f 521 523 526
f 521 526 524
f 526 523 527
f 526 527 528
f 526 529 530
f 526 530 524
f 526 528 531
f 526 531 529
f 531 528 532
f 531 532 533
f 531 475 473
f 531 473 529
f 531 533 534
f 531 534 475
f 534 533 535
f 534 535 536
f 534 484 476
f 534 476 475
f 534 536 479
f 534 479 484
f 535 537 538
f 535 538 539
f 535 533 532
f 535 532 537
f 535 539 540
f 535 540 536
f 540 539 541
f 540 541 464
f 540 542 479
f 540 479 536
f 540 464 463
f 540 463 542
f 542 543 480
f 542 480 479
f 542 463 462
f 542 462 543
f 543 544 545
f 543 545 480
f 543 462 546
f 543 546 544
f 546 462 456
f 546 456 455
f 546 467 547
f 546 547 544
f 546 455 465
f 546 465 467
f 547 548 545
f 547 545 544
f 547 549 550
f 547 550 548
f 547 467 466
f 547 466 549
f 549 538 537
f 549 537 550
f 549 466 551
f 549 551 538
f 551 466 461
f 551 461 460
f 551 541 539
f 551 539 538
f 551 460 458
f 551 458 541
f 550 552 553
f 550 553 548
f 550 537 532
f 550 532 552
f 552 527 554
f 552 554 553
f 552 532 528
f 552 528 527
f 554 555 556
f 554 556 553
f 554 522 557
f 554 557 555
f 554 527 523
f 554 523 522
f 557 558 483
f 557 483 555
f 557 512 511
f 557 511 558
f 557 522 518
f 557 518 512
f 558 488 482
f 558 482 483
f 558 511 489
f 558 489 488
f 555 483 481
f 555 481 556
f 556 481 480
f 556 480 545
f 556 545 548
f 556 548 553
f 541 458 457
f 541 457 464
f 529 473 471
f 529 471 530
f 530 559 525
f 530 525 524
f 530 471 470
f 530 470 559
f 559 496 495
f 559 495 525
f 559 470 560
f 559 560 496
f 560 561 497
f 560 497 496
f 560 485 487
f 560 487 561
f 560 470 469
f 560 469 485
f 561 562 498
f 561 498 497
f 561 487 492
f 561 492 562
f 562 508 507
f 562 507 498
f 562 492 510
f 562 510 508
f 525 495 520
f 525 520 519
f 520 499 506
f 520 506 516
f 520 495 494
f 520 494 499
f 511 502 501
f 511 501 489
f 510 493 501
f 510 501 500
f 510 492 491
f 510 491 493
f 509 503 502
f 509 502 515
f 506 499 498
f 506 498 507
f 501 493 490
f 501 490 489
f 490 486 469
f 490 469 474
f 482 477 476
f 482 476 484
f 563 564 565
f 563 565 566
f 563 566 567
f 563 567 568
f 564 569 570
f 564 570 565
f 571 572 573
f 571 573 574
f 571 575 576
f 571 576 572
f 565 570 577
f 565 577 566
f 578 579 574
f 578 574 573
f 578 580 581
f 578 581 579
f 578 573 582
f 578 582 580
f 580 582 567
f 580 567 583
f 580 584 585
f 580 585 581
f 580 583 586
f 580 586 584
f 587 588 589
f 587 589 590
f 587 590 591
f 587 591 592
f 587 592 593
f 587 593 588
f 594 595 596
f 594 596 597
f 598 599 600
f 598 600 601
f 598 601 602
f 598 602 603
f 592 591 604
f 592 604 593
f 605 595 606
f 605 606 607
f 605 607 608
f 605 608 609
f 605 609 596
f 605 596 595
f 608 604 600
f 608 600 610
f 608 607 593
f 608 593 604
f 608 610 611
f 608 611 609
f 611 610 612
f 611 612 613
f 611 614 596
f 611 596 609
f 611 613 615
f 611 615 614
f 615 613 616
f 615 616 617
f 615 618 619
f 615 619 614
f 615 617 620
f 615 620 618
f 620 617 621
f 620 621 622
f 620 623 624
f 620 624 618
f 620 622 625
f 620 625 623
f 625 622 626
f 625 626 627
f 625 628 629
f 625 629 623
f 625 627 630
f 625 630 628
f 630 627 586
f 630 586 631
f 630 632 633
f 630 633 628
f 630 631 634
f 630 634 632
f 634 631 577
f 634 577 570
f 634 635 636
f 634 636 632
f 634 570 569
f 634 569 635
f 635 637 638
f 635 638 636
f 635 569 639
f 635 639 637
f 637 640 641
f 637 641 638
f 637 639 576
f 637 576 640
f 640 642 643
f 640 643 641
f 640 576 575
f 640 575 642
f 642 581 585
f 642 585 643
f 642 575 579
f 642 579 581
f 643 644 645
f 643 645 641
f 643 585 646
f 643 646 644
f 646 621 647
f 646 647 644
f 646 626 622
f 646 622 621
f 646 585 584
f 646 584 626
f 647 648 645
f 647 645 644
f 647 616 649
f 647 649 648
f 647 621 617
f 647 617 616
f 649 650 651
f 649 651 648
f 649 612 599
f 649 599 650
f 649 616 613
f 649 613 612
f 650 603 652
f 650 652 651
f 650 599 598
f 650 598 603
f 652 653 633
f 652 633 654
f 652 603 602
f 652 602 653
f 652 654 655
f 652 655 651
f 655 654 636
f 655 636 638
f 655 645 648
f 655 648 651
f 655 638 641
f 655 641 645
f 653 629 628
f 653 628 633
f 653 602 656
f 653 656 629
f 654 633 632
f 654 632 636
f 631 586 583
f 631 583 577
f 629 656 624
f 629 624 623
f 626 584 586
f 626 586 627
f 624 657 619
f 624 619 618
f 624 656 658
f 624 658 657
f 657 659 597
f 657 597 619
f 659 660 594
f 659 594 597
f 661 658 590
f 661 590 589
f 660 606 595
f 660 595 594
f 660 589 588
f 660 588 606
f 619 597 596
f 619 596 614
f 612 610 600
f 612 600 599
f 606 588 593
f 606 593 607
f 583 567 566
f 583 566 577
f 582 573 572
f 582 572 662
f 582 662 568
f 582 568 567
f 576 639 662
f 576 662 572
f 574 579 575
f 574 575 571
f 568 569 564
f 568 564 563
f 568 662 639
f 568 639 569
f 591 601 600
f 591 600 604
f 601 658 656
f 601 656 602
f 591 590 658
f 591 658 601
f 657 658 661
f 657 661 659
f 659 661 589
f 659 589 660
f 663 664 665
f 663 665 666
f 663 667 668
f 663 668 664
f 663 666 669
f 663 669 667
f 667 669 670
f 667 670 668
f 671 672 673
f 671 673 674
f 675 671 674
f 675 674 676
f 677 678 679
f 677 679 680
f 677 671 675
f 677 675 678
f 679 681 682
f 679 682 680
f 679 678 683
f 679 683 681
f 668 670 684
f 668 684 664
f 681 685 665
f 681 665 682
f 681 686 687
f 681 687 685
f 688 689 690
f 688 690 691
f 688 691 692
f 688 692 693
f 688 693 694
f 688 694 689
f 695 696 697
f 695 697 698
f 695 693 692
f 695 692 696
f 695 698 694
f 695 694 693
f 699 700 701
f 699 701 702
f 699 702 703
f 699 703 704
f 705 698 697
f 705 697 706
f 705 703 694
f 705 694 698
f 705 706 704
f 705 704 703
f 706 697 707
f 706 707 708
f 706 708 709
f 706 709 704
f 709 708 710
f 709 710 711
f 709 700 699
f 709 699 704
f 709 711 712
f 709 712 700
f 712 711 713
f 712 713 714
f 712 715 701
f 712 701 700
f 712 714 716
f 712 716 715
f 716 714 717
f 716 717 718
f 716 719 720
f 716 720 715
f 716 718 721
f 716 721 719
f 721 718 722
f 721 722 723
f 721 724 725
f 721 725 719
f 721 723 726
f 721 726 724
f 726 723 727
f 726 727 728
f 726 729 730
f 726 730 724
f 726 728 731
f 726 731 729
f 731 728 687
f 731 687 686
f 731 732 733
f 731 733 729
f 731 686 734
f 731 734 732
f 734 686 681
f 734 681 683
f 734 735 736
f 734 736 732
f 734 683 737
f 734 737 735
f 737 683 678
f 737 678 675
f 737 738 739
f 737 739 735
f 737 675 676
f 737 676 738
f 738 740 741
f 738 741 739
f 738 676 742
f 738 742 740
f 742 676 674
f 742 674 684
f 742 743 744
f 742 744 740
f 742 684 670
f 742 670 743
f 743 745 746
f 743 746 744
f 743 670 669
f 743 669 745
f 745 747 748
f 745 748 746
f 745 669 666
f 745 666 747
f 747 685 687
f 747 687 748
f 747 666 665
f 747 665 685
f 748 727 749
f 748 749 746
f 748 687 728
f 748 728 727
f 749 750 744
f 749 744 746
f 749 722 751
f 749 751 750
f 749 727 723
f 749 723 722
f 751 752 741
f 751 741 750
f 751 717 753
f 751 753 752
f 751 722 718
f 751 718 717
f 753 754 755
f 753 755 752
f 753 713 756
f 753 756 754
f 753 717 714
f 753 714 713
f 756 757 758
f 756 758 754
f 756 710 759
f 756 759 757
f 756 713 711
f 756 711 710
f 759 760 761
f 759 761 757
f 759 707 762
f 759 762 760
f 759 710 708
f 759 708 707
f 762 763 764
f 762 764 760
f 762 696 692
f 762 692 763
f 762 707 697
f 762 697 696
f 763 765 725
f 763 725 764
f 763 692 691
f 763 691 765
f 765 720 719
f 765 719 725
f 765 691 690
f 765 690 720
f 764 725 724
f 764 724 730
f 764 730 761
f 764 761 760
f 761 730 729
f 761 729 733
f 761 733 758
f 761 758 757
f 758 733 732
f 758 732 736
f 758 736 755
f 758 755 754
f 755 736 735
f 755 735 739
f 755 739 741
f 755 741 752
f 750 741 740
f 750 740 744
f 720 690 701
f 720 701 715
f 703 702 689
f 703 689 694
f 701 690 689
f 701 689 702
f 684 674 673
f 684 673 664
f 682 665 664
f 682 664 673
f 682 673 672
f 682 672 680
f 671 677 680
f 671 680 672
f 766 767 768
f 766 768 769
f 770 771 772
f 770 772 773
f 767 766 774
f 767 774 775
f 767 775 776
f 767 776 768
f 773 777 778
f 773 778 770
f 773 772 779
f 773 779 777
f 780 781 782
f 780 782 783
f 780 784 785
f 780 785 781
f 786 787 788
f 786 788 789
f 790 791 785
f 790 785 784
f 790 792 793
f 790 793 791
f 790 784 794
f 790 794 792
f 787 795 796
f 787 796 788
f 787 797 798
f 787 798 795
f 787 786 799
f 787 799 800
f 799 786 789
f 799 789 801
f 799 801 802
f 799 802 800
f 792 794 803
f 792 803 793
f 804 800 802
f 804 802 805
f 805 803 806
f 805 806 807
f 805 802 793
f 805 793 803
f 805 807 797
f 805 797 804
f 806 808 809
f 806 809 810
f 806 803 794
f 806 794 808
f 806 810 811
f 806 811 807
f 811 810 812
f 811 812 813
f 811 798 797
f 811 797 807
f 811 813 814
f 811 814 798
f 814 813 815
f 814 815 816
f 814 817 795
f 814 795 798
f 814 816 818
f 814 818 817
f 818 816 819
f 818 819 820
f 818 821 822
f 818 822 817
f 818 820 823
f 818 823 821
f 823 820 824
f 823 824 825
f 823 826 827
f 823 827 821
f 823 825 828
f 823 828 826
f 828 825 829
f 828 829 830
f 828 831 832
f 828 832 826
f 828 830 833
f 828 833 831
f 833 830 834
f 833 834 835
f 833 836 837
f 833 837 831
f 833 835 838
f 833 838 836
f 838 835 839
f 838 839 769
f 838 840 841
f 838 841 836
f 838 769 768
f 838 768 840
f 840 842 843
f 840 843 841
f 840 768 776
f 840 776 842
f 842 844 845
f 842 845 843
f 842 776 779
f 842 779 844
f 844 846 847
f 844 847 845
f 844 779 772
f 844 772 846
f 846 848 829
f 846 829 847
f 846 772 771
f 846 771 848
f 848 834 830
f 848 830 829
f 848 771 849
f 848 849 834
f 849 771 770
f 849 770 778
f 849 839 835
f 849 835 834
f 849 778 774
f 849 774 839
f 847 824 850
f 847 850 845
f 847 829 825
f 847 825 824
f 850 851 843
f 850 843 845
f 850 819 852
f 850 852 851
f 850 824 820
f 850 820 819
f 852 853 854
f 852 854 851
f 852 815 855
f 852 855 853
f 852 819 816
f 852 816 815
f 855 856 857
f 855 857 853
f 855 812 858
f 855 858 856
f 855 815 813
f 855 813 812
f 858 859 860
f 858 860 856
f 858 809 783
f 858 783 859
f 858 812 810
f 858 810 809
f 859 861 827
f 859 827 860
f 859 783 782
f 859 782 861
f 861 822 821
f 861 821 827
f 861 782 796
f 861 796 822
f 860 827 826
f 860 826 832
f 860 832 857
f 860 857 856
f 857 832 831
f 857 831 837
f 857 837 854
f 857 854 853
f 854 837 836
f 854 836 841
f 854 841 843
f 854 843 851
f 839 774 766
f 839 766 769
f 822 796 795
f 822 795 817
f 804 797 787
f 804 787 800
f 802 801 791
f 802 791 793
f 801 789 785
f 801 785 791
f 796 782 781
f 796 781 788
f 788 781 785
f 788 785 789
f 779 776 775
f 779 775 777
f 777 775 774
f 777 774 778
f 794 783 809
f 794 809 808
f 784 780 783
f 784 783 794
f 862 863 864
f 862 864 865
f 866 867 868
f 866 868 869
f 863 870 871
f 863 871 864
f 863 862 872
f 863 872 870
f 869 873 874
f 869 874 866
f 869 868 875
f 869 875 873
f 876 877 878
f 876 878 879
f 876 879 880
f 876 880 881
f 876 882 883
f 876 883 877
f 876 881 884
f 876 884 882
f 885 886 887
f 885 887 888
f 885 889 890
f 885 890 886
f 885 888 891
f 885 891 889
f 892 893 886
f 892 886 890
f 892 890 894
f 892 894 895
f 896 894 890
f 896 890 889
f 896 889 891
f 896 891 897
f 896 897 898
f 896 898 894
f 895 894 898
f 895 898 883
f 898 897 899
f 898 899 900
f 898 900 877
f 898 877 883
f 899 901 902
f 899 902 903
f 899 897 891
f 899 891 901
f 899 903 904
f 899 904 900
f 904 903 905
f 904 905 906
f 904 878 877
f 904 877 900
f 904 906 907
f 904 907 878
f 907 906 908
f 907 908 909
f 907 910 879
f 907 879 878
f 907 909 911
f 907 911 910
f 911 909 912
f 911 912 913
f 911 914 915
f 911 915 910
f 911 913 916
f 911 916 914
f 916 913 917
f 916 917 918
f 916 919 920
f 916 920 914
f 916 918 921
f 916 921 919
f 921 918 922
f 921 922 923
f 921 924 925
f 921 925 919
f 921 923 926
f 921 926 924
f 926 923 927
f 926 927 928
f 926 929 930
f 926 930 924
f 926 928 931
f 926 931 929
f 931 928 865
f 931 865 864
f 931 932 933
f 931 933 929
f 931 864 871
f 931 871 932
f 932 934 935
f 932 935 933
f 932 871 875
f 932 875 934
f 934 936 937
f 934 937 935
f 934 875 868
f 934 868 936
f 936 938 939
f 936 939 937
f 936 868 867
f 936 867 938
f 938 940 922
f 938 922 939
f 938 867 941
f 938 941 940
f 941 867 866
f 941 866 874
f 941 942 927
f 941 927 940
f 941 874 872
f 941 872 942
f 942 865 928
f 942 928 927
f 942 872 862
f 942 862 865
f 940 927 923
f 940 923 922
f 939 917 943
f 939 943 937
f 939 922 918
f 939 918 917
f 943 944 935
f 943 935 937
f 943 912 945
f 943 945 944
f 943 917 913
f 943 913 912
f 945 946 947
f 945 947 944
f 945 908 948
f 945 948 946
f 945 912 909
f 945 909 908
f 948 949 950
f 948 950 946
f 948 905 951
f 948 951 949
f 948 908 906
f 948 906 905
f 951 952 953
f 951 953 949
f 951 902 954
f 951 954 952
f 951 905 903
f 951 903 902
f 954 955 956
f 954 956 952
f 954 957 958
f 954 958 955
f 954 902 901
f 954 901 957
f 957 888 887
f 957 887 958
f 957 901 891
f 957 891 888
f 958 881 880
f 958 880 955
f 958 887 884
f 958 884 881
f 955 880 915
f 955 915 956
f 956 915 914
f 956 914 920
f 956 920 953
f 956 953 952
f 953 920 919
f 953 919 925
f 953 925 950
f 953 950 949
f 950 925 924
f 950 924 930
f 950 930 947
f 950 947 946
f 947 930 929
f 947 929 933
f 947 933 935
f 947 935 944
f 915 880 879
f 915 879 910
f 886 893 884
f 886 884 887
f 882 892 895
f 882 895 883
f 893 892 882
f 893 882 884
f 875 871 870
f 875 870 873
f 873 870 872
f 873 872 874
f 959 960 961
f 959 961 962
f 959 962 963
f 959 963 964
f 959 964 965
f 959 965 960
f 966 967 968
f 966 968 969
f 966 969 970
f 966 970 971
f 966 971 972
f 966 972 967
f 968 973 974
f 968 974 969
f 968 967 975
f 968 975 973
f 973 975 976
f 973 976 974
f 961 977 978
f 961 978 962
f 961 960 979
f 961 979 977
f 971 970 980
f 971 980 981
f 971 981 982
f 971 982 983
f 984 985 965
f 984 965 986
f 984 987 988
f 984 988 985
f 984 986 989
f 984 989 987
f 990 991 976
f 990 976 975
f 979 985 988
f 979 988 977
f 979 960 965
f 979 965 985
f 992 967 972
f 992 972 993
f 990 992 993
f 990 993 994
f 992 990 975
f 992 975 967
f 988 995 996
f 988 996 977
f 988 997 998
f 988 998 995
f 988 987 991
f 988 991 997
f 999 1000 1001
f 999 1001 1002
f 999 1003 1004
f 999 1004 1000
f 1005 1006 1007
f 1005 1007 1008
f 1005 1008 1009
f 1005 1009 1010
f 1011 1012 1013
f 1011 1013 1014
f 1008 1007 1015
f 1008 1015 1009
f 1016 1017 1018
f 1016 1018 1012
f 1016 1019 1020
f 1016 1020 1017
f 1016 1012 1011
f 1016 1011 1019
f 1019 1021 1022
f 1019 1022 1020
f 1019 1011 1014
f 1019 1014 1021
f 1021 1015 1023
f 1021 1023 1022
f 1021 1014 1009
f 1021 1009 1015
f 1023 1024 1025
f 1023 1025 1026
f 1023 1015 1007
f 1023 1007 1024
f 1023 1026 1027
f 1023 1027 1022
f 1027 1026 1028
f 1027 1028 1029
f 1027 1030 1020
f 1027 1020 1022
f 1027 1029 1031
f 1027 1031 1030
f 1031 1029 1032
f 1031 1032 1033
f 1031 1034 1035
f 1031 1035 1030
f 1031 1033 1036
f 1031 1036 1034
f 1036 1033 1037
f 1036 1037 1038
f 1036 1039 1040
f 1036 1040 1034
f 1036 1038 1041
f 1036 1041 1039
f 1041 1038 1042
f 1041 1042 1043
f 1041 1044 1045
f 1041 1045 1039
f 1041 1043 1046
f 1041 1046 1044
f 1046 1043 1047
f 1046 1047 1048
f 1046 1049 1050
f 1046 1050 1044
f 1046 1048 1051
f 1046 1051 1049
f 1051 1048 1052
f 1051 1052 1053
f 1051 1054 1055
f 1051 1055 1049
f 1051 1053 1056
f 1051 1056 1054
f 1056 1053 982
f 1056 982 1057
f 1056 1058 1059
f 1056 1059 1054
f 1056 1057 1060
f 1056 1060 1058
f 1060 1057 1061
f 1060 1061 978
f 1060 996 1062
f 1060 1062 1058
f 1060 978 977
f 1060 977 996
f 1062 1063 1059
f 1062 1059 1058
f 1062 1064 1065
f 1062 1065 1063
f 1062 996 995
f 1062 995 1064
f 1064 1066 1067
f 1064 1067 1065
f 1064 995 998
f 1064 998 1066
f 1066 1068 1069
f 1066 1069 1067
f 1066 998 1070
f 1066 1070 1068
f 1070 998 997
f 1070 997 994
f 1070 1071 1072
f 1070 1072 1068
f 1070 994 993
f 1070 993 1071
f 1071 1073 1074
f 1071 1074 1072
f 1071 993 972
f 1071 972 1073
f 1073 983 1052
f 1073 1052 1074
f 1073 972 971
f 1073 971 983
f 1074 1047 1075
f 1074 1075 1072
f 1074 1052 1048
f 1074 1048 1047
f 1075 1069 1068
f 1075 1068 1072
f 1075 1042 1076
f 1075 1076 1069
f 1075 1047 1043
f 1075 1043 1042
f 1076 1077 1067
f 1076 1067 1069
f 1076 1037 1078
f 1076 1078 1077
f 1076 1042 1038
f 1076 1038 1037
f 1078 1079 1080
f 1078 1080 1077
f 1078 1032 1081
f 1078 1081 1079
f 1078 1037 1033
f 1078 1033 1032
f 1081 1082 1083
f 1081 1083 1079
f 1081 1028 1084
f 1081 1084 1082
f 1081 1032 1029
f 1081 1029 1028
f 1084 1085 1086
f 1084 1086 1082
f 1084 1025 1001
f 1084 1001 1085
f 1084 1028 1026
f 1084 1026 1025
f 1085 1087 1088
f 1085 1088 1086
f 1085 1001 1000
f 1085 1000 1087
f 1087 1089 1090
f 1087 1090 1088
f 1087 1000 1004
f 1087 1004 1089
f 1089 1091 1045
f 1089 1045 1090
f 1089 1004 1092
f 1089 1092 1091
f 1092 1093 1040
f 1092 1040 1091
f 1092 1094 1018
f 1092 1018 1093
f 1092 1004 1003
f 1092 1003 1094
f 1094 1013 1012
f 1094 1012 1018
f 1094 1003 1010
f 1094 1010 1013
f 1093 1035 1034
f 1093 1034 1040
f 1093 1018 1017
f 1093 1017 1035
f 1091 1040 1039
f 1091 1039 1045
f 1090 1045 1044
f 1090 1044 1050
f 1090 1050 1095
f 1090 1095 1088
f 1095 1050 1049
f 1095 1049 1055
f 1095 1096 1086
f 1095 1086 1088
f 1095 1055 1097
f 1095 1097 1096
f 1097 1055 1054
f 1097 1054 1059
f 1097 1098 1083
f 1097 1083 1096
f 1097 1059 1063
f 1097 1063 1098
f 1098 1080 1079
f 1098 1079 1083
f 1098 1063 1065
f 1098 1065 1080
f 1096 1083 1082
f 1096 1082 1086
f 1080 1065 1067
f 1080 1067 1077
f 1061 981 980
f 1061 980 963
f 1061 1057 982
f 1061 982 981
f 1061 963 962
f 1061 962 978
f 1052 983 982
f 1052 982 1053
f 1035 1017 1020
f 1035 1020 1030
f 1024 1002 1001
f 1024 1001 1025
f 1024 1007 1006
f 1024 1006 1002
f 1013 1010 1009
f 1013 1009 1014
f 1006 1003 999
f 1006 999 1002
f 1006 1005 1010
f 1006 1010 1003
f 997 991 990
f 997 990 994
f 991 987 989
f 991 989 976
f 989 1099 974
f 989 974 976
f 989 986 1100
f 989 1100 1099
f 1100 980 970
f 1100 970 1099
f 1100 964 963
f 1100 963 980
f 1100 986 965
f 1100 965 964
f 1099 970 969
f 1099 969 974
f 1101 1102 1103
f 1101 1103 1104
f 1101 1104 1105
f 1101 1105 1106
f 1101 1106 1107
f 1101 1107 1102
f 1108 1109 1110
f 1108 1110 1111
f 1112 1113 1114
f 1112 1114 1103
f 1112 1115 1116
f 1112 1116 1113
f 1112 1103 1102
f 1112 1102 1115
f 1117 1109 1114
f 1117 1114 1113
f 1117 1113 1116
f 1117 1116 1118
f 1117 1118 1110
f 1117 1110 1109
f 1115 1102 1107
f 1115 1107 1116
f 1116 1107 1119
f 1116 1119 1120
f 1121 1122 1123
f 1121 1123 1124
f 1121 1125 1126
f 1121 1126 1122
f 1121 1124 1127
f 1121 1127 1125
f 1128 1129 1130
f 1128 1130 1131
f 1123 1128 1131
f 1123 1131 1132
f 1128 1123 1122
f 1128 1122 1129
f 1123 1132 1133
f 1123 1133 1124
f 1127 1134 1135
f 1127 1135 1136
f 1127 1136 1137
f 1127 1137 1125
f 1134 1127 1138
f 1134 1138 1139
f 1134 1139 1140
f 1134 1140 1135
f 1141 1142 1143
f 1141 1143 1144
f 1141 1145 1146
f 1141 1146 1142
f 1147 1148 1149
f 1147 1149 1150
f 1147 1140 1139
f 1147 1139 1148
f 1147 1150 1151
f 1147 1151 1140
f 1149 1145 1152
f 1149 1152 1150
f 1149 1148 1146
f 1149 1146 1145
f 1135 1140 1151
f 1135 1151 1136
f 1151 1153 1137
f 1151 1137 1136
f 1151 1150 1152
f 1151 1152 1153
f 1153 1154 1155
f 1153 1155 1137
f 1153 1152 1156
f 1153 1156 1154
f 1154 1157 1158
f 1154 1158 1155
f 1154 1156 1159
f 1154 1159 1157
f 1159 1156 1160
f 1159 1160 1161
f 1159 1162 1163
f 1159 1163 1157
f 1159 1161 1164
f 1159 1164 1162
f 1164 1161 1165
f 1164 1165 1166
f 1164 1167 1168
f 1164 1168 1162
f 1164 1166 1169
f 1164 1169 1167
f 1169 1166 1170
f 1169 1170 1171
f 1169 1172 1173
f 1169 1173 1167
f 1169 1171 1174
f 1169 1174 1172
f 1174 1171 1175
f 1174 1175 1176
f 1174 1177 1178
f 1174 1178 1172
f 1174 1176 1179
f 1174 1179 1177
f 1179 1176 1180
f 1179 1180 1181
f 1179 1182 1183
f 1179 1183 1177
f 1179 1181 1184
f 1179 1184 1182
f 1184 1181 1185
f 1184 1185 1186
f 1184 1187 1188
f 1184 1188 1182
f 1184 1186 1119
f 1184 1119 1187
f 1187 1106 1105
f 1187 1105 1188
f 1187 1119 1107
f 1187 1107 1106
f 1188 1189 1183
f 1188 1183 1182
f 1188 1105 1190
f 1188 1190 1189
f 1190 1111 1191
f 1190 1191 1189
f 1190 1192 1108
f 1190 1108 1111
f 1190 1105 1104
f 1190 1104 1192
f 1192 1114 1109
f 1192 1109 1108
f 1192 1104 1103
f 1192 1103 1114
f 1191 1193 1183
f 1191 1183 1189
f 1191 1194 1195
f 1191 1195 1193
f 1191 1111 1110
f 1191 1110 1194
f 1194 1196 1197
f 1194 1197 1195
f 1194 1110 1118
f 1194 1118 1196
f 1196 1120 1198
f 1196 1198 1197
f 1196 1118 1116
f 1196 1116 1120
f 1198 1199 1200
f 1198 1200 1197
f 1198 1186 1185
f 1198 1185 1199
f 1198 1120 1119
f 1198 1119 1186
f 1199 1201 1202
f 1199 1202 1200
f 1199 1185 1203
f 1199 1203 1201
f 1203 1204 1205
f 1203 1205 1201
f 1203 1180 1206
f 1203 1206 1204
f 1203 1185 1181
f 1203 1181 1180
f 1206 1207 1208
f 1206 1208 1204
f 1206 1175 1209
f 1206 1209 1207
f 1206 1180 1176
f 1206 1176 1175
f 1209 1129 1210
f 1209 1210 1207
f 1209 1170 1130
f 1209 1130 1129
f 1209 1175 1171
f 1209 1171 1170
f 1210 1126 1155
f 1210 1155 1158
f 1210 1129 1122
f 1210 1122 1126
f 1210 1158 1208
f 1210 1208 1207
f 1208 1158 1157
f 1208 1157 1163
f 1208 1163 1205
f 1208 1205 1204
f 1205 1163 1162
f 1205 1162 1168
f 1205 1168 1202
f 1205 1202 1201
f 1202 1168 1167
f 1202 1167 1173
f 1202 1173 1211
f 1202 1211 1200
f 1211 1173 1172
f 1211 1172 1178
f 1211 1195 1197
f 1211 1197 1200
f 1211 1178 1193
f 1211 1193 1195
f 1193 1178 1177
f 1193 1177 1183
f 1170 1166 1165
f 1170 1165 1130
f 1165 1212 1131
f 1165 1131 1130
f 1165 1161 1160
f 1165 1160 1212
f 1212 1143 1132
f 1212 1132 1131
f 1212 1160 1144
f 1212 1144 1143
f 1155 1126 1125
f 1155 1125 1137
f 1148 1139 1138
f 1148 1138 1146
f 1146 1138 1133
f 1146 1133 1142
f 1142 1133 1132
f 1142 1132 1143
f 1144 1152 1145
f 1144 1145 1141
f 1144 1160 1156
f 1144 1156 1152
f 1138 1127 1124
f 1138 1124 1133
f 1213 1214 1215
f 1213 1215 1216
f 1213 1217 1218
f 1213 1218 1214
f 1219 1220 1221
f 1219 1221 1222
f 1219 1223 1224
f 1219 1224 1220
f 1219 1222 1225
f 1219 1225 1223
f 1223 1225 1226
f 1223 1226 1224
f 1220 1224 1227
f 1220 1227 1221
f 1228 1229 1215
f 1228 1215 1214
f 1228 1230 1231
f 1228 1231 1229
f 1228 1214 1218
f 1228 1218 1230
f 1224 1232 1233
f 1224 1233 1227
f 1224 1226 1234
f 1224 1234 1232
f 1235 1236 1237
f 1235 1237 1238
f 1235 1238 1239
f 1235 1239 1240
f 1241 1242 1243
f 1241 1243 1244
f 1241 1245 1246
f 1241 1246 1242
f 1247 1248 1249
f 1247 1249 1250
f 1248 1247 1240
f 1248 1240 1251
f 1248 1251 1252
f 1248 1252 1249
f 1253 1254 1246
f 1253 1246 1245
f 1253 1255 1256
f 1253 1256 1254
f 1253 1245 1257
f 1253 1257 1255
f 1257 1245 1241
f 1257 1241 1244
f 1257 1250 1249
f 1257 1249 1255
f 1257 1244 1258
f 1257 1258 1250
f 1255 1249 1252
f 1255 1252 1256
f 1256 1252 1259
f 1256 1259 1260
f 1256 1260 1261
f 1256 1261 1254
f 1261 1260 1262
f 1261 1262 1263
f 1261 1264 1246
f 1261 1246 1254
f 1261 1263 1265
f 1261 1265 1264
f 1265 1263 1266
f 1265 1266 1267
f 1265 1268 1269
f 1265 1269 1264
f 1265 1267 1270
f 1265 1270 1268
f 1270 1267 1271
f 1270 1271 1272
f 1270 1273 1274
f 1270 1274 1268
f 1270 1272 1275
f 1270 1275 1273
f 1275 1272 1276
f 1275 1276 1277
f 1275 1278 1279
f 1275 1279 1273
f 1275 1277 1280
f 1275 1280 1278
f 1280 1277 1281
f 1280 1281 1282
f 1280 1283 1284
f 1280 1284 1278
f 1280 1282 1285
f 1280 1285 1283
f 1285 1282 1286
f 1285 1286 1287
f 1285 1288 1289
f 1285 1289 1283
f 1285 1287 1290
f 1285 1290 1288
f 1290 1287 1291
f 1290 1291 1292
f 1290 1293 1294
f 1290 1294 1288
f 1290 1292 1295
f 1290 1295 1293
f 1295 1292 1296
f 1295 1296 1297
f 1295 1298 1299
f 1295 1299 1293
f 1295 1297 1300
f 1295 1300 1298
f 1300 1297 1301
f 1300 1301 1302
f 1300 1303 1304
f 1300 1304 1298
f 1300 1302 1305
f 1300 1305 1303
f 1305 1302 1231
f 1305 1231 1306
f 1305 1233 1307
f 1305 1307 1303
f 1305 1306 1227
f 1305 1227 1233
f 1307 1308 1304
f 1307 1304 1303
f 1307 1309 1310
f 1307 1310 1308
f 1307 1233 1232
f 1307 1232 1309
f 1309 1311 1312
f 1309 1312 1310
f 1309 1232 1234
f 1309 1234 1311
f 1311 1313 1314
f 1311 1314 1312
f 1311 1234 1315
f 1311 1315 1313
f 1315 1234 1226
f 1315 1226 1316
f 1315 1317 1318
f 1315 1318 1313
f 1315 1316 1319
f 1315 1319 1317
f 1319 1316 1320
f 1319 1320 1217
f 1319 1216 1321
f 1319 1321 1317
f 1319 1217 1213
f 1319 1213 1216
f 1321 1322 1318
f 1321 1318 1317
f 1321 1323 1296
f 1321 1296 1322
f 1321 1216 1215
f 1321 1215 1323
f 1323 1301 1297
f 1323 1297 1296
f 1323 1215 1229
f 1323 1229 1301
f 1322 1291 1324
f 1322 1324 1318
f 1322 1296 1292
f 1322 1292 1291
f 1324 1314 1313
f 1324 1313 1318
f 1324 1286 1325
f 1324 1325 1314
f 1324 1291 1287
f 1324 1287 1286
f 1325 1326 1312
f 1325 1312 1314
f 1325 1281 1327
f 1325 1327 1326
f 1325 1286 1282
f 1325 1282 1281
f 1327 1328 1329
f 1327 1329 1326
f 1327 1276 1330
f 1327 1330 1328
f 1327 1281 1277
f 1327 1277 1276
f 1330 1331 1332
f 1330 1332 1328
f 1330 1271 1333
f 1330 1333 1331
f 1330 1276 1272
f 1330 1272 1271
f 1333 1334 1335
f 1333 1335 1331
f 1333 1266 1336
f 1333 1336 1334
f 1333 1271 1267
f 1333 1267 1266
f 1336 1337 1338
f 1336 1338 1334
f 1336 1262 1339
f 1336 1339 1337
f 1336 1266 1263
f 1336 1263 1262
f 1339 1340 1341
f 1339 1341 1337
f 1339 1259 1342
f 1339 1342 1340
f 1339 1262 1260
f 1339 1260 1259
f 1342 1239 1343
f 1342 1343 1340
f 1342 1251 1240
f 1342 1240 1239
f 1342 1259 1252
f 1342 1252 1251
f 1343 1344 1345
f 1343 1345 1346
f 1343 1239 1238
f 1343 1238 1344
f 1343 1346 1341
f 1343 1341 1340
f 1344 1347 1279
f 1344 1279 1345
f 1344 1238 1237
f 1344 1237 1347
f 1347 1274 1273
f 1347 1273 1279
f 1347 1237 1348
f 1347 1348 1274
f 1348 1269 1268
f 1348 1268 1274
f 1348 1243 1242
f 1348 1242 1269
f 1348 1237 1236
f 1348 1236 1243
f 1345 1279 1278
f 1345 1278 1284
f 1345 1284 1349
f 1345 1349 1346
f 1349 1284 1283
f 1349 1283 1289
f 1349 1350 1341
f 1349 1341 1346
f 1349 1289 1351
f 1349 1351 1350
f 1351 1289 1288
f 1351 1288 1294
f 1351 1352 1338
f 1351 1338 1350
f 1351 1294 1353
f 1351 1353 1352
f 1353 1294 1293
f 1353 1293 1299
f 1353 1354 1335
f 1353 1335 1352
f 1353 1299 1355
f 1353 1355 1354
f 1355 1299 1298
f 1355 1298 1304
f 1355 1356 1332
f 1355 1332 1354
f 1355 1304 1308
f 1355 1308 1356
f 1356 1329 1328
f 1356 1328 1332
f 1356 1308 1310
f 1356 1310 1329
f 1354 1332 1331
f 1354 1331 1335
f 1352 1335 1334
f 1352 1334 1338
f 1350 1338 1337
f 1350 1337 1341
f 1329 1310 1312
f 1329 1312 1326
f 1320 1225 1222
f 1320 1222 1357
f 1320 1316 1226
f 1320 1226 1225
f 1320 1357 1218
f 1320 1218 1217
f 1357 1222 1221
f 1357 1221 1358
f 1357 1358 1230
f 1357 1230 1218
f 1358 1221 1227
f 1358 1227 1306
f 1358 1306 1231
f 1358 1231 1230
f 1301 1229 1231
f 1301 1231 1302
f 1269 1242 1246
f 1269 1246 1264
f 1243 1236 1258
f 1243 1258 1244
f 1247 1236 1235
f 1247 1235 1240
f 1258 1236 1247
f 1258 1247 1250
f 1359 1360 1361
f 1359 1361 1362
f 1359 1363 1364
f 1359 1364 1360
f 1359 1362 1365
f 1359 1365 1363
f 1366 1367 1368
f 1366 1368 1369
f 1366 1370 1371
f 1366 1371 1367
f 1366 1369 1372
f 1366 1372 1370
f 1363 1365 1373
f 1363 1373 1364
f 1370 1372 1374
f 1370 1374 1371
f 1375 1376 1377
f 1375 1377 1378
f 1375 1378 1379
f 1375 1379 1380
f 1381 1382 1383
f 1381 1383 1384
f 1385 1386 1387
f 1385 1387 1388
f 1385 1389 1390
f 1385 1390 1386
f 1391 1392 1380
f 1391 1380 1393
f 1391 1393 1394
f 1391 1394 1389
f 1395 1396 1382
f 1395 1382 1397
f 1395 1390 1398
f 1395 1398 1396
f 1395 1397 1386
f 1395 1386 1390
f 1398 1394 1399
f 1398 1399 1400
f 1398 1390 1389
f 1398 1389 1394
f 1398 1400 1401
f 1398 1401 1396
f 1401 1400 1402
f 1401 1402 1403
f 1401 1383 1382
f 1401 1382 1396
f 1401 1403 1404
f 1401 1404 1383
f 1404 1403 1405
f 1404 1405 1406
f 1404 1407 1384
f 1404 1384 1383
f 1404 1406 1408
f 1404 1408 1407
f 1408 1406 1409
f 1408 1409 1410
f 1408 1411 1412
f 1408 1412 1407
f 1408 1410 1413
f 1408 1413 1411
f 1413 1410 1414
f 1413 1414 1415
f 1413 1416 1417
f 1413 1417 1411
f 1413 1415 1418
f 1413 1418 1416
f 1418 1415 1419
f 1418 1419 1420
f 1418 1421 1422
f 1418 1422 1416
f 1418 1420 1423
f 1418 1423 1421
f 1423 1420 1424
f 1423 1424 1425
f 1423 1426 1427
f 1423 1427 1421
f 1423 1425 1428
f 1423 1428 1426
f 1428 1425 1429
f 1428 1429 1430
f 1428 1431 1432
f 1428 1432 1426
f 1428 1430 1433
f 1428 1433 1431
f 1433 1430 1434
f 1433 1434 1435
f 1433 1436 1437
f 1433 1437 1431
f 1433 1435 1438
f 1433 1438 1436
f 1438 1435 1439
f 1438 1439 1440
f 1438 1441 1442
f 1438 1442 1436
f 1438 1440 1443
f 1438 1443 1441
f 1443 1440 1373
f 1443 1373 1374
f 1443 1444 1445
f 1443 1445 1441
f 1443 1374 1372
f 1443 1372 1444
f 1444 1446 1447
f 1444 1447 1445
f 1444 1372 1369
f 1444 1369 1446
f 1446 1448 1449
f 1446 1449 1447
f 1446 1369 1368
f 1446 1368 1448
f 1448 1450 1451
f 1448 1451 1449
f 1448 1368 1452
f 1448 1452 1450
f 1450 1453 1454
f 1450 1454 1451
f 1450 1452 1455
f 1450 1455 1453
f 1453 1456 1457
f 1453 1457 1454
f 1453 1455 1361
f 1453 1361 1456
f 1456 1458 1434
f 1456 1434 1457
f 1456 1361 1360
f 1456 1360 1458
f 1458 1439 1435
f 1458 1435 1434
f 1458 1360 1364
f 1458 1364 1439
f 1457 1429 1459
f 1457 1459 1454
f 1457 1434 1430
f 1457 1430 1429
f 1459 1460 1451
f 1459 1451 1454
f 1459 1424 1461
f 1459 1461 1460
f 1459 1429 1425
f 1459 1425 1424
f 1461 1462 1463
f 1461 1463 1460
f 1461 1419 1464
f 1461 1464 1462
f 1461 1424 1420
f 1461 1420 1419
f 1464 1465 1466
f 1464 1466 1462
f 1464 1414 1467
f 1464 1467 1465
f 1464 1419 1415
f 1464 1415 1414
f 1467 1468 1469
f 1467 1469 1465
f 1467 1409 1470
f 1467 1470 1468
f 1467 1414 1410
f 1467 1410 1409
f 1470 1471 1472
f 1470 1472 1468
f 1470 1405 1473
f 1470 1473 1471
f 1470 1409 1406
f 1470 1406 1405
f 1473 1474 1475
f 1473 1475 1471
f 1473 1402 1476
f 1473 1476 1474
f 1473 1405 1403
f 1473 1403 1402
f 1476 1477 1478
f 1476 1478 1474
f 1476 1399 1479
f 1476 1479 1477
f 1476 1402 1400
f 1476 1400 1399
f 1479 1379 1480
f 1479 1480 1477
f 1479 1393 1380
f 1479 1380 1379
f 1479 1399 1394
f 1479 1394 1393
f 1480 1481 1482
f 1480 1482 1483
f 1480 1379 1378
f 1480 1378 1481
f 1480 1483 1478
f 1480 1478 1477
f 1481 1484 1417
f 1481 1417 1482
f 1481 1378 1377
f 1481 1377 1484
f 1484 1412 1411
f 1484 1411 1417
f 1484 1377 1485
f 1484 1485 1412
f 1485 1384 1407
f 1485 1407 1412
f 1485 1486 1381
f 1485 1381 1384
f 1485 1377 1376
f 1485 1376 1486
f 1482 1417 1416
f 1482 1416 1422
f 1482 1422 1487
f 1482 1487 1483
f 1487 1422 1421
f 1487 1421 1427
f 1487 1488 1478
f 1487 1478 1483
f 1487 1427 1489
f 1487 1489 1488
f 1489 1427 1426
f 1489 1426 1432
f 1489 1490 1475
f 1489 1475 1488
f 1489 1432 1491
f 1489 1491 1490
f 1491 1432 1431
f 1491 1431 1437
f 1491 1492 1472
f 1491 1472 1490
f 1491 1437 1493
f 1491 1493 1492
f 1493 1437 1436
f 1493 1436 1442
f 1493 1494 1469
f 1493 1469 1492
f 1493 1442 1495
f 1493 1495 1494
f 1495 1442 1441
f 1495 1441 1445
f 1495 1496 1466
f 1495 1466 1494
f 1495 1445 1447
f 1495 1447 1496
f 1496 1463 1462
f 1496 1462 1466
f 1496 1447 1449
f 1496 1449 1463
f 1494 1466 1465
f 1494 1465 1469
f 1492 1469 1468
f 1492 1468 1472
f 1490 1472 1471
f 1490 1471 1475
f 1488 1475 1474
f 1488 1474 1478
f 1463 1449 1451
f 1463 1451 1460
f 1439 1364 1373
f 1439 1373 1440
f 1486 1376 1388
f 1486 1388 1387
f 1392 1385 1388
f 1392 1388 1497
f 1392 1391 1389
f 1392 1389 1385
f 1497 1375 1380
f 1497 1380 1392
f 1497 1388 1376
f 1497 1376 1375
f 1374 1373 1365
f 1374 1365 1371
f 1371 1365 1362
f 1371 1362 1367
f 1397 1498 1387
f 1397 1387 1386
f 1397 1382 1381
f 1397 1381 1498
f 1452 1362 1361
f 1452 1361 1455
f 1367 1362 1452
f 1367 1452 1368
f 1486 1387 1498
f 1486 1498 1381
f 1499 1500 1501
f 1499 1501 1502
f 1499 1502 1503
f 1499 1503 1504
f 1499 1504 1505
f 1499 1505 1500
f 1504 1503 1506
f 1504 1506 1505
f 1507 1508 1509
f 1507 1509 1510
f 1507 1510 1511
f 1507 1511 1512
f 1507 1512 1513
f 1507 1513 1508
f 1511 1514 1515
f 1511 1515 1512
f 1511 1510 1516
f 1511 1516 1514
f 1517 1518 1519
f 1517 1519 1520
f 1517 1520 1521
f 1517 1521 1522
f 1517 1523 1524
f 1517 1524 1518
f 1517 1522 1525
f 1517 1525 1523
f 1526 1527 1528
f 1526 1528 1529
f 1530 1531 1529
f 1530 1529 1528
f 1530 1532 1533
f 1530 1533 1531
f 1530 1528 1534
f 1530 1534 1532
f 1535 1534 1536
f 1535 1536 1537
f 1535 1538 1532
f 1535 1532 1534
f 1535 1537 1539
f 1535 1539 1538
f 1540 1533 1532
f 1540 1532 1538
f 1540 1538 1539
f 1540 1539 1541
f 1540 1541 1542
f 1540 1542 1533
f 1542 1541 1543
f 1542 1543 1544
f 1542 1545 1531
f 1542 1531 1533
f 1542 1544 1546
f 1542 1546 1545
f 1546 1544 1547
f 1546 1547 1548
f 1546 1522 1521
f 1546 1521 1545
f 1546 1548 1525
f 1546 1525 1522
f 1547 1549 1550
f 1547 1550 1551
f 1547 1544 1543
f 1547 1543 1549
f 1547 1551 1552
f 1547 1552 1548
f 1552 1551 1553
f 1552 1553 1554
f 1552 1555 1525
f 1552 1525 1548
f 1552 1554 1556
f 1552 1556 1555
f 1556 1554 1557
f 1556 1557 1558
f 1556 1559 1560
f 1556 1560 1555
f 1556 1558 1561
f 1556 1561 1559
f 1561 1558 1562
f 1561 1562 1563
f 1561 1564 1565
f 1561 1565 1559
f 1561 1563 1566
f 1561 1566 1564
f 1566 1563 1567
f 1566 1567 1568
f 1566 1569 1570
f 1566 1570 1564
f 1566 1568 1571
f 1566 1571 1569
f 1571 1568 1502
f 1571 1502 1501
f 1571 1572 1573
f 1571 1573 1569
f 1571 1501 1513
f 1571 1513 1572
f 1572 1515 1574
f 1572 1574 1573
f 1572 1513 1512
f 1572 1512 1515
f 1574 1575 1576
f 1574 1576 1573
f 1574 1577 1578
f 1574 1578 1575
f 1574 1515 1514
f 1574 1514 1577
f 1577 1579 1580
f 1577 1580 1578
f 1577 1514 1516
f 1577 1516 1579
f 1579 1581 1582
f 1579 1582 1580
f 1579 1516 1583
f 1579 1583 1581
f 1583 1516 1510
f 1583 1510 1509
f 1583 1506 1584
f 1583 1584 1581
f 1583 1509 1505
f 1583 1505 1506
f 1584 1562 1582
f 1584 1582 1581
f 1584 1567 1563
f 1584 1563 1562
f 1584 1506 1503
f 1584 1503 1567
f 1582 1557 1585
f 1582 1585 1580
f 1582 1562 1558
f 1582 1558 1557
f 1585 1586 1578
f 1585 1578 1580
f 1585 1553 1587
f 1585 1587 1586
f 1585 1557 1554
f 1585 1554 1553
f 1587 1588 1589
f 1587 1589 1586
f 1587 1550 1590
f 1587 1590 1588
f 1587 1553 1551
f 1587 1551 1550
f 1590 1591 1592
f 1590 1592 1588
f 1590 1593 1594
f 1590 1594 1591
f 1590 1550 1549
f 1590 1549 1593
f 1593 1595 1596
f 1593 1596 1594
f 1593 1549 1543
f 1593 1543 1595
f 1595 1539 1537
f 1595 1537 1596
f 1595 1543 1541
f 1595 1541 1539
f 1596 1597 1598
f 1596 1598 1594
f 1596 1537 1536
f 1596 1536 1597
f 1597 1519 1518
f 1597 1518 1598
f 1597 1536 1527
f 1597 1527 1519
f 1598 1518 1524
f 1598 1524 1599
f 1598 1599 1591
f 1598 1591 1594
f 1599 1524 1600
f 1599 1600 1601
f 1599 1601 1592
f 1599 1592 1591
f 1600 1560 1559
f 1600 1559 1565
f 1600 1524 1523
f 1600 1523 1560
f 1600 1565 1602
f 1600 1602 1601
f 1602 1565 1564
f 1602 1564 1570
f 1602 1603 1592
f 1602 1592 1601
f 1602 1570 1576
f 1602 1576 1603
f 1603 1589 1588
f 1603 1588 1592
f 1603 1576 1575
f 1603 1575 1589
f 1589 1575 1578
f 1589 1578 1586
f 1576 1570 1569
f 1576 1569 1573
f 1567 1503 1502
f 1567 1502 1568
f 1560 1523 1525
f 1560 1525 1555
f 1545 1521 1529
f 1545 1529 1531
f 1536 1534 1528
f 1536 1528 1527
f 1527 1526 1520
f 1527 1520 1519
f 1529 1521 1520
f 1529 1520 1526
f 1513 1501 1500
f 1513 1500 1508
f 1508 1500 1505
f 1508 1505 1509
f 1604 1605 1606
f 1604 1606 1607
f 1604 1607 1608
f 1604 1608 1609
f 1610 1611 1612
f 1610 1612 1605
f 1613 1614 1615
f 1613 1615 1616
f 1617 1618 1619
f 1617 1619 1620
f 1621 1617 1620
f 1621 1620 1622
f 1623 1624 1625
f 1623 1625 1626
f 1627 1628 1629
f 1627 1629 1630
f 1631 1622 1632
f 1631 1632 1633
f 1634 1635 1636
f 1634 1636 1631
f 1637 1638 1639
f 1637 1639 1640
f 1641 1637 1640
f 1641 1640 1642
f 1628 1627 1643
f 1628 1643 1644
f 1628 1645 1646
f 1628 1646 1629
f 1647 1606 1648
f 1647 1648 1649
f 1639 1650 1651
f 1639 1651 1652
f 1639 1653 1654
f 1639 1654 1640
f 1639 1638 1655
f 1639 1655 1650
f 1642 1656 1618
f 1642 1618 1641
f 1642 1640 1654
f 1642 1654 1657
f 1658 1659 1660
f 1658 1660 1661
f 1662 1658 1661
f 1662 1661 1663
f 1664 1665 1666
f 1664 1666 1667
f 1649 1664 1667
f 1649 1667 1668
f 1664 1649 1648
f 1664 1648 1665
f 1669 1670 1671
f 1669 1671 1657
f 1669 1672 1673
f 1669 1673 1670
f 1669 1657 1654
f 1669 1654 1672
f 1674 1675 1676
f 1674 1676 1677
f 1678 1679 1646
f 1678 1646 1645
f 1678 1680 1681
f 1678 1681 1679
f 1682 1683 1684
f 1682 1684 1685
f 1686 1687 1688
f 1686 1688 1689
f 1690 1659 1646
f 1690 1646 1679
f 1690 1679 1681
f 1690 1681 1691
f 1690 1691 1660
f 1690 1660 1659
f 1666 1692 1693
f 1666 1693 1667
f 1694 1686 1670
f 1694 1670 1673
f 1695 1694 1673
f 1695 1673 1696
f 1694 1695 1697
f 1694 1697 1686
f 1660 1698 1699
f 1660 1699 1661
f 1683 1682 1700
f 1683 1700 1701
f 1695 1696 1702
f 1695 1702 1703
f 1704 1663 1661
f 1704 1661 1699
f 1704 1699 1705
f 1704 1705 1706
f 1707 1708 1709
f 1707 1709 1710
f 1707 1711 1712
f 1707 1712 1708
f 1707 1710 1693
f 1707 1693 1711
f 1706 1705 1713
f 1706 1713 1714
f 1715 1713 1705
f 1715 1705 1716
f 1715 1717 1718
f 1715 1718 1713
f 1718 1719 1714
f 1718 1714 1713
f 1718 1703 1702
f 1718 1702 1719
f 1718 1717 1720
f 1718 1720 1703
f 1719 1721 1712
f 1719 1712 1714
f 1719 1702 1722
f 1719 1722 1721
f 1722 1723 1724
f 1722 1724 1721
f 1722 1725 1653
f 1722 1653 1723
f 1722 1702 1696
f 1722 1696 1725
f 1725 1672 1654
f 1725 1654 1653
f 1725 1696 1673
f 1725 1673 1672
f 1724 1726 1709
f 1724 1709 1708
f 1724 1708 1712
f 1724 1712 1721
f 1726 1727 1728
f 1726 1728 1709
f 1726 1729 1651
f 1726 1651 1727
f 1727 1730 1731
f 1727 1731 1728
f 1727 1651 1650
f 1727 1650 1730
f 1732 1733 1734
f 1732 1734 1731
f 1730 1650 1655
f 1730 1655 1735
f 1733 1608 1607
f 1733 1607 1734
f 1736 1737 1738
f 1736 1738 1739
f 1734 1607 1606
f 1734 1606 1647
f 1734 1647 1649
f 1734 1649 1731
f 1731 1649 1668
f 1731 1668 1728
f 1728 1668 1710
f 1728 1710 1709
f 1714 1712 1711
f 1714 1711 1706
f 1717 1691 1681
f 1717 1681 1720
f 1716 1705 1699
f 1716 1699 1698
f 1711 1693 1692
f 1711 1692 1706
f 1710 1668 1667
f 1710 1667 1693
f 1720 1681 1680
f 1720 1680 1740
f 1701 1676 1675
f 1701 1675 1683
f 1741 1740 1701
f 1741 1701 1700
f 1689 1671 1670
f 1689 1670 1686
f 1742 1619 1618
f 1742 1618 1656
f 1742 1743 1632
f 1742 1632 1619
f 1683 1675 1744
f 1683 1744 1684
f 1745 1634 1631
f 1745 1631 1633
f 1675 1674 1746
f 1675 1746 1744
f 1665 1648 1662
f 1665 1662 1663
f 1662 1605 1612
f 1662 1612 1658
f 1662 1648 1606
f 1662 1606 1605
f 1658 1629 1646
f 1658 1646 1659
f 1658 1612 1630
f 1658 1630 1629
f 1747 1748 1636
f 1747 1636 1635
f 1630 1749 1643
f 1630 1643 1627
f 1630 1612 1611
f 1630 1611 1749
f 1619 1632 1622
f 1619 1622 1620
f 1750 1751 1752
f 1750 1752 1753
f 1753 1616 1615
f 1753 1615 1750
f 1623 1754 1613
f 1623 1613 1624
f 1726 1724 1723
f 1726 1723 1729
f 1704 1666 1665
f 1704 1665 1663
f 1692 1666 1704
f 1692 1704 1706
f 1716 1691 1717
f 1716 1717 1715
f 1698 1660 1691
f 1698 1691 1716
f 1720 1697 1695
f 1720 1695 1703
f 1741 1697 1720
f 1741 1720 1740
f 1748 1747 1644
f 1748 1644 1614
f 1674 1645 1628
f 1674 1628 1746
f 1678 1677 1676
f 1678 1676 1680
f 1740 1680 1676
f 1740 1676 1701
f 1678 1645 1674
f 1678 1674 1677
f 1741 1700 1686
f 1741 1686 1697
f 1687 1686 1700
f 1687 1700 1682
f 1687 1682 1685
f 1687 1685 1688
f 1632 1743 1745
f 1632 1745 1633
f 1755 1756 1757
f 1755 1757 1758
f 1755 1759 1625
f 1755 1625 1756
f 1760 1624 1613
f 1760 1613 1616
f 1761 1760 1616
f 1761 1616 1753
f 1738 1761 1753
f 1738 1753 1752
f 1757 1761 1738
f 1757 1738 1737
f 1756 1760 1761
f 1756 1761 1757
f 1625 1624 1760
f 1625 1760 1756
f 1751 1739 1738
f 1751 1738 1752
f 1736 1758 1757
f 1736 1757 1737
f 1613 1754 1748
f 1613 1748 1614
f 1631 1636 1621
f 1631 1621 1622
f 1628 1644 1747
f 1628 1747 1746
f 1746 1747 1635
f 1746 1635 1744
f 1744 1635 1634
f 1744 1634 1684
f 1684 1634 1745
f 1684 1745 1685
f 1745 1743 1688
f 1745 1688 1685
f 1689 1688 1743
f 1689 1743 1742
f 1689 1742 1656
f 1689 1656 1671
f 1642 1657 1671
f 1642 1671 1656
f 1643 1615 1614
f 1643 1614 1644
f 1749 1750 1615
f 1749 1615 1643
f 1611 1751 1750
f 1611 1750 1749
f 1609 1751 1611
f 1609 1611 1610
f 1608 1739 1751
f 1608 1751 1609
f 1736 1739 1608
f 1736 1608 1733
f 1604 1609 1610
f 1604 1610 1605
f 1735 1736 1733
f 1735 1733 1732
f 1655 1758 1736
f 1655 1736 1735
f 1638 1755 1758
f 1638 1758 1655
f 1759 1755 1638
f 1759 1638 1637
f 1618 1759 1637
f 1618 1637 1641
f 1730 1735 1732
f 1730 1732 1731
f 1723 1653 1762
f 1723 1762 1729
f 1652 1651 1729
f 1652 1729 1762
f 1653 1639 1652
f 1653 1652 1762
f 1754 1621 1636
f 1754 1636 1748
f 1617 1621 1754
f 1617 1754 1623
f 1759 1618 1626
f 1759 1626 1625
f 1618 1617 1623
f 1618 1623 1626
f 1763 1764 1765
f 1763 1765 1766
f 1765 1767 1768
f 1765 1768 1766
f 1769 1770 1771
f 1769 1771 1772
f 1769 1772 1763
f 1769 1763 1766
f 1769 1773 1774
f 1769 1774 1770
f 1775 1776 1777
f 1775 1777 1778
f 1779 1780 1768
f 1779 1768 1767
f 1779 1781 1782
f 1779 1782 1780
f 1779 1767 1783
f 1779 1783 1781
f 1777 1784 1785
f 1777 1785 1778
f 1786 1787 1788
f 1786 1788 1789
f 1790 1791 1792
f 1790 1792 1793
f 1790 1793 1794
f 1790 1794 1795
f 1796 1797 1798
f 1796 1798 1787
f 1796 1794 1793
f 1796 1793 1797
f 1799 1800 1801
f 1799 1801 1788
f 1799 1788 1787
f 1799 1787 1798
f 1799 1798 1802
f 1799 1802 1800
f 1802 1803 1804
f 1802 1804 1800
f 1802 1805 1806
f 1802 1806 1803
f 1802 1798 1797
f 1802 1797 1805
f 1805 1792 1807
f 1805 1807 1806
f 1805 1797 1793
f 1805 1793 1792
f 1807 1808 1809
f 1807 1809 1806
f 1807 1810 1811
f 1807 1811 1808
f 1807 1792 1791
f 1807 1791 1810
f 1810 1812 1813
f 1810 1813 1811
f 1810 1791 1814
f 1810 1814 1812
f 1814 1791 1790
f 1814 1790 1795
f 1814 1815 1816
f 1814 1816 1812
f 1814 1795 1789
f 1814 1789 1815
f 1815 1801 1817
f 1815 1817 1816
f 1815 1789 1788
f 1815 1788 1801
f 1817 1818 1819
f 1817 1819 1816
f 1817 1804 1820
f 1817 1820 1818
f 1817 1801 1800
f 1817 1800 1804
f 1820 1821 1822
f 1820 1822 1818
f 1820 1823 1824
f 1820 1824 1821
f 1820 1804 1803
f 1820 1803 1823
f 1823 1809 1825
f 1823 1825 1824
f 1823 1803 1806
f 1823 1806 1809
f 1825 1826 1827
f 1825 1827 1824
f 1825 1828 1829
f 1825 1829 1826
f 1825 1809 1808
f 1825 1808 1828
f 1828 1830 1831
f 1828 1831 1829
f 1828 1808 1811
f 1828 1811 1830
f 1830 1832 1833
f 1830 1833 1831
f 1830 1811 1813
f 1830 1813 1832
f 1832 1834 1835
f 1832 1835 1833
f 1832 1813 1819
f 1832 1819 1834
f 1834 1822 1836
f 1834 1836 1835
f 1834 1819 1818
f 1834 1818 1822
f 1836 1837 1838
f 1836 1838 1835
f 1836 1839 1840
f 1836 1840 1837
f 1836 1822 1821
f 1836 1821 1839
f 1839 1827 1841
f 1839 1841 1840
f 1839 1821 1824
f 1839 1824 1827
f 1841 1842 1843
f 1841 1843 1840
f 1841 1844 1845
f 1841 1845 1842
f 1841 1827 1826
f 1841 1826 1844
f 1844 1846 1847
f 1844 1847 1845
f 1844 1826 1829
f 1844 1829 1846
f 1846 1848 1849
f 1846 1849 1847
f 1846 1829 1831
f 1846 1831 1848
f 1848 1850 1851
f 1848 1851 1849
f 1848 1831 1833
f 1848 1833 1850
f 1850 1838 1852
f 1850 1852 1851
f 1850 1833 1835
f 1850 1835 1838
f 1852 1853 1854
f 1852 1854 1851
f 1852 1855 1856
f 1852 1856 1853
f 1852 1838 1837
f 1852 1837 1855
f 1855 1843 1857
f 1855 1857 1856
f 1855 1837 1840
f 1855 1840 1843
f 1857 1858 1859
f 1857 1859 1856
f 1857 1860 1861
f 1857 1861 1858
f 1857 1843 1842
f 1857 1842 1860
f 1860 1862 1863
f 1860 1863 1861
f 1860 1842 1845
f 1860 1845 1862
f 1862 1864 1865
f 1862 1865 1863
f 1862 1845 1847
f 1862 1847 1864
f 1864 1866 1867
f 1864 1867 1865
f 1864 1847 1849
f 1864 1849 1866
f 1866 1854 1868
f 1866 1868 1867
f 1866 1849 1851
f 1866 1851 1854
f 1868 1869 1870
f 1868 1870 1867
f 1868 1871 1872
f 1868 1872 1869
f 1868 1854 1853
f 1868 1853 1871
f 1871 1859 1873
f 1871 1873 1872
f 1871 1853 1856
f 1871 1856 1859
f 1873 1874 1875
f 1873 1875 1872
f 1873 1876 1877
f 1873 1877 1874
f 1873 1859 1858
f 1873 1858 1876
f 1876 1878 1879
f 1876 1879 1877
f 1876 1858 1861
f 1876 1861 1878
f 1878 1880 1881
f 1878 1881 1879
f 1878 1861 1863
f 1878 1863 1880
f 1880 1882 1883
f 1880 1883 1881
f 1880 1863 1865
f 1880 1865 1882
f 1882 1870 1884
f 1882 1884 1883
f 1882 1865 1867
f 1882 1867 1870
f 1884 1885 1886
f 1884 1886 1883
f 1884 1887 1888
f 1884 1888 1885
f 1884 1870 1869
f 1884 1869 1887
f 1887 1875 1773
f 1887 1773 1888
f 1887 1869 1872
f 1887 1872 1875
f 1888 1889 1890
f 1888 1890 1885
f 1888 1773 1769
f 1888 1769 1889
f 1889 1768 1780
f 1889 1780 1890
f 1889 1769 1766
f 1889 1766 1768
f 1890 1891 1886
f 1890 1886 1885
f 1890 1780 1782
f 1890 1782 1891
f 1891 1892 1893
f 1891 1893 1886
f 1891 1782 1894
f 1891 1894 1892
f 1894 1785 1895
f 1894 1895 1892
f 1894 1896 1778
f 1894 1778 1785
f 1894 1782 1781
f 1894 1781 1896
f 1896 1897 1775
f 1896 1775 1778
f 1896 1781 1783
f 1896 1783 1897
f 1897 1898 1776
f 1897 1776 1775
f 1897 1783 1764
f 1897 1764 1898
f 1898 1772 1771
f 1898 1771 1776
f 1898 1764 1763
f 1898 1763 1772
f 1895 1899 1900
f 1895 1900 1901
f 1895 1785 1784
f 1895 1784 1899
f 1895 1901 1893
f 1895 1893 1892
f 1899 1770 1774
f 1899 1774 1900
f 1899 1784 1771
f 1899 1771 1770
f 1900 1774 1874
f 1900 1874 1877
f 1900 1877 1879
f 1900 1879 1901
f 1901 1879 1881
f 1901 1881 1893
f 1893 1881 1883
f 1893 1883 1886
f 1874 1774 1773
f 1874 1773 1875
f 1819 1813 1812
f 1819 1812 1816
f 1796 1787 1786
f 1796 1786 1794
f 1794 1786 1789
f 1794 1789 1795
f 1784 1777 1776
f 1784 1776 1771
f 1783 1767 1765
f 1783 1765 1764
f 1902 1903 1904
f 1902 1904 1905
f 1902 1906 1907
f 1902 1907 1903
f 1902 1905 1908
f 1902 1908 1906
f 1909 1910 1911
f 1909 1911 1912
f 1909 1912 1913
f 1909 1913 1914
f 1913 1904 1915
f 1913 1915 1914
f 1913 1912 1905
f 1913 1905 1904
f 1904 1916 1917
f 1904 1917 1915
f 1904 1903 1918
f 1904 1918 1916
f 1907 1906 1919
f 1907 1919 1920
f 1921 1920 1922
f 1921 1922 1923
f 1924 1925 1922
f 1924 1922 1926
f 1923 1927 1928
f 1923 1928 1918
f 1923 1929 1930
f 1923 1930 1927
f 1923 1922 1925
f 1923 1925 1929
f 1931 1932 1933
f 1931 1933 1934
f 1931 1935 1936
f 1931 1936 1932
f 1937 1938 1939
f 1937 1939 1940
f 1937 1940 1941
f 1937 1941 1942
f 1937 1942 1943
f 1937 1943 1938
f 1944 1945 1946
f 1944 1946 1947
f 1944 1947 1948
f 1944 1948 1949
f 1944 1949 1950
f 1944 1950 1945
f 1951 1952 1953
f 1951 1953 1954
f 1949 1955 1956
f 1949 1956 1950
f 1957 1958 1959
f 1957 1959 1960
f 1957 1960 1946
f 1957 1946 1945
f 1957 1945 1950
f 1957 1950 1958
f 1961 1943 1942
f 1961 1942 1962
f 1961 1963 1964
f 1961 1964 1943
f 1961 1962 1965
f 1961 1965 1966
f 1961 1966 1967
f 1961 1967 1968
f 1961 1968 1969
f 1961 1969 1963
f 1955 1949 1970
f 1955 1970 1971
f 1966 1965 1972
f 1966 1972 1967
f 1973 1974 1975
f 1973 1975 1976
f 1956 1973 1976
f 1956 1976 1977
f 1978 1967 1972
f 1978 1972 1979
f 1978 1975 1968
f 1978 1968 1967
f 1978 1979 1976
f 1978 1976 1975
f 1979 1980 1977
f 1979 1977 1976
f 1979 1972 1952
f 1979 1952 1980
f 1980 1959 1958
f 1980 1958 1977
f 1980 1952 1951
f 1980 1951 1959
f 1977 1958 1950
f 1977 1950 1956
f 1973 1981 1982
f 1973 1982 1974
f 1973 1971 1983
f 1973 1983 1981
f 1973 1956 1955
f 1973 1955 1971
f 1983 1984 1985
f 1983 1985 1981
f 1983 1986 1987
f 1983 1987 1984
f 1983 1971 1970
f 1983 1970 1986
f 1986 1988 1989
f 1986 1989 1987
f 1986 1970 1990
f 1986 1990 1988
f 1990 1970 1949
f 1990 1949 1948
f 1990 1991 1992
f 1990 1992 1988
f 1990 1948 1993
f 1990 1993 1991
f 1993 1948 1947
f 1993 1947 1994
f 1993 1940 1939
f 1993 1939 1991
f 1993 1994 1941
f 1993 1941 1940
f 1994 1947 1946
f 1994 1946 1995
f 1994 1995 1996
f 1994 1996 1941
f 1996 1995 1954
f 1996 1954 1953
f 1996 1962 1942
f 1996 1942 1941
f 1996 1953 1965
f 1996 1965 1962
f 1995 1946 1960
f 1995 1960 1954
f 1991 1939 1997
f 1991 1997 1992
f 1997 1998 1999
f 1997 1999 1992
f 1997 2000 2001
f 1997 2001 1998
f 1997 1939 1938
f 1997 1938 2000
f 2000 1964 2002
f 2000 2002 2001
f 2000 1938 1943
f 2000 1943 1964
f 2002 2003 2004
f 2002 2004 2001
f 2002 2005 2006
f 2002 2006 2003
f 2002 1964 1963
f 2002 1963 2005
f 2005 2007 2008
f 2005 2008 2006
f 2005 1963 1969
f 2005 1969 2007
f 2007 1982 2009
f 2007 2009 2008
f 2007 1969 1974
f 2007 1974 1982
f 2009 2010 2011
f 2009 2011 2008
f 2009 1985 2012
f 2009 2012 2010
f 2009 1982 1981
f 2009 1981 1985
f 2012 2013 2014
f 2012 2014 2010
f 2012 2015 2016
f 2012 2016 2013
f 2012 1985 1984
f 2012 1984 2015
f 2015 2017 2018
f 2015 2018 2016
f 2015 1984 1987
f 2015 1987 2017
f 2017 2019 2020
f 2017 2020 2018
f 2017 1987 1989
f 2017 1989 2019
f 2019 2021 2022
f 2019 2022 2020
f 2019 1989 1999
f 2019 1999 2021
f 2021 2023 2024
f 2021 2024 2022
f 2021 1999 1998
f 2021 1998 2023
f 2023 2004 2025
f 2023 2025 2024
f 2023 1998 2001
f 2023 2001 2004
f 2025 2026 2027
f 2025 2027 2024
f 2025 2028 2029
f 2025 2029 2026
f 2025 2004 2003
f 2025 2003 2028
f 2028 2030 2031
f 2028 2031 2029
f 2028 2003 2006
f 2028 2006 2030
f 2030 2011 2032
f 2030 2032 2031
f 2030 2006 2008
f 2030 2008 2011
f 2032 2033 2034
f 2032 2034 2031
f 2032 2014 2035
f 2032 2035 2033
f 2032 2011 2010
f 2032 2010 2014
f 2035 2036 2037
f 2035 2037 2033
f 2035 2038 2039
f 2035 2039 2036
f 2035 2014 2013
f 2035 2013 2038
f 2038 2040 2041
f 2038 2041 2039
f 2038 2013 2016
f 2038 2016 2040
f 2040 2042 2043
f 2040 2043 2041
f 2040 2016 2018
f 2040 2018 2042
f 2042 2044 2045
f 2042 2045 2043
f 2042 2018 2020
f 2042 2020 2044
f 2044 2046 2047
f 2044 2047 2045
f 2044 2020 2022
f 2044 2022 2046
f 2046 2027 2048
f 2046 2048 2047
f 2046 2022 2024
f 2046 2024 2027
f 2048 2049 1928
f 2048 1928 2047
f 2048 2050 2051
f 2048 2051 2049
f 2048 2027 2026
f 2048 2026 2050
f 2050 2052 2053
f 2050 2053 2051
f 2050 2026 2029
f 2050 2029 2052
f 2052 2034 2054
f 2052 2054 2053
f 2052 2029 2031
f 2052 2031 2034
f 2054 2055 2056
f 2054 2056 2053
f 2054 2037 2057
f 2054 2057 2055
f 2054 2034 2033
f 2054 2033 2037
f 2057 2058 2059
f 2057 2059 2055
f 2057 2060 2061
f 2057 2061 2058
f 2057 2037 2036
f 2057 2036 2060
f 2060 2062 2063
f 2060 2063 2061
f 2060 2036 2039
f 2060 2039 2062
f 2062 2064 2065
f 2062 2065 2063
f 2062 2039 2041
f 2062 2041 2064
f 2064 1930 1929
f 2064 1929 2065
f 2064 2041 2043
f 2064 2043 1930
f 2065 2066 1933
f 2065 1933 2063
f 2065 1929 1925
f 2065 1925 2066
f 2066 2067 1934
f 2066 1934 1933
f 2066 1925 1924
f 2066 1924 2067
f 2067 2068 2069
f 2067 2069 1934
f 2067 1924 1926
f 2067 1926 2068
f 2068 2070 2071
f 2068 2071 2069
f 2068 1926 1919
f 2068 1919 2070
f 2070 1908 1911
f 2070 1911 2071
f 2070 1919 1906
f 2070 1906 1908
f 2071 1911 1910
f 2071 1910 2072
f 2071 2072 1935
f 2071 1935 2069
f 2072 1910 2073
f 2072 2073 2074
f 2072 2074 1936
f 2072 1936 1935
f 2073 1914 1915
f 2073 1915 2075
f 2073 1910 1909
f 2073 1909 1914
f 2073 2075 2059
f 2073 2059 2074
f 2075 1915 1917
f 2075 1917 2056
f 2075 2056 2055
f 2075 2055 2059
f 2074 2059 2058
f 2074 2058 1936
f 2069 1935 1931
f 2069 1931 1934
f 2063 1933 1932
f 2063 1932 2061
f 2061 1932 1936
f 2061 1936 2058
f 2056 1917 2051
f 2056 2051 2053
f 2051 1917 1916
f 2051 1916 2049
f 2049 1916 1918
f 2049 1918 1928
f 2047 1928 1927
f 2047 1927 2045
f 2045 1927 1930
f 2045 1930 2043
f 1999 1989 1988
f 1999 1988 1992
f 1974 1969 1968
f 1974 1968 1975
f 1972 1965 1953
f 1972 1953 1952
f 1959 1951 1954
f 1959 1954 1960
f 1926 1922 1920
f 1926 1920 1919
f 1921 1903 1907
f 1921 1907 1920
f 1921 1923 1918
f 1921 1918 1903
f 1911 1908 1905
f 1911 1905 1912
f 2076 2077 2078
f 2076 2078 2079
f 2076 2080 2081
f 2076 2081 2077
f 2076 2079 2082
f 2076 2082 2080
f 2082 2083 2084
f 2082 2084 2080
f 2082 2085 2086
f 2082 2086 2087
f 2082 2087 2088
f 2082 2088 2083
f 2082 2079 2089
f 2082 2089 2085
f 2090 2091 2092
f 2090 2092 2093
f 2090 2093 2094
f 2090 2094 2095
f 2090 2095 2096
f 2090 2096 2091
f 2097 2098 2081
f 2097 2081 2099
f 2097 2099 2100
f 2097 2100 2101
f 2097 2101 2102
f 2097 2102 2098
f 2091 2096 2103
f 2091 2103 2092
f 2104 2105 2106
f 2104 2106 2107
f 2104 2107 2093
f 2104 2093 2092
f 2104 2092 2103
f 2104 2103 2105
f 2101 2100 2108
f 2101 2108 2102
f 2106 2109 2086
f 2106 2086 2085
f 2106 2105 2110
f 2106 2110 2111
f 2106 2111 2112
f 2106 2112 2109
f 2106 2085 2089
f 2106 2089 2107
f 2113 2114 2115
f 2113 2115 2116
f 2113 2116 2117
f 2113 2117 2118
f 2113 2118 2119
f 2113 2119 2114
f 2114 2120 2121
f 2114 2121 2115
f 2119 2122 2123
f 2119 2123 2114
f 2123 2122 2124
f 2123 2124 2125
f 2126 2127 2128
f 2126 2128 2129
f 2126 2130 2131
f 2126 2131 2127
f 2126 2120 2125
f 2126 2125 2130
f 2115 2121 2132
f 2115 2132 2116
f 2133 2117 2134
f 2133 2134 2135
f 2136 2122 2135
f 2136 2135 2137
f 2138 2136 2137
f 2138 2137 2139
f 2136 2138 2124
f 2136 2124 2122
f 2137 2135 2134
f 2137 2134 2140
f 2137 2141 2142
f 2137 2142 2139
f 2137 2140 2143
f 2137 2143 2141
f 2144 2143 2140
f 2144 2140 2145
f 2144 2145 2146
f 2144 2146 2147
f 2144 2147 2148
f 2144 2148 2143
f 2149 2150 2151
f 2149 2151 2138
f 2149 2152 2153
f 2149 2153 2150
f 2149 2142 2141
f 2149 2141 2152
f 2152 2148 2154
f 2152 2154 2153
f 2152 2141 2143
f 2152 2143 2148
f 2154 2155 2156
f 2154 2156 2153
f 2154 2129 2128
f 2154 2128 2155
f 2154 2148 2147
f 2154 2147 2129
f 2155 2157 2158
f 2155 2158 2156
f 2155 2128 2159
f 2155 2159 2157
f 2159 2160 2161
f 2159 2161 2157
f 2159 2162 2163
f 2159 2163 2160
f 2159 2128 2127
f 2159 2127 2162
f 2162 2164 2165
f 2162 2165 2163
f 2162 2127 2131
f 2162 2131 2164
f 2164 2166 2167
f 2164 2167 2165
f 2164 2131 2168
f 2164 2168 2166
f 2168 2131 2130
f 2168 2130 2169
f 2168 2170 2171
f 2168 2171 2166
f 2168 2169 2151
f 2168 2151 2170
f 2170 2172 2173
f 2170 2173 2171
f 2170 2151 2150
f 2170 2150 2172
f 2172 2156 2158
f 2172 2158 2173
f 2172 2150 2153
f 2172 2153 2156
f 2173 2174 2175
f 2173 2175 2171
f 2173 2158 2176
f 2173 2176 2174
f 2176 2177 2178
f 2176 2178 2174
f 2176 2161 2179
f 2176 2179 2177
f 2176 2158 2157
f 2176 2157 2161
f 2179 2180 2181
f 2179 2181 2177
f 2179 2182 2183
f 2179 2183 2180
f 2179 2161 2160
f 2179 2160 2182
f 2182 2184 2185
f 2182 2185 2183
f 2182 2160 2163
f 2182 2163 2184
f 2184 2186 2187
f 2184 2187 2185
f 2184 2163 2165
f 2184 2165 2186
f 2186 2188 2189
f 2186 2189 2187
f 2186 2165 2167
f 2186 2167 2188
f 2188 2190 2191
f 2188 2191 2189
f 2188 2167 2175
f 2188 2175 2190
f 2190 2178 2192
f 2190 2192 2191
f 2190 2175 2174
f 2190 2174 2178
f 2192 2193 2194
f 2192 2194 2191
f 2192 2181 2195
f 2192 2195 2193
f 2192 2178 2177
f 2192 2177 2181
f 2195 2196 2197
f 2195 2197 2193
f 2195 2198 2199
f 2195 2199 2196
f 2195 2181 2180
f 2195 2180 2198
f 2198 2200 2201
f 2198 2201 2199
f 2198 2180 2183
f 2198 2183 2200
f 2200 2202 2203
f 2200 2203 2201
f 2200 2183 2185
f 2200 2185 2202
f 2202 2204 2205
f 2202 2205 2203
f 2202 2185 2187
f 2202 2187 2204
f 2204 2206 2207
f 2204 2207 2205
f 2204 2187 2189
f 2204 2189 2206
f 2206 2194 2208
f 2206 2208 2207
f 2206 2189 2191
f 2206 2191 2194
f 2208 2209 2210
f 2208 2210 2207
f 2208 2197 2211
f 2208 2211 2209
f 2208 2194 2193
f 2208 2193 2197
f 2211 2212 2213
f 2211 2213 2209
f 2211 2214 2215
f 2211 2215 2212
f 2211 2197 2196
f 2211 2196 2214
f 2214 2216 2217
f 2214 2217 2215
f 2214 2196 2199
f 2214 2199 2216
f 2216 2218 2219
f 2216 2219 2217
f 2216 2199 2201
f 2216 2201 2218
f 2218 2220 2221
f 2218 2221 2219
f 2218 2201 2203
f 2218 2203 2220
f 2220 2222 2223
f 2220 2223 2221
f 2220 2203 2205
f 2220 2205 2222
f 2222 2210 2224
f 2222 2224 2223
f 2222 2205 2207
f 2222 2207 2210
f 2224 2088 2087
f 2224 2087 2223
f 2224 2213 2225
f 2224 2225 2088
f 2224 2210 2209
f 2224 2209 2213
f 2225 2226 2083
f 2225 2083 2088
f 2225 2227 2228
f 2225 2228 2226
f 2225 2213 2212
f 2225 2212 2227
f 2227 2229 2230
f 2227 2230 2228
f 2227 2212 2215
f 2227 2215 2229
f 2229 2112 2111
f 2229 2111 2230
f 2229 2215 2217
f 2229 2217 2112
f 2230 2231 2232
f 2230 2232 2228
f 2230 2111 2110
f 2230 2110 2231
f 2231 2233 2108
f 2231 2108 2232
f 2231 2110 2234
f 2231 2234 2233
f 2234 2235 2236
f 2234 2236 2233
f 2234 2103 2096
f 2234 2096 2235
f 2234 2110 2105
f 2234 2105 2103
f 2235 2237 2238
f 2235 2238 2236
f 2235 2096 2095
f 2235 2095 2237
f 2237 2078 2077
f 2237 2077 2238
f 2237 2095 2094
f 2237 2094 2078
f 2238 2098 2102
f 2238 2102 2236
f 2238 2077 2081
f 2238 2081 2098
f 2236 2102 2108
f 2236 2108 2233
f 2232 2239 2226
f 2232 2226 2228
f 2232 2108 2100
f 2232 2100 2239
f 2239 2084 2083
f 2239 2083 2226
f 2239 2100 2099
f 2239 2099 2084
f 2223 2087 2086
f 2223 2086 2221
f 2221 2086 2109
f 2221 2109 2219
f 2219 2109 2112
f 2219 2112 2217
f 2175 2167 2166
f 2175 2166 2171
f 2169 2130 2125
f 2169 2125 2124
f 2169 2124 2138
f 2169 2138 2151
f 2146 2126 2129
f 2146 2129 2147
f 2146 2121 2120
f 2146 2120 2126
f 2146 2145 2132
f 2146 2132 2121
f 2145 2140 2134
f 2145 2134 2132
f 2142 2149 2138
f 2142 2138 2139
f 2134 2117 2116
f 2134 2116 2132
f 2107 2089 2094
f 2107 2094 2093
f 2099 2081 2080
f 2099 2080 2084
f 2094 2089 2079
f 2094 2079 2078
f 2119 2133 2135
f 2119 2135 2122
f 2119 2118 2117
f 2119 2117 2133
f 2114 2123 2125
f 2114 2125 2120
f 2240 2241 2242
f 2240 2242 2243
f 2240 2244 2245
f 2240 2245 2241
f 2240 2243 2246
f 2240 2246 2244
f 2244 2246 2247
f 2244 2247 2245
f 2248 2249 2246
f 2248 2246 2243
f 2248 2243 2242
f 2248 2242 2250
f 2248 2250 2251
f 2248 2251 2249
f 2249 2251 2247
f 2249 2247 2246
f 2252 2253 2254
f 2252 2254 2255
f 2247 2252 2255
f 2247 2255 2245
f 2252 2247 2256
f 2252 2256 2253
f 2257 2254 2258
f 2257 2258 2259
f 2260 2257 2259
f 2260 2259 2261
f 2257 2260 2255
f 2257 2255 2254
f 2254 2253 2262
f 2254 2262 2258
f 2263 2264 2265
f 2263 2265 2266
f 2267 2268 2269
f 2267 2269 2270
f 2263 2260 2261
f 2263 2261 2264
f 2270 2269 2271
f 2270 2271 2272
f 2273 2274 2275
f 2273 2275 2276
f 2272 2271 2277
f 2272 2277 2278
f 2264 2261 2279
f 2264 2279 2280
f 2265 2281 2282
f 2265 2282 2266
f 2283 2284 2285
f 2283 2285 2286
f 2259 2283 2286
f 2259 2286 2287
f 2283 2259 2258
f 2283 2258 2284
f 2288 2289 2290
f 2288 2290 2291
f 2288 2292 2293
f 2288 2293 2289
f 2288 2291 2294
f 2288 2294 2292
f 2285 2295 2296
f 2285 2296 2286
f 2285 2284 2297
f 2285 2297 2295
f 2298 2299 2300
f 2298 2300 2301
f 2295 2297 2302
f 2295 2302 2296
f 2303 2304 2275
f 2303 2275 2274
f 2305 2303 2274
f 2305 2274 2301
f 2303 2305 2306
f 2303 2306 2304
f 2300 2307 2305
f 2300 2305 2301
f 2308 2292 2294
f 2308 2294 2309
f 2310 2311 2312
f 2310 2312 2313
f 2310 2314 2315
f 2310 2315 2311
f 2310 2316 2317
f 2310 2317 2314
f 2304 2318 2319
f 2304 2319 2320
f 2304 2321 2322
f 2304 2322 2318
f 2306 2305 2323
f 2306 2323 2324
f 2325 2326 2320
f 2325 2320 2319
f 2327 2328 2329
f 2327 2329 2330
f 2331 2332 2333
f 2331 2333 2312
f 2334 2335 2336
f 2334 2336 2337
f 2334 2338 2339
f 2334 2339 2340
f 2341 2342 2343
f 2341 2343 2344
f 2341 2340 2345
f 2341 2345 2342
f 2341 2344 2336
f 2341 2336 2335
f 2345 2346 2347
f 2345 2347 2342
f 2345 2348 2349
f 2345 2349 2346
f 2345 2340 2339
f 2345 2339 2348
f 2348 2350 2351
f 2348 2351 2349
f 2348 2339 2352
f 2348 2352 2350
f 2352 2353 2354
f 2352 2354 2350
f 2352 2355 2332
f 2352 2332 2353
f 2352 2339 2338
f 2352 2338 2355
f 2355 2356 2333
f 2355 2333 2332
f 2355 2338 2357
f 2355 2357 2356
f 2357 2338 2334
f 2357 2334 2358
f 2357 2359 2360
f 2357 2360 2356
f 2357 2358 2307
f 2357 2307 2359
f 2359 2299 2267
f 2359 2267 2360
f 2359 2307 2300
f 2359 2300 2299
f 2360 2282 2333
f 2360 2333 2356
f 2360 2267 2266
f 2360 2266 2282
f 2358 2334 2337
f 2358 2337 2323
f 2358 2323 2305
f 2358 2305 2307
f 2353 2315 2314
f 2353 2314 2354
f 2353 2332 2331
f 2353 2331 2315
f 2354 2361 2351
f 2354 2351 2350
f 2354 2314 2317
f 2354 2317 2361
f 2361 2329 2328
f 2361 2328 2351
f 2361 2317 2362
f 2361 2362 2329
f 2351 2328 2363
f 2351 2363 2349
f 2335 2334 2340
f 2335 2340 2341
f 2337 2336 2322
f 2337 2322 2321
f 2337 2321 2324
f 2337 2324 2323
f 2331 2312 2311
f 2331 2311 2315
f 2329 2362 2364
f 2329 2364 2330
f 2343 2365 2325
f 2343 2325 2319
f 2343 2342 2347
f 2343 2347 2365
f 2324 2321 2304
f 2324 2304 2306
f 2320 2366 2275
f 2320 2275 2304
f 2320 2326 2367
f 2320 2367 2366
f 2367 2368 2369
f 2367 2369 2366
f 2367 2291 2290
f 2367 2290 2370
f 2367 2326 2294
f 2367 2294 2291
f 2370 2256 2371
f 2370 2371 2372
f 2370 2290 2253
f 2370 2253 2256
f 2373 2278 2277
f 2373 2277 2374
f 2373 2251 2250
f 2373 2250 2278
f 2373 2256 2247
f 2373 2247 2251
f 2369 2276 2275
f 2369 2275 2366
f 2317 2316 2375
f 2317 2375 2362
f 2347 2363 2308
f 2347 2308 2309
f 2346 2349 2363
f 2346 2363 2347
f 2327 2308 2363
f 2327 2363 2328
f 2330 2364 2376
f 2330 2376 2377
f 2376 2378 2293
f 2376 2293 2377
f 2376 2297 2284
f 2376 2284 2378
f 2376 2364 2302
f 2376 2302 2297
f 2378 2262 2289
f 2378 2289 2293
f 2378 2284 2258
f 2378 2258 2262
f 2377 2293 2292
f 2377 2292 2308
f 2365 2294 2326
f 2365 2326 2325
f 2365 2347 2309
f 2365 2309 2294
f 2310 2313 2280
f 2310 2280 2279
f 2379 2287 2286
f 2379 2286 2296
f 2299 2298 2268
f 2299 2268 2267
f 2301 2380 2268
f 2301 2268 2298
f 2289 2262 2253
f 2289 2253 2290
f 2287 2279 2261
f 2287 2261 2259
f 2278 2250 2242
f 2278 2242 2272
f 2272 2242 2241
f 2272 2241 2260
f 2260 2241 2245
f 2260 2245 2255
f 2280 2281 2265
f 2280 2265 2264
f 2282 2313 2312
f 2282 2312 2333
f 2281 2280 2313
f 2281 2313 2282
f 2377 2308 2327
f 2377 2327 2330
f 2375 2302 2364
f 2375 2364 2362
f 2375 2379 2296
f 2375 2296 2302
f 2379 2310 2279
f 2379 2279 2287
f 2375 2316 2310
f 2375 2310 2379
f 2344 2318 2322
f 2344 2322 2336
f 2319 2318 2344
f 2319 2344 2343
f 2270 2263 2266
f 2270 2266 2267
f 2263 2270 2272
f 2263 2272 2260
f 2273 2269 2268
f 2273 2268 2380
f 2269 2273 2276
f 2269 2276 2381
f 2382 2381 2276
f 2382 2276 2369
f 2372 2382 2369
f 2372 2369 2368
f 2374 2382 2372
f 2374 2372 2371
f 2277 2381 2382
f 2277 2382 2374
f 2271 2269 2381
f 2271 2381 2277
f 2301 2274 2273
f 2301 2273 2380
f 2256 2373 2374
f 2256 2374 2371
f 2367 2370 2372
f 2367 2372 2368
f 2383 2384 2385
f 2383 2385 2386
f 2383 2387 2388
f 2383 2388 2384
f 2383 2386 2389
f 2383 2389 2387
f 2390 2391 2392
f 2390 2392 2393
f 2394 2395 2396
f 2394 2396 2397
f 2394 2397 2398
f 2394 2398 2391
f 2399 2400 2401
f 2399 2401 2402
f 2399 2403 2404
f 2399 2404 2400
f 2405 2406 2407
f 2405 2407 2408
f 2405 2409 2410
f 2405 2410 2406
f 2411 2412 2413
f 2411 2413 2414
f 2411 2415 2408
f 2411 2408 2407
f 2411 2414 2416
f 2411 2416 2402
f 2411 2402 2401
f 2411 2401 2415
f 2411 2407 2417
f 2411 2417 2412
f 2418 2419 2420
f 2418 2420 2421
f 2422 2423 2424
f 2422 2424 2425
f 2419 2426 2427
f 2419 2427 2428
f 2429 2419 2428
f 2429 2428 2430
f 2430 2428 2431
f 2430 2431 2432
f 2433 2434 2435
f 2433 2435 2436
f 2437 2432 2431
f 2437 2431 2438
f 2437 2438 2413
f 2437 2413 2439
f 2440 2441 2442
f 2440 2442 2443
f 2440 2444 2445
f 2440 2445 2441
f 2446 2447 2448
f 2446 2448 2449
f 2446 2449 2439
f 2446 2439 2450
f 2449 2448 2444
f 2449 2444 2451
f 2441 2452 2453
f 2441 2453 2436
f 2441 2445 2454
f 2441 2454 2452
f 2452 2454 2455
f 2452 2455 2453
f 2444 2456 2457
f 2444 2457 2451
f 2444 2440 2443
f 2444 2443 2456
f 2454 2445 2458
f 2454 2458 2455
f 2447 2455 2458
f 2447 2458 2448
f 2458 2445 2444
f 2458 2444 2448
f 2455 2447 2459
f 2455 2459 2453
f 2459 2433 2436
f 2459 2436 2453
f 2459 2460 2434
f 2459 2434 2433
f 2459 2447 2461
f 2459 2461 2460
f 2460 2462 2425
f 2460 2425 2434
f 2460 2461 2463
f 2460 2463 2462
f 2463 2461 2450
f 2463 2450 2439
f 2463 2412 2417
f 2463 2417 2462
f 2463 2439 2413
f 2463 2413 2412
f 2450 2461 2447
f 2450 2447 2446
f 2441 2436 2435
f 2441 2435 2442
f 2442 2464 2465
f 2442 2465 2443
f 2442 2435 2424
f 2442 2424 2464
f 2464 2466 2467
f 2464 2467 2465
f 2464 2424 2423
f 2464 2423 2466
f 2466 2468 2469
f 2466 2469 2467
f 2466 2423 2395
f 2466 2395 2468
f 2469 2421 2420
f 2469 2420 2467
f 2469 2470 2471
f 2469 2471 2421
f 2469 2468 2393
f 2469 2393 2470
f 2470 2385 2384
f 2470 2384 2471
f 2470 2393 2392
f 2470 2392 2385
f 2471 2472 2418
f 2471 2418 2421
f 2471 2384 2388
f 2471 2388 2472
f 2472 2426 2419
f 2472 2419 2418
f 2472 2388 2404
f 2472 2404 2426
f 2438 2416 2414
f 2438 2414 2413
f 2438 2431 2473
f 2438 2473 2416
f 2451 2457 2432
f 2451 2432 2437
f 2457 2429 2430
f 2457 2430 2432
f 2457 2456 2474
f 2457 2474 2429
f 2434 2425 2424
f 2434 2424 2435
f 2431 2428 2427
f 2431 2427 2473
f 2426 2404 2403
f 2426 2403 2427
f 2475 2425 2462
f 2475 2462 2417
f 2475 2476 2422
f 2475 2422 2425
f 2475 2406 2410
f 2475 2410 2476
f 2475 2417 2407
f 2475 2407 2406
f 2415 2477 2478
f 2415 2478 2408
f 2415 2401 2389
f 2415 2389 2477
f 2477 2479 2398
f 2477 2398 2478
f 2477 2389 2386
f 2477 2386 2479
f 2479 2392 2391
f 2479 2391 2398
f 2479 2386 2385
f 2479 2385 2392
f 2478 2398 2397
f 2478 2397 2409
f 2478 2409 2405
f 2478 2405 2408
f 2409 2397 2396
f 2409 2396 2410
f 2404 2388 2387
f 2404 2387 2400
f 2400 2387 2389
f 2400 2389 2401
f 2396 2422 2476
f 2396 2476 2410
f 2396 2395 2423
f 2396 2423 2422
f 2390 2395 2394
f 2390 2394 2391
f 2390 2393 2468
f 2390 2468 2395
f 2403 2416 2473
f 2403 2473 2427
f 2403 2399 2402
f 2403 2402 2416
f 2451 2437 2439
f 2451 2439 2449
f 2465 2474 2456
f 2465 2456 2443
f 2474 2420 2419
f 2474 2419 2429
f 2467 2420 2474
f 2467 2474 2465
f 2480 2481 2482
f 2480 2482 2483
f 2480 2483 2484
f 2480 2484 2485
f 2486 2487 2488
f 2486 2488 2489
f 2490 2491 2482
f 2490 2482 2492
f 2493 2490 2492
f 2493 2492 2494
f 2495 2496 2481
f 2495 2481 2497
f 2498 2499 2500
f 2498 2500 2501
f 2498 2501 2502
f 2498 2502 2503
f 2504 2505 2506
f 2504 2506 2507
f 2508 2509 2510
f 2508 2510 2511
f 2512 2513 2514
f 2512 2514 2515
f 2512 2516 2517
f 2512 2517 2513
f 2512 2515 2518
f 2512 2518 2516
f 2519 2520 2521
f 2519 2521 2522
f 2519 2523 2524
f 2519 2524 2520
f 2519 2522 2525
f 2519 2525 2523
f 2502 2520 2524
f 2502 2524 2526
f 2502 2526 2527
f 2502 2527 2503
f 2502 2528 2521
f 2502 2521 2520
f 2529 2496 2495
f 2529 2495 2530
f 2529 2530 2531
f 2529 2531 2532
f 2529 2532 2533
f 2529 2533 2534
f 2535 2536 2537
f 2535 2537 2538
f 2535 2539 2540
f 2535 2540 2536
f 2535 2538 2541
f 2535 2541 2539
f 2542 2543 2544
f 2542 2544 2545
f 2546 2547 2548
f 2546 2548 2549
f 2550 2546 2549
f 2550 2549 2551
f 2552 2553 2546
f 2552 2546 2550
f 2554 2555 2556
f 2554 2556 2557
f 2554 2558 2559
f 2554 2559 2555
f 2554 2557 2560
f 2554 2560 2558
f 2561 2562 2563
f 2561 2563 2564
f 2565 2561 2564
f 2565 2564 2566
f 2561 2565 2527
f 2561 2527 2562
f 2567 2568 2569
f 2567 2569 2570
f 2569 2571 2572
f 2569 2572 2570
f 2569 2568 2563
f 2569 2563 2573
f 2573 2560 2557
f 2573 2557 2569
f 2573 2563 2562
f 2573 2562 2560
f 2569 2557 2556
f 2569 2556 2571
f 2571 2556 2574
f 2571 2574 2575
f 2571 2575 2576
f 2571 2576 2572
f 2576 2575 2577
f 2576 2577 2578
f 2576 2579 2580
f 2576 2580 2572
f 2576 2578 2533
f 2576 2533 2579
f 2579 2581 2582
f 2579 2582 2580
f 2579 2533 2532
f 2579 2532 2581
f 2581 2583 2584
f 2581 2584 2582
f 2581 2532 2531
f 2581 2531 2583
f 2583 2585 2586
f 2583 2586 2584
f 2583 2531 2587
f 2583 2587 2585
f 2587 2531 2530
f 2587 2530 2588
f 2587 2589 2590
f 2587 2590 2585
f 2587 2588 2591
f 2587 2591 2589
f 2591 2588 2497
f 2591 2497 2485
f 2591 2592 2593
f 2591 2593 2589
f 2591 2485 2484
f 2591 2484 2592
f 2592 2594 2595
f 2592 2595 2593
f 2592 2484 2596
f 2592 2596 2594
f 2596 2484 2483
f 2596 2483 2597
f 2596 2598 2599
f 2596 2599 2594
f 2596 2597 2600
f 2596 2600 2598
f 2600 2597 2491
f 2600 2491 2601
f 2600 2602 2487
f 2600 2487 2598
f 2600 2601 2603
f 2600 2603 2602
f 2603 2601 2604
f 2603 2604 2605
f 2603 2606 2607
f 2603 2607 2602
f 2603 2605 2608
f 2603 2608 2606
f 2608 2605 2515
f 2608 2515 2514
f 2608 2521 2528
f 2608 2528 2606
f 2608 2514 2522
f 2608 2522 2521
f 2606 2528 2609
f 2606 2609 2607
f 2609 2610 2488
f 2609 2488 2607
f 2609 2501 2500
f 2609 2500 2610
f 2609 2528 2502
f 2609 2502 2501
f 2610 2611 2489
f 2610 2489 2488
f 2610 2500 2612
f 2610 2612 2611
f 2612 2613 2614
f 2612 2614 2611
f 2612 2615 2616
f 2612 2616 2613
f 2612 2500 2499
f 2612 2499 2615
f 2615 2506 2505
f 2615 2505 2616
f 2615 2499 2617
f 2615 2617 2506
f 2617 2503 2527
f 2617 2527 2565
f 2617 2499 2498
f 2617 2498 2503
f 2617 2565 2507
f 2617 2507 2506
f 2616 2618 2619
f 2616 2619 2613
f 2616 2505 2620
f 2616 2620 2618
f 2620 2509 2621
f 2620 2621 2618
f 2620 2622 2510
f 2620 2510 2509
f 2620 2505 2504
f 2620 2504 2622
f 2622 2623 2624
f 2622 2624 2510
f 2622 2504 2507
f 2622 2507 2623
f 2623 2566 2625
f 2623 2625 2624
f 2623 2507 2565
f 2623 2565 2566
f 2625 2626 2627
f 2625 2627 2628
f 2625 2566 2564
f 2625 2564 2626
f 2625 2628 2629
f 2625 2629 2624
f 2629 2628 2630
f 2629 2630 2631
f 2629 2511 2510
f 2629 2510 2624
f 2629 2631 2632
f 2629 2632 2511
f 2632 2631 2584
f 2632 2584 2586
f 2632 2633 2508
f 2632 2508 2511
f 2632 2586 2634
f 2632 2634 2633
f 2634 2586 2585
f 2634 2585 2590
f 2634 2635 2621
f 2634 2621 2633
f 2634 2590 2636
f 2634 2636 2635
f 2636 2590 2589
f 2636 2589 2593
f 2636 2637 2619
f 2636 2619 2635
f 2636 2593 2595
f 2636 2595 2637
f 2637 2614 2613
f 2637 2613 2619
f 2637 2595 2638
f 2637 2638 2614
f 2638 2595 2594
f 2638 2594 2599
f 2638 2489 2611
f 2638 2611 2614
f 2638 2599 2486
f 2638 2486 2489
f 2635 2619 2618
f 2635 2618 2621
f 2633 2621 2509
f 2633 2509 2508
f 2630 2639 2580
f 2630 2580 2582
f 2630 2628 2627
f 2630 2627 2639
f 2630 2582 2584
f 2630 2584 2631
f 2639 2570 2572
f 2639 2572 2580
f 2639 2627 2567
f 2639 2567 2570
f 2626 2568 2567
f 2626 2567 2627
f 2626 2564 2563
f 2626 2563 2568
f 2607 2488 2487
f 2607 2487 2602
f 2604 2490 2537
f 2604 2537 2518
f 2604 2601 2491
f 2604 2491 2490
f 2604 2518 2515
f 2604 2515 2605
f 2598 2487 2486
f 2598 2486 2599
f 2597 2483 2482
f 2597 2482 2491
f 2588 2530 2495
f 2588 2495 2497
f 2577 2640 2641
f 2577 2641 2544
f 2577 2575 2574
f 2577 2574 2640
f 2577 2544 2543
f 2577 2543 2578
f 2640 2552 2550
f 2640 2550 2641
f 2640 2574 2553
f 2640 2553 2552
f 2641 2642 2545
f 2641 2545 2544
f 2641 2550 2551
f 2641 2551 2642
f 2642 2541 2643
f 2642 2643 2545
f 2642 2551 2539
f 2642 2539 2541
f 2643 2644 2542
f 2643 2542 2545
f 2643 2493 2494
f 2643 2494 2644
f 2643 2541 2538
f 2643 2538 2493
f 2644 2534 2543
f 2644 2543 2542
f 2644 2494 2529
f 2644 2529 2534
f 2578 2543 2534
f 2578 2534 2533
f 2574 2556 2555
f 2574 2555 2553
f 2562 2645 2558
f 2562 2558 2560
f 2562 2527 2526
f 2562 2526 2645
f 2645 2646 2559
f 2645 2559 2558
f 2645 2526 2524
f 2645 2524 2646
f 2646 2547 2546
f 2646 2546 2559
f 2646 2524 2523
f 2646 2523 2547
f 2559 2546 2553
f 2559 2553 2555
f 2551 2549 2540
f 2551 2540 2539
f 2547 2523 2525
f 2547 2525 2548
f 2548 2517 2540
f 2548 2540 2549
f 2548 2525 2513
f 2548 2513 2517
f 2540 2517 2516
f 2540 2516 2536
f 2536 2516 2518
f 2536 2518 2537
f 2537 2490 2493
f 2537 2493 2538
f 2529 2494 2492
f 2529 2492 2496
f 2525 2522 2514
f 2525 2514 2513
f 2496 2492 2482
f 2496 2482 2481
f 2497 2481 2480
f 2497 2480 2485
f 2647 2648 2649
f 2647 2649 2650
f 2647 2650 2651
f 2647 2651 2652
f 2649 2648 2653
f 2649 2653 2654
f 2655 2656 2657
f 2655 2657 2658
f 2655 2659 2660
f 2655 2660 2656
f 2655 2658 2661
f 2655 2661 2659
f 2662 2663 2664
f 2662 2664 2665
f 2662 2666 2667
f 2662 2667 2663
f 2662 2665 2668
f 2662 2668 2666
f 2669 2670 2671
f 2669 2671 2672
f 2669 2672 2673
f 2669 2673 2661
f 2669 2661 2658
f 2669 2658 2670
f 2674 2675 2676
f 2674 2676 2677
f 2678 2679 2680
f 2678 2680 2681
f 2678 2682 2683
f 2678 2683 2679
f 2678 2684 2685
f 2678 2685 2682
f 2686 2687 2688
f 2686 2688 2689
f 2686 2689 2690
f 2686 2690 2691
f 2692 2671 2670
f 2692 2670 2693
f 2694 2692 2693
f 2694 2693 2695
f 2684 2696 2697
f 2684 2697 2685
f 2698 2699 2700
f 2698 2700 2701
f 2701 2700 2702
f 2701 2702 2703
f 2701 2703 2704
f 2701 2704 2698
f 2704 2703 2705
f 2704 2705 2706
f 2704 2707 2699
f 2704 2699 2698
f 2704 2706 2708
f 2704 2708 2707
f 2708 2706 2709
f 2708 2709 2710
f 2708 2711 2677
f 2708 2677 2707
f 2708 2710 2712
f 2708 2712 2711
f 2712 2710 2681
f 2712 2681 2713
f 2712 2714 2715
f 2712 2715 2711
f 2712 2713 2716
f 2712 2716 2714
f 2716 2713 2717
f 2716 2717 2718
f 2716 2719 2720
f 2716 2720 2714
f 2716 2718 2668
f 2716 2668 2719
f 2719 2721 2690
f 2719 2690 2720
f 2719 2668 2665
f 2719 2665 2721
f 2721 2722 2691
f 2721 2691 2690
f 2721 2665 2664
f 2721 2664 2722
f 2722 2723 2724
f 2722 2724 2691
f 2722 2664 2692
f 2722 2692 2723
f 2723 2725 2726
f 2723 2726 2724
f 2723 2692 2694
f 2723 2694 2725
f 2725 2697 2727
f 2725 2727 2726
f 2725 2694 2685
f 2725 2685 2697
f 2727 2702 2728
f 2727 2728 2726
f 2727 2705 2703
f 2727 2703 2702
f 2727 2697 2696
f 2727 2696 2705
f 2728 2687 2724
f 2728 2724 2726
f 2728 2729 2688
f 2728 2688 2687
f 2728 2702 2700
f 2728 2700 2729
f 2729 2676 2675
f 2729 2675 2688
f 2729 2700 2699
f 2729 2699 2676
f 2724 2687 2686
f 2724 2686 2691
f 2720 2730 2715
f 2720 2715 2714
f 2720 2690 2689
f 2720 2689 2730
f 2730 2675 2674
f 2730 2674 2715
f 2730 2689 2688
f 2730 2688 2675
f 2717 2680 2651
f 2717 2651 2731
f 2717 2713 2681
f 2717 2681 2680
f 2717 2731 2732
f 2717 2732 2718
f 2732 2731 2733
f 2732 2733 2734
f 2732 2666 2668
f 2732 2668 2718
f 2732 2734 2667
f 2732 2667 2666
f 2734 2733 2735
f 2734 2735 2673
f 2734 2673 2672
f 2734 2672 2667
f 2731 2651 2650
f 2731 2650 2733
f 2715 2674 2677
f 2715 2677 2711
f 2709 2696 2684
f 2709 2684 2678
f 2709 2706 2705
f 2709 2705 2696
f 2709 2678 2681
f 2709 2681 2710
f 2707 2677 2676
f 2707 2676 2699
f 2695 2693 2657
f 2695 2657 2736
f 2695 2682 2685
f 2695 2685 2694
f 2695 2736 2683
f 2695 2683 2682
f 2736 2657 2656
f 2736 2656 2737
f 2736 2737 2738
f 2736 2738 2683
f 2692 2664 2663
f 2692 2663 2671
f 2693 2670 2658
f 2693 2658 2657
f 2683 2738 2652
f 2683 2652 2679
f 2679 2652 2651
f 2679 2651 2680
f 2673 2735 2659
f 2673 2659 2661
f 2671 2663 2667
f 2671 2667 2672
f 2659 2735 2739
f 2659 2739 2660
f 2660 2653 2737
f 2660 2737 2656
f 2660 2739 2654
f 2660 2654 2653
f 2738 2648 2647
f 2738 2647 2652
f 2738 2737 2653
f 2738 2653 2648
f 2739 2650 2649
f 2739 2649 2654
f 2733 2650 2739
f 2733 2739 2735
f 2740 2741 2742
f 2740 2742 2743
f 2740 2744 2745
f 2740 2745 2741
f 2740 2743 2746
f 2740 2746 2744
f 2747 2748 2741
f 2747 2741 2745
f 2747 2745 2749
f 2747 2749 2750
f 2747 2750 2751
f 2747 2751 2748
f 2752 2746 2743
f 2752 2743 2753
f 2752 2754 2755
f 2752 2755 2756
f 2752 2756 2757
f 2752 2757 2746
f 2758 2744 2746
f 2758 2746 2757
f 2758 2757 2759
f 2758 2759 2749
f 2758 2749 2745
f 2758 2745 2744
f 2760 2761 2762
f 2760 2762 2763
f 2760 2763 2764
f 2760 2764 2765
f 2760 2765 2766
f 2760 2766 2761
f 2761 2766 2767
f 2761 2767 2762
f 2768 2759 2757
f 2768 2757 2756
f 2768 2756 2755
f 2768 2755 2769
f 2768 2770 2771
f 2768 2771 2759
f 2770 2772 2773
f 2770 2773 2771
f 2770 2768 2774
f 2770 2774 2772
f 2775 2776 2777
f 2775 2777 2778
f 2775 2778 2779
f 2775 2779 2780
f 2776 2781 2782
f 2776 2782 2777
f 2781 2783 2784
f 2781 2784 2785
f 2781 2785 2786
f 2781 2786 2782
f 2782 2786 2787
f 2782 2787 2777
f 2785 2788 2789
f 2785 2789 2786
f 2785 2790 2791
f 2785 2791 2788
f 2792 2793 2794
f 2792 2794 2795
f 2792 2796 2797
f 2792 2797 2793
f 2792 2795 2798
f 2792 2798 2796
f 2799 2800 2801
f 2799 2801 2802
f 2799 2802 2803
f 2799 2803 2804
f 2805 2804 2803
f 2805 2803 2787
f 2805 2789 2806
f 2805 2806 2804
f 2807 2808 2796
f 2807 2796 2798
f 2807 2798 2809
f 2807 2809 2810
f 2807 2810 2811
f 2807 2811 2808
f 2797 2812 2813
f 2797 2813 2793
f 2797 2796 2808
f 2797 2808 2814
f 2815 2814 2808
f 2815 2808 2811
f 2815 2811 2800
f 2815 2800 2816
f 2815 2816 2817
f 2815 2817 2814
f 2806 2789 2788
f 2806 2788 2818
f 2806 2797 2814
f 2806 2814 2817
f 2818 2812 2797
f 2818 2797 2806
f 2818 2819 2820
f 2818 2820 2812
f 2818 2788 2791
f 2818 2791 2819
f 2819 2821 2822
f 2819 2822 2820
f 2819 2791 2823
f 2819 2823 2821
f 2823 2791 2790
f 2823 2790 2824
f 2823 2825 2826
f 2823 2826 2821
f 2823 2824 2827
f 2823 2827 2825
f 2827 2824 2828
f 2827 2828 2829
f 2827 2830 2831
f 2827 2831 2825
f 2827 2829 2832
f 2827 2832 2830
f 2832 2829 2833
f 2832 2833 2834
f 2832 2835 2836
f 2832 2836 2830
f 2832 2834 2837
f 2832 2837 2835
f 2837 2834 2838
f 2837 2838 2839
f 2837 2840 2841
f 2837 2841 2835
f 2837 2839 2842
f 2837 2842 2840
f 2842 2839 2843
f 2842 2843 2844
f 2842 2845 2846
f 2842 2846 2840
f 2842 2844 2847
f 2842 2847 2845
f 2847 2844 2848
f 2847 2848 2849
f 2847 2850 2851
f 2847 2851 2845
f 2847 2849 2852
f 2847 2852 2850
f 2852 2849 2853
f 2852 2853 2854
f 2852 2855 2856
f 2852 2856 2850
f 2852 2854 2857
f 2852 2857 2855
f 2857 2854 2858
f 2857 2858 2859
f 2857 2860 2861
f 2857 2861 2855
f 2857 2859 2862
f 2857 2862 2860
f 2862 2859 2863
f 2862 2863 2864
f 2862 2865 2866
f 2862 2866 2860
f 2862 2864 2867
f 2862 2867 2865
f 2867 2864 2868
f 2867 2868 2869
f 2867 2870 2871
f 2867 2871 2865
f 2867 2869 2872
f 2867 2872 2870
f 2872 2869 2873
f 2872 2873 2874
f 2872 2875 2876
f 2872 2876 2870
f 2872 2874 2754
f 2872 2754 2875
f 2875 2877 2878
f 2875 2878 2876
f 2875 2754 2752
f 2875 2752 2877
f 2877 2879 2880
f 2877 2880 2878
f 2877 2752 2753
f 2877 2753 2879
f 2879 2763 2762
f 2879 2762 2880
f 2879 2753 2764
f 2879 2764 2763
f 2880 2881 2882
f 2880 2882 2878
f 2880 2762 2767
f 2880 2767 2881
f 2881 2883 2884
f 2881 2884 2882
f 2881 2767 2885
f 2881 2885 2883
f 2885 2773 2772
f 2885 2772 2883
f 2885 2886 2751
f 2885 2751 2773
f 2885 2767 2766
f 2885 2766 2886
f 2886 2887 2748
f 2886 2748 2751
f 2886 2766 2765
f 2886 2765 2887
f 2887 2742 2741
f 2887 2741 2748
f 2887 2765 2764
f 2887 2764 2742
f 2883 2772 2774
f 2883 2774 2884
f 2884 2888 2889
f 2884 2889 2882
f 2884 2774 2890
f 2884 2890 2888
f 2890 2891 2892
f 2890 2892 2888
f 2890 2769 2893
f 2890 2893 2891
f 2890 2774 2768
f 2890 2768 2769
f 2893 2894 2895
f 2893 2895 2891
f 2893 2896 2897
f 2893 2897 2894
f 2893 2769 2755
f 2893 2755 2896
f 2896 2874 2873
f 2896 2873 2897
f 2896 2755 2754
f 2896 2754 2874
f 2897 2898 2899
f 2897 2899 2894
f 2897 2873 2900
f 2897 2900 2898
f 2900 2901 2902
f 2900 2902 2898
f 2900 2868 2903
f 2900 2903 2901
f 2900 2873 2869
f 2900 2869 2868
f 2903 2904 2905
f 2903 2905 2901
f 2903 2863 2906
f 2903 2906 2904
f 2903 2868 2864
f 2903 2864 2863
f 2906 2907 2908
f 2906 2908 2904
f 2906 2858 2909
f 2906 2909 2907
f 2906 2863 2859
f 2906 2859 2858
f 2909 2910 2911
f 2909 2911 2907
f 2909 2853 2912
f 2909 2912 2910
f 2909 2858 2854
f 2909 2854 2853
f 2912 2913 2914
f 2912 2914 2910
f 2912 2848 2915
f 2912 2915 2913
f 2912 2853 2849
f 2912 2849 2848
f 2915 2916 2917
f 2915 2917 2913
f 2915 2843 2918
f 2915 2918 2916
f 2915 2848 2844
f 2915 2844 2843
f 2918 2919 2920
f 2918 2920 2916
f 2918 2838 2921
f 2918 2921 2919
f 2918 2843 2839
f 2918 2839 2838
f 2921 2922 2923
f 2921 2923 2919
f 2921 2833 2924
f 2921 2924 2922
f 2921 2838 2834
f 2921 2834 2833
f 2924 2925 2926
f 2924 2926 2922
f 2924 2828 2927
f 2924 2927 2925
f 2924 2833 2829
f 2924 2829 2828
f 2927 2784 2928
f 2927 2928 2925
f 2927 2790 2785
f 2927 2785 2784
f 2927 2828 2824
f 2927 2824 2790
f 2928 2929 2794
f 2928 2794 2930
f 2928 2784 2783
f 2928 2783 2929
f 2928 2930 2926
f 2928 2926 2925
f 2929 2931 2795
f 2929 2795 2794
f 2929 2783 2932
f 2929 2932 2931
f 2931 2809 2798
f 2931 2798 2795
f 2931 2932 2933
f 2931 2933 2809
f 2933 2801 2810
f 2933 2810 2809
f 2933 2779 2802
f 2933 2802 2801
f 2933 2932 2780
f 2933 2780 2779
f 2930 2794 2793
f 2930 2793 2813
f 2930 2813 2934
f 2930 2934 2926
f 2934 2813 2812
f 2934 2812 2820
f 2934 2923 2922
f 2934 2922 2926
f 2934 2820 2822
f 2934 2822 2923
f 2923 2822 2920
f 2923 2920 2919
f 2920 2822 2821
f 2920 2821 2826
f 2920 2826 2917
f 2920 2917 2916
f 2917 2826 2825
f 2917 2825 2831
f 2917 2831 2914
f 2917 2914 2913
f 2914 2831 2830
f 2914 2830 2836
f 2914 2836 2911
f 2914 2911 2910
f 2911 2836 2835
f 2911 2835 2841
f 2911 2841 2908
f 2911 2908 2907
f 2908 2841 2840
f 2908 2840 2846
f 2908 2846 2905
f 2908 2905 2904
f 2905 2846 2845
f 2905 2845 2851
f 2905 2851 2902
f 2905 2902 2901
f 2902 2851 2850
f 2902 2850 2856
f 2902 2856 2899
f 2902 2899 2898
f 2899 2856 2855
f 2899 2855 2861
f 2899 2861 2895
f 2899 2895 2894
f 2895 2861 2860
f 2895 2860 2866
f 2895 2866 2892
f 2895 2892 2891
f 2892 2866 2865
f 2892 2865 2871
f 2892 2871 2889
f 2892 2889 2888
f 2889 2871 2870
f 2889 2870 2876
f 2889 2876 2878
f 2889 2878 2882
f 2811 2810 2801
f 2811 2801 2800
f 2805 2787 2786
f 2805 2786 2789
f 2806 2800 2799
f 2806 2799 2804
f 2817 2816 2800
f 2817 2800 2806
f 2803 2778 2777
f 2803 2777 2787
f 2803 2802 2779
f 2803 2779 2778
f 2780 2781 2776
f 2780 2776 2775
f 2780 2932 2783
f 2780 2783 2781
f 2773 2751 2750
f 2773 2750 2771
f 2771 2750 2749
f 2771 2749 2759
f 2764 2753 2743
f 2764 2743 2742
f 2935 2936 2937
f 2935 2937 2938
f 2935 2938 2939
f 2935 2939 2940
f 2940 2941 2936
f 2940 2936 2935
f 2940 2942 2943
f 2940 2943 2941
f 2940 2944 2945
f 2940 2945 2942
f 2946 2947 2937
f 2946 2937 2936
f 2946 2936 2941
f 2946 2941 2948
f 2946 2948 2949
f 2946 2949 2947
f 2950 2951 2952
f 2950 2952 2953
f 2950 2954 2955
f 2950 2955 2951
f 2950 2953 2956
f 2950 2956 2954
f 2957 2958 2959
f 2957 2959 2960
f 2954 2956 2961
f 2954 2961 2955
f 2962 2963 2964
f 2962 2964 2959
f 2962 2965 2966
f 2962 2966 2963
f 2962 2959 2958
f 2962 2958 2965
f 2948 2967 2968
f 2948 2968 2949
f 2948 2941 2943
f 2948 2943 2969
f 2948 2969 2970
f 2948 2970 2967
f 2971 2972 2973
f 2971 2973 2974
f 2971 2975 2976
f 2971 2976 2972
f 2971 2974 2977
f 2971 2977 2975
f 2976 2975 2978
f 2976 2978 2979
f 2980 2981 2982
f 2980 2982 2983
f 2980 2984 2985
f 2980 2985 2981
f 2980 2983 2986
f 2980 2986 2984
f 2987 2988 2989
f 2987 2989 2990
f 2991 2987 2990
f 2991 2990 2992
f 2987 2991 2993
f 2987 2993 2988
f 2994 2995 2996
f 2994 2996 2997
f 2998 2994 2997
f 2998 2997 2999
f 2994 2998 2979
f 2994 2979 2995
f 2988 2993 2998
f 2988 2998 2999
f 2988 2999 3000
f 2988 3000 2989
f 2997 2996 3000
f 2997 3000 2999
f 2981 3001 3002
f 2981 3002 3003
f 2982 2981 3003
f 2982 3003 2978
f 3002 3004 2995
f 3002 2995 3003
f 3002 3001 3005
f 3002 3005 3004
f 3000 2996 2990
f 3000 2990 2989
f 2990 2996 2995
f 2990 2995 3004
f 2990 3004 3005
f 2990 3005 2992
f 3005 3001 3006
f 3005 3006 3007
f 3005 3007 3008
f 3005 3008 2992
f 3008 3007 3009
f 3008 3009 3010
f 3008 3011 2991
f 3008 2991 2992
f 3008 3010 3012
f 3008 3012 3011
f 3012 3010 3013
f 3012 3013 3014
f 3012 3015 3016
f 3012 3016 3011
f 3012 3014 3017
f 3012 3017 3015
f 3017 3014 3018
f 3017 3018 3019
f 3017 3020 3021
f 3017 3021 3015
f 3017 3019 3022
f 3017 3022 3020
f 3022 3019 3023
f 3022 3023 3024
f 3022 3025 3026
f 3022 3026 3020
f 3022 3024 3027
f 3022 3027 3025
f 3027 3024 3028
f 3027 3028 3029
f 3027 3030 3031
f 3027 3031 3025
f 3027 3029 3032
f 3027 3032 3030
f 3032 3029 3033
f 3032 3033 3034
f 3032 3035 3036
f 3032 3036 3030
f 3032 3034 3037
f 3032 3037 3035
f 3037 3034 3038
f 3037 3038 3039
f 3037 3040 3041
f 3037 3041 3035
f 3037 3039 3042
f 3037 3042 3040
f 3042 3039 3043
f 3042 3043 3044
f 3042 3045 3046
f 3042 3046 3040
f 3042 3044 3047
f 3042 3047 3045
f 3047 3044 3048
f 3047 3048 3049
f 3047 3050 3051
f 3047 3051 3045
f 3047 3049 3052
f 3047 3052 3050
f 3052 3049 3053
f 3052 3053 3054
f 3052 3055 3056
f 3052 3056 3050
f 3052 3054 3057
f 3052 3057 3055
f 3057 3054 3058
f 3057 3058 3059
f 3057 3060 3061
f 3057 3061 3055
f 3057 3059 3062
f 3057 3062 3060
f 3062 3059 2970
f 3062 2970 2969
f 3062 3063 3064
f 3062 3064 3060
f 3062 2969 2943
f 3062 2943 3063
f 3063 3065 3066
f 3063 3066 3064
f 3063 2943 2942
f 3063 2942 3065
f 3065 3067 3068
f 3065 3068 3066
f 3065 2942 2945
f 3065 2945 3067
f 3067 3069 3070
f 3067 3070 3068
f 3067 2945 3071
f 3067 3071 3069
f 3071 2945 2944
f 3071 2944 3072
f 3071 3073 3074
f 3071 3074 3069
f 3071 3072 3075
f 3071 3075 3073
f 3075 3072 2964
f 3075 2964 2963
f 3075 3076 3077
f 3075 3077 3073
f 3075 2963 2966
f 3075 2966 3076
f 3076 3078 3079
f 3076 3079 3077
f 3076 2966 3080
f 3076 3080 3078
f 3080 2966 2965
f 3080 2965 3081
f 3080 3082 3083
f 3080 3083 3078
f 3080 3081 3084
f 3080 3084 3082
f 3084 3081 3085
f 3084 3085 3086
f 3084 2961 2968
f 3084 2968 3082
f 3084 3086 2955
f 3084 2955 2961
f 3085 2958 2957
f 3085 2957 3087
f 3085 3081 2965
f 3085 2965 2958
f 3085 3087 3088
f 3085 3088 3086
f 3088 2951 2955
f 3088 2955 3086
f 3088 3089 2952
f 3088 2952 2951
f 3088 3087 3090
f 3088 3090 3089
f 3090 2939 2938
f 3090 2938 3089
f 3090 2960 3091
f 3090 3091 2939
f 3090 3087 2957
f 3090 2957 2960
f 3091 2944 2940
f 3091 2940 2939
f 3091 2964 3072
f 3091 3072 2944
f 3091 2960 2959
f 3091 2959 2964
f 3089 2938 2937
f 3089 2937 2952
f 3082 2968 2967
f 3082 2967 3083
f 3083 3092 3079
f 3083 3079 3078
f 3083 2967 2970
f 3083 2970 3092
f 3092 3058 3093
f 3092 3093 3079
f 3092 2970 3059
f 3092 3059 3058
f 3093 3094 3077
f 3093 3077 3079
f 3093 3053 3095
f 3093 3095 3094
f 3093 3058 3054
f 3093 3054 3053
f 3095 3096 3074
f 3095 3074 3094
f 3095 3048 3097
f 3095 3097 3096
f 3095 3053 3049
f 3095 3049 3048
f 3097 3098 3070
f 3097 3070 3096
f 3097 3043 3099
f 3097 3099 3098
f 3097 3048 3044
f 3097 3044 3043
f 3099 3100 3101
f 3099 3101 3098
f 3099 3038 3102
f 3099 3102 3100
f 3099 3043 3039
f 3099 3039 3038
f 3102 3103 3104
f 3102 3104 3100
f 3102 3033 3105
f 3102 3105 3103
f 3102 3038 3034
f 3102 3034 3033
f 3105 3106 3107
f 3105 3107 3103
f 3105 3028 3108
f 3105 3108 3106
f 3105 3033 3029
f 3105 3029 3028
f 3108 3109 3110
f 3108 3110 3106
f 3108 3023 3111
f 3108 3111 3109
f 3108 3028 3024
f 3108 3024 3023
f 3111 3112 3113
f 3111 3113 3109
f 3111 3018 3114
f 3111 3114 3112
f 3111 3023 3019
f 3111 3019 3018
f 3114 3115 3116
f 3114 3116 3112
f 3114 3013 3117
f 3114 3117 3115
f 3114 3018 3014
f 3114 3014 3013
f 3117 3118 3119
f 3117 3119 3115
f 3117 3009 3120
f 3117 3120 3118
f 3117 3013 3010
f 3117 3010 3009
f 3120 3121 3122
f 3120 3122 3118
f 3120 3006 2985
f 3120 2985 3121
f 3120 3009 3007
f 3120 3007 3006
f 3121 3123 3124
f 3121 3124 3122
f 3121 2985 2984
f 3121 2984 3123
f 3123 3125 3126
f 3123 3126 3124
f 3123 2984 2986
f 3123 2986 3125
f 3125 3127 3026
f 3125 3026 3126
f 3125 2986 3128
f 3125 3128 3127
f 3128 3129 3021
f 3128 3021 3127
f 3128 3130 3131
f 3128 3131 3129
f 3128 2986 2983
f 3128 2983 3130
f 3130 2977 2974
f 3130 2974 3131
f 3130 2983 2982
f 3130 2982 2977
f 3131 3132 3016
f 3131 3016 3129
f 3131 2974 2973
f 3131 2973 3132
f 3132 2991 3011
f 3132 3011 3016
f 3132 2973 2993
f 3132 2993 2991
f 3129 3016 3015
f 3129 3015 3021
f 3127 3021 3020
f 3127 3020 3026
f 3126 3026 3025
f 3126 3025 3031
f 3126 3031 3133
f 3126 3133 3124
f 3133 3031 3030
f 3133 3030 3036
f 3133 3134 3122
f 3133 3122 3124
f 3133 3036 3135
f 3133 3135 3134
f 3135 3036 3035
f 3135 3035 3041
f 3135 3136 3119
f 3135 3119 3134
f 3135 3041 3137
f 3135 3137 3136
f 3137 3041 3040
f 3137 3040 3046
f 3137 3138 3116
f 3137 3116 3136
f 3137 3046 3139
f 3137 3139 3138
f 3139 3046 3045
f 3139 3045 3051
f 3139 3140 3113
f 3139 3113 3138
f 3139 3051 3141
f 3139 3141 3140
f 3141 3051 3050
f 3141 3050 3056
f 3141 3142 3110
f 3141 3110 3140
f 3141 3056 3143
f 3141 3143 3142
f 3143 3056 3055
f 3143 3055 3061
f 3143 3144 3107
f 3143 3107 3142
f 3143 3061 3145
f 3143 3145 3144
f 3145 3061 3060
f 3145 3060 3064
f 3145 3146 3104
f 3145 3104 3144
f 3145 3064 3066
f 3145 3066 3146
f 3146 3101 3100
f 3146 3100 3104
f 3146 3066 3068
f 3146 3068 3101
f 3144 3104 3103
f 3144 3103 3107
f 3142 3107 3106
f 3142 3106 3110
f 3140 3110 3109
f 3140 3109 3113
f 3138 3113 3112
f 3138 3112 3116
f 3136 3116 3115
f 3136 3115 3119
f 3134 3119 3118
f 3134 3118 3122
f 3101 3068 3070
f 3101 3070 3098
f 3096 3070 3069
f 3096 3069 3074
f 3094 3074 3073
f 3094 3073 3077
f 3006 3001 2981
f 3006 2981 2985
f 3003 2995 2979
f 3003 2979 2978
f 2998 2972 2976
f 2998 2976 2979
f 2998 2993 2973
f 2998 2973 2972
f 2982 2978 2975
f 2982 2975 2977
f 2968 2961 2956
f 2968 2956 2949
f 2956 2953 2947
f 2956 2947 2949
f 2952 2937 2947
f 2952 2947 2953
f 3147 3148 3149
f 3147 3149 3150
f 3151 3152 3153
f 3151 3153 3154
f 3151 3154 3149
f 3151 3149 3148
f 3155 3156 3157
f 3155 3157 3158
f 3155 3159 3160
f 3155 3160 3156
f 3155 3158 3161
f 3155 3161 3159
f 3162 3152 3151
f 3162 3151 3148
f 3162 3163 3164
f 3162 3164 3165
f 3166 3167 3168
f 3166 3168 3164
f 3169 3166 3164
f 3169 3164 3163
f 3166 3169 3170
f 3166 3170 3167
f 3171 3170 3169
f 3171 3169 3157
f 3171 3172 3173
f 3171 3173 3170
f 3171 3157 3156
f 3171 3156 3172
f 3174 3175 3176
f 3174 3176 3177
f 3178 3179 3176
f 3178 3176 3175
f 3178 3175 3180
f 3178 3180 3181
f 3178 3181 3182
f 3178 3182 3179
f 3183 3172 3156
f 3183 3156 3160
f 3161 3177 3176
f 3161 3176 3184
f 3161 3185 3186
f 3161 3186 3177
f 3187 3188 3189
f 3187 3189 3190
f 3179 3182 3187
f 3179 3187 3190
f 3191 3165 3164
f 3191 3164 3168
f 3191 3192 3193
f 3191 3193 3194
f 3195 3189 3188
f 3195 3188 3196
f 3195 3197 3198
f 3195 3198 3189
f 3195 3196 3199
f 3195 3199 3197
f 3200 3201 3202
f 3200 3202 3203
f 3200 3204 3205
f 3200 3205 3201
f 3200 3203 3206
f 3200 3206 3204
f 3207 3173 3172
f 3207 3172 3183
f 3208 3207 3183
f 3208 3183 3160
f 3207 3208 3209
f 3207 3209 3173
f 3201 3205 3210
f 3201 3210 3202
f 3211 3212 3213
f 3211 3213 3214
f 3211 3214 3198
f 3211 3198 3215
f 3211 3215 3216
f 3211 3216 3212
f 3217 3210 3205
f 3217 3205 3218
f 3219 3220 3208
f 3219 3208 3221
f 3222 3223 3224
f 3222 3224 3225
f 3218 3222 3225
f 3218 3225 3226
f 3222 3218 3227
f 3222 3227 3223
f 3225 3224 3228
f 3225 3228 3226
f 3228 3229 3230
f 3228 3230 3226
f 3228 3224 3231
f 3228 3231 3229
f 3232 3233 3234
f 3232 3234 3235
f 3232 3231 3236
f 3232 3236 3233
f 3232 3235 3229
f 3232 3229 3231
f 3236 3231 3224
f 3236 3224 3223
f 3236 3237 3238
f 3236 3238 3233
f 3236 3223 3239
f 3236 3239 3237
f 3239 3223 3227
f 3239 3227 3240
f 3239 3241 3242
f 3239 3242 3237
f 3239 3240 3243
f 3239 3243 3241
f 3243 3240 3206
f 3243 3206 3167
f 3243 3173 3209
f 3243 3209 3241
f 3243 3167 3170
f 3243 3170 3173
f 3241 3209 3244
f 3241 3244 3242
f 3242 3245 3238
f 3242 3238 3237
f 3242 3244 3246
f 3242 3246 3245
f 3245 3247 3248
f 3245 3248 3238
f 3245 3246 3249
f 3245 3249 3247
f 3247 3250 3251
f 3247 3251 3248
f 3247 3249 3216
f 3247 3216 3250
f 3250 3252 3253
f 3250 3253 3251
f 3250 3216 3215
f 3250 3215 3252
f 3252 3197 3199
f 3252 3199 3253
f 3252 3215 3198
f 3252 3198 3197
f 3253 3254 3255
f 3253 3255 3251
f 3253 3199 3193
f 3253 3193 3254
f 3254 3256 3257
f 3254 3257 3255
f 3254 3193 3192
f 3254 3192 3256
f 3255 3257 3235
f 3255 3235 3234
f 3255 3234 3248
f 3255 3248 3251
f 3248 3234 3233
f 3248 3233 3238
f 3240 3227 3204
f 3240 3204 3206
f 3235 3257 3230
f 3235 3230 3229
f 3226 3230 3217
f 3226 3217 3218
f 3227 3218 3205
f 3227 3205 3204
f 3249 3258 3212
f 3249 3212 3216
f 3244 3209 3208
f 3244 3208 3220
f 3256 3217 3230
f 3256 3230 3257
f 3256 3192 3210
f 3256 3210 3217
f 3212 3258 3184
f 3212 3184 3213
f 3213 3179 3190
f 3213 3190 3214
f 3213 3184 3176
f 3213 3176 3179
f 3214 3190 3189
f 3214 3189 3198
f 3210 3192 3191
f 3210 3191 3202
f 3208 3160 3159
f 3208 3159 3221
f 3206 3203 3168
f 3206 3168 3167
f 3202 3191 3168
f 3202 3168 3203
f 3199 3196 3194
f 3199 3194 3193
f 3187 3182 3153
f 3187 3153 3188
f 3221 3184 3258
f 3221 3258 3219
f 3221 3159 3161
f 3221 3161 3184
f 3182 3181 3154
f 3182 3154 3153
f 3180 3259 3150
f 3180 3150 3149
f 3180 3175 3174
f 3180 3174 3259
f 3180 3149 3154
f 3180 3154 3181
f 3259 3186 3260
f 3259 3260 3150
f 3259 3174 3177
f 3259 3177 3186
f 3185 3161 3158
f 3185 3158 3261
f 3185 3261 3262
f 3185 3262 3263
f 3261 3158 3157
f 3261 3157 3169
f 3261 3169 3163
f 3261 3163 3262
f 3165 3191 3194
f 3165 3194 3162
f 3152 3196 3188
f 3152 3188 3153
f 3152 3162 3194
f 3152 3194 3196
f 3263 3260 3186
f 3263 3186 3185
f 3147 3163 3162
f 3147 3162 3148
f 3262 3150 3260
f 3262 3260 3263
f 3163 3147 3150
f 3163 3150 3262
f 3249 3220 3219
f 3249 3219 3258
f 3244 3220 3249
f 3244 3249 3246
f 3264 3265 3266
f 3264 3266 3267
f 3264 3268 3269
f 3264 3269 3265
f 3270 3267 3271
f 3270 3271 3272
f 3270 3268 3264
f 3270 3264 3267
f 3273 3274 3275
f 3273 3275 3266
f 3273 3276 3277
f 3273 3277 3274
f 3273 3266 3265
f 3273 3265 3276
f 3265 3269 3278
f 3265 3278 3279
f 3265 3279 3280
f 3265 3280 3276
f 3281 3282 3283
f 3281 3283 3284
f 3281 3284 3285
f 3281 3285 3286
f 3285 3271 3275
f 3285 3275 3287
f 3277 3276 3280
f 3277 3280 3288
f 3289 3290 3291
f 3289 3291 3292
f 3289 3292 3293
f 3289 3293 3294
f 3289 3294 3295
f 3289 3295 3290
f 3291 3296 3297
f 3291 3297 3298
f 3269 3291 3298
f 3269 3298 3278
f 3296 3299 3300
f 3296 3300 3297
f 3295 3301 3302
f 3295 3302 3290
f 3303 3304 3305
f 3303 3305 3306
f 3303 3307 3288
f 3303 3288 3304
f 3303 3306 3308
f 3303 3308 3309
f 3310 3311 3312
f 3310 3312 3313
f 3310 3278 3298
f 3310 3298 3311
f 3314 3315 3316
f 3314 3316 3317
f 3314 3302 3318
f 3314 3318 3315
f 3311 3316 3319
f 3311 3319 3312
f 3320 3321 3322
f 3320 3322 3323
f 3324 3320 3323
f 3324 3323 3325
f 3320 3324 3326
f 3320 3326 3321
f 3309 3308 3327
f 3309 3327 3328
f 3327 3308 3329
f 3327 3329 3330
f 3305 3304 3331
f 3305 3331 3332
f 3305 3332 3333
f 3305 3333 3334
f 3322 3335 3336
f 3322 3336 3323
f 3329 3308 3306
f 3329 3306 3337
f 3315 3338 3339
f 3315 3339 3340
f 3316 3315 3340
f 3316 3340 3319
f 3321 3341 3335
f 3321 3335 3322
f 3321 3326 3342
f 3321 3342 3341
f 3343 3344 3334
f 3343 3334 3333
f 3343 3340 3339
f 3343 3339 3344
f 3345 3346 3342
f 3345 3342 3347
f 3348 3349 3350
f 3348 3350 3351
f 3348 3352 3353
f 3348 3353 3349
f 3348 3351 3354
f 3348 3354 3352
f 3354 3351 3335
f 3354 3335 3341
f 3354 3346 3355
f 3354 3355 3352
f 3354 3341 3342
f 3354 3342 3346
f 3355 3356 3353
f 3355 3353 3352
f 3355 3357 3358
f 3355 3358 3356
f 3355 3346 3345
f 3355 3345 3357
f 3356 3334 3344
f 3356 3344 3353
f 3356 3358 3305
f 3356 3305 3334
f 3353 3344 3339
f 3353 3339 3349
f 3349 3339 3338
f 3349 3338 3350
f 3350 3338 3359
f 3350 3359 3336
f 3350 3336 3335
f 3350 3335 3351
f 3359 3318 3360
f 3359 3360 3325
f 3359 3338 3315
f 3359 3315 3318
f 3359 3325 3323
f 3359 3323 3336
f 3347 3361 3357
f 3347 3357 3345
f 3347 3362 3328
f 3347 3328 3361
f 3347 3342 3326
f 3347 3326 3362
f 3343 3333 3319
f 3343 3319 3340
f 3337 3306 3305
f 3337 3305 3358
f 3330 3358 3357
f 3330 3357 3361
f 3337 3358 3330
f 3337 3330 3329
f 3333 3332 3312
f 3333 3312 3319
f 3331 3313 3312
f 3331 3312 3332
f 3331 3280 3279
f 3331 3279 3313
f 3331 3304 3288
f 3331 3288 3280
f 3330 3361 3328
f 3330 3328 3327
f 3325 3360 3286
f 3325 3286 3324
f 3324 3363 3362
f 3324 3362 3326
f 3324 3286 3285
f 3324 3285 3363
f 3313 3279 3278
f 3313 3278 3310
f 3363 3285 3287
f 3363 3287 3364
f 3364 3328 3362
f 3364 3362 3363
f 3364 3303 3309
f 3364 3309 3328
f 3364 3287 3307
f 3364 3307 3303
f 3360 3282 3281
f 3360 3281 3286
f 3317 3298 3297
f 3317 3297 3300
f 3317 3316 3311
f 3317 3311 3298
f 3300 3299 3314
f 3300 3314 3317
f 3290 3299 3296
f 3290 3296 3291
f 3314 3299 3290
f 3314 3290 3302
f 3295 3294 3283
f 3295 3283 3282
f 3307 3287 3275
f 3307 3275 3274
f 3274 3277 3288
f 3274 3288 3307
f 3275 3271 3267
f 3275 3267 3266
f 3293 3270 3283
f 3293 3283 3294
f 3284 3272 3271
f 3284 3271 3285
f 3283 3270 3272
f 3283 3272 3284
f 3268 3292 3291
f 3268 3291 3269
f 3268 3270 3293
f 3268 3293 3292
f 3360 3301 3295
f 3360 3295 3282
f 3302 3301 3360
f 3302 3360 3318
f 3365 3366 3367
f 3365 3367 3368
f 3365 3368 3369
f 3365 3369 3370
f 3365 3370 3371
f 3365 3371 3366
f 3372 3373 3369
f 3372 3369 3368
f 3374 3375 3376
f 3374 3376 3377
f 3378 3379 3380
f 3378 3380 3381
f 3378 3377 3376
f 3378 3376 3379
f 3382 3383 3384
f 3382 3384 3385
f 3382 3386 3387
f 3382 3387 3383
f 3382 3367 3388
f 3382 3388 3386
f 3389 3388 3390
f 3389 3390 3391
f 3380 3373 3385
f 3380 3385 3392
f 3380 3379 3369
f 3380 3369 3373
f 3384 3393 3392
f 3384 3392 3385
f 3384 3383 3394
f 3384 3394 3393
f 3395 3377 3378
f 3395 3378 3396
f 3397 3398 3399
f 3397 3399 3400
f 3401 3394 3383
f 3401 3383 3387
f 3401 3387 3402
f 3401 3402 3403
f 3404 3405 3406
f 3404 3406 3407
f 3391 3404 3407
f 3391 3407 3389
f 3406 3403 3402
f 3406 3402 3407
f 3406 3408 3409
f 3406 3409 3403
f 3406 3405 3410
f 3406 3410 3411
f 3406 3411 3412
f 3406 3412 3408
f 3413 3414 3415
f 3413 3415 3416
f 3417 3418 3419
f 3417 3419 3420
f 3417 3420 3421
f 3417 3421 3422
f 3417 3422 3423
f 3417 3423 3418
f 3411 3410 3424
f 3411 3424 3412
f 3425 3424 3410
f 3425 3410 3405
f 3425 3405 3404
f 3425 3404 3426
f 3425 3426 3427
f 3425 3427 3424
f 3428 3429 3430
f 3428 3430 3431
f 3432 3428 3431
f 3432 3431 3433
f 3434 3412 3424
f 3434 3424 3427
f 3435 3436 3433
f 3435 3433 3431
f 3435 3437 3438
f 3435 3438 3436
f 3439 3423 3422
f 3439 3422 3440
f 3439 3441 3442
f 3439 3442 3443
f 3441 3439 3444
f 3441 3444 3445
f 3446 3447 3448
f 3446 3448 3449
f 3446 3449 3450
f 3446 3450 3451
f 3446 3451 3452
f 3446 3452 3447
f 3453 3454 3455
f 3453 3455 3456
f 3454 3430 3429
f 3454 3429 3455
f 3454 3450 3437
f 3454 3437 3430
f 3454 3453 3451
f 3454 3451 3450
f 3455 3429 3457
f 3455 3457 3458
f 3455 3458 3459
f 3455 3459 3456
f 3459 3458 3460
f 3459 3460 3461
f 3459 3462 3452
f 3459 3452 3456
f 3459 3461 3445
f 3459 3445 3462
f 3462 3463 3447
f 3462 3447 3452
f 3462 3445 3444
f 3462 3444 3463
f 3463 3415 3448
f 3463 3448 3447
f 3463 3444 3416
f 3463 3416 3415
f 3460 3464 3465
f 3460 3465 3466
f 3460 3458 3457
f 3460 3457 3464
f 3460 3466 3442
f 3460 3442 3461
f 3464 3409 3408
f 3464 3408 3465
f 3464 3457 3467
f 3464 3467 3409
f 3465 3408 3412
f 3465 3412 3434
f 3465 3434 3427
f 3465 3427 3466
f 3466 3427 3443
f 3466 3443 3442
f 3461 3442 3441
f 3461 3441 3445
f 3457 3429 3428
f 3457 3428 3467
f 3456 3452 3451
f 3456 3451 3453
f 3450 3449 3438
f 3450 3438 3437
f 3448 3468 3438
f 3448 3438 3449
f 3448 3415 3414
f 3448 3414 3468
f 3468 3469 3436
f 3468 3436 3438
f 3468 3414 3470
f 3468 3470 3469
f 3444 3439 3440
f 3444 3440 3416
f 3440 3471 3413
f 3440 3413 3416
f 3440 3422 3421
f 3440 3421 3471
f 3437 3435 3431
f 3437 3431 3430
f 3436 3469 3398
f 3436 3398 3433
f 3433 3398 3397
f 3433 3397 3432
f 3428 3392 3393
f 3428 3393 3467
f 3428 3432 3380
f 3428 3380 3392
f 3426 3404 3419
f 3426 3419 3418
f 3419 3472 3473
f 3419 3473 3420
f 3419 3404 3391
f 3419 3391 3472
f 3472 3474 3475
f 3472 3475 3473
f 3472 3391 3390
f 3472 3390 3474
f 3474 3371 3375
f 3474 3375 3475
f 3474 3390 3366
f 3474 3366 3371
f 3475 3375 3374
f 3475 3374 3476
f 3475 3476 3477
f 3475 3477 3473
f 3397 3381 3380
f 3397 3380 3432
f 3394 3409 3467
f 3394 3467 3393
f 3394 3401 3403
f 3394 3403 3409
f 3402 3388 3389
f 3402 3389 3407
f 3402 3387 3386
f 3402 3386 3388
f 3390 3388 3367
f 3390 3367 3366
f 3385 3373 3372
f 3385 3372 3382
f 3382 3372 3368
f 3382 3368 3367
f 3379 3376 3370
f 3379 3370 3369
f 3375 3371 3370
f 3375 3370 3376
f 3478 3479 3470
f 3478 3470 3414
f 3477 3421 3420
f 3477 3420 3473
f 3480 3481 3413
f 3480 3413 3471
f 3443 3418 3423
f 3443 3423 3439
f 3443 3427 3426
f 3443 3426 3418
f 3480 3482 3483
f 3480 3483 3481
f 3477 3476 3482
f 3477 3482 3480
f 3477 3480 3471
f 3477 3471 3421
f 3479 3484 3399
f 3479 3399 3470
f 3469 3470 3399
f 3469 3399 3398
f 3485 3486 3395
f 3485 3395 3484
f 3481 3483 3479
f 3481 3479 3478
f 3413 3481 3478
f 3413 3478 3414
f 3486 3482 3476
f 3486 3476 3374
f 3482 3486 3485
f 3482 3485 3483
f 3483 3485 3484
f 3483 3484 3479
f 3395 3486 3374
f 3395 3374 3377
f 3484 3395 3396
f 3484 3396 3487
f 3399 3484 3487
f 3399 3487 3400
f 3396 3378 3381
f 3396 3381 3487
f 3381 3397 3400
f 3381 3400 3487
# Vertices: 3487, normals: 0, texture coordinates: 0, faces: 6866

