[2025-10-25 23:37:46.361] [info] Loaded model Deniz_BSM_Scale from file C:\Users\tomas\Documents\OpenSim\4.5\Models\Rajagopal_OpenSense\skel_models_v1.1\skel_models_v1.1\Deniz_bsm_scaled.osim
[2025-10-25 23:37:46.363] [warning] Couldn't find file 'sacrum.vtp'.
[2025-10-25 23:37:46.363] [warning] Couldn't find file 'r_femur.vtp'.
[2025-10-25 23:37:46.364] [warning] Couldn't find file 'r_fibula.vtp'.
[2025-10-25 23:37:46.364] [warning] Couldn't find file 'r_patella.vtp'.
[2025-10-25 23:37:46.364] [warning] Couldn't find file 'r_talus.vtp'.
[2025-10-25 23:37:46.364] [warning] Couldn't find file 'r_foot.vtp'.
[2025-10-25 23:37:46.365] [warning] Couldn't find file 'r_bofoot.vtp'.
[2025-10-25 23:37:46.365] [warning] Couldn't find file 'l_femur.vtp'.
[2025-10-25 23:37:46.365] [warning] Couldn't find file 'l_fibula.vtp'.
[2025-10-25 23:37:46.365] [warning] Couldn't find file 'l_patella.vtp'.
[2025-10-25 23:37:46.365] [warning] Couldn't find file 'l_talus.vtp'.
[2025-10-25 23:37:46.366] [warning] Couldn't find file 'l_foot.vtp'.
[2025-10-25 23:37:46.366] [warning] Couldn't find file 'l_bofoot.vtp'.
[2025-10-25 23:37:46.366] [warning] Couldn't find file 'cervical_spine.vtp'.
[2025-10-25 23:37:46.366] [warning] Couldn't find file 'lumbar_spine.vtp'.
[2025-10-25 23:37:46.366] [warning] Couldn't find file 'thorax.vtp'.
[2025-10-25 23:37:46.367] [warning] Couldn't find file 'scapula.vtp'.
[2025-10-25 23:37:46.367] [warning] Couldn't find file 'scapula_l.vtp'.
[2025-10-25 23:37:46.367] [warning] Couldn't find file 'humerus.vtp'.
[2025-10-25 23:37:46.367] [warning] Couldn't find file 'humerus_l.vtp'.
[2025-10-25 23:37:46.367] [warning] Couldn't find file 'ulna.vtp'.
[2025-10-25 23:37:46.368] [warning] Couldn't find file 'ulna_l.vtp'.
[2025-10-25 23:37:46.368] [warning] Couldn't find file 'radius.vtp'.
[2025-10-25 23:37:46.368] [warning] Couldn't find file 'radius_l.vtp'.
[2025-10-25 23:37:46.369] [warning] Couldn't find file 'lunate.vtp'.
[2025-10-25 23:37:46.369] [warning] Couldn't find file 'lunate.vtp'.
[2025-10-25 23:37:46.369] [warning] Couldn't find file 'lunate_l.vtp'.
[2025-10-25 23:37:46.592] [info] No heading correction is applied.
[2025-10-25 23:37:46.604] [info] Processing pelvis_imu
[2025-10-25 23:37:46.604] [info] Computed offset for pelvis_imu
[2025-10-25 23:37:46.605] [info] Offset is 
[0.0278963,-0.0996054,-0.994636]
[-0.998451,-0.0506895,-0.0229272]
[-0.048134,0.993735,-0.100865]

[2025-10-25 23:37:46.605] [info] Creating offset frame for pelvis_imu
[2025-10-25 23:37:46.615] [info] Added offset frame for pelvis_imu.
[2025-10-25 23:37:46.615] [info] pelvis_imu offset computed from pelvis_imu data from file.
[2025-10-25 23:37:46.615] [info] Processing torso_imu
[2025-10-25 23:37:46.615] [info] Processing scapula_r_imu
[2025-10-25 23:37:46.615] [info] Computed offset for scapula_r_imu
[2025-10-25 23:37:46.616] [info] Offset is 
[0.529563,-0.0770543,-0.844764]
[-0.415832,-0.891581,-0.179351]
[-0.739356,0.446257,-0.50419]

[2025-10-25 23:37:46.616] [info] Creating offset frame for scapula_r_imu
[2025-10-25 23:37:46.625] [info] Added offset frame for scapula_r_imu.
[2025-10-25 23:37:46.625] [info] scapula_r_imu offset computed from scapula_r_imu data from file.
[2025-10-25 23:37:46.626] [info] Processing humerus_r_imu
[2025-10-25 23:37:46.626] [info] Computed offset for humerus_r_imu
[2025-10-25 23:37:46.626] [info] Offset is 
[0.708572,0.333192,-0.62202]
[-0.648756,-0.0391328,-0.75999]
[-0.277564,0.942047,0.188431]

[2025-10-25 23:37:46.627] [info] Creating offset frame for humerus_r_imu
[2025-10-25 23:37:46.633] [info] Added offset frame for humerus_r_imu.
[2025-10-25 23:37:46.633] [info] humerus_r_imu offset computed from humerus_r_imu data from file.
[2025-10-25 23:37:46.634] [info] Processing radius_r_imu
[2025-10-25 23:37:46.634] [info] Computed offset for radius_r_imu
[2025-10-25 23:37:46.634] [info] Offset is 
[0.810934,-0.510078,-0.286716]
[-0.484016,-0.309401,-0.818535]
[0.328807,0.802553,-0.49779]

[2025-10-25 23:37:46.635] [info] Creating offset frame for radius_r_imu
[2025-10-25 23:37:46.643] [info] Added offset frame for radius_r_imu.
[2025-10-25 23:37:46.643] [info] radius_r_imu offset computed from radius_r_imu data from file.
[2025-10-25 23:37:46.644] [info] Processing hand_r_imu
[2025-10-25 23:37:46.644] [info] Computed offset for hand_r_imu
[2025-10-25 23:37:46.644] [info] Offset is 
[0.688139,-0.358807,-0.630652]
[-0.707555,-0.139314,-0.69279]
[0.160719,0.922957,-0.349743]

[2025-10-25 23:37:46.645] [info] Creating offset frame for hand_r_imu
[2025-10-25 23:37:46.652] [info] Added offset frame for hand_r_imu.
[2025-10-25 23:37:46.652] [info] hand_r_imu offset computed from hand_r_imu data from file.
[2025-10-25 23:37:46.915] [warning] Visualizer couldn't open sacrum.vtp because: SimTK Exception thrown at PolygonalMesh.cpp:411:
  Error detected by Simbody method PolygonalMesh::loadVtpFile(): Attempt to load a VTK PolyData (.vtp) file from file name 'c:\Users\tomas\Documents\OpenSim\4.5\Models\Rajagopal_OpenSense\skel_models_v1.1\skel_models_v1.1\Geometry\sacrum.vtp' failed with message:
  SimTK Exception thrown at Xml.cpp:108:
  Error detected by Simbody method Xml::readFromFile(): Failed to load the Xml file 'c:\Users\tomas\Documents\OpenSim\4.5\Models\Rajagopal_OpenSense\skel_models_v1.1\skel_models_v1.1\Geometry\sacrum.vtp' with error 'Failed to open file (line=0, col=0)'.
  (Required condition 'loadOK' was not met.)

  (Required condition '!"failed"' was not met.)

[2025-10-25 23:37:46.917] [warning] Visualizer couldn't open r_femur.vtp because: SimTK Exception thrown at PolygonalMesh.cpp:411:
  Error detected by Simbody method PolygonalMesh::loadVtpFile(): Attempt to load a VTK PolyData (.vtp) file from file name 'c:\Users\tomas\Documents\OpenSim\4.5\Models\Rajagopal_OpenSense\skel_models_v1.1\skel_models_v1.1\Geometry\r_femur.vtp' failed with message:
  SimTK Exception thrown at Xml.cpp:108:
  Error detected by Simbody method Xml::readFromFile(): Failed to load the Xml file 'c:\Users\tomas\Documents\OpenSim\4.5\Models\Rajagopal_OpenSense\skel_models_v1.1\skel_models_v1.1\Geometry\r_femur.vtp' with error 'Failed to open file (line=0, col=0)'.
  (Required condition 'loadOK' was not met.)

  (Required condition '!"failed"' was not met.)

[2025-10-25 23:37:46.917] [warning] Visualizer couldn't open r_fibula.vtp because: SimTK Exception thrown at PolygonalMesh.cpp:411:
  Error detected by Simbody method PolygonalMesh::loadVtpFile(): Attempt to load a VTK PolyData (.vtp) file from file name 'c:\Users\tomas\Documents\OpenSim\4.5\Models\Rajagopal_OpenSense\skel_models_v1.1\skel_models_v1.1\Geometry\r_fibula.vtp' failed with message:
  SimTK Exception thrown at Xml.cpp:108:
  Error detected by Simbody method Xml::readFromFile(): Failed to load the Xml file 'c:\Users\tomas\Documents\OpenSim\4.5\Models\Rajagopal_OpenSense\skel_models_v1.1\skel_models_v1.1\Geometry\r_fibula.vtp' with error 'Failed to open file (line=0, col=0)'.
  (Required condition 'loadOK' was not met.)

  (Required condition '!"failed"' was not met.)

[2025-10-25 23:37:46.918] [warning] Visualizer couldn't open r_patella.vtp because: SimTK Exception thrown at PolygonalMesh.cpp:411:
  Error detected by Simbody method PolygonalMesh::loadVtpFile(): Attempt to load a VTK PolyData (.vtp) file from file name 'c:\Users\tomas\Documents\OpenSim\4.5\Models\Rajagopal_OpenSense\skel_models_v1.1\skel_models_v1.1\Geometry\r_patella.vtp' failed with message:
  SimTK Exception thrown at Xml.cpp:108:
  Error detected by Simbody method Xml::readFromFile(): Failed to load the Xml file 'c:\Users\tomas\Documents\OpenSim\4.5\Models\Rajagopal_OpenSense\skel_models_v1.1\skel_models_v1.1\Geometry\r_patella.vtp' with error 'Failed to open file (line=0, col=0)'.
  (Required condition 'loadOK' was not met.)

  (Required condition '!"failed"' was not met.)

[2025-10-25 23:37:46.918] [warning] Visualizer couldn't open r_talus.vtp because: SimTK Exception thrown at PolygonalMesh.cpp:411:
  Error detected by Simbody method PolygonalMesh::loadVtpFile(): Attempt to load a VTK PolyData (.vtp) file from file name 'c:\Users\tomas\Documents\OpenSim\4.5\Models\Rajagopal_OpenSense\skel_models_v1.1\skel_models_v1.1\Geometry\r_talus.vtp' failed with message:
  SimTK Exception thrown at Xml.cpp:108:
  Error detected by Simbody method Xml::readFromFile(): Failed to load the Xml file 'c:\Users\tomas\Documents\OpenSim\4.5\Models\Rajagopal_OpenSense\skel_models_v1.1\skel_models_v1.1\Geometry\r_talus.vtp' with error 'Failed to open file (line=0, col=0)'.
  (Required condition 'loadOK' was not met.)

  (Required condition '!"failed"' was not met.)

[2025-10-25 23:37:46.919] [warning] Visualizer couldn't open r_foot.vtp because: SimTK Exception thrown at PolygonalMesh.cpp:411:
  Error detected by Simbody method PolygonalMesh::loadVtpFile(): Attempt to load a VTK PolyData (.vtp) file from file name 'c:\Users\tomas\Documents\OpenSim\4.5\Models\Rajagopal_OpenSense\skel_models_v1.1\skel_models_v1.1\Geometry\r_foot.vtp' failed with message:
  SimTK Exception thrown at Xml.cpp:108:
  Error detected by Simbody method Xml::readFromFile(): Failed to load the Xml file 'c:\Users\tomas\Documents\OpenSim\4.5\Models\Rajagopal_OpenSense\skel_models_v1.1\skel_models_v1.1\Geometry\r_foot.vtp' with error 'Failed to open file (line=0, col=0)'.
  (Required condition 'loadOK' was not met.)

  (Required condition '!"failed"' was not met.)

[2025-10-25 23:37:46.920] [warning] Visualizer couldn't open r_bofoot.vtp because: SimTK Exception thrown at PolygonalMesh.cpp:411:
  Error detected by Simbody method PolygonalMesh::loadVtpFile(): Attempt to load a VTK PolyData (.vtp) file from file name 'c:\Users\tomas\Documents\OpenSim\4.5\Models\Rajagopal_OpenSense\skel_models_v1.1\skel_models_v1.1\Geometry\r_bofoot.vtp' failed with message:
  SimTK Exception thrown at Xml.cpp:108:
  Error detected by Simbody method Xml::readFromFile(): Failed to load the Xml file 'c:\Users\tomas\Documents\OpenSim\4.5\Models\Rajagopal_OpenSense\skel_models_v1.1\skel_models_v1.1\Geometry\r_bofoot.vtp' with error 'Failed to open file (line=0, col=0)'.
  (Required condition 'loadOK' was not met.)

  (Required condition '!"failed"' was not met.)

[2025-10-25 23:37:46.920] [warning] Visualizer couldn't open l_femur.vtp because: SimTK Exception thrown at PolygonalMesh.cpp:411:
  Error detected by Simbody method PolygonalMesh::loadVtpFile(): Attempt to load a VTK PolyData (.vtp) file from file name 'c:\Users\tomas\Documents\OpenSim\4.5\Models\Rajagopal_OpenSense\skel_models_v1.1\skel_models_v1.1\Geometry\l_femur.vtp' failed with message:
  SimTK Exception thrown at Xml.cpp:108:
  Error detected by Simbody method Xml::readFromFile(): Failed to load the Xml file 'c:\Users\tomas\Documents\OpenSim\4.5\Models\Rajagopal_OpenSense\skel_models_v1.1\skel_models_v1.1\Geometry\l_femur.vtp' with error 'Failed to open file (line=0, col=0)'.
  (Required condition 'loadOK' was not met.)

  (Required condition '!"failed"' was not met.)

[2025-10-25 23:37:46.921] [warning] Visualizer couldn't open l_fibula.vtp because: SimTK Exception thrown at PolygonalMesh.cpp:411:
  Error detected by Simbody method PolygonalMesh::loadVtpFile(): Attempt to load a VTK PolyData (.vtp) file from file name 'c:\Users\tomas\Documents\OpenSim\4.5\Models\Rajagopal_OpenSense\skel_models_v1.1\skel_models_v1.1\Geometry\l_fibula.vtp' failed with message:
  SimTK Exception thrown at Xml.cpp:108:
  Error detected by Simbody method Xml::readFromFile(): Failed to load the Xml file 'c:\Users\tomas\Documents\OpenSim\4.5\Models\Rajagopal_OpenSense\skel_models_v1.1\skel_models_v1.1\Geometry\l_fibula.vtp' with error 'Failed to open file (line=0, col=0)'.
  (Required condition 'loadOK' was not met.)

  (Required condition '!"failed"' was not met.)

[2025-10-25 23:37:46.921] [warning] Visualizer couldn't open l_patella.vtp because: SimTK Exception thrown at PolygonalMesh.cpp:411:
  Error detected by Simbody method PolygonalMesh::loadVtpFile(): Attempt to load a VTK PolyData (.vtp) file from file name 'c:\Users\tomas\Documents\OpenSim\4.5\Models\Rajagopal_OpenSense\skel_models_v1.1\skel_models_v1.1\Geometry\l_patella.vtp' failed with message:
  SimTK Exception thrown at Xml.cpp:108:
  Error detected by Simbody method Xml::readFromFile(): Failed to load the Xml file 'c:\Users\tomas\Documents\OpenSim\4.5\Models\Rajagopal_OpenSense\skel_models_v1.1\skel_models_v1.1\Geometry\l_patella.vtp' with error 'Failed to open file (line=0, col=0)'.
  (Required condition 'loadOK' was not met.)

  (Required condition '!"failed"' was not met.)

[2025-10-25 23:37:46.922] [warning] Visualizer couldn't open l_talus.vtp because: SimTK Exception thrown at PolygonalMesh.cpp:411:
  Error detected by Simbody method PolygonalMesh::loadVtpFile(): Attempt to load a VTK PolyData (.vtp) file from file name 'c:\Users\tomas\Documents\OpenSim\4.5\Models\Rajagopal_OpenSense\skel_models_v1.1\skel_models_v1.1\Geometry\l_talus.vtp' failed with message:
  SimTK Exception thrown at Xml.cpp:108:
  Error detected by Simbody method Xml::readFromFile(): Failed to load the Xml file 'c:\Users\tomas\Documents\OpenSim\4.5\Models\Rajagopal_OpenSense\skel_models_v1.1\skel_models_v1.1\Geometry\l_talus.vtp' with error 'Failed to open file (line=0, col=0)'.
  (Required condition 'loadOK' was not met.)

  (Required condition '!"failed"' was not met.)

[2025-10-25 23:37:46.922] [warning] Visualizer couldn't open l_foot.vtp because: SimTK Exception thrown at PolygonalMesh.cpp:411:
  Error detected by Simbody method PolygonalMesh::loadVtpFile(): Attempt to load a VTK PolyData (.vtp) file from file name 'c:\Users\tomas\Documents\OpenSim\4.5\Models\Rajagopal_OpenSense\skel_models_v1.1\skel_models_v1.1\Geometry\l_foot.vtp' failed with message:
  SimTK Exception thrown at Xml.cpp:108:
  Error detected by Simbody method Xml::readFromFile(): Failed to load the Xml file 'c:\Users\tomas\Documents\OpenSim\4.5\Models\Rajagopal_OpenSense\skel_models_v1.1\skel_models_v1.1\Geometry\l_foot.vtp' with error 'Failed to open file (line=0, col=0)'.
  (Required condition 'loadOK' was not met.)

  (Required condition '!"failed"' was not met.)

[2025-10-25 23:37:46.923] [warning] Visualizer couldn't open l_bofoot.vtp because: SimTK Exception thrown at PolygonalMesh.cpp:411:
  Error detected by Simbody method PolygonalMesh::loadVtpFile(): Attempt to load a VTK PolyData (.vtp) file from file name 'c:\Users\tomas\Documents\OpenSim\4.5\Models\Rajagopal_OpenSense\skel_models_v1.1\skel_models_v1.1\Geometry\l_bofoot.vtp' failed with message:
  SimTK Exception thrown at Xml.cpp:108:
  Error detected by Simbody method Xml::readFromFile(): Failed to load the Xml file 'c:\Users\tomas\Documents\OpenSim\4.5\Models\Rajagopal_OpenSense\skel_models_v1.1\skel_models_v1.1\Geometry\l_bofoot.vtp' with error 'Failed to open file (line=0, col=0)'.
  (Required condition 'loadOK' was not met.)

  (Required condition '!"failed"' was not met.)

[2025-10-25 23:37:46.923] [warning] Visualizer couldn't open cervical_spine.vtp because: SimTK Exception thrown at PolygonalMesh.cpp:411:
  Error detected by Simbody method PolygonalMesh::loadVtpFile(): Attempt to load a VTK PolyData (.vtp) file from file name 'c:\Users\tomas\Documents\OpenSim\4.5\Models\Rajagopal_OpenSense\skel_models_v1.1\skel_models_v1.1\Geometry\cervical_spine.vtp' failed with message:
  SimTK Exception thrown at Xml.cpp:108:
  Error detected by Simbody method Xml::readFromFile(): Failed to load the Xml file 'c:\Users\tomas\Documents\OpenSim\4.5\Models\Rajagopal_OpenSense\skel_models_v1.1\skel_models_v1.1\Geometry\cervical_spine.vtp' with error 'Failed to open file (line=0, col=0)'.
  (Required condition 'loadOK' was not met.)

  (Required condition '!"failed"' was not met.)

[2025-10-25 23:37:46.924] [warning] Visualizer couldn't open lumbar_spine.vtp because: SimTK Exception thrown at PolygonalMesh.cpp:411:
  Error detected by Simbody method PolygonalMesh::loadVtpFile(): Attempt to load a VTK PolyData (.vtp) file from file name 'c:\Users\tomas\Documents\OpenSim\4.5\Models\Rajagopal_OpenSense\skel_models_v1.1\skel_models_v1.1\Geometry\lumbar_spine.vtp' failed with message:
  SimTK Exception thrown at Xml.cpp:108:
  Error detected by Simbody method Xml::readFromFile(): Failed to load the Xml file 'c:\Users\tomas\Documents\OpenSim\4.5\Models\Rajagopal_OpenSense\skel_models_v1.1\skel_models_v1.1\Geometry\lumbar_spine.vtp' with error 'Failed to open file (line=0, col=0)'.
  (Required condition 'loadOK' was not met.)

  (Required condition '!"failed"' was not met.)

[2025-10-25 23:37:46.925] [warning] Visualizer couldn't open thorax.vtp because: SimTK Exception thrown at PolygonalMesh.cpp:411:
  Error detected by Simbody method PolygonalMesh::loadVtpFile(): Attempt to load a VTK PolyData (.vtp) file from file name 'c:\Users\tomas\Documents\OpenSim\4.5\Models\Rajagopal_OpenSense\skel_models_v1.1\skel_models_v1.1\Geometry\thorax.vtp' failed with message:
  SimTK Exception thrown at Xml.cpp:108:
  Error detected by Simbody method Xml::readFromFile(): Failed to load the Xml file 'c:\Users\tomas\Documents\OpenSim\4.5\Models\Rajagopal_OpenSense\skel_models_v1.1\skel_models_v1.1\Geometry\thorax.vtp' with error 'Failed to open file (line=0, col=0)'.
  (Required condition 'loadOK' was not met.)

  (Required condition '!"failed"' was not met.)

[2025-10-25 23:37:46.925] [warning] Visualizer couldn't open scapula.vtp because: SimTK Exception thrown at PolygonalMesh.cpp:411:
  Error detected by Simbody method PolygonalMesh::loadVtpFile(): Attempt to load a VTK PolyData (.vtp) file from file name 'c:\Users\tomas\Documents\OpenSim\4.5\Models\Rajagopal_OpenSense\skel_models_v1.1\skel_models_v1.1\Geometry\scapula.vtp' failed with message:
  SimTK Exception thrown at Xml.cpp:108:
  Error detected by Simbody method Xml::readFromFile(): Failed to load the Xml file 'c:\Users\tomas\Documents\OpenSim\4.5\Models\Rajagopal_OpenSense\skel_models_v1.1\skel_models_v1.1\Geometry\scapula.vtp' with error 'Failed to open file (line=0, col=0)'.
  (Required condition 'loadOK' was not met.)

  (Required condition '!"failed"' was not met.)

[2025-10-25 23:37:46.927] [warning] Visualizer couldn't open scapula_l.vtp because: SimTK Exception thrown at PolygonalMesh.cpp:411:
  Error detected by Simbody method PolygonalMesh::loadVtpFile(): Attempt to load a VTK PolyData (.vtp) file from file name 'c:\Users\tomas\Documents\OpenSim\4.5\Models\Rajagopal_OpenSense\skel_models_v1.1\skel_models_v1.1\Geometry\scapula_l.vtp' failed with message:
  SimTK Exception thrown at Xml.cpp:108:
  Error detected by Simbody method Xml::readFromFile(): Failed to load the Xml file 'c:\Users\tomas\Documents\OpenSim\4.5\Models\Rajagopal_OpenSense\skel_models_v1.1\skel_models_v1.1\Geometry\scapula_l.vtp' with error 'Failed to open file (line=0, col=0)'.
  (Required condition 'loadOK' was not met.)

  (Required condition '!"failed"' was not met.)

[2025-10-25 23:37:46.928] [warning] Visualizer couldn't open humerus.vtp because: SimTK Exception thrown at PolygonalMesh.cpp:411:
  Error detected by Simbody method PolygonalMesh::loadVtpFile(): Attempt to load a VTK PolyData (.vtp) file from file name 'c:\Users\tomas\Documents\OpenSim\4.5\Models\Rajagopal_OpenSense\skel_models_v1.1\skel_models_v1.1\Geometry\humerus.vtp' failed with message:
  SimTK Exception thrown at Xml.cpp:108:
  Error detected by Simbody method Xml::readFromFile(): Failed to load the Xml file 'c:\Users\tomas\Documents\OpenSim\4.5\Models\Rajagopal_OpenSense\skel_models_v1.1\skel_models_v1.1\Geometry\humerus.vtp' with error 'Failed to open file (line=0, col=0)'.
  (Required condition 'loadOK' was not met.)

  (Required condition '!"failed"' was not met.)

[2025-10-25 23:37:46.929] [warning] Visualizer couldn't open humerus_l.vtp because: SimTK Exception thrown at PolygonalMesh.cpp:411:
  Error detected by Simbody method PolygonalMesh::loadVtpFile(): Attempt to load a VTK PolyData (.vtp) file from file name 'c:\Users\tomas\Documents\OpenSim\4.5\Models\Rajagopal_OpenSense\skel_models_v1.1\skel_models_v1.1\Geometry\humerus_l.vtp' failed with message:
  SimTK Exception thrown at Xml.cpp:108:
  Error detected by Simbody method Xml::readFromFile(): Failed to load the Xml file 'c:\Users\tomas\Documents\OpenSim\4.5\Models\Rajagopal_OpenSense\skel_models_v1.1\skel_models_v1.1\Geometry\humerus_l.vtp' with error 'Failed to open file (line=0, col=0)'.
  (Required condition 'loadOK' was not met.)

  (Required condition '!"failed"' was not met.)

[2025-10-25 23:37:46.930] [warning] Visualizer couldn't open ulna.vtp because: SimTK Exception thrown at PolygonalMesh.cpp:411:
  Error detected by Simbody method PolygonalMesh::loadVtpFile(): Attempt to load a VTK PolyData (.vtp) file from file name 'c:\Users\tomas\Documents\OpenSim\4.5\Models\Rajagopal_OpenSense\skel_models_v1.1\skel_models_v1.1\Geometry\ulna.vtp' failed with message:
  SimTK Exception thrown at Xml.cpp:108:
  Error detected by Simbody method Xml::readFromFile(): Failed to load the Xml file 'c:\Users\tomas\Documents\OpenSim\4.5\Models\Rajagopal_OpenSense\skel_models_v1.1\skel_models_v1.1\Geometry\ulna.vtp' with error 'Failed to open file (line=0, col=0)'.
  (Required condition 'loadOK' was not met.)

  (Required condition '!"failed"' was not met.)

[2025-10-25 23:37:46.932] [warning] Visualizer couldn't open ulna_l.vtp because: SimTK Exception thrown at PolygonalMesh.cpp:411:
  Error detected by Simbody method PolygonalMesh::loadVtpFile(): Attempt to load a VTK PolyData (.vtp) file from file name 'c:\Users\tomas\Documents\OpenSim\4.5\Models\Rajagopal_OpenSense\skel_models_v1.1\skel_models_v1.1\Geometry\ulna_l.vtp' failed with message:
  SimTK Exception thrown at Xml.cpp:108:
  Error detected by Simbody method Xml::readFromFile(): Failed to load the Xml file 'c:\Users\tomas\Documents\OpenSim\4.5\Models\Rajagopal_OpenSense\skel_models_v1.1\skel_models_v1.1\Geometry\ulna_l.vtp' with error 'Failed to open file (line=0, col=0)'.
  (Required condition 'loadOK' was not met.)

  (Required condition '!"failed"' was not met.)

[2025-10-25 23:37:46.932] [warning] Visualizer couldn't open radius.vtp because: SimTK Exception thrown at PolygonalMesh.cpp:411:
  Error detected by Simbody method PolygonalMesh::loadVtpFile(): Attempt to load a VTK PolyData (.vtp) file from file name 'c:\Users\tomas\Documents\OpenSim\4.5\Models\Rajagopal_OpenSense\skel_models_v1.1\skel_models_v1.1\Geometry\radius.vtp' failed with message:
  SimTK Exception thrown at Xml.cpp:108:
  Error detected by Simbody method Xml::readFromFile(): Failed to load the Xml file 'c:\Users\tomas\Documents\OpenSim\4.5\Models\Rajagopal_OpenSense\skel_models_v1.1\skel_models_v1.1\Geometry\radius.vtp' with error 'Failed to open file (line=0, col=0)'.
  (Required condition 'loadOK' was not met.)

  (Required condition '!"failed"' was not met.)

[2025-10-25 23:37:46.933] [warning] Visualizer couldn't open radius_l.vtp because: SimTK Exception thrown at PolygonalMesh.cpp:411:
  Error detected by Simbody method PolygonalMesh::loadVtpFile(): Attempt to load a VTK PolyData (.vtp) file from file name 'c:\Users\tomas\Documents\OpenSim\4.5\Models\Rajagopal_OpenSense\skel_models_v1.1\skel_models_v1.1\Geometry\radius_l.vtp' failed with message:
  SimTK Exception thrown at Xml.cpp:108:
  Error detected by Simbody method Xml::readFromFile(): Failed to load the Xml file 'c:\Users\tomas\Documents\OpenSim\4.5\Models\Rajagopal_OpenSense\skel_models_v1.1\skel_models_v1.1\Geometry\radius_l.vtp' with error 'Failed to open file (line=0, col=0)'.
  (Required condition 'loadOK' was not met.)

  (Required condition '!"failed"' was not met.)

[2025-10-25 23:37:46.934] [warning] Visualizer couldn't open lunate.vtp because: SimTK Exception thrown at PolygonalMesh.cpp:411:
  Error detected by Simbody method PolygonalMesh::loadVtpFile(): Attempt to load a VTK PolyData (.vtp) file from file name 'c:\Users\tomas\Documents\OpenSim\4.5\Models\Rajagopal_OpenSense\skel_models_v1.1\skel_models_v1.1\Geometry\lunate.vtp' failed with message:
  SimTK Exception thrown at Xml.cpp:108:
  Error detected by Simbody method Xml::readFromFile(): Failed to load the Xml file 'c:\Users\tomas\Documents\OpenSim\4.5\Models\Rajagopal_OpenSense\skel_models_v1.1\skel_models_v1.1\Geometry\lunate.vtp' with error 'Failed to open file (line=0, col=0)'.
  (Required condition 'loadOK' was not met.)

  (Required condition '!"failed"' was not met.)

[2025-10-25 23:37:46.935] [warning] Visualizer couldn't open lunate.vtp because: SimTK Exception thrown at PolygonalMesh.cpp:411:
  Error detected by Simbody method PolygonalMesh::loadVtpFile(): Attempt to load a VTK PolyData (.vtp) file from file name 'c:\Users\tomas\Documents\OpenSim\4.5\Models\Rajagopal_OpenSense\skel_models_v1.1\skel_models_v1.1\Geometry\lunate.vtp' failed with message:
  SimTK Exception thrown at Xml.cpp:108:
  Error detected by Simbody method Xml::readFromFile(): Failed to load the Xml file 'c:\Users\tomas\Documents\OpenSim\4.5\Models\Rajagopal_OpenSense\skel_models_v1.1\skel_models_v1.1\Geometry\lunate.vtp' with error 'Failed to open file (line=0, col=0)'.
  (Required condition 'loadOK' was not met.)

  (Required condition '!"failed"' was not met.)

[2025-10-25 23:37:46.936] [warning] Visualizer couldn't open lunate_l.vtp because: SimTK Exception thrown at PolygonalMesh.cpp:411:
  Error detected by Simbody method PolygonalMesh::loadVtpFile(): Attempt to load a VTK PolyData (.vtp) file from file name 'c:\Users\tomas\Documents\OpenSim\4.5\Models\Rajagopal_OpenSense\skel_models_v1.1\skel_models_v1.1\Geometry\lunate_l.vtp' failed with message:
  SimTK Exception thrown at Xml.cpp:108:
  Error detected by Simbody method Xml::readFromFile(): Failed to load the Xml file 'c:\Users\tomas\Documents\OpenSim\4.5\Models\Rajagopal_OpenSense\skel_models_v1.1\skel_models_v1.1\Geometry\lunate_l.vtp' with error 'Failed to open file (line=0, col=0)'.
  (Required condition 'loadOK' was not met.)

  (Required condition '!"failed"' was not met.)

[2025-10-25 23:37:46.943] [info] InverseKinematicsSolver found 5 model frames to track.
[2025-10-25 23:37:55.796] [info] Loaded model Deniz_BSM_Scale from file C:\Users\tomas\Documents\OpenSim\4.5\Models\Rajagopal_OpenSense\6imus\Mot_6imus\Deniz_Elbow_FlexionExtension_calibrated.osim
[2025-10-25 23:37:55.808] [warning] Couldn't find file 'cervical_spine.vtp'.
[2025-10-25 23:37:55.809] [warning] Couldn't find file 'lumbar_spine.vtp'.
[2025-10-25 23:37:55.809] [warning] Couldn't find file 'thorax.vtp'.
[2025-10-25 23:37:55.810] [warning] Couldn't find file 'scapula_l.vtp'.
[2025-10-25 23:37:55.811] [warning] Couldn't find file 'humerus.vtp'.
[2025-10-25 23:37:55.812] [warning] Couldn't find file 'humerus_l.vtp'.
[2025-10-25 23:37:55.813] [warning] Couldn't find file 'ulna.vtp'.
[2025-10-25 23:37:55.813] [warning] Couldn't find file 'ulna_l.vtp'.
[2025-10-25 23:37:55.814] [warning] Couldn't find file 'radius.vtp'.
[2025-10-25 23:37:55.814] [warning] Couldn't find file 'radius_l.vtp'.
[2025-10-25 23:37:55.815] [warning] Couldn't find file 'lunate.vtp'.
[2025-10-25 23:37:55.815] [warning] Couldn't find file 'lunate.vtp'.
[2025-10-25 23:37:55.816] [warning] Couldn't find file 'lunate_l.vtp'.
[2025-10-25 23:37:56.162] [info] Loading orientations as quaternions from 'C:\Users\tomas\Documents\OpenSim\4.5\Models\Rajagopal_OpenSense\6imus\Deniz_Elbow_FlexionExtension.sto'...
[2025-10-25 23:37:56.364] [warning] Visualizer couldn't open cervical_spine.vtp because: SimTK Exception thrown at PolygonalMesh.cpp:411:
  Error detected by Simbody method PolygonalMesh::loadVtpFile(): Attempt to load a VTK PolyData (.vtp) file from file name 'c:\Users\tomas\Documents\OpenSim\4.5\Models\Rajagopal_OpenSense\6imus\Mot_6imus\Geometry\cervical_spine.vtp' failed with message:
  SimTK Exception thrown at Xml.cpp:108:
  Error detected by Simbody method Xml::readFromFile(): Failed to load the Xml file 'c:\Users\tomas\Documents\OpenSim\4.5\Models\Rajagopal_OpenSense\6imus\Mot_6imus\Geometry\cervical_spine.vtp' with error 'Failed to open file (line=0, col=0)'.
  (Required condition 'loadOK' was not met.)

  (Required condition '!"failed"' was not met.)

[2025-10-25 23:37:56.364] [warning] Visualizer couldn't open lumbar_spine.vtp because: SimTK Exception thrown at PolygonalMesh.cpp:411:
  Error detected by Simbody method PolygonalMesh::loadVtpFile(): Attempt to load a VTK PolyData (.vtp) file from file name 'c:\Users\tomas\Documents\OpenSim\4.5\Models\Rajagopal_OpenSense\6imus\Mot_6imus\Geometry\lumbar_spine.vtp' failed with message:
  SimTK Exception thrown at Xml.cpp:108:
  Error detected by Simbody method Xml::readFromFile(): Failed to load the Xml file 'c:\Users\tomas\Documents\OpenSim\4.5\Models\Rajagopal_OpenSense\6imus\Mot_6imus\Geometry\lumbar_spine.vtp' with error 'Failed to open file (line=0, col=0)'.
  (Required condition 'loadOK' was not met.)

  (Required condition '!"failed"' was not met.)

[2025-10-25 23:37:56.365] [warning] Visualizer couldn't open thorax.vtp because: SimTK Exception thrown at PolygonalMesh.cpp:411:
  Error detected by Simbody method PolygonalMesh::loadVtpFile(): Attempt to load a VTK PolyData (.vtp) file from file name 'c:\Users\tomas\Documents\OpenSim\4.5\Models\Rajagopal_OpenSense\6imus\Mot_6imus\Geometry\thorax.vtp' failed with message:
  SimTK Exception thrown at Xml.cpp:108:
  Error detected by Simbody method Xml::readFromFile(): Failed to load the Xml file 'c:\Users\tomas\Documents\OpenSim\4.5\Models\Rajagopal_OpenSense\6imus\Mot_6imus\Geometry\thorax.vtp' with error 'Failed to open file (line=0, col=0)'.
  (Required condition 'loadOK' was not met.)

  (Required condition '!"failed"' was not met.)

[2025-10-25 23:37:56.368] [warning] Visualizer couldn't open scapula.vtp because: SimTK Exception thrown at PolygonalMesh.cpp:411:
  Error detected by Simbody method PolygonalMesh::loadVtpFile(): Attempt to load a VTK PolyData (.vtp) file from file name 'c:\Users\tomas\Documents\OpenSim\4.5\Models\Rajagopal_OpenSense\6imus\Mot_6imus\Geometry\scapula.vtp' failed with message:
  SimTK Exception thrown at PolygonalMesh.cpp:340:
  Error detected by Simbody method PolygonalMesh::loadVtpFile(): Only format="ascii" is supported for .vtp file DataArray elements, got format="appended" for Points DataArray.
  (Required condition 'pointData.getRequiredAttributeValue("format") == "ascii"' was not met.)

  (Required condition '!"failed"' was not met.)

[2025-10-25 23:37:56.368] [warning] Visualizer couldn't open scapula_l.vtp because: SimTK Exception thrown at PolygonalMesh.cpp:411:
  Error detected by Simbody method PolygonalMesh::loadVtpFile(): Attempt to load a VTK PolyData (.vtp) file from file name 'c:\Users\tomas\Documents\OpenSim\4.5\Models\Rajagopal_OpenSense\6imus\Mot_6imus\Geometry\scapula_l.vtp' failed with message:
  SimTK Exception thrown at Xml.cpp:108:
  Error detected by Simbody method Xml::readFromFile(): Failed to load the Xml file 'c:\Users\tomas\Documents\OpenSim\4.5\Models\Rajagopal_OpenSense\6imus\Mot_6imus\Geometry\scapula_l.vtp' with error 'Failed to open file (line=0, col=0)'.
  (Required condition 'loadOK' was not met.)

  (Required condition '!"failed"' was not met.)

[2025-10-25 23:37:56.369] [warning] Visualizer couldn't open humerus.vtp because: SimTK Exception thrown at PolygonalMesh.cpp:411:
  Error detected by Simbody method PolygonalMesh::loadVtpFile(): Attempt to load a VTK PolyData (.vtp) file from file name 'c:\Users\tomas\Documents\OpenSim\4.5\Models\Rajagopal_OpenSense\6imus\Mot_6imus\Geometry\humerus.vtp' failed with message:
  SimTK Exception thrown at Xml.cpp:108:
  Error detected by Simbody method Xml::readFromFile(): Failed to load the Xml file 'c:\Users\tomas\Documents\OpenSim\4.5\Models\Rajagopal_OpenSense\6imus\Mot_6imus\Geometry\humerus.vtp' with error 'Failed to open file (line=0, col=0)'.
  (Required condition 'loadOK' was not met.)

  (Required condition '!"failed"' was not met.)

[2025-10-25 23:37:56.369] [warning] Visualizer couldn't open humerus_l.vtp because: SimTK Exception thrown at PolygonalMesh.cpp:411:
  Error detected by Simbody method PolygonalMesh::loadVtpFile(): Attempt to load a VTK PolyData (.vtp) file from file name 'c:\Users\tomas\Documents\OpenSim\4.5\Models\Rajagopal_OpenSense\6imus\Mot_6imus\Geometry\humerus_l.vtp' failed with message:
  SimTK Exception thrown at Xml.cpp:108:
  Error detected by Simbody method Xml::readFromFile(): Failed to load the Xml file 'c:\Users\tomas\Documents\OpenSim\4.5\Models\Rajagopal_OpenSense\6imus\Mot_6imus\Geometry\humerus_l.vtp' with error 'Failed to open file (line=0, col=0)'.
  (Required condition 'loadOK' was not met.)

  (Required condition '!"failed"' was not met.)

[2025-10-25 23:37:56.370] [warning] Visualizer couldn't open ulna.vtp because: SimTK Exception thrown at PolygonalMesh.cpp:411:
  Error detected by Simbody method PolygonalMesh::loadVtpFile(): Attempt to load a VTK PolyData (.vtp) file from file name 'c:\Users\tomas\Documents\OpenSim\4.5\Models\Rajagopal_OpenSense\6imus\Mot_6imus\Geometry\ulna.vtp' failed with message:
  SimTK Exception thrown at Xml.cpp:108:
  Error detected by Simbody method Xml::readFromFile(): Failed to load the Xml file 'c:\Users\tomas\Documents\OpenSim\4.5\Models\Rajagopal_OpenSense\6imus\Mot_6imus\Geometry\ulna.vtp' with error 'Failed to open file (line=0, col=0)'.
  (Required condition 'loadOK' was not met.)

  (Required condition '!"failed"' was not met.)

[2025-10-25 23:37:56.371] [warning] Visualizer couldn't open ulna_l.vtp because: SimTK Exception thrown at PolygonalMesh.cpp:411:
  Error detected by Simbody method PolygonalMesh::loadVtpFile(): Attempt to load a VTK PolyData (.vtp) file from file name 'c:\Users\tomas\Documents\OpenSim\4.5\Models\Rajagopal_OpenSense\6imus\Mot_6imus\Geometry\ulna_l.vtp' failed with message:
  SimTK Exception thrown at Xml.cpp:108:
  Error detected by Simbody method Xml::readFromFile(): Failed to load the Xml file 'c:\Users\tomas\Documents\OpenSim\4.5\Models\Rajagopal_OpenSense\6imus\Mot_6imus\Geometry\ulna_l.vtp' with error 'Failed to open file (line=0, col=0)'.
  (Required condition 'loadOK' was not met.)

  (Required condition '!"failed"' was not met.)

[2025-10-25 23:37:56.371] [warning] Visualizer couldn't open radius.vtp because: SimTK Exception thrown at PolygonalMesh.cpp:411:
  Error detected by Simbody method PolygonalMesh::loadVtpFile(): Attempt to load a VTK PolyData (.vtp) file from file name 'c:\Users\tomas\Documents\OpenSim\4.5\Models\Rajagopal_OpenSense\6imus\Mot_6imus\Geometry\radius.vtp' failed with message:
  SimTK Exception thrown at Xml.cpp:108:
  Error detected by Simbody method Xml::readFromFile(): Failed to load the Xml file 'c:\Users\tomas\Documents\OpenSim\4.5\Models\Rajagopal_OpenSense\6imus\Mot_6imus\Geometry\radius.vtp' with error 'Failed to open file (line=0, col=0)'.
  (Required condition 'loadOK' was not met.)

  (Required condition '!"failed"' was not met.)

[2025-10-25 23:37:56.372] [warning] Visualizer couldn't open radius_l.vtp because: SimTK Exception thrown at PolygonalMesh.cpp:411:
  Error detected by Simbody method PolygonalMesh::loadVtpFile(): Attempt to load a VTK PolyData (.vtp) file from file name 'c:\Users\tomas\Documents\OpenSim\4.5\Models\Rajagopal_OpenSense\6imus\Mot_6imus\Geometry\radius_l.vtp' failed with message:
  SimTK Exception thrown at Xml.cpp:108:
  Error detected by Simbody method Xml::readFromFile(): Failed to load the Xml file 'c:\Users\tomas\Documents\OpenSim\4.5\Models\Rajagopal_OpenSense\6imus\Mot_6imus\Geometry\radius_l.vtp' with error 'Failed to open file (line=0, col=0)'.
  (Required condition 'loadOK' was not met.)

  (Required condition '!"failed"' was not met.)

[2025-10-25 23:37:56.372] [warning] Visualizer couldn't open lunate.vtp because: SimTK Exception thrown at PolygonalMesh.cpp:411:
  Error detected by Simbody method PolygonalMesh::loadVtpFile(): Attempt to load a VTK PolyData (.vtp) file from file name 'c:\Users\tomas\Documents\OpenSim\4.5\Models\Rajagopal_OpenSense\6imus\Mot_6imus\Geometry\lunate.vtp' failed with message:
  SimTK Exception thrown at Xml.cpp:108:
  Error detected by Simbody method Xml::readFromFile(): Failed to load the Xml file 'c:\Users\tomas\Documents\OpenSim\4.5\Models\Rajagopal_OpenSense\6imus\Mot_6imus\Geometry\lunate.vtp' with error 'Failed to open file (line=0, col=0)'.
  (Required condition 'loadOK' was not met.)

  (Required condition '!"failed"' was not met.)

[2025-10-25 23:37:56.372] [warning] Visualizer couldn't open lunate.vtp because: SimTK Exception thrown at PolygonalMesh.cpp:411:
  Error detected by Simbody method PolygonalMesh::loadVtpFile(): Attempt to load a VTK PolyData (.vtp) file from file name 'c:\Users\tomas\Documents\OpenSim\4.5\Models\Rajagopal_OpenSense\6imus\Mot_6imus\Geometry\lunate.vtp' failed with message:
  SimTK Exception thrown at Xml.cpp:108:
  Error detected by Simbody method Xml::readFromFile(): Failed to load the Xml file 'c:\Users\tomas\Documents\OpenSim\4.5\Models\Rajagopal_OpenSense\6imus\Mot_6imus\Geometry\lunate.vtp' with error 'Failed to open file (line=0, col=0)'.
  (Required condition 'loadOK' was not met.)

  (Required condition '!"failed"' was not met.)

[2025-10-25 23:37:56.373] [warning] Visualizer couldn't open lunate_l.vtp because: SimTK Exception thrown at PolygonalMesh.cpp:411:
  Error detected by Simbody method PolygonalMesh::loadVtpFile(): Attempt to load a VTK PolyData (.vtp) file from file name 'c:\Users\tomas\Documents\OpenSim\4.5\Models\Rajagopal_OpenSense\6imus\Mot_6imus\Geometry\lunate_l.vtp' failed with message:
  SimTK Exception thrown at Xml.cpp:108:
  Error detected by Simbody method Xml::readFromFile(): Failed to load the Xml file 'c:\Users\tomas\Documents\OpenSim\4.5\Models\Rajagopal_OpenSense\6imus\Mot_6imus\Geometry\lunate_l.vtp' with error 'Failed to open file (line=0, col=0)'.
  (Required condition 'loadOK' was not met.)

  (Required condition '!"failed"' was not met.)

[2025-10-25 23:37:56.376] [info] InverseKinematicsSolver found 5 model frames to track.
[2025-10-25 23:39:50.626] [info] Loaded model Deniz_BSM_Scale from file C:\Users\tomas\Documents\OpenSim\4.5\Models\Rajagopal_OpenSense\skel_models_v1.1\skel_models_v1.1\Deniz_bsm_scaled.osim
[2025-10-25 23:39:50.628] [warning] Couldn't find file 'sacrum.vtp'.
[2025-10-25 23:39:50.629] [warning] Couldn't find file 'r_femur.vtp'.
[2025-10-25 23:39:50.629] [warning] Couldn't find file 'r_fibula.vtp'.
[2025-10-25 23:39:50.629] [warning] Couldn't find file 'r_patella.vtp'.
[2025-10-25 23:39:50.630] [warning] Couldn't find file 'r_talus.vtp'.
[2025-10-25 23:39:50.630] [warning] Couldn't find file 'r_foot.vtp'.
[2025-10-25 23:39:50.630] [warning] Couldn't find file 'r_bofoot.vtp'.
[2025-10-25 23:39:50.630] [warning] Couldn't find file 'l_femur.vtp'.
[2025-10-25 23:39:50.631] [warning] Couldn't find file 'l_fibula.vtp'.
[2025-10-25 23:39:50.631] [warning] Couldn't find file 'l_patella.vtp'.
[2025-10-25 23:39:50.631] [warning] Couldn't find file 'l_talus.vtp'.
[2025-10-25 23:39:50.632] [warning] Couldn't find file 'l_foot.vtp'.
[2025-10-25 23:39:50.632] [warning] Couldn't find file 'l_bofoot.vtp'.
[2025-10-25 23:39:50.633] [warning] Couldn't find file 'cervical_spine.vtp'.
[2025-10-25 23:39:50.633] [warning] Couldn't find file 'lumbar_spine.vtp'.
[2025-10-25 23:39:50.633] [warning] Couldn't find file 'thorax.vtp'.
[2025-10-25 23:39:50.634] [warning] Couldn't find file 'scapula.vtp'.
[2025-10-25 23:39:50.634] [warning] Couldn't find file 'scapula_l.vtp'.
[2025-10-25 23:39:50.634] [warning] Couldn't find file 'humerus.vtp'.
[2025-10-25 23:39:50.635] [warning] Couldn't find file 'humerus_l.vtp'.
[2025-10-25 23:39:50.635] [warning] Couldn't find file 'ulna.vtp'.
[2025-10-25 23:39:50.635] [warning] Couldn't find file 'ulna_l.vtp'.
[2025-10-25 23:39:50.636] [warning] Couldn't find file 'radius.vtp'.
[2025-10-25 23:39:50.636] [warning] Couldn't find file 'radius_l.vtp'.
[2025-10-25 23:39:50.637] [warning] Couldn't find file 'lunate.vtp'.
[2025-10-25 23:39:50.637] [warning] Couldn't find file 'lunate.vtp'.
[2025-10-25 23:39:50.637] [warning] Couldn't find file 'lunate_l.vtp'.
[2025-10-25 23:39:50.842] [info] No heading correction is applied.
[2025-10-25 23:39:50.851] [info] Processing pelvis_imu
[2025-10-25 23:39:50.851] [info] Computed offset for pelvis_imu
[2025-10-25 23:39:50.852] [info] Offset is 
[0.0278963,-0.0996054,-0.994636]
[-0.998451,-0.0506895,-0.0229272]
[-0.048134,0.993735,-0.100865]

[2025-10-25 23:39:50.853] [info] Creating offset frame for pelvis_imu
[2025-10-25 23:39:50.860] [info] Added offset frame for pelvis_imu.
[2025-10-25 23:39:50.860] [info] pelvis_imu offset computed from pelvis_imu data from file.
[2025-10-25 23:39:50.861] [info] Processing torso_imu
[2025-10-25 23:39:50.861] [info] Processing scapula_r_imu
[2025-10-25 23:39:50.861] [info] Computed offset for scapula_r_imu
[2025-10-25 23:39:50.862] [info] Offset is 
[0.529563,-0.0770543,-0.844764]
[-0.415832,-0.891581,-0.179351]
[-0.739356,0.446257,-0.50419]

[2025-10-25 23:39:50.862] [info] Creating offset frame for scapula_r_imu
[2025-10-25 23:39:50.868] [info] Added offset frame for scapula_r_imu.
[2025-10-25 23:39:50.868] [info] scapula_r_imu offset computed from scapula_r_imu data from file.
[2025-10-25 23:39:50.868] [info] Processing humerus_r_imu
[2025-10-25 23:39:50.868] [info] Computed offset for humerus_r_imu
[2025-10-25 23:39:50.869] [info] Offset is 
[0.708572,0.333192,-0.62202]
[-0.648756,-0.0391328,-0.75999]
[-0.277564,0.942047,0.188431]

[2025-10-25 23:39:50.869] [info] Creating offset frame for humerus_r_imu
[2025-10-25 23:39:50.874] [info] Added offset frame for humerus_r_imu.
[2025-10-25 23:39:50.874] [info] humerus_r_imu offset computed from humerus_r_imu data from file.
[2025-10-25 23:39:50.874] [info] Processing radius_r_imu
[2025-10-25 23:39:50.874] [info] Computed offset for radius_r_imu
[2025-10-25 23:39:50.875] [info] Offset is 
[0.810934,-0.510078,-0.286716]
[-0.484016,-0.309401,-0.818535]
[0.328807,0.802553,-0.49779]

[2025-10-25 23:39:50.875] [info] Creating offset frame for radius_r_imu
[2025-10-25 23:39:50.881] [info] Added offset frame for radius_r_imu.
[2025-10-25 23:39:50.881] [info] radius_r_imu offset computed from radius_r_imu data from file.
[2025-10-25 23:39:50.882] [info] Processing hand_r_imu
[2025-10-25 23:39:50.882] [info] Computed offset for hand_r_imu
[2025-10-25 23:39:50.882] [info] Offset is 
[0.688139,-0.358807,-0.630652]
[-0.707555,-0.139314,-0.69279]
[0.160719,0.922957,-0.349743]

[2025-10-25 23:39:50.882] [info] Creating offset frame for hand_r_imu
[2025-10-25 23:39:50.887] [info] Added offset frame for hand_r_imu.
[2025-10-25 23:39:50.887] [info] hand_r_imu offset computed from hand_r_imu data from file.
[2025-10-25 23:39:50.998] [warning] Visualizer couldn't open sacrum.vtp because: SimTK Exception thrown at PolygonalMesh.cpp:411:
  Error detected by Simbody method PolygonalMesh::loadVtpFile(): Attempt to load a VTK PolyData (.vtp) file from file name 'c:\Users\tomas\Documents\OpenSim\4.5\Models\Rajagopal_OpenSense\skel_models_v1.1\skel_models_v1.1\Geometry\sacrum.vtp' failed with message:
  SimTK Exception thrown at Xml.cpp:108:
  Error detected by Simbody method Xml::readFromFile(): Failed to load the Xml file 'c:\Users\tomas\Documents\OpenSim\4.5\Models\Rajagopal_OpenSense\skel_models_v1.1\skel_models_v1.1\Geometry\sacrum.vtp' with error 'Failed to open file (line=0, col=0)'.
  (Required condition 'loadOK' was not met.)

  (Required condition '!"failed"' was not met.)

[2025-10-25 23:39:50.998] [warning] Visualizer couldn't open r_femur.vtp because: SimTK Exception thrown at PolygonalMesh.cpp:411:
  Error detected by Simbody method PolygonalMesh::loadVtpFile(): Attempt to load a VTK PolyData (.vtp) file from file name 'c:\Users\tomas\Documents\OpenSim\4.5\Models\Rajagopal_OpenSense\skel_models_v1.1\skel_models_v1.1\Geometry\r_femur.vtp' failed with message:
  SimTK Exception thrown at Xml.cpp:108:
  Error detected by Simbody method Xml::readFromFile(): Failed to load the Xml file 'c:\Users\tomas\Documents\OpenSim\4.5\Models\Rajagopal_OpenSense\skel_models_v1.1\skel_models_v1.1\Geometry\r_femur.vtp' with error 'Failed to open file (line=0, col=0)'.
  (Required condition 'loadOK' was not met.)

  (Required condition '!"failed"' was not met.)

[2025-10-25 23:39:50.999] [warning] Visualizer couldn't open r_fibula.vtp because: SimTK Exception thrown at PolygonalMesh.cpp:411:
  Error detected by Simbody method PolygonalMesh::loadVtpFile(): Attempt to load a VTK PolyData (.vtp) file from file name 'c:\Users\tomas\Documents\OpenSim\4.5\Models\Rajagopal_OpenSense\skel_models_v1.1\skel_models_v1.1\Geometry\r_fibula.vtp' failed with message:
  SimTK Exception thrown at Xml.cpp:108:
  Error detected by Simbody method Xml::readFromFile(): Failed to load the Xml file 'c:\Users\tomas\Documents\OpenSim\4.5\Models\Rajagopal_OpenSense\skel_models_v1.1\skel_models_v1.1\Geometry\r_fibula.vtp' with error 'Failed to open file (line=0, col=0)'.
  (Required condition 'loadOK' was not met.)

  (Required condition '!"failed"' was not met.)

[2025-10-25 23:39:50.999] [warning] Visualizer couldn't open r_patella.vtp because: SimTK Exception thrown at PolygonalMesh.cpp:411:
  Error detected by Simbody method PolygonalMesh::loadVtpFile(): Attempt to load a VTK PolyData (.vtp) file from file name 'c:\Users\tomas\Documents\OpenSim\4.5\Models\Rajagopal_OpenSense\skel_models_v1.1\skel_models_v1.1\Geometry\r_patella.vtp' failed with message:
  SimTK Exception thrown at Xml.cpp:108:
  Error detected by Simbody method Xml::readFromFile(): Failed to load the Xml file 'c:\Users\tomas\Documents\OpenSim\4.5\Models\Rajagopal_OpenSense\skel_models_v1.1\skel_models_v1.1\Geometry\r_patella.vtp' with error 'Failed to open file (line=0, col=0)'.
  (Required condition 'loadOK' was not met.)

  (Required condition '!"failed"' was not met.)

[2025-10-25 23:39:50.999] [warning] Visualizer couldn't open r_talus.vtp because: SimTK Exception thrown at PolygonalMesh.cpp:411:
  Error detected by Simbody method PolygonalMesh::loadVtpFile(): Attempt to load a VTK PolyData (.vtp) file from file name 'c:\Users\tomas\Documents\OpenSim\4.5\Models\Rajagopal_OpenSense\skel_models_v1.1\skel_models_v1.1\Geometry\r_talus.vtp' failed with message:
  SimTK Exception thrown at Xml.cpp:108:
  Error detected by Simbody method Xml::readFromFile(): Failed to load the Xml file 'c:\Users\tomas\Documents\OpenSim\4.5\Models\Rajagopal_OpenSense\skel_models_v1.1\skel_models_v1.1\Geometry\r_talus.vtp' with error 'Failed to open file (line=0, col=0)'.
  (Required condition 'loadOK' was not met.)

  (Required condition '!"failed"' was not met.)

[2025-10-25 23:39:51.000] [warning] Visualizer couldn't open r_foot.vtp because: SimTK Exception thrown at PolygonalMesh.cpp:411:
  Error detected by Simbody method PolygonalMesh::loadVtpFile(): Attempt to load a VTK PolyData (.vtp) file from file name 'c:\Users\tomas\Documents\OpenSim\4.5\Models\Rajagopal_OpenSense\skel_models_v1.1\skel_models_v1.1\Geometry\r_foot.vtp' failed with message:
  SimTK Exception thrown at Xml.cpp:108:
  Error detected by Simbody method Xml::readFromFile(): Failed to load the Xml file 'c:\Users\tomas\Documents\OpenSim\4.5\Models\Rajagopal_OpenSense\skel_models_v1.1\skel_models_v1.1\Geometry\r_foot.vtp' with error 'Failed to open file (line=0, col=0)'.
  (Required condition 'loadOK' was not met.)

  (Required condition '!"failed"' was not met.)

[2025-10-25 23:39:51.000] [warning] Visualizer couldn't open r_bofoot.vtp because: SimTK Exception thrown at PolygonalMesh.cpp:411:
  Error detected by Simbody method PolygonalMesh::loadVtpFile(): Attempt to load a VTK PolyData (.vtp) file from file name 'c:\Users\tomas\Documents\OpenSim\4.5\Models\Rajagopal_OpenSense\skel_models_v1.1\skel_models_v1.1\Geometry\r_bofoot.vtp' failed with message:
  SimTK Exception thrown at Xml.cpp:108:
  Error detected by Simbody method Xml::readFromFile(): Failed to load the Xml file 'c:\Users\tomas\Documents\OpenSim\4.5\Models\Rajagopal_OpenSense\skel_models_v1.1\skel_models_v1.1\Geometry\r_bofoot.vtp' with error 'Failed to open file (line=0, col=0)'.
  (Required condition 'loadOK' was not met.)

  (Required condition '!"failed"' was not met.)

[2025-10-25 23:39:51.000] [warning] Visualizer couldn't open l_femur.vtp because: SimTK Exception thrown at PolygonalMesh.cpp:411:
  Error detected by Simbody method PolygonalMesh::loadVtpFile(): Attempt to load a VTK PolyData (.vtp) file from file name 'c:\Users\tomas\Documents\OpenSim\4.5\Models\Rajagopal_OpenSense\skel_models_v1.1\skel_models_v1.1\Geometry\l_femur.vtp' failed with message:
  SimTK Exception thrown at Xml.cpp:108:
  Error detected by Simbody method Xml::readFromFile(): Failed to load the Xml file 'c:\Users\tomas\Documents\OpenSim\4.5\Models\Rajagopal_OpenSense\skel_models_v1.1\skel_models_v1.1\Geometry\l_femur.vtp' with error 'Failed to open file (line=0, col=0)'.
  (Required condition 'loadOK' was not met.)

  (Required condition '!"failed"' was not met.)

[2025-10-25 23:39:51.001] [warning] Visualizer couldn't open l_fibula.vtp because: SimTK Exception thrown at PolygonalMesh.cpp:411:
  Error detected by Simbody method PolygonalMesh::loadVtpFile(): Attempt to load a VTK PolyData (.vtp) file from file name 'c:\Users\tomas\Documents\OpenSim\4.5\Models\Rajagopal_OpenSense\skel_models_v1.1\skel_models_v1.1\Geometry\l_fibula.vtp' failed with message:
  SimTK Exception thrown at Xml.cpp:108:
  Error detected by Simbody method Xml::readFromFile(): Failed to load the Xml file 'c:\Users\tomas\Documents\OpenSim\4.5\Models\Rajagopal_OpenSense\skel_models_v1.1\skel_models_v1.1\Geometry\l_fibula.vtp' with error 'Failed to open file (line=0, col=0)'.
  (Required condition 'loadOK' was not met.)

  (Required condition '!"failed"' was not met.)

[2025-10-25 23:39:51.001] [warning] Visualizer couldn't open l_patella.vtp because: SimTK Exception thrown at PolygonalMesh.cpp:411:
  Error detected by Simbody method PolygonalMesh::loadVtpFile(): Attempt to load a VTK PolyData (.vtp) file from file name 'c:\Users\tomas\Documents\OpenSim\4.5\Models\Rajagopal_OpenSense\skel_models_v1.1\skel_models_v1.1\Geometry\l_patella.vtp' failed with message:
  SimTK Exception thrown at Xml.cpp:108:
  Error detected by Simbody method Xml::readFromFile(): Failed to load the Xml file 'c:\Users\tomas\Documents\OpenSim\4.5\Models\Rajagopal_OpenSense\skel_models_v1.1\skel_models_v1.1\Geometry\l_patella.vtp' with error 'Failed to open file (line=0, col=0)'.
  (Required condition 'loadOK' was not met.)

  (Required condition '!"failed"' was not met.)

[2025-10-25 23:39:51.002] [warning] Visualizer couldn't open l_talus.vtp because: SimTK Exception thrown at PolygonalMesh.cpp:411:
  Error detected by Simbody method PolygonalMesh::loadVtpFile(): Attempt to load a VTK PolyData (.vtp) file from file name 'c:\Users\tomas\Documents\OpenSim\4.5\Models\Rajagopal_OpenSense\skel_models_v1.1\skel_models_v1.1\Geometry\l_talus.vtp' failed with message:
  SimTK Exception thrown at Xml.cpp:108:
  Error detected by Simbody method Xml::readFromFile(): Failed to load the Xml file 'c:\Users\tomas\Documents\OpenSim\4.5\Models\Rajagopal_OpenSense\skel_models_v1.1\skel_models_v1.1\Geometry\l_talus.vtp' with error 'Failed to open file (line=0, col=0)'.
  (Required condition 'loadOK' was not met.)

  (Required condition '!"failed"' was not met.)

[2025-10-25 23:39:51.002] [warning] Visualizer couldn't open l_foot.vtp because: SimTK Exception thrown at PolygonalMesh.cpp:411:
  Error detected by Simbody method PolygonalMesh::loadVtpFile(): Attempt to load a VTK PolyData (.vtp) file from file name 'c:\Users\tomas\Documents\OpenSim\4.5\Models\Rajagopal_OpenSense\skel_models_v1.1\skel_models_v1.1\Geometry\l_foot.vtp' failed with message:
  SimTK Exception thrown at Xml.cpp:108:
  Error detected by Simbody method Xml::readFromFile(): Failed to load the Xml file 'c:\Users\tomas\Documents\OpenSim\4.5\Models\Rajagopal_OpenSense\skel_models_v1.1\skel_models_v1.1\Geometry\l_foot.vtp' with error 'Failed to open file (line=0, col=0)'.
  (Required condition 'loadOK' was not met.)

  (Required condition '!"failed"' was not met.)

[2025-10-25 23:39:51.002] [warning] Visualizer couldn't open l_bofoot.vtp because: SimTK Exception thrown at PolygonalMesh.cpp:411:
  Error detected by Simbody method PolygonalMesh::loadVtpFile(): Attempt to load a VTK PolyData (.vtp) file from file name 'c:\Users\tomas\Documents\OpenSim\4.5\Models\Rajagopal_OpenSense\skel_models_v1.1\skel_models_v1.1\Geometry\l_bofoot.vtp' failed with message:
  SimTK Exception thrown at Xml.cpp:108:
  Error detected by Simbody method Xml::readFromFile(): Failed to load the Xml file 'c:\Users\tomas\Documents\OpenSim\4.5\Models\Rajagopal_OpenSense\skel_models_v1.1\skel_models_v1.1\Geometry\l_bofoot.vtp' with error 'Failed to open file (line=0, col=0)'.
  (Required condition 'loadOK' was not met.)

  (Required condition '!"failed"' was not met.)

[2025-10-25 23:39:51.003] [warning] Visualizer couldn't open cervical_spine.vtp because: SimTK Exception thrown at PolygonalMesh.cpp:411:
  Error detected by Simbody method PolygonalMesh::loadVtpFile(): Attempt to load a VTK PolyData (.vtp) file from file name 'c:\Users\tomas\Documents\OpenSim\4.5\Models\Rajagopal_OpenSense\skel_models_v1.1\skel_models_v1.1\Geometry\cervical_spine.vtp' failed with message:
  SimTK Exception thrown at Xml.cpp:108:
  Error detected by Simbody method Xml::readFromFile(): Failed to load the Xml file 'c:\Users\tomas\Documents\OpenSim\4.5\Models\Rajagopal_OpenSense\skel_models_v1.1\skel_models_v1.1\Geometry\cervical_spine.vtp' with error 'Failed to open file (line=0, col=0)'.
  (Required condition 'loadOK' was not met.)

  (Required condition '!"failed"' was not met.)

[2025-10-25 23:39:51.003] [warning] Visualizer couldn't open lumbar_spine.vtp because: SimTK Exception thrown at PolygonalMesh.cpp:411:
  Error detected by Simbody method PolygonalMesh::loadVtpFile(): Attempt to load a VTK PolyData (.vtp) file from file name 'c:\Users\tomas\Documents\OpenSim\4.5\Models\Rajagopal_OpenSense\skel_models_v1.1\skel_models_v1.1\Geometry\lumbar_spine.vtp' failed with message:
  SimTK Exception thrown at Xml.cpp:108:
  Error detected by Simbody method Xml::readFromFile(): Failed to load the Xml file 'c:\Users\tomas\Documents\OpenSim\4.5\Models\Rajagopal_OpenSense\skel_models_v1.1\skel_models_v1.1\Geometry\lumbar_spine.vtp' with error 'Failed to open file (line=0, col=0)'.
  (Required condition 'loadOK' was not met.)

  (Required condition '!"failed"' was not met.)

[2025-10-25 23:39:51.004] [warning] Visualizer couldn't open thorax.vtp because: SimTK Exception thrown at PolygonalMesh.cpp:411:
  Error detected by Simbody method PolygonalMesh::loadVtpFile(): Attempt to load a VTK PolyData (.vtp) file from file name 'c:\Users\tomas\Documents\OpenSim\4.5\Models\Rajagopal_OpenSense\skel_models_v1.1\skel_models_v1.1\Geometry\thorax.vtp' failed with message:
  SimTK Exception thrown at Xml.cpp:108:
  Error detected by Simbody method Xml::readFromFile(): Failed to load the Xml file 'c:\Users\tomas\Documents\OpenSim\4.5\Models\Rajagopal_OpenSense\skel_models_v1.1\skel_models_v1.1\Geometry\thorax.vtp' with error 'Failed to open file (line=0, col=0)'.
  (Required condition 'loadOK' was not met.)

  (Required condition '!"failed"' was not met.)

[2025-10-25 23:39:51.004] [warning] Visualizer couldn't open scapula.vtp because: SimTK Exception thrown at PolygonalMesh.cpp:411:
  Error detected by Simbody method PolygonalMesh::loadVtpFile(): Attempt to load a VTK PolyData (.vtp) file from file name 'c:\Users\tomas\Documents\OpenSim\4.5\Models\Rajagopal_OpenSense\skel_models_v1.1\skel_models_v1.1\Geometry\scapula.vtp' failed with message:
  SimTK Exception thrown at Xml.cpp:108:
  Error detected by Simbody method Xml::readFromFile(): Failed to load the Xml file 'c:\Users\tomas\Documents\OpenSim\4.5\Models\Rajagopal_OpenSense\skel_models_v1.1\skel_models_v1.1\Geometry\scapula.vtp' with error 'Failed to open file (line=0, col=0)'.
  (Required condition 'loadOK' was not met.)

  (Required condition '!"failed"' was not met.)

[2025-10-25 23:39:51.004] [warning] Visualizer couldn't open scapula_l.vtp because: SimTK Exception thrown at PolygonalMesh.cpp:411:
  Error detected by Simbody method PolygonalMesh::loadVtpFile(): Attempt to load a VTK PolyData (.vtp) file from file name 'c:\Users\tomas\Documents\OpenSim\4.5\Models\Rajagopal_OpenSense\skel_models_v1.1\skel_models_v1.1\Geometry\scapula_l.vtp' failed with message:
  SimTK Exception thrown at Xml.cpp:108:
  Error detected by Simbody method Xml::readFromFile(): Failed to load the Xml file 'c:\Users\tomas\Documents\OpenSim\4.5\Models\Rajagopal_OpenSense\skel_models_v1.1\skel_models_v1.1\Geometry\scapula_l.vtp' with error 'Failed to open file (line=0, col=0)'.
  (Required condition 'loadOK' was not met.)

  (Required condition '!"failed"' was not met.)

[2025-10-25 23:39:51.005] [warning] Visualizer couldn't open humerus.vtp because: SimTK Exception thrown at PolygonalMesh.cpp:411:
  Error detected by Simbody method PolygonalMesh::loadVtpFile(): Attempt to load a VTK PolyData (.vtp) file from file name 'c:\Users\tomas\Documents\OpenSim\4.5\Models\Rajagopal_OpenSense\skel_models_v1.1\skel_models_v1.1\Geometry\humerus.vtp' failed with message:
  SimTK Exception thrown at Xml.cpp:108:
  Error detected by Simbody method Xml::readFromFile(): Failed to load the Xml file 'c:\Users\tomas\Documents\OpenSim\4.5\Models\Rajagopal_OpenSense\skel_models_v1.1\skel_models_v1.1\Geometry\humerus.vtp' with error 'Failed to open file (line=0, col=0)'.
  (Required condition 'loadOK' was not met.)

  (Required condition '!"failed"' was not met.)

[2025-10-25 23:39:51.005] [warning] Visualizer couldn't open humerus_l.vtp because: SimTK Exception thrown at PolygonalMesh.cpp:411:
  Error detected by Simbody method PolygonalMesh::loadVtpFile(): Attempt to load a VTK PolyData (.vtp) file from file name 'c:\Users\tomas\Documents\OpenSim\4.5\Models\Rajagopal_OpenSense\skel_models_v1.1\skel_models_v1.1\Geometry\humerus_l.vtp' failed with message:
  SimTK Exception thrown at Xml.cpp:108:
  Error detected by Simbody method Xml::readFromFile(): Failed to load the Xml file 'c:\Users\tomas\Documents\OpenSim\4.5\Models\Rajagopal_OpenSense\skel_models_v1.1\skel_models_v1.1\Geometry\humerus_l.vtp' with error 'Failed to open file (line=0, col=0)'.
  (Required condition 'loadOK' was not met.)

  (Required condition '!"failed"' was not met.)

[2025-10-25 23:39:51.006] [warning] Visualizer couldn't open ulna.vtp because: SimTK Exception thrown at PolygonalMesh.cpp:411:
  Error detected by Simbody method PolygonalMesh::loadVtpFile(): Attempt to load a VTK PolyData (.vtp) file from file name 'c:\Users\tomas\Documents\OpenSim\4.5\Models\Rajagopal_OpenSense\skel_models_v1.1\skel_models_v1.1\Geometry\ulna.vtp' failed with message:
  SimTK Exception thrown at Xml.cpp:108:
  Error detected by Simbody method Xml::readFromFile(): Failed to load the Xml file 'c:\Users\tomas\Documents\OpenSim\4.5\Models\Rajagopal_OpenSense\skel_models_v1.1\skel_models_v1.1\Geometry\ulna.vtp' with error 'Failed to open file (line=0, col=0)'.
  (Required condition 'loadOK' was not met.)

  (Required condition '!"failed"' was not met.)

[2025-10-25 23:39:51.006] [warning] Visualizer couldn't open ulna_l.vtp because: SimTK Exception thrown at PolygonalMesh.cpp:411:
  Error detected by Simbody method PolygonalMesh::loadVtpFile(): Attempt to load a VTK PolyData (.vtp) file from file name 'c:\Users\tomas\Documents\OpenSim\4.5\Models\Rajagopal_OpenSense\skel_models_v1.1\skel_models_v1.1\Geometry\ulna_l.vtp' failed with message:
  SimTK Exception thrown at Xml.cpp:108:
  Error detected by Simbody method Xml::readFromFile(): Failed to load the Xml file 'c:\Users\tomas\Documents\OpenSim\4.5\Models\Rajagopal_OpenSense\skel_models_v1.1\skel_models_v1.1\Geometry\ulna_l.vtp' with error 'Failed to open file (line=0, col=0)'.
  (Required condition 'loadOK' was not met.)

  (Required condition '!"failed"' was not met.)

[2025-10-25 23:39:51.007] [warning] Visualizer couldn't open radius.vtp because: SimTK Exception thrown at PolygonalMesh.cpp:411:
  Error detected by Simbody method PolygonalMesh::loadVtpFile(): Attempt to load a VTK PolyData (.vtp) file from file name 'c:\Users\tomas\Documents\OpenSim\4.5\Models\Rajagopal_OpenSense\skel_models_v1.1\skel_models_v1.1\Geometry\radius.vtp' failed with message:
  SimTK Exception thrown at Xml.cpp:108:
  Error detected by Simbody method Xml::readFromFile(): Failed to load the Xml file 'c:\Users\tomas\Documents\OpenSim\4.5\Models\Rajagopal_OpenSense\skel_models_v1.1\skel_models_v1.1\Geometry\radius.vtp' with error 'Failed to open file (line=0, col=0)'.
  (Required condition 'loadOK' was not met.)

  (Required condition '!"failed"' was not met.)

[2025-10-25 23:39:51.007] [warning] Visualizer couldn't open radius_l.vtp because: SimTK Exception thrown at PolygonalMesh.cpp:411:
  Error detected by Simbody method PolygonalMesh::loadVtpFile(): Attempt to load a VTK PolyData (.vtp) file from file name 'c:\Users\tomas\Documents\OpenSim\4.5\Models\Rajagopal_OpenSense\skel_models_v1.1\skel_models_v1.1\Geometry\radius_l.vtp' failed with message:
  SimTK Exception thrown at Xml.cpp:108:
  Error detected by Simbody method Xml::readFromFile(): Failed to load the Xml file 'c:\Users\tomas\Documents\OpenSim\4.5\Models\Rajagopal_OpenSense\skel_models_v1.1\skel_models_v1.1\Geometry\radius_l.vtp' with error 'Failed to open file (line=0, col=0)'.
  (Required condition 'loadOK' was not met.)

  (Required condition '!"failed"' was not met.)

[2025-10-25 23:39:51.008] [warning] Visualizer couldn't open lunate.vtp because: SimTK Exception thrown at PolygonalMesh.cpp:411:
  Error detected by Simbody method PolygonalMesh::loadVtpFile(): Attempt to load a VTK PolyData (.vtp) file from file name 'c:\Users\tomas\Documents\OpenSim\4.5\Models\Rajagopal_OpenSense\skel_models_v1.1\skel_models_v1.1\Geometry\lunate.vtp' failed with message:
  SimTK Exception thrown at Xml.cpp:108:
  Error detected by Simbody method Xml::readFromFile(): Failed to load the Xml file 'c:\Users\tomas\Documents\OpenSim\4.5\Models\Rajagopal_OpenSense\skel_models_v1.1\skel_models_v1.1\Geometry\lunate.vtp' with error 'Failed to open file (line=0, col=0)'.
  (Required condition 'loadOK' was not met.)

  (Required condition '!"failed"' was not met.)

[2025-10-25 23:39:51.008] [warning] Visualizer couldn't open lunate.vtp because: SimTK Exception thrown at PolygonalMesh.cpp:411:
  Error detected by Simbody method PolygonalMesh::loadVtpFile(): Attempt to load a VTK PolyData (.vtp) file from file name 'c:\Users\tomas\Documents\OpenSim\4.5\Models\Rajagopal_OpenSense\skel_models_v1.1\skel_models_v1.1\Geometry\lunate.vtp' failed with message:
  SimTK Exception thrown at Xml.cpp:108:
  Error detected by Simbody method Xml::readFromFile(): Failed to load the Xml file 'c:\Users\tomas\Documents\OpenSim\4.5\Models\Rajagopal_OpenSense\skel_models_v1.1\skel_models_v1.1\Geometry\lunate.vtp' with error 'Failed to open file (line=0, col=0)'.
  (Required condition 'loadOK' was not met.)

  (Required condition '!"failed"' was not met.)

[2025-10-25 23:39:51.009] [warning] Visualizer couldn't open lunate_l.vtp because: SimTK Exception thrown at PolygonalMesh.cpp:411:
  Error detected by Simbody method PolygonalMesh::loadVtpFile(): Attempt to load a VTK PolyData (.vtp) file from file name 'c:\Users\tomas\Documents\OpenSim\4.5\Models\Rajagopal_OpenSense\skel_models_v1.1\skel_models_v1.1\Geometry\lunate_l.vtp' failed with message:
  SimTK Exception thrown at Xml.cpp:108:
  Error detected by Simbody method Xml::readFromFile(): Failed to load the Xml file 'c:\Users\tomas\Documents\OpenSim\4.5\Models\Rajagopal_OpenSense\skel_models_v1.1\skel_models_v1.1\Geometry\lunate_l.vtp' with error 'Failed to open file (line=0, col=0)'.
  (Required condition 'loadOK' was not met.)

  (Required condition '!"failed"' was not met.)

[2025-10-25 23:39:51.014] [info] InverseKinematicsSolver found 5 model frames to track.
[2025-10-25 23:39:53.346] [info] Loaded model Deniz_BSM_Scale from file C:\Users\tomas\Documents\OpenSim\4.5\Models\Rajagopal_OpenSense\6imus\Mot_6imus\Deniz_Elbow_FlexionExtension_calibrated.osim
[2025-10-25 23:39:53.591] [info] Loading orientations as quaternions from 'C:\Users\tomas\Documents\OpenSim\4.5\Models\Rajagopal_OpenSense\6imus\Deniz_Elbow_FlexionExtension.sto'...
[2025-10-25 23:39:53.704] [warning] Visualizer couldn't open sacrum.vtp because: SimTK Exception thrown at PolygonalMesh.cpp:411:
  Error detected by Simbody method PolygonalMesh::loadVtpFile(): Attempt to load a VTK PolyData (.vtp) file from file name 'c:\Users\tomas\Documents\OpenSim\4.5\Models\Rajagopal_OpenSense\6imus\Mot_6imus\Geometry\sacrum.vtp' failed with message:
  SimTK Exception thrown at Xml.cpp:108:
  Error detected by Simbody method Xml::readFromFile(): Failed to load the Xml file 'c:\Users\tomas\Documents\OpenSim\4.5\Models\Rajagopal_OpenSense\6imus\Mot_6imus\Geometry\sacrum.vtp' with error 'Error reading Attributes. (line=12, col=115)'.
  (Required condition 'loadOK' was not met.)

  (Required condition '!"failed"' was not met.)

[2025-10-25 23:39:53.704] [warning] Visualizer couldn't open r_femur.vtp because: SimTK Exception thrown at PolygonalMesh.cpp:411:
  Error detected by Simbody method PolygonalMesh::loadVtpFile(): Attempt to load a VTK PolyData (.vtp) file from file name 'c:\Users\tomas\Documents\OpenSim\4.5\Models\Rajagopal_OpenSense\6imus\Mot_6imus\Geometry\r_femur.vtp' failed with message:
  SimTK Exception thrown at Xml.cpp:108:
  Error detected by Simbody method Xml::readFromFile(): Failed to load the Xml file 'c:\Users\tomas\Documents\OpenSim\4.5\Models\Rajagopal_OpenSense\6imus\Mot_6imus\Geometry\r_femur.vtp' with error 'Error reading Attributes. (line=11, col=11)'.
  (Required condition 'loadOK' was not met.)

  (Required condition '!"failed"' was not met.)

[2025-10-25 23:39:53.705] [warning] Visualizer couldn't open r_fibula.vtp because: SimTK Exception thrown at PolygonalMesh.cpp:411:
  Error detected by Simbody method PolygonalMesh::loadVtpFile(): Attempt to load a VTK PolyData (.vtp) file from file name 'c:\Users\tomas\Documents\OpenSim\4.5\Models\Rajagopal_OpenSense\6imus\Mot_6imus\Geometry\r_fibula.vtp' failed with message:
  SimTK Exception thrown at PolygonalMesh.cpp:310:
  Error detected by Simbody method PolygonalMesh::loadVtpFile(): Expected to see document tag <VTKFile> but saw <_Root> instead.
  (Required condition 'vtp.getRootTag() == "VTKFile"' was not met.)

  (Required condition '!"failed"' was not met.)

[2025-10-25 23:39:53.707] [warning] Visualizer couldn't open r_talus.vtp because: SimTK Exception thrown at PolygonalMesh.cpp:411:
  Error detected by Simbody method PolygonalMesh::loadVtpFile(): Attempt to load a VTK PolyData (.vtp) file from file name 'c:\Users\tomas\Documents\OpenSim\4.5\Models\Rajagopal_OpenSense\6imus\Mot_6imus\Geometry\r_talus.vtp' failed with message:
  SimTK Exception thrown at PolygonalMesh.cpp:310:
  Error detected by Simbody method PolygonalMesh::loadVtpFile(): Expected to see document tag <VTKFile> but saw <_Root> instead.
  (Required condition 'vtp.getRootTag() == "VTKFile"' was not met.)

  (Required condition '!"failed"' was not met.)

[2025-10-25 23:39:53.707] [warning] Visualizer couldn't open r_foot.vtp because: SimTK Exception thrown at PolygonalMesh.cpp:411:
  Error detected by Simbody method PolygonalMesh::loadVtpFile(): Attempt to load a VTK PolyData (.vtp) file from file name 'c:\Users\tomas\Documents\OpenSim\4.5\Models\Rajagopal_OpenSense\6imus\Mot_6imus\Geometry\r_foot.vtp' failed with message:
  SimTK Exception thrown at PolygonalMesh.cpp:310:
  Error detected by Simbody method PolygonalMesh::loadVtpFile(): Expected to see document tag <VTKFile> but saw <_Root> instead.
  (Required condition 'vtp.getRootTag() == "VTKFile"' was not met.)

  (Required condition '!"failed"' was not met.)

[2025-10-25 23:39:53.708] [warning] Visualizer couldn't open r_bofoot.vtp because: SimTK Exception thrown at PolygonalMesh.cpp:411:
  Error detected by Simbody method PolygonalMesh::loadVtpFile(): Attempt to load a VTK PolyData (.vtp) file from file name 'c:\Users\tomas\Documents\OpenSim\4.5\Models\Rajagopal_OpenSense\6imus\Mot_6imus\Geometry\r_bofoot.vtp' failed with message:
  SimTK Exception thrown at PolygonalMesh.cpp:310:
  Error detected by Simbody method PolygonalMesh::loadVtpFile(): Expected to see document tag <VTKFile> but saw <_Root> instead.
  (Required condition 'vtp.getRootTag() == "VTKFile"' was not met.)

  (Required condition '!"failed"' was not met.)

[2025-10-25 23:39:53.709] [warning] Visualizer couldn't open l_femur.vtp because: SimTK Exception thrown at PolygonalMesh.cpp:411:
  Error detected by Simbody method PolygonalMesh::loadVtpFile(): Attempt to load a VTK PolyData (.vtp) file from file name 'c:\Users\tomas\Documents\OpenSim\4.5\Models\Rajagopal_OpenSense\6imus\Mot_6imus\Geometry\l_femur.vtp' failed with message:
  SimTK Exception thrown at Xml.cpp:108:
  Error detected by Simbody method Xml::readFromFile(): Failed to load the Xml file 'c:\Users\tomas\Documents\OpenSim\4.5\Models\Rajagopal_OpenSense\6imus\Mot_6imus\Geometry\l_femur.vtp' with error 'Error reading Attributes. (line=11, col=11)'.
  (Required condition 'loadOK' was not met.)

  (Required condition '!"failed"' was not met.)

[2025-10-25 23:39:53.710] [warning] Visualizer couldn't open l_fibula.vtp because: SimTK Exception thrown at PolygonalMesh.cpp:411:
  Error detected by Simbody method PolygonalMesh::loadVtpFile(): Attempt to load a VTK PolyData (.vtp) file from file name 'c:\Users\tomas\Documents\OpenSim\4.5\Models\Rajagopal_OpenSense\6imus\Mot_6imus\Geometry\l_fibula.vtp' failed with message:
  SimTK Exception thrown at PolygonalMesh.cpp:310:
  Error detected by Simbody method PolygonalMesh::loadVtpFile(): Expected to see document tag <VTKFile> but saw <_Root> instead.
  (Required condition 'vtp.getRootTag() == "VTKFile"' was not met.)

  (Required condition '!"failed"' was not met.)

[2025-10-25 23:39:53.711] [warning] Visualizer couldn't open l_talus.vtp because: SimTK Exception thrown at PolygonalMesh.cpp:411:
  Error detected by Simbody method PolygonalMesh::loadVtpFile(): Attempt to load a VTK PolyData (.vtp) file from file name 'c:\Users\tomas\Documents\OpenSim\4.5\Models\Rajagopal_OpenSense\6imus\Mot_6imus\Geometry\l_talus.vtp' failed with message:
  SimTK Exception thrown at PolygonalMesh.cpp:310:
  Error detected by Simbody method PolygonalMesh::loadVtpFile(): Expected to see document tag <VTKFile> but saw <_Root> instead.
  (Required condition 'vtp.getRootTag() == "VTKFile"' was not met.)

  (Required condition '!"failed"' was not met.)

[2025-10-25 23:39:53.712] [warning] Visualizer couldn't open l_foot.vtp because: SimTK Exception thrown at PolygonalMesh.cpp:411:
  Error detected by Simbody method PolygonalMesh::loadVtpFile(): Attempt to load a VTK PolyData (.vtp) file from file name 'c:\Users\tomas\Documents\OpenSim\4.5\Models\Rajagopal_OpenSense\6imus\Mot_6imus\Geometry\l_foot.vtp' failed with message:
  SimTK Exception thrown at Xml.cpp:108:
  Error detected by Simbody method Xml::readFromFile(): Failed to load the Xml file 'c:\Users\tomas\Documents\OpenSim\4.5\Models\Rajagopal_OpenSense\6imus\Mot_6imus\Geometry\l_foot.vtp' with error 'Error reading Attributes. (line=11, col=40)'.
  (Required condition 'loadOK' was not met.)

  (Required condition '!"failed"' was not met.)

[2025-10-25 23:39:53.713] [warning] Visualizer couldn't open l_bofoot.vtp because: SimTK Exception thrown at PolygonalMesh.cpp:411:
  Error detected by Simbody method PolygonalMesh::loadVtpFile(): Attempt to load a VTK PolyData (.vtp) file from file name 'c:\Users\tomas\Documents\OpenSim\4.5\Models\Rajagopal_OpenSense\6imus\Mot_6imus\Geometry\l_bofoot.vtp' failed with message:
  SimTK Exception thrown at Xml.cpp:108:
  Error detected by Simbody method Xml::readFromFile(): Failed to load the Xml file 'c:\Users\tomas\Documents\OpenSim\4.5\Models\Rajagopal_OpenSense\6imus\Mot_6imus\Geometry\l_bofoot.vtp' with error 'Error reading Attributes. (line=12, col=143)'.
  (Required condition 'loadOK' was not met.)

  (Required condition '!"failed"' was not met.)

[2025-10-25 23:39:53.714] [warning] Visualizer couldn't open cervical_spine.vtp because: SimTK Exception thrown at PolygonalMesh.cpp:411:
  Error detected by Simbody method PolygonalMesh::loadVtpFile(): Attempt to load a VTK PolyData (.vtp) file from file name 'c:\Users\tomas\Documents\OpenSim\4.5\Models\Rajagopal_OpenSense\6imus\Mot_6imus\Geometry\cervical_spine.vtp' failed with message:
  SimTK Exception thrown at PolygonalMesh.cpp:310:
  Error detected by Simbody method PolygonalMesh::loadVtpFile(): Expected to see document tag <VTKFile> but saw <_Root> instead.
  (Required condition 'vtp.getRootTag() == "VTKFile"' was not met.)

  (Required condition '!"failed"' was not met.)

[2025-10-25 23:39:53.714] [warning] Visualizer couldn't open lumbar_spine.vtp because: SimTK Exception thrown at PolygonalMesh.cpp:411:
  Error detected by Simbody method PolygonalMesh::loadVtpFile(): Attempt to load a VTK PolyData (.vtp) file from file name 'c:\Users\tomas\Documents\OpenSim\4.5\Models\Rajagopal_OpenSense\6imus\Mot_6imus\Geometry\lumbar_spine.vtp' failed with message:
  SimTK Exception thrown at Xml.cpp:108:
  Error detected by Simbody method Xml::readFromFile(): Failed to load the Xml file 'c:\Users\tomas\Documents\OpenSim\4.5\Models\Rajagopal_OpenSense\6imus\Mot_6imus\Geometry\lumbar_spine.vtp' with error 'Error reading Attributes. (line=11, col=75)'.
  (Required condition 'loadOK' was not met.)

  (Required condition '!"failed"' was not met.)

[2025-10-25 23:39:53.715] [warning] Visualizer couldn't open thorax.vtp because: SimTK Exception thrown at PolygonalMesh.cpp:411:
  Error detected by Simbody method PolygonalMesh::loadVtpFile(): Attempt to load a VTK PolyData (.vtp) file from file name 'c:\Users\tomas\Documents\OpenSim\4.5\Models\Rajagopal_OpenSense\6imus\Mot_6imus\Geometry\thorax.vtp' failed with message:
  SimTK Exception thrown at PolygonalMesh.cpp:310:
  Error detected by Simbody method PolygonalMesh::loadVtpFile(): Expected to see document tag <VTKFile> but saw <_Root> instead.
  (Required condition 'vtp.getRootTag() == "VTKFile"' was not met.)

  (Required condition '!"failed"' was not met.)

[2025-10-25 23:39:53.716] [warning] Visualizer couldn't open scapula.vtp because: SimTK Exception thrown at PolygonalMesh.cpp:411:
  Error detected by Simbody method PolygonalMesh::loadVtpFile(): Attempt to load a VTK PolyData (.vtp) file from file name 'c:\Users\tomas\Documents\OpenSim\4.5\Models\Rajagopal_OpenSense\6imus\Mot_6imus\Geometry\scapula.vtp' failed with message:
  SimTK Exception thrown at Xml.cpp:108:
  Error detected by Simbody method Xml::readFromFile(): Failed to load the Xml file 'c:\Users\tomas\Documents\OpenSim\4.5\Models\Rajagopal_OpenSense\6imus\Mot_6imus\Geometry\scapula.vtp' with error 'Error reading Attributes. (line=11, col=4)'.
  (Required condition 'loadOK' was not met.)

  (Required condition '!"failed"' was not met.)

[2025-10-25 23:39:53.716] [warning] Visualizer couldn't open scapula_l.vtp because: SimTK Exception thrown at PolygonalMesh.cpp:411:
  Error detected by Simbody method PolygonalMesh::loadVtpFile(): Attempt to load a VTK PolyData (.vtp) file from file name 'c:\Users\tomas\Documents\OpenSim\4.5\Models\Rajagopal_OpenSense\6imus\Mot_6imus\Geometry\scapula_l.vtp' failed with message:
  SimTK Exception thrown at Xml.cpp:108:
  Error detected by Simbody method Xml::readFromFile(): Failed to load the Xml file 'c:\Users\tomas\Documents\OpenSim\4.5\Models\Rajagopal_OpenSense\6imus\Mot_6imus\Geometry\scapula_l.vtp' with error 'Error reading Attributes. (line=11, col=4)'.
  (Required condition 'loadOK' was not met.)

  (Required condition '!"failed"' was not met.)

[2025-10-25 23:39:53.717] [warning] Visualizer couldn't open humerus.vtp because: SimTK Exception thrown at PolygonalMesh.cpp:411:
  Error detected by Simbody method PolygonalMesh::loadVtpFile(): Attempt to load a VTK PolyData (.vtp) file from file name 'c:\Users\tomas\Documents\OpenSim\4.5\Models\Rajagopal_OpenSense\6imus\Mot_6imus\Geometry\humerus.vtp' failed with message:
  SimTK Exception thrown at Xml.cpp:108:
  Error detected by Simbody method Xml::readFromFile(): Failed to load the Xml file 'c:\Users\tomas\Documents\OpenSim\4.5\Models\Rajagopal_OpenSense\6imus\Mot_6imus\Geometry\humerus.vtp' with error 'Error reading Attributes. (line=11, col=7)'.
  (Required condition 'loadOK' was not met.)

  (Required condition '!"failed"' was not met.)

[2025-10-25 23:39:53.718] [warning] Visualizer couldn't open humerus_l.vtp because: SimTK Exception thrown at PolygonalMesh.cpp:411:
  Error detected by Simbody method PolygonalMesh::loadVtpFile(): Attempt to load a VTK PolyData (.vtp) file from file name 'c:\Users\tomas\Documents\OpenSim\4.5\Models\Rajagopal_OpenSense\6imus\Mot_6imus\Geometry\humerus_l.vtp' failed with message:
  SimTK Exception thrown at Xml.cpp:108:
  Error detected by Simbody method Xml::readFromFile(): Failed to load the Xml file 'c:\Users\tomas\Documents\OpenSim\4.5\Models\Rajagopal_OpenSense\6imus\Mot_6imus\Geometry\humerus_l.vtp' with error 'Error reading Attributes. (line=11, col=7)'.
  (Required condition 'loadOK' was not met.)

  (Required condition '!"failed"' was not met.)

[2025-10-25 23:39:53.719] [warning] Visualizer couldn't open ulna.vtp because: SimTK Exception thrown at PolygonalMesh.cpp:411:
  Error detected by Simbody method PolygonalMesh::loadVtpFile(): Attempt to load a VTK PolyData (.vtp) file from file name 'c:\Users\tomas\Documents\OpenSim\4.5\Models\Rajagopal_OpenSense\6imus\Mot_6imus\Geometry\ulna.vtp' failed with message:
  SimTK Exception thrown at Xml.cpp:108:
  Error detected by Simbody method Xml::readFromFile(): Failed to load the Xml file 'c:\Users\tomas\Documents\OpenSim\4.5\Models\Rajagopal_OpenSense\6imus\Mot_6imus\Geometry\ulna.vtp' with error 'Error reading Attributes. (line=11, col=11)'.
  (Required condition 'loadOK' was not met.)

  (Required condition '!"failed"' was not met.)

[2025-10-25 23:39:53.719] [warning] Visualizer couldn't open ulna_l.vtp because: SimTK Exception thrown at PolygonalMesh.cpp:411:
  Error detected by Simbody method PolygonalMesh::loadVtpFile(): Attempt to load a VTK PolyData (.vtp) file from file name 'c:\Users\tomas\Documents\OpenSim\4.5\Models\Rajagopal_OpenSense\6imus\Mot_6imus\Geometry\ulna_l.vtp' failed with message:
  SimTK Exception thrown at Xml.cpp:108:
  Error detected by Simbody method Xml::readFromFile(): Failed to load the Xml file 'c:\Users\tomas\Documents\OpenSim\4.5\Models\Rajagopal_OpenSense\6imus\Mot_6imus\Geometry\ulna_l.vtp' with error 'Error reading Attributes. (line=11, col=16)'.
  (Required condition 'loadOK' was not met.)

  (Required condition '!"failed"' was not met.)

[2025-10-25 23:39:53.720] [warning] Visualizer couldn't open radius.vtp because: SimTK Exception thrown at PolygonalMesh.cpp:411:
  Error detected by Simbody method PolygonalMesh::loadVtpFile(): Attempt to load a VTK PolyData (.vtp) file from file name 'c:\Users\tomas\Documents\OpenSim\4.5\Models\Rajagopal_OpenSense\6imus\Mot_6imus\Geometry\radius.vtp' failed with message:
  SimTK Exception thrown at Xml.cpp:108:
  Error detected by Simbody method Xml::readFromFile(): Failed to load the Xml file 'c:\Users\tomas\Documents\OpenSim\4.5\Models\Rajagopal_OpenSense\6imus\Mot_6imus\Geometry\radius.vtp' with error 'Error reading Attributes. (line=11, col=12)'.
  (Required condition 'loadOK' was not met.)

  (Required condition '!"failed"' was not met.)

[2025-10-25 23:39:53.720] [warning] Visualizer couldn't open radius_l.vtp because: SimTK Exception thrown at PolygonalMesh.cpp:411:
  Error detected by Simbody method PolygonalMesh::loadVtpFile(): Attempt to load a VTK PolyData (.vtp) file from file name 'c:\Users\tomas\Documents\OpenSim\4.5\Models\Rajagopal_OpenSense\6imus\Mot_6imus\Geometry\radius_l.vtp' failed with message:
  SimTK Exception thrown at Xml.cpp:108:
  Error detected by Simbody method Xml::readFromFile(): Failed to load the Xml file 'c:\Users\tomas\Documents\OpenSim\4.5\Models\Rajagopal_OpenSense\6imus\Mot_6imus\Geometry\radius_l.vtp' with error 'Error reading Attributes. (line=11, col=16)'.
  (Required condition 'loadOK' was not met.)

  (Required condition '!"failed"' was not met.)

[2025-10-25 23:39:53.721] [warning] Visualizer couldn't open lunate.vtp because: SimTK Exception thrown at PolygonalMesh.cpp:411:
  Error detected by Simbody method PolygonalMesh::loadVtpFile(): Attempt to load a VTK PolyData (.vtp) file from file name 'c:\Users\tomas\Documents\OpenSim\4.5\Models\Rajagopal_OpenSense\6imus\Mot_6imus\Geometry\lunate.vtp' failed with message:
  SimTK Exception thrown at Xml.cpp:108:
  Error detected by Simbody method Xml::readFromFile(): Failed to load the Xml file 'c:\Users\tomas\Documents\OpenSim\4.5\Models\Rajagopal_OpenSense\6imus\Mot_6imus\Geometry\lunate.vtp' with error 'Error reading Attributes. (line=11, col=7)'.
  (Required condition 'loadOK' was not met.)

  (Required condition '!"failed"' was not met.)

[2025-10-25 23:39:53.721] [warning] Visualizer couldn't open lunate.vtp because: SimTK Exception thrown at PolygonalMesh.cpp:411:
  Error detected by Simbody method PolygonalMesh::loadVtpFile(): Attempt to load a VTK PolyData (.vtp) file from file name 'c:\Users\tomas\Documents\OpenSim\4.5\Models\Rajagopal_OpenSense\6imus\Mot_6imus\Geometry\lunate.vtp' failed with message:
  SimTK Exception thrown at Xml.cpp:108:
  Error detected by Simbody method Xml::readFromFile(): Failed to load the Xml file 'c:\Users\tomas\Documents\OpenSim\4.5\Models\Rajagopal_OpenSense\6imus\Mot_6imus\Geometry\lunate.vtp' with error 'Error reading Attributes. (line=11, col=7)'.
  (Required condition 'loadOK' was not met.)

  (Required condition '!"failed"' was not met.)

[2025-10-25 23:39:53.722] [warning] Visualizer couldn't open lunate_l.vtp because: SimTK Exception thrown at PolygonalMesh.cpp:411:
  Error detected by Simbody method PolygonalMesh::loadVtpFile(): Attempt to load a VTK PolyData (.vtp) file from file name 'c:\Users\tomas\Documents\OpenSim\4.5\Models\Rajagopal_OpenSense\6imus\Mot_6imus\Geometry\lunate_l.vtp' failed with message:
  SimTK Exception thrown at Xml.cpp:108:
  Error detected by Simbody method Xml::readFromFile(): Failed to load the Xml file 'c:\Users\tomas\Documents\OpenSim\4.5\Models\Rajagopal_OpenSense\6imus\Mot_6imus\Geometry\lunate_l.vtp' with error 'Error reading Attributes. (line=11, col=7)'.
  (Required condition 'loadOK' was not met.)

  (Required condition '!"failed"' was not met.)

[2025-10-25 23:39:53.725] [info] InverseKinematicsSolver found 5 model frames to track.
[2025-10-25 23:43:07.277] [info] Loaded model Deniz_BSM_Scale from file C:\Users\tomas\Documents\OpenSim\4.5\Models\Rajagopal_OpenSense\skel_models_v1.1\skel_models_v1.1\Deniz_bsm_scaled.osim
[2025-10-25 23:43:07.278] [warning] Couldn't find file 'sacrum.vtp'.
[2025-10-25 23:43:07.279] [warning] Couldn't find file 'r_femur.vtp'.
[2025-10-25 23:43:07.279] [warning] Couldn't find file 'r_fibula.vtp'.
[2025-10-25 23:43:07.279] [warning] Couldn't find file 'r_patella.vtp'.
[2025-10-25 23:43:07.280] [warning] Couldn't find file 'r_talus.vtp'.
[2025-10-25 23:43:07.280] [warning] Couldn't find file 'r_foot.vtp'.
[2025-10-25 23:43:07.280] [warning] Couldn't find file 'r_bofoot.vtp'.
[2025-10-25 23:43:07.280] [warning] Couldn't find file 'l_femur.vtp'.
[2025-10-25 23:43:07.281] [warning] Couldn't find file 'l_fibula.vtp'.
[2025-10-25 23:43:07.281] [warning] Couldn't find file 'l_patella.vtp'.
[2025-10-25 23:43:07.281] [warning] Couldn't find file 'l_talus.vtp'.
[2025-10-25 23:43:07.281] [warning] Couldn't find file 'l_foot.vtp'.
[2025-10-25 23:43:07.282] [warning] Couldn't find file 'l_bofoot.vtp'.
[2025-10-25 23:43:07.282] [warning] Couldn't find file 'cervical_spine.vtp'.
[2025-10-25 23:43:07.282] [warning] Couldn't find file 'lumbar_spine.vtp'.
[2025-10-25 23:43:07.283] [warning] Couldn't find file 'thorax.vtp'.
[2025-10-25 23:43:07.283] [warning] Couldn't find file 'scapula.vtp'.
[2025-10-25 23:43:07.283] [warning] Couldn't find file 'scapula_l.vtp'.
[2025-10-25 23:43:07.284] [warning] Couldn't find file 'humerus.vtp'.
[2025-10-25 23:43:07.284] [warning] Couldn't find file 'humerus_l.vtp'.
[2025-10-25 23:43:07.285] [warning] Couldn't find file 'ulna.vtp'.
[2025-10-25 23:43:07.285] [warning] Couldn't find file 'ulna_l.vtp'.
[2025-10-25 23:43:07.285] [warning] Couldn't find file 'radius.vtp'.
[2025-10-25 23:43:07.285] [warning] Couldn't find file 'radius_l.vtp'.
[2025-10-25 23:43:07.285] [warning] Couldn't find file 'lunate.vtp'.
[2025-10-25 23:43:07.286] [warning] Couldn't find file 'lunate.vtp'.
[2025-10-25 23:43:07.286] [warning] Couldn't find file 'lunate_l.vtp'.
[2025-10-25 23:43:07.485] [info] No heading correction is applied.
[2025-10-25 23:43:07.493] [info] Processing pelvis_imu
[2025-10-25 23:43:07.493] [info] Computed offset for pelvis_imu
[2025-10-25 23:43:07.493] [info] Offset is 
[0.0278963,-0.0996054,-0.994636]
[-0.998451,-0.0506895,-0.0229272]
[-0.048134,0.993735,-0.100865]

[2025-10-25 23:43:07.494] [info] Creating offset frame for pelvis_imu
[2025-10-25 23:43:07.499] [info] Added offset frame for pelvis_imu.
[2025-10-25 23:43:07.499] [info] pelvis_imu offset computed from pelvis_imu data from file.
[2025-10-25 23:43:07.499] [info] Processing torso_imu
[2025-10-25 23:43:07.500] [info] Processing scapula_r_imu
[2025-10-25 23:43:07.500] [info] Computed offset for scapula_r_imu
[2025-10-25 23:43:07.500] [info] Offset is 
[0.529563,-0.0770543,-0.844764]
[-0.415832,-0.891581,-0.179351]
[-0.739356,0.446257,-0.50419]

[2025-10-25 23:43:07.501] [info] Creating offset frame for scapula_r_imu
[2025-10-25 23:43:07.505] [info] Added offset frame for scapula_r_imu.
[2025-10-25 23:43:07.505] [info] scapula_r_imu offset computed from scapula_r_imu data from file.
[2025-10-25 23:43:07.505] [info] Processing humerus_r_imu
[2025-10-25 23:43:07.505] [info] Computed offset for humerus_r_imu
[2025-10-25 23:43:07.505] [info] Offset is 
[0.708572,0.333192,-0.62202]
[-0.648756,-0.0391328,-0.75999]
[-0.277564,0.942047,0.188431]

[2025-10-25 23:43:07.506] [info] Creating offset frame for humerus_r_imu
[2025-10-25 23:43:07.512] [info] Added offset frame for humerus_r_imu.
[2025-10-25 23:43:07.513] [info] humerus_r_imu offset computed from humerus_r_imu data from file.
[2025-10-25 23:43:07.513] [info] Processing radius_r_imu
[2025-10-25 23:43:07.513] [info] Computed offset for radius_r_imu
[2025-10-25 23:43:07.513] [info] Offset is 
[0.810934,-0.510078,-0.286716]
[-0.484016,-0.309401,-0.818535]
[0.328807,0.802553,-0.49779]

[2025-10-25 23:43:07.513] [info] Creating offset frame for radius_r_imu
[2025-10-25 23:43:07.517] [info] Added offset frame for radius_r_imu.
[2025-10-25 23:43:07.518] [info] radius_r_imu offset computed from radius_r_imu data from file.
[2025-10-25 23:43:07.518] [info] Processing hand_r_imu
[2025-10-25 23:43:07.518] [info] Computed offset for hand_r_imu
[2025-10-25 23:43:07.518] [info] Offset is 
[0.688139,-0.358807,-0.630652]
[-0.707555,-0.139314,-0.69279]
[0.160719,0.922957,-0.349743]

[2025-10-25 23:43:07.518] [info] Creating offset frame for hand_r_imu
[2025-10-25 23:43:07.522] [info] Added offset frame for hand_r_imu.
[2025-10-25 23:43:07.522] [info] hand_r_imu offset computed from hand_r_imu data from file.
[2025-10-25 23:43:07.608] [warning] Visualizer couldn't open sacrum.vtp because: SimTK Exception thrown at PolygonalMesh.cpp:411:
  Error detected by Simbody method PolygonalMesh::loadVtpFile(): Attempt to load a VTK PolyData (.vtp) file from file name 'c:\Users\tomas\Documents\OpenSim\4.5\Models\Rajagopal_OpenSense\skel_models_v1.1\skel_models_v1.1\Geometry\sacrum.vtp' failed with message:
  SimTK Exception thrown at Xml.cpp:108:
  Error detected by Simbody method Xml::readFromFile(): Failed to load the Xml file 'c:\Users\tomas\Documents\OpenSim\4.5\Models\Rajagopal_OpenSense\skel_models_v1.1\skel_models_v1.1\Geometry\sacrum.vtp' with error 'Failed to open file (line=0, col=0)'.
  (Required condition 'loadOK' was not met.)

  (Required condition '!"failed"' was not met.)

[2025-10-25 23:43:07.609] [warning] Visualizer couldn't open r_femur.vtp because: SimTK Exception thrown at PolygonalMesh.cpp:411:
  Error detected by Simbody method PolygonalMesh::loadVtpFile(): Attempt to load a VTK PolyData (.vtp) file from file name 'c:\Users\tomas\Documents\OpenSim\4.5\Models\Rajagopal_OpenSense\skel_models_v1.1\skel_models_v1.1\Geometry\r_femur.vtp' failed with message:
  SimTK Exception thrown at Xml.cpp:108:
  Error detected by Simbody method Xml::readFromFile(): Failed to load the Xml file 'c:\Users\tomas\Documents\OpenSim\4.5\Models\Rajagopal_OpenSense\skel_models_v1.1\skel_models_v1.1\Geometry\r_femur.vtp' with error 'Failed to open file (line=0, col=0)'.
  (Required condition 'loadOK' was not met.)

  (Required condition '!"failed"' was not met.)

[2025-10-25 23:43:07.609] [warning] Visualizer couldn't open r_fibula.vtp because: SimTK Exception thrown at PolygonalMesh.cpp:411:
  Error detected by Simbody method PolygonalMesh::loadVtpFile(): Attempt to load a VTK PolyData (.vtp) file from file name 'c:\Users\tomas\Documents\OpenSim\4.5\Models\Rajagopal_OpenSense\skel_models_v1.1\skel_models_v1.1\Geometry\r_fibula.vtp' failed with message:
  SimTK Exception thrown at Xml.cpp:108:
  Error detected by Simbody method Xml::readFromFile(): Failed to load the Xml file 'c:\Users\tomas\Documents\OpenSim\4.5\Models\Rajagopal_OpenSense\skel_models_v1.1\skel_models_v1.1\Geometry\r_fibula.vtp' with error 'Failed to open file (line=0, col=0)'.
  (Required condition 'loadOK' was not met.)

  (Required condition '!"failed"' was not met.)

[2025-10-25 23:43:07.609] [warning] Visualizer couldn't open r_patella.vtp because: SimTK Exception thrown at PolygonalMesh.cpp:411:
  Error detected by Simbody method PolygonalMesh::loadVtpFile(): Attempt to load a VTK PolyData (.vtp) file from file name 'c:\Users\tomas\Documents\OpenSim\4.5\Models\Rajagopal_OpenSense\skel_models_v1.1\skel_models_v1.1\Geometry\r_patella.vtp' failed with message:
  SimTK Exception thrown at Xml.cpp:108:
  Error detected by Simbody method Xml::readFromFile(): Failed to load the Xml file 'c:\Users\tomas\Documents\OpenSim\4.5\Models\Rajagopal_OpenSense\skel_models_v1.1\skel_models_v1.1\Geometry\r_patella.vtp' with error 'Failed to open file (line=0, col=0)'.
  (Required condition 'loadOK' was not met.)

  (Required condition '!"failed"' was not met.)

[2025-10-25 23:43:07.609] [warning] Visualizer couldn't open r_talus.vtp because: SimTK Exception thrown at PolygonalMesh.cpp:411:
  Error detected by Simbody method PolygonalMesh::loadVtpFile(): Attempt to load a VTK PolyData (.vtp) file from file name 'c:\Users\tomas\Documents\OpenSim\4.5\Models\Rajagopal_OpenSense\skel_models_v1.1\skel_models_v1.1\Geometry\r_talus.vtp' failed with message:
  SimTK Exception thrown at Xml.cpp:108:
  Error detected by Simbody method Xml::readFromFile(): Failed to load the Xml file 'c:\Users\tomas\Documents\OpenSim\4.5\Models\Rajagopal_OpenSense\skel_models_v1.1\skel_models_v1.1\Geometry\r_talus.vtp' with error 'Failed to open file (line=0, col=0)'.
  (Required condition 'loadOK' was not met.)

  (Required condition '!"failed"' was not met.)

[2025-10-25 23:43:07.610] [warning] Visualizer couldn't open r_foot.vtp because: SimTK Exception thrown at PolygonalMesh.cpp:411:
  Error detected by Simbody method PolygonalMesh::loadVtpFile(): Attempt to load a VTK PolyData (.vtp) file from file name 'c:\Users\tomas\Documents\OpenSim\4.5\Models\Rajagopal_OpenSense\skel_models_v1.1\skel_models_v1.1\Geometry\r_foot.vtp' failed with message:
  SimTK Exception thrown at Xml.cpp:108:
  Error detected by Simbody method Xml::readFromFile(): Failed to load the Xml file 'c:\Users\tomas\Documents\OpenSim\4.5\Models\Rajagopal_OpenSense\skel_models_v1.1\skel_models_v1.1\Geometry\r_foot.vtp' with error 'Failed to open file (line=0, col=0)'.
  (Required condition 'loadOK' was not met.)

  (Required condition '!"failed"' was not met.)

[2025-10-25 23:43:07.610] [warning] Visualizer couldn't open r_bofoot.vtp because: SimTK Exception thrown at PolygonalMesh.cpp:411:
  Error detected by Simbody method PolygonalMesh::loadVtpFile(): Attempt to load a VTK PolyData (.vtp) file from file name 'c:\Users\tomas\Documents\OpenSim\4.5\Models\Rajagopal_OpenSense\skel_models_v1.1\skel_models_v1.1\Geometry\r_bofoot.vtp' failed with message:
  SimTK Exception thrown at Xml.cpp:108:
  Error detected by Simbody method Xml::readFromFile(): Failed to load the Xml file 'c:\Users\tomas\Documents\OpenSim\4.5\Models\Rajagopal_OpenSense\skel_models_v1.1\skel_models_v1.1\Geometry\r_bofoot.vtp' with error 'Failed to open file (line=0, col=0)'.
  (Required condition 'loadOK' was not met.)

  (Required condition '!"failed"' was not met.)

[2025-10-25 23:43:07.610] [warning] Visualizer couldn't open l_femur.vtp because: SimTK Exception thrown at PolygonalMesh.cpp:411:
  Error detected by Simbody method PolygonalMesh::loadVtpFile(): Attempt to load a VTK PolyData (.vtp) file from file name 'c:\Users\tomas\Documents\OpenSim\4.5\Models\Rajagopal_OpenSense\skel_models_v1.1\skel_models_v1.1\Geometry\l_femur.vtp' failed with message:
  SimTK Exception thrown at Xml.cpp:108:
  Error detected by Simbody method Xml::readFromFile(): Failed to load the Xml file 'c:\Users\tomas\Documents\OpenSim\4.5\Models\Rajagopal_OpenSense\skel_models_v1.1\skel_models_v1.1\Geometry\l_femur.vtp' with error 'Failed to open file (line=0, col=0)'.
  (Required condition 'loadOK' was not met.)

  (Required condition '!"failed"' was not met.)

[2025-10-25 23:43:07.611] [warning] Visualizer couldn't open l_fibula.vtp because: SimTK Exception thrown at PolygonalMesh.cpp:411:
  Error detected by Simbody method PolygonalMesh::loadVtpFile(): Attempt to load a VTK PolyData (.vtp) file from file name 'c:\Users\tomas\Documents\OpenSim\4.5\Models\Rajagopal_OpenSense\skel_models_v1.1\skel_models_v1.1\Geometry\l_fibula.vtp' failed with message:
  SimTK Exception thrown at Xml.cpp:108:
  Error detected by Simbody method Xml::readFromFile(): Failed to load the Xml file 'c:\Users\tomas\Documents\OpenSim\4.5\Models\Rajagopal_OpenSense\skel_models_v1.1\skel_models_v1.1\Geometry\l_fibula.vtp' with error 'Failed to open file (line=0, col=0)'.
  (Required condition 'loadOK' was not met.)

  (Required condition '!"failed"' was not met.)

[2025-10-25 23:43:07.611] [warning] Visualizer couldn't open l_patella.vtp because: SimTK Exception thrown at PolygonalMesh.cpp:411:
  Error detected by Simbody method PolygonalMesh::loadVtpFile(): Attempt to load a VTK PolyData (.vtp) file from file name 'c:\Users\tomas\Documents\OpenSim\4.5\Models\Rajagopal_OpenSense\skel_models_v1.1\skel_models_v1.1\Geometry\l_patella.vtp' failed with message:
  SimTK Exception thrown at Xml.cpp:108:
  Error detected by Simbody method Xml::readFromFile(): Failed to load the Xml file 'c:\Users\tomas\Documents\OpenSim\4.5\Models\Rajagopal_OpenSense\skel_models_v1.1\skel_models_v1.1\Geometry\l_patella.vtp' with error 'Failed to open file (line=0, col=0)'.
  (Required condition 'loadOK' was not met.)

  (Required condition '!"failed"' was not met.)

[2025-10-25 23:43:07.611] [warning] Visualizer couldn't open l_talus.vtp because: SimTK Exception thrown at PolygonalMesh.cpp:411:
  Error detected by Simbody method PolygonalMesh::loadVtpFile(): Attempt to load a VTK PolyData (.vtp) file from file name 'c:\Users\tomas\Documents\OpenSim\4.5\Models\Rajagopal_OpenSense\skel_models_v1.1\skel_models_v1.1\Geometry\l_talus.vtp' failed with message:
  SimTK Exception thrown at Xml.cpp:108:
  Error detected by Simbody method Xml::readFromFile(): Failed to load the Xml file 'c:\Users\tomas\Documents\OpenSim\4.5\Models\Rajagopal_OpenSense\skel_models_v1.1\skel_models_v1.1\Geometry\l_talus.vtp' with error 'Failed to open file (line=0, col=0)'.
  (Required condition 'loadOK' was not met.)

  (Required condition '!"failed"' was not met.)

[2025-10-25 23:43:07.611] [warning] Visualizer couldn't open l_foot.vtp because: SimTK Exception thrown at PolygonalMesh.cpp:411:
  Error detected by Simbody method PolygonalMesh::loadVtpFile(): Attempt to load a VTK PolyData (.vtp) file from file name 'c:\Users\tomas\Documents\OpenSim\4.5\Models\Rajagopal_OpenSense\skel_models_v1.1\skel_models_v1.1\Geometry\l_foot.vtp' failed with message:
  SimTK Exception thrown at Xml.cpp:108:
  Error detected by Simbody method Xml::readFromFile(): Failed to load the Xml file 'c:\Users\tomas\Documents\OpenSim\4.5\Models\Rajagopal_OpenSense\skel_models_v1.1\skel_models_v1.1\Geometry\l_foot.vtp' with error 'Failed to open file (line=0, col=0)'.
  (Required condition 'loadOK' was not met.)

  (Required condition '!"failed"' was not met.)

[2025-10-25 23:43:07.611] [warning] Visualizer couldn't open l_bofoot.vtp because: SimTK Exception thrown at PolygonalMesh.cpp:411:
  Error detected by Simbody method PolygonalMesh::loadVtpFile(): Attempt to load a VTK PolyData (.vtp) file from file name 'c:\Users\tomas\Documents\OpenSim\4.5\Models\Rajagopal_OpenSense\skel_models_v1.1\skel_models_v1.1\Geometry\l_bofoot.vtp' failed with message:
  SimTK Exception thrown at Xml.cpp:108:
  Error detected by Simbody method Xml::readFromFile(): Failed to load the Xml file 'c:\Users\tomas\Documents\OpenSim\4.5\Models\Rajagopal_OpenSense\skel_models_v1.1\skel_models_v1.1\Geometry\l_bofoot.vtp' with error 'Failed to open file (line=0, col=0)'.
  (Required condition 'loadOK' was not met.)

  (Required condition '!"failed"' was not met.)

[2025-10-25 23:43:07.612] [warning] Visualizer couldn't open cervical_spine.vtp because: SimTK Exception thrown at PolygonalMesh.cpp:411:
  Error detected by Simbody method PolygonalMesh::loadVtpFile(): Attempt to load a VTK PolyData (.vtp) file from file name 'c:\Users\tomas\Documents\OpenSim\4.5\Models\Rajagopal_OpenSense\skel_models_v1.1\skel_models_v1.1\Geometry\cervical_spine.vtp' failed with message:
  SimTK Exception thrown at Xml.cpp:108:
  Error detected by Simbody method Xml::readFromFile(): Failed to load the Xml file 'c:\Users\tomas\Documents\OpenSim\4.5\Models\Rajagopal_OpenSense\skel_models_v1.1\skel_models_v1.1\Geometry\cervical_spine.vtp' with error 'Failed to open file (line=0, col=0)'.
  (Required condition 'loadOK' was not met.)

  (Required condition '!"failed"' was not met.)

[2025-10-25 23:43:07.612] [warning] Visualizer couldn't open lumbar_spine.vtp because: SimTK Exception thrown at PolygonalMesh.cpp:411:
  Error detected by Simbody method PolygonalMesh::loadVtpFile(): Attempt to load a VTK PolyData (.vtp) file from file name 'c:\Users\tomas\Documents\OpenSim\4.5\Models\Rajagopal_OpenSense\skel_models_v1.1\skel_models_v1.1\Geometry\lumbar_spine.vtp' failed with message:
  SimTK Exception thrown at Xml.cpp:108:
  Error detected by Simbody method Xml::readFromFile(): Failed to load the Xml file 'c:\Users\tomas\Documents\OpenSim\4.5\Models\Rajagopal_OpenSense\skel_models_v1.1\skel_models_v1.1\Geometry\lumbar_spine.vtp' with error 'Failed to open file (line=0, col=0)'.
  (Required condition 'loadOK' was not met.)

  (Required condition '!"failed"' was not met.)

[2025-10-25 23:43:07.613] [warning] Visualizer couldn't open thorax.vtp because: SimTK Exception thrown at PolygonalMesh.cpp:411:
  Error detected by Simbody method PolygonalMesh::loadVtpFile(): Attempt to load a VTK PolyData (.vtp) file from file name 'c:\Users\tomas\Documents\OpenSim\4.5\Models\Rajagopal_OpenSense\skel_models_v1.1\skel_models_v1.1\Geometry\thorax.vtp' failed with message:
  SimTK Exception thrown at Xml.cpp:108:
  Error detected by Simbody method Xml::readFromFile(): Failed to load the Xml file 'c:\Users\tomas\Documents\OpenSim\4.5\Models\Rajagopal_OpenSense\skel_models_v1.1\skel_models_v1.1\Geometry\thorax.vtp' with error 'Failed to open file (line=0, col=0)'.
  (Required condition 'loadOK' was not met.)

  (Required condition '!"failed"' was not met.)

[2025-10-25 23:43:07.613] [warning] Visualizer couldn't open scapula.vtp because: SimTK Exception thrown at PolygonalMesh.cpp:411:
  Error detected by Simbody method PolygonalMesh::loadVtpFile(): Attempt to load a VTK PolyData (.vtp) file from file name 'c:\Users\tomas\Documents\OpenSim\4.5\Models\Rajagopal_OpenSense\skel_models_v1.1\skel_models_v1.1\Geometry\scapula.vtp' failed with message:
  SimTK Exception thrown at Xml.cpp:108:
  Error detected by Simbody method Xml::readFromFile(): Failed to load the Xml file 'c:\Users\tomas\Documents\OpenSim\4.5\Models\Rajagopal_OpenSense\skel_models_v1.1\skel_models_v1.1\Geometry\scapula.vtp' with error 'Failed to open file (line=0, col=0)'.
  (Required condition 'loadOK' was not met.)

  (Required condition '!"failed"' was not met.)

[2025-10-25 23:43:07.614] [warning] Visualizer couldn't open scapula_l.vtp because: SimTK Exception thrown at PolygonalMesh.cpp:411:
  Error detected by Simbody method PolygonalMesh::loadVtpFile(): Attempt to load a VTK PolyData (.vtp) file from file name 'c:\Users\tomas\Documents\OpenSim\4.5\Models\Rajagopal_OpenSense\skel_models_v1.1\skel_models_v1.1\Geometry\scapula_l.vtp' failed with message:
  SimTK Exception thrown at Xml.cpp:108:
  Error detected by Simbody method Xml::readFromFile(): Failed to load the Xml file 'c:\Users\tomas\Documents\OpenSim\4.5\Models\Rajagopal_OpenSense\skel_models_v1.1\skel_models_v1.1\Geometry\scapula_l.vtp' with error 'Failed to open file (line=0, col=0)'.
  (Required condition 'loadOK' was not met.)

  (Required condition '!"failed"' was not met.)

[2025-10-25 23:43:07.614] [warning] Visualizer couldn't open humerus.vtp because: SimTK Exception thrown at PolygonalMesh.cpp:411:
  Error detected by Simbody method PolygonalMesh::loadVtpFile(): Attempt to load a VTK PolyData (.vtp) file from file name 'c:\Users\tomas\Documents\OpenSim\4.5\Models\Rajagopal_OpenSense\skel_models_v1.1\skel_models_v1.1\Geometry\humerus.vtp' failed with message:
  SimTK Exception thrown at Xml.cpp:108:
  Error detected by Simbody method Xml::readFromFile(): Failed to load the Xml file 'c:\Users\tomas\Documents\OpenSim\4.5\Models\Rajagopal_OpenSense\skel_models_v1.1\skel_models_v1.1\Geometry\humerus.vtp' with error 'Failed to open file (line=0, col=0)'.
  (Required condition 'loadOK' was not met.)

  (Required condition '!"failed"' was not met.)

[2025-10-25 23:43:07.615] [warning] Visualizer couldn't open humerus_l.vtp because: SimTK Exception thrown at PolygonalMesh.cpp:411:
  Error detected by Simbody method PolygonalMesh::loadVtpFile(): Attempt to load a VTK PolyData (.vtp) file from file name 'c:\Users\tomas\Documents\OpenSim\4.5\Models\Rajagopal_OpenSense\skel_models_v1.1\skel_models_v1.1\Geometry\humerus_l.vtp' failed with message:
  SimTK Exception thrown at Xml.cpp:108:
  Error detected by Simbody method Xml::readFromFile(): Failed to load the Xml file 'c:\Users\tomas\Documents\OpenSim\4.5\Models\Rajagopal_OpenSense\skel_models_v1.1\skel_models_v1.1\Geometry\humerus_l.vtp' with error 'Failed to open file (line=0, col=0)'.
  (Required condition 'loadOK' was not met.)

  (Required condition '!"failed"' was not met.)

[2025-10-25 23:43:07.616] [warning] Visualizer couldn't open ulna.vtp because: SimTK Exception thrown at PolygonalMesh.cpp:411:
  Error detected by Simbody method PolygonalMesh::loadVtpFile(): Attempt to load a VTK PolyData (.vtp) file from file name 'c:\Users\tomas\Documents\OpenSim\4.5\Models\Rajagopal_OpenSense\skel_models_v1.1\skel_models_v1.1\Geometry\ulna.vtp' failed with message:
  SimTK Exception thrown at Xml.cpp:108:
  Error detected by Simbody method Xml::readFromFile(): Failed to load the Xml file 'c:\Users\tomas\Documents\OpenSim\4.5\Models\Rajagopal_OpenSense\skel_models_v1.1\skel_models_v1.1\Geometry\ulna.vtp' with error 'Failed to open file (line=0, col=0)'.
  (Required condition 'loadOK' was not met.)

  (Required condition '!"failed"' was not met.)

[2025-10-25 23:43:07.616] [warning] Visualizer couldn't open ulna_l.vtp because: SimTK Exception thrown at PolygonalMesh.cpp:411:
  Error detected by Simbody method PolygonalMesh::loadVtpFile(): Attempt to load a VTK PolyData (.vtp) file from file name 'c:\Users\tomas\Documents\OpenSim\4.5\Models\Rajagopal_OpenSense\skel_models_v1.1\skel_models_v1.1\Geometry\ulna_l.vtp' failed with message:
  SimTK Exception thrown at Xml.cpp:108:
  Error detected by Simbody method Xml::readFromFile(): Failed to load the Xml file 'c:\Users\tomas\Documents\OpenSim\4.5\Models\Rajagopal_OpenSense\skel_models_v1.1\skel_models_v1.1\Geometry\ulna_l.vtp' with error 'Failed to open file (line=0, col=0)'.
  (Required condition 'loadOK' was not met.)

  (Required condition '!"failed"' was not met.)

[2025-10-25 23:43:07.617] [warning] Visualizer couldn't open radius.vtp because: SimTK Exception thrown at PolygonalMesh.cpp:411:
  Error detected by Simbody method PolygonalMesh::loadVtpFile(): Attempt to load a VTK PolyData (.vtp) file from file name 'c:\Users\tomas\Documents\OpenSim\4.5\Models\Rajagopal_OpenSense\skel_models_v1.1\skel_models_v1.1\Geometry\radius.vtp' failed with message:
  SimTK Exception thrown at Xml.cpp:108:
  Error detected by Simbody method Xml::readFromFile(): Failed to load the Xml file 'c:\Users\tomas\Documents\OpenSim\4.5\Models\Rajagopal_OpenSense\skel_models_v1.1\skel_models_v1.1\Geometry\radius.vtp' with error 'Failed to open file (line=0, col=0)'.
  (Required condition 'loadOK' was not met.)

  (Required condition '!"failed"' was not met.)

[2025-10-25 23:43:07.617] [warning] Visualizer couldn't open radius_l.vtp because: SimTK Exception thrown at PolygonalMesh.cpp:411:
  Error detected by Simbody method PolygonalMesh::loadVtpFile(): Attempt to load a VTK PolyData (.vtp) file from file name 'c:\Users\tomas\Documents\OpenSim\4.5\Models\Rajagopal_OpenSense\skel_models_v1.1\skel_models_v1.1\Geometry\radius_l.vtp' failed with message:
  SimTK Exception thrown at Xml.cpp:108:
  Error detected by Simbody method Xml::readFromFile(): Failed to load the Xml file 'c:\Users\tomas\Documents\OpenSim\4.5\Models\Rajagopal_OpenSense\skel_models_v1.1\skel_models_v1.1\Geometry\radius_l.vtp' with error 'Failed to open file (line=0, col=0)'.
  (Required condition 'loadOK' was not met.)

  (Required condition '!"failed"' was not met.)

[2025-10-25 23:43:07.618] [warning] Visualizer couldn't open lunate.vtp because: SimTK Exception thrown at PolygonalMesh.cpp:411:
  Error detected by Simbody method PolygonalMesh::loadVtpFile(): Attempt to load a VTK PolyData (.vtp) file from file name 'c:\Users\tomas\Documents\OpenSim\4.5\Models\Rajagopal_OpenSense\skel_models_v1.1\skel_models_v1.1\Geometry\lunate.vtp' failed with message:
  SimTK Exception thrown at Xml.cpp:108:
  Error detected by Simbody method Xml::readFromFile(): Failed to load the Xml file 'c:\Users\tomas\Documents\OpenSim\4.5\Models\Rajagopal_OpenSense\skel_models_v1.1\skel_models_v1.1\Geometry\lunate.vtp' with error 'Failed to open file (line=0, col=0)'.
  (Required condition 'loadOK' was not met.)

  (Required condition '!"failed"' was not met.)

[2025-10-25 23:43:07.618] [warning] Visualizer couldn't open lunate.vtp because: SimTK Exception thrown at PolygonalMesh.cpp:411:
  Error detected by Simbody method PolygonalMesh::loadVtpFile(): Attempt to load a VTK PolyData (.vtp) file from file name 'c:\Users\tomas\Documents\OpenSim\4.5\Models\Rajagopal_OpenSense\skel_models_v1.1\skel_models_v1.1\Geometry\lunate.vtp' failed with message:
  SimTK Exception thrown at Xml.cpp:108:
  Error detected by Simbody method Xml::readFromFile(): Failed to load the Xml file 'c:\Users\tomas\Documents\OpenSim\4.5\Models\Rajagopal_OpenSense\skel_models_v1.1\skel_models_v1.1\Geometry\lunate.vtp' with error 'Failed to open file (line=0, col=0)'.
  (Required condition 'loadOK' was not met.)

  (Required condition '!"failed"' was not met.)

[2025-10-25 23:43:07.619] [warning] Visualizer couldn't open lunate_l.vtp because: SimTK Exception thrown at PolygonalMesh.cpp:411:
  Error detected by Simbody method PolygonalMesh::loadVtpFile(): Attempt to load a VTK PolyData (.vtp) file from file name 'c:\Users\tomas\Documents\OpenSim\4.5\Models\Rajagopal_OpenSense\skel_models_v1.1\skel_models_v1.1\Geometry\lunate_l.vtp' failed with message:
  SimTK Exception thrown at Xml.cpp:108:
  Error detected by Simbody method Xml::readFromFile(): Failed to load the Xml file 'c:\Users\tomas\Documents\OpenSim\4.5\Models\Rajagopal_OpenSense\skel_models_v1.1\skel_models_v1.1\Geometry\lunate_l.vtp' with error 'Failed to open file (line=0, col=0)'.
  (Required condition 'loadOK' was not met.)

  (Required condition '!"failed"' was not met.)

[2025-10-25 23:43:07.623] [info] InverseKinematicsSolver found 5 model frames to track.
[2025-10-25 23:43:10.057] [info] Loaded model Deniz_BSM_Scale from file C:\Users\tomas\Documents\OpenSim\4.5\Models\Rajagopal_OpenSense\skel_models_v1.1\skel_models_v1.1\Deniz_Elbow_FlexionExtension_calibrated.osim
[2025-10-25 23:43:10.060] [warning] Couldn't find file 'sacrum.vtp'.
[2025-10-25 23:43:10.060] [warning] Couldn't find file 'r_femur.vtp'.
[2025-10-25 23:43:10.061] [warning] Couldn't find file 'r_fibula.vtp'.
[2025-10-25 23:43:10.062] [warning] Couldn't find file 'r_patella.vtp'.
[2025-10-25 23:43:10.063] [warning] Couldn't find file 'r_talus.vtp'.
[2025-10-25 23:43:10.064] [warning] Couldn't find file 'r_foot.vtp'.
[2025-10-25 23:43:10.064] [warning] Couldn't find file 'r_bofoot.vtp'.
[2025-10-25 23:43:10.065] [warning] Couldn't find file 'l_femur.vtp'.
[2025-10-25 23:43:10.065] [warning] Couldn't find file 'l_fibula.vtp'.
[2025-10-25 23:43:10.065] [warning] Couldn't find file 'l_patella.vtp'.
[2025-10-25 23:43:10.066] [warning] Couldn't find file 'l_talus.vtp'.
[2025-10-25 23:43:10.066] [warning] Couldn't find file 'l_foot.vtp'.
[2025-10-25 23:43:10.066] [warning] Couldn't find file 'l_bofoot.vtp'.
[2025-10-25 23:43:10.067] [warning] Couldn't find file 'cervical_spine.vtp'.
[2025-10-25 23:43:10.067] [warning] Couldn't find file 'lumbar_spine.vtp'.
[2025-10-25 23:43:10.068] [warning] Couldn't find file 'thorax.vtp'.
[2025-10-25 23:43:10.068] [warning] Couldn't find file 'scapula.vtp'.
[2025-10-25 23:43:10.069] [warning] Couldn't find file 'scapula_l.vtp'.
[2025-10-25 23:43:10.070] [warning] Couldn't find file 'humerus.vtp'.
[2025-10-25 23:43:10.071] [warning] Couldn't find file 'humerus_l.vtp'.
[2025-10-25 23:43:10.071] [warning] Couldn't find file 'ulna.vtp'.
[2025-10-25 23:43:10.072] [warning] Couldn't find file 'ulna_l.vtp'.
[2025-10-25 23:43:10.073] [warning] Couldn't find file 'radius.vtp'.
[2025-10-25 23:43:10.073] [warning] Couldn't find file 'radius_l.vtp'.
[2025-10-25 23:43:10.074] [warning] Couldn't find file 'lunate.vtp'.
[2025-10-25 23:43:10.074] [warning] Couldn't find file 'lunate.vtp'.
[2025-10-25 23:43:10.075] [warning] Couldn't find file 'lunate_l.vtp'.
[2025-10-25 23:43:10.422] [info] Loading orientations as quaternions from 'C:\Users\tomas\Documents\OpenSim\4.5\Models\Rajagopal_OpenSense\6imus\Deniz_Elbow_FlexionExtension.sto'...
[2025-10-25 23:43:10.573] [warning] Visualizer couldn't open sacrum.vtp because: SimTK Exception thrown at PolygonalMesh.cpp:411:
  Error detected by Simbody method PolygonalMesh::loadVtpFile(): Attempt to load a VTK PolyData (.vtp) file from file name 'c:\Users\tomas\Documents\OpenSim\4.5\Models\Rajagopal_OpenSense\skel_models_v1.1\skel_models_v1.1\Geometry\sacrum.vtp' failed with message:
  SimTK Exception thrown at Xml.cpp:108:
  Error detected by Simbody method Xml::readFromFile(): Failed to load the Xml file 'c:\Users\tomas\Documents\OpenSim\4.5\Models\Rajagopal_OpenSense\skel_models_v1.1\skel_models_v1.1\Geometry\sacrum.vtp' with error 'Failed to open file (line=0, col=0)'.
  (Required condition 'loadOK' was not met.)

  (Required condition '!"failed"' was not met.)

[2025-10-25 23:43:10.574] [warning] Visualizer couldn't open r_femur.vtp because: SimTK Exception thrown at PolygonalMesh.cpp:411:
  Error detected by Simbody method PolygonalMesh::loadVtpFile(): Attempt to load a VTK PolyData (.vtp) file from file name 'c:\Users\tomas\Documents\OpenSim\4.5\Models\Rajagopal_OpenSense\skel_models_v1.1\skel_models_v1.1\Geometry\r_femur.vtp' failed with message:
  SimTK Exception thrown at Xml.cpp:108:
  Error detected by Simbody method Xml::readFromFile(): Failed to load the Xml file 'c:\Users\tomas\Documents\OpenSim\4.5\Models\Rajagopal_OpenSense\skel_models_v1.1\skel_models_v1.1\Geometry\r_femur.vtp' with error 'Failed to open file (line=0, col=0)'.
  (Required condition 'loadOK' was not met.)

  (Required condition '!"failed"' was not met.)

[2025-10-25 23:43:10.574] [warning] Visualizer couldn't open r_fibula.vtp because: SimTK Exception thrown at PolygonalMesh.cpp:411:
  Error detected by Simbody method PolygonalMesh::loadVtpFile(): Attempt to load a VTK PolyData (.vtp) file from file name 'c:\Users\tomas\Documents\OpenSim\4.5\Models\Rajagopal_OpenSense\skel_models_v1.1\skel_models_v1.1\Geometry\r_fibula.vtp' failed with message:
  SimTK Exception thrown at Xml.cpp:108:
  Error detected by Simbody method Xml::readFromFile(): Failed to load the Xml file 'c:\Users\tomas\Documents\OpenSim\4.5\Models\Rajagopal_OpenSense\skel_models_v1.1\skel_models_v1.1\Geometry\r_fibula.vtp' with error 'Failed to open file (line=0, col=0)'.
  (Required condition 'loadOK' was not met.)

  (Required condition '!"failed"' was not met.)

[2025-10-25 23:43:10.574] [warning] Visualizer couldn't open r_patella.vtp because: SimTK Exception thrown at PolygonalMesh.cpp:411:
  Error detected by Simbody method PolygonalMesh::loadVtpFile(): Attempt to load a VTK PolyData (.vtp) file from file name 'c:\Users\tomas\Documents\OpenSim\4.5\Models\Rajagopal_OpenSense\skel_models_v1.1\skel_models_v1.1\Geometry\r_patella.vtp' failed with message:
  SimTK Exception thrown at Xml.cpp:108:
  Error detected by Simbody method Xml::readFromFile(): Failed to load the Xml file 'c:\Users\tomas\Documents\OpenSim\4.5\Models\Rajagopal_OpenSense\skel_models_v1.1\skel_models_v1.1\Geometry\r_patella.vtp' with error 'Failed to open file (line=0, col=0)'.
  (Required condition 'loadOK' was not met.)

  (Required condition '!"failed"' was not met.)

[2025-10-25 23:43:10.575] [warning] Visualizer couldn't open r_talus.vtp because: SimTK Exception thrown at PolygonalMesh.cpp:411:
  Error detected by Simbody method PolygonalMesh::loadVtpFile(): Attempt to load a VTK PolyData (.vtp) file from file name 'c:\Users\tomas\Documents\OpenSim\4.5\Models\Rajagopal_OpenSense\skel_models_v1.1\skel_models_v1.1\Geometry\r_talus.vtp' failed with message:
  SimTK Exception thrown at Xml.cpp:108:
  Error detected by Simbody method Xml::readFromFile(): Failed to load the Xml file 'c:\Users\tomas\Documents\OpenSim\4.5\Models\Rajagopal_OpenSense\skel_models_v1.1\skel_models_v1.1\Geometry\r_talus.vtp' with error 'Failed to open file (line=0, col=0)'.
  (Required condition 'loadOK' was not met.)

  (Required condition '!"failed"' was not met.)

[2025-10-25 23:43:10.575] [warning] Visualizer couldn't open r_foot.vtp because: SimTK Exception thrown at PolygonalMesh.cpp:411:
  Error detected by Simbody method PolygonalMesh::loadVtpFile(): Attempt to load a VTK PolyData (.vtp) file from file name 'c:\Users\tomas\Documents\OpenSim\4.5\Models\Rajagopal_OpenSense\skel_models_v1.1\skel_models_v1.1\Geometry\r_foot.vtp' failed with message:
  SimTK Exception thrown at Xml.cpp:108:
  Error detected by Simbody method Xml::readFromFile(): Failed to load the Xml file 'c:\Users\tomas\Documents\OpenSim\4.5\Models\Rajagopal_OpenSense\skel_models_v1.1\skel_models_v1.1\Geometry\r_foot.vtp' with error 'Failed to open file (line=0, col=0)'.
  (Required condition 'loadOK' was not met.)

  (Required condition '!"failed"' was not met.)

[2025-10-25 23:43:10.576] [warning] Visualizer couldn't open r_bofoot.vtp because: SimTK Exception thrown at PolygonalMesh.cpp:411:
  Error detected by Simbody method PolygonalMesh::loadVtpFile(): Attempt to load a VTK PolyData (.vtp) file from file name 'c:\Users\tomas\Documents\OpenSim\4.5\Models\Rajagopal_OpenSense\skel_models_v1.1\skel_models_v1.1\Geometry\r_bofoot.vtp' failed with message:
  SimTK Exception thrown at Xml.cpp:108:
  Error detected by Simbody method Xml::readFromFile(): Failed to load the Xml file 'c:\Users\tomas\Documents\OpenSim\4.5\Models\Rajagopal_OpenSense\skel_models_v1.1\skel_models_v1.1\Geometry\r_bofoot.vtp' with error 'Failed to open file (line=0, col=0)'.
  (Required condition 'loadOK' was not met.)

  (Required condition '!"failed"' was not met.)

[2025-10-25 23:43:10.576] [warning] Visualizer couldn't open l_femur.vtp because: SimTK Exception thrown at PolygonalMesh.cpp:411:
  Error detected by Simbody method PolygonalMesh::loadVtpFile(): Attempt to load a VTK PolyData (.vtp) file from file name 'c:\Users\tomas\Documents\OpenSim\4.5\Models\Rajagopal_OpenSense\skel_models_v1.1\skel_models_v1.1\Geometry\l_femur.vtp' failed with message:
  SimTK Exception thrown at Xml.cpp:108:
  Error detected by Simbody method Xml::readFromFile(): Failed to load the Xml file 'c:\Users\tomas\Documents\OpenSim\4.5\Models\Rajagopal_OpenSense\skel_models_v1.1\skel_models_v1.1\Geometry\l_femur.vtp' with error 'Failed to open file (line=0, col=0)'.
  (Required condition 'loadOK' was not met.)

  (Required condition '!"failed"' was not met.)

[2025-10-25 23:43:10.577] [warning] Visualizer couldn't open l_fibula.vtp because: SimTK Exception thrown at PolygonalMesh.cpp:411:
  Error detected by Simbody method PolygonalMesh::loadVtpFile(): Attempt to load a VTK PolyData (.vtp) file from file name 'c:\Users\tomas\Documents\OpenSim\4.5\Models\Rajagopal_OpenSense\skel_models_v1.1\skel_models_v1.1\Geometry\l_fibula.vtp' failed with message:
  SimTK Exception thrown at Xml.cpp:108:
  Error detected by Simbody method Xml::readFromFile(): Failed to load the Xml file 'c:\Users\tomas\Documents\OpenSim\4.5\Models\Rajagopal_OpenSense\skel_models_v1.1\skel_models_v1.1\Geometry\l_fibula.vtp' with error 'Failed to open file (line=0, col=0)'.
  (Required condition 'loadOK' was not met.)

  (Required condition '!"failed"' was not met.)

[2025-10-25 23:43:10.578] [warning] Visualizer couldn't open l_patella.vtp because: SimTK Exception thrown at PolygonalMesh.cpp:411:
  Error detected by Simbody method PolygonalMesh::loadVtpFile(): Attempt to load a VTK PolyData (.vtp) file from file name 'c:\Users\tomas\Documents\OpenSim\4.5\Models\Rajagopal_OpenSense\skel_models_v1.1\skel_models_v1.1\Geometry\l_patella.vtp' failed with message:
  SimTK Exception thrown at Xml.cpp:108:
  Error detected by Simbody method Xml::readFromFile(): Failed to load the Xml file 'c:\Users\tomas\Documents\OpenSim\4.5\Models\Rajagopal_OpenSense\skel_models_v1.1\skel_models_v1.1\Geometry\l_patella.vtp' with error 'Failed to open file (line=0, col=0)'.
  (Required condition 'loadOK' was not met.)

  (Required condition '!"failed"' was not met.)

[2025-10-25 23:43:10.578] [warning] Visualizer couldn't open l_talus.vtp because: SimTK Exception thrown at PolygonalMesh.cpp:411:
  Error detected by Simbody method PolygonalMesh::loadVtpFile(): Attempt to load a VTK PolyData (.vtp) file from file name 'c:\Users\tomas\Documents\OpenSim\4.5\Models\Rajagopal_OpenSense\skel_models_v1.1\skel_models_v1.1\Geometry\l_talus.vtp' failed with message:
  SimTK Exception thrown at Xml.cpp:108:
  Error detected by Simbody method Xml::readFromFile(): Failed to load the Xml file 'c:\Users\tomas\Documents\OpenSim\4.5\Models\Rajagopal_OpenSense\skel_models_v1.1\skel_models_v1.1\Geometry\l_talus.vtp' with error 'Failed to open file (line=0, col=0)'.
  (Required condition 'loadOK' was not met.)

  (Required condition '!"failed"' was not met.)

[2025-10-25 23:43:10.579] [warning] Visualizer couldn't open l_foot.vtp because: SimTK Exception thrown at PolygonalMesh.cpp:411:
  Error detected by Simbody method PolygonalMesh::loadVtpFile(): Attempt to load a VTK PolyData (.vtp) file from file name 'c:\Users\tomas\Documents\OpenSim\4.5\Models\Rajagopal_OpenSense\skel_models_v1.1\skel_models_v1.1\Geometry\l_foot.vtp' failed with message:
  SimTK Exception thrown at Xml.cpp:108:
  Error detected by Simbody method Xml::readFromFile(): Failed to load the Xml file 'c:\Users\tomas\Documents\OpenSim\4.5\Models\Rajagopal_OpenSense\skel_models_v1.1\skel_models_v1.1\Geometry\l_foot.vtp' with error 'Failed to open file (line=0, col=0)'.
  (Required condition 'loadOK' was not met.)

  (Required condition '!"failed"' was not met.)

[2025-10-25 23:43:10.579] [warning] Visualizer couldn't open l_bofoot.vtp because: SimTK Exception thrown at PolygonalMesh.cpp:411:
  Error detected by Simbody method PolygonalMesh::loadVtpFile(): Attempt to load a VTK PolyData (.vtp) file from file name 'c:\Users\tomas\Documents\OpenSim\4.5\Models\Rajagopal_OpenSense\skel_models_v1.1\skel_models_v1.1\Geometry\l_bofoot.vtp' failed with message:
  SimTK Exception thrown at Xml.cpp:108:
  Error detected by Simbody method Xml::readFromFile(): Failed to load the Xml file 'c:\Users\tomas\Documents\OpenSim\4.5\Models\Rajagopal_OpenSense\skel_models_v1.1\skel_models_v1.1\Geometry\l_bofoot.vtp' with error 'Failed to open file (line=0, col=0)'.
  (Required condition 'loadOK' was not met.)

  (Required condition '!"failed"' was not met.)

[2025-10-25 23:43:10.580] [warning] Visualizer couldn't open cervical_spine.vtp because: SimTK Exception thrown at PolygonalMesh.cpp:411:
  Error detected by Simbody method PolygonalMesh::loadVtpFile(): Attempt to load a VTK PolyData (.vtp) file from file name 'c:\Users\tomas\Documents\OpenSim\4.5\Models\Rajagopal_OpenSense\skel_models_v1.1\skel_models_v1.1\Geometry\cervical_spine.vtp' failed with message:
  SimTK Exception thrown at Xml.cpp:108:
  Error detected by Simbody method Xml::readFromFile(): Failed to load the Xml file 'c:\Users\tomas\Documents\OpenSim\4.5\Models\Rajagopal_OpenSense\skel_models_v1.1\skel_models_v1.1\Geometry\cervical_spine.vtp' with error 'Failed to open file (line=0, col=0)'.
  (Required condition 'loadOK' was not met.)

  (Required condition '!"failed"' was not met.)

[2025-10-25 23:43:10.580] [warning] Visualizer couldn't open lumbar_spine.vtp because: SimTK Exception thrown at PolygonalMesh.cpp:411:
  Error detected by Simbody method PolygonalMesh::loadVtpFile(): Attempt to load a VTK PolyData (.vtp) file from file name 'c:\Users\tomas\Documents\OpenSim\4.5\Models\Rajagopal_OpenSense\skel_models_v1.1\skel_models_v1.1\Geometry\lumbar_spine.vtp' failed with message:
  SimTK Exception thrown at Xml.cpp:108:
  Error detected by Simbody method Xml::readFromFile(): Failed to load the Xml file 'c:\Users\tomas\Documents\OpenSim\4.5\Models\Rajagopal_OpenSense\skel_models_v1.1\skel_models_v1.1\Geometry\lumbar_spine.vtp' with error 'Failed to open file (line=0, col=0)'.
  (Required condition 'loadOK' was not met.)

  (Required condition '!"failed"' was not met.)

[2025-10-25 23:43:10.581] [warning] Visualizer couldn't open thorax.vtp because: SimTK Exception thrown at PolygonalMesh.cpp:411:
  Error detected by Simbody method PolygonalMesh::loadVtpFile(): Attempt to load a VTK PolyData (.vtp) file from file name 'c:\Users\tomas\Documents\OpenSim\4.5\Models\Rajagopal_OpenSense\skel_models_v1.1\skel_models_v1.1\Geometry\thorax.vtp' failed with message:
  SimTK Exception thrown at Xml.cpp:108:
  Error detected by Simbody method Xml::readFromFile(): Failed to load the Xml file 'c:\Users\tomas\Documents\OpenSim\4.5\Models\Rajagopal_OpenSense\skel_models_v1.1\skel_models_v1.1\Geometry\thorax.vtp' with error 'Failed to open file (line=0, col=0)'.
  (Required condition 'loadOK' was not met.)

  (Required condition '!"failed"' was not met.)

[2025-10-25 23:43:10.581] [warning] Visualizer couldn't open scapula.vtp because: SimTK Exception thrown at PolygonalMesh.cpp:411:
  Error detected by Simbody method PolygonalMesh::loadVtpFile(): Attempt to load a VTK PolyData (.vtp) file from file name 'c:\Users\tomas\Documents\OpenSim\4.5\Models\Rajagopal_OpenSense\skel_models_v1.1\skel_models_v1.1\Geometry\scapula.vtp' failed with message:
  SimTK Exception thrown at Xml.cpp:108:
  Error detected by Simbody method Xml::readFromFile(): Failed to load the Xml file 'c:\Users\tomas\Documents\OpenSim\4.5\Models\Rajagopal_OpenSense\skel_models_v1.1\skel_models_v1.1\Geometry\scapula.vtp' with error 'Failed to open file (line=0, col=0)'.
  (Required condition 'loadOK' was not met.)

  (Required condition '!"failed"' was not met.)

[2025-10-25 23:43:10.582] [warning] Visualizer couldn't open scapula_l.vtp because: SimTK Exception thrown at PolygonalMesh.cpp:411:
  Error detected by Simbody method PolygonalMesh::loadVtpFile(): Attempt to load a VTK PolyData (.vtp) file from file name 'c:\Users\tomas\Documents\OpenSim\4.5\Models\Rajagopal_OpenSense\skel_models_v1.1\skel_models_v1.1\Geometry\scapula_l.vtp' failed with message:
  SimTK Exception thrown at Xml.cpp:108:
  Error detected by Simbody method Xml::readFromFile(): Failed to load the Xml file 'c:\Users\tomas\Documents\OpenSim\4.5\Models\Rajagopal_OpenSense\skel_models_v1.1\skel_models_v1.1\Geometry\scapula_l.vtp' with error 'Failed to open file (line=0, col=0)'.
  (Required condition 'loadOK' was not met.)

  (Required condition '!"failed"' was not met.)

[2025-10-25 23:43:10.582] [warning] Visualizer couldn't open humerus.vtp because: SimTK Exception thrown at PolygonalMesh.cpp:411:
  Error detected by Simbody method PolygonalMesh::loadVtpFile(): Attempt to load a VTK PolyData (.vtp) file from file name 'c:\Users\tomas\Documents\OpenSim\4.5\Models\Rajagopal_OpenSense\skel_models_v1.1\skel_models_v1.1\Geometry\humerus.vtp' failed with message:
  SimTK Exception thrown at Xml.cpp:108:
  Error detected by Simbody method Xml::readFromFile(): Failed to load the Xml file 'c:\Users\tomas\Documents\OpenSim\4.5\Models\Rajagopal_OpenSense\skel_models_v1.1\skel_models_v1.1\Geometry\humerus.vtp' with error 'Failed to open file (line=0, col=0)'.
  (Required condition 'loadOK' was not met.)

  (Required condition '!"failed"' was not met.)

[2025-10-25 23:43:10.583] [warning] Visualizer couldn't open humerus_l.vtp because: SimTK Exception thrown at PolygonalMesh.cpp:411:
  Error detected by Simbody method PolygonalMesh::loadVtpFile(): Attempt to load a VTK PolyData (.vtp) file from file name 'c:\Users\tomas\Documents\OpenSim\4.5\Models\Rajagopal_OpenSense\skel_models_v1.1\skel_models_v1.1\Geometry\humerus_l.vtp' failed with message:
  SimTK Exception thrown at Xml.cpp:108:
  Error detected by Simbody method Xml::readFromFile(): Failed to load the Xml file 'c:\Users\tomas\Documents\OpenSim\4.5\Models\Rajagopal_OpenSense\skel_models_v1.1\skel_models_v1.1\Geometry\humerus_l.vtp' with error 'Failed to open file (line=0, col=0)'.
  (Required condition 'loadOK' was not met.)

  (Required condition '!"failed"' was not met.)

[2025-10-25 23:43:10.583] [warning] Visualizer couldn't open ulna.vtp because: SimTK Exception thrown at PolygonalMesh.cpp:411:
  Error detected by Simbody method PolygonalMesh::loadVtpFile(): Attempt to load a VTK PolyData (.vtp) file from file name 'c:\Users\tomas\Documents\OpenSim\4.5\Models\Rajagopal_OpenSense\skel_models_v1.1\skel_models_v1.1\Geometry\ulna.vtp' failed with message:
  SimTK Exception thrown at Xml.cpp:108:
  Error detected by Simbody method Xml::readFromFile(): Failed to load the Xml file 'c:\Users\tomas\Documents\OpenSim\4.5\Models\Rajagopal_OpenSense\skel_models_v1.1\skel_models_v1.1\Geometry\ulna.vtp' with error 'Failed to open file (line=0, col=0)'.
  (Required condition 'loadOK' was not met.)

  (Required condition '!"failed"' was not met.)

[2025-10-25 23:43:10.584] [warning] Visualizer couldn't open ulna_l.vtp because: SimTK Exception thrown at PolygonalMesh.cpp:411:
  Error detected by Simbody method PolygonalMesh::loadVtpFile(): Attempt to load a VTK PolyData (.vtp) file from file name 'c:\Users\tomas\Documents\OpenSim\4.5\Models\Rajagopal_OpenSense\skel_models_v1.1\skel_models_v1.1\Geometry\ulna_l.vtp' failed with message:
  SimTK Exception thrown at Xml.cpp:108:
  Error detected by Simbody method Xml::readFromFile(): Failed to load the Xml file 'c:\Users\tomas\Documents\OpenSim\4.5\Models\Rajagopal_OpenSense\skel_models_v1.1\skel_models_v1.1\Geometry\ulna_l.vtp' with error 'Failed to open file (line=0, col=0)'.
  (Required condition 'loadOK' was not met.)

  (Required condition '!"failed"' was not met.)

[2025-10-25 23:43:10.584] [warning] Visualizer couldn't open radius.vtp because: SimTK Exception thrown at PolygonalMesh.cpp:411:
  Error detected by Simbody method PolygonalMesh::loadVtpFile(): Attempt to load a VTK PolyData (.vtp) file from file name 'c:\Users\tomas\Documents\OpenSim\4.5\Models\Rajagopal_OpenSense\skel_models_v1.1\skel_models_v1.1\Geometry\radius.vtp' failed with message:
  SimTK Exception thrown at Xml.cpp:108:
  Error detected by Simbody method Xml::readFromFile(): Failed to load the Xml file 'c:\Users\tomas\Documents\OpenSim\4.5\Models\Rajagopal_OpenSense\skel_models_v1.1\skel_models_v1.1\Geometry\radius.vtp' with error 'Failed to open file (line=0, col=0)'.
  (Required condition 'loadOK' was not met.)

  (Required condition '!"failed"' was not met.)

[2025-10-25 23:43:10.584] [warning] Visualizer couldn't open radius_l.vtp because: SimTK Exception thrown at PolygonalMesh.cpp:411:
  Error detected by Simbody method PolygonalMesh::loadVtpFile(): Attempt to load a VTK PolyData (.vtp) file from file name 'c:\Users\tomas\Documents\OpenSim\4.5\Models\Rajagopal_OpenSense\skel_models_v1.1\skel_models_v1.1\Geometry\radius_l.vtp' failed with message:
  SimTK Exception thrown at Xml.cpp:108:
  Error detected by Simbody method Xml::readFromFile(): Failed to load the Xml file 'c:\Users\tomas\Documents\OpenSim\4.5\Models\Rajagopal_OpenSense\skel_models_v1.1\skel_models_v1.1\Geometry\radius_l.vtp' with error 'Failed to open file (line=0, col=0)'.
  (Required condition 'loadOK' was not met.)

  (Required condition '!"failed"' was not met.)

[2025-10-25 23:43:10.585] [warning] Visualizer couldn't open lunate.vtp because: SimTK Exception thrown at PolygonalMesh.cpp:411:
  Error detected by Simbody method PolygonalMesh::loadVtpFile(): Attempt to load a VTK PolyData (.vtp) file from file name 'c:\Users\tomas\Documents\OpenSim\4.5\Models\Rajagopal_OpenSense\skel_models_v1.1\skel_models_v1.1\Geometry\lunate.vtp' failed with message:
  SimTK Exception thrown at Xml.cpp:108:
  Error detected by Simbody method Xml::readFromFile(): Failed to load the Xml file 'c:\Users\tomas\Documents\OpenSim\4.5\Models\Rajagopal_OpenSense\skel_models_v1.1\skel_models_v1.1\Geometry\lunate.vtp' with error 'Failed to open file (line=0, col=0)'.
  (Required condition 'loadOK' was not met.)

  (Required condition '!"failed"' was not met.)

[2025-10-25 23:43:10.585] [warning] Visualizer couldn't open lunate.vtp because: SimTK Exception thrown at PolygonalMesh.cpp:411:
  Error detected by Simbody method PolygonalMesh::loadVtpFile(): Attempt to load a VTK PolyData (.vtp) file from file name 'c:\Users\tomas\Documents\OpenSim\4.5\Models\Rajagopal_OpenSense\skel_models_v1.1\skel_models_v1.1\Geometry\lunate.vtp' failed with message:
  SimTK Exception thrown at Xml.cpp:108:
  Error detected by Simbody method Xml::readFromFile(): Failed to load the Xml file 'c:\Users\tomas\Documents\OpenSim\4.5\Models\Rajagopal_OpenSense\skel_models_v1.1\skel_models_v1.1\Geometry\lunate.vtp' with error 'Failed to open file (line=0, col=0)'.
  (Required condition 'loadOK' was not met.)

  (Required condition '!"failed"' was not met.)

[2025-10-25 23:43:10.585] [warning] Visualizer couldn't open lunate_l.vtp because: SimTK Exception thrown at PolygonalMesh.cpp:411:
  Error detected by Simbody method PolygonalMesh::loadVtpFile(): Attempt to load a VTK PolyData (.vtp) file from file name 'c:\Users\tomas\Documents\OpenSim\4.5\Models\Rajagopal_OpenSense\skel_models_v1.1\skel_models_v1.1\Geometry\lunate_l.vtp' failed with message:
  SimTK Exception thrown at Xml.cpp:108:
  Error detected by Simbody method Xml::readFromFile(): Failed to load the Xml file 'c:\Users\tomas\Documents\OpenSim\4.5\Models\Rajagopal_OpenSense\skel_models_v1.1\skel_models_v1.1\Geometry\lunate_l.vtp' with error 'Failed to open file (line=0, col=0)'.
  (Required condition 'loadOK' was not met.)

  (Required condition '!"failed"' was not met.)

[2025-10-25 23:43:10.588] [info] InverseKinematicsSolver found 5 model frames to track.
[2025-10-25 23:51:33.819] [info] Loaded model Deniz_BSM_Scale from file C:\Users\tomas\Documents\OpenSim\4.5\Models\Rajagopal_OpenSense\skel_models_v1.1\skel_models_v1.1\Deniz_bsm_scaled.osim
[2025-10-25 23:51:33.822] [warning] Couldn't find file 'sacrum.vtp'.
[2025-10-25 23:51:33.824] [warning] Couldn't find file 'r_femur.vtp'.
[2025-10-25 23:51:33.824] [warning] Couldn't find file 'r_fibula.vtp'.
[2025-10-25 23:51:33.825] [warning] Couldn't find file 'r_patella.vtp'.
[2025-10-25 23:51:33.825] [warning] Couldn't find file 'r_talus.vtp'.
[2025-10-25 23:51:33.826] [warning] Couldn't find file 'r_foot.vtp'.
[2025-10-25 23:51:33.826] [warning] Couldn't find file 'r_bofoot.vtp'.
[2025-10-25 23:51:33.827] [warning] Couldn't find file 'l_femur.vtp'.
[2025-10-25 23:51:33.827] [warning] Couldn't find file 'l_fibula.vtp'.
[2025-10-25 23:51:33.828] [warning] Couldn't find file 'l_patella.vtp'.
[2025-10-25 23:51:33.830] [warning] Couldn't find file 'l_talus.vtp'.
[2025-10-25 23:51:33.830] [warning] Couldn't find file 'l_foot.vtp'.
[2025-10-25 23:51:33.831] [warning] Couldn't find file 'l_bofoot.vtp'.
[2025-10-25 23:51:33.833] [warning] Couldn't find file 'cervical_spine.vtp'.
[2025-10-25 23:51:33.833] [warning] Couldn't find file 'lumbar_spine.vtp'.
[2025-10-25 23:51:33.834] [warning] Couldn't find file 'thorax.vtp'.
[2025-10-25 23:51:33.835] [warning] Couldn't find file 'scapula.vtp'.
[2025-10-25 23:51:33.836] [warning] Couldn't find file 'scapula_l.vtp'.
[2025-10-25 23:51:33.840] [warning] Couldn't find file 'humerus.vtp'.
[2025-10-25 23:51:33.840] [warning] Couldn't find file 'humerus_l.vtp'.
[2025-10-25 23:51:33.841] [warning] Couldn't find file 'ulna.vtp'.
[2025-10-25 23:51:33.842] [warning] Couldn't find file 'ulna_l.vtp'.
[2025-10-25 23:51:33.842] [warning] Couldn't find file 'radius.vtp'.
[2025-10-25 23:51:33.843] [warning] Couldn't find file 'radius_l.vtp'.
[2025-10-25 23:51:33.843] [warning] Couldn't find file 'lunate.vtp'.
[2025-10-25 23:51:33.843] [warning] Couldn't find file 'lunate.vtp'.
[2025-10-25 23:51:33.844] [warning] Couldn't find file 'lunate_l.vtp'.
[2025-10-25 23:51:34.120] [info] No heading correction is applied.
[2025-10-25 23:51:34.128] [info] Processing pelvis_imu
[2025-10-25 23:51:34.128] [info] Computed offset for pelvis_imu
[2025-10-25 23:51:34.128] [info] Offset is 
[0.0278963,-0.0996054,-0.994636]
[-0.998451,-0.0506895,-0.0229272]
[-0.048134,0.993735,-0.100865]

[2025-10-25 23:51:34.129] [info] Creating offset frame for pelvis_imu
[2025-10-25 23:51:34.135] [info] Added offset frame for pelvis_imu.
[2025-10-25 23:51:34.135] [info] pelvis_imu offset computed from pelvis_imu data from file.
[2025-10-25 23:51:34.135] [info] Processing torso_imu
[2025-10-25 23:51:34.135] [info] Processing scapula_r_imu
[2025-10-25 23:51:34.135] [info] Computed offset for scapula_r_imu
[2025-10-25 23:51:34.135] [info] Offset is 
[0.529563,-0.0770543,-0.844764]
[-0.415832,-0.891581,-0.179351]
[-0.739356,0.446257,-0.50419]

[2025-10-25 23:51:34.136] [info] Creating offset frame for scapula_r_imu
[2025-10-25 23:51:34.140] [info] Added offset frame for scapula_r_imu.
[2025-10-25 23:51:34.140] [info] scapula_r_imu offset computed from scapula_r_imu data from file.
[2025-10-25 23:51:34.140] [info] Processing humerus_r_imu
[2025-10-25 23:51:34.140] [info] Computed offset for humerus_r_imu
[2025-10-25 23:51:34.141] [info] Offset is 
[0.708572,0.333192,-0.62202]
[-0.648756,-0.0391328,-0.75999]
[-0.277564,0.942047,0.188431]

[2025-10-25 23:51:34.141] [info] Creating offset frame for humerus_r_imu
[2025-10-25 23:51:34.146] [info] Added offset frame for humerus_r_imu.
[2025-10-25 23:51:34.147] [info] humerus_r_imu offset computed from humerus_r_imu data from file.
[2025-10-25 23:51:34.147] [info] Processing radius_r_imu
[2025-10-25 23:51:34.147] [info] Computed offset for radius_r_imu
[2025-10-25 23:51:34.147] [info] Offset is 
[0.810934,-0.510078,-0.286716]
[-0.484016,-0.309401,-0.818535]
[0.328807,0.802553,-0.49779]

[2025-10-25 23:51:34.148] [info] Creating offset frame for radius_r_imu
[2025-10-25 23:51:34.152] [info] Added offset frame for radius_r_imu.
[2025-10-25 23:51:34.152] [info] radius_r_imu offset computed from radius_r_imu data from file.
[2025-10-25 23:51:34.152] [info] Processing hand_r_imu
[2025-10-25 23:51:34.152] [info] Computed offset for hand_r_imu
[2025-10-25 23:51:34.153] [info] Offset is 
[0.688139,-0.358807,-0.630652]
[-0.707555,-0.139314,-0.69279]
[0.160719,0.922957,-0.349743]

[2025-10-25 23:51:34.153] [info] Creating offset frame for hand_r_imu
[2025-10-25 23:51:34.158] [info] Added offset frame for hand_r_imu.
[2025-10-25 23:51:34.158] [info] hand_r_imu offset computed from hand_r_imu data from file.
[2025-10-25 23:51:34.265] [warning] Visualizer couldn't open sacrum.vtp because: SimTK Exception thrown at PolygonalMesh.cpp:411:
  Error detected by Simbody method PolygonalMesh::loadVtpFile(): Attempt to load a VTK PolyData (.vtp) file from file name 'C:\Users\tomas\Documents\OpenSim\4.5\Models\Rajagopal_OpenSense\skel_models_v1.1\skel_models_v1.1\Geometry\sacrum.vtp' failed with message:
  SimTK Exception thrown at Xml.cpp:108:
  Error detected by Simbody method Xml::readFromFile(): Failed to load the Xml file 'C:\Users\tomas\Documents\OpenSim\4.5\Models\Rajagopal_OpenSense\skel_models_v1.1\skel_models_v1.1\Geometry\sacrum.vtp' with error 'Failed to open file (line=0, col=0)'.
  (Required condition 'loadOK' was not met.)

  (Required condition '!"failed"' was not met.)

[2025-10-25 23:51:34.266] [warning] Visualizer couldn't open r_femur.vtp because: SimTK Exception thrown at PolygonalMesh.cpp:411:
  Error detected by Simbody method PolygonalMesh::loadVtpFile(): Attempt to load a VTK PolyData (.vtp) file from file name 'C:\Users\tomas\Documents\OpenSim\4.5\Models\Rajagopal_OpenSense\skel_models_v1.1\skel_models_v1.1\Geometry\r_femur.vtp' failed with message:
  SimTK Exception thrown at Xml.cpp:108:
  Error detected by Simbody method Xml::readFromFile(): Failed to load the Xml file 'C:\Users\tomas\Documents\OpenSim\4.5\Models\Rajagopal_OpenSense\skel_models_v1.1\skel_models_v1.1\Geometry\r_femur.vtp' with error 'Failed to open file (line=0, col=0)'.
  (Required condition 'loadOK' was not met.)

  (Required condition '!"failed"' was not met.)

[2025-10-25 23:51:34.266] [warning] Visualizer couldn't open r_fibula.vtp because: SimTK Exception thrown at PolygonalMesh.cpp:411:
  Error detected by Simbody method PolygonalMesh::loadVtpFile(): Attempt to load a VTK PolyData (.vtp) file from file name 'C:\Users\tomas\Documents\OpenSim\4.5\Models\Rajagopal_OpenSense\skel_models_v1.1\skel_models_v1.1\Geometry\r_fibula.vtp' failed with message:
  SimTK Exception thrown at Xml.cpp:108:
  Error detected by Simbody method Xml::readFromFile(): Failed to load the Xml file 'C:\Users\tomas\Documents\OpenSim\4.5\Models\Rajagopal_OpenSense\skel_models_v1.1\skel_models_v1.1\Geometry\r_fibula.vtp' with error 'Failed to open file (line=0, col=0)'.
  (Required condition 'loadOK' was not met.)

  (Required condition '!"failed"' was not met.)

[2025-10-25 23:51:34.267] [warning] Visualizer couldn't open r_patella.vtp because: SimTK Exception thrown at PolygonalMesh.cpp:411:
  Error detected by Simbody method PolygonalMesh::loadVtpFile(): Attempt to load a VTK PolyData (.vtp) file from file name 'C:\Users\tomas\Documents\OpenSim\4.5\Models\Rajagopal_OpenSense\skel_models_v1.1\skel_models_v1.1\Geometry\r_patella.vtp' failed with message:
  SimTK Exception thrown at Xml.cpp:108:
  Error detected by Simbody method Xml::readFromFile(): Failed to load the Xml file 'C:\Users\tomas\Documents\OpenSim\4.5\Models\Rajagopal_OpenSense\skel_models_v1.1\skel_models_v1.1\Geometry\r_patella.vtp' with error 'Failed to open file (line=0, col=0)'.
  (Required condition 'loadOK' was not met.)

  (Required condition '!"failed"' was not met.)

[2025-10-25 23:51:34.268] [warning] Visualizer couldn't open r_talus.vtp because: SimTK Exception thrown at PolygonalMesh.cpp:411:
  Error detected by Simbody method PolygonalMesh::loadVtpFile(): Attempt to load a VTK PolyData (.vtp) file from file name 'C:\Users\tomas\Documents\OpenSim\4.5\Models\Rajagopal_OpenSense\skel_models_v1.1\skel_models_v1.1\Geometry\r_talus.vtp' failed with message:
  SimTK Exception thrown at Xml.cpp:108:
  Error detected by Simbody method Xml::readFromFile(): Failed to load the Xml file 'C:\Users\tomas\Documents\OpenSim\4.5\Models\Rajagopal_OpenSense\skel_models_v1.1\skel_models_v1.1\Geometry\r_talus.vtp' with error 'Failed to open file (line=0, col=0)'.
  (Required condition 'loadOK' was not met.)

  (Required condition '!"failed"' was not met.)

[2025-10-25 23:51:34.268] [warning] Visualizer couldn't open r_foot.vtp because: SimTK Exception thrown at PolygonalMesh.cpp:411:
  Error detected by Simbody method PolygonalMesh::loadVtpFile(): Attempt to load a VTK PolyData (.vtp) file from file name 'C:\Users\tomas\Documents\OpenSim\4.5\Models\Rajagopal_OpenSense\skel_models_v1.1\skel_models_v1.1\Geometry\r_foot.vtp' failed with message:
  SimTK Exception thrown at Xml.cpp:108:
  Error detected by Simbody method Xml::readFromFile(): Failed to load the Xml file 'C:\Users\tomas\Documents\OpenSim\4.5\Models\Rajagopal_OpenSense\skel_models_v1.1\skel_models_v1.1\Geometry\r_foot.vtp' with error 'Failed to open file (line=0, col=0)'.
  (Required condition 'loadOK' was not met.)

  (Required condition '!"failed"' was not met.)

[2025-10-25 23:51:34.269] [warning] Visualizer couldn't open r_bofoot.vtp because: SimTK Exception thrown at PolygonalMesh.cpp:411:
  Error detected by Simbody method PolygonalMesh::loadVtpFile(): Attempt to load a VTK PolyData (.vtp) file from file name 'C:\Users\tomas\Documents\OpenSim\4.5\Models\Rajagopal_OpenSense\skel_models_v1.1\skel_models_v1.1\Geometry\r_bofoot.vtp' failed with message:
  SimTK Exception thrown at Xml.cpp:108:
  Error detected by Simbody method Xml::readFromFile(): Failed to load the Xml file 'C:\Users\tomas\Documents\OpenSim\4.5\Models\Rajagopal_OpenSense\skel_models_v1.1\skel_models_v1.1\Geometry\r_bofoot.vtp' with error 'Failed to open file (line=0, col=0)'.
  (Required condition 'loadOK' was not met.)

  (Required condition '!"failed"' was not met.)

[2025-10-25 23:51:34.270] [warning] Visualizer couldn't open l_femur.vtp because: SimTK Exception thrown at PolygonalMesh.cpp:411:
  Error detected by Simbody method PolygonalMesh::loadVtpFile(): Attempt to load a VTK PolyData (.vtp) file from file name 'C:\Users\tomas\Documents\OpenSim\4.5\Models\Rajagopal_OpenSense\skel_models_v1.1\skel_models_v1.1\Geometry\l_femur.vtp' failed with message:
  SimTK Exception thrown at Xml.cpp:108:
  Error detected by Simbody method Xml::readFromFile(): Failed to load the Xml file 'C:\Users\tomas\Documents\OpenSim\4.5\Models\Rajagopal_OpenSense\skel_models_v1.1\skel_models_v1.1\Geometry\l_femur.vtp' with error 'Failed to open file (line=0, col=0)'.
  (Required condition 'loadOK' was not met.)

  (Required condition '!"failed"' was not met.)

[2025-10-25 23:51:34.270] [warning] Visualizer couldn't open l_fibula.vtp because: SimTK Exception thrown at PolygonalMesh.cpp:411:
  Error detected by Simbody method PolygonalMesh::loadVtpFile(): Attempt to load a VTK PolyData (.vtp) file from file name 'C:\Users\tomas\Documents\OpenSim\4.5\Models\Rajagopal_OpenSense\skel_models_v1.1\skel_models_v1.1\Geometry\l_fibula.vtp' failed with message:
  SimTK Exception thrown at Xml.cpp:108:
  Error detected by Simbody method Xml::readFromFile(): Failed to load the Xml file 'C:\Users\tomas\Documents\OpenSim\4.5\Models\Rajagopal_OpenSense\skel_models_v1.1\skel_models_v1.1\Geometry\l_fibula.vtp' with error 'Failed to open file (line=0, col=0)'.
  (Required condition 'loadOK' was not met.)

  (Required condition '!"failed"' was not met.)

[2025-10-25 23:51:34.271] [warning] Visualizer couldn't open l_patella.vtp because: SimTK Exception thrown at PolygonalMesh.cpp:411:
  Error detected by Simbody method PolygonalMesh::loadVtpFile(): Attempt to load a VTK PolyData (.vtp) file from file name 'C:\Users\tomas\Documents\OpenSim\4.5\Models\Rajagopal_OpenSense\skel_models_v1.1\skel_models_v1.1\Geometry\l_patella.vtp' failed with message:
  SimTK Exception thrown at Xml.cpp:108:
  Error detected by Simbody method Xml::readFromFile(): Failed to load the Xml file 'C:\Users\tomas\Documents\OpenSim\4.5\Models\Rajagopal_OpenSense\skel_models_v1.1\skel_models_v1.1\Geometry\l_patella.vtp' with error 'Failed to open file (line=0, col=0)'.
  (Required condition 'loadOK' was not met.)

  (Required condition '!"failed"' was not met.)

[2025-10-25 23:51:34.272] [warning] Visualizer couldn't open l_talus.vtp because: SimTK Exception thrown at PolygonalMesh.cpp:411:
  Error detected by Simbody method PolygonalMesh::loadVtpFile(): Attempt to load a VTK PolyData (.vtp) file from file name 'C:\Users\tomas\Documents\OpenSim\4.5\Models\Rajagopal_OpenSense\skel_models_v1.1\skel_models_v1.1\Geometry\l_talus.vtp' failed with message:
  SimTK Exception thrown at Xml.cpp:108:
  Error detected by Simbody method Xml::readFromFile(): Failed to load the Xml file 'C:\Users\tomas\Documents\OpenSim\4.5\Models\Rajagopal_OpenSense\skel_models_v1.1\skel_models_v1.1\Geometry\l_talus.vtp' with error 'Failed to open file (line=0, col=0)'.
  (Required condition 'loadOK' was not met.)

  (Required condition '!"failed"' was not met.)

[2025-10-25 23:51:34.273] [warning] Visualizer couldn't open l_foot.vtp because: SimTK Exception thrown at PolygonalMesh.cpp:411:
  Error detected by Simbody method PolygonalMesh::loadVtpFile(): Attempt to load a VTK PolyData (.vtp) file from file name 'C:\Users\tomas\Documents\OpenSim\4.5\Models\Rajagopal_OpenSense\skel_models_v1.1\skel_models_v1.1\Geometry\l_foot.vtp' failed with message:
  SimTK Exception thrown at Xml.cpp:108:
  Error detected by Simbody method Xml::readFromFile(): Failed to load the Xml file 'C:\Users\tomas\Documents\OpenSim\4.5\Models\Rajagopal_OpenSense\skel_models_v1.1\skel_models_v1.1\Geometry\l_foot.vtp' with error 'Failed to open file (line=0, col=0)'.
  (Required condition 'loadOK' was not met.)

  (Required condition '!"failed"' was not met.)

[2025-10-25 23:51:34.273] [warning] Visualizer couldn't open l_bofoot.vtp because: SimTK Exception thrown at PolygonalMesh.cpp:411:
  Error detected by Simbody method PolygonalMesh::loadVtpFile(): Attempt to load a VTK PolyData (.vtp) file from file name 'C:\Users\tomas\Documents\OpenSim\4.5\Models\Rajagopal_OpenSense\skel_models_v1.1\skel_models_v1.1\Geometry\l_bofoot.vtp' failed with message:
  SimTK Exception thrown at Xml.cpp:108:
  Error detected by Simbody method Xml::readFromFile(): Failed to load the Xml file 'C:\Users\tomas\Documents\OpenSim\4.5\Models\Rajagopal_OpenSense\skel_models_v1.1\skel_models_v1.1\Geometry\l_bofoot.vtp' with error 'Failed to open file (line=0, col=0)'.
  (Required condition 'loadOK' was not met.)

  (Required condition '!"failed"' was not met.)

[2025-10-25 23:51:34.274] [warning] Visualizer couldn't open cervical_spine.vtp because: SimTK Exception thrown at PolygonalMesh.cpp:411:
  Error detected by Simbody method PolygonalMesh::loadVtpFile(): Attempt to load a VTK PolyData (.vtp) file from file name 'C:\Users\tomas\Documents\OpenSim\4.5\Models\Rajagopal_OpenSense\skel_models_v1.1\skel_models_v1.1\Geometry\cervical_spine.vtp' failed with message:
  SimTK Exception thrown at Xml.cpp:108:
  Error detected by Simbody method Xml::readFromFile(): Failed to load the Xml file 'C:\Users\tomas\Documents\OpenSim\4.5\Models\Rajagopal_OpenSense\skel_models_v1.1\skel_models_v1.1\Geometry\cervical_spine.vtp' with error 'Failed to open file (line=0, col=0)'.
  (Required condition 'loadOK' was not met.)

  (Required condition '!"failed"' was not met.)

[2025-10-25 23:51:34.275] [warning] Visualizer couldn't open lumbar_spine.vtp because: SimTK Exception thrown at PolygonalMesh.cpp:411:
  Error detected by Simbody method PolygonalMesh::loadVtpFile(): Attempt to load a VTK PolyData (.vtp) file from file name 'C:\Users\tomas\Documents\OpenSim\4.5\Models\Rajagopal_OpenSense\skel_models_v1.1\skel_models_v1.1\Geometry\lumbar_spine.vtp' failed with message:
  SimTK Exception thrown at Xml.cpp:108:
  Error detected by Simbody method Xml::readFromFile(): Failed to load the Xml file 'C:\Users\tomas\Documents\OpenSim\4.5\Models\Rajagopal_OpenSense\skel_models_v1.1\skel_models_v1.1\Geometry\lumbar_spine.vtp' with error 'Failed to open file (line=0, col=0)'.
  (Required condition 'loadOK' was not met.)

  (Required condition '!"failed"' was not met.)

[2025-10-25 23:51:34.275] [warning] Visualizer couldn't open thorax.vtp because: SimTK Exception thrown at PolygonalMesh.cpp:411:
  Error detected by Simbody method PolygonalMesh::loadVtpFile(): Attempt to load a VTK PolyData (.vtp) file from file name 'C:\Users\tomas\Documents\OpenSim\4.5\Models\Rajagopal_OpenSense\skel_models_v1.1\skel_models_v1.1\Geometry\thorax.vtp' failed with message:
  SimTK Exception thrown at Xml.cpp:108:
  Error detected by Simbody method Xml::readFromFile(): Failed to load the Xml file 'C:\Users\tomas\Documents\OpenSim\4.5\Models\Rajagopal_OpenSense\skel_models_v1.1\skel_models_v1.1\Geometry\thorax.vtp' with error 'Failed to open file (line=0, col=0)'.
  (Required condition 'loadOK' was not met.)

  (Required condition '!"failed"' was not met.)

[2025-10-25 23:51:34.276] [warning] Visualizer couldn't open scapula.vtp because: SimTK Exception thrown at PolygonalMesh.cpp:411:
  Error detected by Simbody method PolygonalMesh::loadVtpFile(): Attempt to load a VTK PolyData (.vtp) file from file name 'C:\Users\tomas\Documents\OpenSim\4.5\Models\Rajagopal_OpenSense\skel_models_v1.1\skel_models_v1.1\Geometry\scapula.vtp' failed with message:
  SimTK Exception thrown at Xml.cpp:108:
  Error detected by Simbody method Xml::readFromFile(): Failed to load the Xml file 'C:\Users\tomas\Documents\OpenSim\4.5\Models\Rajagopal_OpenSense\skel_models_v1.1\skel_models_v1.1\Geometry\scapula.vtp' with error 'Failed to open file (line=0, col=0)'.
  (Required condition 'loadOK' was not met.)

  (Required condition '!"failed"' was not met.)

[2025-10-25 23:51:34.277] [warning] Visualizer couldn't open scapula_l.vtp because: SimTK Exception thrown at PolygonalMesh.cpp:411:
  Error detected by Simbody method PolygonalMesh::loadVtpFile(): Attempt to load a VTK PolyData (.vtp) file from file name 'C:\Users\tomas\Documents\OpenSim\4.5\Models\Rajagopal_OpenSense\skel_models_v1.1\skel_models_v1.1\Geometry\scapula_l.vtp' failed with message:
  SimTK Exception thrown at Xml.cpp:108:
  Error detected by Simbody method Xml::readFromFile(): Failed to load the Xml file 'C:\Users\tomas\Documents\OpenSim\4.5\Models\Rajagopal_OpenSense\skel_models_v1.1\skel_models_v1.1\Geometry\scapula_l.vtp' with error 'Failed to open file (line=0, col=0)'.
  (Required condition 'loadOK' was not met.)

  (Required condition '!"failed"' was not met.)

[2025-10-25 23:51:34.278] [warning] Visualizer couldn't open humerus.vtp because: SimTK Exception thrown at PolygonalMesh.cpp:411:
  Error detected by Simbody method PolygonalMesh::loadVtpFile(): Attempt to load a VTK PolyData (.vtp) file from file name 'C:\Users\tomas\Documents\OpenSim\4.5\Models\Rajagopal_OpenSense\skel_models_v1.1\skel_models_v1.1\Geometry\humerus.vtp' failed with message:
  SimTK Exception thrown at Xml.cpp:108:
  Error detected by Simbody method Xml::readFromFile(): Failed to load the Xml file 'C:\Users\tomas\Documents\OpenSim\4.5\Models\Rajagopal_OpenSense\skel_models_v1.1\skel_models_v1.1\Geometry\humerus.vtp' with error 'Failed to open file (line=0, col=0)'.
  (Required condition 'loadOK' was not met.)

  (Required condition '!"failed"' was not met.)

[2025-10-25 23:51:34.278] [warning] Visualizer couldn't open humerus_l.vtp because: SimTK Exception thrown at PolygonalMesh.cpp:411:
  Error detected by Simbody method PolygonalMesh::loadVtpFile(): Attempt to load a VTK PolyData (.vtp) file from file name 'C:\Users\tomas\Documents\OpenSim\4.5\Models\Rajagopal_OpenSense\skel_models_v1.1\skel_models_v1.1\Geometry\humerus_l.vtp' failed with message:
  SimTK Exception thrown at Xml.cpp:108:
  Error detected by Simbody method Xml::readFromFile(): Failed to load the Xml file 'C:\Users\tomas\Documents\OpenSim\4.5\Models\Rajagopal_OpenSense\skel_models_v1.1\skel_models_v1.1\Geometry\humerus_l.vtp' with error 'Failed to open file (line=0, col=0)'.
  (Required condition 'loadOK' was not met.)

  (Required condition '!"failed"' was not met.)

[2025-10-25 23:51:34.279] [warning] Visualizer couldn't open ulna.vtp because: SimTK Exception thrown at PolygonalMesh.cpp:411:
  Error detected by Simbody method PolygonalMesh::loadVtpFile(): Attempt to load a VTK PolyData (.vtp) file from file name 'C:\Users\tomas\Documents\OpenSim\4.5\Models\Rajagopal_OpenSense\skel_models_v1.1\skel_models_v1.1\Geometry\ulna.vtp' failed with message:
  SimTK Exception thrown at Xml.cpp:108:
  Error detected by Simbody method Xml::readFromFile(): Failed to load the Xml file 'C:\Users\tomas\Documents\OpenSim\4.5\Models\Rajagopal_OpenSense\skel_models_v1.1\skel_models_v1.1\Geometry\ulna.vtp' with error 'Failed to open file (line=0, col=0)'.
  (Required condition 'loadOK' was not met.)

  (Required condition '!"failed"' was not met.)

[2025-10-25 23:51:34.280] [warning] Visualizer couldn't open ulna_l.vtp because: SimTK Exception thrown at PolygonalMesh.cpp:411:
  Error detected by Simbody method PolygonalMesh::loadVtpFile(): Attempt to load a VTK PolyData (.vtp) file from file name 'C:\Users\tomas\Documents\OpenSim\4.5\Models\Rajagopal_OpenSense\skel_models_v1.1\skel_models_v1.1\Geometry\ulna_l.vtp' failed with message:
  SimTK Exception thrown at Xml.cpp:108:
  Error detected by Simbody method Xml::readFromFile(): Failed to load the Xml file 'C:\Users\tomas\Documents\OpenSim\4.5\Models\Rajagopal_OpenSense\skel_models_v1.1\skel_models_v1.1\Geometry\ulna_l.vtp' with error 'Failed to open file (line=0, col=0)'.
  (Required condition 'loadOK' was not met.)

  (Required condition '!"failed"' was not met.)

[2025-10-25 23:51:34.281] [warning] Visualizer couldn't open radius.vtp because: SimTK Exception thrown at PolygonalMesh.cpp:411:
  Error detected by Simbody method PolygonalMesh::loadVtpFile(): Attempt to load a VTK PolyData (.vtp) file from file name 'C:\Users\tomas\Documents\OpenSim\4.5\Models\Rajagopal_OpenSense\skel_models_v1.1\skel_models_v1.1\Geometry\radius.vtp' failed with message:
  SimTK Exception thrown at Xml.cpp:108:
  Error detected by Simbody method Xml::readFromFile(): Failed to load the Xml file 'C:\Users\tomas\Documents\OpenSim\4.5\Models\Rajagopal_OpenSense\skel_models_v1.1\skel_models_v1.1\Geometry\radius.vtp' with error 'Failed to open file (line=0, col=0)'.
  (Required condition 'loadOK' was not met.)

  (Required condition '!"failed"' was not met.)

[2025-10-25 23:51:34.281] [warning] Visualizer couldn't open radius_l.vtp because: SimTK Exception thrown at PolygonalMesh.cpp:411:
  Error detected by Simbody method PolygonalMesh::loadVtpFile(): Attempt to load a VTK PolyData (.vtp) file from file name 'C:\Users\tomas\Documents\OpenSim\4.5\Models\Rajagopal_OpenSense\skel_models_v1.1\skel_models_v1.1\Geometry\radius_l.vtp' failed with message:
  SimTK Exception thrown at Xml.cpp:108:
  Error detected by Simbody method Xml::readFromFile(): Failed to load the Xml file 'C:\Users\tomas\Documents\OpenSim\4.5\Models\Rajagopal_OpenSense\skel_models_v1.1\skel_models_v1.1\Geometry\radius_l.vtp' with error 'Failed to open file (line=0, col=0)'.
  (Required condition 'loadOK' was not met.)

  (Required condition '!"failed"' was not met.)

[2025-10-25 23:51:34.282] [warning] Visualizer couldn't open lunate.vtp because: SimTK Exception thrown at PolygonalMesh.cpp:411:
  Error detected by Simbody method PolygonalMesh::loadVtpFile(): Attempt to load a VTK PolyData (.vtp) file from file name 'C:\Users\tomas\Documents\OpenSim\4.5\Models\Rajagopal_OpenSense\skel_models_v1.1\skel_models_v1.1\Geometry\lunate.vtp' failed with message:
  SimTK Exception thrown at Xml.cpp:108:
  Error detected by Simbody method Xml::readFromFile(): Failed to load the Xml file 'C:\Users\tomas\Documents\OpenSim\4.5\Models\Rajagopal_OpenSense\skel_models_v1.1\skel_models_v1.1\Geometry\lunate.vtp' with error 'Failed to open file (line=0, col=0)'.
  (Required condition 'loadOK' was not met.)

  (Required condition '!"failed"' was not met.)

[2025-10-25 23:51:34.282] [warning] Visualizer couldn't open lunate.vtp because: SimTK Exception thrown at PolygonalMesh.cpp:411:
  Error detected by Simbody method PolygonalMesh::loadVtpFile(): Attempt to load a VTK PolyData (.vtp) file from file name 'C:\Users\tomas\Documents\OpenSim\4.5\Models\Rajagopal_OpenSense\skel_models_v1.1\skel_models_v1.1\Geometry\lunate.vtp' failed with message:
  SimTK Exception thrown at Xml.cpp:108:
  Error detected by Simbody method Xml::readFromFile(): Failed to load the Xml file 'C:\Users\tomas\Documents\OpenSim\4.5\Models\Rajagopal_OpenSense\skel_models_v1.1\skel_models_v1.1\Geometry\lunate.vtp' with error 'Failed to open file (line=0, col=0)'.
  (Required condition 'loadOK' was not met.)

  (Required condition '!"failed"' was not met.)

[2025-10-25 23:51:34.283] [warning] Visualizer couldn't open lunate_l.vtp because: SimTK Exception thrown at PolygonalMesh.cpp:411:
  Error detected by Simbody method PolygonalMesh::loadVtpFile(): Attempt to load a VTK PolyData (.vtp) file from file name 'C:\Users\tomas\Documents\OpenSim\4.5\Models\Rajagopal_OpenSense\skel_models_v1.1\skel_models_v1.1\Geometry\lunate_l.vtp' failed with message:
  SimTK Exception thrown at Xml.cpp:108:
  Error detected by Simbody method Xml::readFromFile(): Failed to load the Xml file 'C:\Users\tomas\Documents\OpenSim\4.5\Models\Rajagopal_OpenSense\skel_models_v1.1\skel_models_v1.1\Geometry\lunate_l.vtp' with error 'Failed to open file (line=0, col=0)'.
  (Required condition 'loadOK' was not met.)

  (Required condition '!"failed"' was not met.)

[2025-10-25 23:51:34.289] [info] InverseKinematicsSolver found 5 model frames to track.
[2025-10-25 23:51:36.656] [info] Loaded model Deniz_BSM_Scale from file C:\Users\tomas\Documents\OpenSim\4.5\Models\Rajagopal_OpenSense\6imus\Mot_6imus\Deniz_Elbow_FlexionExtension_calibrated.osim
[2025-10-25 23:51:36.998] [info] Loading orientations as quaternions from 'C:\Users\tomas\Documents\OpenSim\4.5\Models\Rajagopal_OpenSense\6imus\Deniz_Elbow_FlexionExtension.sto'...
[2025-10-25 23:51:37.136] [warning] Visualizer couldn't open sacrum.vtp because: SimTK Exception thrown at PolygonalMesh.cpp:411:
  Error detected by Simbody method PolygonalMesh::loadVtpFile(): Attempt to load a VTK PolyData (.vtp) file from file name 'c:\Users\tomas\Documents\OpenSim\4.5\Models\Rajagopal_OpenSense\6imus\Mot_6imus\Geometry\sacrum.vtp' failed with message:
  SimTK Exception thrown at Xml.cpp:108:
  Error detected by Simbody method Xml::readFromFile(): Failed to load the Xml file 'c:\Users\tomas\Documents\OpenSim\4.5\Models\Rajagopal_OpenSense\6imus\Mot_6imus\Geometry\sacrum.vtp' with error 'Error reading Attributes. (line=12, col=115)'.
  (Required condition 'loadOK' was not met.)

  (Required condition '!"failed"' was not met.)

[2025-10-25 23:51:37.138] [warning] Visualizer couldn't open r_femur.vtp because: SimTK Exception thrown at PolygonalMesh.cpp:411:
  Error detected by Simbody method PolygonalMesh::loadVtpFile(): Attempt to load a VTK PolyData (.vtp) file from file name 'c:\Users\tomas\Documents\OpenSim\4.5\Models\Rajagopal_OpenSense\6imus\Mot_6imus\Geometry\r_femur.vtp' failed with message:
  SimTK Exception thrown at Xml.cpp:108:
  Error detected by Simbody method Xml::readFromFile(): Failed to load the Xml file 'c:\Users\tomas\Documents\OpenSim\4.5\Models\Rajagopal_OpenSense\6imus\Mot_6imus\Geometry\r_femur.vtp' with error 'Error reading Attributes. (line=11, col=11)'.
  (Required condition 'loadOK' was not met.)

  (Required condition '!"failed"' was not met.)

[2025-10-25 23:51:37.139] [warning] Visualizer couldn't open r_fibula.vtp because: SimTK Exception thrown at PolygonalMesh.cpp:411:
  Error detected by Simbody method PolygonalMesh::loadVtpFile(): Attempt to load a VTK PolyData (.vtp) file from file name 'c:\Users\tomas\Documents\OpenSim\4.5\Models\Rajagopal_OpenSense\6imus\Mot_6imus\Geometry\r_fibula.vtp' failed with message:
  SimTK Exception thrown at PolygonalMesh.cpp:310:
  Error detected by Simbody method PolygonalMesh::loadVtpFile(): Expected to see document tag <VTKFile> but saw <_Root> instead.
  (Required condition 'vtp.getRootTag() == "VTKFile"' was not met.)

  (Required condition '!"failed"' was not met.)

[2025-10-25 23:51:37.142] [warning] Visualizer couldn't open r_talus.vtp because: SimTK Exception thrown at PolygonalMesh.cpp:411:
  Error detected by Simbody method PolygonalMesh::loadVtpFile(): Attempt to load a VTK PolyData (.vtp) file from file name 'c:\Users\tomas\Documents\OpenSim\4.5\Models\Rajagopal_OpenSense\6imus\Mot_6imus\Geometry\r_talus.vtp' failed with message:
  SimTK Exception thrown at PolygonalMesh.cpp:310:
  Error detected by Simbody method PolygonalMesh::loadVtpFile(): Expected to see document tag <VTKFile> but saw <_Root> instead.
  (Required condition 'vtp.getRootTag() == "VTKFile"' was not met.)

  (Required condition '!"failed"' was not met.)

[2025-10-25 23:51:37.144] [warning] Visualizer couldn't open r_foot.vtp because: SimTK Exception thrown at PolygonalMesh.cpp:411:
  Error detected by Simbody method PolygonalMesh::loadVtpFile(): Attempt to load a VTK PolyData (.vtp) file from file name 'c:\Users\tomas\Documents\OpenSim\4.5\Models\Rajagopal_OpenSense\6imus\Mot_6imus\Geometry\r_foot.vtp' failed with message:
  SimTK Exception thrown at PolygonalMesh.cpp:310:
  Error detected by Simbody method PolygonalMesh::loadVtpFile(): Expected to see document tag <VTKFile> but saw <_Root> instead.
  (Required condition 'vtp.getRootTag() == "VTKFile"' was not met.)

  (Required condition '!"failed"' was not met.)

[2025-10-25 23:51:37.145] [warning] Visualizer couldn't open r_bofoot.vtp because: SimTK Exception thrown at PolygonalMesh.cpp:411:
  Error detected by Simbody method PolygonalMesh::loadVtpFile(): Attempt to load a VTK PolyData (.vtp) file from file name 'c:\Users\tomas\Documents\OpenSim\4.5\Models\Rajagopal_OpenSense\6imus\Mot_6imus\Geometry\r_bofoot.vtp' failed with message:
  SimTK Exception thrown at PolygonalMesh.cpp:310:
  Error detected by Simbody method PolygonalMesh::loadVtpFile(): Expected to see document tag <VTKFile> but saw <_Root> instead.
  (Required condition 'vtp.getRootTag() == "VTKFile"' was not met.)

  (Required condition '!"failed"' was not met.)

[2025-10-25 23:51:37.146] [warning] Visualizer couldn't open l_femur.vtp because: SimTK Exception thrown at PolygonalMesh.cpp:411:
  Error detected by Simbody method PolygonalMesh::loadVtpFile(): Attempt to load a VTK PolyData (.vtp) file from file name 'c:\Users\tomas\Documents\OpenSim\4.5\Models\Rajagopal_OpenSense\6imus\Mot_6imus\Geometry\l_femur.vtp' failed with message:
  SimTK Exception thrown at Xml.cpp:108:
  Error detected by Simbody method Xml::readFromFile(): Failed to load the Xml file 'c:\Users\tomas\Documents\OpenSim\4.5\Models\Rajagopal_OpenSense\6imus\Mot_6imus\Geometry\l_femur.vtp' with error 'Error reading Attributes. (line=11, col=11)'.
  (Required condition 'loadOK' was not met.)

  (Required condition '!"failed"' was not met.)

[2025-10-25 23:51:37.147] [warning] Visualizer couldn't open l_fibula.vtp because: SimTK Exception thrown at PolygonalMesh.cpp:411:
  Error detected by Simbody method PolygonalMesh::loadVtpFile(): Attempt to load a VTK PolyData (.vtp) file from file name 'c:\Users\tomas\Documents\OpenSim\4.5\Models\Rajagopal_OpenSense\6imus\Mot_6imus\Geometry\l_fibula.vtp' failed with message:
  SimTK Exception thrown at PolygonalMesh.cpp:310:
  Error detected by Simbody method PolygonalMesh::loadVtpFile(): Expected to see document tag <VTKFile> but saw <_Root> instead.
  (Required condition 'vtp.getRootTag() == "VTKFile"' was not met.)

  (Required condition '!"failed"' was not met.)

[2025-10-25 23:51:37.149] [warning] Visualizer couldn't open l_talus.vtp because: SimTK Exception thrown at PolygonalMesh.cpp:411:
  Error detected by Simbody method PolygonalMesh::loadVtpFile(): Attempt to load a VTK PolyData (.vtp) file from file name 'c:\Users\tomas\Documents\OpenSim\4.5\Models\Rajagopal_OpenSense\6imus\Mot_6imus\Geometry\l_talus.vtp' failed with message:
  SimTK Exception thrown at PolygonalMesh.cpp:310:
  Error detected by Simbody method PolygonalMesh::loadVtpFile(): Expected to see document tag <VTKFile> but saw <_Root> instead.
  (Required condition 'vtp.getRootTag() == "VTKFile"' was not met.)

  (Required condition '!"failed"' was not met.)

[2025-10-25 23:51:37.150] [warning] Visualizer couldn't open l_foot.vtp because: SimTK Exception thrown at PolygonalMesh.cpp:411:
  Error detected by Simbody method PolygonalMesh::loadVtpFile(): Attempt to load a VTK PolyData (.vtp) file from file name 'c:\Users\tomas\Documents\OpenSim\4.5\Models\Rajagopal_OpenSense\6imus\Mot_6imus\Geometry\l_foot.vtp' failed with message:
  SimTK Exception thrown at Xml.cpp:108:
  Error detected by Simbody method Xml::readFromFile(): Failed to load the Xml file 'c:\Users\tomas\Documents\OpenSim\4.5\Models\Rajagopal_OpenSense\6imus\Mot_6imus\Geometry\l_foot.vtp' with error 'Error reading Attributes. (line=11, col=40)'.
  (Required condition 'loadOK' was not met.)

  (Required condition '!"failed"' was not met.)

[2025-10-25 23:51:37.151] [warning] Visualizer couldn't open l_bofoot.vtp because: SimTK Exception thrown at PolygonalMesh.cpp:411:
  Error detected by Simbody method PolygonalMesh::loadVtpFile(): Attempt to load a VTK PolyData (.vtp) file from file name 'c:\Users\tomas\Documents\OpenSim\4.5\Models\Rajagopal_OpenSense\6imus\Mot_6imus\Geometry\l_bofoot.vtp' failed with message:
  SimTK Exception thrown at Xml.cpp:108:
  Error detected by Simbody method Xml::readFromFile(): Failed to load the Xml file 'c:\Users\tomas\Documents\OpenSim\4.5\Models\Rajagopal_OpenSense\6imus\Mot_6imus\Geometry\l_bofoot.vtp' with error 'Error reading Attributes. (line=12, col=143)'.
  (Required condition 'loadOK' was not met.)

  (Required condition '!"failed"' was not met.)

[2025-10-25 23:51:37.153] [warning] Visualizer couldn't open cervical_spine.vtp because: SimTK Exception thrown at PolygonalMesh.cpp:411:
  Error detected by Simbody method PolygonalMesh::loadVtpFile(): Attempt to load a VTK PolyData (.vtp) file from file name 'c:\Users\tomas\Documents\OpenSim\4.5\Models\Rajagopal_OpenSense\6imus\Mot_6imus\Geometry\cervical_spine.vtp' failed with message:
  SimTK Exception thrown at PolygonalMesh.cpp:310:
  Error detected by Simbody method PolygonalMesh::loadVtpFile(): Expected to see document tag <VTKFile> but saw <_Root> instead.
  (Required condition 'vtp.getRootTag() == "VTKFile"' was not met.)

  (Required condition '!"failed"' was not met.)

[2025-10-25 23:51:37.155] [warning] Visualizer couldn't open lumbar_spine.vtp because: SimTK Exception thrown at PolygonalMesh.cpp:411:
  Error detected by Simbody method PolygonalMesh::loadVtpFile(): Attempt to load a VTK PolyData (.vtp) file from file name 'c:\Users\tomas\Documents\OpenSim\4.5\Models\Rajagopal_OpenSense\6imus\Mot_6imus\Geometry\lumbar_spine.vtp' failed with message:
  SimTK Exception thrown at Xml.cpp:108:
  Error detected by Simbody method Xml::readFromFile(): Failed to load the Xml file 'c:\Users\tomas\Documents\OpenSim\4.5\Models\Rajagopal_OpenSense\6imus\Mot_6imus\Geometry\lumbar_spine.vtp' with error 'Error reading Attributes. (line=11, col=75)'.
  (Required condition 'loadOK' was not met.)

  (Required condition '!"failed"' was not met.)

[2025-10-25 23:51:37.157] [warning] Visualizer couldn't open thorax.vtp because: SimTK Exception thrown at PolygonalMesh.cpp:411:
  Error detected by Simbody method PolygonalMesh::loadVtpFile(): Attempt to load a VTK PolyData (.vtp) file from file name 'c:\Users\tomas\Documents\OpenSim\4.5\Models\Rajagopal_OpenSense\6imus\Mot_6imus\Geometry\thorax.vtp' failed with message:
  SimTK Exception thrown at PolygonalMesh.cpp:310:
  Error detected by Simbody method PolygonalMesh::loadVtpFile(): Expected to see document tag <VTKFile> but saw <_Root> instead.
  (Required condition 'vtp.getRootTag() == "VTKFile"' was not met.)

  (Required condition '!"failed"' was not met.)

[2025-10-25 23:51:37.158] [warning] Visualizer couldn't open scapula.vtp because: SimTK Exception thrown at PolygonalMesh.cpp:411:
  Error detected by Simbody method PolygonalMesh::loadVtpFile(): Attempt to load a VTK PolyData (.vtp) file from file name 'c:\Users\tomas\Documents\OpenSim\4.5\Models\Rajagopal_OpenSense\6imus\Mot_6imus\Geometry\scapula.vtp' failed with message:
  SimTK Exception thrown at Xml.cpp:108:
  Error detected by Simbody method Xml::readFromFile(): Failed to load the Xml file 'c:\Users\tomas\Documents\OpenSim\4.5\Models\Rajagopal_OpenSense\6imus\Mot_6imus\Geometry\scapula.vtp' with error 'Error reading Attributes. (line=11, col=4)'.
  (Required condition 'loadOK' was not met.)

  (Required condition '!"failed"' was not met.)

[2025-10-25 23:51:37.160] [warning] Visualizer couldn't open scapula_l.vtp because: SimTK Exception thrown at PolygonalMesh.cpp:411:
  Error detected by Simbody method PolygonalMesh::loadVtpFile(): Attempt to load a VTK PolyData (.vtp) file from file name 'c:\Users\tomas\Documents\OpenSim\4.5\Models\Rajagopal_OpenSense\6imus\Mot_6imus\Geometry\scapula_l.vtp' failed with message:
  SimTK Exception thrown at Xml.cpp:108:
  Error detected by Simbody method Xml::readFromFile(): Failed to load the Xml file 'c:\Users\tomas\Documents\OpenSim\4.5\Models\Rajagopal_OpenSense\6imus\Mot_6imus\Geometry\scapula_l.vtp' with error 'Error reading Attributes. (line=11, col=4)'.
  (Required condition 'loadOK' was not met.)

  (Required condition '!"failed"' was not met.)

[2025-10-25 23:51:37.161] [warning] Visualizer couldn't open humerus.vtp because: SimTK Exception thrown at PolygonalMesh.cpp:411:
  Error detected by Simbody method PolygonalMesh::loadVtpFile(): Attempt to load a VTK PolyData (.vtp) file from file name 'c:\Users\tomas\Documents\OpenSim\4.5\Models\Rajagopal_OpenSense\6imus\Mot_6imus\Geometry\humerus.vtp' failed with message:
  SimTK Exception thrown at Xml.cpp:108:
  Error detected by Simbody method Xml::readFromFile(): Failed to load the Xml file 'c:\Users\tomas\Documents\OpenSim\4.5\Models\Rajagopal_OpenSense\6imus\Mot_6imus\Geometry\humerus.vtp' with error 'Error reading Attributes. (line=11, col=7)'.
  (Required condition 'loadOK' was not met.)

  (Required condition '!"failed"' was not met.)

[2025-10-25 23:51:37.162] [warning] Visualizer couldn't open humerus_l.vtp because: SimTK Exception thrown at PolygonalMesh.cpp:411:
  Error detected by Simbody method PolygonalMesh::loadVtpFile(): Attempt to load a VTK PolyData (.vtp) file from file name 'c:\Users\tomas\Documents\OpenSim\4.5\Models\Rajagopal_OpenSense\6imus\Mot_6imus\Geometry\humerus_l.vtp' failed with message:
  SimTK Exception thrown at Xml.cpp:108:
  Error detected by Simbody method Xml::readFromFile(): Failed to load the Xml file 'c:\Users\tomas\Documents\OpenSim\4.5\Models\Rajagopal_OpenSense\6imus\Mot_6imus\Geometry\humerus_l.vtp' with error 'Error reading Attributes. (line=11, col=7)'.
  (Required condition 'loadOK' was not met.)

  (Required condition '!"failed"' was not met.)

[2025-10-25 23:51:37.164] [warning] Visualizer couldn't open ulna.vtp because: SimTK Exception thrown at PolygonalMesh.cpp:411:
  Error detected by Simbody method PolygonalMesh::loadVtpFile(): Attempt to load a VTK PolyData (.vtp) file from file name 'c:\Users\tomas\Documents\OpenSim\4.5\Models\Rajagopal_OpenSense\6imus\Mot_6imus\Geometry\ulna.vtp' failed with message:
  SimTK Exception thrown at Xml.cpp:108:
  Error detected by Simbody method Xml::readFromFile(): Failed to load the Xml file 'c:\Users\tomas\Documents\OpenSim\4.5\Models\Rajagopal_OpenSense\6imus\Mot_6imus\Geometry\ulna.vtp' with error 'Error reading Attributes. (line=11, col=11)'.
  (Required condition 'loadOK' was not met.)

  (Required condition '!"failed"' was not met.)

[2025-10-25 23:51:37.165] [warning] Visualizer couldn't open ulna_l.vtp because: SimTK Exception thrown at PolygonalMesh.cpp:411:
  Error detected by Simbody method PolygonalMesh::loadVtpFile(): Attempt to load a VTK PolyData (.vtp) file from file name 'c:\Users\tomas\Documents\OpenSim\4.5\Models\Rajagopal_OpenSense\6imus\Mot_6imus\Geometry\ulna_l.vtp' failed with message:
  SimTK Exception thrown at Xml.cpp:108:
  Error detected by Simbody method Xml::readFromFile(): Failed to load the Xml file 'c:\Users\tomas\Documents\OpenSim\4.5\Models\Rajagopal_OpenSense\6imus\Mot_6imus\Geometry\ulna_l.vtp' with error 'Error reading Attributes. (line=11, col=16)'.
  (Required condition 'loadOK' was not met.)

  (Required condition '!"failed"' was not met.)

[2025-10-25 23:51:37.166] [warning] Visualizer couldn't open radius.vtp because: SimTK Exception thrown at PolygonalMesh.cpp:411:
  Error detected by Simbody method PolygonalMesh::loadVtpFile(): Attempt to load a VTK PolyData (.vtp) file from file name 'c:\Users\tomas\Documents\OpenSim\4.5\Models\Rajagopal_OpenSense\6imus\Mot_6imus\Geometry\radius.vtp' failed with message:
  SimTK Exception thrown at Xml.cpp:108:
  Error detected by Simbody method Xml::readFromFile(): Failed to load the Xml file 'c:\Users\tomas\Documents\OpenSim\4.5\Models\Rajagopal_OpenSense\6imus\Mot_6imus\Geometry\radius.vtp' with error 'Error reading Attributes. (line=11, col=12)'.
  (Required condition 'loadOK' was not met.)

  (Required condition '!"failed"' was not met.)

[2025-10-25 23:51:37.167] [warning] Visualizer couldn't open radius_l.vtp because: SimTK Exception thrown at PolygonalMesh.cpp:411:
  Error detected by Simbody method PolygonalMesh::loadVtpFile(): Attempt to load a VTK PolyData (.vtp) file from file name 'c:\Users\tomas\Documents\OpenSim\4.5\Models\Rajagopal_OpenSense\6imus\Mot_6imus\Geometry\radius_l.vtp' failed with message:
  SimTK Exception thrown at Xml.cpp:108:
  Error detected by Simbody method Xml::readFromFile(): Failed to load the Xml file 'c:\Users\tomas\Documents\OpenSim\4.5\Models\Rajagopal_OpenSense\6imus\Mot_6imus\Geometry\radius_l.vtp' with error 'Error reading Attributes. (line=11, col=16)'.
  (Required condition 'loadOK' was not met.)

  (Required condition '!"failed"' was not met.)

[2025-10-25 23:51:37.169] [warning] Visualizer couldn't open lunate.vtp because: SimTK Exception thrown at PolygonalMesh.cpp:411:
  Error detected by Simbody method PolygonalMesh::loadVtpFile(): Attempt to load a VTK PolyData (.vtp) file from file name 'c:\Users\tomas\Documents\OpenSim\4.5\Models\Rajagopal_OpenSense\6imus\Mot_6imus\Geometry\lunate.vtp' failed with message:
  SimTK Exception thrown at Xml.cpp:108:
  Error detected by Simbody method Xml::readFromFile(): Failed to load the Xml file 'c:\Users\tomas\Documents\OpenSim\4.5\Models\Rajagopal_OpenSense\6imus\Mot_6imus\Geometry\lunate.vtp' with error 'Error reading Attributes. (line=11, col=7)'.
  (Required condition 'loadOK' was not met.)

  (Required condition '!"failed"' was not met.)

[2025-10-25 23:51:37.169] [warning] Visualizer couldn't open lunate.vtp because: SimTK Exception thrown at PolygonalMesh.cpp:411:
  Error detected by Simbody method PolygonalMesh::loadVtpFile(): Attempt to load a VTK PolyData (.vtp) file from file name 'c:\Users\tomas\Documents\OpenSim\4.5\Models\Rajagopal_OpenSense\6imus\Mot_6imus\Geometry\lunate.vtp' failed with message:
  SimTK Exception thrown at Xml.cpp:108:
  Error detected by Simbody method Xml::readFromFile(): Failed to load the Xml file 'c:\Users\tomas\Documents\OpenSim\4.5\Models\Rajagopal_OpenSense\6imus\Mot_6imus\Geometry\lunate.vtp' with error 'Error reading Attributes. (line=11, col=7)'.
  (Required condition 'loadOK' was not met.)

  (Required condition '!"failed"' was not met.)

[2025-10-25 23:51:37.171] [warning] Visualizer couldn't open lunate_l.vtp because: SimTK Exception thrown at PolygonalMesh.cpp:411:
  Error detected by Simbody method PolygonalMesh::loadVtpFile(): Attempt to load a VTK PolyData (.vtp) file from file name 'c:\Users\tomas\Documents\OpenSim\4.5\Models\Rajagopal_OpenSense\6imus\Mot_6imus\Geometry\lunate_l.vtp' failed with message:
  SimTK Exception thrown at Xml.cpp:108:
  Error detected by Simbody method Xml::readFromFile(): Failed to load the Xml file 'c:\Users\tomas\Documents\OpenSim\4.5\Models\Rajagopal_OpenSense\6imus\Mot_6imus\Geometry\lunate_l.vtp' with error 'Error reading Attributes. (line=11, col=7)'.
  (Required condition 'loadOK' was not met.)

  (Required condition '!"failed"' was not met.)

[2025-10-25 23:51:37.173] [info] InverseKinematicsSolver found 5 model frames to track.
[2025-10-26 00:00:04.165] [info] Loaded model Deniz_upper_body_scale from file C:\Users\tomas\Documents\OpenSim\4.5\Models\Rajagopal_OpenSense\MediapipeOsim\Deniz_upper_body_model.osim
[2025-10-26 00:00:04.356] [info] No heading correction is applied.
[2025-10-26 00:00:04.363] [info] Processing pelvis_imu
[2025-10-26 00:00:04.363] [info] Computed offset for pelvis_imu
[2025-10-26 00:00:04.364] [info] Offset is 
[0.0278963,-0.0996054,-0.994636]
[-0.998451,-0.0506895,-0.0229272]
[-0.048134,0.993735,-0.100865]

[2025-10-26 00:00:04.364] [info] Creating offset frame for pelvis_imu
[2025-10-26 00:00:04.366] [info] Added offset frame for pelvis_imu.
[2025-10-26 00:00:04.366] [info] pelvis_imu offset computed from pelvis_imu data from file.
[2025-10-26 00:00:04.366] [info] Processing torso_imu
[2025-10-26 00:00:04.366] [info] Computed offset for torso_imu
[2025-10-26 00:00:04.366] [info] Offset is 
[0.0237185,-0.10529,-0.994159]
[-0.997873,0.0578988,-0.0299391]
[0.0607129,0.992755,-0.103693]

[2025-10-26 00:00:04.366] [info] Creating offset frame for torso_imu
[2025-10-26 00:00:04.367] [info] Added offset frame for torso_imu.
[2025-10-26 00:00:04.367] [info] torso_imu offset computed from torso_imu data from file.
[2025-10-26 00:00:04.368] [info] Processing scapula_r_imu
[2025-10-26 00:00:04.368] [info] Computed offset for scapula_r_imu
[2025-10-26 00:00:04.368] [info] Offset is 
[-0.353161,0.412324,-0.839801]
[-0.935138,-0.128523,0.330151]
[0.0281953,0.901926,0.430969]

[2025-10-26 00:00:04.368] [info] Creating offset frame for scapula_r_imu
[2025-10-26 00:00:04.369] [info] Added offset frame for scapula_r_imu.
[2025-10-26 00:00:04.369] [info] scapula_r_imu offset computed from scapula_r_imu data from file.
[2025-10-26 00:00:04.369] [info] Processing humerus_r_imu
[2025-10-26 00:00:04.369] [info] Computed offset for humerus_r_imu
[2025-10-26 00:00:04.370] [info] Offset is 
[0.152089,0.984422,-0.0882196]
[-0.959484,0.168476,0.225847]
[0.237192,0.0502963,0.97016]

[2025-10-26 00:00:04.370] [info] Creating offset frame for humerus_r_imu
[2025-10-26 00:00:04.371] [info] Added offset frame for humerus_r_imu.
[2025-10-26 00:00:04.372] [info] humerus_r_imu offset computed from humerus_r_imu data from file.
[2025-10-26 00:00:04.372] [info] Processing radius_r_imu
[2025-10-26 00:00:04.372] [info] Computed offset for radius_r_imu
[2025-10-26 00:00:04.372] [info] Offset is 
[0.297175,0.857147,-0.420697]
[-0.948032,0.317332,-0.0231333]
[0.113672,0.405709,0.906906]

[2025-10-26 00:00:04.372] [info] Creating offset frame for radius_r_imu
[2025-10-26 00:00:04.373] [info] Added offset frame for radius_r_imu.
[2025-10-26 00:00:04.374] [info] radius_r_imu offset computed from radius_r_imu data from file.
[2025-10-26 00:00:04.374] [info] Processing hand_r_imu
[2025-10-26 00:00:04.374] [info] Computed offset for hand_r_imu
[2025-10-26 00:00:04.374] [info] Offset is 
[0.153665,0.954515,-0.255516]
[-0.911773,0.23664,0.335667]
[0.380864,0.181393,0.906664]

[2025-10-26 00:00:04.374] [info] Creating offset frame for hand_r_imu
[2025-10-26 00:00:04.375] [info] Added offset frame for hand_r_imu.
[2025-10-26 00:00:04.375] [info] hand_r_imu offset computed from hand_r_imu data from file.
[2025-10-26 00:00:04.688] [info] Loaded model Deniz_upper_body_scale from file C:\Users\tomas\Documents\OpenSim\4.5\Models\Rajagopal_OpenSense\6imus\Deniz_Elbow_FlexionExtension_out\Deniz_Elbow_FlexionExtension_calibrated.osim
[2025-10-26 00:00:04.689] [warning] Couldn't find file 'r_pelvis.vtp'.
[2025-10-26 00:00:04.689] [warning] Couldn't find file 'l_pelvis.vtp'.
[2025-10-26 00:00:04.690] [warning] Couldn't find file 'sacrum.vtp'.
[2025-10-26 00:00:04.690] [warning] Couldn't find file 'femur_r.vtp'.
[2025-10-26 00:00:04.690] [warning] Couldn't find file 'tibia_r.vtp'.
[2025-10-26 00:00:04.690] [warning] Couldn't find file 'r_fibula.vtp'.
[2025-10-26 00:00:04.691] [warning] Couldn't find file 'r_patella.vtp'.
[2025-10-26 00:00:04.691] [warning] Couldn't find file 'r_talus.vtp'.
[2025-10-26 00:00:04.691] [warning] Couldn't find file 'r_foot.vtp'.
[2025-10-26 00:00:04.692] [warning] Couldn't find file 'r_bofoot.vtp'.
[2025-10-26 00:00:04.692] [warning] Couldn't find file 'femur_l.vtp'.
[2025-10-26 00:00:04.693] [warning] Couldn't find file 'tibia_l.vtp'.
[2025-10-26 00:00:04.693] [warning] Couldn't find file 'l_fibula.vtp'.
[2025-10-26 00:00:04.694] [warning] Couldn't find file 'l_patella.vtp'.
[2025-10-26 00:00:04.694] [warning] Couldn't find file 'l_talus.vtp'.
[2025-10-26 00:00:04.694] [warning] Couldn't find file 'l_foot.vtp'.
[2025-10-26 00:00:04.695] [warning] Couldn't find file 'l_bofoot.vtp'.
[2025-10-26 00:00:04.695] [warning] Couldn't find file 'hat_spine.vtp'.
[2025-10-26 00:00:04.696] [warning] Couldn't find file 'hat_jaw.vtp'.
[2025-10-26 00:00:04.696] [warning] Couldn't find file 'hat_skull.vtp'.
[2025-10-26 00:00:04.696] [warning] Couldn't find file 'hat_ribs_osim.obj'.
[2025-10-26 00:00:04.697] [warning] Couldn't find file 'scapula_r_osim.obj'.
[2025-10-26 00:00:04.697] [warning] Couldn't find file 'scapula_l_osim.obj'.
[2025-10-26 00:00:04.697] [warning] Couldn't find file 'humerus_rv.vtp'.
[2025-10-26 00:00:04.698] [warning] Couldn't find file 'ulna_rv.vtp'.
[2025-10-26 00:00:04.698] [warning] Couldn't find file 'radius_rv.vtp'.
[2025-10-26 00:00:04.698] [warning] Couldn't find file 'pisiform_rvs.vtp'.
[2025-10-26 00:00:04.699] [warning] Couldn't find file 'lunate_rvs.vtp'.
[2025-10-26 00:00:04.699] [warning] Couldn't find file 'scaphoid_rvs.vtp'.
[2025-10-26 00:00:04.699] [warning] Couldn't find file 'triquetrum_rvs.vtp'.
[2025-10-26 00:00:04.699] [warning] Couldn't find file 'hamate_rvs.vtp'.
[2025-10-26 00:00:04.700] [warning] Couldn't find file 'capitate_rvs.vtp'.
[2025-10-26 00:00:04.700] [warning] Couldn't find file 'trapezoid_rvs.vtp'.
[2025-10-26 00:00:04.700] [warning] Couldn't find file 'trapezium_rvs.vtp'.
[2025-10-26 00:00:04.701] [warning] Couldn't find file 'metacarpal2_rvs.vtp'.
[2025-10-26 00:00:04.701] [warning] Couldn't find file 'index_proximal_rvs.vtp'.
[2025-10-26 00:00:04.701] [warning] Couldn't find file 'index_medial_rvs.vtp'.
[2025-10-26 00:00:04.701] [warning] Couldn't find file 'index_distal_rvs.vtp'.
[2025-10-26 00:00:04.701] [warning] Couldn't find file 'metacarpal3_rvs.vtp'.
[2025-10-26 00:00:04.702] [warning] Couldn't find file 'middle_proximal_rvs.vtp'.
[2025-10-26 00:00:04.702] [warning] Couldn't find file 'middle_medial_rvs.vtp'.
[2025-10-26 00:00:04.702] [warning] Couldn't find file 'middle_distal_rvs.vtp'.
[2025-10-26 00:00:04.702] [warning] Couldn't find file 'metacarpal4_rvs.vtp'.
[2025-10-26 00:00:04.702] [warning] Couldn't find file 'ring_proximal_rvs.vtp'.
[2025-10-26 00:00:04.703] [warning] Couldn't find file 'ring_medial_rvs.vtp'.
[2025-10-26 00:00:04.703] [warning] Couldn't find file 'ring_distal_rvs.vtp'.
[2025-10-26 00:00:04.703] [warning] Couldn't find file 'metacarpal5_rvs.vtp'.
[2025-10-26 00:00:04.704] [warning] Couldn't find file 'little_proximal_rvs.vtp'.
[2025-10-26 00:00:04.704] [warning] Couldn't find file 'little_medial_rvs.vtp'.
[2025-10-26 00:00:04.704] [warning] Couldn't find file 'little_distal_rvs.vtp'.
[2025-10-26 00:00:04.704] [warning] Couldn't find file 'metacarpal1_rvs.vtp'.
[2025-10-26 00:00:04.704] [warning] Couldn't find file 'thumb_proximal_rvs.vtp'.
[2025-10-26 00:00:04.704] [warning] Couldn't find file 'thumb_distal_rvs.vtp'.
[2025-10-26 00:00:04.705] [warning] Couldn't find file 'humerus_lv.vtp'.
[2025-10-26 00:00:04.705] [warning] Couldn't find file 'ulna_lv.vtp'.
[2025-10-26 00:00:04.705] [warning] Couldn't find file 'radius_lv.vtp'.
[2025-10-26 00:00:04.705] [warning] Couldn't find file 'pisiform_lvs.vtp'.
[2025-10-26 00:00:04.706] [warning] Couldn't find file 'lunate_lvs.vtp'.
[2025-10-26 00:00:04.706] [warning] Couldn't find file 'scaphoid_lvs.vtp'.
[2025-10-26 00:00:04.706] [warning] Couldn't find file 'triquetrum_lvs.vtp'.
[2025-10-26 00:00:04.707] [warning] Couldn't find file 'hamate_lvs.vtp'.
[2025-10-26 00:00:04.707] [warning] Couldn't find file 'capitate_lvs.vtp'.
[2025-10-26 00:00:04.707] [warning] Couldn't find file 'trapezoid_lvs.vtp'.
[2025-10-26 00:00:04.707] [warning] Couldn't find file 'trapezium_lvs.vtp'.
[2025-10-26 00:00:04.707] [warning] Couldn't find file 'metacarpal2_lvs.vtp'.
[2025-10-26 00:00:04.708] [warning] Couldn't find file 'index_proximal_lvs.vtp'.
[2025-10-26 00:00:04.708] [warning] Couldn't find file 'index_medial_lvs.vtp'.
[2025-10-26 00:00:04.708] [warning] Couldn't find file 'index_distal_lvs.vtp'.
[2025-10-26 00:00:04.708] [warning] Couldn't find file 'metacarpal3_lvs.vtp'.
[2025-10-26 00:00:04.709] [warning] Couldn't find file 'middle_proximal_lvs.vtp'.
[2025-10-26 00:00:04.709] [warning] Couldn't find file 'middle_medial_lvs.vtp'.
[2025-10-26 00:00:04.710] [warning] Couldn't find file 'middle_distal_lvs.vtp'.
[2025-10-26 00:00:04.710] [warning] Couldn't find file 'metacarpal4_lvs.vtp'.
[2025-10-26 00:00:04.710] [warning] Couldn't find file 'ring_proximal_lvs.vtp'.
[2025-10-26 00:00:04.711] [warning] Couldn't find file 'ring_medial_lvs.vtp'.
[2025-10-26 00:00:04.711] [warning] Couldn't find file 'ring_distal_lvs.vtp'.
[2025-10-26 00:00:04.711] [warning] Couldn't find file 'metacarpal5_lvs.vtp'.
[2025-10-26 00:00:04.712] [warning] Couldn't find file 'little_proximal_lvs.vtp'.
[2025-10-26 00:00:04.713] [warning] Couldn't find file 'little_medial_lvs.vtp'.
[2025-10-26 00:00:04.713] [warning] Couldn't find file 'little_distal_lvs.vtp'.
[2025-10-26 00:00:04.714] [warning] Couldn't find file 'metacarpal1_lvs.vtp'.
[2025-10-26 00:00:04.714] [warning] Couldn't find file 'thumb_proximal_lvs.vtp'.
[2025-10-26 00:00:04.714] [warning] Couldn't find file 'thumb_distal_lvs.vtp'.
[2025-10-26 00:00:04.915] [info] Loading orientations as quaternions from 'C:\Users\tomas\Documents\OpenSim\4.5\Models\Rajagopal_OpenSense\6imus\Deniz_Elbow_FlexionExtension.sto'...
[2025-10-26 00:00:04.936] [info] InverseKinematicsSolver found 6 model frames to track.
[2025-10-26 00:00:04.938] [info] Solved at time: 0.0 s
[2025-10-26 00:00:05.025] [info] Solved at time: 0.019963 s
[2025-10-26 00:00:05.033] [info] Solved at time: 0.0200050 s
[2025-10-26 00:00:05.044] [info] Solved at time: 0.0200200 s
[2025-10-26 00:00:05.057] [info] Solved at time: 0.0200260 s
[2025-10-26 00:00:05.069] [info] Solved at time: 0.0200380 s
[2025-10-26 00:00:05.080] [info] Solved at time: 0.0200450 s
[2025-10-26 00:00:05.090] [info] Solved at time: 0.039925 s
[2025-10-26 00:00:05.101] [info] Solved at time: 0.0400100 s
[2025-10-26 00:00:05.110] [info] Solved at time: 0.0400400 s
[2025-10-26 00:00:05.121] [info] Solved at time: 0.0400530 s
[2025-10-26 00:00:05.134] [info] Solved at time: 0.0400760 s
[2025-10-26 00:00:05.147] [info] Solved at time: 0.0400900 s
[2025-10-26 00:00:05.156] [info] Solved at time: 0.059887 s
[2025-10-26 00:00:05.167] [info] Solved at time: 0.0600150 s
[2025-10-26 00:00:05.180] [info] Solved at time: 0.0600600 s
[2025-10-26 00:00:05.191] [info] Solved at time: 0.0600790 s
[2025-10-26 00:00:05.203] [info] Solved at time: 0.0601140 s
[2025-10-26 00:00:05.214] [info] Solved at time: 0.0601350 s
[2025-10-26 00:00:05.225] [info] Solved at time: 0.079849 s
[2025-10-26 00:00:05.240] [info] Solved at time: 0.0800200 s
[2025-10-26 00:00:05.251] [info] Solved at time: 0.0800800 s
[2025-10-26 00:00:05.268] [info] Solved at time: 0.0801200 s
[2025-10-26 00:00:05.280] [info] Solved at time: 0.0801520 s
[2025-10-26 00:00:05.291] [info] Solved at time: 0.0801800 s
[2025-10-26 00:00:05.304] [info] Solved at time: 0.099812 s
[2025-10-26 00:00:05.317] [info] Solved at time: 0.100025 s
[2025-10-26 00:00:05.329] [info] Solved at time: 0.100100 s
[2025-10-26 00:00:05.340] [info] Solved at time: 0.100133 s
[2025-10-26 00:00:05.353] [info] Solved at time: 0.100191 s
[2025-10-26 00:00:05.364] [info] Solved at time: 0.100224 s
[2025-10-26 00:00:05.374] [info] Solved at time: 0.119774 s
[2025-10-26 00:00:05.384] [info] Solved at time: 0.120030 s
[2025-10-26 00:00:05.396] [info] Solved at time: 0.120120 s
[2025-10-26 00:00:05.407] [info] Solved at time: 0.120159 s
[2025-10-26 00:00:05.417] [info] Solved at time: 0.120228 s
[2025-10-26 00:00:05.429] [info] Solved at time: 0.120269 s
[2025-10-26 00:00:05.441] [info] Solved at time: 0.139737 s
[2025-10-26 00:00:05.451] [info] Solved at time: 0.140035 s
[2025-10-26 00:00:05.464] [info] Solved at time: 0.140140 s
[2025-10-26 00:00:05.476] [info] Solved at time: 0.140186 s
[2025-10-26 00:00:05.486] [info] Solved at time: 0.140266 s
[2025-10-26 00:00:05.498] [info] Solved at time: 0.140314 s
[2025-10-26 00:00:05.512] [info] Solved at time: 0.159698 s
[2025-10-26 00:00:05.522] [info] Solved at time: 0.160040 s
[2025-10-26 00:00:05.537] [info] Solved at time: 0.160160 s
[2025-10-26 00:00:05.545] [info] Solved at time: 0.160212 s
[2025-10-26 00:00:05.558] [info] Solved at time: 0.160305 s
[2025-10-26 00:00:05.574] [info] Solved at time: 0.160359 s
[2025-10-26 00:00:05.585] [info] Solved at time: 0.179661 s
[2025-10-26 00:00:05.598] [info] Solved at time: 0.180045 s
[2025-10-26 00:00:05.609] [info] Solved at time: 0.180180 s
[2025-10-26 00:00:05.621] [info] Solved at time: 0.180239 s
[2025-10-26 00:00:05.634] [info] Solved at time: 0.180342 s
[2025-10-26 00:00:05.645] [info] Solved at time: 0.180404 s
[2025-10-26 00:00:05.655] [info] Solved at time: 0.199623 s
[2025-10-26 00:00:05.667] [info] Solved at time: 0.200050 s
[2025-10-26 00:00:05.679] [info] Solved at time: 0.200200 s
[2025-10-26 00:00:05.691] [info] Solved at time: 0.200265 s
[2025-10-26 00:00:05.706] [info] Solved at time: 0.200381 s
[2025-10-26 00:00:05.717] [info] Solved at time: 0.200448 s
[2025-10-26 00:00:05.726] [info] Solved at time: 0.219586 s
[2025-10-26 00:00:05.737] [info] Solved at time: 0.220055 s
[2025-10-26 00:00:05.749] [info] Solved at time: 0.220220 s
[2025-10-26 00:00:05.757] [info] Solved at time: 0.220292 s
[2025-10-26 00:00:05.772] [info] Solved at time: 0.220418 s
[2025-10-26 00:00:05.783] [info] Solved at time: 0.220493 s
[2025-10-26 00:00:05.793] [info] Solved at time: 0.239548 s
[2025-10-26 00:00:05.803] [info] Solved at time: 0.240060 s
[2025-10-26 00:00:05.816] [info] Solved at time: 0.240240 s
[2025-10-26 00:00:05.827] [info] Solved at time: 0.240319 s
[2025-10-26 00:00:05.838] [info] Solved at time: 0.240457 s
[2025-10-26 00:00:05.848] [info] Solved at time: 0.240538 s
[2025-10-26 00:00:05.861] [info] Solved at time: 0.25951 s
[2025-10-26 00:00:05.875] [info] Solved at time: 0.260066 s
[2025-10-26 00:00:05.886] [info] Solved at time: 0.260260 s
[2025-10-26 00:00:05.900] [info] Solved at time: 0.260347 s
[2025-10-26 00:00:05.909] [info] Solved at time: 0.260495 s
[2025-10-26 00:00:05.923] [info] Solved at time: 0.260583 s
[2025-10-26 00:00:05.935] [info] Solved at time: 0.279472 s
[2025-10-26 00:00:05.948] [info] Solved at time: 0.280070 s
[2025-10-26 00:00:05.956] [info] Solved at time: 0.280280 s
[2025-10-26 00:00:05.967] [info] Solved at time: 0.280372 s
[2025-10-26 00:00:05.978] [info] Solved at time: 0.280536 s
[2025-10-26 00:00:05.993] [info] Solved at time: 0.280628 s
[2025-10-26 00:00:05.999] [info] Solved at time: 0.299434 s
[2025-10-26 00:00:06.009] [info] Solved at time: 0.300076 s
[2025-10-26 00:00:06.018] [info] Solved at time: 0.300300 s
[2025-10-26 00:00:06.030] [info] Solved at time: 0.300398 s
[2025-10-26 00:00:06.039] [info] Solved at time: 0.300571 s
[2025-10-26 00:00:06.051] [info] Solved at time: 0.300672 s
[2025-10-26 00:00:06.064] [info] Solved at time: 0.319397 s
[2025-10-26 00:00:06.073] [info] Solved at time: 0.320081 s
[2025-10-26 00:00:06.085] [info] Solved at time: 0.320320 s
[2025-10-26 00:00:06.095] [info] Solved at time: 0.320425 s
[2025-10-26 00:00:06.105] [info] Solved at time: 0.320609 s
[2025-10-26 00:00:06.119] [info] Solved at time: 0.320717 s
[2025-10-26 00:00:06.133] [info] Solved at time: 0.339359 s
[2025-10-26 00:00:06.149] [info] Solved at time: 0.340086 s
[2025-10-26 00:00:06.163] [info] Solved at time: 0.340340 s
[2025-10-26 00:00:06.172] [info] Solved at time: 0.340451 s
[2025-10-26 00:00:06.184] [info] Solved at time: 0.340647 s
[2025-10-26 00:00:06.195] [info] Solved at time: 0.340762 s
[2025-10-26 00:00:06.204] [info] Solved at time: 0.359321 s
[2025-10-26 00:00:06.213] [info] Solved at time: 0.360091 s
[2025-10-26 00:00:06.225] [info] Solved at time: 0.360359 s
[2025-10-26 00:00:06.237] [info] Solved at time: 0.360478 s
[2025-10-26 00:00:06.249] [info] Solved at time: 0.360685 s
[2025-10-26 00:00:06.259] [info] Solved at time: 0.360807 s
[2025-10-26 00:00:06.269] [info] Solved at time: 0.379284 s
[2025-10-26 00:00:06.281] [info] Solved at time: 0.380096 s
[2025-10-26 00:00:06.292] [info] Solved at time: 0.380379 s
[2025-10-26 00:00:06.302] [info] Solved at time: 0.380504 s
[2025-10-26 00:00:06.316] [info] Solved at time: 0.380723 s
[2025-10-26 00:00:06.330] [info] Solved at time: 0.380851 s
[2025-10-26 00:00:06.338] [info] Solved at time: 0.399246 s
[2025-10-26 00:00:06.351] [info] Solved at time: 0.400101 s
[2025-10-26 00:00:06.368] [info] Solved at time: 0.400399 s
[2025-10-26 00:00:06.382] [info] Solved at time: 0.400531 s
[2025-10-26 00:00:06.395] [info] Solved at time: 0.400761 s
[2025-10-26 00:00:06.406] [info] Solved at time: 0.400896 s
[2025-10-26 00:00:06.417] [info] Solved at time: 0.419209 s
[2025-10-26 00:00:06.430] [info] Solved at time: 0.420106 s
[2025-10-26 00:00:06.440] [info] Solved at time: 0.420419 s
[2025-10-26 00:00:06.463] [info] Solved at time: 0.420557 s
[2025-10-26 00:00:06.473] [info] Solved at time: 0.420799 s
[2025-10-26 00:00:06.486] [info] Solved at time: 0.420941 s
[2025-10-26 00:00:06.497] [info] Solved at time: 0.439171 s
[2025-10-26 00:00:06.509] [info] Solved at time: 0.440111 s
[2025-10-26 00:00:06.520] [info] Solved at time: 0.440439 s
[2025-10-26 00:00:06.535] [info] Solved at time: 0.440584 s
[2025-10-26 00:00:06.548] [info] Solved at time: 0.440837 s
[2025-10-26 00:00:06.559] [info] Solved at time: 0.440986 s
[2025-10-26 00:00:06.568] [info] Solved at time: 0.459133 s
[2025-10-26 00:00:06.580] [info] Solved at time: 0.460116 s
[2025-10-26 00:00:06.590] [info] Solved at time: 0.460459 s
[2025-10-26 00:00:06.603] [info] Solved at time: 0.460611 s
[2025-10-26 00:00:06.616] [info] Solved at time: 0.460876 s
[2025-10-26 00:00:06.626] [info] Solved at time: 0.461031 s
[2025-10-26 00:00:06.638] [info] Solved at time: 0.479095 s
[2025-10-26 00:00:06.648] [info] Solved at time: 0.480121 s
[2025-10-26 00:00:06.658] [info] Solved at time: 0.480479 s
[2025-10-26 00:00:06.670] [info] Solved at time: 0.480637 s
[2025-10-26 00:00:06.682] [info] Solved at time: 0.480913 s
[2025-10-26 00:00:06.695] [info] Solved at time: 0.481075 s
[2025-10-26 00:00:06.705] [info] Solved at time: 0.499058 s
[2025-10-26 00:00:06.716] [info] Solved at time: 0.500126 s
[2025-10-26 00:00:06.725] [info] Solved at time: 0.500499 s
[2025-10-26 00:00:06.736] [info] Solved at time: 0.500664 s
[2025-10-26 00:00:06.748] [info] Solved at time: 0.500951 s
[2025-10-26 00:00:06.759] [info] Solved at time: 0.501120 s
[2025-10-26 00:00:06.769] [info] Solved at time: 0.519020 s
[2025-10-26 00:00:06.779] [info] Solved at time: 0.520131 s
[2025-10-26 00:00:06.789] [info] Solved at time: 0.520519 s
[2025-10-26 00:00:06.800] [info] Solved at time: 0.520690 s
[2025-10-26 00:00:06.811] [info] Solved at time: 0.520990 s
[2025-10-26 00:00:06.819] [info] Solved at time: 0.521165 s
[2025-10-26 00:00:06.828] [info] Solved at time: 0.538982 s
[2025-10-26 00:00:06.838] [info] Solved at time: 0.540136 s
[2025-10-26 00:00:06.853] [info] Solved at time: 0.540539 s
[2025-10-26 00:00:06.862] [info] Solved at time: 0.540717 s
[2025-10-26 00:00:06.875] [info] Solved at time: 0.541028 s
[2025-10-26 00:00:06.889] [info] Solved at time: 0.54121 s
[2025-10-26 00:00:06.897] [info] Solved at time: 0.558944 s
[2025-10-26 00:00:06.908] [info] Solved at time: 0.560142 s
[2025-10-26 00:00:06.919] [info] Solved at time: 0.560559 s
[2025-10-26 00:00:06.930] [info] Solved at time: 0.560743 s
[2025-10-26 00:00:06.938] [info] Solved at time: 0.561066 s
[2025-10-26 00:00:06.950] [info] Solved at time: 0.561255 s
[2025-10-26 00:00:06.957] [info] Solved at time: 0.578907 s
[2025-10-26 00:00:06.969] [info] Solved at time: 0.580146 s
[2025-10-26 00:00:06.981] [info] Solved at time: 0.580579 s
[2025-10-26 00:00:06.994] [info] Solved at time: 0.580771 s
[2025-10-26 00:00:07.004] [info] Solved at time: 0.581104 s
[2025-10-26 00:00:07.018] [info] Solved at time: 0.581299 s
[2025-10-26 00:00:07.029] [info] Solved at time: 0.598869 s
[2025-10-26 00:00:07.046] [info] Solved at time: 0.600152 s
[2025-10-26 00:00:07.055] [info] Solved at time: 0.600599 s
[2025-10-26 00:00:07.067] [info] Solved at time: 0.600797 s
[2025-10-26 00:00:07.077] [info] Solved at time: 0.601142 s
[2025-10-26 00:00:07.090] [info] Solved at time: 0.601344 s
[2025-10-26 00:00:07.099] [info] Solved at time: 0.618832 s
[2025-10-26 00:00:07.108] [info] Solved at time: 0.620156 s
[2025-10-26 00:00:07.119] [info] Solved at time: 0.620619 s
[2025-10-26 00:00:07.134] [info] Solved at time: 0.620823 s
[2025-10-26 00:00:07.145] [info] Solved at time: 0.62118 s
[2025-10-26 00:00:07.157] [info] Solved at time: 0.621389 s
[2025-10-26 00:00:07.171] [info] Solved at time: 0.638794 s
[2025-10-26 00:00:07.185] [info] Solved at time: 0.640161 s
[2025-10-26 00:00:07.196] [info] Solved at time: 0.640639 s
[2025-10-26 00:00:07.208] [info] Solved at time: 0.640850 s
[2025-10-26 00:00:07.217] [info] Solved at time: 0.641218 s
[2025-10-26 00:00:07.228] [info] Solved at time: 0.641434 s
[2025-10-26 00:00:07.238] [info] Solved at time: 0.658756 s
[2025-10-26 00:00:07.251] [info] Solved at time: 0.660167 s
[2025-10-26 00:00:07.261] [info] Solved at time: 0.660659 s
[2025-10-26 00:00:07.271] [info] Solved at time: 0.660877 s
[2025-10-26 00:00:07.283] [info] Solved at time: 0.661256 s
[2025-10-26 00:00:07.293] [info] Solved at time: 0.661478 s
[2025-10-26 00:00:07.305] [info] Solved at time: 0.678718 s
[2025-10-26 00:00:07.317] [info] Solved at time: 0.680172 s
[2025-10-26 00:00:07.326] [info] Solved at time: 0.680679 s
[2025-10-26 00:00:07.337] [info] Solved at time: 0.680903 s
[2025-10-26 00:00:07.347] [info] Solved at time: 0.681294 s
[2025-10-26 00:00:07.357] [info] Solved at time: 0.681523 s
[2025-10-26 00:00:07.365] [info] Solved at time: 0.69868 s
[2025-10-26 00:00:07.374] [info] Solved at time: 0.700177 s
[2025-10-26 00:00:07.387] [info] Solved at time: 0.700699 s
[2025-10-26 00:00:07.396] [info] Solved at time: 0.700929 s
[2025-10-26 00:00:07.407] [info] Solved at time: 0.701333 s
[2025-10-26 00:00:07.418] [info] Solved at time: 0.701568 s
[2025-10-26 00:00:07.438] [info] Solved at time: 0.718643 s
[2025-10-26 00:00:07.453] [info] Solved at time: 0.720182 s
[2025-10-26 00:00:07.468] [info] Solved at time: 0.720719 s
[2025-10-26 00:00:07.484] [info] Solved at time: 0.720956 s
[2025-10-26 00:00:07.498] [info] Solved at time: 0.72137 s
[2025-10-26 00:00:07.508] [info] Solved at time: 0.721613 s
[2025-10-26 00:00:07.517] [info] Solved at time: 0.738605 s
[2025-10-26 00:00:07.526] [info] Solved at time: 0.740187 s
[2025-10-26 00:00:07.537] [info] Solved at time: 0.740739 s
[2025-10-26 00:00:07.550] [info] Solved at time: 0.740983 s
[2025-10-26 00:00:07.562] [info] Solved at time: 0.741408 s
[2025-10-26 00:00:07.571] [info] Solved at time: 0.741657 s
[2025-10-26 00:00:07.583] [info] Solved at time: 0.758567 s
[2025-10-26 00:00:07.594] [info] Solved at time: 0.760192 s
[2025-10-26 00:00:07.603] [info] Solved at time: 0.760759 s
[2025-10-26 00:00:07.615] [info] Solved at time: 0.761009 s
[2025-10-26 00:00:07.624] [info] Solved at time: 0.761447 s
[2025-10-26 00:00:07.635] [info] Solved at time: 0.761702 s
[2025-10-26 00:00:07.645] [info] Solved at time: 0.77853 s
[2025-10-26 00:00:07.655] [info] Solved at time: 0.780197 s
[2025-10-26 00:00:07.666] [info] Solved at time: 0.780779 s
[2025-10-26 00:00:07.677] [info] Solved at time: 0.781036 s
[2025-10-26 00:00:07.689] [info] Solved at time: 0.781484 s
[2025-10-26 00:00:07.699] [info] Solved at time: 0.781747 s
[2025-10-26 00:00:07.711] [info] Solved at time: 0.798492 s
[2025-10-26 00:00:07.722] [info] Solved at time: 0.800202 s
[2025-10-26 00:00:07.734] [info] Solved at time: 0.800799 s
[2025-10-26 00:00:07.742] [info] Solved at time: 0.801062 s
[2025-10-26 00:00:07.753] [info] Solved at time: 0.801522 s
[2025-10-26 00:00:07.764] [info] Solved at time: 0.801792 s
[2025-10-26 00:00:07.772] [info] Solved at time: 0.818454 s
[2025-10-26 00:00:07.785] [info] Solved at time: 0.820207 s
[2025-10-26 00:00:07.798] [info] Solved at time: 0.820819 s
[2025-10-26 00:00:07.811] [info] Solved at time: 0.821089 s
[2025-10-26 00:00:07.821] [info] Solved at time: 0.821561 s
[2025-10-26 00:00:07.830] [info] Solved at time: 0.821837 s
[2025-10-26 00:00:07.838] [info] Solved at time: 0.838417 s
[2025-10-26 00:00:07.850] [info] Solved at time: 0.840212 s
[2025-10-26 00:00:07.862] [info] Solved at time: 0.840839 s
[2025-10-26 00:00:07.871] [info] Solved at time: 0.841115 s
[2025-10-26 00:00:07.887] [info] Solved at time: 0.841599 s
[2025-10-26 00:00:07.905] [info] Solved at time: 0.841882 s
[2025-10-26 00:00:07.922] [info] Solved at time: 0.858379 s
[2025-10-26 00:00:07.932] [info] Solved at time: 0.860217 s
[2025-10-26 00:00:07.952] [info] Solved at time: 0.860859 s
[2025-10-26 00:00:07.970] [info] Solved at time: 0.861142 s
[2025-10-26 00:00:07.979] [info] Solved at time: 0.861637 s
[2025-10-26 00:00:07.991] [info] Solved at time: 0.861926 s
[2025-10-26 00:00:07.997] [info] Solved at time: 0.878341 s
[2025-10-26 00:00:08.005] [info] Solved at time: 0.880222 s
[2025-10-26 00:00:08.016] [info] Solved at time: 0.880879 s
[2025-10-26 00:00:08.025] [info] Solved at time: 0.881169 s
[2025-10-26 00:00:08.036] [info] Solved at time: 0.881675 s
[2025-10-26 00:00:08.044] [info] Solved at time: 0.881971 s
[2025-10-26 00:00:08.051] [info] Solved at time: 0.898304 s
[2025-10-26 00:00:08.058] [info] Solved at time: 0.900227 s
[2025-10-26 00:00:08.066] [info] Solved at time: 0.900899 s
[2025-10-26 00:00:08.076] [info] Solved at time: 0.901195 s
[2025-10-26 00:00:08.082] [info] Solved at time: 0.901712 s
[2025-10-26 00:00:08.090] [info] Solved at time: 0.902016 s
[2025-10-26 00:00:08.098] [info] Solved at time: 0.918266 s
[2025-10-26 00:00:08.106] [info] Solved at time: 0.920232 s
[2025-10-26 00:00:08.117] [info] Solved at time: 0.920918 s
[2025-10-26 00:00:08.124] [info] Solved at time: 0.921222 s
[2025-10-26 00:00:08.135] [info] Solved at time: 0.921751 s
[2025-10-26 00:00:08.141] [info] Solved at time: 0.922061 s
[2025-10-26 00:00:08.148] [info] Solved at time: 0.938228 s
[2025-10-26 00:00:08.154] [info] Solved at time: 0.940237 s
[2025-10-26 00:00:08.160] [info] Solved at time: 0.940938 s
[2025-10-26 00:00:08.168] [info] Solved at time: 0.941248 s
[2025-10-26 00:00:08.174] [info] Solved at time: 0.941789 s
[2025-10-26 00:00:08.181] [info] Solved at time: 0.942105 s
[2025-10-26 00:00:08.190] [info] Solved at time: 0.95819 s
[2025-10-26 00:00:08.196] [info] Solved at time: 0.960242 s
[2025-10-26 00:00:08.204] [info] Solved at time: 0.960959 s
[2025-10-26 00:00:08.209] [info] Solved at time: 0.961275 s
[2025-10-26 00:00:08.215] [info] Solved at time: 0.961827 s
[2025-10-26 00:00:08.223] [info] Solved at time: 0.96215 s
[2025-10-26 00:00:08.231] [info] Solved at time: 0.978152 s
[2025-10-26 00:00:08.239] [info] Solved at time: 0.980247 s
[2025-10-26 00:00:08.245] [info] Solved at time: 0.980978 s
[2025-10-26 00:00:08.253] [info] Solved at time: 0.981302 s
[2025-10-26 00:00:08.259] [info] Solved at time: 0.981865 s
[2025-10-26 00:00:08.268] [info] Solved at time: 0.982195 s
[2025-10-26 00:00:08.276] [info] Solved at time: 0.998115 s
[2025-10-26 00:00:08.287] [info] Solved at time: 1.00025 s
[2025-10-26 00:00:08.293] [info] Solved at time: 1.00100 s
[2025-10-26 00:00:08.300] [info] Solved at time: 1.00133 s
[2025-10-26 00:00:08.306] [info] Solved at time: 1.00190 s
[2025-10-26 00:00:08.315] [info] Solved at time: 1.00224 s
[2025-10-26 00:00:08.322] [info] Solved at time: 1.01808 s
[2025-10-26 00:00:08.329] [info] Solved at time: 1.02026 s
[2025-10-26 00:00:08.337] [info] Solved at time: 1.02102 s
[2025-10-26 00:00:08.344] [info] Solved at time: 1.02136 s
[2025-10-26 00:00:08.352] [info] Solved at time: 1.02194 s
[2025-10-26 00:00:08.357] [info] Solved at time: 1.02229 s
[2025-10-26 00:00:08.366] [info] Solved at time: 1.03804 s
[2025-10-26 00:00:08.379] [info] Solved at time: 1.04026 s
[2025-10-26 00:00:08.385] [info] Solved at time: 1.04104 s
[2025-10-26 00:00:08.394] [info] Solved at time: 1.04138 s
[2025-10-26 00:00:08.400] [info] Solved at time: 1.04198 s
[2025-10-26 00:00:08.409] [info] Solved at time: 1.04233 s
[2025-10-26 00:00:08.417] [info] Solved at time: 1.058 s
[2025-10-26 00:00:08.426] [info] Solved at time: 1.06027 s
[2025-10-26 00:00:08.432] [info] Solved at time: 1.06106 s
[2025-10-26 00:00:08.441] [info] Solved at time: 1.06141 s
[2025-10-26 00:00:08.450] [info] Solved at time: 1.06202 s
[2025-10-26 00:00:08.459] [info] Solved at time: 1.06237 s
[2025-10-26 00:00:08.465] [info] Solved at time: 1.07796 s
[2025-10-26 00:00:08.473] [info] Solved at time: 1.08027 s
[2025-10-26 00:00:08.483] [info] Solved at time: 1.08108 s
[2025-10-26 00:00:08.491] [info] Solved at time: 1.08143 s
[2025-10-26 00:00:08.497] [info] Solved at time: 1.08206 s
[2025-10-26 00:00:08.506] [info] Solved at time: 1.08242 s
[2025-10-26 00:00:08.524] [info] Solved at time: 1.09793 s
[2025-10-26 00:00:08.534] [info] Solved at time: 1.10028 s
[2025-10-26 00:00:08.551] [info] Solved at time: 1.10110 s
[2025-10-26 00:00:08.564] [info] Solved at time: 1.10146 s
[2025-10-26 00:00:08.579] [info] Solved at time: 1.10209 s
[2025-10-26 00:00:08.586] [info] Solved at time: 1.10246 s
[2025-10-26 00:00:08.594] [info] Solved at time: 1.11789 s
[2025-10-26 00:00:08.605] [info] Solved at time: 1.12028 s
[2025-10-26 00:00:08.617] [info] Solved at time: 1.12112 s
[2025-10-26 00:00:08.623] [info] Solved at time: 1.12149 s
[2025-10-26 00:00:08.631] [info] Solved at time: 1.12213 s
[2025-10-26 00:00:08.637] [info] Solved at time: 1.12251 s
[2025-10-26 00:00:08.644] [info] Solved at time: 1.13785 s
[2025-10-26 00:00:08.654] [info] Solved at time: 1.14029 s
[2025-10-26 00:00:08.663] [info] Solved at time: 1.14116 s
[2025-10-26 00:00:08.668] [info] Solved at time: 1.14151 s
[2025-10-26 00:00:08.678] [info] Solved at time: 1.14217 s
[2025-10-26 00:00:08.684] [info] Solved at time: 1.14255 s
[2025-10-26 00:00:08.693] [info] Solved at time: 1.15781 s
[2025-10-26 00:00:08.700] [info] Solved at time: 1.16029 s
[2025-10-26 00:00:08.712] [info] Solved at time: 1.16116 s
[2025-10-26 00:00:08.729] [info] Solved at time: 1.16154 s
[2025-10-26 00:00:08.745] [info] Solved at time: 1.16221 s
[2025-10-26 00:00:08.757] [info] Solved at time: 1.1626 s
[2025-10-26 00:00:08.770] [info] Solved at time: 1.17778 s
[2025-10-26 00:00:08.779] [info] Solved at time: 1.18030 s
[2025-10-26 00:00:08.786] [info] Solved at time: 1.18118 s
[2025-10-26 00:00:08.794] [info] Solved at time: 1.18157 s
[2025-10-26 00:00:08.802] [info] Solved at time: 1.18225 s
[2025-10-26 00:00:08.812] [info] Solved at time: 1.18264 s
[2025-10-26 00:00:08.820] [info] Solved at time: 1.19774 s
[2025-10-26 00:00:08.826] [info] Solved at time: 1.20030 s
[2025-10-26 00:00:08.835] [info] Solved at time: 1.20120 s
[2025-10-26 00:00:08.841] [info] Solved at time: 1.20159 s
[2025-10-26 00:00:08.850] [info] Solved at time: 1.20228 s
[2025-10-26 00:00:08.855] [info] Solved at time: 1.20269 s
[2025-10-26 00:00:08.865] [info] Solved at time: 1.2177 s
[2025-10-26 00:00:08.871] [info] Solved at time: 1.22031 s
[2025-10-26 00:00:08.878] [info] Solved at time: 1.22122 s
[2025-10-26 00:00:08.893] [info] Solved at time: 1.22162 s
[2025-10-26 00:00:08.900] [info] Solved at time: 1.22232 s
[2025-10-26 00:00:08.917] [info] Solved at time: 1.22273 s
[2025-10-26 00:00:08.925] [info] Solved at time: 1.23766 s
[2025-10-26 00:00:08.931] [info] Solved at time: 1.24031 s
[2025-10-26 00:00:08.938] [info] Solved at time: 1.24124 s
[2025-10-26 00:00:08.948] [info] Solved at time: 1.24165 s
[2025-10-26 00:00:08.961] [info] Solved at time: 1.24237 s
[2025-10-26 00:00:08.971] [info] Solved at time: 1.24278 s
[2025-10-26 00:00:08.984] [info] Solved at time: 1.25762 s
[2025-10-26 00:00:08.993] [info] Solved at time: 1.26032 s
[2025-10-26 00:00:09.001] [info] Solved at time: 1.26126 s
[2025-10-26 00:00:09.010] [info] Solved at time: 1.26167 s
[2025-10-26 00:00:09.016] [info] Solved at time: 1.2624 s
[2025-10-26 00:00:09.024] [info] Solved at time: 1.26282 s
[2025-10-26 00:00:09.035] [info] Solved at time: 1.27759 s
[2025-10-26 00:00:09.042] [info] Solved at time: 1.28032 s
[2025-10-26 00:00:09.050] [info] Solved at time: 1.28128 s
[2025-10-26 00:00:09.059] [info] Solved at time: 1.2817 s
[2025-10-26 00:00:09.066] [info] Solved at time: 1.28244 s
[2025-10-26 00:00:09.072] [info] Solved at time: 1.28287 s
[2025-10-26 00:00:09.083] [info] Solved at time: 1.29755 s
[2025-10-26 00:00:09.089] [info] Solved at time: 1.30033 s
[2025-10-26 00:00:09.097] [info] Solved at time: 1.30130 s
[2025-10-26 00:00:09.104] [info] Solved at time: 1.30173 s
[2025-10-26 00:00:09.112] [info] Solved at time: 1.30247 s
[2025-10-26 00:00:09.119] [info] Solved at time: 1.30291 s
[2025-10-26 00:00:09.129] [info] Solved at time: 1.31751 s
[2025-10-26 00:00:09.135] [info] Solved at time: 1.32033 s
[2025-10-26 00:00:09.143] [info] Solved at time: 1.32132 s
[2025-10-26 00:00:09.151] [info] Solved at time: 1.32175 s
[2025-10-26 00:00:09.157] [info] Solved at time: 1.32251 s
[2025-10-26 00:00:09.164] [info] Solved at time: 1.32296 s
[2025-10-26 00:00:09.175] [info] Solved at time: 1.33747 s
[2025-10-26 00:00:09.180] [info] Solved at time: 1.34034 s
[2025-10-26 00:00:09.188] [info] Solved at time: 1.34134 s
[2025-10-26 00:00:09.195] [info] Solved at time: 1.34178 s
[2025-10-26 00:00:09.204] [info] Solved at time: 1.34255 s
[2025-10-26 00:00:09.210] [info] Solved at time: 1.343 s
[2025-10-26 00:00:09.219] [info] Solved at time: 1.35744 s
[2025-10-26 00:00:09.228] [info] Solved at time: 1.36034 s
[2025-10-26 00:00:09.234] [info] Solved at time: 1.36136 s
[2025-10-26 00:00:09.241] [info] Solved at time: 1.36181 s
[2025-10-26 00:00:09.247] [info] Solved at time: 1.36259 s
[2025-10-26 00:00:09.256] [info] Solved at time: 1.36305 s
[2025-10-26 00:00:09.264] [info] Solved at time: 1.3774 s
[2025-10-26 00:00:09.270] [info] Solved at time: 1.38035 s
[2025-10-26 00:00:09.277] [info] Solved at time: 1.38138 s
[2025-10-26 00:00:09.284] [info] Solved at time: 1.38183 s
[2025-10-26 00:00:09.290] [info] Solved at time: 1.38263 s
[2025-10-26 00:00:09.297] [info] Solved at time: 1.38309 s
[2025-10-26 00:00:09.305] [info] Solved at time: 1.39736 s
[2025-10-26 00:00:09.312] [info] Solved at time: 1.40035 s
[2025-10-26 00:00:09.318] [info] Solved at time: 1.40140 s
[2025-10-26 00:00:09.324] [info] Solved at time: 1.40186 s
[2025-10-26 00:00:09.333] [info] Solved at time: 1.40266 s
[2025-10-26 00:00:09.339] [info] Solved at time: 1.40314 s
[2025-10-26 00:00:09.349] [info] Solved at time: 1.41732 s
[2025-10-26 00:00:09.355] [info] Solved at time: 1.42036 s
[2025-10-26 00:00:09.365] [info] Solved at time: 1.42142 s
[2025-10-26 00:00:09.370] [info] Solved at time: 1.42189 s
[2025-10-26 00:00:09.379] [info] Solved at time: 1.4227 s
[2025-10-26 00:00:09.385] [info] Solved at time: 1.42318 s
[2025-10-26 00:00:09.393] [info] Solved at time: 1.43729 s
[2025-10-26 00:00:09.399] [info] Solved at time: 1.44036 s
[2025-10-26 00:00:09.407] [info] Solved at time: 1.44144 s
[2025-10-26 00:00:09.414] [info] Solved at time: 1.44191 s
[2025-10-26 00:00:09.421] [info] Solved at time: 1.44274 s
[2025-10-26 00:00:09.429] [info] Solved at time: 1.44322 s
[2025-10-26 00:00:09.436] [info] Solved at time: 1.45725 s
[2025-10-26 00:00:09.451] [info] Solved at time: 1.46037 s
[2025-10-26 00:00:09.464] [info] Solved at time: 1.46146 s
[2025-10-26 00:00:09.476] [info] Solved at time: 1.46194 s
[2025-10-26 00:00:09.490] [info] Solved at time: 1.46278 s
[2025-10-26 00:00:09.503] [info] Solved at time: 1.46327 s
[2025-10-26 00:00:09.516] [info] Solved at time: 1.47721 s
[2025-10-26 00:00:09.528] [info] Solved at time: 1.48037 s
[2025-10-26 00:00:09.535] [info] Solved at time: 1.48148 s
[2025-10-26 00:00:09.542] [info] Solved at time: 1.48196 s
[2025-10-26 00:00:09.549] [info] Solved at time: 1.48282 s
[2025-10-26 00:00:09.555] [info] Solved at time: 1.48331 s
[2025-10-26 00:00:09.564] [info] Solved at time: 1.49717 s
[2025-10-26 00:00:09.569] [info] Solved at time: 1.50038 s
[2025-10-26 00:00:09.578] [info] Solved at time: 1.50150 s
[2025-10-26 00:00:09.585] [info] Solved at time: 1.50199 s
[2025-10-26 00:00:09.593] [info] Solved at time: 1.50285 s
[2025-10-26 00:00:09.601] [info] Solved at time: 1.50336 s
[2025-10-26 00:00:09.609] [info] Solved at time: 1.51713 s
[2025-10-26 00:00:09.617] [info] Solved at time: 1.52038 s
[2025-10-26 00:00:09.624] [info] Solved at time: 1.52152 s
[2025-10-26 00:00:09.633] [info] Solved at time: 1.52202 s
[2025-10-26 00:00:09.641] [info] Solved at time: 1.52289 s
[2025-10-26 00:00:09.650] [info] Solved at time: 1.5234 s
[2025-10-26 00:00:09.659] [info] Solved at time: 1.5371 s
[2025-10-26 00:00:09.665] [info] Solved at time: 1.54039 s
[2025-10-26 00:00:09.674] [info] Solved at time: 1.54154 s
[2025-10-26 00:00:09.681] [info] Solved at time: 1.54205 s
[2025-10-26 00:00:09.689] [info] Solved at time: 1.54293 s
[2025-10-26 00:00:09.697] [info] Solved at time: 1.54345 s
[2025-10-26 00:00:09.705] [info] Solved at time: 1.55706 s
[2025-10-26 00:00:09.713] [info] Solved at time: 1.56039 s
[2025-10-26 00:00:09.721] [info] Solved at time: 1.56156 s
[2025-10-26 00:00:09.729] [info] Solved at time: 1.56207 s
[2025-10-26 00:00:09.738] [info] Solved at time: 1.56297 s
[2025-10-26 00:00:09.746] [info] Solved at time: 1.56349 s
[2025-10-26 00:00:09.754] [info] Solved at time: 1.57702 s
[2025-10-26 00:00:09.762] [info] Solved at time: 1.58040 s
[2025-10-26 00:00:09.771] [info] Solved at time: 1.58158 s
[2025-10-26 00:00:09.779] [info] Solved at time: 1.5821 s
[2025-10-26 00:00:09.787] [info] Solved at time: 1.58301 s
[2025-10-26 00:00:09.795] [info] Solved at time: 1.58354 s
[2025-10-26 00:00:09.804] [info] Solved at time: 1.59698 s
[2025-10-26 00:00:09.810] [info] Solved at time: 1.60040 s
[2025-10-26 00:00:09.817] [info] Solved at time: 1.60160 s
[2025-10-26 00:00:09.825] [info] Solved at time: 1.60213 s
[2025-10-26 00:00:09.833] [info] Solved at time: 1.60305 s
[2025-10-26 00:00:09.841] [info] Solved at time: 1.60358 s
[2025-10-26 00:00:09.849] [info] Solved at time: 1.61695 s
[2025-10-26 00:00:09.855] [info] Solved at time: 1.62041 s
[2025-10-26 00:00:09.863] [info] Solved at time: 1.62162 s
[2025-10-26 00:00:09.869] [info] Solved at time: 1.62215 s
[2025-10-26 00:00:09.878] [info] Solved at time: 1.62308 s
[2025-10-26 00:00:09.885] [info] Solved at time: 1.62363 s
[2025-10-26 00:00:09.893] [info] Solved at time: 1.63691 s
[2025-10-26 00:00:09.901] [info] Solved at time: 1.64041 s
[2025-10-26 00:00:09.910] [info] Solved at time: 1.64164 s
[2025-10-26 00:00:09.919] [info] Solved at time: 1.64218 s
[2025-10-26 00:00:09.927] [info] Solved at time: 1.64312 s
[2025-10-26 00:00:09.935] [info] Solved at time: 1.64367 s
[2025-10-26 00:00:09.943] [info] Solved at time: 1.65687 s
[2025-10-26 00:00:09.949] [info] Solved at time: 1.66042 s
[2025-10-26 00:00:09.957] [info] Solved at time: 1.66166 s
[2025-10-26 00:00:09.965] [info] Solved at time: 1.6622 s
[2025-10-26 00:00:09.973] [info] Solved at time: 1.66316 s
[2025-10-26 00:00:09.980] [info] Solved at time: 1.66372 s
[2025-10-26 00:00:09.989] [info] Solved at time: 1.67683 s
[2025-10-26 00:00:09.998] [info] Solved at time: 1.68042 s
[2025-10-26 00:00:10.006] [info] Solved at time: 1.68168 s
[2025-10-26 00:00:10.014] [info] Solved at time: 1.68223 s
[2025-10-26 00:00:10.022] [info] Solved at time: 1.6832 s
[2025-10-26 00:00:10.031] [info] Solved at time: 1.68376 s
[2025-10-26 00:00:10.040] [info] Solved at time: 1.6968 s
[2025-10-26 00:00:10.052] [info] Solved at time: 1.70043 s
[2025-10-26 00:00:10.061] [info] Solved at time: 1.70170 s
[2025-10-26 00:00:10.069] [info] Solved at time: 1.70226 s
[2025-10-26 00:00:10.077] [info] Solved at time: 1.70324 s
[2025-10-26 00:00:10.085] [info] Solved at time: 1.70381 s
[2025-10-26 00:00:10.093] [info] Solved at time: 1.71676 s
[2025-10-26 00:00:10.099] [info] Solved at time: 1.72043 s
[2025-10-26 00:00:10.106] [info] Solved at time: 1.72172 s
[2025-10-26 00:00:10.115] [info] Solved at time: 1.72229 s
[2025-10-26 00:00:10.121] [info] Solved at time: 1.72327 s
[2025-10-26 00:00:10.130] [info] Solved at time: 1.72385 s
[2025-10-26 00:00:10.138] [info] Solved at time: 1.73672 s
[2025-10-26 00:00:10.145] [info] Solved at time: 1.74044 s
[2025-10-26 00:00:10.151] [info] Solved at time: 1.74174 s
[2025-10-26 00:00:10.157] [info] Solved at time: 1.74231 s
[2025-10-26 00:00:10.165] [info] Solved at time: 1.74331 s
[2025-10-26 00:00:10.172] [info] Solved at time: 1.7439 s
[2025-10-26 00:00:10.182] [info] Solved at time: 1.75668 s
[2025-10-26 00:00:10.192] [info] Solved at time: 1.76044 s
[2025-10-26 00:00:10.200] [info] Solved at time: 1.76176 s
[2025-10-26 00:00:10.209] [info] Solved at time: 1.76234 s
[2025-10-26 00:00:10.216] [info] Solved at time: 1.76335 s
[2025-10-26 00:00:10.226] [info] Solved at time: 1.76394 s
[2025-10-26 00:00:10.237] [info] Solved at time: 1.77665 s
[2025-10-26 00:00:10.244] [info] Solved at time: 1.78045 s
[2025-10-26 00:00:10.252] [info] Solved at time: 1.78178 s
[2025-10-26 00:00:10.259] [info] Solved at time: 1.78236 s
[2025-10-26 00:00:10.268] [info] Solved at time: 1.78339 s
[2025-10-26 00:00:10.283] [info] Solved at time: 1.78399 s
[2025-10-26 00:00:10.293] [info] Solved at time: 1.79661 s
[2025-10-26 00:00:10.302] [info] Solved at time: 1.80045 s
[2025-10-26 00:00:10.312] [info] Solved at time: 1.80180 s
[2025-10-26 00:00:10.319] [info] Solved at time: 1.80239 s
[2025-10-26 00:00:10.327] [info] Solved at time: 1.80343 s
[2025-10-26 00:00:10.333] [info] Solved at time: 1.80403 s
[2025-10-26 00:00:10.341] [info] Solved at time: 1.81657 s
[2025-10-26 00:00:10.350] [info] Solved at time: 1.82046 s
[2025-10-26 00:00:10.361] [info] Solved at time: 1.82182 s
[2025-10-26 00:00:10.371] [info] Solved at time: 1.82242 s
[2025-10-26 00:00:10.380] [info] Solved at time: 1.82346 s
[2025-10-26 00:00:10.388] [info] Solved at time: 1.82408 s
[2025-10-26 00:00:10.397] [info] Solved at time: 1.83653 s
[2025-10-26 00:00:10.407] [info] Solved at time: 1.84047 s
[2025-10-26 00:00:10.415] [info] Solved at time: 1.84184 s
[2025-10-26 00:00:10.424] [info] Solved at time: 1.84244 s
[2025-10-26 00:00:10.432] [info] Solved at time: 1.8435 s
[2025-10-26 00:00:10.440] [info] Solved at time: 1.84412 s
[2025-10-26 00:00:10.450] [info] Solved at time: 1.85649 s
[2025-10-26 00:00:10.461] [info] Solved at time: 1.86047 s
[2025-10-26 00:00:10.471] [info] Solved at time: 1.86186 s
[2025-10-26 00:00:10.482] [info] Solved at time: 1.86247 s
[2025-10-26 00:00:10.489] [info] Solved at time: 1.86354 s
[2025-10-26 00:00:10.498] [info] Solved at time: 1.86417 s
[2025-10-26 00:00:10.506] [info] Solved at time: 1.87646 s
[2025-10-26 00:00:10.514] [info] Solved at time: 1.88047 s
[2025-10-26 00:00:10.523] [info] Solved at time: 1.88188 s
[2025-10-26 00:00:10.530] [info] Solved at time: 1.8825 s
[2025-10-26 00:00:10.538] [info] Solved at time: 1.88358 s
[2025-10-26 00:00:10.547] [info] Solved at time: 1.88421 s
[2025-10-26 00:00:10.554] [info] Solved at time: 1.89642 s
[2025-10-26 00:00:10.563] [info] Solved at time: 1.90048 s
[2025-10-26 00:00:10.570] [info] Solved at time: 1.90190 s
[2025-10-26 00:00:10.579] [info] Solved at time: 1.90252 s
[2025-10-26 00:00:10.587] [info] Solved at time: 1.90362 s
[2025-10-26 00:00:10.597] [info] Solved at time: 1.90426 s
[2025-10-26 00:00:10.606] [info] Solved at time: 1.91638 s
[2025-10-26 00:00:10.613] [info] Solved at time: 1.92048 s
[2025-10-26 00:00:10.622] [info] Solved at time: 1.92192 s
[2025-10-26 00:00:10.630] [info] Solved at time: 1.92255 s
[2025-10-26 00:00:10.638] [info] Solved at time: 1.92365 s
[2025-10-26 00:00:10.647] [info] Solved at time: 1.9243 s
[2025-10-26 00:00:10.655] [info] Solved at time: 1.93634 s
[2025-10-26 00:00:10.662] [info] Solved at time: 1.94049 s
[2025-10-26 00:00:10.671] [info] Solved at time: 1.94194 s
[2025-10-26 00:00:10.677] [info] Solved at time: 1.94258 s
[2025-10-26 00:00:10.688] [info] Solved at time: 1.94369 s
[2025-10-26 00:00:10.694] [info] Solved at time: 1.94434 s
[2025-10-26 00:00:10.704] [info] Solved at time: 1.9563 s
[2025-10-26 00:00:10.709] [info] Solved at time: 1.96050 s
[2025-10-26 00:00:10.716] [info] Solved at time: 1.96196 s
[2025-10-26 00:00:10.723] [info] Solved at time: 1.9626 s
[2025-10-26 00:00:10.729] [info] Solved at time: 1.96373 s
[2025-10-26 00:00:10.736] [info] Solved at time: 1.96439 s
[2025-10-26 00:00:10.743] [info] Solved at time: 1.97627 s
[2025-10-26 00:00:10.750] [info] Solved at time: 1.98050 s
[2025-10-26 00:00:10.762] [info] Solved at time: 1.98198 s
[2025-10-26 00:00:10.772] [info] Solved at time: 1.98263 s
[2025-10-26 00:00:10.784] [info] Solved at time: 1.98377 s
[2025-10-26 00:00:10.790] [info] Solved at time: 1.98443 s
[2025-10-26 00:00:10.798] [info] Solved at time: 1.99623 s
[2025-10-26 00:00:10.807] [info] Solved at time: 2.00050 s
[2025-10-26 00:00:10.816] [info] Solved at time: 2.00200 s
[2025-10-26 00:00:10.825] [info] Solved at time: 2.00266 s
[2025-10-26 00:00:10.836] [info] Solved at time: 2.00381 s
[2025-10-26 00:00:10.862] [info] Solved at time: 2.00448 s
[2025-10-26 00:00:10.875] [info] Solved at time: 2.01619 s
[2025-10-26 00:00:10.887] [info] Solved at time: 2.02051 s
[2025-10-26 00:00:10.897] [info] Solved at time: 2.02202 s
[2025-10-26 00:00:10.906] [info] Solved at time: 2.02268 s
[2025-10-26 00:00:10.917] [info] Solved at time: 2.02384 s
[2025-10-26 00:00:10.927] [info] Solved at time: 2.02452 s
[2025-10-26 00:00:10.938] [info] Solved at time: 2.03615 s
[2025-10-26 00:00:10.947] [info] Solved at time: 2.04052 s
[2025-10-26 00:00:10.956] [info] Solved at time: 2.04204 s
[2025-10-26 00:00:10.966] [info] Solved at time: 2.04271 s
[2025-10-26 00:00:10.977] [info] Solved at time: 2.04388 s
[2025-10-26 00:00:10.985] [info] Solved at time: 2.04457 s
[2025-10-26 00:00:10.992] [info] Solved at time: 2.05612 s
[2025-10-26 00:00:11.001] [info] Solved at time: 2.06052 s
[2025-10-26 00:00:11.012] [info] Solved at time: 2.06206 s
[2025-10-26 00:00:11.022] [info] Solved at time: 2.06274 s
[2025-10-26 00:00:11.031] [info] Solved at time: 2.06392 s
[2025-10-26 00:00:11.040] [info] Solved at time: 2.06461 s
[2025-10-26 00:00:11.047] [info] Solved at time: 2.07608 s
[2025-10-26 00:00:11.056] [info] Solved at time: 2.08053 s
[2025-10-26 00:00:11.066] [info] Solved at time: 2.08208 s
[2025-10-26 00:00:11.075] [info] Solved at time: 2.08276 s
[2025-10-26 00:00:11.086] [info] Solved at time: 2.08396 s
[2025-10-26 00:00:11.095] [info] Solved at time: 2.08468 s
[2025-10-26 00:00:11.104] [info] Solved at time: 2.09604 s
[2025-10-26 00:00:11.112] [info] Solved at time: 2.10053 s
[2025-10-26 00:00:11.125] [info] Solved at time: 2.10210 s
[2025-10-26 00:00:11.135] [info] Solved at time: 2.10279 s
[2025-10-26 00:00:11.145] [info] Solved at time: 2.10400 s
[2025-10-26 00:00:11.154] [info] Solved at time: 2.10470 s
[2025-10-26 00:00:11.162] [info] Solved at time: 2.116 s
[2025-10-26 00:00:11.172] [info] Solved at time: 2.12053 s
[2025-10-26 00:00:11.187] [info] Solved at time: 2.12212 s
[2025-10-26 00:00:11.199] [info] Solved at time: 2.12282 s
[2025-10-26 00:00:11.208] [info] Solved at time: 2.12403 s
[2025-10-26 00:00:11.220] [info] Solved at time: 2.12475 s
[2025-10-26 00:00:11.228] [info] Solved at time: 2.13597 s
[2025-10-26 00:00:11.237] [info] Solved at time: 2.14054 s
[2025-10-26 00:00:11.248] [info] Solved at time: 2.14214 s
[2025-10-26 00:00:11.265] [info] Solved at time: 2.14284 s
[2025-10-26 00:00:11.275] [info] Solved at time: 2.14407 s
[2025-10-26 00:00:11.286] [info] Solved at time: 2.14479 s
[2025-10-26 00:00:11.295] [info] Solved at time: 2.15593 s
[2025-10-26 00:00:11.305] [info] Solved at time: 2.16054 s
[2025-10-26 00:00:11.318] [info] Solved at time: 2.16216 s
[2025-10-26 00:00:11.328] [info] Solved at time: 2.16287 s
[2025-10-26 00:00:11.339] [info] Solved at time: 2.16411 s
[2025-10-26 00:00:11.349] [info] Solved at time: 2.16484 s
[2025-10-26 00:00:11.363] [info] Solved at time: 2.17589 s
[2025-10-26 00:00:11.379] [info] Solved at time: 2.18055 s
[2025-10-26 00:00:11.390] [info] Solved at time: 2.18218 s
[2025-10-26 00:00:11.400] [info] Solved at time: 2.18289 s
[2025-10-26 00:00:11.410] [info] Solved at time: 2.18415 s
[2025-10-26 00:00:11.422] [info] Solved at time: 2.18488 s
[2025-10-26 00:00:11.429] [info] Solved at time: 2.19585 s
[2025-10-26 00:00:11.438] [info] Solved at time: 2.20056 s
[2025-10-26 00:00:11.448] [info] Solved at time: 2.20220 s
[2025-10-26 00:00:11.457] [info] Solved at time: 2.20292 s
[2025-10-26 00:00:11.467] [info] Solved at time: 2.20420 s
[2025-10-26 00:00:11.477] [info] Solved at time: 2.20493 s
[2025-10-26 00:00:11.483] [info] Solved at time: 2.21582 s
[2025-10-26 00:00:11.495] [info] Solved at time: 2.22056 s
[2025-10-26 00:00:11.506] [info] Solved at time: 2.22222 s
[2025-10-26 00:00:11.525] [info] Solved at time: 2.22295 s
[2025-10-26 00:00:11.534] [info] Solved at time: 2.22423 s
[2025-10-26 00:00:11.544] [info] Solved at time: 2.22497 s
[2025-10-26 00:00:11.552] [info] Solved at time: 2.23578 s
[2025-10-26 00:00:11.567] [info] Solved at time: 2.24057 s
[2025-10-26 00:00:11.582] [info] Solved at time: 2.24224 s
[2025-10-26 00:00:11.592] [info] Solved at time: 2.24297 s
[2025-10-26 00:00:11.602] [info] Solved at time: 2.24426 s
[2025-10-26 00:00:11.612] [info] Solved at time: 2.24502 s
[2025-10-26 00:00:11.619] [info] Solved at time: 2.25574 s
[2025-10-26 00:00:11.630] [info] Solved at time: 2.26057 s
[2025-10-26 00:00:11.641] [info] Solved at time: 2.26226 s
[2025-10-26 00:00:11.652] [info] Solved at time: 2.263 s
[2025-10-26 00:00:11.661] [info] Solved at time: 2.2643 s
[2025-10-26 00:00:11.672] [info] Solved at time: 2.26506 s
[2025-10-26 00:00:11.682] [info] Solved at time: 2.2757 s
[2025-10-26 00:00:11.694] [info] Solved at time: 2.28058 s
[2025-10-26 00:00:11.703] [info] Solved at time: 2.28228 s
[2025-10-26 00:00:11.713] [info] Solved at time: 2.28303 s
[2025-10-26 00:00:11.724] [info] Solved at time: 2.28434 s
[2025-10-26 00:00:11.735] [info] Solved at time: 2.28511 s
[2025-10-26 00:00:11.744] [info] Solved at time: 2.29566 s
[2025-10-26 00:00:11.752] [info] Solved at time: 2.30058 s
[2025-10-26 00:00:11.762] [info] Solved at time: 2.30230 s
[2025-10-26 00:00:11.772] [info] Solved at time: 2.30306 s
[2025-10-26 00:00:11.785] [info] Solved at time: 2.30438 s
[2025-10-26 00:00:11.801] [info] Solved at time: 2.30515 s
[2025-10-26 00:00:11.809] [info] Solved at time: 2.31563 s
[2025-10-26 00:00:11.818] [info] Solved at time: 2.32059 s
[2025-10-26 00:00:11.828] [info] Solved at time: 2.32232 s
[2025-10-26 00:00:11.839] [info] Solved at time: 2.32308 s
[2025-10-26 00:00:11.851] [info] Solved at time: 2.32442 s
[2025-10-26 00:00:11.863] [info] Solved at time: 2.32519 s
[2025-10-26 00:00:11.872] [info] Solved at time: 2.33559 s
[2025-10-26 00:00:11.882] [info] Solved at time: 2.34059 s
[2025-10-26 00:00:11.894] [info] Solved at time: 2.34234 s
[2025-10-26 00:00:11.902] [info] Solved at time: 2.34311 s
[2025-10-26 00:00:11.912] [info] Solved at time: 2.34445 s
[2025-10-26 00:00:11.921] [info] Solved at time: 2.34524 s
[2025-10-26 00:00:11.928] [info] Solved at time: 2.35555 s
[2025-10-26 00:00:11.937] [info] Solved at time: 2.36061 s
[2025-10-26 00:00:11.948] [info] Solved at time: 2.36236 s
[2025-10-26 00:00:11.958] [info] Solved at time: 2.36314 s
[2025-10-26 00:00:11.968] [info] Solved at time: 2.36449 s
[2025-10-26 00:00:11.978] [info] Solved at time: 2.36529 s
[2025-10-26 00:00:11.986] [info] Solved at time: 2.37551 s
[2025-10-26 00:00:11.995] [info] Solved at time: 2.38060 s
[2025-10-26 00:00:12.007] [info] Solved at time: 2.38238 s
[2025-10-26 00:00:12.020] [info] Solved at time: 2.38316 s
[2025-10-26 00:00:12.031] [info] Solved at time: 2.38453 s
[2025-10-26 00:00:12.040] [info] Solved at time: 2.38533 s
[2025-10-26 00:00:12.047] [info] Solved at time: 2.39548 s
[2025-10-26 00:00:12.058] [info] Solved at time: 2.40061 s
[2025-10-26 00:00:12.067] [info] Solved at time: 2.40240 s
[2025-10-26 00:00:12.090] [info] Solved at time: 2.40319 s
[2025-10-26 00:00:12.100] [info] Solved at time: 2.40457 s
[2025-10-26 00:00:12.109] [info] Solved at time: 2.40537 s
[2025-10-26 00:00:12.120] [info] Solved at time: 2.41544 s
[2025-10-26 00:00:12.134] [info] Solved at time: 2.42061 s
[2025-10-26 00:00:12.143] [info] Solved at time: 2.42242 s
[2025-10-26 00:00:12.155] [info] Solved at time: 2.42321 s
[2025-10-26 00:00:12.165] [info] Solved at time: 2.42461 s
[2025-10-26 00:00:12.174] [info] Solved at time: 2.42542 s
[2025-10-26 00:00:12.182] [info] Solved at time: 2.4354 s
[2025-10-26 00:00:12.193] [info] Solved at time: 2.44062 s
[2025-10-26 00:00:12.204] [info] Solved at time: 2.44244 s
[2025-10-26 00:00:12.215] [info] Solved at time: 2.44324 s
[2025-10-26 00:00:12.224] [info] Solved at time: 2.44464 s
[2025-10-26 00:00:12.233] [info] Solved at time: 2.44546 s
[2025-10-26 00:00:12.244] [info] Solved at time: 2.45536 s
[2025-10-26 00:00:12.253] [info] Solved at time: 2.46062 s
[2025-10-26 00:00:12.263] [info] Solved at time: 2.46246 s
[2025-10-26 00:00:12.273] [info] Solved at time: 2.46327 s
[2025-10-26 00:00:12.292] [info] Solved at time: 2.46468 s
[2025-10-26 00:00:12.302] [info] Solved at time: 2.46551 s
[2025-10-26 00:00:12.311] [info] Solved at time: 2.47533 s
[2025-10-26 00:00:12.322] [info] Solved at time: 2.48063 s
[2025-10-26 00:00:12.333] [info] Solved at time: 2.48248 s
[2025-10-26 00:00:12.342] [info] Solved at time: 2.48329 s
[2025-10-26 00:00:12.352] [info] Solved at time: 2.48472 s
[2025-10-26 00:00:12.361] [info] Solved at time: 2.48555 s
[2025-10-26 00:00:12.370] [info] Solved at time: 2.49529 s
[2025-10-26 00:00:12.380] [info] Solved at time: 2.50063 s
[2025-10-26 00:00:12.390] [info] Solved at time: 2.50250 s
[2025-10-26 00:00:12.399] [info] Solved at time: 2.50332 s
[2025-10-26 00:00:12.416] [info] Solved at time: 2.50476 s
[2025-10-26 00:00:12.425] [info] Solved at time: 2.50560 s
[2025-10-26 00:00:12.435] [info] Solved at time: 2.51527 s
[2025-10-26 00:00:12.444] [info] Solved at time: 2.52064 s
[2025-10-26 00:00:12.454] [info] Solved at time: 2.52252 s
[2025-10-26 00:00:12.464] [info] Solved at time: 2.52335 s
[2025-10-26 00:00:12.474] [info] Solved at time: 2.5248 s
[2025-10-26 00:00:12.483] [info] Solved at time: 2.52564 s
[2025-10-26 00:00:12.492] [info] Solved at time: 2.53522 s
[2025-10-26 00:00:12.501] [info] Solved at time: 2.54064 s
[2025-10-26 00:00:12.510] [info] Solved at time: 2.54254 s
[2025-10-26 00:00:12.520] [info] Solved at time: 2.54337 s
[2025-10-26 00:00:12.531] [info] Solved at time: 2.54483 s
[2025-10-26 00:00:12.547] [info] Solved at time: 2.54569 s
[2025-10-26 00:00:12.554] [info] Solved at time: 2.55517 s
[2025-10-26 00:00:12.564] [info] Solved at time: 2.56065 s
[2025-10-26 00:00:12.574] [info] Solved at time: 2.56256 s
[2025-10-26 00:00:12.584] [info] Solved at time: 2.5634 s
[2025-10-26 00:00:12.594] [info] Solved at time: 2.56487 s
[2025-10-26 00:00:12.607] [info] Solved at time: 2.56573 s
[2025-10-26 00:00:12.615] [info] Solved at time: 2.57514 s
[2025-10-26 00:00:12.625] [info] Solved at time: 2.58065 s
[2025-10-26 00:00:12.633] [info] Solved at time: 2.58258 s
[2025-10-26 00:00:12.644] [info] Solved at time: 2.58343 s
[2025-10-26 00:00:12.654] [info] Solved at time: 2.58491 s
[2025-10-26 00:00:12.664] [info] Solved at time: 2.58578 s
[2025-10-26 00:00:12.672] [info] Solved at time: 2.5951 s
[2025-10-26 00:00:12.681] [info] Solved at time: 2.60066 s
[2025-10-26 00:00:12.692] [info] Solved at time: 2.60260 s
[2025-10-26 00:00:12.701] [info] Solved at time: 2.60345 s
[2025-10-26 00:00:12.712] [info] Solved at time: 2.60495 s
[2025-10-26 00:00:12.727] [info] Solved at time: 2.60582 s
[2025-10-26 00:00:12.739] [info] Solved at time: 2.61506 s
[2025-10-26 00:00:12.750] [info] Solved at time: 2.62066 s
[2025-10-26 00:00:12.761] [info] Solved at time: 2.62262 s
[2025-10-26 00:00:12.769] [info] Solved at time: 2.62348 s
[2025-10-26 00:00:12.778] [info] Solved at time: 2.62499 s
[2025-10-26 00:00:12.791] [info] Solved at time: 2.62587 s
[2025-10-26 00:00:12.798] [info] Solved at time: 2.63502 s
[2025-10-26 00:00:12.803] [info] Solved at time: 2.64067 s
[2025-10-26 00:00:12.813] [info] Solved at time: 2.64264 s
[2025-10-26 00:00:12.822] [info] Solved at time: 2.64351 s
[2025-10-26 00:00:12.831] [info] Solved at time: 2.64502 s
[2025-10-26 00:00:12.840] [info] Solved at time: 2.64591 s
[2025-10-26 00:00:12.848] [info] Solved at time: 2.65499 s
[2025-10-26 00:00:12.855] [info] Solved at time: 2.66067 s
[2025-10-26 00:00:12.860] [info] Solved at time: 2.66266 s
[2025-10-26 00:00:12.870] [info] Solved at time: 2.66353 s
[2025-10-26 00:00:12.879] [info] Solved at time: 2.66506 s
[2025-10-26 00:00:12.890] [info] Solved at time: 2.66596 s
[2025-10-26 00:00:12.896] [info] Solved at time: 2.67495 s
[2025-10-26 00:00:12.903] [info] Solved at time: 2.68068 s
[2025-10-26 00:00:12.909] [info] Solved at time: 2.68268 s
[2025-10-26 00:00:12.918] [info] Solved at time: 2.68356 s
[2025-10-26 00:00:12.931] [info] Solved at time: 2.6851 s
[2025-10-26 00:00:12.936] [info] Solved at time: 2.686 s
[2025-10-26 00:00:12.947] [info] Solved at time: 2.69491 s
[2025-10-26 00:00:12.953] [info] Solved at time: 2.70068 s
[2025-10-26 00:00:12.964] [info] Solved at time: 2.70270 s
[2025-10-26 00:00:12.973] [info] Solved at time: 2.70359 s
[2025-10-26 00:00:12.982] [info] Solved at time: 2.70514 s
[2025-10-26 00:00:12.992] [info] Solved at time: 2.70605 s
[2025-10-26 00:00:13.001] [info] Solved at time: 2.71487 s
[2025-10-26 00:00:13.010] [info] Solved at time: 2.72069 s
[2025-10-26 00:00:13.019] [info] Solved at time: 2.72272 s
[2025-10-26 00:00:13.029] [info] Solved at time: 2.72361 s
[2025-10-26 00:00:13.039] [info] Solved at time: 2.72518 s
[2025-10-26 00:00:13.047] [info] Solved at time: 2.72609 s
[2025-10-26 00:00:13.057] [info] Solved at time: 2.73483 s
[2025-10-26 00:00:13.065] [info] Solved at time: 2.74069 s
[2025-10-26 00:00:13.075] [info] Solved at time: 2.74274 s
[2025-10-26 00:00:13.085] [info] Solved at time: 2.74364 s
[2025-10-26 00:00:13.094] [info] Solved at time: 2.74521 s
[2025-10-26 00:00:13.105] [info] Solved at time: 2.74614 s
[2025-10-26 00:00:13.114] [info] Solved at time: 2.7548 s
[2025-10-26 00:00:13.121] [info] Solved at time: 2.76070 s
[2025-10-26 00:00:13.134] [info] Solved at time: 2.76276 s
[2025-10-26 00:00:13.152] [info] Solved at time: 2.76367 s
[2025-10-26 00:00:13.164] [info] Solved at time: 2.76525 s
[2025-10-26 00:00:13.179] [info] Solved at time: 2.76618 s
[2025-10-26 00:00:13.189] [info] Solved at time: 2.77476 s
[2025-10-26 00:00:13.196] [info] Solved at time: 2.78070 s
[2025-10-26 00:00:13.206] [info] Solved at time: 2.78278 s
[2025-10-26 00:00:13.219] [info] Solved at time: 2.78369 s
[2025-10-26 00:00:13.230] [info] Solved at time: 2.78529 s
[2025-10-26 00:00:13.242] [info] Solved at time: 2.78623 s
[2025-10-26 00:00:13.251] [info] Solved at time: 2.79472 s
[2025-10-26 00:00:13.259] [info] Solved at time: 2.80071 s
[2025-10-26 00:00:13.268] [info] Solved at time: 2.80280 s
[2025-10-26 00:00:13.278] [info] Solved at time: 2.80372 s
[2025-10-26 00:00:13.286] [info] Solved at time: 2.80533 s
[2025-10-26 00:00:13.297] [info] Solved at time: 2.80627 s
[2025-10-26 00:00:13.307] [info] Solved at time: 2.81468 s
[2025-10-26 00:00:13.317] [info] Solved at time: 2.82071 s
[2025-10-26 00:00:13.327] [info] Solved at time: 2.82282 s
[2025-10-26 00:00:13.337] [info] Solved at time: 2.82375 s
[2025-10-26 00:00:13.346] [info] Solved at time: 2.82537 s
[2025-10-26 00:00:13.357] [info] Solved at time: 2.82632 s
[2025-10-26 00:00:13.367] [info] Solved at time: 2.83465 s
[2025-10-26 00:00:13.376] [info] Solved at time: 2.84072 s
[2025-10-26 00:00:13.386] [info] Solved at time: 2.84284 s
[2025-10-26 00:00:13.398] [info] Solved at time: 2.84377 s
[2025-10-26 00:00:13.409] [info] Solved at time: 2.8454 s
[2025-10-26 00:00:13.419] [info] Solved at time: 2.84636 s
[2025-10-26 00:00:13.427] [info] Solved at time: 2.85461 s
[2025-10-26 00:00:13.436] [info] Solved at time: 2.86072 s
[2025-10-26 00:00:13.446] [info] Solved at time: 2.86286 s
[2025-10-26 00:00:13.457] [info] Solved at time: 2.8638 s
[2025-10-26 00:00:13.468] [info] Solved at time: 2.86544 s
[2025-10-26 00:00:13.478] [info] Solved at time: 2.8664 s
[2025-10-26 00:00:13.488] [info] Solved at time: 2.87457 s
[2025-10-26 00:00:13.497] [info] Solved at time: 2.88073 s
[2025-10-26 00:00:13.513] [info] Solved at time: 2.88288 s
[2025-10-26 00:00:13.533] [info] Solved at time: 2.88382 s
[2025-10-26 00:00:13.552] [info] Solved at time: 2.88548 s
[2025-10-26 00:00:13.570] [info] Solved at time: 2.88645 s
[2025-10-26 00:00:13.585] [info] Solved at time: 2.89453 s
[2025-10-26 00:00:13.597] [info] Solved at time: 2.90073 s
[2025-10-26 00:00:13.611] [info] Solved at time: 2.90290 s
[2025-10-26 00:00:13.628] [info] Solved at time: 2.90385 s
[2025-10-26 00:00:13.639] [info] Solved at time: 2.90552 s
[2025-10-26 00:00:13.657] [info] Solved at time: 2.90649 s
