# File generated by ImageToStl.com - Free Image and 3D model conversion tools

o obj1
v 0.06277321 0.00169058 -0.01363248
v 0.06195936 0.00345537 -0.01335443
v 0.06181718 0.00206247 -0.01654829
v 0.0628025 0.00015328 -0.0163169
v 0.06220829 -0.00232133 -0.0144508
v 0.06235547 0.0007081 -0.01147408
v 0.06122356 0.0023568 -0.01011488
v 0.06059023 -0.001574 -0.01877971
v 0.06063413 -0.00310409 -0.01728532
v 0.05862276 -0.00407197 -0.0168958
v 0.05867412 -0.00418071 -0.01373584
v 0.06086382 0.00060677 -0.01815456
v 0.05958725 0.00169897 -0.01589452
v 0.05948951 0.00079486 -0.01760656
v 0.05755662 -0.00063356 -0.01799765
v 0.05682392 0.00121315 -0.01606934
v 0.05665799 -0.00275843 -0.0180895
v 0.05865011 -0.00312618 -0.01878635
v 0.05852639 -0.00286275 -0.00719348
v 0.06065448 -0.00292344 -0.00930577
v 0.05760279 -0.00431106 -0.01016069
v 0.05586656 -0.00376019 -0.007683
v 0.05859306 -0.00114677 -0.00631467
v 0.06127157 -0.0003419 -0.00831306
v 0.05481242 -0.00218428 -0.0064351
v 0.04381011 -0.00809689 -0.02363207
v 0.0459424 -0.00594219 -0.02577247
v 0.04281776 -0.00585252 -0.02717635
v 0.04136022 -0.00800304 -0.02443758
v 0.04344085 -0.00810664 -0.0201023
v 0.04686198 -0.00563826 -0.02279009
v 0.03991786 -0.00790112 -0.02093166
v 0.03826072 -0.00792616 -0.01786979
v 0.041049 -0.00791765 -0.01551198
v 0.04503339 -0.00727408 -0.01506252
v 0.04717275 -0.00750017 -0.01865017
v 0.04004765 -0.00552951 -0.02716296
v 0.03931851 -0.00307345 -0.02652347
v 0.0377129 -0.00450769 -0.02468753
v 0.03846134 -0.0070144 -0.02510591
v 0.04210921 -0.00242906 -0.02637225
v 0.04101627 -0.00615439 -0.01007706
v 0.03943706 -0.00623383 -0.0090459
v 0.03948856 -0.00352656 -0.00723426
v 0.0429095 -0.00486477 -0.00886934
v 0.04084479 -0.0071819 -0.0120458
v 0.03804461 -0.00709406 -0.01139087
v 0.04364121 -0.0063512 -0.01170528
v 0.03752248 -0.00692215 -0.01409685
v 0.03671662 -0.00742913 -0.01605028
v 0.03672624 -0.0055022 -0.00767796
v 0.03518163 -0.00289414 -0.00616337
v 0.03593419 -0.00372979 -0.02207566
v 0.03470503 -0.00305083 -0.01968076
v 0.03386751 -0.00498702 -0.0198564
v 0.03559119 -0.00527229 -0.02271915
v 0.03730408 -0.00229715 -0.02275141
v 0.03430881 -0.00055774 -0.01404012
v 0.03502858 -0.0002925 -0.01640246
v 0.03503174 0.00276718 -0.01594203
v 0.03453227 0.00110505 -0.01250634
v 0.03381107 -0.00145373 -0.01034329
v 0.0334512 -0.00253489 -0.01346233
v 0.03360348 -0.002711 -0.01651889
v 0.03221887 -0.00485451 -0.01666649
v 0.03615238 -0.00070796 -0.01966004
v 0.03195751 -0.00471203 -0.01322674
v 0.03452081 -0.00599975 -0.01348502
v 0.03461714 -0.0061248 -0.01631638
v 0.03306437 -0.00428792 -0.00960131
v 0.03530531 -0.0062387 -0.010421
v 0.03588825 -0.00058175 -0.00821476
v 0.03648581 0.00219622 -0.01122831
v 0.03969761 0.00163364 -0.0108251
v 0.03946315 -0.00136397 -0.00869341
v 0.04291004 0.00071997 -0.01079368
v 0.04290386 -0.00191058 -0.00904153
v 0.04622246 0.00016979 -0.01055116
v 0.04621545 -0.00222909 -0.00898188
v 0.0466736 -0.00484234 -0.00904571
v 0.0473189 -0.00597901 -0.01153419
v 0.04937022 -0.00227261 -0.00891567
v 0.05002622 -0.004293 -0.00923895
v 0.05103118 -0.00512285 -0.01145656
v 0.05233643 -0.00541377 -0.01410103
v 0.04874603 -0.00671188 -0.0146634
v 0.05310687 -0.00372538 -0.00887615
v 0.05443395 -0.00410737 -0.01097612
v 0.05561533 -0.00403748 -0.01360067
v 0.05617789 -0.0040113 -0.01640452
v 0.05357445 -0.0050268 -0.01675834
v 0.05424237 -0.0034426 -0.01863332
v 0.05162973 -0.00431114 -0.01978382
v 0.05061976 -0.00660218 -0.01763471
v 0.0489173 -0.0050629 -0.02100634
v 0.0485523 -0.00239314 -0.02068312
v 0.04605737 -0.00265246 -0.02212468
v 0.05142502 -0.00190573 -0.01986856
v 0.05058897 -0.00011724 -0.01774326
v 0.04769623 -0.00012027 -0.01881441
v 0.05438352 -0.00117703 -0.01898868
v 0.05370945 0.00051745 -0.01692547
v 0.053273 0.0013879 -0.01417682
v 0.05017059 0.00147921 -0.01518641
v 0.05641731 0.00190069 -0.01335218
v 0.05600604 0.00132586 -0.01043329
v 0.05295909 0.00086563 -0.01146682
v 0.05938581 0.00228387 -0.01309921
v 0.05892798 0.00154428 -0.01006094
v 0.05251535 -0.00045951 -0.00926901
v 0.04945301 -0.00013341 -0.01006726
v 0.04980563 0.00137694 -0.01229368
v 0.05541638 -0.0003178 -0.0081303
v 0.05227529 -0.00223604 -0.00817049
v 0.05850772 0.0004349 -0.00779024
v 0.04666065 0.00189988 -0.01296677
v 0.04718009 0.00172805 -0.01617125
v 0.04357476 0.00248547 -0.01361866
v 0.0442948 0.0022173 -0.01720494
v 0.04494125 -1.752E-05 -0.0201975
v 0.04155481 0.00325504 -0.01847679
v 0.04243554 0.00015888 -0.0218464
v 0.04442736 -0.00246523 -0.02457248
v 0.04034699 0.00064871 -0.02379055
v 0.03857032 0.00328509 -0.0196471
v 0.03657034 0.00201535 -0.02015214
v 0.03832392 -0.00031375 -0.0239436
v 0.03724632 0.00399558 -0.01510541
v 0.04063829 0.0038765 -0.01418004
v 0.03592887 -0.00612358 -0.01904384
v 0.03719332 -0.006857 -0.02192016
v 0.06036817 0.0009297 -0.00847596
v 0.03024532 -0.00966113 0.03872526
v 0.03073357 -0.00910957 0.03834847
v 0.02975393 -0.00913343 0.03741366
v 0.02956229 -0.00987289 0.03855947
v 0.02970736 -0.00811103 0.03985178
v 0.03019346 -0.00872117 0.04019472
v 0.02908887 -0.00842477 0.04135135
v 0.02887967 -0.00790757 0.04041582
v 0.02882749 -0.00741312 0.03915023
v 0.02975313 -0.00768011 0.03869479
v 0.03056109 -0.00814675 0.03833732
v 0.02947351 -0.01026116 0.03966279
v 0.0285198 -0.01033701 0.03872801
v 0.02885405 -0.01060537 0.04019072
v 0.02925295 -0.01036228 0.04144645
v 0.02993588 -0.01023163 0.04003559
v 0.02869322 -0.00719733 0.03811201
v 0.02922566 -0.00731477 0.03743073
v 0.02770001 -0.0071319 0.03937376
v 0.02778571 -0.00713191 0.0380542
v 0.02803978 -0.00746453 0.03699257
v 0.02762354 -0.01089042 0.04060911
v 0.02710478 -0.01067902 0.03893721
v 0.0216744 -0.00715258 0.03475799
v 0.02306487 -0.00703808 0.03423844
v 0.02276189 -0.00523799 0.0361566
v 0.02176233 -0.00523578 0.036234
v 0.02175752 -0.00581241 0.03700053
v 0.02168559 -0.00683794 0.03643696
v 0.02086372 -0.00757709 0.03675445
v 0.02089091 -0.00832978 0.03602721
v 0.02229755 -0.00882617 0.0350137
v 0.02332555 -0.00916209 0.03437632
v 0.02287097 -0.00959537 0.04144289
v 0.02425588 -0.00948789 0.04160826
v 0.02423123 -0.0099933 0.04020485
v 0.0229383 -0.0102843 0.03977482
v 0.02286442 -0.00798476 0.04248334
v 0.02425727 -0.00837241 0.04226365
v 0.02208992 -0.00926848 0.03630198
v 0.02326492 -0.01009397 0.03626337
v 0.0212364 -0.00439192 0.03819104
v 0.02152587 -0.0056328 0.03831143
v 0.02160139 -0.00684554 0.03808309
v 0.02204858 -0.00694987 0.04296904
v 0.02159613 -0.00721847 0.04354551
v 0.02067427 -0.00702827 0.04309386
v 0.02146709 -0.00581997 0.0424633
v 0.02185562 -0.00833028 0.04326408
v 0.02284801 -0.00659235 0.04195956
v 0.02111093 -0.00732309 0.03774681
v 0.02083696 -0.00708673 0.03948992
v 0.02073272 -0.00747969 0.03840574
v 0.02018407 -0.00782601 0.03797223
v 0.02086988 -0.00812127 0.04284791
v 0.02163845 -0.00952512 0.0404258
v 0.02161264 -0.00959637 0.03920077
v 0.02052748 -0.00874603 0.03943843
v 0.02090342 -0.00872629 0.04136595
v 0.02078485 -0.0060544 0.04043801
v 0.02099122 -0.00575094 0.03958644
v 0.02083091 -0.0046324 0.04000539
v 0.02060508 -0.00571478 0.04117732
v 0.02066988 -0.00681047 0.04051103
v 0.02008353 -0.00778724 0.03961185
v 0.02024483 -0.00724993 0.0412675
v 0.02050009 -0.00874974 0.03768643
v 0.02175029 -0.00961116 0.03778282
v 0.02301943 -0.01043889 0.03805456
v 0.02424654 -0.01036817 0.03848564
v 0.0243834 -0.01002307 0.0366005
v 0.02553435 -0.01041063 0.03887463
v 0.02558257 -0.00983227 0.03711548
v 0.02558929 -0.0086788 0.03612509
v 0.0244038 -0.00891793 0.03515244
v 0.02543397 -0.00746465 0.03633442
v 0.02430426 -0.00729907 0.03525499
v 0.02521741 -0.00656637 0.03747124
v 0.02394381 -0.00603699 0.03683841
v 0.02489566 -0.00626837 0.03912186
v 0.02353773 -0.00542563 0.03885569
v 0.02229229 -0.00439373 0.03851579
v 0.02315179 -0.00563096 0.04067453
v 0.02181526 -0.00458045 0.04067009
v 0.02460779 -0.00653672 0.04068225
v 0.02435888 -0.00726031 0.0417771
v 0.02618223 -0.00702463 0.0407739
v 0.02594279 -0.0077441 0.04180839
v 0.02584552 -0.0087284 0.04245194
v 0.02755762 -0.00811252 0.04170554
v 0.02759864 -0.00909832 0.04223119
v 0.02766208 -0.01015656 0.04198823
v 0.02577695 -0.00978756 0.04202561
v 0.02929638 -0.00941768 0.04182864
v 0.03043617 -0.00968291 0.0403163
v 0.02762033 -0.00747993 0.04072504
v 0.02638046 -0.00673001 0.03931732
v 0.02658891 -0.00686662 0.03786252
v 0.02678481 -0.00749116 0.03675482
v 0.02691825 -0.00862724 0.0364671
v 0.0282775 -0.00841945 0.03657425
v 0.02695239 -0.00991394 0.0372975
v 0.02838933 -0.00964694 0.03732796
v 0.02971601 -0.00797349 0.03690232
v 0.02570531 -0.01026306 0.04065666
v 0.02196759 -0.00919411 0.04223561
v 0.00925678 -0.00509735 0.04967792
v 0.00915188 -0.005847 0.04932244
v 0.00905061 -0.00612796 0.0502915
v 0.00915047 -0.0052497 0.05062529
v 0.00843684 -0.00492891 0.05069532
v 0.00864202 -0.00494558 0.04953686
v 0.00864351 -0.00556384 0.04867062
v 0.00895052 -0.00640082 0.05105572
v 0.008535 -0.00694588 0.0502471
v 0.00856353 -0.00711932 0.05127909
v 0.0089006 -0.0058068 0.05154957
v 0.00837645 -0.00663935 0.05217731
v 0.00833554 -0.00633051 0.0487623
v 0.00853493 -0.00666503 0.04931781
v 0.00754869 -0.00635164 0.04882643
v 0.0076104 -0.00706646 0.04938116
v 0.007258 -0.00645855 0.05247366
v 0.00770427 -0.00589152 0.05234811
v 0.00740263 -0.00706738 0.0521695
v 0.00358366 -0.00505464 0.04709347
v 0.00359851 -0.00384605 0.04747234
v 0.00264278 -0.00408643 0.04772762
v 0.00275496 -0.00480023 0.04721526
v 0.00426805 -0.0054516 0.0479491
v 0.00445195 -0.00430881 0.04819403
v 0.00184129 -0.00466513 0.04847683
v 0.00192997 -0.00548598 0.04808174
v 0.00195841 -0.00411197 0.04906797
v 0.00236374 -0.00355059 0.04889461
v 0.0019294 -0.00347738 0.05022839
v 0.0017006 -0.00428909 0.05005766
v 0.00125241 -0.00511784 0.04979391
v 0.00209729 -0.00478 0.05363065
v 0.00218192 -0.00375229 0.05332547
v 0.00346173 -0.00437592 0.05279878
v 0.00308338 -0.00533979 0.05311982
v 0.00147531 -0.00469933 0.05345953
v 0.00130272 -0.00437397 0.05323063
v 0.00148086 -0.00425396 0.05098997
v 0.0015678 -0.00365419 0.05143144
v 0.00122852 -0.0042454 0.05208023
v 0.00110144 -0.00480229 0.05114004
v 0.00182903 -0.00298503 0.05182696
v 0.00136034 -0.0037046 0.05262012
v 0.00098026 -0.0046443 0.05236295
v 0.00068325 -0.00546005 0.05134572
v 0.00092947 -0.00596686 0.04951169
v 0.00114904 -0.00645364 0.05151242
v 0.00080591 -0.00542821 0.05212942
v 0.00094524 -0.00573491 0.05219224
v 0.00173578 -0.00683773 0.04971243
v 0.00262518 -0.00613426 0.04816092
v 0.00236959 -0.00690744 0.05135658
v 0.00277886 -0.0069927 0.04999017
v 0.00347459 -0.00636152 0.04872328
v 0.00375085 -0.00672483 0.0511291
v 0.00394069 -0.00683419 0.05015345
v 0.00437809 -0.00654262 0.04920508
v 0.00487962 -0.00577695 0.0486727
v 0.00520127 -0.00712797 0.05028546
v 0.00542928 -0.00674788 0.04953049
v 0.00569229 -0.00606847 0.04905815
v 0.00585867 -0.00537625 0.04924667
v 0.00508522 -0.00489591 0.04889357
v 0.00655997 -0.00706977 0.04955594
v 0.00663786 -0.00633028 0.04901555
v 0.00674694 -0.00567604 0.04917085
v 0.00670406 -0.00513383 0.04995674
v 0.00572423 -0.00469028 0.04996122
v 0.00763999 -0.00557895 0.04886571
v 0.00767662 -0.00508075 0.04969814
v 0.00756047 -0.00489182 0.0507488
v 0.00653344 -0.00476555 0.05086707
v 0.00615393 -0.00479613 0.05166471
v 0.00491324 -0.00438881 0.05169251
v 0.00536132 -0.0042913 0.05086617
v 0.00725992 -0.00502797 0.05171054
v 0.00675408 -0.00562268 0.0522003
v 0.00568302 -0.00530095 0.05207114
v 0.00819358 -0.00521357 0.05175986
v 0.00526765 -0.00589659 0.05221887
v 0.00415522 -0.00558679 0.05231534
v 0.00453853 -0.00490436 0.05220558
v 0.00633565 -0.00624857 0.05227291
v 0.00626678 -0.00693237 0.05193585
v 0.00510159 -0.00653042 0.05180826
v 0.00509736 -0.00690376 0.05110435
v 0.00381196 -0.00622149 0.05189284
v 0.0062928 -0.00737762 0.05124722
v 0.00643399 -0.00747395 0.05036698
v 0.00750387 -0.00756623 0.05139856
v 0.00759351 -0.00745738 0.05036163
v 0.00251679 -0.00630946 0.05256762
v 0.00372928 -0.00386014 0.05188823
v 0.00271362 -0.00318605 0.05205974
v 0.00335827 -0.00316417 0.05069136
v 0.00427551 -0.00375258 0.05082848
v 0.00396852 -0.00364573 0.04932499
v 0.00479827 -0.00422074 0.0497545
v 0.00244558 -0.00287184 0.05042029
v 0.00305016 -0.00312064 0.04885397
v 0.00102728 -0.00497487 0.05267635
v 0.00120242 -0.00531471 0.05286289
v 0.00152318 -0.00585946 0.05298444
v 0.00113524 -0.0042738 0.05277868
v 0.05638936 -0.00364122 0.01192336
v 0.05591791 -0.00292834 0.0110884
v 0.05641434 -0.0039645 0.01013056
v 0.05660729 -0.00450353 0.01153306
v 0.05598252 -0.00366629 0.01318466
v 0.05526406 -0.00258178 0.01282396
v 0.05615893 -0.00480186 0.01305156
v 0.05651738 -0.00496309 0.00988228
v 0.0563974 -0.00558416 0.01106651
v 0.05577565 -0.00472792 0.01429028
v 0.05549194 -0.00381528 0.0147851
v 0.05591946 -0.00610523 0.01289912
v 0.05534508 -0.00566941 0.01472338
v 0.05471259 -0.00449223 0.01595094
v 0.05286815 -0.00392751 0.01687286
v 0.0538293 -0.00320936 0.01639545
v 0.05295124 -0.00539411 0.01621729
v 0.05165135 -0.00354035 0.01620919
v 0.05238279 -0.00270537 0.01545145
v 0.05073877 -0.00371654 0.01486243
v 0.05107846 -0.00298628 0.01408812
v 0.05166193 -0.00455616 0.01613639
v 0.05092967 -0.00470471 0.01518468
v 0.05144058 -0.00574679 0.01499653
v 0.0444415 -0.00190131 0.0081251
v 0.04495093 -0.00149747 0.00736744
v 0.04348844 -0.00083465 0.00918138
v 0.04371993 -0.00189542 0.00943607
v 0.04459878 -0.00444635 0.01610985
v 0.0437251 -0.00327831 0.01524332
v 0.0455061 -0.0034197 0.01441105
v 0.04591621 -0.00452666 0.01507191
v 0.0461442 -0.00559007 0.01454245
v 0.04431122 -0.00546766 0.01505154
v 0.0427204 -0.00395353 0.01396231
v 0.04454589 -0.0040873 0.00812383
v 0.04490381 -0.00306943 0.00803409
v 0.04412821 -0.00321676 0.00941911
v 0.04365012 -0.00433986 0.00909237
v 0.04384232 -0.00544711 0.00855068
v 0.04494828 -0.00464787 0.00714129
v 0.04306891 -0.00268568 0.01231915
v 0.04327537 -0.00222035 0.01107983
v 0.04277929 -0.00110113 0.01144603
v 0.04260282 -0.00217198 0.01315375
v 0.04314341 -0.00365953 0.01239341
v 0.04355877 -0.00346551 0.01093379
v 0.04287263 -0.00446752 0.01198408
v 0.04280341 -0.00521322 0.01259615
v 0.04308412 -0.00454219 0.0106512
v 0.0429431 -0.00556632 0.01056556
v 0.04359131 -0.00190848 0.01373615
v 0.04394005 -0.00087335 0.01178151
v 0.04579074 -0.00154195 0.01171511
v 0.04544013 -0.00234516 0.01323783
v 0.04777939 -0.00211467 0.01184898
v 0.04741053 -0.00265196 0.0131185
v 0.04740184 -0.00359144 0.01393036
v 0.04937009 -0.00290762 0.01338823
v 0.04924481 -0.00372437 0.01409893
v 0.04942527 -0.00470639 0.01449068
v 0.04764532 -0.00458622 0.01437418
v 0.04979157 -0.00556693 0.01423957
v 0.04796767 -0.00544076 0.01401222
v 0.05033837 -0.00611788 0.01306892
v 0.04835228 -0.00612252 0.01282019
v 0.04643307 -0.00658283 0.01293066
v 0.04876116 -0.0064623 0.01126413
v 0.0467674 -0.00666628 0.01097033
v 0.04471154 -0.00655569 0.01073141
v 0.04446535 -0.00630937 0.0129107
v 0.04744298 -0.00609945 0.00920883
v 0.04571829 -0.00619682 0.00876818
v 0.04845067 -0.00515307 0.00773109
v 0.04704439 -0.00541531 0.00669979
v 0.04855234 -0.00351583 0.00729872
v 0.04751379 -0.00325191 0.0058201
v 0.04561263 -0.00311167 0.00682411
v 0.04636729 -0.00146733 0.00741403
v 0.04753691 -0.00214602 0.0083638
v 0.04646804 -0.00141674 0.00997589
v 0.0447973 -0.00067833 0.00949671
v 0.04900805 -0.00262851 0.00908532
v 0.04831962 -0.0020966 0.01041897
v 0.05077523 -0.00282922 0.00959703
v 0.0502714 -0.00233094 0.01085659
v 0.04979923 -0.00248705 0.01221036
v 0.0520592 -0.00228156 0.01152633
v 0.05159808 -0.00253942 0.01297347
v 0.05373469 -0.00230094 0.01219781
v 0.05320885 -0.00232579 0.01402759
v 0.05473452 -0.00264966 0.01482064
v 0.05429315 -0.00279568 0.01047807
v 0.05253165 -0.00283384 0.01014781
v 0.05290519 -0.00394939 0.00932867
v 0.05486408 -0.00378125 0.0092597
v 0.05122494 -0.00395841 0.00902863
v 0.05130506 -0.0051492 0.00920492
v 0.05314347 -0.00510638 0.00926559
v 0.04967254 -0.00376616 0.00847466
v 0.04958913 -0.00503035 0.00884108
v 0.04910796 -0.00593103 0.00978448
v 0.05114756 -0.00606603 0.01015867
v 0.05085854 -0.00649492 0.01158935
v 0.05272911 -0.00655762 0.01200192
v 0.05301468 -0.00599838 0.01043322
v 0.05448269 -0.00663157 0.01250282
v 0.05490433 -0.00608691 0.01054766
v 0.05527313 -0.00506642 0.00909603
v 0.0538464 -0.00646059 0.01448189
v 0.05211239 -0.00620421 0.01361175
v 0.04568475 -0.0035818 0.02692949
v 0.04593699 -0.00394857 0.02589403
v 0.04543069 -0.00475532 0.0265502
v 0.04518224 -0.00410579 0.02768883
v 0.04474686 -0.00301234 0.02446348
v 0.04540757 -0.00370616 0.02400702
v 0.04588375 -0.00299086 0.02556831
v 0.04464776 -0.00252105 0.02531081
v 0.04531844 -0.00497684 0.02551873
v 0.0454114 -0.0045763 0.02463171
v 0.0438201 -0.00551321 0.0243134
v 0.04366743 -0.00427936 0.02324334
v 0.04188306 -0.00419174 0.02305969
v 0.04181396 -0.00530867 0.02368428
v 0.04156216 -0.00575451 0.02484689
v 0.04279873 -0.00568419 0.02534895
v 0.04281383 -0.00565349 0.0261864
v 0.04439751 -0.0057009 0.02583286
v 0.04282242 -0.00315277 0.0280823
v 0.04332628 -0.00370603 0.02866465
v 0.04201442 -0.0040398 0.0282629
v 0.04186335 -0.00325054 0.02774522
v 0.04330784 -0.00256223 0.0275243
v 0.04437637 -0.00305698 0.0280545
v 0.04211048 -0.0026325 0.02682818
v 0.04120563 -0.00556371 0.02593067
v 0.03741706 -0.00481657 0.02834283
v 0.03912462 -0.00473126 0.02762892
v 0.03934098 -0.00548535 0.02687749
v 0.03774592 -0.00574031 0.02703
v 0.03755797 -0.00341259 0.02840707
v 0.03900329 -0.00377677 0.02781348
v 0.03592269 -0.00543796 0.02704274
v 0.03539897 -0.00458472 0.02826467
v 0.03681847 -0.00348822 0.0216514
v 0.03653448 -0.00261095 0.02209256
v 0.03612744 -0.00333525 0.02301495
v 0.0363601 -0.00435577 0.02242441
v 0.03582476 -0.00256083 0.0233911
v 0.03549905 -0.00255982 0.02437244
v 0.03552422 -0.00375131 0.02420168
v 0.0358138 -0.00183815 0.02299578
v 0.03521338 -0.0014734 0.02440464
v 0.03582836 -0.0019543 0.02769905
v 0.03586097 -0.00133441 0.0262002
v 0.03734507 -0.00200082 0.0261127
v 0.03729682 -0.00256104 0.02739378
v 0.03592185 -0.00265639 0.02907791
v 0.03481095 -0.00214524 0.02733045
v 0.03480193 -0.00154249 0.02593073
v 0.03452433 -0.0027319 0.02848287
v 0.03543053 -0.00491138 0.02374388
v 0.03589037 -0.00371584 0.02940265
v 0.03493169 -0.00355068 0.02894928
v 0.03477751 -0.00373053 0.02639669
v 0.0348448 -0.00302156 0.02680164
v 0.03457713 -0.00365255 0.02769178
v 0.03455957 -0.00450139 0.02678329
v 0.03496874 -0.00374492 0.02539321
v 0.03513616 -0.00266136 0.02561861
v 0.0348771 -0.00488733 0.02534932
v 0.03627348 -0.00593095 0.02559428
v 0.03679354 -0.0059157 0.02386917
v 0.03765841 -0.00524142 0.02217331
v 0.03790728 -0.00595256 0.02562413
v 0.03827714 -0.00582886 0.02414458
v 0.0389278 -0.00515024 0.02275088
v 0.03922192 -0.00392818 0.02193223
v 0.03812179 -0.00384124 0.02094085
v 0.03988275 -0.00574645 0.02441728
v 0.04014962 -0.00505884 0.02331542
v 0.0404894 -0.00402725 0.02254152
v 0.04011362 -0.00298731 0.02285358
v 0.03867679 -0.00278707 0.02236874
v 0.04164308 -0.00313301 0.02332949
v 0.04130958 -0.00241837 0.02413221
v 0.03956907 -0.00237426 0.02375338
v 0.04340787 -0.0031051 0.02371076
v 0.04304383 -0.00247302 0.02465763
v 0.04258437 -0.0022865 0.02571272
v 0.04092095 -0.00224737 0.02526841
v 0.04405442 -0.00222518 0.02640306
v 0.04530014 -0.00268253 0.02700483
v 0.04060557 -0.00255234 0.026369
v 0.03896411 -0.00249679 0.02607055
v 0.03921049 -0.00218016 0.02495629
v 0.03758609 -0.00169786 0.02477101
v 0.03799118 -0.0020344 0.02340814
v 0.03609343 -0.00117077 0.0245842
v 0.03667346 -0.00147723 0.0229336
v 0.03758034 -0.00232484 0.02150846
v 0.03889396 -0.00298119 0.02715425
v 0.04046896 -0.0032136 0.02726734
v 0.04050424 -0.00395453 0.02784124
v 0.04068103 -0.00473185 0.02774434
v 0.04236294 -0.00487087 0.02811052
v 0.04268554 -0.00550946 0.02725996
v 0.04094063 -0.0053337 0.02698657
v 0.04402248 -0.00473024 0.02832311
v 0.04449799 -0.00557862 0.02726564
v 0.03953456 -0.00562438 0.02565128
v 0.02150329 -0.00518713 0.03712603
v 0.02043723 -0.00427594 0.03644895
v 0.02057574 -0.00543461 0.03527319
v 0.02160952 -0.00635855 0.03619079
v 0.02097391 -0.00527024 0.03830679
v 0.01979148 -0.00414678 0.03796047
v 0.02105445 -0.00676935 0.03756495
v 0.02020161 -0.00637342 0.03473626
v 0.01910155 -0.00480534 0.03505137
v 0.01819962 -0.00555428 0.03503896
v 0.01882575 -0.00689763 0.03547957
v 0.02067254 -0.00729401 0.03527634
v 0.01862153 -0.00381252 0.0358227
v 0.01720837 -0.00414091 0.0359069
v 0.01933935 -0.00752624 0.03632691
v 0.02043434 -0.00768737 0.03667244
v 0.02062252 -0.00768269 0.04213474
v 0.02088483 -0.0066872 0.04112685
v 0.02046818 -0.00800686 0.04013282
v 0.02024611 -0.00884473 0.04141097
v 0.01852258 -0.0040192 0.03719392
v 0.01934855 -0.00467889 0.03949301
v 0.0175448 -0.00428377 0.03812262
v 0.01578924 -0.0041802 0.03609287
v 0.0163859 -0.00542536 0.03541427
v 0.01721279 -0.00679135 0.03614162
v 0.01981928 -0.00957877 0.04047598
v 0.01972376 -0.00892434 0.03937024
v 0.01857631 -0.00935325 0.03909943
v 0.01888934 -0.01002448 0.04077679
v 0.01837722 -0.00808369 0.03758502
v 0.01648547 -0.00818042 0.03752873
v 0.01703883 -0.00908941 0.03906482
v 0.01991747 -0.00820487 0.03809848
v 0.01310624 -0.00527579 0.03453135
v 0.01137664 -0.00408244 0.03372367
v 0.01112337 -0.00562932 0.03329043
v 0.01260933 -0.00627517 0.03379647
v 0.01257475 -0.00352767 0.03568419
v 0.01092972 -0.00275925 0.03516804
v 0.01160827 -0.00775512 0.03444972
v 0.01297568 -0.00754932 0.03492059
v 0.01427333 -0.0071591 0.03551615
v 0.01034403 -0.00422109 0.03427713
v 0.01010215 -0.00475164 0.03363028
v 0.00984057 -0.00605178 0.03347769
v 0.01019388 -0.00761463 0.0344797
v 0.00972924 -0.00496214 0.0351119
v 0.00945529 -0.00544999 0.03414425
v 0.00943059 -0.00389742 0.03707827
v 0.00927062 -0.0028246 0.03709593
v 0.00912736 -0.00383427 0.03894104
v 0.0095094 -0.00477424 0.03812269
v 0.00983094 -0.00436134 0.0361478
v 0.00979622 -0.00312672 0.0352701
v 0.00996773 -0.00559255 0.03717026
v 0.01045198 -0.00749129 0.03962754
v 0.00998168 -0.00618897 0.0391525
v 0.00967092 -0.00578976 0.04016855
v 0.01052634 -0.00789536 0.04043904
v 0.0105279 -0.00835175 0.039003
v 0.01017654 -0.00698462 0.03816994
v 0.01074432 -0.00964457 0.03966366
v 0.01018711 -0.00880159 0.0381998
v 0.01012369 -0.00981458 0.0381127
v 0.00971471 -0.00773988 0.03728224
v 0.00949337 -0.00852597 0.03652704
v 0.01116744 -0.01057657 0.03789718
v 0.01066836 -0.00920159 0.03600928
v 0.00931824 -0.00694633 0.03515467
v 0.00954194 -0.00627103 0.03616728
v 0.01279435 -0.01031748 0.03775724
v 0.01208552 -0.00916905 0.03603631
v 0.01395819 -0.00939095 0.03815417
v 0.01340392 -0.00860042 0.03653252
v 0.01537505 -0.00899183 0.03870802
v 0.01478636 -0.00815785 0.03712913
v 0.01570469 -0.00692805 0.036075
v 0.01484722 -0.00531421 0.03526341
v 0.01425385 -0.00395039 0.03601687
v 0.01576135 -0.00410357 0.03783651
v 0.01403195 -0.00362887 0.0378019
v 0.01225885 -0.00314232 0.03770109
v 0.01399397 -0.00452373 0.03949783
v 0.01220987 -0.00403561 0.03947803
v 0.01041038 -0.00342427 0.0395265
v 0.01049287 -0.00249153 0.03746227
v 0.0123619 -0.00574659 0.04054702
v 0.01082177 -0.00550488 0.04064731
v 0.01284966 -0.00812652 0.04080308
v 0.01145659 -0.00813653 0.04097931
v 0.01323631 -0.01035324 0.03967204
v 0.01169526 -0.01067408 0.04004986
v 0.01397862 -0.00609224 0.04049371
v 0.01416747 -0.0080739 0.04068966
v 0.01439089 -0.00959206 0.03978926
v 0.01559277 -0.00647495 0.04068636
v 0.01566347 -0.00819967 0.04093347
v 0.01575481 -0.00931339 0.0402033
v 0.01731975 -0.00845532 0.04157544
v 0.01734278 -0.00937501 0.04055599
v 0.01903814 -0.00880964 0.04215288
v 0.01911087 -0.00700476 0.04244796
v 0.01722181 -0.00673326 0.04144943
v 0.0174647 -0.00549554 0.0400872
v 0.0192458 -0.00559125 0.04127013
v 0.01574806 -0.00500127 0.03963361
v 0.02055246 -0.00572239 0.03958361
v 0.02055317 -0.00720666 0.03884957
v 0.0018032 -0.00471551 0.04896325
v 0.00203244 -0.00405088 0.04841713
v 0.00176508 -0.00519252 0.04737232
v 0.00153036 -0.00552767 0.04865498
v 0.00109477 -0.00568055 0.04966351
v 0.00160967 -0.00472756 0.04983819
v 0.00201178 -0.00377557 0.04975634
v 0.00167049 -0.00644296 0.04771954
v 0.00127587 -0.00666702 0.04862996
v 0.00099765 -0.00568849 0.04706565
v 0.00086102 -0.00654312 0.04739215
v 0.00083747 -0.0042663 0.04705057
v 0.00031022 -0.00523768 0.04680184
v -0.00021207 -0.00606702 0.04722595
v 0.00119794 -0.00303591 0.05167161
v 0.00101022 -0.00318147 0.05236501
v 0.00013345 -0.00264828 0.05210612
v 0.0006284 -0.00228352 0.05140061
v 0.0015969 -0.0036012 0.05108706
v 0.00130123 -0.0039868 0.05215687
v 0.0011371 -0.00234934 0.05052102
v 0.00121447 -0.00464905 0.05173129
v 0.00134329 -0.00465033 0.0508833
v 0.00092961 -0.00564295 0.05072956
v 0.00085358 -0.00543148 0.0518293
v 0.00081675 -0.00471636 0.05289674
v -0.00058916 -0.00146115 0.05094184
v -8.617E-05 -0.00138074 0.0498524
v -0.00107145 -0.00204526 0.05178537
v 0.00065543 -0.00351867 0.05290424
v -0.00023516 -0.00320777 0.05273148
v -0.00027383 -0.00421369 0.05332961
v -0.00167799 -0.00383023 0.05330577
v -0.00145022 -0.00283256 0.05257962
v -0.00070597 -0.00526324 0.05338514
v -8.596E-05 -0.00622643 0.05303261
v -0.00142573 -0.00647026 0.05277171
v -0.00187863 -0.00520938 0.05336015
v -0.00175379 -0.00624807 0.05011086
v -0.00106401 -0.0061911 0.05032476
v -0.00085009 -0.00631737 0.04925459
v -0.00185195 -0.00617019 0.04929641
v -0.00298195 -0.00650342 0.04956183
v -0.00243186 -0.00666264 0.05064764
v -0.00167167 -0.0065207 0.05134026
v -0.00317922 -0.00095481 0.049194
v -0.0018386 -0.0010479 0.04933112
v -0.0021019 -0.00115446 0.05047836
v -0.00337579 -0.00158299 0.05003825
v -0.00341311 -0.00136115 0.04829982
v -0.00178984 -0.00140736 0.04828902
v -0.00374258 -0.00256908 0.04909354
v -0.0028991 -0.00359095 0.05314973
v -0.00341475 -0.00505214 0.05288134
v -0.00347678 -0.00366315 0.05198793
v -0.00281502 -0.00260004 0.05254626
v -0.00387008 -0.00264013 0.04793518
v -0.00334689 -0.00206052 0.04731637
v -0.00436705 -0.0037839 0.04889569
v -0.00413325 -0.00343441 0.04762241
v -0.00263684 -0.00642007 0.05228195
v -0.00339753 -0.00645887 0.05123264
v -0.00415991 -0.00581072 0.05157968
v -0.00346694 -0.00246413 0.05111355
v -0.00247468 -0.00174551 0.05156204
v -0.0040426 -0.00468761 0.0512379
v -0.00389298 -0.00353148 0.05044081
v -0.00462773 -0.00529963 0.04719911
v -0.00388703 -0.00586167 0.04686644
v -0.00357297 -0.00456609 0.0464644
v -0.00451358 -0.00443125 0.04728718
v -0.00441851 -0.00423045 0.04993494
v -0.00481775 -0.00510604 0.05014658
v -0.00485492 -0.00607616 0.05011888
v -0.0050263 -0.00572843 0.0484135
v -0.00490107 -0.00477592 0.04867331
v -0.00404011 -0.00664918 0.04987841
v -0.00421982 -0.00656781 0.04829374
v -0.00292719 -0.00639521 0.04827907
v -0.00255063 -0.00585659 0.04707001
v -0.00172278 -0.00608549 0.048242
v -0.0013663 -0.00572797 0.04724813
v -0.0009466 -0.00480499 0.04672984
v -0.00225113 -0.00465842 0.04652398
v -0.00051437 -0.00364869 0.04689556
v -0.00202006 -0.00332819 0.04671507
v -0.0034259 -0.00320772 0.0467017
v -0.00180196 -0.00214819 0.0473218
v -0.00016005 -0.00252572 0.04759146
v 5.973E-05 -0.00173623 0.04865005
v 0.00121101 -0.00318331 0.04789358
v 0.00134624 -0.00268356 0.04924263
v -0.00060262 -0.00639641 0.04819488
v 3.178E-05 -0.00703375 0.04942404
v 0.00047187 -0.00701692 0.04834981
v 0.00073872 -0.00663163 0.0496086
v 0.00049005 -0.00658789 0.05066606
v -0.00030866 -0.00682379 0.05049684
v -0.00072686 -0.00669079 0.05164928
v 0.0002748 -0.00653629 0.05185049
v 0.04688095 -0.00310293 0.00542398
v 0.04615984 -0.00263064 0.00469051
v 0.04431061 -0.00310254 0.00401432
v 0.04625659 -0.00404305 0.00596257
v 0.04635279 -0.00236098 0.00616676
v 0.04582553 -0.00185523 0.00540331
v 0.04556936 -0.00229888 0.00721997
v 0.04370712 -0.00155024 0.00573308
v 0.04294926 -0.00458283 0.0045094
v 0.04477245 -0.00526354 0.00541513
v 0.04380859 -0.00503909 0.007445
v 0.04477533 -0.00396618 0.00838558
v 0.04049264 -0.00168722 0.0053089
v 0.04074299 -0.00271387 0.00406769
v 0.04044082 -0.00375221 0.00454911
v 0.0421092 -0.00483112 0.00663736
v 0.04259885 -0.00421026 0.01361426
v 0.04163767 -0.00338006 0.01366128
v 0.042545 -0.0027593 0.01269333
v 0.04332163 -0.00407669 0.01227461
v 0.04215378 -0.00503282 0.01166199
v 0.04135318 -0.00483814 0.01326643
v 0.0401103 -0.00541638 0.01251169
v 0.04040699 -0.00543106 0.01095185
v 0.03521506 -0.00348302 0.00339009
v 0.0339165 -0.00357673 0.00212273
v 0.03275263 -0.00488498 0.00246816
v 0.03233725 -0.00448289 0.004157
v 0.03194952 -0.00458872 0.00606612
v 0.03461557 -0.00400204 0.00536097
v 0.03319554 -0.0038133 0.00104265
v 0.03269638 -0.00273208 0.00027108
v 0.03143433 -0.00472533 0.00016455
v 0.03268543 -0.00471729 0.00101428
v 0.03408661 -0.00218622 0.0018265
v 0.0309446 -0.00241252 -0.00021049
v 0.02988533 -0.00411364 2.624E-05
v 0.03260053 -0.00448665 0.00738444
v 0.02988895 -0.00560994 0.00735849
v 0.03211638 -0.00482238 0.00874642
v 0.0305288 -0.00534783 0.00215386
v 0.02991877 -0.0052987 0.00440091
v 0.03036627 -0.00121893 0.0020129
v 0.02985347 -0.00090367 0.00374861
v 0.02959251 -0.00233059 0.00325298
v 0.0302433 -0.00234719 0.00140762
v 0.03065275 -0.00034 0.00102499
v 0.02729937 -0.00522485 0.00682599
v 0.02727459 -0.00443805 0.00926187
v 0.02943331 -0.0045325 0.0096247
v 0.0317827 -0.00384407 0.00966903
v 0.02961251 -0.00335892 0.00118436
v 0.02881459 -0.00355808 0.00261349
v 0.02881612 -0.00481232 0.00199208
v 0.0284167 -0.00138045 0.00713854
v 0.02904037 -0.00094766 0.00579446
v 0.02829611 0.0006647 0.00630732
v 0.02775017 -0.00070046 0.00820911
v 0.02750337 -0.00245041 0.00864241
v 0.02814038 -0.0025394 0.00701832
v 0.02883303 -0.0023987 0.00519804
v 0.02702848 -0.00371292 0.00828453
v 0.02724206 -0.00382804 0.00669042
v 0.02781072 -0.00238466 0.00997429
v 0.02833014 -2.732E-05 0.00940396
v 0.03030949 -0.00020768 0.00943353
v 0.02977238 -0.00235232 0.00985444
v 0.0324997 -0.00050321 0.00940515
v 0.03187074 -0.00214721 0.00986227
v 0.03472962 -0.00087333 0.00992212
v 0.03399474 -0.00205218 0.01029476
v 0.03392299 -0.00342216 0.0100495
v 0.03423964 -0.00416919 0.00896231
v 0.03645016 -0.00257105 0.01123247
v 0.03621808 -0.00370099 0.01077319
v 0.03655133 -0.00421672 0.00940932
v 0.03704491 -0.00416818 0.00754736
v 0.03444781 -0.00401955 0.00722936
v 0.03841791 -0.0044545 0.01185166
v 0.03862832 -0.00469109 0.01013963
v 0.03938043 -0.0045173 0.00816158
v 0.03998895 -0.00433031 0.00624036
v 0.03747927 -0.0040699 0.00570918
v 0.04127898 -0.00495447 0.00885427
v 0.0429398 -0.00497571 0.00968576
v 0.04396052 -0.00393277 0.01044751
v 0.04338739 -0.00238017 0.01074824
v 0.04437499 -0.00239599 0.00883596
v 0.03991543 -0.00209643 0.01200907
v 0.04100972 -0.00168671 0.01011372
v 0.0422084 -0.00177084 0.00803168
v 0.03720184 -0.00152682 0.010838
v 0.03855608 -0.00141231 0.00912825
v 0.03976151 -0.0012709 0.00720825
v 0.03612336 -0.00048921 0.00839883
v 0.03728836 -0.00050287 0.0064584
v 0.03786743 -0.0012194 0.00466533
v 0.03492559 0.00014918 0.00566374
v 0.03560305 -0.00078567 0.00379033
v 0.03573616 -0.00211885 0.00302861
v 0.03799205 -0.002398 0.00385576
v 0.0378922 -0.00344094 0.00419548
v 0.0337522 -0.00055404 0.00277241
v 0.03288701 0.00095948 0.00482993
v 0.03094584 0.00164382 0.0039579
v 0.03221215 -9.415E-05 0.00129649
v 0.02945018 0.00080931 0.00357267
v 0.02952108 0.0015359 0.0071207
v 0.03159559 0.00106927 0.00750721
v 0.03380724 0.00031389 0.00781855
v 0.03926418 -0.00340749 0.01295876
v 0.02818348 -0.00489214 0.00433089
v 0.02792136 -0.00368119 0.00461693
v 0.03569342 -0.00433346 0.02288446
v 0.03499287 -0.00329201 0.02208372
v 0.03473692 -0.00494694 0.02148365
v 0.0352114 -0.00577484 0.02281733
v 0.03498 -0.0042371 0.02452517
v 0.03443711 -0.00273256 0.02415992
v 0.03397478 -0.0027231 0.02793279
v 0.03421299 -0.00264942 0.02624868
v 0.03442104 -0.00424881 0.02646044
v 0.03378735 -0.00405204 0.02833214
v 0.03179737 -0.00284901 0.02834841
v 0.03212347 -0.00161249 0.02759697
v 0.0337579 -0.00583526 0.02181584
v 0.0324954 -0.00400803 0.02161184
v 0.03212738 -0.00533584 0.02216703
v 0.03376229 -0.00635239 0.02274048
v 0.03226021 -0.0058323 0.02404417
v 0.03298543 -0.0049374 0.02783294
v 0.03342684 -0.00525419 0.02637294
v 0.03175542 -0.00517795 0.02624746
v 0.03151114 -0.00440328 0.02795968
v 0.03413023 -0.00556263 0.02456943
v 0.03019749 -0.00505877 0.02424508
v 0.02995715 -0.00472159 0.02598742
v 0.03022058 -0.00459765 0.02262147
v 0.0226745 -0.00587076 0.0213693
v 0.02382609 -0.00500218 0.02183531
v 0.02345107 -0.00332359 0.02052419
v 0.02134785 -0.00438092 0.01988244
v 0.01960871 -0.0056381 0.02232264
v 0.0216068 -0.00589226 0.02314472
v 0.02319441 -0.004988 0.02359508
v 0.02152358 -0.00397938 0.02796089
v 0.02157584 -0.00095012 0.02769157
v 0.02361334 -0.00138044 0.02708875
v 0.02392694 -0.00345994 0.02704916
v 0.0202389 -0.00522171 0.0276564
v 0.01853135 -0.00436563 0.02766571
v 0.01929511 -0.00275343 0.02820624
v 0.01977093 -0.00025058 0.02757625
v 0.02278872 -0.00453911 0.02597728
v 0.02083469 -0.00495764 0.02566292
v 0.02065767 0.00060677 0.02180463
v 0.02009371 0.0012581 0.023462
v 0.02051924 -0.00045052 0.0238441
v 0.02095651 -0.00095977 0.02168464
v 0.0215445 -0.00080087 0.01984997
v 0.02104546 0.00160631 0.02094229
v 0.01982242 0.00144177 0.02515603
v 0.0202894 0.00280291 0.02320991
v 0.01989888 0.00264555 0.02581814
v 0.02010052 0.00010328 0.02594513
v 0.01927646 -0.00383103 0.02270947
v 0.02031657 -0.00277713 0.02199263
v 0.01862999 -0.002657 0.02659073
v 0.01862143 -0.00316441 0.02460474
v 0.01990354 -0.00200391 0.0242928
v 0.01941939 -0.00155344 0.02656613
v 0.01899333 -0.00475362 0.02521313
v 0.0223227 0.00267805 0.02341441
v 0.02189575 0.00214071 0.02579317
v 0.02433969 0.00157629 0.02391499
v 0.02391949 0.00101674 0.0258274
v 0.02631228 0.00050115 0.02440606
v 0.02583844 -8.889E-05 0.02597552
v 0.02558974 -0.00178145 0.02688138
v 0.02774318 -0.00084433 0.02632454
v 0.02752464 -0.00215461 0.02702633
v 0.02771674 -0.00362105 0.02693593
v 0.02585255 -0.0035037 0.0268581
v 0.02815863 -0.00431293 0.02579917
v 0.02637116 -0.0041734 0.02578396
v 0.02461738 -0.00414705 0.0258459
v 0.02657698 -0.00437814 0.02418994
v 0.02482943 -0.00451063 0.02397188
v 0.02672609 -0.00415496 0.02268327
v 0.02513 -0.00431232 0.02237852
v 0.02669021 -0.0029152 0.02177326
v 0.02499926 -0.00289208 0.0212894
v 0.02667152 -0.00128036 0.02188912
v 0.02490775 -0.00088706 0.02117177
v 0.02334761 -0.00069478 0.02018943
v 0.0246687 0.0008047 0.0222216
v 0.0228665 0.00156858 0.02139441
v 0.0266043 -1.21E-06 0.02288677
v 0.02856219 -0.0017635 0.02226827
v 0.02857812 -0.00084325 0.02341877
v 0.02826022 -0.00053207 0.02496625
v 0.03047581 -0.00163817 0.02382637
v 0.03021162 -0.00142234 0.0254765
v 0.02981794 -0.00134724 0.02685428
v 0.03224251 -0.00169122 0.02582256
v 0.02954713 -0.0024307 0.0276172
v 0.0295939 -0.00387954 0.02731759
v 0.03245273 -0.00202632 0.023912
v 0.03260818 -0.00258097 0.0221542
v 0.0304423 -0.00222943 0.02242759
v 0.03032679 -0.00349291 0.0219087
v 0.02847741 -0.00318496 0.02196235
v 0.02843857 -0.00414981 0.02276264
v 0.02838376 -0.00453407 0.02424888
v 0.03617226 -0.00054582 -0.02273149
v 0.03695491 0.00121213 -0.02485906
v 0.03680117 -0.00337879 -0.02687921
v 0.03558707 -0.0033127 -0.02315202
v 0.03408947 -0.0026302 -0.01996606
v 0.03523113 0.0005602 -0.02006904
v 0.03442858 0.00416547 -0.02092475
v 0.03208972 -0.0040365 -0.02717982
v 0.03363756 -0.00203772 -0.02781102
v 0.03006318 -0.00130822 -0.02754467
v 0.0292498 -0.00355902 -0.02697173
v 0.03299617 -0.00605027 -0.0261988
v 0.02887519 -0.00512054 -0.02523128
v 0.03044019 0.00084663 -0.02650229
v 0.03304294 0.00105364 -0.02553805
v 0.0286833 0.00351229 -0.02247429
v 0.02699311 0.00162884 -0.02524039
v 0.02612854 -0.00074173 -0.02701963
v 0.03362463 -0.00167295 -0.01158776
v 0.03388231 -0.00016966 -0.01381694
v 0.03269856 -0.00355535 -0.01429079
v 0.03235068 -0.00431182 -0.01147462
v 0.02968783 0.00084295 -0.01060028
v 0.03263808 0.00028503 -0.00987143
v 0.03048926 -0.00276595 -0.0097047
v 0.02835194 -0.00084609 -0.00973603
v 0.0278022 0.00295855 -0.01352174
v 0.03260795 0.00339055 -0.01278032
v 0.02563223 0.0008229 -0.01123286
v 0.02807303 0.00474761 -0.01780068
v 0.02356063 0.00536395 -0.01873884
v 0.02321112 0.00441439 -0.02243798
v 0.02248113 0.00249617 -0.02522313
v 0.03277189 0.00470726 -0.01668831
v 0.02226847 0.00221758 -0.01262491
v 0.02328732 0.00451084 -0.01497295
v 0.02732674 -0.0026458 -0.00998804
v 0.02805541 -0.00492133 -0.01020368
v 0.02497659 -0.00463267 -0.01106454
v 0.02499217 -0.00186571 -0.01076861
v 0.02646639 -0.00334441 -0.01991104
v 0.02906915 -0.00376634 -0.01990825
v 0.02915662 -0.00469325 -0.02261981
v 0.02565259 -0.00377781 -0.02194401
v 0.02452096 -0.00371541 -0.01820777
v 0.02806888 -0.0034529 -0.01717592
v 0.0213222 -0.00418809 -0.02031852
v 0.01960551 -0.00491596 -0.01697434
v 0.02304558 -0.00474278 -0.01581172
v 0.01675173 -0.00529376 -0.02122124
v 0.01595271 -0.00574849 -0.01780152
v 0.00226927 -0.00571785 -0.03164
v 0.00808883 -0.00387206 -0.03084282
v 0.00819898 0.00050822 -0.03068832
v 0.00344377 0.00054214 -0.0321176
v 0.00464912 -0.00804671 -0.0287693
v 0.00823659 -0.00653249 -0.0277201
v 0.00271416 0.00118274 -0.0225194
v 0.00234336 0.00342909 -0.02345432
v 0.0027129 0.00453537 -0.02034315
v 0.00310414 0.00131421 -0.02022064
v 0.00253068 -0.00175202 -0.02033247
v 0.0020136 -0.00110873 -0.02329969
v 0.00144387 0.00085923 -0.02559726
v 0.00090213 -0.0082881 -0.02520607
v 0.0043209 -0.00911048 -0.02456075
v -0.00038062 0.00097045 -0.02880077
v 0.00076504 0.00364757 -0.02701473
v -0.00069402 -0.00193251 -0.02746128
v -0.00235737 -0.0039935 -0.0298959
v -0.00100631 0.00141332 -0.03128561
v 0.00104158 0.00566518 -0.02857082
v 0.00241775 0.00342267 -0.01479033
v 0.00270408 0.00438073 -0.01700632
v 0.00097073 0.00661091 -0.01629559
v 0.00132143 0.00435019 -0.01317177
v 0.00171041 0.00046463 -0.01224824
v 0.00242913 0.00065839 -0.01442099
v 0.00325424 0.00121268 -0.01706553
v 0.00149011 -0.00426593 -0.01787124
v 0.00247715 -0.00189202 -0.0172218
v 0.00119348 -0.0029528 -0.01455305
v 0.00044443 -0.00607913 -0.01646394
v 0.00167538 -0.00464258 -0.02046587
v 0.00032008 -0.00720353 -0.02018966
v -0.00123511 -0.00627964 -0.02472589
v 0.0004724 -0.003849 -0.02418814
v 0.00011393 -0.00856264 -0.01509222
v 0.00077077 -0.00914343 -0.01997488
v 0.00397735 -0.00928076 -0.01483743
v 0.00417387 -0.01021368 -0.01972784
v 0.00789502 -0.0082838 -0.01478318
v 0.00808015 -0.00823668 -0.01906982
v 0.00827619 -0.00770704 -0.0234173
v 0.01199924 -0.00693171 -0.01847325
v 0.01252159 -0.00645326 -0.02219163
v 0.01280343 -0.00549537 -0.02608559
v 0.01291738 -0.00320756 -0.02884319
v 0.01695066 -0.00460148 -0.02495407
v 0.01723371 -0.00288646 -0.02759463
v 0.01733974 0.00016499 -0.02754688
v 0.01280485 0.0003481 -0.02867304
v 0.02116245 -0.00389445 -0.02445494
v 0.02141382 -0.00266725 -0.02693736
v 0.02181627 -0.00019933 -0.0269953
v 0.01775846 0.00315904 -0.0257497
v 0.02550823 -0.00295007 -0.02694128
v 0.02525725 -0.0038434 -0.02479835
v 0.01847196 0.00523007 -0.02292395
v 0.01377319 0.00606434 -0.02368395
v 0.01299939 0.00358531 -0.02658622
v 0.00954115 0.00732248 -0.02428648
v 0.00859094 0.00439062 -0.02788179
v 0.00581802 0.00894341 -0.02481913
v 0.00463296 0.00552333 -0.0291582
v 0.00220579 0.00825165 -0.02450839
v 0.00286534 0.00869108 -0.01993102
v 0.00122781 0.00706937 -0.02027773
v 0.00144865 0.00612049 -0.02411299
v 0.00671574 0.00913915 -0.01966968
v 0.00717306 0.00833185 -0.01557514
v 0.00323555 0.00779762 -0.01563089
v 0.01076627 0.00817697 -0.01987151
v 0.01142507 0.00770724 -0.01593067
v 0.01127225 0.00486424 -0.0133305
v 0.00755951 0.00525122 -0.0127575
v 0.01483001 0.00714243 -0.01996034
v 0.01543342 0.00678079 -0.01597717
v 0.01498828 0.00417938 -0.01342507
v 0.01448569 0.000419 -0.01254656
v 0.01104154 0.00060238 -0.01241964
v 0.01926397 0.00559277 -0.01572016
v 0.01862798 0.00327586 -0.01317551
v 0.01800142 -2.695E-05 -0.01221522
v 0.01808821 -0.00324265 -0.01239601
v 0.01463508 -0.00340303 -0.01266951
v 0.02159961 -0.00076949 -0.01161101
v 0.02158788 -0.00356479 -0.0118197
v 0.02202844 -0.00488376 -0.01343917
v 0.01862786 -0.00490624 -0.01412301
v 0.02543497 -0.00641153 -0.01273243
v 0.02667213 -0.00500392 -0.01498869
v 0.02926077 -0.00653492 -0.01229061
v 0.03011761 -0.00525866 -0.01470635
v 0.03111636 -0.00440273 -0.01709466
v 0.03309646 -0.00260153 -0.01694808
v 0.03202346 -0.00439954 -0.01992853
v 0.03423143 0.00086033 -0.0168077
v 0.0327765 -0.00532368 -0.02297938
v 0.01522308 -0.00566338 -0.01452101
v 0.01167299 -0.0067984 -0.0146957
v 0.01114218 -0.00379052 -0.01264624
v 0.00769719 -0.0044008 -0.01203551
v 0.0075615 0.00055339 -0.01174907
v 0.00384663 -0.00474956 -0.01194524
v 0.00410036 0.00053086 -0.0111556
v 0.00373395 0.00515625 -0.01227957
v 0.00053564 -0.00420607 -0.01231693
v 0.01914542 0.00624047 -0.01941726
v 0.00899827 -0.00237343 0.03429838
v 0.00780597 -0.00279599 0.03310332
v 0.0077635 -0.00448318 0.03493355
v 0.00888946 -0.00340385 0.0360465
v 0.00946188 -0.00792863 0.03900224
v 0.00906741 -0.0057549 0.0379341
v 0.00802294 -0.00684969 0.03664546
v 0.00833859 -0.00946607 0.03848731
v 0.00867533 -0.00767887 0.03997084
v 0.00745016 -0.00501825 0.03950574
v 0.00778121 -0.00871174 0.03977209
v 0.00741912 -0.00095931 0.03450378
v 0.00773705 -0.00162496 0.03701616
v 0.0050696 -0.00111954 0.03683894
v 0.00506382 1.191E-05 0.03454345
v 0.00511145 -0.00110815 0.0330232
v 0.00702255 -0.00136422 0.0331311
v 0.00585948 -0.00747603 0.03946118
v 0.00359173 -0.00559329 0.03872727
v 0.00460377 -0.00358157 0.03867753
v 0.00523408 -0.00853212 0.0379168
v 0.00543132 -0.00652415 0.03597811
v 0.00550565 -0.00429138 0.03440844
v 0.00305767 -0.00345571 0.03422686
v 0.00306825 -0.00508011 0.03595097
v 0.00286163 -0.00636204 0.0375705
v -0.01296137 -8.671E-05 0.03087936
v -0.01345156 0.00202314 0.03053123
v -0.01414541 0.001123 0.03283097
v -0.01354122 -0.00130638 0.03224546
v -0.01275363 -0.00145249 0.02944958
v -0.01324717 0.00100281 0.02795842
v -0.01310866 -0.00339497 0.03125751
v -0.0138744 -0.00097596 0.02654626
v -0.01340833 -0.00323588 0.0278985
v -0.01376497 -0.00093499 0.02408082
v -0.01376573 0.00306011 0.02628804
v -0.01275037 -0.00482374 0.02675301
v -0.01307637 -0.00774508 0.03051728
v -0.01380249 -0.00530751 0.03000681
v -0.01467831 -0.00597069 0.0315295
v -0.01503448 -0.00743072 0.03198957
v -0.01287373 -0.00678656 0.03413378
v -0.01030344 -0.00590241 0.03449307
v -0.01000366 -0.0067536 0.03099704
v -0.01537902 -0.00622516 0.03389337
v -0.01442652 -0.0046289 0.03271571
v -0.01485987 -0.0003453 0.03414914
v -0.01498878 0.00341348 0.03365903
v -0.0160039 0.00024495 0.03554249
v -0.01549984 -0.00332627 0.03507555
v -0.01468023 -0.0024794 0.03360821
v -0.01341896 -0.00337692 0.03591056
v -0.01402869 0.00055094 0.03674718
v -0.01129512 0.00083368 0.03731159
v -0.01106178 -0.00277155 0.03624809
v -0.01308817 0.00461943 0.03476411
v -0.01051168 0.00459932 0.03541788
v -0.00784658 0.00400741 0.03581756
v -0.00853972 0.00092036 0.03749829
v -0.01202264 0.00471726 0.03075443
v -0.00971297 0.00399644 0.03184378
v -0.00730995 0.0034072 0.03292196
v -0.00481675 0.00282727 0.03357369
v -0.00524289 0.00295061 0.03602976
v -0.00902585 0.00151861 0.02929008
v -0.00667132 0.00118361 0.03101035
v -0.00437754 0.00097054 0.03198348
v -0.00190158 0.00067793 0.0324401
v -0.00225241 0.00213347 0.03400618
v -0.00597339 -0.00099388 0.03002143
v -0.00382523 -0.00098475 0.03121505
v -0.00150544 -0.00106381 0.03179021
v 0.00076883 -0.00143831 0.03237358
v 0.00051013 6.347E-05 0.03292436
v -0.00365529 -0.00247496 0.03193947
v -0.00141942 -0.00242261 0.03280661
v 0.00078139 -0.00283657 0.03356012
v 0.00295577 -0.00204416 0.03283101
v -0.00157158 -0.0033863 0.03453226
v 0.00064293 -0.00398656 0.03526542
v -0.00173026 -0.00373241 0.03648477
v 0.00053608 -0.00477156 0.0370262
v -0.00148256 -0.002942 0.03795863
v 0.00110087 -0.00403428 0.03821756
v -0.00077494 -0.00120028 0.03804091
v 0.00205382 -0.00234143 0.03828428
v -0.00011823 0.00076097 0.03653155
v 0.00254655 -0.00030338 0.03679664
v 0.0002298 0.00135744 0.03440234
v 0.00265816 0.00051339 0.03463759
v 0.00283076 -0.00054883 0.03314068
v 0.0053591 -0.00262356 0.03245214
v -0.00270352 0.00177987 0.03620035
v -0.00340258 -0.00015406 0.03773067
v -0.00591255 0.00067798 0.03764788
v -0.00394665 -0.00216512 0.03762902
v -0.00626229 -0.00182077 0.03731187
v -0.00866053 -0.0020436 0.03666508
v -0.00595915 -0.00328105 0.03564194
v -0.00810247 -0.00438403 0.03503463
v -0.00581865 -0.00366598 0.03309462
v -0.00798116 -0.00473471 0.0320369
v -0.00583828 -0.00279167 0.0308929
v -0.00816832 -0.00332152 0.02923558
v -0.01038456 -0.00441336 0.0273001
v -0.00821345 -0.00089636 0.02802661
v -0.01029423 -0.00071328 0.02544108
v -0.01119137 0.00253275 0.0272576
v -0.01409941 0.00437276 0.03011703
v -0.00373972 -0.00332829 0.03381345
v -0.00392084 -0.00317611 0.03602868
v -0.00362349 -0.00301425 0.04714381
v -0.00415704 -0.00184845 0.04606083
v -0.00458887 -0.00360961 0.04555745
v -0.00407682 -0.00451116 0.04680448
v -0.00455479 -0.00463141 0.0488492
v -0.0036085 -0.00304586 0.048901
v -0.00670288 -0.00129932 0.04568245
v -0.00656649 -0.00400398 0.04566154
v -0.00662415 -0.00562155 0.04681601
v -0.00345747 -0.00176887 0.05110402
v -0.00358401 -0.00361188 0.0514483
v -0.00539842 -0.00294559 0.05295294
v -0.00501835 -0.00061792 0.05148754
v -0.00763096 -0.00238627 0.0517863
v -0.00728016 -0.00096623 0.05054515
v -0.00605957 -0.0042908 0.05200496
v -0.0077245 -0.00393196 0.05124765
v -0.00495818 -0.00542968 0.05100745
v -0.00725829 -0.00505912 0.05018759
v -0.00898875 -0.00022579 0.04832057
v -0.01139037 -0.00013064 0.04758358
v -0.01124499 -0.00054966 0.04601267
v -0.00916432 -0.00052726 0.04659769
v -0.00916591 -0.00088179 0.04982294
v -0.01144116 -0.00058612 0.0491626
v -0.02210212 -0.0070732 0.0398645
v -0.02248082 -0.00446232 0.03883811
v -0.02516716 -0.00468427 0.03888835
v -0.02448401 -0.00793773 0.04105017
v -0.02012232 -0.00756679 0.04207622
v -0.02005102 -0.00451621 0.04036656
v -0.02300255 0.0004851 0.04733793
v -0.02228212 0.00094566 0.04544
v -0.02007818 0.00077004 0.04569135
v -0.02103698 0.00018976 0.04811527
v -0.025405 -0.00057987 0.04782194
v -0.0244964 0.00039581 0.04533936
v -0.02388836 -0.00120521 0.04919358
v -0.02256626 -0.00789689 0.04700243
v -0.02114157 -0.00659518 0.04723965
v -0.02086462 -0.00725141 0.04497675
v -0.02259063 -0.00896973 0.04482404
v -0.0246092 -0.00867942 0.04445064
v -0.02416289 -0.00816099 0.04820863
v -0.02170731 -0.00578232 0.04925515
v -0.02444021 -0.00475436 0.04242057
v -0.02437268 -0.00333167 0.04180686
v -0.02429818 -0.00299136 0.04369927
v -0.02451116 -0.00512992 0.04399498
v -0.02532954 -0.00714367 0.04416122
v -0.02509213 -0.00611495 0.04180357
v -0.02493332 -0.00447613 0.04044284
v -0.02246734 -0.00900612 0.04254874
v -0.02467818 -0.0022021 0.04067921
v -0.02528117 -0.00350153 0.0469144
v -0.02465907 -0.00320187 0.04556799
v -0.02519814 -0.00120231 0.04530952
v -0.02586554 -0.0021043 0.04718745
v -0.02649463 -0.00337365 0.04822869
v -0.02584561 -0.00473873 0.04767926
v -0.02505603 -0.00532297 0.04597838
v -0.02537889 -0.00546013 0.05045881
v -0.02282191 -0.00342908 0.05009402
v -0.02587542 -0.00710466 0.04673844
v -0.02713883 -0.00579897 0.04888543
v -0.02575207 -0.00303277 0.05008746
v -0.02734971 -0.0029005 0.04940568
v -0.02047356 -0.0020846 0.0492233
v -0.01990515 -0.00406138 0.04875757
v -0.01830113 -0.00163735 0.04891582
v -0.0179636 -0.00331939 0.04859223
v -0.01751235 -0.00442719 0.04711069
v -0.01943686 -0.00525971 0.04709598
v -0.01695657 -0.00518909 0.04533746
v -0.01894466 -0.0058952 0.04508737
v -0.01650758 -0.00535767 0.04358619
v -0.01828788 -0.00607391 0.04315088
v -0.01655618 -0.00400444 0.04248149
v -0.01862581 -0.00433839 0.0415669
v -0.01726384 -0.00225903 0.04265463
v -0.01937323 -0.00227748 0.04165265
v -0.02089434 -0.001836 0.04088388
v -0.01951956 -0.00040102 0.04357376
v -0.02158968 7.885E-05 0.04290544
v -0.02378701 0.00011915 0.04271493
v -0.02315319 -0.00141378 0.04005811
v -0.0246029 -0.00131648 0.04316738
v -0.01751809 -0.00059427 0.0442096
v -0.01793299 0.00048799 0.04606682
v -0.01561747 -0.0007278 0.04466523
v -0.01571081 0.00036351 0.04649202
v -0.01602047 -2.859E-05 0.04825972
v -0.01831422 0.00014635 0.04802866
v -0.01614067 -0.00155428 0.04919331
v -0.01375016 -0.00029684 0.04859723
v -0.01398869 -0.00163402 0.04949699
v -0.01389834 -0.00290836 0.04915869
v -0.01595148 -0.00299792 0.04882931
v -0.01362188 -0.00384424 0.04793936
v -0.01553285 -0.00397103 0.04742598
v -0.01313832 -0.00441013 0.0464082
v -0.0149089 -0.00469084 0.04588884
v -0.01271553 -0.00437973 0.04494294
v -0.01468857 -0.00475137 0.04415593
v -0.01273566 -0.00351929 0.0440523
v -0.01472173 -0.00373901 0.04319907
v -0.01301771 -0.00196292 0.04426399
v -0.01509818 -0.00210289 0.0434564
v -0.01342873 -0.00058839 0.04533094
v -0.01098292 -0.0018919 0.044961
v -0.01345576 0.00021974 0.0470168
v -0.01075698 -0.00350598 0.04481119
v -0.00875019 -0.00373813 0.04537482
v -0.00899442 -0.00183365 0.04538637
v -0.00790359 -0.00023891 0.04683306
v -0.00880069 -0.00468013 0.04637217
v -0.01083286 -0.00440618 0.04569047
v -0.01114789 -0.00427039 0.0471783
v -0.00895626 -0.00418548 0.04797197
v -0.00943614 -0.00435693 0.04949914
v -0.00672148 -0.00459665 0.0486143
v -0.01152948 -0.00395145 0.04869226
v -0.01181023 -0.00315899 0.04970643
v -0.00970984 -0.00357559 0.05045063
v -0.00958445 -0.00212851 0.0506663
v -0.01176211 -0.00186601 0.04992504
v -0.00531072 0.00016262 0.0482943
v -0.00380344 -0.00122461 0.04850809
v -0.00733486 -0.00025136 0.04856251
v 0.02927964 0.00173131 0.00302807
v 0.02804169 0.00392789 0.00239371
v 0.02781661 0.0007721 -0.00059527
v 0.02965248 -0.00019576 -0.00038545
v 0.02850503 0.00130751 0.00638153
v 0.02712981 0.00320623 0.00696758
v 0.02864869 -0.00106189 0.00101162
v 0.02851012 -0.00059214 0.00308958
v 0.02793325 -0.00074091 0.00573455
v 0.02858616 -0.00218626 -0.00207769
v 0.0278567 -0.0025661 0.00018497
v 0.02706722 -0.00217118 0.0027093
v 0.02807794 0.00022082 0.0086639
v 0.02738876 -0.00154174 0.00817025
v 0.02625073 0.00116333 0.00993229
v 0.02548531 -0.00168209 0.00949148
v 0.02661602 -0.00139701 -0.00164259
v 0.02630767 -0.00254811 -0.00031212
v 0.02454941 -0.00067664 -0.00023758
v 0.02483717 -0.00180965 0.0020196
v 0.02642548 -0.00261882 0.00711823
v 0.02515262 -0.00307576 0.00766097
v 0.02644386 -0.00205241 0.00531376
v 0.02400473 -0.00199435 0.0059257
v 0.0229059 -0.00083819 0.00896264
v 0.0216859 -0.00090757 0.00279979
v 0.02091518 -0.00089958 0.0056377
v 0.02029529 0.00046472 0.00798196
v 0.00560853 0.00494104 -0.00148384
v 0.00425834 0.00297235 -0.00435864
v 0.00484351 -0.00078819 -0.00693523
v 0.00789298 0.00083866 -0.0044241
v 0.00215502 0.00540318 -0.00098837
v 0.00185959 0.00353771 -0.00461989
v 0.00627783 -0.00537305 -0.00492345
v 0.0083854 -0.00288055 -0.00340109
v 0.00131703 -0.0036949 -0.00766432
v 0.00286711 -0.00688561 -0.00505345
v 0.00368261 -0.00255135 0.00599474
v 0.00624493 -0.00102127 0.00591648
v 0.00758275 -0.00395851 0.00353247
v 0.00546392 -0.00678874 0.00398818
v 0.00207017 0.00238186 0.00620745
v 0.00507975 0.00352014 0.00607021
v 0.00072795 -0.00339358 0.00557023
v -0.00110396 0.00112793 0.00623052
v 0.00205971 -0.00750777 0.00330254
v 0.00064372 -0.00281568 -0.00252827
v 0.00028211 -0.00088333 -0.00297145
v 0.00047636 -0.00049273 -0.00031948
v 0.00083171 -0.00325368 -0.00056921
v 0.00043099 -0.00524106 -0.00373205
v 1.684E-05 -0.00268837 -0.0051971
v 0.00070701 -0.00624286 -0.00095279
v -0.00063905 -0.00026763 -0.00568321
v -0.00037982 0.00149842 -0.00359234
v -0.00075884 0.00030159 -0.00783951
v -0.00079454 0.00338888 -0.00450172
v 0.00063831 -0.00353873 0.00146932
v 0.00042645 -0.00121767 0.00232268
v -0.00051516 -0.00282418 0.00401379
v 0.00019907 -0.00547643 0.00200751
v -0.00136591 -0.00010577 0.00448166
v -0.00121481 0.00150149 0.00263403
v -0.00097881 0.00213819 -0.00040542
v -0.00078933 0.00462325 -0.00058358
v -0.00154925 0.00446467 0.00354661
v 0.00151714 0.00599441 0.00364692
v 0.00479957 0.0069034 0.0035695
v 0.00922068 0.00533023 0.00010271
v 0.0082125 0.00723627 0.00387605
v 0.0081143 0.00429798 0.00616589
v 0.00886077 0.00034242 0.00597165
v 0.01175183 0.00661407 0.00428248
v 0.01130368 0.00441101 0.00647097
v 0.0116425 0.00108806 0.00627261
v 0.01244911 -0.00061767 0.00360076
v 0.00987246 -0.00190351 0.00345401
v 0.014528 0.00389575 0.00682593
v 0.01452606 0.00134374 0.00662206
v 0.0151835 -0.00042987 0.00431211
v 0.01604844 -0.00133079 0.00172969
v 0.01329275 -0.0020501 0.00103474
v 0.01734317 0.00119967 0.00736116
v 0.0179864 -0.00032907 0.00509732
v 0.01880593 -0.00090501 0.00245271
v 0.01923344 0.00018872 0.00046578
v 0.01655056 -0.00026787 -0.00034055
v 0.02196117 2.374E-05 0.0006749
v 0.02218413 0.0020516 0.00059603
v 0.01925693 0.00242202 0.00037271
v 0.02510815 0.00144317 0.00017852
v 0.02503072 0.00386709 0.00258114
v 0.0220545 0.00399778 0.00265556
v 0.02145488 0.00400181 0.00584514
v 0.01837566 0.00496843 0.00531799
v 0.01898473 0.00460245 0.00230215
v 0.02437799 0.00349306 0.00641488
v 0.0234828 0.00159182 0.00896604
v 0.02062289 0.00256125 0.00815905
v 0.0176004 0.00345837 0.00746444
v 0.01515449 0.00576385 0.00474602
v 0.01254343 0.00531134 0.00090728
v 0.01580343 0.00502144 0.00169454
v 0.0134308 0.00218804 -0.00124384
v 0.01632904 0.00246197 -0.00032877
v 0.01378577 -0.00090417 -0.0012216
v 0.01060487 0.00178019 -0.00261852
v 0.01112073 -0.00172835 -0.00248998
v 0.01052672 -0.00270845 0.00051295
v 0.00798076 -0.00429795 -1.118E-05
v 0.00582067 -0.00684045 -0.00040757
v 0.00294214 -0.00839547 -0.0010258
v 0.00178476 0.00109987 -0.0074905
v 0.0198317 -2.187E-05 0.01991616
v 0.02020367 -0.00164 0.02167948
v 0.01975125 -0.00061317 0.02363691
v 0.01926063 0.00171549 0.02275087
v 0.0191834 -0.00273594 0.01938119
v 0.01923039 -0.00380899 0.02136125
v 0.01959033 -3.944E-05 0.02591962
v 0.01854298 0.00200252 0.02620769
v 0.01833937 -0.0024046 0.02405924
v 0.01817193 -0.00225723 0.02710848
v 0.01717085 -0.00035276 0.02741884
v 0.01675261 0.00240818 0.02221725
v 0.01709725 0.00060269 0.01929169
v 0.01682033 -0.00302318 0.01921761
v 0.01635792 -0.00460625 0.02105678
v 0.01479864 -0.00227106 0.02688044
v 0.01496838 0.00035871 0.02709047
v 0.01593911 0.0027498 0.02547771
v 0.01408394 -0.00172892 0.01923318
v 0.01361271 -0.00297376 0.02076458
v -0.00383125 0.0005134 0.01434037
v -0.00408001 -0.00199884 0.01445323
v -0.0042713 -0.00242068 0.0124316
v -0.00422106 0.00144135 0.01286207
v -0.00443332 0.00331083 0.01540655
v -0.0041443 0.00112692 0.01603683
v -0.00431376 -0.0017151 0.01673194
v -0.0034265 -0.00104117 0.02295499
v -0.00251804 -0.00483357 0.02217881
v -0.00515884 -0.00659455 0.02208477
v -0.0055381 -0.00382186 0.02353781
v -0.00552888 0.00045123 0.0220121
v -0.00428153 0.00402562 0.01930908
v -0.00223381 0.00359532 0.01986914
v -0.00731291 -0.00273727 0.02273148
v -0.00459958 0.00129266 0.0177763
v -0.00488664 0.00276363 0.01832501
v -0.00562414 6.785E-05 0.02041431
v -0.00489942 -0.00100163 0.01891543
v -0.00497465 -0.00454069 0.01495333
v -0.00551475 -0.00462197 0.01713132
v -0.00622432 -0.00626274 0.01338079
v -0.00761027 -0.00574134 0.02070889
v -0.00713004 -0.00200519 0.02094947
v -0.00647566 -0.00365631 0.01964993
v -0.00683588 -0.00721743 0.01719802
v -0.00445167 -0.00822973 0.01807662
v -0.00354554 -0.00749702 0.01378882
v -0.00195074 -0.00632009 0.01878513
v -0.00100371 -0.0062269 0.01559649
v -0.0005008 -0.00253726 0.0139325
v -0.00267469 -0.00283134 0.01216339
v -0.0002499 0.00203045 0.01356465
v -0.00255137 0.00211367 0.01218442
v -0.001097 0.0050166 0.01609006
v -0.00335333 0.004949 0.01533555
v 0.00192722 0.00212095 0.01506155
v 0.00123612 0.00503008 0.01699355
v 0.00012383 0.00353587 0.02011766
v 0.00367695 0.00473247 0.01805384
v 0.00258126 0.00345247 0.02080375
v 0.00215206 0.00079059 0.02269669
v -0.00033033 -1.144E-05 0.02224665
v 0.00255558 -0.00198293 0.02222244
v 0.00011689 -0.00331639 0.02210797
v 0.00317723 -0.00394504 0.02038857
v 0.00061824 -0.00495272 0.01952902
v 0.0038081 -0.0038795 0.01826969
v 0.00140511 -0.00498347 0.01705605
v 0.00406156 -0.00138262 0.01673984
v 0.00168723 -0.00196345 0.01554637
v 0.00414818 0.00213232 0.01648104
v 0.00645004 -0.00094659 0.01778354
v 0.00651304 0.00209122 0.01760808
v 0.00610217 0.0042202 0.01915162
v 0.00909171 0.0020255 0.01842153
v 0.00867503 0.00386506 0.02008825
v 0.00763347 0.00323765 0.02254821
v 0.00510638 0.00331617 0.02162386
v 0.0069145 0.00161662 0.02400556
v 0.00460564 0.00134008 0.02319121
v 0.00710659 -0.00042068 0.02345496
v 0.0048963 -0.00098279 0.02265
v 0.00781326 -0.00218871 0.02191585
v 0.00553151 -0.00299566 0.02120403
v 0.00852268 -0.0025772 0.0199722
v 0.00615704 -0.00301748 0.01929046
v 0.00881388 -0.00074313 0.0187248
v 0.01102823 -0.00251309 0.02036358
v 0.01144656 -0.00099485 0.01907662
v 0.01175955 0.00176299 0.01896044
v 0.01444632 0.0013109 0.01922991
v 0.0142119 0.00310833 0.02155506
v 0.01143574 0.0034872 0.02085633
v 0.01328418 0.00309818 0.02437652
v 0.01046733 0.00324283 0.02339101
v 0.01228986 0.00118196 0.0258814
v 0.00960687 0.00160755 0.02485454
v 0.01230569 -0.00078896 0.02519741
v 0.00970913 -0.00035965 0.02419921
v 0.01326151 -0.0018729 0.02308316
v 0.01045054 -0.0019184 0.02243621
v 0.0160434 -0.00235563 0.02365943
f 1 2 3
f 1 3 4
f 1 4 5
f 1 5 6
f 1 6 7
f 1 7 2
f 5 4 8
f 5 8 9
f 5 9 10
f 5 10 11
f 12 3 13
f 12 13 14
f 12 14 15
f 12 15 8
f 12 8 4
f 12 4 3
f 14 13 16
f 14 16 15
f 8 15 17
f 8 17 18
f 8 18 10
f 8 10 9
f 19 20 21
f 19 21 22
f 19 23 24
f 19 24 20
f 19 22 25
f 19 25 23
f 26 27 28
f 26 28 29
f 26 30 31
f 26 31 27
f 26 29 32
f 26 32 30
f 30 32 33
f 30 33 34
f 30 34 35
f 30 35 36
f 37 38 39
f 37 39 40
f 37 28 41
f 37 41 38
f 37 40 29
f 37 29 28
f 42 43 44
f 42 44 45
f 46 47 43
f 46 43 42
f 42 45 48
f 42 48 46
f 46 34 49
f 46 49 47
f 46 48 35
f 46 35 34
f 50 49 34
f 50 34 33
f 51 52 44
f 51 44 43
f 53 54 55
f 53 55 56
f 53 56 39
f 53 39 57
f 58 59 60
f 58 60 61
f 58 61 62
f 58 62 63
f 58 63 64
f 58 64 59
f 64 65 55
f 64 55 54
f 64 54 66
f 64 66 59
f 64 63 67
f 64 67 65
f 67 68 69
f 67 69 65
f 67 63 62
f 67 62 70
f 67 70 71
f 67 71 68
f 71 47 49
f 71 49 68
f 71 70 52
f 71 52 51
f 71 51 43
f 71 43 47
f 70 62 72
f 70 72 52
f 72 62 61
f 72 61 73
f 72 73 74
f 72 74 75
f 72 75 44
f 72 44 52
f 75 74 76
f 75 76 77
f 75 77 45
f 75 45 44
f 77 76 78
f 77 78 79
f 77 79 80
f 77 80 45
f 80 81 48
f 80 48 45
f 80 79 82
f 80 82 83
f 80 83 84
f 80 84 81
f 84 85 86
f 84 86 81
f 84 83 87
f 84 87 88
f 84 88 89
f 84 89 85
f 89 90 91
f 89 91 85
f 89 88 21
f 89 21 11
f 89 11 10
f 89 10 90
f 91 92 93
f 91 93 94
f 91 94 86
f 91 86 85
f 91 90 17
f 91 17 92
f 94 93 95
f 94 95 36
f 94 36 35
f 94 35 86
f 95 96 97
f 95 97 31
f 95 31 30
f 95 30 36
f 95 93 98
f 95 98 96
f 98 99 100
f 98 100 96
f 98 93 92
f 98 92 101
f 98 101 102
f 98 102 99
f 102 103 104
f 102 104 99
f 102 101 15
f 102 15 16
f 102 16 105
f 102 105 103
f 105 106 107
f 105 107 103
f 105 16 13
f 105 13 108
f 105 108 109
f 105 109 106
f 108 13 3
f 108 3 2
f 108 2 7
f 108 7 109
f 107 110 111
f 107 111 112
f 107 112 104
f 107 104 103
f 107 106 113
f 107 113 110
f 113 25 114
f 113 114 110
f 113 106 109
f 113 109 115
f 113 115 23
f 113 23 25
f 114 87 83
f 114 83 82
f 114 82 111
f 114 111 110
f 114 25 22
f 114 22 87
f 112 111 78
f 112 78 116
f 112 116 117
f 112 117 104
f 117 116 118
f 117 118 119
f 117 119 120
f 117 120 100
f 117 100 99
f 117 99 104
f 120 119 121
f 120 121 122
f 120 122 123
f 120 123 97
f 120 97 96
f 120 96 100
f 123 122 124
f 123 124 41
f 123 41 28
f 123 28 27
f 123 27 31
f 123 31 97
f 124 125 126
f 124 126 127
f 124 127 38
f 124 38 41
f 124 122 121
f 124 121 125
f 127 126 66
f 127 66 57
f 127 57 39
f 127 39 38
f 126 60 59
f 126 59 66
f 126 125 128
f 126 128 60
f 128 73 61
f 128 61 60
f 128 125 121
f 128 121 129
f 128 129 74
f 128 74 73
f 129 121 119
f 129 119 118
f 129 118 76
f 129 76 74
f 118 116 78
f 118 78 76
f 111 82 79
f 111 79 78
f 101 92 17
f 101 17 15
f 90 10 18
f 90 18 17
f 88 87 22
f 88 22 21
f 86 35 48
f 86 48 81
f 69 50 33
f 69 33 130
f 69 130 55
f 69 55 65
f 69 68 49
f 69 49 50
f 130 33 32
f 130 32 131
f 130 131 56
f 130 56 55
f 131 32 29
f 131 29 40
f 131 40 39
f 131 39 56
f 66 54 53
f 66 53 57
f 21 20 5
f 21 5 11
f 109 7 132
f 109 132 115
f 20 24 6
f 20 6 5
f 24 132 7
f 24 7 6
f 24 23 115
f 24 115 132
f 133 134 135
f 133 135 136
f 137 138 139
f 137 139 140
f 137 140 141
f 137 141 142
f 137 142 143
f 137 143 138
f 144 136 145
f 144 145 146
f 144 146 147
f 144 147 148
f 144 148 133
f 144 133 136
f 149 150 142
f 149 142 141
f 149 141 151
f 149 151 152
f 149 152 153
f 149 153 150
f 154 146 145
f 154 145 155
f 156 157 158
f 156 158 159
f 156 159 160
f 156 160 161
f 156 161 162
f 156 162 163
f 156 164 165
f 156 165 157
f 166 167 168
f 166 168 169
f 166 170 171
f 166 171 167
f 164 156 163
f 164 163 172
f 164 172 173
f 164 173 165
f 160 159 174
f 160 174 175
f 160 175 176
f 160 176 161
f 177 178 179
f 177 179 180
f 170 181 178
f 170 178 177
f 177 180 182
f 177 182 170
f 183 162 161
f 183 161 176
f 183 176 184
f 183 184 185
f 183 185 186
f 183 186 162
f 178 181 187
f 178 187 179
f 188 189 190
f 188 190 191
f 192 193 194
f 192 194 195
f 192 196 184
f 192 184 193
f 185 184 197
f 185 197 186
f 184 196 198
f 184 198 197
f 196 192 195
f 196 195 198
f 198 191 190
f 198 190 197
f 197 190 199
f 197 199 186
f 199 190 189
f 199 189 200
f 199 200 172
f 199 172 163
f 199 163 162
f 199 162 186
f 200 189 169
f 200 169 201
f 200 201 173
f 200 173 172
f 201 169 168
f 201 168 202
f 201 202 203
f 201 203 173
f 203 202 204
f 203 204 205
f 203 205 206
f 203 206 207
f 203 207 165
f 203 165 173
f 207 206 208
f 207 208 209
f 207 209 157
f 207 157 165
f 209 208 210
f 209 210 211
f 209 211 158
f 209 158 157
f 211 210 212
f 211 212 213
f 211 213 214
f 211 214 158
f 214 174 159
f 214 159 158
f 214 213 215
f 214 215 216
f 214 216 194
f 214 194 174
f 216 215 182
f 216 182 180
f 216 180 195
f 216 195 194
f 215 213 212
f 215 212 217
f 215 217 218
f 215 218 182
f 218 217 219
f 218 219 220
f 218 220 221
f 218 221 171
f 218 171 170
f 218 170 182
f 221 220 222
f 221 222 223
f 221 223 224
f 221 224 225
f 221 225 167
f 221 167 171
f 223 222 139
f 223 139 226
f 223 226 147
f 223 147 224
f 226 139 138
f 226 138 227
f 226 227 148
f 226 148 147
f 227 138 143
f 227 143 134
f 227 134 133
f 227 133 148
f 222 220 219
f 222 219 228
f 222 228 140
f 222 140 139
f 228 219 229
f 228 229 151
f 228 151 141
f 228 141 140
f 229 212 210
f 229 210 230
f 229 230 152
f 229 152 151
f 229 219 217
f 229 217 212
f 230 210 208
f 230 208 231
f 230 231 153
f 230 153 152
f 231 208 206
f 231 206 232
f 231 232 233
f 231 233 153
f 233 232 234
f 233 234 235
f 233 235 135
f 233 135 236
f 233 236 150
f 233 150 153
f 236 135 134
f 236 134 143
f 236 143 142
f 236 142 150
f 235 234 155
f 235 155 145
f 235 145 136
f 235 136 135
f 234 205 204
f 234 204 155
f 234 232 206
f 234 206 205
f 204 202 168
f 204 168 237
f 204 237 154
f 204 154 155
f 194 193 175
f 194 175 174
f 193 184 176
f 193 176 175
f 191 238 166
f 191 166 188
f 189 188 166
f 189 166 169
f 238 181 170
f 238 170 166
f 168 167 225
f 168 225 237
f 224 147 146
f 224 146 154
f 224 154 237
f 224 237 225
f 187 181 238
f 187 238 191
f 198 195 180
f 198 180 179
f 187 191 198
f 187 198 179
f 239 240 241
f 239 241 242
f 239 242 243
f 239 243 244
f 239 244 245
f 239 245 240
f 246 241 247
f 246 247 248
f 246 249 242
f 246 242 241
f 246 248 250
f 246 250 249
f 251 252 240
f 251 240 245
f 251 253 254
f 251 254 252
f 255 256 250
f 255 250 257
f 258 259 260
f 258 260 261
f 258 262 263
f 258 263 259
f 261 260 264
f 261 264 265
f 266 267 268
f 266 268 269
f 266 269 270
f 266 270 264
f 266 264 260
f 266 260 267
f 271 272 273
f 271 273 274
f 271 275 276
f 271 276 272
f 277 278 279
f 277 279 280
f 279 278 281
f 279 281 282
f 279 283 284
f 279 284 280
f 284 285 270
f 284 270 280
f 286 284 287
f 286 287 288
f 284 286 289
f 284 289 285
f 289 290 265
f 289 265 285
f 289 286 291
f 289 291 292
f 289 292 293
f 289 293 290
f 292 291 294
f 292 294 295
f 292 295 296
f 292 296 293
f 296 297 262
f 296 262 293
f 296 295 298
f 296 298 299
f 296 299 300
f 296 300 297
f 300 301 302
f 300 302 297
f 300 299 303
f 300 303 304
f 300 304 305
f 300 305 301
f 305 306 307
f 305 307 301
f 305 304 253
f 305 253 308
f 305 308 309
f 305 309 306
f 309 310 311
f 309 311 306
f 309 308 245
f 309 245 244
f 309 244 243
f 309 243 310
f 311 312 313
f 311 313 314
f 311 314 307
f 311 307 306
f 311 310 315
f 311 315 312
f 315 316 317
f 315 317 312
f 315 310 243
f 315 243 318
f 315 318 256
f 315 256 316
f 318 243 242
f 318 242 249
f 318 249 250
f 318 250 256
f 317 319 320
f 317 320 321
f 317 321 313
f 317 313 312
f 317 316 322
f 317 322 319
f 322 323 324
f 322 324 319
f 322 316 256
f 322 256 255
f 322 255 257
f 322 257 323
f 324 325 294
f 324 294 326
f 324 326 320
f 324 320 319
f 324 323 327
f 324 327 325
f 327 328 298
f 327 298 325
f 327 323 257
f 327 257 329
f 327 329 330
f 327 330 328
f 330 254 303
f 330 303 328
f 330 329 248
f 330 248 247
f 330 247 252
f 330 252 254
f 329 257 250
f 329 250 248
f 328 303 299
f 328 299 298
f 326 294 291
f 326 291 331
f 326 331 274
f 326 274 320
f 325 298 295
f 325 295 294
f 321 320 274
f 321 274 273
f 321 273 332
f 321 332 313
f 332 273 272
f 332 272 333
f 332 333 334
f 332 334 335
f 332 335 314
f 332 314 313
f 335 334 336
f 335 336 337
f 335 337 307
f 335 307 314
f 337 336 263
f 337 263 302
f 337 302 301
f 337 301 307
f 336 334 338
f 336 338 339
f 336 339 259
f 336 259 263
f 339 338 268
f 339 268 267
f 339 267 260
f 339 260 259
f 338 281 278
f 338 278 268
f 338 334 333
f 338 333 281
f 308 253 251
f 308 251 245
f 304 303 254
f 304 254 253
f 302 263 262
f 302 262 297
f 285 265 264
f 285 264 270
f 340 276 275
f 340 275 341
f 280 270 269
f 280 269 277
f 278 277 269
f 278 269 268
f 290 293 262
f 290 262 258
f 290 258 261
f 290 261 265
f 252 247 241
f 252 241 240
f 282 281 333
f 282 333 272
f 271 274 331
f 271 331 342
f 286 342 331
f 286 331 291
f 343 283 279
f 343 279 282
f 340 283 343
f 340 343 276
f 272 276 343
f 272 343 282
f 342 341 275
f 342 275 271
f 284 283 340
f 284 340 287
f 286 288 341
f 286 341 342
f 288 287 340
f 288 340 341
f 344 345 346
f 344 346 347
f 344 348 349
f 344 349 345
f 344 347 350
f 344 350 348
f 351 352 347
f 351 347 346
f 353 354 348
f 353 348 350
f 353 350 355
f 353 355 356
f 353 356 357
f 353 357 354
f 358 359 357
f 358 357 360
f 361 362 359
f 361 359 358
f 361 363 364
f 361 364 362
f 365 366 363
f 365 363 361
f 360 367 366
f 360 366 365
f 365 361 358
f 365 358 360
f 368 369 370
f 368 370 371
f 372 373 374
f 372 374 375
f 372 375 376
f 372 376 377
f 372 377 378
f 372 378 373
f 379 380 381
f 379 381 382
f 379 382 383
f 379 383 384
f 385 386 387
f 385 387 388
f 385 388 378
f 385 378 389
f 385 389 390
f 385 390 386
f 391 389 378
f 391 378 392
f 391 393 390
f 391 390 389
f 391 392 394
f 391 394 393
f 378 388 395
f 378 395 373
f 395 396 397
f 395 397 398
f 395 398 374
f 395 374 373
f 395 388 387
f 395 387 396
f 398 397 399
f 398 399 400
f 398 400 401
f 398 401 374
f 401 400 402
f 401 402 403
f 401 403 404
f 401 404 405
f 401 405 375
f 401 375 374
f 405 404 406
f 405 406 407
f 405 407 376
f 405 376 375
f 407 406 408
f 407 408 409
f 407 409 410
f 407 410 376
f 410 409 411
f 410 411 412
f 410 412 413
f 410 413 414
f 410 414 377
f 410 377 376
f 414 413 394
f 414 394 392
f 414 392 378
f 414 378 377
f 413 412 415
f 413 415 416
f 413 416 383
f 413 383 394
f 416 415 417
f 416 417 418
f 416 418 384
f 416 384 383
f 418 417 419
f 418 419 420
f 418 420 421
f 418 421 384
f 421 420 422
f 421 422 369
f 421 369 368
f 421 368 380
f 421 380 379
f 421 379 384
f 422 420 419
f 422 419 423
f 422 423 424
f 422 424 425
f 422 425 370
f 422 370 369
f 425 424 397
f 425 397 396
f 425 396 387
f 425 387 370
f 424 423 426
f 424 426 427
f 424 427 399
f 424 399 397
f 427 426 428
f 427 428 429
f 427 429 430
f 427 430 399
f 430 429 431
f 430 431 432
f 430 432 364
f 430 364 402
f 430 402 400
f 430 400 399
f 432 431 433
f 432 433 434
f 432 434 362
f 432 362 364
f 434 433 349
f 434 349 435
f 434 435 359
f 434 359 362
f 435 349 348
f 435 348 354
f 435 354 357
f 435 357 359
f 433 436 345
f 433 345 349
f 433 431 437
f 433 437 436
f 437 438 439
f 437 439 436
f 437 431 429
f 437 429 428
f 437 428 440
f 437 440 438
f 440 441 442
f 440 442 438
f 440 428 426
f 440 426 443
f 440 443 444
f 440 444 441
f 444 445 446
f 444 446 441
f 444 443 419
f 444 419 417
f 444 417 415
f 444 415 445
f 446 447 448
f 446 448 449
f 446 449 442
f 446 442 441
f 446 445 411
f 446 411 447
f 449 448 450
f 449 450 451
f 449 451 452
f 449 452 442
f 452 451 352
f 452 352 351
f 452 351 346
f 452 346 439
f 452 439 438
f 452 438 442
f 451 450 355
f 451 355 352
f 450 453 356
f 450 356 355
f 450 448 454
f 450 454 453
f 454 367 360
f 454 360 453
f 454 448 447
f 454 447 408
f 454 408 406
f 454 406 367
f 453 360 357
f 453 357 356
f 447 411 409
f 447 409 408
f 445 415 412
f 445 412 411
f 443 426 423
f 443 423 419
f 439 346 345
f 439 345 436
f 406 404 366
f 406 366 367
f 404 403 363
f 404 363 366
f 403 402 364
f 403 364 363
f 394 383 382
f 394 382 393
f 393 382 381
f 393 381 390
f 390 381 371
f 390 371 386
f 387 386 371
f 387 371 370
f 381 380 368
f 381 368 371
f 355 350 347
f 355 347 352
f 455 456 457
f 455 457 458
f 459 460 461
f 459 461 462
f 463 457 456
f 463 456 464
f 465 464 460
f 465 460 466
f 465 466 467
f 465 467 468
f 465 468 469
f 465 469 470
f 465 470 471
f 465 471 472
f 465 472 463
f 465 463 464
f 473 474 475
f 473 475 476
f 473 477 478
f 473 478 474
f 473 476 479
f 473 479 477
f 470 469 480
f 470 480 471
f 481 482 483
f 481 483 484
f 481 485 486
f 481 486 482
f 481 484 487
f 481 487 488
f 489 490 491
f 489 491 492
f 493 494 495
f 493 495 491
f 493 496 497
f 493 497 494
f 493 491 490
f 493 490 496
f 498 499 500
f 498 500 501
f 498 501 485
f 498 485 502
f 498 503 504
f 498 504 499
f 498 502 505
f 498 505 503
f 491 495 506
f 491 506 492
f 507 502 485
f 507 485 481
f 507 481 488
f 507 488 508
f 507 508 505
f 507 505 502
f 509 510 511
f 509 511 512
f 509 513 514
f 509 514 510
f 509 512 515
f 509 515 513
f 508 488 511
f 508 511 505
f 515 506 495
f 515 495 513
f 515 512 487
f 515 487 516
f 515 516 517
f 515 517 506
f 517 518 492
f 517 492 506
f 517 516 519
f 517 519 520
f 517 520 521
f 517 521 518
f 521 522 523
f 521 523 518
f 521 520 524
f 521 524 525
f 521 525 526
f 521 526 522
f 526 527 528
f 526 528 522
f 526 525 468
f 526 468 467
f 526 467 529
f 526 529 527
f 529 530 531
f 529 531 527
f 529 467 466
f 529 466 532
f 529 532 533
f 529 533 530
f 533 534 535
f 533 535 530
f 533 532 459
f 533 459 462
f 533 462 536
f 533 536 534
f 536 477 479
f 536 479 534
f 536 462 461
f 536 461 537
f 536 537 478
f 536 478 477
f 537 461 456
f 537 456 455
f 537 455 458
f 537 458 478
f 535 538 539
f 535 539 540
f 535 540 531
f 535 531 530
f 535 534 479
f 535 479 538
f 540 539 500
f 540 500 541
f 540 541 542
f 540 542 531
f 542 541 543
f 542 543 544
f 542 544 545
f 542 545 528
f 542 528 527
f 542 527 531
f 545 544 496
f 545 496 490
f 545 490 489
f 545 489 523
f 545 523 522
f 545 522 528
f 544 543 497
f 544 497 496
f 543 499 504
f 543 504 497
f 543 541 500
f 543 500 499
f 539 546 501
f 539 501 500
f 539 538 547
f 539 547 546
f 547 548 486
f 547 486 546
f 547 538 479
f 547 479 476
f 547 476 475
f 547 475 548
f 548 549 482
f 548 482 486
f 548 475 550
f 548 550 549
f 550 551 552
f 550 552 549
f 550 475 474
f 550 474 553
f 550 553 554
f 550 554 551
f 554 472 471
f 554 471 551
f 554 553 458
f 554 458 457
f 554 457 463
f 554 463 472
f 553 474 478
f 553 478 458
f 552 480 555
f 552 555 483
f 552 483 482
f 552 482 549
f 552 551 471
f 552 471 480
f 555 524 520
f 555 520 519
f 555 519 484
f 555 484 483
f 555 480 469
f 555 469 524
f 546 486 485
f 546 485 501
f 532 466 460
f 532 460 459
f 525 524 469
f 525 469 468
f 523 489 492
f 523 492 518
f 519 516 487
f 519 487 484
f 514 513 495
f 514 495 494
f 514 494 497
f 514 497 504
f 514 504 503
f 514 503 510
f 512 511 488
f 512 488 487
f 511 510 503
f 511 503 505
f 464 456 461
f 464 461 460
f 556 557 558
f 556 558 559
f 556 560 561
f 556 561 557
f 556 559 562
f 556 562 560
f 563 558 564
f 563 564 565
f 563 565 566
f 563 566 567
f 563 567 559
f 563 559 558
f 564 568 569
f 564 569 565
f 564 558 557
f 564 557 568
f 570 571 567
f 570 567 566
f 572 573 574
f 572 574 575
f 576 568 557
f 576 557 561
f 576 561 577
f 576 577 578
f 565 569 579
f 565 579 580
f 565 580 581
f 565 581 566
f 582 583 584
f 582 584 585
f 586 587 588
f 586 588 584
f 586 584 583
f 586 583 589
f 586 589 571
f 586 571 570
f 590 591 592
f 590 592 593
f 594 595 591
f 594 591 590
f 593 592 596
f 593 596 597
f 593 597 598
f 593 598 590
f 592 591 599
f 592 599 600
f 592 601 602
f 592 602 596
f 600 599 603
f 600 603 604
f 605 606 607
f 605 607 608
f 605 609 610
f 605 610 606
f 605 608 611
f 605 611 609
f 612 613 614
f 612 614 615
f 612 616 617
f 612 617 613
f 612 615 618
f 612 618 616
f 619 616 618
f 619 618 620
f 619 621 617
f 619 617 616
f 619 620 622
f 619 622 621
f 622 620 623
f 622 623 624
f 622 624 602
f 622 602 625
f 622 625 626
f 622 626 621
f 626 625 604
f 626 604 603
f 626 603 609
f 626 609 611
f 626 611 617
f 626 617 621
f 625 602 601
f 625 601 604
f 624 623 627
f 624 627 628
f 624 628 596
f 624 596 602
f 628 627 629
f 628 629 630
f 628 630 597
f 628 597 596
f 630 629 631
f 630 631 632
f 630 632 598
f 630 598 597
f 632 631 588
f 632 588 587
f 632 587 633
f 632 633 598
f 633 587 586
f 633 586 581
f 633 581 580
f 633 580 634
f 633 634 590
f 633 590 598
f 634 580 579
f 634 579 635
f 634 635 594
f 634 594 590
f 635 579 636
f 635 636 637
f 635 637 638
f 635 638 594
f 638 637 639
f 638 639 640
f 638 640 641
f 638 641 642
f 638 642 595
f 638 595 594
f 642 641 607
f 642 607 606
f 642 606 610
f 642 610 595
f 641 640 643
f 641 643 644
f 641 644 614
f 641 614 607
f 644 643 645
f 644 645 646
f 644 646 615
f 644 615 614
f 646 645 647
f 646 647 648
f 646 648 618
f 646 618 615
f 645 643 649
f 645 649 650
f 645 650 651
f 645 651 647
f 650 649 652
f 650 652 653
f 650 653 654
f 650 654 651
f 654 653 655
f 654 655 656
f 654 656 588
f 654 588 631
f 654 631 629
f 654 629 651
f 656 655 657
f 656 657 585
f 656 585 584
f 656 584 588
f 657 658 572
f 657 572 575
f 657 575 582
f 657 582 585
f 657 655 659
f 657 659 658
f 659 660 661
f 659 661 658
f 659 655 653
f 659 653 652
f 659 652 662
f 659 662 660
f 662 636 578
f 662 578 660
f 662 652 649
f 662 649 639
f 662 639 637
f 662 637 636
f 661 577 663
f 661 663 573
f 661 573 572
f 661 572 658
f 661 660 578
f 661 578 577
f 663 560 562
f 663 562 664
f 663 664 574
f 663 574 573
f 663 577 561
f 663 561 560
f 664 562 571
f 664 571 589
f 664 589 583
f 664 583 574
f 649 643 640
f 649 640 639
f 620 618 648
f 620 648 623
f 617 611 608
f 617 608 613
f 614 613 608
f 614 608 607
f 610 599 591
f 610 591 595
f 610 609 603
f 610 603 599
f 601 592 600
f 601 600 604
f 586 570 566
f 586 566 581
f 583 582 575
f 583 575 574
f 571 562 559
f 571 559 567
f 569 568 576
f 569 576 578
f 569 578 636
f 569 636 579
f 647 651 629
f 647 629 627
f 648 647 627
f 648 627 623
f 665 666 667
f 665 667 668
f 665 668 669
f 665 669 670
f 665 670 671
f 665 671 666
f 672 673 668
f 672 668 667
f 667 674 675
f 667 675 672
f 676 677 674
f 676 674 667
f 674 677 678
f 674 678 675
f 679 680 681
f 679 681 682
f 683 684 680
f 683 680 679
f 679 682 685
f 679 685 683
f 686 687 688
f 686 688 689
f 686 689 690
f 686 690 684
f 686 684 683
f 686 683 687
f 682 691 692
f 682 692 685
f 682 681 693
f 682 693 691
f 694 680 684
f 694 684 690
f 695 681 680
f 695 680 694
f 694 690 696
f 694 696 695
f 695 696 697
f 695 697 698
f 695 698 693
f 695 693 681
f 699 700 701
f 699 701 702
f 703 704 705
f 703 705 706
f 703 706 707
f 703 707 708
f 703 708 709
f 703 709 704
f 710 711 712
f 710 712 713
f 710 714 715
f 710 715 711
f 710 713 716
f 710 716 714
f 717 718 719
f 717 719 720
f 721 722 714
f 721 714 716
f 721 716 723
f 721 723 724
f 718 702 701
f 718 701 725
f 718 725 726
f 718 726 727
f 719 728 729
f 719 729 720
f 719 730 731
f 719 731 728
f 732 733 734
f 732 734 735
f 736 731 730
f 736 730 737
f 737 730 727
f 737 727 738
f 737 738 739
f 737 739 740
f 737 740 723
f 737 723 736
f 740 739 732
f 740 732 735
f 740 735 724
f 740 724 723
f 739 738 741
f 739 741 742
f 739 742 733
f 739 733 732
f 742 741 707
f 742 707 743
f 742 743 744
f 742 744 733
f 744 743 745
f 744 745 746
f 744 746 747
f 744 747 748
f 744 748 734
f 744 734 733
f 748 747 749
f 748 749 750
f 748 750 751
f 748 751 734
f 751 750 752
f 751 752 722
f 751 722 721
f 751 721 724
f 751 724 735
f 751 735 734
f 752 750 749
f 752 749 753
f 752 753 754
f 752 754 715
f 752 715 714
f 752 714 722
f 754 753 755
f 754 755 756
f 754 756 685
f 754 685 692
f 754 692 711
f 754 711 715
f 756 755 666
f 756 666 671
f 756 671 683
f 756 683 685
f 755 676 667
f 755 667 666
f 755 753 749
f 755 749 676
f 749 747 677
f 749 677 676
f 747 746 678
f 747 678 677
f 746 745 757
f 746 757 678
f 757 705 758
f 757 758 759
f 757 759 675
f 757 675 678
f 757 745 706
f 757 706 705
f 759 758 760
f 759 760 673
f 759 673 672
f 759 672 675
f 760 761 688
f 760 688 669
f 760 669 668
f 760 668 673
f 760 758 762
f 760 762 761
f 762 763 764
f 762 764 761
f 762 758 705
f 762 705 704
f 762 704 709
f 762 709 763
f 764 700 690
f 764 690 689
f 764 689 688
f 764 688 761
f 764 763 701
f 764 701 700
f 763 709 725
f 763 725 701
f 745 743 707
f 745 707 706
f 741 726 708
f 741 708 707
f 741 738 727
f 741 727 726
f 736 723 716
f 736 716 731
f 731 716 713
f 731 713 728
f 729 712 691
f 729 691 693
f 729 693 698
f 729 698 720
f 729 728 713
f 729 713 712
f 726 725 709
f 726 709 708
f 720 698 697
f 720 697 717
f 719 718 727
f 719 727 730
f 718 717 697
f 718 697 702
f 712 711 692
f 712 692 691
f 702 697 696
f 702 696 699
f 700 699 696
f 700 696 690
f 688 687 670
f 688 670 669
f 687 683 671
f 687 671 670
f 765 766 767
f 765 767 768
f 765 769 770
f 765 770 766
f 765 768 771
f 765 771 769
f 766 770 772
f 766 772 767
f 768 767 773
f 768 773 774
f 768 774 775
f 768 775 776
f 767 772 777
f 767 777 778
f 767 778 779
f 767 779 773
f 774 773 780
f 774 780 775
f 781 782 783
f 781 783 784
f 781 784 785
f 781 785 786
f 787 786 785
f 787 785 788
f 789 790 791
f 789 791 792
f 792 793 794
f 792 794 789
f 795 796 797
f 795 797 798
f 795 790 799
f 795 799 796
f 796 800 801
f 796 801 797
f 802 793 803
f 802 803 804
f 792 791 805
f 792 805 806
f 792 806 803
f 792 803 793
f 807 808 809
f 807 809 810
f 807 810 800
f 807 800 811
f 803 812 813
f 803 813 814
f 803 814 815
f 803 815 804
f 816 810 809
f 816 809 817
f 816 801 800
f 816 800 810
f 816 817 818
f 816 818 801
f 819 820 821
f 819 821 822
f 819 822 823
f 819 823 824
f 819 824 825
f 819 825 820
f 826 827 824
f 826 824 823
f 826 823 828
f 826 828 813
f 826 813 812
f 826 812 827
f 828 823 822
f 828 822 829
f 828 829 830
f 828 830 831
f 828 831 814
f 828 814 813
f 831 830 832
f 831 832 833
f 831 833 815
f 831 815 814
f 833 832 834
f 833 834 835
f 833 835 836
f 833 836 815
f 836 837 804
f 836 804 815
f 836 835 838
f 836 838 839
f 836 839 840
f 836 840 837
f 840 841 842
f 840 842 837
f 840 839 843
f 840 843 844
f 840 844 845
f 840 845 841
f 845 846 847
f 845 847 841
f 845 844 788
f 845 788 848
f 845 848 780
f 845 780 846
f 848 788 785
f 848 785 849
f 848 849 775
f 848 775 780
f 849 785 784
f 849 784 850
f 849 850 776
f 849 776 775
f 850 784 783
f 850 783 851
f 850 851 852
f 850 852 776
f 851 783 853
f 851 853 854
f 851 854 855
f 851 855 852
f 854 853 856
f 854 856 857
f 854 857 858
f 854 858 855
f 858 857 859
f 858 859 860
f 858 860 861
f 858 861 777
f 858 777 772
f 858 772 855
f 861 860 862
f 861 862 863
f 861 863 864
f 861 864 865
f 861 865 778
f 861 778 777
f 865 864 789
f 865 789 866
f 865 866 779
f 865 779 778
f 866 789 794
f 866 794 847
f 866 847 846
f 866 846 779
f 864 863 867
f 864 867 799
f 864 799 790
f 864 790 789
f 867 868 869
f 867 869 870
f 867 870 796
f 867 796 799
f 867 863 862
f 867 862 868
f 870 869 871
f 870 871 811
f 870 811 800
f 870 800 796
f 871 821 820
f 871 820 808
f 871 808 807
f 871 807 811
f 871 869 872
f 871 872 821
f 872 829 822
f 872 822 821
f 872 869 868
f 872 868 873
f 872 873 830
f 872 830 829
f 873 868 862
f 873 862 874
f 873 874 832
f 873 832 830
f 874 862 860
f 874 860 859
f 874 859 834
f 874 834 832
f 859 857 856
f 859 856 834
f 856 838 835
f 856 835 834
f 856 853 875
f 856 875 838
f 847 794 842
f 847 842 841
f 846 780 773
f 846 773 779
f 844 843 787
f 844 787 788
f 843 839 838
f 843 838 875
f 843 875 786
f 843 786 787
f 842 794 793
f 842 793 802
f 842 802 804
f 842 804 837
f 827 812 876
f 827 876 877
f 827 877 825
f 827 825 824
f 877 876 818
f 877 818 817
f 877 817 809
f 877 809 825
f 876 812 803
f 876 803 806
f 876 806 805
f 876 805 818
f 825 809 808
f 825 808 820
f 818 805 797
f 818 797 801
f 852 771 768
f 852 768 776
f 771 852 855
f 771 855 772
f 771 772 770
f 771 770 769
f 875 853 783
f 875 783 782
f 786 875 782
f 786 782 781
f 791 790 795
f 791 795 798
f 797 805 791
f 797 791 798
f 878 879 880
f 878 880 881
f 878 882 883
f 878 883 879
f 884 885 886
f 884 886 887
f 884 887 888
f 884 888 889
f 890 880 891
f 890 891 892
f 890 893 881
f 890 881 880
f 893 890 892
f 893 892 894
f 895 896 897
f 895 897 898
f 895 887 886
f 895 886 896
f 895 898 888
f 895 888 887
f 894 897 896
f 894 896 899
f 894 899 881
f 894 881 893
f 894 900 901
f 894 901 897
f 894 892 902
f 894 902 900
f 903 904 905
f 903 905 906
f 903 906 907
f 903 907 908
f 903 908 909
f 903 909 904
f 910 911 912
f 910 912 913
f 910 914 915
f 910 915 916
f 910 916 917
f 910 917 911
f 914 910 918
f 914 918 919
f 920 921 922
f 920 922 923
f 920 923 924
f 920 924 925
f 926 921 927
f 926 927 928
f 926 928 917
f 926 917 929
f 926 929 922
f 926 922 921
f 930 907 906
f 930 906 931
f 932 933 934
f 932 934 935
f 932 915 936
f 932 936 933
f 932 935 916
f 932 916 915
f 936 915 914
f 936 914 919
f 936 919 908
f 936 908 907
f 936 907 930
f 936 930 933
f 935 929 917
f 935 917 916
f 935 934 922
f 935 922 929
f 934 933 930
f 934 930 931
f 934 931 923
f 934 923 922
f 931 906 924
f 931 924 923
f 928 927 937
f 928 937 938
f 928 938 911
f 928 911 917
f 938 937 939
f 938 939 940
f 938 940 912
f 938 912 911
f 940 939 941
f 940 941 942
f 940 942 943
f 940 943 912
f 943 942 944
f 943 944 945
f 943 945 946
f 943 946 947
f 943 947 913
f 943 913 912
f 947 946 948
f 947 948 949
f 947 949 950
f 947 950 913
f 950 949 951
f 950 951 952
f 950 952 909
f 950 909 918
f 950 918 910
f 950 910 913
f 952 951 953
f 952 953 954
f 952 954 904
f 952 904 909
f 954 953 955
f 954 955 956
f 954 956 905
f 954 905 904
f 956 955 957
f 956 957 958
f 956 958 959
f 956 959 905
f 959 958 960
f 959 960 961
f 959 961 925
f 959 925 924
f 959 924 906
f 959 906 905
f 961 960 939
f 961 939 937
f 961 937 927
f 961 927 925
f 960 958 957
f 960 957 962
f 960 962 941
f 960 941 939
f 962 957 963
f 962 963 964
f 962 964 965
f 962 965 941
f 965 964 966
f 965 966 967
f 965 967 968
f 965 968 944
f 965 944 942
f 965 942 941
f 968 967 969
f 968 969 889
f 968 889 888
f 968 888 970
f 968 970 945
f 968 945 944
f 970 888 898
f 970 898 971
f 970 971 946
f 970 946 945
f 971 898 897
f 971 897 901
f 971 901 948
f 971 948 946
f 969 972 883
f 969 883 885
f 969 885 884
f 969 884 889
f 969 967 966
f 969 966 972
f 972 973 879
f 972 879 883
f 972 966 974
f 972 974 973
f 974 975 891
f 974 891 973
f 974 966 964
f 974 964 963
f 974 963 976
f 974 976 975
f 976 977 902
f 976 902 975
f 976 963 957
f 976 957 955
f 976 955 953
f 976 953 977
f 977 978 900
f 977 900 902
f 977 953 951
f 977 951 978
f 978 948 901
f 978 901 900
f 978 951 949
f 978 949 948
f 975 902 892
f 975 892 891
f 973 891 880
f 973 880 879
f 927 921 920
f 927 920 925
f 919 918 909
f 919 909 908
f 899 896 886
f 899 886 882
f 899 882 878
f 899 878 881
f 886 885 883
f 886 883 882
f 979 980 981
f 979 981 982
f 979 982 983
f 979 983 984
f 979 984 985
f 979 985 980
f 986 987 988
f 986 988 989
f 986 990 981
f 986 981 987
f 986 989 991
f 986 991 990
f 992 993 994
f 992 994 995
f 992 995 996
f 992 996 988
f 992 988 987
f 992 987 993
f 997 998 999
f 997 999 1000
f 1001 1002 1003
f 1001 1003 1004
f 1001 1005 1006
f 1001 1006 1002
f 1001 1004 1007
f 1001 1007 1005
f 994 1008 1009
f 994 1009 1010
f 994 1010 1011
f 994 1011 995
f 1005 1008 1012
f 1005 1012 1006
f 1005 1007 1013
f 1005 1013 1014
f 1005 1014 1009
f 1005 1009 1008
f 1015 1004 1003
f 1015 1003 1016
f 1015 1016 1017
f 1015 1017 1018
f 1015 1018 1007
f 1015 1007 1004
f 1019 1020 1021
f 1019 1021 1022
f 1019 1023 1024
f 1019 1024 1020
f 1019 1022 1025
f 1019 1025 1023
f 1025 1026 1027
f 1025 1027 1023
f 1028 1029 1026
f 1028 1026 1025
f 1030 1031 1032
f 1030 1032 1033
f 1034 1035 1031
f 1034 1031 1030
f 1036 1037 1038
f 1036 1038 1039
f 1036 1039 1040
f 1036 1040 1041
f 1036 1041 1042
f 1036 1042 1037
f 1034 1030 1043
f 1034 1043 1044
f 1045 1046 1042
f 1045 1042 1047
f 1045 1047 1048
f 1045 1048 1049
f 1045 1049 1050
f 1045 1050 1046
f 1051 1052 1053
f 1051 1053 1054
f 1051 1054 1055
f 1051 1055 1056
f 1051 1056 1057
f 1051 1057 1052
f 1058 1059 1060
f 1058 1060 1061
f 1058 1062 1040
f 1058 1040 1059
f 1058 1061 1063
f 1058 1063 1062
f 1063 1064 1065
f 1063 1065 1062
f 1063 1061 1066
f 1063 1066 1067
f 1063 1067 1043
f 1063 1043 1064
f 1067 1066 1068
f 1067 1068 1069
f 1067 1069 1044
f 1067 1044 1043
f 1069 1068 1070
f 1069 1070 1071
f 1069 1071 1072
f 1069 1072 1044
f 1072 1035 1034
f 1072 1034 1044
f 1072 1071 1073
f 1072 1073 1074
f 1072 1074 1075
f 1072 1075 1035
f 1075 1076 1031
f 1075 1031 1035
f 1075 1074 1028
f 1075 1028 1077
f 1075 1077 1078
f 1075 1078 1076
f 1078 1079 1080
f 1078 1080 1076
f 1078 1077 1081
f 1078 1081 1082
f 1078 1082 1083
f 1078 1083 1079
f 1083 1011 1084
f 1083 1084 1079
f 1083 1082 1085
f 1083 1085 996
f 1083 996 995
f 1083 995 1011
f 1085 1082 1081
f 1085 1081 1086
f 1085 1086 991
f 1085 991 989
f 1085 989 988
f 1085 988 996
f 1086 1081 1025
f 1086 1025 1022
f 1086 1022 1021
f 1086 1021 991
f 1084 1087 1088
f 1084 1088 1089
f 1084 1089 1080
f 1084 1080 1079
f 1084 1011 1010
f 1084 1010 1087
f 1089 1088 1090
f 1089 1090 1091
f 1089 1091 1032
f 1089 1032 1080
f 1091 1090 1092
f 1091 1092 1093
f 1091 1093 1033
f 1091 1033 1032
f 1093 1092 1094
f 1093 1094 1050
f 1093 1050 1049
f 1093 1049 1033
f 1094 1095 1096
f 1094 1096 1097
f 1094 1097 1046
f 1094 1046 1050
f 1094 1092 1098
f 1094 1098 1095
f 1098 1099 1100
f 1098 1100 1095
f 1098 1092 1090
f 1098 1090 1101
f 1098 1101 1102
f 1098 1102 1099
f 1102 1103 1104
f 1102 1104 1099
f 1102 1101 1105
f 1102 1105 1106
f 1102 1106 1107
f 1102 1107 1103
f 1107 1108 1109
f 1107 1109 1103
f 1107 1106 1110
f 1107 1110 1111
f 1107 1111 1112
f 1107 1112 1108
f 1112 1113 1114
f 1112 1114 1108
f 1112 1111 1013
f 1112 1013 1115
f 1112 1115 1116
f 1112 1116 1113
f 1116 1117 1118
f 1116 1118 1113
f 1116 1115 1018
f 1116 1018 1017
f 1116 1017 1119
f 1116 1119 1117
f 1119 1120 1027
f 1119 1027 1117
f 1119 1017 1016
f 1119 1016 1121
f 1119 1121 1122
f 1119 1122 1120
f 1122 1123 1024
f 1122 1024 1120
f 1122 1121 1000
f 1122 1000 999
f 1122 999 1124
f 1122 1124 1123
f 1124 983 1125
f 1124 1125 1123
f 1124 999 998
f 1124 998 1126
f 1124 1126 984
f 1124 984 983
f 1126 998 1006
f 1126 1006 1012
f 1126 1012 985
f 1126 985 984
f 1125 1127 1021
f 1125 1021 1020
f 1125 1020 1024
f 1125 1024 1123
f 1125 983 982
f 1125 982 1127
f 1127 990 991
f 1127 991 1021
f 1127 982 981
f 1127 981 990
f 1121 1016 1003
f 1121 1003 1000
f 1120 1024 1023
f 1120 1023 1027
f 1118 1026 1029
f 1118 1029 1128
f 1118 1128 1114
f 1118 1114 1113
f 1118 1117 1027
f 1118 1027 1026
f 1128 1029 1073
f 1128 1073 1129
f 1128 1129 1130
f 1128 1130 1114
f 1130 1129 1070
f 1130 1070 1131
f 1130 1131 1132
f 1130 1132 1109
f 1130 1109 1108
f 1130 1108 1114
f 1132 1131 1133
f 1132 1133 1134
f 1132 1134 1135
f 1132 1135 1104
f 1132 1104 1103
f 1132 1103 1109
f 1135 1134 1055
f 1135 1055 1054
f 1135 1054 1053
f 1135 1053 1100
f 1135 1100 1099
f 1135 1099 1104
f 1134 1133 1136
f 1134 1136 1055
f 1136 1066 1061
f 1136 1061 1060
f 1136 1060 1056
f 1136 1056 1055
f 1136 1133 1068
f 1136 1068 1066
f 1133 1131 1070
f 1133 1070 1068
f 1129 1073 1071
f 1129 1071 1070
f 1115 1013 1007
f 1115 1007 1018
f 1111 1110 1014
f 1111 1014 1013
f 1110 1106 1105
f 1110 1105 1137
f 1110 1137 1009
f 1110 1009 1014
f 1137 1105 1088
f 1137 1088 1087
f 1137 1087 1010
f 1137 1010 1009
f 1105 1101 1090
f 1105 1090 1088
f 1100 1053 1096
f 1100 1096 1095
f 1097 1096 1038
f 1097 1038 1037
f 1097 1037 1042
f 1097 1042 1046
f 1096 1053 1052
f 1096 1052 1038
f 1081 1077 1028
f 1081 1028 1025
f 1080 1032 1031
f 1080 1031 1076
f 1074 1073 1029
f 1074 1029 1028
f 1065 1047 1042
f 1065 1042 1041
f 1065 1041 1040
f 1065 1040 1062
f 1065 1064 1048
f 1065 1048 1047
f 1064 1043 1030
f 1064 1030 1048
f 1060 1059 1057
f 1060 1057 1056
f 1059 1040 1039
f 1059 1039 1057
f 1057 1039 1038
f 1057 1038 1052
f 1049 1048 1030
f 1049 1030 1033
f 1012 1008 994
f 1012 994 985
f 1006 998 997
f 1006 997 1002
f 1003 1002 997
f 1003 997 1000
f 994 993 980
f 994 980 985
f 993 987 981
f 993 981 980
f 1138 1139 1140
f 1138 1140 1141
f 1142 1143 1144
f 1142 1144 1145
f 1142 1146 1147
f 1142 1147 1143
f 1142 1145 1148
f 1142 1148 1146
f 1149 1150 1151
f 1149 1151 1152
f 1149 1152 1153
f 1149 1153 1154
f 1146 1148 1155
f 1146 1155 1147
f 1147 1155 1156
f 1147 1156 1157
f 1148 1145 1158
f 1148 1158 1155
f 1159 1160 1161
f 1159 1161 1162
f 1159 1144 1140
f 1159 1140 1160
f 1159 1162 1163
f 1159 1163 1158
f 1159 1158 1145
f 1159 1145 1144
f 1164 1165 1166
f 1164 1166 1167
f 1164 1168 1169
f 1164 1169 1165
f 1164 1167 1170
f 1164 1170 1168
f 1171 1169 1168
f 1171 1168 1172
f 1171 1173 1174
f 1171 1174 1169
f 1171 1172 1175
f 1171 1175 1173
f 1176 1177 1178
f 1176 1178 1179
f 1176 1180 1181
f 1176 1181 1182
f 1176 1179 1183
f 1176 1183 1180
f 1178 1177 1170
f 1178 1170 1184
f 1178 1184 1183
f 1178 1183 1179
f 1185 1166 1186
f 1185 1186 1187
f 1185 1187 1188
f 1185 1188 1189
f 1185 1189 1167
f 1185 1167 1166
f 1189 1184 1170
f 1189 1170 1167
f 1189 1188 1183
f 1189 1183 1184
f 1188 1190 1180
f 1188 1180 1183
f 1188 1187 1191
f 1188 1191 1190
f 1191 1192 1193
f 1191 1193 1190
f 1191 1187 1186
f 1191 1186 1194
f 1191 1194 1195
f 1191 1195 1192
f 1195 1196 1197
f 1195 1197 1192
f 1195 1194 1198
f 1195 1198 1199
f 1195 1199 1200
f 1195 1200 1196
f 1200 1201 1202
f 1200 1202 1196
f 1200 1199 1203
f 1200 1203 1204
f 1200 1204 1205
f 1200 1205 1201
f 1205 1206 1207
f 1205 1207 1201
f 1205 1204 1208
f 1205 1208 1209
f 1205 1209 1210
f 1205 1210 1206
f 1210 1211 1212
f 1210 1212 1206
f 1210 1209 1213
f 1210 1213 1214
f 1210 1214 1215
f 1210 1215 1211
f 1215 1161 1216
f 1215 1216 1211
f 1215 1214 1217
f 1215 1217 1218
f 1215 1218 1162
f 1215 1162 1161
f 1218 1217 1219
f 1218 1219 1220
f 1218 1220 1163
f 1218 1163 1162
f 1220 1219 1221
f 1220 1221 1222
f 1220 1222 1156
f 1220 1156 1163
f 1222 1221 1223
f 1222 1223 1224
f 1222 1224 1157
f 1222 1157 1156
f 1224 1223 1225
f 1224 1225 1226
f 1224 1226 1151
f 1224 1151 1157
f 1226 1225 1227
f 1226 1227 1228
f 1226 1228 1152
f 1226 1152 1151
f 1228 1227 1212
f 1228 1212 1229
f 1228 1229 1153
f 1228 1153 1152
f 1229 1212 1211
f 1229 1211 1216
f 1229 1216 1230
f 1229 1230 1153
f 1230 1139 1154
f 1230 1154 1153
f 1230 1216 1161
f 1230 1161 1160
f 1230 1160 1140
f 1230 1140 1139
f 1227 1225 1231
f 1227 1231 1207
f 1227 1207 1206
f 1227 1206 1212
f 1231 1225 1223
f 1231 1223 1232
f 1231 1232 1233
f 1231 1233 1202
f 1231 1202 1201
f 1231 1201 1207
f 1233 1232 1234
f 1233 1234 1235
f 1233 1235 1236
f 1233 1236 1197
f 1233 1197 1196
f 1233 1196 1202
f 1236 1235 1237
f 1236 1237 1238
f 1236 1238 1181
f 1236 1181 1193
f 1236 1193 1192
f 1236 1192 1197
f 1238 1237 1239
f 1238 1239 1240
f 1238 1240 1182
f 1238 1182 1181
f 1240 1239 1241
f 1240 1241 1242
f 1240 1242 1243
f 1240 1243 1182
f 1243 1242 1244
f 1243 1244 1245
f 1243 1245 1173
f 1243 1173 1175
f 1243 1175 1176
f 1243 1176 1182
f 1245 1244 1203
f 1245 1203 1246
f 1245 1246 1174
f 1245 1174 1173
f 1246 1203 1199
f 1246 1199 1198
f 1246 1198 1247
f 1246 1247 1174
f 1247 1198 1194
f 1247 1194 1186
f 1247 1186 1166
f 1247 1166 1165
f 1247 1165 1169
f 1247 1169 1174
f 1244 1208 1204
f 1244 1204 1203
f 1244 1242 1241
f 1244 1241 1208
f 1241 1213 1209
f 1241 1209 1208
f 1241 1239 1248
f 1241 1248 1213
f 1248 1217 1214
f 1248 1214 1213
f 1248 1239 1237
f 1248 1237 1249
f 1248 1249 1219
f 1248 1219 1217
f 1249 1237 1235
f 1249 1235 1234
f 1249 1234 1221
f 1249 1221 1219
f 1234 1232 1223
f 1234 1223 1221
f 1193 1181 1180
f 1193 1180 1190
f 1177 1176 1175
f 1177 1175 1172
f 1177 1172 1168
f 1177 1168 1170
f 1163 1156 1155
f 1163 1155 1158
f 1157 1151 1150
f 1157 1150 1147
f 1147 1150 1141
f 1147 1141 1143
f 1144 1143 1141
f 1144 1141 1140
f 1150 1149 1138
f 1150 1138 1141
f 1149 1154 1139
f 1149 1139 1138
f 1250 1251 1252
f 1250 1252 1253
f 1250 1253 1254
f 1250 1254 1255
f 1252 1251 1256
f 1252 1256 1257
f 1252 1257 1258
f 1252 1258 1253
f 1259 1260 1261
f 1259 1261 1262
f 1261 1263 1264
f 1261 1264 1262
f 1261 1265 1266
f 1261 1266 1263
f 1265 1267 1268
f 1265 1268 1266
f 1269 1270 1271
f 1269 1271 1272
f 1269 1273 1274
f 1269 1274 1270
f 1275 1276 1277
f 1275 1277 1278
f 1275 1279 1280
f 1275 1280 1276
f 1281 1282 1283
f 1281 1283 1284
f 1285 1286 1282
f 1285 1282 1281
f 1281 1284 1287
f 1281 1287 1285
f 1288 1289 1290
f 1288 1290 1291
f 1288 1291 1292
f 1288 1292 1293
f 1288 1293 1294
f 1288 1294 1289
f 1295 1296 1297
f 1295 1297 1298
f 1295 1298 1299
f 1295 1299 1300
f 1295 1300 1301
f 1295 1301 1296
f 1302 1291 1290
f 1302 1290 1279
f 1278 1292 1291
f 1278 1291 1302
f 1302 1279 1275
f 1302 1275 1278
f 1301 1277 1303
f 1301 1303 1296
f 1304 1305 1306
f 1304 1306 1307
f 1304 1307 1308
f 1304 1308 1309
f 1304 1309 1310
f 1304 1310 1305
f 1293 1311 1312
f 1293 1312 1294
f 1293 1292 1299
f 1293 1299 1313
f 1293 1313 1314
f 1293 1314 1311
f 1315 1287 1312
f 1315 1312 1311
f 1315 1316 1285
f 1315 1285 1287
f 1315 1311 1314
f 1315 1314 1316
f 1308 1307 1285
f 1308 1285 1316
f 1308 1316 1314
f 1308 1314 1309
f 1314 1313 1310
f 1314 1310 1309
f 1313 1299 1298
f 1313 1298 1310
f 1312 1287 1284
f 1312 1284 1317
f 1312 1317 1318
f 1312 1318 1294
f 1318 1317 1319
f 1318 1319 1320
f 1318 1320 1321
f 1318 1321 1322
f 1318 1322 1289
f 1318 1289 1294
f 1322 1321 1323
f 1322 1323 1324
f 1322 1324 1290
f 1322 1290 1289
f 1324 1323 1325
f 1324 1325 1326
f 1324 1326 1279
f 1324 1279 1290
f 1326 1325 1327
f 1326 1327 1328
f 1326 1328 1280
f 1326 1280 1279
f 1328 1327 1329
f 1328 1329 1330
f 1328 1330 1331
f 1328 1331 1280
f 1331 1330 1332
f 1331 1332 1333
f 1331 1333 1334
f 1331 1334 1335
f 1331 1335 1276
f 1331 1276 1280
f 1335 1334 1336
f 1335 1336 1303
f 1335 1303 1277
f 1335 1277 1276
f 1336 1334 1286
f 1336 1286 1306
f 1336 1306 1305
f 1336 1305 1297
f 1336 1297 1296
f 1336 1296 1303
f 1334 1333 1282
f 1334 1282 1286
f 1333 1332 1283
f 1333 1283 1282
f 1332 1330 1329
f 1332 1329 1337
f 1332 1337 1338
f 1332 1338 1283
f 1338 1337 1339
f 1338 1339 1340
f 1338 1340 1341
f 1338 1341 1342
f 1338 1342 1284
f 1338 1284 1283
f 1342 1341 1343
f 1342 1343 1319
f 1342 1319 1317
f 1342 1317 1284
f 1343 1341 1344
f 1343 1344 1345
f 1343 1345 1346
f 1343 1346 1347
f 1343 1347 1320
f 1343 1320 1319
f 1347 1346 1348
f 1347 1348 1349
f 1347 1349 1321
f 1347 1321 1320
f 1349 1348 1350
f 1349 1350 1351
f 1349 1351 1323
f 1349 1323 1321
f 1351 1350 1352
f 1351 1352 1353
f 1351 1353 1325
f 1351 1325 1323
f 1353 1352 1354
f 1353 1354 1355
f 1353 1355 1327
f 1353 1327 1325
f 1355 1354 1356
f 1355 1356 1357
f 1355 1357 1329
f 1355 1329 1327
f 1357 1356 1358
f 1357 1358 1339
f 1357 1339 1337
f 1357 1337 1329
f 1358 1356 1359
f 1358 1359 1271
f 1358 1271 1270
f 1358 1270 1360
f 1358 1360 1340
f 1358 1340 1339
f 1360 1270 1274
f 1360 1274 1344
f 1360 1344 1341
f 1360 1341 1340
f 1359 1361 1362
f 1359 1362 1363
f 1359 1363 1272
f 1359 1272 1271
f 1359 1356 1354
f 1359 1354 1361
f 1363 1362 1257
f 1363 1257 1256
f 1363 1256 1364
f 1363 1364 1272
f 1362 1365 1258
f 1362 1258 1257
f 1362 1361 1366
f 1362 1366 1365
f 1366 1367 1368
f 1366 1368 1365
f 1366 1361 1354
f 1366 1354 1352
f 1366 1352 1350
f 1366 1350 1367
f 1368 1369 1268
f 1368 1268 1370
f 1368 1370 1258
f 1368 1258 1365
f 1368 1367 1371
f 1368 1371 1369
f 1371 1372 1373
f 1371 1373 1369
f 1371 1367 1350
f 1371 1350 1348
f 1371 1348 1346
f 1371 1346 1372
f 1373 1374 1263
f 1373 1263 1266
f 1373 1266 1268
f 1373 1268 1369
f 1373 1372 1375
f 1373 1375 1374
f 1375 1274 1273
f 1375 1273 1374
f 1375 1372 1346
f 1375 1346 1345
f 1375 1345 1344
f 1375 1344 1274
f 1374 1273 1264
f 1374 1264 1263
f 1370 1268 1267
f 1370 1267 1254
f 1370 1254 1253
f 1370 1253 1258
f 1310 1298 1297
f 1310 1297 1305
f 1307 1306 1286
f 1307 1286 1285
f 1301 1300 1278
f 1301 1278 1277
f 1300 1299 1292
f 1300 1292 1278
f 1267 1260 1255
f 1267 1255 1254
f 1376 1256 1251
f 1376 1251 1377
f 1272 1364 1378
f 1272 1378 1269
f 1376 1377 1259
f 1376 1259 1262
f 1261 1260 1267
f 1261 1267 1265
f 1273 1269 1378
f 1273 1378 1264
f 1250 1255 1377
f 1250 1377 1251
f 1260 1259 1377
f 1260 1377 1255
f 1364 1256 1376
f 1364 1376 1378
f 1262 1264 1378
f 1262 1378 1376
f 1379 1380 1381
f 1379 1381 1382
f 1379 1383 1384
f 1379 1384 1380
f 1379 1382 1385
f 1379 1385 1386
f 1379 1386 1387
f 1379 1387 1383
f 1385 1382 1388
f 1385 1388 1389
f 1385 1389 1390
f 1385 1390 1386
f 1391 1383 1387
f 1391 1387 1392
f 1391 1393 1384
f 1391 1384 1383
f 1391 1392 1394
f 1391 1394 1393
f 1388 1395 1396
f 1388 1396 1389
f 1388 1382 1381
f 1388 1381 1395
f 1396 1395 1397
f 1396 1397 1398
f 1396 1398 1390
f 1396 1390 1389
f 1399 1400 1394
f 1399 1394 1392
f 1400 1399 1401
f 1400 1401 1402
f 1400 1402 1403
f 1400 1403 1394
f 1402 1398 1404
f 1402 1404 1405
f 1402 1401 1390
f 1402 1390 1398
f 1402 1405 1406
f 1402 1406 1403
f 1407 1408 1409
f 1407 1409 1410
f 1411 1412 1408
f 1411 1408 1407
f 1409 1413 1414
f 1409 1414 1410
f 1409 1415 1416
f 1409 1416 1413
f 1417 1418 1419
f 1417 1419 1420
f 1417 1421 1422
f 1417 1422 1418
f 1417 1423 1424
f 1417 1424 1421
f 1417 1420 1425
f 1417 1425 1423
f 1426 1427 1428
f 1426 1428 1429
f 1426 1430 1431
f 1426 1431 1427
f 1426 1429 1432
f 1426 1432 1430
f 1433 1434 1427
f 1433 1427 1431
f 1433 1435 1436
f 1433 1436 1434
f 1433 1431 1415
f 1433 1415 1435
f 1437 1438 1439
f 1437 1439 1440
f 1437 1429 1428
f 1437 1428 1438
f 1437 1440 1432
f 1437 1432 1429
f 1441 1439 1438
f 1441 1438 1442
f 1442 1438 1428
f 1442 1428 1443
f 1442 1443 1444
f 1442 1444 1445
f 1442 1445 1424
f 1442 1424 1441
f 1445 1444 1411
f 1445 1411 1446
f 1445 1446 1421
f 1445 1421 1424
f 1446 1411 1407
f 1446 1407 1447
f 1446 1447 1422
f 1446 1422 1421
f 1447 1407 1448
f 1447 1448 1449
f 1447 1449 1450
f 1447 1450 1422
f 1450 1451 1418
f 1450 1418 1422
f 1450 1449 1452
f 1450 1452 1453
f 1450 1453 1454
f 1450 1454 1451
f 1454 1455 1456
f 1454 1456 1451
f 1454 1453 1457
f 1454 1457 1458
f 1454 1458 1459
f 1454 1459 1455
f 1459 1460 1461
f 1459 1461 1455
f 1459 1458 1462
f 1459 1462 1463
f 1459 1463 1464
f 1459 1464 1460
f 1464 1465 1466
f 1464 1466 1460
f 1464 1463 1405
f 1464 1405 1404
f 1464 1404 1467
f 1464 1467 1465
f 1467 1468 1469
f 1467 1469 1465
f 1467 1404 1398
f 1467 1398 1397
f 1467 1397 1470
f 1467 1470 1468
f 1470 1471 1472
f 1470 1472 1468
f 1470 1397 1395
f 1470 1395 1381
f 1470 1381 1380
f 1470 1380 1471
f 1472 1473 1474
f 1472 1474 1475
f 1472 1475 1469
f 1472 1469 1468
f 1472 1471 1476
f 1472 1476 1473
f 1476 1477 1478
f 1476 1478 1473
f 1476 1471 1380
f 1476 1380 1384
f 1476 1384 1393
f 1476 1393 1477
f 1478 1406 1462
f 1478 1462 1479
f 1478 1479 1474
f 1478 1474 1473
f 1478 1477 1403
f 1478 1403 1406
f 1479 1462 1458
f 1479 1458 1457
f 1479 1457 1480
f 1479 1480 1474
f 1480 1457 1453
f 1480 1453 1452
f 1480 1452 1481
f 1480 1481 1482
f 1480 1482 1475
f 1480 1475 1474
f 1482 1481 1483
f 1482 1483 1484
f 1482 1484 1469
f 1482 1469 1475
f 1484 1483 1485
f 1484 1485 1466
f 1484 1466 1465
f 1484 1465 1469
f 1485 1483 1486
f 1485 1486 1487
f 1485 1487 1488
f 1485 1488 1461
f 1485 1461 1460
f 1485 1460 1466
f 1488 1487 1414
f 1488 1414 1489
f 1488 1489 1419
f 1488 1419 1456
f 1488 1456 1455
f 1488 1455 1461
f 1489 1414 1413
f 1489 1413 1490
f 1489 1490 1420
f 1489 1420 1419
f 1490 1413 1416
f 1490 1416 1491
f 1490 1491 1425
f 1490 1425 1420
f 1491 1416 1430
f 1491 1430 1432
f 1491 1432 1440
f 1491 1440 1425
f 1487 1486 1410
f 1487 1410 1414
f 1486 1448 1407
f 1486 1407 1410
f 1486 1483 1481
f 1486 1481 1448
f 1481 1452 1449
f 1481 1449 1448
f 1477 1393 1394
f 1477 1394 1403
f 1463 1462 1406
f 1463 1406 1405
f 1456 1419 1418
f 1456 1418 1451
f 1444 1443 1434
f 1444 1434 1436
f 1444 1436 1412
f 1444 1412 1411
f 1443 1428 1427
f 1443 1427 1434
f 1441 1424 1423
f 1441 1423 1439
f 1440 1439 1423
f 1440 1423 1425
f 1436 1435 1492
f 1436 1492 1412
f 1431 1430 1416
f 1431 1416 1415
f 1492 1435 1415
f 1492 1415 1409
f 1492 1409 1408
f 1492 1408 1412
f 1401 1399 1392
f 1401 1392 1387
f 1401 1387 1386
f 1401 1386 1390
f 1493 1494 1495
f 1493 1495 1496
f 1497 1498 1494
f 1497 1494 1493
f 1499 1500 1496
f 1499 1496 1495
f 1499 1495 1501
f 1499 1501 1502
f 1499 1502 1503
f 1499 1503 1500
f 1494 1498 1501
f 1494 1501 1495
f 1493 1496 1504
f 1493 1504 1505
f 1497 1506 1507
f 1497 1507 1498
f 1503 1502 1508
f 1503 1508 1509
f 1503 1509 1510
f 1503 1510 1500
f 1506 1511 1512
f 1506 1512 1507
f 1513 1514 1515
f 1513 1515 1516
f 1513 1516 1517
f 1513 1517 1518
f 1513 1518 1519
f 1513 1519 1514
f 1520 1521 1522
f 1520 1522 1523
f 1520 1524 1525
f 1520 1525 1526
f 1520 1523 1527
f 1520 1527 1524
f 1528 1529 1530
f 1528 1530 1531
f 1528 1518 1517
f 1528 1517 1529
f 1528 1531 1519
f 1528 1519 1518
f 1532 1514 1519
f 1532 1519 1533
f 1532 1534 1515
f 1532 1515 1514
f 1523 1522 1535
f 1523 1535 1527
f 1536 1530 1524
f 1536 1524 1527
f 1536 1537 1531
f 1536 1531 1530
f 1536 1527 1535
f 1536 1535 1537
f 1537 1535 1538
f 1537 1538 1533
f 1537 1533 1519
f 1537 1519 1531
f 1538 1535 1522
f 1538 1522 1539
f 1538 1539 1540
f 1538 1540 1534
f 1538 1534 1532
f 1538 1532 1533
f 1540 1539 1541
f 1540 1541 1542
f 1540 1542 1543
f 1540 1543 1544
f 1540 1544 1515
f 1540 1515 1534
f 1544 1543 1545
f 1544 1545 1546
f 1544 1546 1516
f 1544 1516 1515
f 1546 1545 1547
f 1546 1547 1548
f 1546 1548 1517
f 1546 1517 1516
f 1548 1547 1526
f 1548 1526 1525
f 1548 1525 1529
f 1548 1529 1517
f 1547 1545 1549
f 1547 1549 1550
f 1547 1550 1551
f 1547 1551 1526
f 1551 1550 1552
f 1551 1552 1553
f 1551 1553 1554
f 1551 1554 1555
f 1551 1555 1520
f 1551 1520 1526
f 1555 1554 1556
f 1555 1556 1557
f 1555 1557 1521
f 1555 1521 1520
f 1557 1556 1558
f 1557 1558 1559
f 1557 1559 1541
f 1557 1541 1521
f 1559 1558 1560
f 1559 1560 1561
f 1559 1561 1542
f 1559 1542 1541
f 1561 1560 1562
f 1561 1562 1563
f 1561 1563 1543
f 1561 1543 1542
f 1563 1562 1564
f 1563 1564 1549
f 1563 1549 1545
f 1563 1545 1543
f 1564 1562 1565
f 1564 1565 1566
f 1564 1566 1567
f 1564 1567 1552
f 1564 1552 1550
f 1564 1550 1549
f 1567 1566 1568
f 1567 1568 1569
f 1567 1569 1570
f 1567 1570 1571
f 1567 1571 1553
f 1567 1553 1552
f 1571 1570 1572
f 1571 1572 1573
f 1571 1573 1554
f 1571 1554 1553
f 1573 1572 1574
f 1573 1574 1575
f 1573 1575 1556
f 1573 1556 1554
f 1575 1574 1576
f 1575 1576 1577
f 1575 1577 1558
f 1575 1558 1556
f 1577 1576 1578
f 1577 1578 1579
f 1577 1579 1560
f 1577 1560 1558
f 1579 1578 1580
f 1579 1580 1565
f 1579 1565 1562
f 1579 1562 1560
f 1580 1578 1581
f 1580 1581 1582
f 1580 1582 1583
f 1580 1583 1568
f 1580 1568 1566
f 1580 1566 1565
f 1583 1582 1511
f 1583 1511 1584
f 1583 1584 1585
f 1583 1585 1586
f 1583 1586 1569
f 1583 1569 1568
f 1586 1585 1587
f 1586 1587 1588
f 1586 1588 1570
f 1586 1570 1569
f 1588 1587 1589
f 1588 1589 1590
f 1588 1590 1572
f 1588 1572 1570
f 1590 1589 1591
f 1590 1591 1592
f 1590 1592 1574
f 1590 1574 1572
f 1592 1591 1593
f 1592 1593 1594
f 1592 1594 1576
f 1592 1576 1574
f 1594 1593 1512
f 1594 1512 1581
f 1594 1581 1578
f 1594 1578 1576
f 1593 1591 1508
f 1593 1508 1595
f 1593 1595 1507
f 1593 1507 1512
f 1595 1508 1502
f 1595 1502 1501
f 1595 1501 1498
f 1595 1498 1507
f 1591 1589 1509
f 1591 1509 1508
f 1589 1587 1510
f 1589 1510 1509
f 1587 1585 1504
f 1587 1504 1510
f 1585 1584 1505
f 1585 1505 1504
f 1582 1581 1512
f 1582 1512 1511
f 1541 1539 1522
f 1541 1522 1521
f 1530 1529 1525
f 1530 1525 1524
f 1510 1504 1496
f 1510 1496 1500
f 1505 1584 1511
f 1505 1511 1506
f 1505 1506 1497
f 1505 1497 1493
# Vertices: 1595, normals: 0, texture coordinates: 0, faces: 3134

